Date,Open,High,Low,Close,Volume
1734359400,6063.79,6065.33,6063.38,6063.38,0
1734359405,6064.17,6065.49,6063.81,6065.49,0
1734359410,6065.78,6067.17,6065.78,6067.17,0
1734359415,6066.98,6067.49,6066.98,6067.33,0
1734359420,6067.25,6067.56,6067.25,6067.56,0
1734359425,6067.9,6068.92,6067.9,6068.74,0
1734359430,6068.63,6069.51,6068.56,6069.51,0
1734359435,6069.74,6070.17,6069.6,6069.6,0
1734359440,6069.19,6069.56,6068.42,6068.42,0
1734359445,6068.34,6068.64,6068.03,6068.64,0
1734359450,6068.33,6068.33,6067.7,6067.7,0
1734359455,6067.57,6067.57,6066.69,6066.69,0
1734359460,6067.09,6067.89,6067.09,6067.1,0
1734359465,6067.47,6067.47,6067.05,6067.05,0
1734359470,6067.47,6069.04,6067.47,6069.04,0
1734359475,6068.98,6069.48,6068.37,6069.48,0
1734359480,6069.45,6070.15,6069.4,6070.07,0
1734359485,6070.26,6070.26,6069.32,6069.32,0
1734359490,6069.78,6069.78,6068.8,6068.87,0
1734359495,6068.78,6069.42,6067.58,6067.58,0
1734359500,6067.21,6067.51,6066.92,6067.34,0
1734359505,6067.57,6067.93,6067.43,6067.49,0
1734359510,6067.61,6068.2,6067.61,6067.64,0
1734359515,6067.52,6067.52,6066.15,6066.46,0
1734359520,6067.41,6067.77,6066.9,6066.9,0
1734359525,6067.0,6067.72,6066.39,6066.39,0
1734359530,6066.11,6066.11,6065.04,6065.44,0
1734359535,6065.49,6066.61,6065.49,6066.4,0
1734359540,6065.93,6066.15,6065.72,6065.8,0
1734359545,6065.92,6066.19,6065.43,6065.43,0
1734359550,6065.84,6065.96,6065.51,6065.8,0
1734359555,6065.07,6065.83,6065.07,6065.83,0
1734359560,6065.25,6065.63,6065.25,6065.63,0
1734359565,6065.71,6066.37,6065.71,6066.37,0
1734359570,6067.11,6068.4,6067.11,6067.95,0
1734359575,6067.45,6067.56,6066.87,6066.87,0
1734359580,6066.88,6067.18,6066.61,6066.61,0
1734359585,6066.48,6066.48,6065.94,6066.44,0
1734359590,6066.82,6067.69,6066.82,6067.69,0
1734359595,6067.35,6067.99,6067.35,6067.67,0
1734359600,6067.5,6067.69,6067.17,6067.69,0
1734359605,6067.5,6067.7,6067.38,6067.7,0
1734359610,6067.44,6067.44,6065.63,6066.01,0
1734359615,6065.53,6066.16,6065.51,6065.51,0
1734359620,6065.32,6066.44,6065.32,6066.44,0
1734359625,6066.31,6066.37,6065.64,6065.64,0
1734359630,6065.68,6066.14,6065.68,6065.91,0
1734359635,6065.72,6065.72,6065.01,6065.01,0
1734359640,6064.79,6065.15,6064.46,6064.7,0
1734359645,6064.82,6065.86,6064.61,6065.86,0
1734359650,6066.61,6066.64,6066.15,6066.37,0
1734359655,6066.14,6066.79,6065.69,6066.79,0
1734359660,6067.01,6067.26,6066.96,6067.26,0
1734359665,6067.18,6067.9,6067.18,6067.9,0
1734359670,6068.58,6068.58,6067.9,6068.3,0
1734359675,6067.86,6067.86,6066.84,6066.84,0
1734359680,6067.24,6067.61,6067.24,6067.61,0
1734359685,6068.09,6068.45,6068.09,6068.31,0
1734359690,6067.76,6067.76,6066.73,6066.73,0
1734359695,6066.82,6066.82,6065.76,6065.82,0
1734359700,6066.33,6066.89,6066.33,6066.71,0
1734359705,6066.22,6066.51,6065.54,6065.61,0
1734359710,6065.84,6065.86,6065.38,6065.38,0
1734359715,6065.34,6065.34,6064.68,6065.16,0
1734359720,6064.34,6064.68,6064.19,6064.27,0
1734359725,6063.58,6064.51,6063.58,6063.72,0
1734359730,6063.67,6064.62,6063.67,6064.18,0
1734359735,6064.56,6064.98,6064.53,6064.92,0
1734359740,6064.88,6065.17,6064.07,6064.68,0
1734359745,6064.92,6065.01,6064.42,6064.5,0
1734359750,6064.52,6065.19,6064.52,6064.96,0
1734359755,6064.88,6065.12,6064.52,6064.52,0
1734359760,6064.94,6065.89,6064.94,6065.89,0
1734359765,6065.61,6065.61,6064.86,6064.86,0
1734359770,6064.85,6065.3,6064.85,6065.17,0
1734359775,6065.2,6065.45,6065.05,6065.05,0
1734359780,6065.01,6065.59,6064.75,6065.59,0
1734359785,6065.95,6065.95,6065.47,6065.47,0
1734359790,6065.71,6065.71,6064.52,6064.52,0
1734359795,6064.94,6064.94,6064.49,6064.55,0
1734359800,6064.66,6065.05,6064.45,6065.03,0
1734359805,6064.83,6064.83,6064.05,6064.05,0
1734359810,6064.22,6064.57,6064.12,6064.12,0
1734359815,6064.23,6064.47,6063.96,6064.27,0
1734359820,6064.32,6065.05,6064.26,6064.48,0
1734359825,6064.78,6064.78,6064.22,6064.22,0
1734359830,6063.41,6064.15,6063.41,6064.15,0
1734359835,6063.97,6064.44,6063.92,6064.34,0
1734359840,6064.41,6064.41,6064.16,6064.16,0
1734359845,6064.06,6064.09,6063.53,6063.7,0
1734359850,6063.38,6065.08,6063.38,6064.88,0
1734359855,6064.38,6064.38,6063.87,6063.94,0
1734359860,6063.87,6064.47,6063.87,6064.47,0
1734359865,6064.63,6064.63,6063.86,6064.02,0
1734359870,6063.98,6064.36,6063.91,6064.07,0
1734359875,6063.58,6063.58,6063.38,6063.45,0
1734359880,6063.68,6063.68,6063.06,6063.49,0
1734359885,6063.62,6064.08,6063.62,6063.85,0
1734359890,6063.39,6064.05,6063.39,6063.67,0
1734359895,6063.14,6063.17,6062.81,6063.03,0
1734359900,6062.94,6062.94,6062.51,6062.9,0
1734359905,6062.86,6062.95,6062.4,6062.61,0
1734359910,6062.65,6063.41,6062.62,6063.41,0
1734359915,6063.17,6063.18,6063.05,6063.15,0
1734359920,6062.79,6063.07,6062.69,6063.07,0
1734359925,6063.1,6063.1,6062.9,6062.9,0
1734359930,6062.88,6063.02,6062.75,6063.02,0
1734359935,6063.3,6063.64,6063.09,6063.64,0
1734359940,6063.77,6064.31,6063.77,6064.31,0
1734359945,6063.71,6064.28,6063.71,6064.03,0
1734359950,6063.64,6063.64,6063.44,6063.52,0
1734359955,6063.57,6064.39,6063.57,6064.39,0
1734359960,6063.99,6064.55,6063.89,6064.44,0
1734359965,6064.22,6064.22,6063.83,6064.06,0
1734359970,6064.19,6064.62,6064.19,6064.53,0
1734359975,6064.6,6064.96,6064.6,6064.96,0
1734359980,6064.71,6065.41,6064.71,6065.41,0
1734359985,6065.76,6065.76,6065.48,6065.58,0
1734359990,6065.79,6066.11,6065.79,6066.11,0
1734359995,6066.21,6066.93,6066.21,6066.93,0
1734360000,6066.75,6066.96,6066.64,6066.78,0
1734360005,6066.63,6066.84,6066.62,6066.73,0
1734360010,6066.78,6067.04,6066.51,6066.81,0
1734360015,6066.83,6067.14,6066.66,6066.98,0
1734360020,6066.72,6067.07,6066.59,6067.07,0
1734360025,6067.02,6067.46,6067.02,6067.35,0
1734360030,6067.55,6067.87,6067.4,6067.87,0
1734360035,6067.92,6067.98,6067.86,6067.86,0
1734360040,6067.68,6067.75,6067.48,6067.75,0
1734360045,6067.99,6068.49,6067.99,6068.49,0
1734360050,6068.54,6069.19,6068.54,6069.14,0
1734360055,6068.93,6069.86,6068.93,6069.86,0
1734360060,6069.64,6069.73,6069.42,6069.42,0
1734360065,6069.0,6069.0,6068.43,6068.47,0
1734360070,6068.43,6068.43,6067.94,6068.09,0
1734360075,6067.83,6067.83,6066.85,6067.16,0
1734360080,6066.99,6067.42,6066.96,6066.96,0
1734360085,6066.7,6067.22,6066.7,6067.22,0
1734360090,6067.37,6067.37,6066.43,6066.43,0
1734360095,6066.46,6066.46,6066.15,6066.4,0
1734360100,6065.92,6066.02,6065.72,6065.93,0
1734360105,6066.03,6066.45,6066.03,6066.29,0
1734360110,6066.13,6066.42,6066.13,6066.42,0
1734360115,6066.72,6066.72,6066.45,6066.45,0
1734360120,6066.41,6066.62,6066.19,6066.62,0
1734360125,6066.06,6066.25,6065.87,6065.87,0
1734360130,6065.6,6065.6,6065.02,6065.02,0
1734360135,6065.19,6065.45,6065.16,6065.34,0
1734360140,6064.88,6065.33,6064.88,6065.21,0
1734360145,6065.03,6065.11,6064.89,6064.89,0
1734360150,6064.65,6064.87,6064.6,6064.66,0
1734360155,6064.64,6064.78,6064.09,6064.24,0
1734360160,6064.32,6064.49,6063.78,6063.78,0
1734360165,6063.58,6063.58,6063.14,6063.32,0
1734360170,6063.4,6063.66,6063.38,6063.66,0
1734360175,6063.88,6064.48,6063.88,6064.48,0
1734360180,6064.77,6064.77,6064.29,6064.61,0
1734360185,6064.73,6064.87,6064.72,6064.87,0
1734360190,6064.12,6064.12,6063.86,6063.91,0
1734360195,6064.26,6064.26,6063.77,6064.02,0
1734360200,6064.05,6064.05,6063.55,6063.55,0
1734360205,6063.66,6063.83,6063.38,6063.38,0
1734360210,6063.71,6063.71,6063.33,6063.33,0
1734360215,6063.36,6063.36,6063.02,6063.31,0
1734360220,6063.46,6064.15,6063.46,6064.15,0
1734360225,6064.77,6065.13,6064.47,6064.47,0
1734360230,6064.87,6065.75,6064.87,6065.64,0
1734360235,6065.39,6065.39,6064.93,6065.08,0
1734360240,6064.87,6064.87,6063.91,6063.91,0
1734360245,6064.15,6064.75,6064.15,6064.75,0
1734360250,6064.42,6064.42,6063.78,6063.88,0
1734360255,6064.11,6065.03,6064.11,6064.41,0
1734360260,6064.09,6064.09,6063.78,6063.91,0
1734360265,6064.11,6064.3,6063.7,6063.75,0
1734360270,6063.89,6063.89,6063.56,6063.63,0
1734360275,6063.44,6063.46,6062.92,6063.34,0
1734360280,6063.26,6063.26,6062.48,6062.48,0
1734360285,6062.69,6063.1,6062.6,6062.92,0
1734360290,6063.11,6063.62,6063.11,6063.62,0
1734360295,6063.83,6063.83,6063.22,6063.22,0
1734360300,6063.79,6065.76,6063.79,6065.18,0
1734360305,6064.48,6064.48,6063.97,6063.97,0
1734360310,6064.04,6064.04,6063.11,6063.11,0
1734360315,6063.79,6064.28,6063.51,6063.71,0
1734360320,6063.7,6065.9,6063.55,6065.7,0
1734360325,6065.12,6065.34,6065.12,6065.24,0
1734360330,6064.99,6065.61,6064.99,6065.06,0
1734360335,6065.77,6065.77,6065.04,6065.35,0
1734360340,6065.14,6065.32,6065.03,6065.03,0
1734360345,6064.37,6064.55,6064.09,6064.5,0
1734360350,6064.75,6064.75,6064.54,6064.57,0
1734360355,6064.48,6064.64,6064.26,6064.64,0
1734360360,6064.26,6064.63,6064.24,6064.53,0
1734360365,6064.78,6064.87,6064.61,6064.61,0
1734360370,6064.53,6064.81,6064.43,6064.52,0
1734360375,6064.66,6064.66,6063.98,6063.98,0
1734360380,6064.06,6064.39,6064.06,6064.3,0
1734360385,6064.01,6064.75,6064.01,6064.75,0
1734360390,6064.85,6064.91,6064.38,6064.52,0
1734360395,6064.59,6064.6,6064.14,6064.14,0
1734360400,6064.43,6064.45,6064.01,6064.31,0
1734360405,6063.78,6063.78,6063.56,6063.56,0
1734360410,6063.63,6063.75,6063.46,6063.46,0
1734360415,6063.54,6064.71,6063.54,6064.71,0
1734360420,6064.73,6064.77,6063.9,6063.9,0
1734360425,6064.18,6064.44,6064.15,6064.27,0
1734360430,6063.82,6063.89,6063.59,6063.89,0
1734360435,6064.07,6064.07,6063.7,6063.83,0
1734360440,6063.9,6064.22,6063.83,6063.83,0
1734360445,6064.06,6064.25,6063.99,6063.99,0
1734360450,6063.92,6065.07,6063.9,6065.07,0
1734360455,6064.74,6065.05,6064.74,6064.87,0
1734360460,6064.79,6064.8,6064.43,6064.43,0
1734360465,6064.74,6064.74,6064.5,6064.59,0
1734360470,6064.55,6064.55,6063.88,6063.97,0
1734360475,6063.88,6064.17,6063.86,6064.17,0
1734360480,6063.81,6064.33,6063.81,6064.33,0
1734360485,6063.79,6063.82,6063.34,6063.64,0
1734360490,6063.6,6063.6,6063.41,6063.52,0
1734360495,6063.2,6063.26,6062.23,6062.23,0
1734360500,6062.6,6063.16,6062.6,6063.16,0
1734360505,6063.25,6064.37,6063.25,6064.37,0
1734360510,6064.17,6064.48,6064.17,6064.38,0
1734360515,6064.35,6065.8,6064.35,6065.8,0
1734360520,6065.87,6065.87,6064.7,6064.7,0
1734360525,6064.62,6064.94,6064.12,6064.21,0
1734360530,6064.76,6064.76,6064.34,6064.37,0
1734360535,6064.4,6064.66,6064.38,6064.66,0
1734360540,6064.33,6064.33,6064.05,6064.25,0
1734360545,6064.55,6064.91,6064.55,6064.68,0
1734360550,6064.72,6065.18,6064.72,6065.01,0
1734360555,6065.06,6065.06,6064.45,6064.86,0
1734360560,6065.19,6065.5,6065.12,6065.5,0
1734360565,6065.71,6065.98,6065.71,6065.98,0
1734360570,6065.89,6066.44,6065.89,6066.09,0
1734360575,6066.06,6066.76,6066.06,6066.65,0
1734360580,6066.66,6067.18,6066.66,6067.18,0
1734360585,6066.94,6066.94,6066.43,6066.43,0
1734360590,6066.56,6066.84,6066.56,6066.84,0
1734360595,6066.68,6067.01,6066.68,6066.87,0
1734360600,6066.88,6066.88,6066.52,6066.85,0
1734360605,6066.99,6067.24,6066.88,6067.02,0
1734360610,6067.26,6067.26,6066.39,6066.72,0
1734360615,6066.9,6067.29,6066.9,6067.29,0
1734360620,6066.98,6067.13,6066.9,6066.9,0
1734360625,6067.16,6067.16,6066.84,6066.99,0
1734360630,6067.08,6067.08,6066.04,6066.04,0
1734360635,6065.75,6066.22,6065.75,6066.22,0
1734360640,6066.08,6066.67,6066.06,6066.67,0
1734360645,6066.72,6067.1,6066.65,6066.97,0
1734360650,6067.21,6067.21,6066.32,6066.74,0
1734360655,6066.84,6067.39,6066.84,6067.39,0
1734360660,6067.57,6068.15,6067.35,6068.15,0
1734360665,6068.03,6068.53,6068.03,6068.29,0
1734360670,6068.25,6068.25,6067.69,6067.69,0
1734360675,6066.96,6066.96,6065.89,6066.48,0
1734360680,6066.15,6066.15,6065.47,6065.76,0
1734360685,6065.74,6065.74,6065.43,6065.57,0
1734360690,6065.38,6066.14,6065.38,6066.14,0
1734360695,6066.38,6066.77,6066.38,6066.7,0
1734360700,6066.55,6066.7,6066.55,6066.68,0
1734360705,6066.81,6067.33,6066.81,6067.33,0
1734360710,6067.24,6067.55,6067.24,6067.44,0
1734360715,6067.61,6068.07,6067.58,6068.07,0
1734360720,6067.65,6068.03,6067.65,6067.71,0
1734360725,6067.83,6067.94,6067.5,6067.5,0
1734360730,6067.68,6067.68,6067.2,6067.2,0
1734360735,6067.14,6067.5,6067.14,6067.24,0
1734360740,6067.7,6067.87,6067.48,6067.51,0
1734360745,6067.36,6067.7,6067.36,6067.54,0
1734360750,6067.5,6067.74,6067.45,6067.52,0
1734360755,6067.37,6067.73,6067.37,6067.41,0
1734360760,6067.39,6067.58,6067.24,6067.58,0
1734360765,6067.55,6067.61,6067.33,6067.44,0
1734360770,6067.41,6067.79,6067.41,6067.5,0
1734360775,6067.36,6067.69,6067.31,6067.61,0
1734360780,6067.72,6067.75,6067.36,6067.42,0
1734360785,6066.53,6066.53,6066.4,6066.49,0
1734360790,6066.8,6067.12,6066.49,6066.93,0
1734360795,6066.96,6066.96,6066.3,6066.42,0
1734360800,6066.48,6066.62,6066.43,6066.62,0
1734360805,6066.84,6067.59,6066.84,6067.35,0
1734360810,6067.6,6067.85,6067.6,6067.68,0
1734360815,6067.33,6067.99,6067.33,6067.99,0
1734360820,6068.11,6068.71,6068.11,6068.71,0
1734360825,6068.62,6068.79,6068.5,6068.69,0
1734360830,6068.58,6068.58,6068.2,6068.2,0
1734360835,6068.39,6068.85,6068.39,6068.85,0
1734360840,6068.89,6069.42,6068.79,6069.18,0
1734360845,6069.51,6069.8,6069.22,6069.8,0
1734360850,6069.78,6069.78,6069.04,6069.3,0
1734360855,6069.53,6069.56,6069.35,6069.43,0
1734360860,6069.53,6070.24,6069.53,6070.24,0
1734360865,6070.28,6070.36,6069.98,6069.98,0
1734360870,6070.1,6070.34,6070.1,6070.23,0
1734360875,6070.12,6070.17,6070.0,6070.02,0
1734360880,6070.07,6070.57,6070.07,6070.57,0
1734360885,6070.47,6070.65,6070.33,6070.39,0
1734360890,6070.44,6070.99,6070.44,6070.99,0
1734360895,6071.11,6071.28,6071.11,6071.13,0
1734360900,6071.32,6071.32,6070.89,6071.19,0
1734360905,6071.13,6071.15,6071.05,6071.05,0
1734360910,6070.82,6070.82,6070.34,6070.34,0
1734360915,6070.02,6070.28,6069.42,6069.42,0
1734360920,6069.72,6069.93,6069.61,6069.93,0
1734360925,6070.1,6070.1,6069.52,6069.85,0
1734360930,6069.74,6069.81,6069.44,6069.44,0
1734360935,6069.09,6069.39,6069.07,6069.15,0
1734360940,6069.32,6069.74,6068.98,6068.98,0
1734360945,6068.87,6068.87,6068.1,6068.1,0
1734360950,6068.19,6068.47,6068.19,6068.37,0
1734360955,6068.42,6068.51,6068.39,6068.42,0
1734360960,6068.17,6068.73,6068.17,6068.73,0
1734360965,6068.66,6068.95,6068.36,6068.36,0
1734360970,6068.37,6068.69,6068.37,6068.6,0
1734360975,6068.65,6068.65,6067.74,6068.08,0
1734360980,6068.56,6068.65,6068.38,6068.38,0
1734360985,6068.66,6068.9,6068.66,6068.88,0
1734360990,6068.76,6068.76,6068.56,6068.59,0
1734360995,6068.77,6069.02,6068.77,6069.02,0
1734361000,6069.05,6069.18,6068.63,6069.18,0
1734361005,6069.06,6069.21,6069.06,6069.15,0
1734361010,6069.18,6069.18,6068.25,6068.25,0
1734361015,6068.16,6068.25,6067.97,6067.97,0
1734361020,6068.09,6068.16,6067.9,6068.16,0
1734361025,6068.31,6068.57,6068.22,6068.46,0
1734361030,6068.31,6068.62,6068.18,6068.22,0
1734361035,6067.81,6067.81,6067.08,6067.22,0
1734361040,6067.23,6067.39,6067.12,6067.18,0
1734361045,6067.16,6067.16,6066.89,6066.89,0
1734361050,6066.98,6066.99,6066.7,6066.82,0
1734361055,6066.93,6066.93,6066.78,6066.78,0
1734361060,6067.05,6067.36,6066.96,6066.96,0
1734361065,6067.06,6067.06,6066.52,6067.03,0
1734361070,6067.12,6067.51,6067.12,6067.37,0
1734361075,6067.58,6067.85,6067.58,6067.85,0
1734361080,6067.88,6068.07,6067.79,6067.91,0
1734361085,6068.02,6068.25,6067.93,6067.93,0
1734361090,6067.78,6067.96,6067.6,6067.84,0
1734361095,6068.24,6068.57,6068.24,6068.55,0
1734361100,6068.54,6068.71,6068.51,6068.51,0
1734361105,6068.47,6068.57,6068.1,6068.1,0
1734361110,6068.19,6068.55,6068.19,6068.39,0
1734361115,6068.78,6069.52,6068.78,6068.99,0
1734361120,6068.87,6069.04,6068.85,6069.01,0
1734361125,6068.94,6069.12,6068.86,6069.12,0
1734361130,6069.17,6069.18,6069.03,6069.18,0
1734361135,6069.06,6069.06,6068.56,6068.56,0
1734361140,6068.68,6068.86,6068.51,6068.73,0
1734361145,6068.76,6069.08,6068.76,6069.08,0
1734361150,6069.12,6069.49,6069.1,6069.46,0
1734361155,6069.67,6069.79,6069.66,6069.75,0
1734361160,6069.44,6069.58,6069.26,6069.43,0
1734361165,6069.25,6069.26,6068.98,6068.98,0
1734361170,6069.02,6069.55,6069.02,6069.5,0
1734361175,6069.42,6069.81,6069.42,6069.72,0
1734361180,6069.37,6069.72,6069.37,6069.43,0
1734361185,6069.27,6069.37,6069.27,6069.35,0
1734361190,6068.92,6069.25,6068.92,6069.25,0
1734361195,6069.06,6069.65,6069.06,6069.5,0
1734361200,6070.64,6071.94,6070.64,6071.33,0
1734361205,6071.18,6071.18,6070.67,6070.67,0
1734361210,6070.27,6070.45,6069.98,6069.98,0
1734361215,6070.13,6070.65,6070.13,6070.65,0
1734361220,6071.2,6071.8,6071.2,6071.69,0
1734361225,6071.98,6072.22,6071.91,6072.22,0
1734361230,6071.94,6072.6,6071.94,6072.23,0
1734361235,6072.06,6072.49,6072.06,6072.49,0
1734361240,6072.37,6072.56,6072.14,6072.56,0
1734361245,6072.78,6072.78,6072.32,6072.54,0
1734361250,6072.63,6072.81,6072.41,6072.57,0
1734361255,6072.53,6072.65,6072.4,6072.4,0
1734361260,6072.47,6072.72,6072.47,6072.68,0
1734361265,6072.61,6072.61,6072.33,6072.49,0
1734361270,6072.37,6072.37,6071.77,6071.77,0
1734361275,6071.82,6072.53,6071.82,6072.53,0
1734361280,6072.62,6072.99,6072.56,6072.99,0
1734361285,6073.15,6073.34,6073.15,6073.16,0
1734361290,6072.81,6073.03,6072.78,6072.94,0
1734361295,6072.91,6072.91,6072.69,6072.72,0
1734361300,6072.68,6072.82,6072.65,6072.65,0
1734361305,6072.78,6072.78,6072.27,6072.46,0
1734361310,6072.54,6073.02,6072.38,6073.02,0
1734361315,6073.09,6073.17,6072.81,6072.84,0
1734361320,6072.89,6073.29,6072.89,6073.29,0
1734361325,6073.33,6073.33,6072.58,6072.58,0
1734361330,6072.33,6073.01,6072.33,6072.78,0
1734361335,6073.08,6073.39,6072.93,6072.94,0
1734361340,6073.02,6073.54,6073.02,6073.33,0
1734361345,6073.13,6073.13,6072.78,6072.97,0
1734361350,6073.3,6073.3,6072.99,6073.08,0
1734361355,6073.26,6073.29,6073.13,6073.13,0
1734361360,6073.26,6073.48,6073.21,6073.43,0
1734361365,6073.65,6073.82,6073.65,6073.82,0
1734361370,6073.33,6073.64,6073.23,6073.23,0
1734361375,6073.63,6073.63,6073.53,6073.53,0
1734361380,6073.27,6073.49,6073.07,6073.07,0
1734361385,6073.56,6073.56,6072.96,6072.96,0
1734361390,6073.01,6073.18,6072.78,6073.18,0
1734361395,6073.29,6073.3,6073.04,6073.12,0
1734361400,6073.01,6073.08,6072.67,6073.08,0
1734361405,6073.18,6073.18,6072.78,6072.94,0
1734361410,6072.84,6073.43,6072.84,6073.19,0
1734361415,6073.09,6073.09,6072.64,6072.87,0
1734361420,6072.88,6073.11,6072.84,6072.84,0
1734361425,6072.64,6072.95,6072.64,6072.92,0
1734361430,6072.91,6073.24,6072.91,6073.24,0
1734361435,6073.13,6073.87,6073.13,6073.87,0
1734361440,6073.88,6073.88,6073.34,6073.53,0
1734361445,6073.3,6073.54,6073.22,6073.22,0
1734361450,6072.89,6072.89,6072.63,6072.63,0
1734361455,6072.81,6073.0,6072.65,6072.65,0
1734361460,6072.41,6072.93,6072.41,6072.76,0
1734361465,6073.07,6073.28,6072.73,6072.73,0
1734361470,6073.18,6073.24,6072.8,6072.8,0
1734361475,6072.69,6073.27,6072.69,6073.04,0
1734361480,6072.55,6072.83,6072.55,6072.83,0
1734361485,6072.76,6073.06,6072.76,6072.9,0
1734361490,6072.97,6073.12,6072.86,6072.98,0
1734361495,6073.07,6073.39,6072.97,6073.39,0
1734361500,6073.42,6073.6,6073.18,6073.18,0
1734361505,6073.26,6073.32,6073.07,6073.07,0
1734361510,6072.96,6073.17,6072.63,6072.63,0
1734361515,6072.65,6072.75,6071.76,6071.76,0
1734361520,6071.6,6071.6,6071.03,6071.03,0
1734361525,6071.2,6071.21,6071.07,6071.21,0
1734361530,6071.02,6071.52,6071.02,6071.52,0
1734361535,6071.38,6071.56,6071.34,6071.34,0
1734361540,6071.09,6071.62,6071.09,6071.53,0
1734361545,6071.16,6071.73,6071.16,6071.73,0
1734361550,6071.89,6072.0,6071.7,6071.89,0
1734361555,6071.88,6071.88,6071.5,6071.58,0
1734361560,6071.66,6071.73,6071.39,6071.39,0
1734361565,6071.45,6071.45,6070.76,6070.76,0
1734361570,6070.42,6070.58,6070.42,6070.58,0
1734361575,6070.48,6070.83,6070.37,6070.37,0
1734361580,6070.4,6070.82,6070.4,6070.82,0
1734361585,6070.7,6071.69,6070.7,6071.4,0
1734361590,6071.46,6071.62,6071.34,6071.34,0
1734361595,6071.28,6071.41,6071.19,6071.19,0
1734361600,6071.23,6071.23,6070.87,6070.87,0
1734361605,6070.6,6070.83,6070.41,6070.83,0
1734361610,6070.89,6070.92,6070.84,6070.88,0
1734361615,6070.77,6071.21,6070.77,6071.15,0
1734361620,6071.3,6072.28,6071.3,6072.28,0
1734361625,6072.17,6072.29,6072.1,6072.19,0
1734361630,6071.98,6072.17,6071.82,6071.82,0
1734361635,6071.75,6071.75,6070.8,6070.8,0
1734361640,6070.87,6070.9,6070.63,6070.63,0
1734361645,6070.76,6071.0,6070.76,6070.99,0
1734361650,6070.8,6071.27,6070.78,6071.27,0
1734361655,6071.54,6071.57,6071.17,6071.17,0
1734361660,6071.42,6071.81,6071.42,6071.81,0
1734361665,6071.37,6071.58,6071.29,6071.58,0
1734361670,6071.63,6071.7,6071.4,6071.4,0
1734361675,6071.33,6071.99,6071.33,6071.93,0
1734361680,6071.81,6072.38,6071.81,6072.38,0
1734361685,6072.49,6072.49,6071.99,6072.16,0
1734361690,6072.26,6072.56,6072.2,6072.33,0
1734361695,6072.28,6072.33,6072.24,6072.33,0
1734361700,6072.48,6073.07,6072.48,6072.95,0
1734361705,6073.07,6073.07,6072.53,6072.78,0
1734361710,6072.53,6072.53,6071.84,6071.84,0
1734361715,6071.8,6072.36,6071.8,6072.36,0
1734361720,6072.45,6072.45,6071.83,6071.83,0
1734361725,6071.68,6072.26,6071.58,6072.26,0
1734361730,6072.06,6072.34,6072.0,6072.17,0
1734361735,6071.92,6071.92,6071.42,6071.77,0
1734361740,6071.96,6071.99,6071.75,6071.99,0
1734361745,6071.87,6071.93,6071.54,6071.54,0
1734361750,6071.6,6071.6,6071.43,6071.49,0
1734361755,6071.58,6071.66,6071.27,6071.27,0
1734361760,6071.22,6071.49,6071.22,6071.27,0
1734361765,6070.97,6070.98,6070.68,6070.98,0
1734361770,6070.89,6071.43,6070.89,6071.43,0
1734361775,6071.28,6071.28,6070.53,6070.53,0
1734361780,6070.4,6070.89,6070.4,6070.75,0
1734361785,6070.81,6071.25,6070.81,6071.1,0
1734361790,6071.05,6071.2,6071.05,6071.2,0
1734361795,6071.17,6071.17,6070.59,6070.59,0
1734361800,6070.69,6070.92,6070.59,6070.59,0
1734361805,6070.87,6070.87,6070.64,6070.68,0
1734361810,6070.73,6071.28,6070.68,6071.28,0
1734361815,6071.32,6071.76,6071.23,6071.76,0
1734361820,6071.68,6072.24,6071.68,6072.06,0
1734361825,6071.91,6071.91,6071.6,6071.76,0
1734361830,6071.58,6071.58,6071.14,6071.25,0
1734361835,6071.31,6071.59,6071.31,6071.55,0
1734361840,6071.63,6071.63,6071.08,6071.24,0
1734361845,6071.34,6071.34,6070.99,6070.99,0
1734361850,6070.95,6071.22,6070.95,6070.95,0
1734361855,6070.9,6071.79,6070.9,6071.77,0
1734361860,6071.31,6071.31,6071.15,6071.18,0
1734361865,6071.09,6071.09,6069.79,6069.79,0
1734361870,6069.71,6070.12,6069.71,6070.12,0
1734361875,6070.17,6070.17,6069.67,6069.67,0
1734361880,6069.78,6070.09,6069.78,6069.79,0
1734361885,6069.63,6069.96,6069.59,6069.8,0
1734361890,6069.67,6069.67,6069.38,6069.62,0
1734361895,6069.68,6069.78,6069.55,6069.55,0
1734361900,6069.02,6069.08,6068.62,6068.62,0
1734361905,6068.78,6068.83,6068.69,6068.69,0
1734361910,6068.73,6068.73,6068.48,6068.48,0
1734361915,6068.62,6068.63,6068.04,6068.04,0
1734361920,6068.02,6068.47,6068.02,6068.47,0
1734361925,6068.91,6068.99,6068.8,6068.8,0
1734361930,6068.96,6069.05,6068.82,6069.05,0
1734361935,6069.1,6069.17,6069.07,6069.07,0
1734361940,6068.9,6069.03,6068.63,6068.63,0
1734361945,6068.77,6068.79,6068.54,6068.79,0
1734361950,6068.84,6069.24,6068.84,6069.1,0
1734361955,6068.94,6069.36,6068.92,6069.36,0
1734361960,6069.16,6069.23,6068.93,6068.97,0
1734361965,6068.75,6068.87,6068.75,6068.85,0
1734361970,6068.77,6068.77,6068.01,6068.01,0
1734361975,6067.62,6067.63,6067.54,6067.56,0
1734361980,6067.46,6067.46,6067.08,6067.08,0
1734361985,6067.11,6067.2,6067.11,6067.19,0
1734361990,6067.22,6067.22,6066.69,6066.91,0
1734361995,6066.93,6066.98,6066.75,6066.75,0
1734362000,6066.81,6067.25,6066.81,6067.25,0
1734362005,6067.52,6067.8,6067.52,6067.8,0
1734362010,6067.64,6068.35,6067.54,6068.35,0
1734362015,6068.64,6069.22,6068.64,6069.22,0
1734362020,6068.82,6069.16,6068.82,6069.14,0
1734362025,6069.02,6069.1,6069.01,6069.02,0
1734362030,6068.98,6069.19,6068.98,6069.02,0
1734362035,6069.01,6069.01,6068.82,6068.96,0
1734362040,6068.84,6069.0,6068.61,6068.61,0
1734362045,6068.59,6068.73,6068.59,6068.73,0
1734362050,6068.66,6068.66,6068.41,6068.58,0
1734362055,6068.59,6068.69,6068.32,6068.69,0
1734362060,6068.29,6068.29,6067.45,6067.68,0
1734362065,6067.79,6067.82,6067.54,6067.82,0
1734362070,6067.51,6067.68,6067.38,6067.6,0
1734362075,6067.44,6067.6,6067.34,6067.34,0
1734362080,6067.85,6068.07,6067.71,6067.71,0
1734362085,6067.88,6067.88,6067.6,6067.69,0
1734362090,6067.67,6067.82,6067.61,6067.82,0
1734362095,6068.03,6068.05,6067.65,6067.65,0
1734362100,6067.53,6067.83,6067.5,6067.77,0
1734362105,6067.82,6068.2,6067.82,6068.01,0
1734362110,6067.83,6068.07,6067.82,6067.82,0
1734362115,6067.76,6067.76,6067.41,6067.41,0
1734362120,6067.11,6067.46,6067.0,6067.46,0
1734362125,6067.36,6067.56,6067.36,6067.47,0
1734362130,6067.24,6067.67,6067.24,6067.51,0
1734362135,6067.55,6067.84,6067.55,6067.84,0
1734362140,6067.82,6067.84,6067.58,6067.58,0
1734362145,6067.37,6067.37,6066.92,6066.92,0
1734362150,6067.28,6067.39,6067.15,6067.15,0
1734362155,6067.04,6067.04,6066.69,6066.69,0
1734362160,6066.83,6066.83,6066.54,6066.81,0
1734362165,6066.96,6066.96,6066.5,6066.68,0
1734362170,6066.86,6067.12,6066.73,6066.73,0
1734362175,6066.62,6066.62,6066.31,6066.44,0
1734362180,6066.53,6066.54,6066.2,6066.54,0
1734362185,6066.62,6066.99,6066.62,6066.93,0
1734362190,6067.16,6067.16,6066.9,6066.9,0
1734362195,6066.92,6067.05,6066.81,6066.92,0
1734362200,6067.07,6067.07,6066.77,6066.82,0
1734362205,6066.85,6066.85,6066.42,6066.42,0
1734362210,6066.38,6066.38,6066.05,6066.05,0
1734362215,6065.93,6066.02,6065.93,6065.96,0
1734362220,6066.33,6066.89,6066.33,6066.78,0
1734362225,6066.95,6066.95,6066.54,6066.54,0
1734362230,6066.43,6066.63,6066.34,6066.54,0
1734362235,6066.36,6066.53,6066.32,6066.32,0
1734362240,6066.51,6066.51,6066.13,6066.13,0
1734362245,6066.04,6066.68,6066.04,6066.65,0
1734362250,6066.76,6067.21,6066.76,6067.21,0
1734362255,6067.2,6067.21,6066.9,6066.9,0
1734362260,6066.46,6066.47,6066.11,6066.11,0
1734362265,6066.26,6066.61,6066.26,6066.53,0
1734362270,6066.42,6066.42,6066.19,6066.26,0
1734362275,6067.43,6067.64,6067.27,6067.64,0
1734362280,6067.45,6067.45,6066.72,6066.72,0
1734362285,6066.56,6066.56,6066.43,6066.43,0
1734362290,6066.71,6066.76,6066.6,6066.6,0
1734362295,6066.42,6066.42,6065.9,6066.08,0
1734362300,6066.17,6066.3,6065.98,6066.3,0
1734362305,6066.23,6066.23,6066.08,6066.08,0
1734362310,6066.11,6066.12,6065.7,6065.7,0
1734362315,6065.82,6065.82,6065.61,6065.64,0
1734362320,6065.79,6065.87,6065.59,6065.59,0
1734362325,6065.8,6065.82,6065.56,6065.56,0
1734362330,6065.65,6065.7,6065.15,6065.15,0
1734362335,6065.1,6065.44,6065.1,6065.44,0
1734362340,6065.86,6066.49,6065.86,6065.91,0
1734362345,6066.07,6066.07,6065.95,6065.97,0
1734362350,6065.95,6065.95,6065.72,6065.85,0
1734362355,6065.83,6065.86,6065.52,6065.52,0
1734362360,6065.46,6065.46,6065.05,6065.18,0
1734362365,6065.16,6065.17,6064.92,6064.93,0
1734362370,6064.85,6064.85,6064.55,6064.55,0
1734362375,6064.48,6064.55,6064.28,6064.28,0
1734362380,6064.46,6064.59,6064.46,6064.5,0
1734362385,6064.32,6064.32,6063.88,6063.88,0
1734362390,6063.63,6063.63,6063.42,6063.42,0
1734362395,6063.6,6063.79,6063.53,6063.74,0
1734362400,6063.95,6064.51,6063.95,6064.35,0
1734362405,6064.45,6064.45,6064.09,6064.44,0
1734362410,6064.43,6064.43,6063.66,6063.66,0
1734362415,6063.84,6063.84,6063.34,6063.36,0
1734362420,6063.33,6063.88,6063.33,6063.88,0
1734362425,6063.64,6064.17,6063.64,6064.17,0
1734362430,6064.0,6064.09,6063.48,6063.48,0
1734362435,6063.65,6063.69,6063.56,6063.56,0
1734362440,6063.2,6063.6,6063.08,6063.53,0
1734362445,6063.73,6063.73,6063.33,6063.54,0
1734362450,6063.48,6063.65,6063.37,6063.65,0
1734362455,6063.49,6063.62,6063.49,6063.58,0
1734362460,6063.69,6063.72,6062.03,6062.03,0
1734362465,6061.86,6062.05,6061.84,6062.03,0
1734362470,6062.05,6062.05,6061.26,6061.26,0
1734362475,6061.27,6061.79,6061.04,6061.04,0
1734362480,6060.87,6061.5,6060.87,6061.5,0
1734362485,6061.53,6061.96,6061.45,6061.56,0
1734362490,6061.73,6061.73,6060.94,6060.94,0
1734362495,6060.81,6060.81,6060.09,6060.38,0
1734362500,6060.14,6060.14,6059.82,6059.86,0
1734362505,6059.92,6059.95,6059.51,6059.63,0
1734362510,6059.56,6059.83,6059.56,6059.69,0
1734362515,6059.62,6059.89,6059.62,6059.89,0
1734362520,6059.68,6059.97,6059.68,6059.91,0
1734362525,6059.71,6059.72,6059.43,6059.43,0
1734362530,6059.21,6059.8,6059.14,6059.8,0
1734362535,6059.92,6060.1,6059.77,6060.1,0
1734362540,6060.6,6060.86,6060.6,6060.86,0
1734362545,6060.75,6061.03,6060.75,6061.03,0
1734362550,6061.45,6062.6,6061.45,6062.3,0
1734362555,6062.37,6062.37,6062.16,6062.22,0
1734362560,6062.24,6062.52,6062.24,6062.41,0
1734362565,6062.31,6062.31,6062.22,6062.22,0
1734362570,6062.21,6062.62,6062.21,6062.34,0
1734362575,6062.29,6062.39,6062.2,6062.39,0
1734362580,6062.24,6062.44,6062.24,6062.3,0
1734362585,6062.21,6062.21,6061.91,6062.18,0
1734362590,6062.28,6062.41,6061.98,6061.98,0
1734362595,6061.95,6062.09,6061.95,6062.09,0
1734362600,6062.12,6062.12,6061.92,6062.06,0
1734362605,6062.59,6062.65,6062.34,6062.65,0
1734362610,6062.73,6062.78,6062.54,6062.76,0
1734362615,6062.64,6062.93,6062.64,6062.75,0
1734362620,6063.05,6063.93,6063.05,6063.91,0
1734362625,6063.81,6064.19,6063.78,6064.19,0
1734362630,6064.18,6064.38,6064.08,6064.38,0
1734362635,6064.2,6064.2,6063.87,6063.89,0
1734362640,6063.88,6063.88,6063.59,6063.74,0
1734362645,6063.81,6063.88,6063.71,6063.76,0
1734362650,6063.94,6064.07,6063.78,6063.84,0
1734362655,6063.85,6064.1,6063.85,6064.1,0
1734362660,6064.29,6064.43,6064.11,6064.11,0
1734362665,6064.08,6064.21,6063.96,6063.96,0
1734362670,6064.01,6064.31,6064.0,6064.31,0
1734362675,6064.5,6064.53,6064.11,6064.11,0
1734362680,6063.88,6065.88,6063.88,6065.88,0
1734362685,6065.81,6065.88,6065.2,6065.2,0
1734362690,6065.07,6065.36,6065.07,6065.36,0
1734362695,6065.43,6066.0,6065.43,6066.0,0
1734362700,6065.78,6065.89,6065.64,6065.64,0
1734362705,6065.91,6065.91,6065.52,6065.68,0
1734362710,6065.77,6065.82,6065.75,6065.75,0
1734362715,6065.8,6066.21,6065.73,6066.17,0
1734362720,6066.14,6067.17,6066.14,6067.17,0
1734362725,6066.93,6066.93,6066.53,6066.53,0
1734362730,6066.5,6066.59,6066.15,6066.15,0
1734362735,6066.2,6066.2,6066.06,6066.15,0
1734362740,6066.36,6066.63,6066.36,6066.61,0
1734362745,6066.7,6066.88,6066.7,6066.82,0
1734362750,6066.59,6066.59,6066.33,6066.46,0
1734362755,6066.47,6066.76,6066.46,6066.59,0
1734362760,6066.69,6066.7,6066.6,6066.7,0
1734362765,6066.52,6066.52,6066.37,6066.48,0
1734362770,6066.43,6067.24,6066.43,6067.24,0
1734362775,6067.1,6067.21,6067.02,6067.02,0
1734362780,6067.1,6067.16,6067.02,6067.16,0
1734362785,6067.08,6067.32,6067.07,6067.17,0
1734362790,6067.19,6067.39,6067.11,6067.13,0
1734362795,6067.17,6067.36,6067.17,6067.34,0
1734362800,6067.31,6067.95,6067.31,6067.95,0
1734362805,6068.08,6068.35,6068.05,6068.35,0
1734362810,6068.21,6068.28,6068.2,6068.2,0
1734362815,6068.23,6068.65,6068.23,6068.65,0
1734362820,6068.9,6069.03,6068.81,6068.84,0
1734362825,6068.7,6069.0,6068.7,6068.91,0
1734362830,6069.2,6069.25,6068.96,6069.25,0
1734362835,6069.33,6069.81,6069.33,6069.81,0
1734362840,6069.69,6069.85,6069.27,6069.27,0
1734362845,6069.01,6069.49,6069.01,6069.39,0
1734362850,6069.38,6069.38,6069.01,6069.01,0
1734362855,6069.11,6069.62,6069.11,6069.62,0
1734362860,6069.65,6069.97,6069.65,6069.82,0
1734362865,6069.93,6069.95,6069.84,6069.86,0
1734362870,6069.9,6070.15,6069.89,6070.15,0
1734362875,6070.16,6070.27,6070.16,6070.22,0
1734362880,6070.46,6070.61,6070.2,6070.2,0
1734362885,6070.11,6070.19,6069.93,6069.93,0
1734362890,6070.1,6070.22,6070.1,6070.15,0
1734362895,6070.11,6070.27,6070.11,6070.27,0
1734362900,6070.12,6070.28,6069.85,6070.28,0
1734362905,6070.17,6070.63,6070.17,6070.63,0
1734362910,6070.52,6070.52,6070.35,6070.47,0
1734362915,6070.54,6070.7,6070.54,6070.66,0
1734362920,6070.36,6070.36,6070.0,6070.0,0
1734362925,6069.96,6070.44,6069.96,6070.43,0
1734362930,6070.39,6070.62,6070.27,6070.27,0
1734362935,6070.35,6070.52,6070.23,6070.52,0
1734362940,6070.49,6070.69,6070.49,6070.69,0
1734362945,6070.82,6070.82,6070.4,6070.4,0
1734362950,6070.47,6070.7,6070.4,6070.7,0
1734362955,6070.99,6070.99,6070.84,6070.97,0
1734362960,6071.08,6071.39,6071.08,6071.1,0
1734362965,6071.14,6071.29,6071.14,6071.2,0
1734362970,6071.26,6071.36,6071.2,6071.2,0
1734362975,6071.08,6071.25,6071.08,6071.13,0
1734362980,6071.24,6071.59,6071.24,6071.4,0
1734362985,6071.39,6071.57,6071.35,6071.4,0
1734362990,6071.36,6072.19,6071.29,6072.19,0
1734362995,6072.23,6072.23,6071.9,6072.04,0
1734363000,6072.06,6072.06,6071.68,6071.77,0
1734363005,6071.92,6072.03,6071.86,6071.86,0
1734363010,6071.93,6072.06,6071.56,6071.56,0
1734363015,6071.59,6071.71,6071.54,6071.66,0
1734363020,6071.59,6071.78,6071.59,6071.74,0
1734363025,6071.67,6072.06,6071.67,6072.06,0
1734363030,6072.11,6072.21,6071.93,6072.21,0
1734363035,6072.12,6072.5,6072.12,6072.5,0
1734363040,6072.59,6072.76,6072.59,6072.7,0
1734363045,6072.83,6072.83,6072.48,6072.63,0
1734363050,6072.52,6072.52,6072.42,6072.51,0
1734363055,6072.66,6072.66,6072.4,6072.41,0
1734363060,6072.35,6072.37,6072.1,6072.1,0
1734363065,6071.93,6071.93,6071.27,6071.27,0
1734363070,6070.8,6071.08,6070.49,6071.08,0
1734363075,6071.22,6071.28,6071.14,6071.28,0
1734363080,6071.32,6071.39,6071.2,6071.39,0
1734363085,6071.84,6072.11,6071.84,6072.06,0
1734363090,6072.2,6072.78,6072.2,6072.69,0
1734363095,6072.35,6072.44,6072.12,6072.3,0
1734363100,6072.28,6072.32,6072.22,6072.32,0
1734363105,6072.5,6072.63,6072.32,6072.32,0
1734363110,6072.48,6072.52,6072.39,6072.43,0
1734363115,6072.26,6072.52,6072.26,6072.52,0
1734363120,6072.35,6072.71,6072.35,6072.65,0
1734363125,6072.74,6073.05,6072.7,6073.05,0
1734363130,6073.36,6073.41,6073.28,6073.41,0
1734363135,6073.48,6073.48,6073.37,6073.45,0
1734363140,6073.47,6074.17,6073.47,6074.17,0
1734363145,6074.27,6074.37,6074.13,6074.37,0
1734363150,6074.31,6074.46,6074.31,6074.46,0
1734363155,6074.49,6074.79,6074.49,6074.61,0
1734363160,6074.51,6074.64,6074.31,6074.31,0
1734363165,6074.41,6074.68,6074.41,6074.68,0
1734363170,6074.67,6074.67,6074.14,6074.14,0
1734363175,6074.12,6074.15,6074.04,6074.07,0
1734363180,6074.13,6074.13,6073.78,6074.05,0
1734363185,6073.95,6074.01,6073.82,6073.94,0
1734363190,6073.97,6073.98,6073.12,6073.22,0
1734363195,6073.43,6073.73,6073.43,6073.73,0
1734363200,6073.98,6074.03,6073.88,6073.96,0
1734363205,6073.86,6073.88,6073.64,6073.84,0
1734363210,6073.93,6074.14,6073.88,6074.13,0
1734363215,6074.14,6074.37,6074.14,6074.36,0
1734363220,6074.41,6074.76,6074.41,6074.76,0
1734363225,6074.86,6075.17,6074.86,6075.13,0
1734363230,6075.07,6075.58,6075.07,6075.58,0
1734363235,6075.65,6075.65,6075.46,6075.46,0
1734363240,6075.51,6075.51,6075.17,6075.24,0
1734363245,6075.03,6075.2,6074.95,6075.2,0
1734363250,6075.14,6075.54,6075.08,6075.54,0
1734363255,6075.74,6075.86,6075.62,6075.86,0
1734363260,6075.9,6075.93,6075.82,6075.93,0
1734363265,6075.95,6075.95,6075.8,6075.8,0
1734363270,6075.82,6075.83,6075.73,6075.83,0
1734363275,6075.93,6075.93,6075.79,6075.79,0
1734363280,6075.87,6076.04,6075.87,6075.97,0
1734363285,6076.02,6076.02,6075.59,6075.59,0
1734363290,6075.45,6076.06,6075.45,6075.94,0
1734363295,6076.05,6076.16,6075.88,6076.16,0
1734363300,6076.09,6076.58,6076.09,6076.58,0
1734363305,6076.61,6076.61,6076.3,6076.52,0
1734363310,6076.44,6076.46,6076.16,6076.46,0
1734363315,6076.44,6076.99,6076.44,6076.99,0
1734363320,6076.78,6076.86,6076.63,6076.86,0
1734363325,6076.77,6076.9,6076.73,6076.85,0
1734363330,6076.9,6077.0,6076.9,6076.99,0
1734363335,6077.04,6077.41,6077.04,6077.41,0
1734363340,6077.44,6077.44,6077.19,6077.29,0
1734363345,6077.02,6077.69,6077.02,6077.69,0
1734363350,6077.56,6077.69,6077.55,6077.65,0
1734363355,6077.49,6077.53,6077.38,6077.52,0
1734363360,6077.57,6077.95,6077.5,6077.76,0
1734363365,6077.82,6077.93,6077.71,6077.71,0
1734363370,6077.81,6077.81,6077.02,6077.02,0
1734363375,6076.96,6077.23,6076.96,6077.23,0
1734363380,6076.93,6076.93,6076.73,6076.91,0
1734363385,6077.03,6077.34,6077.03,6077.13,0
1734363390,6076.99,6077.02,6076.9,6076.99,0
1734363395,6076.94,6077.17,6076.94,6077.01,0
1734363400,6076.99,6076.99,6076.78,6076.9,0
1734363405,6076.93,6077.02,6076.83,6076.97,0
1734363410,6076.99,6077.1,6076.99,6077.08,0
1734363415,6077.15,6077.17,6076.64,6076.98,0
1734363420,6076.99,6077.27,6076.99,6077.27,0
1734363425,6077.18,6077.27,6077.05,6077.05,0
1734363430,6077.02,6077.09,6076.79,6076.79,0
1734363435,6076.83,6077.13,6076.7,6077.13,0
1734363440,6077.18,6077.58,6077.18,6077.58,0
1734363445,6077.59,6077.67,6077.44,6077.67,0
1734363450,6077.54,6077.54,6077.3,6077.3,0
1734363455,6077.33,6077.43,6077.04,6077.11,0
1734363460,6077.0,6077.07,6076.95,6077.05,0
1734363465,6076.98,6076.98,6076.5,6076.53,0
1734363470,6076.82,6076.82,6076.49,6076.66,0
1734363475,6076.63,6076.63,6076.55,6076.57,0
1734363480,6076.65,6076.69,6076.49,6076.69,0
1734363485,6076.51,6076.72,6076.51,6076.71,0
1734363490,6076.61,6076.73,6076.28,6076.33,0
1734363495,6076.5,6076.57,6076.35,6076.53,0
1734363500,6076.54,6076.54,6076.14,6076.14,0
1734363505,6076.2,6076.3,6076.0,6076.11,0
1734363510,6076.13,6076.18,6075.95,6076.14,0
1734363515,6076.23,6076.42,6075.86,6075.86,0
1734363520,6075.9,6075.9,6075.5,6075.52,0
1734363525,6075.48,6076.5,6075.48,6076.5,0
1734363530,6076.54,6076.72,6076.54,6076.72,0
1734363535,6076.95,6077.18,6076.95,6077.1,0
1734363540,6077.17,6077.17,6076.93,6077.06,0
1734363545,6077.05,6077.15,6077.0,6077.05,0
1734363550,6077.1,6077.74,6077.1,6077.45,0
1734363555,6077.32,6077.7,6077.32,6077.7,0
1734363560,6077.63,6077.84,6077.63,6077.7,0
1734363565,6077.62,6077.72,6077.43,6077.72,0
1734363570,6077.7,6077.81,6077.69,6077.81,0
1734363575,6077.69,6077.7,6077.69,6077.69,0
1734363580,6077.57,6077.81,6077.57,6077.72,0
1734363585,6077.77,6077.8,6077.74,6077.8,0
1734363590,6077.86,6077.86,6077.5,6077.5,0
1734363595,6077.52,6077.66,6077.17,6077.17,0
1734363600,6077.24,6077.26,6076.68,6076.72,0
1734363605,6076.47,6076.72,6075.97,6076.07,0
1734363610,6076.12,6076.33,6075.98,6075.98,0
1734363615,6075.91,6076.19,6075.91,6076.07,0
1734363620,6076.03,6076.03,6075.64,6075.64,0
1734363625,6075.79,6076.31,6075.79,6076.31,0
1734363630,6076.28,6076.36,6076.11,6076.14,0
1734363635,6075.91,6075.91,6075.8,6075.87,0
1734363640,6076.02,6076.05,6075.88,6075.98,0
1734363645,6075.96,6076.16,6075.91,6076.11,0
1734363650,6075.99,6076.27,6075.77,6075.77,0
1734363655,6075.61,6075.61,6075.46,6075.57,0
1734363660,6075.52,6075.68,6075.42,6075.68,0
1734363665,6075.56,6075.81,6075.52,6075.65,0
1734363670,6075.57,6075.57,6074.96,6074.96,0
1734363675,6074.98,6075.29,6074.71,6075.29,0
1734363680,6075.14,6075.37,6075.08,6075.37,0
1734363685,6075.29,6075.64,6075.29,6075.43,0
1734363690,6075.33,6075.33,6074.82,6074.82,0
1734363695,6074.78,6075.03,6074.78,6075.03,0
1734363700,6075.0,6075.0,6074.81,6074.88,0
1734363705,6075.11,6075.11,6074.57,6074.81,0
1734363710,6074.86,6074.86,6074.6,6074.73,0
1734363715,6074.64,6074.64,6074.32,6074.32,0
1734363720,6074.48,6074.88,6074.48,6074.88,0
1734363725,6074.89,6075.25,6074.89,6075.25,0
1734363730,6075.21,6075.49,6075.21,6075.34,0
1734363735,6075.51,6075.51,6074.98,6074.98,0
1734363740,6075.06,6075.13,6075.02,6075.12,0
1734363745,6075.01,6075.01,6074.76,6074.85,0
1734363750,6074.96,6075.35,6074.96,6075.25,0
1734363755,6075.31,6075.31,6075.21,6075.26,0
1734363760,6075.25,6075.25,6074.76,6074.81,0
1734363765,6075.09,6075.17,6075.09,6075.12,0
1734363770,6075.04,6075.1,6074.99,6075.06,0
1734363775,6075.07,6075.75,6075.07,6075.75,0
1734363780,6075.65,6075.65,6075.27,6075.44,0
1734363785,6075.43,6075.43,6075.08,6075.15,0
1734363790,6075.16,6075.21,6075.11,6075.11,0
1734363795,6075.15,6075.29,6075.15,6075.29,0
1734363800,6075.24,6076.08,6075.24,6076.08,0
1734363805,6076.06,6076.13,6076.04,6076.04,0
1734363810,6076.14,6076.14,6075.8,6076.03,0
1734363815,6076.12,6076.12,6075.88,6075.88,0
1734363820,6075.67,6075.85,6075.63,6075.85,0
1734363825,6076.03,6076.03,6075.55,6075.64,0
1734363830,6075.66,6075.94,6075.66,6075.92,0
1734363835,6075.76,6075.76,6075.64,6075.72,0
1734363840,6075.66,6075.66,6075.47,6075.6,0
1734363845,6075.69,6075.86,6075.65,6075.65,0
1734363850,6075.78,6075.95,6075.72,6075.95,0
1734363855,6076.35,6076.35,6076.16,6076.28,0
1734363860,6076.36,6076.58,6076.35,6076.54,0
1734363865,6076.34,6076.53,6076.24,6076.34,0
1734363870,6076.32,6076.44,6076.08,6076.39,0
1734363875,6076.36,6076.37,6076.28,6076.28,0
1734363880,6076.16,6076.29,6075.95,6075.95,0
1734363885,6075.98,6075.98,6075.67,6075.67,0
1734363890,6075.74,6076.03,6075.74,6075.98,0
1734363895,6075.96,6075.96,6075.89,6075.92,0
1734363900,6075.69,6076.23,6075.69,6076.23,0
1734363905,6076.14,6076.14,6076.07,6076.09,0
1734363910,6075.98,6075.98,6075.82,6075.9,0
1734363915,6075.39,6075.67,6075.34,6075.67,0
1734363920,6075.87,6075.97,6075.74,6075.74,0
1734363925,6075.7,6075.7,6075.31,6075.31,0
1734363930,6075.39,6075.39,6075.16,6075.16,0
1734363935,6074.99,6075.4,6074.99,6075.4,0
1734363940,6075.35,6075.56,6075.35,6075.54,0
1734363945,6075.29,6075.65,6075.29,6075.65,0
1734363950,6075.64,6075.64,6075.24,6075.24,0
1734363955,6075.28,6075.56,6075.2,6075.2,0
1734363960,6075.27,6075.73,6075.27,6075.63,0
1734363965,6075.79,6075.79,6075.52,6075.61,0
1734363970,6075.53,6075.57,6075.28,6075.57,0
1734363975,6075.49,6076.0,6075.48,6075.78,0
1734363980,6075.84,6075.84,6075.64,6075.64,0
1734363985,6075.65,6075.93,6075.59,6075.69,0
1734363990,6075.65,6075.95,6075.65,6075.95,0
1734363995,6076.03,6076.04,6075.7,6075.74,0
1734364000,6075.62,6075.62,6075.33,6075.33,0
1734364005,6075.22,6075.52,6075.05,6075.05,0
1734364010,6074.62,6074.62,6074.21,6074.21,0
1734364015,6074.25,6074.46,6074.16,6074.31,0
1734364020,6074.39,6074.86,6074.39,6074.86,0
1734364025,6075.04,6075.38,6074.95,6075.38,0
1734364030,6075.3,6075.41,6075.25,6075.41,0
1734364035,6075.46,6075.57,6075.39,6075.42,0
1734364040,6075.57,6075.57,6075.2,6075.27,0
1734364045,6075.51,6075.54,6075.22,6075.43,0
1734364050,6075.58,6075.58,6075.35,6075.35,0
1734364055,6075.4,6075.83,6075.4,6075.64,0
1734364060,6075.56,6075.56,6075.5,6075.5,0
1734364065,6075.46,6075.56,6075.46,6075.56,0
1734364070,6075.34,6075.34,6075.15,6075.22,0
1734364075,6075.27,6075.64,6075.27,6075.3,0
1734364080,6075.12,6075.12,6074.22,6074.22,0
1734364085,6074.21,6074.29,6074.11,6074.29,0
1734364090,6074.28,6074.28,6074.14,6074.14,0
1734364095,6074.24,6074.49,6074.09,6074.49,0
1734364100,6074.52,6074.75,6074.48,6074.75,0
1734364105,6074.66,6075.02,6074.66,6074.79,0
1734364110,6074.71,6074.93,6074.45,6074.93,0
1734364115,6074.84,6074.84,6074.52,6074.52,0
1734364120,6075.03,6075.08,6074.83,6074.83,0
1734364125,6074.81,6074.97,6074.76,6074.97,0
1734364130,6074.94,6075.12,6074.82,6075.12,0
1734364135,6075.13,6075.33,6075.1,6075.33,0
1734364140,6075.28,6075.28,6074.46,6074.46,0
1734364145,6074.33,6074.41,6073.99,6073.99,0
1734364150,6073.84,6074.5,6073.83,6074.5,0
1734364155,6074.49,6074.52,6074.24,6074.41,0
1734364160,6074.21,6074.25,6074.03,6074.03,0
1734364165,6073.99,6074.17,6073.87,6074.17,0
1734364170,6074.08,6074.31,6073.82,6073.82,0
1734364175,6073.9,6074.02,6073.82,6073.85,0
1734364180,6073.86,6073.9,6073.71,6073.85,0
1734364185,6073.82,6073.9,6073.79,6073.79,0
1734364190,6073.8,6073.95,6073.49,6073.95,0
1734364195,6074.11,6074.22,6073.99,6074.13,0
1734364200,6074.19,6074.72,6074.19,6074.61,0
1734364205,6074.56,6074.56,6073.95,6073.95,0
1734364210,6074.13,6074.44,6074.13,6074.44,0
1734364215,6075.03,6075.03,6074.85,6074.87,0
1734364220,6075.01,6075.03,6074.61,6074.63,0
1734364225,6074.62,6074.62,6074.29,6074.58,0
1734364230,6074.65,6074.84,6074.65,6074.84,0
1734364235,6074.74,6074.92,6074.74,6074.92,0
1734364240,6074.67,6074.7,6074.57,6074.7,0
1734364245,6074.92,6075.11,6074.9,6075.11,0
1734364250,6075.02,6075.33,6075.02,6075.21,0
1734364255,6075.38,6075.52,6075.37,6075.37,0
1734364260,6075.16,6075.45,6075.16,6075.45,0
1734364265,6075.52,6075.61,6075.36,6075.47,0
1734364270,6075.56,6075.56,6075.07,6075.07,0
1734364275,6075.15,6075.15,6074.73,6075.0,0
1734364280,6075.06,6075.14,6074.93,6075.02,0
1734364285,6075.1,6075.22,6074.94,6074.94,0
1734364290,6074.77,6074.77,6074.55,6074.7,0
1734364295,6074.43,6074.43,6074.02,6074.02,0
1734364300,6074.17,6074.35,6073.98,6073.98,0
1734364305,6073.94,6074.17,6073.77,6073.77,0
1734364310,6073.83,6073.92,6073.72,6073.84,0
1734364315,6074.13,6074.54,6074.13,6074.42,0
1734364320,6074.49,6074.68,6074.26,6074.26,0
1734364325,6074.17,6074.17,6073.45,6073.45,0
1734364330,6073.34,6073.48,6073.09,6073.09,0
1734364335,6073.31,6073.93,6073.31,6073.92,0
1734364340,6073.78,6074.85,6073.78,6074.85,0
1734364345,6075.01,6075.1,6074.8,6074.9,0
1734364350,6074.94,6074.97,6074.77,6074.77,0
1734364355,6074.53,6074.72,6074.53,6074.56,0
1734364360,6074.43,6074.8,6074.4,6074.8,0
1734364365,6074.89,6074.89,6074.56,6074.56,0
1734364370,6074.36,6074.36,6073.72,6073.72,0
1734364375,6073.65,6073.65,6073.43,6073.5,0
1734364380,6073.65,6073.77,6073.65,6073.77,0
1734364385,6073.67,6073.67,6073.34,6073.34,0
1734364390,6073.35,6073.35,6073.19,6073.19,0
1734364395,6073.2,6073.51,6073.2,6073.51,0
1734364400,6073.71,6073.89,6073.31,6073.31,0
1734364405,6073.19,6073.34,6073.17,6073.32,0
1734364410,6073.16,6073.17,6072.66,6072.66,0
1734364415,6072.58,6072.83,6072.52,6072.78,0
1734364420,6072.85,6073.2,6072.85,6073.2,0
1734364425,6073.15,6073.15,6072.97,6072.97,0
1734364430,6073.02,6073.22,6072.81,6073.03,0
1734364435,6073.05,6073.18,6072.99,6073.02,0
1734364440,6073.12,6073.86,6072.94,6073.86,0
1734364445,6073.95,6074.34,6073.75,6074.34,0
1734364450,6074.13,6074.16,6074.12,6074.14,0
1734364455,6074.31,6074.56,6074.31,6074.42,0
1734364460,6074.48,6074.54,6074.14,6074.14,0
1734364465,6073.92,6073.95,6073.7,6073.7,0
1734364470,6073.64,6073.74,6073.59,6073.74,0
1734364475,6073.98,6073.98,6073.64,6073.64,0
1734364480,6073.53,6073.63,6073.53,6073.63,0
1734364485,6073.55,6074.01,6073.55,6074.01,0
1734364490,6074.08,6074.16,6074.02,6074.02,0
1734364495,6074.03,6074.19,6074.03,6074.19,0
1734364500,6074.17,6074.36,6074.13,6074.19,0
1734364505,6074.0,6074.0,6073.8,6073.8,0
1734364510,6073.74,6073.74,6073.17,6073.17,0
1734364515,6073.16,6073.65,6073.16,6073.6,0
1734364520,6073.63,6073.9,6073.45,6073.45,0
1734364525,6073.41,6073.56,6073.41,6073.5,0
1734364530,6073.64,6073.87,6073.64,6073.87,0
1734364535,6073.79,6074.0,6073.66,6073.92,0
1734364540,6073.95,6074.7,6073.95,6074.64,0
1734364545,6074.61,6074.61,6074.33,6074.36,0
1734364550,6074.67,6075.04,6074.57,6075.04,0
1734364555,6074.98,6074.98,6074.57,6074.71,0
1734364560,6074.77,6075.11,6074.77,6074.97,0
1734364565,6075.01,6075.18,6075.01,6075.14,0
1734364570,6074.97,6075.05,6074.95,6075.01,0
1734364575,6075.03,6075.16,6075.03,6075.16,0
1734364580,6075.14,6075.42,6075.13,6075.42,0
1734364585,6075.41,6076.3,6075.41,6076.29,0
1734364590,6076.33,6076.33,6075.88,6075.88,0
1734364595,6075.94,6075.96,6075.9,6075.96,0
1734364600,6076.09,6076.09,6075.71,6075.75,0
1734364605,6075.76,6075.85,6075.66,6075.82,0
1734364610,6075.86,6075.92,6075.63,6075.63,0
1734364615,6075.65,6075.72,6075.58,6075.58,0
1734364620,6075.54,6075.8,6075.54,6075.8,0
1734364625,6075.78,6075.8,6075.69,6075.79,0
1734364630,6075.84,6076.11,6075.83,6076.0,0
1734364635,6075.84,6076.34,6075.84,6076.28,0
1734364640,6076.43,6076.43,6075.99,6075.99,0
1734364645,6075.97,6076.07,6075.81,6076.07,0
1734364650,6076.01,6076.14,6076.01,6076.05,0
1734364655,6076.17,6076.24,6075.88,6075.88,0
1734364660,6075.99,6075.99,6075.83,6075.9,0
1734364665,6075.81,6075.81,6075.63,6075.63,0
1734364670,6075.46,6075.65,6075.32,6075.65,0
1734364675,6075.72,6075.72,6075.52,6075.62,0
1734364680,6075.72,6075.87,6075.72,6075.87,0
1734364685,6075.8,6075.99,6075.8,6075.89,0
1734364690,6075.87,6076.15,6075.68,6075.68,0
1734364695,6075.6,6075.63,6075.48,6075.57,0
1734364700,6075.56,6075.56,6075.15,6075.15,0
1734364705,6075.27,6075.37,6075.12,6075.12,0
1734364710,6075.03,6075.03,6074.93,6075.02,0
1734364715,6075.07,6075.07,6074.9,6074.99,0
1734364720,6074.78,6075.03,6074.78,6074.93,0
1734364725,6074.95,6075.01,6074.85,6074.85,0
1734364730,6074.84,6074.88,6074.74,6074.8,0
1734364735,6074.87,6074.89,6074.7,6074.7,0
1734364740,6074.71,6075.14,6074.71,6075.04,0
1734364745,6074.7,6074.7,6074.55,6074.55,0
1734364750,6074.42,6074.58,6074.34,6074.34,0
1734364755,6074.41,6074.47,6074.16,6074.16,0
1734364760,6074.21,6074.21,6073.99,6073.99,0
1734364765,6073.85,6074.02,6073.85,6073.88,0
1734364770,6073.71,6073.83,6073.6,6073.71,0
1734364775,6073.63,6073.98,6073.63,6073.96,0
1734364780,6074.0,6074.0,6073.56,6073.81,0
1734364785,6073.91,6074.14,6073.91,6074.13,0
1734364790,6074.21,6074.21,6073.84,6073.85,0
1734364795,6073.92,6073.94,6073.62,6073.62,0
1734364800,6073.61,6074.0,6073.61,6074.0,0
1734364805,6074.14,6074.76,6074.14,6074.76,0
1734364810,6074.68,6074.99,6074.68,6074.93,0
1734364815,6075.25,6075.37,6075.17,6075.17,0
1734364820,6075.52,6075.52,6075.25,6075.25,0
1734364825,6075.49,6075.71,6075.49,6075.54,0
1734364830,6075.6,6075.79,6075.37,6075.47,0
1734364835,6075.37,6075.83,6075.37,6075.76,0
1734364840,6075.7,6076.31,6075.7,6076.31,0
1734364845,6076.34,6076.54,6076.34,6076.54,0
1734364850,6076.41,6076.41,6076.06,6076.12,0
1734364855,6076.11,6076.18,6076.0,6076.0,0
1734364860,6076.05,6076.06,6075.43,6075.43,0
1734364865,6075.37,6075.65,6075.37,6075.61,0
1734364870,6075.68,6075.82,6075.67,6075.77,0
1734364875,6075.93,6075.96,6075.52,6075.52,0
1734364880,6075.46,6075.65,6075.46,6075.62,0
1734364885,6075.76,6075.76,6075.44,6075.5,0
1734364890,6075.41,6075.41,6075.32,6075.35,0
1734364895,6075.58,6075.71,6075.41,6075.42,0
1734364900,6075.2,6075.27,6075.2,6075.21,0
1734364905,6075.14,6075.14,6074.81,6074.81,0
1734364910,6074.63,6074.98,6074.63,6074.98,0
1734364915,6074.95,6075.07,6074.95,6075.04,0
1734364920,6074.97,6075.29,6074.97,6075.11,0
1734364925,6075.16,6075.53,6075.16,6075.53,0
1734364930,6075.7,6075.92,6075.7,6075.84,0
1734364935,6075.83,6075.89,6075.8,6075.84,0
1734364940,6075.91,6075.91,6075.78,6075.8,0
1734364945,6075.81,6076.03,6075.67,6076.0,0
1734364950,6075.67,6075.67,6075.14,6075.14,0
1734364955,6074.92,6074.92,6074.6,6074.6,0
1734364960,6073.99,6074.35,6073.99,6074.28,0
1734364965,6074.31,6074.41,6074.06,6074.06,0
1734364970,6073.89,6073.91,6073.84,6073.84,0
1734364975,6073.98,6074.05,6073.83,6073.92,0
1734364980,6073.8,6074.07,6073.8,6073.93,0
1734364985,6073.94,6073.94,6073.69,6073.69,0
1734364990,6073.6,6073.73,6073.57,6073.58,0
1734364995,6073.49,6073.99,6073.49,6073.97,0
1734365000,6073.87,6073.87,6073.68,6073.68,0
1734365005,6073.54,6073.68,6073.54,6073.68,0
1734365010,6073.58,6073.6,6073.04,6073.04,0
1734365015,6072.62,6072.67,6072.49,6072.58,0
1734365020,6072.69,6072.69,6072.46,6072.46,0
1734365025,6072.63,6073.17,6072.63,6073.17,0
1734365030,6073.06,6073.21,6072.81,6072.96,0
1734365035,6073.05,6073.45,6073.05,6073.4,0
1734365040,6073.55,6074.93,6073.55,6074.93,0
1734365045,6074.88,6074.88,6074.61,6074.61,0
1734365050,6074.66,6074.66,6074.51,6074.56,0
1734365055,6074.75,6074.82,6074.74,6074.78,0
1734365060,6074.87,6074.94,6074.71,6074.94,0
1734365065,6075.11,6075.11,6074.84,6074.84,0
1734365070,6075.03,6075.04,6074.78,6074.78,0
1734365075,6074.69,6074.81,6074.64,6074.66,0
1734365080,6074.71,6075.18,6074.71,6075.15,0
1734365085,6075.21,6075.21,6074.97,6075.05,0
1734365090,6075.03,6075.13,6074.96,6075.13,0
1734365095,6074.55,6074.58,6074.24,6074.24,0
1734365100,6074.34,6074.61,6074.34,6074.61,0
1734365105,6074.65,6074.86,6074.65,6074.86,0
1734365110,6074.68,6074.98,6074.54,6074.98,0
1734365115,6075.04,6075.35,6075.02,6075.35,0
1734365120,6075.29,6075.79,6075.24,6075.79,0
1734365125,6075.84,6075.84,6075.7,6075.7,0
1734365130,6075.76,6075.76,6075.56,6075.56,0
1734365135,6075.3,6075.3,6075.15,6075.29,0
1734365140,6075.25,6075.33,6075.17,6075.19,0
1734365145,6075.4,6075.69,6075.4,6075.69,0
1734365150,6075.54,6075.61,6075.53,6075.58,0
1734365155,6075.53,6075.58,6075.39,6075.52,0
1734365160,6075.67,6075.83,6075.67,6075.78,0
1734365165,6075.77,6075.77,6075.61,6075.63,0
1734365170,6075.5,6075.5,6075.27,6075.27,0
1734365175,6075.16,6075.23,6075.09,6075.09,0
1734365180,6075.18,6075.35,6075.13,6075.3,0
1734365185,6075.42,6075.42,6074.9,6074.9,0
1734365190,6074.86,6074.86,6074.67,6074.67,0
1734365195,6074.66,6074.95,6074.66,6074.95,0
1734365200,6074.97,6075.01,6074.84,6075.01,0
1734365205,6074.88,6074.88,6074.7,6074.7,0
1734365210,6074.71,6074.72,6074.64,6074.72,0
1734365215,6074.61,6074.8,6074.61,6074.7,0
1734365220,6074.97,6074.97,6074.77,6074.77,0
1734365225,6074.97,6075.16,6074.97,6075.16,0
1734365230,6075.12,6075.96,6075.12,6075.96,0
1734365235,6075.82,6075.84,6075.01,6075.01,0
1734365240,6075.16,6075.47,6075.16,6075.25,0
1734365245,6075.16,6075.25,6075.13,6075.25,0
1734365250,6075.28,6075.51,6075.28,6075.51,0
1734365255,6075.56,6075.9,6075.56,6075.9,0
1734365260,6075.85,6075.95,6075.82,6075.82,0
1734365265,6075.74,6075.75,6075.62,6075.65,0
1734365270,6075.77,6075.85,6075.68,6075.68,0
1734365275,6075.76,6075.85,6075.65,6075.85,0
1734365280,6075.81,6075.91,6075.48,6075.48,0
1734365285,6075.35,6075.56,6075.29,6075.56,0
1734365290,6075.53,6075.53,6075.37,6075.37,0
1734365295,6075.38,6075.58,6075.38,6075.58,0
1734365300,6075.55,6075.73,6075.54,6075.72,0
1734365305,6075.65,6075.9,6075.65,6075.73,0
1734365310,6075.71,6075.71,6075.61,6075.61,0
1734365315,6075.46,6075.86,6075.46,6075.86,0
1734365320,6075.75,6075.75,6075.66,6075.66,0
1734365325,6075.72,6075.82,6075.62,6075.68,0
1734365330,6075.55,6075.68,6075.55,6075.61,0
1734365335,6075.53,6075.88,6075.53,6075.88,0
1734365340,6075.93,6075.99,6075.79,6075.8,0
1734365345,6075.91,6075.91,6075.78,6075.78,0
1734365350,6075.66,6075.88,6075.49,6075.88,0
1734365355,6075.87,6076.02,6075.87,6076.02,0
1734365360,6075.94,6075.99,6075.74,6075.74,0
1734365365,6075.52,6075.58,6075.48,6075.49,0
1734365370,6075.51,6075.53,6075.46,6075.52,0
1734365375,6075.5,6075.5,6075.33,6075.33,0
1734365380,6075.3,6075.3,6074.86,6074.86,0
1734365385,6075.02,6075.09,6074.87,6075.09,0
1734365390,6074.94,6074.95,6074.8,6074.8,0
1734365395,6074.92,6075.05,6074.81,6075.05,0
1734365400,6074.94,6075.11,6074.94,6075.11,0
1734365405,6075.39,6075.42,6074.9,6074.9,0
1734365410,6074.89,6075.17,6074.66,6075.09,0
1734365415,6075.11,6075.39,6075.11,6075.21,0
1734365420,6075.26,6075.51,6075.22,6075.51,0
1734365425,6075.42,6075.49,6075.35,6075.35,0
1734365430,6075.24,6075.24,6075.0,6075.0,0
1734365435,6075.06,6075.06,6074.72,6074.72,0
1734365440,6074.61,6075.12,6074.61,6075.12,0
1734365445,6075.16,6075.62,6075.16,6075.54,0
1734365450,6075.46,6075.47,6075.16,6075.41,0
1734365455,6075.52,6075.86,6075.52,6075.86,0
1734365460,6075.99,6075.99,6075.91,6075.91,0
1734365465,6075.86,6075.92,6075.84,6075.92,0
1734365470,6075.94,6076.12,6075.94,6075.96,0
1734365475,6075.77,6076.22,6075.77,6076.22,0
1734365480,6076.14,6076.46,6076.14,6076.46,0
1734365485,6076.51,6076.53,6076.32,6076.32,0
1734365490,6076.33,6076.45,6076.21,6076.21,0
1734365495,6076.25,6076.25,6076.04,6076.04,0
1734365500,6075.9,6075.9,6075.34,6075.34,0
1734365505,6075.38,6075.5,6075.38,6075.5,0
1734365510,6075.51,6075.88,6075.51,6075.82,0
1734365515,6075.81,6076.11,6075.81,6075.82,0
1734365520,6075.74,6075.99,6075.36,6075.36,0
1734365525,6075.25,6075.25,6074.75,6074.75,0
1734365530,6074.86,6075.04,6074.77,6074.77,0
1734365535,6074.93,6074.93,6074.62,6074.83,0
1734365540,6075.18,6075.18,6074.78,6074.78,0
1734365545,6074.85,6075.04,6074.82,6074.82,0
1734365550,6074.83,6075.21,6074.83,6074.89,0
1734365555,6074.78,6074.83,6074.66,6074.66,0
1734365560,6074.42,6074.9,6074.42,6074.77,0
1734365565,6074.5,6074.5,6074.43,6074.47,0
1734365570,6074.51,6075.06,6074.51,6075.06,0
1734365575,6075.24,6075.41,6075.24,6075.37,0
1734365580,6075.21,6075.21,6075.06,6075.1,0
1734365585,6075.14,6075.62,6075.14,6075.5,0
1734365590,6075.39,6075.39,6075.31,6075.31,0
1734365595,6075.21,6075.21,6075.09,6075.1,0
1734365600,6075.18,6075.65,6075.18,6075.47,0
1734365605,6075.45,6075.59,6075.38,6075.59,0
1734365610,6075.6,6075.6,6075.24,6075.24,0
1734365615,6075.47,6075.89,6075.47,6075.89,0
1734365620,6075.97,6075.98,6075.87,6075.98,0
1734365625,6075.84,6075.84,6075.46,6075.65,0
1734365630,6075.63,6075.63,6075.36,6075.36,0
1734365635,6075.66,6076.01,6075.66,6076.01,0
1734365640,6075.94,6075.94,6075.44,6075.44,0
1734365645,6075.51,6075.66,6075.5,6075.53,0
1734365650,6075.48,6075.48,6075.39,6075.39,0
1734365655,6075.41,6075.9,6075.41,6075.59,0
1734365660,6075.71,6075.9,6075.71,6075.86,0
1734365665,6075.74,6075.74,6075.48,6075.48,0
1734365670,6075.41,6075.54,6075.41,6075.46,0
1734365675,6075.48,6075.56,6075.24,6075.56,0
1734365680,6075.43,6075.47,6075.27,6075.47,0
1734365685,6075.4,6075.4,6075.23,6075.23,0
1734365690,6075.06,6075.21,6075.05,6075.17,0
1734365695,6075.08,6075.22,6074.81,6074.81,0
1734365700,6074.99,6075.07,6074.88,6074.89,0
1734365705,6074.5,6074.61,6074.38,6074.38,0
1734365710,6074.28,6074.3,6074.13,6074.13,0
1734365715,6074.14,6074.14,6073.66,6073.66,0
1734365720,6073.78,6073.88,6073.72,6073.88,0
1734365725,6074.12,6074.53,6074.12,6074.53,0
1734365730,6074.51,6074.51,6074.24,6074.24,0
1734365735,6074.14,6074.36,6074.14,6074.36,0
1734365740,6074.26,6074.26,6073.82,6074.01,0
1734365745,6074.15,6074.67,6074.15,6074.67,0
1734365750,6074.77,6074.77,6074.41,6074.56,0
1734365755,6074.51,6074.75,6074.36,6074.72,0
1734365760,6074.76,6074.87,6074.59,6074.59,0
1734365765,6074.55,6074.55,6074.34,6074.34,0
1734365770,6074.3,6074.59,6074.25,6074.37,0
1734365775,6074.24,6074.24,6074.07,6074.14,0
1734365780,6074.21,6074.21,6073.73,6073.73,0
1734365785,6073.68,6073.68,6073.46,6073.6,0
1734365790,6073.52,6073.63,6073.42,6073.6,0
1734365795,6073.38,6073.48,6073.22,6073.4,0
1734365800,6073.22,6073.22,6072.63,6072.63,0
1734365805,6072.6,6072.68,6072.38,6072.68,0
1734365810,6072.66,6072.8,6072.66,6072.8,0
1734365815,6072.81,6073.14,6072.81,6073.14,0
1734365820,6073.17,6073.17,6072.94,6073.06,0
1734365825,6073.2,6073.25,6072.9,6072.9,0
1734365830,6073.16,6073.47,6073.01,6073.26,0
1734365835,6073.03,6073.39,6073.01,6073.39,0
1734365840,6073.56,6073.69,6073.56,6073.67,0
1734365845,6073.65,6073.88,6073.65,6073.78,0
1734365850,6073.7,6073.91,6073.7,6073.81,0
1734365855,6073.98,6074.02,6073.83,6074.02,0
1734365860,6073.94,6074.11,6073.94,6074.05,0
1734365865,6073.99,6074.05,6073.93,6074.05,0
1734365870,6074.04,6074.16,6074.04,6074.16,0
1734365875,6074.11,6074.23,6073.97,6074.1,0
1734365880,6073.89,6073.89,6073.62,6073.82,0
1734365885,6073.71,6073.71,6073.44,6073.46,0
1734365890,6073.64,6073.79,6073.62,6073.62,0
1734365895,6073.53,6073.79,6073.53,6073.75,0
1734365900,6073.66,6073.66,6073.33,6073.44,0
1734365905,6073.33,6073.33,6072.78,6072.85,0
1734365910,6072.76,6072.87,6072.67,6072.87,0
1734365915,6072.73,6072.73,6072.44,6072.5,0
1734365920,6072.56,6072.7,6072.55,6072.57,0
1734365925,6072.72,6073.12,6072.64,6073.12,0
1734365930,6073.17,6073.17,6072.97,6072.99,0
1734365935,6072.96,6072.96,6072.78,6072.92,0
1734365940,6072.95,6073.59,6072.95,6073.29,0
1734365945,6073.25,6073.4,6073.16,6073.4,0
1734365950,6073.46,6073.72,6073.46,6073.54,0
1734365955,6073.42,6074.08,6073.32,6074.08,0
1734365960,6074.18,6074.18,6074.03,6074.04,0
1734365965,6074.03,6074.18,6074.03,6074.04,0
1734365970,6073.94,6074.29,6073.93,6074.29,0
1734365975,6074.33,6074.64,6074.33,6074.64,0
1734365980,6074.82,6075.15,6074.79,6075.15,0
1734365985,6075.19,6075.21,6075.07,6075.21,0
1734365990,6075.53,6075.6,6075.4,6075.4,0
1734365995,6075.41,6075.51,6075.41,6075.5,0
1734366000,6075.42,6075.5,6075.36,6075.36,0
1734366005,6075.43,6075.43,6074.98,6075.03,0
1734366010,6075.07,6075.07,6074.86,6075.01,0
1734366015,6075.04,6075.14,6075.01,6075.14,0
1734366020,6075.03,6075.21,6075.03,6075.17,0
1734366025,6075.22,6075.8,6075.22,6075.8,0
1734366030,6075.76,6075.86,6075.76,6075.86,0
1734366035,6075.93,6076.0,6075.91,6076.0,0
1734366040,6075.86,6075.86,6075.42,6075.53,0
1734366045,6075.28,6075.56,6075.27,6075.54,0
1734366050,6075.52,6075.9,6075.52,6075.9,0
1734366055,6076.07,6076.09,6075.81,6075.82,0
1734366060,6075.77,6076.1,6075.77,6076.01,0
1734366065,6075.73,6076.14,6075.73,6076.06,0
1734366070,6076.22,6076.36,6076.09,6076.36,0
1734366075,6076.29,6076.56,6076.29,6076.56,0
1734366080,6076.55,6076.55,6076.41,6076.41,0
1734366085,6076.56,6076.58,6076.35,6076.37,0
1734366090,6076.44,6076.54,6076.33,6076.34,0
1734366095,6076.37,6076.37,6076.12,6076.12,0
1734366100,6076.27,6076.34,6076.03,6076.34,0
1734366105,6076.49,6076.59,6076.49,6076.53,0
1734366110,6076.59,6076.7,6076.57,6076.7,0
1734366115,6076.73,6076.78,6076.63,6076.76,0
1734366120,6076.72,6076.72,6076.1,6076.1,0
1734366125,6076.03,6076.28,6076.03,6076.28,0
1734366130,6076.25,6076.71,6076.25,6076.58,0
1734366135,6076.63,6076.78,6076.59,6076.77,0
1734366140,6076.84,6076.95,6076.25,6076.25,0
1734366145,6076.18,6076.18,6075.86,6075.97,0
1734366150,6075.96,6076.15,6075.8,6076.15,0
1734366155,6076.08,6076.08,6075.94,6075.94,0
1734366160,6075.87,6075.96,6075.78,6075.83,0
1734366165,6075.95,6075.95,6075.44,6075.56,0
1734366170,6075.15,6075.15,6074.93,6074.97,0
1734366175,6074.88,6074.97,6074.83,6074.83,0
1734366180,6074.82,6074.82,6074.68,6074.74,0
1734366185,6074.93,6075.18,6074.9,6075.01,0
1734366190,6074.66,6074.66,6074.49,6074.49,0
1734366195,6074.46,6074.59,6074.29,6074.52,0
1734366200,6074.47,6074.75,6074.46,6074.75,0
1734366205,6074.78,6074.86,6074.73,6074.75,0
1734366210,6074.86,6074.9,6074.69,6074.9,0
1734366215,6074.94,6075.03,6074.85,6074.85,0
1734366220,6074.79,6074.89,6074.79,6074.88,0
1734366225,6074.78,6074.78,6074.57,6074.66,0
1734366230,6074.64,6074.64,6074.45,6074.59,0
1734366235,6074.49,6074.49,6074.34,6074.39,0
1734366240,6074.44,6074.69,6074.44,6074.57,0
1734366245,6074.73,6074.99,6074.73,6074.99,0
1734366250,6075.04,6075.33,6075.02,6075.33,0
1734366255,6075.51,6076.34,6075.51,6076.34,0
1734366260,6076.19,6076.19,6075.83,6075.83,0
1734366265,6075.88,6075.93,6075.77,6075.93,0
1734366270,6075.78,6075.87,6075.78,6075.84,0
1734366275,6075.75,6075.75,6075.71,6075.72,0
1734366280,6075.78,6075.85,6075.73,6075.83,0
1734366285,6075.89,6076.43,6075.89,6076.24,0
1734366290,6076.27,6076.27,6076.12,6076.16,0
1734366295,6076.4,6076.4,6076.01,6076.17,0
1734366300,6076.19,6076.3,6076.16,6076.29,0
1734366305,6076.34,6076.76,6076.34,6076.76,0
1734366310,6076.86,6076.86,6076.68,6076.68,0
1734366315,6076.54,6076.67,6076.41,6076.62,0
1734366320,6076.59,6076.61,6076.31,6076.31,0
1734366325,6076.3,6076.36,6076.23,6076.36,0
1734366330,6076.28,6076.28,6075.89,6075.98,0
1734366335,6075.85,6075.91,6075.77,6075.88,0
1734366340,6075.96,6075.98,6075.88,6075.98,0
1734366345,6075.97,6076.01,6075.85,6075.85,0
1734366350,6075.93,6076.11,6075.83,6076.11,0
1734366355,6076.14,6076.22,6075.95,6076.22,0
1734366360,6076.23,6076.23,6076.05,6076.05,0
1734366365,6075.93,6075.93,6075.74,6075.86,0
1734366370,6075.76,6075.76,6075.26,6075.26,0
1734366375,6075.19,6075.27,6074.92,6074.92,0
1734366380,6074.9,6074.9,6074.65,6074.65,0
1734366385,6074.54,6074.7,6074.5,6074.56,0
1734366390,6074.6,6074.65,6074.54,6074.59,0
1734366395,6074.54,6074.77,6074.54,6074.67,0
1734366400,6074.66,6074.72,6074.36,6074.48,0
1734366405,6074.69,6074.73,6074.53,6074.53,0
1734366410,6074.75,6074.85,6074.68,6074.85,0
1734366415,6074.83,6075.0,6074.83,6074.93,0
1734366420,6075.25,6075.25,6075.05,6075.15,0
1734366425,6075.18,6075.39,6075.17,6075.39,0
1734366430,6075.48,6075.62,6075.4,6075.62,0
1734366435,6075.58,6075.75,6075.58,6075.75,0
1734366440,6075.81,6075.96,6075.77,6075.79,0
1734366445,6076.18,6076.34,6076.14,6076.26,0
1734366450,6076.31,6076.31,6075.9,6076.08,0
1734366455,6076.01,6076.01,6075.77,6075.77,0
1734366460,6075.69,6075.69,6075.51,6075.51,0
1734366465,6075.61,6075.78,6075.56,6075.78,0
1734366470,6075.82,6075.87,6075.55,6075.55,0
1734366475,6075.64,6075.93,6075.64,6075.84,0
1734366480,6075.6,6075.6,6074.85,6074.85,0
1734366485,6074.62,6075.04,6074.62,6075.04,0
1734366490,6075.01,6075.36,6075.01,6075.27,0
1734366495,6075.13,6075.21,6075.13,6075.16,0
1734366500,6075.23,6075.32,6075.23,6075.31,0
1734366505,6075.44,6075.44,6075.0,6075.0,0
1734366510,6074.66,6074.71,6074.66,6074.71,0
1734366515,6074.73,6074.75,6074.57,6074.58,0
1734366520,6074.65,6074.65,6074.58,6074.58,0
1734366525,6074.49,6074.49,6074.34,6074.47,0
1734366530,6074.43,6074.54,6074.29,6074.54,0
1734366535,6074.52,6074.59,6074.45,6074.58,0
1734366540,6074.57,6074.59,6074.42,6074.43,0
1734366545,6074.35,6074.39,6074.0,6074.04,0
1734366550,6074.06,6074.24,6073.98,6074.24,0
1734366555,6074.19,6074.32,6074.15,6074.16,0
1734366560,6074.06,6074.29,6074.06,6074.24,0
1734366565,6074.22,6074.22,6073.95,6073.95,0
1734366570,6073.94,6074.4,6073.94,6074.4,0
1734366575,6074.28,6074.35,6074.12,6074.12,0
1734366580,6074.25,6074.25,6073.99,6073.99,0
1734366585,6073.94,6073.94,6073.81,6073.84,0
1734366590,6073.86,6074.01,6073.79,6073.98,0
1734366595,6073.91,6073.98,6073.81,6073.98,0
1734366600,6074.0,6074.29,6074.0,6074.28,0
1734366605,6074.35,6074.49,6074.35,6074.49,0
1734366610,6074.37,6074.81,6074.37,6074.81,0
1734366615,6074.91,6074.91,6074.66,6074.66,0
1734366620,6074.61,6074.75,6074.55,6074.75,0
1734366625,6074.91,6075.02,6074.82,6074.87,0
1734366630,6074.77,6074.77,6074.42,6074.55,0
1734366635,6074.51,6074.74,6074.51,6074.52,0
1734366640,6074.43,6074.68,6074.39,6074.68,0
1734366645,6074.72,6074.72,6074.6,6074.72,0
1734366650,6074.71,6074.81,6074.66,6074.78,0
1734366655,6074.74,6074.94,6074.74,6074.86,0
1734366660,6074.9,6074.9,6074.71,6074.71,0
1734366665,6074.78,6074.84,6074.52,6074.52,0
1734366670,6074.59,6074.59,6074.43,6074.49,0
1734366675,6074.45,6074.48,6074.13,6074.13,0
1734366680,6073.99,6074.01,6073.76,6073.76,0
1734366685,6073.53,6073.68,6073.53,6073.54,0
1734366690,6073.4,6073.5,6072.95,6072.95,0
1734366695,6073.02,6073.02,6072.11,6072.12,0
1734366700,6071.96,6072.16,6071.96,6072.16,0
1734366705,6072.1,6072.2,6072.01,6072.01,0
1734366710,6072.03,6072.2,6072.01,6072.2,0
1734366715,6072.1,6072.17,6071.99,6072.17,0
1734366720,6072.28,6072.28,6072.21,6072.21,0
1734366725,6072.06,6072.25,6072.06,6072.24,0
1734366730,6072.28,6072.28,6071.59,6071.59,0
1734366735,6071.38,6071.81,6071.38,6071.73,0
1734366740,6071.74,6071.84,6071.65,6071.84,0
1734366745,6071.87,6071.87,6071.81,6071.81,0
1734366750,6071.82,6071.82,6071.42,6071.42,0
1734366755,6071.49,6071.67,6071.49,6071.67,0
1734366760,6071.79,6072.15,6071.79,6072.15,0
1734366765,6072.37,6072.37,6072.23,6072.29,0
1734366770,6072.26,6072.6,6072.26,6072.56,0
1734366775,6072.84,6073.1,6072.82,6073.01,0
1734366780,6073.05,6073.23,6072.97,6073.23,0
1734366785,6073.24,6073.33,6073.18,6073.18,0
1734366790,6073.26,6073.37,6073.16,6073.37,0
1734366795,6073.65,6073.65,6073.42,6073.53,0
1734366800,6073.58,6073.58,6073.39,6073.44,0
1734366805,6073.32,6073.32,6072.85,6072.99,0
1734366810,6072.97,6072.97,6072.8,6072.8,0
1734366815,6072.87,6072.88,6072.83,6072.88,0
1734366820,6073.05,6073.42,6073.05,6073.42,0
1734366825,6073.47,6073.47,6073.3,6073.33,0
1734366830,6073.3,6073.32,6073.3,6073.31,0
1734366835,6073.38,6073.46,6073.33,6073.46,0
1734366840,6073.43,6073.5,6073.21,6073.21,0
1734366845,6073.36,6073.55,6073.31,6073.43,0
1734366850,6073.4,6073.55,6073.34,6073.34,0
1734366855,6073.43,6073.43,6073.29,6073.38,0
1734366860,6073.42,6073.42,6073.19,6073.19,0
1734366865,6073.25,6073.25,6072.98,6072.98,0
1734366870,6073.16,6073.16,6072.9,6072.91,0
1734366875,6072.87,6072.88,6072.74,6072.84,0
1734366880,6072.75,6072.75,6072.45,6072.45,0
1734366885,6072.5,6072.56,6072.4,6072.56,0
1734366890,6072.27,6072.27,6072.05,6072.12,0
1734366895,6072.17,6072.41,6072.17,6072.41,0
1734366900,6072.18,6072.65,6072.18,6072.65,0
1734366905,6072.73,6072.73,6072.59,6072.67,0
1734366910,6072.69,6072.74,6072.5,6072.65,0
1734366915,6072.61,6072.74,6072.56,6072.66,0
1734366920,6072.61,6072.61,6072.21,6072.21,0
1734366925,6072.31,6072.55,6072.31,6072.51,0
1734366930,6071.39,6071.42,6071.31,6071.42,0
1734366935,6071.48,6071.48,6071.15,6071.22,0
1734366940,6071.34,6071.59,6071.34,6071.59,0
1734366945,6071.61,6071.63,6071.58,6071.63,0
1734366950,6071.83,6071.98,6071.83,6071.98,0
1734366955,6072.09,6072.14,6072.03,6072.11,0
1734366960,6072.14,6072.14,6071.82,6071.82,0
1734366965,6072.01,6072.2,6071.96,6072.2,0
1734366970,6072.33,6072.81,6072.33,6072.81,0
1734366975,6072.91,6072.91,6072.71,6072.83,0
1734366980,6072.97,6072.97,6072.78,6072.78,0
1734366985,6072.77,6072.78,6072.56,6072.56,0
1734366990,6072.49,6072.49,6072.25,6072.42,0
1734366995,6072.33,6072.33,6072.19,6072.23,0
1734367000,6072.45,6072.56,6072.39,6072.39,0
1734367005,6072.55,6072.6,6072.5,6072.5,0
1734367010,6072.51,6072.51,6072.23,6072.32,0
1734367015,6072.23,6072.23,6072.03,6072.05,0
1734367020,6072.06,6072.21,6072.06,6072.21,0
1734367025,6071.97,6071.97,6071.73,6071.87,0
1734367030,6071.8,6071.84,6071.73,6071.73,0
1734367035,6071.84,6072.14,6071.84,6072.01,0
1734367040,6072.08,6072.56,6072.05,6072.56,0
1734367045,6072.68,6072.75,6072.66,6072.7,0
1734367050,6072.8,6073.11,6072.8,6073.11,0
1734367055,6073.24,6073.52,6073.24,6073.5,0
1734367060,6073.45,6073.53,6073.39,6073.39,0
1734367065,6073.46,6073.56,6073.41,6073.41,0
1734367070,6073.35,6073.41,6073.04,6073.04,0
1734367075,6073.12,6073.12,6073.01,6073.04,0
1734367080,6072.99,6073.04,6072.71,6072.71,0
1734367085,6072.68,6072.77,6072.63,6072.73,0
1734367090,6072.72,6072.93,6072.69,6072.69,0
1734367095,6072.5,6072.5,6072.32,6072.47,0
1734367100,6072.38,6072.5,6072.32,6072.47,0
1734367105,6072.62,6072.96,6072.62,6072.91,0
1734367110,6072.89,6072.95,6072.89,6072.94,0
1734367115,6072.88,6073.1,6072.88,6073.06,0
1734367120,6073.12,6073.84,6073.12,6073.84,0
1734367125,6073.98,6074.05,6073.74,6074.05,0
1734367130,6074.08,6074.11,6074.0,6074.0,0
1734367135,6073.91,6073.91,6073.56,6073.76,0
1734367140,6073.93,6074.4,6073.93,6074.4,0
1734367145,6074.35,6074.35,6074.09,6074.09,0
1734367150,6073.87,6073.87,6073.72,6073.85,0
1734367155,6073.74,6074.0,6073.74,6073.77,0
1734367160,6073.68,6073.88,6073.68,6073.87,0
1734367165,6073.72,6073.88,6073.72,6073.76,0
1734367170,6073.8,6073.95,6073.72,6073.92,0
1734367175,6073.87,6073.89,6073.01,6073.01,0
1734367180,6072.95,6073.17,6072.87,6072.87,0
1734367185,6072.65,6072.69,6072.53,6072.53,0
1734367190,6072.76,6072.84,6072.73,6072.77,0
1734367195,6072.83,6072.95,6072.83,6072.95,0
1734367200,6072.96,6073.35,6072.96,6072.99,0
1734367205,6073.29,6073.61,6073.21,6073.61,0
1734367210,6073.5,6073.65,6073.36,6073.5,0
1734367215,6073.41,6073.62,6073.39,6073.62,0
1734367220,6073.51,6073.51,6073.29,6073.29,0
1734367225,6073.3,6073.3,6073.09,6073.09,0
1734367230,6073.05,6073.05,6072.33,6072.33,0
1734367235,6072.17,6072.17,6071.98,6072.09,0
1734367240,6072.1,6072.1,6071.98,6072.04,0
1734367245,6071.99,6072.12,6071.99,6072.08,0
1734367250,6072.01,6072.1,6071.94,6072.08,0
1734367255,6072.01,6072.13,6071.71,6072.13,0
1734367260,6072.16,6072.16,6071.78,6072.14,0
1734367265,6072.11,6072.11,6071.94,6071.99,0
1734367270,6072.22,6072.45,6072.2,6072.2,0
1734367275,6072.25,6072.81,6072.25,6072.81,0
1734367280,6072.91,6072.91,6072.71,6072.78,0
1734367285,6072.9,6072.9,6072.67,6072.77,0
1734367290,6072.75,6073.14,6072.75,6073.07,0
1734367295,6073.16,6073.16,6072.87,6073.06,0
1734367300,6073.08,6073.27,6073.08,6073.27,0
1734367305,6073.28,6073.28,6072.7,6072.76,0
1734367310,6072.9,6073.18,6072.9,6073.04,0
1734367315,6073.01,6073.09,6072.88,6072.88,0
1734367320,6072.98,6073.28,6072.98,6073.05,0
1734367325,6073.08,6073.09,6072.84,6073.09,0
1734367330,6073.12,6073.3,6073.12,6073.12,0
1734367335,6073.11,6073.11,6073.01,6073.1,0
1734367340,6073.04,6073.72,6073.04,6073.57,0
1734367345,6073.56,6073.64,6073.5,6073.64,0
1734367350,6073.58,6073.59,6073.43,6073.5,0
1734367355,6073.46,6073.58,6073.43,6073.56,0
1734367360,6073.48,6073.94,6073.48,6073.94,0
1734367365,6073.95,6073.95,6073.48,6073.7,0
1734367370,6073.72,6073.72,6073.42,6073.51,0
1734367375,6073.56,6073.67,6073.21,6073.21,0
1734367380,6073.14,6073.74,6073.14,6073.69,0
1734367385,6073.4,6073.63,6073.39,6073.39,0
1734367390,6073.13,6073.18,6073.06,6073.07,0
1734367395,6072.88,6072.88,6072.4,6072.4,0
1734367400,6072.43,6072.43,6072.26,6072.26,0
1734367405,6072.2,6072.55,6072.2,6072.55,0
1734367410,6072.46,6072.48,6072.35,6072.35,0
1734367415,6072.39,6072.39,6071.79,6071.79,0
1734367420,6071.75,6071.88,6071.57,6071.67,0
1734367425,6071.61,6071.68,6071.3,6071.3,0
1734367430,6071.31,6071.31,6071.1,6071.18,0
1734367435,6071.12,6071.38,6071.12,6071.22,0
1734367440,6071.14,6071.28,6071.14,6071.28,0
1734367445,6071.32,6071.32,6071.25,6071.25,0
1734367450,6071.11,6071.26,6071.0,6071.0,0
1734367455,6070.93,6070.93,6070.75,6070.78,0
1734367460,6070.8,6070.97,6070.79,6070.79,0
1734367465,6070.82,6070.82,6070.78,6070.78,0
1734367470,6070.69,6070.69,6070.46,6070.62,0
1734367475,6070.71,6070.74,6070.61,6070.74,0
1734367480,6070.68,6070.7,6070.6,6070.6,0
1734367485,6070.78,6071.13,6070.78,6071.13,0
1734367490,6070.95,6070.95,6070.91,6070.91,0
1734367495,6070.93,6071.17,6070.77,6071.17,0
1734367500,6071.27,6071.28,6071.09,6071.09,0
1734367505,6071.02,6071.28,6071.02,6071.28,0
1734367510,6071.35,6071.45,6071.27,6071.34,0
1734367515,6071.35,6071.4,6071.35,6071.38,0
1734367520,6071.41,6071.41,6071.02,6071.02,0
1734367525,6071.1,6071.1,6070.81,6070.81,0
1734367530,6070.85,6071.03,6070.67,6071.03,0
1734367535,6071.1,6071.1,6070.94,6071.03,0
1734367540,6070.99,6070.99,6070.76,6070.81,0
1734367545,6070.75,6070.75,6070.68,6070.74,0
1734367550,6071.05,6071.05,6070.62,6070.62,0
1734367555,6070.42,6070.7,6070.24,6070.7,0
1734367560,6070.69,6070.69,6070.46,6070.61,0
1734367565,6070.48,6070.68,6070.45,6070.68,0
1734367570,6070.72,6070.82,6070.67,6070.82,0
1734367575,6070.93,6071.14,6070.93,6071.14,0
1734367580,6071.47,6071.59,6071.47,6071.57,0
1734367585,6071.51,6071.51,6071.23,6071.23,0
1734367590,6071.18,6071.47,6071.18,6071.36,0
1734367595,6071.33,6071.52,6071.32,6071.52,0
1734367600,6071.59,6071.8,6071.59,6071.6,0
1734367605,6071.57,6071.57,6071.3,6071.36,0
1734367610,6071.81,6071.81,6071.62,6071.7,0
1734367615,6071.62,6071.62,6071.48,6071.55,0
1734367620,6071.57,6071.57,6071.19,6071.19,0
1734367625,6071.34,6071.34,6071.02,6071.02,0
1734367630,6070.99,6071.04,6070.96,6071.04,0
1734367635,6071.16,6071.71,6071.16,6071.67,0
1734367640,6071.6,6071.6,6071.34,6071.34,0
1734367645,6071.38,6071.45,6071.31,6071.31,0
1734367650,6071.28,6071.69,6071.28,6071.69,0
1734367655,6071.87,6072.28,6071.87,6072.28,0
1734367660,6072.02,6072.07,6071.94,6071.94,0
1734367665,6071.98,6072.0,6071.92,6071.92,0
1734367670,6071.83,6071.83,6071.29,6071.29,0
1734367675,6071.25,6071.59,6071.25,6071.43,0
1734367680,6071.4,6071.85,6071.4,6071.85,0
1734367685,6071.91,6072.12,6071.91,6072.12,0
1734367690,6072.09,6072.09,6071.73,6071.73,0
1734367695,6071.77,6071.91,6071.77,6071.81,0
1734367700,6071.71,6071.71,6071.5,6071.5,0
1734367705,6071.56,6071.86,6071.56,6071.85,0
1734367710,6072.05,6072.29,6072.04,6072.28,0
1734367715,6072.21,6072.21,6072.05,6072.05,0
1734367720,6072.12,6072.17,6071.76,6071.82,0
1734367725,6071.91,6072.07,6071.9,6072.07,0
1734367730,6072.19,6072.19,6072.09,6072.09,0
1734367735,6072.11,6072.11,6071.85,6071.85,0
1734367740,6071.79,6071.87,6071.75,6071.75,0
1734367745,6071.76,6071.9,6071.75,6071.9,0
1734367750,6072.13,6072.33,6072.07,6072.33,0
1734367755,6072.5,6072.74,6072.5,6072.74,0
1734367760,6072.73,6072.78,6072.55,6072.78,0
1734367765,6072.82,6073.08,6072.82,6073.07,0
1734367770,6072.99,6073.01,6072.73,6072.73,0
1734367775,6072.81,6072.83,6072.65,6072.65,0
1734367780,6072.87,6072.97,6072.79,6072.83,0
1734367785,6072.87,6072.98,6072.82,6072.82,0
1734367790,6072.94,6073.02,6072.94,6073.01,0
1734367795,6073.23,6073.43,6073.23,6073.41,0
1734367800,6073.52,6073.95,6073.52,6073.95,0
1734367805,6074.05,6074.53,6074.05,6074.53,0
1734367810,6074.49,6074.81,6074.49,6074.75,0
1734367815,6074.78,6075.15,6074.78,6075.01,0
1734367820,6074.88,6074.92,6074.53,6074.53,0
1734367825,6074.46,6074.46,6074.13,6074.26,0
1734367830,6074.39,6074.68,6074.25,6074.25,0
1734367835,6074.09,6074.63,6074.09,6074.41,0
1734367840,6074.47,6074.47,6074.18,6074.29,0
1734367845,6074.4,6074.63,6074.4,6074.42,0
1734367850,6074.6,6074.6,6074.15,6074.15,0
1734367855,6074.02,6074.07,6073.86,6073.88,0
1734367860,6073.84,6073.92,6073.83,6073.83,0
1734367865,6073.87,6074.0,6073.85,6074.0,0
1734367870,6073.97,6074.05,6073.97,6074.02,0
1734367875,6073.93,6074.08,6073.82,6073.82,0
1734367880,6073.72,6073.85,6073.56,6073.7,0
1734367885,6073.85,6073.86,6073.81,6073.86,0
1734367890,6073.82,6073.98,6073.81,6073.81,0
1734367895,6073.79,6073.91,6073.77,6073.91,0
1734367900,6073.84,6074.14,6073.81,6073.96,0
1734367905,6073.87,6073.87,6073.76,6073.8,0
1734367910,6073.87,6073.87,6073.27,6073.27,0
1734367915,6073.34,6073.34,6073.2,6073.22,0
1734367920,6073.25,6073.37,6073.21,6073.37,0
1734367925,6073.42,6073.54,6073.42,6073.5,0
1734367930,6073.77,6073.85,6073.64,6073.78,0
1734367935,6073.84,6073.85,6073.75,6073.81,0
1734367940,6073.75,6073.76,6073.6,6073.6,0
1734367945,6073.72,6073.72,6073.45,6073.45,0
1734367950,6073.46,6073.54,6073.41,6073.54,0
1734367955,6073.61,6073.61,6073.47,6073.59,0
1734367960,6073.56,6073.82,6073.56,6073.82,0
1734367965,6073.87,6073.94,6073.79,6073.79,0
1734367970,6073.76,6073.82,6073.72,6073.74,0
1734367975,6073.65,6073.67,6073.6,6073.66,0
1734367980,6073.64,6073.88,6073.64,6073.76,0
1734367985,6073.79,6073.91,6073.68,6073.88,0
1734367990,6073.8,6073.93,6073.8,6073.87,0
1734367995,6073.92,6074.08,6073.79,6074.08,0
1734368000,6074.03,6074.06,6074.02,6074.02,0
1734368005,6073.93,6074.14,6073.93,6074.14,0
1734368010,6074.08,6074.16,6073.93,6073.93,0
1734368015,6073.99,6073.99,6073.91,6073.96,0
1734368020,6073.92,6073.99,6073.79,6073.99,0
1734368025,6073.98,6074.18,6073.98,6074.18,0
1734368030,6074.11,6074.45,6074.08,6074.45,0
1734368035,6074.47,6074.47,6074.31,6074.46,0
1734368040,6074.41,6074.51,6074.38,6074.51,0
1734368045,6074.45,6074.51,6074.37,6074.51,0
1734368050,6074.5,6074.56,6074.46,6074.46,0
1734368055,6074.41,6074.43,6074.38,6074.38,0
1734368060,6074.36,6074.41,6074.31,6074.39,0
1734368065,6074.41,6074.52,6074.41,6074.45,0
1734368070,6074.41,6074.87,6074.35,6074.87,0
1734368075,6074.76,6074.77,6074.75,6074.77,0
1734368080,6074.73,6074.74,6074.67,6074.67,0
1734368085,6074.65,6074.89,6074.65,6074.87,0
1734368090,6074.98,6075.12,6074.94,6075.05,0
1734368095,6074.97,6075.11,6074.81,6074.81,0
1734368100,6074.82,6074.88,6074.73,6074.88,0
1734368105,6075.01,6075.02,6074.9,6074.94,0
1734368110,6075.03,6075.03,6074.88,6074.97,0
1734368115,6074.96,6074.96,6074.78,6074.78,0
1734368120,6074.81,6074.81,6074.52,6074.62,0
1734368125,6074.49,6074.5,6074.34,6074.34,0
1734368130,6074.37,6074.77,6074.37,6074.77,0
1734368135,6074.86,6074.86,6074.67,6074.7,0
1734368140,6074.64,6074.79,6074.64,6074.79,0
1734368145,6074.77,6074.89,6074.74,6074.89,0
1734368150,6074.92,6075.13,6074.92,6075.13,0
1734368155,6075.23,6075.39,6075.14,6075.39,0
1734368160,6075.35,6075.56,6075.23,6075.56,0
1734368165,6075.67,6076.0,6075.67,6075.75,0
1734368170,6075.74,6075.74,6075.64,6075.67,0
1734368175,6075.79,6075.87,6075.72,6075.87,0
1734368180,6075.83,6075.83,6075.37,6075.37,0
1734368185,6075.3,6075.3,6075.17,6075.28,0
1734368190,6075.25,6075.25,6074.26,6074.26,0
1734368195,6074.35,6074.91,6074.35,6074.91,0
1734368200,6074.94,6074.94,6074.42,6074.42,0
1734368205,6074.45,6074.53,6074.43,6074.51,0
1734368210,6074.76,6074.77,6074.63,6074.71,0
1734368215,6074.65,6074.65,6074.38,6074.38,0
1734368220,6074.3,6074.54,6074.3,6074.53,0
1734368225,6074.51,6074.6,6074.51,6074.59,0
1734368230,6074.57,6074.57,6074.27,6074.27,0
1734368235,6074.36,6074.37,6074.25,6074.37,0
1734368240,6074.33,6074.34,6074.22,6074.33,0
1734368245,6074.4,6074.4,6074.23,6074.29,0
1734368250,6074.39,6074.56,6074.39,6074.56,0
1734368255,6074.41,6074.41,6074.17,6074.27,0
1734368260,6074.2,6074.24,6074.13,6074.22,0
1734368265,6074.24,6074.47,6074.24,6074.45,0
1734368270,6074.42,6074.75,6074.42,6074.75,0
1734368275,6074.61,6074.86,6074.61,6074.82,0
1734368280,6074.83,6074.87,6074.66,6074.87,0
1734368285,6074.97,6075.07,6074.88,6074.99,0
1734368290,6074.94,6075.04,6074.94,6075.01,0
1734368295,6075.1,6075.12,6075.0,6075.0,0
1734368300,6074.94,6074.97,6074.77,6074.77,0
1734368305,6074.87,6075.0,6074.79,6075.0,0
1734368310,6074.88,6074.95,6074.88,6074.95,0
1734368315,6074.94,6074.97,6074.84,6074.84,0
1734368320,6074.74,6074.74,6074.71,6074.71,0
1734368325,6074.66,6074.74,6074.63,6074.63,0
1734368330,6074.75,6074.78,6074.68,6074.78,0
1734368335,6074.81,6074.81,6074.7,6074.72,0
1734368340,6074.68,6074.74,6074.63,6074.68,0
1734368345,6074.69,6074.92,6074.69,6074.92,0
1734368350,6075.02,6075.62,6075.02,6075.62,0
1734368355,6075.74,6075.9,6075.74,6075.84,0
1734368360,6075.87,6076.09,6075.87,6075.92,0
1734368365,6076.02,6076.02,6075.62,6075.62,0
1734368370,6075.46,6075.5,6075.35,6075.42,0
1734368375,6075.45,6075.69,6075.43,6075.69,0
1734368380,6075.59,6075.85,6075.49,6075.85,0
1734368385,6075.89,6075.91,6075.8,6075.8,0
1734368390,6075.73,6075.74,6075.69,6075.69,0
1734368395,6075.86,6075.94,6075.86,6075.93,0
1734368400,6075.84,6075.89,6075.63,6075.66,0
1734368405,6075.83,6076.46,6075.83,6076.46,0
1734368410,6076.36,6076.65,6076.36,6076.36,0
1734368415,6076.29,6076.29,6076.2,6076.28,0
1734368420,6076.18,6076.24,6075.96,6075.96,0
1734368425,6075.84,6075.88,6075.84,6075.84,0
1734368430,6075.86,6076.28,6075.86,6076.19,0
1734368435,6076.13,6076.13,6076.02,6076.09,0
1734368440,6076.06,6076.23,6076.06,6076.23,0
1734368445,6076.13,6076.13,6075.78,6075.78,0
1734368450,6075.73,6075.73,6075.32,6075.32,0
1734368455,6075.31,6075.49,6075.29,6075.47,0
1734368460,6075.38,6075.5,6075.25,6075.25,0
1734368465,6075.28,6075.28,6075.1,6075.1,0
1734368470,6074.94,6074.95,6074.81,6074.81,0
1734368475,6075.01,6075.4,6075.01,6075.37,0
1734368480,6075.35,6075.71,6075.35,6075.45,0
1734368485,6075.57,6075.57,6075.26,6075.26,0
1734368490,6075.29,6075.29,6074.67,6074.77,0
1734368495,6074.68,6074.92,6074.68,6074.92,0
1734368500,6075.08,6075.08,6074.94,6075.08,0
1734368505,6075.12,6075.12,6075.0,6075.0,0
1734368510,6074.93,6074.97,6074.92,6074.97,0
1734368515,6074.94,6074.94,6074.67,6074.67,0
1734368520,6074.58,6074.77,6074.58,6074.76,0
1734368525,6074.64,6074.64,6074.38,6074.63,0
1734368530,6074.77,6074.77,6074.52,6074.52,0
1734368535,6074.57,6074.57,6074.47,6074.55,0
1734368540,6074.57,6074.71,6074.45,6074.71,0
1734368545,6074.61,6074.61,6074.45,6074.46,0
1734368550,6074.52,6074.52,6074.33,6074.35,0
1734368555,6074.28,6074.54,6074.28,6074.54,0
1734368560,6074.51,6074.54,6074.4,6074.4,0
1734368565,6074.24,6074.24,6073.72,6073.72,0
1734368570,6073.56,6073.76,6073.33,6073.33,0
1734368575,6073.43,6073.52,6073.43,6073.43,0
1734368580,6073.67,6073.67,6073.43,6073.51,0
1734368585,6073.45,6073.57,6073.44,6073.57,0
1734368590,6073.68,6073.68,6073.51,6073.53,0
1734368595,6073.55,6073.57,6073.43,6073.57,0
1734368600,6073.49,6073.49,6072.78,6072.96,0
1734368605,6072.92,6073.31,6072.86,6073.31,0
1734368610,6073.15,6073.36,6073.15,6073.31,0
1734368615,6073.27,6073.35,6073.17,6073.29,0
1734368620,6073.24,6073.42,6073.24,6073.42,0
1734368625,6073.33,6073.38,6073.29,6073.33,0
1734368630,6073.26,6073.28,6073.11,6073.28,0
1734368635,6073.41,6073.41,6073.15,6073.15,0
1734368640,6073.16,6073.16,6072.9,6072.93,0
1734368645,6072.8,6072.8,6072.5,6072.5,0
1734368650,6072.7,6073.07,6072.7,6073.07,0
1734368655,6073.11,6073.41,6073.05,6073.39,0
1734368660,6073.27,6073.37,6073.27,6073.32,0
1734368665,6073.28,6073.35,6073.23,6073.28,0
1734368670,6073.29,6073.74,6073.29,6073.74,0
1734368675,6073.79,6074.15,6073.79,6074.09,0
1734368680,6074.17,6074.17,6073.98,6073.98,0
1734368685,6073.95,6074.0,6073.93,6074.0,0
1734368690,6073.79,6073.83,6073.69,6073.83,0
1734368695,6073.71,6073.71,6073.45,6073.53,0
1734368700,6073.5,6073.81,6073.5,6073.78,0
1734368705,6073.65,6073.79,6073.61,6073.61,0
1734368710,6073.6,6073.6,6073.36,6073.56,0
1734368715,6073.47,6073.58,6073.47,6073.58,0
1734368720,6073.44,6073.44,6072.91,6072.91,0
1734368725,6072.75,6072.8,6072.57,6072.57,0
1734368730,6072.48,6072.48,6071.94,6072.06,0
1734368735,6072.18,6072.25,6072.09,6072.09,0
1734368740,6072.25,6072.43,6072.25,6072.43,0
1734368745,6072.5,6072.5,6072.35,6072.38,0
1734368750,6072.21,6072.24,6072.09,6072.09,0
1734368755,6072.16,6072.56,6072.05,6072.56,0
1734368760,6072.47,6072.75,6072.47,6072.75,0
1734368765,6072.86,6073.17,6072.86,6073.1,0
1734368770,6073.06,6073.06,6072.74,6072.77,0
1734368775,6072.63,6072.63,6072.45,6072.45,0
1734368780,6072.44,6072.48,6072.26,6072.26,0
1734368785,6072.37,6072.46,6072.27,6072.32,0
1734368790,6072.34,6072.34,6071.84,6071.84,0
1734368795,6071.94,6071.94,6071.77,6071.88,0
1734368800,6072.06,6072.7,6072.06,6072.62,0
1734368805,6072.53,6072.63,6072.53,6072.53,0
1734368810,6072.58,6072.65,6072.58,6072.64,0
1734368815,6072.8,6072.8,6072.74,6072.8,0
1734368820,6072.53,6072.64,6072.53,6072.59,0
1734368825,6072.54,6072.8,6072.44,6072.8,0
1734368830,6073.11,6073.19,6072.84,6072.89,0
1734368835,6073.02,6073.18,6072.96,6073.17,0
1734368840,6073.29,6073.41,6073.16,6073.38,0
1734368845,6073.3,6073.3,6073.1,6073.12,0
1734368850,6073.17,6073.18,6073.0,6073.0,0
1734368855,6073.06,6073.09,6073.06,6073.07,0
1734368860,6073.15,6073.19,6073.11,6073.11,0
1734368865,6073.23,6073.74,6073.23,6073.74,0
1734368870,6073.72,6073.78,6073.62,6073.78,0
1734368875,6073.75,6073.75,6073.53,6073.53,0
1734368880,6073.67,6074.0,6073.67,6073.91,0
1734368885,6073.92,6073.93,6073.74,6073.74,0
1734368890,6073.67,6073.7,6073.53,6073.7,0
1734368895,6073.62,6073.62,6073.22,6073.22,0
1734368900,6073.08,6073.08,6072.94,6073.04,0
1734368905,6072.96,6073.41,6072.96,6073.41,0
1734368910,6073.55,6073.55,6073.26,6073.26,0
1734368915,6073.18,6073.32,6073.15,6073.32,0
1734368920,6073.34,6073.36,6073.27,6073.27,0
1734368925,6073.22,6073.47,6073.22,6073.35,0
1734368930,6073.48,6073.51,6073.42,6073.49,0
1734368935,6073.52,6073.54,6073.46,6073.54,0
1734368940,6073.53,6073.62,6073.39,6073.39,0
1734368945,6073.4,6073.89,6073.4,6073.76,0
1734368950,6073.92,6073.96,6073.52,6073.52,0
1734368955,6073.42,6073.58,6073.42,6073.49,0
1734368960,6073.57,6073.57,6073.23,6073.23,0
1734368965,6073.21,6073.28,6073.21,6073.27,0
1734368970,6073.16,6073.25,6073.03,6073.25,0
1734368975,6073.56,6073.66,6073.44,6073.58,0
1734368980,6073.68,6073.68,6073.37,6073.37,0
1734368985,6073.44,6073.44,6073.2,6073.2,0
1734368990,6073.27,6073.27,6073.02,6073.08,0
1734368995,6073.13,6073.19,6073.13,6073.17,0
1734369000,6073.54,6073.73,6073.54,6073.65,0
1734369005,6073.72,6073.72,6073.61,6073.67,0
1734369010,6073.52,6073.86,6073.52,6073.86,0
1734369015,6073.82,6074.02,6073.82,6073.93,0
1734369020,6074.1,6074.23,6074.07,6074.07,0
1734369025,6074.14,6074.22,6074.08,6074.12,0
1734369030,6074.01,6074.58,6074.01,6074.58,0
1734369035,6074.64,6074.87,6074.64,6074.87,0
1734369040,6074.99,6075.11,6074.93,6075.11,0
1734369045,6074.99,6074.99,6074.78,6074.96,0
1734369050,6074.85,6074.97,6074.85,6074.97,0
1734369055,6074.93,6075.04,6074.92,6075.04,0
1734369060,6075.18,6075.26,6075.18,6075.26,0
1734369065,6075.25,6075.54,6075.25,6075.33,0
1734369070,6075.44,6075.47,6075.35,6075.37,0
1734369075,6075.33,6075.33,6075.23,6075.23,0
1734369080,6075.42,6075.42,6075.21,6075.29,0
1734369085,6075.28,6075.38,6075.28,6075.36,0
1734369090,6075.11,6075.11,6075.05,6075.09,0
1734369095,6075.11,6075.13,6075.01,6075.01,0
1734369100,6075.05,6075.05,6074.97,6074.97,0
1734369105,6075.24,6075.24,6075.15,6075.15,0
1734369110,6075.18,6075.42,6075.18,6075.42,0
1734369115,6075.43,6075.65,6075.39,6075.64,0
1734369120,6075.66,6075.66,6075.47,6075.54,0
1734369125,6075.55,6075.59,6075.2,6075.29,0
1734369130,6075.25,6075.37,6075.12,6075.37,0
1734369135,6075.3,6075.3,6075.06,6075.13,0
1734369140,6075.08,6075.08,6074.96,6074.97,0
1734369145,6074.99,6075.02,6074.85,6075.02,0
1734369150,6075.06,6075.06,6074.87,6074.95,0
1734369155,6074.87,6074.87,6074.75,6074.79,0
1734369160,6074.84,6074.99,6074.8,6074.8,0
1734369165,6074.87,6074.87,6074.39,6074.39,0
1734369170,6074.66,6074.7,6074.66,6074.68,0
1734369175,6074.8,6075.03,6074.8,6074.99,0
1734369180,6074.97,6075.17,6074.87,6074.87,0
1734369185,6074.84,6074.99,6074.49,6074.49,0
1734369190,6074.59,6074.59,6074.2,6074.22,0
1734369195,6074.28,6074.28,6074.21,6074.21,0
1734369200,6074.34,6075.01,6074.34,6075.01,0
1734369205,6075.17,6075.23,6075.13,6075.19,0
1734369210,6075.26,6075.26,6075.02,6075.02,0
1734369215,6075.21,6075.4,6075.21,6075.28,0
1734369220,6075.23,6075.29,6075.14,6075.14,0
1734369225,6075.12,6075.12,6074.99,6075.03,0
1734369230,6074.94,6075.29,6074.94,6075.29,0
1734369235,6075.26,6075.35,6075.26,6075.27,0
1734369240,6075.25,6075.25,6075.07,6075.07,0
1734369245,6074.88,6074.94,6074.77,6074.77,0
1734369250,6074.79,6075.32,6074.79,6075.32,0
1734369255,6075.33,6075.43,6075.25,6075.43,0
1734369260,6075.56,6075.56,6075.36,6075.36,0
1734369265,6075.23,6075.43,6075.23,6075.43,0
1734369270,6075.49,6075.67,6075.49,6075.6,0
1734369275,6075.54,6075.79,6075.54,6075.79,0
1734369280,6075.73,6075.76,6075.57,6075.76,0
1734369285,6075.72,6075.75,6075.47,6075.47,0
1734369290,6075.36,6075.36,6075.23,6075.23,0
1734369295,6075.32,6075.42,6075.32,6075.4,0
1734369300,6075.42,6075.63,6075.42,6075.59,0
1734369305,6075.68,6075.68,6075.52,6075.67,0
1734369310,6075.87,6075.87,6075.69,6075.77,0
1734369315,6075.87,6075.87,6075.73,6075.73,0
1734369320,6075.82,6075.86,6075.77,6075.77,0
1734369325,6075.55,6075.68,6075.52,6075.68,0
1734369330,6075.52,6075.52,6075.36,6075.36,0
1734369335,6075.46,6075.92,6075.45,6075.92,0
1734369340,6075.98,6075.98,6075.88,6075.88,0
1734369345,6076.0,6076.05,6075.84,6075.93,0
1734369350,6075.95,6075.95,6075.68,6075.71,0
1734369355,6075.53,6075.58,6075.44,6075.58,0
1734369360,6075.61,6075.76,6075.61,6075.76,0
1734369365,6075.72,6075.72,6075.54,6075.54,0
1734369370,6075.6,6075.82,6075.47,6075.82,0
1734369375,6075.81,6075.83,6075.78,6075.81,0
1734369380,6075.82,6076.01,6075.82,6076.01,0
1734369385,6076.11,6076.14,6076.07,6076.07,0
1734369390,6076.16,6076.19,6076.11,6076.19,0
1734369395,6076.18,6076.3,6076.0,6076.05,0
1734369400,6076.09,6076.28,6076.09,6076.16,0
1734369405,6076.07,6076.13,6075.92,6075.92,0
1734369410,6075.94,6076.25,6075.94,6076.25,0
1734369415,6076.19,6076.23,6076.07,6076.07,0
1734369420,6076.14,6076.26,6076.11,6076.11,0
1734369425,6076.2,6076.2,6075.75,6075.75,0
1734369430,6075.72,6075.72,6075.64,6075.64,0
1734369435,6075.57,6075.73,6075.57,6075.64,0
1734369440,6075.72,6075.77,6075.7,6075.77,0
1734369445,6075.86,6075.95,6075.74,6075.95,0
1734369450,6075.97,6075.97,6075.77,6075.77,0
1734369455,6075.67,6076.16,6075.67,6076.16,0
1734369460,6076.17,6076.17,6076.09,6076.09,0
1734369465,6076.05,6076.05,6075.75,6075.88,0
1734369470,6075.95,6076.02,6075.89,6075.98,0
1734369475,6075.87,6076.01,6075.87,6076.01,0
1734369480,6076.03,6076.21,6075.94,6076.21,0
1734369485,6076.27,6076.34,6076.27,6076.28,0
1734369490,6076.24,6076.62,6076.24,6076.58,0
1734369495,6076.53,6076.53,6076.24,6076.24,0
1734369500,6076.15,6076.21,6076.08,6076.08,0
1734369505,6076.02,6076.17,6076.02,6076.16,0
1734369510,6076.05,6076.11,6076.05,6076.11,0
1734369515,6076.05,6076.05,6075.82,6075.86,0
1734369520,6075.7,6075.71,6075.58,6075.61,0
1734369525,6075.63,6075.71,6075.54,6075.66,0
1734369530,6075.82,6076.11,6075.82,6076.11,0
1734369535,6076.27,6076.63,6076.26,6076.48,0
1734369540,6076.56,6076.56,6076.26,6076.26,0
1734369545,6076.2,6076.4,6076.16,6076.4,0
1734369550,6076.56,6076.65,6076.4,6076.4,0
1734369555,6076.41,6076.54,6076.38,6076.45,0
1734369560,6076.53,6076.53,6076.38,6076.43,0
1734369565,6076.32,6076.32,6076.17,6076.17,0
1734369570,6076.19,6076.46,6076.19,6076.46,0
1734369575,6076.1,6076.1,6075.99,6075.99,0
1734369580,6076.02,6076.1,6075.96,6075.96,0
1734369585,6075.99,6076.01,6075.92,6075.93,0
1734369590,6076.0,6076.07,6076.0,6076.04,0
1734369595,6076.1,6076.27,6076.1,6076.24,0
1734369600,6076.21,6076.3,6076.21,6076.3,0
1734369605,6076.31,6076.35,6076.27,6076.35,0
1734369610,6076.43,6076.51,6076.35,6076.51,0
1734369615,6076.47,6076.54,6076.13,6076.19,0
1734369620,6075.98,6076.1,6075.98,6076.1,0
1734369625,6075.85,6075.93,6075.71,6075.79,0
1734369630,6075.76,6076.0,6075.76,6075.87,0
1734369635,6076.03,6076.3,6076.03,6076.3,0
1734369640,6076.39,6076.49,6076.39,6076.47,0
1734369645,6076.53,6076.66,6076.53,6076.66,0
1734369650,6076.74,6076.74,6076.31,6076.42,0
1734369655,6076.4,6076.61,6076.4,6076.61,0
1734369660,6076.6,6076.6,6076.26,6076.26,0
1734369665,6076.25,6076.49,6076.25,6076.49,0
1734369670,6076.48,6076.62,6076.48,6076.53,0
1734369675,6076.52,6076.52,6076.39,6076.43,0
1734369680,6076.42,6076.43,6076.24,6076.24,0
1734369685,6076.29,6076.3,6076.09,6076.09,0
1734369690,6076.2,6076.2,6075.98,6076.08,0
1734369695,6076.01,6076.16,6076.01,6076.08,0
1734369700,6076.16,6076.23,6076.13,6076.15,0
1734369705,6076.2,6076.34,6076.11,6076.34,0
1734369710,6076.24,6076.24,6076.1,6076.21,0
1734369715,6076.17,6076.45,6076.15,6076.45,0
1734369720,6076.43,6076.71,6076.43,6076.65,0
1734369725,6076.6,6076.67,6076.53,6076.57,0
1734369730,6076.47,6076.47,6076.17,6076.17,0
1734369735,6076.05,6076.05,6075.77,6075.89,0
1734369740,6075.87,6075.87,6075.77,6075.81,0
1734369745,6075.79,6075.85,6075.76,6075.79,0
1734369750,6075.74,6075.78,6075.62,6075.78,0
1734369755,6075.76,6075.98,6075.76,6075.98,0
1734369760,6075.87,6075.99,6075.66,6075.66,0
1734369765,6075.53,6075.65,6075.52,6075.56,0
1734369770,6075.45,6075.45,6075.19,6075.19,0
1734369775,6075.23,6075.38,6075.23,6075.38,0
1734369780,6075.34,6075.36,6075.28,6075.28,0
1734369785,6075.25,6075.45,6075.19,6075.45,0
1734369790,6075.62,6075.78,6075.62,6075.71,0
1734369795,6075.73,6075.73,6075.65,6075.66,0
1734369800,6075.61,6075.65,6075.61,6075.64,0
1734369805,6075.65,6075.7,6075.56,6075.67,0
1734369810,6075.46,6075.62,6075.41,6075.62,0
1734369815,6075.54,6075.7,6075.51,6075.51,0
1734369820,6075.53,6075.59,6075.45,6075.45,0
1734369825,6075.4,6075.48,6075.4,6075.48,0
1734369830,6075.64,6075.72,6075.6,6075.6,0
1734369835,6075.62,6075.62,6075.51,6075.51,0
1734369840,6075.53,6075.53,6075.33,6075.36,0
1734369845,6075.46,6075.46,6075.35,6075.35,0
1734369850,6075.39,6075.4,6075.33,6075.4,0
1734369855,6075.38,6075.53,6075.32,6075.32,0
1734369860,6075.35,6075.47,6075.34,6075.42,0
1734369865,6075.56,6075.58,6075.51,6075.58,0
1734369870,6075.55,6075.67,6075.55,6075.67,0
1734369875,6075.8,6075.85,6075.48,6075.85,0
1734369880,6075.82,6075.84,6075.79,6075.84,0
1734369885,6075.96,6076.12,6075.96,6076.0,0
1734369890,6076.03,6076.22,6075.96,6075.96,0
1734369895,6076.02,6076.02,6075.88,6075.88,0
1734369900,6075.85,6075.85,6075.73,6075.84,0
1734369905,6075.83,6076.0,6075.73,6075.73,0
1734369910,6075.74,6075.74,6075.7,6075.74,0
1734369915,6075.76,6075.85,6075.74,6075.85,0
1734369920,6076.0,6076.09,6076.0,6076.02,0
1734369925,6076.13,6076.24,6076.05,6076.11,0
1734369930,6076.03,6076.2,6076.03,6076.08,0
1734369935,6076.07,6076.35,6076.07,6076.29,0
1734369940,6076.11,6076.15,6076.07,6076.15,0
1734369945,6076.24,6076.47,6076.24,6076.46,0
1734369950,6076.36,6076.36,6076.23,6076.23,0
1734369955,6076.26,6076.26,6076.11,6076.11,0
1734369960,6076.09,6076.21,6076.09,6076.1,0
1734369965,6076.21,6076.24,6076.14,6076.24,0
1734369970,6076.2,6076.2,6076.13,6076.19,0
1734369975,6076.4,6076.45,6076.4,6076.41,0
1734369980,6076.29,6076.73,6076.29,6076.65,0
1734369985,6076.64,6076.68,6076.56,6076.61,0
1734369990,6076.75,6076.75,6076.41,6076.41,0
1734369995,6076.5,6076.5,6076.28,6076.39,0
1734370000,6076.34,6076.49,6076.32,6076.49,0
1734370005,6076.43,6076.53,6076.37,6076.37,0
1734370010,6076.3,6076.44,6076.27,6076.44,0
1734370015,6076.45,6076.51,6076.44,6076.48,0
1734370020,6076.27,6076.34,6076.27,6076.29,0
1734370025,6076.38,6076.41,6076.32,6076.32,0
1734370030,6076.25,6076.32,6076.25,6076.32,0
1734370035,6076.24,6076.24,6076.06,6076.06,0
1734370040,6076.1,6076.15,6076.1,6076.1,0
1734370045,6076.19,6076.19,6075.99,6075.99,0
1734370050,6075.88,6075.88,6075.63,6075.66,0
1734370055,6075.7,6075.74,6075.51,6075.67,0
1734370060,6075.73,6075.95,6075.73,6075.95,0
1734370065,6075.96,6076.14,6075.96,6076.14,0
1734370070,6076.15,6076.18,6076.08,6076.18,0
1734370075,6076.29,6076.29,6076.13,6076.13,0
1734370080,6076.14,6076.14,6075.87,6076.13,0
1734370085,6076.19,6076.19,6076.06,6076.16,0
1734370090,6076.14,6076.43,6076.14,6076.41,0
1734370095,6076.34,6076.59,6076.34,6076.56,0
1734370100,6076.58,6076.62,6076.55,6076.6,0
1734370105,6076.68,6076.68,6076.59,6076.59,0
1734370110,6076.58,6076.58,6076.36,6076.36,0
1734370115,6076.37,6076.37,6075.95,6075.98,0
1734370120,6076.11,6076.21,6076.11,6076.19,0
1734370125,6076.33,6076.46,6076.33,6076.39,0
1734370130,6076.32,6076.32,6076.13,6076.23,0
1734370135,6076.25,6076.26,6076.13,6076.13,0
1734370140,6076.12,6076.12,6075.95,6076.02,0
1734370145,6075.94,6075.95,6075.82,6075.82,0
1734370150,6075.85,6075.95,6075.85,6075.95,0
1734370155,6075.88,6076.12,6075.79,6076.12,0
1734370160,6076.29,6076.29,6076.18,6076.18,0
1734370165,6076.17,6076.21,6076.12,6076.14,0
1734370170,6076.23,6076.29,6076.21,6076.25,0
1734370175,6076.23,6076.23,6076.08,6076.13,0
1734370180,6076.1,6076.1,6075.99,6076.02,0
1734370185,6076.04,6076.1,6076.04,6076.07,0
1734370190,6076.03,6076.08,6075.93,6075.93,0
1734370195,6075.9,6076.06,6075.9,6076.02,0
1734370200,6076.21,6076.21,6075.94,6076.03,0
1734370205,6076.06,6076.09,6075.93,6076.04,0
1734370210,6075.92,6075.98,6075.78,6075.96,0
1734370215,6076.0,6076.23,6076.0,6076.23,0
1734370220,6076.42,6076.48,6076.26,6076.26,0
1734370225,6076.41,6076.48,6076.41,6076.41,0
1734370230,6076.34,6076.45,6076.34,6076.45,0
1734370235,6076.18,6076.3,6076.16,6076.3,0
1734370240,6076.45,6076.52,6076.36,6076.36,0
1734370245,6076.32,6076.36,6076.27,6076.3,0
1734370250,6076.23,6076.33,6076.15,6076.27,0
1734370255,6076.4,6076.4,6076.24,6076.25,0
1734370260,6076.24,6076.24,6075.93,6076.2,0
1734370265,6076.19,6076.19,6076.03,6076.08,0
1734370270,6076.22,6076.34,6076.19,6076.34,0
1734370275,6076.33,6076.34,6076.25,6076.25,0
1734370280,6076.24,6076.4,6076.24,6076.38,0
1734370285,6076.39,6076.49,6076.34,6076.49,0
1734370290,6076.43,6076.43,6076.37,6076.37,0
1734370295,6076.31,6076.36,6076.16,6076.23,0
1734370300,6076.34,6076.34,6075.92,6076.27,0
1734370305,6076.28,6076.57,6076.21,6076.57,0
1734370310,6076.39,6076.41,6076.29,6076.29,0
1734370315,6076.19,6076.24,6076.14,6076.24,0
1734370320,6076.25,6076.26,6076.19,6076.22,0
1734370325,6076.26,6076.26,6075.94,6075.94,0
1734370330,6075.92,6076.05,6075.83,6076.01,0
1734370335,6075.95,6076.06,6075.93,6076.06,0
1734370340,6076.1,6076.19,6076.1,6076.18,0
1734370345,6076.13,6076.25,6076.13,6076.25,0
1734370350,6076.35,6076.35,6076.23,6076.23,0
1734370355,6076.24,6076.24,6076.08,6076.13,0
1734370360,6076.17,6076.57,6076.17,6076.57,0
1734370365,6076.73,6076.96,6076.73,6076.76,0
1734370370,6076.78,6076.84,6076.78,6076.83,0
1734370375,6076.88,6076.88,6076.78,6076.78,0
1734370380,6076.6,6076.84,6076.6,6076.62,0
1734370385,6076.63,6076.63,6076.51,6076.54,0
1734370390,6076.59,6076.82,6076.59,6076.82,0
1734370395,6076.77,6076.77,6076.67,6076.67,0
1734370400,6076.64,6076.64,6076.59,6076.59,0
1734370405,6076.58,6076.58,6076.46,6076.58,0
1734370410,6076.66,6076.75,6076.64,6076.65,0
1734370415,6076.8,6076.89,6076.8,6076.89,0
1734370420,6076.91,6077.08,6076.91,6077.03,0
1734370425,6076.9,6076.91,6076.72,6076.72,0
1734370430,6076.64,6076.74,6076.59,6076.59,0
1734370435,6076.61,6076.61,6076.25,6076.34,0
1734370440,6076.31,6076.31,6076.06,6076.06,0
1734370445,6076.14,6076.17,6076.05,6076.05,0
1734370450,6076.24,6076.29,6076.14,6076.21,0
1734370455,6076.16,6076.23,6076.12,6076.23,0
1734370460,6076.24,6076.24,6075.9,6075.9,0
1734370465,6075.85,6076.06,6075.85,6075.85,0
1734370470,6075.89,6075.94,6075.83,6075.86,0
1734370475,6075.98,6076.05,6075.98,6076.05,0
1734370480,6076.21,6076.47,6076.15,6076.47,0
1734370485,6076.54,6076.54,6076.25,6076.36,0
1734370490,6076.34,6076.39,6076.34,6076.38,0
1734370495,6076.34,6076.35,6076.28,6076.34,0
1734370500,6076.28,6076.3,6076.11,6076.11,0
1734370505,6076.13,6076.15,6076.07,6076.13,0
1734370510,6076.17,6076.36,6076.13,6076.23,0
1734370515,6076.3,6076.3,6076.18,6076.18,0
1734370520,6076.09,6076.19,6075.94,6076.19,0
1734370525,6076.15,6076.15,6076.01,6076.04,0
1734370530,6076.09,6076.13,6076.09,6076.13,0
1734370535,6075.95,6076.0,6075.89,6076.0,0
1734370540,6075.98,6075.98,6075.93,6075.97,0
1734370545,6075.83,6075.92,6075.75,6075.75,0
1734370550,6075.78,6075.93,6075.78,6075.93,0
1734370555,6075.94,6076.06,6075.94,6076.06,0
1734370560,6075.99,6075.99,6075.73,6075.8,0
1734370565,6075.84,6075.84,6075.62,6075.66,0
1734370570,6075.69,6075.69,6075.55,6075.55,0
1734370575,6075.8,6075.83,6075.7,6075.7,0
1734370580,6075.65,6075.77,6075.65,6075.71,0
1734370585,6075.79,6076.06,6075.79,6076.05,0
1734370590,6076.01,6076.04,6076.01,6076.02,0
1734370595,6076.04,6076.04,6075.91,6075.93,0
1734370600,6075.95,6076.38,6075.92,6076.38,0
1734370605,6076.28,6076.36,6076.27,6076.36,0
1734370610,6076.37,6076.74,6076.37,6076.74,0
1734370615,6076.71,6076.83,6076.65,6076.8,0
1734370620,6076.82,6076.82,6076.58,6076.58,0
1734370625,6076.55,6076.67,6076.49,6076.54,0
1734370630,6076.46,6076.46,6076.27,6076.3,0
1734370635,6076.46,6076.55,6076.45,6076.49,0
1734370640,6076.47,6076.5,6076.43,6076.5,0
1734370645,6076.43,6076.47,6076.34,6076.37,0
1734370650,6076.43,6076.43,6076.27,6076.34,0
1734370655,6076.32,6076.32,6076.14,6076.14,0
1734370660,6076.15,6076.15,6076.11,6076.11,0
1734370665,6076.15,6076.4,6076.15,6076.4,0
1734370670,6076.45,6076.45,6076.16,6076.16,0
1734370675,6076.12,6076.17,6076.12,6076.17,0
1734370680,6076.21,6076.46,6076.21,6076.46,0
1734370685,6076.44,6076.45,6076.38,6076.38,0
1734370690,6076.33,6076.6,6076.33,6076.6,0
1734370695,6076.45,6076.53,6076.42,6076.53,0
1734370700,6076.45,6076.58,6076.45,6076.58,0
1734370705,6076.42,6076.63,6076.38,6076.63,0
1734370710,6076.78,6076.91,6076.74,6076.91,0
1734370715,6076.86,6077.16,6076.86,6076.99,0
1734370720,6077.05,6077.11,6077.01,6077.07,0
1734370725,6076.98,6076.98,6076.81,6076.81,0
1734370730,6076.73,6076.89,6076.73,6076.83,0
1734370735,6076.8,6076.97,6076.78,6076.78,0
1734370740,6076.96,6077.03,6076.92,6077.03,0
1734370745,6076.99,6077.15,6076.97,6077.15,0
1734370750,6077.18,6077.25,6077.18,6077.24,0
1734370755,6077.31,6077.39,6077.3,6077.3,0
1734370760,6077.27,6077.41,6077.27,6077.41,0
1734370765,6077.43,6077.47,6077.43,6077.47,0
1734370770,6077.37,6077.42,6077.34,6077.42,0
1734370775,6077.49,6077.51,6077.4,6077.51,0
1734370780,6077.44,6077.71,6077.38,6077.71,0
1734370785,6078.09,6078.17,6078.02,6078.16,0
1734370790,6078.22,6078.25,6078.17,6078.25,0
1734370795,6078.22,6078.38,6078.22,6078.38,0
1734370800,6078.43,6078.43,6078.33,6078.38,0
1734370805,6078.23,6078.3,6078.02,6078.02,0
1734370810,6078.1,6078.25,6078.1,6078.15,0
1734370815,6078.18,6078.18,6077.96,6077.96,0
1734370820,6078.03,6078.26,6078.03,6078.2,0
1734370825,6078.16,6078.44,6078.11,6078.44,0
1734370830,6078.46,6079.32,6078.46,6079.26,0
1734370835,6079.43,6079.57,6079.43,6079.57,0
1734370840,6079.47,6079.53,6079.45,6079.53,0
1734370845,6079.57,6079.57,6079.44,6079.45,0
1734370850,6079.82,6079.82,6079.57,6079.72,0
1734370855,6079.74,6079.74,6079.65,6079.65,0
1734370860,6079.42,6079.47,6079.22,6079.25,0
1734370865,6079.34,6079.46,6079.34,6079.38,0
1734370870,6079.24,6079.26,6079.13,6079.19,0
1734370875,6079.18,6079.18,6079.0,6079.0,0
1734370880,6079.01,6079.01,6078.77,6078.77,0
1734370885,6078.85,6079.0,6078.85,6079.0,0
1734370890,6078.98,6079.07,6078.87,6078.95,0
1734370895,6078.98,6079.2,6078.98,6079.13,0
1734370900,6079.46,6079.64,6079.46,6079.64,0
1734370905,6079.62,6079.62,6079.36,6079.37,0
1734370910,6079.32,6079.6,6079.32,6079.6,0
1734370915,6079.54,6079.54,6079.31,6079.31,0
1734370920,6079.23,6079.29,6079.23,6079.29,0
1734370925,6079.19,6079.41,6079.19,6079.41,0
1734370930,6079.37,6079.54,6079.37,6079.54,0
1734370935,6079.6,6079.6,6079.47,6079.49,0
1734370940,6079.43,6079.43,6079.28,6079.28,0
1734370945,6079.27,6079.39,6079.25,6079.39,0
1734370950,6079.4,6079.41,6079.31,6079.41,0
1734370955,6079.36,6079.36,6079.17,6079.17,0
1734370960,6078.99,6079.09,6078.83,6078.83,0
1734370965,6078.88,6078.95,6078.88,6078.95,0
1734370970,6078.99,6079.01,6078.87,6078.87,0
1734370975,6078.8,6078.83,6078.7,6078.74,0
1734370980,6078.79,6078.96,6078.73,6078.96,0
1734370985,6078.89,6079.01,6078.69,6078.69,0
1734370990,6078.59,6078.59,6078.52,6078.54,0
1734370995,6078.79,6079.14,6078.79,6079.14,0
1734371000,6079.21,6079.25,6079.2,6079.2,0
1734371005,6079.17,6079.17,6078.9,6078.98,0
1734371010,6078.97,6078.97,6078.83,6078.83,0
1734371015,6078.9,6078.95,6078.9,6078.95,0
1734371020,6078.86,6078.91,6078.86,6078.9,0
1734371025,6078.94,6079.4,6078.94,6079.33,0
1734371030,6079.38,6079.57,6079.32,6079.37,0
1734371035,6079.34,6079.34,6078.92,6078.92,0
1734371040,6078.96,6078.96,6078.92,6078.92,0
1734371045,6079.0,6079.0,6078.9,6078.9,0
1734371050,6078.85,6078.93,6078.75,6078.78,0
1734371055,6078.67,6078.99,6078.52,6078.99,0
1734371060,6079.0,6079.0,6078.56,6078.79,0
1734371065,6078.7,6078.72,6078.56,6078.7,0
1734371070,6078.68,6078.68,6078.44,6078.54,0
1734371075,6078.61,6078.65,6078.56,6078.61,0
1734371080,6078.59,6078.64,6078.5,6078.5,0
1734371085,6078.57,6078.57,6078.37,6078.47,0
1734371090,6078.4,6078.44,6078.36,6078.37,0
1734371095,6078.22,6078.46,6078.22,6078.46,0
1734371100,6078.33,6078.33,6078.19,6078.2,0
1734371105,6078.15,6078.24,6077.96,6077.96,0
1734371110,6078.01,6078.01,6077.88,6077.9,0
1734371115,6077.77,6077.77,6077.53,6077.59,0
1734371120,6077.62,6077.62,6077.29,6077.29,0
1734371125,6077.35,6077.35,6077.19,6077.22,0
1734371130,6077.26,6077.32,6077.18,6077.25,0
1734371135,6077.22,6077.25,6077.21,6077.25,0
1734371140,6077.23,6077.23,6077.12,6077.15,0
1734371145,6077.18,6077.29,6077.09,6077.29,0
1734371150,6077.23,6077.28,6077.18,6077.26,0
1734371155,6077.27,6077.33,6077.23,6077.33,0
1734371160,6077.49,6078.02,6077.49,6078.02,0
1734371165,6078.06,6078.06,6077.65,6077.65,0
1734371170,6077.81,6077.92,6077.7,6077.7,0
1734371175,6077.64,6077.64,6077.54,6077.57,0
1734371180,6077.6,6077.78,6077.52,6077.78,0
1734371185,6077.97,6078.16,6077.97,6078.14,0
1734371190,6078.22,6078.47,6078.22,6078.47,0
1734371195,6078.45,6078.47,6078.39,6078.47,0
1734371200,6078.27,6078.41,6078.2,6078.2,0
1734371205,6078.21,6078.23,6078.16,6078.18,0
1734371210,6078.19,6078.19,6078.11,6078.14,0
1734371215,6078.11,6078.2,6078.03,6078.18,0
1734371220,6078.2,6078.28,6078.15,6078.28,0
1734371225,6078.35,6078.56,6078.35,6078.38,0
1734371230,6078.41,6078.41,6078.25,6078.25,0
1734371235,6078.13,6078.3,6078.13,6078.2,0
1734371240,6078.46,6078.57,6078.39,6078.45,0
1734371245,6078.42,6078.56,6078.42,6078.49,0
1734371250,6078.44,6078.65,6078.44,6078.54,0
1734371255,6078.45,6078.45,6078.28,6078.44,0
1734371260,6078.38,6078.38,6078.3,6078.35,0
1734371265,6078.36,6078.39,6078.25,6078.39,0
1734371270,6078.32,6078.32,6078.04,6078.04,0
1734371275,6078.14,6078.14,6078.1,6078.13,0
1734371280,6078.17,6078.49,6078.17,6078.49,0
1734371285,6078.55,6078.77,6078.51,6078.77,0
1734371290,6078.84,6078.88,6078.76,6078.79,0
1734371295,6078.77,6078.77,6078.41,6078.48,0
1734371300,6078.46,6078.48,6078.4,6078.41,0
1734371305,6078.51,6078.51,6078.16,6078.16,0
1734371310,6078.2,6078.36,6078.2,6078.29,0
1734371315,6078.42,6078.42,6078.23,6078.23,0
1734371320,6078.18,6078.18,6077.99,6077.99,0
1734371325,6078.02,6078.02,6077.68,6077.97,0
1734371330,6078.08,6078.13,6078.02,6078.03,0
1734371335,6078.05,6078.1,6078.02,6078.1,0
1734371340,6078.06,6078.1,6077.87,6077.87,0
1734371345,6077.88,6077.94,6077.86,6077.86,0
1734371350,6077.74,6077.82,6077.71,6077.76,0
1734371355,6077.78,6077.91,6077.78,6077.91,0
1734371360,6077.86,6078.33,6077.86,6078.31,0
1734371365,6078.37,6078.47,6078.33,6078.33,0
1734371370,6078.2,6078.23,6077.95,6077.95,0
1734371375,6077.75,6077.89,6077.75,6077.79,0
1734371380,6077.81,6077.95,6077.78,6077.95,0
1734371385,6078.01,6078.01,6077.91,6078.0,0
1734371390,6077.96,6077.96,6077.83,6077.83,0
1734371395,6077.66,6077.69,6077.53,6077.53,0
1734371400,6077.51,6077.53,6077.43,6077.51,0
1734371405,6077.46,6077.46,6077.27,6077.29,0
1734371410,6077.22,6077.48,6077.22,6077.48,0
1734371415,6077.43,6077.43,6077.21,6077.21,0
1734371420,6077.18,6077.41,6077.16,6077.41,0
1734371425,6077.38,6077.78,6077.38,6077.78,0
1734371430,6077.63,6077.63,6077.59,6077.62,0
1734371435,6077.46,6077.49,6077.45,6077.49,0
1734371440,6077.47,6077.72,6077.47,6077.72,0
1734371445,6077.63,6077.94,6077.63,6077.86,0
1734371450,6077.89,6077.89,6077.74,6077.84,0
1734371455,6077.8,6077.8,6077.72,6077.73,0
1734371460,6077.66,6077.82,6077.5,6077.82,0
1734371465,6077.87,6077.91,6077.82,6077.82,0
1734371470,6077.62,6077.87,6077.62,6077.87,0
1734371475,6077.88,6077.88,6077.69,6077.76,0
1734371480,6077.78,6077.78,6077.46,6077.47,0
1734371485,6077.58,6077.58,6077.35,6077.35,0
1734371490,6077.39,6077.6,6077.39,6077.52,0
1734371495,6077.51,6077.51,6077.15,6077.15,0
1734371500,6077.16,6077.18,6077.13,6077.13,0
1734371505,6076.94,6076.96,6076.59,6076.59,0
1734371510,6076.51,6076.51,6076.36,6076.38,0
1734371515,6076.4,6076.4,6076.17,6076.17,0
1734371520,6076.28,6076.36,6076.25,6076.25,0
1734371525,6076.29,6076.31,6076.27,6076.31,0
1734371530,6076.43,6076.43,6076.19,6076.19,0
1734371535,6076.14,6076.21,6076.09,6076.2,0
1734371540,6076.22,6076.22,6076.04,6076.04,0
1734371545,6075.93,6076.31,6075.93,6076.31,0
1734371550,6076.24,6076.39,6076.2,6076.2,0
1734371555,6076.21,6076.21,6076.01,6076.04,0
1734371560,6076.1,6076.1,6075.55,6075.55,0
1734371565,6075.62,6075.81,6075.56,6075.81,0
1734371570,6075.75,6075.78,6075.55,6075.78,0
1734371575,6075.73,6075.73,6075.38,6075.38,0
1734371580,6075.39,6075.44,6075.36,6075.38,0
1734371585,6075.34,6075.41,6075.2,6075.41,0
1734371590,6075.26,6075.26,6075.07,6075.07,0
1734371595,6074.95,6075.12,6074.94,6075.05,0
1734371600,6075.09,6075.55,6075.09,6075.55,0
1734371605,6075.5,6075.69,6075.5,6075.69,0
1734371610,6075.64,6075.64,6075.54,6075.54,0
1734371615,6075.6,6075.7,6075.6,6075.62,0
1734371620,6075.61,6075.77,6075.48,6075.77,0
1734371625,6075.7,6076.34,6075.7,6076.31,0
1734371630,6076.35,6076.73,6076.35,6076.6,0
1734371635,6076.65,6076.65,6076.35,6076.35,0
1734371640,6076.36,6076.53,6076.3,6076.48,0
1734371645,6076.56,6076.78,6076.56,6076.74,0
1734371650,6076.84,6076.85,6076.73,6076.73,0
1734371655,6076.81,6077.15,6076.81,6077.14,0
1734371660,6077.16,6077.33,6077.14,6077.14,0
1734371665,6076.97,6076.97,6076.85,6076.88,0
1734371670,6076.89,6077.01,6076.88,6076.93,0
1734371675,6076.92,6077.03,6076.89,6076.91,0
1734371680,6076.87,6077.01,6076.84,6077.01,0
1734371685,6077.06,6077.39,6077.06,6077.39,0
1734371690,6077.38,6077.38,6076.9,6076.9,0
1734371695,6076.91,6076.91,6076.72,6076.8,0
1734371700,6076.85,6077.11,6076.85,6077.01,0
1734371705,6076.96,6077.04,6076.85,6076.85,0
1734371710,6077.01,6077.09,6076.9,6076.97,0
1734371715,6076.91,6076.94,6076.89,6076.94,0
1734371720,6077.02,6077.02,6076.76,6076.76,0
1734371725,6076.64,6076.64,6076.49,6076.59,0
1734371730,6076.47,6076.47,6076.39,6076.39,0
1734371735,6076.02,6076.06,6075.99,6076.02,0
1734371740,6075.99,6076.3,6075.98,6076.14,0
1734371745,6076.03,6076.25,6076.03,6076.24,0
1734371750,6076.22,6076.33,6076.22,6076.33,0
1734371755,6076.27,6076.46,6076.14,6076.46,0
1734371760,6076.64,6076.76,6076.53,6076.76,0
1734371765,6076.67,6076.75,6076.66,6076.66,0
1734371770,6076.69,6076.77,6076.65,6076.65,0
1734371775,6076.64,6076.7,6076.63,6076.63,0
1734371780,6076.76,6076.94,6076.71,6076.71,0
1734371785,6076.72,6076.72,6076.53,6076.53,0
1734371790,6076.52,6076.61,6076.51,6076.51,0
1734371795,6076.45,6076.71,6076.45,6076.5,0
1734371800,6076.74,6076.86,6076.74,6076.86,0
1734371805,6076.74,6076.74,6076.57,6076.57,0
1734371810,6076.55,6076.57,6076.38,6076.42,0
1734371815,6076.43,6076.89,6076.4,6076.89,0
1734371820,6076.84,6077.11,6076.8,6077.11,0
1734371825,6077.17,6077.69,6077.16,6077.69,0
1734371830,6077.57,6077.61,6077.35,6077.35,0
1734371835,6077.29,6077.37,6077.25,6077.25,0
1734371840,6077.31,6077.31,6077.13,6077.13,0
1734371845,6077.05,6077.05,6076.95,6077.04,0
1734371850,6077.15,6077.18,6077.1,6077.13,0
1734371855,6077.14,6077.39,6077.14,6077.39,0
1734371860,6077.44,6077.44,6077.36,6077.36,0
1734371865,6077.32,6077.48,6077.32,6077.48,0
1734371870,6077.54,6077.54,6077.46,6077.5,0
1734371875,6077.56,6077.56,6077.47,6077.49,0
1734371880,6077.5,6077.5,6077.43,6077.47,0
1734371885,6077.45,6077.45,6077.37,6077.44,0
1734371890,6077.67,6077.83,6077.63,6077.77,0
1734371895,6077.73,6077.77,6077.67,6077.67,0
1734371900,6077.83,6077.92,6077.69,6077.92,0
1734371905,6078.18,6078.18,6077.96,6078.13,0
1734371910,6078.16,6078.32,6078.13,6078.32,0
1734371915,6078.21,6078.21,6078.08,6078.08,0
1734371920,6078.07,6078.12,6078.04,6078.07,0
1734371925,6078.15,6078.18,6078.08,6078.11,0
1734371930,6078.22,6078.26,6078.22,6078.26,0
1734371935,6078.33,6078.48,6078.23,6078.23,0
1734371940,6078.31,6078.31,6078.19,6078.22,0
1734371945,6078.25,6078.28,6077.97,6078.28,0
1734371950,6078.22,6078.4,6078.22,6078.36,0
1734371955,6078.25,6078.44,6078.22,6078.44,0
1734371960,6078.37,6078.53,6078.37,6078.52,0
1734371965,6078.51,6078.71,6078.48,6078.58,0
1734371970,6078.51,6078.65,6078.46,6078.65,0
1734371975,6078.8,6078.99,6078.8,6078.85,0
1734371980,6078.89,6079.0,6078.87,6079.0,0
1734371985,6078.99,6079.06,6078.98,6079.05,0
1734371990,6079.06,6079.06,6078.89,6078.89,0
1734371995,6079.09,6079.1,6078.91,6079.05,0
1734372000,6079.12,6079.12,6078.77,6078.77,0
1734372005,6078.7,6078.7,6078.56,6078.59,0
1734372010,6078.56,6078.69,6078.56,6078.69,0
1734372015,6078.72,6078.84,6078.62,6078.62,0
1734372020,6078.8,6078.82,6078.63,6078.63,0
1734372025,6078.62,6078.62,6078.43,6078.43,0
1734372030,6078.26,6078.34,6078.26,6078.26,0
1734372035,6078.34,6078.37,6078.29,6078.29,0
1734372040,6078.21,6078.34,6078.2,6078.34,0
1734372045,6078.26,6078.3,6078.12,6078.12,0
1734372050,6078.17,6078.17,6078.08,6078.14,0
1734372055,6078.27,6078.39,6078.27,6078.39,0
1734372060,6078.36,6078.43,6078.29,6078.43,0
1734372065,6078.66,6078.72,6078.66,6078.68,0
1734372070,6078.72,6078.79,6078.69,6078.75,0
1734372075,6078.64,6078.64,6078.45,6078.61,0
1734372080,6078.51,6078.57,6078.51,6078.54,0
1734372085,6078.6,6078.6,6078.4,6078.41,0
1734372090,6078.25,6078.44,6078.23,6078.4,0
1734372095,6078.41,6078.72,6078.41,6078.72,0
1734372100,6078.71,6078.79,6078.65,6078.65,0
1734372105,6078.52,6078.64,6078.49,6078.52,0
1734372110,6078.46,6078.57,6078.41,6078.52,0
1734372115,6078.5,6078.53,6078.39,6078.39,0
1734372120,6078.25,6078.39,6078.25,6078.39,0
1734372125,6078.49,6078.69,6078.49,6078.57,0
1734372130,6078.62,6078.76,6078.52,6078.76,0
1734372135,6078.82,6078.82,6078.5,6078.5,0
1734372140,6078.72,6078.86,6078.59,6078.86,0
1734372145,6078.93,6079.1,6078.93,6079.1,0
1734372150,6078.9,6078.91,6078.8,6078.91,0
1734372155,6078.89,6078.89,6078.82,6078.85,0
1734372160,6078.99,6078.99,6078.78,6078.79,0
1734372165,6078.78,6078.85,6078.69,6078.69,0
1734372170,6078.59,6078.67,6078.57,6078.61,0
1734372175,6078.38,6078.59,6078.38,6078.59,0
1734372180,6078.58,6078.78,6078.55,6078.78,0
1734372185,6078.84,6079.02,6078.84,6079.02,0
1734372190,6078.91,6078.95,6078.79,6078.81,0
1734372195,6078.97,6079.12,6078.97,6079.12,0
1734372200,6079.13,6079.13,6078.96,6078.96,0
1734372205,6078.91,6078.96,6078.88,6078.91,0
1734372210,6078.94,6078.95,6078.86,6078.94,0
1734372215,6078.98,6079.08,6078.98,6079.02,0
1734372220,6079.1,6079.11,6078.99,6079.11,0
1734372225,6079.16,6079.16,6078.95,6079.11,0
1734372230,6079.01,6079.08,6078.94,6079.0,0
1734372235,6078.96,6079.07,6078.96,6078.99,0
1734372240,6078.9,6079.07,6078.88,6079.07,0
1734372245,6079.08,6079.11,6078.88,6078.88,0
1734372250,6079.0,6079.02,6079.0,6079.0,0
1734372255,6078.96,6079.06,6078.9,6079.06,0
1734372260,6079.21,6079.31,6079.07,6079.31,0
1734372265,6079.27,6079.36,6079.27,6079.34,0
1734372270,6079.32,6079.38,6079.28,6079.3,0
1734372275,6079.27,6079.44,6079.22,6079.41,0
1734372280,6079.4,6079.58,6079.37,6079.58,0
1734372285,6079.65,6079.77,6079.64,6079.64,0
1734372290,6079.62,6079.72,6079.51,6079.72,0
1734372295,6079.8,6079.81,6079.63,6079.63,0
1734372300,6079.69,6079.72,6079.5,6079.5,0
1734372305,6079.57,6079.57,6079.4,6079.57,0
1734372310,6079.56,6079.68,6079.56,6079.64,0
1734372315,6079.59,6079.73,6079.57,6079.73,0
1734372320,6079.74,6079.75,6079.66,6079.66,0
1734372325,6079.57,6079.57,6079.41,6079.45,0
1734372330,6079.43,6080.12,6079.42,6080.12,0
1734372335,6080.5,6080.51,6080.33,6080.33,0
1734372340,6080.63,6080.88,6080.63,6080.88,0
1734372345,6080.74,6080.76,6080.63,6080.76,0
1734372350,6080.78,6080.91,6080.74,6080.74,0
1734372355,6080.94,6080.94,6080.73,6080.73,0
1734372360,6080.82,6080.89,6080.82,6080.82,0
1734372365,6080.91,6080.91,6080.81,6080.81,0
1734372370,6080.73,6080.9,6080.71,6080.87,0
1734372375,6080.85,6080.88,6080.41,6080.5,0
1734372380,6080.46,6080.46,6080.21,6080.21,0
1734372385,6080.34,6080.66,6080.34,6080.55,0
1734372390,6080.6,6080.76,6080.54,6080.76,0
1734372395,6080.61,6080.85,6080.61,6080.66,0
1734372400,6080.73,6080.73,6080.39,6080.39,0
1734372405,6080.46,6080.52,6080.35,6080.51,0
1734372410,6080.48,6080.56,6080.22,6080.22,0
1734372415,6080.29,6080.69,6080.29,6080.69,0
1734372420,6080.7,6080.87,6080.67,6080.87,0
1734372425,6080.9,6081.08,6080.9,6081.08,0
1734372430,6081.1,6081.1,6080.62,6080.62,0
1734372435,6080.61,6080.66,6080.57,6080.61,0
1734372440,6080.68,6080.75,6080.68,6080.7,0
1734372445,6080.73,6080.8,6080.62,6080.69,0
1734372450,6080.49,6080.49,6080.04,6080.04,0
1734372455,6080.03,6080.03,6079.96,6080.03,0
1734372460,6080.0,6080.3,6080.0,6080.3,0
1734372465,6080.43,6080.43,6080.22,6080.22,0
1734372470,6080.16,6080.16,6079.98,6080.13,0
1734372475,6080.12,6080.12,6080.0,6080.11,0
1734372480,6080.12,6080.16,6079.95,6079.95,0
1734372485,6079.97,6080.06,6079.75,6079.76,0
1734372490,6079.59,6079.78,6079.59,6079.7,0
1734372495,6079.75,6079.94,6079.75,6079.89,0
1734372500,6079.97,6080.31,6079.97,6080.22,0
1734372505,6080.14,6080.19,6080.02,6080.04,0
1734372510,6080.05,6080.05,6079.8,6079.8,0
1734372515,6079.77,6079.77,6079.69,6079.76,0
1734372520,6079.9,6080.27,6079.9,6080.18,0
1734372525,6080.19,6080.19,6080.05,6080.05,0
1734372530,6080.07,6080.15,6080.02,6080.15,0
1734372535,6080.17,6080.48,6080.17,6080.18,0
1734372540,6080.23,6080.29,6080.16,6080.29,0
1734372545,6080.36,6080.61,6080.36,6080.61,0
1734372550,6080.65,6080.68,6080.61,6080.61,0
1734372555,6080.62,6080.62,6080.47,6080.49,0
1734372560,6080.22,6080.39,6080.15,6080.15,0
1734372565,6080.25,6080.31,6080.06,6080.06,0
1734372570,6080.07,6080.18,6079.85,6079.85,0
1734372575,6079.91,6080.25,6079.9,6080.25,0
1734372580,6080.18,6080.38,6080.18,6080.21,0
1734372585,6080.33,6080.48,6080.33,6080.37,0
1734372590,6080.28,6080.3,6080.13,6080.25,0
1734372595,6080.11,6080.36,6080.11,6080.29,0
1734372600,6080.45,6080.45,6080.19,6080.29,0
1734372605,6080.2,6080.3,6080.2,6080.24,0
1734372610,6080.04,6080.04,6079.92,6079.99,0
1734372615,6080.0,6080.0,6079.82,6079.82,0
1734372620,6079.84,6079.87,6079.64,6079.76,0
1734372625,6079.86,6079.99,6079.82,6079.99,0
1734372630,6079.92,6079.94,6079.87,6079.94,0
1734372635,6079.84,6080.26,6079.84,6080.26,0
1734372640,6080.37,6080.37,6080.16,6080.16,0
1734372645,6080.13,6080.16,6080.1,6080.11,0
1734372650,6080.12,6080.7,6080.12,6080.7,0
1734372655,6080.59,6080.59,6080.45,6080.59,0
1734372660,6080.57,6080.57,6080.49,6080.49,0
1734372665,6080.51,6080.51,6080.42,6080.46,0
1734372670,6080.43,6080.69,6080.41,6080.69,0
1734372675,6080.73,6080.85,6080.73,6080.85,0
1734372680,6080.83,6080.87,6080.74,6080.75,0
1734372685,6080.76,6080.86,6080.67,6080.86,0
1734372690,6080.95,6080.95,6080.49,6080.49,0
1734372695,6080.33,6080.37,6080.27,6080.3,0
1734372700,6080.24,6080.46,6080.24,6080.27,0
1734372705,6080.46,6080.57,6080.41,6080.57,0
1734372710,6080.6,6080.67,6080.59,6080.66,0
1734372715,6080.64,6080.76,6080.64,6080.73,0
1734372720,6080.67,6080.68,6080.41,6080.41,0
1734372725,6080.63,6080.68,6080.58,6080.59,0
1734372730,6080.65,6080.72,6080.6,6080.6,0
1734372735,6080.78,6080.78,6080.67,6080.67,0
1734372740,6080.7,6080.7,6080.61,6080.62,0
1734372745,6080.6,6080.89,6080.6,6080.88,0
1734372750,6080.75,6080.85,6080.63,6080.79,0
1734372755,6080.73,6080.88,6080.66,6080.69,0
1734372760,6080.64,6080.7,6080.45,6080.53,0
1734372765,6080.51,6080.64,6080.51,6080.64,0
1734372770,6080.61,6080.67,6080.55,6080.55,0
1734372775,6080.49,6080.68,6080.44,6080.68,0
1734372780,6080.83,6080.87,6080.66,6080.7,0
1734372785,6080.61,6080.61,6080.52,6080.56,0
1734372790,6080.59,6080.6,6080.57,6080.57,0
1734372795,6080.58,6080.65,6080.53,6080.53,0
1734372800,6080.45,6080.58,6080.43,6080.43,0
1734372805,6080.5,6080.58,6080.5,6080.55,0
1734372810,6080.49,6080.56,6080.49,6080.55,0
1734372815,6080.54,6080.54,6080.38,6080.47,0
1734372820,6080.41,6080.64,6080.41,6080.64,0
1734372825,6080.6,6080.6,6080.44,6080.44,0
1734372830,6080.47,6080.55,6080.46,6080.52,0
1734372835,6080.49,6080.49,6080.3,6080.36,0
1734372840,6080.34,6080.44,6080.3,6080.3,0
1734372845,6080.23,6080.23,6080.13,6080.16,0
1734372850,6080.11,6080.11,6079.85,6079.89,0
1734372855,6079.81,6079.93,6079.81,6079.82,0
1734372860,6079.7,6079.7,6079.42,6079.53,0
1734372865,6079.45,6079.56,6079.37,6079.56,0
1734372870,6079.58,6079.65,6079.58,6079.58,0
1734372875,6079.54,6079.61,6079.53,6079.61,0
1734372880,6079.69,6079.85,6079.66,6079.85,0
1734372885,6079.87,6079.87,6079.81,6079.86,0
1734372890,6079.78,6079.84,6079.78,6079.81,0
1734372895,6079.96,6080.0,6079.92,6079.92,0
1734372900,6080.06,6080.06,6079.6,6079.6,0
1734372905,6079.68,6079.88,6079.68,6079.83,0
1734372910,6079.82,6080.02,6079.82,6080.02,0
1734372915,6079.97,6079.97,6079.87,6079.96,0
1734372920,6079.92,6079.93,6079.85,6079.85,0
1734372925,6079.92,6080.11,6079.92,6080.11,0
1734372930,6080.04,6080.14,6080.02,6080.14,0
1734372935,6080.23,6080.58,6080.23,6080.58,0
1734372940,6080.55,6080.55,6080.5,6080.5,0
1734372945,6080.59,6080.64,6080.45,6080.46,0
1734372950,6080.5,6080.51,6080.33,6080.38,0
1734372955,6080.31,6080.42,6080.31,6080.4,0
1734372960,6080.41,6080.41,6080.31,6080.31,0
1734372965,6080.37,6080.49,6080.34,6080.49,0
1734372970,6080.56,6080.56,6080.44,6080.45,0
1734372975,6080.48,6080.48,6080.27,6080.27,0
1734372980,6080.29,6080.29,6080.13,6080.23,0
1734372985,6080.18,6080.24,6080.15,6080.2,0
1734372990,6080.13,6080.18,6079.99,6079.99,0
1734372995,6080.07,6080.07,6079.82,6079.82,0
1734373000,6079.84,6079.9,6079.77,6079.77,0
1734373005,6079.82,6079.93,6079.76,6079.93,0
1734373010,6079.81,6079.86,6079.75,6079.86,0
1734373015,6079.93,6080.15,6079.93,6080.15,0
1734373020,6080.26,6080.41,6080.19,6080.41,0
1734373025,6080.38,6080.49,6080.37,6080.49,0
1734373030,6080.43,6080.43,6080.3,6080.31,0
1734373035,6080.4,6080.48,6080.39,6080.4,0
1734373040,6080.38,6080.39,6080.33,6080.36,0
1734373045,6080.39,6080.39,6080.29,6080.37,0
1734373050,6080.46,6080.49,6080.38,6080.45,0
1734373055,6080.7,6080.98,6080.7,6080.97,0
1734373060,6081.03,6081.03,6080.63,6080.71,0
1734373065,6080.62,6080.63,6080.51,6080.58,0
1734373070,6080.49,6080.52,6080.49,6080.5,0
1734373075,6080.41,6080.41,6080.27,6080.27,0
1734373080,6080.22,6080.45,6080.22,6080.38,0
1734373085,6080.39,6080.5,6080.39,6080.45,0
1734373090,6080.47,6080.49,6080.44,6080.46,0
1734373095,6080.49,6080.6,6080.47,6080.47,0
1734373100,6080.49,6080.51,6080.43,6080.43,0
1734373105,6080.44,6080.44,6080.41,6080.41,0
1734373110,6080.52,6080.52,6080.4,6080.49,0
1734373115,6080.48,6080.53,6080.45,6080.51,0
1734373120,6080.47,6080.59,6080.43,6080.43,0
1734373125,6080.37,6080.38,6080.16,6080.16,0
1734373130,6080.23,6080.41,6080.23,6080.35,0
1734373135,6080.32,6080.45,6080.32,6080.43,0
1734373140,6080.4,6080.41,6080.32,6080.4,0
1734373145,6080.45,6080.45,6080.37,6080.43,0
1734373150,6080.47,6080.67,6080.45,6080.59,0
1734373155,6080.58,6080.58,6080.36,6080.36,0
1734373160,6080.33,6080.57,6080.33,6080.56,0
1734373165,6080.54,6080.67,6080.54,6080.67,0
1734373170,6080.84,6081.0,6080.84,6081.0,0
1734373175,6081.04,6081.04,6081.01,6081.01,0
1734373180,6081.1,6081.51,6081.1,6081.51,0
1734373185,6081.39,6081.48,6081.37,6081.37,0
1734373190,6081.38,6081.55,6081.28,6081.47,0
1734373195,6081.5,6081.51,6081.46,6081.46,0
1734373200,6081.53,6081.56,6081.5,6081.5,0
1734373205,6081.51,6081.51,6081.41,6081.41,0
1734373210,6081.2,6081.43,6081.2,6081.43,0
1734373215,6081.3,6081.4,6081.29,6081.36,0
1734373220,6081.43,6081.43,6081.33,6081.36,0
1734373225,6081.4,6081.47,6081.38,6081.45,0
1734373230,6081.49,6081.49,6081.33,6081.33,0
1734373235,6081.36,6081.39,6081.21,6081.21,0
1734373240,6081.29,6081.29,6081.24,6081.29,0
1734373245,6081.34,6081.41,6081.34,6081.37,0
1734373250,6081.35,6081.35,6081.13,6081.13,0
1734373255,6081.16,6081.22,6081.15,6081.22,0
1734373260,6081.21,6081.22,6081.08,6081.08,0
1734373265,6081.14,6081.36,6081.14,6081.26,0
1734373270,6081.24,6081.36,6081.23,6081.23,0
1734373275,6081.21,6081.3,6081.21,6081.3,0
1734373280,6081.39,6081.62,6081.39,6081.52,0
1734373285,6081.4,6081.48,6081.4,6081.44,0
1734373290,6081.58,6081.58,6081.43,6081.53,0
1734373295,6081.57,6081.57,6081.5,6081.5,0
1734373300,6081.49,6081.58,6081.49,6081.5,0
1734373305,6081.7,6081.78,6081.6,6081.62,0
1734373310,6081.67,6081.75,6081.67,6081.68,0
1734373315,6081.72,6081.76,6081.65,6081.65,0
1734373320,6081.72,6081.73,6081.56,6081.56,0
1734373325,6081.58,6081.64,6081.55,6081.58,0
1734373330,6081.75,6081.84,6081.61,6081.84,0
1734373335,6081.88,6081.99,6081.81,6081.99,0
1734373340,6082.03,6082.03,6081.95,6081.97,0
1734373345,6082.16,6082.28,6082.16,6082.26,0
1734373350,6082.3,6082.38,6082.24,6082.24,0
1734373355,6082.16,6082.25,6082.13,6082.25,0
1734373360,6082.27,6082.27,6082.19,6082.26,0
1734373365,6082.32,6082.37,6082.26,6082.37,0
1734373370,6082.47,6082.55,6082.45,6082.55,0
1734373375,6082.48,6082.61,6082.46,6082.59,0
1734373380,6082.63,6082.82,6082.63,6082.82,0
1734373385,6082.74,6082.74,6082.67,6082.72,0
1734373390,6082.79,6082.89,6082.77,6082.86,0
1734373395,6082.89,6083.23,6082.89,6083.23,0
1734373400,6083.21,6083.21,6083.11,6083.11,0
1734373405,6083.13,6083.19,6083.07,6083.17,0
1734373410,6083.16,6083.19,6083.08,6083.08,0
1734373415,6083.1,6083.1,6082.74,6082.81,0
1734373420,6082.83,6082.85,6082.76,6082.76,0
1734373425,6082.69,6082.69,6082.58,6082.58,0
1734373430,6082.54,6082.56,6082.48,6082.5,0
1734373435,6082.53,6082.61,6082.48,6082.48,0
1734373440,6082.46,6082.73,6082.46,6082.73,0
1734373445,6082.79,6082.82,6082.65,6082.68,0
1734373450,6082.79,6083.16,6082.79,6083.16,0
1734373455,6083.29,6083.36,6083.25,6083.3,0
1734373460,6083.36,6083.36,6083.17,6083.32,0
1734373465,6083.25,6083.48,6083.25,6083.32,0
1734373470,6083.26,6083.28,6083.22,6083.28,0
1734373475,6083.31,6083.41,6083.29,6083.29,0
1734373480,6083.24,6083.24,6083.18,6083.22,0
1734373485,6083.24,6083.32,6083.13,6083.32,0
1734373490,6083.29,6083.44,6083.29,6083.39,0
1734373495,6083.21,6083.25,6083.1,6083.1,0
1734373500,6083.09,6083.49,6083.09,6083.3,0
1734373505,6083.47,6083.6,6083.39,6083.39,0
1734373510,6083.34,6083.36,6082.99,6083.01,0
1734373515,6083.05,6083.38,6083.05,6083.38,0
1734373520,6083.46,6083.58,6083.46,6083.5,0
1734373525,6083.53,6083.59,6083.45,6083.49,0
1734373530,6083.53,6083.53,6083.46,6083.51,0
1734373535,6083.35,6083.44,6083.21,6083.21,0
1734373540,6083.13,6083.13,6082.87,6082.91,0
1734373545,6083.08,6083.17,6082.83,6082.83,0
1734373550,6082.85,6082.86,6082.71,6082.86,0
1734373555,6082.76,6082.89,6082.76,6082.81,0
1734373560,6082.9,6083.02,6082.9,6082.94,0
1734373565,6082.92,6083.03,6082.86,6083.01,0
1734373570,6083.13,6083.26,6083.13,6083.26,0
1734373575,6083.29,6083.32,6083.26,6083.26,0
1734373580,6083.25,6083.25,6083.03,6083.19,0
1734373585,6083.25,6083.49,6083.25,6083.4,0
1734373590,6083.39,6083.48,6083.38,6083.44,0
1734373595,6083.37,6083.55,6083.37,6083.55,0
1734373600,6083.51,6083.51,6083.34,6083.41,0
1734373605,6083.44,6083.53,6083.29,6083.29,0
1734373610,6083.28,6083.29,6083.22,6083.22,0
1734373615,6083.37,6083.38,6083.29,6083.29,0
1734373620,6083.37,6083.37,6083.11,6083.14,0
1734373625,6083.21,6083.55,6083.21,6083.55,0
1734373630,6083.47,6083.48,6083.39,6083.39,0
1734373635,6083.36,6083.38,6083.33,6083.33,0
1734373640,6083.34,6083.37,6083.28,6083.37,0
1734373645,6083.44,6083.44,6083.18,6083.19,0
1734373650,6083.21,6083.37,6083.21,6083.37,0
1734373655,6083.38,6083.44,6083.31,6083.4,0
1734373660,6083.31,6083.38,6083.25,6083.38,0
1734373665,6083.36,6083.36,6083.23,6083.23,0
1734373670,6083.3,6083.3,6083.19,6083.23,0
1734373675,6083.28,6083.28,6083.13,6083.14,0
1734373680,6083.01,6083.15,6082.99,6082.99,0
1734373685,6083.03,6083.24,6083.03,6083.21,0
1734373690,6083.25,6083.25,6083.02,6083.02,0
1734373695,6082.97,6082.97,6082.8,6082.94,0
1734373700,6082.98,6082.98,6082.86,6082.94,0
1734373705,6082.9,6083.17,6082.9,6083.17,0
1734373710,6083.16,6083.32,6083.16,6083.32,0
1734373715,6083.29,6083.43,6083.21,6083.21,0
1734373720,6083.29,6083.43,6083.29,6083.36,0
1734373725,6083.43,6083.43,6083.37,6083.4,0
1734373730,6083.35,6083.44,6083.35,6083.44,0
1734373735,6083.41,6083.49,6083.41,6083.49,0
1734373740,6083.43,6083.54,6083.43,6083.52,0
1734373745,6083.55,6083.55,6083.36,6083.36,0
1734373750,6083.41,6083.41,6083.37,6083.37,0
1734373755,6083.38,6083.43,6083.37,6083.37,0
1734373760,6083.32,6083.32,6083.21,6083.24,0
1734373765,6083.2,6083.2,6083.07,6083.07,0
1734373770,6083.11,6083.24,6083.07,6083.15,0
1734373775,6083.17,6083.27,6083.17,6083.27,0
1734373780,6083.11,6083.34,6083.11,6083.34,0
1734373785,6083.3,6083.3,6083.22,6083.27,0
1734373790,6083.32,6083.43,6083.32,6083.43,0
1734373795,6083.47,6083.54,6083.47,6083.5,0
1734373800,6083.4,6083.56,6083.4,6083.56,0
1734373805,6083.45,6083.57,6083.45,6083.5,0
1734373810,6083.53,6083.53,6083.16,6083.16,0
1734373815,6083.22,6083.34,6083.22,6083.28,0
1734373820,6083.2,6083.32,6083.2,6083.32,0
1734373825,6083.42,6083.49,6083.42,6083.43,0
1734373830,6083.55,6083.55,6083.26,6083.33,0
1734373835,6083.29,6083.32,6083.23,6083.23,0
1734373840,6083.13,6083.28,6083.13,6083.28,0
1734373845,6083.26,6083.6,6083.26,6083.6,0
1734373850,6083.59,6083.62,6083.39,6083.62,0
1734373855,6083.8,6083.97,6083.8,6083.95,0
1734373860,6083.89,6084.02,6083.89,6084.02,0
1734373865,6083.91,6084.0,6083.69,6083.69,0
1734373870,6083.59,6083.7,6083.57,6083.7,0
1734373875,6083.73,6083.73,6083.5,6083.5,0
1734373880,6083.44,6083.44,6083.21,6083.28,0
1734373885,6083.38,6083.38,6083.05,6083.09,0
1734373890,6083.15,6083.28,6083.15,6083.26,0
1734373895,6083.22,6083.37,6083.22,6083.37,0
1734373900,6083.51,6083.51,6083.22,6083.22,0
1734373905,6083.31,6083.46,6083.31,6083.39,0
1734373910,6083.37,6083.44,6083.35,6083.44,0
1734373915,6083.38,6083.38,6083.31,6083.36,0
1734373920,6083.28,6083.3,6083.01,6083.01,0
1734373925,6082.96,6083.11,6082.96,6083.11,0
1734373930,6083.21,6083.31,6083.21,6083.28,0
1734373935,6083.27,6083.27,6083.01,6083.05,0
1734373940,6083.06,6083.06,6082.88,6082.88,0
1734373945,6082.97,6083.08,6082.96,6082.99,0
1734373950,6082.93,6083.19,6082.91,6082.91,0
1734373955,6082.97,6083.13,6082.94,6082.94,0
1734373960,6082.92,6082.92,6082.66,6082.66,0
1734373965,6082.41,6082.41,6082.19,6082.38,0
1734373970,6082.36,6082.55,6082.36,6082.55,0
1734373975,6082.57,6082.64,6082.57,6082.61,0
1734373980,6082.5,6082.85,6082.5,6082.65,0
1734373985,6082.4,6082.42,6082.37,6082.37,0
1734373990,6082.26,6082.4,6082.23,6082.4,0
1734373995,6082.52,6082.59,6082.49,6082.55,0
1734374000,6082.58,6082.71,6082.58,6082.68,0
1734374005,6082.69,6082.88,6082.69,6082.85,0
1734374010,6082.82,6082.82,6082.73,6082.73,0
1734374015,6082.67,6082.67,6082.49,6082.49,0
1734374020,6082.45,6082.51,6082.45,6082.51,0
1734374025,6082.49,6082.52,6082.41,6082.41,0
1734374030,6082.38,6082.87,6082.38,6082.87,0
1734374035,6082.82,6082.86,6082.81,6082.84,0
1734374040,6082.75,6082.82,6082.67,6082.67,0
1734374045,6082.73,6082.73,6082.59,6082.59,0
1734374050,6082.68,6082.72,6082.66,6082.69,0
1734374055,6082.67,6082.69,6082.58,6082.6,0
1734374060,6082.58,6082.69,6082.47,6082.69,0
1734374065,6082.51,6082.56,6082.3,6082.32,0
1734374070,6082.29,6082.33,6081.75,6081.75,0
1734374075,6081.69,6081.75,6081.69,6081.75,0
1734374080,6081.62,6081.62,6081.44,6081.62,0
1734374085,6081.56,6081.56,6081.18,6081.43,0
1734374090,6081.33,6081.56,6081.33,6081.56,0
1734374095,6081.59,6081.82,6081.59,6081.82,0
1734374100,6081.85,6081.85,6081.67,6081.82,0
1734374105,6081.6,6081.72,6081.47,6081.47,0
1734374110,6081.39,6081.52,6081.39,6081.41,0
1734374115,6081.53,6081.82,6081.53,6081.76,0
1734374120,6081.72,6081.72,6081.4,6081.49,0
1734374125,6081.48,6081.55,6081.45,6081.55,0
1734374130,6081.61,6081.75,6081.61,6081.73,0
1734374135,6081.67,6081.75,6081.59,6081.75,0
1734374140,6081.84,6081.84,6081.78,6081.81,0
1734374145,6082.01,6082.2,6082.01,6082.18,0
1734374150,6082.11,6082.17,6082.05,6082.12,0
1734374155,6082.18,6082.27,6082.15,6082.15,0
1734374160,6082.2,6082.2,6082.02,6082.2,0
1734374165,6082.23,6082.26,6082.08,6082.19,0
1734374170,6082.1,6082.1,6082.01,6082.05,0
1734374175,6082.13,6082.13,6082.04,6082.06,0
1734374180,6082.08,6082.11,6081.91,6082.11,0
1734374185,6082.1,6082.18,6082.09,6082.18,0
1734374190,6082.16,6082.16,6081.79,6081.79,0
1734374195,6081.8,6081.9,6081.8,6081.9,0
1734374200,6081.95,6081.95,6081.7,6081.71,0
1734374205,6081.75,6082.03,6081.75,6082.03,0
1734374210,6082.11,6082.21,6082.03,6082.21,0
1734374215,6082.15,6082.22,6082.08,6082.08,0
1734374220,6082.22,6082.38,6082.22,6082.3,0
1734374225,6082.13,6082.13,6081.91,6082.01,0
1734374230,6081.99,6082.0,6081.92,6081.97,0
1734374235,6081.9,6082.0,6081.9,6081.93,0
1734374240,6081.89,6082.14,6081.89,6082.14,0
1734374245,6082.11,6082.11,6081.82,6081.85,0
1734374250,6081.75,6081.75,6081.5,6081.55,0
1734374255,6081.5,6081.62,6081.5,6081.62,0
1734374260,6081.57,6081.57,6081.35,6081.4,0
1734374265,6081.36,6082.11,6081.34,6082.1,0
1734374270,6082.17,6082.21,6082.07,6082.07,0
1734374275,6082.03,6082.14,6082.02,6082.14,0
1734374280,6082.12,6082.17,6082.02,6082.17,0
1734374285,6082.26,6082.32,6082.06,6082.06,0
1734374290,6081.98,6081.98,6081.88,6081.88,0
1734374295,6081.73,6081.73,6081.56,6081.68,0
1734374300,6081.64,6081.77,6081.61,6081.61,0
1734374305,6081.58,6081.66,6081.52,6081.52,0
1734374310,6081.55,6081.66,6081.54,6081.62,0
1734374315,6081.51,6081.52,6081.24,6081.24,0
1734374320,6081.22,6081.31,6081.17,6081.31,0
1734374325,6081.39,6081.39,6081.25,6081.25,0
1734374330,6081.16,6081.16,6080.95,6080.95,0
1734374335,6081.03,6081.07,6080.95,6081.07,0
1734374340,6081.01,6081.01,6080.94,6080.94,0
1734374345,6080.97,6081.0,6080.74,6081.0,0
1734374350,6081.13,6081.42,6081.13,6081.38,0
1734374355,6081.43,6081.6,6081.43,6081.6,0
1734374360,6081.62,6081.62,6081.39,6081.42,0
1734374365,6081.45,6081.47,6081.38,6081.38,0
1734374370,6081.35,6081.4,6081.26,6081.4,0
1734374375,6081.29,6081.29,6081.23,6081.23,0
1734374380,6081.22,6081.31,6081.19,6081.31,0
1734374385,6081.36,6081.39,6081.18,6081.18,0
1734374390,6081.19,6081.36,6081.19,6081.36,0
1734374395,6081.27,6081.27,6081.19,6081.24,0
1734374400,6081.2,6081.44,6081.2,6081.39,0
1734374405,6081.5,6081.65,6081.5,6081.54,0
1734374410,6081.57,6081.59,6081.41,6081.41,0
1734374415,6081.43,6081.43,6081.3,6081.41,0
1734374420,6081.33,6081.33,6081.18,6081.24,0
1734374425,6081.26,6081.27,6081.03,6081.07,0
1734374430,6081.17,6081.25,6081.12,6081.25,0
1734374435,6081.23,6081.48,6081.23,6081.48,0
1734374440,6081.6,6081.7,6081.57,6081.57,0
1734374445,6081.64,6081.68,6081.56,6081.62,0
1734374450,6081.52,6081.65,6081.52,6081.58,0
1734374455,6081.55,6081.55,6081.25,6081.28,0
1734374460,6081.24,6081.31,6081.24,6081.31,0
1734374465,6081.3,6081.45,6081.28,6081.45,0
1734374470,6081.47,6081.47,6081.31,6081.31,0
1734374475,6081.39,6081.39,6081.27,6081.27,0
1734374480,6081.28,6081.52,6081.25,6081.52,0
1734374485,6081.6,6081.71,6081.6,6081.71,0
1734374490,6081.72,6081.87,6081.72,6081.85,0
1734374495,6081.89,6081.94,6081.71,6081.71,0
1734374500,6081.74,6081.74,6081.61,6081.61,0
1734374505,6081.64,6081.85,6081.64,6081.85,0
1734374510,6081.9,6082.17,6081.9,6082.06,0
1734374515,6082.04,6082.12,6082.0,6082.01,0
1734374520,6082.06,6082.06,6081.88,6081.89,0
1734374525,6081.92,6081.92,6081.66,6081.68,0
1734374530,6081.66,6081.76,6081.66,6081.71,0
1734374535,6081.69,6081.8,6081.64,6081.8,0
1734374540,6081.74,6081.81,6081.74,6081.81,0
1734374545,6081.84,6081.89,6081.84,6081.85,0
1734374550,6081.82,6081.88,6081.79,6081.88,0
1734374555,6081.85,6081.85,6081.77,6081.78,0
1734374560,6081.8,6081.96,6081.76,6081.83,0
1734374565,6081.9,6081.9,6081.75,6081.75,0
1734374570,6081.82,6081.85,6081.76,6081.76,0
1734374575,6081.72,6081.91,6081.63,6081.91,0
1734374580,6081.85,6081.96,6081.84,6081.96,0
1734374585,6082.06,6082.06,6081.97,6082.04,0
1734374590,6082.05,6082.11,6082.05,6082.07,0
1734374595,6082.04,6082.05,6081.97,6082.02,0
1734374600,6082.01,6082.01,6081.91,6081.97,0
1734374605,6081.9,6082.0,6081.8,6081.9,0
1734374610,6081.87,6081.87,6081.39,6081.39,0
1734374615,6081.2,6081.59,6081.2,6081.59,0
1734374620,6081.65,6081.88,6081.65,6081.88,0
1734374625,6081.84,6081.84,6081.8,6081.81,0
1734374630,6081.87,6081.98,6081.86,6081.96,0
1734374635,6082.0,6082.11,6081.96,6082.11,0
1734374640,6082.17,6082.46,6082.17,6082.46,0
1734374645,6082.49,6082.79,6082.49,6082.79,0
1734374650,6082.86,6083.0,6082.86,6083.0,0
1734374655,6083.03,6083.08,6082.91,6082.96,0
1734374660,6083.06,6083.06,6082.75,6082.77,0
1734374665,6082.74,6082.74,6082.69,6082.69,0
1734374670,6082.43,6082.43,6082.13,6082.13,0
1734374675,6082.11,6082.13,6082.09,6082.12,0
1734374680,6082.17,6082.34,6082.17,6082.32,0
1734374685,6082.17,6082.36,6082.17,6082.36,0
1734374690,6082.44,6082.68,6082.44,6082.62,0
1734374695,6082.65,6082.97,6082.54,6082.97,0
1734374700,6083.0,6083.04,6082.98,6082.99,0
1734374705,6082.83,6082.96,6082.82,6082.96,0
1734374710,6082.94,6083.07,6082.91,6083.07,0
1734374715,6083.06,6083.2,6083.06,6083.19,0
1734374720,6083.11,6083.11,6082.96,6083.11,0
1734374725,6083.0,6083.05,6082.95,6083.05,0
1734374730,6083.11,6083.13,6083.04,6083.04,0
1734374735,6083.0,6083.06,6082.89,6083.01,0
1734374740,6083.05,6083.05,6082.95,6083.0,0
1734374745,6083.02,6083.18,6083.02,6083.18,0
1734374750,6083.26,6083.26,6083.0,6083.21,0
1734374755,6083.14,6083.14,6082.85,6082.88,0
1734374760,6082.89,6082.97,6082.89,6082.97,0
1734374765,6082.88,6082.91,6082.88,6082.91,0
1734374770,6082.81,6082.86,6082.79,6082.83,0
1734374775,6082.97,6082.97,6082.85,6082.85,0
1734374780,6082.89,6082.9,6082.77,6082.77,0
1734374785,6082.56,6082.6,6082.54,6082.54,0
1734374790,6082.52,6082.54,6082.44,6082.44,0
1734374795,6082.51,6082.61,6082.42,6082.6,0
1734374800,6082.55,6082.99,6082.55,6082.99,0
1734374805,6082.88,6082.95,6082.88,6082.9,0
1734374810,6082.78,6082.8,6082.75,6082.75,0
1734374815,6082.83,6083.15,6082.82,6083.15,0
1734374820,6083.04,6083.08,6082.99,6083.08,0
1734374825,6082.93,6082.98,6082.76,6082.98,0
1734374830,6082.97,6083.04,6082.96,6082.96,0
1734374835,6082.95,6083.07,6082.95,6083.07,0
1734374840,6083.11,6083.11,6083.01,6083.06,0
1734374845,6083.02,6083.02,6082.93,6082.93,0
1734374850,6082.92,6083.11,6082.92,6083.02,0
1734374855,6082.99,6083.08,6082.98,6082.98,0
1734374860,6083.04,6083.07,6082.99,6082.99,0
1734374865,6082.98,6082.98,6082.96,6082.97,0
1734374870,6083.05,6083.14,6083.05,6083.12,0
1734374875,6083.22,6083.22,6082.97,6082.97,0
1734374880,6083.02,6083.02,6082.81,6082.81,0
1734374885,6082.95,6082.96,6082.91,6082.96,0
1734374890,6082.82,6082.88,6082.69,6082.69,0
1734374895,6082.74,6082.82,6082.74,6082.78,0
1734374900,6082.91,6083.04,6082.91,6082.98,0
1734374905,6083.03,6083.03,6082.69,6082.69,0
1734374910,6082.7,6082.84,6082.7,6082.78,0
1734374915,6082.8,6082.8,6082.45,6082.61,0
1734374920,6082.6,6082.63,6082.5,6082.63,0
1734374925,6082.66,6082.83,6082.66,6082.83,0
1734374930,6082.77,6082.78,6082.67,6082.67,0
1734374935,6082.6,6082.72,6082.58,6082.58,0
1734374940,6082.54,6082.54,6082.22,6082.22,0
1734374945,6081.98,6082.11,6081.98,6082.07,0
1734374950,6082.23,6082.23,6081.96,6082.08,0
1734374955,6082.01,6082.23,6082.01,6082.23,0
1734374960,6082.17,6082.2,6082.09,6082.2,0
1734374965,6082.13,6082.28,6082.13,6082.28,0
1734374970,6082.19,6082.29,6082.14,6082.14,0
1734374975,6082.19,6082.19,6082.12,6082.12,0
1734374980,6082.24,6082.97,6082.24,6082.97,0
1734374985,6082.86,6082.91,6082.78,6082.78,0
1734374990,6082.61,6082.75,6082.61,6082.63,0
1734374995,6082.54,6082.67,6082.54,6082.6,0
1734375000,6082.76,6082.81,6082.74,6082.75,0
1734375005,6082.74,6083.08,6082.68,6083.07,0
1734375010,6083.27,6083.59,6083.27,6083.48,0
1734375015,6083.47,6083.47,6083.37,6083.44,0
1734375020,6083.52,6083.66,6083.52,6083.58,0
1734375025,6083.59,6083.6,6083.47,6083.47,0
1734375030,6083.56,6083.64,6083.55,6083.61,0
1734375035,6083.52,6083.52,6082.88,6082.88,0
1734375040,6082.91,6083.09,6082.83,6083.04,0
1734375045,6083.1,6083.1,6082.91,6082.91,0
1734375050,6082.85,6082.9,6082.85,6082.87,0
1734375055,6082.9,6082.9,6082.67,6082.67,0
1734375060,6082.6,6082.6,6082.34,6082.34,0
1734375065,6082.51,6082.51,6082.39,6082.39,0
1734375070,6082.45,6082.5,6082.4,6082.47,0
1734375075,6082.65,6082.71,6082.54,6082.54,0
1734375080,6082.53,6082.85,6082.53,6082.85,0
1734375085,6082.84,6082.84,6082.67,6082.67,0
1734375090,6082.66,6082.66,6082.51,6082.51,0
1734375095,6082.45,6082.53,6082.36,6082.36,0
1734375100,6082.18,6082.37,6082.15,6082.37,0
1734375105,6082.35,6082.54,6082.28,6082.52,0
1734375110,6082.49,6082.49,6082.4,6082.46,0
1734375115,6082.48,6082.66,6082.48,6082.58,0
1734375120,6082.55,6082.55,6082.35,6082.39,0
1734375125,6082.27,6082.27,6082.11,6082.16,0
1734375130,6082.24,6082.34,6082.19,6082.34,0
1734375135,6082.43,6082.57,6082.43,6082.57,0
1734375140,6082.44,6082.52,6082.36,6082.36,0
1734375145,6082.57,6082.71,6082.57,6082.71,0
1734375150,6082.78,6082.85,6082.74,6082.74,0
1734375155,6082.89,6082.9,6082.68,6082.78,0
1734375160,6082.79,6082.89,6082.75,6082.75,0
1734375165,6082.8,6082.8,6082.74,6082.77,0
1734375170,6082.81,6082.88,6082.81,6082.87,0
1734375175,6083.08,6083.36,6083.08,6083.36,0
1734375180,6083.32,6083.57,6083.32,6083.48,0
1734375185,6083.3,6083.3,6082.99,6083.07,0
1734375190,6083.05,6083.18,6083.05,6083.18,0
1734375195,6083.3,6083.44,6083.3,6083.32,0
1734375200,6083.24,6083.24,6083.15,6083.19,0
1734375205,6083.26,6083.39,6083.26,6083.39,0
1734375210,6083.3,6083.39,6083.25,6083.34,0
1734375215,6083.33,6083.33,6083.2,6083.31,0
1734375220,6083.25,6083.29,6083.18,6083.18,0
1734375225,6083.17,6083.19,6082.93,6082.93,0
1734375230,6083.04,6083.13,6082.96,6083.13,0
1734375235,6083.09,6083.16,6082.98,6083.0,0
1734375240,6082.97,6083.08,6082.97,6083.05,0
1734375245,6083.09,6083.14,6083.05,6083.05,0
1734375250,6083.03,6083.09,6083.02,6083.02,0
1734375255,6083.06,6083.06,6082.91,6083.02,0
1734375260,6083.03,6083.23,6083.03,6083.2,0
1734375265,6083.26,6083.26,6083.14,6083.18,0
1734375270,6083.17,6083.17,6082.98,6083.14,0
1734375275,6083.18,6083.28,6083.18,6083.23,0
1734375280,6083.17,6083.27,6083.17,6083.27,0
1734375285,6083.28,6083.3,6083.22,6083.22,0
1734375290,6083.23,6083.39,6083.1,6083.39,0
1734375295,6083.31,6083.36,6083.14,6083.14,0
1734375300,6083.17,6083.18,6082.96,6082.96,0
1734375305,6082.91,6082.93,6082.83,6082.83,0
1734375310,6082.81,6082.92,6082.7,6082.92,0
1734375315,6082.91,6082.91,6082.79,6082.79,0
1734375320,6082.76,6083.08,6082.76,6083.08,0
1734375325,6083.07,6083.2,6083.06,6083.2,0
1734375330,6083.27,6083.46,6083.27,6083.46,0
1734375335,6083.47,6083.47,6083.41,6083.43,0
1734375340,6083.44,6083.5,6083.44,6083.5,0
1734375345,6083.62,6083.62,6083.42,6083.42,0
1734375350,6083.61,6083.65,6083.6,6083.65,0
1734375355,6083.67,6083.81,6083.67,6083.68,0
1734375360,6083.7,6083.74,6083.61,6083.69,0
1734375365,6083.66,6083.73,6083.49,6083.49,0
1734375370,6083.51,6083.66,6083.51,6083.66,0
1734375375,6083.58,6083.6,6083.42,6083.44,0
1734375380,6083.48,6083.48,6083.38,6083.47,0
1734375385,6083.42,6083.65,6083.4,6083.63,0
1734375390,6083.74,6083.74,6083.58,6083.7,0
1734375395,6083.69,6083.7,6083.63,6083.7,0
1734375400,6083.68,6083.76,6083.68,6083.75,0
1734375405,6083.74,6083.75,6083.68,6083.68,0
1734375410,6083.72,6083.72,6083.52,6083.52,0
1734375415,6083.5,6083.63,6083.5,6083.63,0
1734375420,6083.69,6083.72,6083.67,6083.68,0
1734375425,6083.7,6084.0,6083.65,6084.0,0
1734375430,6084.08,6084.08,6083.92,6083.92,0
1734375435,6083.97,6083.97,6083.86,6083.86,0
1734375440,6083.87,6083.87,6083.39,6083.39,0
1734375445,6083.49,6083.49,6083.33,6083.33,0
1734375450,6083.4,6083.4,6083.23,6083.23,0
1734375455,6083.24,6083.43,6083.21,6083.43,0
1734375460,6083.39,6083.5,6083.3,6083.3,0
1734375465,6083.07,6083.21,6083.04,6083.1,0
1734375470,6083.05,6083.12,6083.03,6083.12,0
1734375475,6083.17,6083.39,6083.17,6083.39,0
1734375480,6083.48,6083.48,6083.33,6083.33,0
1734375485,6083.41,6083.47,6083.41,6083.47,0
1734375490,6083.28,6083.35,6083.28,6083.33,0
1734375495,6083.22,6083.22,6083.12,6083.12,0
1734375500,6083.14,6083.14,6082.94,6082.94,0
1734375505,6083.02,6083.32,6083.02,6083.32,0
1734375510,6083.16,6083.34,6083.12,6083.33,0
1734375515,6083.35,6083.38,6083.31,6083.38,0
1734375520,6083.42,6083.43,6083.26,6083.4,0
1734375525,6083.46,6083.54,6083.46,6083.54,0
1734375530,6083.52,6083.52,6083.28,6083.28,0
1734375535,6083.32,6083.32,6083.21,6083.21,0
1734375540,6083.19,6083.22,6083.15,6083.19,0
1734375545,6083.08,6083.38,6083.08,6083.38,0
1734375550,6083.44,6083.51,6083.41,6083.51,0
1734375555,6083.54,6083.54,6083.41,6083.43,0
1734375560,6083.41,6083.44,6083.3,6083.32,0
1734375565,6083.33,6083.59,6083.3,6083.51,0
1734375570,6083.46,6083.66,6083.46,6083.53,0
1734375575,6083.49,6083.49,6083.33,6083.35,0
1734375580,6083.33,6083.42,6083.33,6083.33,0
1734375585,6083.36,6083.45,6083.11,6083.11,0
1734375590,6083.17,6083.35,6083.17,6083.21,0
1734375595,6083.14,6083.17,6083.02,6083.02,0
1734375600,6082.9,6082.93,6082.58,6082.58,0
1734375605,6082.62,6082.92,6082.62,6082.8,0
1734375610,6082.85,6082.86,6082.56,6082.56,0
1734375615,6082.41,6082.42,6082.32,6082.41,0
1734375620,6082.37,6082.38,6082.29,6082.33,0
1734375625,6082.15,6082.16,6081.89,6081.89,0
1734375630,6081.99,6081.99,6081.62,6081.62,0
1734375635,6081.59,6081.59,6081.44,6081.57,0
1734375640,6081.62,6081.64,6081.51,6081.53,0
1734375645,6081.54,6081.54,6081.31,6081.31,0
1734375650,6081.23,6081.35,6081.21,6081.35,0
1734375655,6081.37,6081.48,6081.37,6081.48,0
1734375660,6081.54,6081.62,6081.32,6081.32,0
1734375665,6081.19,6081.33,6081.17,6081.33,0
1734375670,6081.38,6081.51,6081.37,6081.49,0
1734375675,6081.7,6082.31,6081.7,6081.96,0
1734375680,6082.06,6082.45,6082.06,6082.4,0
1734375685,6082.43,6082.43,6082.05,6082.05,0
1734375690,6082.06,6082.26,6082.06,6082.26,0
1734375695,6082.23,6082.26,6082.16,6082.25,0
1734375700,6082.23,6082.46,6082.23,6082.25,0
1734375705,6082.41,6082.43,6082.17,6082.17,0
1734375710,6082.18,6082.26,6082.11,6082.26,0
1734375715,6082.35,6082.41,6082.34,6082.39,0
1734375720,6082.47,6082.76,6082.47,6082.62,0
1734375725,6082.72,6082.72,6082.56,6082.58,0
1734375730,6082.42,6082.42,6082.2,6082.28,0
1734375735,6082.25,6082.4,6082.2,6082.28,0
1734375740,6082.25,6082.25,6082.01,6082.01,0
1734375745,6082.08,6082.08,6081.95,6081.96,0
1734375750,6082.04,6082.12,6082.03,6082.03,0
1734375755,6082.05,6082.05,6081.96,6082.01,0
1734375760,6081.96,6081.96,6081.78,6081.78,0
1734375765,6081.75,6081.75,6081.42,6081.42,0
1734375770,6081.39,6081.39,6081.17,6081.17,0
1734375775,6081.16,6081.23,6081.15,6081.23,0
1734375780,6081.29,6081.65,6081.29,6081.65,0
1734375785,6081.57,6081.7,6081.57,6081.6,0
1734375790,6081.55,6081.55,6081.45,6081.48,0
1734375795,6081.46,6081.46,6081.3,6081.35,0
1734375800,6081.38,6081.39,6081.26,6081.39,0
1734375805,6081.32,6081.34,6081.19,6081.31,0
1734375810,6081.33,6081.33,6081.06,6081.06,0
1734375815,6081.1,6081.12,6080.94,6080.94,0
1734375820,6080.96,6080.96,6080.76,6080.8,0
1734375825,6080.76,6080.82,6080.7,6080.78,0
1734375830,6080.84,6080.87,6080.77,6080.77,0
1734375835,6080.76,6080.77,6080.58,6080.58,0
1734375840,6080.64,6081.15,6080.64,6081.15,0
1734375845,6081.13,6081.19,6081.08,6081.09,0
1734375850,6081.07,6081.07,6080.93,6080.93,0
1734375855,6080.97,6080.97,6080.76,6080.76,0
1734375860,6080.68,6080.8,6080.57,6080.57,0
1734375865,6080.6,6080.72,6080.58,6080.72,0
1734375870,6080.69,6080.84,6080.67,6080.68,0
1734375875,6080.71,6080.71,6080.61,6080.65,0
1734375880,6080.64,6080.76,6080.61,6080.61,0
1734375885,6080.62,6080.79,6080.62,6080.79,0
1734375890,6080.85,6081.08,6080.85,6081.01,0
1734375895,6081.1,6081.2,6081.1,6081.14,0
1734375900,6081.11,6081.11,6080.86,6080.86,0
1734375905,6080.91,6081.01,6080.83,6081.01,0
1734375910,6080.86,6080.92,6080.81,6080.92,0
1734375915,6080.83,6080.95,6080.77,6080.77,0
1734375920,6080.82,6080.99,6080.69,6080.99,0
1734375925,6081.04,6081.04,6080.95,6081.04,0
1734375930,6081.02,6081.29,6080.91,6081.29,0
1734375935,6081.22,6081.22,6081.12,6081.19,0
1734375940,6081.14,6081.36,6081.14,6081.36,0
1734375945,6081.43,6081.44,6081.36,6081.44,0
1734375950,6081.51,6081.58,6081.51,6081.58,0
1734375955,6081.9,6082.03,6081.9,6081.99,0
1734375960,6081.96,6081.96,6081.81,6081.81,0
1734375965,6081.84,6081.84,6081.63,6081.69,0
1734375970,6081.47,6081.56,6081.47,6081.47,0
1734375975,6081.6,6081.6,6081.4,6081.4,0
1734375980,6081.35,6081.45,6081.35,6081.43,0
1734375985,6081.49,6081.59,6081.49,6081.59,0
1734375990,6081.42,6081.42,6081.13,6081.13,0
1734375995,6081.09,6081.14,6081.05,6081.13,0
1734376000,6081.04,6081.07,6080.86,6080.86,0
1734376005,6080.81,6080.94,6080.77,6080.94,0
1734376010,6080.85,6080.85,6080.71,6080.78,0
1734376015,6080.82,6080.87,6080.82,6080.83,0
1734376020,6080.81,6080.81,6080.6,6080.63,0
1734376025,6080.62,6080.84,6080.62,6080.78,0
1734376030,6080.9,6081.21,6080.9,6081.21,0
1734376035,6081.19,6081.19,6081.12,6081.18,0
1734376040,6081.25,6081.32,6081.16,6081.16,0
1734376045,6081.35,6081.36,6081.22,6081.25,0
1734376050,6081.02,6081.24,6081.02,6081.24,0
1734376055,6081.16,6081.35,6081.16,6081.31,0
1734376060,6081.24,6081.31,6081.11,6081.26,0
1734376065,6081.2,6081.48,6081.2,6081.22,0
1734376070,6081.21,6081.25,6081.12,6081.12,0
1734376075,6081.0,6081.23,6081.0,6081.16,0
1734376080,6081.13,6081.24,6081.13,6081.24,0
1734376085,6081.21,6081.21,6080.99,6080.99,0
1734376090,6081.01,6081.08,6080.83,6080.83,0
1734376095,6080.94,6081.16,6080.91,6081.16,0
1734376100,6081.22,6081.37,6081.22,6081.37,0
1734376105,6081.14,6081.18,6081.07,6081.18,0
1734376110,6081.19,6081.32,6081.18,6081.32,0
1734376115,6081.27,6081.39,6081.27,6081.39,0
1734376120,6081.34,6081.34,6081.16,6081.16,0
1734376125,6081.29,6081.29,6081.19,6081.21,0
1734376130,6081.17,6081.24,6081.15,6081.24,0
1734376135,6081.14,6081.14,6080.84,6080.93,0
1734376140,6081.03,6081.48,6081.01,6081.48,0
1734376145,6081.52,6081.52,6081.4,6081.4,0
1734376150,6081.44,6081.44,6081.31,6081.33,0
1734376155,6081.28,6081.34,6081.24,6081.31,0
1734376160,6081.33,6081.4,6081.33,6081.4,0
1734376165,6081.3,6081.3,6081.14,6081.14,0
1734376170,6081.07,6081.22,6081.06,6081.2,0
1734376175,6081.12,6081.15,6081.1,6081.15,0
1734376180,6081.14,6081.34,6081.14,6081.34,0
1734376185,6081.42,6081.51,6081.38,6081.51,0
1734376190,6081.47,6081.63,6081.47,6081.53,0
1734376195,6081.56,6081.68,6081.53,6081.68,0
1734376200,6081.67,6081.74,6081.64,6081.69,0
1734376205,6081.62,6081.78,6081.62,6081.73,0
1734376210,6081.66,6081.79,6081.61,6081.61,0
1734376215,6081.53,6081.61,6081.52,6081.52,0
1734376220,6081.58,6081.58,6081.49,6081.49,0
1734376225,6081.5,6081.63,6081.5,6081.63,0
1734376230,6081.56,6081.69,6081.53,6081.67,0
1734376235,6081.53,6081.58,6081.49,6081.57,0
1734376240,6081.53,6081.63,6081.53,6081.59,0
1734376245,6081.57,6081.57,6081.38,6081.39,0
1734376250,6081.35,6081.55,6081.31,6081.55,0
1734376255,6081.54,6081.71,6081.54,6081.67,0
1734376260,6081.68,6081.73,6081.5,6081.5,0
1734376265,6081.52,6081.52,6081.21,6081.21,0
1734376270,6081.18,6081.23,6081.12,6081.12,0
1734376275,6081.03,6081.28,6081.03,6081.15,0
1734376280,6081.13,6081.13,6080.94,6080.95,0
1734376285,6081.07,6081.23,6081.07,6081.23,0
1734376290,6081.28,6081.28,6081.05,6081.05,0
1734376295,6080.86,6080.86,6080.82,6080.86,0
1734376300,6080.88,6080.88,6080.75,6080.75,0
1734376305,6080.83,6080.83,6080.74,6080.75,0
1734376310,6080.85,6080.85,6080.73,6080.81,0
1734376315,6080.8,6081.04,6080.8,6081.04,0
1734376320,6081.09,6081.35,6081.09,6081.35,0
1734376325,6081.28,6081.53,6081.28,6081.53,0
1734376330,6081.51,6081.76,6081.51,6081.75,0
1734376335,6081.66,6081.93,6081.63,6081.93,0
1734376340,6082.13,6082.37,6082.13,6082.24,0
1734376345,6082.26,6082.31,6082.15,6082.21,0
1734376350,6082.24,6082.25,6082.01,6082.01,0
1734376355,6082.04,6082.14,6081.96,6082.04,0
1734376360,6081.96,6082.04,6081.96,6082.0,0
1734376365,6081.83,6082.02,6081.82,6082.02,0
1734376370,6081.92,6082.04,6081.86,6082.04,0
1734376375,6081.94,6081.98,6081.9,6081.9,0
1734376380,6081.85,6082.11,6081.85,6082.11,0
1734376385,6082.21,6082.21,6082.13,6082.14,0
1734376390,6082.11,6082.37,6082.11,6082.37,0
1734376395,6082.33,6082.45,6082.3,6082.45,0
1734376400,6082.29,6082.34,6082.11,6082.11,0
1734376405,6082.08,6082.11,6081.95,6081.99,0
1734376410,6082.03,6082.03,6081.91,6081.93,0
1734376415,6081.94,6081.94,6081.84,6081.85,0
1734376420,6081.92,6081.92,6081.85,6081.85,0
1734376425,6081.8,6081.8,6081.63,6081.63,0
1734376430,6081.35,6081.35,6081.26,6081.33,0
1734376435,6081.46,6081.54,6081.41,6081.41,0
1734376440,6081.62,6081.62,6081.53,6081.55,0
1734376445,6081.66,6081.8,6081.65,6081.8,0
1734376450,6081.59,6081.76,6081.59,6081.73,0
1734376455,6081.61,6081.61,6081.45,6081.49,0
1734376460,6081.55,6081.56,6081.5,6081.52,0
1734376465,6081.49,6081.49,6081.45,6081.45,0
1734376470,6081.54,6081.7,6081.54,6081.7,0
1734376475,6081.76,6081.76,6081.72,6081.74,0
1734376480,6081.81,6081.81,6081.53,6081.53,0
1734376485,6081.51,6081.64,6081.51,6081.64,0
1734376490,6081.56,6081.85,6081.56,6081.85,0
1734376495,6082.01,6082.09,6082.01,6082.09,0
1734376500,6082.23,6082.23,6082.12,6082.12,0
1734376505,6082.14,6082.48,6082.14,6082.48,0
1734376510,6082.54,6082.74,6082.48,6082.74,0
1734376515,6082.93,6082.98,6082.86,6082.98,0
1734376520,6082.9,6082.94,6082.8,6082.83,0
1734376525,6082.91,6082.91,6082.78,6082.78,0
1734376530,6082.71,6082.79,6082.68,6082.68,0
1734376535,6082.8,6082.92,6082.8,6082.89,0
1734376540,6082.84,6082.84,6082.61,6082.61,0
1734376545,6082.62,6082.91,6082.62,6082.91,0
1734376550,6082.8,6082.87,6082.76,6082.82,0
1734376555,6082.83,6082.88,6082.77,6082.77,0
1734376560,6082.87,6082.93,6082.87,6082.93,0
1734376565,6083.11,6083.11,6082.92,6082.92,0
1734376570,6083.01,6083.02,6082.91,6082.99,0
1734376575,6083.17,6083.19,6082.95,6082.97,0
1734376580,6083.08,6083.18,6083.05,6083.18,0
1734376585,6083.44,6083.65,6083.44,6083.59,0
1734376590,6083.48,6083.59,6083.46,6083.46,0
1734376595,6083.31,6083.62,6083.31,6083.62,0
1734376600,6083.66,6083.88,6083.66,6083.88,0
1734376605,6083.81,6084.0,6083.81,6083.86,0
1734376610,6083.84,6083.84,6083.63,6083.77,0
1734376615,6083.71,6083.87,6083.71,6083.87,0
1734376620,6083.98,6083.98,6083.86,6083.95,0
1734376625,6084.01,6084.01,6083.86,6083.94,0
1734376630,6083.97,6083.97,6083.3,6083.3,0
1734376635,6083.23,6083.23,6083.07,6083.11,0
1734376640,6083.0,6083.07,6083.0,6083.03,0
1734376645,6083.18,6083.18,6083.09,6083.09,0
1734376650,6083.21,6083.25,6083.17,6083.21,0
1734376655,6083.15,6083.15,6082.89,6082.89,0
1734376660,6082.87,6083.06,6082.82,6082.97,0
1734376665,6082.83,6082.83,6082.59,6082.59,0
1734376670,6082.54,6082.58,6082.48,6082.48,0
1734376675,6082.49,6082.69,6082.49,6082.69,0
1734376680,6082.74,6082.77,6082.67,6082.72,0
1734376685,6082.69,6082.72,6082.63,6082.63,0
1734376690,6082.56,6082.56,6082.18,6082.36,0
1734376695,6082.41,6082.53,6082.39,6082.53,0
1734376700,6082.54,6082.65,6082.54,6082.62,0
1734376705,6082.42,6082.42,6082.34,6082.38,0
1734376710,6082.4,6082.52,6082.4,6082.52,0
1734376715,6082.78,6082.78,6082.69,6082.78,0
1734376720,6082.82,6082.95,6082.77,6082.95,0
1734376725,6082.9,6082.94,6082.84,6082.87,0
1734376730,6082.86,6082.9,6082.71,6082.89,0
1734376735,6082.82,6082.83,6082.77,6082.79,0
1734376740,6082.75,6082.77,6082.7,6082.71,0
1734376745,6082.74,6082.98,6082.74,6082.98,0
1734376750,6082.99,6083.04,6082.86,6083.04,0
1734376755,6082.98,6083.04,6082.88,6083.04,0
1734376760,6082.93,6082.95,6082.9,6082.92,0
1734376765,6083.0,6083.01,6082.75,6082.75,0
1734376770,6082.62,6082.72,6082.58,6082.72,0
1734376775,6082.73,6082.9,6082.73,6082.9,0
1734376780,6082.95,6082.98,6082.89,6082.89,0
1734376785,6082.96,6082.99,6082.91,6082.99,0
1734376790,6083.04,6083.18,6083.03,6083.03,0
1734376795,6083.05,6083.19,6083.01,6083.06,0
1734376800,6083.08,6083.11,6082.94,6083.11,0
1734376805,6083.01,6083.01,6082.75,6082.75,0
1734376810,6082.79,6082.9,6082.78,6082.88,0
1734376815,6082.96,6083.03,6082.96,6082.97,0
1734376820,6082.95,6083.11,6082.95,6083.03,0
1734376825,6083.01,6083.08,6082.73,6082.73,0
1734376830,6082.66,6082.66,6082.44,6082.52,0
1734376835,6082.57,6082.64,6082.51,6082.64,0
1734376840,6082.58,6082.63,6082.48,6082.56,0
1734376845,6082.61,6082.67,6082.56,6082.67,0
1734376850,6082.76,6082.76,6082.59,6082.6,0
1734376855,6082.5,6082.6,6082.5,6082.57,0
1734376860,6082.78,6082.86,6082.4,6082.4,0
1734376865,6082.39,6082.55,6082.22,6082.28,0
1734376870,6082.3,6082.3,6081.93,6081.93,0
1734376875,6081.87,6081.87,6081.64,6081.64,0
1734376880,6081.73,6082.12,6081.7,6082.11,0
1734376885,6081.94,6082.1,6081.94,6081.97,0
1734376890,6081.92,6081.98,6081.91,6081.91,0
1734376895,6081.8,6081.8,6081.37,6081.47,0
1734376900,6081.5,6081.5,6081.29,6081.29,0
1734376905,6081.31,6081.33,6081.22,6081.24,0
1734376910,6081.28,6081.54,6081.28,6081.54,0
1734376915,6081.65,6081.88,6081.64,6081.88,0
1734376920,6081.91,6081.91,6081.7,6081.7,0
1734376925,6081.66,6081.68,6081.47,6081.47,0
1734376930,6081.38,6081.48,6081.21,6081.21,0
1734376935,6081.47,6081.64,6081.45,6081.64,0
1734376940,6081.71,6081.81,6081.71,6081.76,0
1734376945,6081.62,6081.62,6081.3,6081.3,0
1734376950,6081.29,6081.32,6081.06,6081.06,0
1734376955,6080.87,6080.96,6080.86,6080.88,0
1734376960,6080.95,6080.95,6080.84,6080.94,0
1734376965,6081.04,6081.55,6081.04,6081.55,0
1734376970,6081.52,6081.53,6081.44,6081.52,0
1734376975,6081.49,6081.49,6081.26,6081.26,0
1734376980,6081.18,6081.4,6081.07,6081.4,0
1734376985,6081.41,6081.46,6081.27,6081.27,0
1734376990,6081.25,6081.58,6081.25,6081.58,0
1734376995,6081.54,6081.6,6081.42,6081.55,0
1734377000,6081.48,6081.56,6081.37,6081.37,0
1734377005,6081.36,6081.54,6081.36,6081.53,0
1734377010,6081.54,6081.55,6081.5,6081.5,0
1734377015,6081.49,6081.76,6081.48,6081.76,0
1734377020,6081.88,6082.02,6081.88,6082.02,0
1734377025,6081.77,6081.77,6081.66,6081.66,0
1734377030,6081.56,6081.67,6081.56,6081.64,0
1734377035,6081.67,6081.78,6081.67,6081.78,0
1734377040,6081.57,6081.59,6081.34,6081.34,0
1734377045,6081.31,6081.77,6081.31,6081.77,0
1734377050,6081.83,6081.83,6081.49,6081.82,0
1734377055,6081.96,6082.12,6081.96,6082.1,0
1734377060,6082.13,6082.2,6082.13,6082.14,0
1734377065,6082.06,6082.21,6081.93,6082.21,0
1734377070,6082.24,6082.24,6082.1,6082.24,0
1734377075,6082.3,6082.42,6082.3,6082.4,0
1734377080,6082.44,6082.44,6082.33,6082.39,0
1734377085,6082.37,6082.42,6082.29,6082.29,0
1734377090,6082.36,6082.43,6082.36,6082.39,0
1734377095,6082.4,6082.44,6082.35,6082.44,0
1734377100,6082.43,6082.56,6082.39,6082.39,0
1734377105,6082.29,6082.47,6082.29,6082.47,0
1734377110,6082.42,6082.42,6082.1,6082.34,0
1734377115,6082.05,6082.05,6081.97,6082.02,0
1734377120,6082.0,6082.0,6081.77,6081.77,0
1734377125,6081.85,6081.95,6081.84,6081.95,0
1734377130,6082.11,6082.4,6082.11,6082.4,0
1734377135,6081.96,6082.09,6081.96,6082.01,0
1734377140,6082.06,6082.06,6081.82,6081.89,0
1734377145,6081.88,6081.88,6081.77,6081.84,0
1734377150,6081.92,6082.08,6081.92,6081.98,0
1734377155,6081.89,6081.89,6081.77,6081.77,0
1734377160,6081.81,6081.81,6081.75,6081.8,0
1734377165,6081.82,6081.88,6081.61,6081.61,0
1734377170,6081.74,6081.77,6081.73,6081.77,0
1734377175,6081.72,6081.88,6081.71,6081.71,0
1734377180,6081.66,6081.66,6081.33,6081.42,0
1734377185,6081.41,6081.48,6081.33,6081.48,0
1734377190,6081.49,6081.49,6081.41,6081.42,0
1734377195,6081.45,6081.45,6081.22,6081.3,0
1734377200,6081.05,6081.19,6081.05,6081.14,0
1734377205,6081.23,6081.26,6081.14,6081.14,0
1734377210,6081.05,6081.46,6081.0,6081.46,0
1734377215,6081.6,6081.8,6081.6,6081.79,0
1734377220,6081.76,6081.79,6081.44,6081.44,0
1734377225,6081.51,6081.57,6081.46,6081.48,0
1734377230,6081.42,6081.43,6081.3,6081.43,0
1734377235,6081.52,6081.61,6081.49,6081.49,0
1734377240,6081.51,6081.72,6081.51,6081.58,0
1734377245,6081.62,6081.7,6081.55,6081.7,0
1734377250,6081.68,6081.7,6081.61,6081.7,0
1734377255,6081.73,6081.73,6081.22,6081.22,0
1734377260,6081.17,6081.19,6081.02,6081.02,0
1734377265,6080.95,6080.95,6080.53,6080.53,0
1734377270,6080.37,6080.87,6080.37,6080.71,0
1734377275,6080.68,6080.74,6080.6,6080.74,0
1734377280,6080.62,6080.64,6080.41,6080.5,0
1734377285,6080.45,6080.61,6080.45,6080.55,0
1734377290,6080.77,6080.77,6080.6,6080.6,0
1734377295,6080.7,6080.75,6080.63,6080.71,0
1734377300,6080.63,6080.63,6080.55,6080.6,0
1734377305,6080.55,6080.55,6080.41,6080.41,0
1734377310,6080.45,6080.76,6080.45,6080.76,0
1734377315,6080.81,6080.86,6080.71,6080.86,0
1734377320,6080.78,6080.86,6080.58,6080.58,0
1734377325,6080.53,6080.53,6080.46,6080.51,0
1734377330,6080.57,6080.65,6080.45,6080.45,0
1734377335,6080.49,6080.5,6080.33,6080.33,0
1734377340,6080.41,6080.46,6080.3,6080.3,0
1734377345,6080.31,6080.31,6080.14,6080.14,0
1734377350,6080.16,6080.32,6080.16,6080.26,0
1734377355,6080.22,6080.32,6080.16,6080.32,0
1734377360,6080.24,6080.32,6080.17,6080.32,0
1734377365,6080.41,6080.49,6080.41,6080.49,0
1734377370,6080.47,6080.5,6080.41,6080.5,0
1734377375,6080.53,6080.53,6080.44,6080.45,0
1734377380,6080.46,6080.57,6080.46,6080.5,0
1734377385,6080.54,6080.54,6080.35,6080.45,0
1734377390,6080.39,6080.54,6080.36,6080.49,0
1734377395,6080.5,6080.69,6080.47,6080.47,0
1734377400,6080.44,6080.56,6080.42,6080.42,0
1734377405,6080.38,6080.38,6080.28,6080.36,0
1734377410,6080.34,6080.43,6080.26,6080.43,0
1734377415,6080.24,6080.24,6079.74,6079.79,0
1734377420,6079.9,6079.91,6079.79,6079.87,0
1734377425,6079.64,6080.23,6079.64,6080.05,0
1734377430,6079.94,6079.94,6079.69,6079.92,0
1734377435,6079.82,6079.96,6079.74,6079.86,0
1734377440,6079.8,6079.94,6079.78,6079.94,0
1734377445,6079.86,6080.2,6079.86,6080.18,0
1734377450,6080.15,6080.41,6080.12,6080.41,0
1734377455,6080.28,6080.33,6080.14,6080.14,0
1734377460,6080.2,6080.35,6080.18,6080.35,0
1734377465,6080.28,6080.54,6080.28,6080.53,0
1734377470,6080.48,6080.55,6080.35,6080.55,0
1734377475,6080.47,6080.64,6080.47,6080.51,0
1734377480,6080.8,6081.11,6080.63,6080.65,0
1734377485,6080.49,6080.5,6080.32,6080.32,0
1734377490,6080.25,6080.57,6080.25,6080.57,0
1734377495,6080.54,6080.59,6080.53,6080.54,0
1734377500,6080.74,6080.94,6080.57,6080.94,0
1734377505,6080.77,6080.77,6080.69,6080.76,0
1734377510,6080.78,6080.9,6080.78,6080.89,0
1734377515,6080.98,6081.04,6080.92,6081.02,0
1734377520,6080.98,6081.0,6080.86,6081.0,0
1734377525,6080.95,6080.97,6080.89,6080.97,0
1734377530,6081.08,6081.08,6080.9,6080.9,0
1734377535,6080.99,6080.99,6080.65,6080.65,0
1734377540,6080.52,6080.62,6080.41,6080.59,0
1734377545,6080.48,6080.52,6080.47,6080.48,0
1734377550,6080.41,6080.46,6080.4,6080.4,0
1734377555,6080.43,6080.49,6080.36,6080.49,0
1734377560,6080.47,6080.53,6080.39,6080.46,0
1734377565,6080.49,6080.49,6080.27,6080.27,0
1734377570,6080.25,6080.48,6080.22,6080.48,0
1734377575,6080.49,6080.73,6080.49,6080.73,0
1734377580,6080.67,6080.85,6080.67,6080.85,0
1734377585,6080.83,6080.83,6080.66,6080.66,0
1734377590,6080.83,6080.89,6080.83,6080.86,0
1734377595,6080.79,6080.79,6080.65,6080.78,0
1734377600,6080.86,6080.86,6080.79,6080.79,0
1734377605,6080.76,6080.94,6080.76,6080.94,0
1734377610,6080.9,6080.9,6080.65,6080.65,0
1734377615,6080.67,6080.67,6080.38,6080.47,0
1734377620,6080.48,6080.55,6080.45,6080.54,0
1734377625,6080.67,6080.7,6080.49,6080.49,0
1734377630,6080.45,6080.53,6080.43,6080.47,0
1734377635,6080.41,6080.54,6080.41,6080.47,0
1734377640,6080.49,6080.78,6080.43,6080.62,0
1734377645,6080.66,6080.66,6080.42,6080.56,0
1734377650,6080.48,6080.6,6080.43,6080.43,0
1734377655,6080.42,6080.52,6080.4,6080.46,0
1734377660,6080.33,6080.54,6080.33,6080.52,0
1734377665,6080.59,6080.64,6080.58,6080.63,0
1734377670,6080.6,6080.77,6080.52,6080.77,0
1734377675,6080.92,6080.92,6080.85,6080.86,0
1734377680,6080.99,6081.11,6080.99,6081.07,0
1734377685,6081.1,6081.16,6081.06,6081.1,0
1734377690,6081.04,6081.04,6080.93,6081.02,0
1734377695,6080.94,6080.95,6080.88,6080.88,0
1734377700,6080.93,6080.93,6080.73,6080.78,0
1734377705,6080.79,6080.94,6080.64,6080.9,0
1734377710,6080.98,6080.98,6080.92,6080.97,0
1734377715,6080.83,6080.94,6080.82,6080.94,0
1734377720,6080.89,6080.89,6080.69,6080.83,0
1734377725,6080.6,6080.87,6080.6,6080.79,0
1734377730,6080.77,6080.84,6080.77,6080.77,0
1734377735,6080.7,6080.74,6080.68,6080.71,0
1734377740,6080.7,6080.7,6080.65,6080.66,0
1734377745,6080.62,6080.88,6080.62,6080.87,0
1734377750,6080.84,6080.9,6080.73,6080.73,0
1734377755,6080.71,6080.71,6080.56,6080.56,0
1734377760,6080.52,6080.54,6080.26,6080.26,0
1734377765,6080.1,6080.1,6080.0,6080.04,0
1734377770,6080.01,6080.01,6079.94,6080.0,0
1734377775,6079.99,6079.99,6079.84,6079.91,0
1734377780,6079.96,6080.0,6079.89,6079.92,0
1734377785,6079.93,6080.51,6079.93,6080.51,0
1734377790,6080.47,6080.66,6080.47,6080.58,0
1734377795,6080.51,6080.53,6080.44,6080.53,0
1734377800,6080.51,6080.59,6080.37,6080.52,0
1734377805,6080.51,6080.54,6080.31,6080.54,0
1734377810,6080.58,6080.74,6080.58,6080.74,0
1734377815,6080.82,6080.83,6080.72,6080.72,0
1734377820,6080.73,6080.75,6080.63,6080.75,0
1734377825,6080.82,6081.28,6080.79,6081.28,0
1734377830,6081.3,6081.41,6081.3,6081.4,0
1734377835,6081.49,6081.53,6081.45,6081.53,0
1734377840,6081.6,6081.6,6081.35,6081.35,0
1734377845,6081.23,6081.46,6081.23,6081.36,0
1734377850,6081.21,6081.52,6081.21,6081.52,0
1734377855,6081.55,6081.59,6081.43,6081.53,0
1734377860,6081.49,6081.49,6081.35,6081.39,0
1734377865,6081.31,6081.32,6081.16,6081.32,0
1734377870,6081.36,6081.45,6081.36,6081.45,0
1734377875,6081.58,6081.71,6081.58,6081.66,0
1734377880,6081.76,6081.91,6081.76,6081.91,0
1734377885,6082.0,6082.07,6081.95,6082.01,0
1734377890,6082.13,6082.2,6082.07,6082.11,0
1734377895,6082.14,6082.41,6082.14,6082.39,0
1734377900,6082.46,6082.46,6082.23,6082.43,0
1734377905,6082.45,6082.45,6082.12,6082.12,0
1734377910,6082.2,6082.2,6082.11,6082.17,0
1734377915,6082.22,6082.32,6082.21,6082.21,0
1734377920,6082.2,6082.34,6082.17,6082.31,0
1734377925,6082.29,6082.33,6082.26,6082.33,0
1734377930,6082.37,6082.53,6082.3,6082.46,0
1734377935,6082.62,6082.79,6082.59,6082.75,0
1734377940,6082.73,6082.73,6082.54,6082.54,0
1734377945,6082.65,6082.68,6082.59,6082.65,0
1734377950,6082.72,6082.81,6082.64,6082.64,0
1734377955,6082.71,6082.76,6082.69,6082.75,0
1734377960,6082.84,6082.84,6082.6,6082.6,0
1734377965,6082.55,6082.68,6082.55,6082.62,0
1734377970,6082.5,6082.78,6082.5,6082.78,0
1734377975,6082.85,6083.12,6082.85,6083.12,0
1734377980,6083.09,6083.27,6083.09,6083.27,0
1734377985,6083.13,6083.28,6083.13,6083.28,0
1734377990,6083.29,6083.42,6083.2,6083.33,0
1734377995,6083.3,6083.41,6083.3,6083.36,0
1734378000,6083.37,6083.37,6083.01,6083.08,0
1734378005,6083.13,6083.13,6082.98,6082.98,0
1734378010,6082.92,6082.98,6082.77,6082.98,0
1734378015,6082.94,6082.94,6082.87,6082.87,0
1734378020,6082.84,6082.89,6082.84,6082.87,0
1734378025,6082.9,6083.18,6082.9,6083.18,0
1734378030,6083.17,6083.22,6083.06,6083.06,0
1734378035,6082.91,6082.97,6082.86,6082.91,0
1734378040,6082.85,6082.91,6082.72,6082.85,0
1734378045,6082.86,6082.86,6082.81,6082.81,0
1734378050,6082.79,6082.84,6082.79,6082.81,0
1734378055,6082.82,6082.87,6082.79,6082.87,0
1734378060,6082.89,6082.93,6082.81,6082.81,0
1734378065,6082.89,6082.99,6082.89,6082.99,0
1734378070,6082.92,6082.93,6082.81,6082.85,0
1734378075,6082.88,6082.96,6082.88,6082.96,0
1734378080,6082.99,6083.02,6082.97,6083.02,0
1734378085,6083.05,6083.27,6083.02,6083.18,0
1734378090,6083.17,6083.17,6083.09,6083.1,0
1734378095,6083.05,6083.06,6082.96,6083.04,0
1734378100,6083.03,6083.03,6082.88,6082.89,0
1734378105,6082.91,6083.0,6082.85,6082.97,0
1734378110,6083.01,6083.01,6082.86,6082.9,0
1734378115,6082.76,6082.78,6082.59,6082.59,0
1734378120,6082.63,6082.7,6082.48,6082.48,0
1734378125,6082.35,6082.35,6082.16,6082.29,0
1734378130,6082.34,6082.53,6082.34,6082.43,0
1734378135,6082.46,6082.46,6082.38,6082.4,0
1734378140,6082.41,6082.41,6082.29,6082.38,0
1734378145,6082.43,6082.43,6082.15,6082.15,0
1734378150,6082.17,6082.48,6082.17,6082.48,0
1734378155,6082.43,6082.54,6082.4,6082.44,0
1734378160,6082.39,6082.66,6082.39,6082.66,0
1734378165,6082.59,6082.59,6082.53,6082.53,0
1734378170,6082.47,6082.5,6082.4,6082.5,0
1734378175,6082.49,6082.51,6082.4,6082.45,0
1734378180,6082.44,6082.57,6082.4,6082.4,0
1734378185,6082.5,6082.61,6082.45,6082.61,0
1734378190,6082.56,6082.56,6082.33,6082.35,0
1734378195,6082.34,6082.34,6082.13,6082.15,0
1734378200,6082.23,6082.26,6082.06,6082.06,0
1734378205,6081.96,6081.96,6081.71,6081.73,0
1734378210,6081.88,6081.88,6081.81,6081.81,0
1734378215,6081.85,6081.85,6081.64,6081.64,0
1734378220,6081.75,6081.75,6081.55,6081.68,0
1734378225,6081.71,6081.71,6081.64,6081.7,0
1734378230,6081.59,6081.59,6081.56,6081.56,0
1734378235,6081.7,6081.77,6081.63,6081.63,0
1734378240,6081.53,6081.78,6081.53,6081.59,0
1734378245,6081.68,6081.69,6081.6,6081.69,0
1734378250,6081.7,6081.76,6081.66,6081.66,0
1734378255,6081.44,6081.5,6081.41,6081.48,0
1734378260,6081.62,6081.62,6081.29,6081.29,0
1734378265,6081.27,6081.76,6081.2,6081.76,0
1734378270,6081.77,6081.92,6081.77,6081.91,0
1734378275,6081.89,6081.95,6081.8,6081.81,0
1734378280,6081.68,6081.68,6081.63,6081.65,0
1734378285,6081.63,6081.63,6081.57,6081.63,0
1734378290,6081.51,6081.56,6081.43,6081.5,0
1734378295,6081.46,6081.46,6081.36,6081.36,0
1734378300,6081.49,6081.61,6081.43,6081.61,0
1734378305,6081.6,6081.84,6081.6,6081.76,0
1734378310,6081.65,6081.8,6081.65,6081.76,0
1734378315,6081.81,6081.94,6081.81,6081.88,0
1734378320,6082.01,6082.15,6081.98,6082.14,0
1734378325,6082.22,6082.22,6081.82,6081.86,0
1734378330,6081.84,6081.93,6081.78,6081.9,0
1734378335,6081.87,6081.87,6081.79,6081.85,0
1734378340,6081.9,6081.99,6081.9,6081.99,0
1734378345,6082.05,6082.05,6081.94,6081.95,0
1734378350,6081.84,6081.84,6081.76,6081.82,0
1734378355,6081.75,6081.94,6081.75,6081.94,0
1734378360,6081.86,6081.86,6081.63,6081.67,0
1734378365,6081.61,6081.61,6081.42,6081.43,0
1734378370,6081.52,6081.57,6081.52,6081.57,0
1734378375,6081.51,6081.69,6081.51,6081.69,0
1734378380,6081.71,6081.84,6081.71,6081.72,0
1734378385,6081.66,6081.68,6081.59,6081.59,0
1734378390,6081.55,6081.55,6081.31,6081.31,0
1734378395,6081.34,6081.34,6081.18,6081.3,0
1734378400,6081.2,6081.2,6081.07,6081.07,0
1734378405,6081.05,6081.12,6080.92,6081.12,0
1734378410,6081.02,6081.02,6080.99,6080.99,0
1734378415,6081.03,6081.1,6080.98,6081.01,0
1734378420,6081.13,6081.3,6081.13,6081.17,0
1734378425,6081.25,6081.31,6080.97,6080.97,0
1734378430,6080.9,6081.16,6080.9,6081.16,0
1734378435,6081.13,6081.15,6081.05,6081.05,0
1734378440,6081.03,6081.18,6081.01,6081.11,0
1734378445,6081.15,6081.22,6081.07,6081.1,0
1734378450,6081.14,6081.21,6081.13,6081.21,0
1734378455,6081.13,6081.14,6081.11,6081.14,0
1734378460,6081.18,6081.18,6080.83,6080.83,0
1734378465,6080.86,6080.86,6080.51,6080.68,0
1734378470,6080.59,6080.6,6080.47,6080.47,0
1734378475,6080.5,6080.63,6080.45,6080.62,0
1734378480,6080.67,6081.02,6080.67,6081.0,0
1734378485,6080.99,6080.99,6080.84,6080.88,0
1734378490,6080.93,6080.93,6080.8,6080.9,0
1734378495,6080.84,6080.99,6080.82,6080.94,0
1734378500,6080.87,6080.87,6080.68,6080.78,0
1734378505,6080.83,6080.83,6080.69,6080.69,0
1734378510,6080.68,6080.83,6080.68,6080.83,0
1734378515,6080.82,6080.82,6080.64,6080.64,0
1734378520,6080.59,6080.59,6080.48,6080.53,0
1734378525,6080.57,6080.9,6080.57,6080.87,0
1734378530,6080.94,6081.1,6080.9,6081.1,0
1734378535,6081.43,6081.76,6081.43,6081.58,0
1734378540,6081.67,6081.67,6081.43,6081.51,0
1734378545,6081.39,6081.63,6081.39,6081.63,0
1734378550,6081.57,6081.71,6081.57,6081.68,0
1734378555,6081.71,6081.77,6081.43,6081.46,0
1734378560,6081.5,6081.72,6081.5,6081.72,0
1734378565,6081.69,6081.76,6081.69,6081.75,0
1734378570,6081.72,6081.8,6081.69,6081.8,0
1734378575,6081.77,6081.83,6081.62,6081.62,0
1734378580,6081.63,6081.73,6081.63,6081.68,0
1734378585,6081.84,6081.84,6081.68,6081.75,0
1734378590,6081.66,6081.68,6081.59,6081.62,0
1734378595,6081.69,6081.69,6081.61,6081.65,0
1734378600,6081.61,6081.69,6081.56,6081.56,0
1734378605,6081.6,6081.6,6081.53,6081.56,0
1734378610,6081.55,6081.55,6081.46,6081.5,0
1734378615,6081.49,6081.49,6081.35,6081.39,0
1734378620,6081.48,6081.48,6081.29,6081.29,0
1734378625,6081.31,6081.38,6081.14,6081.18,0
1734378630,6081.29,6081.31,6081.29,6081.29,0
1734378635,6081.27,6081.27,6081.06,6081.06,0
1734378640,6081.16,6081.22,6081.14,6081.22,0
1734378645,6081.13,6081.16,6081.07,6081.16,0
1734378650,6081.26,6081.26,6081.18,6081.2,0
1734378655,6081.27,6081.27,6081.04,6081.06,0
1734378660,6081.02,6081.38,6081.02,6081.38,0
1734378665,6081.5,6081.69,6081.5,6081.69,0
1734378670,6081.68,6081.9,6081.68,6081.85,0
1734378675,6081.89,6081.89,6081.78,6081.8,0
1734378680,6081.81,6081.88,6081.7,6081.88,0
1734378685,6081.81,6081.81,6081.25,6081.31,0
1734378690,6081.35,6081.59,6081.35,6081.49,0
1734378695,6081.39,6081.39,6081.23,6081.23,0
1734378700,6081.15,6081.15,6080.98,6080.98,0
1734378705,6081.03,6081.11,6080.98,6080.98,0
1734378710,6080.91,6080.91,6080.69,6080.82,0
1734378715,6080.93,6081.19,6080.93,6081.19,0
1734378720,6081.37,6081.45,6081.37,6081.45,0
1734378725,6081.49,6081.59,6081.49,6081.59,0
1734378730,6081.49,6081.49,6081.32,6081.32,0
1734378735,6081.37,6081.51,6081.37,6081.51,0
1734378740,6081.55,6081.67,6081.55,6081.62,0
1734378745,6081.55,6081.64,6081.53,6081.64,0
1734378750,6081.59,6081.59,6081.26,6081.29,0
1734378755,6081.2,6081.28,6081.2,6081.28,0
1734378760,6081.24,6081.4,6081.23,6081.4,0
1734378765,6081.37,6081.37,6081.13,6081.15,0
1734378770,6081.16,6081.16,6080.91,6080.91,0
1734378775,6080.99,6081.16,6080.96,6081.16,0
1734378780,6081.14,6081.26,6081.07,6081.26,0
1734378785,6081.32,6081.32,6081.25,6081.29,0
1734378790,6081.34,6081.72,6081.34,6081.71,0
1734378795,6081.67,6081.91,6081.67,6081.85,0
1734378800,6082.04,6082.07,6081.94,6082.07,0
1734378805,6082.21,6082.44,6082.21,6082.44,0
1734378810,6082.29,6082.29,6082.19,6082.19,0
1734378815,6082.1,6082.1,6081.92,6081.92,0
1734378820,6081.91,6081.91,6081.67,6081.67,0
1734378825,6081.77,6082.0,6081.75,6082.0,0
1734378830,6081.95,6082.0,6081.89,6081.89,0
1734378835,6082.16,6082.36,6082.16,6082.36,0
1734378840,6082.35,6082.35,6082.19,6082.21,0
1734378845,6082.28,6082.28,6082.21,6082.23,0
1734378850,6082.32,6082.32,6082.21,6082.24,0
1734378855,6082.21,6082.21,6082.07,6082.07,0
1734378860,6082.15,6082.26,6082.08,6082.08,0
1734378865,6082.1,6082.19,6082.07,6082.07,0
1734378870,6082.13,6082.73,6082.13,6082.73,0
1734378875,6082.76,6082.76,6082.55,6082.64,0
1734378880,6082.59,6082.59,6082.49,6082.52,0
1734378885,6082.35,6082.35,6082.11,6082.17,0
1734378890,6082.03,6082.1,6082.03,6082.08,0
1734378895,6082.09,6082.19,6082.09,6082.16,0
1734378900,6082.17,6082.38,6082.17,6082.38,0
1734378905,6082.42,6082.46,6082.29,6082.29,0
1734378910,6082.38,6082.44,6082.38,6082.42,0
1734378915,6082.38,6082.38,6082.33,6082.36,0
1734378920,6082.37,6082.53,6082.35,6082.53,0
1734378925,6082.66,6082.69,6082.6,6082.69,0
1734378930,6082.87,6082.94,6082.86,6082.87,0
1734378935,6082.9,6082.9,6082.84,6082.84,0
1734378940,6082.79,6082.82,6082.71,6082.81,0
1734378945,6082.78,6082.82,6082.78,6082.82,0
1734378950,6082.84,6082.86,6082.73,6082.84,0
1734378955,6082.82,6082.94,6082.82,6082.89,0
1734378960,6082.92,6083.0,6082.9,6083.0,0
1734378965,6082.98,6083.36,6082.98,6083.35,0
1734378970,6083.31,6083.41,6083.08,6083.17,0
1734378975,6083.12,6083.14,6083.02,6083.02,0
1734378980,6083.05,6083.07,6082.95,6083.02,0
1734378985,6082.95,6083.18,6082.95,6083.18,0
1734378990,6083.19,6083.19,6083.06,6083.06,0
1734378995,6083.04,6083.04,6082.95,6083.01,0
1734379000,6082.92,6082.92,6082.78,6082.81,0
1734379005,6082.82,6082.88,6082.8,6082.85,0
1734379010,6082.77,6082.93,6082.77,6082.77,0
1734379015,6082.79,6082.97,6082.79,6082.86,0
1734379020,6082.91,6083.22,6082.91,6083.22,0
1734379025,6083.11,6083.17,6083.1,6083.17,0
1734379030,6083.21,6083.27,6083.14,6083.27,0
1734379035,6083.15,6083.3,6083.14,6083.3,0
1734379040,6083.27,6083.35,6083.27,6083.32,0
1734379045,6083.28,6083.29,6082.82,6082.82,0
1734379050,6082.79,6082.98,6082.79,6082.98,0
1734379055,6082.86,6082.89,6082.82,6082.87,0
1734379060,6082.82,6082.82,6082.58,6082.58,0
1734379065,6082.7,6082.9,6082.7,6082.9,0
1734379070,6082.88,6083.08,6082.8,6083.08,0
1734379075,6083.1,6083.1,6082.87,6082.87,0
1734379080,6082.91,6082.91,6082.8,6082.8,0
1734379085,6082.81,6082.82,6082.71,6082.72,0
1734379090,6082.66,6082.76,6082.64,6082.65,0
1734379095,6082.64,6082.71,6082.64,6082.68,0
1734379100,6082.64,6082.64,6082.57,6082.62,0
1734379105,6082.7,6082.7,6082.2,6082.2,0
1734379110,6082.22,6082.33,6082.14,6082.21,0
1734379115,6082.24,6082.52,6082.14,6082.46,0
1734379120,6082.48,6082.6,6082.48,6082.5,0
1734379125,6082.6,6082.65,6082.6,6082.62,0
1734379130,6082.48,6082.53,6082.36,6082.36,0
1734379135,6082.43,6082.59,6082.33,6082.33,0
1734379140,6082.51,6082.51,6082.12,6082.12,0
1734379145,6082.14,6082.23,6082.12,6082.12,0
1734379150,6082.17,6082.17,6081.82,6081.93,0
1734379155,6081.9,6082.3,6081.9,6082.3,0
1734379160,6082.32,6082.38,6081.95,6081.95,0
1734379165,6081.83,6082.03,6081.83,6082.03,0
1734379170,6082.09,6082.36,6082.09,6082.31,0
1734379175,6082.23,6082.32,6082.18,6082.18,0
1734379180,6082.17,6082.2,6081.96,6082.08,0
1734379185,6081.97,6082.16,6081.97,6082.16,0
1734379190,6082.27,6082.49,6082.1,6082.1,0
1734379195,6082.03,6082.03,6081.69,6081.69,0
1734379200,6081.67,6082.23,6081.67,6082.11,0
1734379205,6082.1,6082.1,6081.99,6081.99,0
1734379210,6081.75,6081.75,6081.36,6081.7,0
1734379215,6081.47,6081.48,6081.17,6081.17,0
1734379220,6081.23,6081.24,6081.1,6081.17,0
1734379225,6081.2,6081.38,6081.1,6081.38,0
1734379230,6081.4,6081.44,6081.29,6081.3,0
1734379235,6081.51,6081.59,6081.37,6081.37,0
1734379240,6081.38,6081.41,6081.38,6081.41,0
1734379245,6081.36,6081.54,6081.36,6081.54,0
1734379250,6081.57,6081.59,6081.27,6081.27,0
1734379255,6081.15,6081.15,6080.73,6080.79,0
1734379260,6080.73,6080.89,6080.72,6080.89,0
1734379265,6080.87,6080.98,6080.8,6080.92,0
1734379270,6080.8,6080.92,6080.8,6080.92,0
1734379275,6081.09,6081.3,6081.08,6081.3,0
1734379280,6081.28,6081.44,6081.28,6081.44,0
1734379285,6081.42,6081.42,6081.2,6081.2,0
1734379290,6081.24,6081.24,6081.18,6081.18,0
1734379295,6081.2,6081.23,6081.02,6081.02,0
1734379300,6081.03,6081.06,6080.88,6080.92,0
1734379305,6081.06,6081.25,6081.06,6081.25,0
1734379310,6081.3,6081.33,6081.02,6081.33,0
1734379315,6081.3,6081.49,6081.3,6081.43,0
1734379320,6081.57,6081.57,6081.5,6081.55,0
1734379325,6081.43,6081.43,6081.19,6081.28,0
1734379330,6081.39,6081.53,6081.37,6081.47,0
1734379335,6081.42,6081.58,6081.42,6081.52,0
1734379340,6081.4,6081.76,6081.4,6081.76,0
1734379345,6081.86,6081.86,6081.68,6081.73,0
1734379350,6081.74,6081.83,6081.7,6081.7,0
1734379355,6081.77,6081.81,6081.72,6081.72,0
1734379360,6081.71,6081.8,6081.7,6081.77,0
1734379365,6081.84,6081.91,6081.81,6081.83,0
1734379370,6081.86,6081.86,6081.72,6081.73,0
1734379375,6081.74,6081.74,6081.49,6081.49,0
1734379380,6081.48,6081.75,6081.47,6081.75,0
1734379385,6081.78,6081.78,6081.7,6081.7,0
1734379390,6081.75,6081.75,6081.49,6081.49,0
1734379395,6081.53,6081.53,6081.42,6081.47,0
1734379400,6081.39,6081.64,6081.39,6081.64,0
1734379405,6081.63,6081.66,6081.5,6081.5,0
1734379410,6081.45,6081.52,6081.45,6081.52,0
1734379415,6081.53,6081.6,6081.53,6081.54,0
1734379420,6081.46,6081.49,6081.33,6081.49,0
1734379425,6081.69,6081.69,6081.44,6081.44,0
1734379430,6081.45,6081.67,6081.37,6081.67,0
1734379435,6081.56,6081.56,6081.42,6081.42,0
1734379440,6081.19,6081.42,6081.19,6081.42,0
1734379445,6081.35,6081.38,6081.34,6081.34,0
1734379450,6081.39,6081.53,6081.39,6081.49,0
1734379455,6081.55,6081.61,6081.48,6081.48,0
1734379460,6081.44,6081.53,6081.44,6081.52,0
1734379465,6081.49,6081.49,6081.39,6081.46,0
1734379470,6081.45,6081.51,6081.45,6081.5,0
1734379475,6081.55,6081.55,6081.47,6081.47,0
1734379480,6081.51,6081.76,6081.5,6081.76,0
1734379485,6081.78,6081.8,6081.58,6081.64,0
1734379490,6081.62,6081.8,6081.62,6081.77,0
1734379495,6081.74,6081.79,6081.55,6081.55,0
1734379500,6081.69,6081.84,6081.69,6081.84,0
1734379505,6081.83,6082.27,6081.83,6082.15,0
1734379510,6082.13,6082.14,6082.04,6082.04,0
1734379515,6082.01,6082.24,6082.01,6082.21,0
1734379520,6082.2,6082.25,6082.15,6082.15,0
1734379525,6082.17,6082.17,6081.98,6082.03,0
1734379530,6082.09,6082.54,6082.02,6082.54,0
1734379535,6082.64,6082.64,6082.5,6082.56,0
1734379540,6082.64,6082.75,6082.61,6082.75,0
1734379545,6082.69,6083.03,6082.69,6083.03,0
1734379550,6083.01,6083.4,6083.01,6083.4,0
1734379555,6083.33,6083.37,6083.26,6083.37,0
1734379560,6083.44,6083.47,6083.39,6083.4,0
1734379565,6083.38,6083.76,6083.38,6083.76,0
1734379570,6083.86,6083.86,6083.65,6083.65,0
1734379575,6083.56,6083.56,6083.42,6083.42,0
1734379580,6083.36,6083.36,6083.22,6083.22,0
1734379585,6083.29,6083.61,6083.29,6083.5,0
1734379590,6083.46,6083.56,6083.46,6083.47,0
1734379595,6083.56,6083.58,6083.46,6083.46,0
1734379600,6083.41,6083.48,6083.34,6083.34,0
1734379605,6083.35,6083.46,6083.35,6083.4,0
1734379610,6083.5,6083.5,6083.39,6083.45,0
1734379615,6083.52,6083.6,6083.52,6083.59,0
1734379620,6083.65,6083.66,6083.58,6083.66,0
1734379625,6083.71,6083.71,6083.58,6083.59,0
1734379630,6083.54,6083.61,6083.53,6083.56,0
1734379635,6083.59,6083.74,6083.54,6083.74,0
1734379640,6083.75,6083.75,6083.53,6083.64,0
1734379645,6083.7,6083.7,6083.56,6083.64,0
1734379650,6083.68,6083.73,6083.61,6083.73,0
1734379655,6083.85,6083.85,6083.71,6083.77,0
1734379660,6083.74,6083.84,6083.74,6083.8,0
1734379665,6083.72,6083.74,6083.6,6083.6,0
1734379670,6083.59,6083.59,6083.49,6083.53,0
1734379675,6083.28,6083.38,6083.27,6083.32,0
1734379680,6083.31,6083.53,6083.31,6083.53,0
1734379685,6083.55,6083.61,6083.5,6083.61,0
1734379690,6083.6,6083.62,6083.42,6083.42,0
1734379695,6083.58,6083.75,6083.57,6083.57,0
1734379700,6083.6,6083.6,6083.5,6083.5,0
1734379705,6083.48,6083.75,6083.48,6083.75,0
1734379710,6083.81,6084.0,6083.81,6083.92,0
1734379715,6083.89,6083.89,6083.78,6083.81,0
1734379720,6083.82,6083.84,6083.76,6083.8,0
1734379725,6083.87,6084.05,6083.87,6084.05,0
1734379730,6084.03,6084.15,6084.01,6084.15,0
1734379735,6084.2,6084.41,6084.17,6084.25,0
1734379740,6084.23,6084.23,6084.11,6084.16,0
1734379745,6084.18,6084.25,6084.18,6084.25,0
1734379750,6084.24,6084.42,6084.24,6084.42,0
1734379755,6084.62,6084.66,6084.6,6084.6,0
1734379760,6084.7,6084.89,6084.65,6084.78,0
1734379765,6084.71,6084.71,6084.57,6084.64,0
1734379770,6084.53,6084.61,6084.53,6084.61,0
1734379775,6084.6,6084.64,6084.6,6084.64,0
1734379780,6084.65,6084.77,6084.65,6084.77,0
1734379785,6084.76,6084.96,6084.76,6084.96,0
1734379790,6084.97,6084.98,6084.91,6084.91,0
1734379795,6084.92,6084.92,6084.75,6084.75,0
1734379800,6084.79,6084.87,6084.72,6084.87,0
1734379805,6085.04,6085.08,6084.98,6085.08,0
1734379810,6084.62,6084.68,6084.62,6084.66,0
1734379815,6084.6,6084.64,6084.52,6084.61,0
1734379820,6084.37,6084.43,6084.31,6084.35,0
1734379825,6084.32,6084.32,6084.19,6084.23,0
1734379830,6084.24,6084.35,6084.24,6084.31,0
1734379835,6084.28,6084.38,6084.28,6084.38,0
1734379840,6084.43,6084.49,6084.38,6084.48,0
1734379845,6084.42,6084.43,6084.36,6084.43,0
1734379850,6084.35,6084.41,6084.34,6084.41,0
1734379855,6084.4,6084.48,6084.4,6084.48,0
1734379860,6084.37,6084.52,6084.34,6084.34,0
1734379865,6084.35,6084.38,6084.31,6084.38,0
1734379870,6084.44,6084.57,6084.44,6084.57,0
1734379875,6084.54,6084.7,6084.53,6084.7,0
1734379880,6084.73,6084.79,6084.73,6084.79,0
1734379885,6084.69,6084.69,6084.64,6084.67,0
1734379890,6084.69,6084.78,6084.69,6084.75,0
1734379895,6084.71,6084.71,6084.61,6084.68,0
1734379900,6084.63,6084.71,6084.55,6084.55,0
1734379905,6084.61,6084.61,6084.23,6084.23,0
1734379910,6084.29,6084.45,6084.29,6084.45,0
1734379915,6084.48,6084.58,6084.43,6084.58,0
1734379920,6084.55,6084.76,6084.55,6084.76,0
1734379925,6084.75,6085.04,6084.75,6084.92,0
1734379930,6084.87,6084.87,6084.7,6084.77,0
1734379935,6084.75,6085.07,6084.75,6085.07,0
1734379940,6084.9,6085.04,6084.9,6085.04,0
1734379945,6085.14,6085.19,6085.11,6085.14,0
1734379950,6085.12,6085.18,6085.12,6085.13,0
1734379955,6085.12,6085.12,6084.88,6084.88,0
1734379960,6084.86,6084.9,6084.75,6084.78,0
1734379965,6084.83,6084.83,6084.59,6084.67,0
1734379970,6084.66,6084.69,6084.44,6084.44,0
1734379975,6084.47,6084.65,6084.47,6084.54,0
1734379980,6084.39,6084.52,6084.39,6084.46,0
1734379985,6084.48,6084.71,6084.48,6084.57,0
1734379990,6084.64,6084.74,6084.64,6084.72,0
1734379995,6084.76,6084.77,6084.73,6084.73,0
1734380000,6084.68,6084.9,6084.68,6084.9,0
1734380005,6084.89,6084.89,6084.71,6084.73,0
1734380010,6084.69,6084.69,6084.62,6084.69,0
1734380015,6084.57,6084.57,6084.47,6084.54,0
1734380020,6084.53,6084.63,6084.53,6084.58,0
1734380025,6084.5,6084.5,6084.36,6084.36,0
1734380030,6084.22,6084.44,6084.22,6084.44,0
1734380035,6084.34,6084.59,6084.34,6084.56,0
1734380040,6084.5,6084.53,6084.46,6084.53,0
1734380045,6084.59,6084.6,6084.56,6084.58,0
1734380050,6084.3,6084.3,6084.14,6084.19,0
1734380055,6084.25,6084.39,6084.25,6084.39,0
1734380060,6084.43,6084.43,6084.29,6084.29,0
1734380065,6084.24,6084.24,6084.08,6084.11,0
1734380070,6084.14,6084.18,6084.07,6084.14,0
1734380075,6084.1,6084.1,6083.96,6083.96,0
1734380080,6083.95,6083.99,6083.85,6083.85,0
1734380085,6083.94,6084.32,6083.94,6084.24,0
1734380090,6084.27,6084.27,6084.21,6084.21,0
1734380095,6084.16,6084.16,6084.02,6084.02,0
1734380100,6084.18,6084.18,6083.89,6083.89,0
1734380105,6083.94,6084.19,6083.94,6084.19,0
1734380110,6084.13,6084.21,6084.08,6084.21,0
1734380115,6084.19,6084.19,6083.95,6084.05,0
1734380120,6084.12,6084.41,6084.12,6084.41,0
1734380125,6084.46,6084.54,6084.43,6084.52,0
1734380130,6084.63,6084.74,6084.46,6084.46,0
1734380135,6084.5,6084.82,6084.5,6084.82,0
1734380140,6084.86,6084.86,6084.74,6084.74,0
1734380145,6084.82,6084.92,6084.77,6084.77,0
1734380150,6084.67,6084.67,6084.49,6084.49,0
1734380155,6084.47,6084.53,6084.47,6084.5,0
1734380160,6084.64,6084.64,6084.61,6084.61,0
1734380165,6084.55,6084.68,6084.47,6084.68,0
1734380170,6084.75,6084.8,6084.63,6084.63,0
1734380175,6084.62,6084.65,6084.57,6084.65,0
1734380180,6084.68,6084.74,6084.62,6084.62,0
1734380185,6084.32,6084.41,6084.3,6084.41,0
1734380190,6084.43,6084.44,6084.27,6084.27,0
1734380195,6084.35,6084.35,6084.29,6084.35,0
1734380200,6084.39,6084.4,6084.22,6084.22,0
1734380205,6084.28,6084.28,6084.06,6084.06,0
1734380210,6084.09,6084.22,6084.09,6084.22,0
1734380215,6084.15,6084.23,6084.12,6084.23,0
1734380220,6084.27,6084.27,6084.14,6084.18,0
1734380225,6084.22,6084.44,6084.22,6084.38,0
1734380230,6084.33,6084.53,6084.33,6084.53,0
1734380235,6084.51,6084.52,6084.43,6084.52,0
1734380240,6084.48,6084.48,6084.29,6084.29,0
1734380245,6084.32,6084.37,6084.32,6084.37,0
1734380250,6084.32,6084.48,6084.32,6084.42,0
1734380255,6084.36,6084.56,6084.36,6084.56,0
1734380260,6084.62,6084.62,6084.29,6084.32,0
1734380265,6084.26,6084.33,6084.22,6084.28,0
1734380270,6084.3,6084.39,6084.27,6084.27,0
1734380275,6084.32,6084.32,6084.11,6084.11,0
1734380280,6084.06,6084.14,6084.02,6084.02,0
1734380285,6083.96,6083.96,6083.87,6083.87,0
1734380290,6083.88,6083.95,6083.86,6083.92,0
1734380295,6083.93,6083.97,6083.92,6083.97,0
1734380300,6083.96,6083.96,6083.64,6083.64,0
1734380305,6083.66,6083.66,6083.51,6083.55,0
1734380310,6083.53,6083.61,6083.53,6083.57,0
1734380315,6083.53,6083.58,6083.51,6083.54,0
1734380320,6083.51,6083.63,6083.51,6083.63,0
1734380325,6083.56,6083.64,6083.53,6083.64,0
1734380330,6083.66,6083.66,6083.55,6083.59,0
1734380335,6083.62,6083.7,6083.62,6083.7,0
1734380340,6083.44,6083.44,6083.28,6083.34,0
1734380345,6083.4,6083.42,6083.4,6083.42,0
1734380350,6083.37,6083.4,6083.33,6083.39,0
1734380355,6083.35,6083.4,6083.22,6083.22,0
1734380360,6083.26,6083.32,6083.25,6083.32,0
1734380365,6083.25,6083.44,6083.25,6083.44,0
1734380370,6083.43,6083.58,6083.43,6083.58,0
1734380375,6083.41,6083.43,6083.37,6083.43,0
1734380380,6083.47,6083.51,6083.47,6083.47,0
1734380385,6083.46,6083.65,6083.46,6083.65,0
1734380390,6083.54,6083.6,6083.52,6083.52,0
1734380395,6083.42,6083.54,6083.42,6083.54,0
1734380400,6083.39,6083.44,6083.36,6083.36,0
1734380405,6083.39,6083.39,6083.11,6083.14,0
1734380410,6083.09,6083.13,6083.04,6083.12,0
1734380415,6083.1,6083.16,6083.09,6083.16,0
1734380420,6083.24,6083.37,6083.22,6083.26,0
1734380425,6083.39,6083.39,6083.31,6083.33,0
1734380430,6083.31,6083.36,6083.27,6083.27,0
1734380435,6083.28,6083.51,6083.23,6083.51,0
1734380440,6083.48,6083.57,6083.42,6083.5,0
1734380445,6083.45,6083.46,6083.39,6083.42,0
1734380450,6083.44,6083.46,6083.39,6083.4,0
1734380455,6083.38,6083.8,6083.38,6083.8,0
1734380460,6083.69,6083.74,6083.53,6083.6,0
1734380465,6083.62,6083.71,6083.62,6083.68,0
1734380470,6083.66,6083.87,6083.66,6083.87,0
1734380475,6084.07,6084.12,6083.89,6083.89,0
1734380480,6083.78,6083.98,6083.78,6083.87,0
1734380485,6083.82,6083.85,6083.77,6083.77,0
1734380490,6083.67,6083.76,6083.67,6083.73,0
1734380495,6083.69,6083.69,6083.31,6083.31,0
1734380500,6083.29,6083.29,6083.21,6083.21,0
1734380505,6083.19,6083.26,6083.19,6083.19,0
1734380510,6083.11,6083.42,6083.11,6083.36,0
1734380515,6083.24,6083.24,6082.99,6082.99,0
1734380520,6082.92,6083.11,6082.92,6083.08,0
1734380525,6083.05,6083.05,6082.94,6083.01,0
1734380530,6082.92,6082.92,6082.75,6082.88,0
1734380535,6082.87,6083.02,6082.67,6082.67,0
1734380540,6082.59,6082.62,6082.51,6082.51,0
1734380545,6082.57,6082.74,6082.56,6082.7,0
1734380550,6082.71,6082.99,6082.71,6082.99,0
1734380555,6082.97,6082.97,6082.91,6082.94,0
1734380560,6082.9,6082.9,6082.63,6082.63,0
1734380565,6082.65,6082.67,6082.64,6082.67,0
1734380570,6082.55,6082.62,6082.38,6082.62,0
1734380575,6082.38,6082.51,6082.37,6082.4,0
1734380580,6082.41,6082.48,6082.41,6082.45,0
1734380585,6082.49,6082.61,6082.49,6082.59,0
1734380590,6082.61,6082.81,6082.61,6082.81,0
1734380595,6082.78,6082.87,6082.65,6082.65,0
1734380600,6082.48,6082.51,6082.38,6082.38,0
1734380605,6082.34,6082.34,6081.88,6081.88,0
1734380610,6081.85,6081.91,6081.67,6081.75,0
1734380615,6081.78,6081.89,6081.78,6081.89,0
1734380620,6081.88,6081.94,6081.84,6081.94,0
1734380625,6081.96,6082.02,6081.91,6082.02,0
1734380630,6082.09,6082.35,6082.09,6082.28,0
1734380635,6082.26,6082.33,6082.21,6082.33,0
1734380640,6082.26,6082.26,6081.89,6081.89,0
1734380645,6081.82,6081.82,6081.73,6081.79,0
1734380650,6081.71,6081.71,6081.49,6081.49,0
1734380655,6081.52,6081.52,6081.21,6081.33,0
1734380660,6081.32,6081.34,6081.21,6081.27,0
1734380665,6081.34,6081.47,6081.29,6081.47,0
1734380670,6081.49,6081.49,6081.29,6081.29,0
1734380675,6081.3,6081.31,6081.28,6081.3,0
1734380680,6081.36,6081.57,6081.36,6081.57,0
1734380685,6081.54,6081.62,6081.49,6081.57,0
1734380690,6081.64,6081.64,6081.54,6081.64,0
1734380695,6081.53,6081.54,6081.35,6081.35,0
1734380700,6081.44,6081.61,6081.44,6081.61,0
1734380705,6081.56,6081.63,6081.56,6081.58,0
1734380710,6081.65,6081.8,6081.65,6081.7,0
1734380715,6081.69,6081.89,6081.69,6081.71,0
1734380720,6081.75,6081.83,6081.72,6081.72,0
1734380725,6081.68,6081.68,6081.58,6081.63,0
1734380730,6081.73,6082.02,6081.73,6081.79,0
1734380735,6081.88,6082.19,6081.88,6082.19,0
1734380740,6082.35,6082.71,6082.35,6082.71,0
1734380745,6082.73,6082.96,6082.73,6082.96,0
1734380750,6082.89,6083.07,6082.89,6083.07,0
1734380755,6083.21,6083.39,6083.21,6083.38,0
1734380760,6083.37,6083.64,6083.37,6083.64,0
1734380765,6083.62,6083.64,6083.46,6083.46,0
1734380770,6083.51,6083.51,6083.31,6083.32,0
1734380775,6083.38,6083.38,6083.21,6083.21,0
1734380780,6083.39,6083.48,6083.31,6083.31,0
1734380785,6083.35,6083.35,6083.1,6083.1,0
1734380790,6083.06,6083.13,6082.97,6083.13,0
1734380795,6083.23,6083.64,6083.23,6083.64,0
1734380800,6083.68,6083.73,6082.64,6082.64,0
1734380805,6082.55,6082.64,6082.55,6082.64,0
1734380810,6082.73,6082.84,6082.63,6082.82,0
1734380815,6082.8,6082.88,6082.77,6082.83,0
1734380820,6083.07,6083.14,6083.07,6083.09,0
1734380825,6083.25,6083.26,6083.22,6083.24,0
1734380830,6083.2,6083.49,6083.2,6083.49,0
1734380835,6083.58,6083.58,6083.43,6083.54,0
1734380840,6083.57,6083.85,6083.57,6083.71,0
1734380845,6083.75,6083.97,6083.73,6083.97,0
1734380850,6083.98,6084.11,6083.98,6084.1,0
1734380855,6084.03,6084.06,6083.99,6084.03,0
1734380860,6083.9,6083.95,6083.88,6083.91,0
1734380865,6083.97,6084.09,6083.97,6084.09,0
1734380870,6084.07,6084.14,6084.07,6084.08,0
1734380875,6084.07,6084.1,6084.02,6084.02,0
1734380880,6084.01,6084.17,6084.01,6084.17,0
1734380885,6084.2,6084.2,6083.78,6083.78,0
1734380890,6083.82,6083.89,6083.82,6083.84,0
1734380895,6083.88,6084.11,6083.88,6084.11,0
1734380900,6084.04,6084.26,6084.04,6084.23,0
1734380905,6084.25,6084.25,6084.01,6084.01,0
1734380910,6084.05,6084.05,6083.87,6083.91,0
1734380915,6083.94,6083.97,6083.92,6083.93,0
1734380920,6083.83,6083.92,6083.83,6083.83,0
1734380925,6083.95,6083.96,6083.92,6083.93,0
1734380930,6083.83,6083.96,6083.83,6083.86,0
1734380935,6083.91,6083.91,6083.8,6083.87,0
1734380940,6083.82,6083.9,6083.8,6083.8,0
1734380945,6083.73,6083.73,6083.55,6083.55,0
1734380950,6083.59,6083.59,6083.46,6083.48,0
1734380955,6083.44,6083.57,6083.3,6083.53,0
1734380960,6083.43,6083.49,6083.38,6083.42,0
1734380965,6083.39,6083.48,6083.28,6083.37,0
1734380970,6083.41,6083.66,6083.41,6083.62,0
1734380975,6083.67,6083.69,6083.47,6083.5,0
1734380980,6083.6,6083.77,6083.6,6083.67,0
1734380985,6083.6,6083.7,6083.4,6083.4,0
1734380990,6083.41,6083.41,6083.0,6083.0,0
1734380995,6083.1,6083.1,6082.99,6083.07,0
1734381000,6083.03,6083.03,6082.38,6082.38,0
1734381005,6082.52,6082.75,6082.5,6082.5,0
1734381010,6082.51,6082.56,6082.4,6082.44,0
1734381015,6082.32,6082.37,6082.26,6082.32,0
1734381020,6082.26,6082.58,6082.26,6082.58,0
1734381025,6082.46,6082.58,6082.46,6082.47,0
1734381030,6082.57,6082.63,6082.49,6082.62,0
1734381035,6082.55,6082.55,6082.44,6082.46,0
1734381040,6082.37,6082.37,6082.26,6082.26,0
1734381045,6082.13,6082.32,6082.13,6082.22,0
1734381050,6082.2,6082.36,6082.2,6082.26,0
1734381055,6082.27,6082.27,6081.99,6082.01,0
1734381060,6082.0,6082.07,6081.87,6081.97,0
1734381065,6082.21,6082.21,6082.07,6082.1,0
1734381070,6082.03,6082.06,6081.96,6082.06,0
1734381075,6081.9,6081.92,6081.48,6081.48,0
1734381080,6081.63,6081.73,6081.63,6081.73,0
1734381085,6081.62,6081.82,6081.62,6081.82,0
1734381090,6081.86,6082.06,6081.86,6081.98,0
1734381095,6081.84,6081.84,6081.37,6081.41,0
1734381100,6081.49,6081.65,6081.49,6081.59,0
1734381105,6081.7,6081.86,6081.7,6081.83,0
1734381110,6081.84,6082.02,6081.84,6082.02,0
1734381115,6082.19,6082.32,6082.19,6082.32,0
1734381120,6082.63,6082.63,6082.47,6082.55,0
1734381125,6082.61,6082.64,6082.28,6082.28,0
1734381130,6082.43,6082.43,6082.14,6082.14,0
1734381135,6082.21,6082.39,6082.21,6082.39,0
1734381140,6082.47,6082.51,6082.32,6082.38,0
1734381145,6082.49,6082.52,6082.15,6082.15,0
1734381150,6082.19,6082.26,6082.04,6082.04,0
1734381155,6082.03,6082.07,6081.91,6081.91,0
1734381160,6081.84,6081.84,6081.71,6081.73,0
1734381165,6081.82,6081.85,6081.79,6081.83,0
1734381170,6081.87,6081.95,6081.86,6081.86,0
1734381175,6081.92,6081.92,6081.58,6081.68,0
1734381180,6081.66,6081.66,6081.58,6081.58,0
1734381185,6081.41,6081.41,6080.91,6080.96,0
1734381190,6080.61,6080.8,6080.43,6080.8,0
1734381195,6080.78,6080.8,6080.68,6080.75,0
1734381200,6080.86,6081.05,6080.86,6081.05,0
1734381205,6081.01,6081.04,6080.95,6080.97,0
1734381210,6081.12,6081.12,6080.81,6080.91,0
1734381215,6080.88,6081.2,6080.88,6081.13,0
1734381220,6081.12,6081.12,6081.01,6081.01,0
1734381225,6080.93,6080.93,6080.44,6080.44,0
1734381230,6080.42,6080.43,6080.24,6080.43,0
1734381235,6080.44,6080.44,6080.31,6080.31,0
1734381240,6080.37,6080.37,6080.08,6080.08,0
1734381245,6080.14,6080.25,6080.08,6080.25,0
1734381250,6080.29,6080.42,6080.29,6080.42,0
1734381255,6080.34,6080.36,6080.2,6080.2,0
1734381260,6080.27,6080.27,6080.08,6080.14,0
1734381265,6080.11,6080.12,6080.04,6080.12,0
1734381270,6080.16,6080.28,6080.12,6080.28,0
1734381275,6080.33,6080.7,6080.33,6080.7,0
1734381280,6080.81,6081.09,6080.81,6081.09,0
1734381285,6081.06,6081.06,6080.72,6080.72,0
1734381290,6080.68,6080.68,6080.42,6080.42,0
1734381295,6080.22,6080.31,6080.17,6080.31,0
1734381300,6080.37,6080.4,6080.35,6080.35,0
1734381305,6080.28,6080.43,6080.27,6080.27,0
1734381310,6080.17,6080.23,6080.12,6080.12,0
1734381315,6080.31,6080.49,6080.31,6080.45,0
1734381320,6080.47,6080.59,6080.37,6080.59,0
1734381325,6080.41,6080.53,6080.17,6080.18,0
1734381330,6080.15,6080.26,6080.09,6080.26,0
1734381335,6080.25,6080.37,6080.21,6080.25,0
1734381340,6080.27,6080.27,6080.05,6080.12,0
1734381345,6080.06,6080.12,6079.85,6079.85,0
1734381350,6079.79,6080.1,6079.79,6080.1,0
1734381355,6080.08,6080.18,6079.98,6079.98,0
1734381360,6079.89,6079.9,6079.75,6079.75,0
1734381365,6079.73,6079.83,6079.6,6079.64,0
1734381370,6079.66,6079.67,6079.56,6079.56,0
1734381375,6079.29,6079.41,6079.22,6079.22,0
1734381380,6079.12,6079.12,6079.0,6079.0,0
1734381385,6079.01,6079.35,6079.01,6079.35,0
1734381390,6079.44,6079.71,6079.44,6079.71,0
1734381395,6079.85,6080.0,6079.75,6080.0,0
1734381400,6080.04,6080.11,6080.04,6080.11,0
1734381405,6080.24,6080.32,6079.79,6079.79,0
1734381410,6079.82,6080.32,6079.82,6080.32,0
1734381415,6080.31,6080.4,6080.19,6080.23,0
1734381420,6080.35,6080.35,6080.26,6080.27,0
1734381425,6080.22,6080.33,6080.19,6080.33,0
1734381430,6080.34,6080.34,6080.26,6080.27,0
1734381435,6080.2,6080.3,6080.2,6080.28,0
1734381440,6080.32,6080.48,6080.32,6080.41,0
1734381445,6080.31,6080.64,6080.31,6080.64,0
1734381450,6080.69,6080.76,6080.68,6080.74,0
1734381455,6080.64,6080.78,6080.64,6080.77,0
1734381460,6080.69,6080.76,6080.69,6080.76,0
1734381465,6080.78,6080.78,6080.7,6080.72,0
1734381470,6080.67,6080.78,6080.67,6080.74,0
1734381475,6080.61,6080.61,6080.34,6080.34,0
1734381480,6080.27,6080.45,6080.26,6080.42,0
1734381485,6080.47,6080.49,6080.32,6080.36,0
1734381490,6080.41,6080.45,6080.38,6080.45,0
1734381495,6080.42,6080.42,6080.24,6080.24,0
1734381500,6080.11,6080.13,6080.08,6080.13,0
1734381505,6080.22,6080.23,6080.04,6080.04,0
1734381510,6080.03,6080.03,6079.84,6079.84,0
1734381515,6079.73,6079.75,6079.6,6079.6,0
1734381520,6079.76,6079.86,6079.62,6079.86,0
1734381525,6079.79,6079.87,6079.79,6079.85,0
1734381530,6079.84,6079.84,6079.68,6079.68,0
1734381535,6079.66,6079.69,6079.59,6079.59,0
1734381540,6079.61,6079.61,6079.45,6079.51,0
1734381545,6079.47,6079.57,6079.47,6079.57,0
1734381550,6079.65,6079.76,6079.65,6079.76,0
1734381555,6079.79,6079.95,6079.79,6079.95,0
1734381560,6079.87,6080.0,6079.87,6080.0,0
1734381565,6079.94,6079.98,6079.86,6079.88,0
1734381570,6079.92,6080.05,6079.91,6079.91,0
1734381575,6079.73,6079.79,6079.67,6079.72,0
1734381580,6079.66,6079.73,6079.64,6079.64,0
1734381585,6079.56,6079.68,6079.54,6079.68,0
1734381590,6079.7,6079.75,6079.59,6079.59,0
1734381595,6079.63,6079.69,6079.61,6079.66,0
1734381600,6079.69,6079.69,6079.4,6079.4,0
1734381605,6079.25,6079.25,6078.93,6078.93,0
1734381610,6079.0,6079.38,6079.0,6079.38,0
1734381615,6079.24,6079.31,6079.12,6079.12,0
1734381620,6079.14,6079.2,6079.04,6079.04,0
1734381625,6079.01,6079.01,6078.53,6078.53,0
1734381630,6078.32,6078.5,6078.32,6078.5,0
1734381635,6078.54,6078.72,6078.54,6078.72,0
1734381640,6078.64,6078.81,6078.64,6078.81,0
1734381645,6078.98,6079.05,6078.98,6079.05,0
1734381650,6079.08,6079.23,6079.03,6079.23,0
1734381655,6079.35,6079.35,6079.15,6079.21,0
1734381660,6079.18,6079.28,6079.18,6079.24,0
1734381665,6079.14,6079.14,6078.73,6078.73,0
1734381670,6078.75,6078.8,6078.68,6078.68,0
1734381675,6078.7,6078.7,6078.57,6078.57,0
1734381680,6078.58,6078.68,6078.54,6078.68,0
1734381685,6078.67,6078.84,6078.67,6078.84,0
1734381690,6078.86,6078.92,6078.72,6078.74,0
1734381695,6078.78,6078.86,6078.76,6078.76,0
1734381700,6078.63,6078.67,6078.56,6078.56,0
1734381705,6078.66,6078.7,6078.6,6078.69,0
1734381710,6078.55,6078.55,6078.33,6078.33,0
1734381715,6078.32,6078.34,6078.16,6078.16,0
1734381720,6078.4,6078.48,6078.31,6078.48,0
1734381725,6078.44,6078.57,6078.41,6078.41,0
1734381730,6078.34,6078.62,6078.34,6078.62,0
1734381735,6078.66,6078.76,6078.64,6078.76,0
1734381740,6078.85,6078.85,6078.49,6078.5,0
1734381745,6078.4,6078.4,6078.24,6078.25,0
1734381750,6078.26,6078.36,6078.25,6078.35,0
1734381755,6078.38,6078.38,6078.24,6078.24,0
1734381760,6078.21,6078.21,6078.09,6078.14,0
1734381765,6078.16,6078.34,6078.16,6078.34,0
1734381770,6078.38,6078.47,6078.36,6078.42,0
1734381775,6078.4,6078.44,6078.36,6078.44,0
1734381780,6078.37,6078.37,6078.26,6078.26,0
1734381785,6078.19,6078.19,6078.06,6078.11,0
1734381790,6078.08,6078.35,6078.08,6078.35,0
1734381795,6078.25,6078.29,6078.24,6078.26,0
1734381800,6078.49,6078.49,6078.28,6078.3,0
1734381805,6078.28,6078.28,6078.17,6078.19,0
1734381810,6078.09,6078.09,6077.7,6077.7,0
1734381815,6077.56,6077.88,6077.56,6077.88,0
1734381820,6077.86,6077.86,6077.76,6077.84,0
1734381825,6077.88,6077.88,6077.8,6077.84,0
1734381830,6077.79,6077.79,6077.66,6077.73,0
1734381835,6077.68,6077.75,6077.63,6077.74,0
1734381840,6077.7,6077.97,6077.62,6077.97,0
1734381845,6077.95,6078.06,6077.89,6078.0,0
1734381850,6078.08,6078.08,6077.94,6078.04,0
1734381855,6078.08,6078.2,6077.95,6078.16,0
1734381860,6078.2,6078.2,6077.98,6078.08,0
1734381865,6078.06,6078.08,6077.96,6077.96,0
1734381870,6077.87,6077.87,6077.78,6077.78,0
1734381875,6077.77,6077.8,6077.55,6077.55,0
1734381880,6077.48,6077.49,6077.31,6077.31,0
1734381885,6077.33,6077.33,6077.17,6077.18,0
1734381890,6077.23,6077.23,6077.11,6077.11,0
1734381895,6077.04,6077.04,6076.87,6076.87,0
1734381900,6076.88,6076.88,6075.45,6075.57,0
1734381905,6075.38,6075.48,6075.25,6075.25,0
1734381910,6074.95,6074.95,6074.25,6074.42,0
1734381915,6074.38,6074.4,6074.0,6074.0,0
1734381920,6074.04,6074.1,6073.85,6073.85,0
1734381925,6074.1,6074.2,6074.03,6074.2,0
1734381930,6074.62,6074.76,6074.59,6074.73,0
1734381935,6074.64,6074.88,6074.64,6074.88,0
1734381940,6074.9,6075.1,6074.9,6075.02,0
1734381945,6075.0,6075.03,6074.94,6074.96,0
1734381950,6074.92,6074.93,6074.9,6074.9,0
1734381955,6074.91,6074.93,6074.79,6074.89,0
1734381960,6074.91,6074.94,6074.83,6074.88,0
1734381965,6074.87,6074.87,6074.74,6074.76,0
1734381970,6074.8,6074.82,6074.75,6074.79,0
1734381975,6074.73,6074.73,6074.55,6074.55,0
1734381980,6074.13,6074.13,6073.7,6073.91,0
1734381985,6073.92,6073.95,6073.87,6073.91,0
1734381990,6073.9,6073.9,6073.34,6073.34,0
1734381995,6073.3,6073.49,6073.3,6073.46,0
1734382000,6073.59,6073.65,6073.58,6073.6,0
1734382005,6073.49,6073.49,6072.8,6072.8,0
1734382010,6072.95,6073.26,6072.87,6073.26,0
1734382015,6072.95,6073.21,6072.92,6073.21,0
1734382020,6073.24,6073.71,6073.24,6073.71,0
1734382025,6073.64,6073.92,6073.43,6073.43,0
1734382030,6073.47,6073.6,6073.43,6073.58,0
1734382035,6073.69,6073.69,6073.53,6073.53,0
1734382040,6073.41,6073.5,6073.4,6073.41,0
1734382045,6073.4,6073.43,6073.31,6073.31,0
1734382050,6073.25,6073.27,6073.03,6073.27,0
1734382055,6073.25,6073.39,6073.25,6073.39,0
1734382060,6073.26,6073.26,6073.11,6073.11,0
1734382065,6073.14,6073.23,6073.06,6073.06,0
1734382070,6073.11,6073.16,6072.98,6072.98,0
1734382075,6072.92,6072.94,6072.86,6072.86,0
1734382080,6073.11,6073.11,6072.89,6072.98,0
1734382085,6073.11,6073.11,6072.99,6073.07,0
1734382090,6073.1,6073.22,6072.99,6072.99,0
1734382095,6073.14,6073.29,6073.14,6073.29,0
1734382100,6073.3,6073.42,6073.3,6073.42,0
1734382105,6073.35,6073.78,6073.35,6073.78,0
1734382110,6073.75,6073.78,6073.68,6073.78,0
1734382115,6073.75,6073.87,6073.75,6073.8,0
1734382120,6073.68,6073.83,6073.63,6073.83,0
1734382125,6073.8,6074.2,6073.63,6074.2,0
1734382130,6074.13,6074.37,6074.13,6074.37,0
1734382135,6074.75,6074.75,6074.52,6074.57,0
1734382140,6074.54,6074.54,6074.42,6074.42,0
1734382145,6074.36,6074.69,6074.36,6074.67,0
1734382150,6074.69,6074.78,6074.65,6074.68,0
1734382155,6074.41,6074.45,6074.2,6074.22,0
1734382160,6074.27,6074.27,6074.21,6074.23,0
1734382165,6074.17,6074.17,6073.97,6073.98,0
1734382170,6073.9,6074.0,6073.9,6073.9,0
1734382175,6073.96,6074.08,6073.96,6074.01,0
1734382180,6073.89,6074.09,6073.89,6073.95,0
1734382185,6073.87,6074.02,6073.86,6073.86,0
1734382190,6073.8,6073.92,6073.79,6073.81,0
1734382195,6073.79,6073.79,6073.7,6073.7,0
1734382200,6073.65,6073.65,6072.76,6073.31,0
1734382205,6073.16,6073.49,6072.8,6072.8,0
1734382210,6072.91,6072.91,6072.16,6072.16,0
1734382215,6071.98,6071.98,6071.09,6071.42,0
1734382220,6071.47,6071.47,6070.6,6070.6,0
1734382225,6070.83,6070.99,6070.74,6070.74,0
1734382230,6070.75,6071.18,6070.75,6071.16,0
1734382235,6071.29,6071.67,6071.21,6071.67,0
1734382240,6071.84,6072.03,6071.84,6071.91,0
1734382245,6071.74,6071.74,6071.66,6071.66,0
1734382250,6071.71,6071.98,6071.71,6071.98,0
1734382255,6071.91,6072.27,6071.91,6072.1,0
1734382260,6072.02,6072.27,6072.02,6072.22,0
1734382265,6072.2,6072.66,6072.2,6072.58,0
1734382270,6072.32,6072.32,6071.89,6071.89,0
1734382275,6071.86,6071.96,6071.84,6071.89,0
1734382280,6071.91,6071.91,6071.11,6071.11,0
1734382285,6070.84,6071.38,6070.79,6071.38,0
1734382290,6071.26,6071.26,6070.93,6070.93,0
1734382295,6070.81,6070.81,6070.5,6070.56,0
1734382300,6070.66,6070.69,6070.42,6070.42,0
1734382305,6070.46,6070.64,6070.46,6070.64,0
1734382310,6070.5,6070.85,6070.5,6070.6,0
1734382315,6070.66,6070.66,6070.37,6070.37,0
1734382320,6070.12,6070.36,6070.12,6070.35,0
1734382325,6070.49,6070.52,6070.44,6070.44,0
1734382330,6070.37,6070.59,6070.32,6070.59,0
1734382335,6070.31,6070.31,6069.6,6069.63,0
1734382340,6069.62,6069.63,6069.45,6069.45,0
1734382345,6069.42,6069.61,6069.42,6069.55,0
1734382350,6069.69,6069.7,6069.46,6069.46,0
1734382355,6069.54,6069.74,6069.54,6069.74,0
1734382360,6069.79,6069.79,6069.57,6069.57,0
1734382365,6069.59,6069.67,6069.52,6069.52,0
1734382370,6069.53,6069.54,6069.38,6069.46,0
1734382375,6069.48,6069.58,6069.44,6069.44,0
1734382380,6069.49,6069.67,6069.19,6069.19,0
1734382385,6069.01,6069.45,6069.01,6069.45,0
1734382390,6069.35,6069.6,6069.35,6069.6,0
1734382395,6069.4,6069.45,6069.12,6069.12,0
1734382400,6068.74,6068.74,6068.16,6068.16,0
1734382405,6068.1,6068.3,6068.1,6068.25,0
1734382410,6068.29,6068.38,6068.21,6068.38,0
1734382415,6068.44,6068.93,6068.44,6068.93,0
1734382420,6069.12,6069.51,6069.12,6069.42,0
1734382425,6069.46,6069.46,6069.27,6069.27,0
1734382430,6069.25,6069.47,6069.24,6069.47,0
1734382435,6069.37,6069.79,6069.37,6069.79,0
1734382440,6069.81,6070.72,6069.81,6070.72,0
1734382445,6070.92,6070.92,6070.84,6070.91,0
1734382450,6070.86,6070.86,6069.98,6070.48,0
1734382455,6070.67,6071.22,6070.56,6071.16,0
1734382460,6071.18,6071.18,6070.59,6070.65,0
1734382465,6070.45,6070.52,6070.41,6070.52,0
1734382470,6070.62,6071.1,6070.62,6070.9,0
1734382475,6070.83,6071.1,6070.83,6071.1,0
1734382480,6071.16,6071.16,6070.91,6071.15,0
1734382485,6071.0,6071.0,6070.71,6070.71,0
1734382490,6070.87,6070.87,6069.95,6069.95,0
1734382495,6070.13,6070.13,6069.9,6069.9,0
1734382500,6069.83,6071.68,6069.83,6071.43,0
1734382505,6071.26,6071.55,6071.21,6071.51,0
1734382510,6071.58,6072.06,6071.58,6072.06,0
1734382515,6071.83,6071.94,6071.78,6071.85,0
1734382520,6071.86,6072.2,6071.86,6072.01,0
1734382525,6071.93,6072.73,6071.93,6072.73,0
1734382530,6072.89,6073.2,6072.89,6073.01,0
1734382535,6073.19,6073.83,6073.09,6073.83,0
1734382540,6073.86,6073.91,6073.71,6073.71,0
1734382545,6073.66,6073.73,6073.52,6073.52,0
1734382550,6073.63,6073.98,6073.63,6073.86,0
1734382555,6073.77,6073.77,6073.54,6073.54,0
1734382560,6073.51,6073.51,6073.27,6073.27,0
1734382565,6073.25,6073.25,6072.95,6072.99,0
1734382570,6072.87,6073.16,6072.87,6072.93,0
1734382575,6072.98,6072.99,6072.9,6072.97,0
1734382580,6072.92,6072.97,6072.88,6072.91,0
1734382585,6072.93,6073.04,6072.93,6072.99,0
1734382590,6073.03,6073.1,6072.79,6072.79,0
1734382595,6072.73,6072.81,6072.29,6072.29,0
1734382600,6072.2,6072.25,6072.01,6072.01,0
1734382605,6072.07,6072.07,6071.31,6071.31,0
1734382610,6071.24,6071.24,6071.09,6071.1,0
1734382615,6071.07,6071.07,6070.94,6070.94,0
1734382620,6070.89,6070.89,6070.75,6070.81,0
1734382625,6070.65,6070.66,6070.07,6070.07,0
1734382630,6070.01,6070.03,6069.95,6069.98,0
1734382635,6070.05,6070.34,6070.05,6070.34,0
1734382640,6070.62,6071.3,6070.62,6071.3,0
1734382645,6071.36,6071.36,6071.23,6071.27,0
1734382650,6071.25,6071.25,6071.12,6071.15,0
1734382655,6071.33,6071.86,6071.33,6071.86,0
1734382660,6071.54,6071.54,6071.25,6071.25,0
1734382665,6071.26,6071.36,6071.09,6071.09,0
1734382670,6070.94,6070.98,6070.91,6070.98,0
1734382675,6070.99,6071.3,6070.99,6071.26,0
1734382680,6071.17,6071.4,6071.17,6071.4,0
1734382685,6071.33,6071.48,6071.21,6071.43,0
1734382690,6071.28,6071.28,6070.97,6070.97,0
1734382695,6070.92,6071.12,6070.79,6071.12,0
1734382700,6071.14,6071.14,6070.62,6070.62,0
1734382705,6070.67,6071.01,6070.67,6071.01,0
1734382710,6071.28,6071.28,6071.14,6071.28,0
1734382715,6071.24,6071.51,6071.21,6071.5,0
1734382720,6071.49,6071.65,6071.49,6071.64,0
1734382725,6072.0,6072.13,6071.98,6072.13,0
1734382730,6072.33,6072.33,6071.97,6071.97,0
1734382735,6072.05,6072.05,6071.53,6071.58,0
1734382740,6071.73,6072.53,6071.73,6072.25,0
1734382745,6072.51,6072.88,6072.51,6072.88,0
1734382750,6072.84,6073.1,6072.84,6073.09,0
1734382755,6074.06,6074.44,6074.02,6074.44,0
1734382760,6074.33,6074.36,6073.41,6073.41,0
1734382765,6073.71,6074.01,6073.34,6073.35,0
1734382770,6073.58,6074.57,6073.58,6074.57,0
1734382775,6074.53,6075.0,6074.53,6074.96,0
1734382780,6074.99,6074.99,6073.75,6073.85,0
1734382785,6073.65,6073.65,6073.22,6073.44,0
1734382790,6074.06,6074.17,6073.38,6074.17,0
1734382795,6074.21,6074.48,6073.3,6074.48,0
