Date,Open,High,Low,Close,Volume
1762785000,677.21,677.31,677.09,677.23,8685
1762785005,677.11,677.25,677.06,677.09,1974
1762785010,677.08,677.22,677.03,677.14,2186
1762785015,677.13,677.32,677.06,677.3,3673
1762785020,677.3,677.59,677.29,677.47,4319
1762785025,677.47,677.51,677.38,677.39,2961
1762785030,677.4,677.6,677.39,677.58,2500
1762785035,677.58,677.61,677.5,677.54,1017
1762785040,677.54,677.7,677.5,677.66,1529
1762785045,677.67,677.7,677.59,677.66,1897
1762785050,677.66,677.78,677.66,677.74,1445
1762785055,677.75,677.83,677.71,677.74,1817
1762785060,677.75,677.96,677.74,677.96,1941
1762785065,677.98,678.11,677.94,678.11,2912
1762785070,678.12,678.13,678.02,678.04,1754
1762785075,678.03,678.04,677.93,677.99,1404
1762785080,677.99,678.01,677.9,677.92,1060
1762785085,677.91,677.91,677.79,677.89,799
1762785090,677.91,677.97,677.87,677.93,826
1762785095,677.92,677.95,677.79,677.82,954
1762785100,677.82,677.94,677.81,677.93,776
1762785105,677.93,677.95,677.85,677.87,865
1762785110,677.87,677.87,677.69,677.75,1982
1762785115,677.76,677.97,677.71,677.96,1509
1762785120,677.98,678.07,677.94,677.96,1258
1762785125,677.95,677.99,677.72,677.73,931
1762785130,677.73,677.82,677.7,677.77,663
1762785135,677.78,677.83,677.64,677.68,974
1762785140,677.68,677.7,677.62,677.68,1380
1762785145,677.68,677.73,677.65,677.67,644
1762785150,677.65,677.75,677.57,677.75,555
1762785155,677.75,677.76,677.62,677.63,412
1762785160,677.63,677.66,677.56,677.61,478
1762785165,677.62,677.82,677.61,677.77,984
1762785170,677.77,677.79,677.7,677.7,699
1762785175,677.68,677.79,677.68,677.75,417
1762785180,677.76,677.87,677.73,677.84,701
1762785185,677.84,677.98,677.8,677.98,1321
1762785190,677.97,677.99,677.9,677.92,1249
1762785195,677.92,678.03,677.92,678.03,848
1762785200,678.02,678.04,677.95,677.97,1640
1762785205,677.97,678.01,677.88,677.98,1762
1762785210,677.97,678.0,677.9,677.91,587
1762785215,677.91,677.94,677.83,677.86,812
1762785220,677.86,677.87,677.7,677.74,524
1762785225,677.74,677.79,677.72,677.75,387
1762785230,677.73,677.77,677.69,677.74,766
1762785235,677.74,677.86,677.71,677.86,496
1762785240,677.85,677.92,677.83,677.9,752
1762785245,677.89,677.95,677.88,677.89,994
1762785250,677.9,677.91,677.81,677.83,582
1762785255,677.83,677.85,677.77,677.85,472
1762785260,677.86,677.9,677.79,677.82,1144
1762785265,677.83,677.85,677.76,677.82,881
1762785270,677.82,677.94,677.8,677.93,593
1762785275,677.94,677.94,677.84,677.91,614
1762785280,677.92,677.97,677.9,677.94,638
1762785285,677.94,677.99,677.84,677.87,716
1762785290,677.87,677.9,677.8,677.85,440
1762785295,677.86,677.88,677.8,677.8,905
1762785300,677.82,677.96,677.81,677.96,583
1762785305,677.98,678.01,677.92,678.01,528
1762785310,678.02,678.09,678.01,678.07,675
1762785315,678.07,678.17,678.06,678.14,1164
1762785320,678.13,678.18,678.09,678.18,1237
1762785325,678.17,678.23,678.13,678.19,1401
1762785330,678.19,678.25,678.18,678.24,703
1762785335,678.24,678.33,678.23,678.26,1271
1762785340,678.26,678.26,678.18,678.23,1019
1762785345,678.23,678.29,678.22,678.29,666
1762785350,678.29,678.34,678.28,678.3,1017
1762785355,678.3,678.37,678.27,678.32,656
1762785360,678.33,678.39,678.28,678.33,575
1762785365,678.33,678.43,678.3,678.3,1038
1762785370,678.3,678.41,678.3,678.35,1115
1762785375,678.34,678.36,678.29,678.36,351
1762785380,678.36,678.42,678.31,678.42,1114
1762785385,678.41,678.41,678.31,678.34,1361
1762785390,678.34,678.36,678.31,678.34,735
1762785395,678.34,678.37,678.27,678.34,862
1762785400,678.32,678.38,678.19,678.22,1103
1762785405,678.22,678.3,678.19,678.23,1309
1762785410,678.23,678.33,678.2,678.32,846
1762785415,678.33,678.43,678.32,678.42,739
1762785420,678.42,678.44,678.37,678.42,566
1762785425,678.41,678.48,678.38,678.41,890
1762785430,678.41,678.51,678.39,678.46,977
1762785435,678.46,678.49,678.38,678.39,522
1762785440,678.37,678.38,678.3,678.37,546
1762785445,678.37,678.39,678.32,678.35,633
1762785450,678.35,678.44,678.32,678.4,513
1762785455,678.41,678.43,678.37,678.38,922
1762785460,678.41,678.54,678.4,678.54,1161
1762785465,678.54,678.62,678.51,678.59,576
1762785470,678.58,678.61,678.55,678.55,315
1762785475,678.56,678.58,678.52,678.54,450
1762785480,678.53,678.61,678.52,678.56,717
1762785485,678.55,678.58,678.47,678.5,612
1762785490,678.5,678.51,678.43,678.46,877
1762785495,678.45,678.61,678.45,678.52,740
1762785500,678.52,678.53,678.42,678.44,1050
1762785505,678.43,678.48,678.41,678.45,544
1762785510,678.47,678.5,678.41,678.49,1483
1762785515,678.5,678.54,678.48,678.53,536
1762785520,678.52,678.58,678.51,678.56,421
1762785525,678.57,678.64,678.57,678.62,360
1762785530,678.62,678.7,678.6,678.7,746
1762785535,678.7,678.71,678.6,678.6,592
1762785540,678.63,678.67,678.6,678.65,518
1762785545,678.65,678.66,678.58,678.63,308
1762785550,678.63,678.72,678.62,678.7,835
1762785555,678.7,678.85,678.7,678.83,622
1762785560,678.84,678.86,678.8,678.82,518
1762785565,678.82,678.83,678.78,678.81,287
1762785570,678.82,678.82,678.74,678.79,924
1762785575,678.79,678.81,678.73,678.8,803
1762785580,678.8,678.82,678.71,678.72,691
1762785585,678.72,678.77,678.71,678.75,615
1762785590,678.74,678.77,678.7,678.76,280
1762785595,678.76,678.81,678.75,678.8,404
1762785600,678.8,678.95,678.79,678.93,842
1762785605,678.93,678.95,678.85,678.89,602
1762785610,678.89,678.92,678.84,678.87,1186
1762785615,678.86,678.87,678.78,678.8,869
1762785620,678.79,678.83,678.71,678.8,652
1762785625,678.8,678.86,678.8,678.85,830
1762785630,678.85,678.91,678.82,678.84,500
1762785635,678.85,678.93,678.84,678.92,265
1762785640,678.92,678.93,678.87,678.91,315
1762785645,678.91,678.94,678.9,678.93,340
1762785650,678.93,678.96,678.89,678.9,781
1762785655,678.9,678.9,678.76,678.81,737
1762785660,678.82,678.92,678.82,678.9,283
1762785665,678.92,678.95,678.89,678.95,453
1762785670,678.94,678.96,678.9,678.91,877
1762785675,678.91,678.93,678.87,678.92,258
1762785680,678.94,678.94,678.85,678.88,616
1762785685,678.87,678.95,678.85,678.93,510
1762785690,678.93,678.95,678.86,678.87,317
1762785695,678.86,678.88,678.79,678.81,586
1762785700,678.8,678.87,678.77,678.84,595
1762785705,678.84,678.84,678.77,678.84,608
1762785710,678.84,678.89,678.82,678.84,374
1762785715,678.85,678.85,678.8,678.82,698
1762785720,678.82,678.89,678.82,678.88,842
1762785725,678.88,678.95,678.88,678.89,864
1762785730,678.9,678.94,678.87,678.92,453
1762785735,678.92,678.93,678.83,678.84,465
1762785740,678.84,678.86,678.7,678.71,1264
1762785745,678.72,678.75,678.67,678.74,1162
1762785750,678.75,678.78,678.69,678.72,1644
1762785755,678.71,678.76,678.68,678.69,356
1762785760,678.68,678.71,678.63,678.68,404
1762785765,678.67,678.72,678.62,678.64,1578
1762785770,678.65,678.7,678.65,678.69,352
1762785775,678.68,678.71,678.66,678.71,142
1762785780,678.72,678.73,678.56,678.61,805
1762785785,678.61,678.63,678.49,678.55,722
1762785790,678.54,678.67,678.51,678.67,397
1762785795,678.67,678.68,678.56,678.58,462
1762785800,678.58,678.64,678.56,678.61,651
1762785805,678.61,678.67,678.57,678.6,319
1762785810,678.61,678.63,678.58,678.62,226
1762785815,678.61,678.68,678.61,678.63,725
1762785820,678.63,678.73,678.61,678.73,235
1762785825,678.74,678.83,678.74,678.82,372
1762785830,678.82,678.85,678.78,678.83,306
1762785835,678.83,678.9,678.81,678.89,254
1762785840,678.9,678.93,678.87,678.92,380
1762785845,678.92,678.94,678.89,678.93,238
1762785850,678.93,679.07,678.92,678.99,1104
1762785855,679.0,679.05,679.0,679.0,1339
1762785860,679.02,679.04,678.99,678.99,426
1762785865,679.0,679.02,678.96,678.99,450
1762785870,678.99,679.09,678.98,679.07,362
1762785875,679.07,679.08,679.03,679.06,245
1762785880,679.07,679.09,679.02,679.03,187
1762785885,679.02,679.05,679.01,679.05,477
1762785890,679.04,679.04,678.69,678.75,1802
1762785895,678.75,678.82,678.74,678.77,466
1762785900,678.78,678.96,678.78,678.95,1470
1762785905,678.93,679.0,678.89,678.96,757
1762785910,678.96,679.05,678.96,679.01,1123
1762785915,679.02,679.07,679.0,679.07,916
1762785920,679.06,679.08,679.04,679.05,277
1762785925,679.06,679.13,679.06,679.13,441
1762785930,679.12,679.13,678.95,678.96,703
1762785935,678.95,679.0,678.89,678.89,402
1762785940,678.89,678.91,678.84,678.91,654
1762785945,678.91,678.98,678.91,678.96,480
1762785950,678.97,678.98,678.89,678.93,452
1762785955,678.92,678.93,678.87,678.91,432
1762785960,678.91,678.94,678.88,678.92,583
1762785965,678.92,678.93,678.87,678.93,532
1762785970,678.92,679.0,678.91,678.98,198
1762785975,678.97,679.01,678.95,678.96,317
1762785980,678.96,678.99,678.92,678.94,239
1762785985,678.94,679.04,678.92,679.03,277
1762785990,679.02,679.08,679.02,679.05,177
1762785995,679.05,679.06,679.02,679.04,494
1762786000,679.03,679.03,678.97,679.0,361
1762786005,679.01,679.09,678.98,679.09,449
1762786010,679.11,679.17,679.07,679.09,961
1762786015,679.1,679.16,679.09,679.15,305
1762786020,679.16,679.2,679.11,679.2,588
1762786025,679.19,679.2,679.13,679.15,903
1762786030,679.14,679.15,679.03,679.05,714
1762786035,679.05,679.06,678.89,678.92,1002
1762786040,678.92,678.95,678.83,678.85,865
1762786045,678.85,678.89,678.81,678.85,887
1762786050,678.85,678.87,678.8,678.83,555
1762786055,678.83,678.85,678.77,678.82,873
1762786060,678.83,678.86,678.76,678.84,1374
1762786065,678.85,678.88,678.8,678.87,838
1762786070,678.87,678.92,678.84,678.88,446
1762786075,678.88,678.89,678.8,678.87,330
1762786080,678.89,678.93,678.81,678.82,663
1762786085,678.83,678.91,678.83,678.91,165
1762786090,678.91,679.0,678.88,678.95,506
1762786095,678.95,678.99,678.9,678.9,439
1762786100,678.91,678.92,678.75,678.77,444
1762786105,678.78,678.78,678.6,678.63,865
1762786110,678.65,678.66,678.55,678.56,582
1762786115,678.57,678.62,678.53,678.59,883
1762786120,678.58,678.61,678.56,678.6,289
1762786125,678.61,678.61,678.5,678.55,541
1762786130,678.56,678.64,678.55,678.64,426
1762786135,678.66,678.71,678.63,678.7,311
1762786140,678.7,678.83,678.69,678.83,657
1762786145,678.83,678.91,678.81,678.85,528
1762786150,678.86,678.89,678.85,678.86,458
1762786155,678.87,678.89,678.74,678.75,1064
1762786160,678.74,678.81,678.73,678.8,714
1762786165,678.8,678.8,678.7,678.7,411
1762786170,678.71,678.75,678.65,678.66,498
1762786175,678.65,678.7,678.58,678.61,364
1762786180,678.61,678.65,678.57,678.61,252
1762786185,678.62,678.62,678.58,678.61,184
1762786190,678.6,678.61,678.56,678.57,304
1762786195,678.56,678.59,678.5,678.58,258
1762786200,678.58,678.6,678.49,678.56,988
1762786205,678.56,678.58,678.38,678.4,505
1762786210,678.39,678.4,678.25,678.27,1625
1762786215,678.26,678.3,678.24,678.29,713
1762786220,678.3,678.32,678.21,678.27,1515
1762786225,678.27,678.3,678.21,678.23,1195
1762786230,678.24,678.28,678.21,678.25,2399
1762786235,678.26,678.28,678.2,678.27,2486
1762786240,678.27,678.28,678.22,678.25,2916
1762786245,678.26,678.27,678.15,678.2,935
1762786250,678.19,678.27,678.18,678.26,657
1762786255,678.26,678.28,678.24,678.27,166
1762786260,678.28,678.29,678.21,678.25,289
1762786265,678.25,678.28,678.22,678.27,352
1762786270,678.28,678.39,678.24,678.38,736
1762786275,678.38,678.4,678.32,678.37,510
1762786280,678.36,678.43,678.34,678.43,499
1762786285,678.43,678.61,678.43,678.56,503
1762786290,678.56,678.57,678.44,678.56,684
1762786295,678.54,678.55,678.42,678.42,470
1762786300,678.41,678.49,678.41,678.46,214
1762786305,678.45,678.6,678.45,678.58,436
1762786310,678.59,678.59,678.49,678.55,484
1762786315,678.55,678.63,678.51,678.59,548
1762786320,678.58,678.59,678.51,678.53,615
1762786325,678.53,678.55,678.45,678.46,1147
1762786330,678.46,678.5,678.44,678.45,548
1762786335,678.45,678.47,678.41,678.44,458
1762786340,678.44,678.49,678.4,678.45,533
1762786345,678.45,678.56,678.38,678.53,248
1762786350,678.52,678.53,678.43,678.44,160
1762786355,678.45,678.46,678.38,678.4,168
1762786360,678.39,678.46,678.36,678.4,193
1762786365,678.4,678.41,678.27,678.29,414
1762786370,678.28,678.28,678.21,678.26,174
1762786375,678.25,678.27,678.2,678.22,898
1762786380,678.22,678.29,678.21,678.25,173
1762786385,678.25,678.26,678.17,678.22,208
1762786390,678.22,678.22,678.15,678.17,1181
1762786395,678.17,678.23,678.16,678.17,210
1762786400,678.18,678.25,678.15,678.18,190
1762786405,678.21,678.21,678.09,678.16,442
1762786410,678.15,678.17,678.04,678.16,426
1762786415,678.16,678.18,678.11,678.12,451
1762786420,678.13,678.15,678.08,678.08,195
1762786425,678.08,678.15,678.08,678.12,69
1762786430,678.13,678.2,678.08,678.18,361
1762786435,678.18,678.25,678.18,678.24,242
1762786440,678.23,678.34,678.2,678.32,382
1762786445,678.33,678.38,678.3,678.38,303
1762786450,678.39,678.39,678.32,678.35,221
1762786455,678.34,678.34,678.23,678.27,251
1762786460,678.27,678.3,678.2,678.26,396
1762786465,678.25,678.28,678.21,678.23,388
1762786470,678.23,678.31,678.23,678.29,253
1762786475,678.27,678.4,678.27,678.39,283
1762786480,678.38,678.39,678.34,678.38,178
1762786485,678.39,678.44,678.39,678.44,196
1762786490,678.42,678.5,678.42,678.47,160
1762786495,678.48,678.52,678.42,678.43,142
1762786500,678.45,678.46,678.4,678.44,203
1762786505,678.43,678.45,678.36,678.37,180
1762786510,678.36,678.43,678.3,678.43,247
1762786515,678.4,678.43,678.36,678.38,183
1762786520,678.38,678.46,678.37,678.44,154
1762786525,678.46,678.54,678.37,678.39,520
1762786530,678.4,678.49,678.37,678.47,343
1762786535,678.49,678.51,678.38,678.45,210
1762786540,678.43,678.64,678.43,678.6,526
1762786545,678.6,678.64,678.56,678.6,668
1762786550,678.6,678.66,678.56,678.63,239
1762786555,678.62,678.66,678.59,678.61,315
1762786560,678.6,678.63,678.52,678.52,308
1762786565,678.53,678.56,678.33,678.35,324
1762786570,678.35,678.37,678.29,678.31,736
1762786575,678.31,678.37,678.22,678.25,570
1762786580,678.26,678.34,678.26,678.34,199
1762786585,678.32,678.35,678.24,678.34,135
1762786590,678.32,678.38,678.31,678.35,158
1762786595,678.34,678.47,678.33,678.45,270
1762786600,678.46,678.46,678.31,678.34,169
1762786605,678.36,678.4,678.33,678.4,134
1762786610,678.42,678.47,678.38,678.46,127
1762786615,678.44,678.46,678.41,678.45,110
1762786620,678.47,678.49,678.42,678.49,213
1762786625,678.48,678.49,678.44,678.44,349
1762786630,678.45,678.58,678.44,678.56,546
1762786635,678.55,678.66,678.53,678.65,126
1762786640,678.68,678.72,678.67,678.7,300
1762786645,678.71,678.74,678.67,678.68,225
1762786650,678.69,678.73,678.69,678.69,193
1762786655,678.7,678.71,678.63,678.71,110
1762786660,678.7,678.77,678.7,678.77,220
1762786665,678.79,678.81,678.77,678.78,162
1762786670,678.77,678.84,678.75,678.84,374
1762786675,678.83,678.85,678.82,678.85,802
1762786680,678.85,678.88,678.8,678.82,343
1762786685,678.82,678.88,678.78,678.87,220
1762786690,678.86,678.86,678.77,678.77,468
1762786695,678.77,678.87,678.76,678.85,161
1762786700,678.86,678.87,678.8,678.8,137
1762786705,678.8,678.86,678.79,678.84,189
1762786710,678.82,678.82,678.75,678.77,265
1762786715,678.75,678.81,678.72,678.8,186
1762786720,678.8,678.81,678.75,678.8,321
1762786725,678.8,678.87,678.78,678.87,355
1762786730,678.86,678.95,678.85,678.94,323
1762786735,678.93,678.95,678.89,678.94,417
1762786740,678.94,678.95,678.87,678.89,164
1762786745,678.9,679.01,678.89,678.99,446
1762786750,678.99,679.04,678.97,679.0,418
1762786755,678.99,679.03,678.94,679.02,455
1762786760,679.01,679.01,678.97,678.99,603
1762786765,678.98,679.03,678.97,679.03,152
1762786770,679.03,679.04,678.94,679.0,1045
1762786775,679.0,679.01,678.97,679.0,536
1762786780,679.0,679.02,678.79,678.8,456
1762786785,678.77,678.78,678.59,678.6,458
1762786790,678.59,678.62,678.56,678.59,342
1762786795,678.58,678.61,678.54,678.55,572
1762786800,678.54,678.62,678.52,678.55,649
1762786805,678.53,678.54,678.44,678.48,422
1762786810,678.47,678.65,678.45,678.63,422
1762786815,678.65,678.72,678.65,678.71,355
1762786820,678.7,678.73,678.66,678.71,367
1762786825,678.7,678.77,678.59,678.62,605
1762786830,678.62,678.66,678.41,678.43,849
1762786835,678.43,678.5,678.31,678.49,913
1762786840,678.5,678.53,678.42,678.49,775
1762786845,678.51,678.58,678.45,678.46,344
1762786850,678.46,678.56,678.46,678.51,207
1762786855,678.52,678.57,678.47,678.56,503
1762786860,678.56,678.58,678.48,678.49,1219
1762786865,678.49,678.51,678.39,678.5,202
1762786870,678.5,678.51,678.45,678.49,246
1762786875,678.5,678.52,678.44,678.45,186
1762786880,678.48,678.59,678.48,678.52,204
1762786885,678.51,678.62,678.51,678.57,421
1762786890,678.56,678.58,678.47,678.58,549
1762786895,678.56,678.57,678.51,678.55,153
1762786900,678.6,678.71,678.59,678.71,357
1762786905,678.74,678.74,678.65,678.66,264
1762786910,678.66,678.71,678.65,678.71,374
1762786915,678.7,678.72,678.66,678.7,146
1762786920,678.72,678.72,678.56,678.57,162
1762786925,678.58,678.66,678.58,678.64,156
1762786930,678.63,678.63,678.51,678.53,521
1762786935,678.53,678.59,678.49,678.57,231
1762786940,678.58,678.59,678.5,678.52,78
1762786945,678.54,678.62,678.48,678.51,632
1762786950,678.52,678.54,678.41,678.54,948
1762786955,678.54,678.58,678.52,678.55,112
1762786960,678.55,678.62,678.54,678.55,124
1762786965,678.53,678.54,678.47,678.48,674
1762786970,678.46,678.54,678.41,678.51,314
1762786975,678.5,678.52,678.46,678.47,220
1762786980,678.48,678.56,678.48,678.51,229
1762786985,678.53,678.61,678.53,678.6,91
1762786990,678.6,678.68,678.57,678.63,154
1762786995,678.63,678.64,678.57,678.61,146
1762787000,678.6,678.65,678.56,678.63,185
1762787005,678.63,678.63,678.57,678.6,97
1762787010,678.58,678.59,678.43,678.54,154
1762787015,678.54,678.56,678.48,678.49,210
1762787020,678.48,678.53,678.46,678.53,176
1762787025,678.49,678.5,678.39,678.46,300
1762787030,678.47,678.5,678.38,678.5,244
1762787035,678.5,678.55,678.44,678.51,180
1762787040,678.51,678.57,678.49,678.55,257
1762787045,678.55,678.62,678.53,678.59,222
1762787050,678.58,678.66,678.57,678.61,57
1762787055,678.63,678.72,678.62,678.64,271
1762787060,678.64,678.65,678.59,678.59,288
1762787065,678.61,678.63,678.56,678.58,62
1762787070,678.6,678.68,678.57,678.65,213
1762787075,678.67,678.69,678.65,678.68,123
1762787080,678.69,678.77,678.67,678.77,655
1762787085,678.77,678.84,678.76,678.78,677
1762787090,678.78,678.82,678.76,678.76,448
1762787095,678.76,678.78,678.71,678.74,330
1762787100,678.74,678.76,678.54,678.64,386
1762787105,678.64,678.71,678.64,678.7,302
1762787110,678.71,678.78,678.69,678.74,705
1762787115,678.75,678.83,678.73,678.79,476
1762787120,678.8,678.84,678.78,678.83,298
1762787125,678.83,678.88,678.83,678.83,198
1762787130,678.82,678.86,678.76,678.78,155
1762787135,678.79,678.8,678.59,678.63,284
1762787140,678.61,678.66,678.58,678.6,268
1762787145,678.6,678.75,678.6,678.74,446
1762787150,678.75,678.77,678.69,678.73,309
1762787155,678.74,678.75,678.69,678.72,159
1762787160,678.73,678.73,678.66,678.7,374
1762787165,678.7,678.73,678.66,678.72,303
1762787170,678.7,678.75,678.66,678.69,143
1762787175,678.68,678.73,678.57,678.58,516
1762787180,678.58,678.69,678.56,678.68,180
1762787185,678.74,678.81,678.73,678.8,190
1762787190,678.81,678.87,678.81,678.84,353
1762787195,678.84,678.91,678.84,678.89,783
1762787200,678.89,678.89,678.73,678.74,532
1762787205,678.74,678.78,678.66,678.68,412
1762787210,678.68,678.82,678.68,678.8,216
1762787215,678.81,678.83,678.78,678.81,245
1762787220,678.82,678.85,678.79,678.81,193
1762787225,678.82,678.82,678.73,678.77,154
1762787230,678.79,678.82,678.76,678.79,207
1762787235,678.81,678.87,678.79,678.84,163
1762787240,678.85,678.91,678.84,678.89,650
1762787245,678.89,678.91,678.87,678.89,190
1762787250,678.89,678.9,678.8,678.81,180
1762787255,678.78,678.8,678.65,678.68,227
1762787260,678.68,678.77,678.68,678.75,204
1762787265,678.75,678.78,678.74,678.76,152
1762787270,678.75,678.82,678.71,678.79,339
1762787275,678.79,678.83,678.79,678.81,83
1762787280,678.78,678.82,678.76,678.8,240
1762787285,678.81,678.85,678.78,678.83,181
1762787290,678.82,678.9,678.82,678.88,139
1762787295,678.91,678.93,678.84,678.91,256
1762787300,678.9,678.97,678.88,678.9,233
1762787305,678.91,678.92,678.84,678.86,197
1762787310,678.86,678.9,678.86,678.87,219
1762787315,678.87,678.93,678.87,678.89,156
1762787320,678.89,678.91,678.78,678.79,310
1762787325,678.8,678.8,678.75,678.79,186
1762787330,678.8,678.84,678.79,678.81,105
1762787335,678.85,678.85,678.79,678.81,194
1762787340,678.82,678.83,678.79,678.83,125
1762787345,678.82,678.86,678.81,678.84,45
1762787350,678.83,678.85,678.71,678.73,386
1762787355,678.73,678.73,678.53,678.66,542
1762787360,678.63,678.68,678.62,678.63,190
1762787365,678.64,678.69,678.51,678.57,490
1762787370,678.57,678.64,678.56,678.62,228
1762787375,678.66,678.68,678.63,678.63,161
1762787380,678.63,678.7,678.6,678.7,264
1762787385,678.69,678.72,678.66,678.69,318
1762787390,678.68,678.72,678.6,678.7,293
1762787395,678.7,678.73,678.7,678.71,243
1762787400,678.71,678.82,678.71,678.8,367
1762787405,678.8,678.87,678.79,678.87,312
1762787410,678.87,678.88,678.76,678.76,601
1762787415,678.76,678.89,678.76,678.88,377
1762787420,678.87,678.93,678.87,678.92,236
1762787425,678.91,678.94,678.9,678.94,241
1762787430,678.94,679.0,678.92,678.93,1070
1762787435,678.94,679.0,678.94,678.98,776
1762787440,678.99,679.02,678.98,679.01,315
1762787445,679.01,679.04,678.99,679.03,323
1762787450,679.04,679.13,678.98,678.99,843
1762787455,678.99,679.03,678.97,678.99,314
1762787460,679.0,679.0,678.94,678.98,249
1762787465,678.98,678.99,678.94,678.96,206
1762787470,678.97,679.0,678.95,678.97,478
1762787475,678.98,678.98,678.86,678.88,264
1762787480,678.88,678.95,678.87,678.91,333
1762787485,678.9,678.99,678.89,678.91,681
1762787490,678.91,678.96,678.9,678.93,381
1762787495,678.94,679.01,678.93,678.96,195
1762787500,678.96,678.97,678.9,678.9,179
1762787505,678.91,678.94,678.85,678.92,151
1762787510,678.92,678.98,678.91,678.98,183
1762787515,678.98,679.02,678.97,679.0,194
1762787520,679.0,679.01,678.97,679.01,156
1762787525,679.0,679.08,678.99,679.06,257
1762787530,679.06,679.14,679.06,679.12,659
1762787535,679.13,679.14,679.11,679.14,231
1762787540,679.13,679.17,679.13,679.17,214
1762787545,679.17,679.18,679.12,679.13,453
1762787550,679.13,679.16,679.09,679.11,1043
1762787555,679.11,679.11,678.96,679.04,686
1762787560,679.05,679.1,679.05,679.09,467
1762787565,679.09,679.11,679.07,679.09,146
1762787570,679.08,679.09,678.99,679.01,200
1762787575,679.01,679.05,678.97,679.03,219
1762787580,679.03,679.05,678.99,678.99,194
1762787585,678.99,679.01,678.95,678.99,137
1762787590,679.0,679.02,678.97,679.02,384
1762787595,679.02,679.02,678.95,678.99,166
1762787600,678.99,679.01,678.96,678.98,225
1762787605,678.98,679.05,678.96,678.97,69
1762787610,678.96,678.99,678.88,678.99,222
1762787615,678.99,679.05,678.99,679.03,146
1762787620,679.05,679.05,678.97,678.99,235
1762787625,679.0,679.02,678.94,678.97,64
1762787630,678.97,679.02,678.97,679.02,37
1762787635,679.0,679.03,678.99,679.0,338
1762787640,679.0,679.04,678.98,679.0,93
1762787645,678.97,678.99,678.95,678.97,220
1762787650,678.97,678.98,678.91,678.93,190
1762787655,678.93,678.93,678.64,678.69,524
1762787660,678.69,678.73,678.67,678.7,839
1762787665,678.7,678.81,678.7,678.74,894
1762787670,678.73,678.73,678.66,678.72,374
1762787675,678.72,678.72,678.66,678.67,124
1762787680,678.69,678.69,678.62,678.63,239
1762787685,678.63,678.64,678.59,678.6,94
1762787690,678.61,678.63,678.51,678.53,277
1762787695,678.52,678.6,678.48,678.58,394
1762787700,678.59,678.64,678.57,678.61,306
1762787705,678.61,678.68,678.57,678.64,396
1762787710,678.66,678.7,678.64,678.69,360
1762787715,678.7,678.73,678.64,678.68,199
1762787720,678.69,678.7,678.62,678.69,158
1762787725,678.73,678.79,678.72,678.75,310
1762787730,678.77,678.81,678.74,678.74,260
1762787735,678.74,678.74,678.6,678.62,167
1762787740,678.62,678.66,678.57,678.58,261
1762787745,678.58,678.63,678.54,678.59,248
1762787750,678.58,678.69,678.57,678.67,133
1762787755,678.69,678.77,678.68,678.76,137
1762787760,678.76,678.76,678.69,678.7,119
1762787765,678.71,678.79,678.71,678.75,200
1762787770,678.74,678.78,678.68,678.71,95
1762787775,678.71,678.75,678.67,678.68,93
1762787780,678.69,678.73,678.64,678.72,145
1762787785,678.72,678.75,678.68,678.68,175
1762787790,678.7,678.73,678.68,678.68,120
1762787795,678.69,678.69,678.64,678.66,135
1762787800,678.67,678.82,678.66,678.82,316
1762787805,678.82,678.82,678.72,678.73,288
1762787810,678.74,678.77,678.69,678.69,114
1762787815,678.69,678.77,678.69,678.75,317
1762787820,678.74,678.81,678.74,678.77,215
1762787825,678.76,678.77,678.69,678.74,154
1762787830,678.74,678.78,678.69,678.78,282
1762787835,678.77,678.86,678.71,678.73,694
1762787840,678.74,678.8,678.72,678.73,283
1762787845,678.74,678.8,678.71,678.75,171
1762787850,678.75,678.87,678.75,678.84,377
1762787855,678.84,678.85,678.81,678.84,288
1762787860,678.84,678.9,678.83,678.86,387
1762787865,678.87,678.9,678.85,678.88,368
1762787870,678.88,678.89,678.83,678.83,257
1762787875,678.82,678.89,678.81,678.88,362
1762787880,678.87,678.87,678.77,678.79,312
1762787885,678.8,678.81,678.69,678.7,189
1762787890,678.7,678.78,678.7,678.78,194
1762787895,678.78,678.89,678.77,678.87,139
1762787900,678.86,678.9,678.84,678.87,215
1762787905,678.86,678.96,678.86,678.91,203
1762787910,678.9,678.92,678.82,678.84,213
1762787915,678.86,678.87,678.77,678.79,257
1762787920,678.79,678.79,678.72,678.72,92
1762787925,678.72,678.72,678.65,678.69,158
1762787930,678.69,678.69,678.61,678.64,246
1762787935,678.64,678.71,678.64,678.65,172
1762787940,678.66,678.66,678.55,678.61,547
1762787945,678.61,678.66,678.6,678.62,463
1762787950,678.61,678.62,678.58,678.6,225
1762787955,678.61,678.63,678.4,678.45,627
1762787960,678.45,678.45,678.39,678.42,358
1762787965,678.42,678.44,678.28,678.29,614
1762787970,678.27,678.32,678.19,678.22,407
1762787975,678.18,678.29,678.16,678.29,305
1762787980,678.29,678.4,678.29,678.36,202
1762787985,678.35,678.39,678.33,678.36,280
1762787990,678.35,678.42,678.35,678.35,74
1762787995,678.35,678.36,678.28,678.33,202
1762788000,678.33,678.37,678.29,678.35,272
1762788005,678.31,678.36,678.24,678.3,276
1762788010,678.31,678.32,678.28,678.29,251
1762788015,678.28,678.45,678.27,678.41,135
1762788020,678.42,678.48,678.41,678.46,171
1762788025,678.43,678.45,678.35,678.37,130
1762788030,678.36,678.43,678.33,678.39,150
1762788035,678.4,678.46,678.38,678.45,88
1762788040,678.45,678.53,678.45,678.52,426
1762788045,678.52,678.61,678.52,678.61,89
1762788050,678.63,678.63,678.56,678.56,280
1762788055,678.56,678.59,678.54,678.59,101
1762788060,678.58,678.63,678.55,678.62,421
1762788065,678.62,678.66,678.57,678.6,309
1762788070,678.58,678.78,678.58,678.71,676
1762788075,678.7,678.78,678.69,678.75,288
1762788080,678.75,678.8,678.7,678.7,136
1762788085,678.7,678.73,678.6,678.6,470
1762788090,678.62,678.64,678.54,678.57,205
1762788095,678.57,678.59,678.56,678.59,57
1762788100,678.58,678.65,678.58,678.64,121
1762788105,678.65,678.78,678.61,678.77,214
1762788110,678.76,678.79,678.75,678.79,158
1762788115,678.79,678.84,678.78,678.79,201
1762788120,678.79,678.81,678.77,678.8,285
1762788125,678.84,678.89,678.82,678.87,267
1762788130,678.87,678.91,678.84,678.87,188
1762788135,678.87,678.88,678.82,678.84,131
1762788140,678.82,678.82,678.78,678.79,70
1762788145,678.78,678.83,678.78,678.78,82
1762788150,678.78,678.83,678.77,678.83,191
1762788155,678.82,678.84,678.79,678.8,246
1762788160,678.8,678.81,678.73,678.8,230
1762788165,678.78,678.81,678.78,678.81,132
1762788170,678.8,678.82,678.66,678.69,212
1762788175,678.69,678.75,678.69,678.75,117
1762788180,678.74,678.79,678.73,678.77,139
1762788185,678.77,678.83,678.77,678.8,118
1762788190,678.78,678.86,678.78,678.86,219
1762788195,678.89,678.89,678.86,678.88,119
1762788200,678.87,678.88,678.85,678.88,156
1762788205,678.88,678.91,678.73,678.77,1154
1762788210,678.78,678.79,678.73,678.75,201
1762788215,678.75,678.81,678.75,678.81,140
1762788220,678.82,678.87,678.8,678.83,338
1762788225,678.85,678.88,678.84,678.86,158
1762788230,678.86,678.88,678.82,678.87,398
1762788235,678.86,678.87,678.85,678.87,355
1762788240,678.87,678.87,678.84,678.86,208
1762788245,678.87,678.87,678.8,678.8,65
1762788250,678.81,678.85,678.81,678.85,146
1762788255,678.85,678.94,678.85,678.93,295
1762788260,678.92,678.95,678.89,678.9,231
1762788265,678.89,678.92,678.88,678.88,211
1762788270,678.88,679.0,678.87,679.0,521
1762788275,678.99,678.99,678.94,678.97,295
1762788280,678.98,679.05,678.98,678.99,621
1762788285,678.98,679.0,678.97,679.0,93
1762788290,679.01,679.03,679.0,679.02,119
1762788295,679.03,679.05,679.03,679.04,256
1762788300,679.04,679.18,679.01,679.15,1517
1762788305,679.16,679.17,679.13,679.16,278
1762788310,679.16,679.17,679.15,679.15,141
1762788315,679.15,679.18,679.12,679.13,207
1762788320,679.14,679.16,679.06,679.06,315
1762788325,679.07,679.13,679.07,679.11,566
1762788330,679.12,679.15,679.1,679.14,291
1762788335,679.13,679.16,679.11,679.14,482
1762788340,679.14,679.15,679.0,679.08,437
1762788345,679.07,679.14,679.05,679.06,207
1762788350,679.07,679.07,678.94,678.96,280
1762788355,678.96,679.02,678.96,679.02,172
1762788360,679.0,679.0,678.89,678.9,322
1762788365,678.89,678.91,678.77,678.85,204
1762788370,678.85,678.9,678.82,678.9,321
1762788375,678.89,678.9,678.87,678.9,64
1762788380,678.89,679.02,678.89,679.0,230
1762788385,679.0,679.03,678.99,679.03,100
1762788390,679.03,679.03,678.94,678.98,158
1762788395,678.98,678.98,678.91,678.97,66
1762788400,678.95,678.97,678.91,678.91,149
1762788405,678.92,678.98,678.92,678.96,139
1762788410,678.97,678.99,678.96,678.98,232
1762788415,678.97,679.0,678.96,678.96,265
1762788420,678.97,679.0,678.94,678.96,315
1762788425,678.96,678.99,678.95,678.96,217
1762788430,678.96,678.96,678.9,678.92,169
1762788435,678.92,679.0,678.91,678.98,171
1762788440,678.98,679.07,678.98,679.02,432
1762788445,679.02,679.04,678.99,678.99,179
1762788450,679.0,679.03,678.97,678.99,222
1762788455,678.99,678.99,678.85,678.88,426
1762788460,678.89,678.95,678.88,678.92,311
1762788465,678.93,678.97,678.92,678.95,448
1762788470,678.96,679.0,678.95,678.99,145
1762788475,678.99,679.03,678.98,679.01,90
1762788480,679.02,679.02,678.99,679.02,219
1762788485,679.02,679.07,679.02,679.06,211
1762788490,679.06,679.09,679.02,679.03,248
1762788495,679.04,679.08,679.01,679.05,238
1762788500,679.04,679.05,678.97,679.02,178
1762788505,679.03,679.04,678.98,679.01,103
1762788510,679.02,679.08,679.0,679.07,264
1762788515,679.07,679.12,679.05,679.11,163
1762788520,679.11,679.13,679.09,679.11,166
1762788525,679.11,679.16,679.11,679.16,270
1762788530,679.16,679.19,679.11,679.12,151
1762788535,679.11,679.13,679.06,679.13,162
1762788540,679.13,679.22,679.11,679.21,287
1762788545,679.22,679.22,679.19,679.19,197
1762788550,679.18,679.2,679.13,679.13,133
1762788555,679.14,679.17,679.11,679.14,121
1762788560,679.14,679.16,679.13,679.14,264
1762788565,679.13,679.16,679.11,679.13,95
1762788570,679.12,679.14,679.08,679.09,330
1762788575,679.1,679.1,679.05,679.06,399
1762788580,679.07,679.07,678.9,678.92,274
1762788585,678.89,678.89,678.78,678.82,399
1762788590,678.81,678.87,678.81,678.86,612
1762788595,678.87,678.89,678.84,678.86,191
1762788600,678.87,678.97,678.87,678.94,224
1762788605,678.93,678.96,678.88,678.93,506
1762788610,678.93,678.99,678.91,678.91,105
1762788615,678.92,678.93,678.88,678.89,228
1762788620,678.88,678.89,678.84,678.87,603
1762788625,678.88,678.9,678.86,678.89,178
1762788630,678.88,678.91,678.68,678.69,712
1762788635,678.68,678.73,678.64,678.72,1252
1762788640,678.7,678.8,678.7,678.76,102
1762788645,678.76,678.77,678.72,678.75,255
1762788650,678.73,678.75,678.69,678.75,253
1762788655,678.76,678.83,678.75,678.83,255
1762788660,678.85,678.85,678.76,678.8,456
1762788665,678.81,678.82,678.72,678.72,241
1762788670,678.73,678.75,678.7,678.72,167
1762788675,678.71,678.76,678.7,678.73,139
1762788680,678.72,678.75,678.69,678.73,346
1762788685,678.72,678.73,678.68,678.73,125
1762788690,678.73,678.75,678.7,678.74,75
1762788695,678.75,678.75,678.69,678.7,157
1762788700,678.71,678.75,678.71,678.71,126
1762788705,678.74,678.74,678.71,678.71,62
1762788710,678.7,678.75,678.7,678.7,98
1762788715,678.7,678.77,678.69,678.75,131
1762788720,678.75,678.78,678.73,678.74,445
1762788725,678.73,678.73,678.67,678.71,185
1762788730,678.7,678.7,678.57,678.62,1204
1762788735,678.62,678.63,678.58,678.62,286
1762788740,678.62,678.64,678.57,678.6,424
1762788745,678.59,678.64,678.53,678.64,152
1762788750,678.65,678.72,678.64,678.7,160
1762788755,678.7,678.72,678.67,678.72,143
1762788760,678.72,678.72,678.66,678.69,469
1762788765,678.69,678.83,678.68,678.79,348
1762788770,678.81,678.87,678.81,678.84,96
1762788775,678.84,678.89,678.82,678.84,308
1762788780,678.83,678.84,678.77,678.8,358
1762788785,678.8,678.83,678.77,678.78,135
1762788790,678.77,678.8,678.76,678.78,91
1762788795,678.79,678.81,678.76,678.78,151
1762788800,678.79,678.8,678.74,678.75,210
1762788805,678.74,678.75,678.65,678.69,305
1762788810,678.67,678.71,678.67,678.7,47
1762788815,678.7,678.71,678.64,678.65,445
1762788820,678.66,678.68,678.61,678.62,200
1762788825,678.6,678.63,678.56,678.61,352
1762788830,678.6,678.61,678.53,678.57,274
1762788835,678.58,678.7,678.58,678.67,232
1762788840,678.67,678.76,678.67,678.75,273
1762788845,678.76,678.79,678.75,678.79,336
1762788850,678.78,678.82,678.77,678.82,238
1762788855,678.82,678.84,678.76,678.77,415
1762788860,678.74,678.76,678.72,678.73,287
1762788865,678.74,678.75,678.72,678.74,203
1762788870,678.74,678.74,678.6,678.64,570
1762788875,678.63,678.67,678.63,678.67,168
1762788880,678.66,678.72,678.66,678.72,111
1762788885,678.72,678.74,678.68,678.73,105
1762788890,678.74,678.75,678.67,678.68,250
1762788895,678.69,678.72,678.69,678.71,52
1762788900,678.71,678.73,678.68,678.69,301
1762788905,678.69,678.69,678.62,678.62,183
1762788910,678.61,678.71,678.6,678.7,112
1762788915,678.71,678.74,678.69,678.71,129
1762788920,678.69,678.75,678.69,678.74,91
1762788925,678.74,678.74,678.63,678.66,653
1762788930,678.66,678.78,678.64,678.78,332
1762788935,678.78,678.86,678.78,678.85,302
1762788940,678.86,678.86,678.77,678.83,266
1762788945,678.81,678.84,678.81,678.81,138
1762788950,678.82,678.82,678.67,678.67,201
1762788955,678.67,678.7,678.63,678.63,125
1762788960,678.64,678.81,678.64,678.8,143
1762788965,678.81,678.87,678.79,678.84,1020
1762788970,678.83,678.87,678.81,678.85,116
1762788975,678.85,678.95,678.85,678.94,310
1762788980,678.94,678.97,678.91,678.92,263
1762788985,678.92,678.93,678.9,678.93,123
1762788990,678.94,678.94,678.88,678.88,161
1762788995,678.88,678.91,678.86,678.86,262
1762789000,678.86,678.86,678.75,678.76,151
1762789005,678.77,678.84,678.77,678.82,153
1762789010,678.82,678.85,678.79,678.79,221
1762789015,678.79,678.82,678.77,678.78,163
1762789020,678.81,678.81,678.76,678.76,82
1762789025,678.77,678.77,678.59,678.6,1226
1762789030,678.61,678.61,678.57,678.59,181
1762789035,678.59,678.61,678.51,678.51,119
1762789040,678.52,678.56,678.48,678.52,262
1762789045,678.5,678.53,678.46,678.49,292
1762789050,678.49,678.5,678.44,678.48,106
1762789055,678.49,678.53,678.45,678.47,243
1762789060,678.49,678.53,678.44,678.48,231
1762789065,678.48,678.51,678.45,678.51,165
1762789070,678.5,678.54,678.49,678.54,130
1762789075,678.54,678.55,678.49,678.52,101
1762789080,678.53,678.56,678.52,678.55,138
1762789085,678.55,678.57,678.5,678.51,199
1762789090,678.51,678.53,678.49,678.5,212
1762789095,678.5,678.5,678.44,678.49,134
1762789100,678.5,678.5,678.45,678.47,123
1762789105,678.47,678.49,678.44,678.45,195
1762789110,678.44,678.44,678.39,678.42,255
1762789115,678.42,678.42,678.31,678.33,202
1762789120,678.32,678.32,678.2,678.22,267
1762789125,678.23,678.26,678.21,678.25,332
1762789130,678.24,678.25,678.19,678.21,275
1762789135,678.19,678.27,678.16,678.25,220
1762789140,678.25,678.32,678.25,678.31,355
1762789145,678.31,678.33,678.29,678.33,70
1762789150,678.32,678.34,678.26,678.27,164
1762789155,678.27,678.27,678.22,678.24,139
1762789160,678.26,678.26,678.16,678.2,330
1762789165,678.2,678.26,678.2,678.24,251
1762789170,678.24,678.28,678.15,678.18,301
1762789175,678.17,678.18,678.13,678.17,223
1762789180,678.17,678.21,678.11,678.12,345
1762789185,678.13,678.15,678.11,678.11,355
1762789190,678.1,678.13,678.05,678.12,379
1762789195,678.12,678.14,678.09,678.13,237
1762789200,678.12,678.16,678.09,678.11,285
1762789205,678.12,678.16,678.02,678.12,567
1762789210,678.13,678.17,678.12,678.14,258
1762789215,678.13,678.18,678.11,678.16,152
1762789220,678.16,678.18,678.1,678.11,341
1762789225,678.1,678.18,678.09,678.1,148
1762789230,678.11,678.15,678.09,678.13,98
1762789235,678.13,678.13,678.05,678.06,123
1762789240,678.06,678.09,678.02,678.03,254
1762789245,678.02,678.04,677.97,678.0,489
1762789250,678.0,678.01,677.97,678.0,209
1762789255,678.0,678.06,678.0,678.04,248
1762789260,678.04,678.1,678.0,678.01,261
1762789265,678.01,678.05,677.99,678.01,616
1762789270,678.0,678.04,677.98,678.01,264
1762789275,678.01,678.06,678.01,678.02,290
1762789280,678.03,678.13,678.02,678.13,229
1762789285,678.13,678.13,678.06,678.12,169
1762789290,678.1,678.13,678.02,678.07,347
1762789295,678.07,678.07,677.99,678.0,256
1762789300,678.0,678.05,677.99,678.01,412
1762789305,678.01,678.03,677.95,677.97,153
1762789310,677.98,677.98,677.87,677.93,441
1762789315,677.93,678.05,677.92,678.04,350
1762789320,678.02,678.08,678.01,678.07,245
1762789325,678.07,678.12,678.07,678.09,186
1762789330,678.11,678.13,678.07,678.09,105
1762789335,678.1,678.12,678.0,678.02,696
1762789340,678.02,678.06,678.02,678.05,249
1762789345,678.05,678.13,678.04,678.12,264
1762789350,678.12,678.15,678.1,678.13,480
1762789355,678.13,678.13,678.05,678.05,137
1762789360,678.04,678.04,677.91,677.92,176
1762789365,677.9,677.92,677.87,677.91,287
1762789370,677.91,677.97,677.89,677.96,91
1762789375,677.96,677.98,677.94,677.96,182
1762789380,677.94,678.06,677.94,677.97,198
1762789385,677.95,677.97,677.9,677.96,90
1762789390,677.96,677.96,677.89,677.89,255
1762789395,677.9,677.95,677.9,677.94,277
1762789400,677.95,678.01,677.94,678.0,136
1762789405,678.01,678.05,677.95,677.98,154
1762789410,677.97,677.97,677.9,677.91,303
1762789415,677.9,677.96,677.89,677.96,174
1762789420,677.97,677.97,677.9,677.92,249
1762789425,677.93,677.96,677.9,677.9,158
1762789430,677.89,677.93,677.85,677.85,188
1762789435,677.86,677.89,677.85,677.87,541
1762789440,677.87,677.88,677.82,677.88,354
1762789445,677.87,677.89,677.82,677.84,122
1762789450,677.86,677.86,677.8,677.81,558
1762789455,677.82,677.83,677.78,677.83,428
1762789460,677.83,677.84,677.74,677.75,265
1762789465,677.76,677.82,677.76,677.78,200
1762789470,677.79,677.8,677.75,677.76,457
1762789475,677.76,677.82,677.75,677.81,696
1762789480,677.8,677.85,677.8,677.83,272
1762789485,677.83,677.86,677.82,677.86,250
1762789490,677.86,677.87,677.77,677.77,517
1762789495,677.78,677.79,677.75,677.75,224
1762789500,677.76,677.83,677.73,677.8,2775
1762789505,677.8,677.85,677.78,677.84,297
1762789510,677.82,677.86,677.77,677.83,158
1762789515,677.84,677.85,677.79,677.8,277
1762789520,677.81,677.85,677.78,677.78,554
1762789525,677.78,677.81,677.75,677.81,781
1762789530,677.81,677.98,677.79,677.95,222
1762789535,677.95,677.96,677.9,677.92,325
1762789540,677.93,677.99,677.9,677.96,193
1762789545,677.96,678.05,677.94,678.03,344
1762789550,678.03,678.11,678.03,678.08,358
1762789555,678.08,678.08,678.04,678.06,246
1762789560,678.06,678.09,678.01,678.02,416
1762789565,678.04,678.11,678.01,678.03,426
1762789570,678.02,678.03,677.92,677.93,224
1762789575,677.93,677.97,677.91,677.95,204
1762789580,677.97,678.07,677.96,678.01,218
1762789585,678.0,678.03,677.99,677.99,416
1762789590,678.02,678.02,677.96,678.01,335
1762789595,678.01,678.02,677.96,677.99,196
1762789600,678.0,678.02,677.99,678.0,183
1762789605,678.0,678.02,677.97,678.01,169
1762789610,678.01,678.01,677.93,677.96,122
1762789615,677.97,677.99,677.95,677.99,63
1762789620,677.97,677.97,677.87,677.89,173
1762789625,677.91,677.97,677.9,677.97,225
1762789630,677.97,677.99,677.94,677.98,79
1762789635,677.98,678.01,677.95,677.97,69
1762789640,677.99,678.0,677.91,677.94,61
1762789645,677.94,677.95,677.92,677.94,325
1762789650,677.94,677.94,677.89,677.93,441
1762789655,677.94,677.94,677.79,677.81,252
1762789660,677.8,677.85,677.78,677.79,189
1762789665,677.79,677.79,677.74,677.77,219
1762789670,677.76,677.8,677.72,677.75,78
1762789675,677.75,677.8,677.75,677.8,91
1762789680,677.83,677.84,677.79,677.81,90
1762789685,677.83,677.87,677.82,677.82,64
1762789690,677.82,677.84,677.8,677.82,132
1762789695,677.84,677.84,677.8,677.8,26
1762789700,677.79,677.79,677.74,677.76,144
1762789705,677.74,677.77,677.69,677.7,544
1762789710,677.7,677.71,677.67,677.7,376
1762789715,677.71,677.72,677.66,677.68,230
1762789720,677.68,677.71,677.64,677.64,270
1762789725,677.64,677.66,677.63,677.63,126
1762789730,677.63,677.65,677.6,677.62,189
1762789735,677.62,677.64,677.6,677.64,118
1762789740,677.64,677.66,677.62,677.64,141
1762789745,677.64,677.7,677.63,677.69,281
1762789750,677.67,677.7,677.67,677.69,71
1762789755,677.69,677.71,677.68,677.7,279
1762789760,677.7,677.73,677.65,677.65,387
1762789765,677.65,677.69,677.63,677.63,274
1762789770,677.64,677.64,677.55,677.57,332
1762789775,677.56,677.64,677.53,677.63,697
1762789780,677.64,677.68,677.62,677.65,237
1762789785,677.66,677.66,677.63,677.64,174
1762789790,677.64,677.65,677.61,677.61,241
1762789795,677.61,677.7,677.61,677.69,269
1762789800,677.7,677.7,677.59,677.6,161
1762789805,677.59,677.6,677.53,677.54,110
1762789810,677.52,677.57,677.52,677.53,173
1762789815,677.55,677.62,677.54,677.55,523
1762789820,677.55,677.55,677.31,677.4,1117
1762789825,677.4,677.41,677.34,677.35,594
1762789830,677.36,677.37,677.34,677.34,553
1762789835,677.34,677.35,677.19,677.21,675
1762789840,677.21,677.22,677.09,677.22,763
1762789845,677.21,677.23,677.15,677.16,625
1762789850,677.15,677.16,677.09,677.12,413
1762789855,677.12,677.17,677.11,677.17,71
1762789860,677.17,677.21,677.09,677.1,314
1762789865,677.1,677.1,677.0,677.04,470
1762789870,677.04,677.05,676.99,677.02,588
1762789875,677.03,677.06,676.98,677.01,579
1762789880,677.0,677.0,676.94,676.95,1372
1762789885,676.95,677.02,676.94,676.98,645
1762789890,676.98,677.01,676.87,676.87,265
1762789895,676.88,676.88,676.72,676.77,639
1762789900,676.77,676.79,676.71,676.76,666
1762789905,676.76,676.76,676.59,676.63,945
1762789910,676.63,676.69,676.59,676.63,694
1762789915,676.63,676.65,676.55,676.57,2008
1762789920,676.58,676.58,676.45,676.57,1055
1762789925,676.56,676.63,676.56,676.63,367
1762789930,676.62,676.64,676.51,676.52,379
1762789935,676.52,676.58,676.49,676.53,290
1762789940,676.54,676.54,676.47,676.5,460
1762789945,676.5,676.52,676.45,676.5,262
1762789950,676.5,676.55,676.39,676.43,804
1762789955,676.44,676.51,676.44,676.49,455
1762789960,676.5,676.52,676.43,676.44,268
1762789965,676.44,676.49,676.42,676.48,331
1762789970,676.47,676.48,676.38,676.39,221
1762789975,676.39,676.46,676.38,676.44,163
1762789980,676.42,676.53,676.39,676.52,588
1762789985,676.51,676.67,676.5,676.67,866
1762789990,676.66,676.77,676.63,676.72,763
1762789995,676.71,676.72,676.61,676.62,256
1762790000,676.62,676.71,676.61,676.7,147
1762790005,676.71,676.75,676.65,676.68,376
1762790010,676.68,676.75,676.67,676.73,365
1762790015,676.73,676.77,676.7,676.72,222
1762790020,676.72,676.73,676.58,676.63,589
1762790025,676.63,676.67,676.6,676.67,725
1762790030,676.68,676.72,676.66,676.69,599
1762790035,676.67,676.74,676.65,676.68,205
1762790040,676.7,676.7,676.57,676.6,529
1762790045,676.6,676.61,676.55,676.59,565
1762790050,676.59,676.66,676.56,676.66,240
1762790055,676.64,676.71,676.62,676.66,159
1762790060,676.66,676.7,676.64,676.64,376
1762790065,676.63,676.64,676.59,676.61,236
1762790070,676.61,676.71,676.55,676.71,572
1762790075,676.72,676.81,676.71,676.79,340
1762790080,676.8,676.84,676.77,676.8,408
1762790085,676.81,676.88,676.79,676.85,1190
1762790090,676.84,676.93,676.83,676.91,324
1762790095,676.91,676.93,676.87,676.9,280
1762790100,676.9,676.9,676.82,676.84,268
1762790105,676.83,676.83,676.66,676.66,274
1762790110,676.65,676.66,676.59,676.63,314
1762790115,676.64,676.69,676.62,676.63,311
1762790120,676.63,676.72,676.62,676.71,171
1762790125,676.72,676.73,676.64,676.66,316
1762790130,676.66,676.68,676.63,676.65,234
1762790135,676.66,676.66,676.56,676.59,274
1762790140,676.58,676.62,676.55,676.61,457
1762790145,676.62,676.72,676.62,676.68,261
1762790150,676.7,676.7,676.63,676.63,67
1762790155,676.63,676.69,676.59,676.68,185
1762790160,676.67,676.8,676.67,676.75,378
1762790165,676.74,676.77,676.7,676.75,300
1762790170,676.76,676.79,676.66,676.69,104
1762790175,676.7,676.7,676.63,676.63,194
1762790180,676.65,676.66,676.58,676.62,339
1762790185,676.62,676.62,676.54,676.55,683
1762790190,676.55,676.58,676.53,676.55,1263
1762790195,676.55,676.61,676.51,676.61,547
1762790200,676.61,676.7,676.6,676.63,196
1762790205,676.66,676.66,676.63,676.64,53
1762790210,676.63,676.65,676.6,676.63,79
1762790215,676.64,676.67,676.61,676.62,68
1762790220,676.63,676.63,676.57,676.58,198
1762790225,676.58,676.69,676.58,676.67,1226
1762790230,676.67,676.79,676.66,676.78,313
1762790235,676.79,676.79,676.61,676.62,171
1762790240,676.63,676.76,676.63,676.73,162
1762790245,676.72,676.73,676.63,676.64,267
1762790250,676.64,676.66,676.55,676.55,220
1762790255,676.55,676.61,676.52,676.6,504
1762790260,676.6,676.66,676.6,676.61,141
1762790265,676.6,676.66,676.56,676.65,219
1762790270,676.65,676.66,676.61,676.65,204
1762790275,676.65,676.66,676.57,676.57,197
1762790280,676.56,676.56,676.52,676.53,199
1762790285,676.52,676.52,676.47,676.51,331
1762790290,676.52,676.53,676.47,676.49,216
1762790295,676.5,676.58,676.49,676.57,140
1762790300,676.57,676.62,676.55,676.62,223
1762790305,676.62,676.66,676.6,676.61,370
1762790310,676.61,676.68,676.6,676.62,252
1762790315,676.62,676.66,676.59,676.65,350
1762790320,676.66,676.68,676.56,676.56,138
1762790325,676.56,676.61,676.53,676.54,111
1762790330,676.54,676.55,676.51,676.55,137
1762790335,676.55,676.57,676.52,676.57,100
1762790340,676.56,676.56,676.53,676.55,202
1762790345,676.55,676.55,676.26,676.26,677
1762790350,676.26,676.33,676.22,676.24,450
1762790355,676.24,676.25,676.15,676.23,778
1762790360,676.23,676.29,676.2,676.24,279
1762790365,676.25,676.28,676.23,676.28,230
1762790370,676.29,676.37,676.28,676.32,518
1762790375,676.31,676.33,676.29,676.31,384
1762790380,676.31,676.32,676.28,676.28,322
1762790385,676.26,676.29,676.26,676.29,162
1762790390,676.29,676.29,676.23,676.24,263
1762790395,676.24,676.27,676.22,676.24,64
1762790400,676.25,676.25,676.15,676.16,984
1762790405,676.16,676.24,676.13,676.23,547
1762790410,676.24,676.28,676.19,676.2,275
1762790415,676.24,676.28,676.18,676.25,158
1762790420,676.25,676.26,676.02,676.1,1060
1762790425,676.1,676.11,675.93,675.93,544
1762790430,675.94,676.03,675.92,675.97,672
1762790435,675.95,675.98,675.94,675.95,199
1762790440,675.93,675.95,675.8,675.81,726
1762790445,675.8,675.86,675.7,675.78,622
1762790450,675.76,675.91,675.75,675.87,573
1762790455,675.85,675.91,675.82,675.88,190
1762790460,675.88,675.9,675.72,675.73,451
1762790465,675.74,675.95,675.74,675.93,406
1762790470,675.92,675.92,675.81,675.82,162
1762790475,675.82,675.86,675.81,675.86,329
1762790480,675.87,675.88,675.78,675.82,652
1762790485,675.83,675.87,675.79,675.87,316
1762790490,675.86,675.91,675.83,675.91,355
1762790495,675.91,676.06,675.91,676.01,607
1762790500,676.02,676.04,675.96,675.99,354
1762790505,675.99,676.1,675.96,676.06,384
1762790510,676.06,676.09,675.96,676.0,161
1762790515,676.01,676.02,675.98,675.99,65
1762790520,675.99,676.01,675.9,675.91,318
1762790525,675.91,675.96,675.9,675.95,220
1762790530,675.95,676.02,675.91,675.95,237
1762790535,675.97,675.97,675.86,675.88,129
1762790540,675.88,675.88,675.8,675.82,211
1762790545,675.81,675.83,675.78,675.8,96
1762790550,675.79,675.83,675.73,675.73,287
1762790555,675.74,675.75,675.61,675.63,409
1762790560,675.63,675.79,675.63,675.78,310
1762790565,675.78,675.81,675.77,675.79,285
1762790570,675.79,675.83,675.78,675.79,406
1762790575,675.79,675.79,675.75,675.76,250
1762790580,675.76,675.79,675.75,675.76,145
1762790585,675.75,675.8,675.71,675.73,271
1762790590,675.73,675.86,675.71,675.84,302
1762790595,675.81,675.82,675.75,675.75,119
1762790600,675.76,675.83,675.71,675.79,75
1762790605,675.77,675.89,675.77,675.88,314
1762790610,675.9,675.98,675.87,675.96,323
1762790615,675.97,676.07,675.96,676.06,407
1762790620,676.05,676.05,675.95,675.95,208
1762790625,675.95,675.98,675.93,675.98,121
1762790630,675.98,676.0,675.95,676.0,145
1762790635,676.01,676.04,676.0,676.01,168
1762790640,675.99,676.03,675.96,675.99,416
1762790645,676.01,676.06,676.0,676.01,217
1762790650,676.01,676.04,675.97,676.02,112
1762790655,676.02,676.08,676.0,676.08,289
1762790660,676.08,676.14,675.94,675.98,577
1762790665,675.98,675.99,675.88,675.88,404
1762790670,675.89,675.89,675.82,675.83,186
1762790675,675.82,675.87,675.79,675.86,411
1762790680,675.85,675.85,675.7,675.71,132
1762790685,675.72,675.75,675.72,675.73,149
1762790690,675.73,675.79,675.71,675.75,213
1762790695,675.75,675.81,675.75,675.79,153
1762790700,675.78,675.78,675.68,675.73,436
1762790705,675.73,675.75,675.63,675.64,668
1762790710,675.64,675.64,675.47,675.51,921
1762790715,675.52,675.53,675.44,675.5,1120
1762790720,675.49,675.49,675.24,675.32,1774
1762790725,675.32,675.42,675.3,675.42,875
1762790730,675.43,675.47,675.4,675.4,578
1762790735,675.4,675.43,675.35,675.42,314
1762790740,675.41,675.46,675.37,675.46,179
1762790745,675.47,675.61,675.47,675.61,553
1762790750,675.6,675.61,675.54,675.57,196
1762790755,675.57,675.63,675.56,675.57,237
1762790760,675.57,675.6,675.51,675.51,189
1762790765,675.52,675.52,675.42,675.48,273
1762790770,675.46,675.49,675.45,675.49,124
1762790775,675.48,675.6,675.45,675.57,196
1762790780,675.57,675.58,675.44,675.46,160
1762790785,675.47,675.5,675.45,675.48,205
1762790790,675.48,675.59,675.46,675.56,197
1762790795,675.59,675.63,675.56,675.59,553
1762790800,675.6,675.61,675.5,675.51,480
1762790805,675.5,675.51,675.46,675.5,1262
1762790810,675.49,675.49,675.45,675.47,492
1762790815,675.47,675.63,675.47,675.62,216
1762790820,675.64,675.69,675.59,675.67,286
1762790825,675.67,675.68,675.64,675.66,570
1762790830,675.66,675.83,675.65,675.81,406
1762790835,675.82,675.85,675.74,675.8,361
1762790840,675.81,675.88,675.75,675.87,416
1762790845,675.86,675.95,675.81,675.89,325
1762790850,675.88,676.02,675.87,676.02,638
1762790855,676.02,676.09,676.0,676.0,606
1762790860,676.0,676.03,675.97,675.99,254
1762790865,675.99,676.05,675.98,676.04,709
1762790870,676.04,676.08,676.02,676.07,445
1762790875,676.08,676.08,676.02,676.05,223
1762790880,676.05,676.08,676.02,676.06,318
1762790885,676.06,676.1,676.05,676.06,616
1762790890,676.06,676.17,676.06,676.13,391
1762790895,676.13,676.14,676.07,676.11,513
1762790900,676.11,676.16,676.07,676.12,436
1762790905,676.11,676.21,676.11,676.21,753
1762790910,676.22,676.29,676.19,676.21,473
1762790915,676.19,676.23,676.13,676.19,450
1762790920,676.19,676.27,676.19,676.24,442
1762790925,676.24,676.3,676.21,676.29,419
1762790930,676.28,676.33,676.25,676.25,716
1762790935,676.25,676.25,676.18,676.22,187
1762790940,676.2,676.21,676.14,676.21,403
1762790945,676.2,676.22,676.05,676.09,277
1762790950,676.07,676.07,675.9,675.97,696
1762790955,675.95,676.09,675.95,676.09,346
1762790960,676.08,676.08,676.03,676.03,158
1762790965,676.04,676.07,675.99,676.01,179
1762790970,676.01,676.03,675.95,675.98,159
1762790975,675.99,676.09,675.99,676.08,347
1762790980,676.08,676.08,676.04,676.04,220
1762790985,676.04,676.15,676.04,676.11,371
1762790990,676.09,676.15,676.08,676.13,166
1762790995,676.13,676.15,676.1,676.1,158
1762791000,676.1,676.32,676.1,676.32,370
1762791005,676.31,676.38,676.29,676.33,465
1762791010,676.33,676.33,676.27,676.28,311
1762791015,676.27,676.28,676.23,676.24,406
1762791020,676.23,676.32,676.22,676.31,248
1762791025,676.32,676.38,676.32,676.34,444
1762791030,676.35,676.38,676.31,676.37,291
1762791035,676.37,676.37,676.27,676.36,313
1762791040,676.36,676.39,676.32,676.38,410
1762791045,676.4,676.41,676.37,676.39,277
1762791050,676.39,676.41,676.36,676.36,245
1762791055,676.37,676.41,676.36,676.37,462
1762791060,676.36,676.37,676.3,676.32,782
1762791065,676.33,676.37,676.31,676.33,733
1762791070,676.33,676.36,676.32,676.35,163
1762791075,676.35,676.44,676.35,676.42,356
1762791080,676.42,676.47,676.39,676.45,285
1762791085,676.45,676.49,676.43,676.49,253
1762791090,676.48,676.54,676.44,676.45,197
1762791095,676.44,676.5,676.42,676.5,285
1762791100,676.49,676.57,676.49,676.52,301
1762791105,676.54,676.57,676.52,676.55,339
1762791110,676.55,676.57,676.53,676.56,151
1762791115,676.57,676.6,676.53,676.59,147
1762791120,676.58,676.59,676.53,676.57,326
1762791125,676.56,676.67,676.56,676.63,535
1762791130,676.63,676.71,676.58,676.7,334
1762791135,676.71,676.74,676.68,676.73,412
1762791140,676.73,676.79,676.7,676.76,548
1762791145,676.75,676.8,676.71,676.79,292
1762791150,676.77,676.82,676.76,676.78,266
1762791155,676.78,676.81,676.73,676.74,1598
1762791160,676.74,676.74,676.63,676.67,594
1762791165,676.67,676.69,676.66,676.68,234
1762791170,676.67,676.7,676.66,676.68,374
1762791175,676.68,676.7,676.63,676.65,305
1762791180,676.63,676.63,676.44,676.46,456
1762791185,676.47,676.49,676.32,676.32,722
1762791190,676.31,676.34,676.26,676.27,566
1762791195,676.26,676.33,676.2,676.33,768
1762791200,676.35,676.39,676.33,676.38,608
1762791205,676.39,676.44,676.38,676.42,184
1762791210,676.42,676.47,676.37,676.37,207
1762791215,676.38,676.45,676.38,676.45,144
1762791220,676.45,676.46,676.33,676.33,158
1762791225,676.35,676.38,676.35,676.38,206
1762791230,676.37,676.38,676.29,676.32,289
1762791235,676.32,676.39,676.29,676.39,103
1762791240,676.4,676.5,676.4,676.49,377
1762791245,676.49,676.52,676.46,676.5,288
1762791250,676.5,676.54,676.47,676.51,232
1762791255,676.52,676.59,676.51,676.56,585
1762791260,676.56,676.57,676.51,676.55,167
1762791265,676.53,676.54,676.5,676.52,86
1762791270,676.53,676.55,676.48,676.51,138
1762791275,676.51,676.52,676.4,676.4,277
1762791280,676.41,676.45,676.3,676.32,458
1762791285,676.33,676.34,676.21,676.33,305
1762791290,676.34,676.41,676.31,676.41,146
1762791295,676.41,676.43,676.39,676.42,68
1762791300,676.43,676.44,676.35,676.4,349
1762791305,676.39,676.49,676.38,676.48,190
1762791310,676.47,676.48,676.42,676.43,195
1762791315,676.41,676.44,676.38,676.43,320
1762791320,676.43,676.55,676.43,676.54,626
1762791325,676.54,676.59,676.51,676.53,152
1762791330,676.53,676.53,676.43,676.51,48
1762791335,676.5,676.51,676.47,676.47,125
1762791340,676.46,676.51,676.46,676.49,190
1762791345,676.51,676.54,676.49,676.5,77
1762791350,676.5,676.53,676.48,676.5,151
1762791355,676.49,676.52,676.46,676.49,304
1762791360,676.48,676.65,676.48,676.61,413
1762791365,676.6,676.63,676.57,676.58,149
1762791370,676.6,676.68,676.49,676.49,465
1762791375,676.49,676.5,676.4,676.4,167
1762791380,676.41,676.41,676.34,676.34,443
1762791385,676.35,676.35,676.2,676.22,341
1762791390,676.22,676.29,676.21,676.22,276
1762791395,676.23,676.26,676.18,676.21,617
1762791400,676.21,676.22,676.16,676.2,352
1762791405,676.19,676.26,676.17,676.24,100
1762791410,676.25,676.34,676.25,676.32,174
1762791415,676.32,676.35,676.31,676.32,128
1762791420,676.32,676.33,676.24,676.31,158
1762791425,676.31,676.4,676.31,676.33,194
1762791430,676.32,676.34,676.25,676.25,160
1762791435,676.24,676.26,676.19,676.26,364
1762791440,676.27,676.27,676.16,676.2,292
1762791445,676.19,676.22,676.15,676.18,194
1762791450,676.16,676.16,676.11,676.12,105
1762791455,676.13,676.18,676.12,676.13,164
1762791460,676.15,676.21,676.13,676.14,171
1762791465,676.13,676.15,676.12,676.14,48
1762791470,676.15,676.15,676.01,676.1,227
1762791475,676.1,676.11,676.06,676.09,208
1762791480,676.11,676.17,676.1,676.12,193
1762791485,676.13,676.2,676.11,676.11,157
1762791490,676.11,676.16,676.07,676.16,122
1762791495,676.13,676.2,676.13,676.18,310
1762791500,676.17,676.21,676.15,676.21,1018
1762791505,676.21,676.22,676.15,676.15,84
1762791510,676.15,676.18,676.11,676.12,208
1762791515,676.14,676.19,676.14,676.15,131
1762791520,676.16,676.16,675.96,675.96,344
1762791525,675.96,676.03,675.96,676.03,690
1762791530,676.02,676.1,676.01,676.05,242
1762791535,676.04,676.06,676.01,676.06,130
1762791540,676.05,676.08,676.02,676.02,188
1762791545,676.03,676.11,676.01,676.09,553
1762791550,676.09,676.1,676.05,676.05,67
1762791555,676.04,676.25,676.0,676.23,426
1762791560,676.24,676.25,676.19,676.21,143
1762791565,676.22,676.35,676.2,676.35,200
1762791570,676.34,676.38,676.33,676.36,155
1762791575,676.38,676.4,676.35,676.36,106
1762791580,676.38,676.44,676.38,676.44,111
1762791585,676.44,676.49,676.41,676.41,118
1762791590,676.41,676.41,676.35,676.38,183
1762791595,676.37,676.39,676.35,676.36,51
1762791600,676.35,676.36,676.28,676.34,168
1762791605,676.35,676.38,676.34,676.34,119
1762791610,676.32,676.33,676.27,676.27,122
1762791615,676.27,676.39,676.24,676.37,55
1762791620,676.36,676.41,676.33,676.36,82
1762791625,676.36,676.41,676.36,676.4,79
1762791630,676.41,676.42,676.31,676.32,109
1762791635,676.31,676.34,676.29,676.32,196
1762791640,676.33,676.41,676.3,676.38,294
1762791645,676.38,676.43,676.34,676.38,124
1762791650,676.39,676.5,676.39,676.43,179
1762791655,676.42,676.42,676.35,676.35,57
1762791660,676.32,676.33,676.25,676.29,92
1762791665,676.28,676.29,676.16,676.16,133
1762791670,676.15,676.17,676.09,676.09,252
1762791675,676.07,676.13,676.07,676.08,119
1762791680,676.07,676.09,676.0,676.04,213
1762791685,676.04,676.04,675.91,675.92,360
1762791690,675.93,675.93,675.88,675.92,161
1762791695,675.91,675.91,675.85,675.85,248
1762791700,675.85,675.93,675.84,675.89,122
1762791705,675.89,675.92,675.88,675.89,105
1762791710,675.9,675.92,675.86,675.87,210
1762791715,675.88,675.92,675.88,675.88,41
1762791720,675.9,675.96,675.8,675.82,257
1762791725,675.82,675.83,675.74,675.8,224
1762791730,675.8,675.87,675.78,675.83,129
1762791735,675.84,675.87,675.79,675.82,200
1762791740,675.8,675.91,675.79,675.86,268
1762791745,675.87,675.89,675.83,675.83,77
1762791750,675.83,675.83,675.7,675.71,396
1762791755,675.72,675.73,675.66,675.67,964
1762791760,675.67,675.71,675.57,675.59,567
1762791765,675.6,675.65,675.58,675.62,685
1762791770,675.6,675.63,675.55,675.58,233
1762791775,675.59,675.61,675.53,675.61,152
1762791780,675.61,675.75,675.61,675.73,288
1762791785,675.72,675.76,675.7,675.73,138
1762791790,675.7,675.76,675.7,675.71,240
1762791795,675.71,675.71,675.66,675.68,124
1762791800,675.7,675.87,675.69,675.86,676
1762791805,675.85,675.88,675.78,675.88,530
1762791810,675.88,675.92,675.83,675.84,749
1762791815,675.82,675.83,675.72,675.8,192
1762791820,675.81,675.91,675.79,675.88,289
1762791825,675.88,676.08,675.86,676.05,257
1762791830,676.05,676.1,676.01,676.09,262
1762791835,676.09,676.16,676.07,676.11,331
1762791840,676.09,676.11,675.96,675.96,254
1762791845,675.96,676.0,675.95,675.98,219
1762791850,675.99,676.0,675.94,675.95,96
1762791855,675.95,675.96,675.9,675.92,236
1762791860,675.93,675.93,675.81,675.86,323
1762791865,675.87,675.87,675.8,675.81,126
1762791870,675.8,675.83,675.75,675.82,125
1762791875,675.83,675.92,675.82,675.91,468
1762791880,675.91,675.91,675.87,675.9,467
1762791885,675.9,675.91,675.83,675.86,242
1762791890,675.83,675.87,675.81,675.83,190
1762791895,675.82,675.83,675.8,675.81,145
1762791900,675.81,675.87,675.79,675.8,200
1762791905,675.79,675.82,675.75,675.82,255
1762791910,675.82,675.82,675.71,675.74,503
1762791915,675.75,675.84,675.75,675.79,279
1762791920,675.79,675.81,675.75,675.75,92
1762791925,675.76,675.77,675.73,675.76,103
1762791930,675.75,675.79,675.71,675.78,243
1762791935,675.78,675.86,675.76,675.79,214
1762791940,675.79,675.81,675.73,675.73,133
1762791945,675.73,675.8,675.71,675.8,177
1762791950,675.83,675.85,675.79,675.8,113
1762791955,675.79,675.8,675.73,675.75,141
1762791960,675.76,675.79,675.74,675.76,226
1762791965,675.75,675.78,675.7,675.72,276
1762791970,675.71,675.73,675.66,675.71,157
1762791975,675.7,675.8,675.7,675.73,208
1762791980,675.73,675.79,675.73,675.74,133
1762791985,675.75,675.77,675.72,675.73,135
1762791990,675.72,675.74,675.67,675.73,165
1762791995,675.72,675.74,675.67,675.72,110
1762792000,675.72,675.86,675.72,675.76,254
1762792005,675.77,675.85,675.76,675.82,93
1762792010,675.82,675.82,675.74,675.78,166
1762792015,675.77,675.81,675.76,675.78,109
1762792020,675.81,675.81,675.74,675.78,148
1762792025,675.77,675.8,675.66,675.72,157
1762792030,675.75,675.78,675.73,675.73,112
1762792035,675.76,675.79,675.71,675.78,154
1762792040,675.77,675.91,675.76,675.85,478
1762792045,675.86,675.88,675.84,675.88,88
1762792050,675.92,675.92,675.73,675.74,825
1762792055,675.73,675.77,675.7,675.75,140
1762792060,675.73,675.96,675.73,675.94,309
1762792065,675.92,675.94,675.88,675.91,194
1762792070,675.9,675.96,675.89,675.95,269
1762792075,675.94,675.95,675.88,675.88,80
1762792080,675.9,675.94,675.83,675.83,227
1762792085,675.83,675.93,675.82,675.92,210
1762792090,675.9,676.0,675.89,675.97,393
1762792095,676.0,676.03,675.96,676.0,405
1762792100,675.99,675.99,675.84,675.88,370
1762792105,675.87,675.87,675.7,675.74,314
1762792110,675.73,675.76,675.67,675.72,249
1762792115,675.71,675.74,675.68,675.72,171
1762792120,675.72,675.75,675.69,675.73,207
1762792125,675.73,675.73,675.66,675.7,357
1762792130,675.69,675.7,675.66,675.68,208
1762792135,675.67,675.75,675.67,675.72,88
1762792140,675.72,675.79,675.71,675.73,208
1762792145,675.73,675.78,675.69,675.74,258
1762792150,675.74,675.79,675.74,675.79,69
1762792155,675.77,675.77,675.7,675.73,214
1762792160,675.73,675.76,675.64,675.72,240
1762792165,675.72,675.77,675.71,675.74,69
1762792170,675.74,675.78,675.71,675.74,114
1762792175,675.73,675.73,675.65,675.65,74
1762792180,675.67,675.67,675.56,675.59,110
1762792185,675.59,675.63,675.58,675.59,150
1762792190,675.59,675.61,675.52,675.54,296
1762792195,675.53,675.62,675.53,675.56,228
1762792200,675.55,675.66,675.55,675.61,423
1762792205,675.63,675.77,675.62,675.71,167
1762792210,675.71,675.77,675.71,675.77,187
1762792215,675.78,675.81,675.72,675.78,310
1762792220,675.79,675.86,675.76,675.79,345
1762792225,675.8,675.89,675.76,675.89,118
1762792230,675.89,675.94,675.87,675.94,473
1762792235,675.94,676.07,675.94,676.03,516
1762792240,676.02,676.02,675.94,675.98,139
1762792245,675.98,676.04,675.96,676.02,290
1762792250,676.03,676.05,675.98,676.05,144
1762792255,676.05,676.07,675.98,675.98,227
1762792260,675.98,676.0,675.93,675.97,353
1762792265,675.95,676.04,675.95,676.01,103
1762792270,676.02,676.03,675.82,675.85,221
1762792275,675.85,675.88,675.79,675.85,319
1762792280,675.85,675.85,675.79,675.81,162
1762792285,675.8,675.86,675.77,675.82,175
1762792290,675.82,675.87,675.79,675.86,125
1762792295,675.86,675.92,675.83,675.84,180
1762792300,675.83,675.86,675.78,675.86,142
1762792305,675.86,675.94,675.84,675.93,86
1762792310,675.94,676.07,675.91,676.06,146
1762792315,676.07,676.08,676.01,676.04,66
1762792320,676.04,676.07,675.99,676.01,511
1762792325,676.01,676.1,676.01,676.09,118
1762792330,676.09,676.22,676.09,676.21,311
1762792335,676.22,676.24,676.16,676.16,158
1762792340,676.17,676.18,676.08,676.09,230
1762792345,676.09,676.09,675.92,675.93,139
1762792350,675.94,676.02,675.93,676.0,207
1762792355,676.01,676.04,675.98,676.01,480
1762792360,676.01,676.05,675.99,676.0,166
1762792365,676.01,676.06,675.98,676.05,244
1762792370,676.06,676.14,676.06,676.12,99
1762792375,676.1,676.11,676.04,676.06,87
1762792380,676.05,676.15,676.05,676.12,157
1762792385,676.11,676.14,676.08,676.09,127
1762792390,676.08,676.15,676.07,676.12,94
1762792395,676.11,676.14,676.09,676.11,185
1762792400,676.11,676.19,676.11,676.14,252
1762792405,676.14,676.17,676.03,676.04,183
1762792410,676.04,676.1,676.01,676.09,125
1762792415,676.1,676.17,676.08,676.17,48
1762792420,676.17,676.24,676.16,676.22,224
1762792425,676.23,676.27,676.2,676.26,188
1762792430,676.25,676.29,676.24,676.29,153
1762792435,676.28,676.29,676.17,676.21,225
1762792440,676.21,676.29,676.21,676.25,188
1762792445,676.25,676.26,676.12,676.14,324
1762792450,676.15,676.16,676.01,676.01,224
1762792455,676.0,676.1,675.97,675.97,459
1762792460,675.97,675.97,675.84,675.85,356
1762792465,675.85,675.92,675.84,675.86,129
1762792470,675.88,675.9,675.84,675.87,85
1762792475,675.86,675.86,675.78,675.8,229
1762792480,675.8,675.87,675.8,675.81,104
1762792485,675.79,675.86,675.78,675.86,215
1762792490,675.86,675.9,675.85,675.85,73
1762792495,675.83,675.88,675.83,675.87,127
1762792500,675.88,675.88,675.78,675.79,124
1762792505,675.79,675.88,675.79,675.86,147
1762792510,675.87,675.94,675.86,675.88,99
1762792515,675.88,675.89,675.79,675.88,235
1762792520,675.86,675.87,675.78,675.79,340
1762792525,675.78,675.78,675.68,675.71,246
1762792530,675.7,675.71,675.57,675.58,471
1762792535,675.6,675.6,675.51,675.58,796
1762792540,675.58,675.7,675.57,675.66,212
1762792545,675.68,675.69,675.65,675.67,111
1762792550,675.67,675.71,675.67,675.69,46
1762792555,675.7,675.7,675.57,675.62,84
1762792560,675.67,675.68,675.62,675.64,185
1762792565,675.63,675.71,675.63,675.67,174
1762792570,675.67,675.82,675.67,675.81,398
1762792575,675.8,675.8,675.73,675.76,87
1762792580,675.78,675.79,675.74,675.78,218
1762792585,675.77,675.78,675.66,675.67,172
1762792590,675.67,675.76,675.66,675.75,68
1762792595,675.73,675.74,675.65,675.72,86
1762792600,675.73,675.73,675.6,675.6,112
1762792605,675.59,675.63,675.58,675.61,694
1762792610,675.59,675.65,675.57,675.57,79
1762792615,675.56,675.56,675.51,675.56,97
1762792620,675.56,675.63,675.53,675.62,536
1762792625,675.6,675.67,675.58,675.67,356
1762792630,675.67,675.71,675.66,675.7,48
1762792635,675.67,675.68,675.62,675.66,157
1762792640,675.66,675.81,675.65,675.74,183
1762792645,675.74,675.75,675.67,675.7,51
1762792650,675.69,675.78,675.69,675.78,18
1762792655,675.78,675.79,675.68,675.68,221
1762792660,675.67,675.69,675.61,675.64,185
1762792665,675.62,675.66,675.61,675.66,39
1762792670,675.68,675.7,675.64,675.66,196
1762792675,675.68,675.69,675.61,675.63,179
1762792680,675.63,675.65,675.53,675.53,257
1762792685,675.54,675.58,675.49,675.58,221
1762792690,675.59,675.71,675.59,675.66,150
1762792695,675.67,675.69,675.64,675.67,64
1762792700,675.68,675.72,675.67,675.7,43
1762792705,675.69,675.73,675.63,675.73,44
1762792710,675.74,675.77,675.63,675.69,185
1762792715,675.7,675.71,675.65,675.69,47
1762792720,675.68,675.7,675.61,675.62,30
1762792725,675.61,675.66,675.58,675.64,53
1762792730,675.64,675.68,675.64,675.68,24
1762792735,675.69,675.73,675.69,675.72,22
1762792740,675.72,675.76,675.68,675.68,132
1762792745,675.71,675.71,675.66,675.67,79
1762792750,675.69,675.72,675.67,675.69,58
1762792755,675.66,675.66,675.6,675.65,68
1762792760,675.66,675.69,675.65,675.65,68
1762792765,675.68,675.68,675.62,675.64,78
1762792770,675.63,675.67,675.58,675.61,111
1762792775,675.62,675.62,675.56,675.59,98
1762792780,675.61,675.66,675.53,675.55,98
1762792785,675.54,675.58,675.53,675.58,94
1762792790,675.55,675.59,675.52,675.54,244
1762792795,675.56,675.6,675.54,675.6,79
1762792800,675.63,675.76,675.63,675.66,198
1762792805,675.66,675.66,675.63,675.66,163
1762792810,675.66,675.68,675.64,675.65,205
1762792815,675.67,675.67,675.49,675.51,278
1762792820,675.5,675.55,675.47,675.49,86
1762792825,675.49,675.53,675.43,675.52,160
1762792830,675.53,675.58,675.48,675.5,148
1762792835,675.52,675.54,675.48,675.5,128
1762792840,675.48,675.48,675.03,675.17,1640
1762792845,675.17,675.24,675.14,675.22,236
1762792850,675.22,675.28,675.19,675.27,465
1762792855,675.31,675.36,675.27,675.35,176
1762792860,675.35,675.43,675.33,675.39,546
1762792865,675.39,675.46,675.35,675.44,290
1762792870,675.45,675.52,675.42,675.45,274
1762792875,675.45,675.49,675.42,675.42,281
1762792880,675.46,675.5,675.4,675.46,165
1762792885,675.47,675.55,675.47,675.54,197
1762792890,675.52,675.58,675.5,675.55,91
1762792895,675.54,675.6,675.53,675.59,106
1762792900,675.58,675.58,675.52,675.55,83
1762792905,675.54,675.57,675.44,675.44,107
1762792910,675.44,675.44,675.28,675.35,161
1762792915,675.36,675.41,675.35,675.38,87
1762792920,675.37,675.43,675.35,675.37,182
1762792925,675.35,675.41,675.34,675.39,94
1762792930,675.39,675.55,675.37,675.52,131
1762792935,675.51,675.56,675.5,675.56,383
1762792940,675.54,675.56,675.51,675.56,140
1762792945,675.54,675.57,675.52,675.52,47
1762792950,675.55,675.61,675.51,675.58,995
1762792955,675.58,675.62,675.56,675.56,529
1762792960,675.57,675.57,675.51,675.54,82
1762792965,675.53,675.57,675.52,675.56,55
1762792970,675.55,675.61,675.54,675.61,110
1762792975,675.6,675.62,675.57,675.6,49
1762792980,675.59,675.68,675.58,675.66,203
1762792985,675.67,675.72,675.6,675.64,291
1762792990,675.64,675.67,675.59,675.64,130
1762792995,675.63,675.66,675.6,675.61,79
1762793000,675.62,675.62,675.42,675.43,644
1762793005,675.41,675.51,675.4,675.49,200
1762793010,675.49,675.54,675.48,675.5,135
1762793015,675.49,675.5,675.45,675.47,82
1762793020,675.46,675.47,675.42,675.47,93
1762793025,675.47,675.5,675.43,675.43,118
1762793030,675.43,675.45,675.33,675.38,148
1762793035,675.38,675.41,675.36,675.39,92
1762793040,675.38,675.5,675.38,675.48,120
1762793045,675.49,675.53,675.48,675.48,206
1762793050,675.47,675.54,675.44,675.44,181
1762793055,675.43,675.45,675.4,675.4,286
1762793060,675.43,675.46,675.42,675.45,53
1762793065,675.47,675.49,675.44,675.47,69
1762793070,675.46,675.47,675.43,675.43,37
1762793075,675.45,675.64,675.44,675.62,312
1762793080,675.65,675.77,675.64,675.72,397
1762793085,675.72,675.8,675.72,675.8,192
1762793090,675.79,675.81,675.75,675.81,199
1762793095,675.81,675.82,675.78,675.79,91
1762793100,675.78,675.83,675.72,675.73,204
1762793105,675.75,675.85,675.75,675.81,198
1762793110,675.83,675.83,675.64,675.66,119
1762793115,675.67,675.68,675.59,675.65,49
1762793120,675.69,675.75,675.66,675.74,88
1762793125,675.76,675.84,675.72,675.84,278
1762793130,675.8,675.8,675.66,675.66,147
1762793135,675.68,675.78,675.68,675.77,132
1762793140,675.77,675.78,675.72,675.72,519
1762793145,675.74,675.77,675.69,675.71,140
1762793150,675.74,675.76,675.72,675.75,68
1762793155,675.74,675.75,675.65,675.67,134
1762793160,675.71,675.73,675.52,675.55,220
1762793165,675.55,675.65,675.54,675.63,95
1762793170,675.63,675.71,675.58,675.6,108
1762793175,675.58,675.63,675.56,675.58,208
1762793180,675.57,675.68,675.55,675.66,142
1762793185,675.67,675.73,675.65,675.7,188
1762793190,675.69,675.7,675.59,675.61,79
1762793195,675.6,675.61,675.38,675.41,634
1762793200,675.39,675.45,675.37,675.42,303
1762793205,675.41,675.49,675.4,675.49,68
1762793210,675.48,675.51,675.44,675.49,91
1762793215,675.48,675.49,675.45,675.47,58
1762793220,675.46,675.5,675.45,675.46,126
1762793225,675.49,675.53,675.48,675.5,100
1762793230,675.52,675.7,675.52,675.63,724
1762793235,675.62,675.64,675.58,675.62,87
1762793240,675.65,675.67,675.6,675.63,56
1762793245,675.63,675.66,675.6,675.62,37
1762793250,675.63,675.71,675.63,675.66,176
1762793255,675.68,675.74,675.66,675.66,216
1762793260,675.69,675.76,675.68,675.7,77
1762793265,675.75,675.78,675.72,675.72,82
1762793270,675.72,675.78,675.71,675.71,102
1762793275,675.71,675.73,675.61,675.66,147
1762793280,675.65,675.65,675.53,675.56,151
1762793285,675.58,675.61,675.55,675.59,108
1762793290,675.59,675.61,675.55,675.57,136
1762793295,675.56,675.6,675.51,675.55,162
1762793300,675.54,675.58,675.52,675.56,92
1762793305,675.58,675.59,675.47,675.5,272
1762793310,675.55,675.63,675.55,675.6,297
1762793315,675.6,675.69,675.59,675.66,326
1762793320,675.66,675.68,675.64,675.68,79
1762793325,675.68,675.71,675.63,675.71,186
1762793330,675.72,675.73,675.67,675.68,269
1762793335,675.68,675.75,675.68,675.74,150
1762793340,675.76,675.76,675.67,675.68,134
1762793345,675.68,675.74,675.68,675.71,88
1762793350,675.71,675.8,675.71,675.76,178
1762793355,675.78,675.84,675.78,675.81,130
1762793360,675.82,675.85,675.78,675.81,129
1762793365,675.82,675.85,675.81,675.81,53
1762793370,675.81,675.84,675.8,675.82,98
1762793375,675.82,675.86,675.79,675.8,143
1762793380,675.79,675.82,675.77,675.81,160
1762793385,675.82,675.85,675.79,675.8,74
1762793390,675.8,675.8,675.73,675.75,109
1762793395,675.76,675.78,675.75,675.77,129
1762793400,675.76,675.91,675.76,675.89,201
1762793405,675.89,675.95,675.89,675.94,512
1762793410,675.95,676.06,675.95,676.03,431
1762793415,676.05,676.07,676.02,676.03,221
1762793420,676.03,676.06,675.98,675.98,223
1762793425,675.98,676.0,675.9,675.92,237
1762793430,675.92,675.97,675.88,675.91,297
1762793435,675.91,675.91,675.68,675.78,476
1762793440,675.77,675.84,675.72,675.75,307
1762793445,675.76,675.77,675.7,675.74,43
1762793450,675.76,675.78,675.72,675.76,105
1762793455,675.78,675.78,675.63,675.75,112
1762793460,675.76,675.77,675.67,675.68,90
1762793465,675.66,675.79,675.62,675.77,212
1762793470,675.77,675.78,675.68,675.73,173
1762793475,675.72,675.77,675.69,675.73,89
1762793480,675.72,675.72,675.64,675.69,83
1762793485,675.69,675.7,675.58,675.6,296
1762793490,675.6,675.61,675.58,675.59,96
1762793495,675.59,675.64,675.56,675.6,276
1762793500,675.63,675.74,675.62,675.73,126
1762793505,675.73,675.74,675.66,675.66,323
1762793510,675.67,675.7,675.63,675.63,177
1762793515,675.62,675.64,675.57,675.59,127
1762793520,675.61,675.65,675.57,675.61,72
1762793525,675.62,675.63,675.61,675.63,157
1762793530,675.64,675.75,675.64,675.73,51
1762793535,675.73,675.75,675.69,675.71,113
1762793540,675.71,675.76,675.66,675.68,32
1762793545,675.68,675.71,675.61,675.69,68
1762793550,675.69,675.71,675.66,675.67,125
1762793555,675.68,675.82,675.65,675.82,494
1762793560,675.82,675.82,675.72,675.72,237
1762793565,675.72,675.72,675.49,675.49,357
1762793570,675.5,675.56,675.46,675.53,200
1762793575,675.53,675.6,675.52,675.57,121
1762793580,675.56,675.62,675.53,675.58,543
1762793585,675.58,675.61,675.53,675.56,119
1762793590,675.58,675.59,675.53,675.55,30
1762793595,675.6,675.66,675.59,675.6,90
1762793600,675.61,675.69,675.6,675.68,69
1762793605,675.68,675.69,675.63,675.68,123
1762793610,675.69,675.69,675.62,675.63,112
1762793615,675.63,675.65,675.62,675.65,42
1762793620,675.67,675.78,675.67,675.72,129
1762793625,675.7,675.8,675.69,675.78,167
1762793630,675.77,675.77,675.73,675.76,119
1762793635,675.77,675.78,675.77,675.78,44
1762793640,675.77,675.8,675.75,675.79,79
1762793645,675.8,675.82,675.77,675.78,39
1762793650,675.78,675.8,675.73,675.75,102
1762793655,675.75,675.76,675.69,675.75,152
1762793660,675.75,675.75,675.71,675.74,93
1762793665,675.72,675.74,675.64,675.72,93
1762793670,675.7,675.7,675.64,675.66,149
1762793675,675.66,675.72,675.63,675.68,66
1762793680,675.69,675.69,675.61,675.63,41
1762793685,675.62,675.62,675.56,675.61,126
1762793690,675.6,675.63,675.58,675.6,105
1762793695,675.61,675.61,675.58,675.59,113
1762793700,675.58,675.6,675.53,675.57,172
1762793705,675.57,675.63,675.52,675.62,193
1762793710,675.64,675.75,675.59,675.67,512
1762793715,675.67,675.68,675.54,675.62,149
1762793720,675.6,675.62,675.58,675.61,49
1762793725,675.62,675.64,675.58,675.64,44
1762793730,675.68,675.76,675.68,675.76,85
1762793735,675.76,675.77,675.63,675.66,109
1762793740,675.66,675.76,675.66,675.74,78
1762793745,675.76,675.95,675.76,675.94,132
1762793750,675.95,675.95,675.9,675.92,106
1762793755,675.91,675.92,675.87,675.87,353
1762793760,675.89,675.92,675.89,675.9,139
1762793765,675.89,675.96,675.88,675.94,83
1762793770,675.92,675.95,675.89,675.95,372
1762793775,675.95,675.96,675.89,675.89,186
1762793780,675.9,675.98,675.9,675.97,408
1762793785,675.98,676.05,675.96,676.03,215
1762793790,675.99,676.04,675.98,676.0,37
1762793795,676.03,676.1,676.03,676.04,271
1762793800,676.05,676.11,676.03,676.08,109
1762793805,676.09,676.2,676.08,676.18,328
1762793810,676.18,676.25,676.15,676.23,262
1762793815,676.24,676.26,676.21,676.24,147
1762793820,676.24,676.27,676.2,676.22,126
1762793825,676.2,676.28,676.2,676.27,150
1762793830,676.27,676.3,676.25,676.27,122
1762793835,676.28,676.29,676.23,676.28,147
1762793840,676.27,676.28,676.24,676.28,475
1762793845,676.27,676.29,676.23,676.25,89
1762793850,676.24,676.26,676.18,676.26,167
1762793855,676.26,676.32,676.26,676.26,415
1762793860,676.27,676.3,676.22,676.3,157
1762793865,676.3,676.31,676.26,676.29,150
1762793870,676.28,676.28,676.25,676.26,41
1762793875,676.26,676.28,676.25,676.27,96
1762793880,676.26,676.28,676.24,676.28,78
1762793885,676.27,676.29,676.25,676.29,109
1762793890,676.3,676.32,676.28,676.29,126
1762793895,676.29,676.3,676.28,676.3,49
1762793900,676.33,676.43,676.32,676.42,259
1762793905,676.42,676.44,676.38,676.43,177
1762793910,676.44,676.46,676.42,676.46,266
1762793915,676.45,676.47,676.43,676.44,239
1762793920,676.44,676.47,676.42,676.45,550
1762793925,676.46,676.51,676.46,676.47,197
1762793930,676.48,676.5,676.46,676.47,175
1762793935,676.46,676.47,676.41,676.47,74
1762793940,676.46,676.49,676.43,676.46,200
1762793945,676.45,676.47,676.43,676.45,85
1762793950,676.47,676.49,676.45,676.49,46
1762793955,676.48,676.51,676.47,676.48,102
1762793960,676.49,676.49,676.43,676.44,52
1762793965,676.45,676.51,676.43,676.49,275
1762793970,676.49,676.65,676.49,676.61,521
1762793975,676.61,676.67,676.59,676.66,286
1762793980,676.65,676.67,676.63,676.63,151
1762793985,676.63,676.66,676.63,676.64,69
1762793990,676.64,676.67,676.63,676.66,79
1762793995,676.66,676.67,676.62,676.63,61
1762794000,676.62,676.64,676.57,676.59,480
1762794005,676.58,676.59,676.45,676.5,441
1762794010,676.49,676.51,676.45,676.46,210
1762794015,676.47,676.54,676.46,676.54,165
1762794020,676.53,676.65,676.52,676.63,168
1762794025,676.63,676.75,676.62,676.73,490
1762794030,676.73,676.74,676.7,676.73,69
1762794035,676.73,676.76,676.73,676.74,77
1762794040,676.73,676.77,676.71,676.75,111
1762794045,676.75,676.86,676.75,676.84,193
1762794050,676.85,676.88,676.83,676.84,137
1762794055,676.84,676.89,676.84,676.88,117
1762794060,676.89,676.94,676.86,676.86,359
1762794065,676.88,676.94,676.85,676.94,138
1762794070,676.93,676.99,676.84,676.85,331
1762794075,676.85,676.86,676.8,676.85,293
1762794080,676.84,676.88,676.81,676.81,146
1762794085,676.82,676.83,676.78,676.8,204
1762794090,676.81,676.86,676.8,676.84,166
1762794095,676.82,676.84,676.78,676.84,309
1762794100,676.84,676.84,676.8,676.82,152
1762794105,676.82,676.92,676.82,676.91,93
1762794110,676.91,676.99,676.9,676.95,122
1762794115,676.95,676.96,676.89,676.9,99
1762794120,676.88,676.9,676.85,676.86,77
1762794125,676.86,676.86,676.78,676.82,234
1762794130,676.82,676.83,676.79,676.83,87
1762794135,676.83,676.84,676.79,676.81,189
1762794140,676.8,676.86,676.8,676.85,103
1762794145,676.86,676.86,676.79,676.8,57
1762794150,676.81,676.89,676.81,676.89,379
1762794155,676.89,676.94,676.86,676.94,1397
1762794160,676.94,676.99,676.93,676.99,251
1762794165,676.99,677.0,676.98,676.99,139
1762794170,676.99,677.03,676.97,676.98,619
1762794175,676.98,676.99,676.97,676.98,111
1762794180,677.01,677.08,677.01,677.05,200
1762794185,677.07,677.1,677.05,677.09,134
1762794190,677.09,677.11,677.06,677.11,243
1762794195,677.09,677.16,677.09,677.12,210
1762794200,677.13,677.17,677.11,677.17,109
1762794205,677.17,677.2,677.15,677.17,65
1762794210,677.17,677.24,677.16,677.24,83
1762794215,677.23,677.28,677.22,677.25,155
1762794220,677.25,677.31,677.25,677.29,357
1762794225,677.26,677.3,677.26,677.29,270
1762794230,677.29,677.32,677.28,677.31,490
1762794235,677.32,677.32,677.3,677.31,141
1762794240,677.3,677.37,677.29,677.37,165
1762794245,677.37,677.39,677.33,677.33,98
1762794250,677.34,677.4,677.33,677.38,449
1762794255,677.37,677.46,677.37,677.46,484
1762794260,677.46,677.46,677.41,677.46,289
1762794265,677.45,677.53,677.44,677.5,400
1762794270,677.5,677.51,677.49,677.5,62
1762794275,677.51,677.56,677.5,677.52,116
1762794280,677.51,677.54,677.51,677.52,325
1762794285,677.53,677.56,677.5,677.5,468
1762794290,677.5,677.52,677.47,677.5,1371
1762794295,677.5,677.51,677.47,677.49,508
1762794300,677.49,677.49,677.32,677.37,593
1762794305,677.38,677.4,677.32,677.32,132
1762794310,677.34,677.41,677.33,677.39,100
1762794315,677.4,677.4,677.32,677.35,391
1762794320,677.35,677.37,677.28,677.33,1847
1762794325,677.32,677.37,677.32,677.34,342
1762794330,677.37,677.46,677.35,677.46,745
1762794335,677.46,677.47,677.44,677.44,199
1762794340,677.47,677.48,677.43,677.48,288
1762794345,677.49,677.52,677.48,677.5,115
1762794350,677.52,677.57,677.47,677.57,82
1762794355,677.57,677.6,677.56,677.57,164
1762794360,677.58,677.67,677.58,677.67,420
1762794365,677.66,677.68,677.63,677.68,552
1762794370,677.67,677.78,677.66,677.74,618
1762794375,677.74,677.74,677.66,677.68,236
1762794380,677.69,677.72,677.67,677.68,441
1762794385,677.69,677.69,677.62,677.63,236
1762794390,677.64,677.67,677.63,677.67,211
1762794395,677.67,677.69,677.66,677.69,84
1762794400,677.7,677.75,677.7,677.73,278
1762794405,677.74,677.78,677.73,677.74,422
1762794410,677.74,677.75,677.67,677.7,254
1762794415,677.7,677.71,677.65,677.67,181
1762794420,677.69,677.74,677.68,677.73,197
1762794425,677.73,677.73,677.65,677.65,253
1762794430,677.64,677.69,677.59,677.67,156
1762794435,677.67,677.7,677.65,677.7,270
1762794440,677.69,677.74,677.69,677.71,175
1762794445,677.71,677.72,677.63,677.63,286
1762794450,677.62,677.68,677.62,677.65,227
1762794455,677.64,677.67,677.63,677.67,120
1762794460,677.68,677.72,677.66,677.71,289
1762794465,677.71,677.74,677.67,677.74,184
1762794470,677.74,677.76,677.72,677.74,108
1762794475,677.74,677.75,677.72,677.74,66
1762794480,677.75,677.85,677.74,677.78,895
1762794485,677.76,677.77,677.7,677.73,322
1762794490,677.73,677.73,677.67,677.68,95
1762794495,677.67,677.67,677.61,677.63,222
1762794500,677.63,677.66,677.62,677.66,282
1762794505,677.65,677.66,677.52,677.53,756
1762794510,677.52,677.56,677.51,677.55,482
1762794515,677.56,677.56,677.44,677.49,880
1762794520,677.5,677.51,677.39,677.4,196
1762794525,677.39,677.43,677.35,677.37,196
1762794530,677.36,677.4,677.35,677.39,88
1762794535,677.38,677.43,677.38,677.43,154
1762794540,677.43,677.49,677.42,677.49,257
1762794545,677.49,677.5,677.47,677.47,143
1762794550,677.43,677.46,677.43,677.43,49
1762794555,677.44,677.48,677.43,677.48,40
1762794560,677.47,677.48,677.41,677.41,94
1762794565,677.41,677.42,677.25,677.3,262
1762794570,677.31,677.36,677.31,677.34,238
1762794575,677.34,677.35,677.25,677.32,277
1762794580,677.26,677.27,677.19,677.22,216
1762794585,677.22,677.25,677.2,677.24,221
1762794590,677.23,677.29,677.23,677.27,211
1762794595,677.26,677.3,677.26,677.29,108
1762794600,677.29,677.3,677.26,677.29,300
1762794605,677.3,677.32,677.26,677.3,299
1762794610,677.3,677.33,677.28,677.33,124
1762794615,677.34,677.36,677.32,677.34,61
1762794620,677.35,677.36,677.28,677.3,307
1762794625,677.29,677.3,677.2,677.26,111
1762794630,677.27,677.28,677.21,677.22,130
1762794635,677.22,677.26,677.21,677.21,86
1762794640,677.22,677.26,677.16,677.18,98
1762794645,677.19,677.22,677.03,677.04,185
1762794650,677.05,677.1,677.02,677.04,88
1762794655,677.05,677.09,677.05,677.06,86
1762794660,677.07,677.14,677.07,677.08,133
1762794665,677.08,677.08,677.06,677.08,238
1762794670,677.09,677.12,677.08,677.1,96
1762794675,677.1,677.11,677.04,677.1,92
1762794680,677.09,677.11,677.05,677.09,154
1762794685,677.09,677.12,677.01,677.05,772
1762794690,677.02,677.02,676.94,677.01,128
1762794695,677.01,677.02,676.99,677.0,53
1762794700,676.99,676.99,676.81,676.82,354
1762794705,676.82,676.84,676.77,676.82,136
1762794710,676.83,676.87,676.81,676.87,127
1762794715,676.86,677.0,676.85,676.97,139
1762794720,676.98,677.07,676.95,677.07,92
1762794725,677.06,677.09,677.03,677.08,133
1762794730,677.08,677.19,677.07,677.17,248
1762794735,677.18,677.18,677.14,677.14,96
1762794740,677.15,677.17,677.01,677.05,446
1762794745,677.05,677.15,677.04,677.14,108
1762794750,677.14,677.18,677.13,677.18,265
1762794755,677.16,677.23,677.15,677.2,873
1762794760,677.21,677.23,677.19,677.22,423
1762794765,677.22,677.24,677.16,677.17,235
1762794770,677.17,677.18,677.06,677.06,219
1762794775,677.06,677.09,677.05,677.09,57
1762794780,677.09,677.12,677.08,677.12,88
1762794785,677.16,677.2,677.09,677.09,186
1762794790,677.08,677.08,676.98,677.01,355
1762794795,677.0,677.09,677.0,677.08,75
1762794800,677.08,677.08,677.0,677.0,32
1762794805,677.0,677.11,676.97,677.1,156
1762794810,677.1,677.13,677.05,677.07,75
1762794815,677.09,677.09,677.02,677.02,58
1762794820,677.06,677.08,676.97,676.99,41
1762794825,676.98,676.99,676.96,676.99,68
1762794830,676.97,676.99,676.87,676.88,151
1762794835,676.87,676.92,676.84,676.89,61
1762794840,676.89,676.95,676.89,676.94,87
1762794845,676.95,677.04,676.95,676.99,54
1762794850,676.98,676.99,676.94,676.94,16
1762794855,676.94,676.95,676.9,676.93,32
1762794860,676.93,677.04,676.92,677.04,21
1762794865,677.04,677.05,676.94,676.94,39
1762794870,676.95,676.95,676.73,676.75,507
1762794875,676.76,676.77,676.72,676.74,319
1762794880,676.73,676.78,676.71,676.76,169
1762794885,676.76,676.81,676.71,676.72,354
1762794890,676.72,676.74,676.66,676.73,180
1762794895,676.73,676.76,676.73,676.74,272
1762794900,676.77,676.79,676.67,676.67,300
1762794905,676.67,676.71,676.56,676.64,159
1762794910,676.65,676.69,676.65,676.68,51
1762794915,676.69,676.82,676.68,676.79,414
1762794920,676.82,676.85,676.79,676.82,156
1762794925,676.82,676.85,676.79,676.84,112
1762794930,676.85,676.86,676.71,676.74,82
1762794935,676.74,676.79,676.69,676.72,538
1762794940,676.73,676.89,676.73,676.87,188
1762794945,676.86,676.92,676.82,676.89,126
1762794950,676.89,676.91,676.85,676.89,83
1762794955,676.9,676.93,676.88,676.91,64
1762794960,676.89,676.92,676.87,676.9,99
1762794965,676.92,676.94,676.88,676.91,85
1762794970,676.91,676.96,676.9,676.95,308
1762794975,676.96,676.99,676.94,676.98,140
1762794980,677.0,677.02,676.91,676.92,102
1762794985,676.93,676.96,676.91,676.93,96
1762794990,676.93,676.99,676.78,676.83,593
1762794995,676.83,676.89,676.82,676.86,138
1762795000,676.86,676.92,676.82,676.86,188
1762795005,676.87,676.94,676.86,676.92,63
1762795010,676.92,676.94,676.87,676.93,33
1762795015,676.92,676.97,676.89,676.95,95
1762795020,676.94,677.04,676.94,677.01,115
1762795025,676.99,677.03,676.98,677.02,69
1762795030,677.03,677.03,676.98,676.99,58
1762795035,676.99,677.01,676.96,676.96,105
1762795040,676.95,677.05,676.91,677.01,175
1762795045,677.04,677.05,676.94,676.96,77
1762795050,676.98,677.01,676.9,676.98,84
1762795055,676.99,676.99,676.92,676.99,77
1762795060,676.98,677.01,676.91,677.0,68
1762795065,677.0,677.04,676.99,677.02,67
1762795070,677.03,677.06,676.94,676.94,84
1762795075,676.91,676.97,676.89,676.96,248
1762795080,676.96,676.99,676.91,676.97,139
1762795085,676.98,677.01,676.95,677.0,335
1762795090,677.01,677.02,676.97,677.02,72
1762795095,677.01,677.02,676.97,676.98,75
1762795100,676.98,677.02,676.94,676.94,201
1762795105,676.94,677.1,676.94,677.06,462
1762795110,677.06,677.18,677.05,677.18,439
1762795115,677.17,677.17,677.04,677.05,254
1762795120,677.06,677.09,677.01,677.01,121
1762795125,677.04,677.16,677.04,677.11,276
1762795130,677.13,677.13,677.05,677.07,61
1762795135,677.08,677.12,677.07,677.09,39
1762795140,677.08,677.1,677.03,677.03,110
1762795145,677.07,677.11,677.04,677.07,51
1762795150,677.08,677.11,677.04,677.09,100
1762795155,677.08,677.09,677.05,677.08,78
1762795160,677.09,677.17,677.06,677.12,104
1762795165,677.1,677.19,677.09,677.17,47
1762795170,677.17,677.22,677.16,677.21,118
1762795175,677.21,677.21,677.14,677.14,57
1762795180,677.15,677.17,677.13,677.16,66
1762795185,677.18,677.18,677.09,677.1,59
1762795190,677.1,677.11,677.02,677.04,130
1762795195,677.02,677.07,677.02,677.07,92
1762795200,677.06,677.09,677.03,677.05,123
1762795205,677.05,677.18,677.05,677.18,57
1762795210,677.14,677.15,677.11,677.13,31
1762795215,677.14,677.18,677.12,677.15,54
1762795220,677.14,677.16,677.06,677.12,298
1762795225,677.12,677.12,677.02,677.02,45
1762795230,677.07,677.14,677.07,677.13,26
1762795235,677.13,677.16,677.11,677.16,34
1762795240,677.15,677.22,677.14,677.22,87
1762795245,677.22,677.22,677.16,677.17,90
1762795250,677.18,677.27,677.18,677.27,98
1762795255,677.27,677.28,677.23,677.27,125
1762795260,677.26,677.28,677.22,677.27,260
1762795265,677.26,677.29,677.2,677.21,140
1762795270,677.18,677.21,677.13,677.13,111
1762795275,677.15,677.26,677.15,677.22,125
1762795280,677.21,677.25,677.18,677.24,52
1762795285,677.23,677.3,677.21,677.26,83
1762795290,677.28,677.28,677.24,677.25,59
1762795295,677.27,677.36,677.27,677.34,75
1762795300,677.35,677.35,677.32,677.32,80
1762795305,677.32,677.4,677.32,677.4,89
1762795310,677.39,677.4,677.38,677.38,144
1762795315,677.39,677.39,677.32,677.34,100
1762795320,677.34,677.36,677.25,677.26,209
1762795325,677.27,677.28,677.22,677.27,74
1762795330,677.27,677.3,677.24,677.28,59
1762795335,677.3,677.36,677.28,677.35,48
1762795340,677.36,677.39,677.31,677.33,157
1762795345,677.34,677.4,677.32,677.39,143
1762795350,677.39,677.39,677.34,677.37,141
1762795355,677.36,677.42,677.36,677.38,420
1762795360,677.38,677.46,677.36,677.44,629
1762795365,677.44,677.46,677.42,677.46,59
1762795370,677.44,677.49,677.44,677.49,49
1762795375,677.49,677.49,677.45,677.49,38
1762795380,677.48,677.5,677.42,677.42,183
1762795385,677.41,677.43,677.37,677.41,123
1762795390,677.39,677.4,677.34,677.39,96
1762795395,677.38,677.39,677.36,677.38,21
1762795400,677.38,677.48,677.38,677.47,73
1762795405,677.47,677.48,677.44,677.48,64
1762795410,677.48,677.52,677.47,677.51,57
1762795415,677.52,677.52,677.45,677.46,97
1762795420,677.45,677.48,677.44,677.44,38
1762795425,677.46,677.48,677.45,677.46,46
1762795430,677.45,677.45,677.42,677.42,207
1762795435,677.42,677.43,677.39,677.4,47
1762795440,677.41,677.45,677.32,677.33,949
1762795445,677.31,677.31,677.11,677.16,576
1762795450,677.1,677.11,676.99,677.09,306
1762795455,676.99,677.09,676.99,677.05,71
1762795460,677.05,677.13,677.02,677.11,197
1762795465,677.09,677.15,677.08,677.13,137
1762795470,677.12,677.17,677.12,677.14,165
1762795475,677.15,677.15,677.0,677.04,507
1762795480,677.04,677.08,677.03,677.08,73
1762795485,677.11,677.15,677.1,677.12,96
1762795490,677.13,677.13,677.11,677.12,10
1762795495,677.14,677.22,677.14,677.22,106
1762795500,677.2,677.41,677.19,677.38,294
1762795505,677.42,677.43,677.34,677.37,151
1762795510,677.35,677.36,677.31,677.32,71
1762795515,677.33,677.37,677.31,677.32,84
1762795520,677.33,677.36,677.33,677.36,27
1762795525,677.37,677.4,677.35,677.38,35
1762795530,677.39,677.4,677.31,677.32,93
1762795535,677.31,677.35,677.3,677.35,182
1762795540,677.34,677.34,677.27,677.3,46
1762795545,677.3,677.36,677.28,677.35,74
1762795550,677.35,677.36,677.3,677.31,50
1762795555,677.32,677.33,677.28,677.32,99
1762795560,677.33,677.44,677.33,677.4,185
1762795565,677.38,677.45,677.37,677.45,33
1762795570,677.46,677.48,677.43,677.47,47
1762795575,677.47,677.51,677.45,677.46,141
1762795580,677.42,677.51,677.42,677.49,63
1762795585,677.49,677.5,677.44,677.45,102
1762795590,677.45,677.45,677.37,677.37,61
1762795595,677.38,677.39,677.35,677.38,45
1762795600,677.4,677.42,677.31,677.31,98
1762795605,677.33,677.34,677.32,677.33,99
1762795610,677.33,677.41,677.32,677.38,151
1762795615,677.39,677.42,677.39,677.42,75
1762795620,677.42,677.42,677.37,677.37,46
1762795625,677.36,677.41,677.34,677.34,62
1762795630,677.34,677.42,677.34,677.41,463
1762795635,677.41,677.48,677.41,677.46,91
1762795640,677.48,677.59,677.47,677.57,242
1762795645,677.58,677.61,677.57,677.6,175
1762795650,677.58,677.61,677.57,677.61,644
1762795655,677.6,677.64,677.59,677.64,590
1762795660,677.66,677.67,677.63,677.66,147
1762795665,677.67,677.67,677.62,677.64,73
1762795670,677.66,677.7,677.66,677.69,199
1762795675,677.69,677.74,677.67,677.74,71
1762795680,677.73,677.76,677.71,677.73,55
1762795685,677.75,677.8,677.73,677.77,406
1762795690,677.76,677.79,677.75,677.78,667
1762795695,677.77,677.79,677.72,677.75,846
1762795700,677.75,677.77,677.71,677.72,118
1762795705,677.73,677.79,677.73,677.75,130
1762795710,677.74,677.75,677.71,677.75,58
1762795715,677.73,677.75,677.72,677.75,15
1762795720,677.74,677.75,677.69,677.72,175
1762795725,677.72,677.73,677.68,677.7,68
1762795730,677.69,677.71,677.64,677.64,218
1762795735,677.65,677.69,677.64,677.66,175
1762795740,677.67,677.67,677.64,677.66,88
1762795745,677.63,677.65,677.55,677.61,1323
1762795750,677.61,677.64,677.59,677.61,144
1762795755,677.58,677.58,677.46,677.51,250
1762795760,677.49,677.55,677.46,677.52,108
1762795765,677.51,677.53,677.49,677.49,106
1762795770,677.5,677.53,677.47,677.53,206
1762795775,677.52,677.53,677.49,677.49,91
1762795780,677.5,677.5,677.46,677.5,222
1762795785,677.51,677.53,677.48,677.49,165
1762795790,677.49,677.49,677.46,677.47,22
1762795795,677.47,677.48,677.44,677.47,144
1762795800,677.47,677.62,677.46,677.58,454
1762795805,677.57,677.62,677.56,677.6,141
1762795810,677.61,677.73,677.61,677.73,136
1762795815,677.74,677.74,677.66,677.68,224
1762795820,677.67,677.73,677.67,677.73,153
1762795825,677.72,677.76,677.7,677.72,253
1762795830,677.73,677.81,677.73,677.76,224
1762795835,677.76,677.8,677.74,677.74,163
1762795840,677.75,677.77,677.73,677.73,189
1762795845,677.74,677.77,677.72,677.76,53
1762795850,677.75,677.79,677.75,677.79,179
1762795855,677.79,677.85,677.78,677.82,128
1762795860,677.84,677.84,677.79,677.81,121
1762795865,677.79,677.81,677.78,677.8,93
1762795870,677.8,677.81,677.79,677.8,95
1762795875,677.81,677.82,677.79,677.8,90
1762795880,677.82,677.91,677.82,677.89,161
1762795885,677.87,677.91,677.87,677.89,155
1762795890,677.88,677.92,677.87,677.91,115
1762795895,677.91,677.91,677.87,677.87,587
1762795900,677.88,677.94,677.88,677.92,279
1762795905,677.93,677.96,677.92,677.95,139
1762795910,677.94,678.01,677.94,677.98,710
1762795915,677.98,677.98,677.95,677.95,210
1762795920,677.93,677.97,677.92,677.93,263
1762795925,677.96,677.97,677.93,677.95,89
1762795930,677.93,677.96,677.93,677.95,98
1762795935,677.95,678.0,677.95,677.98,228
1762795940,677.97,677.98,677.93,677.95,112
1762795945,677.96,677.97,677.95,677.97,130
1762795950,677.97,677.97,677.92,677.95,652
1762795955,677.95,678.01,677.94,678.01,626
1762795960,678.0,678.04,677.99,678.0,852
1762795965,678.01,678.02,677.95,677.97,188
1762795970,677.98,678.01,677.97,678.0,109
1762795975,678.01,678.03,678.0,678.02,179
1762795980,678.01,678.01,677.96,677.97,162
1762795985,677.98,677.99,677.93,677.94,117
1762795990,677.93,677.94,677.88,677.88,110
1762795995,677.89,677.94,677.89,677.93,73
1762796000,677.92,677.97,677.91,677.93,30
1762796005,677.94,677.95,677.9,677.92,31
1762796010,677.91,677.92,677.86,677.89,112
1762796015,677.89,677.93,677.87,677.93,135
1762796020,677.93,677.96,677.92,677.96,77
1762796025,677.96,677.99,677.96,677.96,128
1762796030,677.96,677.97,677.95,677.96,75
1762796035,677.96,677.99,677.95,677.98,43
1762796040,677.99,678.02,677.98,677.99,91
1762796045,677.99,677.99,677.95,677.95,98
1762796050,677.94,677.97,677.93,677.97,58
1762796055,677.98,678.0,677.97,677.97,72
1762796060,677.97,677.97,677.9,677.92,512
1762796065,677.93,677.94,677.92,677.94,34
1762796070,677.93,677.98,677.92,677.97,98
1762796075,677.99,678.0,677.97,678.0,23
1762796080,678.02,678.05,678.02,678.03,70
1762796085,678.02,678.03,677.97,677.99,31
1762796090,678.0,678.01,677.97,677.98,38
1762796095,677.99,677.99,677.95,677.97,80
1762796100,677.98,677.99,677.95,677.99,56
1762796105,677.99,677.99,677.98,677.99,32
1762796110,678.01,678.02,677.97,677.99,162
1762796115,677.96,677.96,677.91,677.91,112
1762796120,677.9,677.97,677.89,677.96,67
1762796125,677.93,678.0,677.93,677.99,85
1762796130,677.99,678.0,677.96,677.99,42
1762796135,677.98,678.01,677.97,677.99,50
1762796140,677.99,678.0,677.96,677.98,49
1762796145,677.97,677.98,677.95,677.96,47
1762796150,677.95,678.02,677.95,678.01,121
1762796155,678.01,678.04,678.0,678.03,119
1762796160,678.04,678.05,677.99,678.01,42
1762796165,678.0,678.06,678.0,678.05,129
1762796170,678.05,678.07,678.02,678.03,81
1762796175,678.04,678.07,678.02,678.02,39
1762796180,678.04,678.07,678.03,678.03,50
1762796185,678.04,678.06,678.03,678.06,63
1762796190,678.06,678.13,678.04,678.13,167
1762796195,678.12,678.19,678.12,678.16,250
1762796200,678.16,678.17,678.14,678.17,103
1762796205,678.19,678.2,678.13,678.16,170
1762796210,678.15,678.17,678.14,678.15,122
1762796215,678.17,678.18,678.15,678.16,27
1762796220,678.13,678.13,678.0,678.05,121
1762796225,678.05,678.09,678.03,678.07,41
1762796230,678.05,678.1,678.05,678.1,60
1762796235,678.1,678.1,678.07,678.07,38
1762796240,678.07,678.07,677.96,677.99,283
1762796245,677.99,678.03,677.99,678.0,181
1762796250,678.0,678.08,678.0,678.05,69
1762796255,678.06,678.08,678.05,678.07,33
1762796260,678.05,678.06,678.04,678.06,44
1762796265,678.06,678.06,678.01,678.01,6
1762796270,678.02,678.06,678.02,678.05,83
1762796275,678.06,678.06,678.04,678.06,74
1762796280,678.07,678.12,678.06,678.1,107
1762796285,678.1,678.11,678.09,678.09,12
1762796290,678.07,678.11,678.07,678.1,71
1762796295,678.09,678.09,678.08,678.08,12
1762796300,678.08,678.1,678.07,678.09,80
1762796305,678.1,678.19,678.1,678.15,125
1762796310,678.15,678.16,678.14,678.16,24
1762796315,678.17,678.29,678.17,678.25,600
1762796320,678.25,678.29,678.22,678.22,254
1762796325,678.22,678.22,678.19,678.2,98
1762796330,678.21,678.21,678.18,678.19,40
1762796335,678.2,678.2,678.16,678.16,59
1762796340,678.17,678.19,678.15,678.18,163
1762796345,678.17,678.18,678.13,678.16,70
1762796350,678.17,678.19,678.16,678.17,35
1762796355,678.17,678.17,678.11,678.14,117
1762796360,678.14,678.15,678.12,678.14,73
1762796365,678.14,678.2,678.14,678.2,174
1762796370,678.19,678.19,678.15,678.17,72
1762796375,678.18,678.19,678.16,678.19,61
1762796380,678.18,678.21,678.17,678.2,119
1762796385,678.2,678.22,678.19,678.2,71
1762796390,678.21,678.23,678.2,678.21,14
1762796395,678.23,678.26,678.22,678.24,50
1762796400,678.26,678.26,678.2,678.25,62
1762796405,678.25,678.29,678.24,678.28,125
1762796410,678.27,678.37,678.27,678.37,252
1762796415,678.37,678.41,678.35,678.39,633
1762796420,678.4,678.45,678.4,678.43,373
1762796425,678.44,678.48,678.41,678.43,839
1762796430,678.44,678.45,678.41,678.44,905
1762796435,678.44,678.44,678.39,678.39,424
1762796440,678.4,678.42,678.37,678.42,173
1762796445,678.43,678.5,678.42,678.49,317
1762796450,678.49,678.55,678.47,678.5,353
1762796455,678.5,678.5,678.42,678.45,234
1762796460,678.46,678.54,678.44,678.52,263
1762796465,678.53,678.53,678.48,678.48,437
1762796470,678.49,678.52,678.47,678.48,249
1762796475,678.49,678.52,678.48,678.51,114
1762796480,678.51,678.53,678.5,678.51,147
1762796485,678.53,678.53,678.48,678.49,220
1762796490,678.5,678.53,678.48,678.5,148
1762796495,678.51,678.56,678.5,678.56,194
1762796500,678.57,678.59,678.56,678.59,147
1762796505,678.59,678.63,678.55,678.6,394
1762796510,678.61,678.63,678.6,678.62,47
1762796515,678.62,678.64,678.6,678.61,254
1762796520,678.62,678.65,678.61,678.64,156
1762796525,678.65,678.68,678.64,678.66,200
1762796530,678.65,678.8,678.64,678.8,240
1762796535,678.79,678.79,678.75,678.75,228
1762796540,678.75,678.78,678.74,678.75,131
1762796545,678.75,678.78,678.73,678.76,190
1762796550,678.76,678.81,678.76,678.79,1008
1762796555,678.79,678.8,678.74,678.75,1084
1762796560,678.75,678.79,678.74,678.76,314
1762796565,678.77,678.84,678.77,678.84,140
1762796570,678.83,678.83,678.8,678.81,100
1762796575,678.82,678.84,678.8,678.84,65
1762796580,678.84,678.84,678.76,678.77,74
1762796585,678.76,678.78,678.73,678.76,225
1762796590,678.76,678.78,678.74,678.76,146
1762796595,678.77,678.82,678.76,678.81,167
1762796600,678.81,678.81,678.77,678.77,202
1762796605,678.76,678.8,678.76,678.8,44
1762796610,678.79,678.8,678.74,678.77,83
1762796615,678.79,678.81,678.76,678.76,64
1762796620,678.76,678.76,678.66,678.67,180
1762796625,678.66,678.68,678.61,678.63,327
1762796630,678.64,678.65,678.55,678.57,211
1762796635,678.58,678.58,678.53,678.54,928
1762796640,678.54,678.6,678.54,678.59,545
1762796645,678.58,678.61,678.56,678.6,248
1762796650,678.6,678.65,678.57,678.65,280
1762796655,678.64,678.65,678.62,678.63,50
1762796660,678.61,678.63,678.6,678.63,87
1762796665,678.62,678.63,678.59,678.61,166
1762796670,678.62,678.63,678.59,678.6,85
1762796675,678.59,678.59,678.56,678.56,117
1762796680,678.55,678.55,678.46,678.49,220
1762796685,678.49,678.53,678.47,678.47,140
1762796690,678.47,678.48,678.44,678.47,152
1762796695,678.48,678.48,678.44,678.46,153
1762796700,678.46,678.51,678.46,678.48,282
1762796705,678.49,678.59,678.49,678.59,110
1762796710,678.6,678.6,678.58,678.6,62
1762796715,678.6,678.63,678.59,678.63,39
1762796720,678.62,678.7,678.62,678.67,114
1762796725,678.66,678.7,678.66,678.7,35
1762796730,678.69,678.7,678.66,678.68,57
1762796735,678.67,678.68,678.64,678.67,35
1762796740,678.67,678.69,678.64,678.69,23
1762796745,678.7,678.72,678.65,678.65,83
1762796750,678.64,678.65,678.63,678.64,123
1762796755,678.66,678.67,678.65,678.67,64
1762796760,678.67,678.69,678.66,678.67,239
1762796765,678.67,678.72,678.67,678.68,156
1762796770,678.68,678.71,678.67,678.71,48
1762796775,678.72,678.75,678.7,678.7,105
1762796780,678.69,678.72,678.68,678.71,56
1762796785,678.71,678.74,678.7,678.73,28
1762796790,678.72,678.76,678.71,678.75,86
1762796795,678.76,678.78,678.73,678.78,138
1762796800,678.77,678.78,678.7,678.74,266
1762796805,678.74,678.74,678.72,678.74,93
1762796810,678.74,678.76,678.74,678.76,138
1762796815,678.75,678.77,678.73,678.75,160
1762796820,678.75,678.77,678.73,678.75,81
1762796825,678.75,678.77,678.74,678.76,136
1762796830,678.75,678.76,678.74,678.74,73
1762796835,678.73,678.77,678.73,678.76,120
1762796840,678.77,678.77,678.72,678.73,176
1762796845,678.73,678.81,678.72,678.77,303
1762796850,678.79,678.84,678.79,678.83,210
1762796855,678.83,678.85,678.79,678.81,126
1762796860,678.81,678.81,678.76,678.78,95
1762796865,678.79,678.8,678.78,678.79,39
1762796870,678.79,678.8,678.71,678.71,263
1762796875,678.71,678.77,678.7,678.75,62
1762796880,678.76,678.8,678.76,678.8,148
1762796885,678.79,678.81,678.78,678.81,55
1762796890,678.8,678.83,678.79,678.83,29
1762796895,678.83,678.89,678.82,678.88,248
1762796900,678.87,678.94,678.86,678.9,793
1762796905,678.9,678.92,678.89,678.91,81
1762796910,678.91,678.93,678.89,678.92,50
1762796915,678.92,678.93,678.91,678.92,45
1762796920,678.91,678.93,678.9,678.93,77
1762796925,678.93,678.97,678.92,678.97,178
1762796930,678.98,679.0,678.95,678.96,190
1762796935,678.95,678.97,678.95,678.96,90
1762796940,678.97,678.99,678.96,678.98,45
1762796945,678.98,678.99,678.96,678.98,123
1762796950,678.97,678.97,678.93,678.93,119
1762796955,678.94,678.95,678.92,678.93,68
1762796960,678.93,678.94,678.91,678.91,66
1762796965,678.92,678.93,678.9,678.9,28
1762796970,678.91,678.92,678.87,678.92,137
1762796975,678.91,678.93,678.9,678.91,102
1762796980,678.9,678.9,678.87,678.89,32
1762796985,678.88,678.88,678.83,678.84,132
1762796990,678.85,678.88,678.85,678.88,41
1762796995,678.88,678.88,678.87,678.88,68
1762797000,678.89,678.94,678.89,678.92,191
1762797005,678.91,678.97,678.91,678.96,123
1762797010,678.97,678.97,678.94,678.95,103
1762797015,678.95,678.98,678.95,678.98,38
1762797020,678.98,679.02,678.97,679.0,1158
1762797025,679.0,679.01,678.96,678.97,232
1762797030,678.96,678.96,678.92,678.93,160
1762797035,678.93,678.95,678.92,678.94,161
1762797040,678.94,678.95,678.93,678.94,194
1762797045,678.92,678.94,678.9,678.93,187
1762797050,678.93,678.97,678.92,678.97,116
1762797055,678.96,679.06,678.96,679.06,350
1762797060,679.06,679.08,679.05,679.07,612
1762797065,679.07,679.11,679.06,679.11,599
1762797070,679.11,679.13,679.09,679.12,205
1762797075,679.11,679.14,679.1,679.1,243
1762797080,679.09,679.16,679.09,679.16,244
1762797085,679.14,679.14,679.12,679.14,188
1762797090,679.14,679.15,679.13,679.14,146
1762797095,679.15,679.3,679.15,679.3,1162
1762797100,679.29,679.31,679.26,679.31,248
1762797105,679.33,679.35,679.24,679.24,493
1762797110,679.24,679.29,679.24,679.29,286
1762797115,679.28,679.29,679.24,679.26,186
1762797120,679.26,679.28,679.25,679.28,97
1762797125,679.28,679.29,679.23,679.26,208
1762797130,679.25,679.28,679.24,679.28,285
1762797135,679.28,679.3,679.27,679.3,245
1762797140,679.3,679.31,679.24,679.24,418
1762797145,679.24,679.24,679.15,679.16,218
1762797150,679.16,679.2,679.15,679.19,185
1762797155,679.2,679.25,679.19,679.24,288
1762797160,679.23,679.29,679.23,679.28,496
1762797165,679.28,679.36,679.28,679.35,1004
1762797170,679.35,679.38,679.34,679.34,1083
1762797175,679.35,679.37,679.34,679.34,88
1762797180,679.35,679.38,679.1,679.3,1684
1762797185,679.3,679.3,679.23,679.3,2422
1762797190,679.3,679.37,679.3,679.37,874
1762797195,679.37,679.39,679.36,679.39,549
1762797200,679.4,679.41,679.39,679.41,757
1762797205,679.4,679.41,679.33,679.34,478
1762797210,679.34,679.4,679.33,679.4,822
1762797215,679.39,679.44,679.39,679.43,289
1762797220,679.43,679.48,679.42,679.43,542
1762797225,679.42,679.42,679.36,679.37,190
1762797230,679.38,679.38,679.34,679.35,151
1762797235,679.35,679.37,679.34,679.36,53
1762797240,679.38,679.38,679.34,679.37,226
1762797245,679.37,679.4,679.36,679.36,254
1762797250,679.36,679.37,679.34,679.36,136
1762797255,679.37,679.37,679.32,679.33,112
1762797260,679.34,679.38,679.33,679.37,97
1762797265,679.37,679.38,679.35,679.36,58
1762797270,679.37,679.39,679.34,679.39,319
1762797275,679.38,679.39,679.35,679.38,41
1762797280,679.39,679.45,679.39,679.43,251
1762797285,679.44,679.44,679.4,679.44,105
1762797290,679.44,679.48,679.43,679.48,137
1762797295,679.46,679.47,679.45,679.46,167
1762797300,679.47,679.48,679.43,679.44,215
1762797305,679.45,679.45,679.43,679.44,135
1762797310,679.43,679.45,679.39,679.43,251
1762797315,679.44,679.45,679.42,679.44,83
1762797320,679.44,679.46,679.43,679.45,92
1762797325,679.46,679.46,679.42,679.44,126
1762797330,679.45,679.6,679.44,679.6,311
1762797335,679.61,679.62,679.58,679.58,336
1762797340,679.59,679.6,679.52,679.54,369
1762797345,679.54,679.55,679.53,679.53,52
1762797350,679.55,679.57,679.54,679.56,153
1762797355,679.56,679.62,679.55,679.61,136
1762797360,679.61,679.64,679.61,679.63,156
1762797365,679.64,679.64,679.57,679.58,177
1762797370,679.58,679.62,679.57,679.59,122
1762797375,679.58,679.59,679.55,679.58,261
1762797380,679.58,679.58,679.56,679.57,510
1762797385,679.57,679.61,679.56,679.59,170
1762797390,679.6,679.62,679.58,679.62,111
1762797395,679.61,679.62,679.57,679.58,122
1762797400,679.59,679.69,679.58,679.66,266
1762797405,679.67,679.75,679.65,679.72,1125
1762797410,679.71,679.75,679.63,679.64,1027
1762797415,679.64,679.64,679.56,679.58,305
1762797420,679.58,679.58,679.5,679.5,154
1762797425,679.51,679.53,679.48,679.48,240
1762797430,679.47,679.47,679.4,679.45,217
1762797435,679.44,679.47,679.42,679.44,383
1762797440,679.44,679.46,679.42,679.46,155
1762797445,679.45,679.46,679.4,679.43,499
1762797450,679.43,679.46,679.41,679.43,251
1762797455,679.42,679.51,679.41,679.51,121
1762797460,679.5,679.51,679.45,679.48,457
1762797465,679.49,679.49,679.4,679.42,538
1762797470,679.42,679.43,679.39,679.4,183
1762797475,679.41,679.41,679.4,679.41,83
1762797480,679.41,679.42,679.36,679.38,231
1762797485,679.38,679.43,679.38,679.42,216
1762797490,679.42,679.46,679.41,679.46,167
1762797495,679.45,679.51,679.44,679.48,170
1762797500,679.47,679.53,679.47,679.52,258
1762797505,679.52,679.53,679.46,679.47,294
1762797510,679.47,679.49,679.46,679.48,229
1762797515,679.48,679.49,679.47,679.48,33
1762797520,679.48,679.49,679.47,679.47,53
1762797525,679.46,679.53,679.46,679.51,44
1762797530,679.51,679.52,679.5,679.5,27
1762797535,679.51,679.51,679.41,679.46,1106
1762797540,679.46,679.51,679.46,679.5,99
1762797545,679.51,679.57,679.51,679.56,191
1762797550,679.55,679.56,679.51,679.53,306
1762797555,679.53,679.53,679.5,679.51,236
1762797560,679.5,679.51,679.47,679.47,481
1762797565,679.46,679.46,679.42,679.43,103
1762797570,679.44,679.44,679.4,679.42,111
1762797575,679.42,679.46,679.42,679.46,49
1762797580,679.45,679.47,679.45,679.46,40
1762797585,679.46,679.47,679.42,679.42,159
1762797590,679.42,679.42,679.4,679.41,99
1762797595,679.41,679.43,679.4,679.42,69
1762797600,679.42,679.51,679.41,679.5,481
1762797605,679.5,679.52,679.46,679.46,309
1762797610,679.47,679.49,679.42,679.45,403
1762797615,679.44,679.45,679.4,679.44,89
1762797620,679.44,679.46,679.41,679.42,66
1762797625,679.43,679.43,679.34,679.35,235
1762797630,679.36,679.42,679.34,679.41,188
1762797635,679.41,679.44,679.4,679.43,53
1762797640,679.43,679.49,679.42,679.47,182
1762797645,679.47,679.52,679.47,679.5,228
1762797650,679.5,679.55,679.5,679.55,194
1762797655,679.55,679.62,679.54,679.62,89
1762797660,679.62,679.62,679.59,679.6,146
1762797665,679.61,679.64,679.57,679.57,137
1762797670,679.55,679.57,679.54,679.55,192
1762797675,679.56,679.59,679.54,679.55,188
1762797680,679.56,679.59,679.56,679.59,75
1762797685,679.57,679.63,679.57,679.63,62
1762797690,679.64,679.68,679.62,679.67,44
1762797695,679.69,679.69,679.64,679.65,101
1762797700,679.64,679.66,679.64,679.66,65
1762797705,679.66,679.67,679.64,679.65,54
1762797710,679.64,679.65,679.64,679.64,29
1762797715,679.66,679.69,679.65,679.67,212
1762797720,679.67,679.74,679.67,679.71,115
1762797725,679.72,679.73,679.7,679.71,135
1762797730,679.7,679.73,679.69,679.73,87
1762797735,679.75,679.77,679.74,679.75,284
1762797740,679.75,679.77,679.72,679.73,84
1762797745,679.73,679.75,679.72,679.75,38
1762797750,679.74,679.76,679.7,679.7,1068
1762797755,679.74,679.74,679.67,679.68,69
1762797760,679.68,679.69,679.62,679.64,126
1762797765,679.65,679.69,679.65,679.67,101
1762797770,679.67,679.68,679.63,679.63,188
1762797775,679.64,679.66,679.62,679.63,399
1762797780,679.63,679.68,679.63,679.68,127
1762797785,679.69,679.7,679.67,679.68,117
1762797790,679.67,679.69,679.66,679.68,407
1762797795,679.69,679.7,679.67,679.69,39
1762797800,679.68,679.69,679.68,679.69,30
1762797805,679.7,679.73,679.7,679.71,122
1762797810,679.71,679.73,679.7,679.72,51
1762797815,679.72,679.72,679.7,679.7,43
1762797820,679.71,679.74,679.71,679.72,220
1762797825,679.71,679.72,679.68,679.7,57
1762797830,679.7,679.71,679.69,679.71,68
1762797835,679.71,679.74,679.71,679.73,94
1762797840,679.73,679.73,679.63,679.63,100
1762797845,679.63,679.64,679.58,679.61,115
1762797850,679.6,679.61,679.58,679.61,90
1762797855,679.61,679.62,679.6,679.61,64
1762797860,679.6,679.64,679.6,679.64,145
1762797865,679.63,679.63,679.58,679.58,288
1762797870,679.58,679.62,679.57,679.62,273
1762797875,679.62,679.65,679.61,679.64,46
1762797880,679.64,679.65,679.63,679.64,66
1762797885,679.64,679.67,679.6,679.6,37
1762797890,679.61,679.61,679.56,679.57,118
1762797895,679.57,679.58,679.5,679.52,191
1762797900,679.52,679.57,679.52,679.56,75
1762797905,679.55,679.56,679.52,679.56,75
1762797910,679.57,679.59,679.57,679.57,26
1762797915,679.59,679.61,679.57,679.59,34
1762797920,679.59,679.6,679.55,679.56,206
1762797925,679.55,679.56,679.51,679.51,48
1762797930,679.52,679.55,679.52,679.53,29
1762797935,679.55,679.57,679.53,679.55,34
1762797940,679.56,679.65,679.5,679.55,1969
1762797945,679.56,679.58,679.54,679.55,502
1762797950,679.55,679.56,679.54,679.55,373
1762797955,679.55,679.61,679.55,679.58,825
1762797960,679.59,679.66,679.59,679.66,237
1762797965,679.67,679.73,679.66,679.73,391
1762797970,679.73,679.75,679.71,679.73,494
1762797975,679.74,679.75,679.7,679.71,242
1762797980,679.7,679.72,679.7,679.7,71
1762797985,679.71,679.76,679.71,679.75,49
1762797990,679.75,679.76,679.73,679.75,95
1762797995,679.76,679.8,679.73,679.78,255
1762798000,679.78,679.79,679.77,679.79,368
1762798005,679.79,679.79,679.73,679.74,294
1762798010,679.74,679.75,679.73,679.73,235
1762798015,679.74,679.75,679.73,679.74,87
1762798020,679.74,679.75,679.73,679.73,24
1762798025,679.73,679.76,679.73,679.74,627
1762798030,679.74,679.76,679.73,679.76,76
1762798035,679.76,679.76,679.62,679.67,559
1762798040,679.66,679.68,679.65,679.67,237
1762798045,679.65,679.66,679.45,679.52,1414
1762798050,679.5,679.58,679.49,679.57,346
1762798055,679.57,679.59,679.54,679.55,356
1762798060,679.56,679.65,679.55,679.56,830
1762798065,679.56,679.59,679.55,679.58,98
1762798070,679.57,679.58,679.55,679.56,252
1762798075,679.56,679.59,679.56,679.59,33
1762798080,679.6,679.64,679.6,679.63,204
1762798085,679.64,679.71,679.63,679.71,195
1762798090,679.71,679.74,679.71,679.74,244
1762798095,679.74,679.74,679.69,679.71,321
1762798100,679.73,679.73,679.69,679.69,131
1762798105,679.69,679.7,679.67,679.68,63
1762798110,679.68,679.72,679.68,679.71,73
1762798115,679.71,679.71,679.69,679.7,51
1762798120,679.7,679.72,679.69,679.71,209
1762798125,679.71,679.72,679.7,679.71,115
1762798130,679.71,679.71,679.65,679.68,211
1762798135,679.67,679.69,679.67,679.68,82
1762798140,679.69,679.69,679.63,679.63,161
1762798145,679.63,679.65,679.62,679.63,214
1762798150,679.61,679.64,679.6,679.63,53
1762798155,679.64,679.65,679.63,679.64,137
1762798160,679.64,679.69,679.64,679.68,66
1762798165,679.68,679.69,679.67,679.68,48
1762798170,679.68,679.71,679.68,679.69,301
1762798175,679.68,679.7,679.68,679.7,47
1762798180,679.71,679.72,679.7,679.72,16
1762798185,679.72,679.72,679.66,679.67,63
1762798190,679.66,679.67,679.65,679.67,31
1762798195,679.67,679.69,679.67,679.69,49
1762798200,679.69,679.73,679.67,679.69,192
1762798205,679.7,679.71,679.68,679.69,288
1762798210,679.69,679.7,679.68,679.68,81
1762798215,679.67,679.74,679.67,679.74,116
1762798220,679.74,679.74,679.7,679.73,79
1762798225,679.73,679.77,679.72,679.76,135
1762798230,679.77,679.77,679.69,679.7,341
1762798235,679.7,679.72,679.69,679.71,134
1762798240,679.71,679.72,679.7,679.71,92
1762798245,679.71,679.71,679.67,679.69,88
1762798250,679.7,679.71,679.63,679.63,194
1762798255,679.63,679.65,679.6,679.64,272
1762798260,679.65,679.65,679.6,679.61,74
1762798265,679.61,679.64,679.6,679.63,118
1762798270,679.63,679.64,679.62,679.62,83
1762798275,679.64,679.66,679.62,679.66,112
1762798280,679.66,679.66,679.62,679.63,229
1762798285,679.63,679.64,679.61,679.62,96
1762798290,679.63,679.69,679.63,679.67,209
1762798295,679.69,679.7,679.67,679.7,80
1762798300,679.71,679.75,679.7,679.74,96
1762798305,679.74,679.75,679.71,679.75,298
1762798310,679.75,679.75,679.71,679.73,104
1762798315,679.71,679.74,679.7,679.73,54
1762798320,679.73,679.75,679.73,679.73,112
1762798325,679.74,679.76,679.72,679.73,326
1762798330,679.74,679.76,679.73,679.76,74
1762798335,679.76,679.77,679.74,679.75,206
1762798340,679.75,679.77,679.71,679.73,640
1762798345,679.73,679.76,679.73,679.76,139
1762798350,679.76,679.77,679.76,679.76,105
1762798355,679.76,679.78,679.75,679.78,124
1762798360,679.77,679.78,679.76,679.78,107
1762798365,679.79,679.82,679.78,679.79,376
1762798370,679.79,679.8,679.75,679.76,307
1762798375,679.77,679.78,679.73,679.74,131
1762798380,679.74,679.76,679.73,679.73,221
1762798385,679.74,679.75,679.72,679.73,56
1762798390,679.73,679.73,679.66,679.67,224
1762798395,679.68,679.71,679.67,679.68,132
1762798400,679.67,679.69,679.67,679.69,45
1762798405,679.68,679.69,679.66,679.67,131
1762798410,679.69,679.71,679.68,679.71,31
1762798415,679.72,679.77,679.71,679.77,100
1762798420,679.76,679.78,679.75,679.75,172
1762798425,679.75,679.79,679.75,679.79,70
1762798430,679.79,679.81,679.77,679.78,36
1762798435,679.78,679.79,679.78,679.79,58
1762798440,679.8,679.82,679.79,679.81,122
1762798445,679.81,679.83,679.8,679.82,191
1762798450,679.81,679.83,679.8,679.81,59
1762798455,679.81,679.81,679.78,679.8,34
1762798460,679.78,679.81,679.78,679.78,73
1762798465,679.78,679.78,679.75,679.75,100
1762798470,679.75,679.77,679.75,679.75,35
1762798475,679.75,679.76,679.74,679.75,57
1762798480,679.76,679.76,679.71,679.72,127
1762798485,679.72,679.74,679.69,679.69,70
1762798490,679.7,679.7,679.68,679.68,63
1762798495,679.68,679.72,679.67,679.71,83
1762798500,679.72,679.76,679.72,679.75,218
1762798505,679.76,679.79,679.74,679.79,80
1762798510,679.76,679.8,679.76,679.8,41
1762798515,679.8,679.81,679.78,679.79,160
1762798520,679.79,679.81,679.78,679.81,90
1762798525,679.81,679.81,679.77,679.77,112
1762798530,679.78,679.8,679.78,679.79,86
1762798535,679.79,679.8,679.74,679.77,69
1762798540,679.76,679.77,679.74,679.76,78
1762798545,679.77,679.78,679.75,679.77,72
1762798550,679.77,679.78,679.76,679.77,64
1762798555,679.77,679.79,679.76,679.76,101
1762798560,679.77,679.77,679.75,679.77,108
1762798565,679.78,679.78,679.74,679.74,34
1762798570,679.77,679.82,679.77,679.82,407
1762798575,679.82,679.83,679.8,679.83,91
1762798580,679.82,679.84,679.82,679.83,121
1762798585,679.84,679.85,679.83,679.84,218
1762798590,679.85,679.9,679.85,679.86,839
1762798595,679.86,679.87,679.85,679.87,49
1762798600,679.86,679.86,679.83,679.84,56
1762798605,679.84,679.88,679.83,679.88,286
1762798610,679.88,679.94,679.88,679.94,518
1762798615,679.92,679.92,679.89,679.89,193
1762798620,679.89,679.89,679.83,679.83,131
1762798625,679.83,679.84,679.74,679.79,181
1762798630,679.79,679.83,679.78,679.82,75
1762798635,679.82,679.83,679.76,679.76,250
1762798640,679.77,679.8,679.77,679.78,65
1762798645,679.78,679.8,679.78,679.79,59
1762798650,679.79,679.84,679.78,679.84,134
1762798655,679.84,679.87,679.83,679.85,93
1762798660,679.86,679.88,679.86,679.86,50
1762798665,679.87,679.89,679.87,679.88,29
1762798670,679.88,679.9,679.87,679.89,145
1762798675,679.89,679.92,679.89,679.91,226
1762798680,679.92,679.97,679.92,679.96,586
1762798685,679.96,679.97,679.94,679.94,229
1762798690,679.95,679.95,679.92,679.92,31
1762798695,679.92,679.93,679.91,679.92,106
1762798700,679.91,679.91,679.88,679.89,46
1762798705,679.88,679.91,679.88,679.9,146
1762798710,679.9,679.95,679.9,679.93,72
1762798715,679.94,680.0,679.94,679.99,897
1762798720,679.99,680.01,679.98,680.01,1546
1762798725,680.0,680.01,679.99,680.0,255
1762798730,679.99,680.0,679.96,679.98,112
1762798735,679.97,679.99,679.96,679.99,70
1762798740,680.0,680.05,679.99,680.05,171
1762798745,680.04,680.04,680.0,680.01,134
1762798750,680.0,680.01,679.98,680.0,103
1762798755,679.99,680.0,679.97,679.99,136
1762798760,679.98,679.99,679.94,679.95,168
1762798765,679.96,679.97,679.86,679.88,216
1762798770,679.88,679.93,679.88,679.9,80
1762798775,679.88,679.89,679.85,679.88,110
1762798780,679.88,679.92,679.87,679.92,81
1762798785,679.92,679.95,679.92,679.95,51
1762798790,679.94,679.95,679.93,679.94,47
1762798795,679.93,679.93,679.88,679.89,85
1762798800,679.9,679.9,679.85,679.85,200
1762798805,679.85,679.85,679.83,679.84,90
1762798810,679.85,679.85,679.82,679.82,129
1762798815,679.82,679.84,679.81,679.82,55
1762798820,679.81,679.84,679.81,679.84,35
1762798825,679.83,679.83,679.79,679.81,270
1762798830,679.83,679.84,679.81,679.84,449
1762798835,679.83,679.84,679.83,679.83,100
1762798840,679.82,679.82,679.73,679.78,229
1762798845,679.77,679.79,679.75,679.79,45
1762798850,679.77,679.78,679.75,679.75,20
1762798855,679.76,679.78,679.71,679.73,990
1762798860,679.73,679.78,679.7,679.74,113
1762798865,679.75,679.75,679.72,679.75,76
1762798870,679.75,679.81,679.74,679.75,75
1762798875,679.76,679.8,679.75,679.75,214
1762798880,679.75,679.76,679.7,679.73,83
1762798885,679.72,679.73,679.69,679.69,102
1762798890,679.69,679.71,679.67,679.68,410
1762798895,679.67,679.7,679.64,679.7,211
1762798900,679.69,679.7,679.67,679.68,140
1762798905,679.68,679.71,679.64,679.71,125
1762798910,679.72,679.72,679.71,679.71,13
1762798915,679.71,679.75,679.71,679.75,18
1762798920,679.75,679.77,679.74,679.76,194
1762798925,679.76,679.78,679.75,679.77,113
1762798930,679.77,679.83,679.76,679.82,217
1762798935,679.82,679.86,679.8,679.85,67
1762798940,679.84,679.88,679.84,679.86,134
1762798945,679.85,679.85,679.83,679.85,81
1762798950,679.85,679.85,679.84,679.85,13
1762798955,679.85,679.85,679.79,679.8,112
1762798960,679.8,679.83,679.79,679.83,99
1762798965,679.82,679.83,679.82,679.83,71
1762798970,679.83,679.84,679.81,679.83,114
1762798975,679.85,679.87,679.83,679.87,106
1762798980,679.86,679.87,679.84,679.85,177
1762798985,679.85,679.86,679.81,679.83,302
1762798990,679.83,679.84,679.82,679.84,53
1762798995,679.83,679.83,679.8,679.8,101
1762799000,679.81,679.81,679.79,679.8,98
1762799005,679.8,679.8,679.76,679.8,81
1762799010,679.81,679.81,679.78,679.8,94
1762799015,679.8,679.81,679.78,679.8,76
1762799020,679.81,679.84,679.77,679.79,287
1762799025,679.78,679.79,679.76,679.77,38
1762799030,679.77,679.77,679.75,679.75,34
1762799035,679.75,679.78,679.74,679.78,70
1762799040,679.78,679.83,679.78,679.81,444
1762799045,679.82,679.85,679.82,679.85,68
1762799050,679.84,679.88,679.84,679.86,353
1762799055,679.86,679.87,679.85,679.86,30
1762799060,679.87,679.88,679.83,679.87,182
1762799065,679.87,679.92,679.87,679.91,314
1762799070,679.92,679.92,679.86,679.87,80
1762799075,679.88,679.9,679.87,679.9,19
1762799080,679.89,679.9,679.83,679.84,50
1762799085,679.86,679.86,679.85,679.86,35
1762799090,679.89,679.9,679.88,679.9,24
1762799095,679.9,679.92,679.9,679.9,124
1762799100,679.89,679.91,679.89,679.91,36
1762799105,679.91,679.92,679.9,679.92,15
1762799110,679.92,679.97,679.91,679.94,120
1762799115,679.94,679.95,679.9,679.9,102
1762799120,679.9,679.9,679.84,679.87,208
1762799125,679.87,679.9,679.87,679.89,317
1762799130,679.9,679.91,679.89,679.91,22
1762799135,679.91,679.91,679.87,679.87,12
1762799140,679.86,679.88,679.86,679.88,46
1762799145,679.88,679.89,679.85,679.85,92
1762799150,679.86,679.87,679.83,679.83,73
1762799155,679.82,679.83,679.81,679.83,16
1762799160,679.83,679.84,679.81,679.84,105
1762799165,679.85,679.86,679.84,679.86,29
1762799170,679.86,679.86,679.83,679.86,40
1762799175,679.86,679.87,679.84,679.86,82
1762799180,679.85,679.86,679.84,679.85,62
1762799185,679.84,679.84,679.82,679.83,181
1762799190,679.84,679.84,679.67,679.7,175
1762799195,679.69,679.74,679.69,679.73,54
1762799200,679.73,679.74,679.72,679.74,42
1762799205,679.77,679.77,679.71,679.74,207
1762799210,679.74,679.77,679.73,679.74,210
1762799215,679.74,679.74,679.71,679.72,274
1762799220,679.72,679.76,679.71,679.72,57
1762799225,679.73,679.77,679.73,679.76,157
1762799230,679.74,679.77,679.73,679.75,203
1762799235,679.75,679.76,679.74,679.74,16
1762799240,679.74,679.74,679.71,679.71,57
1762799245,679.72,679.73,679.7,679.72,220
1762799250,679.72,679.72,679.71,679.71,50
1762799255,679.7,679.73,679.7,679.72,53
1762799260,679.73,679.73,679.7,679.7,44
1762799265,679.71,679.73,679.71,679.72,76
1762799270,679.73,679.73,679.65,679.66,149
1762799275,679.65,679.67,679.62,679.62,37
1762799280,679.62,679.68,679.62,679.67,222
1762799285,679.67,679.68,679.65,679.65,91
1762799290,679.65,679.66,679.6,679.61,189
1762799295,679.62,679.64,679.62,679.63,21
1762799300,679.62,679.62,679.57,679.57,270
1762799305,679.57,679.57,679.53,679.55,300
1762799310,679.55,679.56,679.54,679.56,187
1762799315,679.54,679.62,679.54,679.6,265
1762799320,679.61,679.61,679.57,679.59,374
1762799325,679.6,679.64,679.59,679.64,73
1762799330,679.65,679.67,679.61,679.63,367
1762799335,679.64,679.71,679.63,679.69,208
1762799340,679.69,679.72,679.69,679.72,83
1762799345,679.73,679.75,679.72,679.73,237
1762799350,679.72,679.73,679.67,679.67,291
1762799355,679.67,679.67,679.62,679.62,300
1762799360,679.62,679.64,679.61,679.63,60
1762799365,679.63,679.63,679.57,679.58,200
1762799370,679.57,679.59,679.56,679.58,98
1762799375,679.57,679.58,679.55,679.57,453
1762799380,679.57,679.57,679.39,679.41,1088
1762799385,679.42,679.42,679.4,679.41,113
1762799390,679.43,679.47,679.42,679.43,319
1762799395,679.44,679.48,679.43,679.48,252
1762799400,679.5,679.55,679.49,679.52,493
1762799405,679.53,679.58,679.52,679.57,340
1762799410,679.57,679.6,679.56,679.57,379
1762799415,679.57,679.62,679.57,679.62,216
1762799420,679.63,679.63,679.59,679.62,135
1762799425,679.63,679.64,679.62,679.63,51
1762799430,679.63,679.63,679.57,679.61,104
1762799435,679.6,679.65,679.59,679.65,114
1762799440,679.66,679.68,679.66,679.67,88
1762799445,679.68,679.68,679.65,679.66,75
1762799450,679.66,679.67,679.64,679.65,38
1762799455,679.65,679.66,679.65,679.66,47
1762799460,679.65,679.66,679.65,679.65,69
1762799465,679.65,679.7,679.65,679.7,58
1762799470,679.68,679.7,679.67,679.7,141
1762799475,679.7,679.71,679.68,679.7,374
1762799480,679.69,679.72,679.68,679.72,179
1762799485,679.71,679.77,679.7,679.75,205
1762799490,679.73,679.74,679.71,679.72,74
1762799495,679.72,679.78,679.72,679.78,81
1762799500,679.78,679.79,679.72,679.73,74
1762799505,679.72,679.74,679.71,679.74,57
1762799510,679.74,679.75,679.73,679.75,28
1762799515,679.75,679.76,679.73,679.75,161
1762799520,679.76,679.86,679.75,679.85,175
1762799525,679.85,679.87,679.84,679.86,81
1762799530,679.85,679.9,679.85,679.88,123
1762799535,679.88,679.9,679.87,679.88,43
1762799540,679.87,679.89,679.85,679.87,85
1762799545,679.87,679.89,679.86,679.89,51
1762799550,679.89,679.92,679.89,679.91,73
1762799555,679.91,679.92,679.9,679.92,41
1762799560,679.92,679.96,679.91,679.96,290
1762799565,679.95,679.98,679.95,679.98,81
1762799570,679.98,679.98,679.95,679.95,120
1762799575,679.95,679.99,679.94,679.99,114
1762799580,679.99,680.02,679.98,680.02,180
1762799585,680.02,680.05,679.98,679.99,247
1762799590,679.98,680.02,679.97,679.99,331
1762799595,680.01,680.03,680.0,680.02,85
1762799600,680.02,680.07,680.02,680.07,154
1762799605,680.07,680.09,680.04,680.06,210
1762799610,680.07,680.11,680.06,680.11,471
1762799615,680.11,680.14,680.1,680.11,269
1762799620,680.11,680.12,680.09,680.1,110
1762799625,680.09,680.1,680.07,680.08,120
1762799630,680.08,680.08,680.05,680.05,72
1762799635,680.06,680.08,680.05,680.06,134
1762799640,680.05,680.05,680.03,680.03,94
1762799645,680.02,680.06,680.02,680.06,148
1762799650,680.06,680.07,680.04,680.06,47
1762799655,680.06,680.07,680.05,680.06,55
1762799660,680.07,680.09,680.07,680.08,49
1762799665,680.08,680.09,680.06,680.09,123
1762799670,680.09,680.1,680.07,680.09,91
1762799675,680.1,680.1,679.99,680.01,200
1762799680,680.0,680.02,679.99,679.99,116
1762799685,679.99,680.0,679.94,679.96,241
1762799690,679.97,679.99,679.97,679.98,66
1762799695,679.98,679.98,679.96,679.98,52
1762799700,679.98,680.01,679.97,679.99,100
1762799705,680.02,680.06,680.02,680.06,115
1762799710,680.04,680.08,680.03,680.08,45
1762799715,680.08,680.13,680.07,680.11,134
1762799720,680.1,680.11,680.09,680.1,108
1762799725,680.11,680.11,680.09,680.11,187
1762799730,680.11,680.13,680.11,680.12,64
1762799735,680.12,680.13,680.1,680.11,126
1762799740,680.1,680.1,680.07,680.07,47
1762799745,680.07,680.08,680.05,680.08,40
1762799750,680.07,680.08,680.03,680.03,91
1762799755,680.05,680.09,680.05,680.08,72
1762799760,680.07,680.11,680.07,680.1,99
1762799765,680.1,680.14,680.1,680.14,56
1762799770,680.11,680.14,680.11,680.13,27
1762799775,680.14,680.16,680.13,680.14,200
1762799780,680.13,680.16,680.12,680.16,135
1762799785,680.15,680.16,680.13,680.14,141
1762799790,680.13,680.14,680.11,680.11,87
1762799795,680.12,680.13,680.1,680.1,42
1762799800,680.11,680.12,680.1,680.11,79
1762799805,680.11,680.14,680.1,680.14,276
1762799810,680.13,680.3,680.12,680.28,1218
1762799815,680.27,680.29,680.24,680.26,1024
1762799820,680.24,680.29,680.24,680.28,51
1762799825,680.27,680.28,680.21,680.23,40
1762799830,680.23,680.25,680.22,680.23,291
1762799835,680.23,680.24,680.21,680.23,87
1762799840,680.24,680.24,680.18,680.19,83
1762799845,680.18,680.19,680.16,680.16,112
1762799850,680.16,680.19,680.16,680.18,81
1762799855,680.19,680.21,680.18,680.19,74
1762799860,680.18,680.2,680.17,680.2,58
1762799865,680.21,680.22,680.2,680.22,155
1762799870,680.22,680.24,680.22,680.23,110
1762799875,680.24,680.25,680.23,680.24,69
1762799880,680.23,680.27,680.22,680.26,103
1762799885,680.28,680.28,680.22,680.23,90
1762799890,680.23,680.24,680.22,680.24,82
1762799895,680.23,680.23,680.21,680.21,186
1762799900,680.22,680.24,680.22,680.23,73
1762799905,680.23,680.26,680.22,680.25,43
1762799910,680.25,680.26,680.24,680.25,231
1762799915,680.24,680.24,680.2,680.21,77
1762799920,680.22,680.24,680.21,680.22,143
1762799925,680.22,680.24,680.22,680.24,55
1762799930,680.24,680.24,680.23,680.23,141
1762799935,680.23,680.25,680.21,680.22,154
1762799940,680.22,680.22,680.21,680.21,59
1762799945,680.21,680.21,680.17,680.18,394
1762799950,680.18,680.19,680.1,680.12,191
1762799955,680.13,680.16,680.12,680.16,63
1762799960,680.16,680.21,680.16,680.21,49
1762799965,680.2,680.22,680.2,680.2,61
1762799970,680.2,680.24,680.19,680.24,54
1762799975,680.24,680.26,680.23,680.24,67
1762799980,680.23,680.26,680.22,680.24,77
1762799985,680.24,680.25,680.23,680.24,68
1762799990,680.24,680.25,680.21,680.23,61
1762799995,680.22,680.24,680.22,680.23,25
1762800000,680.24,680.26,680.22,680.26,505
1762800005,680.26,680.26,680.24,680.25,37
1762800010,680.25,680.29,680.25,680.28,95
1762800015,680.29,680.39,680.29,680.36,417
1762800020,680.35,680.38,680.34,680.37,278
1762800025,680.37,680.38,680.32,680.33,102
1762800030,680.33,680.36,680.32,680.36,32
1762800035,680.35,680.36,680.35,680.35,100
1762800040,680.36,680.38,680.35,680.37,316
1762800045,680.36,680.37,680.34,680.36,90
1762800050,680.35,680.35,680.31,680.31,217
1762800055,680.32,680.35,680.31,680.33,139
1762800060,680.33,680.34,680.3,680.33,228
1762800065,680.33,680.35,680.33,680.35,85
1762800070,680.34,680.36,680.32,680.34,49
1762800075,680.33,680.35,680.33,680.33,27
1762800080,680.34,680.34,680.28,680.28,84
1762800085,680.27,680.3,680.26,680.3,62
1762800090,680.29,680.29,680.25,680.25,41
1762800095,680.25,680.27,680.25,680.26,24
1762800100,680.26,680.29,680.26,680.29,147
1762800105,680.29,680.29,680.25,680.26,55
1762800110,680.26,680.28,680.26,680.26,58
1762800115,680.25,680.27,680.25,680.26,28
1762800120,680.26,680.27,680.23,680.27,134
1762800125,680.28,680.33,680.27,680.31,81
1762800130,680.31,680.31,680.28,680.29,74
1762800135,680.29,680.29,680.19,680.19,67
1762800140,680.2,680.25,680.2,680.25,89
1762800145,680.25,680.31,680.24,680.31,49
1762800150,680.3,680.31,680.29,680.3,104
1762800155,680.29,680.31,680.28,680.29,102
1762800160,680.3,680.31,680.28,680.31,91
1762800165,680.3,680.31,680.27,680.27,113
1762800170,680.26,680.26,680.23,680.24,60
1762800175,680.24,680.24,680.2,680.23,93
1762800180,680.22,680.23,680.18,680.22,161
1762800185,680.22,680.23,680.19,680.2,182
1762800190,680.21,680.23,680.21,680.23,145
1762800195,680.24,680.28,680.23,680.28,31
1762800200,680.27,680.29,680.26,680.27,402
1762800205,680.28,680.29,680.27,680.29,71
1762800210,680.3,680.3,680.28,680.3,13
1762800215,680.29,680.29,680.27,680.27,37
1762800220,680.27,680.27,680.22,680.23,111
1762800225,680.23,680.23,680.2,680.21,80
1762800230,680.21,680.21,680.09,680.1,221
1762800235,680.11,680.17,680.1,680.16,862
1762800240,680.16,680.2,680.16,680.2,331
1762800245,680.19,680.19,680.18,680.18,18
1762800250,680.18,680.19,680.14,680.19,352
1762800255,680.19,680.2,680.17,680.18,114
1762800260,680.18,680.24,680.17,680.24,42
1762800265,680.24,680.28,680.23,680.28,47
1762800270,680.28,680.28,680.21,680.22,119
1762800275,680.21,680.21,680.17,680.19,44
1762800280,680.2,680.24,680.2,680.24,68
1762800285,680.24,680.27,680.23,680.26,47
1762800290,680.25,680.26,680.23,680.24,32
1762800295,680.23,680.23,680.2,680.21,58
1762800300,680.21,680.26,680.2,680.24,155
1762800305,680.23,680.26,680.22,680.23,123
1762800310,680.24,680.27,680.24,680.27,35
1762800315,680.28,680.28,680.26,680.27,163
1762800320,680.28,680.32,680.28,680.3,292
1762800325,680.3,680.3,680.29,680.3,81
1762800330,680.3,680.31,680.29,680.3,123
1762800335,680.31,680.33,680.31,680.32,69
1762800340,680.32,680.34,680.32,680.33,81
1762800345,680.34,680.34,680.32,680.33,74
1762800350,680.32,680.33,680.29,680.3,112
1762800355,680.29,680.31,680.27,680.27,75
1762800360,680.27,680.28,680.25,680.26,172
1762800365,680.25,680.26,680.22,680.23,272
1762800370,680.24,680.27,680.23,680.23,117
1762800375,680.24,680.24,680.23,680.23,35
1762800380,680.22,680.23,680.2,680.21,144
1762800385,680.2,680.21,680.14,680.21,179
1762800390,680.22,680.24,680.21,680.21,52
1762800395,680.22,680.22,680.19,680.2,53
1762800400,680.2,680.2,680.17,680.18,45
1762800405,680.19,680.21,680.17,680.21,127
1762800410,680.21,680.23,680.2,680.22,589
1762800415,680.23,680.23,680.22,680.23,354
1762800420,680.22,680.22,680.17,680.18,49
1762800425,680.18,680.19,680.16,680.17,57
1762800430,680.17,680.18,680.12,680.12,76
1762800435,680.13,680.16,680.11,680.15,96
1762800440,680.13,680.17,680.13,680.17,17
1762800445,680.17,680.18,680.16,680.17,29
1762800450,680.18,680.25,680.18,680.23,1566
1762800455,680.23,680.28,680.22,680.28,126
1762800460,680.28,680.28,680.26,680.28,87
1762800465,680.28,680.3,680.28,680.3,205
1762800470,680.3,680.3,680.28,680.3,336
1762800475,680.31,680.31,680.29,680.29,59
1762800480,680.3,680.39,680.29,680.38,887
1762800485,680.38,680.41,680.37,680.4,291
1762800490,680.39,680.41,680.39,680.4,66
1762800495,680.4,680.41,680.38,680.41,108
1762800500,680.41,680.43,680.4,680.42,184
1762800505,680.42,680.46,680.42,680.44,399
1762800510,680.44,680.47,680.44,680.47,147
1762800515,680.47,680.47,680.42,680.43,209
1762800520,680.42,680.45,680.42,680.43,125
1762800525,680.43,680.45,680.41,680.45,122
1762800530,680.46,680.46,680.42,680.43,131
1762800535,680.43,680.44,680.42,680.44,75
1762800540,680.43,680.45,680.41,680.45,76
1762800545,680.45,680.46,680.45,680.45,77
1762800550,680.45,680.45,680.42,680.44,148
1762800555,680.44,680.44,680.43,680.44,90
1762800560,680.44,680.45,680.43,680.45,82
1762800565,680.46,680.49,680.45,680.45,209
1762800570,680.45,680.46,680.43,680.43,105
1762800575,680.42,680.43,680.41,680.43,56
1762800580,680.42,680.45,680.4,680.45,111
1762800585,680.46,680.46,680.45,680.46,29
1762800590,680.45,680.46,680.44,680.46,42
1762800595,680.47,680.49,680.47,680.49,16
1762800600,680.49,680.54,680.49,680.54,248
1762800605,680.54,680.54,680.5,680.51,147
1762800610,680.51,680.52,680.5,680.5,174
1762800615,680.51,680.51,680.43,680.43,201
1762800620,680.44,680.44,680.43,680.44,13
1762800625,680.43,680.43,680.4,680.42,117
1762800630,680.42,680.43,680.39,680.42,221
1762800635,680.41,680.42,680.39,680.41,40
1762800640,680.41,680.42,680.4,680.42,135
1762800645,680.42,680.42,680.38,680.39,130
1762800650,680.38,680.4,680.36,680.38,127
1762800655,680.39,680.41,680.37,680.38,167
1762800660,680.38,680.4,680.37,680.39,606
1762800665,680.4,680.4,680.37,680.38,92
1762800670,680.38,680.39,680.38,680.38,103
1762800675,680.37,680.38,680.34,680.35,129
1762800680,680.35,680.38,680.34,680.38,174
1762800685,680.37,680.41,680.37,680.4,184
1762800690,680.4,680.4,680.37,680.4,119
1762800695,680.4,680.41,680.37,680.38,285
1762800700,680.38,680.41,680.38,680.41,28
1762800705,680.41,680.43,680.4,680.42,168
1762800710,680.43,680.43,680.4,680.41,307
1762800715,680.4,680.42,680.4,680.4,39
1762800720,680.4,680.41,680.38,680.38,93
1762800725,680.38,680.4,680.35,680.36,278
1762800730,680.37,680.37,680.32,680.33,167
1762800735,680.34,680.36,680.33,680.36,139
1762800740,680.36,680.38,680.36,680.37,63
1762800745,680.37,680.37,680.32,680.32,208
1762800750,680.32,680.32,680.28,680.3,272
1762800755,680.3,680.3,680.22,680.23,133
1762800760,680.24,680.29,680.24,680.27,56
1762800765,680.26,680.27,680.25,680.26,43
1762800770,680.27,680.29,680.27,680.27,30
1762800775,680.27,680.31,680.27,680.28,78
1762800780,680.27,680.32,680.27,680.32,83
1762800785,680.31,680.32,680.27,680.28,37
1762800790,680.29,680.29,680.28,680.29,57
1762800795,680.28,680.29,680.27,680.27,53
1762800800,680.29,680.29,680.27,680.29,64
1762800805,680.29,680.33,680.28,680.33,154
1762800810,680.32,680.32,680.27,680.27,133
1762800815,680.27,680.29,680.26,680.26,254
1762800820,680.26,680.29,680.24,680.25,275
1762800825,680.26,680.28,680.24,680.25,613
1762800830,680.25,680.27,680.21,680.27,389
1762800835,680.27,680.27,680.24,680.24,97
1762800840,680.24,680.28,680.21,680.28,753
1762800845,680.28,680.28,680.25,680.27,115
1762800850,680.29,680.29,680.24,680.25,90
1762800855,680.25,680.25,680.22,680.25,61
1762800860,680.25,680.26,680.22,680.23,43
1762800865,680.24,680.25,680.23,680.24,22
1762800870,680.25,680.29,680.24,680.29,159
1762800875,680.29,680.3,680.26,680.27,70
1762800880,680.27,680.3,680.27,680.3,69
1762800885,680.31,680.33,680.31,680.32,158
1762800890,680.32,680.32,680.28,680.29,102
1762800895,680.3,680.31,680.28,680.29,101
1762800900,680.29,680.29,680.22,680.23,280
1762800905,680.23,680.24,680.2,680.23,353
1762800910,680.23,680.24,680.22,680.23,270
1762800915,680.23,680.24,680.21,680.22,256
1762800920,680.21,680.23,680.2,680.23,647
1762800925,680.22,680.22,680.15,680.19,369
1762800930,680.19,680.19,680.12,680.14,178
1762800935,680.15,680.16,680.1,680.11,106
1762800940,680.11,680.13,680.05,680.08,411
1762800945,680.08,680.09,680.05,680.08,307
1762800950,680.08,680.08,680.04,680.06,120
1762800955,680.06,680.09,680.05,680.08,185
1762800960,680.09,680.13,680.09,680.13,136
1762800965,680.12,680.17,680.12,680.17,149
1762800970,680.17,680.19,680.17,680.19,94
1762800975,680.2,680.21,680.18,680.19,56
1762800980,680.18,680.19,680.16,680.17,85
1762800985,680.17,680.19,680.14,680.19,170
1762800990,680.19,680.27,680.19,680.27,87
1762800995,680.27,680.28,680.15,680.26,976
1762801000,680.27,680.28,680.24,680.25,62
1762801005,680.26,680.26,680.21,680.21,536
1762801010,680.21,680.22,680.2,680.2,214
1762801015,680.2,680.21,680.19,680.2,171
1762801020,680.2,680.21,680.12,680.13,1143
1762801025,680.12,680.14,680.09,680.1,163
1762801030,680.1,680.13,680.09,680.12,38
1762801035,680.11,680.14,680.1,680.13,33
1762801040,680.14,680.14,680.11,680.14,131
1762801045,680.15,680.18,680.14,680.18,61
1762801050,680.18,680.18,680.15,680.17,87
1762801055,680.17,680.18,680.16,680.17,23
1762801060,680.17,680.17,680.11,680.13,76
1762801065,680.14,680.17,680.14,680.16,54
1762801070,680.15,680.15,680.13,680.14,39
1762801075,680.16,680.16,680.13,680.13,19
1762801080,680.13,680.14,680.11,680.12,53
1762801085,680.1,680.1,680.04,680.05,63
1762801090,680.05,680.05,680.02,680.03,49
1762801095,680.03,680.04,680.0,680.01,86
1762801100,680.0,680.01,679.99,680.01,194
1762801105,680.0,680.03,679.99,680.01,212
1762801110,680.0,680.01,679.98,680.01,81
1762801115,680.02,680.03,680.0,680.03,76
1762801120,680.02,680.05,680.02,680.05,12
1762801125,680.05,680.08,680.04,680.08,134
1762801130,680.08,680.09,680.05,680.05,42
1762801135,680.05,680.05,680.0,680.01,34
1762801140,680.02,680.04,680.01,680.03,35
1762801145,680.03,680.06,680.03,680.03,61
1762801150,680.02,680.02,679.99,680.01,71
1762801155,680.01,680.04,679.98,679.99,148
1762801160,679.99,679.99,679.92,679.95,633
1762801165,679.96,679.97,679.9,679.91,159
1762801170,679.91,679.91,679.89,679.91,21
1762801175,679.89,679.89,679.86,679.88,149
1762801180,679.87,679.87,679.85,679.86,270
1762801185,679.88,679.88,679.83,679.84,306
1762801190,679.85,679.87,679.84,679.85,297
1762801195,679.85,679.89,679.85,679.88,305
1762801200,679.88,679.92,679.84,679.92,355
1762801205,679.91,680.0,679.91,680.0,179
1762801210,680.01,680.03,679.99,680.03,165
1762801215,680.04,680.04,680.01,680.04,176
1762801220,680.05,680.07,680.04,680.05,183
1762801225,680.04,680.05,680.0,680.05,189
1762801230,680.05,680.05,680.0,680.04,100
1762801235,680.03,680.06,680.02,680.06,92
1762801240,680.06,680.1,680.04,680.08,131
1762801245,680.08,680.12,680.07,680.11,84
1762801250,680.12,680.14,680.11,680.14,94
1762801255,680.13,680.14,680.13,680.13,150
1762801260,680.12,680.14,680.1,680.12,312
1762801265,680.11,680.13,680.1,680.12,352
1762801270,680.12,680.13,680.09,680.1,256
1762801275,680.1,680.11,680.05,680.05,217
1762801280,680.05,680.09,680.02,680.09,233
1762801285,680.09,680.09,680.06,680.08,35
1762801290,680.09,680.1,680.07,680.07,161
1762801295,680.06,680.08,680.04,680.08,232
1762801300,680.06,680.07,680.04,680.06,73
1762801305,680.06,680.11,680.06,680.11,108
1762801310,680.09,680.09,680.07,680.07,16
1762801315,680.08,680.11,680.08,680.09,40
1762801320,680.11,680.12,680.09,680.09,152
1762801325,680.1,680.11,680.06,680.07,128
1762801330,680.07,680.08,680.04,680.06,117
1762801335,680.06,680.09,680.04,680.04,152
1762801340,680.02,680.08,680.02,680.08,99
1762801345,680.08,680.12,680.08,680.11,136
1762801350,680.11,680.11,680.07,680.08,86
1762801355,680.09,680.09,679.99,679.99,282
1762801360,680.0,680.02,679.98,679.99,89
1762801365,679.98,679.99,679.86,679.88,333
1762801370,679.88,679.95,679.88,679.94,35
1762801375,679.94,679.98,679.91,679.98,287
1762801380,679.98,680.04,679.95,680.0,138
1762801385,680.01,680.08,680.01,680.07,190
1762801390,680.07,680.07,680.04,680.06,131
1762801395,680.06,680.08,680.05,680.06,97
1762801400,680.07,680.12,680.07,680.12,138
1762801405,680.13,680.13,680.09,680.1,44
1762801410,680.12,680.12,680.09,680.1,105
1762801415,680.09,680.09,680.04,680.05,372
1762801420,680.05,680.05,680.02,680.02,35
1762801425,680.03,680.06,680.03,680.04,32
1762801430,680.05,680.07,680.02,680.07,81
1762801435,680.07,680.1,680.07,680.09,18
1762801440,680.08,680.1,680.05,680.1,218
1762801445,680.11,680.12,680.1,680.11,104
1762801450,680.11,680.15,680.11,680.14,151
1762801455,680.15,680.18,680.14,680.16,57
1762801460,680.15,680.18,680.15,680.18,104
1762801465,680.18,680.19,680.15,680.16,85
1762801470,680.16,680.18,680.16,680.18,57
1762801475,680.17,680.18,680.15,680.16,64
1762801480,680.16,680.18,680.15,680.18,109
1762801485,680.18,680.24,680.18,680.24,190
1762801490,680.23,680.26,680.22,680.26,97
1762801495,680.26,680.26,680.24,680.25,47
1762801500,680.24,680.25,680.21,680.21,85
1762801505,680.19,680.21,680.18,680.2,89
1762801510,680.2,680.23,680.19,680.23,82
1762801515,680.22,680.23,680.2,680.21,42
1762801520,680.2,680.23,680.2,680.23,60
1762801525,680.21,680.22,680.19,680.21,179
1762801530,680.21,680.21,680.18,680.2,273
1762801535,680.21,680.23,680.2,680.21,720
1762801540,680.21,680.23,680.2,680.23,122
1762801545,680.24,680.25,680.19,680.21,730
1762801550,680.22,680.24,680.2,680.2,140
1762801555,680.21,680.25,680.21,680.25,59
1762801560,680.25,680.29,680.25,680.27,171
1762801565,680.29,680.3,680.26,680.27,73
1762801570,680.28,680.3,680.27,680.3,327
1762801575,680.3,680.37,680.3,680.37,139
1762801580,680.36,680.36,680.34,680.35,141
1762801585,680.36,680.39,680.36,680.37,446
1762801590,680.38,680.38,680.37,680.38,318
1762801595,680.38,680.42,680.38,680.42,203
1762801600,680.42,680.43,680.38,680.39,105
1762801605,680.4,680.45,680.38,680.43,511
1762801610,680.44,680.47,680.43,680.44,481
1762801615,680.43,680.46,680.43,680.44,358
1762801620,680.45,680.47,680.43,680.43,63
1762801625,680.43,680.44,680.39,680.39,1066
1762801630,680.39,680.43,680.38,680.43,213
1762801635,680.42,680.43,680.4,680.41,173
1762801640,680.4,680.42,680.39,680.41,102
1762801645,680.4,680.41,680.36,680.37,1007
1762801650,680.38,680.4,680.38,680.39,129
1762801655,680.39,680.4,680.39,680.39,41
1762801660,680.39,680.39,680.37,680.38,232
1762801665,680.39,680.4,680.36,680.36,156
1762801670,680.36,680.36,680.32,680.33,123
1762801675,680.32,680.33,680.3,680.32,230
1762801680,680.32,680.35,680.32,680.34,78
1762801685,680.34,680.35,680.31,680.32,115
1762801690,680.32,680.34,680.3,680.32,251
1762801695,680.32,680.33,680.3,680.31,227
1762801700,680.31,680.32,680.3,680.31,50
1762801705,680.31,680.33,680.3,680.31,63
1762801710,680.32,680.32,680.32,680.32,27
1762801715,680.32,680.33,680.31,680.31,36
1762801720,680.31,680.32,680.3,680.3,35
1762801725,680.31,680.32,680.3,680.31,57
1762801730,680.31,680.32,680.28,680.3,110
1762801735,680.3,680.31,680.28,680.31,76
1762801740,680.32,680.34,680.31,680.33,206
1762801745,680.33,680.33,680.31,680.33,143
1762801750,680.33,680.34,680.3,680.31,116
1762801755,680.31,680.36,680.31,680.36,56
1762801760,680.35,680.37,680.35,680.37,35
1762801765,680.38,680.38,680.34,680.34,46
1762801770,680.34,680.36,680.33,680.35,38
1762801775,680.35,680.37,680.34,680.36,46
1762801780,680.36,680.37,680.33,680.33,109
1762801785,680.32,680.33,680.32,680.33,14
1762801790,680.33,680.33,680.31,680.32,196
1762801795,680.31,680.32,680.3,680.32,42
1762801800,680.32,680.35,680.32,680.33,113
1762801805,680.33,680.34,680.3,680.31,190
1762801810,680.32,680.32,680.29,680.32,53
1762801815,680.32,680.35,680.3,680.32,79
1762801820,680.32,680.32,680.3,680.32,86
1762801825,680.33,680.33,680.3,680.33,60
1762801830,680.34,680.36,680.33,680.33,82
1762801835,680.33,680.34,680.3,680.34,71
1762801840,680.34,680.35,680.31,680.33,51
1762801845,680.33,680.33,680.1,680.13,1134
1762801850,680.11,680.16,679.94,680.12,2120
1762801855,680.09,680.19,680.08,680.19,132
1762801860,680.2,680.23,680.16,680.23,272
1762801865,680.22,680.26,680.2,680.25,189
1762801870,680.26,680.31,680.25,680.3,206
1762801875,680.3,680.36,680.29,680.36,220
1762801880,680.36,680.39,680.32,680.32,545
1762801885,680.35,680.35,680.27,680.27,192
1762801890,680.27,680.32,680.27,680.29,189
1762801895,680.29,680.32,680.28,680.32,109
1762801900,680.32,680.32,680.27,680.31,71
1762801905,680.3,680.34,680.3,680.33,74
1762801910,680.34,680.38,680.34,680.36,104
1762801915,680.35,680.37,680.35,680.35,95
1762801920,680.35,680.39,680.34,680.37,106
1762801925,680.37,680.37,680.32,680.33,90
1762801930,680.33,680.33,680.32,680.32,57
1762801935,680.32,680.32,680.27,680.3,96
1762801940,680.31,680.33,680.3,680.3,74
1762801945,680.31,680.33,680.3,680.33,109
1762801950,680.34,680.35,680.32,680.33,109
1762801955,680.33,680.39,680.32,680.37,144
1762801960,680.37,680.38,680.36,680.38,72
1762801965,680.38,680.39,680.36,680.37,65
1762801970,680.36,680.37,680.34,680.35,70
1762801975,680.34,680.35,680.32,680.32,114
1762801980,680.34,680.34,680.31,680.33,230
1762801985,680.33,680.36,680.33,680.36,174
1762801990,680.36,680.36,680.26,680.26,208
1762801995,680.27,680.28,680.21,680.24,196
1762802000,680.24,680.24,680.18,680.18,118
1762802005,680.19,680.21,680.17,680.21,109
1762802010,680.2,680.2,680.19,680.2,39
1762802015,680.2,680.21,680.17,680.17,84
1762802020,680.17,680.24,680.16,680.23,63
1762802025,680.24,680.24,680.22,680.22,188
1762802030,680.22,680.22,680.18,680.18,68
1762802035,680.18,680.18,680.15,680.16,89
1762802040,680.16,680.19,680.15,680.18,110
1762802045,680.18,680.19,680.15,680.17,84
1762802050,680.18,680.19,680.17,680.18,68
1762802055,680.17,680.2,680.16,680.2,79
1762802060,680.2,680.21,680.17,680.2,103
1762802065,680.2,680.2,680.2,680.2,35
1762802070,680.2,680.21,680.17,680.17,114
1762802075,680.18,680.19,680.16,680.18,26
1762802080,680.19,680.19,680.15,680.15,126
1762802085,680.15,680.17,680.15,680.16,34
1762802090,680.15,680.16,680.12,680.13,152
1762802095,680.13,680.14,680.13,680.14,47
1762802100,680.13,680.14,680.1,680.11,224
1762802105,680.1,680.1,680.05,680.07,107
1762802110,680.08,680.12,680.08,680.11,81
1762802115,680.11,680.11,680.06,680.08,66
1762802120,680.1,680.12,680.06,680.11,67
1762802125,680.12,680.12,680.06,680.06,181
1762802130,680.07,680.09,680.06,680.08,46
1762802135,680.07,680.07,680.02,680.06,142
1762802140,680.06,680.06,680.04,680.06,107
1762802145,680.06,680.06,680.04,680.04,107
1762802150,680.04,680.07,680.04,680.06,31
1762802155,680.06,680.07,680.04,680.07,101
1762802160,680.07,680.15,680.07,680.14,215
1762802165,680.14,680.2,680.14,680.18,187
1762802170,680.18,680.2,680.17,680.19,140
1762802175,680.19,680.2,680.18,680.2,127
1762802180,680.2,680.31,680.19,680.29,256
1762802185,680.29,680.3,680.25,680.25,108
1762802190,680.25,680.26,680.24,680.25,137
1762802195,680.25,680.26,680.23,680.26,63
1762802200,680.26,680.3,680.26,680.3,35
1762802205,680.3,680.31,680.28,680.28,544
1762802210,680.28,680.3,680.26,680.3,230
1762802215,680.3,680.33,680.3,680.31,70
1762802220,680.31,680.32,680.3,680.31,27
1762802225,680.3,680.31,680.28,680.3,139
1762802230,680.29,680.3,680.29,680.29,37
1762802235,680.28,680.3,680.27,680.3,50
1762802240,680.29,680.32,680.28,680.32,82
1762802245,680.31,680.33,680.31,680.33,30
1762802250,680.33,680.35,680.33,680.35,61
1762802255,680.35,680.35,680.33,680.34,241
1762802260,680.35,680.35,680.33,680.34,56
1762802265,680.34,680.34,680.32,680.33,72
1762802270,680.33,680.35,680.33,680.34,106
1762802275,680.34,680.34,680.34,680.34,7
1762802280,680.34,680.35,680.34,680.35,122
1762802285,680.35,680.36,680.33,680.34,101
1762802290,680.34,680.36,680.34,680.35,26
1762802295,680.35,680.37,680.33,680.34,94
1762802300,680.33,680.33,680.3,680.32,107
1762802305,680.33,680.37,680.33,680.37,71
1762802310,680.36,680.38,680.35,680.37,202
1762802315,680.38,680.39,680.37,680.37,94
1762802320,680.38,680.4,680.38,680.39,89
1762802325,680.39,680.4,680.38,680.39,48
1762802330,680.38,680.39,680.38,680.39,95
1762802335,680.39,680.41,680.39,680.39,112
1762802340,680.39,680.41,680.39,680.41,130
1762802345,680.4,680.41,680.37,680.38,82
1762802350,680.38,680.39,680.36,680.36,98
1762802355,680.37,680.39,680.37,680.38,18
1762802360,680.39,680.39,680.38,680.38,21
1762802365,680.39,680.4,680.37,680.38,34
1762802370,680.38,680.4,680.36,680.36,67
1762802375,680.36,680.37,680.34,680.35,498
1762802380,680.35,680.36,680.34,680.36,55
1762802385,680.36,680.36,680.35,680.36,107
1762802390,680.36,680.37,680.35,680.35,96
1762802395,680.35,680.36,680.32,680.35,102
1762802400,680.35,680.36,680.3,680.31,158
1762802405,680.31,680.35,680.31,680.35,48
1762802410,680.35,680.36,680.34,680.35,33
1762802415,680.35,680.35,680.31,680.31,46
1762802420,680.31,680.36,680.3,680.35,145
1762802425,680.34,680.35,680.3,680.32,101
1762802430,680.32,680.33,680.31,680.33,163
1762802435,680.34,680.36,680.34,680.36,30
1762802440,680.37,680.37,680.35,680.35,197
1762802445,680.35,680.36,680.34,680.36,64
1762802450,680.35,680.41,680.34,680.41,86
1762802455,680.41,680.42,680.39,680.41,58
1762802460,680.4,680.4,680.36,680.38,56
1762802465,680.38,680.4,680.36,680.37,51
1762802470,680.39,680.4,680.38,680.39,211
1762802475,680.39,680.4,680.39,680.39,12
1762802480,680.39,680.4,680.38,680.38,47
1762802485,680.39,680.4,680.39,680.39,24
1762802490,680.38,680.4,680.37,680.39,55
1762802495,680.39,680.39,680.38,680.38,9
1762802500,680.38,680.38,680.33,680.33,94
1762802505,680.33,680.36,680.33,680.36,33
1762802510,680.36,680.36,680.36,680.36,19
1762802515,680.35,680.38,680.35,680.38,62
1762802520,680.38,680.39,680.36,680.38,50
1762802525,680.38,680.39,680.33,680.33,69
1762802530,680.33,680.38,680.31,680.38,94
1762802535,680.38,680.39,680.37,680.38,31
1762802540,680.38,680.39,680.35,680.35,36
1762802545,680.35,680.37,680.34,680.37,53
1762802550,680.37,680.37,680.34,680.35,13
1762802555,680.34,680.34,680.28,680.29,147
1762802560,680.29,680.3,680.27,680.29,23
1762802565,680.29,680.3,680.27,680.28,147
1762802570,680.27,680.32,680.26,680.32,72
1762802575,680.31,680.31,680.29,680.29,61
1762802580,680.3,680.31,680.27,680.27,50
1762802585,680.27,680.28,680.27,680.28,25
1762802590,680.29,680.31,680.28,680.29,48
1762802595,680.3,680.33,680.3,680.32,85
1762802600,680.33,680.33,680.3,680.33,44
1762802605,680.34,680.37,680.34,680.37,34
1762802610,680.37,680.39,680.36,680.38,27
1762802615,680.37,680.38,680.36,680.38,216
1762802620,680.38,680.4,680.36,680.37,190
1762802625,680.38,680.43,680.37,680.43,124
1762802630,680.42,680.44,680.41,680.43,283
1762802635,680.43,680.43,680.41,680.41,72
1762802640,680.41,680.42,680.4,680.4,119
1762802645,680.4,680.42,680.4,680.41,96
1762802650,680.41,680.41,680.39,680.39,80
1762802655,680.37,680.37,680.35,680.37,144
1762802660,680.37,680.39,680.37,680.38,91
1762802665,680.38,680.39,680.37,680.38,146
1762802670,680.38,680.38,680.34,680.35,205
1762802675,680.35,680.37,680.34,680.36,65
1762802680,680.36,680.39,680.35,680.39,47
1762802685,680.4,680.4,680.38,680.4,42
1762802690,680.4,680.41,680.38,680.38,48
1762802695,680.37,680.39,680.37,680.39,19
1762802700,680.38,680.4,680.38,680.4,128
1762802705,680.39,680.42,680.39,680.42,19
1762802710,680.41,680.51,680.41,680.48,286
1762802715,680.47,680.48,680.45,680.46,108
1762802720,680.43,680.44,680.38,680.39,195
1762802725,680.39,680.41,680.38,680.41,122
1762802730,680.42,680.43,680.4,680.41,50
1762802735,680.41,680.41,680.38,680.38,32
1762802740,680.38,680.42,680.38,680.42,95
1762802745,680.42,680.44,680.42,680.44,37
1762802750,680.44,680.44,680.43,680.43,15
1762802755,680.44,680.46,680.43,680.46,49
1762802760,680.45,680.47,680.43,680.44,219
1762802765,680.45,680.48,680.45,680.48,91
1762802770,680.48,680.51,680.48,680.5,266
1762802775,680.49,680.51,680.48,680.48,186
1762802780,680.48,680.53,680.48,680.51,78
1762802785,680.51,680.53,680.5,680.52,242
1762802790,680.5,680.53,680.5,680.53,63
1762802795,680.53,680.55,680.52,680.53,82
1762802800,680.52,680.54,680.52,680.54,63
1762802805,680.54,680.59,680.54,680.58,187
1762802810,680.58,680.63,680.58,680.62,1126
1762802815,680.62,680.65,680.61,680.64,698
1762802820,680.64,680.76,680.64,680.75,866
1762802825,680.75,680.76,680.72,680.73,688
1762802830,680.72,680.72,680.7,680.71,249
1762802835,680.7,680.75,680.7,680.73,302
1762802840,680.73,680.75,680.73,680.74,71
1762802845,680.73,680.76,680.73,680.75,222
1762802850,680.76,680.79,680.75,680.78,70
1762802855,680.78,680.78,680.75,680.77,93
1762802860,680.78,680.81,680.78,680.8,162
1762802865,680.8,680.86,680.8,680.83,345
1762802870,680.83,680.83,680.79,680.82,184
1762802875,680.81,680.82,680.8,680.81,347
1762802880,680.81,680.83,680.81,680.82,136
1762802885,680.82,680.85,680.82,680.82,154
1762802890,680.82,680.84,680.82,680.84,69
1762802895,680.84,680.86,680.84,680.86,87
1762802900,680.86,680.89,680.86,680.88,164
1762802905,680.88,680.95,680.87,680.93,373
1762802910,680.93,680.94,680.92,680.93,180
1762802915,680.93,680.94,680.91,680.94,164
1762802920,680.94,680.96,680.93,680.93,170
1762802925,680.94,680.96,680.92,680.93,118
1762802930,680.92,680.92,680.89,680.89,124
1762802935,680.89,680.91,680.89,680.91,202
1762802940,680.91,680.94,680.9,680.9,263
1762802945,680.91,680.91,680.88,680.89,223
1762802950,680.89,680.89,680.86,680.87,448
1762802955,680.86,680.87,680.84,680.86,667
1762802960,680.86,680.87,680.83,680.83,206
1762802965,680.83,680.87,680.82,680.87,130
1762802970,680.87,680.88,680.85,680.85,103
1762802975,680.85,680.85,680.82,680.83,149
1762802980,680.83,680.83,680.82,680.83,50
1762802985,680.83,680.83,680.81,680.82,103
1762802990,680.82,680.83,680.77,680.77,404
1762802995,680.78,680.79,680.75,680.79,317
1762803000,680.78,680.81,680.75,680.81,651
1762803005,680.81,680.81,680.78,680.8,154
1762803010,680.81,680.81,680.8,680.81,69
1762803015,680.82,680.85,680.8,680.84,97
1762803020,680.84,680.88,680.83,680.88,117
1762803025,680.88,680.88,680.86,680.88,225
1762803030,680.88,680.88,680.82,680.83,122
1762803035,680.82,680.85,680.82,680.84,69
1762803040,680.85,680.86,680.83,680.83,125
1762803045,680.83,680.83,680.79,680.8,395
1762803050,680.79,680.81,680.79,680.81,101
1762803055,680.8,680.81,680.78,680.81,251
1762803060,680.81,680.86,680.81,680.85,132
1762803065,680.85,680.86,680.85,680.86,69
1762803070,680.86,680.88,680.85,680.87,26
1762803075,680.87,680.88,680.82,680.84,199
1762803080,680.83,680.84,680.78,680.83,586
1762803085,680.83,680.84,680.81,680.81,176
1762803090,680.82,680.83,680.81,680.82,51
1762803095,680.83,680.83,680.81,680.81,728
1762803100,680.8,680.83,680.79,680.82,446
1762803105,680.82,680.83,680.79,680.83,159
1762803110,680.83,680.83,680.77,680.77,213
1762803115,680.77,680.78,680.74,680.76,254
1762803120,680.77,680.78,680.74,680.78,126
1762803125,680.78,680.8,680.77,680.79,160
1762803130,680.8,680.84,680.79,680.83,332
1762803135,680.82,680.83,680.8,680.81,299
1762803140,680.8,680.8,680.76,680.77,270
1762803145,680.77,680.79,680.76,680.76,131
1762803150,680.77,680.77,680.75,680.76,154
1762803155,680.76,680.78,680.75,680.78,104
1762803160,680.78,680.78,680.72,680.73,285
1762803165,680.74,680.76,680.72,680.73,98
1762803170,680.73,680.75,680.72,680.74,108
1762803175,680.74,680.75,680.72,680.73,97
1762803180,680.72,680.76,680.67,680.7,1446
1762803185,680.7,680.72,680.65,680.71,349
1762803190,680.7,680.7,680.63,680.63,99
1762803195,680.62,680.69,680.62,680.68,127
1762803200,680.68,680.68,680.64,680.64,160
1762803205,680.64,680.66,680.64,680.66,409
1762803210,680.65,680.65,680.61,680.62,259
1762803215,680.63,680.63,680.6,680.62,76
1762803220,680.62,680.63,680.59,680.6,157
1762803225,680.61,680.61,680.56,680.56,367
1762803230,680.57,680.61,680.56,680.61,339
1762803235,680.61,680.64,680.6,680.63,217
1762803240,680.63,680.73,680.63,680.73,312
1762803245,680.73,680.75,680.71,680.74,329
1762803250,680.74,680.75,680.72,680.72,39
1762803255,680.72,680.73,680.71,680.73,170
1762803260,680.74,680.74,680.71,680.72,218
1762803265,680.72,680.72,680.68,680.7,93
1762803270,680.7,680.73,680.69,680.7,98
1762803275,680.69,680.71,680.69,680.71,44
1762803280,680.72,680.74,680.69,680.7,187
1762803285,680.69,680.7,680.68,680.69,43
1762803290,680.67,680.68,680.65,680.65,60
1762803295,680.65,680.65,680.6,680.6,325
1762803300,680.6,680.61,680.56,680.57,141
1762803305,680.57,680.61,680.56,680.61,452
1762803310,680.6,680.61,680.58,680.6,49
1762803315,680.61,680.63,680.6,680.62,111
1762803320,680.62,680.62,680.6,680.62,20
1762803325,680.63,680.63,680.62,680.63,52
1762803330,680.64,680.65,680.63,680.63,83
1762803335,680.64,680.68,680.64,680.67,115
1762803340,680.66,680.69,680.66,680.67,268
1762803345,680.67,680.67,680.65,680.65,75
1762803350,680.66,680.66,680.63,680.63,107
1762803355,680.64,680.67,680.63,680.66,126
1762803360,680.67,680.67,680.64,680.66,117
1762803365,680.66,680.67,680.66,680.66,25
1762803370,680.67,680.67,680.64,680.67,108
1762803375,680.66,680.69,680.65,680.65,582
1762803380,680.66,680.66,680.63,680.64,51
1762803385,680.64,680.65,680.63,680.65,24
1762803390,680.65,680.66,680.64,680.66,43
1762803395,680.66,680.66,680.64,680.64,21
1762803400,680.65,680.65,680.54,680.58,269
1762803405,680.59,680.62,680.57,680.61,184
1762803410,680.61,680.64,680.61,680.63,64
1762803415,680.63,680.63,680.61,680.62,341
1762803420,680.61,680.63,680.6,680.63,306
1762803425,680.63,680.66,680.63,680.64,73
1762803430,680.66,680.67,680.62,680.63,91
1762803435,680.63,680.64,680.61,680.62,91
1762803440,680.61,680.65,680.61,680.64,33
1762803445,680.64,680.64,680.61,680.61,249
1762803450,680.61,680.61,680.58,680.6,82
1762803455,680.6,680.61,680.6,680.61,18
1762803460,680.61,680.65,680.57,680.59,351
1762803465,680.59,680.62,680.59,680.61,106
1762803470,680.61,680.63,680.6,680.62,152
1762803475,680.62,680.65,680.61,680.65,84
1762803480,680.64,680.64,680.61,680.61,215
1762803485,680.61,680.61,680.6,680.61,57
1762803490,680.6,680.62,680.59,680.62,37
1762803495,680.62,680.65,680.61,680.63,76
1762803500,680.63,680.63,680.61,680.61,38
1762803505,680.62,680.63,680.62,680.63,351
1762803510,680.63,680.64,680.62,680.63,116
1762803515,680.63,680.64,680.63,680.63,68
1762803520,680.63,680.64,680.62,680.63,81
1762803525,680.63,680.65,680.63,680.64,68
1762803530,680.64,680.65,680.63,680.64,78
1762803535,680.63,680.64,680.63,680.64,51
1762803540,680.64,680.72,680.64,680.71,645
1762803545,680.71,680.78,680.71,680.77,548
1762803550,680.78,680.79,680.75,680.75,408
1762803555,680.76,680.78,680.74,680.75,459
1762803560,680.74,680.75,680.74,680.75,22
1762803565,680.75,680.77,680.74,680.76,171
1762803570,680.76,680.76,680.73,680.75,214
1762803575,680.76,680.78,680.76,680.78,420
1762803580,680.77,680.77,680.75,680.75,38
1762803585,680.76,680.76,680.76,680.76,22
1762803590,680.76,680.78,680.76,680.76,65
1762803595,680.77,680.8,680.76,680.79,228
1762803600,680.78,680.8,680.76,680.79,2349
1762803605,680.8,680.81,680.78,680.79,135
1762803610,680.79,680.8,680.77,680.8,178
1762803615,680.8,680.82,680.79,680.82,31
1762803620,680.81,680.81,680.77,680.77,114
1762803625,680.77,680.8,680.77,680.78,168
1762803630,680.78,680.79,680.78,680.78,23
1762803635,680.79,680.79,680.77,680.77,381
1762803640,680.78,680.79,680.75,680.77,1589
1762803645,680.76,680.79,680.76,680.79,176
1762803650,680.8,680.82,680.79,680.8,158
1762803655,680.8,680.8,680.77,680.78,475
1762803660,680.77,680.79,680.77,680.79,795
1762803665,680.79,680.88,680.79,680.86,562
1762803670,680.86,680.87,680.85,680.86,313
1762803675,680.86,680.89,680.86,680.88,206
1762803680,680.89,680.9,680.88,680.9,174
1762803685,680.9,680.93,680.9,680.9,83
1762803690,680.88,680.91,680.88,680.89,119
1762803695,680.9,680.91,680.89,680.9,62
1762803700,680.9,680.96,680.9,680.95,320
1762803705,680.95,680.96,680.94,680.96,85
1762803710,680.96,680.97,680.94,680.95,241
1762803715,680.95,680.96,680.92,680.92,187
1762803720,680.93,680.94,680.92,680.94,175
1762803725,680.94,680.97,680.94,680.96,135
1762803730,680.96,680.98,680.96,680.97,150
1762803735,680.98,681.01,680.96,681.0,1256
1762803740,681.0,681.0,680.98,680.99,129
1762803745,680.99,681.0,680.97,681.0,152
1762803750,681.0,681.02,681.0,681.01,72
1762803755,681.01,681.02,681.0,681.01,85
1762803760,681.02,681.05,681.01,681.02,153
1762803765,681.01,681.03,681.01,681.01,88
1762803770,681.0,681.01,681.0,681.01,105
1762803775,681.01,681.02,680.98,680.99,385
1762803780,681.0,681.0,680.96,680.96,247
1762803785,680.96,680.97,680.95,680.96,167
1762803790,680.97,680.98,680.96,680.96,55
1762803795,680.97,680.97,680.96,680.97,163
1762803800,680.97,680.97,680.9,680.9,221
1762803805,680.9,680.9,680.86,680.88,179
1762803810,680.87,680.92,680.87,680.92,252
1762803815,680.93,680.94,680.92,680.94,43
1762803820,680.93,680.94,680.9,680.9,190
1762803825,680.91,680.91,680.88,680.9,127
1762803830,680.9,680.91,680.89,680.91,80
1762803835,680.9,680.92,680.89,680.92,79
1762803840,680.91,680.92,680.91,680.92,15
1762803845,680.92,680.94,680.92,680.93,107
1762803850,680.92,680.93,680.9,680.91,102
1762803855,680.91,680.93,680.89,680.89,43
1762803860,680.9,680.94,680.9,680.94,53
1762803865,680.94,680.95,680.93,680.95,41
1762803870,680.96,681.0,680.95,680.98,347
1762803875,680.98,680.98,680.95,680.97,112
1762803880,680.96,680.98,680.95,680.96,92
1762803885,680.96,680.97,680.95,680.96,55
1762803890,680.96,680.96,680.93,680.95,190
1762803895,680.96,680.96,680.93,680.96,144
1762803900,680.95,680.95,680.9,680.91,115
1762803905,680.9,680.93,680.9,680.93,65
1762803910,680.93,680.94,680.92,680.94,142
1762803915,680.93,680.95,680.92,680.95,181
1762803920,680.96,680.97,680.93,680.94,502
1762803925,680.94,680.95,680.91,680.93,236
1762803930,680.92,680.95,680.92,680.93,267
1762803935,680.93,680.95,680.9,680.91,231
1762803940,680.91,680.93,680.9,680.91,154
1762803945,680.91,680.91,680.88,680.91,119
1762803950,680.91,680.94,680.91,680.93,116
1762803955,680.93,680.94,680.92,680.93,66
1762803960,680.93,680.96,680.92,680.96,146
1762803965,680.96,680.96,680.95,680.95,58
1762803970,680.95,680.96,680.93,680.94,71
1762803975,680.94,680.99,680.93,680.96,251
1762803980,680.97,680.97,680.93,680.94,113
1762803985,680.94,680.94,680.9,680.91,191
1762803990,680.91,680.91,680.89,680.9,140
1762803995,680.91,680.91,680.89,680.89,106
1762804000,680.9,680.91,680.9,680.9,84
1762804005,680.91,680.94,680.91,680.93,114
1762804010,680.93,680.95,680.92,680.95,84
1762804015,680.96,680.97,680.94,680.97,74
1762804020,680.97,680.97,680.93,680.94,103
1762804025,680.96,681.07,680.96,681.06,1187
1762804030,681.05,681.06,681.02,681.03,363
1762804035,681.02,681.04,681.0,681.01,242
1762804040,681.0,681.03,681.0,681.02,36
1762804045,681.02,681.06,681.02,681.06,107
1762804050,681.06,681.07,681.05,681.05,198
1762804055,681.06,681.1,681.05,681.07,378
1762804060,681.07,681.08,681.04,681.05,337
1762804065,681.05,681.06,681.04,681.06,71
1762804070,681.05,681.06,681.05,681.06,111
1762804075,681.05,681.08,681.04,681.08,218
1762804080,681.08,681.08,681.05,681.05,202
1762804085,681.05,681.06,681.03,681.04,143
1762804090,681.03,681.05,681.03,681.05,69
1762804095,681.04,681.05,681.03,681.04,75
1762804100,681.04,681.05,681.02,681.02,278
1762804105,681.02,681.03,681.0,681.0,76
1762804110,681.0,681.02,681.0,681.01,56
1762804115,681.01,681.02,680.94,680.94,621
1762804120,680.94,680.94,680.92,680.93,109
1762804125,680.93,680.95,680.92,680.92,97
1762804130,680.91,680.93,680.89,680.91,330
1762804135,680.91,680.92,680.91,680.92,115
1762804140,680.92,680.96,680.92,680.96,265
1762804145,680.95,680.98,680.95,680.97,104
1762804150,680.96,680.98,680.96,680.98,30
1762804155,680.99,681.0,680.98,681.0,194
1762804160,681.0,681.0,680.97,680.97,149
1762804165,680.98,680.99,680.95,680.96,295
1762804170,680.96,680.98,680.96,680.96,56
1762804175,680.97,681.0,680.97,680.99,106
1762804180,680.99,681.0,680.96,680.96,256
1762804185,680.97,681.0,680.96,680.99,138
1762804190,680.99,681.01,680.98,681.01,96
1762804195,681.01,681.02,681.0,681.02,112
1762804200,681.02,681.04,681.02,681.02,463
1762804205,681.02,681.03,680.95,680.96,756
1762804210,680.97,681.0,680.97,681.0,85
1762804215,681.0,681.0,680.96,680.97,208
1762804220,680.97,680.99,680.96,680.98,139
1762804225,680.99,681.01,680.99,681.01,104
1762804230,681.01,681.04,681.01,681.04,136
1762804235,681.04,681.05,681.02,681.03,258
1762804240,681.04,681.06,681.03,681.06,127
1762804245,681.07,681.09,681.06,681.07,438
1762804250,681.06,681.06,681.0,681.01,280
1762804255,681.02,681.03,681.02,681.03,33
1762804260,681.03,681.03,681.01,681.02,34
1762804265,681.02,681.04,681.01,681.04,116
1762804270,681.05,681.08,681.04,681.07,149
1762804275,681.07,681.11,681.06,681.1,102
1762804280,681.11,681.18,681.11,681.17,618
1762804285,681.17,681.24,681.16,681.22,505
1762804290,681.22,681.24,681.18,681.18,543
1762804295,681.19,681.19,681.16,681.18,204
1762804300,681.18,681.2,681.18,681.2,168
1762804305,681.2,681.22,681.19,681.22,122
1762804310,681.22,681.24,681.21,681.24,124
1762804315,681.23,681.28,681.22,681.26,627
1762804320,681.26,681.28,681.24,681.24,634
1762804325,681.24,681.25,681.23,681.25,204
1762804330,681.24,681.26,681.24,681.25,117
1762804335,681.24,681.27,681.24,681.26,256
1762804340,681.26,681.28,681.24,681.27,122
1762804345,681.27,681.45,681.26,681.44,849
1762804350,681.45,681.46,681.42,681.43,649
1762804355,681.44,681.44,681.41,681.41,451
1762804360,681.42,681.43,681.4,681.41,213
1762804365,681.42,681.43,681.39,681.4,109
1762804370,681.4,681.43,681.39,681.42,598
1762804375,681.42,681.42,681.4,681.42,386
1762804380,681.42,681.42,681.41,681.42,562
1762804385,681.42,681.48,681.41,681.48,1873
1762804390,681.48,681.48,681.46,681.48,1110
1762804395,681.48,681.51,681.47,681.5,610
1762804400,681.5,681.59,681.5,681.56,528
1762804405,681.56,681.57,681.55,681.57,404
1762804410,681.57,681.58,681.56,681.57,215
1762804415,681.57,681.57,681.53,681.54,225
1762804420,681.54,681.55,681.51,681.51,298
1762804425,681.51,681.53,681.5,681.51,115
1762804430,681.52,681.54,681.51,681.54,70
1762804435,681.54,681.55,681.53,681.54,117
1762804440,681.54,681.55,681.5,681.54,416
1762804445,681.54,681.54,681.51,681.52,158
1762804450,681.52,681.54,681.51,681.53,88
1762804455,681.54,681.63,681.54,681.6,531
1762804460,681.61,681.61,681.6,681.61,138
1762804465,681.61,681.62,681.6,681.61,198
1762804470,681.61,681.61,681.56,681.57,477
1762804475,681.57,681.58,681.55,681.58,262
1762804480,681.57,681.59,681.56,681.57,112
1762804485,681.57,681.6,681.56,681.59,104
1762804490,681.59,681.6,681.56,681.57,118
1762804495,681.58,681.58,681.52,681.53,233
1762804500,681.54,681.54,681.49,681.52,356
1762804505,681.55,681.57,681.52,681.56,559
1762804510,681.55,681.61,681.55,681.6,1320
1762804515,681.61,681.62,681.57,681.59,560
1762804520,681.59,681.61,681.58,681.59,250
1762804525,681.58,681.61,681.58,681.61,176
1762804530,681.62,681.65,681.6,681.62,439
1762804535,681.61,681.63,681.6,681.62,175
1762804540,681.62,681.65,681.62,681.63,227
1762804545,681.64,681.65,681.61,681.62,288
1762804550,681.61,681.62,681.58,681.62,170
1762804555,681.62,681.62,681.59,681.6,133
1762804560,681.59,681.59,681.56,681.57,107
1762804565,681.56,681.67,681.55,681.65,535
1762804570,681.66,681.67,681.62,681.63,175
1762804575,681.63,681.63,681.59,681.61,224
1762804580,681.6,681.64,681.59,681.59,274
1762804585,681.59,681.62,681.57,681.61,199
1762804590,681.61,681.62,681.6,681.62,107
1762804595,681.62,681.62,681.57,681.59,142
1762804600,681.59,681.6,681.57,681.58,216
1762804605,681.59,681.6,681.58,681.59,49
1762804610,681.58,681.61,681.56,681.57,510
1762804615,681.59,681.59,681.56,681.57,691
1762804620,681.56,681.57,681.49,681.5,551
1762804625,681.5,681.5,681.48,681.49,343
1762804630,681.47,681.5,681.46,681.49,273
1762804635,681.49,681.52,681.49,681.51,163
1762804640,681.5,681.51,681.48,681.48,444
1762804645,681.49,681.51,681.46,681.47,185
1762804650,681.47,681.47,681.45,681.47,110
1762804655,681.48,681.48,681.43,681.44,101
1762804660,681.45,681.47,681.43,681.44,88
1762804665,681.44,681.44,681.42,681.43,219
1762804670,681.42,681.43,681.35,681.38,375
1762804675,681.37,681.39,681.36,681.37,82
1762804680,681.36,681.38,681.31,681.32,249
1762804685,681.33,681.34,681.29,681.31,280
1762804690,681.31,681.32,681.29,681.31,178
1762804695,681.29,681.3,681.28,681.3,373
1762804700,681.29,681.32,681.28,681.31,102
1762804705,681.31,681.32,681.3,681.32,40
1762804710,681.31,681.33,681.3,681.32,184
1762804715,681.32,681.33,681.3,681.3,66
1762804720,681.3,681.31,681.29,681.3,127
1762804725,681.3,681.3,681.26,681.26,98
1762804730,681.26,681.27,681.21,681.22,223
1762804735,681.22,681.24,681.2,681.2,311
1762804740,681.2,681.25,681.19,681.25,623
1762804745,681.25,681.28,681.24,681.24,136
1762804750,681.25,681.26,681.22,681.22,67
1762804755,681.22,681.23,681.2,681.22,156
1762804760,681.21,681.22,681.19,681.22,98
1762804765,681.22,681.25,681.21,681.24,66
1762804770,681.24,681.26,681.22,681.22,118
1762804775,681.22,681.22,681.2,681.21,427
1762804780,681.21,681.23,681.19,681.2,147
1762804785,681.19,681.22,681.18,681.2,414
1762804790,681.22,681.27,681.22,681.26,311
1762804795,681.27,681.31,681.26,681.3,142
1762804800,681.29,681.43,681.25,681.43,984
1762804805,681.44,681.44,681.4,681.41,436
1762804810,681.41,681.49,681.41,681.46,304
1762804815,681.46,681.47,681.39,681.41,375
1762804820,681.4,681.44,681.4,681.44,84
1762804825,681.44,681.49,681.4,681.48,294
1762804830,681.49,681.49,681.44,681.47,74
1762804835,681.47,681.5,681.45,681.49,150
1762804840,681.49,681.52,681.46,681.51,169
1762804845,681.51,681.52,681.49,681.51,171
1762804850,681.51,681.51,681.49,681.5,493
1762804855,681.5,681.51,681.48,681.49,117
1762804860,681.49,681.57,681.45,681.57,337
1762804865,681.57,681.57,681.53,681.54,80
1762804870,681.54,681.59,681.53,681.59,202
1762804875,681.6,681.6,681.58,681.59,163
1762804880,681.59,681.59,681.55,681.56,157
1762804885,681.55,681.58,681.55,681.58,298
1762804890,681.57,681.58,681.55,681.56,363
1762804895,681.56,681.58,681.55,681.56,276
1762804900,681.56,681.58,681.55,681.58,148
1762804905,681.58,681.59,681.53,681.54,116
1762804910,681.55,681.55,681.52,681.55,75
1762804915,681.54,681.54,681.5,681.52,152
1762804920,681.52,681.55,681.51,681.52,111
1762804925,681.51,681.52,681.51,681.51,159
1762804930,681.5,681.5,681.42,681.47,368
1762804935,681.47,681.5,681.45,681.49,183
1762804940,681.48,681.53,681.47,681.53,170
1762804945,681.55,681.58,681.55,681.58,70
1762804950,681.58,681.59,681.55,681.56,114
1762804955,681.57,681.57,681.54,681.56,75
1762804960,681.56,681.6,681.55,681.57,231
1762804965,681.57,681.58,681.54,681.55,159
1762804970,681.55,681.58,681.55,681.58,85
1762804975,681.57,681.58,681.56,681.57,100
1762804980,681.58,681.6,681.53,681.56,343
1762804985,681.54,681.55,681.51,681.53,141
1762804990,681.52,681.55,681.52,681.55,192
1762804995,681.55,681.56,681.54,681.54,64
1762805000,681.53,681.53,681.51,681.52,61
1762805005,681.52,681.52,681.47,681.48,193
1762805010,681.49,681.52,681.47,681.5,120
1762805015,681.5,681.53,681.5,681.51,87
1762805020,681.51,681.53,681.51,681.52,21
1762805025,681.52,681.54,681.51,681.54,191
1762805030,681.54,681.54,681.5,681.5,207
1762805035,681.5,681.58,681.5,681.58,639
1762805040,681.58,681.61,681.58,681.6,545
1762805045,681.6,681.61,681.59,681.6,173
1762805050,681.6,681.64,681.59,681.63,244
1762805055,681.63,681.67,681.63,681.67,223
1762805060,681.66,681.68,681.65,681.67,235
1762805065,681.68,681.68,681.64,681.64,77
1762805070,681.64,681.66,681.62,681.66,164
1762805075,681.67,681.68,681.65,681.65,110
1762805080,681.66,681.69,681.65,681.69,351
1762805085,681.7,681.7,681.68,681.69,92
1762805090,681.68,681.69,681.68,681.68,144
1762805095,681.69,681.7,681.67,681.67,339
1762805100,681.68,681.69,681.57,681.61,651
1762805105,681.6,681.63,681.6,681.62,471
1762805110,681.62,681.62,681.6,681.6,179
1762805115,681.61,681.61,681.59,681.61,99
1762805120,681.6,681.6,681.58,681.58,81
1762805125,681.58,681.6,681.57,681.59,275
1762805130,681.6,681.6,681.55,681.56,147
1762805135,681.55,681.56,681.54,681.54,70
1762805140,681.55,681.57,681.53,681.55,100
1762805145,681.55,681.57,681.53,681.56,79
1762805150,681.57,681.58,681.55,681.56,72
1762805155,681.56,681.57,681.53,681.56,314
1762805160,681.57,681.62,681.56,681.61,252
1762805165,681.61,681.67,681.61,681.63,288
1762805170,681.62,681.66,681.62,681.64,93
1762805175,681.63,681.64,681.61,681.61,80
1762805180,681.62,681.67,681.62,681.66,120
1762805185,681.67,681.68,681.63,681.63,160
1762805190,681.64,681.64,681.6,681.62,162
1762805195,681.62,681.62,681.59,681.59,118
1762805200,681.59,681.62,681.59,681.6,110
1762805205,681.6,681.61,681.59,681.59,63
1762805210,681.6,681.6,681.55,681.58,304
1762805215,681.57,681.6,681.57,681.6,29
1762805220,681.59,681.65,681.59,681.64,172
1762805225,681.64,681.67,681.64,681.67,70
1762805230,681.67,681.69,681.65,681.66,322
1762805235,681.66,681.66,681.63,681.64,164
1762805240,681.64,681.64,681.61,681.62,85
1762805245,681.62,681.64,681.61,681.63,115
1762805250,681.63,681.67,681.61,681.67,182
1762805255,681.67,681.7,681.66,681.69,150
1762805260,681.7,681.77,681.7,681.74,568
1762805265,681.74,681.77,681.74,681.77,417
1762805270,681.76,681.78,681.75,681.76,167
1762805275,681.77,681.77,681.74,681.76,150
1762805280,681.77,681.81,681.77,681.78,193
1762805285,681.79,681.8,681.76,681.78,147
1762805290,681.78,681.8,681.78,681.79,163
1762805295,681.79,681.8,681.74,681.77,219
1762805300,681.78,681.8,681.77,681.78,306
1762805305,681.78,681.79,681.76,681.79,341
1762805310,681.79,681.79,681.75,681.78,98
1762805315,681.79,681.79,681.75,681.75,100
1762805320,681.76,681.78,681.76,681.77,90
1762805325,681.77,681.78,681.76,681.78,75
1762805330,681.77,681.78,681.76,681.76,90
1762805335,681.76,681.79,681.76,681.79,142
1762805340,681.78,681.79,681.77,681.79,91
1762805345,681.79,681.82,681.78,681.79,178
1762805350,681.79,681.8,681.78,681.79,63
1762805355,681.78,681.8,681.77,681.8,229
1762805360,681.8,681.81,681.78,681.79,39
1762805365,681.79,681.8,681.78,681.8,149
1762805370,681.8,681.8,681.76,681.76,160
1762805375,681.76,681.78,681.76,681.77,61
1762805380,681.78,681.78,681.77,681.77,59
1762805385,681.77,681.78,681.71,681.72,209
1762805390,681.71,681.72,681.68,681.72,357
1762805395,681.71,681.72,681.69,681.7,122
1762805400,681.71,681.73,681.69,681.7,230
1762805405,681.7,681.76,681.69,681.75,93
1762805410,681.74,681.81,681.74,681.79,192
1762805415,681.79,681.79,681.76,681.79,158
1762805420,681.8,681.82,681.79,681.8,194
1762805425,681.8,681.81,681.79,681.81,266
1762805430,681.81,681.86,681.8,681.84,692
1762805435,681.85,681.85,681.81,681.81,85
1762805440,681.81,681.82,681.78,681.81,208
1762805445,681.81,681.82,681.81,681.81,131
1762805450,681.81,681.82,681.81,681.81,74
1762805455,681.82,681.84,681.81,681.83,186
1762805460,681.83,681.84,681.8,681.81,138
1762805465,681.81,681.83,681.79,681.81,120
1762805470,681.82,681.83,681.81,681.82,33
1762805475,681.82,681.83,681.81,681.81,84
1762805480,681.81,681.81,681.75,681.75,267
1762805485,681.75,681.77,681.75,681.76,163
1762805490,681.77,681.77,681.68,681.72,411
1762805495,681.73,681.75,681.72,681.75,63
1762805500,681.75,681.77,681.75,681.76,54
1762805505,681.77,681.78,681.76,681.78,100
1762805510,681.79,681.8,681.78,681.79,84
1762805515,681.79,681.8,681.78,681.8,89
1762805520,681.79,681.8,681.76,681.76,336
1762805525,681.76,681.83,681.76,681.79,300
1762805530,681.79,681.82,681.79,681.8,96
1762805535,681.81,681.82,681.79,681.81,175
1762805540,681.81,681.85,681.8,681.85,122
1762805545,681.86,681.9,681.84,681.86,257
1762805550,681.86,681.89,681.86,681.88,54
1762805555,681.88,681.89,681.86,681.88,134
1762805560,681.87,681.9,681.87,681.89,97
1762805565,681.9,681.9,681.88,681.89,137
1762805570,681.88,681.93,681.88,681.92,105
1762805575,681.92,681.94,681.91,681.94,108
1762805580,681.93,681.93,681.9,681.92,177
1762805585,681.92,681.92,681.87,681.88,289
1762805590,681.89,681.9,681.88,681.9,184
1762805595,681.91,681.98,681.9,681.98,923
1762805600,681.98,682.0,681.93,681.94,1757
1762805605,681.94,681.96,681.93,681.96,154
1762805610,681.97,682.04,681.97,682.01,413
1762805615,682.04,682.04,682.01,682.01,244
1762805620,682.03,682.08,682.03,682.04,577
1762805625,682.04,682.06,682.03,682.05,83
1762805630,682.05,682.07,682.05,682.07,173
1762805635,682.06,682.07,682.05,682.06,79
1762805640,682.06,682.08,682.05,682.06,287
1762805645,682.07,682.07,682.03,682.03,608
1762805650,682.03,682.04,682.0,682.04,224
1762805655,682.04,682.04,682.02,682.04,59
1762805660,682.03,682.04,682.01,682.02,152
1762805665,682.02,682.04,682.02,682.03,605
1762805670,682.04,682.04,682.01,682.02,225
1762805675,682.02,682.04,682.01,682.01,139
1762805680,682.02,682.02,681.96,681.98,357
1762805685,681.98,682.01,681.98,682.0,70
1762805690,682.0,682.01,681.99,682.0,316
1762805695,682.0,682.0,681.99,682.0,316
1762805700,682.0,682.0,681.97,681.98,519
1762805705,681.97,681.98,681.95,681.97,108
1762805710,681.96,681.96,681.91,681.93,241
1762805715,681.94,681.97,681.94,681.96,88
1762805720,681.96,681.99,681.9,681.91,379
1762805725,681.9,681.9,681.77,681.77,910
1762805730,681.77,681.77,681.7,681.72,454
1762805735,681.72,681.73,681.69,681.73,367
1762805740,681.73,681.75,681.69,681.73,282
1762805745,681.71,681.71,681.65,681.67,1128
1762805750,681.68,681.68,681.63,681.63,249
1762805755,681.63,681.66,681.62,681.65,1261
1762805760,681.66,681.71,681.66,681.69,678
1762805765,681.7,681.74,681.69,681.74,412
1762805770,681.73,681.75,681.68,681.71,130
1762805775,681.71,681.73,681.71,681.72,119
1762805780,681.71,681.72,681.66,681.67,305
1762805785,681.67,681.68,681.6,681.62,383
1762805790,681.62,681.64,681.61,681.63,276
1762805795,681.63,681.66,681.63,681.66,363
1762805800,681.66,681.7,681.63,681.63,209
1762805805,681.63,681.64,681.61,681.63,898
1762805810,681.63,681.63,681.58,681.58,210
1762805815,681.58,681.6,681.58,681.58,109
1762805820,681.58,681.59,681.55,681.57,236
1762805825,681.57,681.58,681.55,681.56,261
1762805830,681.57,681.58,681.55,681.57,240
1762805835,681.58,681.6,681.57,681.59,39
1762805840,681.58,681.6,681.54,681.56,265
1762805845,681.56,681.58,681.54,681.54,282
1762805850,681.54,681.57,681.53,681.56,182
1762805855,681.55,681.58,681.53,681.53,353
1762805860,681.54,681.55,681.51,681.52,146
1762805865,681.51,681.52,681.43,681.45,370
1762805870,681.45,681.46,681.43,681.43,358
1762805875,681.42,681.46,681.42,681.45,132
1762805880,681.45,681.56,681.45,681.56,197
1762805885,681.54,681.6,681.54,681.6,480
1762805890,681.59,681.59,681.56,681.58,138
1762805895,681.58,681.59,681.58,681.58,116
1762805900,681.58,681.63,681.58,681.59,392
1762805905,681.59,681.63,681.59,681.62,163
1762805910,681.62,681.63,681.59,681.59,77
1762805915,681.58,681.58,681.55,681.57,158
1762805920,681.57,681.58,681.57,681.58,123
1762805925,681.58,681.58,681.54,681.58,208
1762805930,681.58,681.58,681.56,681.58,336
1762805935,681.58,681.61,681.58,681.58,497
1762805940,681.58,681.58,681.5,681.51,260
1762805945,681.52,681.55,681.49,681.5,243
1762805950,681.5,681.51,681.49,681.5,75
1762805955,681.5,681.51,681.49,681.51,78
1762805960,681.5,681.55,681.5,681.55,240
1762805965,681.55,681.55,681.54,681.54,48
1762805970,681.55,681.57,681.54,681.57,233
1762805975,681.58,681.62,681.58,681.59,496
1762805980,681.59,681.62,681.58,681.58,280
1762805985,681.58,681.58,681.56,681.57,54
1762805990,681.56,681.56,681.55,681.56,109
1762805995,681.56,681.57,681.55,681.56,35
1762806000,681.56,681.62,681.56,681.59,221
1762806005,681.6,681.61,681.59,681.6,94
1762806010,681.59,681.6,681.56,681.56,79
1762806015,681.57,681.59,681.56,681.59,253
1762806020,681.59,681.59,681.56,681.57,67
1762806025,681.57,681.58,681.54,681.55,183
1762806030,681.55,681.57,681.54,681.56,145
1762806035,681.56,681.57,681.55,681.57,149
1762806040,681.58,681.59,681.57,681.59,345
1762806045,681.6,681.6,681.5,681.5,332
1762806050,681.5,681.53,681.49,681.51,345
1762806055,681.52,681.52,681.5,681.51,204
1762806060,681.5,681.54,681.47,681.49,422
1762806065,681.48,681.5,681.48,681.49,97
1762806070,681.5,681.5,681.45,681.47,260
1762806075,681.47,681.47,681.42,681.42,147
1762806080,681.42,681.45,681.41,681.42,260
1762806085,681.42,681.42,681.37,681.38,198
1762806090,681.38,681.38,681.37,681.37,306
1762806095,681.38,681.38,681.32,681.34,906
1762806100,681.34,681.35,681.29,681.34,401
1762806105,681.34,681.35,681.31,681.31,322
1762806110,681.31,681.31,681.27,681.31,197
1762806115,681.31,681.31,681.24,681.25,256
1762806120,681.25,681.26,681.23,681.25,298
1762806125,681.24,681.26,681.23,681.25,242
1762806130,681.24,681.26,681.21,681.22,254
1762806135,681.21,681.22,681.17,681.18,556
1762806140,681.17,681.21,681.16,681.19,324
1762806145,681.19,681.19,681.15,681.16,282
1762806150,681.17,681.19,681.15,681.16,525
1762806155,681.16,681.17,681.15,681.16,464
1762806160,681.16,681.18,681.15,681.16,510
1762806165,681.16,681.22,681.15,681.2,473
1762806170,681.2,681.28,681.19,681.27,384
1762806175,681.28,681.34,681.27,681.32,335
1762806180,681.31,681.32,681.27,681.29,399
1762806185,681.28,681.29,681.27,681.29,177
1762806190,681.29,681.31,681.25,681.26,503
1762806195,681.27,681.27,681.21,681.23,232
1762806200,681.22,681.26,681.21,681.25,77
1762806205,681.25,681.27,681.23,681.25,256
1762806210,681.25,681.27,681.19,681.19,787
1762806215,681.2,681.22,681.16,681.17,292
1762806220,681.17,681.21,681.15,681.2,468
1762806225,681.2,681.25,681.2,681.23,462
1762806230,681.23,681.23,681.22,681.22,245
1762806235,681.22,681.22,681.2,681.2,270
1762806240,681.2,681.21,681.16,681.2,148
1762806245,681.22,681.26,681.22,681.24,322
1762806250,681.25,681.26,681.22,681.26,261
1762806255,681.27,681.3,681.26,681.29,153
1762806260,681.3,681.31,681.29,681.31,189
1762806265,681.3,681.38,681.3,681.37,477
1762806270,681.37,681.38,681.34,681.35,246
1762806275,681.36,681.38,681.34,681.35,400
1762806280,681.36,681.36,681.32,681.32,424
1762806285,681.33,681.36,681.31,681.36,119
1762806290,681.37,681.41,681.36,681.4,121
1762806295,681.4,681.42,681.39,681.39,72
1762806300,681.39,681.39,681.36,681.37,246
1762806305,681.37,681.42,681.36,681.38,180
1762806310,681.39,681.41,681.38,681.41,64
1762806315,681.41,681.46,681.41,681.45,119
1762806320,681.45,681.63,681.45,681.62,991
1762806325,681.61,681.63,681.58,681.61,620
1762806330,681.61,681.63,681.6,681.62,360
1762806335,681.61,681.64,681.61,681.63,226
1762806340,681.63,681.66,681.61,681.62,647
1762806345,681.61,681.62,681.61,681.62,150
1762806350,681.61,681.62,681.59,681.62,343
1762806355,681.61,681.66,681.61,681.63,205
1762806360,681.63,681.65,681.61,681.63,324
1762806365,681.62,681.63,681.62,681.63,391
1762806370,681.62,681.64,681.6,681.62,819
1762806375,681.62,681.66,681.61,681.63,320
1762806380,681.63,681.65,681.61,681.63,144
1762806385,681.63,681.66,681.62,681.65,207
1762806390,681.64,681.66,681.63,681.65,76
1762806395,681.64,681.65,681.63,681.64,124
1762806400,681.65,681.67,681.62,681.63,298
1762806405,681.63,681.64,681.63,681.64,124
1762806410,681.63,681.63,681.61,681.62,196
1762806415,681.63,681.65,681.62,681.65,177
1762806420,681.64,681.66,681.64,681.64,74
1762806425,681.64,681.65,681.62,681.64,130
1762806430,681.65,681.66,681.64,681.65,60
1762806435,681.64,681.66,681.61,681.62,419
1762806440,681.62,681.62,681.56,681.58,218
1762806445,681.58,681.59,681.57,681.58,137
1762806450,681.57,681.6,681.56,681.58,273
1762806455,681.58,681.58,681.55,681.55,93
1762806460,681.55,681.55,681.53,681.53,102
1762806465,681.53,681.56,681.53,681.56,493
1762806470,681.54,681.54,681.47,681.47,253
1762806475,681.47,681.51,681.47,681.49,104
1762806480,681.49,681.49,681.46,681.46,512
1762806485,681.46,681.46,681.39,681.43,422
1762806490,681.43,681.46,681.41,681.46,422
1762806495,681.47,681.47,681.42,681.42,156
1762806500,681.43,681.43,681.4,681.41,242
1762806505,681.41,681.46,681.39,681.4,143
1762806510,681.41,681.41,681.36,681.37,208
1762806515,681.36,681.41,681.36,681.4,129
1762806520,681.39,681.41,681.36,681.39,156
1762806525,681.38,681.41,681.38,681.41,91
1762806530,681.41,681.43,681.38,681.39,450
1762806535,681.38,681.4,681.35,681.35,519
1762806540,681.34,681.41,681.33,681.41,307
1762806545,681.4,681.43,681.4,681.43,206
1762806550,681.42,681.43,681.39,681.39,201
1762806555,681.38,681.39,681.37,681.38,67
1762806560,681.37,681.37,681.34,681.34,260
1762806565,681.33,681.37,681.32,681.35,260
1762806570,681.36,681.37,681.32,681.35,253
1762806575,681.35,681.37,681.35,681.37,45
1762806580,681.36,681.37,681.35,681.37,342
1762806585,681.37,681.37,681.32,681.33,443
1762806590,681.33,681.34,681.31,681.34,322
1762806595,681.33,681.34,681.31,681.31,184
1762806600,681.3,681.31,681.21,681.22,697
1762806605,681.23,681.23,681.15,681.16,590
1762806610,681.16,681.18,681.13,681.14,346
1762806615,681.13,681.13,681.08,681.11,1053
1762806620,681.1,681.15,681.09,681.09,641
1762806625,681.09,681.11,681.03,681.1,871
1762806630,681.1,681.14,681.08,681.08,832
1762806635,681.08,681.09,681.07,681.09,158
1762806640,681.09,681.12,681.07,681.09,591
1762806645,681.09,681.12,681.08,681.11,309
1762806650,681.1,681.14,681.1,681.13,506
1762806655,681.13,681.19,681.13,681.18,355
1762806660,681.19,681.28,681.18,681.23,875
1762806665,681.22,681.26,681.2,681.23,722
1762806670,681.22,681.33,681.22,681.33,659
1762806675,681.33,681.35,681.29,681.3,420
1762806680,681.31,681.34,681.29,681.31,409
1762806685,681.31,681.34,681.31,681.32,205
1762806690,681.33,681.35,681.3,681.33,651
1762806695,681.33,681.39,681.33,681.36,341
1762806700,681.36,681.36,681.33,681.34,628
1762806705,681.34,681.34,681.3,681.34,448
1762806710,681.33,681.34,681.31,681.33,116
1762806715,681.33,681.38,681.33,681.35,175
1762806720,681.35,681.35,681.27,681.28,205
1762806725,681.28,681.31,681.27,681.31,224
1762806730,681.3,681.3,681.26,681.3,353
1762806735,681.3,681.31,681.23,681.27,286
1762806740,681.27,681.3,681.27,681.3,171
1762806745,681.3,681.31,681.27,681.27,402
1762806750,681.27,681.32,681.27,681.31,279
1762806755,681.31,681.32,681.24,681.25,327
1762806760,681.25,681.26,681.17,681.2,648
1762806765,681.21,681.23,681.18,681.22,133
1762806770,681.23,681.23,681.19,681.23,216
1762806775,681.22,681.25,681.21,681.25,146
1762806780,681.25,681.29,681.23,681.27,569
1762806785,681.27,681.28,681.25,681.27,376
1762806790,681.27,681.29,681.25,681.27,216
1762806795,681.26,681.28,681.2,681.22,328
1762806800,681.22,681.23,681.19,681.23,156
1762806805,681.22,681.23,681.2,681.22,196
1762806810,681.21,681.21,681.15,681.18,276
1762806815,681.18,681.22,681.15,681.17,838
1762806820,681.17,681.18,681.16,681.18,201
1762806825,681.18,681.2,681.17,681.18,149
1762806830,681.19,681.2,681.15,681.19,836
1762806835,681.2,681.2,681.18,681.19,209
1762806840,681.19,681.23,681.18,681.2,783
1762806845,681.19,681.23,681.18,681.23,362
1762806850,681.22,681.26,681.22,681.23,238
1762806855,681.24,681.24,681.15,681.19,1510
1762806860,681.19,681.19,681.14,681.14,329
1762806865,681.15,681.19,681.14,681.19,178
1762806870,681.19,681.2,681.17,681.18,443
1762806875,681.18,681.22,681.16,681.21,308
1762806880,681.21,681.31,681.2,681.29,447
1762806885,681.29,681.29,681.2,681.22,991
1762806890,681.22,681.23,681.18,681.23,660
1762806895,681.23,681.23,681.21,681.22,153
1762806900,681.21,681.22,681.18,681.2,167
1762806905,681.2,681.21,681.17,681.18,313
1762806910,681.18,681.22,681.17,681.21,123
1762806915,681.2,681.26,681.2,681.26,188
1762806920,681.27,681.3,681.23,681.24,512
1762806925,681.24,681.24,681.22,681.24,184
1762806930,681.25,681.25,681.2,681.21,278
1762806935,681.22,681.22,681.16,681.19,363
1762806940,681.19,681.23,681.19,681.21,184
1762806945,681.21,681.22,681.19,681.21,130
1762806950,681.2,681.24,681.19,681.21,357
1762806955,681.2,681.24,681.2,681.24,143
1762806960,681.23,681.29,681.22,681.29,420
1762806965,681.29,681.38,681.28,681.37,888
1762806970,681.36,681.44,681.36,681.4,601
1762806975,681.41,681.47,681.4,681.46,754
1762806980,681.45,681.46,681.41,681.43,831
1762806985,681.42,681.46,681.41,681.46,327
1762806990,681.46,681.54,681.46,681.52,613
1762806995,681.52,681.57,681.51,681.56,424
1762807000,681.56,681.58,681.55,681.58,245
1762807005,681.58,681.61,681.58,681.59,381
1762807010,681.59,681.63,681.58,681.63,211
1762807015,681.64,681.67,681.63,681.63,433
1762807020,681.63,681.63,681.6,681.62,392
1762807025,681.62,681.63,681.56,681.59,391
1762807030,681.6,681.6,681.57,681.6,764
1762807035,681.6,681.64,681.58,681.63,343
1762807040,681.63,681.66,681.61,681.62,360
1762807045,681.62,681.64,681.61,681.63,41
1762807050,681.62,681.73,681.62,681.73,391
1762807055,681.72,681.78,681.72,681.78,456
1762807060,681.79,681.79,681.75,681.77,343
1762807065,681.78,681.79,681.72,681.73,276
1762807070,681.73,681.73,681.71,681.73,52
1762807075,681.72,681.75,681.72,681.74,468
1762807080,681.73,681.75,681.72,681.74,354
1762807085,681.74,681.75,681.73,681.75,138
1762807090,681.74,681.79,681.74,681.76,175
1762807095,681.76,681.77,681.74,681.75,123
1762807100,681.75,681.76,681.72,681.74,424
1762807105,681.74,681.76,681.73,681.74,198
1762807110,681.74,681.75,681.73,681.75,71
1762807115,681.75,681.8,681.75,681.78,88
1762807120,681.77,681.77,681.74,681.75,223
1762807125,681.75,681.75,681.73,681.75,462
1762807130,681.75,681.77,681.74,681.76,386
1762807135,681.77,681.77,681.75,681.77,160
1762807140,681.77,681.83,681.76,681.82,427
1762807145,681.82,681.84,681.79,681.83,495
1762807150,681.83,681.91,681.83,681.89,368
1762807155,681.9,681.9,681.87,681.89,297
1762807160,681.89,681.9,681.88,681.9,336
1762807165,681.9,681.92,681.89,681.9,199
1762807170,681.9,681.95,681.9,681.92,303
1762807175,681.92,681.98,681.92,681.93,262
1762807180,681.93,681.94,681.83,681.84,451
1762807185,681.85,681.86,681.82,681.85,372
1762807190,681.84,681.86,681.84,681.85,124
1762807195,681.84,681.84,681.82,681.83,141
1762807200,681.82,681.82,681.75,681.8,657
1762807205,681.81,681.81,681.74,681.75,241
1762807210,681.75,681.78,681.73,681.76,187
1762807215,681.75,681.76,681.7,681.7,204
1762807220,681.71,681.72,681.61,681.62,358
1762807225,681.62,681.68,681.61,681.64,403
1762807230,681.64,681.64,681.58,681.61,202
1762807235,681.61,681.62,681.57,681.61,243
1762807240,681.6,681.64,681.6,681.63,349
1762807245,681.63,681.66,681.63,681.63,255
1762807250,681.63,681.63,681.6,681.63,318
1762807255,681.63,681.65,681.63,681.65,189
1762807260,681.65,681.68,681.62,681.67,412
1762807265,681.69,681.72,681.68,681.68,246
1762807270,681.68,681.69,681.6,681.63,376
1762807275,681.64,681.65,681.62,681.62,107
1762807280,681.63,681.64,681.58,681.6,284
1762807285,681.6,681.66,681.6,681.65,334
1762807290,681.64,681.64,681.57,681.58,119
1762807295,681.58,681.59,681.55,681.58,303
1762807300,681.59,681.6,681.57,681.6,139
1762807305,681.59,681.59,681.56,681.59,376
1762807310,681.59,681.61,681.56,681.57,101
1762807315,681.57,681.6,681.57,681.59,86
1762807320,681.58,681.62,681.58,681.6,250
1762807325,681.6,681.62,681.57,681.62,185
1762807330,681.62,681.66,681.62,681.64,246
1762807335,681.65,681.68,681.64,681.64,233
1762807340,681.65,681.68,681.65,681.66,105
1762807345,681.66,681.66,681.62,681.66,284
1762807350,681.66,681.68,681.65,681.68,84
1762807355,681.67,681.68,681.66,681.67,88
1762807360,681.67,681.74,681.66,681.74,338
1762807365,681.74,681.77,681.73,681.76,151
1762807370,681.75,681.83,681.75,681.81,329
1762807375,681.81,681.82,681.79,681.8,485
1762807380,681.8,681.8,681.76,681.78,515
1762807385,681.79,681.79,681.7,681.71,304
1762807390,681.71,681.73,681.71,681.73,200
1762807395,681.73,681.78,681.72,681.74,288
1762807400,681.73,681.78,681.73,681.78,101
1762807405,681.77,681.78,681.73,681.74,94
1762807410,681.75,681.76,681.71,681.72,276
1762807415,681.71,681.72,681.65,681.66,1208
1762807420,681.66,681.68,681.65,681.66,286
1762807425,681.66,681.66,681.58,681.62,526
1762807430,681.62,681.64,681.61,681.63,358
1762807435,681.63,681.64,681.59,681.61,510
1762807440,681.61,681.69,681.57,681.67,1123
1762807445,681.67,681.68,681.62,681.62,221
1762807450,681.63,681.64,681.6,681.61,166
1762807455,681.61,681.71,681.6,681.71,324
1762807460,681.71,681.72,681.7,681.71,169
1762807465,681.71,681.75,681.7,681.75,194
1762807470,681.75,681.75,681.71,681.74,427
1762807475,681.73,681.74,681.72,681.73,136
1762807480,681.72,681.74,681.7,681.74,344
1762807485,681.74,681.74,681.72,681.74,236
1762807490,681.73,681.74,681.71,681.73,203
1762807495,681.73,681.74,681.7,681.73,156
1762807500,681.74,681.74,681.69,681.7,944
1762807505,681.7,681.7,681.64,681.68,336
1762807510,681.67,681.71,681.66,681.7,254
1762807515,681.7,681.71,681.65,681.65,439
1762807520,681.66,681.66,681.58,681.65,1055
1762807525,681.64,681.66,681.6,681.63,285
1762807530,681.63,681.65,681.59,681.63,470
1762807535,681.64,681.66,681.61,681.64,372
1762807540,681.64,681.69,681.64,681.67,369
1762807545,681.65,681.68,681.65,681.65,229
1762807550,681.64,681.64,681.6,681.63,631
1762807555,681.62,681.65,681.6,681.64,331
1762807560,681.64,681.74,681.64,681.69,618
1762807565,681.69,681.78,681.69,681.77,259
1762807570,681.77,681.78,681.74,681.75,289
1762807575,681.75,681.85,681.74,681.84,579
1762807580,681.84,681.85,681.8,681.83,457
1762807585,681.82,681.9,681.81,681.9,384
1762807590,681.89,681.91,681.88,681.89,484
1762807595,681.89,681.91,681.85,681.88,833
1762807600,681.89,681.96,681.88,681.94,437
1762807605,681.94,681.95,681.91,681.95,216
1762807610,681.94,681.96,681.92,681.92,540
1762807615,681.93,681.96,681.92,681.94,446
1762807620,681.93,681.94,681.85,681.86,443
1762807625,681.85,681.86,681.83,681.84,960
1762807630,681.85,681.86,681.81,681.83,228
1762807635,681.83,681.92,681.82,681.91,260
1762807640,681.92,681.97,681.91,681.96,291
1762807645,681.96,681.96,681.93,681.94,150
1762807650,681.94,681.96,681.92,681.95,184
1762807655,681.95,681.98,681.94,681.95,750
1762807660,681.95,682.0,681.95,681.98,1319
1762807665,681.99,682.0,681.97,681.97,365
1762807670,681.98,681.98,681.93,681.93,341
1762807675,681.93,681.93,681.91,681.91,391
1762807680,681.91,681.93,681.89,681.92,376
1762807685,681.92,681.98,681.92,681.96,277
1762807690,681.97,682.05,681.96,682.05,319
1762807695,682.04,682.06,682.01,682.06,590
1762807700,682.05,682.1,682.04,682.09,1257
1762807705,682.09,682.12,682.05,682.06,2012
1762807710,682.06,682.06,682.02,682.04,521
1762807715,682.04,682.04,682.01,682.02,348
1762807720,682.01,682.02,681.96,681.98,511
1762807725,681.98,681.99,681.86,681.94,1903
1762807730,681.95,682.0,681.94,681.99,374
1762807735,681.99,682.02,681.99,682.0,553
1762807740,682.0,682.01,681.96,681.98,1475
1762807745,681.98,682.03,681.97,681.99,921
1762807750,681.99,682.02,681.97,682.0,1394
1762807755,682.0,682.02,681.99,682.02,344
1762807760,682.02,682.04,682.01,682.02,797
1762807765,682.01,682.03,682.01,682.02,310
1762807770,682.03,682.06,682.02,682.04,166
1762807775,682.05,682.08,682.04,682.08,273
1762807780,682.07,682.08,682.03,682.03,313
1762807785,682.04,682.05,681.99,682.05,445
1762807790,682.06,682.06,682.0,682.01,523
1762807795,682.0,682.06,682.0,682.06,487
1762807800,682.05,682.07,681.7,681.73,2360
1762807805,681.73,681.84,681.71,681.72,964
1762807810,681.72,681.74,681.7,681.72,346
1762807815,681.72,681.72,681.58,681.6,1216
1762807820,681.59,681.63,681.57,681.57,577
1762807825,681.57,681.59,681.51,681.54,330
1762807830,681.55,681.61,681.54,681.6,1043
1762807835,681.59,681.63,681.56,681.59,1812
1762807840,681.59,681.6,681.49,681.52,1067
1762807845,681.52,681.53,681.48,681.5,995
1762807850,681.49,681.57,681.48,681.57,784
1762807855,681.57,681.62,681.55,681.62,397
1762807860,681.61,681.67,681.58,681.62,978
1762807865,681.62,681.65,681.58,681.64,756
1762807870,681.63,681.63,681.55,681.58,950
1762807875,681.58,681.7,681.56,681.69,938
1762807880,681.68,681.68,681.57,681.61,626
1762807885,681.62,681.63,681.56,681.61,673
1762807890,681.62,681.7,681.62,681.64,1488
1762807895,681.64,681.65,681.58,681.62,384
1762807900,681.62,681.65,681.61,681.63,365
1762807905,681.62,681.62,681.59,681.59,194
1762807910,681.59,681.6,681.52,681.52,482
1762807915,681.52,681.57,681.51,681.56,514
1762807920,681.57,681.74,681.57,681.66,1203
1762807925,681.66,681.69,681.65,681.66,354
1762807930,681.66,681.72,681.65,681.66,845
1762807935,681.66,681.7,681.64,681.7,216
1762807940,681.69,681.69,681.54,681.57,369
1762807945,681.57,681.57,681.52,681.52,469
1762807950,681.52,681.59,681.49,681.58,533
1762807955,681.58,681.61,681.58,681.6,269
1762807960,681.61,681.64,681.59,681.6,191
1762807965,681.59,681.68,681.59,681.65,374
1762807970,681.66,681.66,681.61,681.65,529
1762807975,681.66,681.75,681.66,681.74,416
1762807980,681.75,681.84,681.73,681.81,448
1762807985,681.81,681.84,681.78,681.83,953
1762807990,681.82,681.84,681.79,681.8,578
1762807995,681.8,681.83,681.78,681.83,577
1762808000,681.83,681.89,681.83,681.88,533
1762808005,681.87,681.89,681.84,681.85,481
1762808010,681.86,681.9,681.86,681.89,899
1762808015,681.89,681.9,681.84,681.85,581
1762808020,681.85,681.9,681.84,681.86,610
1762808025,681.87,681.91,681.87,681.91,485
1762808030,681.9,681.91,681.87,681.9,1158
1762808035,681.91,681.95,681.89,681.94,996
1762808040,681.93,682.01,681.92,681.99,348
1762808045,682.0,682.08,681.99,682.06,1157
1762808050,682.06,682.15,681.94,682.08,3071
1762808055,682.07,682.12,682.06,682.11,363
1762808060,682.11,682.15,682.11,682.13,1022
1762808065,682.13,682.15,682.1,682.14,467
1762808070,682.14,682.17,682.11,682.14,1342
1762808075,682.15,682.16,682.08,682.12,679
1762808080,682.11,682.18,682.06,682.1,1920
1762808085,682.09,682.1,681.98,682.04,1380
1762808090,682.05,682.1,682.01,682.03,1302
1762808095,682.02,682.03,681.96,681.98,1014
1762808100,681.98,682.0,681.73,681.78,2611
1762808105,681.77,681.8,681.64,681.66,981
1762808110,681.65,681.7,681.57,681.64,1391
1762808115,681.63,681.64,681.49,681.59,1193
1762808120,681.59,681.64,681.44,681.48,2102
1762808125,681.47,681.49,681.42,681.46,1107
1762808130,681.46,681.51,681.4,681.51,846
1762808135,681.51,681.51,681.35,681.38,773
1762808140,681.38,681.43,681.38,681.41,634
1762808145,681.41,681.41,681.35,681.38,832
1762808150,681.38,681.39,681.34,681.38,1346
1762808155,681.38,681.48,681.36,681.48,868
1762808160,681.47,681.48,681.42,681.47,928
1762808165,681.47,681.48,681.44,681.48,886
1762808170,681.49,681.49,681.46,681.48,282
1762808175,681.47,681.47,681.37,681.38,534
1762808180,681.38,681.4,681.35,681.38,538
1762808185,681.37,681.38,681.31,681.34,471
1762808190,681.35,681.38,681.32,681.36,1408
1762808195,681.36,681.39,681.34,681.38,259
1762808200,681.38,681.42,681.37,681.37,831
1762808205,681.37,681.37,681.29,681.29,522
1762808210,681.3,681.33,681.26,681.31,1362
1762808215,681.31,681.34,681.31,681.32,652
1762808220,681.32,681.44,681.3,681.42,1164
1762808225,681.42,681.46,681.38,681.39,1019
1762808230,681.39,681.43,681.37,681.43,605
1762808235,681.43,681.54,681.4,681.52,946
1762808240,681.52,681.55,681.46,681.46,1718
1762808245,681.45,681.45,681.39,681.42,1019
1762808250,681.41,681.47,681.41,681.45,525
1762808255,681.44,681.47,681.39,681.45,1279
1762808260,681.44,681.45,681.41,681.45,764
1762808265,681.44,681.48,681.44,681.47,968
1762808270,681.46,681.49,681.45,681.46,1023
1762808275,681.46,681.47,681.44,681.46,995
1762808280,681.46,681.47,681.32,681.33,1803
1762808285,681.32,681.33,681.28,681.31,1695
1762808290,681.3,681.36,681.29,681.34,1206
1762808295,681.34,681.37,681.32,681.32,1514
1762808300,681.32,681.34,681.31,681.33,905
1762808305,681.34,681.35,681.33,681.35,964
1762808310,681.35,681.42,681.34,681.35,1721
1762808315,681.35,681.36,681.3,681.31,1156
1762808320,681.31,681.33,681.3,681.33,1068
1762808325,681.33,681.39,681.33,681.38,1716
1762808330,681.38,681.39,681.31,681.34,2860
1762808335,681.34,681.39,681.31,681.31,2517
1762808340,681.32,681.36,681.22,681.35,4560
1762808345,681.34,681.51,681.33,681.46,5206
1762808350,681.47,681.53,681.46,681.47,2878
1762808355,681.46,681.53,681.45,681.47,3361
1762808360,681.47,681.53,681.35,681.52,4066
1762808365,681.51,681.54,681.31,681.33,5174
1762808370,681.32,681.42,681.28,681.37,4164
1762808375,681.37,681.37,681.21,681.25,4925
1762808380,681.24,681.32,681.22,681.24,3074
1762808385,681.23,681.39,681.13,681.36,3724
1762808390,681.37,681.37,681.19,681.24,3096
1762808395,681.24,681.35,681.18,681.32,8267
