Date,Open,High,Low,Close,Volume
1742391000,562.83,562.9,562.49,562.57,3880
1742391005,562.58,562.67,562.57,562.67,269
1742391010,562.67,562.81,562.6,562.81,970
1742391015,562.76,562.79,562.7,562.77,74
1742391020,562.78,562.82,562.72,562.81,191
1742391025,562.83,562.89,562.8,562.87,132
1742391030,562.89,563.06,562.85,563.06,394
1742391035,563.06,563.07,562.91,562.98,294
1742391040,562.93,562.93,562.79,562.82,206
1742391045,562.83,562.92,562.8,562.85,335
1742391050,562.83,562.87,562.76,562.77,174
1742391055,562.79,562.85,562.78,562.83,187
1742391060,562.84,562.88,562.75,562.83,414
1742391065,562.83,562.94,562.81,562.81,270
1742391070,562.8,562.85,562.67,562.71,412
1742391075,562.7,562.8,562.69,562.76,318
1742391080,562.8,562.84,562.69,562.69,198
1742391085,562.68,562.68,562.52,562.57,225
1742391090,562.58,562.61,562.53,562.54,172
1742391095,562.57,562.63,562.42,562.47,541
1742391100,562.45,562.49,562.37,562.43,174
1742391105,562.41,562.46,562.35,562.39,218
1742391110,562.36,562.54,562.36,562.54,265
1742391115,562.56,562.56,562.39,562.4,173
1742391120,562.4,562.48,562.31,562.39,221
1742391125,562.4,562.66,562.4,562.64,264
1742391130,562.65,562.69,562.61,562.67,91
1742391135,562.68,562.79,562.68,562.72,188
1742391140,562.71,562.89,562.71,562.87,133
1742391145,562.89,562.91,562.74,562.74,168
1742391150,562.81,562.86,562.8,562.81,203
1742391155,562.82,562.84,562.76,562.78,115
1742391160,562.78,562.83,562.76,562.79,129
1742391165,562.79,562.86,562.78,562.83,149
1742391170,562.78,562.92,562.78,562.9,87
1742391175,562.93,562.97,562.83,562.84,187
1742391180,562.83,562.94,562.8,562.81,98
1742391185,562.8,562.8,562.66,562.73,203
1742391190,562.78,562.89,562.77,562.89,183
1742391195,562.9,562.91,562.84,562.91,192
1742391200,562.93,562.99,562.9,562.96,196
1742391205,562.99,563.06,562.97,563.06,279
1742391210,563.06,563.23,563.05,563.12,763
1742391215,563.11,563.13,563.05,563.13,163
1742391220,563.2,563.24,563.09,563.1,143
1742391225,563.14,563.16,563.09,563.13,54
1742391230,563.11,563.15,563.07,563.15,91
1742391235,563.1,563.1,563.0,563.1,255
1742391240,563.09,563.09,562.95,563.02,203
1742391245,562.99,563.07,562.96,563.01,149
1742391250,563.0,563.05,562.98,563.04,90
1742391255,563.06,563.06,563.01,563.01,117
1742391260,563.0,563.01,562.92,562.93,44
1742391265,562.92,562.94,562.86,562.88,418
1742391270,562.88,562.9,562.8,562.82,50
1742391275,562.81,562.85,562.72,562.74,566
1742391280,562.72,562.72,562.59,562.65,105
1742391285,562.66,562.67,562.57,562.6,91
1742391290,562.56,562.6,562.51,562.51,65
1742391295,562.54,562.65,562.52,562.61,191
1742391300,562.56,562.73,562.55,562.73,105
1742391305,562.74,562.75,562.68,562.7,83
1742391310,562.69,562.72,562.67,562.72,85
1742391315,562.66,562.69,562.55,562.61,83
1742391320,562.6,562.65,562.57,562.62,62
1742391325,562.62,562.68,562.61,562.67,65
1742391330,562.61,562.65,562.57,562.64,161
1742391335,562.65,562.76,562.65,562.7,100
1742391340,562.72,562.72,562.61,562.64,81
1742391345,562.64,562.73,562.64,562.73,145
1742391350,562.72,562.73,562.66,562.66,67
1742391355,562.64,562.65,562.55,562.55,116
1742391360,562.56,562.7,562.5,562.5,234
1742391365,562.48,562.48,562.29,562.29,534
1742391370,562.38,562.46,562.35,562.42,85
1742391375,562.38,562.43,562.35,562.41,102
1742391380,562.4,562.48,562.38,562.48,82
1742391385,562.46,562.54,562.46,562.54,112
1742391390,562.52,562.52,562.45,562.5,39
1742391395,562.49,562.5,562.2,562.2,116
1742391400,562.24,562.3,562.23,562.27,236
1742391405,562.23,562.25,562.15,562.25,74
1742391410,562.25,562.31,562.22,562.28,216
1742391415,562.33,562.45,562.33,562.45,196
1742391420,562.44,562.45,562.36,562.4,176
1742391425,562.39,562.43,562.21,562.29,129
1742391430,562.26,562.3,562.19,562.2,137
1742391435,562.22,562.34,562.18,562.34,246
1742391440,562.32,562.43,562.31,562.4,115
1742391445,562.4,562.4,562.29,562.34,88
1742391450,562.29,562.31,562.18,562.21,185
1742391455,562.23,562.24,562.16,562.23,225
1742391460,562.23,562.24,562.21,562.24,135
1742391465,562.22,562.22,562.18,562.19,40
1742391470,562.18,562.24,562.18,562.22,226
1742391475,562.22,562.27,562.22,562.25,110
1742391480,562.27,562.29,562.21,562.29,142
1742391485,562.32,562.33,562.19,562.29,92
1742391490,562.3,562.39,562.3,562.37,96
1742391495,562.35,562.39,562.3,562.39,46
1742391500,562.42,562.49,562.42,562.47,167
1742391505,562.49,562.66,562.49,562.65,306
1742391510,562.64,562.67,562.6,562.65,281
1742391515,562.59,562.6,562.54,562.56,97
1742391520,562.55,562.59,562.48,562.53,191
1742391525,562.56,562.67,562.55,562.65,390
1742391530,562.65,562.76,562.65,562.68,187
1742391535,562.69,562.8,562.67,562.73,216
1742391540,562.76,562.79,562.67,562.7,156
1742391545,562.7,562.84,562.69,562.79,121
1742391550,562.83,562.87,562.81,562.87,109
1742391555,562.87,562.91,562.86,562.88,69
1742391560,562.88,562.88,562.7,562.73,188
1742391565,562.73,562.74,562.69,562.69,22
1742391570,562.67,562.69,562.6,562.63,206
1742391575,562.61,562.66,562.59,562.64,194
1742391580,562.55,562.64,562.55,562.62,38
1742391585,562.6,562.68,562.6,562.64,130
1742391590,562.67,562.73,562.64,562.68,167
1742391595,562.68,562.74,562.68,562.73,93
1742391600,562.73,562.92,562.73,562.8,146
1742391605,562.8,562.9,562.8,562.9,180
1742391610,562.9,562.9,562.81,562.81,43
1742391615,562.78,562.8,562.7,562.74,43
1742391620,562.73,562.8,562.73,562.79,65
1742391625,562.72,562.77,562.69,562.77,85
1742391630,562.79,562.82,562.76,562.76,123
1742391635,562.77,562.8,562.7,562.71,80
1742391640,562.77,562.78,562.61,562.63,109
1742391645,562.63,562.63,562.49,562.57,221
1742391650,562.62,562.79,562.62,562.79,151
1742391655,562.74,562.74,562.67,562.67,20
1742391660,562.61,562.66,562.44,562.44,145
1742391665,562.45,562.51,562.36,562.48,220
1742391670,562.46,562.51,562.4,562.51,49
1742391675,562.47,562.52,562.47,562.52,22
1742391680,562.49,562.5,562.45,562.46,104
1742391685,562.47,562.54,562.47,562.49,32
1742391690,562.5,562.5,562.36,562.37,40
1742391695,562.38,562.41,562.38,562.4,29
1742391700,562.42,562.42,562.31,562.34,52
1742391705,562.3,562.39,562.23,562.39,92
1742391710,562.4,562.4,562.36,562.37,82
1742391715,562.37,562.39,562.29,562.33,110
1742391720,562.29,562.31,562.13,562.14,158
1742391725,562.14,562.17,562.0,562.01,567
1742391730,562.02,562.1,562.01,562.06,126
1742391735,562.08,562.16,562.05,562.07,273
1742391740,562.03,562.04,562.0,562.03,139
1742391745,562.07,562.08,561.98,561.98,342
1742391750,561.96,561.97,561.86,561.87,176
1742391755,561.88,561.92,561.85,561.85,172
1742391760,561.87,561.92,561.87,561.91,53
1742391765,561.87,561.87,561.76,561.76,181
1742391770,561.76,561.8,561.75,561.79,220
1742391775,561.81,561.87,561.73,561.86,149
1742391780,561.84,561.92,561.84,561.89,196
1742391785,561.9,561.92,561.85,561.87,81
1742391790,561.9,561.93,561.84,561.85,281
1742391795,561.86,561.86,561.72,561.72,71
1742391800,561.72,561.78,561.65,561.7,191
1742391805,561.67,561.8,561.67,561.79,85
1742391810,561.79,561.88,561.79,561.88,77
1742391815,561.84,561.86,561.79,561.84,188
1742391820,561.79,561.81,561.72,561.73,41
1742391825,561.72,561.79,561.71,561.74,68
1742391830,561.73,561.78,561.72,561.76,204
1742391835,561.78,561.81,561.73,561.81,53
1742391840,561.81,561.83,561.8,561.81,33
1742391845,561.77,561.77,561.69,561.73,63
1742391850,561.73,561.74,561.63,561.67,140
1742391855,561.68,561.76,561.63,561.75,95
1742391860,561.75,561.75,561.67,561.69,155
1742391865,561.72,561.73,561.66,561.66,49
1742391870,561.67,561.68,561.63,561.64,81
1742391875,561.65,561.69,561.63,561.69,137
1742391880,561.69,561.74,561.66,561.73,47
1742391885,561.73,561.83,561.71,561.83,127
1742391890,561.82,561.96,561.81,561.96,97
1742391895,561.95,561.95,561.89,561.9,72
1742391900,561.92,561.93,561.86,561.9,81
1742391905,561.88,561.9,561.88,561.88,65
1742391910,561.92,562.0,561.91,561.94,105
1742391915,561.94,562.09,561.92,562.08,169
1742391920,562.08,562.17,561.99,562.16,229
1742391925,562.14,562.15,562.08,562.13,122
1742391930,562.13,562.25,562.12,562.2,311
1742391935,562.22,562.26,562.19,562.24,57
1742391940,562.25,562.31,562.23,562.24,230
1742391945,562.24,562.3,562.22,562.24,240
1742391950,562.25,562.27,562.21,562.22,150
1742391955,562.19,562.23,562.09,562.13,142
1742391960,562.11,562.24,562.11,562.19,133
1742391965,562.19,563.01,562.1,562.91,2628
1742391970,562.93,562.97,562.66,562.83,579
1742391975,562.86,563.05,562.8,562.83,239
1742391980,562.78,562.78,562.68,562.74,116
1742391985,562.73,562.76,562.63,562.66,134
1742391990,562.67,562.68,562.59,562.64,388
1742391995,562.68,562.78,562.68,562.74,224
1742392000,562.72,562.73,562.66,562.72,97
1742392005,562.75,562.78,562.74,562.74,390
1742392010,562.74,562.96,562.73,562.96,719
1742392015,562.96,563.08,562.96,562.98,165
1742392020,563.01,563.21,563.01,563.15,310
1742392025,563.17,563.23,563.01,563.02,248
1742392030,563.02,563.19,563.02,563.19,189
1742392035,563.2,563.21,563.07,563.07,166
1742392040,563.11,563.11,563.03,563.11,134
1742392045,563.1,563.1,562.91,562.93,91
1742392050,562.94,563.01,562.91,563.01,82
1742392055,563.0,563.07,563.0,563.04,963
1742392060,563.05,563.06,563.02,563.04,785
1742392065,563.04,563.09,563.02,563.05,1680
1742392070,563.06,563.26,563.05,563.2,274
1742392075,563.23,563.35,563.22,563.26,302
1742392080,563.26,563.35,563.23,563.34,190
1742392085,563.37,563.53,563.37,563.53,522
1742392090,563.53,563.55,563.43,563.44,248
1742392095,563.42,563.42,563.32,563.32,164
1742392100,563.31,563.37,563.25,563.35,106
1742392105,563.34,563.43,563.34,563.42,64
1742392110,563.44,563.44,563.39,563.42,106
1742392115,563.43,563.43,563.38,563.38,61
1742392120,563.38,563.38,563.26,563.28,145
1742392125,563.26,563.27,563.23,563.26,86
1742392130,563.26,563.36,563.26,563.33,264
1742392135,563.29,563.32,563.14,563.2,163
1742392140,563.17,563.25,563.16,563.24,62
1742392145,563.23,563.23,563.17,563.17,89
1742392150,563.17,563.27,563.17,563.18,797
1742392155,563.19,563.2,563.05,563.05,177
1742392160,563.05,563.13,563.03,563.11,213
1742392165,563.13,563.22,563.12,563.21,61
1742392170,563.21,563.28,563.17,563.26,76
1742392175,563.24,563.26,563.15,563.15,139
1742392180,563.15,563.24,563.14,563.24,53
1742392185,563.15,563.17,563.11,563.12,41
1742392190,563.13,563.23,563.13,563.19,85
1742392195,563.2,563.24,563.19,563.24,116
1742392200,563.26,563.33,563.24,563.33,71
1742392205,563.3,563.31,563.22,563.25,100
1742392210,563.3,563.42,563.28,563.28,172
1742392215,563.27,563.43,563.25,563.4,125
1742392220,563.42,563.44,563.32,563.33,105
1742392225,563.35,563.39,563.25,563.3,273
1742392230,563.34,563.35,563.25,563.32,87
1742392235,563.32,563.35,563.19,563.19,156
1742392240,563.21,563.33,563.18,563.33,70
1742392245,563.31,563.31,563.2,563.2,127
1742392250,563.2,563.2,563.15,563.18,93
1742392255,563.18,563.2,563.13,563.16,345
1742392260,563.12,563.12,563.05,563.1,83
1742392265,563.09,563.2,563.08,563.19,58
1742392270,563.13,563.22,563.11,563.22,70
1742392275,563.27,563.32,563.27,563.28,61
1742392280,563.3,563.31,563.23,563.23,293
1742392285,563.25,563.25,563.18,563.2,139
1742392290,563.21,563.21,563.16,563.16,51
1742392295,563.17,563.17,563.08,563.13,87
1742392300,563.13,563.23,563.13,563.23,12
1742392305,563.21,563.24,563.19,563.19,74
1742392310,563.19,563.26,563.18,563.19,94
1742392315,563.21,563.32,563.19,563.32,402
1742392320,563.27,563.36,563.22,563.34,318
1742392325,563.36,563.36,563.28,563.32,192
1742392330,563.33,563.35,563.29,563.31,148
1742392335,563.33,563.36,563.33,563.34,26
1742392340,563.32,563.34,563.23,563.24,165
1742392345,563.23,563.23,563.19,563.19,122
1742392350,563.2,563.2,563.17,563.19,86
1742392355,563.18,563.27,563.1,563.27,195
1742392360,563.33,563.42,563.33,563.41,138
1742392365,563.42,563.42,563.39,563.41,135
1742392370,563.42,563.53,563.42,563.51,298
1742392375,563.53,563.54,563.41,563.5,112
1742392380,563.53,563.62,563.53,563.6,137
1742392385,563.61,563.62,563.46,563.48,83
1742392390,563.53,563.66,563.53,563.63,92
1742392395,563.65,563.71,563.61,563.66,114
1742392400,563.64,563.71,563.63,563.68,98
1742392405,563.68,563.76,563.67,563.73,138
1742392410,563.71,563.77,563.64,563.76,203
1742392415,563.74,563.77,563.72,563.72,54
1742392420,563.71,563.82,563.71,563.76,556
1742392425,563.74,563.74,563.69,563.73,76
1742392430,563.73,563.75,563.7,563.73,42
1742392435,563.76,563.76,563.73,563.74,63
1742392440,563.73,564.16,563.73,564.04,792
1742392445,564.02,564.1,564.02,564.09,144
1742392450,564.14,564.22,564.11,564.19,116
1742392455,564.21,564.28,564.19,564.26,386
1742392460,564.26,564.31,564.23,564.27,361
1742392465,564.29,564.29,564.19,564.19,214
1742392470,564.2,564.27,564.17,564.19,116
1742392475,564.18,564.29,564.15,564.29,67
1742392480,564.26,564.28,564.23,564.24,234
1742392485,564.24,564.31,564.23,564.28,194
1742392490,564.26,564.34,564.25,564.3,147
1742392495,564.28,564.32,564.21,564.22,282
1742392500,564.21,564.26,564.2,564.24,62
1742392505,564.22,564.28,564.18,564.23,293
1742392510,564.22,564.25,564.17,564.19,212
1742392515,564.19,564.2,564.11,564.2,195
1742392520,564.16,564.2,564.16,564.18,137
1742392525,564.18,564.18,564.15,564.15,102
1742392530,564.14,564.22,564.13,564.16,291
1742392535,564.22,564.29,564.2,564.23,72
1742392540,564.23,564.31,564.23,564.27,181
1742392545,564.24,564.26,564.18,564.23,264
1742392550,564.23,564.3,564.21,564.3,417
1742392555,564.32,564.35,564.25,564.25,58
1742392560,564.28,564.4,564.28,564.4,152
1742392565,564.41,564.42,564.27,564.32,246
1742392570,564.3,564.33,564.24,564.3,160
1742392575,564.29,564.32,564.29,564.3,59
1742392580,564.31,564.4,564.31,564.34,144
1742392585,564.35,564.36,564.28,564.3,97
1742392590,564.31,564.37,564.29,564.35,69
1742392595,564.36,564.37,564.35,564.36,97
1742392600,564.35,564.37,564.26,564.26,117
1742392605,564.27,564.36,564.27,564.35,221
1742392610,564.35,564.36,564.31,564.34,103
1742392615,564.36,564.4,564.35,564.38,87
1742392620,564.38,564.45,564.29,564.29,237
1742392625,564.31,564.35,564.27,564.35,137
1742392630,564.33,564.38,564.27,564.32,152
1742392635,564.32,564.34,564.27,564.28,75
1742392640,564.3,564.32,564.28,564.32,57
1742392645,564.32,564.33,564.28,564.29,129
1742392650,564.29,564.34,564.28,564.3,146
1742392655,564.29,564.3,564.2,564.21,282
1742392660,564.16,564.23,564.16,564.21,96
1742392665,564.21,564.28,564.14,564.21,959
1742392670,564.24,564.3,564.23,564.25,115
1742392675,564.26,564.34,564.26,564.29,104
1742392680,564.28,564.32,564.2,564.21,163
1742392685,564.2,564.25,564.19,564.21,98
1742392690,564.21,564.29,564.21,564.25,95
1742392695,564.25,564.25,564.1,564.1,233
1742392700,564.12,564.12,563.99,563.99,773
1742392705,563.99,564.13,563.97,564.13,283
1742392710,564.12,564.15,564.1,564.14,36
1742392715,564.13,564.14,564.09,564.14,98
1742392720,564.14,564.15,564.11,564.11,40
1742392725,564.12,564.21,564.12,564.2,138
1742392730,564.21,564.23,564.18,564.2,132
1742392735,564.19,564.19,564.08,564.12,143
1742392740,564.12,564.18,564.11,564.15,154
1742392745,564.14,564.15,563.95,563.95,235
1742392750,563.94,563.98,563.91,563.93,204
1742392755,563.92,563.95,563.9,563.94,219
1742392760,563.94,564.09,563.92,564.08,164
1742392765,564.05,564.1,564.05,564.08,172
1742392770,564.08,564.15,564.02,564.04,187
1742392775,564.01,564.05,564.0,564.04,94
1742392780,564.02,564.04,563.95,564.0,113
1742392785,564.01,564.12,564.01,564.04,61
1742392790,564.04,564.07,564.03,564.07,42
1742392795,564.05,564.05,563.9,563.92,608
1742392800,563.94,564.23,563.94,564.17,191
1742392805,564.19,564.2,564.13,564.2,87
1742392810,564.21,564.25,564.18,564.25,112
1742392815,564.25,564.27,564.22,564.22,82
1742392820,564.21,564.23,564.11,564.11,74
1742392825,564.11,564.15,564.09,564.14,81
1742392830,564.13,564.14,564.08,564.08,32
1742392835,564.14,564.14,564.1,564.12,95
1742392840,564.11,564.22,564.09,564.19,202
1742392845,564.15,564.17,564.13,564.16,48
1742392850,564.14,564.23,564.14,564.23,72
1742392855,564.22,564.23,564.19,564.2,47
1742392860,564.19,564.27,564.17,564.27,87
1742392865,564.25,564.3,564.25,564.27,83
1742392870,564.24,564.27,564.19,564.19,148
1742392875,564.2,564.27,564.18,564.25,40
1742392880,564.22,564.22,564.15,564.16,33
1742392885,564.23,564.33,564.19,564.33,90
1742392890,564.35,564.4,564.35,564.35,143
1742392895,564.34,564.38,564.3,564.37,122
1742392900,564.39,564.48,564.39,564.48,273
1742392905,564.47,564.5,564.44,564.5,82
1742392910,564.5,564.51,564.44,564.44,149
1742392915,564.44,564.47,564.4,564.46,133
1742392920,564.45,564.5,564.4,564.5,174
1742392925,564.46,564.55,564.45,564.5,371
1742392930,564.51,564.53,564.46,564.47,162
1742392935,564.47,564.48,564.39,564.41,426
1742392940,564.4,564.43,564.38,564.39,133
1742392945,564.39,564.55,564.38,564.51,267
1742392950,564.48,564.49,564.39,564.4,230
1742392955,564.42,564.43,564.4,564.42,169
1742392960,564.42,564.52,564.41,564.47,151
1742392965,564.46,564.5,564.46,564.46,187
1742392970,564.46,564.46,564.43,564.45,86
1742392975,564.44,564.44,564.39,564.4,220
1742392980,564.39,564.49,564.39,564.49,224
1742392985,564.45,564.46,564.42,564.46,56
1742392990,564.49,564.54,564.49,564.53,164
1742392995,564.5,564.52,564.46,564.48,151
1742393000,564.49,564.49,564.46,564.48,68
1742393005,564.46,564.46,564.42,564.43,108
1742393010,564.43,564.47,564.37,564.38,218
1742393015,564.38,564.41,564.38,564.39,139
1742393020,564.39,564.51,564.38,564.48,96
1742393025,564.48,564.56,564.47,564.53,290
1742393030,564.5,564.5,564.45,564.45,45
1742393035,564.47,564.49,564.43,564.44,117
1742393040,564.46,564.51,564.43,564.49,147
1742393045,564.49,564.62,564.48,564.58,267
1742393050,564.56,564.58,564.51,564.53,92
1742393055,564.57,564.64,564.57,564.6,51
1742393060,564.61,564.68,564.61,564.66,303
1742393065,564.63,564.65,564.61,564.62,104
1742393070,564.62,564.63,564.57,564.58,123
1742393075,564.58,564.61,564.58,564.61,70
1742393080,564.6,564.63,564.58,564.62,164
1742393085,564.64,564.64,564.58,564.61,314
1742393090,564.58,564.6,564.58,564.6,156
1742393095,564.57,564.6,564.52,564.53,113
1742393100,564.56,564.56,564.46,564.53,102
1742393105,564.56,564.59,564.53,564.55,174
1742393110,564.54,564.58,564.54,564.57,161
1742393115,564.55,564.57,564.54,564.56,249
1742393120,564.57,564.62,564.53,564.55,289
1742393125,564.55,564.57,564.51,564.57,55
1742393130,564.55,564.57,564.53,564.54,51
1742393135,564.55,564.6,564.54,564.59,89
1742393140,564.61,564.64,564.59,564.62,151
1742393145,564.62,564.81,564.62,564.8,459
1742393150,564.79,564.8,564.76,564.78,63
1742393155,564.76,564.77,564.65,564.65,147
1742393160,564.65,564.81,564.65,564.78,273
1742393165,564.8,564.84,564.64,564.75,250
1742393170,564.76,564.8,564.76,564.77,135
1742393175,564.76,564.77,564.72,564.73,99
1742393180,564.72,564.76,564.71,564.74,61
1742393185,564.73,564.78,564.73,564.78,107
1742393190,564.8,564.85,564.79,564.79,77
1742393195,564.78,564.8,564.74,564.75,60
1742393200,564.76,564.82,564.76,564.77,42
1742393205,564.84,564.89,564.81,564.83,167
1742393210,564.83,564.86,564.82,564.84,154
1742393215,564.86,564.94,564.86,564.93,411
1742393220,564.94,564.99,564.93,564.99,309
1742393225,564.99,565.19,564.99,565.09,1250
1742393230,565.09,565.1,565.06,565.07,121
1742393235,565.07,565.15,565.07,565.1,160
1742393240,565.11,565.19,565.11,565.18,129
1742393245,565.18,565.23,565.16,565.21,151
1742393250,565.23,565.23,565.13,565.2,170
1742393255,565.19,565.2,565.14,565.16,52
1742393260,565.15,565.2,565.14,565.19,91
1742393265,565.17,565.17,565.11,565.12,100
1742393270,565.1,565.13,565.09,565.09,49
1742393275,565.09,565.1,565.05,565.06,97
1742393280,565.08,565.08,564.89,564.89,193
1742393285,564.89,564.9,564.78,564.79,279
1742393290,564.78,564.79,564.7,564.71,584
1742393295,564.73,564.89,564.71,564.88,717
1742393300,564.88,564.92,564.8,564.8,368
1742393305,564.81,564.81,564.76,564.79,71
1742393310,564.76,564.79,564.73,564.78,87
1742393315,564.78,564.85,564.77,564.78,92
1742393320,564.79,564.89,564.77,564.86,57
1742393325,564.87,564.99,564.87,564.99,125
1742393330,564.96,564.96,564.86,564.87,56
1742393335,564.87,564.95,564.87,564.93,50
1742393340,564.93,565.07,564.91,565.07,172
1742393345,565.05,565.14,565.05,565.14,110
1742393350,565.18,565.2,565.16,565.16,101
1742393355,565.15,565.2,565.13,565.14,265
1742393360,565.17,565.19,565.12,565.16,150
1742393365,565.18,565.22,565.18,565.22,56
1742393370,565.23,565.24,565.21,565.22,75
1742393375,565.24,565.3,565.22,565.25,293
1742393380,565.27,565.38,565.26,565.33,472
1742393385,565.34,565.36,565.22,565.23,204
1742393390,565.24,565.25,565.2,565.23,103
1742393395,565.23,565.29,565.2,565.27,236
1742393400,565.28,565.3,565.23,565.27,125
1742393405,565.21,565.21,565.07,565.12,197
1742393410,565.14,565.19,565.13,565.18,78
1742393415,565.22,565.23,565.17,565.23,44
1742393420,565.22,565.29,565.22,565.22,120
1742393425,565.22,565.24,565.2,565.21,130
1742393430,565.22,565.26,565.21,565.23,83
1742393435,565.21,565.28,565.19,565.25,119
1742393440,565.21,565.22,565.11,565.11,172
1742393445,565.12,565.15,565.09,565.12,83
1742393450,565.13,565.16,565.12,565.15,101
1742393455,565.15,565.19,565.13,565.13,142
1742393460,565.13,565.2,565.11,565.16,130
1742393465,565.09,565.09,565.0,565.02,186
1742393470,564.98,565.03,564.97,564.98,141
1742393475,564.98,565.0,564.9,564.9,611
1742393480,564.9,564.9,564.83,564.9,268
1742393485,564.92,565.0,564.92,565.0,205
1742393490,565.02,565.09,565.01,565.02,105
1742393495,565.02,565.05,564.99,565.0,64
1742393500,565.03,565.1,565.03,565.04,155
1742393505,565.1,565.13,565.07,565.13,216
1742393510,565.13,565.16,565.13,565.16,32
1742393515,565.14,565.17,565.14,565.16,65
1742393520,565.17,565.22,565.13,565.15,128
1742393525,565.15,565.17,565.12,565.17,116
1742393530,565.19,565.19,565.15,565.17,62
1742393535,565.19,565.19,565.14,565.14,108
1742393540,565.09,565.13,565.09,565.1,37
1742393545,565.07,565.07,564.91,564.91,243
1742393550,564.88,564.89,564.79,564.88,177
1742393555,564.88,564.94,564.88,564.91,188
1742393560,564.91,564.94,564.9,564.93,193
1742393565,564.97,564.98,564.93,564.93,55
1742393570,564.82,564.87,564.82,564.83,46
1742393575,564.82,564.86,564.79,564.82,328
1742393580,564.8,564.89,564.8,564.85,45
1742393585,564.86,564.92,564.85,564.92,44
1742393590,564.92,565.04,564.92,564.99,140
1742393595,564.99,565.02,564.88,564.88,57
1742393600,564.92,564.92,564.83,564.83,65
1742393605,564.88,564.9,564.88,564.9,43
1742393610,564.9,564.9,564.83,564.83,57
1742393615,564.82,564.84,564.74,564.77,223
1742393620,564.78,564.87,564.76,564.84,167
1742393625,564.82,564.88,564.82,564.83,96
1742393630,564.85,564.9,564.79,564.8,72
1742393635,564.83,564.83,564.73,564.73,53
1742393640,564.78,564.8,564.63,564.63,262
1742393645,564.65,564.7,564.59,564.69,334
1742393650,564.69,564.75,564.67,564.75,539
1742393655,564.76,564.83,564.76,564.82,286
1742393660,564.79,564.8,564.74,564.8,123
1742393665,564.8,564.85,564.79,564.83,166
1742393670,564.83,564.89,564.81,564.81,91
1742393675,564.78,564.84,564.78,564.84,46
1742393680,564.86,564.88,564.82,564.85,83
1742393685,564.86,564.89,564.83,564.89,73
1742393690,564.88,564.91,564.88,564.91,140
1742393695,564.89,564.91,564.88,564.88,38
1742393700,564.91,564.95,564.84,564.95,124
1742393705,564.91,564.91,564.88,564.88,47
1742393710,564.85,564.89,564.85,564.89,43
1742393715,564.89,564.96,564.89,564.95,219
1742393720,564.93,564.94,564.89,564.89,54
1742393725,564.84,564.91,564.84,564.87,365
1742393730,564.89,564.96,564.88,564.95,72
1742393735,564.92,564.99,564.92,564.95,110
1742393740,564.95,564.96,564.92,564.92,31
1742393745,564.94,565.01,564.94,565.01,99
1742393750,565.0,565.01,564.96,564.96,55
1742393755,564.99,564.99,564.94,564.97,58
1742393760,564.97,564.99,564.96,564.99,38
1742393765,564.99,565.08,564.99,565.03,113
1742393770,565.02,565.04,564.92,564.97,83
1742393775,564.97,564.97,564.91,564.96,39
1742393780,564.95,564.95,564.87,564.89,89
1742393785,564.88,564.88,564.77,564.77,70
1742393790,564.77,564.78,564.63,564.68,195
1742393795,564.71,564.72,564.61,564.67,304
1742393800,564.67,564.74,564.66,564.74,385
1742393805,564.75,564.85,564.75,564.85,85
1742393810,564.84,564.85,564.81,564.85,94
1742393815,564.85,564.86,564.82,564.85,129
1742393820,564.85,564.85,564.74,564.84,92
1742393825,564.84,564.93,564.83,564.92,141
1742393830,564.9,564.9,564.79,564.8,177
1742393835,564.78,564.86,564.77,564.86,114
1742393840,564.86,564.87,564.78,564.79,96
1742393845,564.84,564.89,564.8,564.81,113
1742393850,564.8,564.84,564.8,564.84,32
1742393855,564.83,564.83,564.72,564.73,47
1742393860,564.75,564.75,564.71,564.74,45
1742393865,564.71,564.71,564.63,564.68,169
1742393870,564.7,564.75,564.66,564.75,167
1742393875,564.74,564.82,564.68,564.79,114
1742393880,564.82,564.85,564.8,564.84,76
1742393885,564.85,564.87,564.84,564.87,77
1742393890,564.89,564.94,564.87,564.88,233
1742393895,564.88,564.92,564.88,564.9,142
1742393900,564.91,564.91,564.84,564.84,51
1742393905,564.83,564.88,564.83,564.87,76
1742393910,564.88,564.94,564.82,564.84,347
1742393915,564.82,564.82,564.68,564.72,109
1742393920,564.72,564.72,564.68,564.68,30
1742393925,564.71,564.77,564.71,564.77,82
1742393930,564.79,564.82,564.72,564.72,94
1742393935,564.73,564.74,564.7,564.73,45
1742393940,564.72,564.76,564.66,564.66,585
1742393945,564.69,564.8,564.69,564.8,105
1742393950,564.78,564.95,564.78,564.94,213
1742393955,564.95,564.97,564.94,564.97,98
1742393960,564.97,565.06,564.96,565.06,203
1742393965,565.03,565.07,565.01,565.05,97
1742393970,565.04,565.06,565.02,565.05,121
1742393975,565.03,565.07,565.03,565.07,87
1742393980,565.08,565.09,565.03,565.05,47
1742393985,565.06,565.07,564.97,564.98,136
1742393990,564.98,564.99,564.94,564.96,82
1742393995,564.96,565.09,564.96,565.09,745
1742394000,565.08,565.11,564.98,565.01,224
1742394005,565.02,565.08,565.01,565.08,36
1742394010,565.08,565.11,565.02,565.04,156
1742394015,565.05,565.12,565.05,565.09,65
1742394020,565.07,565.09,565.04,565.06,96
1742394025,565.03,565.03,564.92,564.94,52
1742394030,564.91,564.94,564.9,564.9,37
1742394035,564.9,565.06,564.9,565.03,517
1742394040,564.99,565.11,564.99,565.06,55
1742394045,565.07,565.18,565.06,565.18,109
1742394050,565.19,565.21,565.15,565.16,161
1742394055,565.16,565.17,565.11,565.14,150
1742394060,565.12,565.17,565.1,565.16,162
1742394065,565.16,565.16,564.97,564.98,68
1742394070,564.98,565.01,564.91,564.92,68
1742394075,564.92,564.92,564.8,564.81,283
1742394080,564.84,564.92,564.84,564.9,73
1742394085,564.9,564.95,564.89,564.95,103
1742394090,564.93,564.98,564.92,564.97,27
1742394095,564.98,565.01,564.96,564.97,228
1742394100,564.98,565.05,564.96,565.05,50
1742394105,565.04,565.05,564.98,565.0,89
1742394110,565.02,565.02,564.96,565.0,18
1742394115,564.98,564.98,564.96,564.96,15
1742394120,564.94,565.0,564.94,565.0,64
1742394125,565.03,565.06,564.97,564.98,43
1742394130,564.98,564.98,564.9,564.9,32
1742394135,564.91,564.91,564.86,564.86,33
1742394140,564.86,564.94,564.85,564.94,48
1742394145,564.94,564.97,564.93,564.97,67
1742394150,564.9,564.9,564.85,564.86,42
1742394155,564.84,564.88,564.82,564.85,60
1742394160,564.86,564.86,564.82,564.85,60
1742394165,564.85,564.9,564.82,564.9,107
1742394170,565.01,565.02,565.0,565.02,47
1742394175,564.98,564.99,564.98,564.98,32
1742394180,564.99,565.07,564.98,565.07,142
1742394185,565.07,565.12,565.06,565.08,135
1742394190,565.08,565.09,565.06,565.09,31
1742394195,565.09,565.09,565.02,565.08,82
1742394200,565.05,565.1,565.04,565.07,69
1742394205,565.04,565.06,565.03,565.05,29
1742394210,565.03,565.05,565.01,565.02,36
1742394215,565.02,565.04,564.96,564.96,72
1742394220,564.97,565.0,564.92,564.98,47
1742394225,564.99,565.0,564.99,565.0,12
1742394230,565.0,565.04,564.99,565.0,41
1742394235,564.99,565.0,564.98,565.0,39
1742394240,565.0,565.05,564.95,565.03,391
1742394245,565.02,565.03,564.97,565.02,151
1742394250,565.01,565.01,564.96,564.97,77
1742394255,564.95,565.02,564.93,564.98,112
1742394260,564.98,564.98,564.87,564.91,804
1742394265,564.92,564.94,564.87,564.88,105
1742394270,564.9,564.93,564.87,564.91,125
1742394275,564.92,564.96,564.91,564.96,63
1742394280,564.95,564.95,564.93,564.94,42
1742394285,564.95,564.95,564.87,564.92,77
1742394290,564.92,564.94,564.87,564.94,40
1742394295,564.95,564.95,564.87,564.91,107
1742394300,564.95,564.95,564.72,564.8,134
1742394305,564.76,564.77,564.7,564.74,240
1742394310,564.74,564.83,564.74,564.8,59
1742394315,564.78,564.85,564.76,564.8,123
1742394320,564.81,564.9,564.81,564.88,97
1742394325,564.89,564.89,564.82,564.89,48
1742394330,564.86,564.89,564.86,564.88,131
1742394335,564.89,564.97,564.86,564.95,104
1742394340,564.94,564.96,564.9,564.9,45
1742394345,564.89,564.93,564.89,564.9,77
1742394350,564.87,564.95,564.87,564.93,77
1742394355,564.93,565.0,564.93,564.96,251
1742394360,564.96,565.03,564.95,564.99,153
1742394365,564.96,564.97,564.85,564.89,50
1742394370,564.88,564.95,564.87,564.95,101
1742394375,564.98,565.03,564.98,565.03,88
1742394380,565.0,565.06,564.98,565.04,232
1742394385,565.03,565.05,565.01,565.04,96
1742394390,565.03,565.03,564.91,564.93,68
1742394395,564.89,564.89,564.73,564.75,192
1742394400,564.71,564.72,564.65,564.65,136
1742394405,564.66,564.75,564.66,564.74,87
1742394410,564.75,564.8,564.74,564.8,63
1742394415,564.8,564.85,564.79,564.82,110
1742394420,564.79,564.82,564.79,564.8,19
1742394425,564.79,564.79,564.61,564.67,273
1742394430,564.71,564.8,564.7,564.8,50
1742394435,564.79,564.79,564.74,564.77,91
1742394440,564.78,564.79,564.72,564.79,110
1742394445,564.8,564.81,564.72,564.74,25
1742394450,564.74,564.83,564.72,564.72,124
1742394455,564.73,564.75,564.69,564.69,32
1742394460,564.71,564.73,564.7,564.7,47
1742394465,564.71,564.71,564.57,564.64,245
1742394470,564.66,564.67,564.57,564.57,160
1742394475,564.6,564.74,564.53,564.74,240
1742394480,564.74,564.75,564.59,564.63,668
1742394485,564.65,564.7,564.63,564.69,124
1742394490,564.7,564.71,564.66,564.68,188
1742394495,564.66,564.68,564.63,564.66,347
1742394500,564.64,564.72,564.6,564.6,150
1742394505,564.57,564.73,564.56,564.73,396
1742394510,564.7,564.7,564.65,564.66,48
1742394515,564.68,564.74,564.68,564.74,259
1742394520,564.72,564.75,564.64,564.71,94
1742394525,564.73,564.75,564.68,564.72,46
1742394530,564.74,564.76,564.67,564.69,186
1742394535,564.71,564.75,564.68,564.69,90
1742394540,564.73,564.81,564.73,564.79,238
1742394545,564.77,564.81,564.77,564.81,194
1742394550,564.79,564.79,564.7,564.75,108
1742394555,564.75,564.75,564.59,564.59,228
1742394560,564.59,564.65,564.55,564.63,347
1742394565,564.63,564.69,564.62,564.64,147
1742394570,564.63,564.63,564.58,564.59,34
1742394575,564.57,564.6,564.55,564.55,57
1742394580,564.57,564.59,564.54,564.59,66
1742394585,564.59,564.59,564.41,564.41,429
1742394590,564.41,564.49,564.41,564.49,283
1742394595,564.49,564.53,564.48,564.48,107
1742394600,564.5,564.61,564.48,564.61,269
1742394605,564.64,564.64,564.45,564.45,226
1742394610,564.45,564.51,564.3,564.49,357
1742394615,564.52,564.61,564.51,564.59,105
1742394620,564.58,564.58,564.49,564.52,336
1742394625,564.5,564.59,564.48,564.48,175
1742394630,564.47,564.51,564.46,564.48,49
1742394635,564.47,564.55,564.46,564.53,108
1742394640,564.51,564.51,564.44,564.46,42
1742394645,564.46,564.61,564.46,564.6,159
1742394650,564.59,564.67,564.59,564.61,72
1742394655,564.64,564.67,564.58,564.59,60
1742394660,564.59,564.64,564.55,564.56,100
1742394665,564.57,564.6,564.56,564.59,116
1742394670,564.61,564.64,564.57,564.63,40
1742394675,564.63,564.67,564.63,564.66,45
1742394680,564.67,564.71,564.64,564.68,114
1742394685,564.7,564.8,564.69,564.75,55
1742394690,564.76,564.77,564.72,564.75,469
1742394695,564.77,564.77,564.71,564.71,230
1742394700,564.65,564.66,564.59,564.59,101
1742394705,564.58,564.63,564.57,564.63,61
1742394710,564.66,564.66,564.61,564.61,24
1742394715,564.59,564.59,564.54,564.58,100
1742394720,564.58,564.6,564.58,564.59,29
1742394725,564.6,564.61,564.55,564.56,60
1742394730,564.55,564.57,564.5,564.54,83
1742394735,564.57,564.59,564.57,564.57,72
1742394740,564.59,564.62,564.54,564.62,96
1742394745,564.63,564.66,564.59,564.61,118
1742394750,564.63,564.71,564.61,564.7,73
1742394755,564.67,564.68,564.65,564.65,91
1742394760,564.67,564.75,564.67,564.75,73
1742394765,564.75,564.87,564.74,564.87,123
1742394770,564.85,564.85,564.76,564.76,96
1742394775,564.74,564.8,564.72,564.73,196
1742394780,564.74,564.74,564.68,564.7,62
1742394785,564.7,564.7,564.65,564.65,77
1742394790,564.59,564.61,564.55,564.61,121
1742394795,564.61,564.61,564.58,564.61,41
1742394800,564.62,564.64,564.59,564.64,98
1742394805,564.65,564.71,564.65,564.7,64
1742394810,564.71,564.74,564.7,564.71,45
1742394815,564.72,564.78,564.72,564.76,94
1742394820,564.76,564.76,564.7,564.71,70
1742394825,564.69,564.7,564.65,564.65,50
1742394830,564.68,564.69,564.66,564.67,122
1742394835,564.69,564.72,564.68,564.72,36
1742394840,564.72,564.72,564.68,564.72,167
1742394845,564.73,564.75,564.7,564.74,140
1742394850,564.73,564.75,564.65,564.65,119
1742394855,564.65,564.66,564.59,564.65,181
1742394860,564.65,564.66,564.63,564.66,48
1742394865,564.66,564.66,564.58,564.58,60
1742394870,564.58,564.61,564.53,564.55,98
1742394875,564.54,564.54,564.5,564.54,84
1742394880,564.52,564.55,564.51,564.51,38
1742394885,564.51,564.54,564.5,564.54,85
1742394890,564.54,564.6,564.53,564.6,34
1742394895,564.6,564.62,564.59,564.59,58
1742394900,564.58,564.7,564.57,564.7,35
1742394905,564.71,564.78,564.7,564.75,122
1742394910,564.74,564.74,564.71,564.72,59
1742394915,564.72,564.72,564.68,564.68,56
1742394920,564.64,564.64,564.53,564.54,60
1742394925,564.52,564.53,564.49,564.51,53
1742394930,564.53,564.66,564.51,564.66,199
1742394935,564.67,564.67,564.51,564.51,61
1742394940,564.5,564.5,564.44,564.46,92
1742394945,564.43,564.44,564.34,564.37,422
1742394950,564.37,564.43,564.37,564.41,36
1742394955,564.4,564.48,564.4,564.44,52
1742394960,564.44,564.44,564.39,564.39,111
1742394965,564.44,564.51,564.43,564.43,48
1742394970,564.44,564.47,564.41,564.47,56
1742394975,564.48,564.53,564.43,564.44,68
1742394980,564.46,564.47,564.45,564.47,27
1742394985,564.44,564.45,564.42,564.44,23
1742394990,564.44,564.47,564.43,564.46,17
1742394995,564.44,564.48,564.44,564.47,29
1742395000,564.49,564.63,564.48,564.6,71
1742395005,564.6,564.6,564.57,564.57,22
1742395010,564.56,564.56,564.52,564.52,62
1742395015,564.53,564.55,564.52,564.55,94
1742395020,564.55,564.56,564.46,564.47,126
1742395025,564.51,564.52,564.51,564.52,9
1742395030,564.55,564.7,564.54,564.68,86
1742395035,564.65,564.65,564.51,564.57,73
1742395040,564.56,564.58,564.55,564.57,44
1742395045,564.58,564.64,564.58,564.61,42
1742395050,564.61,564.62,564.59,564.62,75
1742395055,564.63,564.63,564.6,564.63,96
1742395060,564.63,564.64,564.61,564.62,120
1742395065,564.62,564.62,564.58,564.58,48
1742395070,564.6,564.61,564.55,564.58,43
1742395075,564.57,564.62,564.57,564.59,42
1742395080,564.62,564.69,564.62,564.64,47
1742395085,564.64,564.66,564.59,564.59,27
1742395090,564.59,564.66,564.59,564.66,234
1742395095,564.67,564.71,564.66,564.7,61
1742395100,564.73,564.74,564.61,564.62,94
1742395105,564.62,564.62,564.54,564.6,83
1742395110,564.52,564.57,564.52,564.57,25
1742395115,564.57,564.57,564.48,564.48,96
1742395120,564.47,564.52,564.47,564.5,93
1742395125,564.49,564.5,564.4,564.41,169
1742395130,564.4,564.47,564.4,564.45,56
1742395135,564.45,564.48,564.4,564.43,179
1742395140,564.42,564.46,564.39,564.42,174
1742395145,564.43,564.48,564.43,564.47,50
1742395150,564.45,564.47,564.36,564.36,70
1742395155,564.37,564.42,564.33,564.42,84
1742395160,564.42,564.49,564.42,564.49,50
1742395165,564.5,564.51,564.48,564.48,101
1742395170,564.46,564.46,564.46,564.46,2
1742395175,564.45,564.47,564.42,564.43,53
1742395180,564.46,564.46,564.43,564.43,25
1742395185,564.41,564.41,564.38,564.4,7
1742395190,564.41,564.42,564.3,564.33,163
1742395195,564.36,564.4,564.36,564.4,51
1742395200,564.4,564.51,564.4,564.51,70
1742395205,564.52,564.57,564.51,564.55,85
1742395210,564.56,564.56,564.49,564.49,134
1742395215,564.52,564.52,564.48,564.48,56
1742395220,564.49,564.49,564.47,564.48,20
1742395225,564.45,564.5,564.44,564.44,30
1742395230,564.48,564.48,564.47,564.47,16
1742395235,564.45,564.5,564.44,564.49,38
1742395240,564.43,564.44,564.42,564.43,7
1742395245,564.45,564.46,564.43,564.45,72
1742395250,564.45,564.46,564.43,564.45,81
1742395255,564.48,564.49,564.39,564.39,35
1742395260,564.45,564.46,564.44,564.46,30
1742395265,564.46,564.46,564.43,564.46,33
1742395270,564.4,564.44,564.4,564.43,44
1742395275,564.43,564.43,564.41,564.41,37
1742395280,564.44,564.47,564.43,564.43,32
1742395285,564.45,564.47,564.44,564.45,37
1742395290,564.46,564.48,564.45,564.48,89
1742395295,564.48,564.49,564.44,564.46,53
1742395300,564.42,564.42,564.41,564.42,22
1742395305,564.41,564.41,564.25,564.27,132
1742395310,564.3,564.3,564.25,564.27,55
1742395315,564.25,564.25,564.08,564.11,143
1742395320,564.07,564.17,564.06,564.1,122
1742395325,564.12,564.16,564.08,564.13,716
1742395330,564.14,564.21,564.13,564.21,141
1742395335,564.2,564.24,564.17,564.17,87
1742395340,564.14,564.24,564.14,564.24,116
1742395345,564.2,564.23,564.16,564.17,396
1742395350,564.16,564.17,564.0,564.0,214
1742395355,563.98,564.01,563.93,563.96,293
1742395360,563.94,564.05,563.92,564.01,943
1742395365,563.99,564.04,563.91,563.94,127
1742395370,563.91,564.05,563.9,564.03,72
1742395375,564.01,564.08,564.01,564.05,88
1742395380,564.06,564.15,564.06,564.15,86
1742395385,564.09,564.11,564.05,564.11,57
1742395390,564.09,564.11,564.08,564.11,152
1742395395,564.11,564.12,564.09,564.12,72
1742395400,564.09,564.11,564.03,564.03,35
1742395405,563.99,564.0,563.94,563.95,90
1742395410,563.9,563.92,563.84,563.91,263
1742395415,563.92,564.1,563.91,564.07,135
1742395420,564.07,564.1,564.0,564.03,201
1742395425,564.05,564.05,564.0,564.02,30
1742395430,563.99,564.02,563.99,563.99,39
1742395435,563.99,564.07,563.98,564.07,184
1742395440,564.03,564.09,564.02,564.07,32
1742395445,564.04,564.04,563.98,563.99,86
1742395450,563.96,564.01,563.96,563.99,89
1742395455,563.99,564.03,563.98,563.98,32
1742395460,563.97,563.97,563.83,563.88,213
1742395465,563.85,563.9,563.84,563.84,244
1742395470,563.86,563.89,563.86,563.87,35
1742395475,563.83,563.86,563.74,563.74,373
1742395480,563.76,563.89,563.76,563.88,135
1742395485,563.87,563.88,563.86,563.88,157
1742395490,563.86,563.88,563.82,563.82,166
1742395495,563.84,563.99,563.84,563.99,95
1742395500,563.99,563.99,563.83,563.87,87
1742395505,563.89,563.89,563.86,563.89,64
1742395510,563.86,563.86,563.8,563.81,73
1742395515,563.82,563.87,563.77,563.8,80
1742395520,563.79,563.88,563.78,563.87,58
1742395525,563.85,563.85,563.75,563.81,34
1742395530,563.86,563.88,563.8,563.88,673
1742395535,563.86,563.86,563.78,563.8,132
1742395540,563.77,563.85,563.77,563.85,74
1742395545,563.85,563.85,563.8,563.8,17
1742395550,563.81,563.85,563.77,563.8,1392
1742395555,563.79,563.9,563.77,563.88,1883
1742395560,563.87,563.87,563.74,563.75,146
1742395565,563.74,563.74,563.63,563.69,109
1742395570,563.69,563.7,563.67,563.7,102
1742395575,563.72,563.75,563.62,563.66,171
1742395580,563.66,563.67,563.59,563.6,159
1742395585,563.59,563.74,563.59,563.65,102
1742395590,563.64,563.64,563.59,563.62,161
1742395595,563.65,563.72,563.65,563.71,58
1742395600,563.69,563.69,563.66,563.69,45
1742395605,563.69,563.74,563.68,563.74,107
1742395610,563.73,563.78,563.72,563.77,71
1742395615,563.79,563.79,563.75,563.78,112
1742395620,563.75,563.77,563.71,563.76,60
1742395625,563.77,563.83,563.75,563.8,202
1742395630,563.81,563.88,563.8,563.84,40
1742395635,563.87,563.97,563.86,563.95,211
1742395640,563.9,563.92,563.79,563.83,150
1742395645,563.84,563.94,563.83,563.93,107
1742395650,563.94,563.95,563.88,563.88,109
1742395655,563.88,563.96,563.87,563.95,88
1742395660,563.94,564.0,563.92,564.0,161
1742395665,564.0,564.02,563.9,563.97,236
1742395670,563.98,564.0,563.98,564.0,12
1742395675,564.0,564.01,563.97,563.99,60
1742395680,563.98,563.98,563.84,563.96,340
1742395685,563.99,564.06,563.96,564.03,55
1742395690,564.05,564.16,564.04,564.13,228
1742395695,564.11,564.12,564.07,564.08,122
1742395700,564.06,564.1,564.05,564.07,55
1742395705,564.11,564.11,564.09,564.09,5
1742395710,564.06,564.06,563.93,563.96,81
1742395715,563.97,564.0,563.92,563.95,255
1742395720,563.94,564.0,563.94,563.95,39
1742395725,564.0,564.14,564.0,564.1,707
1742395730,564.12,564.12,564.0,564.0,92
1742395735,564.05,564.06,564.02,564.02,49
1742395740,564.0,564.01,563.95,564.01,96
1742395745,564.02,564.07,563.99,564.06,33
1742395750,564.04,564.08,564.03,564.07,20
1742395755,564.09,564.11,564.09,564.09,25
1742395760,564.1,564.2,564.08,564.2,443
1742395765,564.15,564.2,564.12,564.19,93
1742395770,564.2,564.22,564.16,564.17,124
1742395775,564.17,564.17,564.16,564.17,0
1742395780,564.03,564.05,564.0,564.05,42
1742395785,564.02,564.02,564.02,564.02,2
1742395790,564.02,564.03,563.99,564.0,48
1742395795,564.04,564.1,564.02,564.1,374
1742395800,564.13,564.13,564.07,564.09,47
1742395805,564.09,564.14,564.08,564.08,37
1742395810,564.11,564.12,564.03,564.06,42
1742395815,564.07,564.1,564.06,564.1,63
1742395820,564.07,564.08,564.03,564.03,52
1742395825,564.02,564.04,563.92,563.94,97
1742395830,563.94,563.95,563.92,563.95,81
1742395835,563.96,563.96,563.92,563.96,20
1742395840,563.97,563.97,563.96,563.96,15
1742395845,563.96,563.98,563.87,563.91,95
1742395850,563.97,563.98,563.95,563.98,17
1742395855,563.98,564.01,563.94,563.98,49
1742395860,563.98,564.0,563.97,563.97,31
1742395865,563.98,563.98,563.95,563.96,70
1742395870,563.97,564.02,563.97,564.02,56
1742395875,563.99,564.04,563.97,564.0,69
1742395880,564.0,564.02,563.97,563.99,63
1742395885,563.98,563.98,563.97,563.97,35
1742395890,563.99,564.0,563.99,564.0,15
1742395895,564.0,564.0,563.96,563.99,32
1742395900,564.0,564.0,563.96,563.96,17
1742395905,563.91,563.92,563.9,563.9,9
1742395910,563.91,563.92,563.89,563.91,26
1742395915,563.9,563.95,563.88,563.94,46
1742395920,563.93,563.96,563.8,563.81,262
1742395925,563.81,563.81,563.69,563.69,42
1742395930,563.64,563.64,563.52,563.62,109
1742395935,563.61,563.62,563.58,563.59,50
1742395940,563.58,563.65,563.58,563.64,51
1742395945,563.67,563.7,563.67,563.7,78
1742395950,563.65,563.68,563.65,563.68,7
1742395955,563.66,563.66,563.66,563.66,10
1742395960,563.68,563.69,563.68,563.69,5
1742395965,563.68,563.69,563.64,563.64,41
1742395970,563.62,563.63,563.58,563.61,52
1742395975,563.62,563.67,563.62,563.67,22
1742395980,563.68,563.69,563.67,563.69,17
1742395985,563.67,563.68,563.65,563.68,42
1742395990,563.68,563.72,563.67,563.71,43
1742395995,563.67,563.67,563.58,563.62,93
1742396000,563.62,563.69,563.62,563.69,82
1742396005,563.7,563.7,563.67,563.69,178
1742396010,563.68,563.7,563.68,563.69,29
1742396015,563.71,563.72,563.71,563.72,20
1742396020,563.73,563.73,563.68,563.71,273
1742396025,563.69,563.69,563.58,563.64,326
1742396030,563.64,563.64,563.63,563.63,29
1742396035,563.63,563.65,563.55,563.55,139
1742396040,563.57,563.58,563.41,563.41,204
1742396045,563.46,563.52,563.46,563.5,110
1742396050,563.5,563.57,563.5,563.53,78
1742396055,563.55,563.6,563.53,563.55,130
1742396060,563.55,563.56,563.52,563.54,33
1742396065,563.55,563.62,563.54,563.61,62
1742396070,563.62,563.65,563.62,563.64,46
1742396075,563.64,563.72,563.64,563.71,192
1742396080,563.7,563.7,563.64,563.64,5
1742396085,563.65,563.65,563.62,563.62,24
1742396090,563.65,563.65,563.53,563.57,74
1742396095,563.57,563.57,563.57,563.57,25
1742396100,563.56,563.56,563.41,563.42,68
1742396105,563.42,563.46,563.4,563.45,53
1742396110,563.48,563.49,563.47,563.49,43
1742396115,563.52,563.58,563.47,563.58,34
1742396120,563.58,563.59,563.55,563.56,36
1742396125,563.56,563.56,563.56,563.56,0
1742396130,563.45,563.46,563.45,563.46,7
1742396135,563.44,563.46,563.36,563.37,72
1742396140,563.37,563.42,563.36,563.42,69
1742396145,563.41,563.44,563.41,563.44,68
1742396150,563.43,563.43,563.38,563.38,21
1742396155,563.37,563.44,563.36,563.44,19
1742396160,563.44,563.45,563.31,563.35,65
1742396165,563.34,563.45,563.3,563.44,73
1742396170,563.45,563.46,563.43,563.43,249
1742396175,563.46,563.49,563.45,563.49,27
1742396180,563.5,563.5,563.46,563.49,95
1742396185,563.49,563.55,563.49,563.54,28
1742396190,563.53,563.55,563.5,563.53,139
1742396195,563.53,563.56,563.53,563.55,141
1742396200,563.55,563.56,563.54,563.56,34
1742396205,563.5,563.57,563.5,563.56,41
1742396210,563.53,563.54,563.51,563.51,70
1742396215,563.54,563.57,563.53,563.53,50
1742396220,563.58,563.58,563.56,563.57,32
1742396225,563.57,563.57,563.51,563.57,15
1742396230,563.57,563.59,563.57,563.59,15
1742396235,563.6,563.63,563.57,563.58,46
1742396240,563.6,563.62,563.58,563.62,109
1742396245,563.62,563.62,563.62,563.62,32
1742396250,563.66,563.77,563.66,563.74,187
1742396255,563.76,563.77,563.73,563.77,37
1742396260,563.76,563.76,563.71,563.74,15
1742396265,563.74,563.74,563.7,563.73,153
1742396270,563.71,563.74,563.71,563.74,40
1742396275,563.74,563.74,563.7,563.72,175
1742396280,563.69,563.75,563.68,563.75,98
1742396285,563.63,563.7,563.62,563.7,58
1742396290,563.69,563.7,563.68,563.68,41
1742396295,563.69,563.7,563.68,563.7,87
1742396300,563.7,563.73,563.68,563.73,53
1742396305,563.73,563.74,563.7,563.74,50
1742396310,563.72,563.72,563.69,563.71,48
1742396315,563.71,563.75,563.71,563.73,23
1742396320,563.73,563.74,563.69,563.69,26
1742396325,563.71,563.77,563.71,563.77,145
1742396330,563.76,563.79,563.76,563.79,333
1742396335,563.77,563.77,563.68,563.69,76
1742396340,563.67,563.68,563.65,563.68,13
1742396345,563.68,563.68,563.64,563.64,72
1742396350,563.63,563.63,563.54,563.55,106
1742396355,563.56,563.59,563.54,563.58,49
1742396360,563.6,563.6,563.51,563.51,97
1742396365,563.53,563.53,563.49,563.5,20
1742396370,563.5,563.53,563.45,563.53,272
1742396375,563.53,563.53,563.48,563.49,19
1742396380,563.47,563.49,563.44,563.49,102
1742396385,563.46,563.46,563.37,563.4,179
1742396390,563.4,563.46,563.4,563.45,10
1742396395,563.46,563.52,563.44,563.52,59
1742396400,563.5,563.5,563.35,563.43,168
1742396405,563.45,563.46,563.42,563.46,62
1742396410,563.48,563.48,563.45,563.47,72
1742396415,563.48,563.52,563.48,563.52,33
1742396420,563.5,563.5,563.47,563.49,22
1742396425,563.5,563.5,563.45,563.45,30
1742396430,563.43,563.44,563.38,563.39,149
1742396435,563.4,563.46,563.4,563.46,69
1742396440,563.47,563.63,563.47,563.61,104
1742396445,563.64,563.64,563.53,563.57,70
1742396450,563.54,563.59,563.52,563.59,92
1742396455,563.59,563.64,563.59,563.61,98
1742396460,563.6,563.61,563.59,563.6,41
1742396465,563.57,563.68,563.57,563.66,87
1742396470,563.68,563.73,563.66,563.71,125
1742396475,563.71,563.78,563.7,563.74,109
1742396480,563.74,563.77,563.72,563.77,67
1742396485,563.8,563.8,563.77,563.79,80
1742396490,563.79,563.88,563.73,563.73,107
1742396495,563.73,563.81,563.72,563.79,385
1742396500,563.76,563.79,563.74,563.75,48
1742396505,563.77,563.77,563.76,563.76,5
1742396510,563.79,563.81,563.78,563.78,37
1742396515,563.76,563.84,563.76,563.83,57
1742396520,563.84,563.85,563.82,563.85,25
1742396525,563.86,563.91,563.86,563.9,394
1742396530,563.87,563.87,563.78,563.78,31
1742396535,563.84,563.85,563.84,563.85,10
1742396540,563.85,563.89,563.82,563.86,43
1742396545,563.84,563.86,563.81,563.81,36
1742396550,563.82,563.86,563.8,563.86,29
1742396555,563.87,563.87,563.84,563.84,35
1742396560,563.87,563.91,563.87,563.88,45
1742396565,563.89,563.94,563.88,563.94,84
1742396570,563.94,563.97,563.9,563.9,49
1742396575,563.93,563.93,563.91,563.92,31
1742396580,563.89,563.93,563.88,563.93,262
1742396585,563.93,563.93,563.89,563.9,15
1742396590,563.9,563.91,563.88,563.89,38
1742396595,563.89,563.89,563.85,563.86,17
1742396600,563.88,563.88,563.81,563.84,10
1742396605,563.85,563.87,563.83,563.83,30
1742396610,563.86,563.86,563.85,563.86,41
1742396615,563.87,563.9,563.87,563.89,23
1742396620,563.85,563.85,563.84,563.84,13
1742396625,563.86,563.86,563.85,563.85,5
1742396630,563.88,563.89,563.86,563.89,94
1742396635,563.89,563.93,563.89,563.92,86
1742396640,563.9,563.9,563.84,563.87,15
1742396645,563.89,563.94,563.89,563.94,62
1742396650,563.91,563.93,563.9,563.92,12
1742396655,563.91,563.91,563.89,563.91,55
1742396660,563.93,563.95,563.87,563.88,43
1742396665,563.88,563.9,563.85,563.9,301
1742396670,563.9,563.99,563.9,563.96,128
1742396675,563.96,563.97,563.9,563.94,46
1742396680,563.93,563.94,563.93,563.94,7
1742396685,563.94,563.95,563.93,563.94,30
1742396690,563.9,563.9,563.89,563.89,5
1742396695,563.93,563.93,563.9,563.9,22
1742396700,563.88,563.92,563.88,563.92,32
1742396705,563.93,563.99,563.93,563.97,365
1742396710,563.98,564.0,563.94,563.95,59
1742396715,563.94,563.94,563.85,563.88,71
1742396720,563.87,563.92,563.85,563.91,83
1742396725,563.89,563.9,563.84,563.85,95
1742396730,563.85,563.85,563.81,563.81,49
1742396735,563.82,563.82,563.79,563.8,95
1742396740,563.82,563.88,563.81,563.88,37
1742396745,563.87,563.89,563.86,563.88,28
1742396750,563.89,563.89,563.83,563.83,47
1742396755,563.84,563.9,563.84,563.89,23
1742396760,563.89,563.91,563.86,563.86,37
1742396765,563.83,563.95,563.83,563.83,150
1742396770,563.85,563.88,563.84,563.88,28
1742396775,563.92,563.93,563.88,563.88,16
1742396780,563.88,563.95,563.88,563.95,22
1742396785,563.96,564.0,563.94,563.94,245
1742396790,563.94,563.94,563.91,563.91,39
1742396795,563.92,563.96,563.92,563.95,71
1742396800,563.94,564.01,563.94,564.01,167
1742396805,564.02,564.1,564.02,564.07,242
1742396810,564.07,564.07,564.04,564.06,58
1742396815,564.07,564.13,564.07,564.13,54
1742396820,564.12,564.12,564.07,564.07,39
1742396825,564.08,564.1,564.07,564.09,40
1742396830,564.12,564.14,564.1,564.12,126
1742396835,564.13,564.21,564.1,564.19,130
1742396840,564.19,564.26,564.19,564.23,44
1742396845,564.21,564.22,564.19,564.19,54
1742396850,564.22,564.22,564.14,564.14,30
1742396855,564.18,564.23,564.17,564.23,58
1742396860,564.24,564.24,564.17,564.2,75
1742396865,564.2,564.21,564.16,564.17,68
1742396870,564.17,564.23,564.17,564.23,76
1742396875,564.22,564.26,564.21,564.24,189
1742396880,564.25,564.37,564.24,564.35,164
1742396885,564.36,564.37,564.26,564.27,110
1742396890,564.29,564.29,564.18,564.24,51
1742396895,564.26,564.29,564.26,564.27,61
1742396900,564.25,564.25,564.14,564.14,49
1742396905,564.15,564.18,564.11,564.18,162
1742396910,564.19,564.19,564.17,564.17,8
1742396915,564.18,564.21,564.18,564.2,17
1742396920,564.22,564.22,564.21,564.21,17
1742396925,564.21,564.27,564.21,564.27,38
1742396930,564.3,564.31,564.27,564.27,37
1742396935,564.3,564.3,564.27,564.27,85
1742396940,564.25,564.36,564.24,564.36,119
1742396945,564.32,564.41,564.32,564.41,233
1742396950,564.39,564.41,564.33,564.38,100
1742396955,564.37,564.37,564.31,564.32,288
1742396960,564.33,564.33,564.3,564.31,52
1742396965,564.31,564.35,564.31,564.35,22
1742396970,564.37,564.37,564.35,564.37,10
1742396975,564.42,564.5,564.42,564.5,232
1742396980,564.48,564.48,564.46,564.48,36
1742396985,564.5,564.53,564.47,564.47,64
1742396990,564.48,564.53,564.47,564.53,88
1742396995,564.55,564.55,564.51,564.55,162
1742397000,564.56,564.58,564.53,564.56,79
1742397005,564.53,564.58,564.52,564.58,47
1742397010,564.59,564.61,564.59,564.59,27
1742397015,564.61,564.61,564.52,564.55,102
1742397020,564.56,564.58,564.51,564.51,35
1742397025,564.5,564.5,564.46,564.5,49
1742397030,564.5,564.51,564.5,564.51,19
1742397035,564.51,564.54,564.51,564.54,41
1742397040,564.53,564.54,564.49,564.53,63
1742397045,564.52,564.52,564.51,564.51,7
1742397050,564.5,564.54,564.48,564.54,60
1742397055,564.56,564.57,564.5,564.5,110
1742397060,564.51,564.56,564.51,564.56,91
1742397065,564.56,564.69,564.54,564.69,356
1742397070,564.73,564.74,564.69,564.71,108
1742397075,564.71,564.71,564.68,564.69,58
1742397080,564.66,564.67,564.63,564.65,57
1742397085,564.66,564.66,564.64,564.65,47
1742397090,564.64,564.68,564.64,564.68,81
1742397095,564.67,564.69,564.66,564.67,30
1742397100,564.66,564.68,564.64,564.64,41
1742397105,564.63,564.66,564.63,564.66,119
1742397110,564.66,564.66,564.62,564.65,42
1742397115,564.66,564.68,564.65,564.65,55
1742397120,564.67,564.67,564.63,564.63,65
1742397125,564.65,564.74,564.65,564.74,100
1742397130,564.75,564.77,564.61,564.61,31
1742397135,564.61,564.66,564.61,564.64,70
1742397140,564.61,564.61,564.61,564.61,22
1742397145,564.63,564.64,564.62,564.63,37
1742397150,564.63,564.63,564.55,564.56,132
1742397155,564.55,564.56,564.48,564.48,469
1742397160,564.47,564.49,564.45,564.47,78
1742397165,564.5,564.52,564.49,564.49,40
1742397170,564.48,564.51,564.48,564.48,90
1742397175,564.48,564.49,564.48,564.48,20
1742397180,564.48,564.5,564.47,564.5,30
1742397185,564.5,564.64,564.5,564.63,12
1742397190,564.64,564.65,564.61,564.61,43
1742397195,564.64,564.64,564.62,564.62,5
1742397200,564.61,564.61,564.59,564.6,27
1742397205,564.57,564.59,564.52,564.52,52
1742397210,564.51,564.51,564.46,564.46,56
1742397215,564.48,564.53,564.48,564.52,89
1742397220,564.5,564.5,564.5,564.5,2
1742397225,564.5,564.54,564.5,564.54,27
1742397230,564.54,564.54,564.52,564.52,10
1742397235,564.53,564.53,564.51,564.52,31
1742397240,564.55,564.67,564.55,564.66,38
1742397245,564.67,564.68,564.66,564.66,34
1742397250,564.69,564.7,564.67,564.67,15
1742397255,564.65,564.66,564.63,564.63,70
1742397260,564.62,564.63,564.62,564.63,20
1742397265,564.61,564.62,564.59,564.6,27
1742397270,564.6,564.61,564.59,564.61,40
1742397275,564.58,564.6,564.58,564.6,34
1742397280,564.61,564.64,564.61,564.64,163
1742397285,564.64,564.64,564.62,564.63,17
1742397290,564.62,564.62,564.61,564.61,20
1742397295,564.59,564.61,564.59,564.59,38
1742397300,564.6,564.63,564.6,564.62,80
1742397305,564.62,564.63,564.62,564.63,30
1742397310,564.61,564.63,564.61,564.63,37
1742397315,564.64,564.66,564.64,564.66,61
1742397320,564.65,564.66,564.63,564.63,65
1742397325,564.62,564.62,564.61,564.61,20
1742397330,564.59,564.61,564.58,564.61,72
1742397335,564.6,564.63,564.6,564.6,66
1742397340,564.57,564.59,564.55,564.55,113
1742397345,564.55,564.57,564.53,564.54,37
1742397350,564.56,564.57,564.55,564.55,63
1742397355,564.54,564.56,564.53,564.56,42
1742397360,564.55,564.56,564.32,564.39,415
1742397365,564.38,564.41,564.37,564.38,17
1742397370,564.36,564.38,564.36,564.38,13
1742397375,564.38,564.38,564.37,564.38,18
1742397380,564.37,564.38,564.35,564.35,84
1742397385,564.36,564.36,564.27,564.27,106
1742397390,564.26,564.28,564.24,564.27,112
1742397395,564.28,564.31,564.27,564.28,17
1742397400,564.29,564.29,564.27,564.29,84
1742397405,564.27,564.28,564.19,564.22,144
1742397410,564.25,564.28,564.25,564.27,60
1742397415,564.28,564.29,564.27,564.29,27
1742397420,564.28,564.28,564.18,564.18,172
1742397425,564.19,564.2,564.1,564.11,228
1742397430,564.1,564.1,564.02,564.08,222
1742397435,564.06,564.09,564.04,564.09,103
1742397440,564.1,564.13,564.1,564.12,101
1742397445,564.1,564.13,564.0,564.05,314
1742397450,564.0,564.04,563.98,564.02,135
1742397455,564.03,564.04,563.99,564.01,62
1742397460,564.02,564.02,564.02,564.02,2
1742397465,563.97,564.0,563.96,563.97,48
1742397470,563.94,563.96,563.9,563.93,117
1742397475,563.94,563.95,563.94,563.95,32
1742397480,563.94,563.94,563.77,563.82,224
1742397485,563.83,563.95,563.83,563.89,111
1742397490,563.92,563.94,563.86,563.87,123
1742397495,563.84,563.93,563.82,563.92,99
1742397500,563.92,563.93,563.9,563.93,58
1742397505,563.93,563.94,563.9,563.93,96
1742397510,563.94,563.95,563.92,563.92,148
1742397515,563.9,563.97,563.9,563.9,124
1742397520,563.86,563.87,563.81,563.83,60
1742397525,563.83,563.86,563.82,563.83,73
1742397530,563.84,563.88,563.83,563.88,53
1742397535,563.86,563.9,563.82,563.9,63
1742397540,563.88,563.88,563.81,563.82,54
1742397545,563.8,563.82,563.73,563.75,106
1742397550,563.75,563.81,563.74,563.81,175
1742397555,563.8,563.81,563.78,563.8,48
1742397560,563.81,563.82,563.8,563.81,59
1742397565,563.8,563.8,563.72,563.75,77
1742397570,563.72,563.77,563.72,563.77,50
1742397575,563.76,563.76,563.72,563.75,58
1742397580,563.75,563.78,563.74,563.78,52
1742397585,563.77,563.78,563.74,563.74,34
1742397590,563.77,563.8,563.73,563.73,79
1742397595,563.73,563.75,563.73,563.75,91
1742397600,563.74,563.74,563.67,563.68,144
1742397605,563.68,563.68,563.61,563.62,89
1742397610,563.63,563.72,563.59,563.72,272
1742397615,563.68,563.73,563.68,563.73,51
1742397620,563.73,563.74,563.73,563.73,9
1742397625,563.72,563.76,563.72,563.76,85
1742397630,563.76,563.85,563.76,563.84,75
1742397635,563.87,563.87,563.85,563.86,17
1742397640,563.86,563.87,563.8,563.83,151
1742397645,563.82,563.83,563.81,563.83,65
1742397650,563.82,563.85,563.82,563.85,117
1742397655,563.85,563.97,563.85,563.95,324
1742397660,563.98,563.99,563.93,563.94,104
1742397665,563.97,564.07,563.96,564.06,73
1742397670,564.06,564.09,564.05,564.07,144
1742397675,564.08,564.14,564.07,564.14,62
1742397680,564.15,564.18,564.07,564.07,393
1742397685,564.07,564.17,564.07,564.12,140
1742397690,564.14,564.2,564.14,564.19,207
1742397695,564.2,564.2,564.17,564.17,102
1742397700,564.2,564.25,564.2,564.25,110
1742397705,564.25,564.38,564.25,564.38,165
1742397710,564.35,564.39,564.31,564.34,248
1742397715,564.31,564.36,564.3,564.33,63
1742397720,564.32,564.33,564.32,564.33,32
1742397725,564.34,564.43,564.34,564.43,28
1742397730,564.44,564.49,564.41,564.49,60
1742397735,564.48,564.54,564.45,564.5,157
1742397740,564.52,564.54,564.48,564.54,110
1742397745,564.51,564.52,564.44,564.49,82
1742397750,564.49,564.51,564.47,564.5,161
1742397755,564.51,564.55,564.51,564.51,168
1742397760,564.5,564.52,564.48,564.49,73
1742397765,564.53,564.53,564.5,564.53,54
1742397770,564.54,564.55,564.52,564.53,91
1742397775,564.56,564.57,564.53,564.53,76
1742397780,564.53,564.53,564.51,564.52,12
1742397785,564.53,564.58,564.53,564.56,161
1742397790,564.49,564.5,564.44,564.48,114
1742397795,564.5,564.52,564.5,564.51,10
1742397800,564.53,564.54,564.49,564.54,76
1742397805,564.55,564.59,564.54,564.55,27
1742397810,564.57,564.57,564.5,564.53,88
1742397815,564.59,564.59,564.56,564.58,33
1742397820,564.56,564.59,564.56,564.57,112
1742397825,564.55,564.56,564.5,564.5,39
1742397830,564.5,564.54,564.45,564.5,116
1742397835,564.46,564.46,564.42,564.42,81
1742397840,564.42,564.44,564.37,564.42,95
1742397845,564.36,564.38,564.34,564.38,80
1742397850,564.36,564.45,564.34,564.42,106
1742397855,564.43,564.43,564.39,564.39,46
1742397860,564.39,564.4,564.37,564.38,82
1742397865,564.41,564.48,564.4,564.44,150
1742397870,564.41,564.44,564.39,564.42,98
1742397875,564.41,564.51,564.41,564.51,84
1742397880,564.42,564.48,564.42,564.44,39
1742397885,564.45,564.46,564.41,564.45,74
1742397890,564.46,564.46,564.39,564.41,44
1742397895,564.42,564.42,564.34,564.34,126
1742397900,564.34,564.35,564.3,564.33,124
1742397905,564.33,564.35,564.25,564.26,121
1742397910,564.24,564.24,564.19,564.2,65
1742397915,564.18,564.2,564.15,564.2,67
1742397920,564.24,564.27,564.19,564.25,79
1742397925,564.24,564.27,564.24,564.25,18
1742397930,564.27,564.29,564.26,564.28,89
1742397935,564.27,564.43,564.27,564.37,112
1742397940,564.42,564.42,564.39,564.41,96
1742397945,564.41,564.45,564.38,564.45,85
1742397950,564.42,564.51,564.42,564.43,121
1742397955,564.48,564.5,564.48,564.5,19
1742397960,564.49,564.58,564.49,564.57,60
1742397965,564.6,564.64,564.58,564.61,155
1742397970,564.6,564.65,564.59,564.65,84
1742397975,564.65,564.7,564.65,564.69,129
1742397980,564.67,564.76,564.64,564.76,71
1742397985,564.74,564.78,564.69,564.69,204
1742397990,564.68,564.75,564.68,564.74,138
1742397995,564.73,564.75,564.72,564.74,201
1742398000,564.74,564.74,564.63,564.64,275
1742398005,564.65,564.65,564.57,564.59,145
1742398010,564.61,564.64,564.61,564.64,5
1742398015,564.61,564.61,564.59,564.6,90
1742398020,564.6,564.65,564.56,564.61,161
1742398025,564.62,564.68,564.62,564.64,138
1742398030,564.62,564.62,564.58,564.6,143
1742398035,564.6,564.6,564.48,564.5,79
1742398040,564.5,564.53,564.49,564.53,108
1742398045,564.53,564.54,564.48,564.5,111
1742398050,564.5,564.6,564.5,564.6,67
1742398055,564.62,564.63,564.58,564.59,93
1742398060,564.59,564.6,564.59,564.6,26
1742398065,564.56,564.59,564.55,564.56,112
1742398070,564.55,564.55,564.52,564.52,35
1742398075,564.5,564.58,564.5,564.57,85
1742398080,564.54,564.54,564.53,564.54,40
1742398085,564.55,564.56,564.54,564.56,17
1742398090,564.56,564.56,564.53,564.53,60
1742398095,564.48,564.51,564.39,564.39,438
1742398100,564.37,564.46,564.36,564.46,140
1742398105,564.45,564.46,564.42,564.46,32
1742398110,564.47,564.49,564.46,564.48,70
1742398115,564.47,564.48,564.41,564.41,140
1742398120,564.42,564.44,564.42,564.44,25
1742398125,564.42,564.43,564.41,564.42,48
1742398130,564.41,564.44,564.41,564.43,37
1742398135,564.45,564.46,564.45,564.46,5
1742398140,564.46,564.48,564.44,564.44,58
1742398145,564.42,564.5,564.41,564.47,402
1742398150,564.51,564.6,564.49,564.59,102
1742398155,564.59,564.6,564.54,564.56,102
1742398160,564.54,564.55,564.52,564.53,122
1742398165,564.53,564.61,564.53,564.61,125
1742398170,564.6,564.61,564.58,564.61,40
1742398175,564.61,564.61,564.6,564.6,11
1742398180,564.59,564.6,564.58,564.58,22
1742398185,564.58,564.61,564.58,564.6,59
1742398190,564.6,564.6,564.56,564.58,33
1742398195,564.58,564.61,564.57,564.57,41
1742398200,564.57,564.64,564.57,564.63,44
1742398205,564.66,564.67,564.59,564.6,203
1742398210,564.58,564.58,564.55,564.55,41
1742398215,564.55,564.56,564.49,564.49,37
1742398220,564.49,564.49,564.45,564.47,36
1742398225,564.5,564.51,564.49,564.49,30
1742398230,564.48,564.59,564.48,564.59,76
1742398235,564.62,564.63,564.58,564.61,41
1742398240,564.63,564.63,564.63,564.63,7
1742398245,564.64,564.64,564.58,564.61,125
1742398250,564.58,564.59,564.56,564.56,40
1742398255,564.57,564.57,564.43,564.43,40
1742398260,564.42,564.43,564.34,564.35,56
1742398265,564.36,564.42,564.36,564.41,116
1742398270,564.41,564.51,564.41,564.51,143
1742398275,564.51,564.53,564.5,564.53,139
1742398280,564.5,564.53,564.48,564.48,96
1742398285,564.49,564.49,564.4,564.42,30
1742398290,564.45,564.47,564.44,564.47,7
1742398295,564.48,564.52,564.48,564.52,54
1742398300,564.52,564.54,564.51,564.51,96
1742398305,564.51,564.52,564.5,564.5,26
1742398310,564.44,564.52,564.44,564.52,35
1742398315,564.55,564.62,564.55,564.62,179
1742398320,564.64,564.71,564.62,564.68,86
1742398325,564.7,564.76,564.7,564.76,224
1742398330,564.76,564.76,564.73,564.75,28
1742398335,564.75,564.76,564.72,564.72,105
1742398340,564.77,564.79,564.76,564.76,91
1742398345,564.75,564.76,564.74,564.75,64
1742398350,564.74,564.77,564.74,564.77,137
1742398355,564.75,564.83,564.74,564.83,122
1742398360,564.82,564.82,564.72,564.72,84
1742398365,564.68,564.69,564.65,564.65,27
1742398370,564.68,564.75,564.66,564.73,91
1742398375,564.74,564.75,564.69,564.72,76
1742398380,564.7,564.7,564.68,564.68,94
1742398385,564.7,564.8,564.68,564.79,70
1742398390,564.78,564.84,564.76,564.84,646
1742398395,564.84,564.9,564.84,564.86,116
1742398400,564.87,564.87,564.84,564.85,72
1742398405,564.87,564.9,564.84,564.87,112
1742398410,564.87,564.9,564.83,564.84,85
1742398415,564.84,564.85,564.83,564.85,17
1742398420,564.88,564.89,564.85,564.87,66
1742398425,564.87,564.88,564.84,564.87,204
1742398430,564.86,564.92,564.85,564.92,85
1742398435,564.89,564.89,564.84,564.84,71
1742398440,564.88,564.91,564.84,564.84,53
1742398445,564.85,564.88,564.85,564.86,44
1742398450,564.86,564.86,564.86,564.86,0
1742398455,564.88,564.93,564.88,564.92,35
1742398460,564.87,564.88,564.87,564.88,12
1742398465,564.85,564.85,564.76,564.78,58
1742398470,564.8,564.81,564.79,564.81,30
1742398475,564.79,564.79,564.76,564.77,132
1742398480,564.79,564.8,564.78,564.78,12
1742398485,564.77,564.79,564.71,564.73,78
1742398490,564.77,564.77,564.75,564.76,53
1742398495,564.77,564.78,564.77,564.78,8
1742398500,564.79,564.82,564.72,564.73,56
1742398505,564.74,564.75,564.7,564.71,73
1742398510,564.71,564.71,564.69,564.69,29
1742398515,564.65,564.7,564.65,564.7,58
1742398520,564.66,564.66,564.66,564.66,10
1742398525,564.66,564.68,564.63,564.66,63
1742398530,564.68,564.69,564.68,564.69,58
1742398535,564.69,564.69,564.61,564.63,60
1742398540,564.65,564.71,564.65,564.69,102
1742398545,564.72,564.72,564.69,564.69,25
1742398550,564.7,564.7,564.67,564.69,74
1742398555,564.61,564.61,564.6,564.61,5
1742398560,564.62,564.68,564.59,564.68,136
1742398565,564.7,564.72,564.6,564.61,127
1742398570,564.61,564.63,564.59,564.63,69
1742398575,564.63,564.67,564.61,564.61,129
1742398580,564.63,564.65,564.59,564.61,89
1742398585,564.63,564.64,564.6,564.6,76
1742398590,564.59,564.64,564.59,564.62,89
1742398595,564.66,564.67,564.66,564.67,5
1742398600,564.68,564.69,564.64,564.64,39
1742398605,564.61,564.68,564.61,564.65,77
1742398610,564.62,564.65,564.6,564.63,96
1742398615,564.63,564.63,564.63,564.63,2
1742398620,564.65,564.7,564.65,564.7,73
1742398625,564.69,564.71,564.67,564.69,110
1742398630,564.72,564.72,564.7,564.7,81
1742398635,564.69,564.7,564.66,564.68,90
1742398640,564.69,564.74,564.69,564.74,32
1742398645,564.74,564.75,564.74,564.75,35
1742398650,564.75,564.75,564.69,564.71,26
1742398655,564.71,564.71,564.6,564.65,122
1742398660,564.65,564.65,564.61,564.61,70
1742398665,564.64,564.65,564.63,564.63,39
1742398670,564.62,564.68,564.62,564.66,85
1742398675,564.65,564.68,564.64,564.65,165
1742398680,564.65,564.66,564.64,564.65,47
1742398685,564.66,564.75,564.65,564.75,80
1742398690,564.73,564.8,564.7,564.77,84
1742398695,564.78,564.78,564.74,564.77,43
1742398700,564.77,564.86,564.73,564.85,80
1742398705,564.86,564.86,564.8,564.82,234
1742398710,564.81,564.85,564.79,564.79,91
1742398715,564.81,564.95,564.81,564.92,216
1742398720,564.91,564.95,564.87,564.91,134
1742398725,564.88,564.92,564.88,564.89,48
1742398730,564.92,564.95,564.92,564.94,37
1742398735,564.96,564.96,564.93,564.94,81
1742398740,564.92,564.96,564.92,564.96,55
1742398745,564.93,564.93,564.89,564.93,55
1742398750,564.94,564.95,564.89,564.89,85
1742398755,564.94,565.0,564.94,565.0,64
1742398760,564.97,565.0,564.96,565.0,470
1742398765,565.0,565.01,564.95,564.95,162
1742398770,564.92,564.95,564.92,564.94,15
1742398775,564.92,564.93,564.9,564.9,54
1742398780,564.92,564.95,564.85,564.87,90
1742398785,564.84,564.86,564.8,564.82,218
1742398790,564.8,564.83,564.79,564.83,143
1742398795,564.81,564.82,564.8,564.82,48
1742398800,564.85,564.9,564.85,564.89,79
1742398805,564.92,564.92,564.87,564.87,149
1742398810,564.88,564.92,564.88,564.88,81
1742398815,564.9,564.94,564.89,564.93,101
1742398820,564.91,564.91,564.87,564.87,51
1742398825,564.87,564.88,564.87,564.88,47
1742398830,564.88,564.91,564.85,564.85,17
1742398835,564.86,564.93,564.86,564.93,60
1742398840,564.91,564.92,564.87,564.92,24
1742398845,564.95,565.0,564.94,565.0,249
1742398850,564.99,565.0,564.98,565.0,86
1742398855,565.0,565.0,564.97,564.97,50
1742398860,565.0,565.0,564.98,564.99,143
1742398865,564.98,564.99,564.97,564.99,17
1742398870,564.99,565.04,564.98,565.01,614
1742398875,565.02,565.04,564.99,565.03,181
1742398880,565.0,565.02,564.98,564.98,30
1742398885,564.97,564.99,564.93,564.96,105
1742398890,564.96,565.0,564.96,564.99,154
1742398895,565.0,565.02,564.99,565.02,172
1742398900,564.94,564.97,564.91,564.97,217
1742398905,564.96,564.99,564.96,564.98,130
1742398910,564.97,564.98,564.94,564.97,130
1742398915,564.98,565.0,564.98,564.99,48
1742398920,565.0,565.03,564.96,565.01,248
1742398925,565.01,565.13,565.0,565.09,156
1742398930,565.13,565.17,565.12,565.17,136
1742398935,565.19,565.24,565.18,565.2,107
1742398940,565.19,565.22,565.15,565.18,97
1742398945,565.22,565.25,565.21,565.21,75
1742398950,565.21,565.23,565.21,565.21,60
1742398955,565.2,565.21,565.17,565.17,64
1742398960,565.19,565.22,565.19,565.21,153
1742398965,565.17,565.17,565.17,565.17,2
1742398970,565.15,565.17,565.14,565.16,43
1742398975,565.12,565.13,565.11,565.11,180
1742398980,565.14,565.17,565.14,565.17,171
1742398985,565.11,565.14,565.11,565.14,20
1742398990,565.14,565.17,565.14,565.17,24
1742398995,565.13,565.17,565.13,565.15,39
1742399000,565.16,565.17,565.16,565.16,51
1742399005,565.16,565.17,565.16,565.17,62
1742399010,565.14,565.16,565.13,565.16,85
1742399015,565.14,565.15,565.14,565.14,8
1742399020,565.14,565.14,565.09,565.1,58
1742399025,565.1,565.12,565.07,565.08,303
1742399030,565.08,565.08,565.07,565.07,55
1742399035,565.08,565.11,565.07,565.11,217
1742399040,565.1,565.11,565.1,565.1,79
1742399045,565.11,565.13,565.1,565.13,59
1742399050,565.17,565.17,565.15,565.16,52
1742399055,565.14,565.14,565.07,565.07,37
1742399060,565.07,565.11,565.06,565.07,147
1742399065,565.05,565.06,565.04,565.05,77
1742399070,565.05,565.05,565.04,565.05,93
1742399075,565.05,565.06,565.04,565.06,116
1742399080,565.06,565.06,565.05,565.06,60
1742399085,565.06,565.13,565.06,565.12,13
1742399090,565.13,565.15,565.13,565.15,42
1742399095,565.14,565.15,565.13,565.13,65
1742399100,565.13,565.19,565.13,565.19,150
1742399105,565.22,565.23,565.18,565.19,60
1742399110,565.15,565.15,565.09,565.1,80
1742399115,565.09,565.09,565.03,565.06,27
1742399120,565.06,565.06,565.04,565.05,8
1742399125,565.03,565.16,565.03,565.16,165
1742399130,565.14,565.16,565.11,565.11,55
1742399135,565.13,565.15,565.11,565.15,98
1742399140,565.14,565.19,565.14,565.18,81
1742399145,565.23,565.24,565.21,565.22,42
1742399150,565.23,565.24,565.2,565.24,109
1742399155,565.24,565.25,565.21,565.25,88
1742399160,565.24,565.27,565.2,565.2,95
1742399165,565.22,565.22,565.21,565.21,5
1742399170,565.21,565.22,565.14,565.14,76
1742399175,565.15,565.17,565.11,565.11,87
1742399180,565.1,565.11,565.08,565.11,46
1742399185,565.11,565.12,565.08,565.09,160
1742399190,565.1,565.1,565.0,565.04,317
1742399195,565.05,565.05,565.0,565.0,319
1742399200,565.0,565.07,565.0,565.07,40
1742399205,565.09,565.12,565.07,565.12,15
1742399210,565.1,565.14,565.09,565.09,57
1742399215,565.08,565.08,565.03,565.05,113
1742399220,565.06,565.14,565.06,565.13,46
1742399225,565.13,565.15,565.11,565.15,22
1742399230,565.17,565.2,565.16,565.19,47
1742399235,565.19,565.19,565.18,565.18,16
1742399240,565.17,565.18,565.1,565.1,40
1742399245,565.09,565.13,565.09,565.12,72
1742399250,565.12,565.12,565.08,565.1,67
1742399255,565.1,565.1,565.1,565.1,26
1742399260,565.12,565.13,565.1,565.1,18
1742399265,565.11,565.12,565.1,565.12,49
1742399270,565.12,565.12,565.09,565.09,19
1742399275,565.09,565.1,565.08,565.08,37
1742399280,565.08,565.09,565.05,565.06,50
1742399285,565.09,565.1,565.07,565.07,263
1742399290,565.07,565.08,565.07,565.07,2
1742399295,565.1,565.16,565.1,565.16,43
1742399300,565.15,565.2,565.14,565.19,60
1742399305,565.2,565.2,565.14,565.14,33
1742399310,565.14,565.17,565.13,565.17,21
1742399315,565.15,565.16,565.15,565.15,5
1742399320,565.14,565.15,565.13,565.13,41
1742399325,565.15,565.16,565.14,565.15,17
1742399330,565.16,565.16,565.15,565.15,39
1742399335,565.15,565.16,565.13,565.15,23
1742399340,565.17,565.18,565.15,565.15,44
1742399345,565.17,565.22,565.17,565.22,40
1742399350,565.21,565.22,565.2,565.2,7
1742399355,565.2,565.2,565.2,565.2,5
1742399360,565.21,565.28,565.21,565.26,89
1742399365,565.26,565.28,565.24,565.26,41
1742399370,565.28,565.28,565.26,565.26,24
1742399375,565.28,565.3,565.26,565.29,441
1742399380,565.3,565.33,565.29,565.33,30
1742399385,565.33,565.44,565.33,565.4,643
1742399390,565.41,565.48,565.38,565.43,123
1742399395,565.42,565.44,565.4,565.44,129
1742399400,565.46,565.54,565.45,565.51,366
1742399405,565.54,565.59,565.52,565.54,238
1742399410,565.56,565.6,565.54,565.59,84
1742399415,565.6,565.68,565.59,565.65,339
1742399420,565.64,565.7,565.62,565.62,150
1742399425,565.62,565.67,565.62,565.66,236
1742399430,565.7,565.74,565.69,565.71,119
1742399435,565.72,565.74,565.7,565.71,161
1742399440,565.71,565.73,565.68,565.69,137
1742399445,565.68,565.75,565.66,565.75,230
1742399450,565.75,565.81,565.75,565.78,277
1742399455,565.78,565.81,565.77,565.77,100
1742399460,565.77,565.8,565.77,565.77,532
1742399465,565.79,565.82,565.77,565.82,156
1742399470,565.82,565.84,565.79,565.8,155
1742399475,565.79,565.92,565.79,565.88,125
1742399480,565.86,565.86,565.75,565.76,228
1742399485,565.76,565.8,565.75,565.8,23
1742399490,565.81,565.82,565.8,565.82,66
1742399495,565.83,565.84,565.81,565.81,37
1742399500,565.82,565.82,565.67,565.67,198
1742399505,565.67,565.75,565.67,565.75,134
1742399510,565.73,565.76,565.71,565.76,88
1742399515,565.75,565.76,565.73,565.73,30
1742399520,565.74,565.76,565.72,565.76,82
1742399525,565.83,565.87,565.81,565.81,146
1742399530,565.81,565.82,565.81,565.82,51
1742399535,565.82,565.94,565.82,565.92,131
1742399540,565.91,565.98,565.91,565.95,710
1742399545,565.97,566.04,565.97,566.04,285
1742399550,566.03,566.04,565.98,565.99,138
1742399555,566.02,566.09,566.0,566.0,130
1742399560,566.01,566.04,565.99,566.03,45
1742399565,566.02,566.05,566.02,566.05,62
1742399570,566.05,566.05,565.98,565.99,376
1742399575,566.0,566.04,566.0,566.04,72
1742399580,566.02,566.05,566.01,566.02,71
1742399585,566.03,566.15,566.03,566.1,183
1742399590,566.12,566.17,566.04,566.04,160
1742399595,566.05,566.06,566.02,566.03,145
1742399600,566.04,566.09,566.0,566.09,97
1742399605,566.1,566.1,566.03,566.05,57
1742399610,566.07,566.07,566.04,566.04,7
1742399615,566.07,566.08,566.03,566.04,74
1742399620,566.04,566.14,566.04,566.14,101
1742399625,566.14,566.15,566.12,566.13,60
1742399630,566.15,566.15,566.09,566.1,154
1742399635,566.11,566.12,566.06,566.07,260
1742399640,566.09,566.11,566.06,566.06,120
1742399645,566.1,566.2,566.08,566.2,289
1742399650,566.22,566.29,566.21,566.24,213
1742399655,566.24,566.27,566.2,566.27,278
1742399660,566.27,566.29,566.16,566.22,176
1742399665,566.22,566.24,566.16,566.16,71
1742399670,566.16,566.17,566.12,566.12,96
1742399675,566.1,566.12,566.09,566.09,67
1742399680,566.1,566.11,566.02,566.03,69
1742399685,566.0,566.05,566.0,566.05,105
1742399690,566.03,566.08,566.03,566.06,57
1742399695,566.02,566.03,566.0,566.01,55
1742399700,566.03,566.05,566.01,566.05,71
1742399705,566.02,566.02,565.92,565.95,266
1742399710,565.97,565.98,565.88,565.9,703
1742399715,565.93,565.98,565.9,565.96,74
1742399720,565.95,565.96,565.91,565.93,142
1742399725,565.93,565.95,565.88,565.94,303
1742399730,565.91,565.91,565.85,565.86,95
1742399735,565.84,565.9,565.82,565.84,105
1742399740,565.82,565.88,565.81,565.88,97
1742399745,565.91,565.94,565.88,565.9,202
1742399750,565.91,565.96,565.91,565.96,62
1742399755,565.97,565.97,565.92,565.92,72
1742399760,565.95,565.97,565.93,565.97,257
1742399765,565.94,565.96,565.93,565.94,52
1742399770,565.91,565.92,565.88,565.88,65
1742399775,565.89,566.05,565.89,566.05,134
1742399780,566.06,566.06,566.04,566.04,124
1742399785,566.02,566.03,566.0,566.01,125
1742399790,566.0,566.0,565.88,565.9,127
1742399795,565.91,565.91,565.86,565.89,52
1742399800,565.88,565.9,565.88,565.89,89
1742399805,565.89,565.91,565.88,565.91,68
1742399810,565.91,565.91,565.88,565.88,102
1742399815,565.88,565.9,565.88,565.9,137
1742399820,565.9,565.94,565.86,565.92,534
1742399825,565.91,565.92,565.82,565.88,119
1742399830,565.88,565.89,565.82,565.83,179
1742399835,565.84,565.84,565.74,565.74,158
1742399840,565.72,565.73,565.68,565.71,175
1742399845,565.72,565.74,565.62,565.63,132
1742399850,565.67,565.75,565.67,565.74,279
1742399855,565.72,565.82,565.72,565.82,113
1742399860,565.77,565.78,565.77,565.77,23
1742399865,565.77,565.79,565.75,565.78,84
1742399870,565.79,565.8,565.78,565.79,99
1742399875,565.79,565.79,565.77,565.77,37
1742399880,565.79,565.79,565.68,565.7,54
1742399885,565.69,565.7,565.64,565.68,129
1742399890,565.64,565.68,565.64,565.67,182
1742399895,565.65,565.66,565.65,565.66,96
1742399900,565.66,565.69,565.65,565.69,176
1742399905,565.71,565.71,565.71,565.71,2
1742399910,565.72,565.75,565.71,565.71,196
1742399915,565.7,565.74,565.65,565.65,135
1742399920,565.65,565.68,565.65,565.65,96
1742399925,565.65,565.66,565.51,565.56,404
1742399930,565.57,565.68,565.57,565.68,209
1742399935,565.69,565.69,565.63,565.63,87
1742399940,565.59,565.63,565.58,565.63,122
1742399945,565.6,565.61,565.58,565.58,161
1742399950,565.59,565.62,565.59,565.62,311
1742399955,565.6,565.62,565.6,565.62,20
1742399960,565.61,565.68,565.6,565.68,154
1742399965,565.67,565.68,565.67,565.68,7
1742399970,565.67,565.69,565.64,565.67,64
1742399975,565.68,565.73,565.68,565.72,35
1742399980,565.73,565.73,565.71,565.71,7
1742399985,565.73,565.73,565.71,565.73,17
1742399990,565.72,565.78,565.72,565.75,73
1742399995,565.79,565.8,565.78,565.78,81
1742400000,565.77,565.9,565.73,565.9,456
1742400005,565.88,565.91,565.86,565.86,50
1742400010,565.85,565.89,565.85,565.87,56
1742400015,565.85,565.88,565.85,565.86,34
1742400020,565.85,565.89,565.85,565.87,117
1742400025,565.87,565.92,565.87,565.91,184
1742400030,565.95,565.96,565.9,565.92,138
1742400035,565.9,565.9,565.87,565.9,55
1742400040,565.88,565.88,565.85,565.87,65
1742400045,565.9,565.9,565.88,565.9,58
1742400050,565.91,565.91,565.83,565.83,270
1742400055,565.84,565.85,565.64,565.65,450
1742400060,565.64,565.69,565.64,565.69,99
1742400065,565.66,565.7,565.62,565.63,145
1742400070,565.64,565.65,565.61,565.63,48
1742400075,565.65,565.75,565.65,565.75,82
1742400080,565.72,565.72,565.67,565.69,31
1742400085,565.71,565.71,565.6,565.6,225
1742400090,565.59,565.65,565.59,565.62,87
1742400095,565.66,565.66,565.64,565.65,100
1742400100,565.67,565.67,565.61,565.61,18
1742400105,565.64,565.67,565.64,565.65,88
1742400110,565.67,565.73,565.67,565.73,51
1742400115,565.73,565.73,565.7,565.7,12
1742400120,565.72,565.73,565.72,565.73,15
1742400125,565.72,565.72,565.67,565.68,75
1742400130,565.68,565.72,565.68,565.72,5
1742400135,565.73,565.75,565.68,565.75,72
1742400140,565.74,565.74,565.74,565.74,10
1742400145,565.75,565.79,565.75,565.79,40
1742400150,565.79,565.81,565.78,565.81,40
1742400155,565.82,565.87,565.82,565.85,70
1742400160,565.83,565.83,565.82,565.83,9
1742400165,565.81,565.86,565.81,565.84,65
1742400170,565.83,565.84,565.83,565.83,7
1742400175,565.82,565.82,565.73,565.75,43
1742400180,565.76,565.78,565.76,565.76,24
1742400185,565.72,565.75,565.72,565.75,44
1742400190,565.76,565.77,565.75,565.75,15
1742400195,565.79,565.8,565.78,565.79,22
1742400200,565.78,565.78,565.78,565.78,26
1742400205,565.79,565.8,565.77,565.8,55
1742400210,565.81,565.81,565.8,565.8,10
1742400215,565.82,565.85,565.8,565.83,223
1742400220,565.83,565.83,565.81,565.82,20
1742400225,565.8,565.82,565.8,565.82,96
1742400230,565.8,565.82,565.8,565.8,30
1742400235,565.79,565.81,565.76,565.76,54
1742400240,565.75,565.82,565.74,565.82,117
1742400245,565.84,565.84,565.77,565.79,22
1742400250,565.81,565.81,565.77,565.77,22
1742400255,565.74,565.75,565.71,565.71,58
1742400260,565.73,565.77,565.73,565.75,27
1742400265,565.75,565.75,565.73,565.73,22
1742400270,565.75,565.8,565.75,565.79,38
1742400275,565.78,565.78,565.76,565.76,42
1742400280,565.76,565.79,565.76,565.76,35
1742400285,565.76,565.78,565.76,565.76,10
1742400290,565.77,565.77,565.74,565.76,45
1742400295,565.76,565.77,565.76,565.76,31
1742400300,565.77,565.78,565.76,565.76,54
1742400305,565.74,565.77,565.7,565.77,45
1742400310,565.77,565.79,565.75,565.77,25
1742400315,565.77,565.77,565.76,565.76,22
1742400320,565.78,565.81,565.78,565.81,45
1742400325,565.82,565.84,565.78,565.8,87
1742400330,565.81,565.85,565.81,565.85,79
1742400335,565.88,565.93,565.87,565.92,48
1742400340,565.93,565.93,565.89,565.91,59
1742400345,565.89,565.93,565.88,565.93,20
1742400350,565.95,565.98,565.95,565.95,76
1742400355,565.95,565.96,565.93,565.96,158
1742400360,565.95,566.01,565.95,565.98,180
1742400365,565.97,565.99,565.97,565.99,31
1742400370,565.96,565.97,565.88,565.88,55
1742400375,565.89,565.93,565.89,565.93,664
1742400380,565.92,565.92,565.89,565.9,36
1742400385,565.89,565.89,565.89,565.89,2
1742400390,565.89,565.9,565.89,565.89,241
1742400395,565.89,565.89,565.88,565.89,251
1742400400,565.9,565.92,565.88,565.92,270
1742400405,565.93,565.98,565.92,565.98,33
1742400410,565.98,566.0,565.96,565.98,363
1742400415,565.99,565.99,565.96,565.97,20
1742400420,565.97,566.02,565.97,566.02,121
1742400425,566.02,566.04,566.01,566.02,79
1742400430,566.02,566.02,566.02,566.02,5
1742400435,566.05,566.11,566.05,566.1,53
1742400440,566.07,566.09,566.02,566.02,434
1742400445,566.02,566.02,566.02,566.02,4
1742400450,566.04,566.05,566.02,566.02,13
1742400455,566.03,566.08,566.03,566.05,36
1742400460,566.05,566.06,566.04,566.05,70
1742400465,566.05,566.16,566.05,566.13,89
1742400470,566.13,566.15,566.12,566.14,89
1742400475,566.12,566.17,566.12,566.17,66
1742400480,566.16,566.17,566.12,566.12,48
1742400485,566.12,566.16,566.12,566.14,262
1742400490,566.16,566.16,566.15,566.15,7
1742400495,566.14,566.15,566.12,566.15,42
1742400500,566.13,566.21,566.13,566.21,221
1742400505,566.2,566.2,566.15,566.15,152
1742400510,566.16,566.16,566.13,566.13,83
1742400515,566.13,566.13,566.11,566.12,35
1742400520,566.11,566.13,566.1,566.11,138
1742400525,566.13,566.15,566.12,566.13,64
1742400530,566.13,566.14,566.12,566.14,23
1742400535,566.12,566.14,566.11,566.11,16
1742400540,566.13,566.13,566.07,566.08,117
1742400545,566.07,566.09,566.06,566.08,81
1742400550,566.08,566.08,566.01,566.02,285
1742400555,566.02,566.05,566.0,566.0,337
1742400560,566.0,566.01,565.91,565.94,194
1742400565,565.91,565.92,565.87,565.91,29
1742400570,565.92,565.97,565.91,565.91,418
1742400575,565.91,565.93,565.88,565.88,56
1742400580,565.88,565.91,565.85,565.85,116
1742400585,565.85,565.85,565.78,565.78,144
1742400590,565.78,565.85,565.76,565.83,191
1742400595,565.83,565.87,565.8,565.84,107
1742400600,565.84,565.85,565.78,565.83,77
1742400605,565.84,565.9,565.82,565.89,79
1742400610,565.89,565.93,565.86,565.93,59
1742400615,565.92,565.93,565.75,565.78,138
1742400620,565.72,565.75,565.61,565.64,278
1742400625,565.66,565.7,565.63,565.7,123
1742400630,565.7,565.73,565.69,565.73,76
1742400635,565.74,565.75,565.72,565.72,32
1742400640,565.74,565.75,565.74,565.75,7
1742400645,565.73,565.73,565.69,565.7,62
1742400650,565.72,565.72,565.62,565.69,121
1742400655,565.71,565.71,565.64,565.65,46
1742400660,565.64,565.72,565.64,565.7,42
1742400665,565.69,565.77,565.69,565.77,51
1742400670,565.78,565.85,565.77,565.83,48
1742400675,565.82,565.85,565.8,565.83,54
1742400680,565.84,565.84,565.79,565.79,47
1742400685,565.83,565.83,565.81,565.83,9
1742400690,565.8,565.81,565.77,565.8,43
1742400695,565.82,565.82,565.82,565.82,5
1742400700,565.81,565.82,565.75,565.79,45
1742400705,565.79,565.82,565.76,565.76,154
1742400710,565.75,565.76,565.75,565.76,27
1742400715,565.78,565.82,565.69,565.71,242
1742400720,565.67,565.67,565.61,565.63,115
1742400725,565.61,565.67,565.61,565.64,64
1742400730,565.64,565.65,565.63,565.65,48
1742400735,565.64,565.68,565.64,565.66,56
1742400740,565.68,565.68,565.65,565.65,22
1742400745,565.68,565.68,565.65,565.67,117
1742400750,565.64,565.67,565.63,565.67,342
1742400755,565.67,565.67,565.65,565.67,235
1742400760,565.67,565.68,565.66,565.68,50
1742400765,565.66,565.66,565.56,565.58,179
1742400770,565.56,565.63,565.55,565.59,80
1742400775,565.56,565.56,565.5,565.52,280
1742400780,565.54,565.54,565.42,565.42,581
1742400785,565.41,565.43,565.38,565.41,62
1742400790,565.43,565.43,565.4,565.42,56
1742400795,565.43,565.47,565.42,565.47,85
1742400800,565.46,565.46,565.4,565.42,82
1742400805,565.43,565.44,565.41,565.41,97
1742400810,565.41,565.43,565.35,565.35,128
1742400815,565.37,565.37,565.31,565.36,436
1742400820,565.38,565.38,565.35,565.35,51
1742400825,565.35,565.37,565.34,565.37,33
1742400830,565.37,565.37,565.33,565.33,41
1742400835,565.32,565.35,565.3,565.34,72
1742400840,565.33,565.33,565.28,565.3,66
1742400845,565.32,565.33,565.29,565.33,73
1742400850,565.33,565.33,565.29,565.29,39
1742400855,565.3,565.38,565.3,565.34,97
1742400860,565.35,565.35,565.31,565.31,50
1742400865,565.32,565.33,565.29,565.33,122
1742400870,565.34,565.34,565.32,565.33,59
1742400875,565.35,565.38,565.35,565.38,151
1742400880,565.36,565.38,565.34,565.34,39
1742400885,565.32,565.32,565.25,565.25,80
1742400890,565.24,565.34,565.24,565.3,56
1742400895,565.3,565.35,565.19,565.29,133
1742400900,565.35,565.36,565.29,565.29,17
1742400905,565.29,565.29,565.27,565.29,28
1742400910,565.3,565.31,565.23,565.23,62
1742400915,565.26,565.31,565.26,565.26,46
1742400920,565.26,565.27,565.26,565.27,22
1742400925,565.25,565.25,565.18,565.24,24
1742400930,565.23,565.23,565.21,565.22,77
1742400935,565.23,565.29,565.22,565.27,94
1742400940,565.27,565.28,565.25,565.25,13
1742400945,565.27,565.28,565.25,565.28,15
1742400950,565.28,565.31,565.28,565.3,48
1742400955,565.32,565.36,565.32,565.35,41
1742400960,565.33,565.33,565.26,565.26,60
1742400965,565.25,565.25,565.14,565.16,125
1742400970,565.16,565.23,565.15,565.22,23
1742400975,565.22,565.22,565.22,565.22,2
1742400980,565.16,565.16,565.14,565.16,39
1742400985,565.17,565.17,565.16,565.17,23
1742400990,565.16,565.19,565.16,565.19,20
1742400995,565.18,565.19,565.13,565.13,32
1742401000,565.14,565.19,565.13,565.14,61
1742401005,565.16,565.17,565.14,565.15,51
1742401010,565.15,565.15,565.13,565.14,26
1742401015,565.14,565.18,565.11,565.18,62
1742401020,565.14,565.17,565.14,565.17,139
1742401025,565.16,565.16,565.12,565.12,52
1742401030,565.1,565.15,565.1,565.15,90
1742401035,565.15,565.15,565.1,565.13,122
1742401040,565.14,565.14,565.12,565.12,180
1742401045,565.11,565.13,565.11,565.12,20
1742401050,565.13,565.13,565.08,565.09,98
1742401055,565.1,565.15,565.1,565.15,76
1742401060,565.16,565.17,565.15,565.17,138
1742401065,565.17,565.17,565.12,565.13,69
1742401070,565.15,565.16,565.12,565.13,52
1742401075,565.13,565.16,565.11,565.14,69
1742401080,565.14,565.27,565.14,565.22,70
1742401085,565.17,565.18,565.16,565.18,20
1742401090,565.21,565.21,565.08,565.12,51
1742401095,565.11,565.15,565.08,565.09,120
1742401100,565.09,565.1,565.09,565.1,27
1742401105,565.1,565.12,565.1,565.11,28
1742401110,565.12,565.13,565.09,565.09,159
1742401115,565.1,565.13,565.1,565.12,32
1742401120,565.12,565.13,565.11,565.12,182
1742401125,565.13,565.15,565.1,565.13,160
1742401130,565.15,565.21,565.15,565.21,40
1742401135,565.22,565.29,565.21,565.29,116
1742401140,565.29,565.29,565.2,565.22,121
1742401145,565.22,565.23,565.21,565.23,65
1742401150,565.24,565.24,565.24,565.24,15
1742401155,565.23,565.27,565.22,565.27,88
1742401160,565.27,565.27,565.27,565.27,2
1742401165,565.28,565.35,565.28,565.34,69
1742401170,565.35,565.35,565.28,565.28,40
1742401175,565.3,565.31,565.26,565.26,25
1742401180,565.24,565.28,565.24,565.28,28
1742401185,565.25,565.25,565.23,565.24,198
1742401190,565.25,565.29,565.25,565.29,163
1742401195,565.27,565.27,565.24,565.24,151
1742401200,565.24,565.24,565.16,565.2,251
1742401205,565.21,565.21,565.07,565.1,81
1742401210,565.09,565.11,565.04,565.11,77
1742401215,565.09,565.11,565.06,565.06,46
1742401220,565.06,565.06,565.04,565.04,12
1742401225,565.04,565.12,565.04,565.12,36
1742401230,565.09,565.16,565.06,565.16,47
1742401235,565.17,565.21,565.14,565.2,50
1742401240,565.22,565.22,565.19,565.19,39
1742401245,565.17,565.19,565.16,565.18,15
1742401250,565.19,565.2,565.15,565.2,17
1742401255,565.18,565.2,565.18,565.2,64
1742401260,565.22,565.23,565.14,565.14,218
1742401265,565.14,565.16,565.09,565.09,81
1742401270,565.09,565.14,565.09,565.13,50
1742401275,565.15,565.19,565.15,565.16,33
1742401280,565.15,565.16,565.13,565.13,9
1742401285,565.14,565.16,565.13,565.14,84
1742401290,565.12,565.15,565.11,565.14,68
1742401295,565.15,565.2,565.14,565.17,72
1742401300,565.17,565.19,565.14,565.14,139
1742401305,565.16,565.16,565.14,565.16,15
1742401310,565.13,565.14,565.13,565.14,5
1742401315,565.16,565.18,565.16,565.16,26
1742401320,565.18,565.19,565.15,565.19,66
1742401325,565.18,565.23,565.17,565.23,40
1742401330,565.23,565.23,565.19,565.21,46
1742401335,565.22,565.23,565.2,565.2,48
1742401340,565.2,565.21,565.18,565.2,57
1742401345,565.2,565.2,565.16,565.17,60
1742401350,565.17,565.21,565.16,565.21,70
1742401355,565.23,565.27,565.23,565.25,59
1742401360,565.26,565.31,565.24,565.31,46
1742401365,565.32,565.4,565.31,565.39,448
1742401370,565.4,565.41,565.36,565.38,114
1742401375,565.4,565.4,565.39,565.39,9
1742401380,565.4,565.42,565.4,565.42,37
1742401385,565.44,565.44,565.42,565.44,23
1742401390,565.46,565.54,565.46,565.51,141
1742401395,565.54,565.55,565.5,565.51,241
1742401400,565.5,565.51,565.46,565.47,154
1742401405,565.48,565.49,565.47,565.48,27
1742401410,565.46,565.47,565.44,565.47,170
1742401415,565.45,565.5,565.45,565.5,18
1742401420,565.49,565.5,565.49,565.5,17
1742401425,565.51,565.51,565.47,565.49,29
1742401430,565.48,565.49,565.48,565.48,7
1742401435,565.48,565.5,565.48,565.5,26
1742401440,565.5,565.5,565.38,565.39,55
1742401445,565.36,565.36,565.23,565.23,284
1742401450,565.24,565.25,565.15,565.15,142
1742401455,565.15,565.17,565.12,565.17,25
1742401460,565.16,565.16,565.14,565.15,46
1742401465,565.16,565.23,565.15,565.23,17
1742401470,565.25,565.27,565.24,565.25,36
1742401475,565.26,565.27,565.25,565.27,18
1742401480,565.25,565.26,565.25,565.25,10
1742401485,565.25,565.27,565.25,565.27,22
1742401490,565.29,565.31,565.29,565.29,27
1742401495,565.27,565.27,565.26,565.26,20
1742401500,565.25,565.27,565.24,565.27,10
1742401505,565.28,565.33,565.28,565.33,24
1742401510,565.33,565.4,565.31,565.4,32
1742401515,565.39,565.39,565.38,565.39,9
1742401520,565.39,565.4,565.34,565.4,60
1742401525,565.39,565.39,565.36,565.39,20
1742401530,565.39,565.44,565.39,565.44,15
1742401535,565.44,565.44,565.4,565.4,9
1742401540,565.37,565.39,565.32,565.32,76
1742401545,565.33,565.34,565.2,565.23,70
1742401550,565.19,565.2,565.19,565.2,20
1742401555,565.18,565.18,565.18,565.18,17
1742401560,565.18,565.22,565.18,565.22,29
1742401565,565.19,565.19,565.1,565.1,47
1742401570,565.13,565.15,565.11,565.15,122
1742401575,565.16,565.19,565.16,565.19,14
1742401580,565.23,565.23,565.2,565.23,35
1742401585,565.22,565.23,565.21,565.23,12
1742401590,565.25,565.25,565.23,565.23,14
1742401595,565.26,565.26,565.24,565.25,20
1742401600,565.25,565.26,565.25,565.25,66
1742401605,565.25,565.27,565.25,565.27,31
1742401610,565.25,565.25,565.23,565.24,11
1742401615,565.23,565.25,565.21,565.21,22
1742401620,565.23,565.24,565.22,565.24,61
1742401625,565.24,565.34,565.21,565.34,65
1742401630,565.33,565.33,565.29,565.32,32
1742401635,565.31,565.34,565.31,565.34,15
1742401640,565.34,565.34,565.34,565.34,5
1742401645,565.35,565.35,565.34,565.35,7
1742401650,565.34,565.38,565.34,565.36,69
1742401655,565.37,565.39,565.37,565.39,58
1742401660,565.39,565.39,565.38,565.39,7
1742401665,565.4,565.41,565.38,565.38,18
1742401670,565.38,565.4,565.36,565.36,78
1742401675,565.38,565.39,565.35,565.37,76
1742401680,565.37,565.37,565.36,565.37,0
1742401685,565.36,565.37,565.33,565.33,47
1742401690,565.32,565.37,565.31,565.37,30
1742401695,565.35,565.35,565.31,565.31,49
1742401700,565.33,565.33,565.32,565.33,8
1742401705,565.34,565.35,565.34,565.35,10
1742401710,565.35,565.39,565.35,565.37,55
1742401715,565.38,565.39,565.38,565.38,2
1742401720,565.37,565.39,565.36,565.38,16
1742401725,565.39,565.42,565.39,565.4,21
1742401730,565.4,565.41,565.38,565.41,88
1742401735,565.4,565.41,565.4,565.4,8
1742401740,565.4,565.41,565.4,565.4,0
1742401745,565.39,565.4,565.31,565.4,113
1742401750,565.41,565.46,565.41,565.44,102
1742401755,565.44,565.49,565.44,565.49,14
1742401760,565.49,565.53,565.49,565.49,100
1742401765,565.5,565.54,565.5,565.54,222
1742401770,565.53,565.59,565.53,565.58,76
1742401775,565.58,565.63,565.57,565.6,221
1742401780,565.59,565.65,565.59,565.64,70
1742401785,565.63,565.65,565.61,565.62,292
1742401790,565.62,565.62,565.59,565.59,35
1742401795,565.55,565.59,565.54,565.56,36
1742401800,565.54,565.58,565.51,565.58,106
1742401805,565.61,565.62,565.51,565.59,208
1742401810,565.63,565.65,565.62,565.63,76
1742401815,565.64,565.64,565.49,565.49,148
1742401820,565.49,565.5,565.46,565.48,36
1742401825,565.51,565.51,565.48,565.48,12
1742401830,565.48,565.51,565.45,565.46,16
1742401835,565.49,565.49,565.39,565.43,83
1742401840,565.44,565.45,565.4,565.4,42
1742401845,565.39,565.4,565.37,565.37,73
1742401850,565.38,565.41,565.38,565.41,33
1742401855,565.41,565.41,565.35,565.35,40
1742401860,565.3,565.34,565.28,565.29,75
1742401865,565.31,565.42,565.3,565.41,48
1742401870,565.38,565.38,565.37,565.37,290
1742401875,565.36,565.36,565.28,565.31,49
1742401880,565.3,565.31,565.26,565.29,86
1742401885,565.29,565.29,565.27,565.27,84
1742401890,565.28,565.29,565.25,565.26,95
1742401895,565.27,565.29,565.19,565.2,215
1742401900,565.2,565.22,565.19,565.2,63
1742401905,565.2,565.22,565.18,565.19,29
1742401910,565.2,565.23,565.19,565.23,37
1742401915,565.22,565.27,565.22,565.23,15
1742401920,565.25,565.25,565.2,565.21,64
1742401925,565.21,565.22,565.2,565.2,83
1742401930,565.2,565.22,565.18,565.22,162
1742401935,565.19,565.19,565.13,565.14,92
1742401940,565.14,565.17,565.14,565.17,15
1742401945,565.16,565.17,565.13,565.14,364
1742401950,565.13,565.13,565.08,565.12,95
1742401955,565.14,565.18,565.14,565.17,47
1742401960,565.17,565.19,565.17,565.17,56
1742401965,565.19,565.21,565.16,565.17,268
1742401970,565.2,565.21,565.19,565.19,37
1742401975,565.18,565.18,565.17,565.18,43
1742401980,565.18,565.19,565.15,565.19,41
1742401985,565.22,565.22,565.11,565.11,158
1742401990,565.12,565.12,565.1,565.1,25
1742401995,565.09,565.09,565.08,565.08,50
1742402000,565.07,565.08,565.05,565.08,40
1742402005,565.08,565.11,565.06,565.08,39
1742402010,565.06,565.09,565.06,565.06,29
1742402015,565.04,565.08,565.01,565.06,300
1742402020,565.07,565.07,565.04,565.05,27
1742402025,565.04,565.05,565.04,565.05,24
1742402030,565.04,565.04,565.01,565.01,230
1742402035,565.03,565.04,565.03,565.03,36
1742402040,565.05,565.08,565.02,565.04,123
1742402045,565.03,565.04,565.02,565.04,38
1742402050,565.03,565.03,565.0,565.0,35
1742402055,565.0,565.0,564.93,564.95,116
1742402060,564.98,564.99,564.98,564.99,20
1742402065,565.0,565.01,564.96,564.96,52
1742402070,564.97,565.01,564.96,565.01,50
1742402075,565.0,565.03,564.98,564.98,92
1742402080,564.97,564.98,564.97,564.97,9
1742402085,565.0,565.02,564.99,565.0,85
1742402090,565.01,565.14,564.95,565.14,157
1742402095,565.14,565.26,565.14,565.25,206
1742402100,565.22,565.23,565.19,565.21,86
1742402105,565.24,565.28,565.24,565.26,104
1742402110,565.26,565.28,565.26,565.28,36
1742402115,565.27,565.29,565.23,565.24,110
1742402120,565.27,565.3,565.26,565.28,25
1742402125,565.31,565.31,565.29,565.29,103
1742402130,565.29,565.3,565.29,565.29,33
1742402135,565.28,565.31,565.28,565.3,41
1742402140,565.27,565.29,565.27,565.27,33
1742402145,565.22,565.22,565.21,565.22,32
1742402150,565.27,565.27,565.21,565.21,47
1742402155,565.2,565.23,565.2,565.23,7
1742402160,565.22,565.22,565.18,565.19,62
1742402165,565.18,565.23,565.18,565.23,33
1742402170,565.23,565.26,565.23,565.26,17
1742402175,565.24,565.24,565.23,565.23,43
1742402180,565.19,565.22,565.19,565.2,12
1742402185,565.18,565.19,565.17,565.19,26
1742402190,565.18,565.21,565.18,565.21,12
1742402195,565.21,565.21,565.12,565.12,108
1742402200,565.11,565.11,565.03,565.04,56
1742402205,565.03,565.13,565.03,565.12,45
1742402210,565.1,565.1,565.08,565.09,9
1742402215,565.06,565.09,565.06,565.09,22
1742402220,565.08,565.08,565.05,565.05,7
1742402225,565.04,565.05,565.03,565.03,133
1742402230,565.02,565.02,564.94,564.94,32
1742402235,564.95,565.02,564.94,565.01,45
1742402240,565.0,565.01,564.96,564.97,12
1742402245,564.96,565.02,564.96,565.02,15
1742402250,565.0,565.0,565.0,565.0,2
1742402255,565.03,565.05,565.03,565.04,33
1742402260,565.03,565.07,565.03,565.07,275
1742402265,565.06,565.07,565.01,565.01,139
1742402270,565.04,565.05,565.02,565.05,42
1742402275,565.02,565.06,565.02,565.05,23
1742402280,565.04,565.05,565.02,565.05,14
1742402285,565.06,565.06,565.03,565.03,15
1742402290,565.04,565.04,565.02,565.03,45
1742402295,565.05,565.08,565.02,565.05,73
1742402300,565.01,565.04,565.0,565.04,69
1742402305,565.01,565.02,565.01,565.01,14
1742402310,565.03,565.06,565.01,565.06,58
1742402315,565.07,565.07,565.06,565.07,2
1742402320,565.04,565.04,565.04,565.04,2
1742402325,565.04,565.07,565.04,565.07,15
1742402330,565.1,565.1,565.1,565.1,33
1742402335,565.11,565.12,565.1,565.12,27
1742402340,565.11,565.16,565.11,565.15,35
1742402345,565.14,565.18,565.12,565.13,102
1742402350,565.12,565.14,565.12,565.13,5
1742402355,565.16,565.25,565.16,565.24,178
1742402360,565.24,565.25,565.22,565.25,143
1742402365,565.25,565.28,565.22,565.24,65
1742402370,565.22,565.22,565.16,565.18,37
1742402375,565.18,565.2,565.18,565.18,30
1742402380,565.18,565.18,565.13,565.14,33
1742402385,565.12,565.13,565.09,565.09,35
1742402390,565.12,565.12,565.1,565.1,25
1742402395,565.09,565.09,565.06,565.06,32
1742402400,565.05,565.05,564.97,564.97,110
1742402405,564.98,565.0,564.96,565.0,14
1742402410,564.96,564.96,564.95,564.95,5
1742402415,564.93,564.95,564.92,564.93,52
1742402420,564.93,564.93,564.86,564.87,55
1742402425,564.88,564.93,564.88,564.93,28
1742402430,564.93,564.93,564.91,564.91,22
1742402435,564.94,565.02,564.93,565.02,88
1742402440,565.0,565.0,564.98,564.98,12
1742402445,564.97,564.98,564.95,564.97,79
1742402450,564.94,564.95,564.92,564.94,91
1742402455,564.97,564.99,564.97,564.99,12
1742402460,565.01,565.09,565.0,565.08,125
1742402465,565.08,565.11,565.07,565.07,25
1742402470,565.07,565.07,565.04,565.04,57
1742402475,565.04,565.04,565.04,565.04,0
1742402480,565.04,565.07,565.04,565.07,16
1742402485,565.08,565.08,565.07,565.08,46
1742402490,565.07,565.07,565.04,565.07,23
1742402495,565.07,565.07,565.06,565.06,45
1742402500,565.04,565.04,565.04,565.04,5
1742402505,565.02,565.03,565.01,565.01,35
1742402510,565.01,565.02,565.01,565.02,5
1742402515,565.01,565.06,565.01,565.04,22
1742402520,565.08,565.08,565.04,565.08,20
1742402525,565.07,565.07,565.07,565.07,7
1742402530,565.06,565.12,565.06,565.1,35
1742402535,565.08,565.09,565.07,565.07,67
1742402540,565.07,565.08,565.07,565.08,45
1742402545,565.08,565.09,565.07,565.07,66
1742402550,565.08,565.09,565.05,565.05,48
1742402555,565.04,565.04,565.04,565.04,6
1742402560,565.04,565.04,565.03,565.04,13
1742402565,565.09,565.12,565.09,565.1,147
1742402570,565.12,565.14,565.11,565.12,12
1742402575,565.1,565.1,565.09,565.09,37
1742402580,565.09,565.11,565.05,565.05,40
1742402585,565.05,565.06,565.03,565.04,28
1742402590,565.04,565.04,564.98,564.98,35
1742402595,564.99,565.02,564.99,565.02,17
1742402600,565.03,565.04,565.03,565.03,36
1742402605,565.01,565.02,564.98,564.98,15
1742402610,564.97,564.98,564.95,564.95,45
1742402615,564.93,564.93,564.93,564.93,7
1742402620,564.95,564.96,564.94,564.94,19
1742402625,564.95,564.95,564.94,564.95,37
1742402630,564.94,564.95,564.94,564.94,11
1742402635,564.94,564.96,564.94,564.95,159
1742402640,564.95,564.95,564.89,564.9,55
1742402645,564.92,564.95,564.92,564.95,107
1742402650,564.97,564.99,564.97,564.99,105
1742402655,564.98,565.0,564.98,564.98,12
1742402660,564.99,564.99,564.96,564.96,93
1742402665,564.96,564.98,564.94,564.95,82
1742402670,564.95,565.01,564.94,565.0,16
1742402675,565.01,565.03,565.0,565.0,44
1742402680,565.03,565.05,565.03,565.05,22
1742402685,565.05,565.05,565.04,565.04,22
1742402690,565.05,565.08,565.05,565.08,10
1742402695,565.08,565.09,565.08,565.08,53
1742402700,565.09,565.13,565.09,565.13,105
1742402705,565.12,565.13,565.12,565.12,46
1742402710,565.12,565.12,565.06,565.06,40
1742402715,565.03,565.03,565.0,565.0,22
1742402720,565.0,565.01,564.99,565.0,30
1742402725,565.0,565.0,565.0,565.0,28
1742402730,564.97,564.97,564.92,564.92,12
1742402735,564.93,564.96,564.92,564.96,27
1742402740,564.94,564.95,564.94,564.95,13
1742402745,564.96,564.98,564.95,564.95,15
1742402750,564.98,564.99,564.96,564.98,30
1742402755,564.97,564.97,564.97,564.97,2
1742402760,564.97,564.98,564.96,564.96,10
1742402765,564.96,564.96,564.92,564.94,119
1742402770,564.94,564.95,564.93,564.95,55
1742402775,564.92,564.95,564.92,564.94,15
1742402780,564.96,565.03,564.96,565.03,32
1742402785,565.05,565.05,565.03,565.03,8
1742402790,565.03,565.04,565.02,565.02,106
1742402795,565.04,565.04,565.03,565.04,10
1742402800,565.06,565.09,565.06,565.08,17
1742402805,565.07,565.09,565.07,565.09,7
1742402810,565.08,565.11,565.04,565.04,51
1742402815,565.04,565.04,565.04,565.04,0
1742402820,565.04,565.05,565.03,565.05,34
1742402825,565.04,565.07,565.04,565.06,11
1742402830,565.09,565.09,565.08,565.09,18
1742402835,565.12,565.16,565.12,565.16,22
1742402840,565.16,565.16,565.13,565.14,38
1742402845,565.16,565.16,565.13,565.13,78
1742402850,565.14,565.14,565.13,565.13,37
1742402855,565.12,565.17,565.12,565.17,34
1742402860,565.14,565.14,565.08,565.08,36
1742402865,565.09,565.1,565.08,565.09,15
1742402870,565.08,565.08,565.02,565.02,73
1742402875,565.02,565.04,565.02,565.02,122
1742402880,565.01,565.02,564.92,564.92,127
1742402885,564.93,564.96,564.92,564.95,49
1742402890,564.96,564.97,564.94,564.97,69
1742402895,564.96,564.99,564.96,564.99,12
1742402900,564.97,564.98,564.96,564.97,30
1742402905,564.96,564.96,564.96,564.96,7
1742402910,564.97,565.01,564.97,564.99,55
1742402915,564.99,565.0,564.97,564.97,35
1742402920,564.99,564.99,564.98,564.98,57
1742402925,564.97,564.99,564.97,564.99,11
1742402930,564.99,565.03,564.99,565.01,67
1742402935,564.99,564.99,564.98,564.98,91
1742402940,564.97,564.97,564.96,564.97,10
1742402945,564.98,565.0,564.98,565.0,62
1742402950,565.0,565.02,565.0,565.0,30
1742402955,564.99,565.02,564.99,565.02,28
1742402960,565.0,565.01,565.0,565.0,85
1742402965,565.0,565.01,564.99,565.01,46
1742402970,565.02,565.02,565.01,565.02,12
1742402975,565.01,565.02,565.0,565.0,100
1742402980,565.0,565.0,564.98,564.99,10
1742402985,565.0,565.01,564.97,564.97,356
1742402990,564.96,564.96,564.95,564.95,7
1742402995,564.96,564.97,564.96,564.97,33
1742403000,564.98,564.99,564.97,564.99,250
1742403005,565.0,565.05,565.0,565.02,42
1742403010,565.01,565.02,565.01,565.01,55
1742403015,565.03,565.06,565.03,565.05,15
1742403020,565.06,565.07,565.03,565.03,51
1742403025,565.01,565.08,565.01,565.02,186
1742403030,565.03,565.07,565.02,565.04,30
1742403035,565.07,565.09,565.06,565.06,68
1742403040,565.07,565.07,565.06,565.06,20
1742403045,565.05,565.06,564.99,565.0,432
1742403050,565.01,565.03,565.0,565.03,70
1742403055,565.04,565.04,565.03,565.03,13
1742403060,565.04,565.04,564.9,564.9,131
1742403065,564.91,564.91,564.87,564.87,42
1742403070,564.88,564.9,564.86,564.89,173
1742403075,564.86,564.87,564.85,564.86,20
1742403080,564.85,564.87,564.82,564.82,135
1742403085,564.8,564.83,564.77,564.83,63
1742403090,564.83,564.87,564.83,564.85,25
1742403095,564.83,564.87,564.83,564.87,51
1742403100,564.88,564.88,564.86,564.87,55
1742403105,564.88,564.89,564.87,564.88,21
1742403110,564.88,564.89,564.88,564.89,16
1742403115,564.89,564.89,564.87,564.89,33
1742403120,564.89,564.9,564.87,564.9,106
1742403125,564.91,564.93,564.89,564.93,18
1742403130,564.93,564.95,564.93,564.95,22
1742403135,564.92,564.93,564.9,564.91,102
1742403140,564.96,565.03,564.96,565.03,109
1742403145,565.05,565.06,565.0,565.01,260
1742403150,565.0,565.02,565.0,565.0,55
1742403155,565.0,565.01,564.99,565.0,21
1742403160,565.0,565.03,564.99,565.01,81
1742403165,564.98,564.98,564.96,564.97,76
1742403170,564.99,565.0,564.98,565.0,117
1742403175,565.0,565.04,564.98,565.04,45
1742403180,565.02,565.07,565.01,565.07,92
1742403185,565.09,565.1,565.07,565.07,73
1742403190,565.07,565.14,565.06,565.14,52
1742403195,565.14,565.14,565.12,565.12,45
1742403200,565.15,565.16,565.14,565.15,223
1742403205,565.15,565.16,565.1,565.14,70
1742403210,565.17,565.21,565.17,565.2,99
1742403215,565.2,565.24,565.19,565.23,26
1742403220,565.23,565.29,565.23,565.27,142
1742403225,565.26,565.26,565.22,565.26,108
1742403230,565.25,565.27,565.25,565.27,14
1742403235,565.29,565.29,565.28,565.29,15
1742403240,565.29,565.29,565.24,565.25,111
1742403245,565.25,565.29,565.25,565.28,25
1742403250,565.26,565.26,565.19,565.23,41
1742403255,565.25,565.28,565.25,565.26,7
1742403260,565.26,565.27,565.24,565.25,37
1742403265,565.28,565.29,565.28,565.29,29
1742403270,565.29,565.37,565.29,565.37,102
1742403275,565.39,565.4,565.37,565.38,46
1742403280,565.4,565.4,565.38,565.38,10
1742403285,565.39,565.4,565.37,565.38,103
1742403290,565.37,565.38,565.33,565.35,71
1742403295,565.35,565.4,565.35,565.38,55
1742403300,565.36,565.39,565.32,565.32,89
1742403305,565.31,565.32,565.24,565.25,52
1742403310,565.23,565.28,565.23,565.28,72
1742403315,565.3,565.32,565.3,565.32,32
1742403320,565.35,565.35,565.33,565.33,5
1742403325,565.35,565.35,565.35,565.35,5
1742403330,565.35,565.35,565.25,565.25,85
1742403335,565.25,565.27,565.25,565.27,10
1742403340,565.29,565.29,565.29,565.29,6
1742403345,565.26,565.26,565.24,565.25,68
1742403350,565.25,565.27,565.25,565.27,15
1742403355,565.26,565.27,565.25,565.27,22
1742403360,565.28,565.28,565.25,565.27,36
1742403365,565.27,565.27,565.26,565.26,11
1742403370,565.26,565.27,565.25,565.25,150
1742403375,565.23,565.23,565.13,565.13,228
1742403380,565.12,565.16,565.12,565.15,76
1742403385,565.14,565.15,565.13,565.15,11
1742403390,565.14,565.15,565.12,565.15,91
1742403395,565.15,565.16,565.14,565.15,44
1742403400,565.13,565.15,565.13,565.15,22
1742403405,565.14,565.14,565.07,565.07,1050
1742403410,565.08,565.09,564.98,565.0,114
1742403415,565.01,565.04,564.98,564.99,48
1742403420,564.95,564.95,564.89,564.9,41
1742403425,564.88,564.88,564.75,564.79,174
1742403430,564.78,564.8,564.74,564.76,113
1742403435,564.74,564.77,564.67,564.73,191
1742403440,564.73,564.85,564.73,564.8,152
1742403445,564.77,564.81,564.76,564.81,76
1742403450,564.79,564.8,564.78,564.78,17
1742403455,564.82,564.86,564.82,564.84,53
1742403460,564.84,564.85,564.83,564.83,26
1742403465,564.82,564.84,564.82,564.84,42
1742403470,564.84,564.84,564.83,564.83,29
1742403475,564.82,564.82,564.8,564.8,34
1742403480,564.82,564.82,564.77,564.77,54
1742403485,564.78,564.78,564.68,564.72,68
1742403490,564.72,564.73,564.67,564.68,29
1742403495,564.73,564.76,564.72,564.76,10
1742403500,564.74,564.75,564.72,564.72,62
1742403505,564.72,564.72,564.72,564.72,5
1742403510,564.74,564.75,564.71,564.71,17
1742403515,564.73,564.74,564.73,564.73,33
1742403520,564.72,564.74,564.71,564.73,49
1742403525,564.74,564.75,564.74,564.75,36
1742403530,564.75,564.87,564.75,564.86,196
1742403535,564.84,564.88,564.84,564.87,150
1742403540,564.85,564.91,564.85,564.91,138
1742403545,564.9,564.91,564.86,564.86,94
1742403550,564.84,564.84,564.8,564.8,25
1742403555,564.82,564.85,564.82,564.83,45
1742403560,564.83,564.87,564.83,564.87,30
1742403565,564.87,564.88,564.86,564.88,22
1742403570,564.88,564.88,564.81,564.85,118
1742403575,564.88,564.88,564.85,564.85,115
1742403580,564.86,564.92,564.86,564.92,15
1742403585,564.93,564.94,564.91,564.91,70
1742403590,564.98,564.98,564.94,564.98,52
1742403595,564.97,564.98,564.93,564.96,141
1742403600,564.95,564.95,564.81,564.85,82
1742403605,564.86,564.86,564.85,564.85,14
1742403610,564.87,564.87,564.85,564.86,37
1742403615,564.89,564.92,564.88,564.9,71
1742403620,564.9,564.95,564.9,564.95,66
1742403625,564.97,564.98,564.94,564.95,66
1742403630,564.96,565.02,564.96,565.02,85
1742403635,565.02,565.05,565.02,565.03,24
1742403640,565.02,565.08,565.01,565.08,60
1742403645,565.08,565.1,565.06,565.08,25
1742403650,565.08,565.11,565.07,565.11,79
1742403655,565.13,565.15,565.12,565.13,70
1742403660,565.13,565.13,565.08,565.09,109
1742403665,565.09,565.11,565.08,565.11,98
1742403670,565.11,565.15,565.11,565.15,105
1742403675,565.15,565.16,565.15,565.16,14
1742403680,565.15,565.17,565.14,565.14,28
1742403685,565.13,565.16,565.13,565.15,21
1742403690,565.17,565.17,565.13,565.13,114
1742403695,565.08,565.09,565.03,565.04,65
1742403700,565.04,565.06,565.01,565.01,51
1742403705,564.97,565.01,564.97,564.99,284
1742403710,565.0,565.02,564.99,565.01,41
1742403715,565.02,565.03,564.99,565.03,133
1742403720,565.01,565.02,565.0,565.0,87
1742403725,564.99,564.99,564.93,564.93,80
1742403730,564.9,564.9,564.83,564.84,41
1742403735,564.83,564.83,564.79,564.8,51
1742403740,564.77,564.79,564.7,564.72,43
1742403745,564.73,564.74,564.71,564.74,28
1742403750,564.73,564.74,564.72,564.74,15
1742403755,564.74,564.74,564.66,564.72,167
1742403760,564.71,564.73,564.65,564.65,45
1742403765,564.64,564.68,564.64,564.66,41
1742403770,564.67,564.67,564.6,564.61,52
1742403775,564.61,564.62,564.56,564.61,52
1742403780,564.58,564.63,564.56,564.62,129
1742403785,564.62,564.63,564.6,564.6,35
1742403790,564.61,564.67,564.61,564.64,49
1742403795,564.62,564.64,564.62,564.62,48
1742403800,564.65,564.65,564.61,564.62,38
1742403805,564.62,564.62,564.56,564.56,29
1742403810,564.57,564.57,564.55,564.57,22
1742403815,564.57,564.6,564.57,564.6,10
1742403820,564.59,564.6,564.59,564.6,5
1742403825,564.61,564.64,564.6,564.6,76
1742403830,564.59,564.62,564.59,564.62,31
1742403835,564.59,564.62,564.54,564.61,191
1742403840,564.61,564.66,564.6,564.65,15
1742403845,564.62,564.66,564.62,564.65,37
1742403850,564.61,564.62,564.6,564.62,26
1742403855,564.61,564.63,564.61,564.63,62
1742403860,564.65,564.65,564.61,564.62,20
1742403865,564.62,564.63,564.61,564.62,7
1742403870,564.61,564.61,564.61,564.61,10
1742403875,564.62,564.63,564.62,564.63,7
1742403880,564.6,564.65,564.6,564.65,56
1742403885,564.64,564.65,564.64,564.64,7
1742403890,564.63,564.64,564.63,564.64,16
1742403895,564.66,564.74,564.66,564.74,30
1742403900,564.72,564.81,564.72,564.79,63
1742403905,564.81,564.81,564.7,564.73,164
1742403910,564.69,564.72,564.68,564.7,73
1742403915,564.68,564.7,564.68,564.68,35
1742403920,564.68,564.69,564.66,564.66,20
1742403925,564.64,564.65,564.53,564.55,87
1742403930,564.55,564.55,564.46,564.46,105
1742403935,564.44,564.46,564.42,564.46,115
1742403940,564.44,564.44,564.4,564.44,164
1742403945,564.45,564.46,564.44,564.45,36
1742403950,564.46,564.47,564.44,564.46,59
1742403955,564.43,564.43,564.41,564.41,45
1742403960,564.41,564.41,564.25,564.3,286
1742403965,564.24,564.29,564.24,564.24,73
1742403970,564.26,564.28,564.26,564.26,82
1742403975,564.25,564.31,564.25,564.31,32
1742403980,564.31,564.36,564.3,564.33,625
1742403985,564.31,564.31,564.29,564.3,42
1742403990,564.3,564.3,564.27,564.29,58
1742403995,564.3,564.36,564.25,564.36,107
1742404000,564.36,564.43,564.36,564.43,61
1742404005,564.42,564.43,564.4,564.43,45
1742404010,564.44,564.51,564.44,564.51,166
1742404015,564.51,564.57,564.51,564.54,114
1742404020,564.55,564.55,564.53,564.55,79
1742404025,564.53,564.53,564.41,564.41,264
1742404030,564.37,564.42,564.37,564.41,108
1742404035,564.43,564.44,564.43,564.44,47
1742404040,564.44,564.46,564.43,564.43,90
1742404045,564.42,564.43,564.42,564.42,35
1742404050,564.38,564.38,564.34,564.35,95
1742404055,564.35,564.35,564.32,564.32,33
1742404060,564.33,564.41,564.32,564.41,106
1742404065,564.41,564.43,564.4,564.4,18
1742404070,564.35,564.36,564.35,564.35,45
1742404075,564.36,564.38,564.35,564.38,68
1742404080,564.35,564.35,564.19,564.2,77
1742404085,564.17,564.19,564.17,564.19,27
1742404090,564.15,564.18,564.15,564.18,17
1742404095,564.17,564.17,564.12,564.14,108
1742404100,564.14,564.15,564.12,564.14,66
1742404105,564.15,564.29,564.15,564.27,34
1742404110,564.28,564.32,564.28,564.29,46
1742404115,564.31,564.31,564.3,564.3,12
1742404120,564.31,564.33,564.29,564.33,86
1742404125,564.34,564.35,564.32,564.35,49
1742404130,564.34,564.34,564.27,564.27,66
1742404135,564.28,564.29,564.2,564.2,61
1742404140,564.22,564.24,564.16,564.2,68
1742404145,564.22,564.22,564.16,564.17,136
1742404150,564.14,564.15,564.05,564.08,222
1742404155,564.06,564.09,564.05,564.09,31
1742404160,564.14,564.18,564.13,564.18,40
1742404165,564.17,564.19,564.15,564.19,73
1742404170,564.18,564.24,564.18,564.24,55
1742404175,564.24,564.27,564.21,564.26,121
1742404180,564.24,564.25,564.23,564.24,23
1742404185,564.23,564.23,564.18,564.23,132
1742404190,564.23,564.25,564.22,564.24,54
1742404195,564.23,564.24,564.21,564.21,42
1742404200,564.18,564.21,564.18,564.18,18
1742404205,564.21,564.23,564.19,564.2,93
1742404210,564.2,564.2,564.14,564.2,52
1742404215,564.17,564.2,564.17,564.2,7
1742404220,564.2,564.23,564.18,564.19,55
1742404225,564.22,564.22,564.18,564.18,20
1742404230,564.17,564.24,564.16,564.23,47
1742404235,564.22,564.22,564.2,564.2,30
1742404240,564.2,564.26,564.19,564.24,36
1742404245,564.21,564.21,564.21,564.21,7
1742404250,564.23,564.24,564.22,564.22,24
1742404255,564.22,564.22,564.19,564.21,42
1742404260,564.16,564.18,564.16,564.18,39
1742404265,564.2,564.22,564.19,564.22,14
1742404270,564.22,564.25,564.19,564.25,15
1742404275,564.26,564.28,564.23,564.23,39
1742404280,564.25,564.25,564.2,564.22,94
1742404285,564.21,564.21,564.15,564.19,26
1742404290,564.22,564.26,564.22,564.26,307
1742404295,564.25,564.28,564.25,564.27,52
1742404300,564.26,564.27,564.23,564.23,10
1742404305,564.26,564.27,564.22,564.25,38
1742404310,564.25,564.25,564.22,564.22,30
1742404315,564.21,564.22,564.17,564.18,206
1742404320,564.17,564.21,564.15,564.21,81
1742404325,564.23,564.26,564.23,564.25,15
1742404330,564.29,564.29,564.22,564.23,123
1742404335,564.23,564.24,564.22,564.24,26
1742404340,564.23,564.24,564.22,564.24,37
1742404345,564.23,564.23,564.21,564.23,71
1742404350,564.23,564.23,564.2,564.2,40
1742404355,564.17,564.17,564.09,564.11,67
1742404360,564.12,564.12,563.89,563.9,377
1742404365,563.9,563.92,563.84,563.88,120
1742404370,563.88,563.92,563.86,563.92,55
1742404375,563.92,563.97,563.92,563.97,27
1742404380,563.95,563.99,563.94,563.99,21
1742404385,563.96,563.96,563.91,563.93,75
1742404390,563.93,563.95,563.91,563.94,67
1742404395,563.94,563.96,563.94,563.95,32
1742404400,563.95,563.95,563.86,563.88,45
1742404405,563.85,563.89,563.85,563.88,17
1742404410,563.88,563.89,563.87,563.89,25
1742404415,563.86,563.89,563.86,563.89,36
1742404420,563.88,563.89,563.87,563.89,27
1742404425,563.9,563.9,563.87,563.88,183
1742404430,563.91,563.91,563.88,563.88,65
1742404435,563.88,563.89,563.8,563.8,123
1742404440,563.77,563.77,563.56,563.62,702
1742404445,563.62,563.63,563.56,563.61,118
1742404450,563.6,563.66,563.6,563.64,100
1742404455,563.63,563.63,563.6,563.61,121
1742404460,563.6,563.68,563.58,563.68,231
1742404465,563.68,563.75,563.67,563.73,205
1742404470,563.72,563.75,563.7,563.75,39
1742404475,563.74,563.74,563.71,563.71,114
1742404480,563.71,563.73,563.69,563.7,135
1742404485,563.7,563.7,563.68,563.68,29
1742404490,563.67,563.68,563.67,563.68,51
1742404495,563.67,563.69,563.67,563.67,113
1742404500,563.67,563.67,563.56,563.61,142
1742404505,563.62,563.64,563.6,563.64,35
1742404510,563.63,563.72,563.63,563.71,121
1742404515,563.7,563.71,563.67,563.71,171
1742404520,563.7,563.7,563.67,563.7,39
1742404525,563.69,563.72,563.68,563.72,47
1742404530,563.7,563.7,563.67,563.68,61
1742404535,563.68,563.71,563.67,563.67,35
1742404540,563.66,563.66,563.59,563.59,217
1742404545,563.57,563.63,563.54,563.63,207
1742404550,563.64,563.65,563.6,563.62,33
1742404555,563.64,563.66,563.61,563.64,45
1742404560,563.62,563.62,563.59,563.6,53
1742404565,563.59,563.59,563.55,563.55,21
1742404570,563.56,563.64,563.56,563.64,351
1742404575,563.64,563.65,563.4,563.41,259
1742404580,563.44,563.47,563.44,563.44,144
1742404585,563.44,563.44,563.28,563.32,436
1742404590,563.32,563.4,563.3,563.39,591
1742404595,563.38,563.38,563.36,563.36,106
1742404600,563.37,563.37,563.34,563.34,90
1742404605,563.34,563.46,563.34,563.45,73
1742404610,563.44,563.48,563.44,563.47,149
1742404615,563.47,563.49,563.47,563.49,102
1742404620,563.49,563.54,563.45,563.53,103
1742404625,563.55,563.55,563.49,563.5,55
1742404630,563.51,563.51,563.49,563.5,21
1742404635,563.51,563.52,563.46,563.49,514
1742404640,563.51,563.54,563.51,563.54,55
1742404645,563.53,563.53,563.46,563.47,131
1742404650,563.47,563.54,563.47,563.54,73
1742404655,563.52,563.6,563.52,563.6,200
1742404660,563.59,563.6,563.55,563.55,383
1742404665,563.54,563.59,563.54,563.58,328
1742404670,563.56,563.59,563.55,563.59,77
1742404675,563.56,563.57,563.52,563.52,127
1742404680,563.52,563.61,563.5,563.51,121
1742404685,563.51,563.58,563.5,563.58,56
1742404690,563.56,563.56,563.56,563.56,59
1742404695,563.57,563.59,563.56,563.58,80
1742404700,563.61,563.61,563.5,563.5,194
1742404705,563.51,563.52,563.49,563.49,137
1742404710,563.5,563.58,563.5,563.57,27
1742404715,563.57,563.58,563.5,563.55,153
1742404720,563.54,563.54,563.51,563.53,38
1742404725,563.54,563.61,563.54,563.59,44
1742404730,563.58,563.67,563.58,563.67,163
1742404735,563.67,563.7,563.65,563.65,186
1742404740,563.66,563.68,563.64,563.68,121
1742404745,563.69,563.74,563.65,563.74,133
1742404750,563.72,563.81,563.72,563.76,308
1742404755,563.77,563.79,563.76,563.79,126
1742404760,563.78,563.79,563.75,563.76,151
1742404765,563.78,563.8,563.76,563.8,87
1742404770,563.82,563.86,563.78,563.81,171
1742404775,563.82,563.86,563.82,563.84,64
1742404780,563.83,563.89,563.8,563.89,204
1742404785,563.88,563.88,563.81,563.84,107
1742404790,563.85,563.85,563.79,563.79,51
1742404795,563.78,563.78,563.72,563.75,71
1742404800,563.73,563.74,563.63,563.74,136
1742404805,563.69,563.69,563.68,563.69,20
1742404810,563.71,563.76,563.71,563.76,47
1742404815,563.78,563.78,563.73,563.74,35
1742404820,563.73,563.77,563.71,563.75,52
1742404825,563.75,563.78,563.75,563.77,105
1742404830,563.77,563.78,563.75,563.78,91
1742404835,563.78,563.83,563.78,563.79,44
1742404840,563.8,563.82,563.8,563.82,13
1742404845,563.79,563.8,563.78,563.8,112
1742404850,563.8,563.8,563.77,563.78,65
1742404855,563.77,563.78,563.77,563.77,81
1742404860,563.77,563.89,563.73,563.88,95
1742404865,563.83,563.86,563.83,563.86,27
1742404870,563.84,563.84,563.81,563.81,22
1742404875,563.82,563.83,563.79,563.81,84
1742404880,563.8,563.8,563.77,563.77,27
1742404885,563.8,563.81,563.79,563.79,11
1742404890,563.82,563.84,563.8,563.84,85
1742404895,563.84,563.84,563.8,563.8,36
1742404900,563.82,563.82,563.71,563.74,377
1742404905,563.74,563.75,563.71,563.75,512
1742404910,563.71,563.74,563.71,563.72,19
1742404915,563.74,563.78,563.74,563.78,46
1742404920,563.8,563.8,563.77,563.78,7
1742404925,563.77,563.77,563.75,563.75,40
1742404930,563.75,563.76,563.74,563.75,38
1742404935,563.76,563.76,563.76,563.76,2
1742404940,563.75,563.75,563.73,563.73,94
1742404945,563.75,563.95,563.75,563.94,110
1742404950,563.95,563.96,563.91,563.96,123
1742404955,563.95,563.95,563.88,563.88,257
1742404960,563.85,563.85,563.8,563.8,40
1742404965,563.81,563.81,563.74,563.75,42
1742404970,563.77,563.77,563.75,563.76,33
1742404975,563.76,563.77,563.75,563.76,33
1742404980,563.75,563.75,563.68,563.69,64
1742404985,563.68,563.74,563.64,563.65,204
1742404990,563.65,563.68,563.65,563.68,41
1742404995,563.71,563.79,563.71,563.79,7
1742405000,563.82,563.83,563.78,563.78,75
1742405005,563.78,563.78,563.78,563.78,0
1742405010,563.8,563.8,563.79,563.8,171
1742405015,563.8,563.8,563.79,563.8,15
1742405020,563.83,563.84,563.82,563.83,22
1742405025,563.84,563.84,563.82,563.84,158
1742405030,563.81,563.82,563.76,563.76,17
1742405035,563.77,563.77,563.77,563.77,20
1742405040,563.77,563.77,563.77,563.77,32
1742405045,563.78,563.78,563.71,563.73,188
1742405050,563.72,563.75,563.71,563.75,151
1742405055,563.71,563.71,563.69,563.69,30
1742405060,563.68,563.69,563.61,563.67,52
1742405065,563.68,563.69,563.68,563.69,5
1742405070,563.68,563.68,563.67,563.67,10
1742405075,563.68,563.69,563.68,563.69,16
1742405080,563.66,563.68,563.66,563.68,43
1742405085,563.68,563.69,563.68,563.69,22
1742405090,563.69,563.69,563.68,563.69,15
1742405095,563.72,563.73,563.66,563.67,149
1742405100,563.67,563.69,563.64,563.64,112
1742405105,563.66,563.7,563.65,563.68,66
1742405110,563.74,563.75,563.73,563.75,16
1742405115,563.74,563.74,563.74,563.74,2
1742405120,563.71,563.73,563.63,563.64,138
1742405125,563.63,563.66,563.61,563.61,45
1742405130,563.62,563.62,563.62,563.62,2
1742405135,563.59,563.62,563.56,563.56,41
1742405140,563.56,563.58,563.56,563.56,44
1742405145,563.56,563.58,563.51,563.51,71
1742405150,563.51,563.52,563.46,563.47,59
1742405155,563.44,563.44,563.41,563.41,62
1742405160,563.42,563.42,563.3,563.34,50
1742405165,563.37,563.41,563.36,563.39,85
1742405170,563.4,563.42,563.38,563.41,34
1742405175,563.4,563.44,563.4,563.41,21
1742405180,563.39,563.4,563.35,563.36,53
1742405185,563.37,563.4,563.35,563.39,91
1742405190,563.41,563.43,563.4,563.43,70
1742405195,563.41,563.46,563.41,563.44,109
1742405200,563.43,563.5,563.41,563.5,28
1742405205,563.5,563.57,563.49,563.56,113
1742405210,563.54,563.59,563.54,563.56,89
1742405215,563.57,563.58,563.51,563.57,635
1742405220,563.56,563.6,563.56,563.6,111
1742405225,563.6,563.63,563.59,563.63,95
1742405230,563.62,563.63,563.55,563.59,42
1742405235,563.57,563.61,563.56,563.61,7
1742405240,563.63,563.65,563.62,563.63,55
1742405245,563.64,563.64,563.63,563.64,12
1742405250,563.63,563.67,563.6,563.61,26
1742405255,563.66,563.66,563.65,563.65,90
1742405260,563.66,563.69,563.65,563.66,74
1742405265,563.66,563.67,563.61,563.65,101
1742405270,563.63,563.64,563.61,563.62,42
1742405275,563.64,563.66,563.64,563.65,17
1742405280,563.66,563.67,563.64,563.64,106
1742405285,563.62,563.62,563.57,563.58,15
1742405290,563.57,563.58,563.55,563.58,275
1742405295,563.58,563.63,563.57,563.63,34
1742405300,563.63,563.65,563.63,563.64,266
1742405305,563.65,563.69,563.65,563.68,33
1742405310,563.68,563.72,563.67,563.67,47
1742405315,563.68,563.68,563.62,563.62,213
1742405320,563.61,563.64,563.6,563.64,35
1742405325,563.66,563.66,563.61,563.61,15
1742405330,563.61,563.61,563.59,563.6,24
1742405335,563.58,563.58,563.58,563.58,17
1742405340,563.56,563.62,563.55,563.61,22
1742405345,563.63,563.63,563.56,563.56,44
1742405350,563.52,563.53,563.46,563.48,69
1742405355,563.45,563.45,563.43,563.45,7
1742405360,563.41,563.44,563.41,563.43,16
1742405365,563.42,563.46,563.41,563.43,10
1742405370,563.41,563.41,563.34,563.34,150
1742405375,563.31,563.36,563.3,563.36,74
1742405380,563.37,563.41,563.36,563.41,75
1742405385,563.39,563.39,563.37,563.37,53
1742405390,563.4,563.4,563.37,563.37,12
1742405395,563.38,563.38,563.35,563.35,55
1742405400,563.38,563.39,563.35,563.37,115
1742405405,563.41,563.41,563.23,563.24,205
1742405410,563.25,563.26,563.2,563.22,107
1742405415,563.2,563.24,563.16,563.16,81
1742405420,563.12,563.17,563.07,563.11,129
1742405425,563.11,563.12,563.1,563.1,48
1742405430,563.1,563.27,563.1,563.26,168
1742405435,563.22,563.27,563.2,563.26,46
1742405440,563.22,563.27,563.22,563.27,51
1742405445,563.28,563.29,563.24,563.25,47
1742405450,563.25,563.25,563.19,563.19,19
1742405455,563.19,563.2,563.17,563.2,66
1742405460,563.19,563.19,563.08,563.09,111
1742405465,563.13,563.14,563.09,563.1,192
1742405470,563.12,563.13,563.05,563.05,152
1742405475,563.04,563.06,563.04,563.04,74
1742405480,563.06,563.11,563.06,563.09,125
1742405485,563.12,563.14,563.11,563.13,109
1742405490,563.11,563.11,563.08,563.11,100
1742405495,563.12,563.22,563.12,563.2,68
1742405500,563.2,563.2,563.13,563.13,42
1742405505,563.15,563.15,563.14,563.15,12
1742405510,563.14,563.14,563.13,563.14,37
1742405515,563.15,563.15,563.09,563.12,119
1742405520,563.06,563.06,562.9,562.97,230
1742405525,563.08,563.13,563.08,563.1,112
1742405530,563.07,563.09,563.07,563.09,85
1742405535,563.08,563.09,563.03,563.03,127
1742405540,563.04,563.15,563.02,563.15,87
1742405545,563.15,563.15,563.12,563.13,25
1742405550,563.15,563.15,563.14,563.14,16
1742405555,563.13,563.13,563.13,563.13,2
1742405560,563.13,563.16,563.13,563.15,56
1742405565,563.13,563.16,563.13,563.16,40
1742405570,563.16,563.23,563.16,563.21,20
1742405575,563.18,563.2,563.14,563.2,32
1742405580,563.16,563.18,563.12,563.15,225
1742405585,563.2,563.2,563.15,563.2,266
1742405590,563.19,563.27,563.19,563.23,98
1742405595,563.22,563.24,563.22,563.22,29
1742405600,563.26,563.26,563.23,563.24,26
1742405605,563.26,563.28,563.24,563.28,29
1742405610,563.3,563.41,563.3,563.36,102
1742405615,563.36,563.37,563.35,563.37,45
1742405620,563.36,563.4,563.34,563.39,110
1742405625,563.38,563.4,563.36,563.39,69
1742405630,563.42,563.43,563.38,563.38,96
1742405635,563.39,563.43,563.33,563.33,40
1742405640,563.34,563.37,563.29,563.37,44
1742405645,563.39,563.41,563.35,563.41,28
1742405650,563.39,563.42,563.38,563.38,75
1742405655,563.38,563.39,563.38,563.39,19
1742405660,563.39,563.47,563.39,563.46,141
1742405665,563.45,563.49,563.34,563.39,85
1742405670,563.39,563.39,563.38,563.38,5
1742405675,563.39,563.39,563.38,563.38,12
1742405680,563.42,563.42,563.41,563.41,34
1742405685,563.42,563.43,563.4,563.41,12
1742405690,563.43,563.43,563.42,563.43,2
1742405695,563.41,563.41,563.4,563.4,62
1742405700,563.4,563.53,563.39,563.5,243
1742405705,563.48,563.52,563.47,563.52,77
1742405710,563.49,563.52,563.45,563.46,112
1742405715,563.45,563.46,563.37,563.42,157
1742405720,563.41,563.46,563.4,563.42,77
1742405725,563.43,563.5,563.43,563.5,65
1742405730,563.52,563.6,563.49,563.57,78
1742405735,563.55,563.6,563.54,563.6,39
1742405740,563.61,563.61,563.57,563.58,52
1742405745,563.58,563.6,563.57,563.57,56
1742405750,563.59,563.6,563.58,563.6,20
1742405755,563.6,563.6,563.6,563.6,0
1742405760,563.58,563.61,563.57,563.59,129
1742405765,563.62,563.64,563.59,563.61,47
1742405770,563.61,563.62,563.59,563.62,78
1742405775,563.62,563.63,563.61,563.63,56
1742405780,563.64,563.75,563.64,563.74,96
1742405785,563.74,563.78,563.71,563.72,118
1742405790,563.76,563.76,563.73,563.73,80
1742405795,563.75,563.79,563.75,563.76,36
1742405800,563.77,563.78,563.75,563.77,40
1742405805,563.79,563.82,563.78,563.79,85
1742405810,563.77,563.78,563.77,563.77,48
1742405815,563.76,563.78,563.76,563.77,79
1742405820,563.77,563.85,563.77,563.85,90
1742405825,563.85,563.9,563.85,563.86,157
1742405830,563.86,563.92,563.85,563.87,82
1742405835,563.86,563.87,563.82,563.86,100
1742405840,563.89,563.94,563.89,563.94,105
1742405845,563.93,563.93,563.91,563.92,7
1742405850,563.89,563.89,563.82,563.82,90
1742405855,563.82,563.82,563.81,563.82,17
1742405860,563.82,563.82,563.76,563.82,137
1742405865,563.82,563.82,563.81,563.82,0
1742405870,563.88,563.93,563.87,563.93,35
1742405875,563.95,563.96,563.87,563.87,80
1742405880,563.88,563.91,563.87,563.91,88
1742405885,563.91,563.93,563.89,563.93,54
1742405890,563.92,563.95,563.9,563.93,123
1742405895,563.93,563.93,563.91,563.91,62
1742405900,563.94,563.98,563.94,563.97,91
1742405905,564.0,564.02,563.96,563.96,159
1742405910,564.0,564.02,563.97,564.01,84
1742405915,564.01,564.02,563.98,563.99,82
1742405920,563.98,563.98,563.95,563.96,112
1742405925,563.96,564.0,563.96,563.97,71
1742405930,563.99,564.02,563.94,563.96,224
1742405935,563.94,563.94,563.87,563.89,140
1742405940,563.87,563.91,563.87,563.89,70
1742405945,563.9,563.98,563.9,563.95,27
1742405950,563.99,564.06,563.99,564.06,35
1742405955,564.06,564.1,564.05,564.08,79
1742405960,564.07,564.08,564.07,564.08,84
1742405965,564.08,564.1,564.08,564.09,32
1742405970,564.11,564.12,564.08,564.08,317
1742405975,564.09,564.17,564.09,564.12,638
1742405980,564.12,564.13,564.12,564.12,7
1742405985,564.12,564.15,564.12,564.13,146
1742405990,564.13,564.17,564.13,564.17,76
1742405995,564.18,564.18,564.13,564.13,69
1742406000,564.16,564.16,564.1,564.1,130
1742406005,564.1,564.1,563.99,563.99,127
1742406010,564.01,564.1,563.99,564.09,51
1742406015,564.1,564.11,564.1,564.11,32
1742406020,564.14,564.14,564.1,564.1,46
1742406025,564.11,564.16,564.11,564.15,52
1742406030,564.13,564.16,564.13,564.15,84
1742406035,564.15,564.16,564.12,564.16,54
1742406040,564.16,564.19,564.15,564.19,54
1742406045,564.17,564.18,564.16,564.16,148
1742406050,564.13,564.16,564.1,564.12,105
1742406055,564.1,564.11,564.1,564.1,25
1742406060,564.1,564.1,564.07,564.1,35
1742406065,564.09,564.1,564.09,564.1,35
1742406070,564.12,564.15,564.11,564.11,156
1742406075,564.15,564.16,564.14,564.15,65
1742406080,564.15,564.17,564.14,564.14,26
1742406085,564.16,564.18,564.16,564.17,25
1742406090,564.14,564.17,564.12,564.13,54
1742406095,564.13,564.13,564.09,564.12,83
1742406100,564.11,564.14,564.1,564.13,90
1742406105,564.14,564.19,564.14,564.19,20
1742406110,564.15,564.15,564.12,564.12,31
1742406115,564.1,564.11,564.1,564.1,9
1742406120,564.12,564.12,564.07,564.07,186
1742406125,564.1,564.11,564.09,564.09,64
1742406130,564.1,564.11,564.09,564.1,95
1742406135,564.1,564.1,564.08,564.08,87
1742406140,564.08,564.11,564.08,564.11,89
1742406145,564.11,564.24,564.11,564.24,145
1742406150,564.25,564.25,564.22,564.22,139
1742406155,564.22,564.22,564.21,564.21,7
1742406160,564.24,564.24,564.2,564.2,19
1742406165,564.19,564.19,564.14,564.14,71
1742406170,564.12,564.13,564.12,564.13,32
1742406175,564.12,564.12,564.1,564.12,61
1742406180,564.12,564.16,564.12,564.15,59
1742406185,564.16,564.18,564.16,564.17,18
1742406190,564.16,564.16,564.09,564.11,149
1742406195,564.15,564.15,564.12,564.12,17
1742406200,564.1,564.11,564.04,564.07,26
1742406205,564.07,564.07,564.03,564.03,27
1742406210,564.02,564.03,564.02,564.02,2
1742406215,564.06,564.06,564.02,564.03,245
1742406220,564.02,564.03,564.01,564.01,38
1742406225,564.01,564.02,563.97,563.99,144
1742406230,563.99,564.0,563.9,563.94,149
1742406235,563.93,563.95,563.92,563.95,87
1742406240,563.97,564.02,563.97,564.0,32
1742406245,563.97,563.99,563.97,563.97,15
1742406250,563.91,563.93,563.87,563.87,160
1742406255,563.87,563.87,563.78,563.78,144
1742406260,563.78,563.78,563.72,563.73,137
1742406265,563.75,563.77,563.73,563.75,131
1742406270,563.74,563.74,563.7,563.7,323
1742406275,563.68,563.71,563.63,563.65,124
1742406280,563.65,563.7,563.57,563.57,89
1742406285,563.58,563.58,563.54,563.54,70
1742406290,563.53,563.56,563.53,563.55,64
1742406295,563.55,563.64,563.54,563.61,77
1742406300,563.6,563.75,563.59,563.75,30
1742406305,563.64,563.68,563.63,563.63,52
1742406310,563.64,563.64,563.56,563.6,57
1742406315,563.53,563.53,563.5,563.51,16
1742406320,563.51,563.53,563.44,563.53,397
1742406325,563.48,563.5,563.43,563.44,15
1742406330,563.47,563.51,563.47,563.48,84
1742406335,563.52,563.52,563.49,563.49,17
1742406340,563.48,563.48,563.45,563.46,42
1742406345,563.47,563.48,563.4,563.41,36
1742406350,563.45,563.46,563.45,563.46,79
1742406355,563.48,563.48,563.44,563.46,31
1742406360,563.47,563.48,563.31,563.34,51
1742406365,563.38,563.38,563.35,563.37,9
1742406370,563.4,563.4,563.34,563.34,53
1742406375,563.35,563.35,563.34,563.35,2
1742406380,563.34,563.34,563.27,563.27,66
1742406385,563.31,563.33,563.3,563.33,31
1742406390,563.32,563.34,563.29,563.34,82
1742406395,563.34,563.36,563.31,563.32,183
1742406400,563.34,563.38,563.34,563.38,23
1742406405,563.38,563.39,563.36,563.36,15
1742406410,563.35,563.35,563.33,563.33,85
1742406415,563.3,563.3,563.15,563.17,185
1742406420,563.17,563.17,563.03,563.04,203
1742406425,563.11,563.11,563.09,563.1,32
1742406430,563.1,563.1,563.03,563.07,74
1742406435,563.09,563.11,563.08,563.08,90
1742406440,563.15,563.18,563.15,563.15,15
1742406445,563.16,563.19,563.15,563.18,63
1742406450,563.18,563.19,563.18,563.19,17
1742406455,563.18,563.18,563.17,563.18,17
1742406460,563.16,563.23,563.16,563.23,154
1742406465,563.23,563.23,563.13,563.19,174
1742406470,563.17,563.21,563.17,563.21,90
1742406475,563.21,563.21,563.16,563.16,73
1742406480,563.19,563.19,563.17,563.18,7
1742406485,563.24,563.24,563.18,563.18,57
1742406490,563.14,563.14,563.06,563.13,190
1742406495,563.17,563.22,563.15,563.15,410
1742406500,563.12,563.12,563.07,563.11,217
1742406505,563.12,563.15,563.04,563.09,167
1742406510,563.07,563.07,563.02,563.05,62
1742406515,563.05,563.06,563.05,563.06,15
1742406520,563.05,563.09,563.05,563.05,53
1742406525,563.06,563.06,562.92,562.95,237
1742406530,562.98,562.98,562.98,562.98,2
1742406535,562.92,562.92,562.85,562.85,159
1742406540,562.83,562.9,562.8,562.89,115
1742406545,562.88,562.91,562.87,562.88,68
1742406550,562.87,562.92,562.8,562.81,228
1742406555,562.83,562.84,562.72,562.83,69
1742406560,562.83,562.87,562.8,562.86,256
1742406565,562.81,562.81,562.76,562.79,60
1742406570,562.8,562.85,562.74,562.85,438
1742406575,562.88,562.89,562.88,562.88,13
1742406580,562.88,562.88,562.84,562.86,39
1742406585,562.86,562.9,562.86,562.9,66
1742406590,562.89,562.91,562.88,562.88,67
1742406595,562.91,562.97,562.91,562.97,30
1742406600,562.96,562.98,562.93,562.93,78
1742406605,562.96,563.05,562.96,563.04,12
1742406610,563.03,563.14,563.03,563.1,189
1742406615,563.09,563.2,563.08,563.2,67
1742406620,563.18,563.27,563.18,563.27,137
1742406625,563.25,563.28,563.23,563.23,221
1742406630,563.24,563.3,563.24,563.28,40
1742406635,563.29,563.29,563.2,563.23,108
1742406640,563.23,563.28,563.23,563.28,43
1742406645,563.28,563.28,563.18,563.19,109
1742406650,563.23,563.27,563.23,563.24,27
1742406655,563.27,563.27,563.26,563.26,16
1742406660,563.19,563.25,563.18,563.25,88
1742406665,563.25,563.31,563.24,563.3,41
1742406670,563.27,563.27,563.26,563.26,7
1742406675,563.28,563.29,563.25,563.27,260
1742406680,563.27,563.3,563.24,563.29,192
1742406685,563.3,563.36,563.3,563.32,198
1742406690,563.34,563.38,563.32,563.35,61
1742406695,563.34,563.4,563.34,563.39,57
1742406700,563.39,563.45,563.39,563.43,96
1742406705,563.42,563.47,563.42,563.47,87
1742406710,563.46,563.47,563.42,563.43,88
1742406715,563.45,563.52,563.44,563.5,530
1742406720,563.5,563.52,563.49,563.51,94
1742406725,563.47,563.47,563.3,563.32,59
1742406730,563.29,563.29,563.2,563.2,35
1742406735,563.2,563.29,563.18,563.29,744
1742406740,563.26,563.31,563.26,563.26,52
1742406745,563.26,563.27,563.24,563.25,27
1742406750,563.25,563.26,563.25,563.26,9
1742406755,563.25,563.27,563.24,563.25,40
1742406760,563.29,563.3,563.24,563.24,65
1742406765,563.23,563.23,563.17,563.2,66
1742406770,563.2,563.21,563.19,563.21,15
1742406775,563.2,563.2,563.18,563.2,51
1742406780,563.18,563.2,563.15,563.16,120
1742406785,563.17,563.2,563.16,563.2,29
1742406790,563.23,563.25,563.14,563.14,48
1742406795,563.08,563.09,562.98,563.0,94
1742406800,563.01,563.1,563.01,563.09,195
1742406805,563.1,563.14,563.09,563.14,15
1742406810,563.18,563.21,563.17,563.19,28
1742406815,563.21,563.22,563.2,563.21,17
1742406820,563.19,563.19,563.17,563.17,93
1742406825,563.19,563.19,563.16,563.16,57
1742406830,563.13,563.17,563.13,563.13,56
1742406835,563.15,563.17,563.11,563.11,51
1742406840,563.11,563.11,563.11,563.11,30
1742406845,563.08,563.12,563.08,563.08,62
1742406850,563.08,563.16,563.08,563.16,58
1742406855,563.16,563.18,563.15,563.18,22
1742406860,563.25,563.28,563.25,563.25,26
1742406865,563.23,563.24,563.23,563.23,15
1742406870,563.24,563.26,563.23,563.26,83
1742406875,563.27,563.3,563.27,563.29,12
1742406880,563.32,563.4,563.31,563.4,91
1742406885,563.38,563.39,563.33,563.33,163
1742406890,563.35,563.38,563.33,563.38,39
1742406895,563.38,563.4,563.36,563.36,22
1742406900,563.35,563.35,563.29,563.32,47
1742406905,563.3,563.3,563.23,563.24,41
1742406910,563.24,563.33,563.24,563.33,61
1742406915,563.33,563.33,563.31,563.31,37
1742406920,563.34,563.45,563.34,563.42,44
1742406925,563.39,563.39,563.35,563.38,27
1742406930,563.38,563.38,563.38,563.38,0
1742406935,563.36,563.39,563.35,563.35,31
1742406940,563.36,563.36,563.35,563.35,32
1742406945,563.36,563.36,563.31,563.31,129
1742406950,563.32,563.32,563.3,563.3,5
1742406955,563.25,563.27,563.22,563.26,52
1742406960,563.24,563.28,563.24,563.27,31
1742406965,563.23,563.28,563.23,563.28,114
1742406970,563.31,563.31,563.31,563.31,11
1742406975,563.31,563.31,563.28,563.31,11
1742406980,563.29,563.3,563.28,563.29,52
1742406985,563.31,563.33,563.3,563.33,35
1742406990,563.36,563.37,563.34,563.34,90
1742406995,563.34,563.34,563.33,563.33,37
1742407000,563.33,563.39,563.33,563.39,44
1742407005,563.37,563.38,563.36,563.37,12
1742407010,563.39,563.4,563.39,563.4,10
1742407015,563.39,563.44,563.39,563.44,173
1742407020,563.4,563.52,563.35,563.5,226
1742407025,563.49,563.49,563.42,563.43,66
1742407030,563.41,563.43,563.41,563.41,22
1742407035,563.4,563.51,563.39,563.51,151
1742407040,563.49,563.49,563.43,563.43,22
1742407045,563.43,563.43,563.34,563.34,127
1742407050,563.36,563.41,563.31,563.41,43
1742407055,563.41,563.41,563.4,563.4,32
1742407060,563.4,563.46,563.39,563.45,40
1742407065,563.44,563.44,563.42,563.42,27
1742407070,563.42,563.43,563.33,563.33,201
1742407075,563.35,563.4,563.31,563.39,45
1742407080,563.4,563.46,563.37,563.46,130
1742407085,563.45,563.45,563.37,563.41,249
1742407090,563.39,563.39,563.33,563.34,17
1742407095,563.35,563.36,563.34,563.35,48
1742407100,563.35,563.35,563.32,563.32,31
1742407105,563.32,563.41,563.31,563.36,147
1742407110,563.36,563.36,563.24,563.32,108
1742407115,563.31,563.41,563.31,563.39,105
1742407120,563.41,563.43,563.32,563.4,293
1742407125,563.39,563.4,563.37,563.37,54
1742407130,563.38,563.41,563.37,563.37,88
1742407135,563.36,563.4,563.34,563.35,76
1742407140,563.32,563.38,563.3,563.38,63
1742407145,563.38,563.46,563.33,563.35,138
1742407150,563.34,563.4,563.33,563.39,90
1742407155,563.33,563.34,563.26,563.28,83
1742407160,563.27,563.3,563.21,563.23,59
1742407165,563.25,563.3,563.25,563.26,56
1742407170,563.26,563.26,563.21,563.24,66
1742407175,563.17,563.26,563.12,563.26,89
1742407180,563.19,563.23,563.19,563.19,49
1742407185,563.2,563.28,563.2,563.25,89
1742407190,563.27,563.37,563.25,563.28,216
1742407195,563.26,563.3,563.18,563.18,174
1742407200,563.18,563.47,562.0,563.02,1006
1742407205,563.02,563.75,563.01,563.75,830
1742407210,563.75,564.37,563.75,564.16,1240
1742407215,564.22,564.45,564.03,564.1,966
1742407220,564.05,564.49,564.05,564.43,702
1742407225,564.35,564.58,564.3,564.37,459
1742407230,564.35,564.79,564.3,564.75,669
1742407235,564.74,564.93,564.62,564.85,520
1742407240,564.85,564.97,564.49,564.52,1054
1742407245,564.55,564.55,564.23,564.23,596
1742407250,564.29,564.73,564.29,564.6,317
1742407255,564.56,564.92,564.53,564.84,1483
1742407260,564.86,565.1,564.85,564.93,887
1742407265,564.88,565.07,564.72,564.77,318
1742407270,564.71,564.71,564.48,564.54,229
1742407275,564.51,564.78,564.47,564.7,1136
1742407280,564.69,564.92,564.53,564.53,511
1742407285,564.56,564.58,564.36,564.37,270
1742407290,564.39,564.59,564.39,564.46,159
1742407295,564.45,564.45,564.3,564.35,459
1742407300,564.33,564.38,564.11,564.26,352
1742407305,564.23,564.43,564.14,564.41,501
1742407310,564.4,564.4,564.09,564.13,374
1742407315,564.16,564.27,564.1,564.21,126
1742407320,564.23,564.27,564.05,564.12,205
1742407325,564.09,564.12,564.0,564.07,337
1742407330,564.1,564.3,564.05,564.23,257
1742407335,564.23,564.26,563.98,563.99,382
1742407340,564.0,564.06,563.99,564.0,125
1742407345,564.01,564.21,564.01,564.09,712
1742407350,564.09,564.18,564.07,564.07,360
1742407355,564.07,564.18,564.03,564.07,485
1742407360,564.02,564.04,563.96,564.02,543
1742407365,564.13,564.14,563.98,564.05,522
1742407370,564.06,564.27,564.06,564.22,642
1742407375,564.22,564.36,564.15,564.27,612
1742407380,564.25,564.29,564.11,564.27,218
1742407385,564.26,564.42,564.26,564.34,294
1742407390,564.33,564.34,564.23,564.23,126
1742407395,564.22,564.5,564.19,564.41,200
1742407400,564.45,564.79,564.45,564.74,765
1742407405,564.74,564.98,564.7,564.74,571
1742407410,564.75,564.89,564.71,564.72,282
1742407415,564.67,564.71,564.56,564.59,231
1742407420,564.56,564.69,564.5,564.51,100
1742407425,564.5,564.67,564.42,564.67,142
1742407430,564.72,564.75,564.43,564.43,520
1742407435,564.42,564.44,564.17,564.25,559
1742407440,564.26,564.49,564.25,564.43,189
1742407445,564.41,564.49,564.36,564.38,46
1742407450,564.36,564.36,564.17,564.2,268
1742407455,564.15,564.18,563.84,564.02,791
1742407460,563.98,564.12,563.84,563.85,577
1742407465,563.86,564.05,563.82,564.04,770
1742407470,564.05,564.28,564.04,564.22,1327
1742407475,564.22,564.36,564.22,564.35,208
1742407480,564.37,564.45,564.28,564.34,325
1742407485,564.39,564.47,564.33,564.47,93
1742407490,564.43,564.44,564.33,564.4,116
1742407495,564.4,564.43,564.36,564.36,199
1742407500,564.43,564.45,564.2,564.21,688
1742407505,564.2,564.21,564.11,564.15,104
1742407510,564.19,564.21,564.1,564.1,125
1742407515,564.09,564.1,563.74,563.75,573
1742407520,563.74,563.93,563.7,563.93,235
1742407525,563.92,563.95,563.7,563.81,152
1742407530,563.85,563.88,563.76,563.76,150
1742407535,563.76,563.79,563.52,563.59,321
1742407540,563.59,563.7,563.49,563.53,212
1742407545,563.53,563.61,563.46,563.54,243
1742407550,563.6,563.66,563.43,563.6,356
1742407555,563.59,563.66,563.59,563.63,128
1742407560,563.54,563.54,563.45,563.45,174
1742407565,563.45,563.45,563.33,563.33,198
1742407570,563.33,563.46,563.3,563.35,173
1742407575,563.39,563.69,563.39,563.63,745
1742407580,563.64,563.64,563.47,563.6,230
1742407585,563.64,563.65,563.56,563.59,91
1742407590,563.57,563.69,563.54,563.68,189
1742407595,563.66,563.69,563.48,563.49,186
1742407600,563.5,563.56,563.47,563.47,201
1742407605,563.5,563.51,563.4,563.4,222
1742407610,563.44,563.73,563.38,563.46,1193
1742407615,563.48,563.51,563.41,563.46,157
1742407620,563.46,563.64,563.45,563.63,305
1742407625,563.67,563.68,563.42,563.68,184
1742407630,563.67,563.72,563.65,563.71,183
1742407635,563.69,563.73,563.64,563.68,203
1742407640,563.71,563.78,563.69,563.71,266
1742407645,563.71,563.83,563.71,563.81,736
1742407650,563.77,563.89,563.68,563.78,279
1742407655,563.79,564.08,563.79,564.03,455
1742407660,564.04,564.27,564.04,564.19,263
1742407665,564.17,564.17,564.1,564.1,190
1742407670,564.1,564.27,564.1,564.27,105
1742407675,564.23,564.36,564.22,564.36,160
1742407680,564.36,564.43,564.28,564.29,386
1742407685,564.3,564.36,564.28,564.3,193
1742407690,564.32,564.35,564.3,564.32,42
1742407695,564.35,564.39,564.35,564.39,149
1742407700,564.41,564.48,564.41,564.41,156
1742407705,564.42,564.43,564.28,564.38,617
1742407710,564.36,564.44,564.36,564.4,122
1742407715,564.45,564.45,564.37,564.39,409
1742407720,564.4,564.44,564.38,564.44,218
1742407725,564.43,564.43,564.36,564.38,328
1742407730,564.34,564.36,564.32,564.33,212
1742407735,564.31,564.37,564.31,564.33,312
1742407740,564.33,564.48,564.32,564.47,221
1742407745,564.47,564.64,564.47,564.59,246
1742407750,564.58,564.59,564.43,564.45,153
1742407755,564.46,564.55,564.43,564.54,124
1742407760,564.56,564.58,564.51,564.51,275
1742407765,564.51,564.67,564.5,564.67,438
1742407770,564.67,564.72,564.62,564.63,352
1742407775,564.62,564.62,564.5,564.52,238
1742407780,564.5,564.52,564.37,564.49,354
1742407785,564.51,564.51,564.43,564.43,59
1742407790,564.4,564.53,564.4,564.53,116
1742407795,564.56,564.65,564.56,564.56,197
1742407800,564.58,564.8,564.58,564.78,273
1742407805,564.79,564.85,564.75,564.75,265
1742407810,564.74,564.85,564.71,564.79,91
1742407815,564.81,564.83,564.76,564.76,71
1742407820,564.76,564.88,564.73,564.76,706
1742407825,564.75,564.9,564.75,564.86,63
1742407830,564.87,564.88,564.83,564.87,138
1742407835,564.87,564.92,564.82,564.88,166
1742407840,564.88,564.88,564.79,564.82,97
1742407845,564.81,564.97,564.81,564.96,107
1742407850,564.93,565.05,564.93,565.01,203
1742407855,565.1,565.12,565.01,565.01,579
1742407860,565.05,565.08,564.99,565.08,47
1742407865,565.08,565.09,565.05,565.07,131
1742407870,565.11,565.12,564.99,565.06,238
1742407875,565.07,565.13,565.06,565.13,66
1742407880,565.13,565.22,565.13,565.14,438
1742407885,565.13,565.35,565.13,565.33,544
1742407890,565.39,565.42,565.32,565.32,211
1742407895,565.34,565.35,565.21,565.33,909
1742407900,565.36,565.42,565.29,565.32,304
1742407905,565.32,565.34,565.26,565.26,231
1742407910,565.3,565.3,565.18,565.18,196
1742407915,565.18,565.19,565.02,565.09,217
1742407920,565.17,565.27,565.11,565.26,69
1742407925,565.26,565.3,565.06,565.08,155
1742407930,565.05,565.09,565.01,565.08,183
1742407935,565.09,565.17,565.08,565.08,223
1742407940,565.1,565.18,565.08,565.15,163
1742407945,565.18,565.19,565.02,565.02,134
1742407950,565.02,565.03,564.94,565.0,529
1742407955,565.0,565.04,564.93,564.96,400
1742407960,564.99,565.33,564.98,565.33,362
1742407965,565.33,565.35,565.25,565.35,647
1742407970,565.34,565.44,565.33,565.4,335
1742407975,565.41,565.43,565.33,565.41,209
1742407980,565.42,565.56,565.41,565.55,558
1742407985,565.57,565.63,565.46,565.46,572
1742407990,565.48,565.49,565.4,565.48,146
1742407995,565.45,565.47,565.42,565.42,255
1742408000,565.45,565.48,565.41,565.41,84
1742408005,565.42,565.43,565.29,565.36,251
1742408010,565.31,565.34,565.16,565.16,353
1742408015,565.19,565.19,565.04,565.12,161
1742408020,565.09,565.13,565.06,565.08,184
1742408025,565.12,565.19,565.1,565.12,211
1742408030,565.09,565.11,565.07,565.09,116
1742408035,565.06,565.08,564.94,564.94,371
1742408040,564.96,564.97,564.9,564.94,172
1742408045,565.0,565.16,564.97,565.16,151
1742408050,565.19,565.43,565.19,565.39,353
1742408055,565.38,565.44,565.32,565.35,215
1742408060,565.32,565.32,565.21,565.25,35
1742408065,565.22,565.23,565.18,565.19,149
1742408070,565.18,565.23,565.16,565.21,63
1742408075,565.21,565.22,565.16,565.22,590
1742408080,565.18,565.25,565.18,565.24,102
1742408085,565.25,565.25,565.15,565.15,32
1742408090,565.19,565.19,565.16,565.18,10
1742408095,565.18,565.22,565.17,565.19,26
1742408100,565.15,565.45,565.15,565.43,488
1742408105,565.42,565.48,565.4,565.46,196
1742408110,565.48,565.48,565.44,565.48,208
1742408115,565.48,565.5,565.45,565.49,81
1742408120,565.47,565.51,565.46,565.5,90
1742408125,565.49,565.63,565.45,565.46,435
1742408130,565.47,565.47,565.34,565.38,217
1742408135,565.42,565.43,565.39,565.43,66
1742408140,565.42,565.52,565.42,565.42,196
1742408145,565.43,565.46,565.39,565.43,202
1742408150,565.42,565.48,565.32,565.34,264
1742408155,565.33,565.36,565.32,565.33,125
1742408160,565.38,565.43,565.31,565.39,205
1742408165,565.45,565.54,565.41,565.52,164
1742408170,565.53,565.55,565.5,565.53,130
1742408175,565.51,565.62,565.5,565.58,123
1742408180,565.55,565.6,565.55,565.56,104
1742408185,565.6,565.64,565.56,565.62,102
1742408190,565.59,565.77,565.58,565.75,646
1742408195,565.77,565.88,565.77,565.83,642
1742408200,565.82,565.85,565.74,565.75,389
1742408205,565.73,565.74,565.62,565.62,241
1742408210,565.63,565.78,565.63,565.66,222
1742408215,565.63,565.63,565.57,565.61,74
1742408220,565.64,565.67,565.59,565.59,132
1742408225,565.57,565.57,565.45,565.48,221
1742408230,565.47,565.48,565.33,565.44,231
1742408235,565.48,565.48,565.4,565.41,85
1742408240,565.4,565.41,565.34,565.38,147
1742408245,565.38,565.39,565.34,565.35,162
1742408250,565.35,565.46,565.35,565.44,114
1742408255,565.51,565.53,565.32,565.36,356
1742408260,565.38,565.38,565.31,565.32,89
1742408265,565.31,565.34,565.25,565.31,155
1742408270,565.32,565.36,565.32,565.34,39
1742408275,565.34,565.35,565.31,565.34,101
1742408280,565.4,565.4,565.24,565.31,152
1742408285,565.32,565.34,565.27,565.27,157
1742408290,565.26,565.39,565.26,565.39,99
1742408295,565.39,565.45,565.39,565.42,184
1742408300,565.43,565.46,565.39,565.44,75
1742408305,565.46,565.54,565.46,565.51,99
1742408310,565.48,565.5,565.3,565.3,101
1742408315,565.31,565.32,565.26,565.29,185
1742408320,565.29,565.39,565.26,565.39,211
1742408325,565.4,565.42,565.38,565.42,137
1742408330,565.4,565.4,565.31,565.33,170
1742408335,565.32,565.36,565.32,565.34,87
1742408340,565.33,565.33,565.23,565.24,199
1742408345,565.33,565.4,565.3,565.39,250
1742408350,565.39,565.58,565.35,565.58,255
1742408355,565.54,565.57,565.42,565.43,256
1742408360,565.43,565.47,565.43,565.45,54
1742408365,565.46,565.47,565.37,565.38,92
1742408370,565.35,565.35,565.32,565.34,56
1742408375,565.34,565.35,565.27,565.29,152
1742408380,565.32,565.37,565.31,565.32,145
1742408385,565.32,565.32,565.24,565.25,126
1742408390,565.29,565.36,565.25,565.27,99
1742408395,565.25,565.26,565.16,565.17,125
1742408400,565.16,565.3,565.16,565.27,146
1742408405,565.28,565.35,565.28,565.32,174
1742408410,565.32,565.34,565.19,565.19,230
1742408415,565.18,565.22,565.17,565.21,96
1742408420,565.23,565.24,565.06,565.15,631
1742408425,565.2,565.26,565.15,565.18,179
1742408430,565.17,565.19,565.08,565.19,151
1742408435,565.19,565.19,565.1,565.16,124
1742408440,565.19,565.2,565.15,565.15,139
1742408445,565.17,565.2,565.12,565.12,258
1742408450,565.06,565.06,564.91,564.92,121
1742408455,564.92,564.94,564.86,564.88,114
1742408460,564.91,565.01,564.85,564.89,322
1742408465,564.9,565.07,564.87,565.05,166
1742408470,565.04,565.05,564.93,564.97,233
1742408475,564.95,565.02,564.94,564.99,206
1742408480,564.97,565.05,564.97,564.97,195
1742408485,564.97,565.04,564.97,565.0,417
1742408490,564.96,564.97,564.92,564.95,126
1742408495,564.95,565.0,564.9,564.9,313
1742408500,564.9,564.91,564.85,564.87,270
1742408505,564.84,564.93,564.84,564.91,80
1742408510,564.88,564.93,564.82,564.86,417
1742408515,564.88,564.89,564.81,564.87,69
1742408520,564.87,564.97,564.84,564.93,156
1742408525,564.94,564.98,564.93,564.96,57
1742408530,564.95,564.95,564.85,564.92,167
1742408535,564.92,564.92,564.83,564.88,216
1742408540,564.87,564.88,564.7,564.86,329
1742408545,564.88,564.88,564.82,564.85,90
1742408550,564.9,564.98,564.88,564.95,73
1742408555,564.95,564.99,564.89,564.99,49
1742408560,565.02,565.07,564.99,565.02,86
1742408565,565.05,565.11,565.05,565.11,146
1742408570,565.12,565.21,565.12,565.21,179
1742408575,565.21,565.26,565.19,565.25,205
1742408580,565.24,565.25,565.17,565.2,137
1742408585,565.22,565.24,565.2,565.23,102
1742408590,565.27,565.39,565.27,565.35,235
1742408595,565.35,565.35,565.28,565.28,46
1742408600,565.29,565.29,565.26,565.27,188
1742408605,565.26,565.27,565.03,565.03,102
1742408610,565.01,565.05,564.98,565.03,91
1742408615,565.07,565.22,565.07,565.21,389
1742408620,565.19,565.26,565.19,565.23,46
1742408625,565.25,565.27,565.22,565.25,47
1742408630,565.25,565.33,565.25,565.31,69
1742408635,565.31,565.34,565.29,565.34,126
1742408640,565.34,565.35,565.29,565.31,860
1742408645,565.28,565.28,565.19,565.21,69
1742408650,565.22,565.27,565.21,565.25,103
1742408655,565.27,565.32,565.25,565.28,78
1742408660,565.28,565.29,565.23,565.24,118
1742408665,565.28,565.45,565.28,565.42,32
1742408670,565.35,565.43,565.35,565.43,96
1742408675,565.45,565.46,565.38,565.38,70
1742408680,565.39,565.39,565.35,565.36,57
1742408685,565.38,565.38,565.22,565.25,80
1742408690,565.25,565.25,565.13,565.16,208
1742408695,565.18,565.19,565.11,565.11,61
1742408700,565.05,565.18,565.02,565.18,177
1742408705,565.18,565.19,565.17,565.17,18
1742408710,565.19,565.2,565.07,565.14,78
1742408715,565.14,565.31,565.14,565.31,66
1742408720,565.29,565.3,565.28,565.28,71
1742408725,565.32,565.36,565.32,565.36,136
1742408730,565.34,565.34,565.16,565.16,94
1742408735,565.12,565.19,565.09,565.1,80
1742408740,565.06,565.06,564.98,565.03,207
1742408745,565.02,565.16,565.0,565.12,123
1742408750,565.11,565.11,565.04,565.07,165
1742408755,565.06,565.06,564.99,565.02,57
1742408760,565.0,565.15,564.98,565.12,128
1742408765,565.13,565.22,565.12,565.22,22
1742408770,565.18,565.19,565.09,565.09,42
1742408775,565.04,565.04,564.91,564.93,140
1742408780,564.91,564.95,564.72,564.73,264
1742408785,564.73,564.86,564.67,564.86,164
1742408790,564.89,564.95,564.84,564.91,65
1742408795,564.89,564.96,564.88,564.9,37
1742408800,564.9,564.91,564.83,564.86,156
1742408805,564.88,564.92,564.88,564.92,38
1742408810,564.89,564.93,564.89,564.92,54
1742408815,564.96,564.96,564.93,564.93,18
1742408820,564.9,564.95,564.84,564.94,131
1742408825,564.92,565.26,564.92,565.24,733
1742408830,565.12,565.19,565.12,565.16,114
1742408835,565.19,565.19,565.16,565.17,42
1742408840,565.15,565.2,565.15,565.2,83
1742408845,565.18,565.2,565.16,565.19,200
1742408850,565.18,565.19,565.07,565.09,123
1742408855,565.06,565.08,565.02,565.02,120
1742408860,565.04,565.1,565.0,565.06,104
1742408865,565.07,565.08,565.02,565.04,93
1742408870,565.05,565.05,564.95,564.96,119
1742408875,564.91,565.0,564.9,565.0,77
1742408880,564.98,564.99,564.9,564.99,123
1742408885,564.98,564.98,564.95,564.97,100
1742408890,564.97,564.99,564.84,564.84,88
1742408895,564.81,564.81,564.7,564.7,207
1742408900,564.72,564.76,564.7,564.76,65
1742408905,564.71,564.71,564.68,564.68,67
1742408910,564.69,564.7,564.6,564.67,443
1742408915,564.67,564.69,564.56,564.56,206
1742408920,564.56,564.64,564.55,564.63,139
1742408925,564.55,564.61,564.46,564.61,144
1742408930,564.62,564.63,564.57,564.57,122
1742408935,564.56,564.56,564.4,564.4,119
1742408940,564.38,564.58,564.36,564.58,143
1742408945,564.56,564.56,564.45,564.45,150
1742408950,564.46,564.58,564.46,564.51,119
1742408955,564.49,564.51,564.48,564.51,19
1742408960,564.5,564.59,564.5,564.57,85
1742408965,564.54,564.57,564.52,564.52,105
1742408970,564.51,564.52,564.46,564.48,93
1742408975,564.43,564.59,564.43,564.55,71
1742408980,564.52,564.55,564.44,564.44,111
1742408985,564.46,564.61,564.44,564.6,95
1742408990,564.56,564.58,564.56,564.57,65
1742408995,564.6,564.62,564.58,564.61,85
1742409000,564.57,564.95,564.57,564.95,348
1742409005,564.94,565.11,564.94,565.04,268
1742409010,565.0,565.11,565.0,565.1,134
1742409015,565.09,565.15,565.06,565.11,221
1742409020,565.09,565.14,565.09,565.13,133
1742409025,565.12,565.34,565.11,565.31,372
1742409030,565.33,565.38,565.32,565.37,137
1742409035,565.37,565.37,565.32,565.32,393
1742409040,565.33,565.35,565.26,565.27,351
1742409045,565.3,565.33,565.24,565.31,120
1742409050,565.32,565.34,565.08,565.24,343
1742409055,565.24,565.25,565.19,565.21,60
1742409060,565.23,565.44,565.23,565.41,233
1742409065,565.4,565.48,565.38,565.48,269
1742409070,565.49,565.52,565.46,565.49,293
1742409075,565.51,565.54,565.42,565.48,146
1742409080,565.44,565.54,565.44,565.52,85
1742409085,565.52,565.62,565.5,565.61,317
1742409090,565.63,565.8,565.6,565.8,363
1742409095,565.79,565.81,565.69,565.81,231
1742409100,565.8,565.8,565.71,565.71,127
1742409105,565.7,565.84,565.7,565.84,101
1742409110,565.85,565.94,565.82,565.86,282
1742409115,565.87,565.99,565.87,565.92,190
1742409120,565.92,565.93,565.88,565.92,433
1742409125,565.89,566.0,565.88,565.97,241
1742409130,565.98,566.0,565.93,565.98,261
1742409135,565.98,566.1,565.98,566.1,195
1742409140,566.1,566.27,566.07,566.25,674
1742409145,566.21,566.43,566.18,566.4,551
1742409150,566.4,566.53,566.31,566.41,502
1742409155,566.4,566.46,566.39,566.46,283
1742409160,566.49,566.53,566.4,566.4,429
1742409165,566.4,566.47,566.39,566.47,240
1742409170,566.46,566.55,566.46,566.48,201
1742409175,566.54,566.57,566.49,566.49,260
1742409180,566.49,566.71,566.49,566.71,661
1742409185,566.69,566.69,566.47,566.56,378
1742409190,566.54,566.56,566.48,566.48,227
1742409195,566.49,566.53,566.36,566.4,164
1742409200,566.4,566.46,566.35,566.42,200
1742409205,566.47,566.55,566.46,566.52,110
1742409210,566.5,566.52,566.42,566.5,320
1742409215,566.49,566.49,566.12,566.13,258
1742409220,566.14,566.19,566.08,566.13,260
1742409225,566.15,566.16,565.95,565.97,341
1742409230,566.0,566.05,565.82,565.85,404
1742409235,565.85,565.9,565.68,565.68,727
1742409240,565.7,565.73,565.52,565.6,347
1742409245,565.63,565.65,565.53,565.56,381
1742409250,565.56,565.79,565.55,565.79,229
1742409255,565.79,565.92,565.76,565.91,150
1742409260,565.94,566.08,565.94,565.96,142
1742409265,565.94,565.99,565.88,565.94,285
1742409270,565.99,566.04,565.97,566.03,205
1742409275,566.05,566.16,566.05,566.11,295
1742409280,566.1,566.11,566.05,566.07,149
1742409285,566.11,566.11,566.04,566.04,160
1742409290,566.05,566.05,565.93,565.97,169
1742409295,565.98,565.98,565.93,565.96,36
1742409300,565.94,566.17,565.9,566.16,231
1742409305,566.14,566.16,566.03,566.04,181
1742409310,566.03,566.17,566.03,566.15,674
1742409315,566.13,566.14,566.09,566.13,474
1742409320,566.12,566.24,566.12,566.17,155
1742409325,566.17,566.33,566.16,566.31,233
1742409330,566.33,566.35,566.28,566.3,326
1742409335,566.28,566.32,566.17,566.18,105
1742409340,566.18,566.18,566.06,566.1,160
1742409345,566.17,566.18,565.91,565.92,304
1742409350,565.94,566.05,565.92,566.0,57
1742409355,565.96,565.96,565.77,565.77,244
1742409360,565.81,565.88,565.75,565.79,245
1742409365,565.87,565.99,565.83,565.83,175
1742409370,565.8,566.11,565.78,566.11,73
1742409375,566.11,566.23,566.1,566.23,161
1742409380,566.24,566.24,566.16,566.19,112
1742409385,566.19,566.29,566.14,566.29,223
1742409390,566.29,566.3,566.22,566.22,64
1742409395,566.23,566.26,566.23,566.26,131
1742409400,566.24,566.32,566.23,566.29,331
1742409405,566.29,566.29,566.23,566.23,159
1742409410,566.23,566.23,566.02,566.02,356
1742409415,566.0,566.0,565.91,565.94,77
1742409420,565.96,565.99,565.94,565.95,67
1742409425,565.94,566.02,565.93,565.93,80
1742409430,565.93,565.94,565.85,565.91,435
1742409435,565.92,566.05,565.9,566.05,85
1742409440,566.0,566.18,566.0,566.17,196
1742409445,566.17,566.36,566.15,566.36,203
1742409450,566.34,566.35,566.04,566.04,283
1742409455,566.03,566.08,566.03,566.08,91
1742409460,566.09,566.18,566.07,566.17,92
1742409465,566.2,566.25,566.18,566.21,101
1742409470,566.22,566.24,566.2,566.22,136
1742409475,566.22,566.22,566.08,566.08,570
1742409480,566.08,566.12,566.0,566.1,168
1742409485,566.12,566.19,566.1,566.1,224
1742409490,566.1,566.16,566.09,566.14,158
1742409495,566.14,566.14,566.08,566.1,75
1742409500,566.14,566.19,566.03,566.03,216
1742409505,566.0,566.0,565.8,565.81,452
1742409510,565.8,565.8,565.6,565.63,572
1742409515,565.6,565.6,565.38,565.48,568
1742409520,565.5,565.73,565.48,565.61,252
1742409525,565.61,565.65,565.59,565.62,75
1742409530,565.59,565.6,565.56,565.59,163
1742409535,565.6,565.68,565.58,565.68,230
1742409540,565.69,565.72,565.6,565.67,270
1742409545,565.67,565.76,565.63,565.74,44
1742409550,565.68,565.68,565.56,565.61,119
1742409555,565.58,565.7,565.54,565.67,233
1742409560,565.67,565.67,565.29,565.32,288
1742409565,565.29,565.49,565.29,565.49,199
1742409570,565.5,565.53,565.39,565.39,183
1742409575,565.42,565.42,565.29,565.41,321
1742409580,565.38,565.76,565.37,565.76,228
1742409585,565.75,565.86,565.72,565.73,367
1742409590,565.7,565.74,565.38,565.38,266
1742409595,565.36,565.56,565.35,565.56,103
1742409600,565.52,565.62,565.51,565.51,58
1742409605,565.47,565.67,565.47,565.67,56
1742409610,565.65,565.67,565.57,565.57,211
1742409615,565.67,565.68,565.6,565.6,54
1742409620,565.61,565.77,565.55,565.69,248
1742409625,565.69,565.72,565.6,565.72,126
1742409630,565.69,565.79,565.68,565.7,42
1742409635,565.71,565.72,565.67,565.67,130
1742409640,565.67,565.67,565.26,565.34,312
1742409645,565.34,565.43,565.21,565.34,498
1742409650,565.35,565.37,565.21,565.27,184
1742409655,565.26,565.36,565.2,565.28,209
1742409660,565.32,565.5,565.32,565.4,162
1742409665,565.45,565.58,565.45,565.54,157
1742409670,565.51,565.51,565.35,565.42,118
1742409675,565.43,565.51,565.38,565.51,110
1742409680,565.48,565.57,565.48,565.51,97
1742409685,565.49,565.67,565.49,565.64,165
1742409690,565.64,565.69,565.58,565.69,292
1742409695,565.63,565.69,565.57,565.69,170
1742409700,565.69,565.88,565.69,565.85,273
1742409705,565.82,566.15,565.82,566.06,461
1742409710,566.0,566.1,566.0,566.02,335
1742409715,566.02,566.03,565.92,565.92,346
1742409720,565.94,566.0,565.62,565.62,214
1742409725,565.65,565.81,565.64,565.8,50
1742409730,565.83,566.05,565.83,566.05,333
1742409735,566.05,566.27,566.05,566.25,507
1742409740,566.24,566.4,566.24,566.37,321
1742409745,566.37,566.42,566.26,566.26,894
1742409750,566.26,566.35,566.24,566.27,190
1742409755,566.3,566.54,566.3,566.39,381
1742409760,566.4,566.41,566.36,566.36,169
1742409765,566.36,566.38,566.34,566.34,308
1742409770,566.34,566.35,566.19,566.21,236
1742409775,566.2,566.23,566.14,566.23,156
1742409780,566.21,566.4,566.21,566.36,293
1742409785,566.33,566.43,566.33,566.34,88
1742409790,566.31,566.49,566.31,566.43,118
1742409795,566.43,566.45,566.25,566.26,311
1742409800,566.27,566.32,566.18,566.18,278
1742409805,566.18,566.27,566.14,566.27,329
1742409810,566.24,566.24,566.02,566.07,129
1742409815,566.09,566.18,566.08,566.18,53
1742409820,566.36,566.4,566.32,566.32,92
1742409825,566.36,566.49,566.31,566.49,220
1742409830,566.5,566.62,566.47,566.6,426
1742409835,566.59,566.64,566.56,566.59,545
1742409840,566.58,566.84,566.58,566.72,927
1742409845,566.73,566.76,566.68,566.71,256
1742409850,566.71,566.71,566.51,566.53,394
1742409855,566.56,566.83,566.51,566.83,302
1742409860,566.85,566.99,566.85,566.96,445
1742409865,566.94,567.23,566.94,567.09,1487
1742409870,567.08,567.14,566.98,567.08,1302
1742409875,567.08,567.16,567.06,567.09,177
1742409880,567.08,567.08,566.93,566.98,118
1742409885,566.93,566.97,566.91,566.94,116
1742409890,566.97,567.0,566.86,566.86,234
1742409895,566.9,567.01,566.9,566.95,175
1742409900,566.95,567.03,566.91,566.92,298
1742409905,567.0,567.1,566.98,567.1,229
1742409910,567.08,567.13,566.9,566.9,73
1742409915,566.91,566.98,566.87,566.97,270
1742409920,566.97,567.08,566.97,567.04,142
1742409925,567.04,567.12,567.01,567.02,179
1742409930,567.07,567.1,566.95,566.96,524
1742409935,566.93,566.93,566.75,566.75,357
1742409940,566.75,566.98,566.75,566.96,1232
1742409945,566.95,567.2,566.95,567.17,287
1742409950,567.16,567.18,566.92,566.92,261
1742409955,566.93,566.93,566.81,566.82,73
1742409960,566.84,566.84,566.67,566.81,728
1742409965,566.77,566.84,566.71,566.74,259
1742409970,566.76,566.85,566.76,566.78,77
1742409975,566.74,566.8,566.71,566.71,267
1742409980,566.69,566.74,566.58,566.64,253
1742409985,566.65,566.66,566.57,566.57,91
1742409990,566.56,566.59,566.41,566.48,504
1742409995,566.53,566.74,566.51,566.61,537
1742410000,566.59,566.59,566.54,566.58,103
1742410005,566.6,566.63,566.56,566.6,168
1742410010,566.61,566.78,566.61,566.64,553
1742410015,566.63,566.74,566.63,566.74,67
1742410020,566.77,566.77,566.44,566.45,389
1742410025,566.62,566.69,566.55,566.57,122
1742410030,566.57,566.59,566.49,566.49,192
1742410035,566.5,566.55,566.41,566.55,114
1742410040,566.58,566.59,566.48,566.48,176
1742410045,566.5,566.55,566.42,566.44,161
1742410050,566.54,566.66,566.53,566.57,129
1742410055,566.59,566.62,566.54,566.54,117
1742410060,566.55,566.64,566.55,566.64,136
1742410065,566.73,566.79,566.72,566.74,138
1742410070,566.74,566.76,566.68,566.71,102
1742410075,566.71,566.74,566.7,566.7,99
1742410080,566.73,566.86,566.69,566.86,248
1742410085,566.89,566.97,566.89,566.93,190
1742410090,566.91,566.99,566.76,566.82,420
1742410095,566.78,566.91,566.76,566.9,91
1742410100,566.9,566.97,566.83,566.92,232
1742410105,566.89,566.99,566.85,566.87,780
1742410110,566.87,566.91,566.86,566.89,52
1742410115,566.88,566.96,566.82,566.88,622
1742410120,566.87,567.02,566.87,566.97,897
1742410125,566.98,567.01,566.88,566.92,777
1742410130,566.9,567.05,566.89,566.98,941
1742410135,566.95,566.95,566.78,566.78,61
1742410140,566.8,567.02,566.8,567.02,146
1742410145,567.01,567.04,566.94,566.94,80
1742410150,566.95,567.03,566.93,567.03,167
1742410155,567.04,567.12,566.91,567.0,211
1742410160,566.98,567.01,566.91,566.93,506
1742410165,566.97,566.98,566.83,566.88,145
1742410170,566.88,566.96,566.88,566.96,127
1742410175,566.96,566.96,566.79,566.79,299
1742410180,566.81,566.81,566.57,566.59,247
1742410185,566.67,566.67,566.57,566.63,166
1742410190,566.69,566.69,566.6,566.63,170
1742410195,566.61,566.63,566.57,566.61,110
1742410200,566.61,566.8,566.6,566.8,130
1742410205,566.83,566.92,566.76,566.9,244
1742410210,566.85,566.87,566.8,566.86,69
1742410215,566.88,566.94,566.8,566.8,111
1742410220,566.72,566.74,566.69,566.74,79
1742410225,566.77,566.81,566.72,566.81,128
1742410230,566.83,566.98,566.8,566.88,529
1742410235,566.86,566.96,566.73,566.73,368
1742410240,566.73,566.82,566.68,566.7,442
1742410245,566.72,566.77,566.71,566.75,99
1742410250,566.76,566.88,566.76,566.83,71
1742410255,566.86,566.92,566.79,566.81,215
1742410260,566.86,566.94,566.77,566.77,94
1742410265,566.73,566.75,566.58,566.58,158
1742410270,566.55,566.77,566.51,566.71,208
1742410275,566.68,566.68,566.65,566.67,45
1742410280,566.66,566.71,566.62,566.69,84
1742410285,566.7,566.72,566.68,566.71,66
1742410290,566.74,566.8,566.74,566.74,33
1742410295,566.7,566.71,566.57,566.63,106
1742410300,566.64,566.75,566.64,566.75,53
1742410305,566.8,566.87,566.78,566.86,161
1742410310,566.88,566.95,566.88,566.93,251
1742410315,566.9,566.94,566.89,566.91,109
1742410320,566.94,567.0,566.87,566.9,164
1742410325,566.88,566.99,566.87,566.97,80
1742410330,566.98,567.07,566.98,567.04,471
1742410335,567.01,567.07,566.99,567.02,160
1742410340,567.02,567.15,567.02,567.1,246
1742410345,567.13,567.15,567.08,567.12,118
1742410350,567.11,567.45,567.11,567.43,717
1742410355,567.41,567.69,567.41,567.6,1623
1742410360,567.63,567.69,567.47,567.52,657
1742410365,567.5,567.51,567.34,567.44,133
1742410370,567.43,567.43,567.34,567.34,335
1742410375,567.38,567.5,567.33,567.5,124
1742410380,567.45,567.67,567.4,567.66,269
1742410385,567.67,567.8,567.6,567.64,317
1742410390,567.62,567.84,567.55,567.83,502
1742410395,567.83,567.98,567.81,567.86,656
1742410400,567.88,568.02,567.78,568.02,507
1742410405,568.0,568.16,567.98,568.11,524
1742410410,568.1,568.13,567.98,568.02,288
1742410415,568.04,568.05,567.95,567.96,326
1742410420,567.96,568.0,567.87,567.95,480
1742410425,567.91,567.94,567.89,567.9,186
1742410430,567.93,568.04,567.9,567.93,592
1742410435,567.93,568.06,567.92,568.04,168
1742410440,568.02,568.11,567.73,567.73,355
1742410445,567.76,567.92,567.75,567.86,307
1742410450,567.87,567.89,567.75,567.77,129
1742410455,567.77,567.83,567.73,567.73,176
1742410460,567.77,567.78,567.54,567.61,236
1742410465,567.61,567.64,567.52,567.57,127
1742410470,567.56,567.59,567.5,567.53,230
1742410475,567.5,567.71,567.43,567.71,115
1742410480,567.69,567.7,567.63,567.69,54
1742410485,567.68,567.72,567.59,567.71,600
1742410490,567.66,567.66,567.57,567.57,120
1742410495,567.58,567.66,567.57,567.66,71
1742410500,567.7,567.7,567.54,567.55,207
1742410505,567.57,567.57,567.33,567.43,1794
1742410510,567.41,567.54,567.33,567.47,173
1742410515,567.49,567.6,567.47,567.55,100
1742410520,567.52,567.65,567.5,567.64,77
1742410525,567.64,567.83,567.64,567.79,224
1742410530,567.73,567.82,567.73,567.8,89
1742410535,567.87,567.88,567.75,567.83,183
1742410540,567.85,567.93,567.85,567.91,245
1742410545,567.93,567.98,567.83,567.89,260
1742410550,567.88,567.89,567.82,567.89,322
1742410555,567.87,567.98,567.87,567.92,100
1742410560,567.94,567.95,567.85,567.88,1207
1742410565,567.96,567.99,567.91,567.94,358
1742410570,567.95,568.07,567.95,567.96,184
1742410575,567.99,568.28,567.97,568.15,682
1742410580,568.17,568.28,568.14,568.22,798
1742410585,568.22,568.23,568.1,568.13,248
1742410590,568.17,568.28,568.14,568.26,216
1742410595,568.25,568.25,568.04,568.14,182
1742410600,568.09,568.14,568.03,568.03,95
1742410605,568.03,568.05,567.91,567.99,258
1742410610,567.97,568.18,567.97,568.18,99
1742410615,568.2,568.21,568.06,568.2,107
1742410620,568.24,568.4,568.2,568.4,410
1742410625,568.4,568.42,568.33,568.36,495
1742410630,568.34,568.4,568.31,568.31,112
1742410635,568.34,568.35,568.26,568.31,111
1742410640,568.36,568.36,568.24,568.35,47
1742410645,568.31,568.34,568.29,568.29,91
1742410650,568.31,568.37,568.26,568.3,813
1742410655,568.29,568.36,568.26,568.35,558
1742410660,568.33,568.47,568.33,568.43,572
1742410665,568.43,568.53,568.38,568.38,451
1742410670,568.31,568.34,568.29,568.32,125
1742410675,568.36,568.36,568.23,568.25,764
1742410680,568.32,568.51,568.3,568.51,407
1742410685,568.51,568.51,568.38,568.43,609
1742410690,568.4,568.44,568.35,568.35,493
1742410695,568.37,568.39,568.26,568.28,456
1742410700,568.28,568.28,568.17,568.19,209
1742410705,568.18,568.29,568.13,568.13,103
1742410710,568.12,568.14,568.09,568.12,138
1742410715,568.1,568.14,568.05,568.12,78
1742410720,568.12,568.23,568.09,568.09,136
1742410725,568.11,568.12,568.04,568.05,67
1742410730,568.03,568.05,567.94,567.98,778
1742410735,567.94,568.08,567.88,568.08,100
1742410740,568.08,568.19,568.05,568.19,67
1742410745,568.18,568.22,568.15,568.22,100
1742410750,568.18,568.21,568.1,568.16,76
1742410755,568.17,568.19,568.08,568.19,127
1742410760,568.21,568.26,568.15,568.15,68
1742410765,568.17,568.19,568.1,568.19,199
1742410770,568.22,568.24,568.17,568.23,158
1742410775,568.25,568.32,568.24,568.25,169
1742410780,568.3,568.3,568.25,568.25,28
1742410785,568.27,568.27,568.2,568.22,146
1742410790,568.22,568.3,568.2,568.28,422
1742410795,568.28,568.29,568.21,568.25,411
1742410800,568.24,568.55,568.18,568.55,483
1742410805,568.53,568.61,568.5,568.5,272
1742410810,568.54,568.56,568.52,568.53,151
1742410815,568.52,568.56,568.41,568.54,206
1742410820,568.56,568.56,568.38,568.41,204
1742410825,568.42,568.45,568.37,568.43,255
1742410830,568.42,568.45,568.39,568.42,830
1742410835,568.42,568.49,568.33,568.45,1220
1742410840,568.45,568.5,568.4,568.42,294
1742410845,568.44,568.6,568.43,568.57,181
1742410850,568.59,568.65,568.55,568.62,582
1742410855,568.63,568.7,568.59,568.68,136
1742410860,568.68,568.69,568.56,568.59,93
1742410865,568.6,568.78,568.52,568.71,645
1742410870,568.76,568.76,568.65,568.65,136
1742410875,568.64,568.74,568.6,568.74,737
1742410880,568.7,568.8,568.67,568.8,235
1742410885,568.8,568.8,568.71,568.73,186
1742410890,568.72,568.72,568.53,568.58,117
1742410895,568.55,568.62,568.53,568.58,373
1742410900,568.53,568.55,568.47,568.51,295
1742410905,568.5,568.51,568.41,568.42,268
1742410910,568.46,568.5,568.44,568.44,135
1742410915,568.46,568.55,568.43,568.44,154
1742410920,568.41,568.49,568.38,568.43,257
1742410925,568.43,568.45,568.36,568.36,625
1742410930,568.37,568.61,568.36,568.53,329
1742410935,568.54,568.54,568.45,568.46,234
1742410940,568.47,568.59,568.47,568.55,160
1742410945,568.56,568.75,568.56,568.74,266
1742410950,568.73,568.75,568.65,568.73,767
1742410955,568.69,568.69,568.56,568.58,367
1742410960,568.61,568.62,568.53,568.58,154
1742410965,568.58,568.58,568.42,568.45,788
1742410970,568.42,568.56,568.41,568.52,744
1742410975,568.53,568.58,568.52,568.58,207
1742410980,568.6,568.73,568.6,568.7,110
1742410985,568.67,568.72,568.59,568.71,848
1742410990,568.69,568.69,568.54,568.58,262
1742410995,568.63,568.66,568.49,568.52,1026
1742411000,568.55,568.61,568.52,568.52,222
1742411005,568.51,568.54,568.38,568.45,198
1742411010,568.48,568.61,568.37,568.38,366
1742411015,568.39,568.47,568.36,568.45,673
1742411020,568.45,568.56,568.45,568.5,393
1742411025,568.52,568.57,568.5,568.52,126
1742411030,568.52,568.73,568.52,568.73,279
1742411035,568.75,568.76,568.66,568.68,740
1742411040,568.7,568.72,568.61,568.61,513
1742411045,568.6,568.62,568.47,568.62,321
1742411050,568.6,568.73,568.57,568.71,279
1742411055,568.68,568.92,568.65,568.9,394
1742411060,568.86,568.86,568.78,568.8,204
1742411065,568.81,568.86,568.77,568.84,229
1742411070,568.83,568.87,568.8,568.8,88
1742411075,568.82,568.82,568.66,568.76,331
1742411080,568.76,568.86,568.74,568.86,279
1742411085,568.88,568.98,568.85,568.89,310
1742411090,568.91,569.03,568.88,568.95,828
1742411095,568.94,569.0,568.83,568.83,339
1742411100,568.85,568.97,568.84,568.94,613
1742411105,568.96,568.96,568.81,568.88,260
1742411110,568.88,568.89,568.8,568.85,407
1742411115,568.84,568.93,568.79,568.86,637
1742411120,568.84,568.89,568.76,568.83,213
1742411125,568.84,568.93,568.79,568.79,274
1742411130,568.79,569.12,568.75,569.0,918
1742411135,569.04,569.49,569.04,569.38,4113
1742411140,569.37,569.51,569.37,569.46,1097
1742411145,569.41,569.57,569.39,569.47,680
1742411150,569.48,569.59,569.4,569.45,417
1742411155,569.44,569.44,569.29,569.32,220
1742411160,569.34,569.5,569.26,569.5,383
1742411165,569.5,569.5,569.43,569.5,330
1742411170,569.5,569.51,569.43,569.46,141
1742411175,569.46,569.47,569.35,569.41,224
1742411180,569.42,569.53,569.41,569.43,744
1742411185,569.45,569.46,569.39,569.45,482
1742411190,569.47,569.53,569.4,569.49,3033
1742411195,569.47,569.54,569.46,569.5,590
1742411200,569.49,569.54,569.45,569.5,183
1742411205,569.51,569.51,569.44,569.46,323
1742411210,569.46,569.49,569.4,569.46,110
1742411215,569.48,569.48,569.43,569.47,153
1742411220,569.47,569.49,569.42,569.46,229
1742411225,569.49,569.5,569.41,569.48,459
1742411230,569.49,569.62,569.48,569.61,842
1742411235,569.62,569.64,569.56,569.6,452
1742411240,569.58,569.64,569.44,569.59,506
1742411245,569.59,569.75,569.57,569.65,619
1742411250,569.59,569.62,569.58,569.61,220
1742411255,569.64,569.69,569.52,569.69,570
1742411260,569.7,569.99,569.68,569.84,1056
1742411265,569.84,569.92,569.78,569.79,215
1742411270,569.87,569.95,569.76,569.79,293
1742411275,569.83,569.98,569.81,569.93,466
1742411280,569.91,569.93,569.87,569.92,170
1742411285,569.91,569.93,569.83,569.83,293
1742411290,569.85,569.97,569.79,569.96,394
1742411295,569.93,570.08,569.91,570.08,908
1742411300,570.08,570.1,570.01,570.08,493
1742411305,570.09,570.26,570.08,570.23,418
1742411310,570.25,570.33,570.23,570.24,577
1742411315,570.25,570.26,570.18,570.2,755
1742411320,570.2,570.31,570.19,570.27,117
1742411325,570.29,570.31,570.24,570.27,257
1742411330,570.29,570.37,570.27,570.34,317
1742411335,570.36,570.36,570.19,570.23,488
1742411340,570.23,570.34,570.23,570.29,132
1742411345,570.24,570.28,570.23,570.27,192
1742411350,570.24,570.26,570.18,570.22,450
1742411355,570.2,570.23,570.15,570.17,1085
1742411360,570.16,570.33,570.15,570.24,424
1742411365,570.27,570.28,570.2,570.23,379
1742411370,570.22,570.24,570.13,570.18,224
1742411375,570.17,570.32,570.14,570.32,315
1742411380,570.29,570.43,570.29,570.37,768
1742411385,570.35,570.59,570.35,570.52,965
1742411390,570.51,570.57,570.5,570.55,218
1742411395,570.53,570.59,570.38,570.38,502
1742411400,570.37,570.78,570.35,570.73,1205
1742411405,570.74,570.74,570.52,570.62,560
1742411410,570.61,570.76,570.61,570.7,404
1742411415,570.75,570.9,570.74,570.85,241
1742411420,570.87,570.95,570.82,570.87,1604
1742411425,570.86,570.86,570.67,570.7,659
1742411430,570.71,570.74,570.57,570.68,307
1742411435,570.68,570.69,570.52,570.56,555
1742411440,570.58,570.58,570.49,570.52,576
1742411445,570.54,570.61,570.52,570.52,467
1742411450,570.55,570.58,570.48,570.55,441
1742411455,570.53,570.6,570.47,570.5,472
1742411460,570.5,570.62,570.5,570.51,466
1742411465,570.56,570.59,570.5,570.53,652
1742411470,570.52,570.63,570.52,570.58,327
1742411475,570.61,570.64,570.5,570.54,843
1742411480,570.5,570.66,570.49,570.66,416
1742411485,570.64,570.68,570.51,570.58,343
1742411490,570.58,570.59,570.5,570.58,357
1742411495,570.57,570.57,570.09,570.26,1365
1742411500,570.31,570.35,570.09,570.13,950
1742411505,570.1,570.17,570.01,570.03,1375
1742411510,570.05,570.1,569.95,570.09,678
1742411515,570.07,570.11,569.88,569.91,662
1742411520,570.01,570.14,569.94,570.03,375
1742411525,570.07,570.15,569.93,569.97,373
1742411530,569.97,570.06,569.95,569.96,308
1742411535,569.94,569.99,569.78,569.79,448
1742411540,569.77,569.78,569.64,569.66,535
1742411545,569.69,569.82,569.68,569.76,362
1742411550,569.75,569.77,569.6,569.62,530
1742411555,569.61,569.69,569.47,569.5,819
1742411560,569.51,569.55,569.41,569.47,688
1742411565,569.47,569.7,569.47,569.66,677
1742411570,569.63,569.71,569.61,569.67,663
1742411575,569.65,569.87,569.6,569.87,837
1742411580,569.84,569.85,569.49,569.53,2345
1742411585,569.52,569.63,569.48,569.63,162
1742411590,569.62,569.76,569.61,569.73,448
1742411595,569.76,569.84,569.73,569.82,185
1742411600,569.84,569.84,569.65,569.65,203
1742411605,569.65,569.66,569.54,569.62,375
1742411610,569.63,569.71,569.58,569.6,199
1742411615,569.6,569.6,569.41,569.51,333
1742411620,569.51,569.64,569.49,569.53,310
1742411625,569.52,569.55,569.47,569.52,720
1742411630,569.55,569.61,569.5,569.5,353
1742411635,569.53,569.59,569.53,569.58,183
1742411640,569.57,569.98,569.43,569.96,1382
1742411645,569.95,569.95,569.87,569.95,467
1742411650,569.95,569.95,569.83,569.89,254
1742411655,569.85,569.93,569.83,569.85,192
1742411660,569.86,569.95,569.86,569.91,103
1742411665,569.89,569.93,569.86,569.9,606
1742411670,569.89,569.95,569.78,569.84,187
1742411675,569.83,569.88,569.83,569.85,150
1742411680,569.82,569.97,569.82,569.97,321
1742411685,569.99,570.02,569.93,569.95,577
1742411690,569.99,570.09,569.96,569.97,290
1742411695,570.01,570.06,569.96,570.05,123
1742411700,570.06,570.22,570.05,570.19,453
1742411705,570.14,570.24,570.07,570.16,384
1742411710,570.16,570.19,570.03,570.13,520
1742411715,570.16,570.22,570.1,570.14,405
1742411720,570.15,570.16,570.06,570.14,247
1742411725,570.13,570.17,570.12,570.13,272
1742411730,570.13,570.21,570.12,570.19,256
1742411735,570.19,570.24,570.16,570.21,381
1742411740,570.21,570.21,570.03,570.07,758
1742411745,570.11,570.13,570.03,570.05,339
1742411750,570.04,570.11,570.01,570.08,113
1742411755,570.11,570.22,570.11,570.14,144
1742411760,570.17,570.33,570.17,570.33,632
1742411765,570.35,570.37,570.28,570.31,284
1742411770,570.33,570.34,570.25,570.29,172
1742411775,570.27,570.3,570.19,570.23,357
1742411780,570.24,570.25,570.12,570.16,548
1742411785,570.13,570.26,570.12,570.25,267
1742411790,570.27,570.31,570.15,570.18,284
1742411795,570.19,570.19,570.11,570.11,37
1742411800,570.13,570.13,569.99,570.0,286
1742411805,570.01,570.04,569.92,570.03,523
1742411810,570.04,570.04,569.76,569.76,234
1742411815,569.8,569.97,569.8,569.91,368
1742411820,569.89,569.96,569.84,569.92,286
1742411825,569.95,570.0,569.76,569.85,647
1742411830,569.84,569.92,569.74,569.75,889
1742411835,569.7,569.78,569.67,569.76,206
1742411840,569.77,569.88,569.74,569.88,161
1742411845,569.87,569.87,569.78,569.8,167
1742411850,569.8,569.83,569.73,569.82,97
1742411855,569.82,569.93,569.75,569.76,353
1742411860,569.75,569.76,569.73,569.76,118
1742411865,569.73,569.76,569.62,569.71,260
1742411870,569.67,569.69,569.61,569.68,264
1742411875,569.66,569.83,569.66,569.8,171
1742411880,569.8,569.81,569.61,569.65,219
1742411885,569.65,569.78,569.63,569.69,179
1742411890,569.72,569.73,569.7,569.73,127
1742411895,569.73,569.83,569.72,569.73,221
1742411900,569.74,570.05,569.73,570.04,725
1742411905,570.07,570.21,570.05,570.06,494
1742411910,570.07,570.07,569.94,569.94,104
1742411915,569.91,569.93,569.84,569.84,103
1742411920,569.83,569.92,569.81,569.85,200
1742411925,569.85,569.88,569.77,569.77,52
1742411930,569.76,569.78,569.63,569.68,135
1742411935,569.67,569.68,569.29,569.33,544
1742411940,569.39,569.49,569.31,569.43,953
1742411945,569.4,569.51,569.32,569.37,513
1742411950,569.38,569.45,569.27,569.3,751
1742411955,569.3,569.44,569.28,569.44,504
1742411960,569.4,569.45,569.32,569.35,380
1742411965,569.35,569.35,569.25,569.33,293
1742411970,569.31,569.55,569.27,569.54,634
1742411975,569.55,569.71,569.54,569.69,553
1742411980,569.67,569.67,569.54,569.55,171
1742411985,569.54,569.54,569.39,569.39,424
1742411990,569.4,569.5,569.39,569.41,346
1742411995,569.41,569.42,569.34,569.4,64
1742412000,569.43,569.47,569.3,569.36,360
1742412005,569.37,569.4,569.33,569.37,218
1742412010,569.38,569.41,569.14,569.18,495
1742412015,569.18,569.26,569.1,569.19,796
1742412020,569.16,569.18,569.03,569.14,547
1742412025,569.14,569.21,568.96,569.01,635
1742412030,569.01,569.09,568.98,569.05,266
1742412035,569.07,569.17,569.04,569.04,274
1742412040,569.07,569.13,568.95,568.97,220
1742412045,568.98,569.01,568.8,568.81,524
1742412050,568.81,568.85,568.75,568.75,336
1742412055,568.77,568.85,568.77,568.83,346
1742412060,568.85,568.86,568.69,568.77,754
1742412065,568.76,568.85,568.71,568.77,625
1742412070,568.75,568.96,568.75,568.87,469
1742412075,568.85,568.95,568.85,568.88,360
1742412080,568.85,568.91,568.8,568.8,357
1742412085,568.78,568.84,568.66,568.66,397
1742412090,568.67,568.79,568.67,568.75,251
1742412095,568.74,568.76,568.59,568.59,289
1742412100,568.61,568.62,568.52,568.57,361
1742412105,568.56,568.61,568.48,568.57,746
1742412110,568.56,568.76,568.54,568.71,1524
1742412115,568.71,568.82,568.69,568.82,405
1742412120,568.83,568.88,568.75,568.84,323
1742412125,568.84,568.85,568.73,568.81,376
1742412130,568.8,568.8,568.6,568.61,261
1742412135,568.57,568.68,568.57,568.58,178
1742412140,568.56,568.6,568.53,568.6,57
1742412145,568.57,568.67,568.57,568.66,110
1742412150,568.64,568.71,568.59,568.6,222
1742412155,568.61,568.61,568.52,568.52,67
1742412160,568.56,568.67,568.55,568.66,152
1742412165,568.67,568.67,568.6,568.62,209
1742412170,568.62,568.63,568.45,568.47,397
1742412175,568.49,568.51,568.44,568.48,288
1742412180,568.49,568.58,568.23,568.26,433
1742412185,568.26,568.29,568.18,568.29,460
1742412190,568.28,568.36,568.27,568.36,411
1742412195,568.34,568.35,568.26,568.3,172
1742412200,568.31,568.31,568.14,568.19,268
1742412205,568.18,568.26,568.11,568.13,885
1742412210,568.14,568.17,567.99,568.16,419
1742412215,568.14,568.2,568.08,568.17,400
1742412220,568.21,568.21,568.15,568.19,178
1742412225,568.17,568.37,568.16,568.29,433
1742412230,568.29,568.31,568.25,568.25,180
1742412235,568.22,568.39,568.19,568.37,155
1742412240,568.37,568.47,568.29,568.46,1497
1742412245,568.45,568.46,568.34,568.4,172
1742412250,568.38,568.4,568.3,568.34,208
1742412255,568.35,568.49,568.35,568.41,107
1742412260,568.45,568.47,568.32,568.32,169
1742412265,568.31,568.38,568.31,568.38,449
1742412270,568.38,568.38,568.33,568.33,109
1742412275,568.31,568.33,568.2,568.25,1198
1742412280,568.25,568.38,568.24,568.33,236
1742412285,568.29,568.56,568.29,568.55,547
1742412290,568.49,568.5,568.38,568.45,543
1742412295,568.45,568.55,568.44,568.46,434
1742412300,568.47,568.64,568.47,568.54,905
1742412305,568.55,568.55,568.44,568.46,485
1742412310,568.45,568.45,568.3,568.32,222
1742412315,568.31,568.35,568.25,568.29,152
1742412320,568.28,568.28,568.18,568.19,198
1742412325,568.18,568.18,568.02,568.12,402
1742412330,568.1,568.14,568.05,568.13,210
1742412335,568.11,568.35,568.11,568.34,277
1742412340,568.35,568.35,568.18,568.19,301
1742412345,568.2,568.3,568.16,568.17,440
1742412350,568.15,568.29,568.13,568.21,252
1742412355,568.22,568.25,568.08,568.16,385
1742412360,568.15,568.16,568.05,568.06,116
1742412365,568.05,568.1,568.01,568.02,125
1742412370,568.02,568.02,567.73,567.81,834
1742412375,567.79,568.01,567.79,567.96,575
1742412380,567.96,568.0,567.89,567.89,230
1742412385,567.88,567.99,567.76,567.99,222
1742412390,567.97,568.08,567.94,567.97,234
1742412395,567.94,567.99,567.92,567.98,126
1742412400,568.0,568.02,567.92,567.96,195
1742412405,567.96,568.05,567.92,568.03,129
1742412410,567.98,568.01,567.92,568.0,261
1742412415,568.01,568.01,567.76,567.78,740
1742412420,567.76,567.76,567.55,567.57,460
1742412425,567.53,567.65,567.51,567.58,888
1742412430,567.59,567.68,567.5,567.56,290
1742412435,567.56,567.61,567.51,567.54,209
1742412440,567.5,567.5,567.24,567.24,377
1742412445,567.23,567.36,567.23,567.27,434
1742412450,567.24,567.33,567.23,567.29,473
1742412455,567.31,567.48,567.27,567.37,1168
1742412460,567.32,567.38,567.16,567.16,368
1742412465,567.16,567.28,567.09,567.27,448
1742412470,567.28,567.29,567.18,567.23,391
1742412475,567.22,567.32,567.14,567.32,275
1742412480,567.3,567.37,567.23,567.28,88
1742412485,567.23,567.48,567.21,567.39,639
1742412490,567.4,567.65,567.39,567.62,1444
1742412495,567.59,567.71,567.58,567.59,1614
1742412500,567.63,567.89,567.63,567.8,289
1742412505,567.78,567.83,567.69,567.81,501
1742412510,567.81,567.84,567.63,567.68,432
1742412515,567.68,567.82,567.66,567.82,539
1742412520,567.81,567.84,567.45,567.51,507
1742412525,567.48,567.51,567.14,567.18,536
1742412530,567.13,567.19,566.89,566.98,1054
1742412535,566.99,567.01,566.81,566.91,619
1742412540,566.89,566.89,566.57,566.75,412
1742412545,566.71,566.73,566.63,566.67,853
1742412550,566.69,566.99,566.68,566.95,777
1742412555,566.95,566.99,566.85,566.98,1307
1742412560,566.97,567.16,566.95,567.16,806
1742412565,567.19,567.21,567.09,567.12,433
1742412570,567.1,567.26,567.09,567.22,273
1742412575,567.19,567.24,567.11,567.11,470
1742412580,567.19,567.2,566.92,566.99,526
1742412585,567.0,567.13,566.97,567.13,318
1742412590,567.08,567.21,567.08,567.17,297
1742412595,567.18,567.28,567.17,567.23,239
1742412600,567.2,567.25,567.03,567.06,1156
1742412605,567.05,567.25,566.94,567.23,638
1742412610,567.25,567.37,567.25,567.37,220
1742412615,567.35,567.5,567.34,567.49,565
1742412620,567.46,567.58,567.45,567.47,443
1742412625,567.48,567.58,567.48,567.52,236
1742412630,567.52,567.66,567.47,567.65,233
1742412635,567.63,567.72,567.63,567.68,130
1742412640,567.66,567.74,567.64,567.65,346
1742412645,567.63,567.73,567.51,567.68,397
1742412650,567.71,567.76,567.67,567.68,316
1742412655,567.68,567.71,567.65,567.67,146
1742412660,567.69,567.75,567.54,567.75,218
1742412665,567.72,567.9,567.72,567.83,464
1742412670,567.88,568.01,567.87,567.88,701
1742412675,567.92,567.94,567.78,567.79,133
1742412680,567.8,567.84,567.76,567.79,101
1742412685,567.81,567.9,567.76,567.79,224
1742412690,567.77,567.79,567.63,567.64,390
1742412695,567.62,567.68,567.54,567.58,272
1742412700,567.58,567.58,567.44,567.49,445
1742412705,567.45,567.65,567.45,567.6,224
1742412710,567.58,567.58,567.43,567.49,127
1742412715,567.53,567.54,567.38,567.48,203
1742412720,567.46,567.58,567.39,567.53,450
1742412725,567.55,567.67,567.55,567.62,68
1742412730,567.63,567.77,567.59,567.76,219
1742412735,567.75,567.82,567.72,567.78,101
1742412740,567.81,567.92,567.81,567.92,129
1742412745,567.91,567.98,567.8,567.88,311
1742412750,567.89,568.04,567.89,567.95,172
1742412755,567.94,568.04,567.93,568.04,156
1742412760,568.04,568.08,568.0,568.08,442
1742412765,568.08,568.1,568.01,568.09,333
1742412770,568.04,568.06,567.94,567.96,728
1742412775,567.92,567.92,567.85,567.92,206
1742412780,567.92,568.18,567.92,568.17,174
1742412785,568.18,568.23,568.06,568.2,684
1742412790,568.19,568.2,568.02,568.19,244
1742412795,568.19,568.27,568.18,568.21,314
1742412800,568.19,568.21,568.09,568.17,306
1742412805,568.19,568.26,568.18,568.23,391
1742412810,568.24,568.28,568.21,568.23,146
1742412815,568.25,568.28,568.2,568.22,246
1742412820,568.21,568.27,568.19,568.2,140
1742412825,568.18,568.2,568.09,568.16,311
1742412830,568.2,568.27,568.2,568.26,117
1742412835,568.25,568.34,568.24,568.28,735
1742412840,568.29,568.43,568.27,568.35,291
1742412845,568.33,568.36,568.26,568.28,252
1742412850,568.28,568.29,568.16,568.18,200
1742412855,568.18,568.25,568.17,568.23,112
1742412860,568.24,568.25,568.16,568.17,335
1742412865,568.18,568.18,568.05,568.11,288
1742412870,568.1,568.2,568.07,568.15,188
1742412875,568.17,568.24,568.08,568.11,164
1742412880,568.14,568.22,568.14,568.2,188
1742412885,568.19,568.21,567.77,567.99,1390
1742412890,567.98,568.12,567.98,568.09,197
1742412895,568.08,568.15,568.04,568.04,706
1742412900,568.06,568.13,568.0,568.12,496
1742412905,568.09,568.12,567.86,567.9,1026
1742412910,567.92,568.07,567.92,567.97,132
1742412915,567.99,568.02,567.88,567.99,229
1742412920,567.99,568.07,567.92,567.93,1396
1742412925,567.93,567.93,567.63,567.67,579
1742412930,567.61,567.74,567.48,567.52,414
1742412935,567.48,567.57,567.37,567.52,424
1742412940,567.54,567.64,567.45,567.59,564
1742412945,567.57,567.57,567.33,567.39,942
1742412950,567.39,567.44,567.36,567.41,783
1742412955,567.42,567.44,567.3,567.38,460
1742412960,567.36,567.47,567.31,567.4,759
1742412965,567.44,567.59,567.42,567.45,750
1742412970,567.43,567.62,567.42,567.62,770
1742412975,567.58,567.75,567.54,567.73,668
1742412980,567.73,567.88,567.68,567.87,1567
1742412985,567.84,567.86,567.71,567.72,634
1742412990,567.75,567.83,567.72,567.75,700
1742412995,567.75,567.91,567.74,567.89,464
1742413000,567.83,567.93,567.83,567.93,587
1742413005,567.88,567.97,567.81,567.81,565
1742413010,567.8,568.04,567.78,568.01,508
1742413015,568.0,568.07,567.96,568.03,258
1742413020,568.05,568.07,567.94,568.0,291
1742413025,568.01,568.14,568.01,568.11,593
1742413030,568.08,568.15,568.0,568.15,323
1742413035,568.14,568.28,568.14,568.21,288
1742413040,568.21,568.31,568.18,568.22,686
1742413045,568.22,568.22,568.1,568.11,762
1742413050,568.11,568.17,568.11,568.14,306
1742413055,568.13,568.21,568.1,568.14,386
1742413060,568.14,568.19,568.11,568.18,325
1742413065,568.22,568.26,568.16,568.19,299
1742413070,568.18,568.24,568.13,568.18,303
1742413075,568.17,568.34,568.16,568.34,488
1742413080,568.33,568.37,568.24,568.31,865
1742413085,568.28,568.34,568.25,568.26,280
1742413090,568.26,568.27,568.2,568.21,274
1742413095,568.23,568.29,568.21,568.25,131
1742413100,568.26,568.31,568.23,568.31,199
1742413105,568.32,568.37,568.25,568.35,712
1742413110,568.35,568.43,568.29,568.38,351
1742413115,568.38,568.6,568.38,568.6,440
1742413120,568.6,568.64,568.57,568.57,463
1742413125,568.6,568.67,568.6,568.66,346
1742413130,568.64,568.72,568.6,568.6,564
1742413135,568.61,568.61,568.54,568.56,374
1742413140,568.56,568.69,568.47,568.59,981
1742413145,568.64,568.64,568.48,568.48,731
1742413150,568.48,568.56,568.47,568.51,910
1742413155,568.51,568.54,568.43,568.45,277
1742413160,568.45,568.51,568.37,568.39,538
1742413165,568.39,568.45,568.25,568.45,977
1742413170,568.44,568.44,568.2,568.22,472
1742413175,568.25,568.32,568.24,568.24,349
1742413180,568.28,568.46,568.28,568.4,266
1742413185,568.39,568.46,568.3,568.43,860
1742413190,568.41,568.48,568.36,568.36,310
1742413195,568.38,568.46,568.34,568.4,404
1742413200,568.38,568.41,568.26,568.4,209
1742413205,568.36,568.4,568.33,568.39,161
1742413210,568.4,568.46,568.35,568.4,244
1742413215,568.41,568.41,568.22,568.28,390
1742413220,568.29,568.33,568.2,568.33,333
1742413225,568.34,568.48,568.3,568.4,133
1742413230,568.42,568.57,568.42,568.55,380
1742413235,568.57,568.61,568.52,568.53,626
1742413240,568.53,568.64,568.51,568.59,229
1742413245,568.59,568.7,568.59,568.69,147
1742413250,568.72,568.74,568.56,568.62,450
1742413255,568.62,568.65,568.53,568.65,226
1742413260,568.68,568.73,568.64,568.71,398
1742413265,568.71,568.92,568.68,568.9,952
1742413270,568.92,568.95,568.78,568.81,292
1742413275,568.83,568.9,568.67,568.69,334
1742413280,568.68,568.79,568.64,568.73,163
1742413285,568.76,568.96,568.74,568.9,163
1742413290,568.91,568.96,568.9,568.95,137
1742413295,568.94,568.94,568.9,568.91,120
1742413300,568.92,568.96,568.91,568.91,294
1742413305,568.92,568.93,568.87,568.9,191
1742413310,568.94,569.08,568.87,568.87,505
1742413315,568.89,568.89,568.79,568.84,295
1742413320,568.89,568.91,568.84,568.86,228
1742413325,568.84,568.86,568.78,568.85,485
1742413330,568.85,568.86,568.71,568.71,560
1742413335,568.73,568.83,568.72,568.77,193
1742413340,568.76,568.77,568.7,568.7,129
1742413345,568.71,568.73,568.59,568.61,351
1742413350,568.57,568.6,568.52,568.56,201
1742413355,568.58,568.63,568.53,568.59,129
1742413360,568.57,568.57,568.35,568.36,333
1742413365,568.36,568.51,568.36,568.49,244
1742413370,568.48,568.53,568.43,568.47,229
1742413375,568.5,568.62,568.47,568.61,81
1742413380,568.58,568.75,568.54,568.65,491
1742413385,568.63,568.64,568.49,568.51,124
1742413390,568.52,568.6,568.52,568.6,105
1742413395,568.66,568.71,568.65,568.69,85
1742413400,568.67,568.69,568.62,568.64,104
1742413405,568.64,568.66,568.6,568.63,801
1742413410,568.66,568.75,568.61,568.75,628
1742413415,568.78,568.81,568.69,568.8,1117
1742413420,568.78,568.81,568.66,568.68,577
1742413425,568.69,568.76,568.69,568.73,123
1742413430,568.73,568.77,568.71,568.71,592
1742413435,568.71,568.72,568.57,568.62,659
1742413440,568.61,568.83,568.61,568.82,134
1742413445,568.84,568.97,568.84,568.97,130
1742413450,568.98,569.08,568.98,569.03,409
1742413455,569.04,569.1,569.02,569.1,275
1742413460,569.08,569.11,569.0,569.08,333
1742413465,569.08,569.23,569.05,569.2,452
1742413470,569.19,569.24,569.16,569.23,259
1742413475,569.2,569.24,569.06,569.08,151
1742413480,569.08,569.25,569.08,569.24,242
1742413485,569.26,569.36,569.23,569.28,272
1742413490,569.3,569.3,569.09,569.12,309
1742413495,569.12,569.24,569.11,569.22,153
1742413500,569.25,569.25,569.12,569.13,213
1742413505,569.12,569.22,569.12,569.19,180
1742413510,569.19,569.19,569.1,569.13,422
1742413515,569.15,569.22,569.12,569.22,371
1742413520,569.22,569.31,569.19,569.29,467
1742413525,569.34,569.38,569.29,569.32,467
1742413530,569.29,569.3,569.07,569.1,499
1742413535,569.13,569.16,569.1,569.12,131
1742413540,569.11,569.15,569.06,569.11,418
1742413545,569.07,569.14,569.05,569.08,122
1742413550,569.07,569.17,569.03,569.16,113
1742413555,569.15,569.22,569.07,569.08,343
1742413560,569.06,569.08,568.85,568.92,603
1742413565,568.91,569.09,568.91,569.02,101
1742413570,569.02,569.02,568.94,568.99,148
1742413575,568.98,569.0,568.9,568.91,109
1742413580,568.91,568.96,568.83,568.91,583
1742413585,568.9,568.93,568.65,568.68,872
1742413590,568.72,568.74,568.66,568.7,345
1742413595,568.69,568.76,568.63,568.69,313
1742413600,568.72,568.76,568.65,568.71,448
1742413605,568.68,568.86,568.68,568.86,146
1742413610,568.86,568.95,568.85,568.9,372
1742413615,568.9,568.9,568.7,568.76,212
1742413620,568.73,568.79,568.66,568.78,143
1742413625,568.74,568.78,568.66,568.78,151
1742413630,568.79,568.79,568.72,568.74,63
1742413635,568.77,568.78,568.64,568.64,140
1742413640,568.65,568.79,568.63,568.7,167
1742413645,568.69,568.7,568.6,568.65,366
1742413650,568.64,568.87,568.62,568.85,321
1742413655,568.87,568.89,568.78,568.81,250
1742413660,568.83,568.86,568.81,568.84,113
1742413665,568.85,568.85,568.72,568.81,152
1742413670,568.84,568.84,568.69,568.69,675
1742413675,568.71,568.8,568.71,568.73,402
1742413680,568.7,568.73,568.62,568.64,125
1742413685,568.62,568.62,568.46,568.51,543
1742413690,568.51,568.56,568.4,568.53,356
1742413695,568.53,568.66,568.53,568.65,199
1742413700,568.67,568.71,568.53,568.56,564
1742413705,568.54,568.54,568.49,568.5,261
1742413710,568.47,568.55,568.46,568.53,237
1742413715,568.53,568.55,568.44,568.45,258
1742413720,568.43,568.48,568.39,568.48,557
1742413725,568.46,568.48,568.32,568.33,869
1742413730,568.36,568.41,568.2,568.36,566
1742413735,568.35,568.56,568.34,568.47,246
1742413740,568.48,568.51,568.45,568.51,83
1742413745,568.51,568.62,568.49,568.55,1117
1742413750,568.57,568.57,568.5,568.55,438
1742413755,568.53,568.58,568.24,568.25,340
1742413760,568.26,568.37,568.23,568.34,679
1742413765,568.33,568.35,568.26,568.26,196
1742413770,568.24,568.31,568.15,568.31,352
1742413775,568.32,568.46,568.31,568.46,174
1742413780,568.44,568.45,568.42,568.43,173
1742413785,568.42,568.44,568.38,568.41,130
1742413790,568.43,568.47,568.41,568.43,200
1742413795,568.45,568.48,568.44,568.46,44
1742413800,568.45,568.45,567.68,567.95,2444
1742413805,567.98,568.12,567.73,567.73,1189
1742413810,567.76,567.89,567.7,567.85,527
1742413815,567.84,567.9,567.72,567.86,306
1742413820,567.84,567.84,567.57,567.82,1612
1742413825,567.83,567.83,567.56,567.56,833
1742413830,567.56,567.7,567.56,567.67,331
1742413835,567.65,567.72,567.55,567.59,775
1742413840,567.61,567.69,567.59,567.6,778
1742413845,567.61,567.65,567.49,567.49,524
1742413850,567.49,567.5,567.24,567.24,1131
1742413855,567.27,567.36,567.24,567.35,233
1742413860,567.34,567.35,567.16,567.16,572
1742413865,567.14,567.15,566.92,566.95,508
1742413870,566.96,567.0,566.88,566.98,689
1742413875,567.0,567.09,566.99,567.03,459
1742413880,567.01,567.18,567.0,567.13,389
1742413885,567.13,567.17,567.02,567.15,460
1742413890,567.14,567.18,567.07,567.13,565
1742413895,567.16,567.38,567.15,567.37,547
1742413900,567.35,567.44,567.33,567.38,387
1742413905,567.39,567.52,567.36,567.43,680
1742413910,567.43,567.52,567.42,567.47,534
1742413915,567.46,567.55,567.36,567.5,1445
1742413920,567.53,567.59,567.44,567.52,354
1742413925,567.55,567.55,567.31,567.33,351
1742413930,567.34,567.37,567.22,567.29,277
1742413935,567.38,567.44,567.36,567.4,323
1742413940,567.39,567.47,567.39,567.45,232
1742413945,567.43,567.5,567.42,567.49,300
1742413950,567.49,567.56,567.46,567.53,216
1742413955,567.56,567.63,567.44,567.45,699
1742413960,567.43,567.43,567.31,567.35,282
1742413965,567.35,567.45,567.33,567.33,163
1742413970,567.33,567.35,567.3,567.32,171
1742413975,567.29,567.3,567.18,567.24,318
1742413980,567.23,567.23,567.07,567.1,373
1742413985,567.1,567.27,567.1,567.25,299
1742413990,567.26,567.34,567.14,567.3,1563
1742413995,567.32,567.33,567.29,567.31,244
1742414000,567.31,567.41,567.29,567.41,258
1742414005,567.42,567.48,567.38,567.39,459
1742414010,567.38,567.43,567.34,567.4,198
1742414015,567.41,567.52,567.41,567.49,323
1742414020,567.48,567.57,567.29,567.56,668
1742414025,567.56,567.67,567.55,567.66,263
1742414030,567.67,567.67,567.58,567.65,322
1742414035,567.65,567.65,567.42,567.43,352
1742414040,567.43,567.5,567.35,567.35,417
1742414045,567.4,567.43,567.32,567.38,394
1742414050,567.37,567.4,567.31,567.32,656
1742414055,567.31,567.31,567.21,567.22,349
1742414060,567.25,567.47,567.25,567.45,448
1742414065,567.43,567.44,567.33,567.35,352
1742414070,567.35,567.35,567.21,567.24,384
1742414075,567.23,567.33,567.23,567.33,282
1742414080,567.31,567.78,567.22,567.71,1338
1742414085,567.71,567.71,567.46,567.57,541
1742414090,567.52,567.56,567.36,567.45,897
1742414095,567.47,567.59,567.47,567.59,408
1742414100,567.6,567.6,567.05,567.08,1981
1742414105,567.08,567.18,567.03,567.18,526
1742414110,567.19,567.3,567.12,567.3,640
1742414115,567.29,567.33,567.22,567.33,626
1742414120,567.32,567.35,567.26,567.28,659
1742414125,567.28,567.3,567.09,567.09,694
1742414130,567.08,567.14,567.01,567.12,624
1742414135,567.13,567.17,566.98,566.99,715
1742414140,567.01,567.04,566.9,566.93,442
1742414145,566.91,566.92,566.75,566.85,809
1742414150,566.85,566.91,566.83,566.89,574
1742414155,566.9,566.98,566.88,566.91,668
1742414160,566.91,566.98,566.84,566.85,817
1742414165,566.85,566.87,566.7,566.73,900
1742414170,566.72,566.8,566.71,566.76,445
1742414175,566.76,566.93,566.73,566.89,796
1742414180,566.89,566.97,566.87,566.94,827
1742414185,566.94,566.97,566.8,566.81,641
1742414190,566.82,566.91,566.81,566.87,402
1742414195,566.87,566.92,566.83,566.89,739
1742414200,566.9,566.94,566.88,566.94,440
1742414205,566.93,567.01,566.93,567.0,692
1742414210,567.01,567.05,566.93,566.99,638
1742414215,566.99,567.08,566.99,567.01,480
1742414220,567.01,567.05,566.93,566.99,983
1742414225,566.96,566.98,566.91,566.94,920
1742414230,566.93,566.94,566.84,566.89,513
1742414235,566.9,567.02,566.9,567.02,475
1742414240,567.02,567.05,566.85,566.86,799
1742414245,566.86,566.9,566.76,566.81,415
1742414250,566.8,566.81,566.71,566.73,456
1742414255,566.75,567.03,566.75,566.97,2188
1742414260,566.96,567.04,566.89,566.95,834
1742414265,566.94,566.96,566.9,566.93,876
1742414270,566.93,566.97,566.89,566.92,477
1742414275,566.9,566.97,566.9,566.94,799
1742414280,566.93,567.02,566.91,566.92,815
1742414285,566.92,566.97,566.91,566.97,595
1742414290,566.97,567.04,566.96,567.04,1466
1742414295,567.03,567.07,567.02,567.05,1341
1742414300,567.04,567.06,566.9,566.9,1004
1742414305,566.9,566.91,566.85,566.86,437
1742414310,566.85,566.89,566.8,566.82,846
1742414315,566.82,566.87,566.79,566.79,819
1742414320,566.78,566.84,566.76,566.79,1386
1742414325,566.79,566.82,566.75,566.76,618
1742414330,566.76,566.77,566.68,566.71,1539
1742414335,566.72,566.78,566.7,566.75,1581
1742414340,566.74,567.04,566.72,567.01,4293
1742414345,566.99,567.03,566.87,566.88,1661
1742414350,566.87,566.88,566.73,566.77,1475
1742414355,566.77,566.9,566.77,566.85,1935
1742414360,566.85,566.86,566.78,566.84,1066
1742414365,566.84,566.9,566.82,566.86,2277
1742414370,566.85,566.88,566.75,566.83,2434
1742414375,566.8,566.91,566.79,566.89,1463
1742414380,566.89,566.98,566.85,566.97,2056
1742414385,566.97,567.14,566.95,566.98,4855
1742414390,566.99,567.01,566.77,567.0,1207
1742414395,567.0,567.08,566.86,567.02,3776
