Date,Open,High,Low,Close,Volume
1759325400,663.16,663.35,663.12,663.3,6463
1759325405,663.28,663.43,663.16,663.29,1649
1759325410,663.28,663.54,663.27,663.42,1981
1759325415,663.41,663.48,663.27,663.28,1920
1759325420,663.27,663.27,663.13,663.26,2151
1759325425,663.27,663.37,663.22,663.28,823
1759325430,663.29,663.33,663.13,663.31,1553
1759325435,663.31,663.32,663.17,663.29,765
1759325440,663.3,663.37,663.19,663.19,1282
1759325445,663.2,663.39,663.2,663.38,1057
1759325450,663.39,663.48,663.26,663.29,1788
1759325455,663.3,663.32,663.23,663.26,667
1759325460,663.25,663.46,663.24,663.43,1202
1759325465,663.42,663.53,663.42,663.51,774
1759325470,663.51,663.55,663.44,663.49,622
1759325475,663.46,663.6,663.41,663.6,583
1759325480,663.62,663.73,663.62,663.7,682
1759325485,663.71,663.86,663.68,663.85,840
1759325490,663.85,664.19,663.85,664.18,1456
1759325495,664.18,664.22,664.08,664.1,1459
1759325500,664.09,664.28,664.04,664.26,1288
1759325505,664.27,664.29,664.2,664.27,1041
1759325510,664.27,664.3,664.15,664.16,1356
1759325515,664.16,664.26,664.12,664.24,1596
1759325520,664.25,664.37,664.18,664.21,1738
1759325525,664.21,664.27,664.2,664.21,938
1759325530,664.21,664.28,664.18,664.2,724
1759325535,664.2,664.31,664.19,664.24,792
1759325540,664.25,664.31,664.22,664.27,718
1759325545,664.27,664.28,664.18,664.26,676
1759325550,664.28,664.34,664.18,664.25,740
1759325555,664.25,664.26,664.18,664.19,410
1759325560,664.2,664.31,664.2,664.25,538
1759325565,664.23,664.31,664.21,664.31,666
1759325570,664.32,664.43,664.3,664.41,1297
1759325575,664.32,664.47,664.31,664.46,1063
1759325580,664.46,664.5,664.33,664.38,992
1759325585,664.38,664.4,664.32,664.34,614
1759325590,664.34,664.39,664.31,664.36,636
1759325595,664.36,664.42,664.33,664.41,373
1759325600,664.41,664.41,664.32,664.33,633
1759325605,664.33,664.38,664.32,664.36,444
1759325610,664.37,664.47,664.37,664.44,420
1759325615,664.46,664.49,664.44,664.46,332
1759325620,664.46,664.54,664.43,664.44,1126
1759325625,664.43,664.46,664.37,664.45,604
1759325630,664.45,664.48,664.4,664.46,326
1759325635,664.46,664.48,664.42,664.45,335
1759325640,664.46,664.6,664.46,664.57,1168
1759325645,664.57,664.66,664.56,664.61,1098
1759325650,664.62,664.64,664.56,664.61,405
1759325655,664.61,664.79,664.6,664.73,995
1759325660,664.73,664.78,664.71,664.72,557
1759325665,664.72,664.76,664.68,664.68,549
1759325670,664.7,664.7,664.64,664.67,581
1759325675,664.67,664.73,664.65,664.71,313
1759325680,664.7,664.7,664.6,664.61,337
1759325685,664.6,664.61,664.53,664.54,504
1759325690,664.54,664.57,664.51,664.55,419
1759325695,664.55,664.58,664.5,664.51,702
1759325700,664.51,664.56,664.34,664.38,1463
1759325705,664.38,664.38,664.28,664.3,1027
1759325710,664.29,664.3,664.21,664.27,944
1759325715,664.26,664.45,664.24,664.42,417
1759325720,664.42,664.46,664.38,664.39,639
1759325725,664.38,664.48,664.35,664.44,627
1759325730,664.44,664.49,664.43,664.48,384
1759325735,664.45,664.5,664.39,664.4,324
1759325740,664.4,664.42,664.27,664.36,341
1759325745,664.36,664.42,664.3,664.41,432
1759325750,664.4,664.57,664.38,664.55,1284
1759325755,664.54,664.63,664.53,664.62,575
1759325760,664.64,664.65,664.53,664.55,452
1759325765,664.54,664.65,664.54,664.61,282
1759325770,664.61,664.62,664.51,664.54,675
1759325775,664.54,664.62,664.53,664.57,361
1759325780,664.57,664.67,664.55,664.67,325
1759325785,664.67,664.67,664.55,664.64,528
1759325790,664.64,664.67,664.59,664.63,463
1759325795,664.63,664.64,664.55,664.59,385
1759325800,664.57,664.58,664.48,664.5,526
1759325805,664.49,664.53,664.44,664.5,398
1759325810,664.5,664.52,664.43,664.51,332
1759325815,664.5,664.52,664.46,664.48,268
1759325820,664.48,664.55,664.48,664.5,529
1759325825,664.5,664.58,664.48,664.56,504
1759325830,664.56,664.6,664.53,664.59,249
1759325835,664.6,664.71,664.58,664.69,329
1759325840,664.68,664.68,664.53,664.56,565
1759325845,664.56,664.63,664.55,664.62,408
1759325850,664.63,664.68,664.62,664.66,297
1759325855,664.65,664.71,664.65,664.7,257
1759325860,664.71,664.72,664.67,664.7,412
1759325865,664.71,664.77,664.7,664.75,503
1759325870,664.75,664.76,664.72,664.73,299
1759325875,664.72,664.74,664.71,664.72,237
1759325880,664.73,664.86,664.71,664.86,1353
1759325885,664.86,664.94,664.85,664.85,1231
1759325890,664.85,664.96,664.84,664.95,398
1759325895,664.96,664.98,664.91,664.93,500
1759325900,664.93,664.97,664.88,664.95,422
1759325905,664.95,664.96,664.84,664.87,637
1759325910,664.86,664.89,664.81,664.87,859
1759325915,664.86,664.94,664.85,664.85,326
1759325920,664.84,664.88,664.84,664.86,384
1759325925,664.87,664.88,664.74,664.75,1109
1759325930,664.75,664.81,664.74,664.79,386
1759325935,664.78,664.78,664.74,664.78,437
1759325940,664.77,664.86,664.77,664.86,491
1759325945,664.85,664.93,664.84,664.91,498
1759325950,664.9,665.14,664.89,665.14,1299
1759325955,665.14,665.16,665.09,665.12,1123
1759325960,665.1,665.11,665.05,665.06,480
1759325965,665.07,665.07,665.03,665.04,431
1759325970,665.04,665.05,664.97,664.97,542
1759325975,664.97,665.06,664.95,665.06,442
1759325980,665.07,665.14,665.07,665.12,700
1759325985,665.12,665.13,665.09,665.12,856
1759325990,665.11,665.14,665.1,665.13,274
1759325995,665.12,665.14,665.11,665.13,464
1759326000,665.13,665.14,665.03,665.04,1268
1759326005,665.04,665.16,665.03,665.16,679
1759326010,665.16,665.26,665.16,665.22,610
1759326015,665.24,665.31,665.21,665.28,619
1759326020,665.29,665.38,665.25,665.37,742
1759326025,665.37,665.39,665.28,665.3,1319
1759326030,665.3,665.35,665.27,665.3,847
1759326035,665.31,665.33,665.19,665.19,481
1759326040,665.19,665.32,665.16,665.31,681
1759326045,665.32,665.33,665.23,665.25,479
1759326050,665.25,665.25,665.19,665.23,323
1759326055,665.22,665.24,665.16,665.19,871
1759326060,665.19,665.21,665.17,665.17,758
1759326065,665.18,665.18,665.12,665.14,744
1759326070,665.14,665.16,665.12,665.13,490
1759326075,665.11,665.17,665.1,665.14,757
1759326080,665.14,665.15,665.03,665.04,661
1759326085,665.03,665.09,665.02,665.05,357
1759326090,665.05,665.09,664.99,665.09,433
1759326095,665.09,665.18,665.09,665.18,340
1759326100,665.17,665.18,665.13,665.14,220
1759326105,665.13,665.17,665.1,665.1,415
1759326110,665.11,665.13,665.06,665.1,232
1759326115,665.1,665.2,665.09,665.2,466
1759326120,665.19,665.24,665.14,665.14,554
1759326125,665.14,665.24,665.12,665.13,486
1759326130,665.14,665.17,665.11,665.14,249
1759326135,665.14,665.16,665.09,665.09,422
1759326140,665.09,665.09,665.04,665.08,840
1759326145,665.09,665.09,665.01,665.04,316
1759326150,665.04,665.12,665.01,665.02,543
1759326155,665.02,665.05,665.01,665.04,295
1759326160,665.06,665.13,665.06,665.06,480
1759326165,665.07,665.12,665.06,665.11,394
1759326170,665.11,665.14,665.08,665.11,336
1759326175,665.11,665.14,665.08,665.12,329
1759326180,665.11,665.12,665.02,665.06,627
1759326185,665.07,665.1,665.03,665.09,352
1759326190,665.08,665.08,664.95,664.95,573
1759326195,664.96,664.98,664.89,664.9,978
1759326200,664.91,664.92,664.88,664.88,255
1759326205,664.89,664.92,664.86,664.87,545
1759326210,664.87,664.87,664.77,664.83,984
1759326215,664.85,664.9,664.83,664.9,348
1759326220,664.9,665.0,664.88,664.96,679
1759326225,664.97,665.06,664.94,665.04,503
1759326230,665.01,665.05,664.95,665.04,582
1759326235,665.03,665.09,665.02,665.08,406
1759326240,665.09,665.19,665.08,665.19,545
1759326245,665.18,665.19,665.12,665.15,495
1759326250,665.15,665.2,665.15,665.17,440
1759326255,665.19,665.28,665.17,665.28,223
1759326260,665.28,665.28,665.24,665.27,404
1759326265,665.27,665.28,665.17,665.21,308
1759326270,665.21,665.23,665.18,665.23,313
1759326275,665.25,665.25,665.18,665.19,181
1759326280,665.17,665.24,665.15,665.24,158
1759326285,665.25,665.29,665.22,665.23,186
1759326290,665.24,665.28,665.24,665.26,265
1759326295,665.27,665.27,665.25,665.26,227
1759326300,665.25,665.3,665.15,665.25,1001
1759326305,665.24,665.26,665.21,665.21,336
1759326310,665.21,665.21,665.15,665.16,297
1759326315,665.14,665.19,665.12,665.14,402
1759326320,665.15,665.15,665.0,665.07,239
1759326325,665.05,665.07,665.03,665.04,90
1759326330,665.03,665.05,665.0,665.01,456
1759326335,665.0,665.0,664.92,664.92,344
1759326340,664.93,664.93,664.8,664.81,568
1759326345,664.8,664.83,664.77,664.81,737
1759326350,664.81,664.86,664.79,664.83,281
1759326355,664.83,664.86,664.8,664.85,265
1759326360,664.84,664.86,664.81,664.84,328
1759326365,664.85,664.85,664.75,664.79,883
1759326370,664.78,664.82,664.68,664.69,456
1759326375,664.69,664.8,664.63,664.76,873
1759326380,664.77,664.82,664.75,664.81,298
1759326385,664.8,664.8,664.75,664.8,228
1759326390,664.81,664.86,664.8,664.81,422
1759326395,664.82,664.82,664.73,664.75,682
1759326400,664.74,664.8,664.7,664.76,639
1759326405,664.77,664.79,664.7,664.73,490
1759326410,664.73,664.8,664.73,664.77,401
1759326415,664.76,664.76,664.68,664.7,296
1759326420,664.7,664.7,664.62,664.66,699
1759326425,664.67,664.67,664.56,664.61,711
1759326430,664.61,664.62,664.58,664.59,504
1759326435,664.61,664.62,664.54,664.55,583
1759326440,664.54,664.56,664.5,664.54,295
1759326445,664.53,664.57,664.5,664.55,520
1759326450,664.55,664.55,664.48,664.49,360
1759326455,664.48,664.51,664.45,664.47,272
1759326460,664.47,664.48,664.44,664.46,233
1759326465,664.46,664.55,664.46,664.54,311
1759326470,664.54,664.55,664.46,664.47,296
1759326475,664.47,664.48,664.35,664.39,922
1759326480,664.39,664.46,664.36,664.44,1197
1759326485,664.44,664.49,664.41,664.48,719
1759326490,664.49,664.52,664.42,664.46,439
1759326495,664.46,664.49,664.44,664.48,204
1759326500,664.47,664.52,664.39,664.4,651
1759326505,664.4,664.41,664.35,664.4,179
1759326510,664.36,664.4,664.36,664.38,397
1759326515,664.38,664.39,664.27,664.27,401
1759326520,664.28,664.38,664.27,664.37,388
1759326525,664.36,664.37,664.3,664.36,235
1759326530,664.36,664.38,663.8,663.91,2984
1759326535,663.9,663.96,663.86,663.87,621
1759326540,663.86,663.88,663.58,663.66,1120
1759326545,663.68,663.79,663.67,663.78,964
1759326550,663.79,663.88,663.74,663.81,1346
1759326555,663.81,663.87,663.74,663.79,1136
1759326560,663.79,663.81,663.64,663.64,1195
1759326565,663.62,663.63,663.57,663.59,627
1759326570,663.59,663.66,663.55,663.63,1340
1759326575,663.61,663.66,663.51,663.55,820
1759326580,663.56,663.56,663.41,663.41,1052
1759326585,663.41,663.45,663.3,663.33,859
1759326590,663.33,663.46,663.3,663.38,873
1759326595,663.38,663.39,663.26,663.28,527
1759326600,663.27,663.27,663.06,663.1,1604
1759326605,663.11,663.23,663.1,663.23,815
1759326610,663.22,663.27,663.21,663.25,606
1759326615,663.26,663.38,663.23,663.29,948
1759326620,663.27,663.35,663.1,663.1,2339
1759326625,663.1,663.35,663.1,663.34,551
1759326630,663.33,663.49,663.31,663.47,1161
1759326635,663.47,663.51,663.41,663.45,758
1759326640,663.45,663.47,663.36,663.4,522
1759326645,663.39,663.51,663.37,663.5,266
1759326650,663.51,663.62,663.51,663.61,359
1759326655,663.62,663.62,663.55,663.61,365
1759326660,663.6,663.73,663.58,663.7,871
1759326665,663.71,663.78,663.66,663.66,882
1759326670,663.67,663.7,663.62,663.67,477
1759326675,663.67,663.73,663.64,663.7,338
1759326680,663.69,663.71,663.6,663.62,419
1759326685,663.6,663.6,663.47,663.55,732
1759326690,663.57,663.64,663.55,663.56,503
1759326695,663.53,663.59,663.51,663.57,453
1759326700,663.57,663.63,663.55,663.57,307
1759326705,663.55,663.57,663.49,663.56,387
1759326710,663.56,663.63,663.54,663.62,800
1759326715,663.6,663.64,663.59,663.62,240
1759326720,663.6,663.72,663.54,663.64,593
1759326725,663.61,663.67,663.58,663.62,326
1759326730,663.63,663.65,663.58,663.58,202
1759326735,663.62,663.62,663.47,663.62,456
1759326740,663.63,663.66,663.58,663.65,304
1759326745,663.67,663.74,663.6,663.66,236
1759326750,663.65,663.67,663.59,663.59,425
1759326755,663.59,663.63,663.58,663.6,241
1759326760,663.58,663.62,663.46,663.49,497
1759326765,663.48,663.57,663.45,663.57,430
1759326770,663.55,663.57,663.49,663.54,600
1759326775,663.54,663.54,663.49,663.52,287
1759326780,663.53,663.56,663.5,663.54,392
1759326785,663.55,663.59,663.52,663.55,222
1759326790,663.53,663.6,663.45,663.47,349
1759326795,663.46,663.46,663.35,663.42,787
1759326800,663.44,663.45,663.38,663.45,1046
1759326805,663.42,663.46,663.37,663.42,242
1759326810,663.39,663.51,663.35,663.51,307
1759326815,663.5,663.53,663.48,663.53,255
1759326820,663.52,663.56,663.45,663.56,484
1759326825,663.62,663.78,663.62,663.7,600
1759326830,663.7,663.79,663.7,663.77,195
1759326835,663.79,663.84,663.77,663.83,381
1759326840,663.83,663.95,663.82,663.88,1110
1759326845,663.87,663.91,663.79,663.83,271
1759326850,663.8,663.8,663.67,663.7,379
1759326855,663.68,663.81,663.68,663.77,764
1759326860,663.79,663.79,663.75,663.79,203
1759326865,663.78,663.85,663.76,663.83,200
1759326870,663.84,663.89,663.83,663.83,454
1759326875,663.8,663.85,663.75,663.84,454
1759326880,663.83,663.86,663.77,663.86,233
1759326885,663.84,663.84,663.8,663.83,167
1759326890,663.83,663.92,663.83,663.92,490
1759326895,663.91,663.91,663.86,663.88,197
1759326900,663.87,663.91,663.8,663.81,740
1759326905,663.81,663.83,663.75,663.82,584
1759326910,663.82,663.87,663.81,663.84,171
1759326915,663.81,663.83,663.78,663.82,279
1759326920,663.82,663.87,663.78,663.84,296
1759326925,663.83,663.86,663.8,663.83,293
1759326930,663.84,663.9,663.76,663.8,486
1759326935,663.81,663.87,663.8,663.86,532
1759326940,663.86,663.92,663.86,663.89,733
1759326945,663.88,663.88,663.79,663.81,540
1759326950,663.81,663.84,663.8,663.84,366
1759326955,663.83,663.88,663.8,663.81,472
1759326960,663.81,663.86,663.78,663.82,308
1759326965,663.83,663.86,663.81,663.83,185
1759326970,663.84,663.96,663.83,663.9,1034
1759326975,663.91,664.04,663.91,664.04,1220
1759326980,664.03,664.19,664.02,664.17,759
1759326985,664.17,664.17,664.04,664.06,544
1759326990,664.08,664.13,664.05,664.13,589
1759326995,664.12,664.17,664.1,664.17,463
1759327000,664.16,664.24,664.16,664.23,350
1759327005,664.23,664.26,664.2,664.25,748
1759327010,664.25,664.31,664.22,664.31,352
1759327015,664.33,664.38,664.33,664.38,237
1759327020,664.38,664.46,664.36,664.39,484
1759327025,664.4,664.47,664.4,664.45,747
1759327030,664.45,664.47,664.43,664.46,526
1759327035,664.45,664.45,664.31,664.34,775
1759327040,664.31,664.34,664.24,664.25,1057
1759327045,664.25,664.27,664.16,664.16,408
1759327050,664.16,664.2,664.13,664.13,558
1759327055,664.14,664.19,664.11,664.18,204
1759327060,664.18,664.18,664.13,664.14,218
1759327065,664.17,664.26,664.16,664.17,327
1759327070,664.16,664.28,664.15,664.26,490
1759327075,664.25,664.26,664.22,664.23,245
1759327080,664.22,664.22,664.13,664.16,273
1759327085,664.17,664.17,664.07,664.07,787
1759327090,664.06,664.06,663.94,663.96,638
1759327095,663.95,664.04,663.91,664.01,877
1759327100,664.0,664.02,663.92,663.94,186
1759327105,663.92,664.01,663.91,664.01,452
1759327110,664.02,664.07,664.01,664.02,374
1759327115,664.02,664.02,663.91,663.92,273
1759327120,663.91,663.95,663.89,663.92,344
1759327125,663.92,663.92,663.81,663.85,225
1759327130,663.84,663.9,663.83,663.86,902
1759327135,663.87,663.87,663.81,663.84,358
1759327140,663.85,663.85,663.74,663.84,881
1759327145,663.84,663.91,663.78,663.9,938
1759327150,663.88,663.95,663.87,663.95,519
1759327155,663.93,663.99,663.91,663.96,681
1759327160,663.96,663.99,663.86,663.88,433
1759327165,663.88,663.88,663.74,663.81,595
1759327170,663.81,663.91,663.64,663.66,973
1759327175,663.67,663.71,663.57,663.59,999
1759327180,663.59,663.69,663.55,663.67,804
1759327185,663.65,663.81,663.65,663.76,540
1759327190,663.73,663.75,663.68,663.68,190
1759327195,663.68,663.81,663.59,663.78,429
1759327200,663.74,663.8,663.41,663.57,1213
1759327205,663.66,663.67,663.46,663.57,840
1759327210,663.58,663.69,663.55,663.69,589
1759327215,663.68,663.77,663.61,663.77,312
1759327220,663.78,663.81,663.7,663.8,480
1759327225,663.81,663.94,663.81,663.86,434
1759327230,663.86,664.17,663.82,664.15,1912
1759327235,664.17,664.23,664.0,664.06,442
1759327240,664.07,664.11,663.93,664.06,328
1759327245,664.08,664.08,663.98,664.01,158
1759327250,663.98,664.06,663.97,664.04,296
1759327255,664.06,664.11,663.99,664.04,416
1759327260,664.04,664.13,664.02,664.11,300
1759327265,664.13,664.14,664.05,664.1,156
1759327270,664.09,664.18,664.07,664.17,223
1759327275,664.19,664.19,663.97,664.02,421
1759327280,664.08,664.08,663.93,663.99,496
1759327285,663.99,664.05,663.95,664.02,182
1759327290,664.02,664.11,664.01,664.11,144
1759327295,664.11,664.11,663.99,664.04,217
1759327300,664.03,664.12,664.0,664.11,135
1759327305,664.17,664.18,664.08,664.13,237
1759327310,664.13,664.13,664.04,664.07,218
1759327315,664.07,664.14,664.07,664.12,80
1759327320,664.12,664.17,664.04,664.07,357
1759327325,664.09,664.14,664.06,664.11,191
1759327330,664.08,664.11,664.03,664.09,444
1759327335,664.07,664.14,664.05,664.08,242
1759327340,664.11,664.12,664.04,664.06,304
1759327345,664.03,664.28,664.03,664.26,456
1759327350,664.26,664.26,664.16,664.19,460
1759327355,664.16,664.29,664.14,664.24,324
1759327360,664.25,664.27,664.13,664.15,461
1759327365,664.18,664.19,664.11,664.16,333
1759327370,664.18,664.2,664.12,664.13,219
1759327375,664.11,664.11,663.96,664.02,1061
1759327380,664.03,664.14,664.03,664.13,208
1759327385,664.14,664.15,664.01,664.06,602
1759327390,664.07,664.23,664.07,664.23,412
1759327395,664.23,664.25,664.17,664.24,493
1759327400,664.25,664.26,664.18,664.24,238
1759327405,664.24,664.3,664.23,664.24,182
1759327410,664.25,664.31,664.25,664.29,290
1759327415,664.26,664.46,664.26,664.4,586
1759327420,664.39,664.4,664.36,664.38,212
1759327425,664.37,664.45,664.35,664.44,237
1759327430,664.44,664.44,664.28,664.3,219
1759327435,664.27,664.28,664.23,664.26,137
1759327440,664.26,664.41,664.25,664.4,189
1759327445,664.41,664.42,664.35,664.35,145
1759327450,664.38,664.47,664.37,664.42,336
1759327455,664.41,664.52,664.4,664.5,552
1759327460,664.51,664.52,664.48,664.49,227
1759327465,664.5,664.51,664.46,664.5,102
1759327470,664.5,664.53,664.44,664.53,565
1759327475,664.52,664.57,664.5,664.51,192
1759327480,664.51,664.54,664.49,664.51,218
1759327485,664.5,664.53,664.48,664.49,105
1759327490,664.49,664.53,664.48,664.53,121
1759327495,664.52,664.53,664.49,664.52,289
1759327500,664.52,664.53,664.45,664.45,453
1759327505,664.45,664.46,664.39,664.4,372
1759327510,664.39,664.52,664.38,664.48,278
1759327515,664.48,664.49,664.44,664.48,137
1759327520,664.49,664.5,664.39,664.44,285
1759327525,664.44,664.47,664.4,664.44,307
1759327530,664.44,664.56,664.44,664.52,157
1759327535,664.49,664.49,664.44,664.46,203
1759327540,664.46,664.54,664.46,664.47,223
1759327545,664.49,664.57,664.48,664.57,192
1759327550,664.55,664.55,664.49,664.51,42
1759327555,664.5,664.5,664.42,664.43,169
1759327560,664.43,664.46,664.39,664.4,214
1759327565,664.4,664.41,664.35,664.35,368
1759327570,664.34,664.41,664.33,664.41,128
1759327575,664.42,664.42,664.37,664.39,268
1759327580,664.39,664.4,664.35,664.38,115
1759327585,664.38,664.39,664.36,664.39,213
1759327590,664.37,664.4,664.3,664.32,254
1759327595,664.36,664.4,664.32,664.4,465
1759327600,664.4,664.48,664.35,664.43,574
1759327605,664.41,664.45,664.41,664.44,50
1759327610,664.44,664.5,664.44,664.48,167
1759327615,664.47,664.5,664.46,664.49,108
1759327620,664.5,664.59,664.5,664.58,184
1759327625,664.56,664.58,664.54,664.55,146
1759327630,664.55,664.55,664.41,664.43,341
1759327635,664.44,664.46,664.41,664.46,115
1759327640,664.45,664.46,664.38,664.41,147
1759327645,664.41,664.49,664.4,664.49,109
1759327650,664.46,664.46,664.39,664.41,491
1759327655,664.41,664.5,664.38,664.47,221
1759327660,664.48,664.52,664.47,664.47,90
1759327665,664.44,664.44,664.38,664.39,109
1759327670,664.39,664.4,664.34,664.35,229
1759327675,664.35,664.35,664.24,664.27,1100
1759327680,664.27,664.27,664.13,664.13,509
1759327685,664.13,664.19,664.09,664.19,838
1759327690,664.19,664.25,664.18,664.25,312
1759327695,664.26,664.32,664.25,664.32,316
1759327700,664.32,664.32,664.24,664.24,199
1759327705,664.22,664.28,664.19,664.26,605
1759327710,664.25,664.3,664.23,664.25,114
1759327715,664.25,664.25,664.1,664.11,479
1759327720,664.15,664.18,664.08,664.09,215
1759327725,664.09,664.16,664.09,664.13,309
1759327730,664.16,664.26,664.16,664.26,290
1759327735,664.24,664.28,664.24,664.27,159
1759327740,664.28,664.3,664.25,664.27,243
1759327745,664.25,664.32,664.25,664.32,238
1759327750,664.29,664.35,664.29,664.32,176
1759327755,664.33,664.34,664.22,664.22,810
1759327760,664.22,664.3,664.16,664.28,520
1759327765,664.28,664.34,664.28,664.29,303
1759327770,664.3,664.4,664.3,664.38,298
1759327775,664.38,664.39,664.32,664.33,254
1759327780,664.33,664.34,664.3,664.33,153
1759327785,664.33,664.37,664.31,664.32,185
1759327790,664.31,664.32,664.27,664.29,141
1759327795,664.29,664.36,664.26,664.34,216
1759327800,664.35,664.52,664.35,664.49,821
1759327805,664.5,664.51,664.43,664.47,288
1759327810,664.47,664.47,664.4,664.41,214
1759327815,664.41,664.41,664.32,664.32,427
1759327820,664.34,664.47,664.34,664.45,249
1759327825,664.47,664.48,664.44,664.44,57
1759327830,664.42,664.48,664.42,664.46,101
1759327835,664.47,664.51,664.44,664.45,207
1759327840,664.47,664.51,664.46,664.49,233
1759327845,664.49,664.52,664.48,664.49,306
1759327850,664.5,664.51,664.48,664.5,85
1759327855,664.5,664.55,664.5,664.52,173
1759327860,664.52,664.56,664.51,664.54,154
1759327865,664.54,664.57,664.5,664.5,260
1759327870,664.52,664.64,664.52,664.63,477
1759327875,664.62,664.65,664.6,664.63,372
1759327880,664.62,664.66,664.56,664.56,241
1759327885,664.58,664.58,664.5,664.5,276
1759327890,664.51,664.54,664.48,664.48,250
1759327895,664.46,664.5,664.45,664.48,167
1759327900,664.48,664.51,664.46,664.51,153
1759327905,664.51,664.57,664.51,664.56,218
1759327910,664.57,664.57,664.54,664.56,315
1759327915,664.57,664.58,664.54,664.54,49
1759327920,664.54,664.55,664.49,664.49,259
1759327925,664.52,664.55,664.49,664.49,176
1759327930,664.49,664.5,664.45,664.46,246
1759327935,664.45,664.55,664.44,664.55,302
1759327940,664.55,664.58,664.52,664.52,170
1759327945,664.52,664.53,664.46,664.47,150
1759327950,664.46,664.58,664.46,664.56,332
1759327955,664.56,664.57,664.55,664.57,46
1759327960,664.57,664.62,664.57,664.6,125
1759327965,664.6,664.67,664.59,664.65,166
1759327970,664.67,664.67,664.61,664.61,226
1759327975,664.62,664.65,664.58,664.61,172
1759327980,664.6,664.6,664.54,664.55,135
1759327985,664.53,664.57,664.48,664.56,214
1759327990,664.54,664.58,664.54,664.55,217
1759327995,664.55,664.62,664.54,664.62,217
1759328000,664.63,664.67,664.63,664.65,213
1759328005,664.63,664.66,664.63,664.66,99
1759328010,664.67,664.7,664.66,664.69,156
1759328015,664.7,664.73,664.67,664.7,317
1759328020,664.7,664.72,664.68,664.69,67
1759328025,664.68,664.68,664.63,664.66,139
1759328030,664.65,664.65,664.59,664.61,158
1759328035,664.6,664.65,664.6,664.65,56
1759328040,664.64,664.66,664.61,664.63,124
1759328045,664.63,664.64,664.58,664.64,249
1759328050,664.63,664.71,664.63,664.71,151
1759328055,664.73,664.73,664.67,664.69,95
1759328060,664.7,664.7,664.63,664.63,106
1759328065,664.63,664.63,664.58,664.62,197
1759328070,664.63,664.64,664.61,664.64,111
1759328075,664.64,664.65,664.63,664.63,82
1759328080,664.63,664.65,664.59,664.59,134
1759328085,664.58,664.63,664.58,664.61,217
1759328090,664.61,664.62,664.59,664.62,158
1759328095,664.62,664.65,664.59,664.64,203
1759328100,664.66,664.77,664.64,664.73,596
1759328105,664.73,664.75,664.7,664.72,213
1759328110,664.72,664.72,664.69,664.72,80
1759328115,664.71,664.72,664.68,664.68,173
1759328120,664.69,664.75,664.69,664.72,376
1759328125,664.72,664.72,664.64,664.67,160
1759328130,664.67,664.73,664.66,664.72,221
1759328135,664.71,664.74,664.7,664.73,118
1759328140,664.74,664.75,664.69,664.7,354
1759328145,664.69,664.69,664.63,664.64,266
1759328150,664.64,664.7,664.64,664.69,80
1759328155,664.7,664.73,664.65,664.65,227
1759328160,664.64,664.7,664.61,664.7,248
1759328165,664.71,664.72,664.7,664.7,126
1759328170,664.71,664.76,664.69,664.76,307
1759328175,664.76,664.78,664.7,664.7,108
1759328180,664.7,664.75,664.69,664.74,103
1759328185,664.74,664.75,664.68,664.71,217
1759328190,664.7,664.72,664.69,664.71,83
1759328195,664.66,664.7,664.66,664.69,95
1759328200,664.7,664.71,664.62,664.66,487
1759328205,664.66,664.71,664.64,664.7,532
1759328210,664.7,664.78,664.69,664.78,502
1759328215,664.77,664.82,664.77,664.79,315
1759328220,664.8,664.81,664.76,664.81,135
1759328225,664.82,664.82,664.72,664.72,230
1759328230,664.72,664.76,664.7,664.76,248
1759328235,664.76,664.77,664.72,664.77,320
1759328240,664.75,664.78,664.73,664.75,158
1759328245,664.74,664.75,664.65,664.66,236
1759328250,664.68,664.69,664.65,664.65,67
1759328255,664.64,664.71,664.64,664.71,200
1759328260,664.72,664.75,664.72,664.73,251
1759328265,664.74,664.78,664.74,664.77,70
1759328270,664.77,664.78,664.76,664.78,49
1759328275,664.77,664.84,664.77,664.79,215
1759328280,664.79,664.89,664.79,664.81,583
1759328285,664.79,664.84,664.79,664.8,135
1759328290,664.79,664.83,664.77,664.79,215
1759328295,664.77,664.83,664.76,664.77,176
1759328300,664.78,664.82,664.77,664.82,177
1759328305,664.82,664.85,664.81,664.85,237
1759328310,664.84,664.87,664.84,664.86,178
1759328315,664.86,664.9,664.86,664.89,171
1759328320,664.89,664.9,664.84,664.85,121
1759328325,664.85,664.94,664.84,664.93,158
1759328330,664.92,664.94,664.91,664.94,280
1759328335,664.94,664.95,664.92,664.95,183
1759328340,664.94,665.04,664.94,665.04,957
1759328345,665.03,665.11,665.03,665.08,612
1759328350,665.08,665.15,665.08,665.11,497
1759328355,665.12,665.15,665.12,665.14,122
1759328360,665.14,665.2,665.13,665.19,462
1759328365,665.19,665.19,665.15,665.16,536
1759328370,665.16,665.2,665.15,665.2,318
1759328375,665.2,665.21,665.16,665.16,264
1759328380,665.16,665.19,665.15,665.16,202
1759328385,665.17,665.19,665.14,665.17,432
1759328390,665.17,665.2,665.17,665.18,179
1759328395,665.18,665.19,665.16,665.16,351
1759328400,665.16,665.22,665.15,665.17,679
1759328405,665.17,665.19,665.16,665.17,261
1759328410,665.17,665.24,665.15,665.23,174
1759328415,665.22,665.22,665.16,665.17,413
1759328420,665.17,665.18,665.13,665.13,961
1759328425,665.14,665.15,665.12,665.13,352
1759328430,665.14,665.2,665.13,665.18,197
1759328435,665.18,665.2,665.16,665.17,78
1759328440,665.17,665.24,665.16,665.21,120
1759328445,665.22,665.31,665.22,665.3,504
1759328450,665.3,665.31,665.23,665.23,294
1759328455,665.23,665.24,665.18,665.19,203
1759328460,665.19,665.22,665.18,665.21,307
1759328465,665.22,665.22,665.19,665.2,241
1759328470,665.19,665.27,665.19,665.26,479
1759328475,665.25,665.34,665.25,665.34,353
1759328480,665.34,665.53,665.34,665.51,1046
1759328485,665.51,665.59,665.51,665.58,1680
1759328490,665.57,665.59,665.49,665.49,563
1759328495,665.49,665.52,665.46,665.52,733
1759328500,665.52,665.52,665.48,665.48,695
1759328505,665.48,665.51,665.47,665.49,335
1759328510,665.49,665.51,665.47,665.48,386
1759328515,665.48,665.49,665.46,665.47,500
1759328520,665.48,665.59,665.46,665.56,827
1759328525,665.56,665.56,665.48,665.49,307
1759328530,665.48,665.48,665.38,665.4,474
1759328535,665.4,665.43,665.37,665.42,439
1759328540,665.42,665.42,665.37,665.4,180
1759328545,665.41,665.45,665.4,665.42,618
1759328550,665.43,665.43,665.39,665.39,120
1759328555,665.38,665.39,665.3,665.31,316
1759328560,665.3,665.33,665.28,665.32,248
1759328565,665.31,665.37,665.31,665.34,484
1759328570,665.35,665.36,665.31,665.36,194
1759328575,665.36,665.39,665.35,665.38,231
1759328580,665.38,665.42,665.35,665.35,188
1759328585,665.34,665.35,665.26,665.26,706
1759328590,665.27,665.35,665.27,665.35,627
1759328595,665.34,665.39,665.33,665.36,109
1759328600,665.35,665.37,665.3,665.33,193
1759328605,665.32,665.37,665.3,665.37,263
1759328610,665.38,665.41,665.38,665.4,108
1759328615,665.39,665.42,665.39,665.41,518
1759328620,665.43,665.45,665.42,665.44,116
1759328625,665.43,665.43,665.41,665.41,107
1759328630,665.42,665.42,665.34,665.37,158
1759328635,665.35,665.37,665.31,665.31,157
1759328640,665.32,665.37,665.32,665.37,414
1759328645,665.37,665.38,665.32,665.32,283
1759328650,665.33,665.35,665.28,665.3,92
1759328655,665.31,665.31,665.23,665.24,313
1759328660,665.24,665.27,665.23,665.26,260
1759328665,665.26,665.28,665.23,665.28,472
1759328670,665.29,665.3,665.22,665.26,271
1759328675,665.29,665.3,665.25,665.25,177
1759328680,665.25,665.26,665.24,665.26,362
1759328685,665.26,665.32,665.26,665.27,214
1759328690,665.3,665.33,665.28,665.32,94
1759328695,665.32,665.33,665.28,665.3,184
1759328700,665.3,665.37,665.3,665.35,419
1759328705,665.35,665.45,665.34,665.45,365
1759328710,665.44,665.46,665.43,665.43,196
1759328715,665.42,665.46,665.42,665.46,171
1759328720,665.46,665.47,665.45,665.46,127
1759328725,665.45,665.49,665.45,665.47,336
1759328730,665.46,665.49,665.44,665.46,157
1759328735,665.48,665.49,665.47,665.48,56
1759328740,665.48,665.49,665.45,665.48,230
1759328745,665.49,665.49,665.46,665.49,34
1759328750,665.49,665.49,665.48,665.49,28
1759328755,665.49,665.55,665.49,665.55,730
1759328760,665.54,665.54,665.38,665.39,172
1759328765,665.39,665.4,665.35,665.36,183
1759328770,665.36,665.38,665.33,665.36,177
1759328775,665.34,665.41,665.34,665.39,267
1759328780,665.41,665.42,665.39,665.42,274
1759328785,665.42,665.5,665.42,665.48,299
1759328790,665.48,665.49,665.45,665.48,133
1759328795,665.47,665.53,665.45,665.52,74
1759328800,665.53,665.54,665.48,665.5,182
1759328805,665.5,665.53,665.5,665.51,157
1759328810,665.51,665.55,665.51,665.54,182
1759328815,665.54,665.55,665.53,665.54,155
1759328820,665.54,665.57,665.49,665.5,301
1759328825,665.5,665.52,665.49,665.52,211
1759328830,665.54,665.58,665.53,665.56,273
1759328835,665.56,665.58,665.54,665.58,273
1759328840,665.59,665.64,665.58,665.58,429
1759328845,665.58,665.59,665.56,665.57,178
1759328850,665.57,665.57,665.53,665.54,181
1759328855,665.52,665.56,665.51,665.56,266
1759328860,665.55,665.55,665.47,665.52,471
1759328865,665.51,665.53,665.5,665.51,123
1759328870,665.52,665.55,665.5,665.55,217
1759328875,665.55,665.59,665.55,665.59,137
1759328880,665.59,665.6,665.57,665.59,111
1759328885,665.58,665.61,665.56,665.58,311
1759328890,665.59,665.61,665.57,665.58,232
1759328895,665.59,665.59,665.54,665.54,211
1759328900,665.54,665.63,665.54,665.63,147
1759328905,665.62,665.62,665.6,665.61,159
1759328910,665.62,665.64,665.6,665.63,277
1759328915,665.63,665.64,665.56,665.57,603
1759328920,665.56,665.58,665.56,665.58,235
1759328925,665.58,665.61,665.56,665.6,256
1759328930,665.59,665.69,665.58,665.67,391
1759328935,665.67,665.69,665.65,665.69,199
1759328940,665.69,665.71,665.67,665.68,380
1759328945,665.68,665.69,665.64,665.68,362
1759328950,665.68,665.7,665.65,665.65,140
1759328955,665.65,665.65,665.62,665.64,140
1759328960,665.63,665.64,665.59,665.59,220
1759328965,665.59,665.59,665.53,665.54,421
1759328970,665.54,665.54,665.47,665.48,1225
1759328975,665.48,665.49,665.43,665.46,280
1759328980,665.46,665.55,665.46,665.52,325
1759328985,665.51,665.56,665.5,665.56,119
1759328990,665.55,665.55,665.53,665.55,170
1759328995,665.55,665.56,665.53,665.53,123
1759329000,665.53,665.63,665.53,665.6,546
1759329005,665.59,665.64,665.58,665.6,293
1759329010,665.59,665.6,665.56,665.57,125
1759329015,665.58,665.62,665.57,665.59,275
1759329020,665.59,665.61,665.58,665.6,154
1759329025,665.6,665.61,665.57,665.57,162
1759329030,665.58,665.65,665.58,665.63,261
1759329035,665.61,665.64,665.58,665.58,299
1759329040,665.58,665.59,665.56,665.58,136
1759329045,665.58,665.6,665.56,665.59,166
1759329050,665.58,665.61,665.56,665.56,191
1759329055,665.57,665.57,665.54,665.55,249
1759329060,665.54,665.56,665.48,665.55,752
1759329065,665.55,665.55,665.5,665.51,314
1759329070,665.5,665.52,665.47,665.48,614
1759329075,665.49,665.52,665.45,665.49,378
1759329080,665.5,665.57,665.5,665.56,112
1759329085,665.58,665.6,665.57,665.58,145
1759329090,665.57,665.58,665.5,665.51,107
1759329095,665.5,665.52,665.48,665.52,234
1759329100,665.52,665.53,665.44,665.47,265
1759329105,665.48,665.5,665.46,665.48,198
1759329110,665.48,665.48,665.42,665.44,520
1759329115,665.44,665.45,665.39,665.44,538
1759329120,665.44,665.45,665.35,665.36,147
1759329125,665.36,665.36,665.32,665.34,329
1759329130,665.34,665.41,665.34,665.38,248
1759329135,665.39,665.39,665.34,665.37,174
1759329140,665.37,665.4,665.36,665.4,534
1759329145,665.4,665.44,665.39,665.44,245
1759329150,665.42,665.43,665.4,665.42,67
1759329155,665.43,665.46,665.42,665.45,223
1759329160,665.45,665.47,665.42,665.47,139
1759329165,665.45,665.49,665.44,665.47,327
1759329170,665.47,665.48,665.44,665.48,203
1759329175,665.48,665.54,665.48,665.5,284
1759329180,665.51,665.54,665.51,665.52,275
1759329185,665.53,665.53,665.47,665.48,60
1759329190,665.48,665.48,665.43,665.46,134
1759329195,665.46,665.46,665.41,665.41,213
1759329200,665.41,665.42,665.35,665.36,312
1759329205,665.36,665.44,665.36,665.44,204
1759329210,665.44,665.49,665.43,665.46,119
1759329215,665.46,665.5,665.46,665.49,67
1759329220,665.49,665.49,665.46,665.46,712
1759329225,665.48,665.48,665.4,665.41,812
1759329230,665.41,665.41,665.37,665.37,211
1759329235,665.38,665.41,665.37,665.41,190
1759329240,665.42,665.48,665.41,665.43,221
1759329245,665.45,665.49,665.45,665.47,82
1759329250,665.47,665.53,665.46,665.51,251
1759329255,665.5,665.54,665.5,665.54,163
1759329260,665.54,665.55,665.53,665.55,365
1759329265,665.55,665.55,665.52,665.53,52
1759329270,665.54,665.56,665.54,665.55,102
1759329275,665.56,665.61,665.54,665.61,231
1759329280,665.6,665.67,665.6,665.66,268
1759329285,665.66,665.71,665.66,665.69,891
1759329290,665.7,665.74,665.7,665.72,570
1759329295,665.73,665.73,665.7,665.73,238
1759329300,665.73,665.79,665.72,665.78,373
1759329305,665.78,665.84,665.74,665.83,988
1759329310,665.82,665.83,665.8,665.8,344
1759329315,665.79,665.81,665.75,665.75,399
1759329320,665.76,665.81,665.74,665.81,273
1759329325,665.82,665.84,665.81,665.84,315
1759329330,665.85,665.86,665.81,665.81,104
1759329335,665.82,665.84,665.81,665.84,99
1759329340,665.84,665.9,665.83,665.85,312
1759329345,665.86,665.9,665.85,665.87,243
1759329350,665.88,665.88,665.86,665.87,209
1759329355,665.87,665.89,665.86,665.87,243
1759329360,665.88,665.9,665.85,665.89,575
1759329365,665.9,665.9,665.86,665.88,196
1759329370,665.88,665.9,665.85,665.85,356
1759329375,665.87,666.01,665.87,666.0,267
1759329380,666.0,666.05,665.99,666.05,539
1759329385,666.05,666.06,665.99,665.99,274
1759329390,665.99,666.0,665.94,665.95,382
1759329395,665.97,665.98,665.93,665.93,930
1759329400,665.93,665.96,665.93,665.93,342
1759329405,665.93,665.97,665.93,665.95,267
1759329410,665.95,665.95,665.89,665.9,145
1759329415,665.89,665.92,665.88,665.91,186
1759329420,665.91,665.91,665.87,665.88,133
1759329425,665.89,665.92,665.88,665.92,119
1759329430,665.92,665.92,665.87,665.91,123
1759329435,665.91,665.91,665.88,665.9,90
1759329440,665.9,665.91,665.86,665.9,90
1759329445,665.9,665.91,665.87,665.87,130
1759329450,665.88,665.88,665.83,665.85,206
1759329455,665.85,665.86,665.83,665.85,204
1759329460,665.85,665.86,665.82,665.85,209
1759329465,665.85,665.85,665.83,665.83,163
1759329470,665.82,665.82,665.77,665.8,641
1759329475,665.8,665.83,665.79,665.82,328
1759329480,665.82,665.83,665.72,665.73,371
1759329485,665.73,665.75,665.72,665.73,161
1759329490,665.73,665.75,665.7,665.71,269
1759329495,665.71,665.77,665.71,665.76,138
1759329500,665.77,665.78,665.76,665.78,137
1759329505,665.8,665.85,665.8,665.83,345
1759329510,665.82,665.82,665.77,665.78,169
1759329515,665.78,665.83,665.78,665.83,86
1759329520,665.82,665.83,665.78,665.81,211
1759329525,665.81,665.83,665.79,665.83,86
1759329530,665.82,665.82,665.78,665.8,84
1759329535,665.8,665.82,665.77,665.8,114
1759329540,665.8,665.82,665.78,665.79,152
1759329545,665.79,665.84,665.79,665.84,82
1759329550,665.84,665.88,665.84,665.85,182
1759329555,665.85,665.85,665.77,665.79,195
1759329560,665.81,665.81,665.79,665.8,110
1759329565,665.78,665.78,665.75,665.75,140
1759329570,665.75,665.75,665.7,665.71,111
1759329575,665.71,665.73,665.69,665.73,309
1759329580,665.74,665.76,665.73,665.74,217
1759329585,665.74,665.74,665.69,665.71,540
1759329590,665.71,665.71,665.67,665.69,643
1759329595,665.7,665.7,665.64,665.66,424
1759329600,665.68,665.71,665.67,665.7,355
1759329605,665.7,665.7,665.66,665.69,229
1759329610,665.69,665.7,665.63,665.64,198
1759329615,665.63,665.63,665.52,665.56,477
1759329620,665.55,665.55,665.44,665.48,922
1759329625,665.46,665.46,665.38,665.44,280
1759329630,665.45,665.45,665.39,665.42,342
1759329635,665.39,665.43,665.36,665.4,275
1759329640,665.39,665.43,665.37,665.38,409
1759329645,665.38,665.41,665.29,665.41,441
1759329650,665.44,665.47,665.4,665.46,524
1759329655,665.43,665.48,665.42,665.45,199
1759329660,665.48,665.52,665.45,665.52,230
1759329665,665.51,665.56,665.47,665.48,312
1759329670,665.49,665.51,665.42,665.48,465
1759329675,665.48,665.49,665.37,665.43,668
1759329680,665.43,665.43,665.37,665.4,120
1759329685,665.37,665.42,665.33,665.42,366
1759329690,665.39,665.4,665.34,665.35,369
1759329695,665.34,665.36,665.31,665.33,180
1759329700,665.34,665.35,665.28,665.29,181
1759329705,665.3,665.34,665.26,665.34,210
1759329710,665.36,665.38,665.33,665.38,415
1759329715,665.4,665.44,665.4,665.43,302
1759329720,665.46,665.48,665.43,665.45,250
1759329725,665.43,665.43,665.37,665.38,250
1759329730,665.38,665.39,665.32,665.34,331
1759329735,665.31,665.32,665.27,665.32,307
1759329740,665.33,665.39,665.32,665.38,135
1759329745,665.38,665.42,665.37,665.39,127
1759329750,665.39,665.39,665.35,665.38,103
1759329755,665.38,665.41,665.35,665.41,130
1759329760,665.4,665.42,665.38,665.39,108
1759329765,665.4,665.43,665.38,665.41,123
1759329770,665.4,665.5,665.39,665.5,246
1759329775,665.51,665.54,665.48,665.53,491
1759329780,665.53,665.55,665.5,665.5,259
1759329785,665.5,665.53,665.49,665.5,67
1759329790,665.5,665.51,665.46,665.48,151
1759329795,665.49,665.54,665.49,665.54,65
1759329800,665.56,665.6,665.51,665.51,144
1759329805,665.52,665.56,665.52,665.54,87
1759329810,665.53,665.53,665.47,665.48,257
1759329815,665.48,665.54,665.48,665.54,168
1759329820,665.54,665.54,665.5,665.51,117
1759329825,665.51,665.51,665.49,665.5,149
1759329830,665.5,665.54,665.47,665.47,1562
1759329835,665.47,665.47,665.43,665.45,426
1759329840,665.46,665.49,665.44,665.47,297
1759329845,665.49,665.52,665.49,665.51,85
1759329850,665.51,665.51,665.47,665.49,1091
1759329855,665.48,665.48,665.43,665.44,207
1759329860,665.43,665.44,665.41,665.41,45
1759329865,665.4,665.41,665.37,665.38,188
1759329870,665.38,665.43,665.38,665.41,156
1759329875,665.41,665.46,665.4,665.41,1334
1759329880,665.41,665.43,665.4,665.43,144
1759329885,665.42,665.44,665.4,665.4,276
1759329890,665.41,665.44,665.4,665.44,132
1759329895,665.45,665.49,665.45,665.48,117
1759329900,665.48,665.51,665.43,665.43,199
1759329905,665.43,665.44,665.4,665.42,324
1759329910,665.4,665.42,665.4,665.42,27
1759329915,665.44,665.45,665.42,665.44,199
1759329920,665.45,665.51,665.44,665.5,190
1759329925,665.5,665.51,665.41,665.41,1076
1759329930,665.42,665.49,665.39,665.45,276
1759329935,665.44,665.45,665.4,665.4,106
1759329940,665.4,665.4,665.36,665.36,424
1759329945,665.35,665.35,665.32,665.35,140
1759329950,665.36,665.36,665.34,665.35,182
1759329955,665.35,665.35,665.31,665.35,143
1759329960,665.36,665.43,665.35,665.43,1215
1759329965,665.43,665.43,665.33,665.34,320
1759329970,665.34,665.35,665.3,665.32,488
1759329975,665.33,665.42,665.32,665.4,371
1759329980,665.41,665.41,665.37,665.39,88
1759329985,665.38,665.38,665.29,665.3,1573
1759329990,665.33,665.36,665.32,665.34,167
1759329995,665.34,665.37,665.32,665.37,464
1759330000,665.37,665.42,665.36,665.38,164
1759330005,665.39,665.41,665.36,665.36,25
1759330010,665.37,665.48,665.31,665.48,733
1759330015,665.48,665.58,665.47,665.56,582
1759330020,665.56,665.66,665.54,665.64,572
1759330025,665.64,665.66,665.56,665.59,258
1759330030,665.59,665.61,665.52,665.55,383
1759330035,665.56,665.62,665.56,665.6,232
1759330040,665.62,665.62,665.58,665.59,170
1759330045,665.6,665.6,665.48,665.53,464
1759330050,665.54,665.58,665.5,665.53,230
1759330055,665.54,665.54,665.45,665.46,88
1759330060,665.47,665.47,665.4,665.43,532
1759330065,665.43,665.5,665.4,665.41,570
1759330070,665.41,665.52,665.39,665.52,356
1759330075,665.53,665.53,665.48,665.49,320
1759330080,665.51,665.54,665.39,665.4,533
1759330085,665.4,665.48,665.4,665.45,228
1759330090,665.45,665.49,665.45,665.48,42
1759330095,665.47,665.49,665.46,665.46,129
1759330100,665.47,665.48,665.44,665.48,37
1759330105,665.47,665.55,665.47,665.55,171
1759330110,665.55,665.57,665.52,665.53,91
1759330115,665.53,665.55,665.52,665.54,62
1759330120,665.54,665.55,665.5,665.5,118
1759330125,665.52,665.55,665.51,665.55,36
1759330130,665.54,665.57,665.53,665.55,108
1759330135,665.55,665.56,665.53,665.53,71
1759330140,665.52,665.53,665.37,665.41,356
1759330145,665.4,665.41,665.38,665.41,105
1759330150,665.4,665.44,665.39,665.39,634
1759330155,665.4,665.44,665.36,665.36,348
1759330160,665.41,665.41,665.36,665.37,127
1759330165,665.36,665.38,665.35,665.36,136
1759330170,665.36,665.38,665.33,665.35,321
1759330175,665.36,665.38,665.34,665.35,138
1759330180,665.35,665.37,665.34,665.37,35
1759330185,665.38,665.39,665.35,665.36,151
1759330190,665.38,665.39,665.37,665.38,145
1759330195,665.38,665.41,665.37,665.38,184
1759330200,665.37,665.41,665.36,665.4,211
1759330205,665.4,665.45,665.4,665.44,146
1759330210,665.43,665.5,665.43,665.49,110
1759330215,665.49,665.51,665.47,665.51,103
1759330220,665.5,665.52,665.44,665.45,200
1759330225,665.46,665.48,665.45,665.46,60
1759330230,665.49,665.57,665.48,665.57,210
1759330235,665.56,665.56,665.51,665.51,43
1759330240,665.49,665.49,665.46,665.47,91
1759330245,665.47,665.48,665.46,665.48,53
1759330250,665.47,665.52,665.47,665.52,66
1759330255,665.5,665.52,665.45,665.45,42
1759330260,665.45,665.49,665.45,665.49,141
1759330265,665.49,665.55,665.48,665.54,183
1759330270,665.56,665.62,665.55,665.62,566
1759330275,665.64,665.66,665.62,665.66,232
1759330280,665.65,665.68,665.65,665.66,111
1759330285,665.67,665.73,665.65,665.72,141
1759330290,665.73,665.76,665.68,665.69,281
1759330295,665.69,665.73,665.69,665.7,166
1759330300,665.71,665.71,665.66,665.66,84
1759330305,665.66,665.66,665.58,665.61,177
1759330310,665.61,665.64,665.6,665.61,120
1759330315,665.61,665.65,665.61,665.62,199
1759330320,665.62,665.66,665.62,665.66,113
1759330325,665.65,665.65,665.59,665.6,174
1759330330,665.61,665.63,665.58,665.63,24
1759330335,665.62,665.64,665.61,665.63,170
1759330340,665.62,665.62,665.56,665.57,110
1759330345,665.58,665.59,665.54,665.54,55
1759330350,665.56,665.58,665.55,665.58,63
1759330355,665.59,665.6,665.57,665.6,70
1759330360,665.6,665.63,665.6,665.6,125
1759330365,665.58,665.59,665.57,665.57,50
1759330370,665.56,665.56,665.46,665.47,647
1759330375,665.48,665.48,665.45,665.47,118
1759330380,665.48,665.52,665.46,665.5,207
1759330385,665.5,665.51,665.47,665.49,240
1759330390,665.48,665.49,665.44,665.45,196
1759330395,665.46,665.49,665.45,665.46,123
1759330400,665.46,665.55,665.46,665.54,128
1759330405,665.55,665.57,665.53,665.54,217
1759330410,665.55,665.58,665.54,665.58,180
1759330415,665.56,665.58,665.56,665.56,77
1759330420,665.6,665.61,665.59,665.59,59
1759330425,665.59,665.59,665.55,665.58,186
1759330430,665.57,665.59,665.56,665.58,105
1759330435,665.58,665.59,665.55,665.55,69
1759330440,665.54,665.57,665.54,665.56,67
1759330445,665.55,665.57,665.54,665.56,106
1759330450,665.58,665.65,665.58,665.61,115
1759330455,665.61,665.67,665.61,665.66,57
1759330460,665.65,665.67,665.65,665.66,48
1759330465,665.65,665.68,665.65,665.67,87
1759330470,665.67,665.68,665.65,665.67,50
1759330475,665.67,665.68,665.66,665.68,47
1759330480,665.68,665.68,665.66,665.67,166
1759330485,665.67,665.73,665.66,665.72,469
1759330490,665.72,665.73,665.71,665.72,38
1759330495,665.73,665.74,665.66,665.67,452
1759330500,665.68,665.71,665.67,665.71,135
1759330505,665.71,665.71,665.67,665.68,206
1759330510,665.69,665.7,665.67,665.69,122
1759330515,665.68,665.68,665.65,665.66,66
1759330520,665.66,665.69,665.66,665.69,69
1759330525,665.68,665.68,665.65,665.66,69
1759330530,665.66,665.7,665.63,665.69,443
1759330535,665.69,665.73,665.69,665.72,176
1759330540,665.71,665.72,665.68,665.69,247
1759330545,665.69,665.74,665.67,665.69,259
1759330550,665.69,665.75,665.68,665.75,151
1759330555,665.75,665.77,665.73,665.75,266
1759330560,665.77,665.81,665.75,665.76,402
1759330565,665.76,665.77,665.73,665.74,136
1759330570,665.74,665.76,665.72,665.73,84
1759330575,665.73,665.75,665.7,665.7,121
1759330580,665.71,665.71,665.63,665.66,202
1759330585,665.68,665.69,665.65,665.68,282
1759330590,665.67,665.68,665.64,665.64,178
1759330595,665.64,665.71,665.64,665.71,87
1759330600,665.69,665.71,665.69,665.71,107
1759330605,665.73,665.74,665.72,665.73,39
1759330610,665.73,665.75,665.72,665.74,45
1759330615,665.72,665.73,665.7,665.73,253
1759330620,665.73,665.76,665.72,665.74,58
1759330625,665.73,665.74,665.72,665.74,104
1759330630,665.74,665.77,665.74,665.75,284
1759330635,665.76,665.8,665.75,665.79,86
1759330640,665.78,665.83,665.78,665.82,85
1759330645,665.79,665.79,665.74,665.77,214
1759330650,665.76,665.77,665.72,665.72,69
1759330655,665.72,665.74,665.71,665.71,145
1759330660,665.71,665.76,665.71,665.74,252
1759330665,665.73,665.78,665.73,665.75,64
1759330670,665.76,665.77,665.75,665.75,140
1759330675,665.77,665.81,665.76,665.8,196
1759330680,665.8,665.81,665.76,665.76,109
1759330685,665.76,665.8,665.76,665.79,100
1759330690,665.78,665.79,665.76,665.76,161
1759330695,665.76,665.78,665.71,665.72,344
1759330700,665.73,665.73,665.66,665.68,190
1759330705,665.68,665.69,665.66,665.67,208
1759330710,665.66,665.73,665.65,665.73,218
1759330715,665.72,665.8,665.72,665.8,94
1759330720,665.8,665.81,665.78,665.8,85
1759330725,665.79,665.79,665.78,665.79,103
1759330730,665.78,665.8,665.78,665.78,41
1759330735,665.77,665.83,665.77,665.82,168
1759330740,665.81,665.82,665.79,665.82,349
1759330745,665.83,665.84,665.8,665.82,179
1759330750,665.81,665.82,665.79,665.81,70
1759330755,665.81,665.81,665.77,665.79,97
1759330760,665.79,665.79,665.74,665.74,72
1759330765,665.74,665.74,665.7,665.7,187
1759330770,665.7,665.75,665.69,665.75,605
1759330775,665.74,665.75,665.71,665.72,105
1759330780,665.71,665.74,665.69,665.73,155
1759330785,665.74,665.77,665.73,665.77,263
1759330790,665.77,665.79,665.76,665.76,138
1759330795,665.76,665.82,665.76,665.81,100
1759330800,665.81,665.86,665.78,665.82,362
1759330805,665.81,665.81,665.76,665.78,189
1759330810,665.78,665.82,665.78,665.82,152
1759330815,665.81,665.81,665.81,665.81,61
1759330820,665.8,665.84,665.8,665.82,85
1759330825,665.82,665.92,665.82,665.91,479
1759330830,665.9,665.93,665.87,665.93,209
1759330835,665.93,665.99,665.93,665.98,116
1759330840,665.98,665.99,665.95,665.96,62
1759330845,665.96,665.99,665.95,665.98,120
1759330850,665.98,666.03,665.97,665.98,458
1759330855,665.98,665.99,665.97,665.98,93
1759330860,665.99,665.99,665.96,665.97,248
1759330865,665.98,666.09,665.98,666.07,752
1759330870,666.09,666.11,666.07,666.09,621
1759330875,666.09,666.11,666.07,666.09,176
1759330880,666.08,666.1,666.04,666.09,282
1759330885,666.07,666.13,666.06,666.13,338
1759330890,666.13,666.16,666.12,666.15,434
1759330895,666.14,666.18,666.14,666.18,396
1759330900,666.18,666.2,666.17,666.18,218
1759330905,666.18,666.19,666.14,666.14,236
1759330910,666.17,666.23,666.14,666.2,527
1759330915,666.21,666.21,666.18,666.19,307
1759330920,666.19,666.19,666.16,666.18,154
1759330925,666.18,666.18,666.15,666.16,184
1759330930,666.16,666.18,666.15,666.17,170
1759330935,666.16,666.17,666.16,666.16,186
1759330940,666.15,666.19,666.14,666.17,359
1759330945,666.17,666.24,666.17,666.24,268
1759330950,666.23,666.25,666.21,666.21,156
1759330955,666.2,666.21,666.19,666.2,141
1759330960,666.21,666.22,666.19,666.22,87
1759330965,666.21,666.23,666.2,666.21,94
1759330970,666.22,666.24,666.21,666.23,349
1759330975,666.23,666.27,666.23,666.24,488
1759330980,666.23,666.24,666.2,666.24,110
1759330985,666.24,666.25,666.22,666.22,197
1759330990,666.23,666.24,666.17,666.19,271
1759330995,666.16,666.18,666.13,666.14,469
1759331000,666.14,666.17,666.11,666.15,276
1759331005,666.15,666.15,666.09,666.13,478
1759331010,666.13,666.15,666.04,666.06,708
1759331015,666.06,666.07,666.03,666.03,605
1759331020,666.01,666.04,666.0,666.01,342
1759331025,666.0,666.02,665.93,665.93,1164
1759331030,665.93,665.95,665.92,665.93,188
1759331035,665.95,666.01,665.95,666.01,419
1759331040,666.02,666.05,666.01,666.03,260
1759331045,666.03,666.05,665.99,666.0,233
1759331050,666.0,666.01,665.98,666.0,76
1759331055,666.01,666.02,665.99,666.01,91
1759331060,666.04,666.04,666.03,666.03,68
1759331065,666.03,666.04,666.0,666.01,58
1759331070,666.0,666.05,666.0,666.04,93
1759331075,666.04,666.04,666.0,666.02,98
1759331080,666.03,666.03,666.01,666.01,95
1759331085,666.02,666.03,665.97,665.97,142
1759331090,665.97,665.97,665.92,665.92,93
1759331095,665.93,665.95,665.92,665.94,127
1759331100,665.93,665.95,665.91,665.91,326
1759331105,665.92,665.95,665.9,665.94,387
1759331110,665.94,665.94,665.87,665.88,250
1759331115,665.88,665.9,665.86,665.87,237
1759331120,665.86,665.88,665.83,665.83,333
1759331125,665.83,665.84,665.79,665.82,321
1759331130,665.82,665.84,665.79,665.81,175
1759331135,665.82,665.85,665.81,665.82,112
1759331140,665.81,665.83,665.78,665.83,184
1759331145,665.83,665.86,665.83,665.85,220
1759331150,665.83,665.83,665.79,665.8,252
1759331155,665.81,665.81,665.77,665.8,208
1759331160,665.81,665.88,665.8,665.81,342
1759331165,665.81,665.84,665.78,665.79,142
1759331170,665.8,665.83,665.75,665.83,389
1759331175,665.83,665.84,665.78,665.83,138
1759331180,665.84,665.92,665.84,665.9,269
1759331185,665.94,665.97,665.93,665.97,117
1759331190,665.98,666.01,665.97,666.01,106
1759331195,666.0,666.07,666.0,666.05,209
1759331200,666.06,666.06,666.03,666.04,141
1759331205,666.05,666.07,666.03,666.06,89
1759331210,666.07,666.09,666.07,666.08,82
1759331215,666.09,666.11,666.08,666.11,1006
1759331220,666.1,666.16,666.1,666.16,318
1759331225,666.17,666.17,666.06,666.07,190
1759331230,666.08,666.12,666.08,666.09,150
1759331235,666.08,666.16,666.08,666.15,115
1759331240,666.16,666.2,666.15,666.2,83
1759331245,666.21,666.26,666.2,666.21,393
1759331250,666.21,666.22,666.2,666.2,48
1759331255,666.21,666.21,666.14,666.16,187
1759331260,666.15,666.15,666.12,666.13,142
1759331265,666.14,666.17,666.11,666.17,211
1759331270,666.17,666.18,666.13,666.14,118
1759331275,666.13,666.16,666.13,666.16,40
1759331280,666.17,666.21,666.16,666.21,256
1759331285,666.22,666.22,666.17,666.17,215
1759331290,666.16,666.16,666.12,666.12,173
1759331295,666.13,666.13,666.1,666.12,137
1759331300,666.11,666.12,666.05,666.07,170
1759331305,666.06,666.11,666.05,666.11,59
1759331310,666.1,666.14,666.1,666.14,82
1759331315,666.13,666.15,666.1,666.1,96
1759331320,666.1,666.12,666.1,666.11,40
1759331325,666.12,666.16,666.11,666.15,87
1759331330,666.13,666.14,666.13,666.14,10
1759331335,666.14,666.15,666.11,666.12,80
1759331340,666.14,666.16,666.12,666.14,137
1759331345,666.14,666.14,666.08,666.1,141
1759331350,666.1,666.11,666.07,666.09,149
1759331355,666.06,666.09,666.06,666.09,71
1759331360,666.09,666.1,666.07,666.07,169
1759331365,666.07,666.07,666.04,666.06,71
1759331370,666.07,666.07,666.05,666.06,49
1759331375,666.06,666.12,666.05,666.11,185
1759331380,666.12,666.13,666.11,666.11,164
1759331385,666.12,666.12,666.08,666.09,73
1759331390,666.08,666.1,666.08,666.1,171
1759331395,666.1,666.13,666.1,666.12,250
1759331400,666.12,666.17,666.12,666.14,303
1759331405,666.13,666.14,666.12,666.13,112
1759331410,666.13,666.14,666.11,666.11,261
1759331415,666.11,666.13,666.11,666.11,121
1759331420,666.11,666.11,666.02,666.02,134
1759331425,666.03,666.04,665.99,666.0,220
1759331430,666.01,666.01,665.97,665.98,479
1759331435,665.98,665.99,665.98,665.99,70
1759331440,665.98,665.98,665.94,665.95,257
1759331445,665.97,665.97,665.94,665.95,1045
1759331450,665.95,665.97,665.9,665.94,1315
1759331455,665.94,665.94,665.91,665.92,192
1759331460,665.91,665.92,665.87,665.88,244
1759331465,665.88,665.94,665.88,665.93,279
1759331470,665.94,665.97,665.93,665.96,317
1759331475,665.94,665.96,665.91,665.93,225
1759331480,665.92,665.98,665.91,665.98,370
1759331485,665.98,666.03,665.98,666.0,191
1759331490,666.02,666.05,666.02,666.04,117
1759331495,666.05,666.06,666.02,666.04,147
1759331500,666.03,666.05,666.01,666.01,73
1759331505,666.02,666.03,665.99,666.0,83
1759331510,665.99,665.99,665.96,665.98,98
1759331515,665.99,665.99,665.97,665.97,112
1759331520,665.98,665.98,665.94,665.94,130
1759331525,665.94,665.94,665.87,665.87,174
1759331530,665.87,665.93,665.86,665.86,180
1759331535,665.86,665.87,665.81,665.83,140
1759331540,665.84,665.89,665.82,665.87,334
1759331545,665.86,665.87,665.85,665.87,145
1759331550,665.87,665.88,665.85,665.87,79
1759331555,665.87,665.87,665.8,665.8,173
1759331560,665.82,665.85,665.82,665.84,123
1759331565,665.82,665.83,665.8,665.81,154
1759331570,665.81,665.81,665.77,665.77,177
1759331575,665.78,665.82,665.77,665.81,90
1759331580,665.81,665.88,665.8,665.88,294
1759331585,665.88,665.9,665.87,665.88,138
1759331590,665.88,665.89,665.87,665.88,115
1759331595,665.89,665.92,665.85,665.91,156
1759331600,665.91,665.96,665.91,665.96,151
1759331605,665.96,666.0,665.95,665.99,160
1759331610,666.0,666.03,665.98,666.01,88
1759331615,666.02,666.03,666.0,666.01,114
1759331620,666.02,666.02,666.01,666.01,69
1759331625,666.02,666.03,666.0,666.03,110
1759331630,666.03,666.03,666.01,666.01,148
1759331635,666.02,666.06,666.02,666.04,266
1759331640,666.04,666.07,666.03,666.04,153
1759331645,666.05,666.05,666.03,666.04,98
1759331650,666.03,666.05,665.99,665.99,76
1759331655,665.99,666.0,665.98,665.99,162
1759331660,665.99,666.01,665.98,666.01,145
1759331665,666.01,666.03,666.0,666.03,155
1759331670,666.03,666.05,666.02,666.05,170
1759331675,666.03,666.07,666.03,666.05,695
1759331680,666.06,666.07,666.04,666.07,86
1759331685,666.07,666.11,666.05,666.11,1425
1759331690,666.11,666.12,666.08,666.12,115
1759331695,666.12,666.12,666.1,666.1,207
1759331700,666.12,666.15,666.11,666.14,206
1759331705,666.14,666.15,666.1,666.1,362
1759331710,666.12,666.12,666.08,666.09,97
1759331715,666.09,666.1,666.07,666.1,98
1759331720,666.1,666.13,666.09,666.12,111
1759331725,666.12,666.15,666.12,666.12,154
1759331730,666.13,666.13,666.12,666.12,26
1759331735,666.11,666.11,666.04,666.05,174
1759331740,666.06,666.09,666.03,666.05,71
1759331745,666.05,666.06,666.03,666.04,69
1759331750,666.04,666.04,666.01,666.01,60
1759331755,666.01,666.02,665.99,665.99,416
1759331760,665.99,666.02,665.96,666.01,180
1759331765,666.01,666.04,666.01,666.02,66
1759331770,666.01,666.03,665.99,665.99,56
1759331775,665.98,665.99,665.98,665.98,69
1759331780,665.99,666.01,665.99,666.01,25
1759331785,666.0,666.01,665.94,665.95,128
1759331790,665.95,665.97,665.94,665.94,131
1759331795,665.93,665.94,665.91,665.91,60
1759331800,665.92,665.93,665.89,665.89,64
1759331805,665.89,665.92,665.89,665.9,89
1759331810,665.88,665.89,665.85,665.86,987
1759331815,665.87,665.89,665.86,665.88,134
1759331820,665.89,665.95,665.87,665.88,257
1759331825,665.87,665.94,665.86,665.94,100
1759331830,665.94,665.94,665.89,665.89,65
1759331835,665.89,665.95,665.89,665.93,212
1759331840,665.93,665.96,665.92,665.96,177
1759331845,665.93,665.93,665.91,665.93,54
1759331850,665.91,665.94,665.91,665.92,34
1759331855,665.91,665.94,665.91,665.94,67
1759331860,665.93,665.95,665.92,665.95,109
1759331865,665.95,665.96,665.94,665.95,188
1759331870,665.94,665.97,665.92,665.97,100
1759331875,665.97,665.97,665.95,665.96,13
1759331880,665.96,666.01,665.96,665.99,1181
1759331885,665.99,666.01,665.96,665.97,238
1759331890,665.96,666.02,665.94,666.0,361
1759331895,666.0,666.02,666.0,666.0,74
1759331900,666.01,666.06,666.01,666.05,110
1759331905,666.05,666.06,666.01,666.01,97
1759331910,666.01,666.02,665.96,665.97,217
1759331915,665.97,665.98,665.94,665.95,111
1759331920,665.95,665.95,665.89,665.91,245
1759331925,665.91,665.92,665.89,665.91,98
1759331930,665.92,665.92,665.89,665.89,91
1759331935,665.89,665.9,665.87,665.89,203
1759331940,665.89,665.9,665.87,665.88,119
1759331945,665.89,665.92,665.89,665.91,143
1759331950,665.91,665.92,665.88,665.89,234
1759331955,665.88,665.91,665.87,665.9,183
1759331960,665.91,665.93,665.9,665.9,80
1759331965,665.9,665.92,665.89,665.89,36
1759331970,665.9,665.9,665.86,665.87,92
1759331975,665.87,665.87,665.84,665.84,120
1759331980,665.84,665.85,665.82,665.83,187
1759331985,665.82,665.83,665.8,665.81,246
1759331990,665.82,665.83,665.81,665.82,104
1759331995,665.82,665.84,665.82,665.84,74
1759332000,665.84,665.85,665.82,665.83,107
1759332005,665.82,665.85,665.8,665.84,254
1759332010,665.84,665.89,665.82,665.88,296
1759332015,665.89,665.89,665.78,665.78,476
1759332020,665.79,665.87,665.79,665.86,189
1759332025,665.83,665.93,665.82,665.93,244
1759332030,665.94,665.94,665.9,665.92,30
1759332035,665.89,665.89,665.87,665.89,109
1759332040,665.89,665.9,665.85,665.88,75
1759332045,665.88,665.94,665.88,665.91,422
1759332050,665.91,665.91,665.88,665.89,103
1759332055,665.9,665.92,665.88,665.92,154
1759332060,665.92,665.97,665.89,665.89,493
1759332065,665.88,665.96,665.88,665.96,148
1759332070,665.95,665.95,665.92,665.92,74
1759332075,665.92,665.93,665.91,665.92,138
1759332080,665.93,666.0,665.92,666.0,96
1759332085,666.0,666.02,666.0,666.0,116
1759332090,666.03,666.05,666.01,666.03,168
1759332095,666.03,666.03,666.0,666.01,120
1759332100,666.0,666.02,665.95,665.96,228
1759332105,665.96,665.98,665.95,665.98,69
1759332110,665.96,665.97,665.95,665.97,142
1759332115,665.99,666.02,665.97,666.02,63
1759332120,666.02,666.02,666.01,666.01,30
1759332125,666.0,666.0,665.98,665.98,174
1759332130,666.0,666.0,665.98,665.99,71
1759332135,665.99,666.0,665.98,665.98,118
1759332140,665.97,665.97,665.95,665.96,158
1759332145,665.95,665.96,665.94,665.94,155
1759332150,665.94,665.94,665.86,665.9,237
1759332155,665.91,665.98,665.91,665.98,515
1759332160,665.98,665.99,665.95,665.95,119
1759332165,665.95,665.96,665.94,665.95,94
1759332170,665.97,665.99,665.97,665.97,439
1759332175,665.95,665.96,665.93,665.96,210
1759332180,665.97,665.97,665.95,665.96,71
1759332185,665.96,665.99,665.94,665.98,333
1759332190,665.98,665.98,665.95,665.97,630
1759332195,665.96,665.97,665.94,665.96,119
1759332200,665.98,666.04,665.98,666.04,137
1759332205,666.04,666.05,665.99,666.05,312
1759332210,666.04,666.06,666.03,666.05,547
1759332215,666.06,666.06,666.03,666.06,107
1759332220,666.06,666.16,666.05,666.16,229
1759332225,666.16,666.19,666.15,666.19,334
1759332230,666.19,666.2,666.17,666.17,212
1759332235,666.16,666.17,666.12,666.12,371
1759332240,666.13,666.13,666.07,666.08,281
1759332245,666.08,666.09,666.06,666.09,74
1759332250,666.08,666.14,666.08,666.14,158
1759332255,666.13,666.15,666.13,666.15,29
1759332260,666.16,666.17,666.13,666.15,98
1759332265,666.15,666.15,666.13,666.13,33
1759332270,666.14,666.15,666.11,666.15,62
1759332275,666.15,666.15,666.12,666.13,164
1759332280,666.12,666.13,666.11,666.13,18
1759332285,666.12,666.14,666.11,666.13,47
1759332290,666.13,666.14,666.12,666.14,189
1759332295,666.14,666.17,666.14,666.17,165
1759332300,666.16,666.16,666.11,666.12,156
1759332305,666.13,666.14,666.11,666.13,54
1759332310,666.13,666.16,666.12,666.16,88
1759332315,666.15,666.17,666.14,666.17,57
1759332320,666.15,666.17,666.15,666.17,115
1759332325,666.16,666.17,666.13,666.13,45
1759332330,666.12,666.12,666.04,666.06,274
1759332335,666.07,666.07,666.05,666.06,247
1759332340,666.06,666.14,666.06,666.13,62
1759332345,666.13,666.19,666.13,666.19,89
1759332350,666.19,666.23,666.18,666.18,362
1759332355,666.21,666.23,666.2,666.23,35
1759332360,666.23,666.24,666.21,666.21,96
1759332365,666.22,666.22,666.15,666.17,143
1759332370,666.17,666.19,666.16,666.19,29
1759332375,666.19,666.22,666.18,666.21,35
1759332380,666.22,666.23,666.2,666.23,35
1759332385,666.24,666.3,666.23,666.27,374
1759332390,666.26,666.29,666.26,666.28,45
1759332395,666.29,666.3,666.24,666.24,70
1759332400,666.23,666.25,666.21,666.24,134
1759332405,666.24,666.24,666.22,666.22,143
1759332410,666.22,666.22,666.2,666.21,216
1759332415,666.22,666.25,666.22,666.25,83
1759332420,666.22,666.23,666.2,666.2,252
1759332425,666.2,666.2,666.18,666.19,146
1759332430,666.19,666.2,666.18,666.19,112
1759332435,666.19,666.2,666.17,666.18,143
1759332440,666.19,666.21,666.18,666.19,178
1759332445,666.19,666.19,666.18,666.18,87
1759332450,666.18,666.19,666.18,666.19,21
1759332455,666.2,666.2,666.18,666.19,38
1759332460,666.2,666.23,666.18,666.18,416
1759332465,666.19,666.2,666.18,666.2,70
1759332470,666.2,666.2,666.18,666.19,67
1759332475,666.18,666.25,666.18,666.23,244
1759332480,666.22,666.27,666.21,666.27,184
1759332485,666.27,666.28,666.25,666.28,72
1759332490,666.3,666.31,666.25,666.28,392
1759332495,666.28,666.3,666.26,666.3,97
1759332500,666.31,666.42,666.31,666.42,640
1759332505,666.41,666.42,666.39,666.41,160
1759332510,666.41,666.42,666.37,666.4,471
1759332515,666.41,666.41,666.39,666.41,107
1759332520,666.4,666.41,666.39,666.4,713
1759332525,666.4,666.43,666.4,666.41,325
1759332530,666.41,666.43,666.4,666.42,53
1759332535,666.41,666.42,666.4,666.41,80
1759332540,666.4,666.42,666.39,666.41,170
1759332545,666.4,666.41,666.37,666.38,315
1759332550,666.38,666.4,666.37,666.39,191
1759332555,666.4,666.43,666.38,666.43,93
1759332560,666.44,666.44,666.36,666.37,85
1759332565,666.36,666.37,666.29,666.29,359
1759332570,666.3,666.3,666.27,666.27,120
1759332575,666.26,666.31,666.26,666.3,203
1759332580,666.3,666.32,666.3,666.31,127
1759332585,666.31,666.31,666.28,666.28,199
1759332590,666.28,666.29,666.28,666.29,46
1759332595,666.29,666.33,666.29,666.31,212
1759332600,666.31,666.37,666.31,666.37,206
1759332605,666.38,666.39,666.35,666.38,119
1759332610,666.38,666.41,666.38,666.4,198
1759332615,666.4,666.4,666.37,666.37,45
1759332620,666.39,666.43,666.39,666.42,85
1759332625,666.42,666.42,666.35,666.36,142
1759332630,666.37,666.42,666.37,666.42,66
1759332635,666.42,666.42,666.39,666.39,64
1759332640,666.39,666.41,666.38,666.4,187
1759332645,666.41,666.46,666.4,666.44,153
1759332650,666.44,666.49,666.43,666.48,146
1759332655,666.47,666.49,666.47,666.49,358
1759332660,666.49,666.54,666.49,666.54,329
1759332665,666.54,666.58,666.52,666.58,285
1759332670,666.59,666.61,666.57,666.58,183
1759332675,666.57,666.59,666.56,666.58,128
1759332680,666.58,666.6,666.57,666.6,80
1759332685,666.58,666.59,666.53,666.57,329
1759332690,666.57,666.6,666.56,666.6,188
1759332695,666.61,666.67,666.61,666.65,213
1759332700,666.66,666.66,666.63,666.63,245
1759332705,666.63,666.67,666.62,666.66,181
1759332710,666.65,666.67,666.65,666.66,269
1759332715,666.65,666.68,666.65,666.68,181
1759332720,666.68,666.71,666.67,666.71,299
1759332725,666.71,666.71,666.66,666.66,457
1759332730,666.66,666.68,666.64,666.64,355
1759332735,666.64,666.64,666.6,666.62,479
1759332740,666.63,666.7,666.63,666.7,291
1759332745,666.69,666.71,666.67,666.68,207
1759332750,666.68,666.72,666.67,666.69,253
1759332755,666.69,666.69,666.66,666.66,114
1759332760,666.66,666.67,666.66,666.67,220
1759332765,666.66,666.67,666.63,666.65,188
1759332770,666.66,666.67,666.63,666.63,312
1759332775,666.64,666.66,666.63,666.66,206
1759332780,666.65,666.66,666.55,666.56,269
1759332785,666.56,666.58,666.55,666.56,479
1759332790,666.56,666.57,666.51,666.53,312
1759332795,666.53,666.54,666.51,666.51,229
1759332800,666.51,666.55,666.49,666.55,646
1759332805,666.54,666.56,666.54,666.54,199
1759332810,666.54,666.57,666.53,666.56,137
1759332815,666.55,666.62,666.54,666.62,189
1759332820,666.6,666.61,666.57,666.58,133
1759332825,666.58,666.59,666.56,666.59,264
1759332830,666.59,666.6,666.57,666.6,44
1759332835,666.61,666.61,666.57,666.58,143
1759332840,666.58,666.61,666.58,666.61,32
1759332845,666.6,666.63,666.59,666.62,86
1759332850,666.63,666.67,666.63,666.66,567
1759332855,666.65,666.66,666.62,666.63,114
1759332860,666.64,666.64,666.62,666.63,45
1759332865,666.63,666.63,666.57,666.58,198
1759332870,666.57,666.62,666.56,666.61,204
1759332875,666.61,666.64,666.61,666.63,115
1759332880,666.63,666.64,666.6,666.61,84
1759332885,666.61,666.63,666.58,666.58,92
1759332890,666.58,666.6,666.54,666.56,321
1759332895,666.57,666.58,666.56,666.58,91
1759332900,666.58,666.59,666.56,666.58,185
1759332905,666.57,666.57,666.52,666.55,519
1759332910,666.55,666.56,666.47,666.52,1115
1759332915,666.52,666.53,666.49,666.49,353
1759332920,666.5,666.51,666.49,666.49,253
1759332925,666.49,666.53,666.49,666.53,157
1759332930,666.54,666.6,666.53,666.59,761
1759332935,666.59,666.64,666.59,666.62,400
1759332940,666.62,666.64,666.6,666.61,189
1759332945,666.6,666.62,666.6,666.62,65
1759332950,666.61,666.61,666.58,666.6,206
1759332955,666.59,666.61,666.59,666.61,116
1759332960,666.61,666.66,666.6,666.64,229
1759332965,666.63,666.64,666.61,666.61,267
1759332970,666.61,666.67,666.59,666.67,186
1759332975,666.66,666.72,666.66,666.72,483
1759332980,666.71,666.75,666.71,666.73,168
1759332985,666.72,666.76,666.72,666.74,157
1759332990,666.74,666.76,666.72,666.73,456
1759332995,666.71,666.72,666.71,666.72,67
1759333000,666.72,666.75,666.72,666.74,85
1759333005,666.73,666.76,666.73,666.76,185
1759333010,666.75,666.8,666.75,666.78,398
1759333015,666.78,666.8,666.78,666.79,212
1759333020,666.79,666.8,666.78,666.79,197
1759333025,666.79,666.94,666.79,666.94,1133
1759333030,666.94,666.94,666.89,666.92,576
1759333035,666.92,666.93,666.92,666.92,110
1759333040,666.91,666.91,666.88,666.88,92
1759333045,666.87,666.9,666.86,666.9,545
1759333050,666.88,666.89,666.83,666.86,161
1759333055,666.86,666.88,666.86,666.88,77
1759333060,666.88,666.91,666.86,666.91,814
1759333065,666.9,666.92,666.89,666.89,65
1759333070,666.89,666.9,666.86,666.86,158
1759333075,666.88,666.89,666.88,666.88,194
1759333080,666.9,666.94,666.89,666.89,124
1759333085,666.88,666.92,666.88,666.9,75
1759333090,666.9,666.96,666.9,666.96,137
1759333095,666.97,666.98,666.94,666.94,164
1759333100,666.95,666.97,666.95,666.96,102
1759333105,666.97,666.98,666.94,666.96,170
1759333110,666.95,666.98,666.94,666.97,213
1759333115,666.96,666.97,666.93,666.97,84
1759333120,666.96,666.97,666.94,666.95,136
1759333125,666.95,666.95,666.9,666.9,617
1759333130,666.9,666.9,666.86,666.87,411
1759333135,666.88,666.9,666.88,666.88,178
1759333140,666.89,666.91,666.83,666.83,372
1759333145,666.82,666.84,666.82,666.84,151
1759333150,666.83,666.86,666.82,666.85,259
1759333155,666.84,666.85,666.83,666.84,123
1759333160,666.84,666.85,666.81,666.82,246
1759333165,666.82,666.82,666.76,666.79,337
1759333170,666.8,666.85,666.8,666.84,149
1759333175,666.84,666.88,666.84,666.86,171
1759333180,666.86,666.86,666.82,666.83,334
1759333185,666.83,666.85,666.83,666.85,95
1759333190,666.85,666.88,666.84,666.87,101
1759333195,666.87,666.88,666.85,666.87,151
1759333200,666.87,666.9,666.86,666.87,316
1759333205,666.87,666.91,666.85,666.91,159
1759333210,666.91,666.93,666.91,666.92,273
1759333215,666.93,666.94,666.91,666.92,78
1759333220,666.93,666.95,666.89,666.9,324
1759333225,666.89,666.89,666.85,666.88,235
1759333230,666.88,666.89,666.84,666.85,458
1759333235,666.86,666.89,666.84,666.84,127
1759333240,666.83,666.83,666.81,666.82,75
1759333245,666.82,666.82,666.79,666.79,214
1759333250,666.79,666.8,666.78,666.79,136
1759333255,666.8,666.81,666.78,666.8,255
1759333260,666.81,666.83,666.77,666.83,300
1759333265,666.81,666.81,666.75,666.75,323
1759333270,666.75,666.77,666.75,666.77,324
1759333275,666.77,666.81,666.76,666.79,493
1759333280,666.79,666.83,666.76,666.83,177
1759333285,666.84,666.86,666.83,666.83,173
1759333290,666.81,666.83,666.79,666.83,748
1759333295,666.84,666.86,666.84,666.86,58
1759333300,666.86,666.89,666.86,666.88,102
1759333305,666.87,666.87,666.85,666.85,69
1759333310,666.84,666.86,666.84,666.86,90
1759333315,666.85,666.85,666.82,666.82,95
1759333320,666.82,666.82,666.8,666.81,99
1759333325,666.81,666.83,666.81,666.83,89
1759333330,666.84,666.84,666.82,666.83,80
1759333335,666.83,666.85,666.82,666.85,298
1759333340,666.85,666.88,666.84,666.84,367
1759333345,666.84,666.88,666.84,666.88,161
1759333350,666.89,666.9,666.88,666.88,40
1759333355,666.9,666.91,666.88,666.88,335
1759333360,666.88,666.91,666.87,666.91,84
1759333365,666.91,666.92,666.9,666.91,71
1759333370,666.9,666.9,666.88,666.89,106
1759333375,666.91,666.93,666.9,666.93,87
1759333380,666.94,667.0,666.93,666.99,526
1759333385,667.0,667.01,666.97,666.99,308
1759333390,666.99,667.0,666.96,666.97,185
1759333395,666.97,666.99,666.96,666.98,218
1759333400,666.98,667.0,666.95,666.95,165
1759333405,666.95,666.97,666.92,666.92,89
1759333410,666.91,666.93,666.9,666.93,89
1759333415,666.92,666.94,666.92,666.93,22
1759333420,666.94,666.95,666.93,666.94,62
1759333425,666.93,666.93,666.91,666.92,82
1759333430,666.92,666.92,666.9,666.92,144
1759333435,666.92,666.94,666.92,666.94,69
1759333440,666.94,666.95,666.92,666.94,247
1759333445,666.92,666.94,666.91,666.93,151
1759333450,666.92,666.92,666.91,666.91,116
1759333455,666.91,666.92,666.88,666.91,392
1759333460,666.9,666.9,666.87,666.87,114
1759333465,666.87,666.89,666.86,666.88,59
1759333470,666.89,666.9,666.88,666.89,74
1759333475,666.9,666.91,666.89,666.91,65
1759333480,666.91,666.98,666.91,666.97,221
1759333485,666.97,666.99,666.96,666.99,141
1759333490,666.98,666.99,666.95,666.95,179
1759333495,666.94,666.94,666.93,666.94,88
1759333500,666.95,666.96,666.94,666.94,176
1759333505,666.94,666.95,666.92,666.94,192
1759333510,666.93,666.98,666.92,666.97,133
1759333515,666.96,666.97,666.96,666.97,90
1759333520,666.96,666.99,666.95,666.98,95
1759333525,666.97,667.16,666.96,667.12,1818
1759333530,667.13,667.14,667.07,667.07,246
1759333535,667.08,667.09,667.07,667.08,115
1759333540,667.09,667.11,667.08,667.11,24
1759333545,667.13,667.17,667.12,667.13,353
1759333550,667.12,667.12,667.08,667.08,205
1759333555,667.1,667.11,667.08,667.08,237
1759333560,667.09,667.12,667.09,667.12,270
1759333565,667.12,667.12,667.05,667.06,313
1759333570,667.07,667.1,667.07,667.1,79
1759333575,667.1,667.1,667.04,667.05,139
1759333580,667.05,667.1,667.05,667.1,105
1759333585,667.11,667.13,667.1,667.13,162
1759333590,667.13,667.14,667.12,667.14,102
1759333595,667.12,667.13,667.11,667.12,88
1759333600,667.12,667.14,667.12,667.13,72
1759333605,667.14,667.16,667.11,667.11,205
1759333610,667.1,667.1,667.08,667.08,45
1759333615,667.1,667.13,667.1,667.12,47
1759333620,667.12,667.13,667.11,667.12,89
1759333625,667.12,667.12,667.06,667.07,164
1759333630,667.07,667.1,667.06,667.09,104
1759333635,667.08,667.09,667.06,667.08,105
1759333640,667.09,667.1,667.05,667.06,56
1759333645,667.07,667.08,667.05,667.06,156
1759333650,667.06,667.09,667.05,667.09,225
1759333655,667.08,667.08,667.03,667.06,214
1759333660,667.06,667.11,667.05,667.08,224
1759333665,667.09,667.11,667.08,667.1,91
1759333670,667.11,667.13,667.1,667.11,82
1759333675,667.11,667.12,667.1,667.11,51
1759333680,667.11,667.13,667.09,667.11,311
1759333685,667.12,667.18,667.12,667.16,298
1759333690,667.16,667.16,667.14,667.16,149
1759333695,667.17,667.17,667.15,667.17,105
1759333700,667.16,667.17,667.08,667.1,380
1759333705,667.12,667.13,667.11,667.12,111
1759333710,667.12,667.14,667.05,667.06,724
1759333715,667.07,667.09,667.07,667.09,43
1759333720,667.08,667.11,667.06,667.06,200
1759333725,667.09,667.11,667.01,667.01,740
1759333730,667.05,667.05,667.01,667.02,123
1759333735,667.02,667.05,667.02,667.05,88
1759333740,667.05,667.05,667.04,667.05,47
1759333745,667.05,667.09,667.05,667.06,323
1759333750,667.05,667.09,667.03,667.04,117
1759333755,667.03,667.06,667.02,667.05,207
1759333760,667.05,667.05,667.0,667.01,237
1759333765,667.0,667.02,666.99,666.99,268
1759333770,666.99,666.99,666.89,666.91,394
1759333775,666.91,666.97,666.9,666.97,212
1759333780,666.95,666.98,666.94,666.98,335
1759333785,666.98,667.0,666.97,666.98,68
1759333790,666.98,667.01,666.97,667.0,76
1759333795,667.01,667.02,667.01,667.02,19
1759333800,667.01,667.06,667.0,667.03,146
1759333805,667.04,667.05,666.99,667.0,127
1759333810,667.01,667.05,667.0,667.01,97
1759333815,667.01,667.04,667.0,667.03,48
1759333820,667.04,667.08,667.04,667.06,144
1759333825,667.07,667.08,667.06,667.08,58
1759333830,667.07,667.1,667.06,667.09,138
1759333835,667.09,667.1,667.06,667.08,189
1759333840,667.07,667.09,667.07,667.09,91
1759333845,667.09,667.1,667.08,667.08,88
1759333850,667.09,667.1,667.08,667.09,138
1759333855,667.09,667.11,667.08,667.08,117
1759333860,667.09,667.1,667.08,667.1,282
1759333865,667.09,667.11,667.08,667.11,67
1759333870,667.12,667.12,667.03,667.04,730
1759333875,667.04,667.09,667.03,667.08,459
1759333880,667.08,667.1,667.08,667.09,36
1759333885,667.09,667.1,667.07,667.07,127
1759333890,667.08,667.11,667.08,667.09,132
1759333895,667.09,667.1,667.06,667.08,214
1759333900,667.1,667.11,667.1,667.1,523
1759333905,667.11,667.11,667.1,667.1,264
1759333910,667.1,667.11,667.1,667.1,236
1759333915,667.1,667.11,667.09,667.11,227
1759333920,667.1,667.12,667.1,667.11,798
1759333925,667.1,667.12,667.09,667.11,186
1759333930,667.1,667.11,667.09,667.09,277
1759333935,667.08,667.11,667.07,667.1,64
1759333940,667.1,667.12,667.09,667.1,57
1759333945,667.1,667.11,667.08,667.11,38
1759333950,667.11,667.11,667.1,667.11,258
1759333955,667.11,667.11,667.1,667.11,123
1759333960,667.1,667.12,667.09,667.09,119
1759333965,667.09,667.11,667.09,667.1,200
1759333970,667.1,667.11,667.06,667.09,207
1759333975,667.09,667.09,667.07,667.07,55
1759333980,667.07,667.08,667.06,667.08,226
1759333985,667.07,667.09,667.06,667.08,62
1759333990,667.08,667.09,667.01,667.01,257
1759333995,667.02,667.04,666.99,667.03,182
1759334000,667.04,667.06,667.04,667.04,132
1759334005,667.04,667.05,667.03,667.04,97
1759334010,667.05,667.06,667.03,667.05,135
1759334015,667.04,667.06,667.02,667.05,354
1759334020,667.06,667.06,667.02,667.02,412
1759334025,667.03,667.03,667.01,667.02,99
1759334030,667.02,667.02,667.01,667.01,37
1759334035,667.0,667.03,667.0,667.03,206
1759334040,667.04,667.04,666.99,666.99,254
1759334045,666.99,667.0,666.98,667.0,217
1759334050,666.99,667.03,666.99,667.02,527
1759334055,667.02,667.04,667.02,667.02,203
1759334060,667.02,667.05,667.02,667.05,168
1759334065,667.04,667.05,667.03,667.05,119
1759334070,667.05,667.05,667.02,667.04,105
1759334075,667.05,667.05,667.02,667.04,142
1759334080,667.05,667.05,667.01,667.01,45
1759334085,667.01,667.06,667.01,667.05,143
1759334090,667.05,667.06,667.04,667.06,194
1759334095,667.06,667.06,667.03,667.03,578
1759334100,667.03,667.04,667.0,667.02,305
1759334105,667.02,667.06,667.02,667.06,105
1759334110,667.06,667.06,667.01,667.01,180
1759334115,667.02,667.05,667.01,667.05,197
1759334120,667.05,667.08,667.05,667.07,598
1759334125,667.08,667.08,667.04,667.04,98
1759334130,667.04,667.09,667.04,667.09,364
1759334135,667.09,667.12,667.09,667.11,175
1759334140,667.11,667.12,667.1,667.11,108
1759334145,667.11,667.12,667.06,667.11,793
1759334150,667.1,667.12,667.1,667.11,82
1759334155,667.11,667.12,667.07,667.08,406
1759334160,667.08,667.11,667.08,667.1,143
1759334165,667.09,667.11,667.08,667.1,113
1759334170,667.1,667.11,667.07,667.07,239
1759334175,667.08,667.08,667.07,667.08,42
1759334180,667.07,667.12,667.05,667.1,177
1759334185,667.1,667.11,667.09,667.09,159
1759334190,667.11,667.11,667.09,667.09,124
1759334195,667.09,667.1,667.09,667.1,81
1759334200,667.09,667.1,667.09,667.1,16
1759334205,667.1,667.1,667.04,667.06,184
1759334210,667.08,667.09,667.07,667.08,118
1759334215,667.07,667.08,667.06,667.08,67
1759334220,667.07,667.08,667.07,667.07,67
1759334225,667.08,667.09,667.06,667.07,188
1759334230,667.07,667.07,667.05,667.06,96
1759334235,667.07,667.08,667.06,667.06,60
1759334240,667.07,667.09,667.07,667.09,63
1759334245,667.1,667.11,667.09,667.1,83
1759334250,667.1,667.1,667.08,667.08,95
1759334255,667.08,667.08,667.05,667.05,72
1759334260,667.05,667.06,667.03,667.06,107
1759334265,667.06,667.06,667.04,667.04,157
1759334270,667.05,667.06,667.04,667.04,72
1759334275,667.05,667.07,667.04,667.07,208
1759334280,667.08,667.08,667.05,667.06,62
1759334285,667.05,667.06,667.05,667.06,112
1759334290,667.07,667.07,667.05,667.07,130
1759334295,667.08,667.11,667.07,667.08,392
1759334300,667.09,667.1,667.09,667.1,210
1759334305,667.1,667.1,667.07,667.08,200
1759334310,667.07,667.08,667.05,667.06,51
1759334315,667.05,667.06,667.0,667.0,1467
1759334320,667.01,667.02,667.0,667.01,216
1759334325,667.0,667.04,666.99,667.02,264
1759334330,667.03,667.04,667.01,667.01,92
1759334335,667.01,667.02,667.0,667.02,131
1759334340,667.01,667.02,666.99,667.0,77
1759334345,667.01,667.04,667.01,667.04,161
1759334350,667.05,667.06,667.03,667.04,129
1759334355,667.05,667.07,667.03,667.03,127
1759334360,667.04,667.05,667.03,667.04,99
1759334365,667.03,667.04,667.01,667.01,95
1759334370,667.01,667.02,666.99,667.01,80
1759334375,667.01,667.01,666.98,666.98,100
1759334380,666.98,667.0,666.97,666.98,107
1759334385,666.99,667.01,666.98,666.99,81
1759334390,667.0,667.02,666.99,666.99,121
1759334395,666.98,666.98,666.97,666.98,60
1759334400,666.99,667.06,666.99,667.05,279
1759334405,667.06,667.06,667.04,667.04,71
1759334410,667.05,667.07,667.04,667.07,172
1759334415,667.07,667.08,667.06,667.07,51
1759334420,667.08,667.08,667.04,667.07,128
1759334425,667.07,667.07,667.04,667.05,104
1759334430,667.05,667.08,667.04,667.08,90
1759334435,667.08,667.14,667.07,667.11,515
1759334440,667.11,667.16,667.11,667.13,299
1759334445,667.13,667.14,667.13,667.13,42
1759334450,667.13,667.13,667.09,667.1,124
1759334455,667.11,667.11,667.09,667.1,43
1759334460,667.11,667.13,667.11,667.12,76
1759334465,667.13,667.13,667.07,667.13,209
1759334470,667.13,667.14,667.1,667.1,165
1759334475,667.1,667.1,667.09,667.1,92
1759334480,667.1,667.1,667.09,667.1,276
1759334485,667.1,667.12,667.1,667.11,58
1759334490,667.1,667.1,667.09,667.1,18
1759334495,667.09,667.1,667.08,667.1,113
1759334500,667.1,667.16,667.1,667.14,178
1759334505,667.15,667.15,667.09,667.09,185
1759334510,667.09,667.11,667.08,667.08,132
1759334515,667.08,667.08,667.06,667.08,75
1759334520,667.07,667.08,667.07,667.08,16
1759334525,667.08,667.1,667.07,667.1,105
1759334530,667.1,667.11,667.09,667.11,145
1759334535,667.11,667.11,667.05,667.05,342
1759334540,667.04,667.05,667.02,667.03,170
1759334545,667.04,667.05,667.03,667.03,64
1759334550,667.03,667.06,667.02,667.04,118
1759334555,667.04,667.08,667.04,667.05,179
1759334560,667.05,667.09,667.03,667.09,118
1759334565,667.08,667.1,667.07,667.09,110
1759334570,667.08,667.11,667.08,667.1,70
1759334575,667.1,667.12,667.1,667.11,104
1759334580,667.12,667.12,667.09,667.1,139
1759334585,667.1,667.11,667.09,667.1,93
1759334590,667.11,667.16,667.11,667.11,182
1759334595,667.11,667.14,667.11,667.13,44
1759334600,667.13,667.14,667.13,667.13,127
1759334605,667.13,667.14,667.07,667.08,614
1759334610,667.09,667.09,667.08,667.08,65
1759334615,667.08,667.08,667.06,667.08,92
1759334620,667.09,667.09,667.05,667.07,163
1759334625,667.06,667.06,666.98,666.99,640
1759334630,666.99,667.02,666.98,666.99,293
1759334635,666.99,667.0,666.91,666.91,515
1759334640,666.91,666.93,666.9,666.92,316
1759334645,666.93,666.93,666.88,666.9,635
1759334650,666.91,666.97,666.91,666.96,223
1759334655,666.95,666.95,666.91,666.92,229
1759334660,666.92,666.92,666.9,666.91,200
1759334665,666.9,666.9,666.87,666.89,77
1759334670,666.9,666.9,666.88,666.9,62
1759334675,666.91,666.91,666.84,666.86,206
1759334680,666.86,666.87,666.84,666.84,189
1759334685,666.84,666.84,666.81,666.83,294
1759334690,666.84,666.85,666.83,666.83,137
1759334695,666.84,666.84,666.83,666.84,78
1759334700,666.84,666.85,666.82,666.83,235
1759334705,666.82,666.84,666.82,666.84,111
1759334710,666.85,666.92,666.85,666.91,451
1759334715,666.92,666.92,666.87,666.88,166
1759334720,666.88,666.92,666.88,666.9,120
1759334725,666.9,666.91,666.89,666.91,90
1759334730,666.9,666.92,666.89,666.9,155
1759334735,666.9,666.9,666.89,666.89,19
1759334740,666.9,666.98,666.9,666.97,111
1759334745,666.97,667.01,666.97,667.01,157
1759334750,667.0,667.01,666.99,667.01,66
1759334755,667.02,667.05,667.02,667.05,481
1759334760,667.05,667.07,667.04,667.05,112
1759334765,667.04,667.04,666.99,667.0,129
1759334770,667.01,667.01,667.0,667.01,117
1759334775,667.03,667.05,667.02,667.03,179
1759334780,667.03,667.04,667.01,667.04,76
1759334785,667.02,667.03,667.02,667.03,79
1759334790,667.02,667.03,666.99,667.01,349
1759334795,667.01,667.03,667.01,667.01,32
1759334800,667.03,667.03,667.01,667.01,20
1759334805,667.03,667.03,667.01,667.02,65
1759334810,667.02,667.03,667.02,667.03,52
1759334815,667.03,667.03,667.02,667.03,58
1759334820,667.03,667.04,667.03,667.04,115
1759334825,667.05,667.05,667.03,667.03,108
1759334830,667.04,667.05,667.04,667.05,35
1759334835,667.04,667.05,667.01,667.01,132
1759334840,667.03,667.04,667.03,667.04,53
1759334845,667.05,667.05,667.04,667.04,144
1759334850,667.05,667.06,667.03,667.06,35
1759334855,667.06,667.07,667.05,667.06,183
1759334860,667.07,667.07,667.0,667.01,218
1759334865,667.01,667.02,667.0,667.01,206
1759334870,667.01,667.01,666.98,666.99,225
1759334875,666.98,667.02,666.97,666.99,166
1759334880,667.0,667.0,666.99,667.0,64
1759334885,667.01,667.01,667.0,667.01,64
1759334890,667.0,667.02,666.99,667.02,47
1759334895,667.03,667.05,667.02,667.05,39
1759334900,667.05,667.05,667.04,667.05,19
1759334905,667.05,667.05,667.02,667.02,22
1759334910,667.02,667.04,667.02,667.04,62
1759334915,667.03,667.06,667.03,667.04,94
1759334920,667.05,667.05,667.04,667.05,12
1759334925,667.05,667.06,667.03,667.05,62
1759334930,667.06,667.06,667.04,667.05,32
1759334935,667.05,667.06,667.03,667.04,60
1759334940,667.04,667.05,667.0,667.0,101
1759334945,666.99,667.01,666.97,667.01,133
1759334950,667.0,667.05,667.0,667.03,100
1759334955,667.03,667.05,667.03,667.04,157
1759334960,667.03,667.04,667.02,667.02,63
1759334965,667.01,667.03,667.01,667.02,60
1759334970,667.02,667.04,667.01,667.04,82
1759334975,667.05,667.05,667.04,667.05,76
1759334980,667.04,667.06,667.04,667.05,72
1759334985,667.05,667.06,667.02,667.03,80
1759334990,667.03,667.06,667.03,667.05,43
1759334995,667.06,667.06,667.04,667.04,44
1759335000,667.05,667.06,667.04,667.05,98
1759335005,667.06,667.08,667.05,667.07,181
1759335010,667.06,667.07,667.04,667.05,115
1759335015,667.05,667.05,667.04,667.05,66
1759335020,667.05,667.07,667.05,667.05,82
1759335025,667.04,667.06,667.04,667.05,82
1759335030,667.05,667.05,667.03,667.05,89
1759335035,667.04,667.06,667.03,667.06,149
1759335040,667.06,667.06,666.98,667.0,316
1759335045,667.0,667.01,666.99,667.0,84
1759335050,667.0,667.06,667.0,667.06,67
1759335055,667.05,667.06,667.04,667.06,104
1759335060,667.06,667.07,667.05,667.06,70
1759335065,667.07,667.08,667.06,667.07,177
1759335070,667.07,667.07,667.05,667.05,34
1759335075,667.06,667.07,667.06,667.06,95
1759335080,667.07,667.09,667.06,667.07,212
1759335085,667.07,667.09,667.06,667.09,33
1759335090,667.09,667.12,667.08,667.12,75
1759335095,667.12,667.13,667.12,667.12,15
1759335100,667.12,667.16,667.12,667.16,149
1759335105,667.16,667.16,667.13,667.13,301
1759335110,667.13,667.14,667.09,667.09,341
1759335115,667.1,667.1,667.08,667.09,125
1759335120,667.09,667.09,667.07,667.08,59
1759335125,667.08,667.09,667.08,667.08,60
1759335130,667.09,667.09,667.08,667.08,6
1759335135,667.08,667.08,667.02,667.02,299
1759335140,667.03,667.03,667.02,667.03,26
1759335145,667.04,667.05,667.02,667.02,14
1759335150,667.0,667.01,666.98,666.99,43
1759335155,666.99,667.03,666.98,667.03,66
1759335160,667.02,667.04,667.02,667.03,52
1759335165,667.04,667.04,667.01,667.03,151
1759335170,667.04,667.04,667.01,667.03,114
1759335175,667.04,667.04,667.03,667.03,142
1759335180,667.04,667.04,667.02,667.04,110
1759335185,667.04,667.04,667.02,667.03,76
1759335190,667.04,667.05,666.98,667.0,443
1759335195,667.01,667.03,667.0,667.01,141
1759335200,667.0,667.01,666.99,667.0,57
1759335205,667.01,667.03,667.01,667.02,56
1759335210,667.02,667.02,667.0,667.0,89
1759335215,667.0,667.03,666.98,667.03,148
1759335220,667.04,667.05,667.03,667.05,97
1759335225,667.06,667.07,667.05,667.07,216
1759335230,667.06,667.07,667.04,667.06,135
1759335235,667.06,667.07,667.06,667.07,22
1759335240,667.07,667.07,667.05,667.06,223
1759335245,667.05,667.05,667.04,667.05,57
1759335250,667.05,667.05,667.03,667.03,49
1759335255,667.03,667.04,667.03,667.03,21
1759335260,667.03,667.05,667.02,667.05,293
1759335265,667.03,667.04,667.03,667.04,21
1759335270,667.03,667.03,667.01,667.01,92
1759335275,667.03,667.03,667.01,667.01,92
1759335280,667.01,667.04,667.01,667.03,64
1759335285,667.03,667.03,666.97,666.97,171
1759335290,666.97,666.98,666.96,666.98,87
1759335295,666.99,666.99,666.97,666.98,72
1759335300,666.99,667.0,666.99,667.0,99
1759335305,666.99,667.0,666.98,666.99,92
1759335310,666.98,666.99,666.98,666.99,558
1759335315,666.98,667.0,666.98,666.99,133
1759335320,666.98,667.01,666.98,667.01,109
1759335325,667.0,667.01,666.98,666.98,108
1759335330,666.98,666.99,666.98,666.99,21
1759335335,666.99,667.01,666.99,667.0,240
1759335340,667.0,667.01,666.98,666.99,91
1759335345,666.99,667.0,666.97,667.0,226
1759335350,667.01,667.03,667.0,667.0,150
1759335355,667.0,667.01,666.99,666.99,131
1759335360,666.99,666.99,666.99,666.99,25
1759335365,666.99,667.02,666.98,667.01,211
1759335370,667.01,667.02,667.01,667.01,70
1759335375,667.01,667.03,667.01,667.02,64
1759335380,667.01,667.04,667.01,667.04,197
1759335385,667.04,667.04,667.03,667.03,77
1759335390,667.04,667.05,667.03,667.05,64
1759335395,667.05,667.06,667.02,667.02,96
1759335400,667.01,667.04,667.01,667.04,84
1759335405,667.05,667.08,667.04,667.06,207
1759335410,667.07,667.08,667.06,667.07,122
1759335415,667.08,667.09,667.06,667.07,248
1759335420,667.07,667.12,667.06,667.12,622
1759335425,667.11,667.12,667.09,667.11,204
1759335430,667.1,667.12,667.09,667.11,90
1759335435,667.1,667.11,667.09,667.11,97
1759335440,667.11,667.13,667.1,667.13,140
1759335445,667.13,667.13,667.11,667.12,98
1759335450,667.12,667.12,667.05,667.06,216
1759335455,667.06,667.08,667.05,667.05,85
1759335460,667.05,667.05,667.01,667.01,169
1759335465,667.0,667.04,667.0,667.03,96
1759335470,667.03,667.07,667.03,667.07,170
1759335475,667.06,667.08,667.06,667.06,63
1759335480,667.07,667.07,667.05,667.05,83
1759335485,667.05,667.06,667.04,667.05,77
1759335490,667.04,667.06,667.04,667.06,68
1759335495,667.06,667.07,667.05,667.06,53
1759335500,667.05,667.06,667.05,667.06,41
1759335505,667.06,667.08,667.06,667.07,140
1759335510,667.07,667.08,667.07,667.07,90
1759335515,667.07,667.08,667.06,667.07,42
1759335520,667.07,667.07,667.04,667.06,196
1759335525,667.05,667.06,667.05,667.06,25
1759335530,667.07,667.08,667.06,667.07,58
1759335535,667.07,667.07,667.05,667.05,90
1759335540,667.05,667.05,666.93,666.93,224
1759335545,666.94,666.95,666.89,666.9,403
1759335550,666.91,666.91,666.89,666.9,57
1759335555,666.89,666.89,666.86,666.86,543
1759335560,666.86,666.87,666.85,666.87,313
1759335565,666.86,666.87,666.84,666.85,108
1759335570,666.86,666.87,666.85,666.86,125
1759335575,666.86,666.86,666.81,666.81,296
1759335580,666.81,666.82,666.8,666.81,104
1759335585,666.8,666.82,666.79,666.82,174
1759335590,666.81,666.82,666.79,666.79,155
1759335595,666.79,666.8,666.79,666.8,40
1759335600,666.8,666.84,666.79,666.82,245
1759335605,666.82,666.83,666.78,666.79,101
1759335610,666.8,666.8,666.71,666.71,470
1759335615,666.71,666.72,666.69,666.7,155
1759335620,666.68,666.7,666.67,666.68,258
1759335625,666.69,666.73,666.69,666.73,148
1759335630,666.72,666.76,666.71,666.74,248
1759335635,666.74,666.75,666.73,666.73,84
1759335640,666.73,666.75,666.72,666.72,202
1759335645,666.72,666.73,666.71,666.72,88
1759335650,666.72,666.73,666.71,666.73,79
1759335655,666.72,666.74,666.72,666.74,94
1759335660,666.74,666.74,666.68,666.71,124
1759335665,666.72,666.74,666.72,666.73,75
1759335670,666.73,666.73,666.7,666.7,83
1759335675,666.72,666.74,666.71,666.74,238
1759335680,666.75,666.81,666.74,666.75,106
1759335685,666.77,666.8,666.77,666.8,106
1759335690,666.79,666.8,666.7,666.7,343
1759335695,666.7,666.71,666.69,666.71,44
1759335700,666.72,666.72,666.7,666.7,37
1759335705,666.7,666.71,666.69,666.71,56
1759335710,666.7,666.72,666.7,666.71,98
1759335715,666.7,666.71,666.69,666.71,53
1759335720,666.72,666.73,666.67,666.7,205
1759335725,666.7,666.7,666.66,666.67,73
1759335730,666.67,666.69,666.67,666.69,126
1759335735,666.69,666.7,666.65,666.7,174
1759335740,666.69,666.72,666.69,666.69,96
1759335745,666.68,666.69,666.67,666.69,147
1759335750,666.68,666.68,666.64,666.65,298
1759335755,666.65,666.68,666.64,666.68,240
1759335760,666.68,666.7,666.65,666.65,155
1759335765,666.65,666.68,666.65,666.67,47
1759335770,666.67,666.68,666.66,666.67,48
1759335775,666.67,666.69,666.67,666.69,123
1759335780,666.72,666.74,666.72,666.73,176
1759335785,666.73,666.74,666.73,666.74,28
1759335790,666.74,666.74,666.7,666.7,22
1759335795,666.7,666.71,666.67,666.67,55
1759335800,666.68,666.69,666.67,666.68,26
1759335805,666.69,666.69,666.67,666.69,87
1759335810,666.69,666.69,666.66,666.67,193
1759335815,666.68,666.69,666.65,666.66,80
1759335820,666.67,666.68,666.66,666.66,43
1759335825,666.64,666.65,666.63,666.63,135
1759335830,666.64,666.67,666.64,666.66,169
1759335835,666.66,666.67,666.62,666.66,223
1759335840,666.67,666.67,666.64,666.64,163
1759335845,666.63,666.65,666.63,666.64,57
1759335850,666.64,666.66,666.64,666.65,139
1759335855,666.64,666.64,666.63,666.63,165
1759335860,666.63,666.65,666.61,666.65,197
1759335865,666.64,666.65,666.63,666.65,75
1759335870,666.65,666.68,666.64,666.67,235
1759335875,666.68,666.71,666.67,666.7,303
1759335880,666.69,666.72,666.68,666.72,88
1759335885,666.71,666.72,666.7,666.7,187
1759335890,666.71,666.72,666.71,666.71,159
1759335895,666.7,666.72,666.69,666.71,38
1759335900,666.72,666.73,666.71,666.72,140
1759335905,666.72,666.72,666.68,666.7,231
1759335910,666.7,666.73,666.7,666.73,45
1759335915,666.73,666.76,666.73,666.76,35
1759335920,666.75,666.76,666.74,666.75,50
1759335925,666.76,666.79,666.75,666.76,274
1759335930,666.76,666.87,666.76,666.87,183
1759335935,666.87,666.88,666.85,666.87,263
1759335940,666.88,666.93,666.87,666.93,245
1759335945,666.93,666.94,666.92,666.94,307
1759335950,666.94,666.96,666.93,666.95,160
1759335955,666.95,666.95,666.95,666.95,5
1759335960,666.95,666.98,666.95,666.96,172
1759335965,666.96,666.97,666.95,666.96,80
1759335970,666.96,666.96,666.94,666.96,97
1759335975,666.96,666.97,666.94,666.96,68
1759335980,666.96,666.96,666.92,666.92,81
1759335985,666.92,666.92,666.88,666.88,78
1759335990,666.89,666.93,666.88,666.92,318
1759335995,666.91,666.91,666.91,666.91,12
1759336000,666.91,666.92,666.9,666.92,30
1759336005,666.92,666.94,666.92,666.93,25
1759336010,666.93,666.93,666.91,666.92,47
1759336015,666.92,666.93,666.91,666.93,34
1759336020,666.93,666.93,666.93,666.93,19
1759336025,666.94,666.94,666.89,666.89,84
1759336030,666.88,666.89,666.85,666.86,106
1759336035,666.86,666.87,666.86,666.87,120
1759336040,666.87,666.88,666.87,666.88,38
1759336045,666.86,666.87,666.85,666.86,107
1759336050,666.86,666.87,666.86,666.87,13
1759336055,666.89,666.89,666.86,666.87,195
1759336060,666.87,666.88,666.86,666.86,60
1759336065,666.86,666.86,666.85,666.86,12
1759336070,666.88,666.89,666.87,666.89,78
1759336075,666.89,666.92,666.89,666.91,119
1759336080,666.92,666.92,666.91,666.92,86
1759336085,666.92,666.92,666.91,666.91,46
1759336090,666.91,666.91,666.91,666.91,12
1759336095,666.9,666.91,666.89,666.91,64
1759336100,666.88,666.89,666.84,666.84,71
1759336105,666.84,666.86,666.84,666.85,67
1759336110,666.84,666.87,666.84,666.87,38
1759336115,666.88,666.89,666.86,666.86,26
1759336120,666.86,666.86,666.85,666.85,29
1759336125,666.84,666.86,666.84,666.85,156
1759336130,666.86,666.87,666.85,666.87,113
1759336135,666.88,666.9,666.88,666.9,74
1759336140,666.89,666.9,666.89,666.9,55
1759336145,666.89,666.92,666.89,666.92,289
1759336150,666.92,666.92,666.92,666.92,28
1759336155,666.92,666.93,666.92,666.92,79
1759336160,666.92,666.93,666.89,666.89,42
1759336165,666.9,666.91,666.9,666.9,28
1759336170,666.91,666.91,666.9,666.91,110
1759336175,666.91,666.93,666.91,666.92,64
1759336180,666.92,666.93,666.91,666.92,94
1759336185,666.92,666.94,666.9,666.91,58
1759336190,666.92,666.93,666.91,666.92,52
1759336195,666.92,666.93,666.89,666.9,132
1759336200,666.9,666.9,666.9,666.9,27
1759336205,666.92,666.93,666.92,666.93,48
1759336210,666.93,666.94,666.93,666.94,120
1759336215,666.94,666.97,666.94,666.96,163
1759336220,666.97,666.97,666.93,666.96,78
1759336225,666.97,666.98,666.96,666.98,36
1759336230,666.98,667.02,666.98,666.99,368
1759336235,666.99,667.0,666.98,667.0,117
1759336240,667.0,667.01,666.99,666.99,49
1759336245,666.99,667.0,666.96,666.99,203
1759336250,666.98,666.98,666.97,666.98,17
1759336255,666.98,666.99,666.97,666.98,108
1759336260,666.97,666.99,666.96,666.97,106
1759336265,666.97,667.0,666.97,666.99,138
1759336270,666.99,667.02,666.99,667.02,461
1759336275,667.02,667.02,667.01,667.01,54
1759336280,667.01,667.03,667.01,667.01,90
1759336285,667.01,667.02,666.98,666.98,40
1759336290,666.98,666.98,666.97,666.98,80
1759336295,666.98,666.99,666.97,666.98,41
1759336300,666.98,666.99,666.98,666.98,28
1759336305,666.98,666.99,666.97,666.98,32
1759336310,666.95,666.97,666.94,666.96,92
1759336315,666.95,666.95,666.93,666.94,16
1759336320,666.94,666.94,666.9,666.92,87
1759336325,666.92,666.93,666.89,666.89,147
1759336330,666.9,666.92,666.9,666.91,67
1759336335,666.92,666.94,666.91,666.91,56
1759336340,666.91,666.95,666.91,666.94,42
1759336345,666.93,666.94,666.92,666.93,84
1759336350,666.9,666.91,666.9,666.91,43
1759336355,666.91,666.92,666.9,666.92,46
1759336360,666.92,666.93,666.92,666.92,30
1759336365,666.91,666.91,666.9,666.91,17
1759336370,666.9,666.9,666.86,666.88,109
1759336375,666.89,666.89,666.86,666.87,34
1759336380,666.88,666.89,666.86,666.86,84
1759336385,666.87,666.88,666.86,666.87,35
1759336390,666.86,666.9,666.86,666.9,50
1759336395,666.9,666.94,666.9,666.94,138
1759336400,666.93,666.94,666.92,666.94,49
1759336405,666.94,666.94,666.93,666.93,40
1759336410,666.94,666.95,666.92,666.92,91
1759336415,666.92,666.94,666.91,666.94,45
1759336420,666.94,666.94,666.88,666.89,105
1759336425,666.9,666.92,666.9,666.91,130
1759336430,666.91,666.92,666.91,666.92,12
1759336435,666.92,666.92,666.91,666.91,33
1759336440,666.92,666.94,666.91,666.93,97
1759336445,666.93,666.94,666.93,666.94,68
1759336450,666.94,666.96,666.93,666.96,108
1759336455,666.95,666.96,666.94,666.95,77
1759336460,666.96,666.96,666.94,666.95,72
1759336465,666.96,666.99,666.96,666.99,134
1759336470,666.99,667.01,666.99,667.01,32
1759336475,667.01,667.01,667.01,667.01,0
1759336480,667.01,667.01,667.01,667.01,0
1759336485,667.0,667.03,667.0,667.02,151
1759336490,667.01,667.03,667.01,667.01,93
1759336495,667.01,667.03,667.0,667.02,159
1759336500,667.02,667.02,667.0,667.01,66
1759336505,667.02,667.02,666.99,666.99,140
1759336510,666.99,666.99,666.98,666.99,60
1759336515,666.99,667.01,666.99,667.0,98
1759336520,667.01,667.01,667.0,667.01,64
1759336525,667.0,667.0,666.96,666.96,60
1759336530,666.96,666.99,666.95,666.98,135
1759336535,666.98,666.98,666.97,666.97,123
1759336540,666.97,666.98,666.95,666.98,335
1759336545,666.99,666.99,666.98,666.99,91
1759336550,666.99,667.0,666.96,666.98,143
1759336555,666.97,666.97,666.95,666.97,35
1759336560,666.96,666.97,666.96,666.97,76
1759336565,666.97,666.97,666.92,666.92,153
1759336570,666.92,666.94,666.92,666.93,142
1759336575,666.94,666.97,666.94,666.96,74
1759336580,666.96,666.97,666.95,666.96,70
1759336585,666.97,666.98,666.97,666.98,65
1759336590,666.98,666.99,666.96,666.96,92
1759336595,666.95,666.96,666.93,666.96,88
1759336600,666.97,666.97,666.96,666.97,9
1759336605,666.97,666.99,666.97,666.97,242
1759336610,666.96,666.98,666.96,666.98,35
1759336615,666.97,666.99,666.96,666.99,98
1759336620,666.99,667.0,666.98,667.0,47
1759336625,666.99,666.99,666.95,666.95,104
1759336630,666.94,666.96,666.93,666.96,120
1759336635,666.96,666.97,666.96,666.96,27
1759336640,666.96,666.97,666.94,666.94,41
1759336645,666.94,666.95,666.94,666.95,10
1759336650,666.94,666.95,666.91,666.92,48
1759336655,666.91,666.94,666.91,666.94,197
1759336660,666.95,666.95,666.94,666.94,27
1759336665,666.95,666.95,666.93,666.93,55
1759336670,666.95,666.98,666.94,666.98,201
1759336675,666.99,667.01,666.99,667.0,157
1759336680,667.0,667.0,666.99,666.99,202
1759336685,666.99,667.03,666.97,667.02,274
1759336690,667.02,667.03,667.0,667.01,97
1759336695,667.01,667.03,667.01,667.02,97
1759336700,667.01,667.02,667.0,667.0,91
1759336705,666.99,667.0,666.99,667.0,45
1759336710,667.0,667.04,667.0,667.02,127
1759336715,667.01,667.02,667.0,667.0,104
1759336720,667.0,667.0,666.96,667.0,147
1759336725,666.99,667.0,666.99,667.0,66
1759336730,666.99,667.0,666.95,666.97,173
1759336735,666.96,666.97,666.95,666.96,84
1759336740,666.97,666.98,666.92,666.92,187
1759336745,666.92,666.93,666.9,666.93,181
1759336750,666.92,666.92,666.88,666.88,177
1759336755,666.88,666.9,666.88,666.88,145
1759336760,666.88,666.9,666.88,666.89,75
1759336765,666.9,666.9,666.85,666.87,194
1759336770,666.86,666.88,666.85,666.87,117
1759336775,666.86,666.87,666.84,666.85,417
1759336780,666.85,666.87,666.84,666.85,58
1759336785,666.85,666.85,666.82,666.83,162
1759336790,666.84,666.87,666.83,666.87,129
1759336795,666.86,666.87,666.86,666.87,59
1759336800,666.87,666.87,666.85,666.87,42
1759336805,666.87,666.87,666.86,666.87,44
1759336810,666.88,666.9,666.86,666.89,114
1759336815,666.9,666.92,666.9,666.92,166
1759336820,666.92,666.92,666.9,666.91,151
1759336825,666.92,666.92,666.89,666.89,136
1759336830,666.89,666.9,666.87,666.9,112
1759336835,666.9,666.91,666.89,666.89,154
1759336840,666.89,666.93,666.89,666.89,275
1759336845,666.89,666.9,666.87,666.87,125
1759336850,666.87,666.87,666.85,666.86,140
1759336855,666.86,666.86,666.86,666.86,2
1759336860,666.87,666.88,666.84,666.86,234
1759336865,666.87,666.88,666.86,666.87,51
1759336870,666.87,666.9,666.87,666.89,114
1759336875,666.88,666.89,666.85,666.85,201
1759336880,666.84,666.84,666.79,666.79,438
1759336885,666.8,666.8,666.79,666.8,95
1759336890,666.79,666.8,666.76,666.76,250
1759336895,666.76,666.77,666.72,666.72,505
1759336900,666.73,666.74,666.72,666.73,223
1759336905,666.72,666.75,666.7,666.74,164
1759336910,666.73,666.75,666.72,666.75,108
1759336915,666.74,666.75,666.73,666.74,155
1759336920,666.75,666.76,666.74,666.75,350
1759336925,666.74,666.75,666.71,666.71,170
1759336930,666.72,666.75,666.72,666.75,160
1759336935,666.75,666.76,666.72,666.74,234
1759336940,666.76,666.76,666.73,666.73,269
1759336945,666.75,666.75,666.72,666.73,37
1759336950,666.73,666.73,666.71,666.72,38
1759336955,666.72,666.73,666.69,666.7,123
1759336960,666.7,666.7,666.67,666.69,144
1759336965,666.68,666.69,666.67,666.68,145
1759336970,666.69,666.69,666.64,666.66,106
1759336975,666.66,666.66,666.61,666.62,141
1759336980,666.61,666.65,666.61,666.64,97
1759336985,666.65,666.65,666.64,666.64,45
1759336990,666.64,666.71,666.64,666.71,102
1759336995,666.72,666.73,666.71,666.72,22
1759337000,666.7,666.72,666.7,666.71,280
1759337005,666.71,666.75,666.71,666.73,170
1759337010,666.74,666.76,666.73,666.76,118
1759337015,666.76,666.79,666.75,666.78,121
1759337020,666.78,666.79,666.77,666.77,52
1759337025,666.78,666.78,666.77,666.77,46
1759337030,666.76,666.78,666.76,666.77,116
1759337035,666.76,666.77,666.76,666.77,30
1759337040,666.77,666.77,666.75,666.76,137
1759337045,666.76,666.79,666.75,666.78,92
1759337050,666.78,666.78,666.73,666.73,43
1759337055,666.71,666.71,666.67,666.67,177
1759337060,666.66,666.68,666.66,666.68,58
1759337065,666.68,666.69,666.67,666.69,363
1759337070,666.69,666.69,666.65,666.65,93
1759337075,666.66,666.7,666.66,666.7,52
1759337080,666.7,666.7,666.69,666.69,40
1759337085,666.69,666.69,666.67,666.67,34
1759337090,666.68,666.69,666.67,666.69,45
1759337095,666.69,666.69,666.63,666.63,98
1759337100,666.63,666.64,666.62,666.64,108
1759337105,666.64,666.65,666.63,666.64,70
1759337110,666.63,666.64,666.62,666.63,81
1759337115,666.63,666.64,666.59,666.6,124
1759337120,666.59,666.62,666.59,666.61,129
1759337125,666.61,666.61,666.59,666.6,24
1759337130,666.59,666.6,666.56,666.56,116
1759337135,666.55,666.58,666.54,666.57,92
1759337140,666.57,666.58,666.57,666.57,31
1759337145,666.58,666.59,666.57,666.57,124
1759337150,666.57,666.57,666.55,666.55,90
1759337155,666.57,666.57,666.56,666.56,12
1759337160,666.56,666.64,666.55,666.62,345
1759337165,666.62,666.67,666.62,666.67,318
1759337170,666.67,666.69,666.67,666.67,255
1759337175,666.68,666.69,666.67,666.68,171
1759337180,666.68,666.69,666.67,666.68,283
1759337185,666.68,666.68,666.67,666.68,59
1759337190,666.68,666.68,666.64,666.66,602
1759337195,666.66,666.66,666.63,666.63,182
1759337200,666.64,666.65,666.62,666.63,50
1759337205,666.64,666.64,666.6,666.61,117
1759337210,666.62,666.63,666.6,666.62,264
1759337215,666.62,666.65,666.62,666.65,67
1759337220,666.64,666.65,666.61,666.62,93
1759337225,666.63,666.65,666.62,666.64,139
1759337230,666.65,666.68,666.64,666.68,128
1759337235,666.68,666.68,666.65,666.66,158
1759337240,666.65,666.66,666.64,666.65,35
1759337245,666.65,666.71,666.64,666.7,169
1759337250,666.7,666.73,666.69,666.73,168
1759337255,666.72,666.72,666.7,666.71,204
1759337260,666.71,666.71,666.7,666.7,30
1759337265,666.7,666.72,666.7,666.72,65
1759337270,666.72,666.74,666.72,666.74,297
1759337275,666.75,666.77,666.74,666.77,219
1759337280,666.77,666.85,666.77,666.83,349
1759337285,666.82,666.82,666.79,666.8,203
1759337290,666.8,666.81,666.79,666.81,20
1759337295,666.8,666.8,666.79,666.8,12
1759337300,666.81,666.83,666.77,666.78,402
1759337305,666.78,666.8,666.78,666.79,247
1759337310,666.8,666.82,666.73,666.73,268
1759337315,666.72,666.73,666.7,666.71,83
1759337320,666.7,666.72,666.7,666.71,258
1759337325,666.7,666.7,666.68,666.68,125
1759337330,666.68,666.7,666.67,666.68,185
1759337335,666.68,666.68,666.65,666.65,67
1759337340,666.65,666.67,666.65,666.66,112
1759337345,666.64,666.66,666.64,666.65,68
1759337350,666.65,666.66,666.62,666.62,113
1759337355,666.63,666.63,666.61,666.61,49
1759337360,666.62,666.63,666.61,666.61,71
1759337365,666.62,666.66,666.62,666.66,67
1759337370,666.67,666.7,666.67,666.69,179
1759337375,666.69,666.7,666.68,666.69,52
1759337380,666.69,666.7,666.69,666.69,27
1759337385,666.69,666.69,666.68,666.68,54
1759337390,666.7,666.7,666.68,666.69,31
1759337395,666.7,666.7,666.69,666.7,105
1759337400,666.7,666.72,666.7,666.71,316
1759337405,666.7,666.71,666.68,666.69,22
1759337410,666.69,666.69,666.63,666.64,146
1759337415,666.66,666.66,666.66,666.66,2
1759337420,666.67,666.7,666.67,666.68,165
1759337425,666.67,666.68,666.66,666.67,42
1759337430,666.67,666.67,666.64,666.64,40
1759337435,666.65,666.65,666.64,666.65,16
1759337440,666.65,666.67,666.65,666.67,45
1759337445,666.68,666.68,666.67,666.68,29
1759337450,666.68,666.71,666.68,666.7,200
1759337455,666.72,666.72,666.72,666.72,15
1759337460,666.73,666.73,666.72,666.73,65
1759337465,666.73,666.8,666.73,666.75,565
1759337470,666.74,666.75,666.72,666.72,32
1759337475,666.73,666.75,666.72,666.72,90
1759337480,666.73,666.73,666.7,666.71,354
1759337485,666.71,666.72,666.7,666.72,120
1759337490,666.71,666.73,666.71,666.72,47
1759337495,666.72,666.73,666.71,666.73,56
1759337500,666.72,666.73,666.72,666.73,21
1759337505,666.72,666.73,666.69,666.7,201
1759337510,666.7,666.7,666.67,666.7,120
1759337515,666.7,666.73,666.7,666.7,95
1759337520,666.7,666.7,666.68,666.68,71
1759337525,666.68,666.69,666.68,666.69,32
1759337530,666.69,666.72,666.69,666.72,20
1759337535,666.71,666.73,666.71,666.72,30
1759337540,666.72,666.75,666.72,666.74,91
1759337545,666.74,666.74,666.73,666.73,51
1759337550,666.73,666.73,666.7,666.71,20
1759337555,666.71,666.71,666.7,666.71,7
1759337560,666.71,666.72,666.67,666.67,158
1759337565,666.67,666.67,666.63,666.64,127
1759337570,666.64,666.68,666.64,666.66,148
1759337575,666.66,666.66,666.66,666.66,15
1759337580,666.67,666.67,666.66,666.67,55
1759337585,666.68,666.71,666.67,666.71,105
1759337590,666.71,666.71,666.67,666.68,41
1759337595,666.68,666.68,666.66,666.67,70
1759337600,666.68,666.7,666.67,666.69,61
1759337605,666.7,666.7,666.67,666.69,75
1759337610,666.68,666.68,666.68,666.68,53
1759337615,666.68,666.68,666.67,666.67,46
1759337620,666.67,666.68,666.67,666.68,45
1759337625,666.68,666.68,666.65,666.65,196
1759337630,666.66,666.66,666.64,666.64,27
1759337635,666.65,666.66,666.64,666.64,64
1759337640,666.64,666.65,666.62,666.64,121
1759337645,666.63,666.63,666.6,666.61,55
1759337650,666.61,666.61,666.58,666.58,195
1759337655,666.56,666.56,666.54,666.54,196
1759337660,666.54,666.58,666.54,666.57,74
1759337665,666.57,666.57,666.55,666.55,53
1759337670,666.55,666.56,666.54,666.55,52
1759337675,666.55,666.55,666.53,666.54,136
1759337680,666.54,666.55,666.54,666.54,15
1759337685,666.54,666.57,666.54,666.56,106
1759337690,666.56,666.56,666.55,666.56,29
1759337695,666.57,666.58,666.55,666.55,193
1759337700,666.56,666.57,666.55,666.56,120
1759337705,666.56,666.56,666.48,666.51,393
1759337710,666.52,666.54,666.52,666.54,482
1759337715,666.54,666.54,666.5,666.5,158
1759337720,666.5,666.52,666.47,666.48,256
1759337725,666.47,666.47,666.45,666.45,146
1759337730,666.45,666.48,666.43,666.48,275
1759337735,666.49,666.49,666.47,666.47,198
1759337740,666.47,666.47,666.46,666.47,46
1759337745,666.47,666.49,666.45,666.49,152
1759337750,666.49,666.52,666.49,666.5,173
1759337755,666.5,666.52,666.5,666.52,32
1759337760,666.52,666.57,666.52,666.57,308
1759337765,666.57,666.57,666.54,666.54,69
1759337770,666.55,666.55,666.54,666.55,3
1759337775,666.55,666.55,666.53,666.54,118
1759337780,666.55,666.55,666.54,666.54,17
1759337785,666.55,666.56,666.55,666.55,28
1759337790,666.55,666.55,666.55,666.55,32
1759337795,666.56,666.57,666.54,666.55,70
1759337800,666.55,666.59,666.55,666.58,257
1759337805,666.58,666.61,666.58,666.61,116
1759337810,666.6,666.6,666.58,666.59,58
1759337815,666.59,666.59,666.58,666.58,52
1759337820,666.58,666.58,666.56,666.57,100
1759337825,666.57,666.59,666.55,666.59,183
1759337830,666.58,666.62,666.58,666.61,72
1759337835,666.62,666.64,666.62,666.64,34
1759337840,666.64,666.65,666.62,666.63,86
1759337845,666.64,666.7,666.64,666.68,251
1759337850,666.68,666.71,666.68,666.71,155
1759337855,666.71,666.72,666.7,666.7,204
1759337860,666.7,666.7,666.65,666.65,106
1759337865,666.65,666.67,666.65,666.67,179
1759337870,666.67,666.67,666.65,666.67,130
1759337875,666.66,666.67,666.66,666.67,65
1759337880,666.67,666.68,666.66,666.66,45
1759337885,666.67,666.68,666.67,666.68,115
1759337890,666.69,666.69,666.68,666.68,99
1759337895,666.69,666.72,666.69,666.72,20
1759337900,666.72,666.74,666.71,666.74,113
1759337905,666.74,666.75,666.74,666.75,25
1759337910,666.75,666.76,666.74,666.75,74
1759337915,666.75,666.75,666.75,666.75,2
1759337920,666.75,666.77,666.75,666.77,102
1759337925,666.77,666.78,666.76,666.78,168
1759337930,666.79,666.79,666.79,666.79,7
1759337935,666.8,666.82,666.79,666.8,347
1759337940,666.81,666.82,666.8,666.81,189
1759337945,666.82,666.92,666.82,666.91,1397
1759337950,666.91,666.95,666.9,666.95,230
1759337955,666.94,666.95,666.91,666.92,216
1759337960,666.92,666.92,666.89,666.89,117
1759337965,666.89,666.91,666.88,666.91,222
1759337970,666.91,666.93,666.91,666.92,162
1759337975,666.92,666.96,666.91,666.94,136
1759337980,666.95,666.95,666.92,666.92,229
1759337985,666.93,666.93,666.9,666.9,163
1759337990,666.9,666.92,666.9,666.92,89
1759337995,666.91,666.92,666.91,666.91,50
1759338000,666.92,666.94,666.91,666.94,226
1759338005,666.95,666.98,666.94,666.96,234
1759338010,666.95,666.95,666.91,666.94,141
1759338015,666.94,666.95,666.88,666.9,153
1759338020,666.89,666.9,666.84,666.86,295
1759338025,666.87,666.88,666.84,666.85,151
1759338030,666.86,666.86,666.83,666.84,92
1759338035,666.85,666.87,666.85,666.86,91
1759338040,666.87,666.89,666.87,666.89,81
1759338045,666.88,666.89,666.88,666.88,11
1759338050,666.86,666.86,666.84,666.84,22
1759338055,666.85,666.85,666.82,666.83,78
1759338060,666.83,666.83,666.82,666.83,34
1759338065,666.83,666.85,666.83,666.84,90
1759338070,666.85,666.87,666.84,666.86,104
1759338075,666.87,666.88,666.84,666.85,39
1759338080,666.88,666.88,666.87,666.88,2
1759338085,666.88,666.89,666.85,666.89,97
1759338090,666.9,666.94,666.9,666.93,173
1759338095,666.93,666.94,666.92,666.94,55
1759338100,666.94,666.99,666.94,666.95,386
1759338105,666.95,666.99,666.95,666.99,46
1759338110,666.99,667.02,666.98,667.01,567
1759338115,667.0,667.03,667.0,667.01,171
1759338120,667.03,667.09,667.03,667.07,528
1759338125,667.07,667.1,667.06,667.08,116
1759338130,667.09,667.1,667.08,667.09,51
1759338135,667.08,667.1,667.08,667.1,299
1759338140,667.1,667.14,667.09,667.13,303
1759338145,667.14,667.15,667.12,667.14,484
1759338150,667.15,667.17,667.14,667.16,118
1759338155,667.17,667.18,667.15,667.17,93
1759338160,667.18,667.22,667.17,667.18,322
1759338165,667.19,667.21,667.12,667.12,140
1759338170,667.12,667.13,667.11,667.12,87
1759338175,667.12,667.14,667.12,667.13,57
1759338180,667.14,667.16,667.14,667.14,240
1759338185,667.14,667.15,667.14,667.14,40
1759338190,667.13,667.15,667.12,667.13,87
1759338195,667.13,667.14,667.1,667.11,97
1759338200,667.12,667.12,667.08,667.1,109
1759338205,667.08,667.08,667.04,667.06,131
1759338210,667.06,667.12,667.06,667.11,108
1759338215,667.11,667.14,667.1,667.14,110
1759338220,667.13,667.14,667.13,667.14,5
1759338225,667.14,667.18,667.14,667.17,76
1759338230,667.18,667.18,667.17,667.17,66
1759338235,667.17,667.19,667.17,667.17,72
1759338240,667.17,667.22,667.17,667.22,357
1759338245,667.22,667.22,667.19,667.2,84
1759338250,667.2,667.21,667.18,667.19,51
1759338255,667.19,667.21,667.19,667.21,58
1759338260,667.22,667.27,667.22,667.26,349
1759338265,667.26,667.27,667.25,667.25,167
1759338270,667.26,667.26,667.25,667.25,51
1759338275,667.26,667.3,667.26,667.28,170
1759338280,667.27,667.28,667.26,667.26,88
1759338285,667.27,667.28,667.27,667.27,114
1759338290,667.27,667.28,667.27,667.28,107
1759338295,667.28,667.28,667.26,667.27,104
1759338300,667.27,667.33,667.26,667.33,638
1759338305,667.33,667.34,667.31,667.32,175
1759338310,667.31,667.33,667.3,667.31,323
1759338315,667.31,667.37,667.3,667.33,375
1759338320,667.33,667.33,667.31,667.33,78
1759338325,667.35,667.35,667.31,667.32,152
1759338330,667.33,667.35,667.33,667.34,52
1759338335,667.34,667.36,667.33,667.34,127
1759338340,667.34,667.36,667.33,667.36,37
1759338345,667.34,667.36,667.34,667.34,80
1759338350,667.34,667.35,667.33,667.33,94
1759338355,667.33,667.34,667.33,667.34,33
1759338360,667.35,667.36,667.33,667.35,372
1759338365,667.34,667.36,667.33,667.35,136
1759338370,667.35,667.45,667.35,667.42,760
1759338375,667.42,667.42,667.37,667.39,839
1759338380,667.38,667.39,667.34,667.37,285
1759338385,667.37,667.39,667.37,667.39,12
1759338390,667.4,667.41,667.38,667.41,162
1759338395,667.41,667.42,667.38,667.4,74
1759338400,667.41,667.43,667.39,667.43,56
1759338405,667.43,667.44,667.41,667.42,68
1759338410,667.43,667.45,667.42,667.44,76
1759338415,667.44,667.47,667.43,667.46,98
1759338420,667.48,667.48,667.45,667.47,140
1759338425,667.47,667.48,667.45,667.46,202
1759338430,667.45,667.47,667.44,667.47,94
1759338435,667.48,667.48,667.45,667.45,171
1759338440,667.45,667.46,667.44,667.45,90
1759338445,667.45,667.45,667.44,667.45,189
1759338450,667.45,667.45,667.4,667.42,551
1759338455,667.43,667.44,667.42,667.43,565
1759338460,667.43,667.43,667.42,667.43,41
1759338465,667.45,667.5,667.45,667.5,186
1759338470,667.49,667.5,667.45,667.46,569
1759338475,667.47,667.49,667.46,667.49,755
1759338480,667.49,667.52,667.48,667.5,1475
1759338485,667.49,667.5,667.44,667.45,365
1759338490,667.45,667.45,667.43,667.44,130
1759338495,667.45,667.45,667.43,667.44,277
1759338500,667.43,667.44,667.42,667.43,440
1759338505,667.44,667.47,667.44,667.47,344
1759338510,667.47,667.47,667.46,667.46,89
1759338515,667.47,667.47,667.43,667.45,152
1759338520,667.45,667.47,667.45,667.47,46
1759338525,667.46,667.46,667.42,667.43,63
1759338530,667.43,667.45,667.42,667.45,224
1759338535,667.44,667.45,667.44,667.45,38
1759338540,667.44,667.44,667.41,667.41,115
1759338545,667.41,667.41,667.35,667.39,584
1759338550,667.38,667.41,667.37,667.39,716
1759338555,667.38,667.41,667.36,667.37,873
1759338560,667.37,667.37,667.36,667.37,76
1759338565,667.37,667.38,667.34,667.34,99
1759338570,667.34,667.34,667.3,667.32,117
1759338575,667.31,667.32,667.29,667.29,179
1759338580,667.3,667.33,667.3,667.32,236
1759338585,667.32,667.33,667.29,667.3,109
1759338590,667.28,667.3,667.28,667.29,53
1759338595,667.28,667.3,667.27,667.29,273
1759338600,667.3,667.32,667.28,667.28,139
1759338605,667.28,667.29,667.26,667.27,228
1759338610,667.28,667.28,667.26,667.27,277
1759338615,667.26,667.26,667.25,667.26,183
1759338620,667.25,667.27,667.24,667.24,102
1759338625,667.24,667.25,667.22,667.25,656
1759338630,667.24,667.24,667.18,667.18,469
1759338635,667.18,667.19,667.17,667.17,81
1759338640,667.18,667.28,667.17,667.2,1021
1759338645,667.2,667.21,667.2,667.2,142
1759338650,667.2,667.25,667.19,667.25,122
1759338655,667.25,667.25,667.23,667.24,73
1759338660,667.25,667.25,667.2,667.2,128
1759338665,667.2,667.24,667.19,667.24,107
1759338670,667.24,667.26,667.23,667.25,89
1759338675,667.25,667.31,667.25,667.31,114
1759338680,667.32,667.34,667.3,667.31,95
1759338685,667.32,667.36,667.32,667.36,140
1759338690,667.36,667.38,667.36,667.37,419
1759338695,667.37,667.41,667.37,667.39,172
1759338700,667.39,667.42,667.39,667.41,143
1759338705,667.4,667.45,667.4,667.44,211
1759338710,667.43,667.46,667.43,667.45,227
1759338715,667.46,667.47,667.45,667.46,258
1759338720,667.47,667.49,667.46,667.48,708
1759338725,667.47,667.47,667.44,667.44,408
1759338730,667.45,667.45,667.42,667.43,217
1759338735,667.44,667.46,667.44,667.45,179
1759338740,667.45,667.46,667.45,667.45,92
1759338745,667.44,667.45,667.43,667.44,71
1759338750,667.44,667.46,667.44,667.44,132
1759338755,667.44,667.45,667.42,667.43,105
1759338760,667.43,667.44,667.43,667.44,40
1759338765,667.43,667.43,667.4,667.4,63
1759338770,667.39,667.41,667.39,667.41,166
1759338775,667.41,667.41,667.38,667.38,159
1759338780,667.39,667.39,667.38,667.38,54
1759338785,667.37,667.38,667.37,667.37,83
1759338790,667.37,667.4,667.36,667.4,117
1759338795,667.41,667.45,667.41,667.45,203
1759338800,667.44,667.49,667.44,667.48,152
1759338805,667.47,667.5,667.47,667.49,116
1759338810,667.48,667.48,667.44,667.45,62
1759338815,667.45,667.47,667.44,667.46,111
1759338820,667.46,667.48,667.46,667.48,52
1759338825,667.49,667.5,667.46,667.47,72
1759338830,667.47,667.47,667.44,667.44,70
1759338835,667.45,667.46,667.44,667.44,82
1759338840,667.45,667.45,667.42,667.43,149
1759338845,667.42,667.42,667.38,667.38,195
1759338850,667.38,667.4,667.38,667.38,110
1759338855,667.38,667.38,667.36,667.37,117
1759338860,667.37,667.39,667.36,667.39,42
1759338865,667.39,667.4,667.38,667.39,53
1759338870,667.39,667.39,667.37,667.38,66
1759338875,667.36,667.37,667.35,667.36,46
1759338880,667.35,667.37,667.34,667.36,250
1759338885,667.36,667.38,667.32,667.37,421
1759338890,667.37,667.37,667.35,667.35,181
1759338895,667.34,667.37,667.34,667.37,138
1759338900,667.37,667.39,667.37,667.39,341
1759338905,667.39,667.41,667.38,667.41,221
1759338910,667.42,667.43,667.41,667.41,37
1759338915,667.39,667.39,667.37,667.38,54
1759338920,667.37,667.38,667.36,667.37,21
1759338925,667.38,667.4,667.37,667.39,58
1759338930,667.4,667.43,667.4,667.41,118
1759338935,667.42,667.46,667.4,667.46,314
1759338940,667.46,667.47,667.46,667.47,40
1759338945,667.47,667.49,667.47,667.49,165
1759338950,667.5,667.52,667.49,667.5,160
1759338955,667.49,667.49,667.49,667.49,20
1759338960,667.49,667.53,667.49,667.53,181
1759338965,667.52,667.55,667.52,667.54,142
1759338970,667.54,667.55,667.53,667.53,263
1759338975,667.54,667.55,667.54,667.54,111
1759338980,667.54,667.55,667.54,667.55,121
1759338985,667.54,667.6,667.53,667.6,444
1759338990,667.61,667.64,667.61,667.64,248
1759338995,667.63,667.72,667.62,667.71,1224
1759339000,667.72,667.72,667.7,667.71,319
1759339005,667.71,667.71,667.67,667.69,278
1759339010,667.69,667.71,667.68,667.71,264
1759339015,667.7,667.74,667.7,667.72,1168
1759339020,667.73,667.81,667.72,667.81,1114
1759339025,667.81,667.84,667.8,667.81,272
1759339030,667.81,667.86,667.81,667.85,800
1759339035,667.85,667.86,667.83,667.84,311
1759339040,667.84,667.84,667.8,667.83,151
1759339045,667.83,667.83,667.81,667.82,350
1759339050,667.82,667.83,667.79,667.8,482
1759339055,667.81,667.85,667.8,667.83,664
1759339060,667.83,667.88,667.83,667.86,187
1759339065,667.85,667.86,667.85,667.85,160
1759339070,667.86,667.86,667.84,667.85,28
1759339075,667.85,667.85,667.83,667.84,85
1759339080,667.84,667.85,667.82,667.85,164
1759339085,667.84,667.85,667.81,667.81,163
1759339090,667.8,667.82,667.8,667.81,95
1759339095,667.79,667.8,667.78,667.79,77
1759339100,667.79,667.82,667.78,667.82,141
1759339105,667.81,667.81,667.79,667.79,82
1759339110,667.79,667.79,667.78,667.78,69
1759339115,667.78,667.79,667.77,667.79,115
1759339120,667.79,667.8,667.77,667.8,407
1759339125,667.81,667.81,667.77,667.77,294
1759339130,667.77,667.78,667.76,667.77,864
1759339135,667.77,667.78,667.76,667.76,106
1759339140,667.76,667.77,667.75,667.75,217
1759339145,667.75,667.77,667.75,667.76,360
1759339150,667.75,667.8,667.74,667.8,528
1759339155,667.8,667.8,667.78,667.79,160
1759339160,667.8,667.81,667.8,667.81,80
1759339165,667.81,667.81,667.8,667.8,217
1759339170,667.8,667.81,667.79,667.81,176
1759339175,667.81,667.81,667.76,667.76,217
1759339180,667.75,667.77,667.71,667.74,497
1759339185,667.74,667.74,667.72,667.72,54
1759339190,667.71,667.72,667.71,667.71,62
1759339195,667.7,667.7,667.69,667.7,44
1759339200,667.7,667.73,667.7,667.72,126
1759339205,667.73,667.73,667.7,667.73,158
1759339210,667.73,667.73,667.71,667.72,258
1759339215,667.73,667.73,667.7,667.7,175
1759339220,667.69,667.71,667.68,667.71,736
1759339225,667.71,667.73,667.7,667.73,52
1759339230,667.73,667.74,667.73,667.73,115
1759339235,667.73,667.73,667.72,667.72,70
1759339240,667.73,667.74,667.73,667.73,338
1759339245,667.73,667.74,667.71,667.71,54
1759339250,667.72,667.73,667.69,667.69,109
1759339255,667.68,667.7,667.68,667.7,70
1759339260,667.69,667.73,667.69,667.73,148
1759339265,667.73,667.73,667.72,667.73,27
1759339270,667.73,667.74,667.72,667.73,69
1759339275,667.73,667.75,667.73,667.75,82
1759339280,667.74,667.75,667.73,667.74,80
1759339285,667.74,667.75,667.73,667.75,40
1759339290,667.73,667.73,667.71,667.72,165
1759339295,667.72,667.72,667.7,667.71,124
1759339300,667.71,667.72,667.7,667.72,64
1759339305,667.72,667.73,667.71,667.73,18
1759339310,667.74,667.79,667.73,667.79,166
1759339315,667.78,667.78,667.76,667.77,102
1759339320,667.77,667.78,667.77,667.77,131
1759339325,667.76,667.76,667.74,667.74,86
1759339330,667.74,667.74,667.69,667.69,157
1759339335,667.69,667.71,667.68,667.7,60
1759339340,667.7,667.72,667.7,667.72,55
1759339345,667.71,667.71,667.63,667.65,239
1759339350,667.64,667.65,667.62,667.64,211
1759339355,667.65,667.66,667.65,667.66,79
1759339360,667.66,667.69,667.65,667.69,152
1759339365,667.7,667.71,667.7,667.71,242
1759339370,667.71,667.73,667.7,667.72,81
1759339375,667.73,667.74,667.72,667.73,41
1759339380,667.73,667.73,667.71,667.72,198
1759339385,667.72,667.72,667.71,667.72,145
1759339390,667.73,667.75,667.72,667.74,372
1759339395,667.73,667.73,667.7,667.7,110
1759339400,667.7,667.72,667.69,667.71,89
1759339405,667.71,667.72,667.71,667.71,111
1759339410,667.71,667.73,667.68,667.7,236
1759339415,667.7,667.71,667.69,667.71,136
1759339420,667.7,667.7,667.68,667.69,22
1759339425,667.69,667.69,667.68,667.68,60
1759339430,667.69,667.69,667.68,667.68,10
1759339435,667.68,667.74,667.68,667.74,212
1759339440,667.75,667.75,667.74,667.74,180
1759339445,667.75,667.76,667.75,667.76,167
1759339450,667.76,667.77,667.76,667.76,277
1759339455,667.77,667.8,667.76,667.77,777
1759339460,667.81,667.82,667.8,667.82,206
1759339465,667.81,667.82,667.8,667.8,60
1759339470,667.8,667.82,667.79,667.82,117
1759339475,667.81,667.81,667.8,667.81,81
1759339480,667.8,667.81,667.8,667.81,30
1759339485,667.81,667.83,667.81,667.83,37
1759339490,667.82,667.82,667.81,667.82,94
1759339495,667.82,667.83,667.82,667.83,7
1759339500,667.83,667.86,667.83,667.85,135
1759339505,667.84,667.84,667.8,667.8,133
1759339510,667.8,667.81,667.78,667.81,96
1759339515,667.82,667.82,667.8,667.81,25
1759339520,667.81,667.81,667.8,667.8,92
1759339525,667.81,667.82,667.8,667.81,70
1759339530,667.81,667.86,667.81,667.85,475
1759339535,667.85,667.86,667.84,667.84,178
1759339540,667.84,667.85,667.83,667.85,93
1759339545,667.86,667.89,667.86,667.88,660
1759339550,667.89,667.89,667.87,667.88,145
1759339555,667.88,667.89,667.87,667.88,27
1759339560,667.88,667.89,667.85,667.85,113
1759339565,667.85,667.87,667.85,667.86,57
1759339570,667.86,667.86,667.85,667.86,55
1759339575,667.86,667.88,667.86,667.88,36
1759339580,667.89,667.92,667.89,667.91,60
1759339585,667.91,667.93,667.91,667.93,230
1759339590,667.92,667.97,667.92,667.96,115
1759339595,667.96,668.01,667.95,668.0,744
1759339600,668.0,668.01,667.99,667.99,230
1759339605,667.99,668.0,667.97,667.98,237
1759339610,667.97,667.98,667.95,667.96,221
1759339615,667.95,667.96,667.93,667.93,196
1759339620,667.93,667.94,667.87,667.89,232
1759339625,667.88,667.93,667.88,667.89,158
1759339630,667.89,667.91,667.88,667.88,153
1759339635,667.88,667.89,667.84,667.84,75
1759339640,667.84,667.84,667.82,667.83,93
1759339645,667.83,667.89,667.83,667.88,154
1759339650,667.88,667.88,667.86,667.88,47
1759339655,667.88,667.88,667.87,667.87,37
1759339660,667.86,667.86,667.84,667.86,132
1759339665,667.87,667.96,667.86,667.95,227
1759339670,667.95,667.96,667.93,667.95,77
1759339675,667.95,667.95,667.92,667.94,45
1759339680,667.95,667.95,667.93,667.94,69
1759339685,667.94,667.95,667.94,667.95,80
1759339690,667.96,667.99,667.95,667.98,181
1759339695,667.98,668.03,667.98,668.03,404
1759339700,668.03,668.04,668.01,668.01,146
1759339705,668.01,668.07,668.01,668.06,240
1759339710,668.08,668.09,668.05,668.05,879
1759339715,668.05,668.06,668.04,668.05,136
1759339720,668.05,668.07,668.04,668.05,96
1759339725,668.05,668.05,668.04,668.05,30
1759339730,668.03,668.04,668.03,668.03,67
1759339735,668.03,668.06,668.03,668.03,528
1759339740,668.04,668.06,668.04,668.05,218
1759339745,668.04,668.04,668.03,668.03,67
1759339750,668.03,668.05,668.02,668.04,299
1759339755,668.03,668.06,668.02,668.04,372
1759339760,668.04,668.05,668.03,668.03,215
1759339765,668.03,668.03,668.0,668.0,65
1759339770,668.01,668.01,667.95,667.96,630
1759339775,667.95,667.96,667.95,667.95,71
1759339780,667.95,667.96,667.93,667.93,71
1759339785,667.92,667.94,667.92,667.93,72
1759339790,667.93,667.94,667.92,667.93,150
1759339795,667.94,667.97,667.93,667.97,103
1759339800,667.98,668.04,667.98,668.01,293
1759339805,668.0,668.01,667.93,667.94,438
1759339810,667.94,667.95,667.92,667.94,90
1759339815,667.95,667.96,667.94,667.95,56
1759339820,667.96,667.98,667.95,667.97,128
1759339825,667.97,667.98,667.93,667.94,136
1759339830,667.93,667.93,667.89,667.89,134
1759339835,667.88,667.89,667.85,667.88,384
1759339840,667.87,667.89,667.82,667.83,245
1759339845,667.83,667.83,667.76,667.78,881
1759339850,667.77,667.79,667.77,667.78,89
1759339855,667.79,667.84,667.76,667.83,233
1759339860,667.83,667.83,667.77,667.77,198
1759339865,667.77,667.79,667.74,667.79,561
1759339870,667.79,667.81,667.76,667.81,365
1759339875,667.81,667.82,667.8,667.8,554
1759339880,667.81,667.84,667.8,667.82,133
1759339885,667.81,667.86,667.81,667.86,257
1759339890,667.85,667.86,667.84,667.84,35
1759339895,667.84,667.85,667.84,667.84,25
1759339900,667.84,667.84,667.77,667.78,191
1759339905,667.78,667.78,667.77,667.78,44
1759339910,667.78,667.79,667.76,667.76,90
1759339915,667.77,667.78,667.77,667.77,22
1759339920,667.78,667.8,667.75,667.75,60
1759339925,667.79,667.79,667.75,667.76,90
1759339930,667.73,667.76,667.72,667.75,101
1759339935,667.76,667.8,667.76,667.8,193
1759339940,667.8,667.8,667.78,667.79,77
1759339945,667.8,667.82,667.79,667.82,105
1759339950,667.81,667.82,667.8,667.82,38
1759339955,667.82,667.86,667.82,667.86,60
1759339960,667.85,667.86,667.84,667.86,72
1759339965,667.86,667.89,667.86,667.88,149
1759339970,667.88,667.89,667.86,667.86,213
1759339975,667.86,667.87,667.84,667.84,98
1759339980,667.84,667.86,667.83,667.86,114
1759339985,667.87,667.88,667.85,667.86,140
1759339990,667.86,667.9,667.86,667.9,509
1759339995,667.9,667.94,667.9,667.9,861
1759340000,667.89,667.9,667.88,667.88,174
1759340005,667.88,667.88,667.84,667.88,147
1759340010,667.87,667.91,667.87,667.91,76
1759340015,667.91,667.91,667.89,667.9,101
1759340020,667.9,667.91,667.89,667.9,37
1759340025,667.89,667.92,667.89,667.92,110
1759340030,667.95,667.95,667.94,667.94,653
1759340035,667.94,667.95,667.93,667.94,216
1759340040,667.94,667.96,667.94,667.95,71
1759340045,667.94,667.94,667.94,667.94,7
1759340050,667.95,667.95,667.92,667.92,235
1759340055,667.92,667.95,667.92,667.95,91
1759340060,667.96,667.96,667.93,667.94,68
1759340065,667.96,667.96,667.92,667.92,73
1759340070,667.92,667.93,667.92,667.93,28
1759340075,667.93,667.93,667.9,667.9,87
1759340080,667.89,667.9,667.87,667.89,40
1759340085,667.89,667.9,667.89,667.9,56
1759340090,667.89,667.89,667.85,667.85,29
1759340095,667.86,667.9,667.86,667.9,87
1759340100,667.9,667.91,667.9,667.9,28
1759340105,667.89,667.91,667.88,667.91,253
1759340110,667.93,667.93,667.87,667.87,68
1759340115,667.88,667.88,667.87,667.88,27
1759340120,667.88,667.88,667.85,667.85,97
1759340125,667.86,667.86,667.85,667.86,14
1759340130,667.85,667.85,667.83,667.85,75
1759340135,667.83,667.85,667.83,667.83,72
1759340140,667.83,667.86,667.83,667.83,208
1759340145,667.82,667.83,667.81,667.81,85
1759340150,667.82,667.82,667.78,667.79,150
1759340155,667.79,667.79,667.78,667.78,90
1759340160,667.78,667.82,667.78,667.82,79
1759340165,667.82,667.84,667.81,667.81,123
1759340170,667.81,667.82,667.8,667.82,460
1759340175,667.83,667.9,667.82,667.9,108
1759340180,667.9,667.9,667.88,667.9,20
1759340185,667.9,667.9,667.88,667.89,83
1759340190,667.87,667.87,667.85,667.86,15
1759340195,667.86,667.86,667.83,667.84,52
1759340200,667.83,667.83,667.8,667.8,168
1759340205,667.8,667.84,667.8,667.84,78
1759340210,667.84,667.84,667.84,667.84,14
1759340215,667.83,667.83,667.82,667.82,57
1759340220,667.82,667.86,667.82,667.84,98
1759340225,667.83,667.83,667.82,667.83,27
1759340230,667.83,667.85,667.82,667.82,71
1759340235,667.83,667.87,667.83,667.86,28
1759340240,667.87,667.87,667.84,667.84,53
1759340245,667.84,667.84,667.84,667.84,12
1759340250,667.84,667.85,667.83,667.85,36
1759340255,667.85,667.89,667.85,667.89,347
1759340260,667.89,667.89,667.88,667.88,141
1759340265,667.88,667.89,667.87,667.87,53
1759340270,667.87,667.88,667.86,667.87,96
1759340275,667.87,667.87,667.86,667.87,2
1759340280,667.86,667.86,667.83,667.84,40
1759340285,667.83,667.85,667.83,667.84,122
1759340290,667.84,667.85,667.81,667.81,147
1759340295,667.82,667.84,667.81,667.83,218
1759340300,667.81,667.83,667.81,667.82,125
1759340305,667.82,667.84,667.8,667.83,73
1759340310,667.83,667.84,667.81,667.82,90
1759340315,667.83,667.83,667.81,667.81,66
1759340320,667.82,667.83,667.81,667.83,36
1759340325,667.81,667.83,667.81,667.83,25
1759340330,667.84,667.84,667.82,667.82,34
1759340335,667.84,667.84,667.83,667.84,5
1759340340,667.85,667.87,667.84,667.87,61
1759340345,667.87,667.89,667.86,667.88,346
1759340350,667.87,667.92,667.86,667.91,123
1759340355,667.91,667.92,667.89,667.92,270
1759340360,667.91,667.93,667.9,667.93,45
1759340365,667.92,667.93,667.88,667.89,155
1759340370,667.89,667.89,667.86,667.88,103
1759340375,667.88,667.89,667.86,667.88,36
1759340380,667.88,667.88,667.85,667.86,288
1759340385,667.85,667.86,667.82,667.83,90
1759340390,667.82,667.84,667.82,667.83,61
1759340395,667.83,667.83,667.8,667.83,213
1759340400,667.83,667.86,667.83,667.85,101
1759340405,667.84,667.85,667.83,667.83,82
1759340410,667.84,667.88,667.83,667.88,140
1759340415,667.88,667.9,667.88,667.89,62
1759340420,667.89,667.89,667.89,667.89,23
1759340425,667.89,667.89,667.86,667.86,32
1759340430,667.86,667.87,667.83,667.87,43
1759340435,667.86,667.87,667.86,667.87,92
1759340440,667.86,667.88,667.85,667.88,71
1759340445,667.88,667.89,667.87,667.89,58
1759340450,667.88,667.89,667.87,667.87,58
1759340455,667.87,667.88,667.86,667.88,30
1759340460,667.88,667.88,667.84,667.84,64
1759340465,667.84,667.86,667.84,667.86,17
1759340470,667.87,667.91,667.86,667.9,70
1759340475,667.9,667.9,667.89,667.89,39
1759340480,667.9,667.91,667.9,667.9,45
1759340485,667.9,667.92,667.89,667.9,174
1759340490,667.9,667.92,667.9,667.9,76
1759340495,667.9,667.91,667.89,667.89,72
1759340500,667.89,667.9,667.87,667.88,43
1759340505,667.88,667.9,667.87,667.9,98
1759340510,667.9,667.9,667.84,667.85,361
1759340515,667.84,667.84,667.8,667.83,143
1759340520,667.83,667.84,667.79,667.79,158
1759340525,667.79,667.79,667.78,667.79,63
1759340530,667.79,667.79,667.78,667.78,62
1759340535,667.78,667.8,667.78,667.79,202
1759340540,667.79,667.79,667.75,667.75,76
1759340545,667.73,667.74,667.7,667.7,230
1759340550,667.71,667.73,667.69,667.72,127
1759340555,667.71,667.73,667.7,667.7,87
1759340560,667.7,667.7,667.66,667.68,537
1759340565,667.68,667.68,667.67,667.68,67
1759340570,667.67,667.67,667.66,667.66,81
1759340575,667.66,667.66,667.61,667.62,119
1759340580,667.63,667.64,667.61,667.64,193
1759340585,667.66,667.71,667.66,667.7,91
1759340590,667.71,667.72,667.7,667.7,80
1759340595,667.71,667.72,667.67,667.68,84
1759340600,667.69,667.69,667.66,667.67,76
1759340605,667.67,667.69,667.67,667.68,54
1759340610,667.69,667.7,667.69,667.69,22
1759340615,667.68,667.7,667.66,667.7,80
1759340620,667.71,667.71,667.7,667.7,25
1759340625,667.71,667.75,667.7,667.75,163
1759340630,667.75,667.76,667.74,667.76,98
1759340635,667.76,667.78,667.75,667.77,423
1759340640,667.79,667.82,667.79,667.81,130
1759340645,667.81,667.82,667.8,667.8,95
1759340650,667.81,667.84,667.8,667.84,311
1759340655,667.83,667.84,667.83,667.84,25
1759340660,667.85,667.86,667.84,667.85,60
1759340665,667.84,667.85,667.82,667.82,102
1759340670,667.82,667.83,667.8,667.8,102
1759340675,667.8,667.8,667.77,667.78,83
1759340680,667.79,667.79,667.78,667.78,20
1759340685,667.78,667.79,667.77,667.77,40
1759340690,667.78,667.79,667.78,667.79,26
1759340695,667.8,667.81,667.79,667.81,62
1759340700,667.8,667.8,667.77,667.77,80
1759340705,667.77,667.78,667.74,667.77,78
1759340710,667.75,667.76,667.73,667.76,236
1759340715,667.79,667.8,667.77,667.77,55
1759340720,667.77,667.78,667.74,667.75,81
1759340725,667.76,667.76,667.74,667.75,35
1759340730,667.75,667.76,667.73,667.75,92
1759340735,667.75,667.77,667.74,667.76,142
1759340740,667.76,667.77,667.74,667.75,242
1759340745,667.75,667.76,667.73,667.74,93
1759340750,667.74,667.75,667.74,667.75,118
1759340755,667.74,667.75,667.73,667.74,82
1759340760,667.75,667.77,667.73,667.76,239
1759340765,667.76,667.82,667.76,667.82,301
1759340770,667.82,667.83,667.81,667.81,271
1759340775,667.82,667.85,667.81,667.84,313
1759340780,667.85,667.86,667.84,667.84,115
1759340785,667.83,667.83,667.76,667.76,68
1759340790,667.77,667.79,667.75,667.75,80
1759340795,667.75,667.77,667.75,667.76,107
1759340800,667.75,667.75,667.71,667.73,66
1759340805,667.73,667.74,667.69,667.7,114
1759340810,667.7,667.72,667.7,667.72,45
1759340815,667.73,667.73,667.7,667.71,30
1759340820,667.72,667.72,667.69,667.7,120
1759340825,667.69,667.69,667.61,667.62,208
1759340830,667.62,667.64,667.62,667.64,54
1759340835,667.64,667.65,667.63,667.64,62
1759340840,667.64,667.65,667.64,667.64,43
1759340845,667.65,667.65,667.65,667.65,2
1759340850,667.64,667.65,667.63,667.65,266
1759340855,667.66,667.67,667.65,667.65,102
1759340860,667.64,667.64,667.6,667.61,243
1759340865,667.61,667.68,667.61,667.66,138
1759340870,667.64,667.66,667.64,667.66,11
1759340875,667.64,667.65,667.64,667.65,5
1759340880,667.65,667.68,667.65,667.67,124
1759340885,667.67,667.72,667.67,667.72,89
1759340890,667.71,667.71,667.67,667.67,115
1759340895,667.68,667.69,667.67,667.67,24
1759340900,667.68,667.69,667.68,667.68,41
1759340905,667.69,667.7,667.68,667.69,56
1759340910,667.69,667.7,667.69,667.7,60
1759340915,667.69,667.7,667.67,667.7,39
1759340920,667.7,667.75,667.7,667.74,84
1759340925,667.75,667.76,667.74,667.75,35
1759340930,667.73,667.73,667.73,667.73,10
1759340935,667.73,667.73,667.72,667.72,22
1759340940,667.74,667.81,667.74,667.78,164
1759340945,667.78,667.8,667.77,667.77,70
1759340950,667.78,667.79,667.77,667.79,51
1759340955,667.8,667.8,667.78,667.78,17
1759340960,667.77,667.79,667.77,667.78,47
1759340965,667.77,667.81,667.77,667.81,24
1759340970,667.81,667.83,667.8,667.83,27
1759340975,667.83,667.87,667.83,667.85,93
1759340980,667.85,667.87,667.85,667.86,37
1759340985,667.86,667.87,667.85,667.86,62
1759340990,667.85,667.86,667.82,667.84,74
1759340995,667.84,667.85,667.81,667.81,59
1759341000,667.81,667.81,667.77,667.8,156
1759341005,667.79,667.79,667.78,667.79,77
1759341010,667.8,667.83,667.8,667.83,92
1759341015,667.82,667.83,667.81,667.83,101
1759341020,667.83,667.83,667.82,667.82,15
1759341025,667.82,667.84,667.82,667.84,50
1759341030,667.83,667.83,667.82,667.82,105
1759341035,667.82,667.84,667.81,667.84,70
1759341040,667.85,667.87,667.85,667.85,52
1759341045,667.87,667.87,667.85,667.86,55
1759341050,667.85,667.85,667.82,667.83,84
1759341055,667.83,667.83,667.82,667.83,63
1759341060,667.83,667.84,667.82,667.84,67
1759341065,667.83,667.83,667.83,667.83,15
1759341070,667.83,667.84,667.83,667.84,91
1759341075,667.84,667.87,667.83,667.86,42
1759341080,667.87,667.91,667.86,667.89,445
1759341085,667.9,667.9,667.88,667.88,87
1759341090,667.88,667.88,667.86,667.87,50
1759341095,667.85,667.85,667.81,667.83,76
1759341100,667.83,667.87,667.83,667.87,19
1759341105,667.88,667.89,667.87,667.87,51
1759341110,667.88,667.9,667.87,667.88,46
1759341115,667.88,667.89,667.87,667.88,12
1759341120,667.88,667.88,667.87,667.88,7
1759341125,667.89,667.89,667.87,667.89,81
1759341130,667.88,667.88,667.88,667.88,2
1759341135,667.88,667.88,667.78,667.81,157
1759341140,667.81,667.81,667.8,667.8,56
1759341145,667.8,667.81,667.78,667.79,42
1759341150,667.8,667.81,667.8,667.81,42
1759341155,667.81,667.82,667.81,667.82,35
1759341160,667.81,667.84,667.81,667.84,66
1759341165,667.82,667.83,667.82,667.83,22
1759341170,667.82,667.82,667.8,667.8,44
1759341175,667.79,667.8,667.79,667.8,69
1759341180,667.81,667.84,667.8,667.81,151
1759341185,667.81,667.81,667.79,667.8,29
1759341190,667.8,667.81,667.8,667.81,45
1759341195,667.81,667.86,667.8,667.85,115
1759341200,667.85,667.87,667.85,667.87,76
1759341205,667.87,667.88,667.86,667.87,74
1759341210,667.87,667.91,667.85,667.91,100
1759341215,667.92,667.92,667.89,667.89,41
1759341220,667.88,667.89,667.87,667.88,46
1759341225,667.87,667.87,667.87,667.87,20
1759341230,667.87,667.87,667.83,667.84,53
1759341235,667.84,667.86,667.84,667.86,22
1759341240,667.86,667.86,667.83,667.84,50
1759341245,667.85,667.93,667.85,667.9,477
1759341250,667.88,667.89,667.84,667.85,194
1759341255,667.86,667.86,667.81,667.81,86
1759341260,667.81,667.81,667.8,667.8,182
1759341265,667.8,667.8,667.78,667.8,67
1759341270,667.79,667.79,667.77,667.78,86
1759341275,667.78,667.79,667.76,667.77,121
1759341280,667.77,667.82,667.76,667.82,297
1759341285,667.83,667.85,667.82,667.83,84
1759341290,667.82,667.86,667.82,667.85,53
1759341295,667.84,667.85,667.83,667.83,65
1759341300,667.83,667.84,667.83,667.83,83
1759341305,667.83,667.83,667.79,667.8,79
1759341310,667.81,667.84,667.81,667.83,63
1759341315,667.84,667.86,667.83,667.84,87
1759341320,667.83,667.83,667.83,667.83,35
1759341325,667.84,667.86,667.84,667.84,31
1759341330,667.84,667.85,667.83,667.84,27
1759341335,667.84,667.86,667.83,667.84,22
1759341340,667.84,667.84,667.83,667.84,27
1759341345,667.84,667.84,667.83,667.84,3
1759341350,667.84,667.84,667.83,667.83,40
1759341355,667.83,667.83,667.83,667.83,0
1759341360,667.83,667.83,667.83,667.83,18
1759341365,667.83,667.85,667.83,667.85,57
1759341370,667.85,667.88,667.85,667.88,65
1759341375,667.89,667.93,667.89,667.92,120
1759341380,667.91,667.92,667.89,667.89,130
1759341385,667.89,667.9,667.88,667.89,35
1759341390,667.89,667.94,667.88,667.94,124
1759341395,667.94,667.94,667.94,667.94,27
1759341400,667.93,667.94,667.93,667.94,61
1759341405,667.94,667.96,667.94,667.96,28
1759341410,667.95,667.97,667.95,667.97,48
1759341415,667.97,667.97,667.96,667.96,221
1759341420,667.96,667.96,667.94,667.94,58
1759341425,667.95,667.96,667.95,667.95,55
1759341430,667.96,667.97,667.96,667.96,387
1759341435,667.97,667.97,667.96,667.97,620
1759341440,667.98,667.98,667.95,667.95,110
1759341445,667.96,667.96,667.95,667.95,44
1759341450,667.96,667.96,667.94,667.95,51
1759341455,667.95,667.95,667.95,667.95,0
1759341460,667.96,667.96,667.94,667.95,43
1759341465,667.95,667.96,667.95,667.96,18
1759341470,667.95,667.96,667.93,667.95,85
1759341475,667.95,667.95,667.93,667.93,22
1759341480,667.93,667.93,667.92,667.93,519
1759341485,667.93,667.93,667.92,667.93,96
1759341490,667.93,667.94,667.93,667.93,15
1759341495,667.93,667.93,667.9,667.91,173
1759341500,667.91,667.95,667.91,667.95,60
1759341505,667.95,667.95,667.93,667.95,69
1759341510,667.95,667.96,667.95,667.96,88
1759341515,667.96,667.96,667.96,667.96,22
1759341520,667.97,667.97,667.96,667.97,126
1759341525,667.97,667.97,667.93,667.94,139
1759341530,667.95,667.95,667.92,667.93,325
1759341535,667.93,667.95,667.93,667.94,133
1759341540,667.93,667.93,667.87,667.87,314
1759341545,667.88,667.9,667.86,667.9,287
1759341550,667.89,667.94,667.89,667.93,232
1759341555,667.95,667.97,667.94,667.94,238
1759341560,667.95,667.96,667.93,667.94,91
1759341565,667.94,667.94,667.92,667.93,40
1759341570,667.93,667.94,667.93,667.93,87
1759341575,667.93,667.93,667.9,667.92,118
1759341580,667.91,667.96,667.9,667.94,298
1759341585,667.95,667.97,667.95,667.97,114
1759341590,667.97,667.98,667.95,667.97,150
1759341595,667.97,667.97,667.95,667.96,91
1759341600,667.95,667.97,667.95,667.96,187
1759341605,667.97,668.04,667.96,668.02,392
1759341610,668.02,668.18,668.02,668.15,362
1759341615,668.16,668.18,668.1,668.17,1965
1759341620,668.18,668.25,668.15,668.24,822
1759341625,668.24,668.32,668.21,668.28,1667
1759341630,668.28,668.42,668.28,668.39,1043
1759341635,668.39,668.42,668.39,668.39,646
1759341640,668.39,668.4,668.31,668.37,660
1759341645,668.37,668.37,668.3,668.31,367
1759341650,668.31,668.31,668.27,668.27,178
1759341655,668.27,668.31,668.26,668.29,153
1759341660,668.3,668.32,668.29,668.3,397
1759341665,668.29,668.36,668.29,668.35,385
1759341670,668.34,668.34,668.29,668.3,99
1759341675,668.29,668.33,668.29,668.32,95
1759341680,668.32,668.32,668.27,668.3,160
1759341685,668.3,668.3,668.24,668.26,268
1759341690,668.27,668.27,668.25,668.26,191
1759341695,668.26,668.27,668.24,668.24,177
1759341700,668.24,668.25,668.24,668.24,58
1759341705,668.25,668.28,668.22,668.22,248
1759341710,668.21,668.22,668.19,668.2,426
1759341715,668.2,668.21,668.15,668.16,305
1759341720,668.16,668.18,668.08,668.12,653
1759341725,668.14,668.16,668.14,668.14,143
1759341730,668.14,668.14,668.1,668.12,222
1759341735,668.11,668.12,668.07,668.08,156
1759341740,668.09,668.09,668.03,668.08,296
1759341745,668.09,668.09,668.05,668.06,357
1759341750,668.07,668.08,668.07,668.08,69
1759341755,668.05,668.08,668.04,668.08,90
1759341760,668.08,668.08,668.06,668.06,60
1759341765,668.06,668.07,668.05,668.07,45
1759341770,668.07,668.08,668.03,668.04,100
1759341775,668.05,668.06,667.97,667.97,737
1759341780,667.98,668.01,667.89,668.01,629
1759341785,668.01,668.04,668.0,668.01,120
1759341790,668.01,668.03,668.01,668.03,61
1759341795,668.04,668.08,668.04,668.07,100
1759341800,668.07,668.07,668.04,668.06,42
1759341805,668.06,668.06,668.03,668.04,233
1759341810,668.05,668.06,668.03,668.06,110
1759341815,668.02,668.05,668.02,668.05,224
1759341820,668.06,668.06,668.05,668.06,50
1759341825,668.06,668.1,668.06,668.09,162
1759341830,668.09,668.09,668.07,668.09,85
1759341835,668.1,668.1,668.1,668.1,7
1759341840,668.11,668.12,668.07,668.12,134
1759341845,668.12,668.14,668.12,668.13,402
1759341850,668.12,668.14,668.11,668.13,156
1759341855,668.13,668.17,668.12,668.15,209
1759341860,668.15,668.16,668.14,668.15,121
1759341865,668.14,668.16,668.14,668.15,62
1759341870,668.15,668.17,668.14,668.14,155
1759341875,668.14,668.15,668.12,668.15,109
1759341880,668.15,668.17,668.14,668.17,215
1759341885,668.17,668.19,668.16,668.19,88
1759341890,668.19,668.21,668.18,668.21,329
1759341895,668.2,668.25,668.19,668.23,904
1759341900,668.23,668.25,668.22,668.25,311
1759341905,668.24,668.26,668.24,668.25,381
1759341910,668.26,668.3,668.26,668.26,511
1759341915,668.26,668.28,668.25,668.28,352
1759341920,668.29,668.32,668.28,668.3,561
1759341925,668.29,668.34,668.29,668.33,260
1759341930,668.32,668.33,668.3,668.31,117
1759341935,668.3,668.32,668.3,668.31,94
1759341940,668.3,668.31,668.28,668.31,139
1759341945,668.3,668.33,668.29,668.31,219
1759341950,668.3,668.34,668.3,668.32,162
1759341955,668.33,668.36,668.32,668.35,228
1759341960,668.36,668.38,668.35,668.37,135
1759341965,668.36,668.38,668.36,668.37,189
1759341970,668.36,668.36,668.3,668.31,193
1759341975,668.31,668.31,668.3,668.31,120
1759341980,668.31,668.32,668.31,668.32,137
1759341985,668.32,668.32,668.3,668.3,65
1759341990,668.31,668.33,668.29,668.32,81
1759341995,668.32,668.33,668.31,668.33,28
1759342000,668.33,668.37,668.32,668.37,296
1759342005,668.37,668.41,668.36,668.4,537
1759342010,668.4,668.42,668.36,668.36,444
1759342015,668.37,668.37,668.33,668.35,105
1759342020,668.35,668.35,668.3,668.3,265
1759342025,668.32,668.33,668.29,668.33,159
1759342030,668.32,668.33,668.31,668.32,87
1759342035,668.31,668.32,668.3,668.31,148
1759342040,668.31,668.32,668.29,668.3,252
1759342045,668.3,668.31,668.29,668.3,122
1759342050,668.31,668.31,668.28,668.29,53
1759342055,668.29,668.3,668.29,668.3,33
1759342060,668.3,668.31,668.28,668.3,96
1759342065,668.3,668.31,668.29,668.29,110
1759342070,668.3,668.32,668.29,668.3,82
1759342075,668.31,668.32,668.31,668.32,147
1759342080,668.33,668.33,668.32,668.32,102
1759342085,668.32,668.33,668.32,668.32,109
1759342090,668.33,668.33,668.3,668.31,38
1759342095,668.3,668.31,668.3,668.31,248
1759342100,668.31,668.32,668.28,668.29,270
1759342105,668.3,668.36,668.3,668.36,91
1759342110,668.37,668.39,668.36,668.38,86
1759342115,668.38,668.38,668.37,668.37,27
1759342120,668.37,668.37,668.36,668.37,56
1759342125,668.37,668.37,668.35,668.36,72
1759342130,668.37,668.38,668.37,668.37,32
1759342135,668.38,668.39,668.36,668.37,129
1759342140,668.38,668.41,668.37,668.38,304
1759342145,668.38,668.4,668.36,668.37,172
1759342150,668.35,668.35,668.31,668.32,131
1759342155,668.34,668.36,668.34,668.36,17
1759342160,668.36,668.39,668.36,668.39,50
1759342165,668.38,668.4,668.38,668.4,48
1759342170,668.41,668.43,668.41,668.43,149
1759342175,668.43,668.5,668.43,668.46,553
1759342180,668.46,668.47,668.44,668.45,171
1759342185,668.45,668.48,668.44,668.47,140
1759342190,668.48,668.49,668.47,668.48,171
1759342195,668.47,668.48,668.47,668.48,55
1759342200,668.48,668.48,668.42,668.43,275
1759342205,668.42,668.44,668.41,668.43,151
1759342210,668.44,668.44,668.4,668.43,115
1759342215,668.43,668.43,668.4,668.41,115
1759342220,668.4,668.4,668.38,668.39,203
1759342225,668.38,668.38,668.34,668.34,131
1759342230,668.35,668.36,668.34,668.36,130
1759342235,668.36,668.37,668.35,668.35,30
1759342240,668.36,668.36,668.33,668.34,114
1759342245,668.35,668.38,668.35,668.38,117
1759342250,668.37,668.38,668.36,668.37,83
1759342255,668.38,668.39,668.37,668.39,102
1759342260,668.4,668.4,668.39,668.39,16
1759342265,668.4,668.41,668.38,668.4,160
1759342270,668.4,668.4,668.39,668.4,23
1759342275,668.39,668.43,668.39,668.43,109
1759342280,668.42,668.42,668.41,668.41,97
1759342285,668.41,668.41,668.37,668.38,213
1759342290,668.39,668.42,668.39,668.4,122
1759342295,668.41,668.42,668.39,668.4,88
1759342300,668.39,668.39,668.36,668.36,201
1759342305,668.37,668.37,668.35,668.37,148
1759342310,668.38,668.4,668.38,668.4,74
1759342315,668.41,668.41,668.38,668.4,113
1759342320,668.38,668.39,668.37,668.37,143
1759342325,668.37,668.37,668.34,668.35,80
1759342330,668.34,668.39,668.34,668.38,71
1759342335,668.4,668.42,668.4,668.41,132
1759342340,668.42,668.45,668.42,668.45,171
1759342345,668.44,668.44,668.41,668.41,122
1759342350,668.42,668.43,668.41,668.43,55
1759342355,668.42,668.45,668.41,668.43,107
1759342360,668.42,668.43,668.41,668.43,110
1759342365,668.44,668.44,668.42,668.44,46
1759342370,668.45,668.47,668.45,668.46,134
1759342375,668.46,668.47,668.46,668.47,35
1759342380,668.47,668.51,668.47,668.51,391
1759342385,668.51,668.58,668.51,668.58,353
1759342390,668.57,668.57,668.54,668.57,276
1759342395,668.56,668.6,668.56,668.6,210
1759342400,668.6,668.62,668.6,668.6,419
1759342405,668.6,668.62,668.6,668.61,48
1759342410,668.62,668.64,668.61,668.63,532
1759342415,668.63,668.67,668.62,668.65,643
1759342420,668.66,668.7,668.64,668.69,326
1759342425,668.68,668.68,668.63,668.64,323
1759342430,668.64,668.64,668.61,668.62,172
1759342435,668.61,668.61,668.6,668.6,87
1759342440,668.61,668.62,668.61,668.62,208
1759342445,668.61,668.64,668.61,668.63,114
1759342450,668.62,668.64,668.62,668.62,150
1759342455,668.62,668.64,668.59,668.6,85
1759342460,668.6,668.63,668.59,668.62,256
1759342465,668.61,668.62,668.59,668.6,106
1759342470,668.6,668.62,668.59,668.62,760
1759342475,668.62,668.66,668.62,668.65,188
1759342480,668.64,668.64,668.62,668.62,120
1759342485,668.63,668.63,668.61,668.62,54
1759342490,668.62,668.62,668.61,668.62,55
1759342495,668.61,668.62,668.6,668.6,29
1759342500,668.6,668.61,668.59,668.6,168
1759342505,668.59,668.62,668.58,668.62,172
1759342510,668.62,668.63,668.61,668.61,112
1759342515,668.62,668.62,668.61,668.61,50
1759342520,668.61,668.62,668.59,668.6,73
1759342525,668.6,668.61,668.59,668.6,109
1759342530,668.59,668.6,668.59,668.6,109
1759342535,668.59,668.62,668.58,668.62,125
1759342540,668.62,668.67,668.61,668.65,861
1759342545,668.67,668.69,668.65,668.69,122
1759342550,668.69,668.72,668.68,668.68,268
1759342555,668.69,668.72,668.67,668.67,172
1759342560,668.66,668.7,668.66,668.7,173
1759342565,668.7,668.72,668.69,668.72,84
1759342570,668.71,668.72,668.7,668.71,54
1759342575,668.69,668.71,668.68,668.71,78
1759342580,668.71,668.72,668.7,668.72,47
1759342585,668.72,668.79,668.72,668.76,514
1759342590,668.76,668.76,668.73,668.73,143
1759342595,668.73,668.77,668.73,668.76,170
1759342600,668.77,668.77,668.74,668.75,280
1759342605,668.75,668.78,668.75,668.76,172
1759342610,668.76,668.76,668.73,668.73,196
1759342615,668.73,668.76,668.73,668.74,278
1759342620,668.74,668.74,668.7,668.72,808
1759342625,668.72,668.74,668.71,668.72,264
1759342630,668.72,668.77,668.71,668.75,76
1759342635,668.76,668.77,668.74,668.75,85
1759342640,668.75,668.76,668.74,668.76,58
1759342645,668.75,668.77,668.73,668.76,69
1759342650,668.75,668.75,668.74,668.75,32
1759342655,668.75,668.79,668.75,668.78,238
1759342660,668.78,668.78,668.76,668.78,205
1759342665,668.78,668.78,668.74,668.75,158
1759342670,668.75,668.75,668.73,668.74,143
1759342675,668.74,668.77,668.73,668.76,122
1759342680,668.76,668.78,668.75,668.77,426
1759342685,668.78,668.78,668.76,668.76,222
1759342690,668.76,668.77,668.75,668.75,139
1759342695,668.75,668.75,668.74,668.74,56
1759342700,668.74,668.74,668.72,668.74,134
1759342705,668.73,668.75,668.71,668.75,74
1759342710,668.75,668.77,668.74,668.74,85
1759342715,668.75,668.77,668.75,668.76,222
1759342720,668.77,668.77,668.72,668.73,416
1759342725,668.73,668.74,668.72,668.73,289
1759342730,668.73,668.75,668.73,668.75,47
1759342735,668.75,668.75,668.73,668.74,37
1759342740,668.75,668.76,668.74,668.74,154
1759342745,668.74,668.77,668.73,668.75,154
1759342750,668.75,668.77,668.74,668.77,409
1759342755,668.76,668.77,668.75,668.76,680
1759342760,668.76,668.8,668.76,668.78,761
1759342765,668.78,668.78,668.77,668.78,108
1759342770,668.77,668.79,668.77,668.79,44
1759342775,668.8,668.8,668.79,668.79,17
1759342780,668.8,668.8,668.77,668.77,99
1759342785,668.78,668.78,668.75,668.77,364
1759342790,668.78,668.78,668.76,668.77,454
1759342795,668.78,668.8,668.78,668.79,60
1759342800,668.79,668.8,668.78,668.8,134
1759342805,668.8,668.85,668.79,668.81,233
1759342810,668.81,668.83,668.81,668.83,169
1759342815,668.82,668.82,668.8,668.81,96
1759342820,668.81,668.81,668.75,668.77,133
1759342825,668.78,668.78,668.77,668.77,57
1759342830,668.76,668.76,668.7,668.71,79
1759342835,668.71,668.71,668.63,668.63,418
1759342840,668.63,668.66,668.62,668.62,899
1759342845,668.61,668.63,668.6,668.6,155
1759342850,668.62,668.63,668.59,668.62,430
1759342855,668.61,668.63,668.6,668.62,317
1759342860,668.62,668.62,668.58,668.58,923
1759342865,668.58,668.59,668.52,668.55,1093
1759342870,668.56,668.59,668.55,668.57,411
1759342875,668.58,668.6,668.57,668.6,213
1759342880,668.6,668.61,668.59,668.6,195
1759342885,668.61,668.64,668.6,668.63,181
1759342890,668.61,668.66,668.61,668.65,159
1759342895,668.64,668.65,668.64,668.64,47
1759342900,668.65,668.7,668.65,668.69,409
1759342905,668.7,668.71,668.69,668.7,139
1759342910,668.71,668.71,668.69,668.69,25
1759342915,668.7,668.7,668.68,668.68,47
1759342920,668.68,668.7,668.68,668.68,107
1759342925,668.68,668.68,668.64,668.66,95
1759342930,668.66,668.7,668.64,668.7,110
1759342935,668.7,668.74,668.69,668.74,138
1759342940,668.73,668.74,668.72,668.73,118
1759342945,668.73,668.73,668.69,668.69,48
1759342950,668.7,668.7,668.67,668.67,175
1759342955,668.68,668.71,668.68,668.69,156
1759342960,668.69,668.72,668.69,668.72,194
1759342965,668.72,668.72,668.71,668.72,15
1759342970,668.71,668.71,668.69,668.69,65
1759342975,668.69,668.7,668.66,668.67,246
1759342980,668.67,668.69,668.67,668.69,88
1759342985,668.69,668.69,668.65,668.66,131
1759342990,668.67,668.67,668.65,668.66,61
1759342995,668.65,668.65,668.64,668.64,44
1759343000,668.65,668.66,668.64,668.66,69
1759343005,668.65,668.68,668.65,668.68,108
1759343010,668.68,668.68,668.67,668.67,38
1759343015,668.67,668.68,668.64,668.64,41
1759343020,668.65,668.65,668.64,668.64,102
1759343025,668.64,668.65,668.64,668.64,85
1759343030,668.65,668.65,668.62,668.62,90
1759343035,668.63,668.65,668.62,668.64,196
1759343040,668.64,668.65,668.63,668.63,71
1759343045,668.63,668.66,668.63,668.66,107
1759343050,668.67,668.67,668.65,668.67,69
1759343055,668.66,668.68,668.66,668.68,82
1759343060,668.69,668.72,668.68,668.71,143
1759343065,668.72,668.72,668.69,668.71,318
1759343070,668.7,668.7,668.69,668.7,62
1759343075,668.7,668.7,668.69,668.7,65
1759343080,668.69,668.7,668.68,668.7,32
1759343085,668.69,668.69,668.69,668.69,12
1759343090,668.7,668.73,668.7,668.72,100
1759343095,668.72,668.74,668.71,668.74,127
1759343100,668.74,668.74,668.73,668.74,87
1759343105,668.75,668.75,668.74,668.74,61
1759343110,668.75,668.82,668.73,668.82,146
1759343115,668.81,668.81,668.78,668.79,154
1759343120,668.78,668.78,668.76,668.78,284
1759343125,668.77,668.82,668.77,668.82,210
1759343130,668.81,668.81,668.79,668.8,104
1759343135,668.79,668.8,668.79,668.8,77
1759343140,668.79,668.81,668.79,668.8,274
1759343145,668.82,668.83,668.82,668.83,24
1759343150,668.83,668.84,668.82,668.83,65
1759343155,668.84,668.87,668.83,668.86,54
1759343160,668.85,668.87,668.84,668.87,132
1759343165,668.87,668.93,668.87,668.92,333
1759343170,668.92,668.92,668.89,668.91,78
1759343175,668.9,668.91,668.88,668.9,170
1759343180,668.9,668.91,668.89,668.91,67
1759343185,668.92,668.94,668.9,668.93,144
1759343190,668.92,668.92,668.9,668.9,234
1759343195,668.91,668.91,668.88,668.89,53
1759343200,668.89,668.89,668.86,668.88,100
1759343205,668.88,668.89,668.87,668.89,38
1759343210,668.88,668.89,668.87,668.88,65
1759343215,668.87,668.89,668.85,668.86,90
1759343220,668.86,668.88,668.86,668.87,116
1759343225,668.87,668.89,668.87,668.88,57
1759343230,668.88,668.89,668.88,668.88,104
1759343235,668.88,668.89,668.86,668.86,66
1759343240,668.86,668.87,668.85,668.86,33
1759343245,668.87,668.88,668.86,668.86,70
1759343250,668.86,668.87,668.84,668.85,203
1759343255,668.85,668.85,668.83,668.83,132
1759343260,668.83,668.85,668.82,668.83,207
1759343265,668.83,668.83,668.8,668.8,94
1759343270,668.79,668.81,668.78,668.81,145
1759343275,668.82,668.82,668.75,668.8,1847
1759343280,668.8,668.81,668.75,668.81,262
1759343285,668.81,668.82,668.8,668.8,46
1759343290,668.8,668.8,668.78,668.78,83
1759343295,668.79,668.79,668.76,668.76,24
1759343300,668.76,668.77,668.74,668.76,148
1759343305,668.76,668.77,668.75,668.75,187
1759343310,668.77,668.77,668.75,668.76,38
1759343315,668.75,668.75,668.74,668.74,46
1759343320,668.73,668.76,668.7,668.71,335
1759343325,668.73,668.76,668.73,668.76,182
1759343330,668.75,668.77,668.75,668.77,77
1759343335,668.76,668.77,668.75,668.77,56
1759343340,668.75,668.77,668.73,668.73,171
1759343345,668.72,668.74,668.7,668.7,185
1759343350,668.7,668.75,668.7,668.74,76
1759343355,668.74,668.74,668.73,668.73,58
1759343360,668.73,668.76,668.73,668.76,59
1759343365,668.75,668.75,668.73,668.74,31
1759343370,668.74,668.75,668.72,668.72,49
1759343375,668.72,668.73,668.7,668.71,98
1759343380,668.71,668.74,668.7,668.73,63
1759343385,668.74,668.74,668.72,668.72,112
1759343390,668.72,668.74,668.72,668.73,109
1759343395,668.73,668.79,668.73,668.77,160
1759343400,668.77,668.78,668.73,668.73,195
1759343405,668.74,668.77,668.73,668.77,214
1759343410,668.77,668.78,668.77,668.77,496
1759343415,668.77,668.77,668.75,668.76,207
1759343420,668.77,668.78,668.77,668.77,306
1759343425,668.77,668.83,668.77,668.8,628
1759343430,668.81,668.81,668.78,668.8,94
1759343435,668.8,668.82,668.79,668.81,145
1759343440,668.81,668.83,668.81,668.82,117
1759343445,668.82,668.86,668.82,668.86,108
1759343450,668.85,668.89,668.85,668.88,58
1759343455,668.88,668.89,668.87,668.88,54
1759343460,668.88,668.89,668.84,668.87,246
1759343465,668.87,668.87,668.85,668.86,73
1759343470,668.86,668.86,668.83,668.84,395
1759343475,668.85,668.88,668.85,668.88,111
1759343480,668.87,668.87,668.83,668.84,320
1759343485,668.84,668.86,668.84,668.86,52
1759343490,668.86,668.86,668.85,668.86,81
1759343495,668.87,668.87,668.8,668.8,174
1759343500,668.79,668.79,668.75,668.75,184
1759343505,668.76,668.78,668.75,668.78,122
1759343510,668.78,668.79,668.76,668.79,211
1759343515,668.78,668.81,668.76,668.81,217
1759343520,668.81,668.81,668.79,668.8,28
1759343525,668.79,668.8,668.78,668.79,288
1759343530,668.78,668.79,668.78,668.78,23
1759343535,668.79,668.82,668.78,668.81,257
1759343540,668.83,668.83,668.82,668.82,36
1759343545,668.83,668.84,668.82,668.84,47
1759343550,668.84,668.84,668.8,668.81,105
1759343555,668.81,668.81,668.75,668.76,95
1759343560,668.75,668.76,668.75,668.76,71
1759343565,668.75,668.78,668.74,668.77,187
1759343570,668.77,668.78,668.76,668.76,192
1759343575,668.76,668.8,668.76,668.79,175
1759343580,668.78,668.79,668.77,668.77,67
1759343585,668.77,668.77,668.76,668.76,36
1759343590,668.76,668.77,668.75,668.76,76
1759343595,668.76,668.83,668.76,668.83,185
1759343600,668.84,668.88,668.83,668.87,188
1759343605,668.87,668.88,668.85,668.85,237
1759343610,668.85,668.87,668.84,668.87,297
1759343615,668.86,668.86,668.83,668.85,155
1759343620,668.85,668.87,668.84,668.86,69
1759343625,668.85,668.89,668.85,668.88,60
1759343630,668.89,668.89,668.87,668.88,45
1759343635,668.87,668.87,668.87,668.87,55
1759343640,668.88,668.88,668.86,668.87,103
1759343645,668.86,668.86,668.86,668.86,42
1759343650,668.86,668.88,668.86,668.87,62
1759343655,668.87,668.88,668.84,668.85,1164
1759343660,668.86,668.88,668.85,668.88,142
1759343665,668.88,668.89,668.87,668.88,62
1759343670,668.88,668.9,668.87,668.9,305
1759343675,668.91,668.91,668.9,668.91,55
1759343680,668.91,668.92,668.91,668.91,55
1759343685,668.91,668.94,668.91,668.94,101
1759343690,668.93,668.94,668.92,668.93,118
1759343695,668.93,668.93,668.93,668.93,0
1759343700,668.94,668.96,668.93,668.93,230
1759343705,668.94,668.96,668.93,668.96,53
1759343710,668.96,668.96,668.93,668.93,168
1759343715,668.94,668.98,668.93,668.98,143
1759343720,668.98,668.99,668.97,668.99,211
1759343725,668.98,668.98,668.96,668.97,308
1759343730,668.98,668.99,668.96,668.96,136
1759343735,668.96,668.97,668.93,668.93,106
1759343740,668.94,668.96,668.94,668.95,56
1759343745,668.94,668.94,668.91,668.93,68
1759343750,668.92,668.93,668.91,668.92,346
1759343755,668.92,668.92,668.91,668.92,2
1759343760,668.92,668.93,668.88,668.91,287
1759343765,668.91,668.93,668.9,668.9,200
1759343770,668.9,668.92,668.9,668.92,78
1759343775,668.92,668.92,668.9,668.92,102
1759343780,668.9,668.91,668.88,668.88,129
1759343785,668.89,668.91,668.89,668.91,162
1759343790,668.9,668.92,668.89,668.91,105
1759343795,668.92,668.92,668.9,668.91,148
1759343800,668.91,668.92,668.88,668.92,99
1759343805,668.92,668.92,668.89,668.9,131
1759343810,668.9,668.92,668.9,668.91,100
1759343815,668.91,668.91,668.89,668.89,15
1759343820,668.9,668.9,668.9,668.9,22
1759343825,668.91,668.91,668.87,668.87,72
1759343830,668.86,668.88,668.86,668.87,33
1759343835,668.87,668.88,668.86,668.88,95
1759343840,668.87,668.88,668.85,668.87,166
1759343845,668.87,668.9,668.87,668.89,52
1759343850,668.88,668.91,668.87,668.9,62
1759343855,668.91,668.91,668.91,668.91,42
1759343860,668.91,668.96,668.91,668.95,178
1759343865,668.96,668.96,668.95,668.96,45
1759343870,668.96,668.99,668.95,668.98,101
1759343875,668.98,668.99,668.98,668.99,102
1759343880,668.99,669.02,668.99,669.0,442
1759343885,669.01,669.03,669.0,669.0,327
1759343890,669.0,669.04,669.0,669.03,173
1759343895,669.03,669.03,669.01,669.01,70
1759343900,669.01,669.02,669.01,669.01,55
1759343905,669.02,669.03,669.0,669.02,112
1759343910,669.03,669.03,669.0,669.0,79
1759343915,669.01,669.02,669.01,669.01,69
1759343920,669.01,669.02,669.0,669.01,56
1759343925,669.0,669.01,668.99,669.0,153
1759343930,669.0,669.0,668.98,668.99,15
1759343935,668.99,669.01,668.99,669.0,102
1759343940,669.0,669.04,669.0,669.02,341
1759343945,669.03,669.04,669.02,669.02,200
1759343950,669.03,669.09,669.03,669.06,235
1759343955,669.06,669.06,669.05,669.06,102
1759343960,669.06,669.06,669.03,669.04,141
1759343965,669.04,669.07,669.03,669.07,15
1759343970,669.05,669.05,669.01,669.01,59
1759343975,669.02,669.03,669.01,669.03,114
1759343980,669.02,669.03,669.01,669.02,44
1759343985,669.02,669.02,669.02,669.02,10
1759343990,669.01,669.02,669.0,669.0,45
1759343995,669.01,669.03,669.0,669.02,73
1759344000,669.01,669.03,669.01,669.03,105
1759344005,669.03,669.04,669.03,669.03,15
1759344010,669.03,669.06,669.03,669.05,105
1759344015,669.06,669.06,669.02,669.02,105
1759344020,669.02,669.03,669.02,669.02,65
1759344025,669.03,669.03,669.0,669.0,170
1759344030,669.0,669.01,668.98,668.99,218
1759344035,668.98,668.99,668.96,668.96,152
1759344040,668.97,669.0,668.96,668.99,50
1759344045,669.0,669.04,669.0,669.03,115
1759344050,669.02,669.03,669.02,669.02,62
1759344055,669.03,669.04,669.02,669.03,115
1759344060,669.02,669.05,669.01,669.04,140
1759344065,669.03,669.04,669.03,669.04,65
1759344070,669.03,669.04,669.02,669.04,161
1759344075,669.03,669.04,668.99,669.0,90
1759344080,669.01,669.01,668.98,668.98,107
1759344085,668.98,669.02,668.98,669.01,63
1759344090,669.01,669.07,669.01,669.07,129
1759344095,669.07,669.07,669.05,669.05,211
1759344100,669.05,669.05,669.04,669.05,44
1759344105,669.05,669.05,669.02,669.04,77
1759344110,669.03,669.06,669.03,669.06,27
1759344115,669.06,669.1,669.06,669.09,319
1759344120,669.09,669.09,669.07,669.08,256
1759344125,669.09,669.1,669.08,669.1,178
1759344130,669.09,669.15,669.09,669.14,558
1759344135,669.13,669.14,669.1,669.11,505
1759344140,669.12,669.14,669.11,669.13,172
1759344145,669.12,669.19,669.12,669.18,338
1759344150,669.18,669.24,669.17,669.18,503
1759344155,669.17,669.22,669.17,669.21,236
1759344160,669.21,669.22,669.19,669.21,375
1759344165,669.2,669.21,669.19,669.2,117
1759344170,669.21,669.22,669.19,669.21,557
1759344175,669.21,669.24,669.21,669.23,121
1759344180,669.23,669.23,669.2,669.21,170
1759344185,669.21,669.21,669.19,669.2,117
1759344190,669.21,669.22,669.19,669.2,339
1759344195,669.2,669.2,669.14,669.15,292
1759344200,669.16,669.16,669.14,669.15,212
1759344205,669.16,669.16,669.08,669.09,467
1759344210,669.09,669.1,669.08,669.08,166
1759344215,669.08,669.1,669.07,669.1,196
1759344220,669.1,669.12,669.09,669.12,215
1759344225,669.13,669.14,669.12,669.13,61
1759344230,669.13,669.13,669.1,669.11,177
1759344235,669.1,669.11,669.09,669.09,27
1759344240,669.1,669.11,669.09,669.11,194
1759344245,669.11,669.16,669.11,669.15,249
1759344250,669.16,669.16,669.14,669.15,96
1759344255,669.15,669.18,669.14,669.17,261
1759344260,669.17,669.19,669.17,669.19,175
1759344265,669.19,669.19,669.17,669.19,393
1759344270,669.18,669.18,669.15,669.16,419
1759344275,669.16,669.16,669.15,669.15,148
1759344280,669.16,669.16,669.14,669.15,221
1759344285,669.15,669.16,669.14,669.16,201
1759344290,669.16,669.16,669.14,669.14,35
1759344295,669.14,669.16,669.13,669.15,201
1759344300,669.15,669.16,669.11,669.11,265
1759344305,669.11,669.13,669.1,669.13,535
1759344310,669.13,669.14,669.12,669.13,178
1759344315,669.13,669.13,669.11,669.12,92
1759344320,669.11,669.12,669.1,669.11,278
1759344325,669.1,669.13,669.1,669.13,215
1759344330,669.13,669.13,669.12,669.13,127
1759344335,669.12,669.13,669.11,669.11,49
1759344340,669.1,669.13,669.1,669.13,108
1759344345,669.12,669.12,669.1,669.11,22
1759344350,669.11,669.12,669.1,669.11,107
1759344355,669.11,669.12,669.1,669.12,72
1759344360,669.13,669.13,669.11,669.11,142
1759344365,669.11,669.14,669.11,669.13,100
1759344370,669.14,669.18,669.14,669.18,62
1759344375,669.18,669.19,669.17,669.18,83
1759344380,669.17,669.18,669.15,669.18,82
1759344385,669.17,669.17,669.15,669.16,22
1759344390,669.15,669.17,669.15,669.17,71
1759344395,669.18,669.18,669.17,669.18,78
1759344400,669.18,669.2,669.18,669.2,507
1759344405,669.2,669.21,669.2,669.21,103
1759344410,669.21,669.21,669.19,669.2,109
1759344415,669.2,669.2,669.19,669.2,25
1759344420,669.21,669.21,669.19,669.21,58
1759344425,669.22,669.23,669.21,669.22,125
1759344430,669.23,669.23,669.22,669.23,245
1759344435,669.23,669.27,669.23,669.26,144
1759344440,669.27,669.27,669.24,669.25,67
1759344445,669.25,669.25,669.22,669.23,151
1759344450,669.23,669.23,669.2,669.2,90
1759344455,669.21,669.22,669.2,669.22,143
1759344460,669.22,669.25,669.22,669.23,59
1759344465,669.22,669.23,669.2,669.21,156
1759344470,669.22,669.22,669.19,669.2,190
1759344475,669.2,669.2,669.18,669.18,129
1759344480,669.18,669.18,669.14,669.16,269
1759344485,669.15,669.17,669.14,669.17,153
1759344490,669.16,669.18,669.16,669.17,17
1759344495,669.17,669.18,669.16,669.17,57
1759344500,669.17,669.19,669.17,669.18,80
1759344505,669.18,669.2,669.18,669.19,86
1759344510,669.2,669.21,669.2,669.2,77
1759344515,669.2,669.21,669.2,669.2,78
1759344520,669.21,669.21,669.2,669.21,116
1759344525,669.21,669.21,669.2,669.21,32
1759344530,669.21,669.21,669.18,669.18,452
1759344535,669.18,669.21,669.18,669.19,180
1759344540,669.2,669.2,669.19,669.2,103
1759344545,669.2,669.22,669.2,669.22,113
1759344550,669.23,669.23,669.21,669.22,330
1759344555,669.22,669.23,669.22,669.22,55
1759344560,669.22,669.25,669.22,669.24,186
1759344565,669.25,669.27,669.24,669.26,332
1759344570,669.26,669.26,669.23,669.26,231
1759344575,669.25,669.28,669.24,669.27,176
1759344580,669.27,669.27,669.25,669.26,130
1759344585,669.26,669.29,669.25,669.27,218
1759344590,669.28,669.33,669.28,669.32,607
1759344595,669.32,669.33,669.28,669.29,225
1759344600,669.28,669.29,669.25,669.26,243
1759344605,669.26,669.27,669.25,669.27,158
1759344610,669.27,669.27,669.25,669.26,163
1759344615,669.27,669.33,669.27,669.31,160
1759344620,669.31,669.31,669.28,669.3,165
1759344625,669.31,669.31,669.26,669.26,66
1759344630,669.25,669.27,669.25,669.27,41
1759344635,669.26,669.27,669.26,669.27,21
1759344640,669.27,669.28,669.24,669.24,164
1759344645,669.24,669.25,669.23,669.25,62
1759344650,669.24,669.25,669.23,669.24,108
1759344655,669.24,669.24,669.22,669.23,123
1759344660,669.23,669.24,669.18,669.19,165
1759344665,669.19,669.2,669.17,669.17,81
1759344670,669.18,669.18,669.16,669.17,159
1759344675,669.18,669.18,669.16,669.16,136
1759344680,669.17,669.23,669.17,669.22,93
1759344685,669.22,669.23,669.21,669.21,72
1759344690,669.22,669.23,669.22,669.22,75
1759344695,669.22,669.24,669.22,669.23,169
1759344700,669.24,669.24,669.2,669.21,28
1759344705,669.21,669.21,669.19,669.21,49
1759344710,669.2,669.25,669.2,669.24,875
1759344715,669.24,669.25,669.23,669.24,504
1759344720,669.24,669.25,669.23,669.24,323
1759344725,669.24,669.27,669.24,669.25,95
1759344730,669.25,669.28,669.25,669.28,85
1759344735,669.28,669.28,669.26,669.26,202
1759344740,669.26,669.29,669.26,669.28,103
1759344745,669.29,669.32,669.28,669.31,238
1759344750,669.32,669.33,669.31,669.32,95
1759344755,669.32,669.35,669.29,669.29,294
1759344760,669.29,669.29,669.27,669.27,78
1759344765,669.27,669.29,669.27,669.28,67
1759344770,669.28,669.29,669.27,669.29,372
1759344775,669.29,669.3,669.27,669.27,137
1759344780,669.27,669.27,669.24,669.25,230
1759344785,669.25,669.27,669.24,669.27,192
1759344790,669.27,669.27,669.25,669.25,47
1759344795,669.26,669.27,669.25,669.26,24
1759344800,669.26,669.27,669.23,669.25,205
1759344805,669.26,669.27,669.25,669.25,92
1759344810,669.26,669.26,669.24,669.26,89
1759344815,669.25,669.25,669.23,669.25,147
1759344820,669.25,669.26,669.24,669.25,61
1759344825,669.26,669.28,669.26,669.27,227
1759344830,669.26,669.26,669.26,669.26,17
1759344835,669.25,669.26,669.24,669.24,60
1759344840,669.25,669.25,669.24,669.25,51
1759344845,669.25,669.26,669.2,669.23,523
1759344850,669.23,669.23,669.19,669.22,390
1759344855,669.22,669.23,669.2,669.21,271
1759344860,669.21,669.21,669.17,669.17,347
1759344865,669.18,669.19,669.17,669.19,71
1759344870,669.19,669.19,669.16,669.17,141
1759344875,669.17,669.18,669.14,669.15,264
1759344880,669.15,669.17,669.14,669.14,136
1759344885,669.14,669.18,669.14,669.17,175
1759344890,669.18,669.18,669.13,669.14,278
1759344895,669.15,669.16,669.14,669.15,64
1759344900,669.15,669.15,669.13,669.14,125
1759344905,669.13,669.14,669.11,669.12,236
1759344910,669.11,669.11,669.05,669.08,496
1759344915,669.07,669.09,669.05,669.06,148
1759344920,669.06,669.07,669.03,669.07,575
1759344925,669.06,669.06,669.04,669.05,65
1759344930,669.04,669.07,669.02,669.07,173
1759344935,669.05,669.05,669.03,669.03,112
1759344940,669.03,669.05,669.03,669.05,363
1759344945,669.04,669.05,669.03,669.04,227
1759344950,669.04,669.06,669.04,669.05,86
1759344955,669.04,669.05,669.03,669.04,93
1759344960,669.04,669.07,669.03,669.06,186
1759344965,669.06,669.07,669.03,669.04,99
1759344970,669.04,669.04,669.01,669.03,266
1759344975,669.04,669.09,669.04,669.08,268
1759344980,669.08,669.12,669.08,669.11,80
1759344985,669.11,669.14,669.1,669.13,153
1759344990,669.13,669.16,669.13,669.15,148
1759344995,669.16,669.16,669.13,669.16,152
1759345000,669.17,669.2,669.16,669.2,488
1759345005,669.2,669.21,669.17,669.19,253
1759345010,669.19,669.2,669.18,669.18,165
1759345015,669.17,669.18,669.16,669.16,83
1759345020,669.15,669.16,669.14,669.15,392
1759345025,669.15,669.15,669.12,669.13,23
1759345030,669.13,669.13,669.12,669.13,197
1759345035,669.12,669.13,669.11,669.11,194
1759345040,669.1,669.11,669.09,669.1,90
1759345045,669.1,669.12,669.09,669.12,150
1759345050,669.13,669.16,669.13,669.16,57
1759345055,669.16,669.16,669.14,669.14,95
1759345060,669.15,669.16,669.14,669.16,72
1759345065,669.16,669.17,669.15,669.17,164
1759345070,669.17,669.19,669.16,669.16,122
1759345075,669.15,669.16,669.14,669.15,70
1759345080,669.14,669.16,669.14,669.15,82
1759345085,669.15,669.15,669.15,669.15,7
1759345090,669.16,669.17,669.15,669.16,73
1759345095,669.15,669.15,669.13,669.14,86
1759345100,669.14,669.14,669.12,669.13,108
1759345105,669.14,669.14,669.11,669.11,120
1759345110,669.11,669.12,669.09,669.1,91
1759345115,669.1,669.1,669.09,669.09,127
1759345120,669.09,669.09,669.08,669.09,100
1759345125,669.09,669.12,669.08,669.09,164
1759345130,669.1,669.11,669.07,669.08,137
1759345135,669.08,669.08,669.06,669.06,555
1759345140,669.08,669.11,669.08,669.1,389
1759345145,669.09,669.12,669.09,669.12,358
1759345150,669.12,669.12,669.09,669.09,92
1759345155,669.1,669.13,669.1,669.13,232
1759345160,669.13,669.13,669.11,669.12,41
1759345165,669.12,669.13,669.12,669.12,35
1759345170,669.13,669.14,669.11,669.13,46
1759345175,669.12,669.12,669.11,669.11,44
1759345180,669.1,669.1,669.09,669.1,69
1759345185,669.1,669.11,669.1,669.1,121
1759345190,669.1,669.13,669.09,669.12,156
1759345195,669.13,669.15,669.12,669.13,143
1759345200,669.13,669.13,669.1,669.11,562
1759345205,669.11,669.12,669.11,669.11,208
1759345210,669.1,669.12,669.1,669.11,237
1759345215,669.12,669.12,669.11,669.11,114
1759345220,669.11,669.17,669.1,669.14,260
1759345225,669.14,669.16,669.14,669.16,103
1759345230,669.17,669.23,669.17,669.22,251
1759345235,669.22,669.22,669.16,669.19,278
1759345240,669.19,669.21,669.19,669.2,148
1759345245,669.21,669.24,669.21,669.24,147
1759345250,669.23,669.23,669.22,669.22,16
1759345255,669.22,669.22,669.17,669.18,208
1759345260,669.18,669.2,669.18,669.19,98
1759345265,669.2,669.2,669.2,669.2,75
1759345270,669.21,669.23,669.2,669.2,114
1759345275,669.21,669.21,669.21,669.21,2
1759345280,669.21,669.21,669.2,669.2,7
1759345285,669.2,669.21,669.19,669.21,50
1759345290,669.22,669.23,669.21,669.21,102
1759345295,669.2,669.24,669.2,669.24,63
1759345300,669.22,669.23,669.2,669.21,56
1759345305,669.21,669.21,669.18,669.2,136
1759345310,669.21,669.23,669.21,669.22,81
1759345315,669.22,669.24,669.22,669.23,72
1759345320,669.23,669.26,669.23,669.25,122
1759345325,669.25,669.25,669.23,669.23,62
1759345330,669.23,669.24,669.22,669.24,36
1759345335,669.23,669.24,669.22,669.24,57
1759345340,669.25,669.25,669.24,669.25,57
1759345345,669.24,669.25,669.24,669.25,105
1759345350,669.25,669.25,669.22,669.22,120
1759345355,669.22,669.23,669.22,669.22,122
1759345360,669.22,669.27,669.21,669.25,1318
1759345365,669.25,669.3,669.24,669.29,480
1759345370,669.29,669.29,669.26,669.26,343
1759345375,669.26,669.29,669.26,669.29,107
1759345380,669.29,669.32,669.27,669.27,216
1759345385,669.26,669.27,669.23,669.25,346
1759345390,669.24,669.25,669.23,669.24,64
1759345395,669.24,669.24,669.22,669.23,37
1759345400,669.22,669.23,669.2,669.22,222
1759345405,669.22,669.23,669.21,669.23,76
1759345410,669.24,669.24,669.23,669.23,58
1759345415,669.24,669.24,669.21,669.21,111
1759345420,669.21,669.22,669.19,669.21,129
1759345425,669.21,669.22,669.19,669.21,165
1759345430,669.2,669.28,669.2,669.27,188
1759345435,669.27,669.28,669.25,669.26,170
1759345440,669.26,669.27,669.25,669.25,128
1759345445,669.26,669.28,669.26,669.26,115
1759345450,669.26,669.28,669.25,669.26,186
1759345455,669.27,669.28,669.26,669.28,206
1759345460,669.27,669.31,669.27,669.31,133
1759345465,669.32,669.35,669.32,669.33,442
1759345470,669.33,669.33,669.31,669.31,138
1759345475,669.31,669.31,669.29,669.3,101
1759345480,669.3,669.33,669.3,669.32,132
1759345485,669.32,669.32,669.31,669.32,91
1759345490,669.32,669.34,669.31,669.33,74
1759345495,669.34,669.34,669.33,669.34,125
1759345500,669.35,669.37,669.33,669.36,405
1759345505,669.37,669.37,669.33,669.35,277
1759345510,669.34,669.35,669.34,669.35,98
1759345515,669.35,669.36,669.34,669.35,103
1759345520,669.35,669.36,669.34,669.34,66
1759345525,669.34,669.34,669.33,669.33,117
1759345530,669.33,669.37,669.33,669.34,126
1759345535,669.33,669.34,669.3,669.31,286
1759345540,669.32,669.33,669.31,669.32,132
1759345545,669.32,669.33,669.3,669.3,121
1759345550,669.3,669.31,669.29,669.29,146
1759345555,669.3,669.31,669.29,669.3,147
1759345560,669.31,669.37,669.31,669.36,237
1759345565,669.35,669.35,669.34,669.34,59
1759345570,669.33,669.33,669.32,669.33,56
1759345575,669.33,669.33,669.32,669.33,349
1759345580,669.32,669.34,669.31,669.32,762
1759345585,669.32,669.32,669.29,669.3,189
1759345590,669.29,669.3,669.27,669.29,296
1759345595,669.29,669.32,669.29,669.32,100
1759345600,669.32,669.33,669.3,669.33,146
1759345605,669.33,669.34,669.33,669.33,23
1759345610,669.34,669.34,669.33,669.34,74
1759345615,669.35,669.35,669.34,669.34,59
1759345620,669.35,669.36,669.33,669.34,149
1759345625,669.35,669.36,669.34,669.36,38
1759345630,669.36,669.36,669.34,669.35,34
1759345635,669.35,669.35,669.34,669.35,40
1759345640,669.35,669.37,669.34,669.37,57
1759345645,669.35,669.36,669.35,669.35,116
1759345650,669.34,669.35,669.34,669.35,63
1759345655,669.35,669.36,669.34,669.36,56
1759345660,669.34,669.34,669.31,669.32,60
1759345665,669.31,669.32,669.31,669.32,44
1759345670,669.33,669.34,669.33,669.33,75
1759345675,669.33,669.35,669.32,669.35,207
1759345680,669.35,669.36,669.34,669.35,89
1759345685,669.34,669.35,669.32,669.33,92
1759345690,669.32,669.32,669.29,669.29,223
1759345695,669.29,669.3,669.27,669.27,88
1759345700,669.26,669.27,669.26,669.26,130
1759345705,669.26,669.26,669.23,669.24,88
1759345710,669.23,669.24,669.18,669.19,391
1759345715,669.18,669.19,669.16,669.17,69
1759345720,669.16,669.17,669.16,669.17,50
1759345725,669.16,669.2,669.16,669.19,117
1759345730,669.19,669.19,669.15,669.19,1706
1759345735,669.18,669.19,669.15,669.16,73
1759345740,669.16,669.17,669.14,669.14,222
1759345745,669.14,669.17,669.13,669.17,63
1759345750,669.16,669.22,669.15,669.21,227
1759345755,669.22,669.23,669.21,669.22,110
1759345760,669.21,669.22,669.19,669.21,231
1759345765,669.2,669.21,669.17,669.17,277
1759345770,669.17,669.17,669.14,669.16,442
1759345775,669.16,669.16,669.13,669.16,169
1759345780,669.16,669.17,669.14,669.14,61
1759345785,669.14,669.19,669.13,669.18,146
1759345790,669.19,669.2,669.18,669.18,79
1759345795,669.18,669.19,669.16,669.16,134
1759345800,669.17,669.17,669.15,669.16,214
1759345805,669.16,669.18,669.15,669.18,90
1759345810,669.17,669.2,669.16,669.2,72
1759345815,669.2,669.2,669.15,669.16,768
1759345820,669.16,669.19,669.16,669.18,137
1759345825,669.2,669.21,669.19,669.2,82
1759345830,669.2,669.2,669.15,669.17,750
1759345835,669.16,669.17,669.16,669.17,32
1759345840,669.17,669.17,669.15,669.17,170
1759345845,669.17,669.18,669.15,669.17,80
1759345850,669.17,669.17,669.16,669.17,49
1759345855,669.17,669.17,669.16,669.16,32
1759345860,669.16,669.16,669.13,669.14,90
1759345865,669.14,669.14,669.11,669.12,183
1759345870,669.12,669.14,669.11,669.14,141
1759345875,669.13,669.14,669.13,669.14,33
1759345880,669.13,669.14,669.1,669.11,299
1759345885,669.11,669.12,669.11,669.12,112
1759345890,669.12,669.13,669.08,669.09,1068
1759345895,669.08,669.09,669.06,669.06,249
1759345900,669.06,669.07,669.02,669.02,261
1759345905,669.02,669.02,668.97,668.99,245
1759345910,668.98,668.99,668.96,668.98,348
1759345915,668.97,668.99,668.97,668.99,189
1759345920,668.99,668.99,668.96,668.97,370
1759345925,668.97,668.99,668.95,668.98,351
1759345930,668.97,668.99,668.96,668.97,301
1759345935,668.97,668.98,668.9,668.92,567
1759345940,668.93,668.93,668.88,668.88,330
1759345945,668.88,668.92,668.88,668.9,231
1759345950,668.9,668.97,668.89,668.95,520
1759345955,668.96,668.96,668.93,668.95,156
1759345960,668.96,668.97,668.93,668.97,272
1759345965,668.98,668.99,668.96,668.96,215
1759345970,668.96,668.98,668.95,668.98,264
1759345975,668.97,668.97,668.96,668.96,64
1759345980,668.97,669.03,668.97,669.03,286
1759345985,669.03,669.06,669.01,669.05,696
1759345990,669.04,669.04,669.02,669.03,173
1759345995,669.03,669.06,669.03,669.05,102
1759346000,669.06,669.08,669.06,669.07,95
1759346005,669.08,669.11,669.08,669.11,89
1759346010,669.1,669.13,669.1,669.11,56
1759346015,669.1,669.11,669.07,669.08,89
1759346020,669.07,669.08,669.06,669.07,161
1759346025,669.07,669.08,669.06,669.06,141
1759346030,669.06,669.09,669.06,669.08,170
1759346035,669.08,669.1,669.08,669.1,121
1759346040,669.09,669.1,669.07,669.07,127
1759346045,669.07,669.08,669.06,669.07,77
1759346050,669.07,669.08,669.06,669.08,77
1759346055,669.07,669.1,669.06,669.09,161
1759346060,669.09,669.09,669.06,669.06,336
1759346065,669.07,669.08,669.07,669.07,67
1759346070,669.07,669.09,669.07,669.09,142
1759346075,669.1,669.11,669.1,669.1,106
1759346080,669.1,669.1,669.08,669.09,104
1759346085,669.09,669.1,669.08,669.1,152
1759346090,669.1,669.1,669.09,669.1,87
1759346095,669.1,669.1,669.09,669.1,433
1759346100,669.11,669.12,669.1,669.12,100
1759346105,669.11,669.15,669.11,669.12,467
1759346110,669.12,669.13,669.11,669.12,437
1759346115,669.12,669.13,669.1,669.12,185
1759346120,669.11,669.11,669.09,669.09,52
1759346125,669.1,669.1,669.08,669.08,103
1759346130,669.08,669.1,669.07,669.08,113
1759346135,669.07,669.1,669.06,669.1,110
1759346140,669.11,669.12,669.09,669.09,92
1759346145,669.09,669.12,669.08,669.12,40
1759346150,669.12,669.12,669.09,669.09,142
1759346155,669.1,669.12,669.1,669.11,57
1759346160,669.12,669.15,669.12,669.14,123
1759346165,669.14,669.15,669.14,669.14,199
1759346170,669.15,669.15,669.14,669.15,47
1759346175,669.15,669.16,669.14,669.14,29
1759346180,669.14,669.14,669.12,669.13,264
1759346185,669.15,669.15,669.13,669.13,104
1759346190,669.14,669.15,669.14,669.14,25
1759346195,669.14,669.15,669.14,669.14,20
1759346200,669.14,669.14,669.08,669.08,495
1759346205,669.08,669.08,669.07,669.07,59
1759346210,669.07,669.07,669.05,669.07,328
1759346215,669.06,669.09,669.06,669.09,95
1759346220,669.08,669.09,669.06,669.07,195
1759346225,669.06,669.07,669.04,669.05,79
1759346230,669.06,669.06,669.04,669.06,203
1759346235,669.06,669.06,669.05,669.05,75
1759346240,669.05,669.07,669.05,669.06,146
1759346245,669.06,669.07,669.05,669.07,69
1759346250,669.07,669.1,669.06,669.09,403
1759346255,669.1,669.12,669.09,669.11,494
1759346260,669.12,669.12,669.09,669.1,171
1759346265,669.09,669.1,669.08,669.1,223
1759346270,669.1,669.1,669.07,669.08,114
1759346275,669.07,669.09,669.06,669.08,340
1759346280,669.09,669.09,669.05,669.05,81
1759346285,669.06,669.08,669.06,669.08,200
1759346290,669.07,669.08,669.06,669.08,485
1759346295,669.07,669.09,669.06,669.09,51
1759346300,669.09,669.09,669.08,669.08,137
1759346305,669.07,669.07,669.06,669.06,53
1759346310,669.06,669.06,669.03,669.03,233
1759346315,669.02,669.03,669.0,669.01,276
1759346320,669.0,669.02,669.0,669.0,277
1759346325,668.99,669.0,668.97,669.0,291
1759346330,669.0,669.02,668.97,668.99,341
1759346335,668.99,669.04,668.99,669.04,413
1759346340,669.04,669.08,669.04,669.07,305
1759346345,669.08,669.08,669.04,669.04,270
1759346350,669.04,669.04,669.0,669.0,191
1759346355,669.0,669.0,668.97,668.97,131
1759346360,668.97,668.98,668.93,668.94,355
1759346365,668.94,668.95,668.92,668.93,278
1759346370,668.92,668.93,668.89,668.91,197
1759346375,668.91,668.91,668.9,668.91,307
1759346380,668.91,668.92,668.89,668.9,189
1759346385,668.89,668.9,668.87,668.88,177
1759346390,668.88,668.88,668.85,668.87,263
1759346395,668.87,668.88,668.86,668.88,450
1759346400,668.88,668.92,668.87,668.92,386
1759346405,668.93,668.93,668.91,668.93,181
1759346410,668.92,668.96,668.92,668.96,269
1759346415,668.95,668.96,668.92,668.94,132
1759346420,668.93,668.94,668.92,668.94,144
1759346425,668.94,668.94,668.91,668.91,104
1759346430,668.91,668.93,668.9,668.93,181
1759346435,668.93,668.94,668.91,668.91,160
1759346440,668.91,668.91,668.89,668.89,132
1759346445,668.89,668.91,668.89,668.9,70
1759346450,668.9,668.91,668.87,668.88,202
1759346455,668.89,668.9,668.88,668.9,92
1759346460,668.91,668.93,668.9,668.91,134
1759346465,668.91,668.91,668.87,668.88,74
1759346470,668.88,668.91,668.88,668.88,73
1759346475,668.88,668.91,668.87,668.91,110
1759346480,668.92,668.92,668.88,668.88,90
1759346485,668.87,668.87,668.82,668.82,177
1759346490,668.82,668.83,668.8,668.8,423
1759346495,668.81,668.81,668.76,668.78,290
1759346500,668.79,668.79,668.75,668.75,174
1759346505,668.75,668.8,668.75,668.77,226
1759346510,668.78,668.81,668.78,668.8,449
1759346515,668.8,668.81,668.79,668.8,53
1759346520,668.81,668.83,668.79,668.79,147
1759346525,668.8,668.84,668.8,668.83,231
1759346530,668.83,668.86,668.83,668.86,134
1759346535,668.86,668.89,668.85,668.89,135
1759346540,668.88,668.88,668.85,668.85,63
1759346545,668.86,668.86,668.83,668.83,79
1759346550,668.83,668.83,668.8,668.81,266
1759346555,668.8,668.81,668.76,668.77,160
1759346560,668.78,668.82,668.77,668.81,226
1759346565,668.81,668.87,668.81,668.87,298
1759346570,668.87,668.87,668.83,668.83,90
1759346575,668.84,668.9,668.84,668.89,750
1759346580,668.89,668.89,668.83,668.89,382
1759346585,668.89,668.89,668.85,668.87,253
1759346590,668.87,668.91,668.86,668.9,759
1759346595,668.89,668.89,668.89,668.89,112
1759346600,668.88,668.88,668.83,668.84,230
1759346605,668.84,668.88,668.82,668.83,933
1759346610,668.82,668.84,668.81,668.84,237
1759346615,668.85,668.91,668.84,668.85,1249
1759346620,668.85,668.86,668.84,668.85,913
1759346625,668.85,668.86,668.84,668.85,1050
1759346630,668.85,668.86,668.83,668.84,270
1759346635,668.85,668.85,668.83,668.84,357
1759346640,668.83,668.85,668.81,668.83,334
1759346645,668.83,668.83,668.81,668.81,331
1759346650,668.83,668.83,668.79,668.82,321
1759346655,668.81,668.86,668.81,668.85,156
1759346660,668.85,668.9,668.83,668.89,501
1759346665,668.89,668.9,668.85,668.86,173
1759346670,668.85,668.86,668.82,668.82,286
1759346675,668.84,668.85,668.81,668.81,195
1759346680,668.82,668.83,668.78,668.79,522
1759346685,668.8,668.8,668.79,668.79,131
1759346690,668.78,668.8,668.77,668.78,211
1759346695,668.78,668.8,668.78,668.79,165
1759346700,668.79,668.8,668.77,668.77,293
1759346705,668.77,668.78,668.75,668.76,276
1759346710,668.75,668.76,668.73,668.75,397
1759346715,668.76,668.8,668.76,668.79,170
1759346720,668.8,668.83,668.79,668.83,144
1759346725,668.83,668.84,668.82,668.82,100
1759346730,668.83,668.88,668.82,668.88,309
1759346735,668.87,668.89,668.84,668.85,291
1759346740,668.85,668.85,668.83,668.85,260
1759346745,668.85,668.88,668.84,668.84,335
1759346750,668.84,668.85,668.83,668.84,142
1759346755,668.85,668.86,668.84,668.86,143
1759346760,668.86,668.86,668.82,668.82,110
1759346765,668.81,668.83,668.8,668.8,192
1759346770,668.8,668.8,668.76,668.76,275
1759346775,668.76,668.77,668.72,668.73,161
1759346780,668.74,668.77,668.73,668.76,156
1759346785,668.77,668.78,668.77,668.78,50
1759346790,668.79,668.82,668.78,668.81,181
1759346795,668.81,668.83,668.8,668.82,121
1759346800,668.81,668.81,668.79,668.8,177
1759346805,668.8,668.8,668.8,668.8,137
1759346810,668.79,668.8,668.79,668.8,62
1759346815,668.8,668.81,668.79,668.8,55
1759346820,668.79,668.81,668.78,668.81,294
1759346825,668.79,668.8,668.78,668.78,90
1759346830,668.79,668.8,668.79,668.8,105
1759346835,668.79,668.8,668.78,668.78,92
1759346840,668.77,668.79,668.76,668.78,80
1759346845,668.77,668.78,668.76,668.77,229
1759346850,668.78,668.78,668.77,668.78,376
1759346855,668.78,668.83,668.78,668.83,112
1759346860,668.83,668.85,668.83,668.84,97
1759346865,668.85,668.86,668.84,668.84,138
1759346870,668.84,668.85,668.83,668.84,193
1759346875,668.84,668.84,668.84,668.84,117
1759346880,668.85,668.87,668.84,668.85,147
1759346885,668.86,668.87,668.85,668.86,186
1759346890,668.85,668.86,668.84,668.85,36
1759346895,668.85,668.87,668.85,668.87,85
1759346900,668.85,668.87,668.85,668.85,117
1759346905,668.86,668.91,668.86,668.91,218
1759346910,668.91,668.92,668.9,668.91,311
1759346915,668.91,668.91,668.9,668.9,165
1759346920,668.91,668.91,668.9,668.91,204
1759346925,668.91,668.91,668.86,668.88,269
1759346930,668.87,668.89,668.86,668.88,91
1759346935,668.88,668.91,668.88,668.91,104
1759346940,668.9,668.96,668.9,668.96,302
1759346945,668.95,669.01,668.95,669.01,538
1759346950,669.0,669.02,669.0,669.0,398
1759346955,669.01,669.04,669.0,669.03,346
1759346960,669.03,669.06,669.02,669.06,513
1759346965,669.06,669.07,669.05,669.05,441
1759346970,669.06,669.09,669.03,669.08,378
1759346975,669.08,669.13,669.07,669.13,322
1759346980,669.13,669.15,669.12,669.12,252
1759346985,669.12,669.12,669.09,669.1,366
1759346990,669.09,669.12,669.08,669.11,146
1759346995,669.12,669.13,669.11,669.13,337
1759347000,669.12,669.13,669.07,669.08,490
1759347005,669.07,669.08,669.0,669.01,288
1759347010,669.0,669.02,669.0,669.01,200
1759347015,669.0,669.0,668.96,668.99,359
1759347020,669.0,669.01,669.0,669.01,177
1759347025,669.01,669.02,668.99,669.02,163
1759347030,669.03,669.03,669.01,669.02,88
1759347035,669.02,669.02,669.0,669.0,43
1759347040,668.99,669.01,668.99,669.0,128
1759347045,668.99,668.99,668.97,668.97,94
1759347050,668.98,669.0,668.97,669.0,205
1759347055,668.99,669.0,668.98,669.0,381
1759347060,669.0,669.01,668.99,669.0,227
1759347065,669.0,669.01,668.99,669.0,116
1759347070,669.01,669.03,669.01,669.03,176
1759347075,669.03,669.03,669.01,669.02,258
1759347080,669.02,669.02,668.97,669.02,216
1759347085,669.03,669.09,669.03,669.09,491
1759347090,669.08,669.08,669.04,669.04,335
1759347095,669.03,669.04,669.02,669.03,93
1759347100,669.03,669.04,669.03,669.03,72
1759347105,669.03,669.04,669.03,669.04,221
1759347110,669.04,669.08,669.04,669.07,240
1759347115,669.08,669.09,669.08,669.09,140
1759347120,669.08,669.09,669.07,669.08,93
1759347125,669.09,669.1,669.06,669.08,339
1759347130,669.08,669.09,669.07,669.08,120
1759347135,669.09,669.1,669.07,669.07,216
1759347140,669.06,669.07,669.06,669.07,197
1759347145,669.07,669.09,669.06,669.09,133
1759347150,669.09,669.1,669.08,669.09,137
1759347155,669.09,669.1,669.08,669.09,31
1759347160,669.09,669.09,669.04,669.05,508
1759347165,669.05,669.1,669.04,669.1,263
1759347170,669.1,669.13,669.08,669.11,419
1759347175,669.12,669.12,669.1,669.1,135
1759347180,669.1,669.11,669.07,669.08,229
1759347185,669.09,669.1,669.08,669.1,188
1759347190,669.1,669.13,669.1,669.12,213
1759347195,669.12,669.14,669.09,669.13,231
1759347200,669.13,669.13,669.11,669.11,144
1759347205,669.11,669.13,669.1,669.12,153
1759347210,669.12,669.15,669.12,669.13,346
1759347215,669.13,669.13,669.12,669.13,94
1759347220,669.13,669.13,669.08,669.09,498
1759347225,669.09,669.1,669.07,669.1,173
1759347230,669.1,669.11,669.09,669.1,188
1759347235,669.11,669.14,669.1,669.13,145
1759347240,669.14,669.21,669.14,669.19,586
1759347245,669.2,669.2,669.19,669.2,155
1759347250,669.2,669.22,669.19,669.21,332
1759347255,669.21,669.21,669.2,669.21,161
1759347260,669.22,669.24,669.22,669.24,531
1759347265,669.24,669.26,669.23,669.25,274
1759347270,669.26,669.26,669.22,669.23,506
1759347275,669.24,669.24,669.22,669.23,72
1759347280,669.23,669.24,669.22,669.23,133
1759347285,669.22,669.23,669.2,669.2,122
1759347290,669.21,669.21,669.19,669.2,74
1759347295,669.2,669.23,669.19,669.22,230
1759347300,669.23,669.23,669.15,669.15,408
1759347305,669.15,669.15,669.13,669.13,228
1759347310,669.14,669.15,669.13,669.13,182
1759347315,669.14,669.15,669.13,669.13,143
1759347320,669.13,669.13,669.09,669.11,266
1759347325,669.11,669.14,669.1,669.14,142
1759347330,669.15,669.16,669.09,669.11,476
1759347335,669.1,669.11,669.09,669.1,118
1759347340,669.1,669.11,669.09,669.1,95
1759347345,669.1,669.11,669.09,669.1,179
1759347350,669.11,669.15,669.1,669.14,191
1759347355,669.14,669.18,669.13,669.16,202
1759347360,669.16,669.16,669.14,669.14,439
1759347365,669.13,669.14,669.12,669.13,193
1759347370,669.12,669.13,669.1,669.11,200
1759347375,669.11,669.11,669.09,669.11,161
1759347380,669.11,669.14,669.09,669.13,813
1759347385,669.13,669.16,669.13,669.15,388
1759347390,669.15,669.18,669.12,669.16,848
1759347395,669.15,669.15,669.13,669.14,731
1759347400,669.13,669.16,669.11,669.13,915
1759347405,669.14,669.14,669.11,669.12,974
1759347410,669.12,669.14,669.11,669.14,336
1759347415,669.14,669.15,669.13,669.15,261
1759347420,669.16,669.16,669.14,669.16,245
1759347425,669.17,669.17,669.16,669.17,125
1759347430,669.15,669.15,669.1,669.14,2064
1759347435,669.15,669.15,669.13,669.15,409
1759347440,669.15,669.17,669.14,669.16,552
1759347445,669.17,669.17,669.11,669.12,278
1759347450,669.13,669.13,669.11,669.12,205
1759347455,669.12,669.13,669.07,669.09,845
1759347460,669.08,669.09,669.02,669.04,555
1759347465,669.03,669.05,668.99,669.04,1278
1759347470,669.03,669.06,669.01,669.06,292
1759347475,669.07,669.08,669.06,669.06,228
1759347480,669.06,669.09,669.05,669.06,524
1759347485,669.04,669.05,669.01,669.02,469
1759347490,669.02,669.02,669.0,669.01,193
1759347495,669.01,669.05,669.0,669.05,126
1759347500,669.05,669.07,669.03,669.04,127
1759347505,669.05,669.05,669.03,669.05,105
1759347510,669.05,669.06,669.04,669.05,125
1759347515,669.05,669.05,669.02,669.03,200
1759347520,669.03,669.04,669.02,669.03,155
1759347525,669.02,669.03,669.02,669.02,249
1759347530,669.02,669.04,669.01,669.04,218
1759347535,669.03,669.07,669.0,669.07,478
1759347540,669.07,669.07,669.01,669.01,257
1759347545,669.02,669.04,669.02,669.04,183
1759347550,669.03,669.04,669.01,669.03,222
1759347555,669.03,669.04,669.01,669.02,224
1759347560,669.02,669.03,669.01,669.03,276
1759347565,669.04,669.07,669.03,669.07,345
1759347570,669.06,669.06,669.04,669.06,236
1759347575,669.06,669.09,669.05,669.08,286
1759347580,669.06,669.08,669.05,669.06,155
1759347585,669.05,669.07,669.05,669.07,123
1759347590,669.07,669.07,669.03,669.05,327
1759347595,669.06,669.07,669.03,669.03,129
1759347600,669.03,669.03,669.0,669.0,351
1759347605,669.01,669.03,669.0,669.03,211
1759347610,669.04,669.04,669.0,669.0,163
1759347615,669.0,669.03,669.0,669.03,228
1759347620,669.03,669.05,669.02,669.05,425
1759347625,669.05,669.06,669.03,669.06,249
1759347630,669.06,669.07,669.05,669.05,286
1759347635,669.06,669.06,669.01,669.02,268
1759347640,669.01,669.01,668.98,668.99,493
1759347645,668.99,669.01,668.98,668.98,231
1759347650,668.99,669.05,668.98,669.04,1092
1759347655,669.04,669.15,669.04,669.13,1170
1759347660,669.13,669.14,669.1,669.11,335
1759347665,669.12,669.16,669.09,669.13,831
1759347670,669.13,669.21,669.13,669.18,1042
1759347675,669.18,669.19,669.16,669.17,307
1759347680,669.16,669.17,669.13,669.14,327
1759347685,669.13,669.14,669.11,669.14,200
1759347690,669.13,669.14,669.11,669.12,193
1759347695,669.1,669.11,669.06,669.08,403
1759347700,669.08,669.11,669.08,669.08,160
1759347705,669.09,669.09,669.07,669.08,202
1759347710,669.08,669.08,669.03,669.03,254
1759347715,669.03,669.06,669.01,669.01,303
1759347720,669.01,669.07,669.0,669.05,277
1759347725,669.05,669.07,669.04,669.07,293
1759347730,669.07,669.09,669.06,669.09,333
1759347735,669.09,669.09,669.06,669.07,121
1759347740,669.06,669.06,669.03,669.06,212
1759347745,669.05,669.05,669.0,669.02,297
1759347750,669.02,669.04,669.02,669.04,230
1759347755,669.04,669.05,669.03,669.04,278
1759347760,669.04,669.05,669.0,669.01,229
1759347765,669.0,669.02,669.0,669.01,280
1759347770,669.0,669.02,669.0,669.01,162
1759347775,669.01,669.02,669.0,669.01,144
1759347780,669.01,669.02,669.0,669.01,193
1759347785,669.0,669.0,668.96,668.99,626
1759347790,668.98,668.99,668.97,668.98,289
1759347795,668.98,669.0,668.97,668.98,227
1759347800,668.98,668.98,668.94,668.96,1046
1759347805,668.96,668.97,668.91,668.92,211
1759347810,668.9,668.91,668.89,668.9,208
1759347815,668.91,668.92,668.9,668.91,277
1759347820,668.91,668.92,668.85,668.85,727
1759347825,668.84,668.87,668.82,668.86,532
1759347830,668.86,668.86,668.83,668.85,235
1759347835,668.85,668.88,668.85,668.87,474
1759347840,668.86,668.88,668.84,668.87,395
1759347845,668.87,668.88,668.86,668.88,227
1759347850,668.88,668.89,668.85,668.86,169
1759347855,668.87,668.88,668.82,668.82,489
1759347860,668.83,668.84,668.82,668.83,220
1759347865,668.83,668.85,668.83,668.85,178
1759347870,668.86,668.88,668.86,668.87,192
1759347875,668.86,668.87,668.83,668.84,209
1759347880,668.84,668.87,668.84,668.87,126
1759347885,668.86,668.86,668.81,668.82,358
1759347890,668.82,668.82,668.8,668.82,174
1759347895,668.81,668.81,668.77,668.79,342
1759347900,668.79,668.81,668.76,668.8,822
1759347905,668.8,668.83,668.79,668.8,453
1759347910,668.81,668.81,668.78,668.81,396
1759347915,668.81,668.82,668.8,668.8,155
1759347920,668.8,668.8,668.77,668.78,243
1759347925,668.77,668.78,668.7,668.72,871
1759347930,668.72,668.8,668.72,668.78,848
1759347935,668.78,668.79,668.75,668.76,233
1759347940,668.77,668.77,668.72,668.73,616
1759347945,668.72,668.74,668.7,668.71,360
1759347950,668.71,668.76,668.7,668.76,569
1759347955,668.76,668.77,668.75,668.76,331
1759347960,668.76,668.81,668.74,668.79,823
1759347965,668.77,668.81,668.76,668.81,202
1759347970,668.81,668.82,668.78,668.79,255
1759347975,668.8,668.82,668.79,668.81,283
1759347980,668.82,668.85,668.81,668.82,801
1759347985,668.82,668.82,668.79,668.8,344
1759347990,668.8,668.81,668.79,668.79,413
1759347995,668.79,668.81,668.79,668.81,410
1759348000,668.8,668.82,668.78,668.81,242
1759348005,668.8,668.81,668.78,668.81,217
1759348010,668.81,668.84,668.8,668.82,313
1759348015,668.83,668.92,668.82,668.9,960
1759348020,668.9,668.91,668.88,668.9,443
1759348025,668.9,668.97,668.88,668.95,612
1759348030,668.96,668.97,668.93,668.94,396
1759348035,668.94,668.99,668.94,668.97,611
1759348040,668.97,669.01,668.97,669.0,538
1759348045,669.0,669.06,669.0,669.01,707
1759348050,669.01,669.02,668.98,668.98,315
1759348055,668.97,669.0,668.97,669.0,316
1759348060,669.0,669.01,668.98,668.99,440
1759348065,668.99,669.0,668.98,668.99,336
1759348070,668.99,669.0,668.96,668.96,452
1759348075,668.96,668.99,668.96,668.99,144
1759348080,668.99,669.0,668.97,668.97,472
1759348085,668.96,668.98,668.95,668.95,293
1759348090,668.95,669.0,668.95,668.98,356
1759348095,668.97,668.97,668.91,668.92,432
1759348100,668.93,668.95,668.91,668.94,270
1759348105,668.94,668.95,668.9,668.92,679
1759348110,668.93,668.95,668.91,668.92,616
1759348115,668.93,668.95,668.93,668.93,398
1759348120,668.93,668.98,668.93,668.97,396
1759348125,668.97,669.13,668.96,669.04,3810
1759348130,669.05,669.08,669.04,669.08,519
1759348135,669.08,669.11,669.08,669.09,291
1759348140,669.09,669.1,669.06,669.1,663
1759348145,669.11,669.11,669.06,669.06,308
1759348150,669.05,669.05,669.02,669.04,458
1759348155,669.04,669.05,668.99,669.0,347
1759348160,669.0,669.0,668.92,668.96,588
1759348165,668.96,668.99,668.96,668.99,425
1759348170,668.98,668.98,668.96,668.98,130
1759348175,668.98,669.0,668.97,668.97,286
1759348180,668.98,669.01,668.97,668.99,1412
1759348185,668.99,669.01,668.98,668.99,630
1759348190,668.98,669.0,668.97,668.99,324
1759348195,669.0,669.04,669.0,669.02,324
1759348200,669.04,669.18,669.0,669.04,1761
1759348205,669.03,669.06,668.95,668.99,703
1759348210,668.98,669.01,668.94,668.96,811
1759348215,668.97,668.99,668.95,668.95,425
1759348220,668.95,668.95,668.91,668.91,675
1759348225,668.92,668.97,668.89,668.96,378
1759348230,668.97,668.97,668.9,668.91,650
1759348235,668.91,668.92,668.88,668.89,520
1759348240,668.88,668.9,668.88,668.89,563
1759348245,668.88,668.97,668.88,668.96,591
1759348250,668.96,668.99,668.92,668.99,444
1759348255,669.0,669.01,668.99,669.0,250
1759348260,669.0,669.05,668.98,669.05,1403
1759348265,669.06,669.06,668.99,669.0,526
1759348270,668.99,668.99,668.94,668.95,768
1759348275,668.95,668.96,668.9,668.92,879
1759348280,668.93,668.93,668.88,668.89,405
1759348285,668.88,668.89,668.85,668.87,564
1759348290,668.87,668.88,668.86,668.88,256
1759348295,668.88,668.91,668.85,668.88,1269
1759348300,668.88,668.91,668.88,668.91,548
1759348305,668.92,668.99,668.91,668.98,375
1759348310,668.97,668.98,668.93,668.93,291
1759348315,668.92,668.93,668.9,668.91,85
1759348320,668.91,668.93,668.9,668.93,657
1759348325,668.93,668.93,668.85,668.85,277
1759348330,668.85,668.86,668.84,668.86,372
1759348335,668.85,668.86,668.82,668.83,312
1759348340,668.83,668.86,668.78,668.79,846
1759348345,668.79,668.81,668.77,668.79,341
1759348350,668.79,668.83,668.79,668.83,875
1759348355,668.84,668.91,668.8,668.91,1095
1759348360,668.92,668.96,668.91,668.93,620
1759348365,668.94,668.96,668.93,668.94,305
1759348370,668.94,668.95,668.9,668.95,234
1759348375,668.95,668.98,668.93,668.96,111
1759348380,668.96,668.97,668.92,668.93,226
1759348385,668.93,668.96,668.91,668.92,849
1759348390,668.93,668.96,668.91,668.92,591
1759348395,668.92,668.92,668.89,668.91,452
1759348400,668.9,668.91,668.87,668.87,159
1759348405,668.88,668.91,668.86,668.91,540
1759348410,668.91,668.93,668.89,668.93,405
1759348415,668.94,668.94,668.92,668.93,163
1759348420,668.93,668.93,668.9,668.9,360
1759348425,668.9,668.91,668.88,668.91,314
1759348430,668.92,668.95,668.92,668.94,389
1759348435,668.94,668.95,668.92,668.95,181
1759348440,668.95,668.95,668.89,668.92,629
1759348445,668.92,668.92,668.87,668.88,180
1759348450,668.89,668.96,668.89,668.93,875
1759348455,668.9,668.91,668.85,668.91,545
1759348460,668.91,668.95,668.91,668.93,466
1759348465,668.93,668.96,668.92,668.93,314
1759348470,668.93,668.93,668.91,668.92,256
1759348475,668.93,668.94,668.87,668.88,733
1759348480,668.87,668.88,668.72,668.81,2059
1759348485,668.81,668.82,668.76,668.77,530
1759348490,668.77,668.79,668.72,668.73,827
1759348495,668.73,668.74,668.7,668.71,477
1759348500,668.72,668.89,668.71,668.81,2705
1759348505,668.8,668.84,668.78,668.83,443
1759348510,668.84,668.85,668.72,668.74,776
1759348515,668.73,668.74,668.67,668.73,1622
1759348520,668.73,668.75,668.69,668.7,1066
1759348525,668.71,668.71,668.68,668.69,493
1759348530,668.68,668.7,668.67,668.67,1027
1759348535,668.67,668.68,668.64,668.67,788
1759348540,668.67,668.68,668.61,668.63,1202
1759348545,668.63,668.65,668.6,668.64,658
1759348550,668.65,668.68,668.64,668.67,666
1759348555,668.67,668.72,668.66,668.72,1660
1759348560,668.71,668.77,668.67,668.75,942
1759348565,668.75,668.76,668.73,668.73,488
1759348570,668.74,668.77,668.73,668.76,781
1759348575,668.76,668.84,668.75,668.84,1468
1759348580,668.84,668.85,668.79,668.8,993
1759348585,668.8,668.81,668.77,668.78,734
1759348590,668.77,668.77,668.7,668.73,596
1759348595,668.73,668.73,668.68,668.68,677
1759348600,668.69,668.69,668.66,668.66,395
1759348605,668.67,668.7,668.63,668.69,959
1759348610,668.69,668.73,668.67,668.71,639
1759348615,668.72,668.76,668.72,668.75,719
1759348620,668.76,668.77,668.7,668.71,1161
1759348625,668.72,668.78,668.68,668.78,1056
1759348630,668.78,668.83,668.77,668.81,1241
1759348635,668.81,668.86,668.78,668.83,790
1759348640,668.84,668.84,668.81,668.82,387
1759348645,668.81,668.84,668.79,668.81,962
1759348650,668.82,668.85,668.78,668.84,940
1759348655,668.84,668.87,668.83,668.84,2354
1759348660,668.83,668.87,668.83,668.85,1184
1759348665,668.85,668.87,668.83,668.87,811
1759348670,668.88,668.92,668.86,668.91,839
1759348675,668.91,668.92,668.88,668.91,780
1759348680,668.9,668.91,668.83,668.88,1264
1759348685,668.88,668.88,668.8,668.83,1200
1759348690,668.84,668.88,668.83,668.86,745
1759348695,668.86,668.89,668.85,668.87,1151
1759348700,668.88,668.92,668.87,668.92,632
1759348705,668.92,668.95,668.91,668.94,2362
1759348710,668.94,668.94,668.89,668.89,1781
1759348715,668.89,668.93,668.89,668.93,533
1759348720,668.93,668.93,668.89,668.92,1248
1759348725,668.93,668.94,668.91,668.92,1079
1759348730,668.92,668.95,668.89,668.94,1336
1759348735,668.93,668.97,668.87,668.87,3571
1759348740,668.87,668.92,668.82,668.92,7367
1759348745,668.92,668.95,668.9,668.94,1667
1759348750,668.94,668.95,668.89,668.92,1529
1759348755,668.92,668.92,668.79,668.8,706
1759348760,668.8,668.8,668.76,668.79,1792
1759348765,668.79,668.87,668.78,668.82,2293
1759348770,668.82,668.83,668.64,668.67,3011
1759348775,668.66,668.67,668.62,668.64,1924
1759348780,668.64,668.68,668.59,668.65,4316
1759348785,668.65,668.78,668.59,668.6,1753
1759348790,668.6,668.66,668.52,668.64,2836
1759348795,668.63,668.64,668.49,668.5,3790
