Date,Open,High,Low,Close,Volume
1750838465,711.7,711.7,711.7,711.7,3
1750838470,711.7,711.7,711.7,711.7,0
1750838475,711.7,711.7,711.7,711.7,0
1750838480,711.7,711.7,711.7,711.7,0
1750838485,711.7,711.7,711.7,711.7,0
1750838490,711.7,711.7,711.7,711.7,0
1750838495,711.7,711.7,711.7,711.7,0
1750838500,711.5,711.5,711.5,711.5,2
1750838505,711.5,711.5,711.5,711.5,7
1750838510,711.5,711.5,711.5,711.5,0
1750838515,711.5,711.5,711.5,711.5,0
1750838520,711.5,711.5,711.5,711.5,0
1750838525,711.5,711.5,711.5,711.5,0
1750838530,711.5,711.5,711.5,711.5,0
1750838535,711.5,711.5,711.5,711.5,0
1750838540,711.5,711.5,711.5,711.5,0
1750838545,711.5,711.5,711.5,711.5,0
1750838550,711.5,711.5,711.5,711.5,0
1750838555,711.5,711.5,711.5,711.5,0
1750838560,711.5,711.5,711.5,711.5,0
1750838565,711.5,711.5,711.5,711.5,0
1750838570,711.5,711.5,711.5,711.5,0
1750838575,711.5,711.5,711.5,711.5,0
1750838580,711.5,711.5,711.5,711.5,0
1750838585,711.5,711.5,711.5,711.5,0
1750838590,711.5,711.5,711.5,711.5,0
1750838595,711.5,711.5,711.5,711.5,0
1750838600,711.5,711.5,711.5,711.5,0
1750838605,711.5,711.5,711.5,711.5,0
1750838610,711.5,711.5,711.5,711.5,0
1750838615,711.5,711.5,711.5,711.5,0
1750838620,711.5,711.5,711.5,711.5,0
1750838625,711.5,711.5,711.5,711.5,0
1750838630,711.5,711.5,711.5,711.5,0
1750838635,711.5,711.5,711.5,711.5,0
1750838640,711.5,711.5,711.5,711.5,0
1750838645,711.5,711.5,711.5,711.5,0
1750838650,711.5,711.5,711.5,711.5,0
1750838655,711.5,711.5,711.5,711.5,0
1750838660,711.5,711.5,711.5,711.5,0
1750838665,711.5,711.5,711.5,711.5,0
1750838670,711.5,711.5,711.5,711.5,0
1750838675,711.5,711.5,711.5,711.5,0
1750838680,711.5,711.5,711.5,711.5,0
1750838685,711.5,711.5,711.5,711.5,0
1750838690,711.5,711.5,711.5,711.5,0
1750838695,711.5,711.5,711.5,711.5,0
1750838700,711.5,711.5,711.5,711.5,0
1750838705,711.5,711.5,711.5,711.5,0
1750838710,711.5,711.5,711.5,711.5,0
1750838715,711.5,711.5,711.5,711.5,0
1750838720,711.5,711.5,711.5,711.5,0
1750838725,711.5,711.5,711.5,711.5,0
1750838730,711.5,711.5,711.5,711.5,0
1750838735,711.5,711.5,711.5,711.5,0
1750838740,711.5,711.5,711.5,711.5,0
1750838745,711.5,711.5,711.5,711.5,0
1750838750,711.5,711.5,711.5,711.5,0
1750838755,711.5,711.5,711.5,711.5,0
1750838760,711.5,711.5,711.5,711.5,0
1750838765,711.5,711.5,711.5,711.5,0
1750838770,711.5,711.5,711.5,711.5,0
1750838775,711.5,711.5,711.5,711.5,0
1750838780,711.5,711.5,711.5,711.5,0
1750838785,711.5,711.5,711.5,711.5,0
1750838790,711.5,711.5,711.5,711.5,0
1750838795,711.5,711.5,711.5,711.5,0
1750838800,711.5,711.5,711.5,711.5,0
1750838805,711.5,711.5,711.5,711.5,0
1750838810,711.5,711.5,711.5,711.5,0
1750838815,711.5,711.5,711.5,711.5,0
1750838820,711.5,711.5,711.5,711.5,0
1750838825,711.5,711.5,711.5,711.5,0
1750838830,711.5,711.5,711.5,711.5,0
1750838835,711.5,711.5,711.5,711.5,0
1750838840,711.15,711.15,711.0,711.0,5
1750838845,711.0,711.0,711.0,711.0,0
1750838850,711.0,711.0,711.0,711.0,0
1750838855,711.0,711.0,711.0,711.0,0
1750838860,711.0,711.0,711.0,711.0,0
1750838865,711.0,711.0,711.0,711.0,0
1750838870,711.0,711.0,711.0,711.0,0
1750838875,711.0,711.0,711.0,711.0,0
1750838880,711.0,711.0,711.0,711.0,0
1750838885,711.0,711.0,711.0,711.0,0
1750838890,711.0,711.0,711.0,711.0,0
1750838895,711.0,711.0,711.0,711.0,0
1750838900,711.0,711.0,711.0,711.0,0
1750838905,711.0,711.0,711.0,711.0,0
1750838910,711.0,711.0,711.0,711.0,0
1750838915,711.0,711.0,711.0,711.0,0
1750838920,711.0,711.0,711.0,711.0,0
1750838925,711.0,711.0,711.0,711.0,0
1750838930,711.0,711.0,711.0,711.0,0
1750838935,711.0,711.0,711.0,711.0,0
1750838940,711.0,711.0,711.0,711.0,0
1750838945,711.0,711.0,711.0,711.0,0
1750838950,711.0,711.0,711.0,711.0,0
1750838955,711.0,711.0,711.0,711.0,0
1750838960,711.0,711.0,711.0,711.0,0
1750838965,711.0,711.0,711.0,711.0,0
1750838970,711.0,711.0,711.0,711.0,0
1750838975,711.0,711.0,711.0,711.0,0
1750838980,711.0,711.0,711.0,711.0,0
1750838985,711.0,711.0,711.0,711.0,0
1750838990,711.0,711.0,711.0,711.0,0
1750838995,711.0,711.0,711.0,711.0,0
1750839000,711.0,711.0,711.0,711.0,0
1750839005,711.0,711.0,711.0,711.0,0
1750839010,711.0,711.0,711.0,711.0,0
1750839015,711.0,711.0,711.0,711.0,0
1750839020,711.0,711.0,711.0,711.0,0
1750839025,711.0,711.0,711.0,711.0,0
1750839030,711.0,711.0,711.0,711.0,0
1750839035,711.0,711.0,711.0,711.0,0
1750839040,711.0,711.0,711.0,711.0,0
1750839045,711.0,711.0,711.0,711.0,0
1750839050,711.0,711.0,711.0,711.0,0
1750839055,711.0,711.0,711.0,711.0,0
1750839060,711.0,711.0,711.0,711.0,0
1750839065,711.0,711.0,711.0,711.0,0
1750839070,711.0,711.0,711.0,711.0,0
1750839075,711.0,711.0,711.0,711.0,0
1750839080,711.0,711.0,711.0,711.0,0
1750839085,711.0,711.0,711.0,711.0,0
1750839090,711.0,711.0,711.0,711.0,0
1750839095,711.0,711.0,711.0,711.0,0
1750839100,711.0,711.0,711.0,711.0,0
1750839105,711.0,711.0,711.0,711.0,0
1750839110,711.0,711.0,711.0,711.0,0
1750839115,711.0,711.0,711.0,711.0,0
1750839120,711.0,711.0,711.0,711.0,0
1750839125,711.0,711.0,711.0,711.0,0
1750839130,711.0,711.0,711.0,711.0,0
1750839135,711.0,711.0,711.0,711.0,0
1750839140,711.0,711.0,711.0,711.0,0
1750839145,711.0,711.0,711.0,711.0,0
1750839150,711.0,711.0,711.0,711.0,0
1750839155,711.0,711.0,711.0,711.0,0
1750839160,711.0,711.0,711.0,711.0,0
1750839165,711.0,711.0,711.0,711.0,0
1750839170,711.0,711.0,711.0,711.0,0
1750839175,711.0,711.0,711.0,711.0,0
1750839180,711.0,711.0,711.0,711.0,0
1750839185,711.0,711.0,711.0,711.0,0
1750839190,711.0,711.0,711.0,711.0,0
1750839195,711.0,711.0,711.0,711.0,0
1750839200,711.0,711.0,711.0,711.0,0
1750839205,711.0,711.0,711.0,711.0,0
1750839210,711.0,711.0,711.0,711.0,0
1750839215,711.0,711.0,711.0,711.0,0
1750839220,711.0,711.0,711.0,711.0,0
1750839225,711.0,711.0,711.0,711.0,0
1750839230,711.0,711.0,711.0,711.0,0
1750839235,711.0,711.0,711.0,711.0,0
1750839240,711.0,711.0,711.0,711.0,0
1750839245,711.0,711.0,711.0,711.0,0
1750839250,711.0,711.0,711.0,711.0,0
1750839255,711.0,711.0,711.0,711.0,0
1750839260,711.0,711.0,711.0,711.0,0
1750839265,711.0,711.0,711.0,711.0,0
1750839270,711.0,711.0,711.0,711.0,0
1750839275,711.0,711.0,711.0,711.0,0
1750839280,711.0,711.0,711.0,711.0,0
1750839285,711.0,711.0,711.0,711.0,0
1750839290,711.0,711.0,711.0,711.0,0
1750839295,711.0,711.0,711.0,711.0,0
1750839300,711.0,711.0,711.0,711.0,0
1750839305,711.0,711.0,711.0,711.0,0
1750839310,711.0,711.0,711.0,711.0,0
1750839315,711.0,711.0,711.0,711.0,0
1750839320,711.0,711.0,711.0,711.0,0
1750839325,711.0,711.0,711.0,711.0,0
1750839330,711.0,711.0,711.0,711.0,0
1750839335,711.0,711.0,711.0,711.0,0
1750839340,711.0,711.0,711.0,711.0,0
1750839345,711.0,711.0,711.0,711.0,0
1750839350,711.0,711.0,711.0,711.0,17
1750839355,711.0,711.0,711.0,711.0,0
1750839360,711.0,711.0,711.0,711.0,0
1750839365,711.0,711.0,711.0,711.0,0
1750839370,711.0,711.0,711.0,711.0,0
1750839375,711.0,711.0,711.0,711.0,0
1750839380,711.0,711.0,711.0,711.0,0
1750839385,711.0,711.0,711.0,711.0,0
1750839390,711.0,711.0,711.0,711.0,0
1750839395,711.0,711.0,711.0,711.0,0
1750839400,711.0,711.0,711.0,711.0,0
1750839405,711.0,711.0,711.0,711.0,0
1750839410,711.0,711.0,711.0,711.0,0
1750839415,711.0,711.0,711.0,711.0,0
1750839420,711.0,711.0,711.0,711.0,0
1750839425,711.0,711.0,711.0,711.0,0
1750839430,711.0,711.0,711.0,711.0,0
1750839435,710.99,710.99,710.99,710.99,2
1750839440,710.99,710.99,710.99,710.99,0
1750839445,710.99,710.99,710.99,710.99,0
1750839450,710.99,710.99,710.99,710.99,0
1750839455,710.99,710.99,710.99,710.99,0
1750839460,710.99,710.99,710.99,710.99,0
1750839465,710.99,710.99,710.99,710.99,0
1750839470,710.99,710.99,710.99,710.99,0
1750839475,710.99,710.99,710.99,710.99,0
1750839480,710.99,710.99,710.99,710.99,0
1750839485,710.99,710.99,710.99,710.99,0
1750839490,710.99,710.99,710.99,710.99,0
1750839495,710.99,710.99,710.99,710.99,0
1750839500,710.99,710.99,710.99,710.99,0
1750839505,710.99,710.99,710.99,710.99,0
1750839510,710.99,710.99,710.99,710.99,0
1750839515,710.99,710.99,710.99,710.99,0
1750839520,710.99,710.99,710.99,710.99,0
1750839525,710.99,710.99,710.99,710.99,0
1750839530,710.99,710.99,710.99,710.99,0
1750839535,710.99,710.99,710.99,710.99,0
1750839540,710.99,710.99,710.99,710.99,0
1750839545,710.99,710.99,710.99,710.99,0
1750839550,710.99,710.99,710.99,710.99,0
1750839555,710.99,710.99,710.99,710.99,0
1750839560,710.99,710.99,710.99,710.99,0
1750839565,710.99,710.99,710.99,710.99,0
1750839570,710.99,710.99,710.99,710.99,0
1750839575,710.99,710.99,710.99,710.99,0
1750839580,710.99,710.99,710.99,710.99,0
1750839585,710.99,710.99,710.99,710.99,0
1750839590,710.99,710.99,710.99,710.99,0
1750839595,710.99,710.99,710.99,710.99,0
1750839600,710.99,710.99,710.99,710.99,0
1750839605,710.99,710.99,710.99,710.99,0
1750839610,710.99,710.99,710.99,710.99,0
1750839615,710.99,710.99,710.99,710.99,0
1750839620,710.99,710.99,710.99,710.99,0
1750839625,710.99,710.99,710.99,710.99,0
1750839630,710.99,710.99,710.99,710.99,0
1750839635,710.99,710.99,710.99,710.99,0
1750839640,710.99,710.99,710.99,710.99,0
1750839645,710.99,710.99,710.99,710.99,0
1750839650,710.99,710.99,710.99,710.99,0
1750839655,710.99,710.99,710.99,710.99,0
1750839660,710.99,710.99,710.99,710.99,0
1750839665,710.99,710.99,710.99,710.99,0
1750839670,710.99,710.99,710.99,710.99,0
1750839675,710.99,710.99,710.99,710.99,0
1750839680,710.99,710.99,710.99,710.99,0
1750839685,710.99,710.99,710.99,710.99,0
1750839690,710.99,710.99,710.99,710.99,0
1750839695,710.99,710.99,710.99,710.99,0
1750839700,710.99,710.99,710.99,710.99,0
1750839705,710.99,710.99,710.99,710.99,0
1750839710,710.99,710.99,710.99,710.99,0
1750839715,710.99,710.99,710.99,710.99,0
1750839720,710.99,710.99,710.99,710.99,0
1750839725,710.99,710.99,710.99,710.99,0
1750839730,710.99,710.99,710.99,710.99,0
1750839735,710.99,710.99,710.99,710.99,0
1750839740,710.99,710.99,710.99,710.99,0
1750839745,710.99,710.99,710.99,710.99,0
1750839750,710.99,710.99,710.99,710.99,0
1750839755,710.99,710.99,710.99,710.99,0
1750839760,710.99,710.99,710.99,710.99,0
1750839765,710.99,710.99,710.99,710.99,0
1750839770,710.99,710.99,710.99,710.99,0
1750839775,710.99,710.99,710.99,710.99,0
1750839780,710.99,710.99,710.99,710.99,0
1750839785,710.99,710.99,710.99,710.99,0
1750839790,710.99,710.99,710.99,710.99,0
1750839795,710.99,710.99,710.99,710.99,0
1750839800,710.99,710.99,710.99,710.99,0
1750839805,710.99,710.99,710.99,710.99,0
1750839810,710.99,710.99,710.99,710.99,0
1750839815,710.99,710.99,710.99,710.99,0
1750839820,710.99,710.99,710.99,710.99,0
1750839825,710.99,710.99,710.99,710.99,0
1750839830,710.99,710.99,710.99,710.99,0
1750839835,710.99,710.99,710.99,710.99,0
1750839840,710.99,710.99,710.99,710.99,0
1750839845,710.99,710.99,710.99,710.99,0
1750839850,710.99,710.99,710.99,710.99,0
1750839855,710.99,710.99,710.99,710.99,0
1750839860,710.99,710.99,710.99,710.99,0
1750839865,710.99,710.99,710.99,710.99,0
1750839870,710.99,710.99,710.99,710.99,0
1750839875,710.99,710.99,710.99,710.99,0
1750839880,710.99,710.99,710.99,710.99,0
1750839885,710.99,710.99,710.99,710.99,0
1750839890,710.99,710.99,710.99,710.99,0
1750839895,710.99,710.99,710.99,710.99,0
1750839900,710.99,710.99,710.99,710.99,0
1750839905,710.99,710.99,710.99,710.99,0
1750839910,710.99,710.99,710.99,710.99,0
1750839915,710.99,710.99,710.99,710.99,0
1750839920,710.99,710.99,710.99,710.99,0
1750839925,710.99,710.99,710.99,710.99,0
1750839930,710.99,710.99,710.99,710.99,0
1750839935,710.99,710.99,710.99,710.99,0
1750839940,710.99,710.99,710.99,710.99,0
1750839945,710.99,710.99,710.99,710.99,0
1750839950,710.99,710.99,710.99,710.99,0
1750839955,710.99,710.99,710.99,710.99,0
1750839960,710.99,710.99,710.99,710.99,0
1750839965,710.99,710.99,710.99,710.99,0
1750839970,710.99,710.99,710.99,710.99,0
1750839975,710.99,710.99,710.99,710.99,0
1750839980,710.99,710.99,710.99,710.99,0
1750839985,710.99,710.99,710.99,710.99,0
1750839990,710.99,710.99,710.99,710.99,0
1750839995,710.99,710.99,710.99,710.99,0
1750840000,710.99,710.99,710.99,710.99,0
1750840005,710.99,710.99,710.99,710.99,0
1750840010,710.99,710.99,710.99,710.99,0
1750840015,710.99,710.99,710.99,710.99,0
1750840020,710.99,710.99,710.99,710.99,0
1750840025,710.99,710.99,710.99,710.99,0
1750840030,710.99,710.99,710.99,710.99,0
1750840035,710.99,710.99,710.99,710.99,0
1750840040,710.99,710.99,710.99,710.99,0
1750840045,711.01,711.01,711.01,711.01,3
1750840050,711.01,711.01,711.01,711.01,0
1750840055,711.01,711.01,711.01,711.01,0
1750840060,711.01,711.01,711.01,711.01,0
1750840065,711.01,711.01,711.01,711.01,0
1750840070,711.01,711.01,711.01,711.01,0
1750840075,711.01,711.01,711.01,711.01,0
1750840080,711.01,711.01,711.01,711.01,0
1750840085,711.01,711.01,711.01,711.01,0
1750840090,711.01,711.01,711.01,711.01,0
1750840095,711.01,711.01,711.01,711.01,0
1750840100,711.01,711.01,711.01,711.01,0
1750840105,711.01,711.01,711.01,711.01,0
1750840110,711.01,711.01,711.01,711.01,0
1750840115,711.01,711.01,711.01,711.01,0
1750840120,711.01,711.01,711.01,711.01,0
1750840125,711.01,711.01,711.01,711.01,0
1750840130,711.01,711.01,711.01,711.01,0
1750840135,711.01,711.01,711.01,711.01,0
1750840140,711.01,711.01,711.01,711.01,0
1750840145,711.01,711.01,711.01,711.01,0
1750840150,711.01,711.01,711.01,711.01,0
1750840155,711.01,711.01,711.01,711.01,0
1750840160,711.01,711.01,711.01,711.01,0
1750840165,711.01,711.01,711.01,711.01,0
1750840170,711.01,711.01,711.01,711.01,0
1750840175,711.01,711.01,711.01,711.01,0
1750840180,711.01,711.01,711.01,711.01,0
1750840185,711.01,711.01,711.01,711.01,0
1750840190,711.01,711.01,711.01,711.01,0
1750840195,711.01,711.01,711.01,711.01,0
1750840200,711.01,711.01,711.01,711.01,0
1750840205,711.01,711.01,711.01,711.01,0
1750840210,711.01,711.01,711.01,711.01,0
1750840215,711.01,711.01,711.01,711.01,0
1750840220,711.01,711.01,711.01,711.01,0
1750840225,711.01,711.01,711.01,711.01,0
1750840230,711.01,711.01,711.01,711.01,0
1750840235,711.01,711.01,711.01,711.01,0
1750840240,711.01,711.01,711.01,711.01,0
1750840245,711.01,711.01,711.01,711.01,0
1750840250,711.01,711.01,711.01,711.01,0
1750840255,711.01,711.01,711.01,711.01,0
1750840260,711.01,711.01,711.01,711.01,0
1750840265,711.01,711.01,711.01,711.01,0
1750840270,711.01,711.01,711.01,711.01,0
1750840275,711.01,711.01,711.01,711.01,0
1750840280,711.01,711.01,711.01,711.01,0
1750840285,711.01,711.01,711.01,711.01,0
1750840290,711.01,711.01,711.01,711.01,0
1750840295,711.01,711.01,711.01,711.01,0
1750840300,711.01,711.01,711.01,711.01,0
1750840305,711.01,711.01,711.01,711.01,0
1750840310,711.01,711.01,711.01,711.01,0
1750840315,711.01,711.01,711.01,711.01,0
1750840320,711.01,711.01,711.01,711.01,0
1750840325,711.01,711.01,711.01,711.01,0
1750840330,711.01,711.01,711.01,711.01,0
1750840335,711.01,711.01,711.01,711.01,0
1750840340,711.01,711.01,711.01,711.01,0
1750840345,711.01,711.01,711.01,711.01,0
1750840350,711.01,711.01,711.01,711.01,0
1750840355,711.01,711.01,711.01,711.01,0
1750840360,711.01,711.01,711.01,711.01,0
1750840365,711.01,711.01,711.01,711.01,0
1750840370,711.01,711.01,711.01,711.01,0
1750840375,711.01,711.01,711.01,711.01,0
1750840380,711.01,711.01,711.01,711.01,0
1750840385,711.01,711.01,711.01,711.01,0
1750840390,711.01,711.01,711.01,711.01,0
1750840395,711.01,711.01,711.01,711.01,0
1750840400,711.01,711.01,711.01,711.01,0
1750840405,711.01,711.01,711.01,711.01,0
1750840410,711.01,711.01,711.01,711.01,0
1750840415,711.01,711.01,711.01,711.01,0
1750840420,711.01,711.01,711.01,711.01,0
1750840425,711.01,711.01,711.01,711.01,0
1750840430,711.01,711.01,711.01,711.01,0
1750840435,711.01,711.01,711.01,711.01,0
1750840440,711.01,711.01,711.01,711.01,0
1750840445,711.01,711.01,711.01,711.01,0
1750840450,711.01,711.01,711.01,711.01,0
1750840455,711.01,711.01,711.01,711.01,0
1750840460,711.01,711.01,711.01,711.01,0
1750840465,711.01,711.01,711.01,711.01,0
1750840470,711.01,711.01,711.01,711.01,0
1750840475,711.01,711.01,711.01,711.01,0
1750840480,711.01,711.01,711.01,711.01,0
1750840485,711.01,711.01,711.01,711.01,0
1750840490,711.01,711.01,711.01,711.01,0
1750840495,711.01,711.01,711.01,711.01,0
1750840500,711.01,711.01,711.01,711.01,0
1750840505,711.01,711.01,711.01,711.01,0
1750840510,711.01,711.01,711.01,711.01,0
1750840515,711.01,711.01,711.01,711.01,0
1750840520,711.01,711.01,711.01,711.01,0
1750840525,711.01,711.01,711.01,711.01,0
1750840530,711.01,711.01,711.01,711.01,0
1750840535,711.01,711.01,711.01,711.01,0
1750840540,711.01,711.01,711.01,711.01,0
1750840545,711.01,711.01,711.01,711.01,0
1750840550,711.01,711.01,711.01,711.01,0
1750840555,711.01,711.01,711.01,711.01,0
1750840560,711.01,711.01,711.01,711.01,0
1750840565,711.01,711.01,711.01,711.01,0
1750840570,711.01,711.01,711.01,711.01,0
1750840575,711.01,711.01,711.01,711.01,0
1750840580,711.01,711.01,711.01,711.01,0
1750840585,711.01,711.01,711.01,711.01,0
1750840590,711.01,711.01,711.01,711.01,0
1750840595,711.01,711.01,711.01,711.01,0
1750840600,711.01,711.01,711.01,711.01,0
1750840605,711.01,711.01,711.01,711.01,0
1750840610,711.01,711.01,711.01,711.01,0
1750840615,711.01,711.01,711.01,711.01,0
1750840620,711.01,711.01,711.01,711.01,0
1750840625,711.01,711.01,711.01,711.01,0
1750840630,711.01,711.01,711.01,711.01,0
1750840635,711.01,711.01,711.01,711.01,0
1750840640,711.01,711.01,711.01,711.01,0
1750840645,711.01,711.01,711.01,711.01,0
1750840650,711.01,711.01,711.01,711.01,0
1750840655,711.01,711.01,711.01,711.01,0
1750840660,711.01,711.01,711.01,711.01,0
1750840665,711.01,711.01,711.01,711.01,0
1750840670,711.01,711.01,711.01,711.01,0
1750840675,711.01,711.01,711.01,711.01,0
1750840680,711.01,711.01,711.01,711.01,0
1750840685,711.01,711.01,711.01,711.01,0
1750840690,711.01,711.01,711.01,711.01,0
1750840695,711.01,711.01,711.01,711.01,0
1750840700,711.01,711.01,711.01,711.01,0
1750840705,711.01,711.01,711.01,711.01,0
1750840710,711.01,711.01,711.01,711.01,0
1750840715,711.01,711.01,711.01,711.01,0
1750840720,711.01,711.01,711.01,711.01,0
1750840725,711.01,711.01,711.01,711.01,0
1750840730,711.01,711.01,711.01,711.01,0
1750840735,711.01,711.01,711.01,711.01,0
1750840740,711.01,711.01,711.01,711.01,0
1750840745,711.01,711.01,711.01,711.01,0
1750840750,711.01,711.01,711.01,711.01,0
1750840755,711.01,711.01,711.01,711.01,0
1750840760,711.01,711.01,711.01,711.01,0
1750840765,711.01,711.01,711.01,711.01,0
1750840770,711.01,711.01,711.01,711.01,0
1750840775,711.01,711.01,711.01,711.01,0
1750840780,711.01,711.01,711.01,711.01,0
1750840785,711.01,711.01,711.01,711.01,0
1750840790,711.01,711.01,711.01,711.01,0
1750840795,711.01,711.01,711.01,711.01,0
1750840800,711.01,711.01,711.01,711.01,0
1750840805,711.01,711.01,711.01,711.01,0
1750840810,711.01,711.01,711.01,711.01,0
1750840815,711.01,711.01,711.01,711.01,0
1750840820,711.01,711.01,711.01,711.01,0
1750840825,711.01,711.01,711.01,711.01,0
1750840830,711.01,711.01,711.01,711.01,0
1750840835,711.01,711.01,711.01,711.01,0
1750840840,711.01,711.01,711.01,711.01,0
1750840845,711.01,711.01,711.01,711.01,0
1750840850,711.01,711.01,711.01,711.01,0
1750840855,711.01,711.01,711.01,711.01,0
1750840860,711.01,711.01,711.01,711.01,0
1750840865,711.01,711.01,711.01,711.01,0
1750840870,711.01,711.01,711.01,711.01,0
1750840875,711.01,711.01,711.01,711.01,0
1750840880,711.01,711.01,711.01,711.01,0
1750840885,711.01,711.01,711.01,711.01,0
1750840890,711.01,711.01,711.01,711.01,0
1750840895,711.01,711.01,711.01,711.01,0
1750840900,711.01,711.01,711.01,711.01,0
1750840905,711.01,711.01,711.01,711.01,0
1750840910,711.01,711.01,711.01,711.01,0
1750840915,711.01,711.01,711.01,711.01,0
1750840920,711.01,711.01,711.01,711.01,0
1750840925,711.01,711.01,711.01,711.01,0
1750840930,711.01,711.01,711.01,711.01,0
1750840935,711.01,711.01,711.01,711.01,0
1750840940,711.01,711.01,711.01,711.01,0
1750840945,711.01,711.01,711.01,711.01,0
1750840950,711.01,711.01,711.01,711.01,0
1750840955,711.01,711.01,711.01,711.01,0
1750840960,711.01,711.01,711.01,711.01,0
1750840965,711.01,711.01,711.01,711.01,0
1750840970,711.01,711.01,711.01,711.01,0
1750840975,711.01,711.01,711.01,711.01,0
1750840980,711.01,711.01,711.01,711.01,0
1750840985,711.01,711.01,711.01,711.01,0
1750840990,711.01,711.01,711.01,711.01,0
1750840995,711.01,711.01,711.01,711.01,0
1750841000,711.01,711.01,711.01,711.01,0
1750841005,711.01,711.01,711.01,711.01,0
1750841010,711.01,711.01,711.01,711.01,0
1750841015,711.01,711.01,711.01,711.01,0
1750841020,711.01,711.01,711.01,711.01,0
1750841025,711.01,711.01,711.01,711.01,0
1750841030,711.01,711.01,711.01,711.01,0
1750841035,711.01,711.01,711.01,711.01,0
1750841040,711.01,711.01,711.01,711.01,0
1750841045,711.01,711.01,711.01,711.01,0
1750841050,711.01,711.01,711.01,711.01,0
1750841055,711.01,711.01,711.01,711.01,0
1750841060,711.01,711.01,711.01,711.01,0
1750841065,711.01,711.01,711.01,711.01,0
1750841070,711.01,711.01,711.01,711.01,0
1750841075,711.01,711.01,711.01,711.01,0
1750841080,711.01,711.01,711.01,711.01,0
1750841085,711.01,711.01,711.01,711.01,0
1750841090,711.01,711.01,711.01,711.01,0
1750841095,711.01,711.01,711.01,711.01,0
1750841100,711.01,711.01,711.01,711.01,0
1750841105,711.01,711.01,711.01,711.01,0
1750841110,711.01,711.01,711.01,711.01,0
1750841115,711.01,711.01,711.01,711.01,0
1750841120,711.01,711.01,711.01,711.01,0
1750841125,711.01,711.01,711.01,711.01,0
1750841130,711.01,711.01,711.01,711.01,0
1750841135,711.01,711.01,711.01,711.01,0
1750841140,711.01,711.01,711.01,711.01,0
1750841145,711.01,711.01,711.01,711.01,0
1750841150,711.01,711.01,711.01,711.01,0
1750841155,711.01,711.01,711.01,711.01,0
1750841160,711.01,711.01,711.01,711.01,0
1750841165,711.01,711.01,711.01,711.01,0
1750841170,711.01,711.01,711.01,711.01,0
1750841175,711.01,711.01,711.01,711.01,0
1750841180,711.01,711.01,711.01,711.01,0
1750841185,711.01,711.01,711.01,711.01,0
1750841190,711.01,711.01,711.01,711.01,0
1750841195,711.01,711.01,711.01,711.01,0
1750841200,711.01,711.01,711.01,711.01,0
1750841205,711.01,711.01,711.01,711.01,0
1750841210,711.01,711.01,711.01,711.01,0
1750841215,711.01,711.01,711.01,711.01,0
1750841220,711.01,711.01,711.01,711.01,0
1750841225,711.01,711.01,711.01,711.01,0
1750841230,711.01,711.01,711.01,711.01,0
1750841235,711.01,711.01,711.01,711.01,0
1750841240,711.01,711.01,711.01,711.01,0
1750841245,711.01,711.01,711.01,711.01,0
1750841250,711.01,711.01,711.01,711.01,0
1750841255,711.01,711.01,711.01,711.01,0
1750841260,711.01,711.01,711.01,711.01,0
1750841265,711.01,711.01,711.01,711.01,0
1750841270,711.01,711.01,711.01,711.01,0
1750841275,711.01,711.01,711.01,711.01,0
1750841280,711.01,711.01,711.01,711.01,0
1750841285,711.01,711.01,711.01,711.01,0
1750841290,711.01,711.01,711.01,711.01,0
1750841295,711.01,711.01,711.01,711.01,0
1750841300,711.01,711.01,711.01,711.01,0
1750841305,711.01,711.01,711.01,711.01,0
1750841310,711.01,711.01,711.01,711.01,0
1750841315,711.01,711.01,711.01,711.01,0
1750841320,711.01,711.01,711.01,711.01,0
1750841325,711.01,711.01,711.01,711.01,0
1750841330,711.01,711.01,711.01,711.01,0
1750841335,711.01,711.01,711.01,711.01,0
1750841340,711.01,711.01,711.01,711.01,0
1750841345,711.01,711.01,711.01,711.01,0
1750841350,711.01,711.01,711.01,711.01,0
1750841355,711.01,711.01,711.01,711.01,0
1750841360,711.01,711.01,711.01,711.01,0
1750841365,711.01,711.01,711.01,711.01,0
1750841370,711.01,711.01,711.01,711.01,0
1750841375,711.01,711.01,711.01,711.01,0
1750841380,711.01,711.01,711.01,711.01,0
1750841385,711.01,711.01,711.01,711.01,0
1750841390,711.01,711.01,711.01,711.01,0
1750841395,711.01,711.01,711.01,711.01,0
1750841400,711.01,711.01,711.01,711.01,0
1750841405,711.01,711.01,711.01,711.01,0
1750841410,711.01,711.01,711.01,711.01,0
1750841415,711.01,711.01,711.01,711.01,0
1750841420,711.01,711.01,711.01,711.01,0
1750841425,711.01,711.01,711.01,711.01,0
1750841430,711.01,711.01,711.01,711.01,0
1750841435,711.01,711.01,711.01,711.01,0
1750841440,711.01,711.01,711.01,711.01,0
1750841445,711.01,711.01,711.01,711.01,0
1750841450,711.01,711.01,711.01,711.01,0
1750841455,711.01,711.01,711.01,711.01,0
1750841460,711.01,711.01,711.01,711.01,0
1750841465,711.01,711.01,711.01,711.01,0
1750841470,711.01,711.01,711.01,711.01,0
1750841475,711.01,711.01,711.01,711.01,0
1750841480,711.01,711.01,711.01,711.01,0
1750841485,711.01,711.01,711.01,711.01,0
1750841490,711.01,711.01,711.01,711.01,0
1750841495,711.01,711.01,711.01,711.01,0
1750841500,711.01,711.01,711.01,711.01,0
1750841505,711.01,711.01,711.01,711.01,0
1750841510,711.01,711.01,711.01,711.01,0
1750841515,711.01,711.01,711.01,711.01,0
1750841520,711.01,711.01,711.01,711.01,0
1750841525,711.01,711.01,711.01,711.01,0
1750841530,711.01,711.01,711.01,711.01,0
1750841535,711.01,711.01,711.01,711.01,0
1750841540,711.01,711.01,711.01,711.01,0
1750841545,711.01,711.01,711.01,711.01,0
1750841550,711.01,711.01,711.01,711.01,0
1750841555,711.01,711.01,711.01,711.01,0
1750841560,711.01,711.01,711.01,711.01,0
1750841565,711.01,711.01,711.01,711.01,0
1750841570,711.01,711.01,711.01,711.01,0
1750841575,711.01,711.01,711.01,711.01,0
1750841580,711.01,711.01,711.01,711.01,0
1750841585,711.01,711.01,711.01,711.01,0
1750841590,711.01,711.01,711.01,711.01,0
1750841595,711.01,711.01,711.01,711.01,0
1750841600,711.01,711.01,711.01,711.01,0
1750841605,711.01,711.01,711.01,711.01,0
1750841610,711.01,711.01,711.01,711.01,0
1750841615,711.01,711.01,711.01,711.01,0
1750841620,711.01,711.01,711.01,711.01,0
1750841625,711.01,711.01,711.01,711.01,0
1750841630,711.01,711.01,711.01,711.01,0
1750841635,711.01,711.01,711.01,711.01,0
1750841640,711.01,711.01,711.01,711.01,0
1750841645,711.01,711.01,711.01,711.01,0
1750841650,711.01,711.01,711.01,711.01,0
1750841655,711.01,711.01,711.01,711.01,0
1750841660,711.01,711.01,711.01,711.01,0
1750841665,711.01,711.01,711.01,711.01,0
1750841670,711.01,711.01,711.01,711.01,0
1750841675,711.01,711.01,711.01,711.01,0
1750841680,711.01,711.01,711.01,711.01,0
1750841685,711.01,711.01,711.01,711.01,0
1750841690,711.01,711.01,711.01,711.01,0
1750841695,711.01,711.01,711.01,711.01,0
1750841700,711.01,711.01,711.01,711.01,0
1750841705,711.01,711.01,711.01,711.01,0
1750841710,711.01,711.01,711.01,711.01,0
1750841715,711.01,711.01,711.01,711.01,0
1750841720,711.01,711.01,711.01,711.01,0
1750841725,711.01,711.01,711.01,711.01,0
1750841730,711.01,711.01,711.01,711.01,0
1750841735,711.01,711.01,711.01,711.01,0
1750841740,711.01,711.01,711.01,711.01,0
1750841745,711.01,711.01,711.01,711.01,0
1750841750,711.01,711.01,711.01,711.01,0
1750841755,711.01,711.01,711.01,711.01,0
1750841760,711.01,711.01,711.01,711.01,0
1750841765,711.01,711.01,711.01,711.01,0
1750841770,711.01,711.01,711.01,711.01,0
1750841775,711.01,711.01,711.01,711.01,0
1750841780,711.01,711.01,711.01,711.01,0
1750841785,711.01,711.01,711.01,711.01,0
1750841790,711.01,711.01,711.01,711.01,0
1750841795,711.01,711.01,711.01,711.01,0
1750841800,711.01,711.01,711.01,711.01,0
1750841805,711.01,711.01,711.01,711.01,0
1750841810,711.01,711.01,711.01,711.01,0
1750841815,711.01,711.01,711.01,711.01,0
1750841820,711.01,711.01,711.01,711.01,0
1750841825,711.01,711.01,711.01,711.01,0
1750841830,711.01,711.01,711.01,711.01,0
1750841835,711.01,711.01,711.01,711.01,0
1750841840,711.01,711.01,711.01,711.01,0
1750841845,711.01,711.01,711.01,711.01,0
1750841850,711.01,711.01,711.01,711.01,0
1750841855,711.01,711.01,711.01,711.01,0
1750841860,711.01,711.01,711.01,711.01,0
1750841865,711.01,711.01,711.01,711.01,0
1750841870,711.01,711.01,711.01,711.01,0
1750841875,711.01,711.01,711.01,711.01,0
1750841880,711.01,711.01,711.01,711.01,0
1750841885,711.01,711.01,711.01,711.01,0
1750841890,711.01,711.01,711.01,711.01,0
1750841895,711.01,711.01,711.01,711.01,0
1750841900,711.01,711.01,711.01,711.01,0
1750841905,711.01,711.01,711.01,711.01,0
1750841910,711.01,711.01,711.01,711.01,0
1750841915,711.01,711.01,711.01,711.01,0
1750841920,711.01,711.01,711.01,711.01,0
1750841925,711.01,711.01,711.01,711.01,0
1750841930,711.01,711.01,711.01,711.01,0
1750841935,711.01,711.01,711.01,711.01,0
1750841940,711.01,711.01,711.01,711.01,0
1750841945,711.01,711.01,711.01,711.01,0
1750841950,711.01,711.01,711.01,711.01,0
1750841955,711.01,711.01,711.01,711.01,0
1750841960,711.01,711.01,711.01,711.01,0
1750841965,711.01,711.01,711.01,711.01,0
1750841970,711.01,711.01,711.01,711.01,0
1750841975,711.01,711.01,711.01,711.01,0
1750841980,711.01,711.01,711.01,711.01,0
1750841985,711.01,711.01,711.01,711.01,0
1750841990,711.01,711.01,711.01,711.01,0
1750841995,711.01,711.01,711.01,711.01,0
1750842000,711.01,711.01,711.01,711.01,0
1750842005,711.01,711.01,711.01,711.01,0
1750842010,711.01,711.01,711.01,711.01,0
1750842015,711.01,711.01,711.01,711.01,0
1750842020,711.01,711.01,711.01,711.01,0
1750842025,711.01,711.01,711.01,711.01,0
1750842030,711.01,711.01,711.01,711.01,0
1750842035,711.01,711.01,711.01,711.01,0
1750842040,711.01,711.01,711.01,711.01,0
1750842045,711.01,711.01,711.01,711.01,0
1750842050,711.01,711.01,711.01,711.01,0
1750842055,711.01,711.01,711.01,711.01,0
1750842060,711.01,711.01,711.01,711.01,0
1750842065,711.01,711.01,711.01,711.01,0
1750842070,711.01,711.01,711.01,711.01,0
1750842075,711.01,711.01,711.01,711.01,0
1750842080,711.01,711.01,711.01,711.01,0
1750842085,711.01,711.01,711.01,711.01,0
1750842090,711.01,711.01,711.01,711.01,0
1750842095,711.01,711.01,711.01,711.01,0
1750842100,711.01,711.01,711.01,711.01,0
1750842105,711.01,711.01,711.01,711.01,0
1750842110,711.01,711.01,711.01,711.01,0
1750842115,711.01,711.01,711.01,711.01,0
1750842120,711.01,711.01,711.01,711.01,0
1750842125,711.01,711.01,711.01,711.01,0
1750842130,711.01,711.01,711.01,711.01,0
1750842135,711.01,711.01,711.01,711.01,0
1750842140,711.01,711.01,711.01,711.01,0
1750842145,711.01,711.01,711.01,711.01,0
1750842150,711.01,711.01,711.01,711.01,0
1750842155,711.01,711.01,711.01,711.01,0
1750842160,711.01,711.01,711.01,711.01,0
1750842165,711.01,711.01,711.01,711.01,0
1750842170,711.01,711.01,711.01,711.01,0
1750842175,711.01,711.01,711.01,711.01,0
1750842180,711.01,711.01,711.01,711.01,0
1750842185,711.01,711.01,711.01,711.01,0
1750842190,711.01,711.01,711.01,711.01,0
1750842195,711.01,711.01,711.01,711.01,0
1750842200,711.01,711.01,711.01,711.01,0
1750842205,711.01,711.01,711.01,711.01,0
1750842210,711.01,711.01,711.01,711.01,0
1750842215,711.01,711.01,711.01,711.01,0
1750842220,711.01,711.01,711.01,711.01,0
1750842225,711.01,711.01,711.01,711.01,0
1750842230,711.01,711.01,711.01,711.01,0
1750842235,711.01,711.01,711.01,711.01,0
1750842240,711.01,711.01,711.01,711.01,0
1750842245,711.01,711.01,711.01,711.01,0
1750842250,711.01,711.01,711.01,711.01,0
1750842255,711.01,711.01,711.01,711.01,0
1750842260,711.01,711.01,711.01,711.01,0
1750842265,711.01,711.01,711.01,711.01,0
1750842270,711.01,711.01,711.01,711.01,0
1750842275,711.01,711.01,711.01,711.01,0
1750842280,711.01,711.01,711.01,711.01,0
1750842285,711.01,711.01,711.01,711.01,0
1750842290,711.01,711.01,711.01,711.01,0
1750842295,711.01,711.01,711.01,711.01,0
1750842300,711.01,711.01,711.01,711.01,0
1750842305,711.01,711.01,711.01,711.01,0
1750842310,711.01,711.01,711.01,711.01,0
1750842315,711.01,711.01,711.01,711.01,0
1750842320,711.01,711.01,711.01,711.01,0
1750842325,711.01,711.01,711.01,711.01,0
1750842330,711.01,711.01,711.01,711.01,0
1750842335,711.01,711.01,711.01,711.01,0
1750842340,711.01,711.01,711.01,711.01,0
1750842345,711.01,711.01,711.01,711.01,0
1750842350,711.01,711.01,711.01,711.01,0
1750842355,711.01,711.01,711.01,711.01,0
1750842360,711.01,711.01,711.01,711.01,0
1750842365,711.01,711.01,711.01,711.01,0
1750842370,711.01,711.01,711.01,711.01,0
1750842375,711.01,711.01,711.01,711.01,0
1750842380,711.01,711.01,711.01,711.01,0
1750842385,711.01,711.01,711.01,711.01,0
1750842390,711.01,711.01,711.01,711.01,0
1750842395,711.01,711.01,711.01,711.01,0
1750842400,711.01,711.01,711.01,711.01,0
1750842405,711.01,711.01,711.01,711.01,0
1750842410,711.01,711.01,711.01,711.01,0
1750842415,711.01,711.01,711.01,711.01,0
1750842420,711.01,711.01,711.01,711.01,0
1750842425,711.01,711.01,711.01,711.01,0
1750842430,711.01,711.01,711.01,711.01,0
1750842435,711.01,711.01,711.01,711.01,0
1750842440,711.01,711.01,711.01,711.01,0
1750842445,711.01,711.01,711.01,711.01,0
1750842450,711.01,711.01,711.01,711.01,0
1750842455,711.01,711.01,711.01,711.01,0
1750842460,711.01,711.01,711.01,711.01,0
1750842465,711.01,711.01,711.01,711.01,0
1750842470,711.01,711.01,711.01,711.01,0
1750842475,711.01,711.01,711.01,711.01,0
1750842480,711.01,711.01,711.01,711.01,0
1750842485,711.01,711.01,711.01,711.01,0
1750842490,711.01,711.01,711.01,711.01,0
1750842495,711.01,711.01,711.01,711.01,0
1750842500,711.01,711.01,711.01,711.01,0
1750842505,711.01,711.01,711.01,711.01,0
1750842510,711.01,711.01,711.01,711.01,0
1750842515,711.01,711.01,711.01,711.01,0
1750842520,711.01,711.01,711.01,711.01,0
1750842525,711.01,711.01,711.01,711.01,0
1750842530,711.01,711.01,711.01,711.01,0
1750842535,711.01,711.01,711.01,711.01,0
1750842540,711.01,711.01,711.01,711.01,0
1750842545,711.01,711.01,711.01,711.01,0
1750842550,711.01,711.01,711.01,711.01,0
1750842555,711.01,711.01,711.01,711.01,0
1750842560,711.01,711.01,711.01,711.01,0
1750842565,711.01,711.01,711.01,711.01,0
1750842570,711.01,711.01,711.01,711.01,0
1750842575,711.01,711.01,711.01,711.01,0
1750842580,711.01,711.01,711.01,711.01,0
1750842585,711.01,711.01,711.01,711.01,0
1750842590,711.01,711.01,711.01,711.01,0
1750842595,711.01,711.01,711.01,711.01,0
1750842600,711.01,711.01,711.01,711.01,0
1750842605,711.01,711.01,711.01,711.01,0
1750842610,711.01,711.01,711.01,711.01,0
1750842615,711.01,711.01,711.01,711.01,0
1750842620,711.01,711.01,711.01,711.01,0
1750842625,711.01,711.01,711.01,711.01,0
1750842630,711.01,711.01,711.01,711.01,0
1750842635,711.01,711.01,711.01,711.01,0
1750842640,711.01,711.01,711.01,711.01,0
1750842645,711.01,711.01,711.01,711.01,0
1750842650,711.01,711.01,711.01,711.01,0
1750842655,711.01,711.01,711.01,711.01,0
1750842660,711.01,711.01,711.01,711.01,0
1750842665,711.01,711.01,711.01,711.01,0
1750842670,711.01,711.01,711.01,711.01,0
1750842675,711.01,711.01,711.01,711.01,0
1750842680,711.01,711.01,711.01,711.01,0
1750842685,711.01,711.01,711.01,711.01,0
1750842690,711.01,711.01,711.01,711.01,0
1750842695,711.01,711.01,711.01,711.01,0
1750842700,711.01,711.01,711.01,711.01,0
1750842705,711.01,711.01,711.01,711.01,0
1750842710,711.01,711.01,711.01,711.01,0
1750842715,711.01,711.01,711.01,711.01,0
1750842720,711.01,711.01,711.01,711.01,0
1750842725,711.01,711.01,711.01,711.01,0
1750842730,711.01,711.01,711.01,711.01,0
1750842735,711.01,711.01,711.01,711.01,0
1750842740,711.01,711.01,711.01,711.01,0
1750842745,711.01,711.01,711.01,711.01,0
1750842750,711.01,711.01,711.01,711.01,0
1750842755,711.01,711.01,711.01,711.01,0
1750842760,711.01,711.01,711.01,711.01,0
1750842765,711.01,711.01,711.01,711.01,0
1750842770,711.01,711.01,711.01,711.01,0
1750842775,711.01,711.01,711.01,711.01,0
1750842780,711.01,711.01,711.01,711.01,0
1750842785,711.01,711.01,711.01,711.01,0
1750842790,711.01,711.01,711.01,711.01,0
1750842795,711.01,711.01,711.01,711.01,0
1750842800,711.01,711.01,711.01,711.01,0
1750842805,711.01,711.01,711.01,711.01,0
1750842810,711.01,711.01,711.01,711.01,0
1750842815,711.01,711.01,711.01,711.01,0
1750842820,711.01,711.01,711.01,711.01,0
1750842825,711.01,711.01,711.01,711.01,0
1750842830,711.01,711.01,711.01,711.01,0
1750842835,711.01,711.01,711.01,711.01,0
1750842840,711.01,711.01,711.01,711.01,0
1750842845,711.01,711.01,711.01,711.01,0
1750842850,711.01,711.01,711.01,711.01,0
1750842855,711.01,711.01,711.01,711.01,0
1750842860,711.01,711.01,711.01,711.01,0
1750842865,711.01,711.01,711.01,711.01,0
1750842870,711.01,711.01,711.01,711.01,0
1750842875,711.01,711.01,711.01,711.01,0
1750842880,711.01,711.01,711.01,711.01,0
1750842885,711.01,711.01,711.01,711.01,0
1750842890,711.01,711.01,711.01,711.01,0
1750842895,711.01,711.01,711.01,711.01,0
1750842900,711.01,711.01,711.01,711.01,0
1750842905,711.01,711.01,711.01,711.01,0
1750842910,711.01,711.01,711.01,711.01,0
1750842915,711.01,711.01,711.01,711.01,0
1750842920,711.01,711.01,711.01,711.01,0
1750842925,711.01,711.01,711.01,711.01,0
1750842930,711.01,711.01,711.01,711.01,0
1750842935,711.01,711.01,711.01,711.01,0
1750842940,711.01,711.01,711.01,711.01,0
1750842945,711.01,711.01,711.01,711.01,0
1750842950,711.01,711.01,711.01,711.01,0
1750842955,711.01,711.01,711.01,711.01,0
1750842960,711.01,711.01,711.01,711.01,0
1750842965,711.01,711.01,711.01,711.01,0
1750842970,711.01,711.01,711.01,711.01,0
1750842975,711.01,711.01,711.01,711.01,0
1750842980,711.01,711.01,711.01,711.01,0
1750842985,711.01,711.01,711.01,711.01,0
1750842990,711.01,711.01,711.01,711.01,0
1750842995,711.01,711.01,711.01,711.01,0
1750843000,711.01,711.01,711.01,711.01,0
1750843005,711.01,711.01,711.01,711.01,0
1750843010,711.01,711.01,711.01,711.01,0
1750843015,711.01,711.01,711.01,711.01,0
1750843020,711.01,711.01,711.01,711.01,0
1750843025,711.01,711.01,711.01,711.01,0
1750843030,711.01,711.01,711.01,711.01,0
1750843035,711.01,711.01,711.01,711.01,0
1750843040,711.01,711.01,711.01,711.01,0
1750843045,711.01,711.01,711.01,711.01,0
1750843050,711.01,711.01,711.01,711.01,0
1750843055,711.01,711.01,711.01,711.01,0
1750843060,711.01,711.01,711.01,711.01,0
1750843065,711.01,711.01,711.01,711.01,0
1750843070,711.01,711.01,711.01,711.01,0
1750843075,711.01,711.01,711.01,711.01,0
1750843080,711.01,711.01,711.01,711.01,0
1750843085,711.01,711.01,711.01,711.01,0
1750843090,711.01,711.01,711.01,711.01,0
1750843095,711.01,711.01,711.01,711.01,0
1750843100,711.01,711.01,711.01,711.01,0
1750843105,711.01,711.01,711.01,711.01,0
1750843110,711.01,711.01,711.01,711.01,0
1750843115,711.01,711.01,711.01,711.01,0
1750843120,711.01,711.01,711.01,711.01,0
1750843125,711.01,711.01,711.01,711.01,0
1750843130,711.01,711.01,711.01,711.01,0
1750843135,711.01,711.01,711.01,711.01,0
1750843140,711.01,711.01,711.01,711.01,0
1750843145,711.01,711.01,711.01,711.01,0
1750843150,711.01,711.01,711.01,711.01,0
1750843155,711.01,711.01,711.01,711.01,0
1750843160,711.01,711.01,711.01,711.01,0
1750843165,711.01,711.01,711.01,711.01,0
1750843170,711.01,711.01,711.01,711.01,0
1750843175,711.01,711.01,711.01,711.01,0
1750843180,711.01,711.01,711.01,711.01,0
1750843185,711.01,711.01,711.01,711.01,0
1750843190,711.01,711.01,711.01,711.01,0
1750843195,711.01,711.01,711.01,711.01,0
1750843200,711.7,711.7,711.7,711.7,24
1750843205,711.7,711.7,711.7,711.7,0
1750843210,711.7,711.7,711.7,711.7,0
1750843215,711.7,711.7,711.7,711.7,0
1750843220,711.7,711.7,711.7,711.7,0
1750843225,711.7,711.7,711.7,711.7,0
1750843230,711.7,711.7,711.7,711.7,0
1750843235,711.7,711.7,711.7,711.7,0
1750843240,711.7,711.7,711.7,711.7,0
1750843245,711.7,711.7,711.7,711.7,0
1750843250,711.7,711.7,711.7,711.7,0
1750843255,711.7,711.7,711.7,711.7,0
1750843260,711.7,711.7,711.7,711.7,0
1750843265,711.7,711.7,711.7,711.7,0
1750843270,711.7,711.7,711.7,711.7,0
1750843275,711.7,711.7,711.7,711.7,0
1750843280,711.7,711.7,711.7,711.7,0
1750843285,711.7,711.7,711.7,711.7,0
1750843290,711.7,711.7,711.7,711.7,0
1750843295,711.7,711.7,711.7,711.7,0
1750843300,711.7,711.7,711.7,711.7,0
1750843305,711.7,711.7,711.7,711.7,0
1750843310,711.7,711.7,711.7,711.7,0
1750843315,711.7,711.7,711.7,711.7,0
1750843320,711.7,711.7,711.7,711.7,0
1750843325,711.7,711.7,711.7,711.7,0
1750843330,711.7,711.7,711.7,711.7,0
1750843335,711.7,711.7,711.7,711.7,0
1750843340,711.7,711.7,711.7,711.7,0
1750843345,711.7,711.7,711.7,711.7,0
1750843350,711.7,711.7,711.7,711.7,0
1750843355,711.7,711.7,711.7,711.7,0
1750843360,711.7,711.7,711.7,711.7,0
1750843365,711.7,711.7,711.7,711.7,0
1750843370,711.7,711.7,711.7,711.7,0
1750843375,711.7,711.7,711.7,711.7,0
1750843380,711.7,711.7,711.7,711.7,0
1750843385,711.7,711.7,711.7,711.7,0
1750843390,711.7,711.7,711.7,711.7,0
1750843395,711.7,711.7,711.7,711.7,0
1750843400,711.7,711.7,711.7,711.7,0
1750843405,711.7,711.7,711.7,711.7,0
1750843410,712.43,712.43,712.43,712.43,2
1750843415,712.43,712.43,712.43,712.43,0
1750843420,712.43,712.43,712.43,712.43,0
1750843425,712.43,712.43,712.43,712.43,0
1750843430,712.43,712.43,712.43,712.43,0
1750843435,712.43,712.43,712.43,712.43,0
1750843440,712.43,712.43,712.43,712.43,0
1750843445,712.43,712.43,712.43,712.43,2
1750843450,712.43,712.43,712.43,712.43,0
1750843455,712.43,712.43,712.43,712.43,0
1750843460,712.43,712.43,712.43,712.43,0
1750843465,712.43,712.43,712.43,712.43,0
1750843470,712.43,712.43,712.43,712.43,0
1750843475,712.43,712.43,712.43,712.43,0
1750843480,712.43,712.43,712.43,712.43,0
1750843485,712.43,712.43,712.43,712.43,0
1750843490,712.43,712.43,712.43,712.43,0
1750843495,712.43,712.43,712.43,712.43,0
1750843500,712.43,712.43,712.43,712.43,0
1750843505,712.43,712.43,712.43,712.43,0
1750843510,712.43,712.43,712.43,712.43,0
1750843515,712.43,712.43,712.43,712.43,0
1750843520,712.43,712.43,712.43,712.43,0
1750843525,712.43,712.43,712.43,712.43,0
1750843530,712.43,712.43,712.43,712.43,0
1750843535,712.43,712.43,712.43,712.43,0
1750843540,712.43,712.43,712.43,712.43,0
1750843545,712.43,712.43,712.43,712.43,0
1750843550,712.43,712.43,712.43,712.43,0
1750843555,712.43,712.43,712.43,712.43,0
1750843560,712.43,712.43,712.43,712.43,0
1750843565,712.43,712.43,712.43,712.43,0
1750843570,712.43,712.43,712.43,712.43,0
1750843575,712.43,712.43,712.43,712.43,0
1750843580,712.43,712.43,712.43,712.43,0
1750843585,712.43,712.43,712.43,712.43,0
1750843590,712.43,712.43,712.43,712.43,0
1750843595,712.43,712.43,712.43,712.43,0
1750843600,712.43,712.43,712.43,712.43,0
1750843605,712.43,712.43,712.43,712.43,0
1750843610,712.43,712.43,712.43,712.43,0
1750843615,712.43,712.43,712.43,712.43,0
1750843620,712.43,712.43,712.43,712.43,0
1750843625,712.43,712.43,712.43,712.43,0
1750843630,712.43,712.43,712.43,712.43,0
1750843635,712.43,712.43,712.43,712.43,0
1750843640,712.43,712.43,712.43,712.43,0
1750843645,712.43,712.43,712.43,712.43,0
1750843650,712.43,712.43,712.43,712.43,0
1750843655,712.43,712.43,712.43,712.43,0
1750843660,712.43,712.43,712.43,712.43,0
1750843665,712.43,712.43,712.43,712.43,0
1750843670,712.43,712.43,712.43,712.43,0
1750843675,712.43,712.43,712.43,712.43,0
1750843680,712.43,712.43,712.43,712.43,0
1750843685,712.43,712.43,712.43,712.43,0
1750843690,712.43,712.43,712.43,712.43,0
1750843695,712.43,712.43,712.43,712.43,0
1750843700,712.43,712.43,712.43,712.43,0
1750843705,712.43,712.43,712.43,712.43,0
1750843710,712.43,712.43,712.43,712.43,0
1750843715,712.43,712.43,712.43,712.43,0
1750843720,712.43,712.43,712.43,712.43,0
1750843725,712.43,712.43,712.43,712.43,0
1750843730,712.43,712.43,712.43,712.43,0
1750843735,712.43,712.43,712.43,712.43,0
1750843740,712.43,712.43,712.43,712.43,0
1750843745,712.43,712.43,712.43,712.43,0
1750843750,712.43,712.43,712.43,712.43,0
1750843755,712.43,712.43,712.43,712.43,0
1750843760,712.43,712.43,712.43,712.43,0
1750843765,712.43,712.43,712.43,712.43,0
1750843770,712.43,712.43,712.43,712.43,0
1750843775,712.43,712.43,712.43,712.43,0
1750843780,712.43,712.43,712.43,712.43,0
1750843785,712.43,712.43,712.43,712.43,0
1750843790,712.43,712.43,712.43,712.43,0
1750843795,712.43,712.43,712.43,712.43,0
1750843800,712.43,712.43,712.43,712.43,0
1750843805,712.43,712.43,712.43,712.43,0
1750843810,712.43,712.43,712.43,712.43,0
1750843815,712.43,712.43,712.43,712.43,0
1750843820,712.43,712.43,712.43,712.43,0
1750843825,712.43,712.43,712.43,712.43,0
1750843830,712.43,712.43,712.43,712.43,0
1750843835,712.43,712.43,712.43,712.43,0
1750843840,712.43,712.43,712.43,712.43,0
1750843845,712.43,712.43,712.43,712.43,0
1750843850,712.43,712.43,712.43,712.43,0
1750843855,712.43,712.43,712.43,712.43,0
1750843860,712.43,712.43,712.43,712.43,0
1750843865,712.43,712.43,712.43,712.43,0
1750843870,712.43,712.43,712.43,712.43,0
1750843875,712.43,712.43,712.43,712.43,0
1750843880,712.43,712.43,712.43,712.43,0
1750843885,712.43,712.43,712.43,712.43,0
1750843890,712.43,712.43,712.43,712.43,0
1750843895,712.43,712.43,712.43,712.43,0
1750843900,712.43,712.43,712.43,712.43,0
1750843905,712.43,712.43,712.43,712.43,0
1750843910,712.43,712.43,712.43,712.43,0
1750843915,712.43,712.43,712.43,712.43,0
1750843920,712.43,712.43,712.43,712.43,0
1750843925,712.43,712.43,712.43,712.43,0
1750843930,712.43,712.43,712.43,712.43,0
1750843935,712.43,712.43,712.43,712.43,0
1750843940,712.43,712.43,712.43,712.43,0
1750843945,712.43,712.43,712.43,712.43,0
1750843950,712.43,712.43,712.43,712.43,0
1750843955,712.43,712.43,712.43,712.43,0
1750843960,712.43,712.43,712.43,712.43,0
1750843965,712.43,712.43,712.43,712.43,0
1750843970,712.43,712.43,712.43,712.43,0
1750843975,712.43,712.43,712.43,712.43,0
1750843980,712.43,712.43,712.43,712.43,0
1750843985,712.43,712.43,712.43,712.43,0
1750843990,712.43,712.43,712.43,712.43,0
1750843995,712.43,712.43,712.43,712.43,0
1750844000,712.43,712.43,712.43,712.43,0
1750844005,712.43,712.43,712.43,712.43,0
1750844010,712.43,712.43,712.43,712.43,0
1750844015,712.43,712.43,712.43,712.43,0
1750844020,712.43,712.43,712.43,712.43,0
1750844025,712.43,712.43,712.43,712.43,0
1750844030,712.43,712.43,712.43,712.43,0
1750844035,712.43,712.43,712.43,712.43,0
1750844040,712.43,712.43,712.43,712.43,0
1750844045,712.43,712.43,712.43,712.43,0
1750844050,712.43,712.43,712.43,712.43,0
1750844055,712.43,712.43,712.43,712.43,0
1750844060,712.43,712.43,712.43,712.43,0
1750844065,712.43,712.43,712.43,712.43,0
1750844070,712.43,712.43,712.43,712.43,0
1750844075,712.43,712.43,712.43,712.43,0
1750844080,712.43,712.43,712.43,712.43,0
1750844085,712.43,712.43,712.43,712.43,0
1750844090,712.43,712.43,712.43,712.43,0
1750844095,712.43,712.43,712.43,712.43,0
1750844100,712.43,712.43,712.43,712.43,0
1750844105,712.43,712.43,712.43,712.43,0
1750844110,712.43,712.43,712.43,712.43,0
1750844115,712.43,712.43,712.43,712.43,0
1750844120,712.43,712.43,712.43,712.43,0
1750844125,712.43,712.43,712.43,712.43,0
1750844130,712.43,712.43,712.43,712.43,0
1750844135,712.43,712.43,712.43,712.43,0
1750844140,712.43,712.43,712.43,712.43,0
1750844145,712.43,712.43,712.43,712.43,0
1750844150,712.43,712.43,712.43,712.43,0
1750844155,712.43,712.43,712.43,712.43,0
1750844160,712.43,712.43,712.43,712.43,0
1750844165,712.43,712.43,712.43,712.43,0
1750844170,712.43,712.43,712.43,712.43,0
1750844175,712.43,712.43,712.43,712.43,0
1750844180,712.43,712.43,712.43,712.43,0
1750844185,712.43,712.43,712.43,712.43,0
1750844190,712.43,712.43,712.43,712.43,0
1750844195,712.43,712.43,712.43,712.43,0
1750844200,712.43,712.43,712.43,712.43,0
1750844205,712.43,712.43,712.43,712.43,0
1750844210,712.43,712.43,712.43,712.43,0
1750844215,712.43,712.43,712.43,712.43,0
1750844220,712.43,712.43,712.43,712.43,0
1750844225,712.43,712.43,712.43,712.43,0
1750844230,712.43,712.43,712.43,712.43,0
1750844235,712.43,712.43,712.43,712.43,0
1750844240,712.43,712.43,712.43,712.43,0
1750844245,712.43,712.43,712.43,712.43,0
1750844250,712.43,712.43,712.43,712.43,0
1750844255,712.43,712.43,712.43,712.43,0
1750844260,712.43,712.43,712.43,712.43,0
1750844265,712.43,712.43,712.43,712.43,0
1750844270,712.43,712.43,712.43,712.43,0
1750844275,712.43,712.43,712.43,712.43,0
1750844280,712.43,712.43,712.43,712.43,0
1750844285,712.43,712.43,712.43,712.43,0
1750844290,712.43,712.43,712.43,712.43,0
1750844295,712.43,712.43,712.43,712.43,0
1750844300,712.43,712.43,712.43,712.43,0
1750844305,712.43,712.43,712.43,712.43,0
1750844310,712.43,712.43,712.43,712.43,0
1750844315,712.43,712.43,712.43,712.43,0
1750844320,712.43,712.43,712.43,712.43,0
1750844325,712.43,712.43,712.43,712.43,0
1750844330,712.43,712.43,712.43,712.43,0
1750844335,712.43,712.43,712.43,712.43,0
1750844340,712.43,712.43,712.43,712.43,0
1750844345,712.43,712.43,712.43,712.43,0
1750844350,712.43,712.43,712.43,712.43,0
1750844355,712.43,712.43,712.43,712.43,0
1750844360,712.43,712.43,712.43,712.43,0
1750844365,712.43,712.43,712.43,712.43,0
1750844370,712.43,712.43,712.43,712.43,0
1750844375,712.43,712.43,712.43,712.43,0
1750844380,712.43,712.43,712.43,712.43,0
1750844385,712.43,712.43,712.43,712.43,0
1750844390,712.43,712.43,712.43,712.43,0
1750844395,712.43,712.43,712.43,712.43,0
1750844400,712.43,712.43,712.43,712.43,0
1750844405,712.43,712.43,712.43,712.43,0
1750844410,712.43,712.43,712.43,712.43,0
1750844415,712.43,712.43,712.43,712.43,0
1750844420,712.43,712.43,712.43,712.43,0
1750844425,712.43,712.43,712.43,712.43,0
1750844430,712.43,712.43,712.43,712.43,0
1750844435,712.43,712.43,712.43,712.43,0
1750844440,712.43,712.43,712.43,712.43,0
1750844445,712.43,712.43,712.43,712.43,0
1750844450,712.43,712.43,712.43,712.43,0
1750844455,712.43,712.43,712.43,712.43,0
1750844460,712.43,712.43,712.43,712.43,0
1750844465,712.43,712.43,712.43,712.43,0
1750844470,712.43,712.43,712.43,712.43,0
1750844475,712.43,712.43,712.43,712.43,0
1750844480,712.43,712.43,712.43,712.43,0
1750844485,712.43,712.43,712.43,712.43,0
1750844490,712.43,712.43,712.43,712.43,0
1750844495,712.43,712.43,712.43,712.43,0
1750844500,712.43,712.43,712.43,712.43,0
1750844505,712.43,712.43,712.43,712.43,0
1750844510,712.43,712.43,712.43,712.43,0
1750844515,712.43,712.43,712.43,712.43,0
1750844520,712.43,712.43,712.43,712.43,0
1750844525,712.43,712.43,712.43,712.43,0
1750844530,712.43,712.43,712.43,712.43,0
1750844535,712.43,712.43,712.43,712.43,0
1750844540,712.43,712.43,712.43,712.43,0
1750844545,712.43,712.43,712.43,712.43,0
1750844550,712.43,712.43,712.43,712.43,0
1750844555,712.43,712.43,712.43,712.43,0
1750844560,712.43,712.43,712.43,712.43,0
1750844565,712.43,712.43,712.43,712.43,0
1750844570,712.43,712.43,712.43,712.43,0
1750844575,712.43,712.43,712.43,712.43,0
1750844580,712.43,712.43,712.43,712.43,0
1750844585,712.43,712.43,712.43,712.43,0
1750844590,712.43,712.43,712.43,712.43,0
1750844595,712.43,712.43,712.43,712.43,0
1750844600,712.43,712.43,712.43,712.43,0
1750844605,712.43,712.43,712.43,712.43,0
1750844610,712.43,712.43,712.43,712.43,0
1750844615,712.43,712.43,712.43,712.43,0
1750844620,712.43,712.43,712.43,712.43,0
1750844625,712.43,712.43,712.43,712.43,0
1750844630,712.43,712.43,712.43,712.43,0
1750844635,712.43,712.43,712.43,712.43,0
1750844640,712.43,712.43,712.43,712.43,0
1750844645,712.43,712.43,712.43,712.43,0
1750844650,712.43,712.43,712.43,712.43,0
1750844655,712.43,712.43,712.43,712.43,0
1750844660,712.43,712.43,712.43,712.43,0
1750844665,712.43,712.43,712.43,712.43,0
1750844670,712.43,712.43,712.43,712.43,0
1750844675,712.43,712.43,712.43,712.43,0
1750844680,712.43,712.43,712.43,712.43,0
1750844685,712.43,712.43,712.43,712.43,0
1750844690,712.43,712.43,712.43,712.43,0
1750844695,712.43,712.43,712.43,712.43,0
1750844700,712.43,712.43,712.43,712.43,0
1750844705,712.43,712.43,712.43,712.43,0
1750844710,712.43,712.43,712.43,712.43,0
1750844715,712.43,712.43,712.43,712.43,0
1750844720,712.43,712.43,712.43,712.43,0
1750844725,712.43,712.43,712.43,712.43,0
1750844730,712.43,712.43,712.43,712.43,0
1750844735,712.43,712.43,712.43,712.43,0
1750844740,712.43,712.43,712.43,712.43,0
1750844745,712.43,712.43,712.43,712.43,0
1750844750,712.43,712.43,712.43,712.43,0
1750844755,712.43,712.43,712.43,712.43,0
1750844760,712.43,712.43,712.43,712.43,0
1750844765,712.43,712.43,712.43,712.43,0
1750844770,712.43,712.43,712.43,712.43,0
1750844775,712.43,712.43,712.43,712.43,0
1750844780,712.43,712.43,712.43,712.43,0
1750844785,712.43,712.43,712.43,712.43,0
1750844790,712.43,712.43,712.43,712.43,0
1750844795,712.43,712.43,712.43,712.43,0
1750844800,712.43,712.43,712.43,712.43,0
1750844805,712.43,712.43,712.43,712.43,0
1750844810,712.43,712.43,712.43,712.43,0
1750844815,712.43,712.43,712.43,712.43,0
1750844820,712.43,712.43,712.43,712.43,0
1750844825,712.43,712.43,712.43,712.43,0
1750844830,712.43,712.43,712.43,712.43,0
1750844835,712.43,712.43,712.43,712.43,0
1750844840,712.43,712.43,712.43,712.43,0
1750844845,712.43,712.43,712.43,712.43,0
1750844850,712.43,712.43,712.43,712.43,0
1750844855,712.43,712.43,712.43,712.43,0
1750844860,712.43,712.43,712.43,712.43,0
1750844865,712.43,712.43,712.43,712.43,0
1750844870,712.43,712.43,712.43,712.43,0
1750844875,712.43,712.43,712.43,712.43,0
1750844880,712.43,712.43,712.43,712.43,0
1750844885,712.43,712.43,712.43,712.43,0
1750844890,712.43,712.43,712.43,712.43,0
1750844895,712.43,712.43,712.43,712.43,0
1750844900,712.43,712.43,712.43,712.43,0
1750844905,712.43,712.43,712.43,712.43,0
1750844910,712.43,712.43,712.43,712.43,0
1750844915,712.43,712.43,712.43,712.43,0
1750844920,712.43,712.43,712.43,712.43,0
1750844925,712.43,712.43,712.43,712.43,0
1750844930,712.43,712.43,712.43,712.43,0
1750844935,712.43,712.43,712.43,712.43,0
1750844940,712.43,712.43,712.43,712.43,0
1750844945,712.43,712.43,712.43,712.43,0
1750844950,712.43,712.43,712.43,712.43,0
1750844955,712.43,712.43,712.43,712.43,0
1750844960,712.43,712.43,712.43,712.43,0
1750844965,712.43,712.43,712.43,712.43,0
1750844970,712.43,712.43,712.43,712.43,0
1750844975,712.43,712.43,712.43,712.43,0
1750844980,712.43,712.43,712.43,712.43,0
1750844985,712.43,712.43,712.43,712.43,0
1750844990,712.43,712.43,712.43,712.43,0
1750844995,712.43,712.43,712.43,712.43,0
1750845000,712.43,712.43,712.43,712.43,0
1750845005,712.43,712.43,712.43,712.43,0
1750845010,712.43,712.43,712.43,712.43,0
1750845015,712.43,712.43,712.43,712.43,0
1750845020,712.43,712.43,712.43,712.43,0
1750845025,712.43,712.43,712.43,712.43,0
1750845030,712.43,712.43,712.43,712.43,0
1750845035,712.43,712.43,712.43,712.43,0
1750845040,712.43,712.43,712.43,712.43,0
1750845045,712.43,712.43,712.43,712.43,0
1750845050,712.43,712.43,712.43,712.43,0
1750845055,712.43,712.43,712.43,712.43,0
1750845060,712.43,712.43,712.43,712.43,0
1750845065,712.43,712.43,712.43,712.43,0
1750845070,712.43,712.43,712.43,712.43,0
1750845075,712.43,712.43,712.43,712.43,0
1750845080,712.43,712.43,712.43,712.43,0
1750845085,712.43,712.43,712.43,712.43,0
1750845090,712.43,712.43,712.43,712.43,0
1750845095,712.43,712.43,712.43,712.43,0
1750845100,712.43,712.43,712.43,712.43,0
1750845105,712.43,712.43,712.43,712.43,0
1750845110,712.43,712.43,712.43,712.43,0
1750845115,712.43,712.43,712.43,712.43,0
1750845120,712.43,712.43,712.43,712.43,0
1750845125,712.43,712.43,712.43,712.43,0
1750845130,712.43,712.43,712.43,712.43,0
1750845135,712.43,712.43,712.43,712.43,0
1750845140,712.43,712.43,712.43,712.43,0
1750845145,712.43,712.43,712.43,712.43,0
1750845150,712.43,712.43,712.43,712.43,0
1750845155,712.43,712.43,712.43,712.43,0
1750845160,712.43,712.43,712.43,712.43,0
1750845165,712.43,712.43,712.43,712.43,0
1750845170,712.43,712.43,712.43,712.43,0
1750845175,712.43,712.43,712.43,712.43,0
1750845180,712.43,712.43,712.43,712.43,0
1750845185,712.43,712.43,712.43,712.43,0
1750845190,712.43,712.43,712.43,712.43,0
1750845195,712.43,712.43,712.43,712.43,0
1750845200,712.43,712.43,712.43,712.43,0
1750845205,712.43,712.43,712.43,712.43,0
1750845210,712.43,712.43,712.43,712.43,0
1750845215,712.43,712.43,712.43,712.43,0
1750845220,712.43,712.43,712.43,712.43,0
1750845225,712.43,712.43,712.43,712.43,0
1750845230,712.43,712.43,712.43,712.43,0
1750845235,712.43,712.43,712.43,712.43,0
1750845240,712.43,712.43,712.43,712.43,0
1750845245,712.43,712.43,712.43,712.43,0
1750845250,712.43,712.43,712.43,712.43,0
1750845255,712.43,712.43,712.43,712.43,0
1750845260,712.43,712.43,712.43,712.43,0
1750845265,712.43,712.43,712.43,712.43,0
1750845270,712.43,712.43,712.43,712.43,0
1750845275,712.43,712.43,712.43,712.43,0
1750845280,712.43,712.43,712.43,712.43,0
1750845285,712.43,712.43,712.43,712.43,0
1750845290,712.43,712.43,712.43,712.43,0
1750845295,712.43,712.43,712.43,712.43,0
1750845300,712.43,712.43,712.43,712.43,0
1750845305,712.43,712.43,712.43,712.43,0
1750845310,712.43,712.43,712.43,712.43,0
1750845315,712.43,712.43,712.43,712.43,0
1750845320,712.43,712.43,712.43,712.43,0
1750845325,712.43,712.43,712.43,712.43,0
1750845330,712.43,712.43,712.43,712.43,0
1750845335,712.43,712.43,712.43,712.43,0
1750845340,712.43,712.43,712.43,712.43,0
1750845345,712.43,712.43,712.43,712.43,0
1750845350,712.43,712.43,712.43,712.43,0
1750845355,712.43,712.43,712.43,712.43,0
1750845360,712.43,712.43,712.43,712.43,0
1750845365,712.43,712.43,712.43,712.43,0
1750845370,712.43,712.43,712.43,712.43,0
1750845375,712.43,712.43,712.43,712.43,0
1750845380,712.43,712.43,712.43,712.43,0
1750845385,712.43,712.43,712.43,712.43,0
1750845390,712.43,712.43,712.43,712.43,0
1750845395,712.43,712.43,712.43,712.43,0
1750845400,712.43,712.43,712.43,712.43,0
1750845405,712.43,712.43,712.43,712.43,0
1750845410,712.43,712.43,712.43,712.43,0
1750845415,712.43,712.43,712.43,712.43,0
1750845420,712.43,712.43,712.43,712.43,0
1750845425,712.43,712.43,712.43,712.43,0
1750845430,712.43,712.43,712.43,712.43,0
1750845435,712.43,712.43,712.43,712.43,0
1750845440,712.43,712.43,712.43,712.43,0
1750845445,712.43,712.43,712.43,712.43,0
1750845450,712.43,712.43,712.43,712.43,0
1750845455,712.43,712.43,712.43,712.43,0
1750845460,712.43,712.43,712.43,712.43,0
1750845465,712.43,712.43,712.43,712.43,0
1750845470,712.43,712.43,712.43,712.43,0
1750845475,712.43,712.43,712.43,712.43,0
1750845480,712.43,712.43,712.43,712.43,0
1750845485,712.43,712.43,712.43,712.43,0
1750845490,712.43,712.43,712.43,712.43,0
1750845495,712.43,712.43,712.43,712.43,0
1750845500,712.43,712.43,712.43,712.43,0
1750845505,712.43,712.43,712.43,712.43,0
1750845510,712.43,712.43,712.43,712.43,0
1750845515,712.43,712.43,712.43,712.43,0
1750845520,712.43,712.43,712.43,712.43,0
1750845525,712.43,712.43,712.43,712.43,0
1750845530,712.43,712.43,712.43,712.43,0
1750845535,712.43,712.43,712.43,712.43,0
1750845540,712.43,712.43,712.43,712.43,0
1750845545,712.43,712.43,712.43,712.43,0
1750845550,712.43,712.43,712.43,712.43,0
1750845555,712.43,712.43,712.43,712.43,0
1750845560,712.43,712.43,712.43,712.43,0
1750845565,712.43,712.43,712.43,712.43,0
1750845570,712.43,712.43,712.43,712.43,0
1750845575,712.43,712.43,712.43,712.43,0
1750845580,712.43,712.43,712.43,712.43,0
1750845585,712.43,712.43,712.43,712.43,0
1750845590,712.43,712.43,712.43,712.43,0
1750845595,712.43,712.43,712.43,712.43,0
1750845600,712.43,712.43,712.43,712.43,0
1750845605,712.43,712.43,712.43,712.43,0
1750845610,712.43,712.43,712.43,712.43,0
1750845615,712.43,712.43,712.43,712.43,0
1750845620,712.43,712.43,712.43,712.43,0
1750845625,712.43,712.43,712.43,712.43,0
1750845630,712.43,712.43,712.43,712.43,0
1750845635,712.43,712.43,712.43,712.43,0
1750845640,712.43,712.43,712.43,712.43,0
1750845645,712.43,712.43,712.43,712.43,0
1750845650,712.43,712.43,712.43,712.43,0
1750845655,712.43,712.43,712.43,712.43,0
1750845660,712.43,712.43,712.43,712.43,0
1750845665,712.43,712.43,712.43,712.43,0
1750845670,712.43,712.43,712.43,712.43,0
1750845675,712.43,712.43,712.43,712.43,0
1750845680,712.43,712.43,712.43,712.43,0
1750845685,712.43,712.43,712.43,712.43,0
1750845690,712.43,712.43,712.43,712.43,0
1750845695,712.43,712.43,712.43,712.43,0
1750845700,712.43,712.43,712.43,712.43,0
1750845705,712.43,712.43,712.43,712.43,0
1750845710,712.43,712.43,712.43,712.43,0
1750845715,712.43,712.43,712.43,712.43,0
1750845720,712.43,712.43,712.43,712.43,0
1750845725,712.43,712.43,712.43,712.43,0
1750845730,712.43,712.43,712.43,712.43,0
1750845735,712.43,712.43,712.43,712.43,0
1750845740,712.43,712.43,712.43,712.43,0
1750845745,712.43,712.43,712.43,712.43,0
1750845750,712.43,712.43,712.43,712.43,0
1750845755,712.43,712.43,712.43,712.43,0
1750845760,712.43,712.43,712.43,712.43,0
1750845765,712.43,712.43,712.43,712.43,0
1750845770,712.43,712.43,712.43,712.43,0
1750845775,712.43,712.43,712.43,712.43,0
1750845780,712.43,712.43,712.43,712.43,0
1750845785,712.43,712.43,712.43,712.43,0
1750845790,712.43,712.43,712.43,712.43,0
1750845795,712.43,712.43,712.43,712.43,0
1750845800,712.43,712.43,712.43,712.43,0
1750845805,712.43,712.43,712.43,712.43,0
1750845810,712.43,712.43,712.43,712.43,0
1750845815,712.43,712.43,712.43,712.43,0
1750845820,712.43,712.43,712.43,712.43,0
1750845825,712.43,712.43,712.43,712.43,0
1750845830,712.43,712.43,712.43,712.43,0
1750845835,712.43,712.43,712.43,712.43,0
1750845840,712.43,712.43,712.43,712.43,0
1750845845,712.43,712.43,712.43,712.43,0
1750845850,712.43,712.43,712.43,712.43,0
1750845855,712.43,712.43,712.43,712.43,0
1750845860,712.43,712.43,712.43,712.43,0
1750845865,712.43,712.43,712.43,712.43,0
1750845870,712.43,712.43,712.43,712.43,0
1750845875,712.43,712.43,712.43,712.43,0
1750845880,712.43,712.43,712.43,712.43,0
1750845885,712.43,712.43,712.43,712.43,0
1750845890,712.43,712.43,712.43,712.43,0
1750845895,712.43,712.43,712.43,712.43,0
1750845900,712.43,712.43,712.43,712.43,0
1750845905,712.43,712.43,712.43,712.43,0
1750845910,712.43,712.43,712.43,712.43,0
1750845915,712.43,712.43,712.43,712.43,0
1750845920,712.43,712.43,712.43,712.43,0
1750845925,712.43,712.43,712.43,712.43,0
1750845930,712.43,712.43,712.43,712.43,0
1750845935,712.43,712.43,712.43,712.43,0
1750845940,712.43,712.43,712.43,712.43,0
1750845945,712.43,712.43,712.43,712.43,0
1750845950,712.43,712.43,712.43,712.43,0
1750845955,712.43,712.43,712.43,712.43,0
1750845960,712.43,712.43,712.43,712.43,0
1750845965,712.43,712.43,712.43,712.43,0
1750845970,712.43,712.43,712.43,712.43,0
1750845975,712.43,712.43,712.43,712.43,0
1750845980,712.43,712.43,712.43,712.43,0
1750845985,712.43,712.43,712.43,712.43,0
1750845990,712.43,712.43,712.43,712.43,0
1750845995,712.43,712.43,712.43,712.43,0
1750846000,712.43,712.43,712.43,712.43,0
1750846005,712.43,712.43,712.43,712.43,0
1750846010,712.43,712.43,712.43,712.43,0
1750846015,712.43,712.43,712.43,712.43,0
1750846020,712.43,712.43,712.43,712.43,0
1750846025,712.43,712.43,712.43,712.43,0
1750846030,712.43,712.43,712.43,712.43,0
1750846035,712.43,712.43,712.43,712.43,0
1750846040,712.43,712.43,712.43,712.43,0
1750846045,712.43,712.43,712.43,712.43,0
1750846050,712.43,712.43,712.43,712.43,0
1750846055,712.43,712.43,712.43,712.43,0
1750846060,712.43,712.43,712.43,712.43,0
1750846065,712.43,712.43,712.43,712.43,0
1750846070,712.43,712.43,712.43,712.43,0
1750846075,712.43,712.43,712.43,712.43,0
1750846080,712.43,712.43,712.43,712.43,0
1750846085,712.43,712.43,712.43,712.43,0
1750846090,712.43,712.43,712.43,712.43,0
1750846095,712.43,712.43,712.43,712.43,0
1750846100,712.43,712.43,712.43,712.43,0
1750846105,712.43,712.43,712.43,712.43,0
1750846110,712.43,712.43,712.43,712.43,0
1750846115,712.43,712.43,712.43,712.43,0
1750846120,712.43,712.43,712.43,712.43,0
1750846125,712.43,712.43,712.43,712.43,0
1750846130,712.43,712.43,712.43,712.43,0
1750846135,712.43,712.43,712.43,712.43,0
1750846140,712.43,712.43,712.43,712.43,0
1750846145,712.43,712.43,712.43,712.43,0
1750846150,712.43,712.43,712.43,712.43,0
1750846155,712.43,712.43,712.43,712.43,0
1750846160,712.43,712.43,712.43,712.43,0
1750846165,712.43,712.43,712.43,712.43,0
1750846170,712.43,712.43,712.43,712.43,0
1750846175,712.43,712.43,712.43,712.43,0
1750846180,712.43,712.43,712.43,712.43,0
1750846185,712.43,712.43,712.43,712.43,0
1750846190,712.43,712.43,712.43,712.43,0
1750846195,712.43,712.43,712.43,712.43,0
1750846200,712.43,712.43,712.43,712.43,0
1750846205,712.43,712.43,712.43,712.43,0
1750846210,712.43,712.43,712.43,712.43,0
1750846215,712.43,712.43,712.43,712.43,0
1750846220,712.43,712.43,712.43,712.43,0
1750846225,712.43,712.43,712.43,712.43,0
1750846230,712.43,712.43,712.43,712.43,0
1750846235,712.43,712.43,712.43,712.43,0
1750846240,712.43,712.43,712.43,712.43,0
1750846245,712.43,712.43,712.43,712.43,0
1750846250,712.43,712.43,712.43,712.43,0
1750846255,712.43,712.43,712.43,712.43,0
1750846260,712.43,712.43,712.43,712.43,0
1750846265,712.43,712.43,712.43,712.43,0
1750846270,712.43,712.43,712.43,712.43,0
1750846275,712.43,712.43,712.43,712.43,0
1750846280,712.43,712.43,712.43,712.43,0
1750846285,712.43,712.43,712.43,712.43,0
1750846290,712.43,712.43,712.43,712.43,0
1750846295,712.43,712.43,712.43,712.43,0
1750846300,712.43,712.43,712.43,712.43,0
1750846305,712.43,712.43,712.43,712.43,0
1750846310,712.43,712.43,712.43,712.43,0
1750846315,712.43,712.43,712.43,712.43,0
1750846320,712.43,712.43,712.43,712.43,0
1750846325,712.43,712.43,712.43,712.43,0
1750846330,712.43,712.43,712.43,712.43,0
1750846335,712.43,712.43,712.43,712.43,0
1750846340,712.43,712.43,712.43,712.43,0
1750846345,712.43,712.43,712.43,712.43,0
1750846350,712.43,712.43,712.43,712.43,0
1750846355,712.43,712.43,712.43,712.43,0
1750846360,712.43,712.43,712.43,712.43,0
1750846365,712.43,712.43,712.43,712.43,0
1750846370,712.43,712.43,712.43,712.43,0
1750846375,712.43,712.43,712.43,712.43,0
1750846380,712.43,712.43,712.43,712.43,0
1750846385,712.43,712.43,712.43,712.43,0
1750846390,712.43,712.43,712.43,712.43,0
1750846395,712.43,712.43,712.43,712.43,0
1750846400,712.43,712.43,712.43,712.43,0
1750846405,712.43,712.43,712.43,712.43,0
1750846410,712.43,712.43,712.43,712.43,0
1750846415,712.43,712.43,712.43,712.43,0
1750846420,712.43,712.43,712.43,712.43,0
1750846425,712.43,712.43,712.43,712.43,0
1750846430,712.43,712.43,712.43,712.43,0
1750846435,712.43,712.43,712.43,712.43,0
1750846440,712.43,712.43,712.43,712.43,0
1750846445,712.43,712.43,712.43,712.43,0
1750846450,712.43,712.43,712.43,712.43,0
1750846455,712.43,712.43,712.43,712.43,0
1750846460,712.43,712.43,712.43,712.43,0
1750846465,712.43,712.43,712.43,712.43,0
1750846470,712.43,712.43,712.43,712.43,0
1750846475,712.43,712.43,712.43,712.43,0
1750846480,712.43,712.43,712.43,712.43,0
1750846485,712.43,712.43,712.43,712.43,0
1750846490,712.43,712.43,712.43,712.43,0
1750846495,712.43,712.43,712.43,712.43,0
1750846500,712.43,712.43,712.43,712.43,0
1750846505,712.43,712.43,712.43,712.43,0
1750846510,712.43,712.43,712.43,712.43,0
1750846515,712.43,712.43,712.43,712.43,0
1750846520,712.43,712.43,712.43,712.43,0
1750846525,712.43,712.43,712.43,712.43,0
1750846530,712.43,712.43,712.43,712.43,0
1750846535,712.43,712.43,712.43,712.43,0
1750846540,712.43,712.43,712.43,712.43,0
1750846545,712.43,712.43,712.43,712.43,0
1750846550,712.43,712.43,712.43,712.43,0
1750846555,712.43,712.43,712.43,712.43,0
1750846560,712.43,712.43,712.43,712.43,0
1750846565,712.43,712.43,712.43,712.43,0
1750846570,712.43,712.43,712.43,712.43,0
1750846575,712.43,712.43,712.43,712.43,0
1750846580,712.43,712.43,712.43,712.43,0
1750846585,712.43,712.43,712.43,712.43,0
1750846590,712.43,712.43,712.43,712.43,0
1750846595,712.43,712.43,712.43,712.43,0
1750846600,712.43,712.43,712.43,712.43,0
1750846605,712.43,712.43,712.43,712.43,0
1750846610,712.43,712.43,712.43,712.43,0
1750846615,712.43,712.43,712.43,712.43,0
1750846620,712.43,712.43,712.43,712.43,0
1750846625,712.43,712.43,712.43,712.43,0
1750846630,712.43,712.43,712.43,712.43,0
1750846635,712.43,712.43,712.43,712.43,0
1750846640,712.43,712.43,712.43,712.43,0
1750846645,712.43,712.43,712.43,712.43,0
1750846650,712.43,712.43,712.43,712.43,0
1750846655,712.43,712.43,712.43,712.43,0
1750846660,712.43,712.43,712.43,712.43,0
1750846665,712.43,712.43,712.43,712.43,0
1750846670,712.43,712.43,712.43,712.43,0
1750846675,712.43,712.43,712.43,712.43,0
1750846680,712.43,712.43,712.43,712.43,0
1750846685,712.43,712.43,712.43,712.43,0
1750846690,712.43,712.43,712.43,712.43,0
1750846695,712.43,712.43,712.43,712.43,0
1750846700,712.43,712.43,712.43,712.43,0
1750846705,712.43,712.43,712.43,712.43,0
1750846710,712.43,712.43,712.43,712.43,0
1750846715,712.43,712.43,712.43,712.43,0
1750846720,712.43,712.43,712.43,712.43,0
1750846725,712.43,712.43,712.43,712.43,0
1750846730,712.43,712.43,712.43,712.43,0
1750846735,712.43,712.43,712.43,712.43,0
1750846740,712.43,712.43,712.43,712.43,0
1750846745,712.43,712.43,712.43,712.43,0
1750846750,712.43,712.43,712.43,712.43,0
1750846755,712.43,712.43,712.43,712.43,0
1750846760,712.43,712.43,712.43,712.43,0
1750846765,712.43,712.43,712.43,712.43,0
1750846770,712.43,712.43,712.43,712.43,0
1750846775,712.43,712.43,712.43,712.43,0
1750846780,712.43,712.43,712.43,712.43,0
1750846785,712.43,712.43,712.43,712.43,0
1750846790,712.43,712.43,712.43,712.43,0
1750846795,712.43,712.43,712.43,712.43,0
1750846800,712.43,712.43,712.43,712.43,0
1750846805,712.43,712.43,712.43,712.43,0
1750846810,712.43,712.43,712.43,712.43,0
1750846815,712.43,712.43,712.43,712.43,0
1750846820,712.43,712.43,712.43,712.43,0
1750846825,712.43,712.43,712.43,712.43,0
1750846830,712.43,712.43,712.43,712.43,0
1750846835,712.43,712.43,712.43,712.43,0
1750846840,712.43,712.43,712.43,712.43,0
1750846845,712.43,712.43,712.43,712.43,0
1750846850,712.43,712.43,712.43,712.43,0
1750846855,712.43,712.43,712.43,712.43,0
1750846860,712.43,712.43,712.43,712.43,0
1750846865,712.43,712.43,712.43,712.43,0
1750846870,712.43,712.43,712.43,712.43,0
1750846875,712.43,712.43,712.43,712.43,0
1750846880,712.43,712.43,712.43,712.43,0
1750846885,711.51,711.51,711.5,711.5,9
1750846890,711.5,711.5,711.5,711.5,0
1750846895,711.5,711.5,711.5,711.5,0
1750846900,711.5,711.5,711.5,711.5,0
1750846905,711.5,711.5,711.5,711.5,0
1750846910,711.5,711.5,711.5,711.5,0
1750846915,711.5,711.5,711.5,711.5,0
1750846920,711.5,711.5,711.5,711.5,0
1750846925,711.5,711.5,711.5,711.5,0
1750846930,711.5,711.5,711.5,711.5,0
1750846935,711.5,711.5,711.5,711.5,0
1750846940,711.5,711.5,711.5,711.5,0
1750846945,711.5,711.5,711.5,711.5,0
1750846950,711.5,711.5,711.5,711.5,0
1750846955,711.5,711.5,711.5,711.5,0
1750846960,711.5,711.5,711.5,711.5,0
1750846965,711.5,711.5,711.5,711.5,0
1750846970,711.5,711.5,711.5,711.5,0
1750846975,711.5,711.5,711.5,711.5,0
1750846980,711.5,711.5,711.5,711.5,0
1750846985,711.5,711.5,711.5,711.5,0
1750846990,711.5,711.5,711.5,711.5,0
1750846995,711.5,711.5,711.5,711.5,0
1750847000,711.5,711.5,711.5,711.5,0
1750847005,711.5,711.5,711.5,711.5,0
1750847010,711.5,711.5,711.5,711.5,0
1750847015,711.5,711.5,711.5,711.5,0
1750847020,711.5,711.5,711.5,711.5,0
1750847025,711.5,711.5,711.5,711.5,0
1750847030,711.5,711.5,711.5,711.5,0
1750847035,711.5,711.5,711.5,711.5,0
1750847040,711.5,711.5,711.5,711.5,0
1750847045,711.5,711.5,711.5,711.5,0
1750847050,711.5,711.5,711.5,711.5,0
1750847055,711.5,711.5,711.5,711.5,0
1750847060,711.5,711.5,711.5,711.5,0
1750847065,711.5,711.5,711.5,711.5,0
1750847070,711.5,711.5,711.5,711.5,0
1750847075,711.5,711.5,711.5,711.5,0
1750847080,711.5,711.5,711.5,711.5,0
1750847085,711.5,711.5,711.5,711.5,0
1750847090,711.5,711.5,711.5,711.5,0
1750847095,711.5,711.5,711.5,711.5,0
1750847100,711.5,711.5,711.5,711.5,0
1750847105,711.5,711.5,711.5,711.5,0
1750847110,711.5,711.5,711.5,711.5,0
1750847115,711.5,711.5,711.5,711.5,0
1750847120,711.5,711.5,711.5,711.5,0
1750847125,711.5,711.5,711.5,711.5,0
1750847130,711.5,711.5,711.5,711.5,0
1750847135,711.5,711.5,711.5,711.5,0
1750847140,711.5,711.5,711.5,711.5,0
1750847145,711.8,711.8,711.8,711.8,2
1750847150,711.8,711.8,711.8,711.8,0
1750847155,711.8,711.8,711.8,711.8,0
1750847160,711.8,711.8,711.8,711.8,0
1750847165,711.8,711.8,711.8,711.8,0
1750847170,711.8,711.8,711.8,711.8,0
1750847175,711.8,711.8,711.8,711.8,0
1750847180,711.8,711.8,711.8,711.8,0
1750847185,711.8,711.8,711.8,711.8,0
1750847190,711.8,711.8,711.8,711.8,0
1750847195,711.8,711.8,711.8,711.8,0
1750847200,711.8,711.8,711.8,711.8,0
1750847205,711.8,711.8,711.8,711.8,0
1750847210,711.8,711.8,711.8,711.8,0
1750847215,711.8,711.8,711.8,711.8,0
1750847220,711.8,711.8,711.8,711.8,0
1750847225,711.8,711.8,711.8,711.8,0
1750847230,711.8,711.8,711.8,711.8,0
1750847235,711.8,711.8,711.8,711.8,0
1750847240,711.8,711.8,711.8,711.8,0
1750847245,711.8,711.8,711.8,711.8,0
1750847250,711.8,711.8,711.8,711.8,0
1750847255,711.8,711.8,711.8,711.8,0
1750847260,711.8,711.8,711.8,711.8,0
1750847265,711.8,711.8,711.8,711.8,0
1750847270,711.8,711.8,711.8,711.8,0
1750847275,711.8,711.8,711.8,711.8,0
1750847280,711.8,711.8,711.8,711.8,0
1750847285,711.8,711.8,711.8,711.8,0
1750847290,711.8,711.8,711.8,711.8,0
1750847295,711.8,711.8,711.8,711.8,0
1750847300,711.8,711.8,711.8,711.8,0
1750847305,711.8,711.8,711.8,711.8,0
1750847310,711.8,711.8,711.8,711.8,0
1750847315,711.8,711.8,711.8,711.8,0
1750847320,711.8,711.8,711.8,711.8,0
1750847325,711.8,711.8,711.8,711.8,0
1750847330,711.8,711.8,711.8,711.8,0
1750847335,711.8,711.8,711.8,711.8,0
1750847340,711.8,711.8,711.8,711.8,0
1750847345,711.8,711.8,711.8,711.8,0
1750847350,711.8,711.8,711.8,711.8,0
1750847355,711.8,711.8,711.8,711.8,0
1750847360,711.8,711.8,711.8,711.8,0
1750847365,711.8,711.8,711.8,711.8,0
1750847370,711.8,711.8,711.8,711.8,0
1750847375,711.8,711.8,711.8,711.8,0
1750847380,711.8,711.8,711.8,711.8,0
1750847385,711.8,711.8,711.8,711.8,0
1750847390,711.8,711.8,711.8,711.8,0
1750847395,711.8,711.8,711.8,711.8,0
1750847400,711.8,711.8,711.8,711.8,0
1750847405,711.8,711.8,711.8,711.8,0
1750847410,711.8,711.8,711.8,711.8,0
1750847415,711.8,711.8,711.8,711.8,0
1750847420,711.8,711.8,711.8,711.8,0
1750847425,711.8,711.8,711.8,711.8,0
1750847430,711.8,711.8,711.8,711.8,0
1750847435,711.8,711.8,711.8,711.8,0
1750847440,711.8,711.8,711.8,711.8,0
1750847445,711.8,711.8,711.8,711.8,0
1750847450,711.8,711.8,711.8,711.8,0
1750847455,711.8,711.8,711.8,711.8,0
1750847460,711.8,711.8,711.8,711.8,0
1750847465,711.8,711.8,711.8,711.8,0
1750847470,711.8,711.8,711.8,711.8,0
1750847475,711.8,711.8,711.8,711.8,0
1750847480,711.8,711.8,711.8,711.8,0
1750847485,711.8,711.8,711.8,711.8,0
1750847490,711.8,711.8,711.8,711.8,0
1750847495,711.8,711.8,711.8,711.8,0
1750847500,711.8,711.8,711.8,711.8,0
1750847505,711.8,711.8,711.8,711.8,0
1750847510,711.8,711.8,711.8,711.8,0
1750847515,711.8,711.8,711.8,711.8,0
1750847520,711.8,711.8,711.8,711.8,0
1750847525,711.8,711.8,711.8,711.8,0
1750847530,711.8,711.8,711.8,711.8,0
1750847535,711.8,711.8,711.8,711.8,0
1750847540,711.8,711.8,711.8,711.8,0
1750847545,711.8,711.8,711.8,711.8,0
1750847550,711.8,711.8,711.8,711.8,0
1750847555,711.8,711.8,711.8,711.8,0
1750847560,711.8,711.8,711.8,711.8,0
1750847565,711.8,711.8,711.8,711.8,0
1750847570,711.8,711.8,711.8,711.8,0
1750847575,711.8,711.8,711.8,711.8,0
1750847580,711.8,711.8,711.8,711.8,0
1750847585,711.8,711.8,711.8,711.8,0
1750847590,711.8,711.8,711.8,711.8,0
1750847595,711.8,711.8,711.8,711.8,0
1750847600,711.8,711.8,711.8,711.8,0
1750847605,711.8,711.8,711.8,711.8,0
1750847610,711.8,711.8,711.8,711.8,0
1750847615,711.8,711.8,711.8,711.8,0
1750847620,711.8,711.8,711.8,711.8,0
1750847625,711.8,711.8,711.8,711.8,0
1750847630,711.8,711.8,711.8,711.8,0
1750847635,711.8,711.8,711.8,711.8,0
1750847640,711.8,711.8,711.8,711.8,0
1750847645,711.8,711.8,711.8,711.8,0
1750847650,711.8,711.8,711.8,711.8,0
1750847655,711.8,711.8,711.8,711.8,0
1750847660,711.8,711.8,711.8,711.8,0
1750847665,711.8,711.8,711.8,711.8,0
1750847670,711.8,711.8,711.8,711.8,0
1750847675,711.8,711.8,711.8,711.8,0
1750847680,711.8,711.8,711.8,711.8,0
1750847685,711.8,711.8,711.8,711.8,0
1750847690,711.8,711.8,711.8,711.8,0
1750847695,711.8,711.8,711.8,711.8,0
1750847700,711.8,711.8,711.8,711.8,0
1750847705,711.8,711.8,711.8,711.8,0
1750847710,711.8,711.8,711.8,711.8,0
1750847715,711.8,711.8,711.8,711.8,0
1750847720,711.8,711.8,711.8,711.8,0
1750847725,711.8,711.8,711.8,711.8,0
1750847730,711.8,711.8,711.8,711.8,0
1750847735,711.8,711.8,711.8,711.8,0
1750847740,711.8,711.8,711.8,711.8,0
1750847745,711.8,711.8,711.8,711.8,0
1750847750,711.8,711.8,711.8,711.8,0
1750847755,711.8,711.8,711.8,711.8,0
1750847760,711.8,711.8,711.8,711.8,0
1750847765,711.8,711.8,711.8,711.8,0
1750847770,711.8,711.8,711.8,711.8,0
1750847775,711.8,711.8,711.8,711.8,0
1750847780,711.8,711.8,711.8,711.8,0
1750847785,711.8,711.8,711.8,711.8,0
1750847790,711.8,711.8,711.8,711.8,0
1750847795,711.8,711.8,711.8,711.8,0
1750847800,711.8,711.8,711.8,711.8,0
1750847805,711.8,711.8,711.8,711.8,0
1750847810,711.8,711.8,711.8,711.8,0
1750847815,711.8,711.8,711.8,711.8,0
1750847820,711.8,711.8,711.8,711.8,0
1750847825,711.8,711.8,711.8,711.8,0
1750847830,711.8,711.8,711.8,711.8,0
1750847835,711.8,711.8,711.8,711.8,0
1750847840,711.8,711.8,711.8,711.8,0
1750847845,711.8,711.8,711.8,711.8,0
1750847850,711.8,711.8,711.8,711.8,0
1750847855,711.8,711.8,711.8,711.8,0
1750847860,711.8,711.8,711.8,711.8,0
1750847865,711.8,711.8,711.8,711.8,0
1750847870,711.8,711.8,711.8,711.8,0
1750847875,711.8,711.8,711.8,711.8,0
1750847880,711.8,711.8,711.8,711.8,0
1750847885,711.8,711.8,711.8,711.8,0
1750847890,711.8,711.8,711.8,711.8,0
1750847895,711.8,711.8,711.8,711.8,0
1750847900,711.8,711.8,711.8,711.8,0
1750847905,711.8,711.8,711.8,711.8,0
1750847910,711.8,711.8,711.8,711.8,0
1750847915,711.8,711.8,711.8,711.8,0
1750847920,711.8,711.8,711.8,711.8,0
1750847925,711.8,711.8,711.8,711.8,0
1750847930,711.8,711.8,711.8,711.8,0
1750847935,711.8,711.8,711.8,711.8,0
1750847940,711.8,711.8,711.8,711.8,0
1750847945,711.8,711.8,711.8,711.8,0
1750847950,711.8,711.8,711.8,711.8,0
1750847955,711.8,711.8,711.8,711.8,0
1750847960,711.8,711.8,711.8,711.8,0
1750847965,711.8,711.8,711.8,711.8,0
1750847970,711.8,711.8,711.8,711.8,0
1750847975,711.8,711.8,711.8,711.8,0
1750847980,711.8,711.8,711.8,711.8,0
1750847985,711.8,711.8,711.8,711.8,0
1750847990,711.8,711.8,711.8,711.8,0
1750847995,711.8,711.8,711.8,711.8,0
1750848000,711.8,711.8,711.8,711.8,0
1750848005,711.8,711.8,711.8,711.8,0
1750848010,711.8,711.8,711.8,711.8,0
1750848015,711.8,711.8,711.8,711.8,0
1750848020,711.8,711.8,711.8,711.8,0
1750848025,711.8,711.8,711.8,711.8,0
1750848030,711.8,711.8,711.8,711.8,0
1750848035,711.8,711.8,711.8,711.8,0
1750848040,711.8,711.8,711.8,711.8,0
1750848045,711.8,711.8,711.8,711.8,0
1750848050,711.8,711.8,711.8,711.8,0
1750848055,711.8,711.8,711.8,711.8,0
1750848060,711.8,711.8,711.8,711.8,0
1750848065,711.8,711.8,711.8,711.8,0
1750848070,711.8,711.8,711.8,711.8,0
1750848075,711.8,711.8,711.8,711.8,0
1750848080,711.8,711.8,711.8,711.8,0
1750848085,711.8,711.8,711.8,711.8,0
1750848090,711.8,711.8,711.8,711.8,0
1750848095,711.8,711.8,711.8,711.8,0
1750848100,711.8,711.8,711.8,711.8,0
1750848105,711.8,711.8,711.8,711.8,0
1750848110,711.8,711.8,711.8,711.8,0
1750848115,711.8,711.8,711.8,711.8,0
1750848120,711.8,711.8,711.8,711.8,0
1750848125,711.8,711.8,711.8,711.8,0
1750848130,711.8,711.8,711.8,711.8,0
1750848135,711.8,711.8,711.8,711.8,0
1750848140,711.8,711.8,711.8,711.8,0
1750848145,711.8,711.8,711.8,711.8,0
1750848150,711.8,711.8,711.8,711.8,0
1750848155,711.8,711.8,711.8,711.8,0
1750848160,711.8,711.8,711.8,711.8,0
1750848165,711.8,711.8,711.8,711.8,0
1750848170,711.8,711.8,711.8,711.8,0
1750848175,711.8,711.8,711.8,711.8,0
1750848180,711.8,711.8,711.8,711.8,0
1750848185,711.8,711.8,711.8,711.8,0
1750848190,711.8,711.8,711.8,711.8,0
1750848195,711.8,711.8,711.8,711.8,0
1750848200,711.8,711.8,711.8,711.8,0
1750848205,711.8,711.8,711.8,711.8,0
1750848210,711.8,711.8,711.8,711.8,0
1750848215,711.8,711.8,711.8,711.8,0
1750848220,711.8,711.8,711.8,711.8,0
1750848225,711.8,711.8,711.8,711.8,0
1750848230,711.8,711.8,711.8,711.8,0
1750848235,711.8,711.8,711.8,711.8,0
1750848240,711.8,711.8,711.8,711.8,0
1750848245,711.8,711.8,711.8,711.8,0
1750848250,711.8,711.8,711.8,711.8,0
1750848255,711.8,711.8,711.8,711.8,0
1750848260,711.8,711.8,711.8,711.8,0
1750848265,711.8,711.8,711.8,711.8,0
1750848270,711.8,711.8,711.8,711.8,0
1750848275,711.8,711.8,711.8,711.8,0
1750848280,711.8,711.8,711.8,711.8,0
1750848285,711.8,711.8,711.8,711.8,0
1750848290,711.8,711.8,711.8,711.8,0
1750848295,711.8,711.8,711.8,711.8,0
1750848300,711.8,711.8,711.8,711.8,0
1750848305,711.8,711.8,711.8,711.8,0
1750848310,711.8,711.8,711.8,711.8,0
1750848315,711.8,711.8,711.8,711.8,0
1750848320,711.8,711.8,711.8,711.8,0
1750848325,711.8,711.8,711.8,711.8,0
1750848330,711.8,711.8,711.8,711.8,0
1750848335,711.8,711.8,711.8,711.8,0
1750848340,711.8,711.8,711.8,711.8,0
1750848345,711.8,711.8,711.8,711.8,0
1750848350,711.8,711.8,711.8,711.8,0
1750848355,711.8,711.8,711.8,711.8,0
1750848360,711.8,711.8,711.8,711.8,0
1750848365,711.8,711.8,711.8,711.8,0
1750848370,711.8,711.8,711.8,711.8,0
1750848375,711.8,711.8,711.8,711.8,0
1750848380,711.8,711.8,711.8,711.8,0
1750848385,711.8,711.8,711.8,711.8,0
1750848390,711.8,711.8,711.8,711.8,0
1750848395,711.8,711.8,711.8,711.8,0
1750848400,711.8,711.8,711.8,711.8,0
1750848405,711.8,711.8,711.8,711.8,0
1750848410,711.8,711.8,711.8,711.8,0
1750848415,711.8,711.8,711.8,711.8,0
1750848420,711.8,711.8,711.8,711.8,0
1750848425,711.8,711.8,711.8,711.8,0
1750848430,711.8,711.8,711.8,711.8,0
1750848435,711.8,711.8,711.8,711.8,0
1750848440,711.8,711.8,711.8,711.8,0
1750848445,711.8,711.8,711.8,711.8,0
1750848450,711.8,711.8,711.8,711.8,0
1750848455,711.8,711.8,711.8,711.8,0
1750848460,711.8,711.8,711.8,711.8,0
1750848465,711.8,711.8,711.8,711.8,0
1750848470,711.8,711.8,711.8,711.8,0
1750848475,711.8,711.8,711.8,711.8,0
1750848480,711.8,711.8,711.8,711.8,0
1750848485,711.8,711.8,711.8,711.8,0
1750848490,711.8,711.8,711.8,711.8,0
1750848495,711.8,711.8,711.8,711.8,0
1750848500,711.8,711.8,711.8,711.8,0
1750848505,711.8,711.8,711.8,711.8,0
1750848510,711.8,711.8,711.8,711.8,0
1750848515,711.8,711.8,711.8,711.8,0
1750848520,711.8,711.8,711.8,711.8,0
1750848525,711.8,711.8,711.8,711.8,0
1750848530,711.8,711.8,711.8,711.8,0
1750848535,711.8,711.8,711.8,711.8,0
1750848540,711.8,711.8,711.8,711.8,0
1750848545,711.8,711.8,711.8,711.8,0
1750848550,711.8,711.8,711.8,711.8,0
1750848555,711.8,711.8,711.8,711.8,0
1750848560,711.8,711.8,711.8,711.8,0
1750848565,711.8,711.8,711.8,711.8,0
1750848570,711.8,711.8,711.8,711.8,0
1750848575,711.8,711.8,711.8,711.8,0
1750848580,711.8,711.8,711.8,711.8,0
1750848585,711.8,711.8,711.8,711.8,0
1750848590,711.8,711.8,711.8,711.8,0
1750848595,711.8,711.8,711.8,711.8,0
1750848600,711.8,711.8,711.8,711.8,0
1750848605,711.8,711.8,711.8,711.8,0
1750848610,711.8,711.8,711.8,711.8,0
1750848615,711.8,711.8,711.8,711.8,0
1750848620,711.8,711.8,711.8,711.8,0
1750848625,711.8,711.8,711.8,711.8,0
1750848630,711.8,711.8,711.8,711.8,0
1750848635,711.8,711.8,711.8,711.8,0
1750848640,711.8,711.8,711.8,711.8,0
1750848645,711.8,711.8,711.8,711.8,0
1750848650,711.8,711.8,711.8,711.8,0
1750848655,711.8,711.8,711.8,711.8,0
1750848660,711.8,711.8,711.8,711.8,0
1750848665,711.8,711.8,711.8,711.8,0
1750848670,711.8,711.8,711.8,711.8,0
1750848675,711.8,711.8,711.8,711.8,0
1750848680,711.8,711.8,711.8,711.8,0
1750848685,711.8,711.8,711.8,711.8,0
1750848690,711.8,711.8,711.8,711.8,0
1750848695,711.8,711.8,711.8,711.8,0
1750848700,711.8,711.8,711.8,711.8,0
1750848705,711.8,711.8,711.8,711.8,0
1750848710,711.8,711.8,711.8,711.8,0
1750848715,711.8,711.8,711.8,711.8,0
1750848720,711.8,711.8,711.8,711.8,0
1750848725,711.8,711.8,711.8,711.8,0
1750848730,711.8,711.8,711.8,711.8,0
1750848735,711.8,711.8,711.8,711.8,0
1750848740,711.8,711.8,711.8,711.8,0
1750848745,711.8,711.8,711.8,711.8,0
1750848750,711.8,711.8,711.8,711.8,0
1750848755,711.8,711.8,711.8,711.8,0
1750848760,711.8,711.8,711.8,711.8,0
1750848765,711.8,711.8,711.8,711.8,0
1750848770,711.8,711.8,711.8,711.8,0
1750848775,711.8,711.8,711.8,711.8,0
1750848780,711.8,711.8,711.8,711.8,0
1750848785,711.8,711.8,711.8,711.8,0
1750848790,711.8,711.8,711.8,711.8,0
1750848795,711.8,711.8,711.8,711.8,0
1750848800,711.8,711.8,711.8,711.8,0
1750848805,711.8,711.8,711.8,711.8,0
1750848810,711.8,711.8,711.8,711.8,0
1750848815,711.8,711.8,711.8,711.8,0
1750848820,711.8,711.8,711.8,711.8,0
1750848825,711.8,711.8,711.8,711.8,0
1750848830,711.8,711.8,711.8,711.8,0
1750848835,711.8,711.8,711.8,711.8,0
1750848840,711.8,711.8,711.8,711.8,0
1750848845,711.8,711.8,711.8,711.8,0
1750848850,711.8,711.8,711.8,711.8,0
1750848855,711.8,711.8,711.8,711.8,0
1750848860,711.8,711.8,711.8,711.8,0
1750848865,711.8,711.8,711.8,711.8,0
1750848870,711.8,711.8,711.8,711.8,0
1750848875,711.8,711.8,711.8,711.8,0
1750848880,711.8,711.8,711.8,711.8,0
1750848885,711.8,711.8,711.8,711.8,0
1750848890,711.8,711.8,711.8,711.8,0
1750848895,711.8,711.8,711.8,711.8,0
1750848900,711.8,711.8,711.8,711.8,0
1750848905,711.8,711.8,711.8,711.8,0
1750848910,711.8,711.8,711.8,711.8,0
1750848915,711.8,711.8,711.8,711.8,0
1750848920,711.8,711.8,711.8,711.8,0
1750848925,711.8,711.8,711.8,711.8,0
1750848930,711.8,711.8,711.8,711.8,0
1750848935,711.8,711.8,711.8,711.8,0
1750848940,711.8,711.8,711.8,711.8,0
1750848945,711.8,711.8,711.8,711.8,0
1750848950,711.8,711.8,711.8,711.8,0
1750848955,711.8,711.8,711.8,711.8,0
1750848960,711.8,711.8,711.8,711.8,0
1750848965,711.8,711.8,711.8,711.8,0
1750848970,711.8,711.8,711.8,711.8,0
1750848975,711.8,711.8,711.8,711.8,0
1750848980,711.8,711.8,711.8,711.8,0
1750848985,711.8,711.8,711.8,711.8,0
1750848990,711.8,711.8,711.8,711.8,0
1750848995,711.8,711.8,711.8,711.8,0
1750849000,711.8,711.8,711.8,711.8,0
1750849005,711.8,711.8,711.8,711.8,0
1750849010,711.8,711.8,711.8,711.8,0
1750849015,711.8,711.8,711.8,711.8,0
1750849020,711.8,711.8,711.8,711.8,0
1750849025,711.8,711.8,711.8,711.8,0
1750849030,711.8,711.8,711.8,711.8,0
1750849035,711.8,711.8,711.8,711.8,0
1750849040,711.8,711.8,711.8,711.8,0
1750849045,711.8,711.8,711.8,711.8,0
1750849050,711.8,711.8,711.8,711.8,0
1750849055,711.8,711.8,711.8,711.8,0
1750849060,711.8,711.8,711.8,711.8,0
1750849065,711.8,711.8,711.8,711.8,0
1750849070,711.8,711.8,711.8,711.8,0
1750849075,711.8,711.8,711.8,711.8,0
1750849080,711.8,711.8,711.8,711.8,0
1750849085,711.8,711.8,711.8,711.8,0
1750849090,711.8,711.8,711.8,711.8,0
1750849095,711.8,711.8,711.8,711.8,0
1750849100,711.8,711.8,711.8,711.8,0
1750849105,711.8,711.8,711.8,711.8,0
1750849110,711.8,711.8,711.8,711.8,0
1750849115,711.8,711.8,711.8,711.8,0
1750849120,711.8,711.8,711.8,711.8,0
1750849125,711.8,711.8,711.8,711.8,0
1750849130,711.8,711.8,711.8,711.8,0
1750849135,711.8,711.8,711.8,711.8,0
1750849140,711.8,711.8,711.8,711.8,0
1750849145,711.8,711.8,711.8,711.8,0
1750849150,711.8,711.8,711.8,711.8,0
1750849155,711.8,711.8,711.8,711.8,0
1750849160,711.8,711.8,711.8,711.8,0
1750849165,711.8,711.8,711.8,711.8,0
1750849170,711.8,711.8,711.8,711.8,0
1750849175,711.8,711.8,711.8,711.8,0
1750849180,711.8,711.8,711.8,711.8,0
1750849185,711.8,711.8,711.8,711.8,0
1750849190,711.8,711.8,711.8,711.8,0
1750849195,711.8,711.8,711.8,711.8,0
1750849200,711.8,711.8,711.8,711.8,0
1750849205,711.8,711.8,711.8,711.8,0
1750849210,711.8,711.8,711.8,711.8,0
1750849215,711.8,711.8,711.8,711.8,0
1750849220,711.8,711.8,711.8,711.8,0
1750849225,711.8,711.8,711.8,711.8,0
1750849230,711.8,711.8,711.8,711.8,0
1750849235,711.92,711.92,711.92,711.92,2
1750849240,711.92,711.92,711.92,711.92,3
1750849245,711.92,711.92,711.92,711.92,0
1750849250,711.92,711.92,711.92,711.92,0
1750849255,711.92,711.92,711.92,711.92,0
1750849260,711.92,711.92,711.92,711.92,0
1750849265,711.92,711.92,711.92,711.92,0
1750849270,711.92,711.92,711.92,711.92,0
1750849275,711.92,711.92,711.92,711.92,0
1750849280,711.92,711.92,711.92,711.92,0
1750849285,711.92,711.92,711.92,711.92,0
1750849290,711.92,711.92,711.92,711.92,0
1750849295,711.92,711.92,711.92,711.92,0
1750849300,711.92,711.92,711.92,711.92,0
1750849305,711.92,711.92,711.92,711.92,0
1750849310,711.92,711.92,711.92,711.92,0
1750849315,711.92,711.92,711.92,711.92,0
1750849320,711.92,711.92,711.92,711.92,0
1750849325,711.92,711.92,711.92,711.92,0
1750849330,711.92,711.92,711.92,711.92,0
1750849335,711.92,711.92,711.92,711.92,0
1750849340,711.92,711.92,711.92,711.92,0
1750849345,711.92,711.92,711.92,711.92,0
1750849350,711.92,711.92,711.92,711.92,0
1750849355,711.92,711.92,711.92,711.92,0
1750849360,711.92,711.92,711.92,711.92,0
1750849365,712.2,712.2,712.2,712.2,2
1750849370,712.2,712.2,712.2,712.2,0
1750849375,712.2,712.2,712.2,712.2,0
1750849380,712.2,712.2,712.2,712.2,0
1750849385,712.2,712.2,712.2,712.2,0
1750849390,712.2,712.2,712.2,712.2,0
1750849395,712.2,712.2,712.2,712.2,0
1750849400,712.2,712.2,712.2,712.2,0
1750849405,712.2,712.2,712.2,712.2,0
1750849410,712.2,712.2,712.2,712.2,0
1750849415,712.2,712.2,712.2,712.2,0
1750849420,712.2,712.2,712.2,712.2,0
1750849425,712.2,712.2,712.2,712.2,0
1750849430,712.2,712.2,712.2,712.2,0
1750849435,712.2,712.2,712.2,712.2,0
1750849440,712.2,712.2,712.2,712.2,0
1750849445,712.2,712.2,712.2,712.2,0
1750849450,712.2,712.2,712.2,712.2,0
1750849455,712.31,712.31,712.31,712.31,2
1750849460,712.31,712.31,712.31,712.31,0
1750849465,712.31,712.31,712.31,712.31,0
1750849470,712.4,712.4,712.4,712.4,5
1750849475,712.4,712.4,712.4,712.4,0
1750849480,712.4,712.4,712.4,712.4,0
1750849485,712.4,712.4,712.4,712.4,0
1750849490,712.4,712.4,712.4,712.4,0
1750849495,712.4,712.4,712.4,712.4,0
1750849500,712.4,712.4,712.4,712.4,0
1750849505,712.4,712.4,712.4,712.4,0
1750849510,712.35,712.35,712.35,712.35,3
1750849515,712.35,712.35,712.35,712.35,0
1750849520,712.35,712.35,712.35,712.35,0
1750849525,712.4,712.44,712.4,712.44,27
1750849530,712.44,712.44,712.44,712.44,0
1750849535,712.44,712.44,712.44,712.44,0
1750849540,712.44,712.44,712.44,712.44,0
1750849545,712.44,712.44,712.44,712.44,0
1750849550,712.44,712.44,712.44,712.44,0
1750849555,712.44,712.44,712.44,712.44,0
1750849560,712.44,712.44,712.44,712.44,0
1750849565,712.44,712.44,712.44,712.44,0
1750849570,712.44,712.44,712.44,712.44,0
1750849575,712.68,712.68,712.68,712.68,5
1750849580,712.68,712.68,712.68,712.68,0
1750849585,712.68,712.68,712.68,712.68,0
1750849590,712.68,712.68,712.68,712.68,0
1750849595,712.68,712.68,712.68,712.68,0
1750849600,712.68,712.68,712.68,712.68,0
1750849605,712.4,712.4,712.4,712.4,3
1750849610,712.4,712.4,712.4,712.4,0
1750849615,712.4,712.4,712.4,712.4,0
1750849620,712.4,712.4,712.4,712.4,0
1750849625,712.4,712.4,712.4,712.4,0
1750849630,712.4,712.4,712.4,712.4,0
1750849635,712.4,712.4,712.4,712.4,0
1750849640,712.4,712.4,712.4,712.4,0
1750849645,712.4,712.4,712.4,712.4,0
1750849650,712.4,712.4,712.4,712.4,0
1750849655,712.4,712.4,712.4,712.4,0
1750849660,712.4,712.4,712.4,712.4,0
1750849665,712.4,712.4,712.4,712.4,0
1750849670,712.4,712.4,712.4,712.4,0
1750849675,712.4,712.4,712.4,712.4,0
1750849680,712.4,712.4,712.4,712.4,0
1750849685,712.4,712.4,712.4,712.4,0
1750849690,712.4,712.4,712.4,712.4,0
1750849695,712.4,712.4,712.4,712.4,0
1750849700,712.4,712.4,712.4,712.4,0
1750849705,712.4,712.4,712.4,712.4,0
1750849710,712.4,712.4,712.4,712.4,0
1750849715,712.4,712.4,712.4,712.4,0
1750849720,712.4,712.4,712.4,712.4,0
1750849725,712.4,712.4,712.4,712.4,0
1750849730,712.4,712.4,712.4,712.4,0
1750849735,712.4,712.4,712.4,712.4,0
1750849740,712.4,712.4,712.4,712.4,0
1750849745,712.4,712.4,712.4,712.4,0
1750849750,712.4,712.4,712.4,712.4,0
1750849755,712.4,712.4,712.4,712.4,0
1750849760,712.4,712.4,712.4,712.4,0
1750849765,712.4,712.4,712.4,712.4,0
1750849770,712.4,712.4,712.4,712.4,0
1750849775,712.4,712.4,712.4,712.4,0
1750849780,712.4,712.4,712.4,712.4,0
1750849785,712.4,712.4,712.4,712.4,0
1750849790,712.4,712.4,712.4,712.4,0
1750849795,712.4,712.4,712.4,712.4,0
1750849800,712.4,712.4,712.4,712.4,0
1750849805,712.4,712.4,712.4,712.4,0
1750849810,712.4,712.4,712.4,712.4,0
1750849815,712.4,712.4,712.4,712.4,0
1750849820,712.4,712.4,712.4,712.4,0
1750849825,712.4,712.4,712.4,712.4,0
1750849830,712.4,712.4,712.4,712.4,0
1750849835,712.4,712.4,712.4,712.4,0
1750849840,712.4,712.4,712.4,712.4,0
1750849845,712.4,712.4,712.4,712.4,0
1750849850,712.4,712.4,712.4,712.4,0
1750849855,712.4,712.4,712.4,712.4,0
1750849860,712.4,712.4,712.4,712.4,0
1750849865,712.4,712.4,712.4,712.4,0
1750849870,712.4,712.4,712.4,712.4,0
1750849875,712.4,712.4,712.4,712.4,0
1750849880,712.4,712.4,712.4,712.4,0
1750849885,712.4,712.4,712.4,712.4,0
1750849890,712.4,712.4,712.4,712.4,0
1750849895,712.4,712.4,712.4,712.4,0
1750849900,712.4,712.4,712.4,712.4,0
1750849905,712.4,712.4,712.4,712.4,0
1750849910,712.4,712.4,712.4,712.4,0
1750849915,712.4,712.4,712.4,712.4,0
1750849920,712.4,712.4,712.4,712.4,0
1750849925,712.4,712.4,712.4,712.4,0
1750849930,712.4,712.4,712.4,712.4,0
1750849935,712.4,712.4,712.4,712.4,0
1750849940,712.4,712.4,712.4,712.4,0
1750849945,712.4,712.4,712.4,712.4,0
1750849950,712.4,712.4,712.4,712.4,0
1750849955,712.4,712.4,712.4,712.4,0
1750849960,712.4,712.4,712.4,712.4,0
1750849965,712.4,712.4,712.4,712.4,0
1750849970,712.4,712.4,712.4,712.4,0
1750849975,712.4,712.4,712.4,712.4,0
1750849980,712.4,712.4,712.4,712.4,0
1750849985,712.4,712.4,712.4,712.4,0
1750849990,712.4,712.4,712.4,712.4,0
1750849995,712.4,712.4,712.4,712.4,0
1750850000,712.4,712.4,712.4,712.4,0
1750850005,712.4,712.4,712.4,712.4,0
1750850010,712.4,712.4,712.4,712.4,0
1750850015,712.4,712.4,712.4,712.4,0
1750850020,712.4,712.4,712.4,712.4,0
1750850025,712.4,712.4,712.4,712.4,0
1750850030,712.4,712.4,712.4,712.4,0
1750850035,712.4,712.4,712.4,712.4,0
1750850040,712.4,712.4,712.4,712.4,0
1750850045,712.4,712.4,712.4,712.4,0
1750850050,712.4,712.4,712.4,712.4,0
1750850055,712.4,712.4,712.4,712.4,0
1750850060,712.4,712.4,712.4,712.4,0
1750850065,712.4,712.4,712.4,712.4,0
1750850070,712.4,712.4,712.4,712.4,0
1750850075,712.4,712.4,712.4,712.4,0
1750850080,712.4,712.4,712.4,712.4,0
1750850085,712.4,712.4,712.4,712.4,0
1750850090,712.4,712.4,712.4,712.4,0
1750850095,712.4,712.4,712.4,712.4,0
1750850100,712.4,712.4,712.4,712.4,0
1750850105,712.4,712.4,712.4,712.4,0
1750850110,712.4,712.4,712.4,712.4,0
1750850115,712.4,712.4,712.4,712.4,0
1750850120,712.4,712.4,712.4,712.4,0
1750850125,712.4,712.4,712.4,712.4,0
1750850130,712.4,712.4,712.4,712.4,0
1750850135,712.4,712.4,712.4,712.4,0
1750850140,712.4,712.4,712.4,712.4,0
1750850145,712.4,712.4,712.4,712.4,0
1750850150,712.4,712.4,712.4,712.4,0
1750850155,712.4,712.4,712.4,712.4,0
1750850160,712.4,712.4,712.4,712.4,0
1750850165,712.4,712.4,712.4,712.4,0
1750850170,712.4,712.4,712.4,712.4,0
1750850175,712.4,712.4,712.4,712.4,0
1750850180,712.4,712.4,712.4,712.4,0
1750850185,712.4,712.4,712.4,712.4,0
1750850190,712.4,712.4,712.4,712.4,0
1750850195,712.4,712.4,712.4,712.4,0
1750850200,712.4,712.4,712.4,712.4,0
1750850205,712.4,712.4,712.4,712.4,0
1750850210,712.4,712.4,712.4,712.4,0
1750850215,712.5,712.5,712.5,712.5,4
1750850220,712.5,712.55,712.5,712.55,8
1750850225,712.55,712.55,712.55,712.55,0
1750850230,712.55,712.55,712.55,712.55,0
1750850235,712.55,712.55,712.55,712.55,0
1750850240,712.55,712.55,712.55,712.55,0
1750850245,712.55,712.55,712.55,712.55,0
1750850250,712.55,712.55,712.55,712.55,0
1750850255,712.55,712.55,712.55,712.55,0
1750850260,712.55,712.55,712.55,712.55,0
1750850265,712.55,712.55,712.55,712.55,0
1750850270,712.55,712.55,712.55,712.55,0
1750850275,712.55,712.55,712.55,712.55,0
1750850280,712.55,712.55,712.55,712.55,0
1750850285,712.55,712.55,712.55,712.55,0
1750850290,712.55,712.55,712.55,712.55,0
1750850295,712.55,712.55,712.55,712.55,0
1750850300,712.55,712.55,712.55,712.55,0
1750850305,712.55,712.55,712.55,712.55,0
1750850310,712.55,712.55,712.55,712.55,0
1750850315,712.55,712.55,712.55,712.55,0
1750850320,712.55,712.55,712.55,712.55,0
1750850325,712.55,712.55,712.55,712.55,0
1750850330,712.55,712.55,712.55,712.55,0
1750850335,712.55,712.55,712.55,712.55,0
1750850340,712.55,712.55,712.55,712.55,0
1750850345,712.55,712.55,712.55,712.55,0
1750850350,712.55,712.55,712.55,712.55,0
1750850355,712.55,712.55,712.55,712.55,0
1750850360,712.55,712.55,712.55,712.55,0
1750850365,712.55,712.55,712.55,712.55,0
1750850370,712.55,712.55,712.55,712.55,0
1750850375,712.55,712.55,712.55,712.55,0
1750850380,712.55,712.55,712.55,712.55,0
1750850385,712.55,712.55,712.55,712.55,0
1750850390,712.55,712.55,712.55,712.55,0
1750850395,712.55,712.55,712.55,712.55,0
1750850400,712.55,712.55,712.55,712.55,0
1750850405,712.55,712.55,712.55,712.55,0
1750850410,712.55,712.55,712.55,712.55,0
1750850415,712.55,712.55,712.55,712.55,0
1750850420,712.55,712.55,712.55,712.55,0
1750850425,712.55,712.55,712.55,712.55,0
1750850430,712.55,712.55,712.55,712.55,0
1750850435,712.55,712.55,712.55,712.55,0
1750850440,712.55,712.55,712.55,712.55,0
1750850445,712.55,712.55,712.55,712.55,0
1750850450,712.55,712.55,712.55,712.55,0
1750850455,712.55,712.55,712.55,712.55,0
1750850460,712.55,712.55,712.55,712.55,0
1750850465,712.55,712.55,712.55,712.55,0
1750850470,712.55,712.55,712.55,712.55,0
1750850475,712.55,712.55,712.55,712.55,0
1750850480,712.55,712.55,712.55,712.55,0
1750850485,712.55,712.55,712.55,712.55,0
1750850490,712.55,712.55,712.55,712.55,0
1750850495,712.55,712.55,712.55,712.55,0
1750850500,712.55,712.55,712.55,712.55,0
1750850505,712.55,712.55,712.55,712.55,0
1750850510,712.55,712.55,712.55,712.55,0
1750850515,712.55,712.55,712.55,712.55,0
1750850520,712.55,712.55,712.55,712.55,0
1750850525,712.55,712.55,712.55,712.55,0
1750850530,712.55,712.55,712.55,712.55,0
1750850535,712.55,712.55,712.55,712.55,0
1750850540,712.55,712.55,712.55,712.55,0
1750850545,712.55,712.55,712.55,712.55,0
1750850550,712.55,712.55,712.55,712.55,0
1750850555,712.55,712.55,712.55,712.55,0
1750850560,712.55,712.55,712.55,712.55,0
1750850565,712.8,712.8,712.8,712.8,2
1750850570,712.8,712.8,712.8,712.8,0
1750850575,712.8,712.8,712.8,712.8,0
1750850580,712.8,712.8,712.8,712.8,0
1750850585,712.8,712.8,712.8,712.8,0
1750850590,712.8,712.8,712.8,712.8,0
1750850595,712.8,712.8,712.8,712.8,0
1750850600,712.8,712.8,712.8,712.8,0
1750850605,712.8,712.8,712.8,712.8,0
1750850610,712.8,712.8,712.8,712.8,0
1750850615,712.8,712.8,712.8,712.8,0
1750850620,712.8,712.8,712.8,712.8,0
1750850625,712.8,712.8,712.8,712.8,0
1750850630,712.8,712.8,712.8,712.8,0
1750850635,712.8,712.8,712.8,712.8,0
1750850640,712.8,712.8,712.8,712.8,0
1750850645,712.8,712.8,712.8,712.8,0
1750850650,712.8,712.8,712.8,712.8,0
1750850655,712.8,712.8,712.8,712.8,0
1750850660,712.8,712.8,712.8,712.8,0
1750850665,712.8,712.8,712.8,712.8,0
1750850670,712.8,712.8,712.8,712.8,0
1750850675,712.8,712.8,712.8,712.8,0
1750850680,712.8,712.8,712.8,712.8,0
1750850685,712.8,712.8,712.8,712.8,0
1750850690,712.8,712.8,712.8,712.8,0
1750850695,712.8,712.8,712.8,712.8,0
1750850700,712.8,712.8,712.8,712.8,0
1750850705,712.8,712.8,712.8,712.8,0
1750850710,712.8,712.8,712.8,712.8,0
1750850715,712.8,712.8,712.8,712.8,0
1750850720,712.8,712.8,712.8,712.8,0
1750850725,712.8,712.8,712.8,712.8,0
1750850730,712.8,712.8,712.8,712.8,0
1750850735,712.8,712.8,712.8,712.8,0
1750850740,712.8,712.8,712.8,712.8,0
1750850745,712.8,712.8,712.8,712.8,0
1750850750,712.8,712.8,712.8,712.8,0
1750850755,712.8,712.8,712.8,712.8,0
1750850760,712.8,712.8,712.8,712.8,0
1750850765,712.8,712.8,712.8,712.8,0
1750850770,712.8,712.8,712.8,712.8,0
1750850775,712.8,712.8,712.8,712.8,0
1750850780,712.8,712.8,712.8,712.8,0
1750850785,712.8,712.8,712.8,712.8,0
1750850790,712.8,712.8,712.8,712.8,0
1750850795,712.8,712.8,712.8,712.8,0
1750850800,712.8,712.8,712.8,712.8,0
1750850805,712.8,712.8,712.8,712.8,0
1750850810,712.8,712.8,712.8,712.8,0
1750850815,712.8,712.8,712.8,712.8,0
1750850820,712.8,712.8,712.8,712.8,0
1750850825,712.8,712.8,712.8,712.8,0
1750850830,712.8,712.8,712.8,712.8,0
1750850835,712.8,712.8,712.8,712.8,0
1750850840,712.8,712.8,712.8,712.8,0
1750850845,712.8,712.8,712.8,712.8,0
1750850850,712.8,712.8,712.8,712.8,0
1750850855,712.8,712.8,712.8,712.8,0
1750850860,712.8,712.8,712.8,712.8,0
1750850865,712.8,712.8,712.8,712.8,0
1750850870,712.8,712.8,712.8,712.8,0
1750850875,712.8,712.8,712.8,712.8,0
1750850880,712.8,712.8,712.8,712.8,0
1750850885,712.8,712.8,712.8,712.8,0
1750850890,712.8,712.8,712.8,712.8,0
1750850895,712.8,712.8,712.8,712.8,0
1750850900,712.8,712.8,712.8,712.8,0
1750850905,712.8,712.8,712.8,712.8,0
1750850910,712.8,712.8,712.8,712.8,0
1750850915,712.8,712.8,712.8,712.8,0
1750850920,712.8,712.8,712.8,712.8,0
1750850925,712.8,712.8,712.8,712.8,0
1750850930,712.8,712.8,712.8,712.8,0
1750850935,712.8,712.8,712.8,712.8,0
1750850940,712.8,712.8,712.8,712.8,0
1750850945,712.8,712.8,712.8,712.8,0
1750850950,712.8,712.8,712.8,712.8,0
1750850955,712.8,712.8,712.8,712.8,0
1750850960,712.8,712.8,712.8,712.8,0
1750850965,712.8,712.8,712.8,712.8,0
1750850970,712.8,712.8,712.8,712.8,0
1750850975,712.8,712.8,712.8,712.8,0
1750850980,712.8,712.8,712.8,712.8,0
1750850985,712.8,712.8,712.8,712.8,0
1750850990,712.8,712.8,712.8,712.8,0
1750850995,712.8,712.8,712.8,712.8,0
1750851000,712.8,712.8,712.8,712.8,0
1750851005,712.8,712.8,712.8,712.8,0
1750851010,712.8,712.8,712.8,712.8,0
1750851015,712.8,712.8,712.8,712.8,0
1750851020,712.8,712.8,712.8,712.8,0
1750851025,712.99,712.99,712.99,712.99,19
1750851030,712.99,712.99,712.99,712.99,0
1750851035,712.99,712.99,712.99,712.99,7
1750851040,712.99,712.99,712.99,712.99,0
1750851045,712.99,712.99,712.99,712.99,0
1750851050,712.99,712.99,712.99,712.99,0
1750851055,712.99,712.99,712.99,712.99,0
1750851060,712.99,712.99,712.99,712.99,0
1750851065,712.99,712.99,712.99,712.99,0
1750851070,712.99,712.99,712.99,712.99,0
1750851075,713.19,713.3,713.19,713.3,5
1750851080,713.3,713.3,713.3,713.3,0
1750851085,713.3,713.3,713.3,713.3,0
1750851090,713.25,713.25,713.25,713.25,2
1750851095,713.25,713.25,713.25,713.25,0
1750851100,713.3,713.3,713.3,713.3,2
1750851105,713.3,713.3,713.3,713.3,49
1750851110,713.3,713.3,713.3,713.3,0
1750851115,713.3,713.3,713.3,713.3,0
1750851120,713.3,713.3,713.3,713.3,0
1750851125,713.3,713.3,713.3,713.3,0
1750851130,713.3,713.3,713.3,713.3,0
1750851135,713.3,713.3,713.3,713.3,0
1750851140,713.3,713.3,713.3,713.3,0
1750851145,713.3,713.3,713.3,713.3,0
1750851150,713.5,713.5,713.5,713.5,2
1750851155,713.5,713.5,713.5,713.5,0
1750851160,713.5,713.5,713.5,713.5,0
1750851165,713.5,713.5,713.5,713.5,0
1750851170,713.5,713.5,713.5,713.5,0
1750851175,713.5,713.5,713.5,713.5,0
1750851180,713.5,713.5,713.5,713.5,0
1750851185,713.5,713.5,713.5,713.5,0
1750851190,713.5,713.5,713.5,713.5,0
1750851195,713.5,713.5,713.5,713.5,0
1750851200,713.5,713.5,713.5,713.5,0
1750851205,713.5,713.5,713.5,713.5,0
1750851210,713.5,713.5,713.5,713.5,0
1750851215,713.5,713.5,713.5,713.5,0
1750851220,713.5,713.5,713.5,713.5,0
1750851225,713.5,713.5,713.5,713.5,0
1750851230,713.5,713.5,713.5,713.5,0
1750851235,713.5,713.5,713.5,713.5,0
1750851240,713.5,713.5,713.5,713.5,0
1750851245,713.5,713.5,713.5,713.5,0
1750851250,713.5,713.5,713.5,713.5,0
1750851255,713.5,713.5,713.5,713.5,0
1750851260,713.5,713.5,713.5,713.5,0
1750851265,713.5,713.5,713.5,713.5,0
1750851270,713.5,713.5,713.5,713.5,0
1750851275,713.5,713.5,713.5,713.5,0
1750851280,713.5,713.5,713.5,713.5,0
1750851285,713.5,713.5,713.5,713.5,0
1750851290,713.5,713.5,713.5,713.5,0
1750851295,713.5,713.5,713.5,713.5,0
1750851300,713.5,713.5,713.5,713.5,0
1750851305,713.5,713.5,713.5,713.5,0
1750851310,713.5,713.5,713.5,713.5,0
1750851315,713.5,713.5,713.5,713.5,0
1750851320,713.5,713.5,713.5,713.5,0
1750851325,713.5,713.5,713.5,713.5,0
1750851330,713.5,713.5,713.5,713.5,0
1750851335,713.5,713.5,713.5,713.5,0
1750851340,713.5,713.5,713.5,713.5,0
1750851345,713.5,713.5,713.5,713.5,0
1750851350,713.3,713.3,713.3,713.3,2
1750851355,713.3,713.3,713.3,713.3,0
1750851360,713.3,713.3,713.3,713.3,0
1750851365,713.3,713.3,713.3,713.3,0
1750851370,713.3,713.3,713.3,713.3,0
1750851375,713.3,713.3,713.3,713.3,0
1750851380,713.3,713.3,713.3,713.3,0
1750851385,713.3,713.3,713.3,713.3,0
1750851390,713.3,713.3,713.3,713.3,0
1750851395,713.3,713.3,713.3,713.3,0
1750851400,713.3,713.3,713.3,713.3,0
1750851405,713.3,713.3,713.3,713.3,0
1750851410,713.3,713.3,713.3,713.3,0
1750851415,713.3,713.3,713.3,713.3,0
1750851420,713.3,713.3,713.3,713.3,0
1750851425,713.3,713.3,713.3,713.3,0
1750851430,713.3,713.3,713.3,713.3,0
1750851435,713.3,713.3,713.3,713.3,0
1750851440,713.3,713.3,713.3,713.3,0
1750851445,713.3,713.3,713.3,713.3,0
1750851450,713.3,713.3,713.3,713.3,0
1750851455,713.3,713.3,713.3,713.3,0
1750851460,713.3,713.3,713.3,713.3,0
1750851465,713.3,713.3,713.3,713.3,0
1750851470,713.3,713.3,713.3,713.3,0
1750851475,713.3,713.3,713.3,713.3,0
1750851480,713.3,713.3,713.3,713.3,0
1750851485,713.3,713.3,713.3,713.3,0
1750851490,713.3,713.3,713.3,713.3,0
1750851495,713.3,713.3,713.3,713.3,0
1750851500,713.4,713.4,713.4,713.4,2
1750851505,713.4,713.4,713.4,713.4,0
1750851510,713.4,713.4,713.4,713.4,0
1750851515,713.4,713.4,713.4,713.4,0
1750851520,713.4,713.4,713.4,713.4,0
1750851525,713.4,713.4,713.4,713.4,0
1750851530,713.4,713.4,713.4,713.4,0
1750851535,713.4,713.4,713.4,713.4,0
1750851540,713.4,713.4,713.4,713.4,0
1750851545,713.4,713.4,713.4,713.4,0
1750851550,713.4,713.4,713.4,713.4,0
1750851555,713.4,713.4,713.4,713.4,0
1750851560,713.4,713.4,713.4,713.4,0
1750851565,713.4,713.4,713.4,713.4,0
1750851570,713.4,713.4,713.4,713.4,0
1750851575,713.4,713.4,713.4,713.4,0
1750851580,713.4,713.4,713.4,713.4,0
1750851585,713.4,713.4,713.4,713.4,0
1750851590,713.4,713.4,713.4,713.4,0
1750851595,713.4,713.4,713.4,713.4,0
1750851600,713.4,713.4,713.4,713.4,0
1750851605,713.4,713.4,713.4,713.4,0
1750851610,713.4,713.4,713.4,713.4,0
1750851615,713.4,713.4,713.4,713.4,0
1750851620,713.4,713.4,713.4,713.4,0
1750851625,713.39,713.39,713.39,713.39,4
1750851630,713.39,713.39,713.39,713.39,0
1750851635,713.39,713.39,713.39,713.39,0
1750851640,713.39,713.39,713.39,713.39,0
1750851645,713.39,713.39,713.39,713.39,0
1750851650,713.39,713.39,713.39,713.39,0
1750851655,713.79,713.79,713.79,713.79,4
1750851660,713.79,713.79,713.79,713.79,0
1750851665,713.79,713.79,713.79,713.79,0
1750851670,713.79,713.79,713.79,713.79,0
1750851675,713.79,713.79,713.79,713.79,0
1750851680,713.79,713.79,713.79,713.79,0
1750851685,713.79,713.79,713.79,713.79,0
1750851690,713.79,713.79,713.79,713.79,0
1750851695,713.8,713.8,713.8,713.8,8
1750851700,713.8,713.8,713.8,713.8,0
1750851705,713.8,713.8,713.8,713.8,0
1750851710,713.8,713.8,713.8,713.8,0
1750851715,713.8,713.8,713.8,713.8,0
1750851720,713.8,713.8,713.8,713.8,0
1750851725,713.8,713.8,713.8,713.8,0
1750851730,713.8,713.8,713.8,713.8,0
1750851735,713.8,713.8,713.8,713.8,0
1750851740,713.8,713.8,713.8,713.8,0
1750851745,713.8,713.8,713.8,713.8,0
1750851750,713.8,713.8,713.8,713.8,0
1750851755,713.8,713.8,713.8,713.8,0
1750851760,713.8,713.8,713.8,713.8,0
1750851765,713.8,713.8,713.8,713.8,0
1750851770,713.8,713.8,713.8,713.8,0
1750851775,713.8,713.8,713.8,713.8,0
1750851780,713.8,713.8,713.8,713.8,0
1750851785,713.8,713.8,713.8,713.8,0
1750851790,713.8,713.8,713.8,713.8,0
1750851795,713.8,713.8,713.8,713.8,0
1750851800,714.0,714.0,714.0,714.0,2
1750851805,714.0,714.0,714.0,714.0,0
1750851810,714.0,714.0,714.0,714.0,0
1750851815,714.0,714.0,714.0,714.0,0
1750851820,714.0,714.0,714.0,714.0,0
1750851825,714.0,714.0,714.0,714.0,0
1750851830,714.0,714.0,714.0,714.0,0
1750851835,714.0,714.0,714.0,714.0,0
1750851840,714.0,714.0,714.0,714.0,0
1750851845,714.0,714.0,714.0,714.0,0
1750851850,714.0,714.0,714.0,714.0,0
1750851855,714.0,714.0,714.0,714.0,0
1750851860,714.0,714.0,714.0,714.0,0
1750851865,714.0,714.0,714.0,714.0,0
1750851870,714.0,714.0,714.0,714.0,0
1750851875,714.0,714.0,714.0,714.0,0
1750851880,714.0,714.0,714.0,714.0,0
1750851885,714.0,714.0,714.0,714.0,0
1750851890,714.0,714.0,714.0,714.0,0
1750851895,714.0,714.0,714.0,714.0,0
1750851900,714.0,714.0,714.0,714.0,0
1750851905,714.0,714.0,714.0,714.0,0
1750851910,714.0,714.0,714.0,714.0,0
1750851915,714.0,714.0,714.0,714.0,0
1750851920,714.0,714.0,714.0,714.0,0
1750851925,714.0,714.0,714.0,714.0,0
1750851930,714.0,714.0,714.0,714.0,0
1750851935,714.0,714.0,714.0,714.0,0
1750851940,714.0,714.0,714.0,714.0,0
1750851945,714.0,714.0,714.0,714.0,0
1750851950,714.0,714.0,714.0,714.0,0
1750851955,714.0,714.0,714.0,714.0,0
1750851960,714.0,714.0,714.0,714.0,0
1750851965,714.0,714.0,714.0,714.0,0
1750851970,714.0,714.0,714.0,714.0,0
1750851975,714.0,714.0,714.0,714.0,0
1750851980,714.2,714.2,714.2,714.2,6
1750851985,714.2,714.2,714.2,714.2,0
1750851990,714.2,714.2,714.2,714.2,5
1750851995,714.2,714.2,714.2,714.2,0
1750852000,714.2,714.2,714.2,714.2,0
1750852005,714.2,714.2,714.2,714.2,0
1750852010,714.2,714.2,714.2,714.2,0
1750852015,714.2,714.2,714.2,714.2,0
1750852020,714.2,714.2,714.2,714.2,0
1750852025,714.2,714.2,714.2,714.2,0
1750852030,714.2,714.2,714.2,714.2,0
1750852035,714.2,714.2,714.2,714.2,0
1750852040,714.2,714.2,714.2,714.2,0
1750852045,714.2,714.2,714.2,714.2,0
1750852050,714.2,714.2,714.2,714.2,0
1750852055,714.2,714.2,714.2,714.2,0
1750852060,714.2,714.2,714.2,714.2,0
1750852065,714.2,714.2,714.2,714.2,0
1750852070,714.2,714.2,714.2,714.2,0
1750852075,714.2,714.2,714.2,714.2,0
1750852080,714.2,714.2,714.2,714.2,0
1750852085,714.2,714.2,714.2,714.2,0
1750852090,714.2,714.2,714.2,714.2,0
1750852095,714.2,714.2,714.2,714.2,0
1750852100,714.2,714.2,714.2,714.2,0
1750852105,714.2,714.2,714.2,714.2,0
1750852110,714.2,714.2,714.2,714.2,0
1750852115,714.2,714.2,714.2,714.2,0
1750852120,714.2,714.2,714.2,714.2,0
1750852125,714.2,714.2,714.2,714.2,0
1750852130,714.2,714.2,714.2,714.2,0
1750852135,714.2,714.2,714.2,714.2,0
1750852140,714.2,714.2,714.2,714.2,0
1750852145,714.2,714.2,714.2,714.2,0
1750852150,714.2,714.2,714.2,714.2,0
1750852155,714.2,714.2,714.2,714.2,0
1750852160,714.2,714.2,714.2,714.2,0
1750852165,714.2,714.2,714.2,714.2,0
1750852170,714.2,714.2,714.2,714.2,0
1750852175,714.2,714.2,714.2,714.2,0
1750852180,714.2,714.2,714.2,714.2,0
1750852185,714.2,714.2,714.2,714.2,0
1750852190,714.2,714.2,714.2,714.2,0
1750852195,714.2,714.2,714.2,714.2,0
1750852200,714.2,714.2,714.2,714.2,0
1750852205,714.2,714.2,714.2,714.2,0
1750852210,714.2,714.2,714.2,714.2,0
1750852215,714.2,714.2,714.2,714.2,0
1750852220,714.68,714.7,714.6,714.7,55
1750852225,714.7,714.7,714.7,714.7,0
1750852230,714.7,714.7,714.7,714.7,0
1750852235,714.7,714.7,714.7,714.7,0
1750852240,714.7,714.7,714.7,714.7,0
1750852245,714.7,714.7,714.7,714.7,13
1750852250,714.7,714.7,714.7,714.7,0
1750852255,714.7,714.7,714.7,714.7,0
1750852260,714.7,714.7,714.7,714.7,0
1750852265,714.7,714.7,714.7,714.7,0
1750852270,714.7,714.7,714.7,714.7,0
1750852275,714.7,714.7,714.7,714.7,0
1750852280,714.7,714.7,714.7,714.7,0
1750852285,714.7,714.7,714.7,714.7,0
1750852290,714.7,714.7,714.7,714.7,0
1750852295,714.7,714.7,714.7,714.7,0
1750852300,714.7,714.7,714.7,714.7,0
1750852305,714.7,714.7,714.7,714.7,0
1750852310,714.7,714.7,714.7,714.7,0
1750852315,714.7,714.7,714.7,714.7,0
1750852320,714.7,714.7,714.7,714.7,0
1750852325,714.7,714.7,714.7,714.7,0
1750852330,714.7,714.7,714.7,714.7,0
1750852335,714.7,714.7,714.7,714.7,0
1750852340,714.7,714.7,714.7,714.7,0
1750852345,714.7,714.7,714.7,714.7,0
1750852350,714.7,714.7,714.7,714.7,0
1750852355,714.7,714.7,714.7,714.7,0
1750852360,714.9,714.9,714.9,714.9,2
1750852365,714.9,714.9,714.9,714.9,0
1750852370,714.9,714.9,714.9,714.9,0
1750852375,714.9,714.9,714.9,714.9,0
1750852380,714.9,714.9,714.9,714.9,0
1750852385,714.9,714.9,714.9,714.9,0
1750852390,714.9,714.9,714.9,714.9,0
1750852395,714.9,714.9,714.9,714.9,0
1750852400,714.9,714.9,714.9,714.9,0
1750852405,714.9,714.9,714.9,714.9,0
1750852410,714.9,714.9,714.9,714.9,0
1750852415,714.9,714.9,714.9,714.9,0
1750852420,714.9,714.9,714.9,714.9,0
1750852425,714.9,714.9,714.9,714.9,0
1750852430,714.9,714.9,714.9,714.9,0
1750852435,714.9,714.9,714.9,714.9,0
1750852440,714.9,714.9,714.9,714.9,0
1750852445,714.9,714.9,714.9,714.9,0
1750852450,714.9,714.9,714.9,714.9,0
1750852455,714.9,714.9,714.9,714.9,0
1750852460,714.9,714.9,714.9,714.9,0
1750852465,714.9,714.9,714.9,714.9,0
1750852470,714.9,714.9,714.9,714.9,0
1750852475,714.9,714.9,714.9,714.9,0
1750852480,714.9,714.9,714.9,714.9,0
1750852485,714.9,714.9,714.9,714.9,0
1750852490,714.9,714.9,714.9,714.9,0
1750852495,714.9,714.9,714.9,714.9,0
1750852500,714.9,714.9,714.9,714.9,0
1750852505,714.9,714.9,714.9,714.9,0
1750852510,714.5,714.5,714.5,714.5,12
1750852515,714.5,714.5,714.5,714.5,0
1750852520,714.5,714.5,714.5,714.5,0
1750852525,714.5,714.5,714.5,714.5,0
1750852530,714.5,714.5,714.5,714.5,0
1750852535,714.5,714.5,714.5,714.5,0
1750852540,714.5,714.5,714.5,714.5,0
1750852545,714.5,714.5,714.5,714.5,0
1750852550,714.5,714.5,714.5,714.5,0
1750852555,714.5,714.5,714.5,714.5,0
1750852560,714.5,714.5,714.5,714.5,0
1750852565,714.5,714.5,714.5,714.5,0
1750852570,714.5,714.5,714.5,714.5,0
1750852575,714.5,714.5,714.5,714.5,0
1750852580,714.5,714.5,714.5,714.5,0
1750852585,714.5,714.5,714.5,714.5,0
1750852590,714.5,714.5,714.5,714.5,0
1750852595,714.5,714.5,714.5,714.5,0
1750852600,714.5,714.5,714.5,714.5,0
1750852605,714.5,714.5,714.5,714.5,0
1750852610,714.5,714.5,714.5,714.5,0
1750852615,714.5,714.5,714.5,714.5,0
1750852620,714.5,714.5,714.5,714.5,0
1750852625,714.5,714.5,714.5,714.5,0
1750852630,714.5,714.5,714.5,714.5,0
1750852635,714.5,714.5,714.5,714.5,0
1750852640,714.5,714.5,714.5,714.5,0
1750852645,714.5,714.5,714.5,714.5,0
1750852650,714.5,714.5,714.5,714.5,0
1750852655,714.5,714.5,714.5,714.5,0
1750852660,714.5,714.5,714.5,714.5,0
1750852665,714.5,714.5,714.5,714.5,0
1750852670,714.5,714.5,714.5,714.5,0
1750852675,714.5,714.5,714.5,714.5,0
1750852680,714.5,714.5,714.5,714.5,0
1750852685,714.69,714.69,714.69,714.69,2
1750852690,714.69,714.69,714.69,714.69,0
1750852695,714.69,714.69,714.69,714.69,0
1750852700,714.69,714.69,714.69,714.69,0
1750852705,714.69,714.69,714.69,714.69,0
1750852710,714.69,714.69,714.69,714.69,0
1750852715,714.69,714.69,714.69,714.69,0
1750852720,714.69,714.69,714.69,714.69,0
1750852725,714.69,714.69,714.69,714.69,0
1750852730,714.69,714.69,714.69,714.69,0
1750852735,714.69,714.69,714.69,714.69,0
1750852740,714.75,714.75,714.75,714.75,2
1750852745,714.75,714.75,714.75,714.75,0
1750852750,714.75,714.75,714.75,714.75,0
1750852755,714.75,714.75,714.75,714.75,0
1750852760,714.75,714.75,714.75,714.75,0
1750852765,714.75,714.75,714.75,714.75,0
1750852770,714.75,714.75,714.75,714.75,0
1750852775,714.75,714.75,714.75,714.75,0
1750852780,714.75,714.75,714.75,714.75,0
1750852785,714.75,714.75,714.75,714.75,0
1750852790,714.75,714.75,714.75,714.75,0
1750852795,714.75,714.75,714.75,714.75,0
1750852800,712.99,714.97,711.67,714.53,315
1750852805,714.53,714.54,714.53,714.53,0
1750852810,712.5,714.83,712.5,714.5,30
1750852815,712.37,712.37,712.37,712.37,3
1750852820,712.5,712.87,711.5,712.06,114
1750852825,712.06,712.06,712.06,712.06,0
1750852830,712.06,712.06,712.06,712.06,0
1750852835,712.06,712.06,712.06,712.06,0
1750852840,712.06,712.06,712.06,712.06,0
1750852845,712.06,712.06,712.06,712.06,0
1750852850,712.06,712.06,712.06,712.06,0
1750852855,712.06,712.06,712.06,712.06,0
1750852860,712.06,712.06,712.06,712.06,0
1750852865,712.06,712.06,712.06,712.06,0
1750852870,712.06,712.06,712.06,712.06,0
1750852875,714.43,714.44,714.43,714.43,2
1750852880,714.43,714.44,714.43,714.43,0
1750852885,714.43,714.44,714.43,714.43,0
1750852890,714.43,714.44,714.43,714.43,0
1750852895,714.43,714.44,714.43,714.43,0
1750852900,714.43,714.44,714.43,714.43,0
1750852905,714.43,714.44,714.43,714.43,0
1750852910,714.43,714.44,714.43,714.43,0
1750852915,714.43,714.44,714.43,714.43,0
1750852920,714.43,714.44,714.43,714.43,0
1750852925,714.43,714.44,714.43,714.43,0
1750852930,714.43,714.44,714.43,714.43,0
1750852935,714.43,714.44,714.43,714.43,0
1750852940,714.43,714.44,714.43,714.43,0
1750852945,714.43,714.44,714.43,714.43,0
1750852950,714.43,714.44,714.43,714.43,2
1750852955,714.43,714.44,714.43,714.43,0
1750852960,714.43,714.44,714.43,714.43,0
1750852965,714.43,714.44,714.43,714.43,0
1750852970,714.43,714.44,714.43,714.43,0
1750852975,714.43,714.44,714.43,714.43,0
1750852980,714.43,714.44,714.43,714.43,0
1750852985,714.43,714.44,714.43,714.43,0
1750852990,714.37,714.38,714.37,714.37,2
1750852995,714.37,714.38,714.37,714.37,0
1750853000,714.37,714.38,714.37,714.37,0
1750853005,714.37,714.38,714.37,714.37,0
1750853010,714.37,714.38,714.37,714.37,0
1750853015,714.37,714.38,714.37,714.37,0
1750853020,714.67,714.67,714.67,714.67,19
1750853025,714.67,714.67,714.67,714.67,0
1750853030,714.67,714.67,714.67,714.67,0
1750853035,714.67,714.67,714.67,714.67,0
1750853040,714.54,714.54,714.54,714.54,10
1750853045,714.54,714.54,714.54,714.54,0
1750853050,714.54,714.54,714.54,714.54,0
1750853055,714.54,714.54,714.54,714.54,0
1750853060,714.54,714.54,714.54,714.54,0
1750853065,714.54,714.54,714.38,714.39,7
1750853070,714.39,714.39,714.38,714.39,0
1750853075,714.39,714.39,714.38,714.39,0
1750853080,714.39,714.39,714.38,714.39,0
1750853085,714.39,714.39,714.38,714.39,0
1750853090,714.39,714.39,714.38,714.39,0
1750853095,714.37,714.38,714.37,714.37,2
1750853100,714.37,714.38,714.37,714.37,0
1750853105,714.66,714.67,714.66,714.66,5
1750853110,714.66,714.67,714.66,714.66,0
1750853115,714.66,714.67,714.66,714.66,0
1750853120,714.66,714.67,714.66,714.66,0
1750853125,714.66,714.67,714.66,714.66,0
1750853130,714.66,714.67,714.66,714.66,0
1750853135,714.66,714.67,714.66,714.66,0
1750853140,714.66,714.67,714.66,714.66,0
1750853145,714.66,714.67,714.66,714.66,0
1750853150,714.66,714.67,714.66,714.66,0
1750853155,714.66,714.67,714.66,714.66,0
1750853160,714.66,714.67,714.66,714.66,0
1750853165,714.66,714.67,714.66,714.66,0
1750853170,714.66,714.67,714.66,714.66,0
1750853175,714.66,714.67,714.66,714.66,0
1750853180,714.66,714.67,714.66,714.66,0
1750853185,714.66,714.67,714.66,714.66,0
1750853190,714.66,714.67,714.66,714.66,0
1750853195,714.66,714.67,714.66,714.66,0
1750853200,714.66,714.67,714.66,714.66,0
1750853205,714.66,714.67,714.66,714.66,0
1750853210,714.66,714.67,714.66,714.66,0
1750853215,714.66,714.67,714.66,714.66,0
1750853220,714.47,714.47,714.47,714.47,2
1750853225,714.47,714.47,714.47,714.47,0
1750853230,714.47,714.47,714.47,714.47,0
1750853235,714.47,714.47,714.47,714.47,0
1750853240,714.47,714.47,714.47,714.47,0
1750853245,714.47,714.47,714.47,714.47,0
1750853250,714.65,714.65,714.64,714.65,19
1750853255,714.65,714.65,714.64,714.65,0
1750853260,714.65,714.65,714.64,714.65,0
1750853265,714.65,714.65,714.64,714.65,0
1750853270,714.65,714.65,714.64,714.65,0
1750853275,714.65,714.65,714.64,714.65,0
1750853280,714.65,714.65,714.64,714.65,0
1750853285,714.65,714.65,714.64,714.65,0
1750853290,714.65,714.65,714.64,714.65,0
1750853295,714.65,714.65,714.64,714.65,0
1750853300,714.65,714.65,714.64,714.65,0
1750853305,714.65,714.65,714.64,714.65,0
1750853310,714.65,714.65,714.64,714.65,0
1750853315,714.65,714.65,714.64,714.65,0
1750853320,714.65,714.65,714.64,714.65,0
1750853325,714.65,714.65,714.64,714.65,0
1750853330,714.65,714.65,714.64,714.65,0
1750853335,714.69,714.69,714.69,714.69,3
1750853340,714.69,714.69,714.69,714.69,0
1750853345,714.69,714.69,714.69,714.69,0
1750853350,714.69,714.69,714.69,714.69,0
1750853355,714.5,714.5,714.5,714.5,50
1750853360,714.5,714.5,714.5,714.5,0
1750853365,714.5,714.5,714.5,714.5,0
1750853370,714.5,714.5,714.5,714.5,0
1750853375,714.5,714.5,714.5,714.5,0
1750853380,714.5,714.5,714.5,714.5,0
1750853385,714.5,714.5,714.5,714.5,0
1750853390,714.5,714.5,714.5,714.5,0
1750853395,714.5,714.5,714.5,714.5,0
1750853400,714.5,714.5,714.5,714.5,0
1750853405,714.5,714.5,714.5,714.5,0
1750853410,714.5,714.5,714.5,714.5,0
1750853415,714.5,714.5,714.5,714.5,0
1750853420,714.5,714.5,714.5,714.5,0
1750853425,714.5,714.5,714.5,714.5,0
1750853430,714.5,714.5,714.5,714.5,0
1750853435,714.71,714.71,714.71,714.71,5
1750853440,714.71,714.71,714.71,714.71,0
1750853445,714.51,714.51,714.51,714.51,2
1750853450,714.51,714.51,714.51,714.51,0
1750853455,714.51,714.51,714.51,714.51,0
1750853460,714.51,714.51,714.51,714.51,0
1750853465,714.51,714.51,714.51,714.51,0
1750853470,714.51,714.51,714.51,714.51,0
1750853475,714.51,714.51,714.51,714.51,0
1750853480,714.51,714.51,714.51,714.51,0
1750853485,714.51,714.52,714.51,714.51,2
1750853490,714.51,714.52,714.51,714.51,0
1750853495,714.51,714.52,714.51,714.51,0
1750853500,714.51,714.52,714.51,714.51,0
1750853505,714.51,714.52,714.51,714.51,0
1750853510,714.51,714.52,714.51,714.51,0
1750853515,714.51,714.52,714.51,714.51,0
1750853520,714.6,714.6,714.6,714.6,6
1750853525,714.6,714.6,714.6,714.6,0
1750853530,714.51,714.69,714.51,714.69,7
1750853535,714.71,714.71,714.71,714.71,2
1750853540,714.71,714.71,714.71,714.71,0
1750853545,714.71,714.71,714.71,714.71,0
1750853550,714.71,714.71,714.71,714.71,0
1750853555,714.71,714.71,714.71,714.71,0
1750853560,714.7,714.7,714.7,714.7,4
1750853565,714.7,714.7,714.7,714.7,0
1750853570,714.7,714.7,714.7,714.7,0
1750853575,714.7,714.7,714.7,714.7,5
1750853580,714.7,714.7,714.7,714.7,0
1750853585,714.7,714.7,714.7,714.7,0
1750853590,714.7,714.7,714.7,714.7,0
1750853595,714.7,714.7,714.7,714.7,0
1750853600,714.7,714.7,714.7,714.7,0
1750853605,714.7,714.7,714.7,714.7,0
1750853610,714.7,714.7,714.7,714.7,0
1750853615,714.7,714.7,714.7,714.7,0
1750853620,714.7,714.7,714.7,714.7,0
1750853625,714.7,714.7,714.7,714.7,0
1750853630,714.7,714.7,714.7,714.7,0
1750853635,714.7,714.7,714.7,714.7,0
1750853640,714.7,714.7,714.7,714.7,0
1750853645,714.7,714.7,714.7,714.7,0
1750853650,714.7,714.7,714.7,714.7,0
1750853655,714.7,714.7,714.7,714.7,0
1750853660,714.7,714.7,714.7,714.7,0
1750853665,714.7,714.7,714.7,714.7,0
1750853670,714.7,714.7,714.7,714.7,0
1750853675,714.7,714.7,714.7,714.7,0
1750853680,714.7,714.7,714.7,714.7,0
1750853685,714.64,714.64,714.64,714.64,2
1750853690,714.64,714.64,714.64,714.64,0
1750853695,714.64,714.64,714.64,714.64,0
1750853700,714.64,714.64,714.64,714.64,0
1750853705,714.64,714.64,714.64,714.64,0
1750853710,714.64,714.64,714.64,714.64,0
1750853715,714.64,714.64,714.64,714.64,2
1750853720,714.64,714.64,714.64,714.64,0
1750853725,714.64,714.64,714.64,714.64,0
1750853730,714.64,714.64,714.64,714.64,0
1750853735,714.64,714.64,714.64,714.64,0
1750853740,714.64,714.64,714.64,714.64,0
1750853745,714.64,714.64,714.64,714.64,0
1750853750,714.64,714.64,714.64,714.64,0
1750853755,714.64,714.64,714.64,714.64,0
1750853760,714.64,714.64,714.64,714.64,0
1750853765,714.64,714.64,714.64,714.64,0
1750853770,714.64,714.64,714.64,714.64,0
1750853775,714.64,714.64,714.64,714.64,0
1750853780,714.64,714.64,714.64,714.64,0
1750853785,714.64,714.64,714.64,714.64,0
1750853790,714.64,714.64,714.64,714.64,0
1750853795,714.64,714.64,714.64,714.64,0
1750853800,714.64,714.64,714.64,714.64,0
1750853805,714.64,714.64,714.64,714.64,0
1750853810,714.64,714.64,714.64,714.64,0
1750853815,714.64,714.64,714.64,714.64,0
1750853820,714.64,714.64,714.64,714.64,0
1750853825,714.64,714.64,714.64,714.64,0
1750853830,714.64,714.64,714.64,714.64,0
1750853835,714.64,714.64,714.64,714.64,0
1750853840,714.64,714.64,714.64,714.64,0
1750853845,714.64,714.64,714.64,714.64,0
1750853850,714.64,714.64,714.64,714.64,0
1750853855,714.64,714.64,714.64,714.64,0
1750853860,714.64,714.64,714.64,714.64,0
1750853865,714.64,714.64,714.64,714.64,0
1750853870,714.64,714.64,714.64,714.64,0
1750853875,714.64,714.64,714.64,714.64,0
1750853880,714.64,714.64,714.64,714.64,0
1750853885,714.64,714.64,714.64,714.64,0
1750853890,714.64,714.64,714.64,714.64,0
1750853895,714.64,714.64,714.64,714.64,0
1750853900,714.64,714.64,714.64,714.64,0
1750853905,714.64,714.64,714.64,714.64,0
1750853910,714.64,714.64,714.64,714.64,0
1750853915,714.64,714.64,714.64,714.64,0
1750853920,714.64,714.64,714.64,714.64,0
1750853925,714.64,714.64,714.64,714.64,0
1750853930,714.64,714.64,714.64,714.64,0
1750853935,714.64,714.64,714.64,714.64,0
1750853940,714.64,714.64,714.64,714.64,0
1750853945,714.64,714.64,714.64,714.64,0
1750853950,714.64,714.64,714.64,714.64,0
1750853955,714.64,714.64,714.64,714.64,0
1750853960,714.64,714.64,714.64,714.64,0
1750853965,714.64,714.64,714.64,714.64,0
1750853970,714.85,714.85,714.84,714.85,2
1750853975,714.85,714.85,714.84,714.85,0
1750853980,714.85,714.85,714.84,714.85,0
1750853985,714.85,714.85,714.84,714.85,0
1750853990,714.85,714.85,714.84,714.85,0
1750853995,714.85,714.85,714.84,714.85,0
1750854000,714.85,714.85,714.84,714.85,0
1750854005,714.85,714.85,714.84,714.85,0
1750854010,714.85,714.85,714.84,714.85,0
1750854015,714.85,714.85,714.84,714.85,0
1750854020,714.65,714.65,714.65,714.65,10
1750854025,714.65,714.65,714.65,714.65,6
1750854030,714.65,714.65,714.65,714.65,0
1750854035,714.65,714.65,714.65,714.65,0
1750854040,714.65,714.65,714.65,714.65,0
1750854045,714.65,714.65,714.65,714.65,0
1750854050,714.65,714.65,714.65,714.65,0
1750854055,714.65,714.65,714.65,714.65,0
1750854060,714.65,714.65,714.65,714.65,0
1750854065,714.65,714.65,714.65,714.65,0
1750854070,714.65,714.65,714.65,714.65,0
1750854075,714.65,714.65,714.65,714.65,0
1750854080,714.51,714.51,714.5,714.5,20
1750854085,714.5,714.5,714.5,714.5,0
1750854090,714.5,714.5,714.5,714.5,7
1750854095,714.5,714.5,714.5,714.5,9
1750854100,714.5,714.5,714.5,714.5,0
1750854105,714.5,714.5,714.5,714.5,0
1750854110,714.5,714.5,714.5,714.5,0
1750854115,714.5,714.5,714.5,714.5,2
1750854120,714.5,714.5,714.5,714.5,0
1750854125,714.5,714.5,714.5,714.5,0
1750854130,714.5,714.5,714.5,714.5,14
1750854135,714.5,714.5,714.5,714.5,0
1750854140,714.5,714.5,714.5,714.5,0
1750854145,714.5,714.5,714.5,714.5,0
1750854150,714.5,714.5,714.5,714.5,0
1750854155,714.5,714.5,714.5,714.5,0
1750854160,714.5,714.5,714.5,714.5,0
1750854165,714.75,714.75,714.75,714.75,2
1750854170,714.75,714.75,714.75,714.75,0
1750854175,714.75,714.75,714.75,714.75,0
1750854180,714.75,714.75,714.75,714.75,0
1750854185,714.75,714.75,714.75,714.75,0
1750854190,714.75,714.75,714.75,714.75,0
1750854195,714.75,714.75,714.75,714.75,0
1750854200,714.75,714.75,714.75,714.75,0
1750854205,714.75,714.75,714.75,714.75,0
1750854210,714.75,714.75,714.75,714.75,0
1750854215,714.5,714.5,714.5,714.5,11
1750854220,714.5,714.5,714.5,714.5,0
1750854225,714.5,714.5,714.5,714.5,0
1750854230,714.32,714.32,714.32,714.32,4
1750854235,714.32,714.32,714.32,714.32,0
1750854240,714.32,714.32,714.32,714.32,0
1750854245,714.32,714.32,714.32,714.32,0
1750854250,714.32,714.32,714.32,714.32,0
1750854255,714.32,714.32,714.32,714.32,0
1750854260,714.32,714.32,714.32,714.32,0
1750854265,714.32,714.32,714.32,714.32,0
1750854270,714.32,714.32,714.32,714.32,0
1750854275,714.32,714.32,714.32,714.32,0
1750854280,714.32,714.32,714.32,714.32,0
1750854285,714.32,714.32,714.32,714.32,0
1750854290,714.32,714.32,714.32,714.32,0
1750854295,714.32,714.32,714.32,714.32,0
1750854300,714.32,714.32,714.32,714.32,0
1750854305,714.33,714.33,714.32,714.33,2
1750854310,714.33,714.33,714.32,714.33,0
1750854315,714.33,714.33,714.32,714.33,0
1750854320,714.33,714.33,714.32,714.33,0
1750854325,714.33,714.33,714.32,714.33,0
1750854330,714.33,714.33,714.32,714.33,0
1750854335,714.33,714.33,714.32,714.33,0
1750854340,714.33,714.33,714.32,714.33,0
1750854345,714.33,714.33,714.32,714.33,0
1750854350,714.33,714.33,714.32,714.33,0
1750854355,714.33,714.33,714.32,714.33,0
1750854360,714.33,714.33,714.32,714.33,0
1750854365,714.33,714.33,714.32,714.33,0
1750854370,714.33,714.33,714.32,714.33,0
1750854375,714.33,714.33,714.32,714.33,0
1750854380,714.5,714.5,714.5,714.5,2
1750854385,714.5,714.5,714.5,714.5,0
1750854390,714.5,714.5,714.5,714.5,0
1750854395,714.5,714.5,714.5,714.5,0
1750854400,714.5,714.5,714.5,714.5,0
1750854405,714.5,714.5,714.5,714.5,0
1750854410,714.5,714.5,714.5,714.5,0
1750854415,714.5,714.5,714.5,714.5,0
1750854420,714.5,714.5,714.5,714.5,0
1750854425,714.5,714.5,714.5,714.5,0
1750854430,714.5,714.5,714.5,714.5,0
1750854435,714.5,714.5,714.5,714.5,0
1750854440,714.5,714.5,714.5,714.5,0
1750854445,714.5,714.5,714.5,714.5,0
1750854450,714.5,714.5,714.5,714.5,0
1750854455,714.5,714.5,714.5,714.5,0
1750854460,714.5,714.5,714.5,714.5,0
1750854465,714.5,714.5,714.5,714.5,0
1750854470,714.5,714.5,714.5,714.5,0
1750854475,714.5,714.5,714.5,714.5,0
1750854480,714.5,714.5,714.5,714.5,0
1750854485,714.5,714.5,714.5,714.5,0
1750854490,714.5,714.5,714.5,714.5,0
1750854495,714.5,714.5,714.5,714.5,0
1750854500,714.5,714.5,714.5,714.5,0
1750854505,714.5,714.5,714.5,714.5,0
1750854510,714.5,714.5,714.5,714.5,0
1750854515,714.5,714.5,714.5,714.5,0
1750854520,714.5,714.5,714.5,714.5,0
1750854525,714.5,714.5,714.5,714.5,0
1750854530,714.5,714.5,714.5,714.5,0
1750854535,714.5,714.5,714.5,714.5,0
1750854540,714.5,714.5,714.5,714.5,0
1750854545,714.5,714.5,714.5,714.5,0
1750854550,714.5,714.5,714.5,714.5,0
1750854555,714.5,714.5,714.5,714.5,0
1750854560,714.5,714.5,714.5,714.5,0
1750854565,714.5,714.5,714.5,714.5,0
1750854570,714.5,714.5,714.5,714.5,0
1750854575,714.5,714.5,714.5,714.5,0
1750854580,714.5,714.5,714.5,714.5,0
1750854585,714.5,714.5,714.5,714.5,0
1750854590,714.5,714.5,714.5,714.5,0
1750854595,714.75,714.75,714.75,714.75,24
1750854600,714.75,714.75,714.75,714.75,0
1750854605,714.75,714.75,714.75,714.75,0
1750854610,714.75,714.75,714.75,714.75,0
1750854615,714.75,714.75,714.75,714.75,0
1750854620,714.75,714.75,714.75,714.75,0
1750854625,714.75,714.75,714.75,714.75,0
1750854630,714.75,714.75,714.75,714.75,0
1750854635,714.75,714.75,714.75,714.75,0
1750854640,714.75,714.75,714.75,714.75,0
1750854645,714.75,714.75,714.75,714.75,0
1750854650,714.75,714.75,714.75,714.75,0
1750854655,714.75,714.75,714.75,714.75,0
1750854660,714.5,714.79,714.5,714.79,13
1750854665,714.79,714.79,714.79,714.79,0
1750854670,714.79,714.79,714.79,714.79,0
1750854675,714.79,714.79,714.79,714.79,0
1750854680,714.79,714.79,714.79,714.79,0
1750854685,714.79,714.79,714.79,714.79,0
1750854690,714.79,714.79,714.79,714.79,0
1750854695,714.79,714.79,714.79,714.79,0
1750854700,714.79,714.79,714.79,714.79,0
1750854705,714.79,714.79,714.79,714.79,0
1750854710,714.8,714.8,714.8,714.8,30
1750854715,714.8,714.8,714.8,714.8,0
1750854720,714.8,714.8,714.8,714.8,0
1750854725,714.8,714.8,714.8,714.8,0
1750854730,714.8,714.8,714.8,714.8,0
1750854735,714.8,714.8,714.8,714.8,0
1750854740,714.8,714.8,714.8,714.8,0
1750854745,714.86,714.86,714.85,714.86,25
1750854750,714.86,714.86,714.85,714.86,0
1750854755,714.86,714.86,714.85,714.86,0
1750854760,714.86,714.86,714.85,714.86,0
1750854765,714.86,714.86,714.85,714.86,0
1750854770,714.86,714.86,714.85,714.86,0
1750854775,714.86,714.86,714.85,714.86,0
1750854780,714.86,714.86,714.85,714.86,0
1750854785,714.86,714.86,714.86,714.86,3
1750854790,714.86,714.86,714.86,714.86,0
1750854795,714.86,714.86,714.86,714.86,0
1750854800,714.86,714.86,714.86,714.86,0
1750854805,714.86,714.86,714.86,714.86,0
1750854810,714.86,714.86,714.86,714.86,0
1750854815,714.86,714.86,714.86,714.86,0
1750854820,714.86,714.86,714.86,714.86,0
1750854825,714.86,714.86,714.86,714.86,0
1750854830,714.86,714.86,714.86,714.86,0
1750854835,714.86,714.86,714.86,714.86,0
1750854840,714.86,714.86,714.86,714.86,0
1750854845,714.86,714.86,714.86,714.86,0
1750854850,714.86,714.86,714.86,714.86,0
1750854855,714.86,714.86,714.86,714.86,0
1750854860,714.86,714.86,714.86,714.86,0
1750854865,714.86,714.86,714.86,714.86,0
1750854870,714.86,714.86,714.86,714.86,0
1750854875,714.86,714.86,714.86,714.86,0
1750854880,714.86,714.86,714.86,714.86,0
1750854885,714.86,714.86,714.86,714.86,0
1750854890,714.86,714.86,714.86,714.86,0
1750854895,714.86,714.86,714.86,714.86,0
1750854900,714.86,714.86,714.86,714.86,0
1750854905,714.86,714.86,714.86,714.86,0
1750854910,714.86,714.86,714.86,714.86,0
1750854915,714.86,714.86,714.86,714.86,0
1750854920,714.86,714.86,714.86,714.86,0
1750854925,714.86,714.86,714.86,714.86,0
1750854930,714.86,714.86,714.86,714.86,0
1750854935,714.86,714.86,714.86,714.86,0
1750854940,714.86,714.86,714.86,714.86,0
1750854945,714.86,714.86,714.86,714.86,0
1750854950,714.86,714.86,714.86,714.86,0
1750854955,714.86,714.86,714.86,714.86,0
1750854960,714.86,714.86,714.86,714.86,0
1750854965,714.86,714.86,714.86,714.86,0
1750854970,714.86,714.86,714.86,714.86,0
1750854975,714.86,714.86,714.86,714.86,0
1750854980,714.86,714.86,714.86,714.86,0
1750854985,714.86,714.86,714.86,714.86,0
1750854990,714.86,714.86,714.86,714.86,0
1750854995,714.86,714.86,714.86,714.86,0
1750855000,714.86,714.86,714.86,714.86,0
1750855005,714.86,714.86,714.86,714.86,0
1750855010,714.86,714.86,714.86,714.86,0
1750855015,714.86,714.86,714.86,714.86,0
1750855020,714.86,714.86,714.86,714.86,0
1750855025,714.86,714.86,714.86,714.86,0
1750855030,714.86,714.86,714.86,714.86,0
1750855035,714.86,714.86,714.86,714.86,0
1750855040,714.86,714.86,714.86,714.86,0
1750855045,714.86,714.86,714.86,714.86,0
1750855050,714.86,714.86,714.86,714.86,0
1750855055,714.86,714.86,714.86,714.86,0
1750855060,714.86,714.86,714.86,714.86,0
1750855065,714.86,714.86,714.86,714.86,0
1750855070,714.86,714.86,714.86,714.86,0
1750855075,714.86,714.86,714.86,714.86,0
1750855080,714.86,714.86,714.86,714.86,0
1750855085,714.86,714.86,714.86,714.86,0
1750855090,714.92,714.99,714.92,714.92,35
1750855095,714.85,714.85,714.85,714.85,7
1750855100,714.85,714.85,714.85,714.85,0
1750855105,714.85,714.85,714.85,714.85,0
1750855110,714.85,714.85,714.85,714.85,0
1750855115,714.85,714.85,714.85,714.85,0
1750855120,714.85,714.85,714.85,714.85,0
1750855125,714.85,714.85,714.85,714.85,0
1750855130,714.85,714.85,714.85,714.85,0
1750855135,714.85,714.85,714.85,714.85,0
1750855140,714.85,714.85,714.85,714.85,0
1750855145,714.85,714.85,714.85,714.85,0
1750855150,714.85,714.85,714.85,714.85,0
1750855155,714.99,714.99,714.99,714.99,18
1750855160,714.99,714.99,714.99,714.99,0
1750855165,714.99,714.99,714.99,714.99,6
1750855170,714.99,714.99,714.99,714.99,0
1750855175,714.99,714.99,714.99,714.99,0
1750855180,714.99,714.99,714.99,714.99,0
1750855185,714.99,714.99,714.99,714.99,0
1750855190,714.99,714.99,714.99,714.99,0
1750855195,714.99,714.99,714.99,714.99,0
1750855200,714.99,714.99,714.99,714.99,2
1750855205,714.99,714.99,714.99,714.99,0
1750855210,714.99,715.0,714.99,715.0,52
1750855215,715.0,715.0,715.0,715.0,0
1750855220,715.0,715.0,715.0,715.0,0
1750855225,715.0,715.0,715.0,715.0,0
1750855230,714.99,714.99,714.99,714.99,9
1750855235,714.99,714.99,714.99,714.99,25
1750855240,715.1,715.1,715.1,715.1,5
1750855245,715.1,715.1,715.1,715.1,0
1750855250,715.1,715.1,715.1,715.1,0
1750855255,715.1,715.1,715.1,715.1,0
1750855260,715.1,715.1,715.1,715.1,4
1750855265,715.1,715.1,715.1,715.1,0
1750855270,715.1,715.1,715.1,715.1,0
1750855275,715.1,715.1,715.1,715.1,0
1750855280,715.1,715.1,715.1,715.1,0
1750855285,715.1,715.1,715.1,715.1,0
1750855290,715.2,715.2,715.19,715.2,19
1750855295,715.2,715.2,715.19,715.2,0
1750855300,715.3,715.3,715.3,715.3,15
1750855305,715.3,715.3,715.3,715.3,0
1750855310,715.3,715.3,715.3,715.3,0
1750855315,715.5,715.5,715.5,715.5,2
1750855320,715.5,715.5,715.5,715.5,2
1750855325,715.5,715.5,715.5,715.5,0
1750855330,715.5,715.5,715.5,715.5,0
1750855335,715.5,715.5,715.5,715.5,0
1750855340,715.5,715.5,715.5,715.5,0
1750855345,715.5,715.5,715.5,715.5,0
1750855350,715.5,715.5,715.5,715.5,0
1750855355,715.5,715.5,715.5,715.5,0
1750855360,715.48,715.48,715.48,715.48,9
1750855365,715.48,715.48,715.48,715.48,0
1750855370,715.48,715.48,715.48,715.48,0
1750855375,715.48,715.48,715.48,715.48,0
1750855380,715.48,715.48,715.48,715.48,0
1750855385,715.48,715.48,715.48,715.48,0
1750855390,715.48,715.48,715.48,715.48,0
1750855395,715.48,715.48,715.48,715.48,0
1750855400,715.48,715.48,715.48,715.48,0
1750855405,715.48,715.48,715.48,715.48,0
1750855410,715.48,715.48,715.48,715.48,0
1750855415,715.48,715.48,715.48,715.48,0
1750855420,715.48,715.48,715.48,715.48,0
1750855425,715.48,715.48,715.48,715.48,0
1750855430,715.48,715.48,715.48,715.48,0
1750855435,715.48,715.48,715.48,715.48,0
1750855440,715.48,715.48,715.48,715.48,0
1750855445,715.48,715.48,715.48,715.48,0
1750855450,715.03,715.04,715.03,715.03,3
1750855455,715.03,715.04,715.03,715.03,0
1750855460,715.03,715.04,715.03,715.03,0
1750855465,715.03,715.04,715.03,715.03,0
1750855470,715.03,715.04,715.03,715.03,0
1750855475,715.03,715.04,715.03,715.03,0
1750855480,715.03,715.04,715.03,715.03,0
1750855485,715.03,715.04,715.03,715.03,0
1750855490,715.03,715.04,715.03,715.03,0
1750855495,715.5,715.5,715.49,715.5,5
1750855500,715.5,715.5,715.49,715.5,0
1750855505,715.5,715.5,715.49,715.5,0
1750855510,715.5,715.5,715.49,715.5,0
1750855515,715.5,715.5,715.49,715.5,0
1750855520,715.5,715.5,715.49,715.5,0
1750855525,715.5,715.5,715.49,715.5,0
1750855530,715.5,715.5,715.49,715.5,0
1750855535,715.5,715.5,715.49,715.5,0
1750855540,715.5,715.5,715.49,715.5,0
1750855545,715.5,715.5,715.49,715.5,0
1750855550,715.5,715.5,715.49,715.5,0
1750855555,715.5,715.5,715.49,715.5,0
1750855560,715.5,715.5,715.49,715.5,0
1750855565,715.5,715.5,715.49,715.5,0
1750855570,715.49,715.49,715.48,715.49,5
1750855575,715.49,715.5,715.49,715.5,10
1750855580,715.5,715.5,715.5,715.5,0
1750855585,715.5,715.5,715.5,715.5,0
1750855590,715.5,715.5,715.5,715.5,0
1750855595,715.65,715.65,715.65,715.65,37
1750855600,715.7,715.7,715.7,715.7,7
1750855605,715.7,715.7,715.7,715.7,0
1750855610,715.7,715.7,715.7,715.7,0
1750855615,715.7,715.7,715.7,715.7,0
1750855620,715.7,715.7,715.7,715.7,14
1750855625,715.7,715.7,715.7,715.7,0
1750855630,715.7,715.7,715.7,715.7,0
1750855635,715.4,715.4,715.4,715.4,2
1750855640,715.4,715.4,715.4,715.4,0
1750855645,715.4,715.4,715.4,715.4,0
1750855650,715.4,715.4,715.4,715.4,0
1750855655,715.4,715.4,715.4,715.4,0
1750855660,715.4,715.4,715.4,715.4,0
1750855665,715.6,715.6,715.6,715.6,7
1750855670,715.6,715.6,715.6,715.6,0
1750855675,715.6,715.6,715.6,715.6,0
1750855680,715.6,715.6,715.6,715.6,0
1750855685,715.6,715.6,715.6,715.6,0
1750855690,715.6,715.6,715.6,715.6,0
1750855695,715.6,715.6,715.6,715.6,0
1750855700,715.6,715.6,715.6,715.6,0
1750855705,715.6,715.6,715.6,715.6,0
1750855710,715.6,715.6,715.6,715.6,0
1750855715,715.6,715.6,715.6,715.6,0
1750855720,715.6,715.6,715.6,715.6,0
1750855725,715.6,715.6,715.6,715.6,0
1750855730,715.7,716.0,715.7,716.0,42
1750855735,716.0,716.01,716.0,716.0,19
1750855740,716.55,716.55,716.55,716.55,2
1750855745,716.55,716.55,716.55,716.55,0
1750855750,716.55,716.55,716.55,716.55,0
1750855755,716.55,716.55,716.01,716.5,28
1750855760,716.5,716.5,716.5,716.5,0
1750855765,716.54,716.54,716.53,716.54,2
1750855770,716.23,716.23,716.22,716.23,6
1750855775,716.23,716.23,716.22,716.23,0
1750855780,716.23,716.23,716.22,716.23,0
1750855785,716.23,716.23,716.22,716.23,0
1750855790,716.55,716.55,716.54,716.55,12
1750855795,716.55,716.55,716.54,716.55,0
1750855800,716.55,716.55,716.54,716.55,0
1750855805,716.55,716.55,716.54,716.55,0
1750855810,716.55,716.55,716.54,716.55,0
1750855815,716.55,716.55,716.54,716.55,0
1750855820,716.55,716.55,716.55,716.55,4
1750855825,716.55,716.55,716.55,716.55,0
1750855830,716.79,716.8,716.79,716.79,16
1750855835,716.78,716.78,716.78,716.78,5
1750855840,716.78,716.78,716.78,716.78,0
1750855845,716.78,716.78,716.78,716.78,0
1750855850,716.78,716.78,716.78,716.78,0
1750855855,716.78,716.78,716.78,716.78,0
1750855860,716.78,716.78,716.78,716.78,0
1750855865,716.78,716.78,716.78,716.78,0
1750855870,716.78,716.78,716.78,716.78,0
1750855875,716.78,716.78,716.78,716.78,0
1750855880,716.78,716.78,716.78,716.78,0
1750855885,716.78,716.78,716.78,716.78,0
1750855890,716.03,716.04,716.03,716.03,10
1750855895,716.03,716.04,716.03,716.03,0
1750855900,716.03,716.04,716.03,716.03,0
1750855905,716.03,716.04,716.03,716.03,0
1750855910,716.03,716.04,716.03,716.03,0
1750855915,716.03,716.04,716.03,716.03,0
1750855920,716.03,716.04,716.03,716.03,0
1750855925,716.03,716.04,716.03,716.03,0
1750855930,716.03,716.04,716.03,716.03,0
1750855935,716.03,716.04,716.03,716.03,0
1750855940,716.03,716.04,716.03,716.03,0
1750855945,716.79,716.8,716.79,716.8,14
1750855950,716.8,716.8,716.8,716.8,0
1750855955,716.8,716.8,716.8,716.8,0
1750855960,716.8,716.8,716.8,716.8,0
1750855965,716.99,717.0,716.99,716.99,5
1750855970,716.99,717.0,716.99,716.99,0
1750855975,716.99,717.0,716.99,716.99,0
1750855980,716.99,717.0,716.99,716.99,0
1750855985,716.99,717.0,716.99,716.99,0
1750855990,716.71,716.71,716.71,716.71,2
1750855995,716.71,716.71,716.71,716.71,0
1750856000,716.71,716.71,716.71,716.71,0
1750856005,716.71,716.71,716.71,716.71,0
1750856010,716.71,716.71,716.71,716.71,0
1750856015,716.71,716.71,716.71,716.71,0
1750856020,716.71,716.71,716.71,716.71,0
1750856025,716.4,716.4,716.4,716.4,3
1750856030,716.4,716.4,716.4,716.4,0
1750856035,716.4,716.4,716.4,716.4,0
1750856040,716.4,716.4,716.4,716.4,0
1750856045,716.4,716.4,716.4,716.4,0
1750856050,716.4,716.4,716.4,716.4,0
1750856055,716.4,716.4,716.4,716.4,0
1750856060,716.4,716.4,716.4,716.4,0
1750856065,716.4,716.4,716.4,716.4,0
1750856070,716.4,716.4,716.4,716.4,0
1750856075,716.4,716.4,716.4,716.4,0
1750856080,716.4,716.4,716.4,716.4,0
1750856085,716.99,716.99,716.99,716.99,7
1750856090,716.99,716.99,716.99,716.99,0
1750856095,716.99,716.99,716.99,716.99,0
1750856100,716.99,716.99,716.99,716.99,0
1750856105,716.41,716.68,716.41,716.68,12
1750856110,716.68,716.68,716.68,716.68,0
1750856115,716.68,716.68,716.68,716.68,0
1750856120,716.68,716.68,716.68,716.68,0
1750856125,716.68,716.68,716.68,716.68,0
1750856130,716.68,716.68,716.68,716.68,0
1750856135,716.68,716.68,716.68,716.68,0
1750856140,716.68,716.68,716.68,716.68,0
1750856145,716.68,716.68,716.68,716.68,0
1750856150,716.68,716.68,716.68,716.68,0
1750856155,716.68,716.68,716.68,716.68,0
1750856160,716.68,716.68,716.68,716.68,0
1750856165,716.77,716.77,716.77,716.77,12
1750856170,716.77,716.77,716.77,716.77,0
1750856175,716.77,716.77,716.77,716.77,0
1750856180,716.77,716.77,716.77,716.77,0
1750856185,716.77,716.77,716.77,716.77,0
1750856190,716.77,716.77,716.77,716.77,0
1750856195,716.77,716.77,716.77,716.77,0
1750856200,716.77,716.77,716.77,716.77,0
1750856205,716.8,716.8,716.8,716.8,42
1750856210,716.8,716.8,716.8,716.8,0
1750856215,716.8,716.8,716.8,716.8,0
1750856220,716.55,716.55,716.55,716.55,2
1750856225,716.55,716.55,716.55,716.55,0
1750856230,716.55,716.55,716.55,716.55,0
1750856235,716.8,716.8,716.8,716.8,5
1750856240,716.8,716.8,716.8,716.8,0
1750856245,716.8,716.8,716.8,716.8,0
1750856250,716.8,716.8,716.8,716.8,0
1750856255,716.8,716.8,716.8,716.8,0
1750856260,716.8,716.8,716.8,716.8,0
1750856265,716.98,716.98,716.97,716.98,25
1750856270,716.98,716.98,716.97,716.98,0
1750856275,716.96,716.96,716.95,716.96,2
1750856280,716.96,716.96,716.95,716.96,0
1750856285,716.96,716.96,716.95,716.96,0
1750856290,716.97,716.97,716.96,716.97,17
1750856295,716.97,716.97,716.96,716.97,0
1750856300,716.97,716.97,716.96,716.97,0
1750856305,716.97,716.97,716.96,716.97,0
1750856310,716.97,716.97,716.96,716.97,0
1750856315,716.97,716.97,716.96,716.97,0
1750856320,716.97,716.97,716.96,716.97,0
1750856325,716.97,716.97,716.96,716.97,0
1750856330,716.97,716.97,716.96,716.97,0
1750856335,716.97,716.97,716.96,716.97,0
1750856340,716.97,716.97,716.96,716.97,0
1750856345,716.97,716.97,716.96,716.97,0
1750856350,716.97,716.97,716.96,716.97,0
1750856355,716.97,716.97,716.96,716.97,0
1750856360,716.97,716.97,716.96,716.97,0
1750856365,716.55,716.55,716.54,716.55,2
1750856370,716.66,716.66,716.65,716.66,5
1750856375,716.66,716.66,716.65,716.66,0
1750856380,716.66,716.66,716.65,716.66,0
1750856385,716.66,716.66,716.65,716.66,0
1750856390,716.66,716.66,716.65,716.66,0
1750856395,716.56,716.57,716.56,716.56,5
1750856400,716.56,716.56,716.56,716.56,5
1750856405,716.56,716.56,716.56,716.56,0
1750856410,716.56,716.56,716.56,716.56,0
1750856415,716.56,716.56,716.56,716.56,0
1750856420,716.56,716.56,716.56,716.56,0
1750856425,716.56,716.56,716.56,716.56,0
1750856430,716.56,716.56,716.56,716.56,0
1750856435,716.56,716.56,716.56,716.56,0
1750856440,716.56,716.56,716.56,716.56,0
1750856445,716.56,716.56,716.56,716.56,0
1750856450,716.56,716.56,716.56,716.56,0
1750856455,716.79,716.79,716.78,716.79,79
1750856460,716.79,716.79,716.78,716.79,0
1750856465,716.79,716.79,716.78,716.79,0
1750856470,716.79,716.79,716.78,716.79,0
1750856475,716.79,716.79,716.78,716.79,0
1750856480,716.79,716.79,716.78,716.79,0
1750856485,716.79,716.79,716.78,716.79,0
1750856490,716.79,716.79,716.78,716.79,0
1750856495,716.98,716.98,716.96,716.96,15
1750856500,716.96,716.97,716.96,716.96,0
1750856505,716.96,716.97,716.96,716.96,0
1750856510,716.96,716.97,716.96,716.96,0
1750856515,716.96,716.97,716.96,716.96,0
1750856520,716.96,716.97,716.96,716.96,0
1750856525,716.96,716.97,716.96,716.96,0
1750856530,716.98,716.98,716.97,716.98,6
1750856535,716.98,716.98,716.98,716.98,11
1750856540,716.98,717.0,716.98,717.0,58
1750856545,717.0,717.0,717.0,717.0,0
1750856550,717.0,717.0,717.0,717.0,0
1750856555,717.0,717.0,717.0,717.0,0
1750856560,717.0,717.0,717.0,717.0,0
1750856565,717.0,717.0,717.0,717.0,0
1750856570,717.0,717.0,717.0,717.0,0
1750856575,717.47,717.48,717.47,717.47,14
1750856580,717.47,717.48,717.47,717.47,0
1750856585,717.47,717.48,717.47,717.47,0
1750856590,717.47,717.48,717.47,717.47,0
1750856595,717.47,717.48,717.47,717.47,0
1750856600,717.47,717.48,717.47,717.47,0
1750856605,717.0,717.0,717.0,717.0,12
1750856610,717.0,717.0,717.0,717.0,0
1750856615,717.0,717.0,717.0,717.0,0
1750856620,717.0,717.0,717.0,717.0,4
1750856625,717.0,717.0,717.0,717.0,0
1750856630,717.0,717.0,717.0,717.0,0
1750856635,717.39,717.4,717.39,717.4,33
1750856640,717.4,717.4,717.4,717.4,0
1750856645,717.4,717.4,717.4,717.4,0
1750856650,717.4,717.4,717.4,717.4,0
1750856655,717.4,717.4,717.4,717.4,0
1750856660,717.4,717.4,717.4,717.4,0
1750856665,717.0,717.0,717.0,717.0,2
1750856670,717.0,717.0,717.0,717.0,0
1750856675,717.0,717.0,717.0,717.0,0
1750856680,717.0,717.0,717.0,717.0,0
1750856685,717.3,717.3,717.3,717.3,2
1750856690,717.3,717.3,717.3,717.3,0
1750856695,717.3,717.3,717.3,717.3,7
1750856700,717.3,717.3,717.3,717.3,0
1750856705,717.3,717.3,717.3,717.3,0
1750856710,717.3,717.3,717.3,717.3,0
1750856715,717.3,717.3,717.3,717.3,0
1750856720,717.3,717.3,717.3,717.3,0
1750856725,717.49,717.5,717.15,717.15,8
1750856730,717.15,717.15,717.15,717.15,0
1750856735,717.15,717.15,717.15,717.15,0
1750856740,717.15,717.15,717.15,717.15,0
1750856745,717.15,717.15,717.15,717.15,0
1750856750,717.15,717.15,717.15,717.15,0
1750856755,717.15,717.15,717.15,717.15,0
1750856760,717.15,717.15,717.15,717.15,0
1750856765,717.15,717.15,717.15,717.15,0
1750856770,717.15,717.15,717.15,717.15,0
1750856775,717.15,717.15,717.15,717.15,0
1750856780,717.15,717.15,717.15,717.15,0
1750856785,717.01,717.01,716.98,717.0,53
1750856790,716.8,716.8,716.8,716.8,11
1750856795,716.8,716.8,716.8,716.8,0
1750856800,716.8,716.8,716.8,716.8,0
1750856805,716.8,716.8,716.8,716.8,0
1750856810,716.8,716.8,716.8,716.8,0
1750856815,716.8,716.8,716.8,716.8,0
1750856820,716.8,716.8,716.8,716.8,0
1750856825,716.8,716.8,716.8,716.8,0
1750856830,716.8,716.8,716.8,716.8,0
1750856835,716.8,716.8,716.8,716.8,0
1750856840,716.8,716.8,716.8,716.8,0
1750856845,716.8,716.8,716.8,716.8,0
1750856850,716.8,716.8,716.8,716.8,0
1750856855,716.8,716.8,716.8,716.8,0
1750856860,716.8,716.8,716.8,716.8,0
1750856865,716.8,716.8,716.8,716.8,0
1750856870,716.8,716.8,716.8,716.8,0
1750856875,716.8,716.8,716.8,716.8,0
1750856880,716.8,716.8,716.8,716.8,0
1750856885,716.8,716.8,716.8,716.8,0
1750856890,716.8,716.8,716.8,716.8,0
1750856895,716.8,716.8,716.8,716.8,0
1750856900,716.8,716.8,716.8,716.8,0
1750856905,716.8,716.8,716.8,716.8,5
1750856910,716.8,716.8,716.8,716.8,0
1750856915,716.8,716.8,716.8,716.8,0
1750856920,716.8,716.8,716.8,716.8,0
1750856925,716.8,716.8,716.8,716.8,0
1750856930,716.8,716.8,716.8,716.8,0
1750856935,716.8,716.8,716.8,716.8,0
1750856940,716.8,716.8,716.8,716.8,0
1750856945,716.8,716.8,716.8,716.8,0
1750856950,716.8,716.8,716.8,716.8,0
1750856955,716.8,716.8,716.8,716.8,0
1750856960,716.8,716.8,716.8,716.8,0
1750856965,716.8,716.8,716.8,716.8,0
1750856970,716.75,716.75,716.75,716.75,2
1750856975,716.75,716.78,716.75,716.78,11
1750856980,716.78,716.78,716.78,716.78,0
1750856985,716.78,716.78,716.78,716.78,0
1750856990,716.6,716.6,716.6,716.6,2
1750856995,716.6,716.6,716.6,716.6,0
1750857000,716.6,716.6,716.6,716.6,0
1750857005,716.6,716.6,716.6,716.6,2
1750857010,716.6,716.6,716.6,716.6,0
1750857015,716.6,716.6,716.6,716.6,0
1750857020,716.6,716.6,716.6,716.6,0
1750857025,716.6,716.6,716.6,716.6,0
1750857030,716.6,716.6,716.6,716.6,0
1750857035,716.6,716.6,716.6,716.6,0
1750857040,716.6,716.6,716.6,716.6,0
1750857045,716.6,716.6,716.6,716.6,0
1750857050,716.6,716.6,716.6,716.6,0
1750857055,716.61,716.61,716.49,716.49,17
1750857060,716.49,716.49,716.49,716.49,0
1750857065,716.49,716.49,716.49,716.49,0
1750857070,716.49,716.49,716.49,716.49,0
1750857075,716.49,716.49,716.49,716.49,0
1750857080,716.49,716.49,716.49,716.49,0
1750857085,716.49,716.49,716.49,716.49,0
1750857090,716.49,716.49,716.49,716.49,0
1750857095,716.49,716.49,716.49,716.49,0
1750857100,716.49,716.49,716.49,716.49,0
1750857105,716.49,716.49,716.49,716.49,0
1750857110,716.49,716.49,716.49,716.49,0
1750857115,716.49,716.49,716.49,716.49,0
1750857120,716.49,716.49,716.49,716.49,0
1750857125,716.49,716.49,716.49,716.49,12
1750857130,716.62,716.62,716.62,716.62,3
1750857135,716.62,716.62,716.62,716.62,0
1750857140,716.62,716.62,716.62,716.62,0
1750857145,716.62,716.62,716.62,716.62,0
1750857150,716.62,716.62,716.62,716.62,0
1750857155,716.62,716.62,716.62,716.62,0
1750857160,716.33,716.34,716.33,716.33,2
1750857165,716.33,716.34,716.33,716.33,0
1750857170,716.33,716.34,716.33,716.33,0
1750857175,716.33,716.34,716.33,716.33,0
1750857180,716.33,716.34,716.33,716.33,0
1750857185,716.6,716.6,716.6,716.6,2
1750857190,716.6,716.6,716.6,716.6,0
1750857195,716.6,716.6,716.6,716.6,0
1750857200,716.6,716.6,716.6,716.6,0
1750857205,716.6,716.6,716.6,716.6,0
1750857210,716.6,716.6,716.6,716.6,0
1750857215,716.6,716.6,716.6,716.6,0
1750857220,716.6,716.6,716.6,716.6,0
1750857225,716.6,716.6,716.6,716.6,0
1750857230,716.6,716.6,716.6,716.6,0
1750857235,716.75,716.75,716.75,716.75,2
1750857240,716.75,716.75,716.75,716.75,0
1750857245,716.75,716.75,716.75,716.75,0
1750857250,716.75,716.75,716.75,716.75,0
1750857255,716.75,716.75,716.75,716.75,0
1750857260,716.75,716.75,716.75,716.75,0
1750857265,716.75,716.75,716.75,716.75,5
1750857270,716.75,716.75,716.75,716.75,0
1750857275,716.75,716.75,716.75,716.75,0
1750857280,716.75,716.75,716.75,716.75,0
1750857285,716.75,716.75,716.75,716.75,0
1750857290,716.8,716.8,716.8,716.8,2
1750857295,716.8,716.8,716.8,716.8,0
1750857300,716.8,716.8,716.8,716.8,0
1750857305,716.8,716.8,716.8,716.8,0
1750857310,716.8,716.8,716.8,716.8,0
1750857315,716.98,716.98,716.98,716.98,2
1750857320,716.98,716.98,716.98,716.98,0
1750857325,716.98,716.98,716.98,716.98,0
1750857330,716.98,716.98,716.98,716.98,0
1750857335,716.98,716.98,716.98,716.98,0
1750857340,716.98,716.98,716.98,716.98,0
1750857345,716.98,716.98,716.98,716.98,0
1750857350,716.98,716.98,716.98,716.98,0
1750857355,716.99,716.99,716.99,716.99,7
1750857360,716.98,716.98,716.97,716.98,3
1750857365,716.98,716.98,716.97,716.98,0
1750857370,716.98,716.98,716.97,716.98,0
1750857375,716.98,716.98,716.97,716.98,0
1750857380,716.98,716.98,716.97,716.98,0
1750857385,716.98,716.98,716.97,716.98,0
1750857390,716.98,716.98,716.97,716.98,0
1750857395,716.98,716.98,716.97,716.98,0
1750857400,716.32,716.32,716.32,716.32,3
1750857405,716.5,716.5,716.5,716.5,3
1750857410,716.5,716.5,716.5,716.5,0
1750857415,716.5,716.5,716.5,716.5,0
1750857420,716.5,716.5,716.5,716.5,0
1750857425,716.5,716.5,716.5,716.5,0
1750857430,716.58,716.58,716.57,716.58,3
1750857435,716.58,716.58,716.57,716.58,0
1750857440,716.57,716.57,716.57,716.57,3
1750857445,716.58,716.58,716.58,716.58,2
1750857450,716.58,716.58,716.58,716.58,0
1750857455,716.58,716.58,716.58,716.58,0
1750857460,716.58,716.58,716.58,716.58,0
1750857465,716.58,716.58,716.58,716.58,0
1750857470,716.58,716.58,716.58,716.58,0
1750857475,716.58,716.58,716.58,716.58,0
1750857480,716.58,716.58,716.58,716.58,0
1750857485,716.58,716.58,716.58,716.58,0
1750857490,716.58,716.58,716.58,716.58,0
1750857495,716.58,716.58,716.58,716.58,0
1750857500,716.58,716.58,716.58,716.58,0
1750857505,716.58,716.58,716.58,716.58,0
1750857510,716.58,716.58,716.58,716.58,0
1750857515,716.58,716.58,716.58,716.58,0
1750857520,716.58,716.58,716.58,716.58,0
1750857525,716.58,716.58,716.58,716.58,0
1750857530,716.58,716.58,716.58,716.58,0
1750857535,716.58,716.58,716.58,716.58,0
1750857540,716.58,716.58,716.58,716.58,0
1750857545,716.58,716.58,716.58,716.58,0
1750857550,716.58,716.58,716.58,716.58,0
1750857555,716.3,716.3,716.3,716.3,2
1750857560,716.3,716.3,716.3,716.3,0
1750857565,716.3,716.3,716.3,716.3,0
1750857570,716.3,716.3,716.3,716.3,0
1750857575,716.3,716.3,716.3,716.3,0
1750857580,716.3,716.3,716.3,716.3,0
1750857585,716.3,716.3,716.3,716.3,0
1750857590,716.3,716.3,716.3,716.3,0
1750857595,716.48,716.48,716.48,716.48,2
1750857600,716.48,716.48,716.48,716.48,0
1750857605,716.48,716.48,716.48,716.48,3
1750857610,716.48,716.48,716.48,716.48,0
1750857615,716.48,716.48,716.48,716.48,0
1750857620,716.28,716.28,716.28,716.28,3
1750857625,716.28,716.28,716.28,716.28,0
1750857630,716.28,716.28,716.28,716.28,0
1750857635,716.28,716.28,716.0,716.01,18
1750857640,716.01,716.01,716.0,716.01,0
1750857645,716.01,716.01,716.0,716.01,0
1750857650,716.01,716.01,716.0,716.01,0
1750857655,716.08,716.08,716.07,716.08,2
1750857660,716.08,716.08,716.07,716.08,0
1750857665,716.08,716.08,716.07,716.08,0
1750857670,716.08,716.08,716.07,716.08,0
1750857675,716.08,716.08,716.07,716.08,0
1750857680,716.08,716.08,716.07,716.08,0
1750857685,716.08,716.08,716.07,716.08,0
1750857690,716.08,716.08,716.07,716.08,0
1750857695,716.28,716.28,716.28,716.28,11
1750857700,716.28,716.28,716.28,716.28,0
1750857705,716.28,716.28,716.28,716.28,0
1750857710,716.28,716.28,716.28,716.28,0
1750857715,716.28,716.28,716.28,716.28,0
1750857720,716.28,716.28,716.28,716.28,0
1750857725,716.28,716.28,716.28,716.28,0
1750857730,716.28,716.28,716.28,716.28,0
1750857735,716.28,716.28,716.28,716.28,0
1750857740,716.28,716.28,716.28,716.28,0
1750857745,716.28,716.28,716.28,716.28,0
1750857750,716.28,716.28,716.28,716.28,0
1750857755,716.28,716.28,716.28,716.28,0
1750857760,716.28,716.28,716.28,716.28,0
1750857765,716.28,716.28,716.28,716.28,0
1750857770,716.28,716.28,716.28,716.28,0
1750857775,716.28,716.28,716.28,716.28,0
1750857780,716.5,716.5,716.5,716.5,2
1750857785,716.5,716.5,716.5,716.5,0
1750857790,716.72,716.72,716.72,716.72,14
1750857795,716.72,716.72,716.72,716.72,0
1750857800,716.72,716.72,716.72,716.72,0
1750857805,716.72,716.72,716.72,716.72,0
1750857810,716.72,716.72,716.72,716.72,0
1750857815,716.72,716.72,716.72,716.72,0
1750857820,716.72,716.72,716.72,716.72,0
1750857825,716.72,716.72,716.72,716.72,0
1750857830,716.72,716.72,716.72,716.72,3
1750857835,716.72,716.72,716.72,716.72,0
1750857840,716.72,716.72,716.72,716.72,0
1750857845,716.72,716.72,716.72,716.72,0
1750857850,716.72,716.72,716.72,716.72,0
1750857855,716.72,716.72,716.72,716.72,0
1750857860,716.72,716.72,716.72,716.72,0
1750857865,716.72,716.72,716.72,716.72,0
1750857870,716.72,716.72,716.72,716.72,0
1750857875,716.72,716.72,716.72,716.72,0
1750857880,716.72,716.72,716.72,716.72,0
1750857885,716.72,716.72,716.72,716.72,0
1750857890,716.72,716.72,716.72,716.72,0
1750857895,716.72,716.72,716.72,716.72,0
1750857900,716.1,716.1,716.05,716.05,7
1750857905,716.05,716.05,716.05,716.05,0
1750857910,716.05,716.05,716.05,716.05,0
1750857915,716.05,716.05,716.05,716.05,0
1750857920,715.17,715.17,715.16,715.17,7
1750857925,715.17,715.17,715.16,715.17,0
1750857930,715.17,715.17,715.16,715.17,0
1750857935,715.17,715.17,715.16,715.17,0
1750857940,715.17,715.17,715.16,715.17,0
1750857945,715.17,715.17,715.16,715.17,0
1750857950,715.17,715.17,715.16,715.17,0
1750857955,715.17,715.17,715.16,715.17,0
1750857960,715.17,715.17,715.16,715.17,0
1750857965,715.17,715.17,715.16,715.17,0
1750857970,715.17,715.17,715.16,715.17,0
1750857975,715.17,715.17,715.16,715.17,0
1750857980,715.17,715.17,715.16,715.17,0
1750857985,715.17,715.17,715.16,715.17,0
1750857990,715.17,715.17,715.16,715.17,0
1750857995,715.17,715.17,715.16,715.17,0
1750858000,715.17,715.17,715.16,715.17,0
1750858005,715.17,715.17,715.16,715.17,0
1750858010,715.76,716.0,715.76,716.0,5
1750858015,716.0,716.0,716.0,716.0,0
1750858020,716.0,716.0,716.0,716.0,0
1750858025,716.0,716.0,716.0,716.0,0
1750858030,716.0,716.0,716.0,716.0,0
1750858035,716.0,716.0,716.0,716.0,0
1750858040,715.5,715.5,714.52,715.02,112
1750858045,715.02,715.03,715.02,715.02,0
1750858050,715.02,715.03,715.02,715.02,0
1750858055,715.02,715.03,715.02,715.02,0
1750858060,714.0,714.21,712.89,713.9,153
1750858065,713.9,713.9,713.9,713.9,10
1750858070,712.55,712.82,712.26,712.82,48
1750858075,712.55,712.55,712.55,712.55,3
1750858080,712.44,712.55,712.44,712.55,30
1750858085,712.55,712.55,712.55,712.55,0
1750858090,712.55,712.55,712.55,712.55,0
1750858095,712.55,712.55,712.55,712.55,0
1750858100,712.55,712.55,712.55,712.55,0
1750858105,713.85,713.85,713.85,713.85,2
1750858110,713.85,713.85,713.85,713.85,0
1750858115,713.23,713.23,713.22,713.23,2
1750858120,713.7,713.7,713.7,713.7,12
1750858125,713.7,713.7,713.7,713.7,0
1750858130,713.7,713.7,713.7,713.7,0
1750858135,713.52,713.52,713.28,713.28,15
1750858140,713.51,713.51,713.3,713.33,7
1750858145,713.43,713.43,713.29,713.29,7
1750858150,713.29,713.29,713.29,713.29,0
1750858155,713.29,713.29,713.29,713.29,0
1750858160,713.25,713.25,713.25,713.25,5
1750858165,713.25,713.25,713.25,713.25,0
1750858170,713.25,713.25,713.25,713.25,0
1750858175,713.25,713.25,713.25,713.25,0
1750858180,712.58,713.2,712.55,713.2,19
1750858185,713.2,713.2,713.2,713.2,15
1750858190,713.2,713.2,713.2,713.2,7
1750858195,713.19,713.19,713.17,713.17,10
1750858200,713.32,714.9,712.55,714.53,4545
1750858205,714.8,715.05,714.48,715.0,472
1750858210,715.13,715.55,715.01,715.55,200
1750858215,715.59,716.0,715.13,715.57,161
1750858220,715.6,715.84,715.05,715.13,186
1750858225,715.24,715.61,715.23,715.54,45
1750858230,715.5,716.2,715.49,716.14,183
1750858235,716.15,716.39,715.93,716.16,277
1750858240,716.16,716.35,715.93,716.35,122
1750858245,716.19,716.32,715.75,716.02,90
1750858250,716.33,716.33,716.01,716.17,112
1750858255,716.24,716.54,716.24,716.48,121
1750858260,716.5,716.58,715.65,715.65,311
1750858265,715.87,716.03,715.83,715.97,85
1750858270,715.84,715.84,715.66,715.73,25
1750858275,715.87,716.01,715.73,716.01,68
1750858280,715.91,716.13,715.91,716.13,90
1750858285,716.23,716.24,715.82,716.2,155
1750858290,716.13,716.18,715.08,715.19,99
1750858295,715.3,715.56,714.06,714.06,111
1750858300,714.59,714.79,714.46,714.47,60
1750858305,714.47,714.69,714.16,714.62,103
1750858310,714.81,715.46,714.81,715.16,17
1750858315,715.0,715.21,715.0,715.21,15
1750858320,715.0,715.21,714.94,715.1,22
1750858325,714.92,714.94,714.55,714.57,48
1750858330,714.76,714.77,714.24,714.25,125
1750858335,714.23,714.98,714.23,714.64,63
1750858340,714.64,714.88,714.08,714.88,85
1750858345,714.88,714.88,714.87,714.88,15
1750858350,714.88,715.13,714.72,715.13,60
1750858355,715.01,715.02,714.73,714.88,117
1750858360,714.88,714.88,714.83,714.85,10
1750858365,714.9,715.01,714.69,715.01,139
1750858370,715.08,715.22,714.99,715.17,26
1750858375,715.06,715.23,715.05,715.23,46
1750858380,714.99,715.34,714.94,715.09,430
1750858385,715.09,715.33,714.75,714.75,85
1750858390,715.16,715.31,715.02,715.14,111
1750858395,715.14,715.14,714.76,714.76,22
1750858400,714.7,714.7,714.29,714.34,68
1750858405,714.46,714.72,713.91,714.01,195
1750858410,714.0,714.16,713.97,714.0,62
1750858415,714.1,714.31,714.0,714.25,64
1750858420,714.12,714.18,713.89,714.18,22
1750858425,714.04,714.21,713.89,714.19,78
1750858430,714.19,714.21,714.14,714.21,17
1750858435,714.31,714.43,714.12,714.13,101
1750858440,714.12,714.27,714.0,714.03,33
1750858445,714.03,714.04,713.77,714.04,32
1750858450,714.03,714.03,713.61,713.7,77
1750858455,713.75,713.76,713.25,713.38,63
1750858460,713.29,713.69,713.25,713.43,89
1750858465,713.43,713.48,713.13,713.25,138
1750858470,713.29,713.34,713.13,713.29,96
1750858475,713.41,713.41,713.31,713.31,23
1750858480,713.31,713.48,712.95,712.99,130
1750858485,713.06,713.45,713.06,713.22,20
1750858490,713.22,713.48,713.07,713.4,90
1750858495,713.2,713.4,713.2,713.2,24
1750858500,713.26,713.43,712.95,713.17,220
1750858505,713.17,713.42,713.16,713.39,137
1750858510,713.39,713.53,713.1,713.53,47
1750858515,713.42,713.69,713.4,713.55,46
1750858520,713.65,713.73,713.38,713.49,44
1750858525,713.53,713.54,713.33,713.53,11
1750858530,713.32,713.54,713.32,713.53,30
1750858535,713.41,713.41,713.04,713.32,10
1750858540,713.31,713.6,713.27,713.29,30
1750858545,713.53,713.78,713.53,713.73,48
1750858550,713.59,713.59,713.15,713.4,69
1750858555,713.21,713.41,713.21,713.26,22
1750858560,713.24,713.59,713.23,713.43,138
1750858565,713.48,713.67,713.44,713.65,65
1750858570,713.75,713.86,713.65,713.76,39
1750858575,714.0,714.18,713.99,714.18,33
1750858580,713.97,714.24,713.83,714.24,49
1750858585,714.19,714.2,713.77,714.2,97
1750858590,714.05,714.05,713.58,713.83,68
1750858595,713.83,713.83,713.55,713.55,45
1750858600,713.74,713.75,713.23,713.24,27
1750858605,713.27,713.47,713.01,713.26,205
1750858610,713.51,713.66,713.31,713.66,30
1750858615,713.78,714.06,713.78,714.0,86
1750858620,714.1,714.1,713.73,713.8,33
1750858625,714.15,714.15,713.56,713.56,19
1750858630,713.47,713.6,713.12,713.55,131
1750858635,713.66,713.85,713.14,713.49,93
1750858640,713.44,713.44,713.06,713.27,42
1750858645,713.25,713.52,713.25,713.52,32
1750858650,713.36,713.53,713.29,713.29,42
1750858655,713.42,713.6,713.24,713.24,15
1750858660,713.29,713.3,712.81,712.81,93
1750858665,712.93,713.27,712.93,713.1,51
1750858670,712.99,712.99,712.11,712.25,320
1750858675,712.28,712.78,712.11,712.41,89
1750858680,712.29,712.72,712.29,712.57,57
1750858685,712.48,712.73,712.48,712.63,15
1750858690,712.68,712.68,712.55,712.55,77
1750858695,712.67,712.76,712.66,712.71,75
1750858700,712.73,713.0,712.73,712.91,30
1750858705,712.79,713.0,712.76,712.92,55
1750858710,712.8,712.98,712.69,712.85,36
1750858715,712.75,712.97,712.75,712.93,15
1750858720,712.82,713.2,712.81,713.2,48
1750858725,712.94,713.28,712.88,713.1,47
1750858730,712.98,713.02,712.92,713.01,17
1750858735,712.98,713.0,712.94,712.97,31
1750858740,712.92,713.17,712.91,713.17,69
1750858745,713.02,713.26,712.94,713.06,71
1750858750,713.19,713.2,712.85,713.03,13
1750858755,713.14,713.16,713.0,713.14,71
1750858760,713.14,713.46,713.14,713.42,20
1750858765,713.48,713.48,713.36,713.36,18
1750858770,713.25,713.5,713.0,713.0,10
1750858775,713.3,713.49,713.25,713.49,40
1750858780,713.44,713.55,713.05,713.21,22
1750858785,713.22,713.3,713.21,713.3,31
1750858790,713.3,713.71,713.3,713.5,111
1750858795,713.72,713.72,713.72,713.72,2
1750858800,713.87,714.16,713.87,714.16,68
1750858805,714.11,714.25,714.0,714.25,75
1750858810,714.08,714.33,713.71,713.71,48
1750858815,713.84,713.94,713.47,713.47,47
1750858820,713.53,713.54,713.2,713.3,56
1750858825,713.32,713.36,713.32,713.36,5
1750858830,713.23,713.24,713.03,713.03,47
1750858835,713.24,713.24,712.61,712.72,176
1750858840,712.79,712.97,712.79,712.93,68
1750858845,712.99,713.1,712.86,712.87,23
1750858850,712.72,712.73,712.6,712.71,23
1750858855,712.72,713.73,712.72,713.48,147
1750858860,713.63,713.85,713.62,713.85,8
1750858865,714.04,714.04,713.57,713.6,31
1750858870,713.88,714.35,713.88,714.29,30
1750858875,714.36,714.38,714.05,714.12,44
1750858880,714.01,714.39,714.0,714.35,46
1750858885,714.42,714.64,714.38,714.49,143
1750858890,714.58,714.62,714.28,714.29,32
1750858895,714.61,714.61,714.3,714.45,32
1750858900,714.3,714.44,714.25,714.27,33
1750858905,714.25,714.31,714.11,714.28,19
1750858910,714.16,714.16,714.01,714.15,36
1750858915,714.04,714.43,714.01,714.25,65
1750858920,714.41,714.91,714.25,714.86,84
1750858925,714.73,715.17,714.72,715.08,205
1750858930,715.12,715.12,714.84,714.95,49
1750858935,715.03,715.23,714.99,715.13,240
1750858940,715.0,715.15,714.88,715.14,56
1750858945,714.92,715.21,714.91,715.21,13
1750858950,715.18,715.35,715.0,715.07,139
1750858955,714.96,715.12,714.96,715.12,5
1750858960,714.98,715.15,714.97,714.98,22
1750858965,715.19,715.33,715.06,715.33,53
1750858970,715.25,715.3,715.0,715.09,90
1750858975,715.09,715.36,714.93,714.93,90
1750858980,715.32,715.32,714.92,715.17,288
1750858985,715.09,715.63,714.82,715.28,178
1750858990,715.24,715.33,715.01,715.15,101
1750858995,715.54,715.54,715.12,715.21,46
1750859000,715.2,715.33,715.19,715.2,16
1750859005,715.16,715.37,714.99,714.99,46
1750859010,715.19,715.19,714.79,714.88,52
1750859015,714.87,714.87,714.87,714.87,2
1750859020,714.69,714.96,714.68,714.95,42
1750859025,714.81,715.17,714.65,714.95,41
1750859030,715.2,715.31,715.16,715.16,32
1750859035,715.15,715.21,714.97,715.03,95
1750859040,715.19,715.33,714.97,715.1,54
1750859045,715.26,715.27,714.98,715.02,40
1750859050,715.08,715.39,715.0,715.0,207
1750859055,715.05,715.45,715.0,715.12,97
1750859060,715.04,715.04,714.96,715.04,32
1750859065,715.04,715.21,714.9,714.92,101
1750859070,715.0,715.05,715.0,715.04,12
1750859075,715.04,715.08,714.57,714.65,114
1750859080,714.73,714.8,714.65,714.75,27
1750859085,714.75,714.76,714.64,714.64,20
1750859090,714.66,714.72,714.44,714.66,40
1750859095,714.33,714.69,714.21,714.28,65
1750859100,714.28,714.78,714.11,714.66,125
1750859105,714.47,714.88,714.46,714.79,165
1750859110,714.88,715.0,714.78,715.0,23
1750859115,714.91,714.95,714.23,714.38,168
1750859120,714.24,714.29,714.23,714.29,8
1750859125,714.47,714.48,714.23,714.23,17
1750859130,714.28,714.29,714.19,714.19,18
1750859135,714.27,714.29,713.74,714.2,141
1750859140,714.21,714.27,714.05,714.21,29
1750859145,714.07,714.07,713.94,714.03,22
1750859150,713.87,713.88,713.87,713.87,7
1750859155,713.87,714.03,713.41,713.43,37
1750859160,713.55,713.71,713.27,713.7,45
1750859165,713.51,713.52,713.31,713.47,14
1750859170,713.28,713.43,713.01,713.36,318
1750859175,713.25,713.42,713.01,713.27,164
1750859180,713.28,713.42,713.25,713.26,137
1750859185,713.37,713.37,712.9,713.03,237
1750859190,713.02,713.05,712.89,712.89,121
1750859195,712.69,712.9,712.69,712.71,20
1750859200,712.72,712.72,712.59,712.6,18
1750859205,712.5,712.6,712.5,712.5,21
1750859210,712.41,712.5,711.9,712.31,232
1750859215,712.05,712.2,712.05,712.05,49
1750859220,712.2,712.2,712.04,712.09,90
1750859225,711.9,711.95,711.77,711.94,45
1750859230,711.63,711.78,711.55,711.72,33
1750859235,711.55,711.55,711.24,711.42,72
1750859240,711.42,711.55,711.26,711.43,69
1750859245,711.36,711.5,711.22,711.43,75
1750859250,711.39,711.62,711.39,711.47,160
1750859255,711.4,711.98,711.4,711.98,71
1750859260,711.79,712.03,711.54,711.84,82
1750859265,711.91,711.99,711.74,711.75,42
1750859270,711.83,712.17,711.72,711.82,90
1750859275,711.86,712.05,711.86,711.98,11
1750859280,711.99,712.11,711.75,711.81,172
1750859285,711.75,711.84,711.66,711.7,104
1750859290,711.71,711.88,711.7,711.7,22
1750859295,711.7,711.89,711.7,711.75,130
1750859300,711.82,711.82,711.82,711.82,3
1750859305,711.91,712.32,711.72,712.06,475
1750859310,712.18,712.18,711.94,711.95,75
1750859315,711.94,711.94,711.94,711.94,7
1750859320,712.08,712.08,711.8,711.8,17
1750859325,711.98,712.32,711.51,712.13,190
1750859330,712.18,712.27,711.7,711.95,115
1750859335,711.83,711.83,711.82,711.83,2
1750859340,712.01,712.09,711.96,712.09,22
1750859345,712.3,712.3,711.77,711.81,129
1750859350,711.81,711.93,711.8,711.8,40
1750859355,712.01,712.01,711.6,711.89,41
1750859360,712.18,712.5,712.18,712.34,72
1750859365,712.34,712.44,712.34,712.35,30
1750859370,712.35,712.54,712.34,712.34,18
1750859375,712.42,712.5,711.98,712.26,50
1750859380,711.99,712.15,711.99,712.0,69
1750859385,712.06,712.08,712.0,712.05,20
1750859390,712.02,712.02,712.02,712.02,10
1750859395,712.05,712.05,711.92,712.01,13
1750859400,712.03,712.03,711.63,711.76,89
1750859405,711.64,711.66,711.54,711.54,30
1750859410,711.65,711.72,711.38,711.39,66
1750859415,711.23,711.29,710.83,710.9,434
1750859420,710.9,711.04,710.81,710.81,26
1750859425,710.86,710.86,710.62,710.62,35
1750859430,710.62,710.8,710.44,710.45,174
1750859435,710.45,710.86,710.45,710.81,64
1750859440,710.81,710.84,710.62,710.81,26
1750859445,710.75,710.93,710.75,710.92,22
1750859450,710.86,711.41,710.8,711.27,126
1750859455,711.43,711.48,711.28,711.38,97
1750859460,711.29,711.51,711.29,711.51,25
1750859465,711.51,711.59,711.33,711.46,140
1750859470,711.47,711.7,711.35,711.35,96
1750859475,711.57,711.57,711.3,711.3,107
1750859480,711.3,711.3,711.11,711.11,17
1750859485,710.88,711.1,710.87,711.08,148
1750859490,711.16,711.44,711.16,711.29,38
1750859495,711.29,711.69,711.28,711.61,72
1750859500,711.52,711.52,711.52,711.52,5
1750859505,711.49,711.57,711.44,711.5,21
1750859510,711.5,711.52,711.44,711.5,11
1750859515,711.52,711.71,711.49,711.6,87
1750859520,711.79,711.8,711.79,711.79,7
1750859525,711.42,711.67,711.42,711.67,56
1750859530,711.58,711.7,711.28,711.69,101
1750859535,711.47,711.48,711.47,711.47,3
1750859540,711.63,711.63,711.32,711.32,16
1750859545,711.51,711.51,711.31,711.39,17
1750859550,711.44,711.45,711.36,711.39,15
1750859555,711.36,711.62,711.36,711.49,28
1750859560,711.62,711.8,711.52,711.52,119
1750859565,711.52,711.88,711.52,711.82,35
1750859570,711.82,711.99,711.82,711.82,20
1750859575,711.91,711.91,711.67,711.67,45
1750859580,711.64,711.74,711.61,711.74,53
1750859585,711.92,711.96,711.74,711.84,50
1750859590,711.77,711.77,711.34,711.34,74
1750859595,711.55,711.81,711.51,711.72,50
1750859600,711.75,711.93,711.7,711.81,219
1750859605,711.81,711.92,711.75,711.75,37
1750859610,711.75,711.77,711.55,711.67,77
1750859615,711.67,711.77,711.47,711.49,78
1750859620,711.68,712.09,711.68,712.0,420
1750859625,711.95,712.19,711.87,712.18,274
1750859630,712.2,712.25,712.02,712.24,40
1750859635,712.01,712.01,711.84,711.9,30
1750859640,711.95,712.08,711.95,712.08,46
1750859645,712.11,712.11,711.96,712.11,8
1750859650,712.11,712.21,712.11,712.21,7
1750859655,712.21,712.29,712.04,712.1,183
1750859660,712.1,712.15,712.09,712.15,18
1750859665,712.15,712.4,712.15,712.4,36
1750859670,712.3,712.35,712.1,712.1,66
1750859675,712.24,712.24,712.17,712.17,11
1750859680,712.17,712.2,712.17,712.2,5
1750859685,712.17,712.17,712.14,712.14,17
1750859690,712.2,712.29,712.0,712.13,99
1750859695,712.25,712.25,712.09,712.09,99
1750859700,712.07,712.33,712.07,712.17,89
1750859705,712.3,712.31,712.17,712.18,12
1750859710,712.22,712.36,712.17,712.19,406
1750859715,712.24,712.24,712.06,712.19,20
1750859720,712.24,712.32,711.9,712.11,123
1750859725,712.19,712.38,712.09,712.25,300
1750859730,712.31,712.36,712.17,712.27,206
1750859735,712.3,712.45,712.25,712.38,122
1750859740,712.35,712.65,712.35,712.45,134
1750859745,712.45,712.5,712.33,712.47,146
1750859750,712.47,712.57,712.47,712.57,18
1750859755,712.47,713.0,712.3,713.0,201
1750859760,713.11,713.22,712.94,713.22,43
1750859765,712.94,713.13,712.94,713.13,6
1750859770,713.14,713.47,713.13,713.47,23
1750859775,713.48,713.48,713.28,713.37,15
1750859780,713.27,713.3,713.26,713.3,20
1750859785,713.28,713.28,713.28,713.28,25
1750859790,713.03,713.28,713.03,713.28,61
1750859795,713.28,713.28,713.05,713.28,20
1750859800,713.28,713.3,713.2,713.3,12
1750859805,713.3,713.3,713.16,713.17,16
1750859810,713.17,713.34,713.0,713.0,122
1750859815,713.12,713.34,713.11,713.25,59
1750859820,713.18,713.23,713.03,713.15,23
1750859825,713.27,713.64,713.25,713.6,71
1750859830,713.6,713.6,713.6,713.6,2
1750859835,713.71,713.73,713.71,713.73,5
1750859840,713.73,713.8,713.72,713.73,50
1750859845,713.73,713.75,713.58,713.6,30
1750859850,713.64,713.72,713.56,713.56,113
1750859855,713.56,713.56,713.56,713.56,0
1750859860,713.54,713.54,713.53,713.54,2
1750859865,713.54,713.54,713.53,713.54,47
1750859870,713.53,713.53,713.5,713.5,5
1750859875,713.47,713.63,713.46,713.52,62
1750859880,713.52,713.61,713.38,713.51,71
1750859885,713.38,713.51,713.38,713.51,67
1750859890,713.51,713.52,713.38,713.38,74
1750859895,713.37,713.37,713.16,713.26,20
1750859900,713.26,713.27,713.03,713.03,19
1750859905,713.0,713.2,713.0,713.19,5
1750859910,712.95,713.1,712.63,712.63,26
1750859915,712.56,712.67,712.55,712.56,7
1750859920,712.9,713.2,712.9,713.2,33
1750859925,713.2,713.2,713.19,713.2,2
1750859930,713.2,713.31,713.19,713.3,5
1750859935,713.2,713.2,713.07,713.07,12
1750859940,713.2,713.2,712.96,712.96,15
1750859945,713.01,713.02,712.83,712.96,27
1750859950,712.91,712.91,712.91,712.91,2
1750859955,712.91,712.91,712.8,712.8,21
1750859960,712.99,713.0,712.99,713.0,23
1750859965,713.09,713.09,713.01,713.03,15
1750859970,713.19,713.19,713.19,713.19,5
1750859975,713.19,713.38,713.19,713.19,23
1750859980,713.2,713.2,713.19,713.2,5
1750859985,713.34,713.5,713.25,713.25,41
1750859990,713.25,713.25,713.16,713.16,17
1750859995,713.01,713.25,713.01,713.25,5
1750860000,713.5,713.5,713.25,713.25,23
1750860005,713.25,713.5,713.25,713.39,71
1750860010,713.39,713.53,713.26,713.41,156
1750860015,713.38,713.56,713.01,713.56,28
1750860020,713.56,713.56,713.55,713.56,0
1750860025,713.15,713.15,712.83,713.0,85
1750860030,713.02,713.19,713.01,713.07,21
1750860035,712.83,712.94,712.83,712.88,10
1750860040,712.95,713.0,712.95,713.0,22
1750860045,713.0,713.0,712.92,712.92,9
1750860050,712.89,712.89,712.62,712.62,22
1750860055,712.72,712.89,712.72,712.83,40
1750860060,712.99,712.99,712.84,712.84,15
1750860065,712.68,712.74,712.68,712.73,5
1750860070,712.73,712.74,712.73,712.73,0
1750860075,712.56,712.64,712.5,712.62,43
1750860080,712.63,712.84,712.5,712.84,20
1750860085,712.86,712.9,712.86,712.9,10
1750860090,712.9,712.97,712.9,712.97,5
1750860095,712.97,712.97,712.97,712.97,2
1750860100,713.0,713.01,712.94,712.99,12
1750860105,712.99,713.18,712.9,713.18,27
1750860110,712.74,712.99,712.74,712.99,13
1750860115,712.99,713.0,712.98,712.99,15
1750860120,712.99,712.99,712.98,712.99,5
1750860125,712.99,712.99,712.7,712.82,52
1750860130,712.82,712.82,712.82,712.82,2
1750860135,712.64,712.69,712.56,712.56,20
1750860140,712.72,712.72,712.34,712.35,29
1750860145,712.12,712.22,712.02,712.02,10
1750860150,712.01,712.01,711.64,711.64,63
1750860155,711.68,711.69,711.68,711.69,5
1750860160,711.44,711.78,711.23,711.23,25
1750860165,711.1,711.25,711.0,711.0,57
1750860170,711.0,711.13,711.0,711.07,16
1750860175,711.0,711.38,711.0,711.37,28
1750860180,711.45,711.59,711.41,711.45,15
1750860185,711.45,711.6,711.45,711.46,48
1750860190,711.17,711.18,711.17,711.17,9
1750860195,711.17,711.18,711.17,711.17,0
1750860200,711.37,711.6,711.36,711.6,8
1750860205,711.29,711.47,711.29,711.46,15
1750860210,711.33,711.48,711.33,711.48,5
1750860215,711.42,711.43,711.41,711.43,10
1750860220,711.53,711.53,711.38,711.38,8
1750860225,711.28,711.29,711.2,711.27,21
1750860230,711.38,711.38,711.27,711.27,5
1750860235,711.31,711.31,711.29,711.29,10
1750860240,711.33,711.43,711.32,711.43,7
1750860245,711.24,711.25,711.24,711.24,5
1750860250,711.46,711.46,711.45,711.46,2
1750860255,711.59,711.59,711.56,711.56,5
1750860260,711.6,711.6,711.53,711.6,14
1750860265,711.46,711.46,711.45,711.46,13
1750860270,711.53,711.53,711.32,711.32,15
1750860275,711.27,711.57,711.26,711.57,12
1750860280,711.53,711.69,711.52,711.69,24
1750860285,711.81,712.16,711.77,712.13,56
1750860290,712.16,712.23,712.15,712.22,14
1750860295,712.23,712.23,712.05,712.05,10
1750860300,712.36,712.36,712.05,712.05,10
1750860305,712.04,712.06,711.9,712.03,44
1750860310,712.09,712.09,712.09,712.09,3
1750860315,712.01,712.01,711.97,711.97,17
1750860320,712.15,712.15,712.15,712.15,2
1750860325,712.19,712.19,712.17,712.17,24
1750860330,712.17,712.18,712.17,712.17,0
1750860335,712.36,712.37,712.36,712.37,5
1750860340,712.37,712.37,712.37,712.37,0
1750860345,712.54,712.54,712.54,712.54,2
1750860350,712.37,712.56,712.37,712.56,12
1750860355,712.61,712.61,712.48,712.49,11
1750860360,712.4,712.59,712.39,712.56,28
1750860365,712.56,712.56,712.42,712.47,11
1750860370,712.56,712.56,712.37,712.49,11
1750860375,712.41,712.55,712.25,712.29,24
1750860380,712.35,712.36,712.18,712.18,14
1750860385,712.55,712.55,712.54,712.55,2
1750860390,712.35,712.35,712.3,712.3,5
1750860395,712.17,712.17,712.17,712.17,2
1750860400,712.36,712.43,712.26,712.43,18
1750860405,712.43,712.43,712.42,712.42,7
1750860410,712.42,712.42,712.42,712.42,0
1750860415,712.46,712.46,712.27,712.27,38
1750860420,712.22,712.22,712.0,712.0,12
1750860425,712.23,712.23,712.09,712.09,7
1750860430,712.12,712.12,712.12,712.12,2
1750860435,712.0,712.0,712.0,712.0,2
1750860440,712.24,712.24,712.23,712.23,5
1750860445,712.23,712.23,712.23,712.23,0
1750860450,712.3,712.35,712.3,712.33,19
1750860455,712.42,712.67,712.42,712.67,20
1750860460,712.79,712.79,712.56,712.63,51
1750860465,712.59,712.59,712.58,712.59,80
1750860470,712.76,712.76,712.58,712.59,25
1750860475,712.59,712.59,712.58,712.59,0
1750860480,712.57,712.57,712.56,712.57,3
1750860485,712.45,712.82,712.45,712.71,7
1750860490,712.84,712.88,712.84,712.88,12
1750860495,712.92,713.01,712.8,712.8,88
1750860500,712.9,712.9,712.8,712.8,13
1750860505,712.8,712.8,712.8,712.8,0
1750860510,712.86,712.99,712.85,712.98,11
1750860515,712.98,713.0,712.98,713.0,8
1750860520,712.94,712.94,712.94,712.94,2
1750860525,712.99,712.99,712.88,712.88,47
1750860530,712.82,712.89,712.82,712.89,10
1750860535,712.89,712.9,712.89,712.89,2
1750860540,712.89,712.89,712.89,712.89,5
1750860545,712.71,713.0,712.71,713.0,95
1750860550,713.0,713.0,712.99,713.0,0
1750860555,712.8,712.8,712.36,712.36,158
1750860560,712.33,712.52,712.18,712.28,11
1750860565,712.22,712.31,712.16,712.18,24
1750860570,712.18,712.2,712.17,712.17,7
1750860575,712.17,712.17,712.17,712.17,0
1750860580,712.04,712.04,712.0,712.0,10
1750860585,711.97,712.02,711.92,712.02,11
1750860590,712.06,712.17,712.03,712.03,53
1750860595,712.17,712.17,712.16,712.17,2
1750860600,712.3,712.49,712.3,712.3,17
1750860605,712.3,712.3,712.3,712.3,0
1750860610,712.52,712.52,712.5,712.5,8
1750860615,712.47,712.5,712.47,712.5,5
1750860620,712.68,712.68,712.55,712.62,16
1750860625,712.62,712.62,712.61,712.62,0
1750860630,712.55,712.55,712.55,712.55,2
1750860635,712.6,712.65,712.6,712.64,9
1750860640,712.65,712.65,712.64,712.65,20
1750860645,712.72,712.72,712.72,712.72,2
1750860650,712.75,712.75,712.6,712.6,32
1750860655,712.6,712.6,712.6,712.6,0
1750860660,712.66,712.71,712.56,712.71,40
1750860665,712.5,712.52,712.37,712.37,7
1750860670,712.45,712.47,712.35,712.45,17
1750860675,712.45,712.5,712.45,712.45,20
1750860680,712.45,712.45,712.32,712.32,15
1750860685,712.21,712.21,711.96,711.97,20
1750860690,712.08,712.08,712.06,712.06,15
1750860695,712.07,712.16,711.92,711.92,59
1750860700,711.9,712.0,711.89,712.0,7
1750860705,711.9,712.0,711.89,712.0,10
1750860710,712.08,712.09,712.0,712.05,36
1750860715,712.14,712.27,712.07,712.08,89
1750860720,712.07,712.07,712.01,712.01,5
1750860725,712.19,712.19,711.91,711.91,5
1750860730,711.91,711.91,711.91,711.91,0
1750860735,711.91,711.91,711.87,711.87,15
1750860740,711.97,711.98,711.89,711.89,6
1750860745,711.91,711.91,711.77,711.88,17
1750860750,711.89,712.01,711.88,712.0,64
1750860755,712.1,712.11,712.1,712.1,2
1750860760,712.03,712.04,711.97,712.0,12
1750860765,711.93,711.93,711.83,711.84,5
1750860770,712.09,712.16,712.03,712.1,35
1750860775,712.1,712.19,711.99,712.19,21
1750860780,712.12,712.12,712.03,712.09,21
1750860785,712.13,712.14,712.13,712.13,2
1750860790,712.17,712.18,712.12,712.13,8
1750860795,712.09,712.13,712.08,712.12,15
1750860800,712.13,712.25,712.13,712.23,17
1750860805,712.14,712.16,712.1,712.15,41
1750860810,712.05,712.17,712.0,712.14,106
1750860815,712.14,712.15,712.06,712.06,13
1750860820,712.09,712.27,712.06,712.17,25
1750860825,712.17,712.22,712.06,712.07,20
1750860830,712.09,712.23,712.06,712.08,22
1750860835,712.23,712.23,712.23,712.23,18
1750860840,712.13,712.13,712.0,712.0,14
1750860845,712.24,712.24,712.24,712.24,7
1750860850,711.89,711.92,711.89,711.92,8
1750860855,711.66,711.88,711.48,711.48,15
1750860860,711.46,711.58,711.37,711.37,57
1750860865,711.38,711.5,711.22,711.22,40
1750860870,711.36,711.53,711.35,711.52,12
1750860875,711.58,711.58,711.52,711.57,8
1750860880,711.5,711.55,711.45,711.55,7
1750860885,711.39,711.4,711.39,711.39,2
1750860890,711.4,711.4,711.31,711.32,12
1750860895,711.32,711.32,711.31,711.32,5
1750860900,711.43,711.45,711.42,711.45,38
1750860905,711.45,711.45,711.45,711.45,5
1750860910,711.39,711.59,711.39,711.46,8
1750860915,711.21,711.35,711.2,711.35,7
1750860920,711.35,711.35,711.35,711.35,0
1750860925,711.34,711.34,711.28,711.28,6
1750860930,711.3,711.31,710.78,710.78,253
1750860935,710.6,710.68,710.54,710.68,11
1750860940,710.54,710.61,710.2,710.2,136
1750860945,710.27,710.37,710.14,710.37,85
1750860950,710.48,710.72,710.34,710.54,85
1750860955,710.54,710.54,710.54,710.54,5
1750860960,710.61,710.61,710.61,710.61,6
1750860965,710.7,710.88,710.35,710.84,76
1750860970,710.78,710.92,710.77,710.9,13
1750860975,710.9,710.9,710.9,710.9,0
1750860980,710.84,710.84,710.84,710.84,2
1750860985,710.84,710.84,710.84,710.84,0
1750860990,710.96,711.01,710.84,711.0,22
1750860995,711.2,711.25,711.05,711.22,22
1750861000,711.21,711.33,711.21,711.33,5
1750861005,711.36,711.44,711.36,711.44,10
1750861010,711.32,711.32,711.31,711.32,2
1750861015,711.47,711.47,711.47,711.47,2
1750861020,711.5,711.7,711.4,711.7,40
1750861025,711.71,711.84,711.71,711.84,11
1750861030,712.0,712.0,711.72,711.95,23
1750861035,711.94,711.94,711.93,711.93,5
1750861040,711.93,711.93,711.92,711.93,5
1750861045,711.9,711.91,711.9,711.9,14
1750861050,711.93,711.94,711.91,711.91,10
1750861055,711.91,711.91,711.91,711.91,0
1750861060,711.94,712.16,711.94,712.08,10
1750861065,712.12,712.32,712.08,712.32,12
1750861070,712.32,712.32,712.23,712.31,12
1750861075,712.22,712.22,712.21,712.22,12
1750861080,712.22,712.23,712.03,712.18,52
1750861085,712.23,712.23,712.07,712.07,18
1750861090,711.94,712.17,711.85,711.85,55
1750861095,711.81,711.81,711.71,711.71,17
1750861100,711.77,711.79,711.71,711.79,17
1750861105,711.79,711.79,711.79,711.79,0
1750861110,711.8,711.8,711.79,711.8,5
1750861115,711.94,711.95,711.94,711.94,5
1750861120,712.03,712.03,711.82,711.82,7
1750861125,711.84,711.84,711.83,711.84,2
1750861130,711.84,711.84,711.83,711.84,0
1750861135,711.83,711.83,711.83,711.83,14
1750861140,711.83,711.83,711.83,711.83,0
1750861145,712.0,712.0,711.83,711.91,26
1750861150,711.99,712.17,711.99,712.17,66
1750861155,712.15,712.25,712.05,712.06,26
1750861160,712.2,712.21,712.2,712.21,8
1750861165,712.04,712.04,712.04,712.04,2
1750861170,712.13,712.13,712.13,712.13,10
1750861175,712.04,712.13,711.92,712.12,34
1750861180,712.05,712.05,712.04,712.05,2
1750861185,712.05,712.05,712.04,712.05,0
1750861190,712.13,712.13,711.88,711.9,73
1750861195,712.03,712.04,711.95,711.96,18
1750861200,711.98,711.98,711.91,711.93,16
1750861205,711.98,711.98,711.91,711.91,5
1750861210,711.91,711.91,711.91,711.91,0
1750861215,711.92,711.92,711.9,711.9,10
1750861220,711.96,711.96,711.96,711.96,4
1750861225,712.05,712.07,711.94,711.94,24
1750861230,711.94,711.94,711.94,711.94,0
1750861235,711.96,711.96,711.78,711.94,16
1750861240,711.94,712.0,711.94,711.99,5
1750861245,712.04,712.04,712.04,712.04,5
1750861250,711.94,711.94,711.94,711.94,2
1750861255,711.92,711.92,711.92,711.92,7
1750861260,711.92,711.92,711.92,711.92,12
1750861265,711.96,712.01,711.95,711.95,7
1750861270,711.98,712.07,711.96,711.96,17
1750861275,711.96,711.96,711.96,711.96,2
1750861280,711.85,711.85,711.6,711.6,62
1750861285,711.59,711.59,711.59,711.59,2
1750861290,711.59,711.59,711.59,711.59,0
1750861295,711.63,711.76,711.63,711.76,5
1750861300,711.59,711.59,711.59,711.59,2
1750861305,711.59,711.59,711.59,711.59,2
1750861310,711.59,711.76,711.59,711.76,5
1750861315,711.78,711.78,711.41,711.63,10
1750861320,711.63,711.63,711.63,711.63,0
1750861325,711.63,711.81,711.63,711.74,12
1750861330,711.94,711.94,711.93,711.94,3
1750861335,711.82,711.93,711.82,711.83,20
1750861340,711.76,711.76,711.74,711.75,12
1750861345,711.75,711.75,711.75,711.75,6
1750861350,711.87,711.87,711.79,711.82,25
1750861355,711.75,711.75,711.74,711.75,4
1750861360,711.75,711.75,711.62,711.71,20
1750861365,711.69,711.69,711.6,711.6,5
1750861370,711.51,711.71,711.51,711.65,11
1750861375,711.65,711.65,711.65,711.65,0
1750861380,711.57,711.62,711.52,711.62,20
1750861385,711.55,711.55,711.49,711.49,6
1750861390,711.49,711.49,711.49,711.49,0
1750861395,711.5,711.5,711.5,711.5,5
1750861400,711.49,711.5,711.38,711.48,113
1750861405,711.49,711.54,711.49,711.54,5
1750861410,711.56,711.56,711.54,711.55,45
1750861415,711.55,711.76,711.54,711.76,40
1750861420,711.85,711.85,711.85,711.85,2
1750861425,711.85,711.85,711.85,711.85,0
1750861430,711.88,711.88,711.88,711.88,2
1750861435,711.78,711.78,711.78,711.78,11
1750861440,711.64,711.64,711.63,711.64,7
1750861445,711.78,711.78,711.73,711.73,6
1750861450,711.6,711.61,711.55,711.61,10
1750861455,711.37,711.56,711.37,711.56,16
1750861460,711.56,711.69,711.56,711.69,7
1750861465,711.71,711.71,711.57,711.57,15
1750861470,711.57,711.58,711.57,711.57,0
1750861475,711.57,711.58,711.57,711.57,0
1750861480,711.76,712.06,711.76,711.94,81
1750861485,712.14,712.3,712.07,712.3,98
1750861490,712.19,712.3,712.18,712.3,12
1750861495,712.34,712.34,712.29,712.33,13
1750861500,712.33,712.55,712.33,712.55,19
1750861505,712.35,712.49,712.28,712.46,49
1750861510,712.52,712.6,712.42,712.57,82
1750861515,712.28,712.7,712.28,712.7,17
1750861520,712.95,713.3,712.78,712.86,96
1750861525,712.86,712.86,712.86,712.86,2
1750861530,712.74,712.87,712.73,712.8,17
1750861535,712.7,712.7,712.66,712.69,9
1750861540,712.66,712.89,712.65,712.89,12
1750861545,712.89,712.89,712.72,712.89,23
1750861550,713.0,713.0,713.0,713.0,10
1750861555,713.0,713.0,713.0,713.0,21
1750861560,712.91,712.91,712.88,712.88,6
1750861565,712.95,712.95,712.95,712.95,2
1750861570,712.93,713.0,712.83,712.83,20
1750861575,712.91,713.0,712.9,713.0,10
1750861580,713.0,713.0,712.99,713.0,0
1750861585,712.83,712.85,712.78,712.78,13
1750861590,712.79,712.97,712.78,712.85,22
1750861595,712.97,713.0,712.96,712.99,23
1750861600,712.9,712.9,712.9,712.9,2
1750861605,713.0,713.17,713.0,713.0,17
1750861610,712.85,712.94,712.84,712.94,7
1750861615,712.98,713.03,712.97,713.0,66
1750861620,712.93,712.93,712.93,712.93,2
1750861625,712.96,712.96,712.96,712.96,2
1750861630,712.96,712.96,712.96,712.96,0
1750861635,712.81,712.81,712.81,712.81,2
1750861640,713.0,713.0,713.0,713.0,6
1750861645,712.92,712.92,712.92,712.92,2
1750861650,712.85,712.85,712.85,712.85,3
1750861655,712.85,712.86,712.85,712.85,15
1750861660,712.86,712.87,712.85,712.85,5
1750861665,712.85,712.85,712.85,712.85,9
1750861670,712.85,712.85,712.85,712.85,5
1750861675,712.85,712.85,712.85,712.85,5
1750861680,712.85,712.9,712.78,712.78,15
1750861685,712.85,712.85,712.85,712.85,18
1750861690,712.71,712.71,712.65,712.65,12
1750861695,712.77,712.77,712.72,712.73,8
1750861700,712.85,712.85,712.76,712.76,7
1750861705,712.76,712.77,712.76,712.76,0
1750861710,712.78,712.78,712.42,712.54,23
1750861715,712.27,712.31,712.19,712.26,22
1750861720,712.0,712.0,712.0,712.0,12
1750861725,712.0,712.05,712.0,712.05,14
1750861730,712.27,712.27,712.12,712.13,17
1750861735,712.2,712.2,712.17,712.17,10
1750861740,712.2,712.2,712.19,712.2,5
1750861745,712.22,712.38,712.0,712.0,12
1750861750,712.08,712.08,712.07,712.08,2
1750861755,712.44,712.44,712.37,712.37,5
1750861760,712.22,712.22,712.19,712.19,8
1750861765,712.44,712.44,712.08,712.09,5
1750861770,712.13,712.13,712.13,712.13,2
1750861775,712.3,712.3,712.3,712.3,2
1750861780,712.3,712.3,712.3,712.3,0
1750861785,712.24,712.66,712.24,712.3,62
1750861790,712.5,712.51,712.5,712.5,2
1750861795,712.71,712.71,712.7,712.71,2
1750861800,712.71,713.13,712.71,712.87,194
1750861805,712.78,712.78,712.77,712.78,2
1750861810,712.78,712.78,712.77,712.78,0
1750861815,712.95,712.95,712.75,712.76,7
1750861820,712.87,712.87,712.86,712.87,24
1750861825,713.0,713.0,713.0,713.0,20
1750861830,713.0,713.45,712.82,712.83,348
1750861835,712.89,712.9,712.89,712.89,2
1750861840,712.93,713.0,712.93,713.0,17
1750861845,712.88,712.88,712.87,712.88,5
1750861850,712.88,713.0,712.87,713.0,14
1750861855,712.88,712.99,712.87,712.98,7
1750861860,712.88,713.0,712.87,713.0,33
1750861865,712.89,712.89,712.87,712.88,27
1750861870,712.88,713.0,712.82,713.0,24
1750861875,713.0,713.03,712.9,712.9,23
1750861880,713.0,713.09,712.88,712.92,169
1750861885,713.0,713.11,713.0,713.0,128
1750861890,712.9,712.93,712.9,712.93,5
1750861895,712.9,712.9,712.9,712.9,12
1750861900,712.94,713.0,712.94,713.0,10
1750861905,712.92,712.94,712.8,712.81,12
1750861910,712.9,712.9,712.9,712.9,2
1750861915,712.9,712.9,712.88,712.9,10
1750861920,712.88,713.0,712.8,713.0,32
1750861925,712.95,712.99,712.91,712.91,16
1750861930,713.0,713.0,712.79,712.87,75
1750861935,713.0,713.0,712.86,712.87,18
1750861940,712.87,712.87,712.79,712.83,20
1750861945,712.72,712.72,712.72,712.72,2
1750861950,712.72,712.72,712.72,712.72,0
1750861955,712.9,712.9,712.9,712.9,7
1750861960,712.9,712.9,712.9,712.9,0
1750861965,712.83,712.83,712.83,712.83,2
1750861970,712.83,712.83,712.83,712.83,0
1750861975,712.75,712.91,712.7,712.7,156
1750861980,712.76,712.76,712.76,712.76,2
1750861985,712.79,712.79,712.76,712.76,5
1750861990,712.79,712.91,712.75,712.75,20
1750861995,712.91,712.91,712.75,712.75,24
1750862000,712.75,712.76,712.75,712.75,2
1750862005,712.71,713.05,712.71,712.96,154
1750862010,712.9,713.12,712.9,713.0,118
1750862015,713.0,713.0,712.85,712.85,27
1750862020,712.85,712.86,712.85,712.85,0
1750862025,712.82,712.82,712.82,712.82,5
1750862030,712.86,712.86,712.7,712.7,16
1750862035,712.72,712.72,712.71,712.72,3
1750862040,712.72,712.83,712.71,712.83,21
1750862045,712.83,712.83,712.83,712.83,0
1750862050,712.83,712.83,712.83,712.83,0
1750862055,712.69,713.0,712.69,713.0,12
1750862060,712.99,713.08,712.85,713.0,187
1750862065,712.9,713.0,712.82,712.91,28
1750862070,712.89,712.89,712.89,712.89,18
1750862075,712.97,713.0,712.94,712.94,20
1750862080,713.0,713.32,713.0,713.28,209
1750862085,713.33,713.69,713.01,713.69,196
1750862090,713.63,713.8,713.62,713.8,27
1750862095,713.73,713.82,713.66,713.71,50
1750862100,713.67,713.75,713.67,713.75,15
1750862105,713.74,713.74,713.73,713.74,5
1750862110,713.86,713.86,713.5,713.62,67
1750862115,713.75,713.76,713.51,713.51,23
1750862120,713.68,713.68,713.57,713.57,5
1750862125,713.63,713.64,713.63,713.63,2
1750862130,713.63,713.64,713.63,713.63,2
1750862135,713.61,713.61,713.6,713.61,5
1750862140,713.52,713.53,713.52,713.52,3
1750862145,713.59,713.64,713.59,713.64,6
1750862150,713.56,713.62,713.55,713.57,24
1750862155,713.38,713.38,713.38,713.38,5
1750862160,713.3,713.55,713.21,713.55,112
1750862165,713.37,713.37,713.36,713.37,20
1750862170,713.53,713.53,713.22,713.37,31
1750862175,713.37,713.37,713.36,713.37,5
1750862180,713.18,713.18,713.18,713.18,10
1750862185,713.25,713.25,713.25,713.25,2
1750862190,713.16,713.19,713.16,713.19,7
1750862195,713.17,713.17,713.17,713.17,2
1750862200,713.02,713.02,713.02,713.02,2
1750862205,713.02,713.16,713.02,713.16,12
1750862210,713.14,713.14,713.14,713.14,2
1750862215,713.14,713.14,713.14,713.14,0
1750862220,713.07,713.26,712.83,713.0,76
1750862225,713.09,713.1,713.05,713.05,100
1750862230,713.05,713.05,713.05,713.05,0
1750862235,713.25,713.82,713.25,713.82,27
1750862240,713.91,714.05,713.9,714.05,190
1750862245,714.1,714.18,714.03,714.03,48
1750862250,714.03,714.03,714.03,714.03,0
1750862255,714.04,714.04,713.87,713.87,5
1750862260,713.96,714.02,713.82,713.82,20
1750862265,713.82,713.86,713.82,713.85,13
1750862270,714.01,714.01,714.0,714.01,6
1750862275,714.18,714.18,714.1,714.11,5
1750862280,714.13,714.3,714.13,714.19,38
1750862285,714.18,714.25,714.18,714.24,10
1750862290,714.26,714.27,714.2,714.26,22
1750862295,714.29,714.31,714.06,714.2,70
1750862300,714.18,714.33,714.07,714.08,24
1750862305,714.08,714.08,714.08,714.08,0
1750862310,713.96,714.03,713.94,714.03,17
1750862315,713.88,713.99,713.86,713.99,15
1750862320,713.99,713.99,713.73,713.73,71
1750862325,714.0,714.01,714.0,714.01,14
1750862330,714.01,714.01,714.01,714.01,0
1750862335,714.18,714.19,714.18,714.19,8
1750862340,714.22,714.22,714.02,714.03,6
1750862345,714.28,714.28,714.06,714.06,12
1750862350,714.28,714.33,714.16,714.17,22
1750862355,714.27,714.35,714.19,714.34,39
1750862360,714.14,714.28,714.14,714.28,12
1750862365,714.35,714.4,714.35,714.39,54
1750862370,714.59,714.79,714.29,714.7,83
1750862375,714.35,714.93,714.34,714.92,7
1750862380,714.8,714.8,714.63,714.63,28
1750862385,714.8,714.8,714.76,714.76,7
1750862390,714.63,714.7,714.53,714.53,42
1750862395,714.7,714.7,714.45,714.46,84
1750862400,714.58,714.58,714.45,714.45,7
1750862405,714.64,714.64,714.3,714.36,30
1750862410,714.32,714.32,714.02,714.19,36
1750862415,714.18,714.33,714.18,714.33,7
1750862420,714.33,714.33,714.33,714.33,0
1750862425,714.54,714.67,714.54,714.67,22
1750862430,714.69,714.75,714.69,714.75,8
1750862435,714.69,714.74,714.69,714.73,10
1750862440,714.69,714.69,714.69,714.69,3
1750862445,714.92,714.92,714.7,714.7,7
1750862450,714.99,715.0,714.98,714.98,121
1750862455,714.95,714.99,714.9,714.99,25
1750862460,715.05,715.08,714.77,715.08,133
1750862465,714.95,714.95,714.94,714.95,2
1750862470,714.79,714.79,714.43,714.43,5
1750862475,714.4,714.4,714.0,714.11,104
1750862480,714.12,714.15,713.85,713.96,151
1750862485,713.94,713.95,713.82,713.83,24
1750862490,713.83,713.83,713.82,713.83,0
1750862495,713.95,713.95,713.85,713.86,26
1750862500,714.0,714.0,714.0,714.0,6
1750862505,713.9,713.9,713.9,713.9,6
1750862510,714.07,714.09,714.07,714.09,5
1750862515,714.05,714.06,714.05,714.05,17
1750862520,714.05,714.1,714.0,714.06,23
1750862525,714.11,714.54,713.88,714.28,105
1750862530,714.26,714.26,714.24,714.24,7
1750862535,714.27,714.3,714.27,714.3,17
1750862540,714.3,714.38,714.3,714.3,32
1750862545,714.17,714.3,714.11,714.3,11
1750862550,714.24,714.24,714.15,714.15,7
1750862555,714.25,714.27,714.1,714.1,29
1750862560,713.98,714.11,713.98,714.01,59
1750862565,714.02,714.03,714.02,714.02,3
1750862570,714.02,714.03,714.02,714.02,0
1750862575,714.1,714.1,714.04,714.04,5
1750862580,713.99,713.99,713.93,713.99,35
1750862585,713.99,713.99,713.98,713.99,2
1750862590,713.99,713.99,713.98,713.99,2
1750862595,713.95,713.95,713.95,713.95,12
1750862600,713.95,713.95,713.95,713.95,0
1750862605,714.03,714.03,714.02,714.03,2
1750862610,714.04,714.04,714.04,714.04,8
1750862615,713.9,713.93,713.85,713.93,13
1750862620,713.97,713.97,713.97,713.97,2
1750862625,713.92,713.92,713.91,713.92,2
1750862630,713.92,713.92,713.92,713.92,2
1750862635,713.95,714.06,713.95,713.98,17
1750862640,713.98,713.98,713.98,713.98,0
1750862645,714.07,714.1,714.06,714.1,7
1750862650,714.18,714.18,714.18,714.18,9
1750862655,714.17,714.17,714.17,714.17,2
1750862660,714.18,714.34,714.17,714.34,12
1750862665,714.3,714.3,714.29,714.3,5
1750862670,714.3,714.3,714.29,714.3,0
1750862675,714.3,714.3,714.29,714.3,0
1750862680,714.34,714.52,714.34,714.51,7
1750862685,714.54,714.54,714.25,714.31,100
1750862690,714.3,714.44,714.29,714.43,12
1750862695,714.38,714.45,714.37,714.45,20
1750862700,714.45,714.52,714.18,714.19,47
1750862705,714.25,714.35,714.25,714.35,30
1750862710,714.35,714.35,714.34,714.35,7
1750862715,714.35,714.35,714.34,714.35,0
1750862720,714.36,714.57,714.36,714.57,9
1750862725,714.41,714.41,714.4,714.41,2
1750862730,714.66,714.75,714.57,714.57,45
1750862735,714.54,714.54,714.54,714.54,2
1750862740,714.54,714.66,714.4,714.66,84
1750862745,714.66,714.66,714.66,714.66,0
1750862750,714.47,714.47,714.46,714.47,2
1750862755,714.55,714.55,714.36,714.51,20
1750862760,714.21,714.4,714.21,714.24,35
1750862765,714.13,714.23,714.0,714.12,164
1750862770,714.12,714.12,714.12,714.12,5
1750862775,714.12,714.24,714.0,714.12,83
1750862780,714.0,714.16,714.0,714.12,12
1750862785,714.0,714.17,713.96,713.96,16
1750862790,713.96,713.96,713.96,713.96,19
1750862795,713.96,713.96,713.96,713.96,7
1750862800,714.1,714.1,713.89,713.89,8
1750862805,713.9,713.9,713.8,713.82,15
1750862810,713.81,713.9,713.8,713.9,13
1750862815,713.83,713.83,713.81,713.81,12
1750862820,713.81,713.81,713.8,713.81,64
1750862825,713.81,713.95,713.8,713.91,60
1750862830,713.9,713.9,713.9,713.9,4
1750862835,713.9,713.9,713.9,713.9,0
1750862840,713.95,713.95,713.8,713.87,53
1750862845,713.87,713.9,713.86,713.9,10
1750862850,713.86,713.86,713.85,713.86,2
1750862855,713.86,713.86,713.85,713.86,0
1750862860,713.75,713.75,713.6,713.65,15
1750862865,713.5,713.5,713.5,713.5,5
1750862870,713.44,713.44,713.29,713.29,21
1750862875,713.51,713.52,713.38,713.38,5
1750862880,713.38,713.38,713.38,713.38,0
1750862885,713.2,713.38,713.16,713.16,22
1750862890,713.25,713.26,713.0,713.11,42
1750862895,713.11,713.11,713.1,713.11,7
1750862900,713.01,713.01,712.93,712.93,27
1750862905,712.93,712.93,712.89,712.93,10
1750862910,712.93,712.93,712.79,712.81,97
1750862915,712.88,712.88,712.7,712.71,30
1750862920,712.81,712.94,712.8,712.81,39
1750862925,712.81,713.27,712.8,712.86,96
1750862930,712.86,712.87,712.86,712.86,0
1750862935,712.92,712.93,712.92,712.92,7
1750862940,713.24,713.24,713.17,713.17,5
1750862945,713.14,713.14,713.14,713.14,7
1750862950,713.28,713.28,713.14,713.14,12
1750862955,713.14,713.14,713.14,713.14,2
1750862960,713.32,713.44,713.31,713.44,26
1750862965,713.39,713.45,713.39,713.44,17
1750862970,713.4,713.42,713.19,713.42,15
1750862975,713.38,713.45,713.38,713.38,10
1750862980,713.38,713.59,713.38,713.59,7
1750862985,713.59,713.59,713.58,713.59,0
1750862990,713.38,713.38,713.38,713.38,2
1750862995,713.38,713.38,713.38,713.38,2
1750863000,713.59,713.7,713.59,713.62,11
1750863005,713.6,713.61,713.6,713.61,6
1750863010,713.61,713.61,713.45,713.45,17
1750863015,713.47,713.47,713.27,713.4,25
1750863020,713.4,713.4,713.4,713.4,0
1750863025,713.18,713.27,713.17,713.27,7
1750863030,713.27,713.27,713.27,713.27,0
1750863035,713.18,713.34,713.17,713.34,8
1750863040,713.25,713.25,713.25,713.25,5
1750863045,713.16,713.21,713.1,713.21,17
1750863050,713.21,713.21,713.2,713.21,0
1750863055,713.21,713.21,713.2,713.21,2
1750863060,713.21,713.21,713.14,713.14,7
1750863065,713.14,713.14,713.0,713.0,22
1750863070,712.99,713.23,712.99,713.12,29
1750863075,713.12,713.12,713.12,713.12,2
1750863080,713.12,713.12,713.12,713.12,0
1750863085,713.12,713.12,713.12,713.12,2
1750863090,713.12,713.12,713.12,713.12,3
1750863095,713.12,713.12,713.12,713.12,3
1750863100,713.0,713.2,712.96,713.07,20
1750863105,713.07,713.08,712.96,712.96,11
1750863110,712.88,712.9,712.88,712.9,16
1750863115,712.81,712.83,712.74,712.75,26
1750863120,712.75,712.84,712.75,712.84,8
1750863125,712.91,712.98,712.84,712.98,10
1750863130,713.06,713.06,713.06,713.06,2
1750863135,713.2,713.2,713.2,713.2,2
1750863140,713.13,713.13,713.05,713.05,5
1750863145,713.12,713.12,713.11,713.12,13
1750863150,713.12,713.12,713.11,713.12,0
1750863155,713.21,713.27,713.21,713.27,102
1750863160,713.29,713.49,713.29,713.49,7
1750863165,713.49,713.5,713.49,713.5,7
1750863170,713.48,713.48,713.32,713.32,10
1750863175,713.48,713.48,713.28,713.28,5
1750863180,713.3,713.3,713.3,713.3,7
1750863185,713.3,713.3,713.3,713.3,0
1750863190,713.36,713.36,713.3,713.3,7
1750863195,713.36,713.36,713.35,713.36,7
1750863200,713.27,713.27,713.14,713.23,11
1750863205,713.23,713.23,713.23,713.23,0
1750863210,713.23,713.23,713.23,713.23,0
1750863215,713.32,713.32,713.31,713.32,12
1750863220,713.32,713.32,713.31,713.32,0
1750863225,713.32,713.32,713.31,713.32,0
1750863230,713.25,713.25,713.25,713.25,2
1750863235,713.19,713.19,713.18,713.19,2
1750863240,713.05,713.05,713.05,713.05,2
1750863245,713.05,713.05,713.05,713.05,0
1750863250,713.05,713.05,713.05,713.05,0
1750863255,713.2,713.2,713.2,713.2,11
1750863260,713.45,713.45,713.45,713.45,2
1750863265,713.44,713.44,713.44,713.44,2
1750863270,713.26,713.26,713.26,713.26,7
1750863275,713.23,713.23,713.23,713.23,2
1750863280,713.39,713.5,713.39,713.5,17
1750863285,713.53,713.53,713.52,713.53,12
1750863290,713.43,713.43,713.43,713.43,2
1750863295,713.49,713.49,713.46,713.46,7
1750863300,713.31,713.33,713.3,713.33,7
1750863305,713.33,713.33,713.33,713.33,6
1750863310,713.4,713.62,713.39,713.47,7
1750863315,713.47,713.65,713.46,713.65,7
1750863320,713.55,713.55,713.53,713.53,5
1750863325,713.58,713.58,713.57,713.58,10
1750863330,713.45,713.54,713.45,713.54,10
1750863335,713.37,713.37,713.37,713.37,2
1750863340,713.55,713.55,713.55,713.55,2
1750863345,713.42,713.51,713.41,713.46,25
1750863350,713.46,713.46,713.46,713.46,0
1750863355,713.46,713.46,713.46,713.46,0
1750863360,713.4,713.4,713.3,713.4,19
1750863365,713.4,713.4,713.39,713.4,10
1750863370,713.34,713.35,713.3,713.3,16
1750863375,713.2,713.2,713.19,713.19,10
1750863380,713.3,713.44,713.24,713.44,22
1750863385,713.5,713.5,713.23,713.23,7
1750863390,713.39,713.39,713.39,713.39,2
1750863395,713.25,713.26,713.25,713.25,2
1750863400,713.25,713.26,713.25,713.25,0
1750863405,713.47,713.47,713.47,713.47,2
1750863410,713.47,713.47,713.47,713.47,0
1750863415,713.38,713.39,713.38,713.38,3
1750863420,713.41,713.41,713.4,713.41,5
1750863425,713.58,713.61,713.32,713.36,103
1750863430,713.34,713.5,713.25,713.5,41
1750863435,713.5,713.5,713.48,713.5,25
1750863440,713.5,713.5,713.5,713.5,0
1750863445,713.5,713.5,713.35,713.35,7
1750863450,713.56,713.56,713.35,713.49,53
1750863455,713.49,713.5,713.49,713.49,0
1750863460,713.49,713.5,713.49,713.49,0
1750863465,713.18,713.2,713.15,713.18,14
1750863470,713.19,713.2,713.16,713.16,5
1750863475,713.16,713.17,713.16,713.16,0
1750863480,713.16,713.39,713.06,713.07,13
1750863485,713.36,713.61,713.36,713.61,8
1750863490,713.47,713.89,713.47,713.53,60
1750863495,713.55,713.55,713.55,713.55,2
1750863500,713.51,713.72,713.51,713.61,35
1750863505,713.85,713.85,713.85,713.85,3
1750863510,713.88,713.88,713.79,713.8,20
1750863515,713.78,713.84,713.78,713.84,7
1750863520,713.92,713.92,713.76,713.76,15
1750863525,713.76,713.76,713.76,713.76,0
1750863530,713.76,713.76,713.76,713.76,0
1750863535,713.76,713.76,713.76,713.76,0
1750863540,713.82,713.84,713.82,713.84,5
1750863545,713.84,713.84,713.83,713.84,2
1750863550,713.8,713.8,713.58,713.68,20
1750863555,713.68,713.68,713.55,713.68,7
1750863560,713.55,713.55,713.5,713.5,30
1750863565,713.5,713.5,713.5,713.5,0
1750863570,713.5,713.5,713.5,713.5,0
1750863575,713.52,713.52,713.39,713.51,10
1750863580,713.51,713.51,713.51,713.51,0
1750863585,713.39,713.39,713.18,713.18,9
1750863590,713.4,713.4,713.25,713.25,8
1750863595,713.25,713.25,713.25,713.25,2
1750863600,713.27,713.27,713.27,713.27,2
1750863605,713.38,713.38,713.37,713.38,5
1750863610,713.38,713.4,713.27,713.27,12
1750863615,713.27,713.27,713.27,713.27,0
1750863620,713.1,713.15,713.1,713.15,28
1750863625,713.31,713.46,713.3,713.45,25
1750863630,713.34,713.34,713.33,713.34,2
1750863635,713.34,713.34,713.33,713.34,0
1750863640,713.5,713.5,713.49,713.49,7
1750863645,713.34,713.34,713.21,713.34,7
1750863650,713.34,713.34,713.33,713.34,0
1750863655,713.34,713.34,713.33,713.34,0
1750863660,713.34,713.34,713.33,713.34,0
1750863665,713.26,713.33,713.17,713.33,11
1750863670,713.34,713.46,713.33,713.46,29
1750863675,713.41,713.41,713.41,713.41,3
1750863680,713.42,713.42,713.32,713.34,15
1750863685,713.34,713.34,713.34,713.34,0
1750863690,713.34,713.34,713.34,713.34,7
1750863695,713.3,713.44,713.3,713.44,5
1750863700,713.35,713.43,713.35,713.43,7
1750863705,713.48,713.48,713.34,713.34,8
1750863710,713.31,713.34,713.31,713.34,7
1750863715,713.2,713.22,713.19,713.22,12
1750863720,713.22,713.22,712.84,712.85,54
1750863725,712.96,712.96,712.96,712.96,7
1750863730,712.89,713.0,712.85,712.99,12
1750863735,712.98,712.98,712.97,712.97,7
1750863740,712.92,712.96,712.88,712.88,7
1750863745,712.79,712.79,712.79,712.79,2
1750863750,712.66,712.79,712.65,712.67,66
1750863755,712.66,712.66,712.66,712.66,2
1750863760,712.5,712.51,712.5,712.5,12
1750863765,712.63,712.63,712.62,712.62,5
1750863770,712.6,712.6,712.45,712.45,43
1750863775,712.38,712.39,712.38,712.38,2
1750863780,712.27,712.27,712.25,712.25,36
1750863785,712.22,712.22,712.17,712.18,17
1750863790,712.17,712.17,712.16,712.17,3
1750863795,712.17,712.17,712.16,712.17,0
1750863800,712.32,712.43,712.22,712.43,25
1750863805,712.3,712.4,712.29,712.3,25
1750863810,712.39,712.39,712.29,712.29,27
1750863815,712.25,712.25,712.25,712.25,5
1750863820,712.19,712.21,712.19,712.21,12
1750863825,712.1,712.2,712.1,712.2,5
1750863830,712.2,712.2,712.2,712.2,7
1750863835,712.1,712.23,712.1,712.15,7
1750863840,712.1,712.37,712.0,712.28,239
1750863845,712.31,712.46,712.31,712.36,14
1750863850,712.57,712.59,712.49,712.59,25
1750863855,712.53,712.53,712.38,712.38,8
1750863860,712.38,712.39,712.38,712.38,0
1750863865,712.48,712.48,712.47,712.48,3
1750863870,712.74,712.75,712.74,712.75,5
1750863875,712.75,712.75,712.75,712.75,0
1750863880,712.75,712.75,712.75,712.75,0
1750863885,712.75,712.75,712.75,712.75,0
1750863890,712.55,712.55,712.54,712.55,2
1750863895,712.68,712.79,712.68,712.68,23
1750863900,712.55,712.55,712.31,712.32,8
1750863905,712.65,712.65,712.63,712.63,8
1750863910,712.63,712.63,712.63,712.63,0
1750863915,712.61,712.61,712.61,712.61,2
1750863920,712.61,712.61,712.61,712.61,0
1750863925,712.83,713.0,712.8,712.81,17
1750863930,712.81,712.81,712.77,712.77,10
1750863935,712.74,712.74,712.74,712.74,2
1750863940,712.83,712.87,712.83,712.87,7
1750863945,712.76,712.78,712.71,712.71,67
1750863950,712.56,712.57,712.56,712.56,2
1750863955,712.57,712.57,712.55,712.56,9
1750863960,712.56,712.56,712.56,712.56,0
1750863965,712.3,712.5,712.3,712.5,14
1750863970,712.49,712.5,712.49,712.5,5
1750863975,712.65,712.65,712.65,712.65,2
1750863980,712.49,712.49,712.34,712.34,5
1750863985,712.34,712.34,712.34,712.34,0
1750863990,712.46,712.46,712.45,712.46,2
1750863995,712.6,712.6,712.6,712.6,12
1750864000,712.71,712.71,712.7,712.71,3
1750864005,712.71,712.71,712.7,712.71,0
1750864010,712.59,712.59,712.58,712.59,2
1750864015,712.59,712.59,712.58,712.59,0
1750864020,712.59,712.59,712.58,712.59,0
1750864025,712.59,712.7,712.59,712.7,32
1750864030,712.7,712.7,712.7,712.7,0
1750864035,712.55,712.55,712.55,712.55,2
1750864040,712.51,712.51,712.51,712.51,2
1750864045,712.4,712.41,712.4,712.4,2
1750864050,712.4,712.41,712.4,712.4,0
1750864055,712.57,712.57,712.57,712.57,2
1750864060,712.57,712.57,712.57,712.57,0
1750864065,712.54,712.55,712.51,712.51,11
1750864070,712.64,712.72,712.64,712.72,5
1750864075,712.71,712.71,712.71,712.71,2
1750864080,712.71,712.8,712.67,712.67,17
1750864085,712.67,712.67,712.67,712.67,2
1750864090,712.68,712.68,712.68,712.68,2
1750864095,712.67,712.68,712.65,712.65,13
1750864100,712.67,712.67,712.64,712.64,7
1750864105,712.65,712.65,712.48,712.48,12
1750864110,712.67,712.68,712.55,712.55,27
1750864115,712.61,712.61,712.6,712.6,7
1750864120,712.6,712.6,712.6,712.6,0
1750864125,712.48,712.48,712.33,712.33,13
1750864130,712.31,712.31,712.3,712.3,9
1750864135,712.24,712.24,712.23,712.24,8
1750864140,712.37,712.4,712.37,712.4,7
1750864145,712.5,712.5,712.13,712.26,17
1750864150,712.1,712.1,712.1,712.1,2
1750864155,712.38,712.38,712.19,712.19,68
1750864160,712.19,712.19,712.19,712.19,3
1750864165,712.0,712.18,712.0,712.18,47
1750864170,712.27,712.34,712.09,712.33,39
1750864175,712.2,712.2,712.19,712.2,2
1750864180,712.1,712.23,712.0,712.01,145
1750864185,712.22,712.22,712.21,712.22,2
1750864190,712.2,712.2,712.2,712.2,2
1750864195,712.22,712.22,712.2,712.2,13
1750864200,712.21,712.37,712.1,712.1,11
1750864205,712.1,712.1,712.1,712.1,0
1750864210,712.1,712.1,712.1,712.1,2
1750864215,712.32,712.39,712.26,712.26,8
1750864220,712.2,712.21,712.2,712.2,3
1750864225,712.21,712.21,712.2,712.21,2
1750864230,712.14,712.14,712.14,712.14,2
1750864235,712.2,712.2,712.2,712.2,7
1750864240,712.35,712.4,712.35,712.4,5
1750864245,712.36,712.36,712.36,712.36,2
1750864250,712.52,712.52,712.52,712.52,2
1750864255,712.52,712.52,712.52,712.52,0
1750864260,712.37,712.56,712.36,712.5,52
1750864265,712.54,712.66,712.3,712.49,32
1750864270,712.7,712.7,712.69,712.7,46
1750864275,712.45,712.75,712.45,712.73,56
1750864280,712.62,712.62,712.62,712.62,5
1750864285,712.62,712.8,712.47,712.48,20
1750864290,712.29,712.29,712.18,712.18,7
1750864295,712.16,712.45,712.16,712.41,14
1750864300,712.43,712.43,712.42,712.43,2
1750864305,712.39,712.4,712.39,712.39,7
1750864310,712.43,712.48,712.43,712.44,11
1750864315,712.44,712.44,712.44,712.44,0
1750864320,712.44,712.44,712.44,712.44,0
1750864325,712.44,712.44,712.44,712.44,0
1750864330,712.56,712.56,712.56,712.56,2
1750864335,712.43,712.52,712.43,712.5,7
1750864340,712.57,712.57,712.56,712.57,5
1750864345,712.56,712.65,712.47,712.65,15
1750864350,712.65,712.65,712.64,712.65,0
1750864355,712.42,712.43,712.41,712.43,7
1750864360,712.58,712.59,712.58,712.58,2
1750864365,712.54,712.54,712.53,712.54,2
1750864370,712.39,712.4,712.39,712.39,2
1750864375,712.3,712.31,712.25,712.25,10
1750864380,712.11,712.11,712.11,712.11,2
1750864385,712.11,712.11,712.11,712.11,0
1750864390,712.11,712.11,711.81,711.81,240
1750864395,711.82,711.98,711.81,711.98,12
1750864400,711.98,711.98,711.87,711.87,7
1750864405,711.92,711.92,711.82,711.82,5
1750864410,712.0,712.0,712.0,712.0,7
1750864415,711.94,711.94,711.93,711.94,6
1750864420,711.94,711.94,711.93,711.94,2
1750864425,711.94,711.94,711.93,711.94,0
1750864430,711.85,711.85,711.81,711.81,7
1750864435,711.81,711.81,711.81,711.81,0
1750864440,711.8,711.8,711.66,711.67,23
1750864445,711.59,711.61,711.59,711.61,22
1750864450,711.61,711.66,711.4,711.4,14
1750864455,711.4,711.4,711.4,711.4,0
1750864460,711.4,711.4,711.4,711.4,0
1750864465,711.48,711.85,711.44,711.8,34
1750864470,711.59,711.6,711.59,711.59,10
1750864475,712.03,712.03,712.03,712.03,100
1750864480,712.01,712.01,712.0,712.01,2
1750864485,712.01,712.01,712.0,712.01,0
1750864490,711.83,711.95,711.83,711.95,23
1750864495,712.03,712.03,712.03,712.03,2
1750864500,712.04,712.04,712.02,712.04,12
1750864505,712.13,712.13,711.94,711.94,8
1750864510,712.16,712.17,712.01,712.02,13
1750864515,712.02,712.14,712.01,712.14,32
1750864520,712.09,712.21,712.0,712.2,62
1750864525,712.2,712.2,712.2,712.2,0
1750864530,712.33,712.33,712.32,712.33,12
1750864535,712.22,712.28,712.21,712.22,21
1750864540,712.21,712.33,712.05,712.06,30
1750864545,712.24,712.24,712.24,712.24,3
1750864550,712.24,712.24,712.24,712.24,7
1750864555,712.12,712.25,712.11,712.23,98
1750864560,712.4,712.4,712.31,712.4,30
1750864565,712.37,712.4,712.24,712.4,33
1750864570,712.4,712.4,712.4,712.4,10
1750864575,712.23,712.4,712.23,712.32,18
1750864580,712.35,712.35,712.35,712.35,2
1750864585,712.35,712.35,712.32,712.32,25
1750864590,712.2,712.2,712.2,712.2,5
1750864595,712.31,712.31,711.97,711.98,111
1750864600,711.98,712.19,711.96,712.19,61
1750864605,712.19,712.19,712.18,712.19,0
1750864610,712.13,712.85,712.07,712.56,157
1750864615,712.6,712.6,712.57,712.57,7
1750864620,712.43,712.43,712.42,712.43,3
1750864625,712.6,712.6,712.6,712.6,2
1750864630,712.6,712.6,712.6,712.6,0
1750864635,712.6,712.6,712.6,712.6,0
1750864640,712.61,712.61,712.6,712.61,7
1750864645,712.6,712.6,712.6,712.6,3
1750864650,712.6,712.6,712.6,712.6,0
1750864655,712.6,712.6,712.6,712.6,0
1750864660,712.84,712.84,712.84,712.84,5
1750864665,712.84,712.84,712.84,712.84,0
1750864670,712.69,712.84,712.69,712.84,11
1750864675,712.86,712.86,712.62,712.62,20
1750864680,712.62,712.62,712.62,712.62,0
1750864685,712.74,713.17,712.74,712.97,34
1750864690,713.13,713.13,713.12,713.13,5
1750864695,713.13,713.13,713.12,713.13,0
1750864700,713.28,713.44,713.28,713.29,10
1750864705,713.29,713.29,713.15,713.16,8
1750864710,713.16,713.16,713.15,713.16,0
1750864715,713.03,713.04,713.03,713.03,5
1750864720,712.92,712.96,712.9,712.93,42
1750864725,712.93,712.93,712.92,712.93,0
1750864730,712.92,713.38,712.92,713.38,36
1750864735,713.2,713.34,713.12,713.34,14
1750864740,713.14,713.15,713.14,713.14,2
1750864745,713.15,713.16,713.15,713.15,5
1750864750,712.99,713.0,712.89,712.89,7
1750864755,713.04,713.04,712.77,712.77,14
1750864760,712.86,712.86,712.85,712.86,2
1750864765,713.01,713.01,713.01,713.01,2
1750864770,713.01,713.01,713.01,713.01,0
1750864775,713.01,713.01,713.01,713.01,0
1750864780,713.01,713.01,713.01,713.01,0
1750864785,713.01,713.01,713.01,713.01,0
1750864790,713.08,713.08,713.07,713.08,2
1750864795,712.93,712.93,712.92,712.93,2
1750864800,712.93,712.93,712.92,712.93,0
1750864805,712.89,712.9,712.89,712.89,2
1750864810,712.94,712.96,712.9,712.96,25
1750864815,713.05,713.07,713.01,713.07,10
1750864820,713.19,713.2,713.19,713.19,22
1750864825,713.28,713.28,713.1,713.11,32
1750864830,713.08,713.1,713.07,713.1,5
1750864835,713.07,713.5,713.04,713.5,95
1750864840,713.34,713.52,713.16,713.51,17
1750864845,713.51,713.52,713.51,713.51,0
1750864850,713.41,713.65,713.39,713.55,173
1750864855,713.57,713.57,713.45,713.45,12
1750864860,713.45,713.45,713.45,713.45,0
1750864865,713.47,713.47,713.47,713.47,2
1750864870,713.47,713.47,713.47,713.47,0
1750864875,713.43,713.59,713.43,713.5,23
1750864880,713.51,713.51,713.5,713.5,72
1750864885,713.5,713.61,713.5,713.57,26
1750864890,713.67,713.77,713.67,713.77,118
1750864895,713.71,713.71,713.66,713.66,5
1750864900,713.78,713.78,713.77,713.78,5
1750864905,713.78,713.78,713.77,713.77,7
1750864910,713.93,714.0,713.86,713.87,35
1750864915,713.86,713.87,713.86,713.86,2
1750864920,713.88,713.88,713.73,713.78,277
1750864925,713.86,713.98,713.86,713.98,21
1750864930,714.0,714.08,713.94,713.95,20
1750864935,713.95,713.95,713.94,713.95,0
1750864940,714.08,714.2,714.07,714.08,30
1750864945,714.08,714.13,714.07,714.13,23
1750864950,714.13,714.21,714.06,714.17,32
1750864955,714.1,714.1,713.89,713.89,28
1750864960,714.0,714.0,713.96,713.97,7
1750864965,713.86,713.87,713.86,713.86,2
1750864970,713.86,713.87,713.86,713.86,0
1750864975,713.84,714.08,713.84,714.08,16
1750864980,714.07,714.08,714.07,714.07,5
1750864985,714.08,714.08,714.08,714.08,2
1750864990,713.98,714.06,713.91,713.92,53
1750864995,713.92,713.92,713.92,713.92,2
1750865000,713.92,713.93,713.86,713.86,15
1750865005,713.97,713.97,713.96,713.97,7
1750865010,713.86,713.86,713.86,713.86,2
1750865015,713.91,713.91,713.9,713.91,2
1750865020,713.95,713.95,713.89,713.89,10
1750865025,713.97,713.98,713.92,713.92,5
1750865030,713.84,713.86,713.84,713.86,6
1750865035,713.86,713.86,713.85,713.86,3
1750865040,713.95,713.95,713.95,713.95,5
1750865045,713.86,713.86,713.85,713.86,5
1750865050,714.0,714.0,713.95,713.97,38
1750865055,713.97,714.02,713.87,713.95,43
1750865060,714.03,714.1,714.02,714.1,21
1750865065,714.1,714.11,713.96,713.96,10
1750865070,713.97,713.98,713.95,713.95,13
1750865075,713.95,714.09,713.95,714.09,7
1750865080,713.99,713.99,713.98,713.99,5
1750865085,713.98,714.0,713.98,714.0,5
1750865090,713.88,713.88,713.88,713.88,2
1750865095,713.88,713.88,713.87,713.88,2
1750865100,713.75,713.88,713.75,713.88,13
1750865105,713.72,713.73,713.72,713.72,7
1750865110,713.72,713.72,713.72,713.72,0
1750865115,713.72,713.72,713.72,713.72,0
1750865120,713.88,714.08,713.88,714.08,20
1750865125,714.08,714.08,714.08,714.08,0
1750865130,714.0,714.06,713.93,713.93,38
1750865135,714.0,714.0,713.93,713.93,10
1750865140,713.93,713.93,713.93,713.93,0
1750865145,714.06,714.06,714.05,714.06,2
1750865150,714.06,714.06,714.05,714.06,2
1750865155,714.07,714.07,714.07,714.07,2
1750865160,714.07,714.07,714.07,714.07,0
1750865165,713.97,713.97,713.97,713.97,2
1750865170,713.97,713.97,713.97,713.97,0
1750865175,713.99,713.99,713.99,713.99,2
1750865180,714.07,714.07,714.07,714.07,2
1750865185,714.07,714.08,713.97,713.97,35
1750865190,713.87,713.97,713.86,713.86,19
1750865195,714.0,714.1,714.0,714.1,11
1750865200,714.1,714.1,714.1,714.1,0
1750865205,713.93,713.94,713.93,713.93,15
1750865210,714.0,714.11,714.0,714.11,12
1750865215,714.11,714.11,714.1,714.11,0
1750865220,714.1,714.1,714.0,714.1,10
1750865225,714.1,714.1,714.1,714.1,5
1750865230,714.09,714.09,714.09,714.09,2
1750865235,714.01,714.11,714.01,714.11,5
1750865240,714.11,714.11,714.1,714.11,0
1750865245,714.11,714.11,713.96,714.02,20
1750865250,714.0,714.0,713.99,713.99,5
1750865255,713.99,714.02,713.99,714.02,7
1750865260,713.98,713.99,713.97,713.97,15
1750865265,713.97,713.97,713.97,713.97,0
1750865270,713.97,713.97,713.97,713.97,0
1750865275,713.94,713.94,713.94,713.94,3
1750865280,713.94,713.94,713.94,713.94,2
1750865285,713.94,713.94,713.94,713.94,0
1750865290,713.92,713.93,713.92,713.93,5
1750865295,714.04,714.04,714.04,714.04,2
1750865300,714.04,714.04,714.04,714.04,0
1750865305,713.98,713.98,713.97,713.98,2
1750865310,714.09,714.1,713.9,713.9,31
1750865315,714.13,714.13,714.05,714.06,5
1750865320,714.06,714.06,714.06,714.06,2
1750865325,714.04,714.04,714.04,714.04,2
1750865330,714.04,714.04,714.04,714.04,0
1750865335,714.04,714.04,714.04,714.04,0
1750865340,714.04,714.04,714.04,714.04,0
1750865345,714.04,714.04,714.04,714.04,0
1750865350,713.9,713.94,713.87,713.94,27
1750865355,713.94,713.94,713.94,713.94,0
1750865360,713.94,713.94,713.82,713.88,10
1750865365,713.71,713.71,713.7,713.7,5
1750865370,713.72,713.92,713.7,713.92,9
1750865375,713.67,713.78,713.67,713.78,5
1750865380,713.79,713.79,713.79,713.79,2
1750865385,713.89,713.89,713.69,713.71,22
1750865390,713.71,713.71,713.71,713.71,0
1750865395,713.71,713.71,713.71,713.71,0
1750865400,713.67,713.67,713.67,713.67,2
1750865405,713.66,713.66,713.59,713.6,33
1750865410,713.6,713.6,713.59,713.6,0
1750865415,713.56,713.8,713.55,713.68,173
1750865420,713.75,713.75,713.68,713.68,7
1750865425,713.58,713.79,713.57,713.68,22
1750865430,713.61,713.68,713.6,713.68,8
1750865435,713.8,713.8,713.79,713.8,4
1750865440,713.55,713.61,713.55,713.61,5
1750865445,713.64,713.64,713.64,713.64,2
1750865450,713.61,713.61,713.6,713.61,2
1750865455,713.67,713.71,713.52,713.52,61
1750865460,713.62,713.62,713.61,713.62,4
1750865465,713.64,713.67,713.64,713.66,7
1750865470,713.52,713.52,713.5,713.5,10
1750865475,713.7,713.7,713.7,713.7,2
1750865480,713.55,713.55,713.55,713.55,5
1750865485,713.55,713.55,713.55,713.55,0
1750865490,713.69,713.69,713.64,713.64,5
1750865495,713.55,713.55,713.32,713.46,27
1750865500,713.41,713.41,713.4,713.41,5
1750865505,713.27,713.31,713.0,713.01,65
1750865510,713.05,713.15,713.04,713.15,21
1750865515,713.22,713.22,713.21,713.22,3
1750865520,713.25,713.28,713.16,713.25,15
1750865525,712.99,712.99,712.99,712.99,2
1750865530,712.81,713.01,712.81,713.01,11
1750865535,713.01,713.01,713.01,713.01,5
1750865540,713.01,713.01,713.01,713.01,0
1750865545,713.01,713.01,713.01,713.01,0
1750865550,713.01,713.01,713.01,713.01,0
1750865555,713.01,713.01,713.01,713.01,0
1750865560,712.8,712.81,712.7,712.74,16
1750865565,712.72,712.91,712.71,712.71,122
1750865570,712.54,712.54,712.5,712.5,5
1750865575,712.5,712.5,712.5,712.5,2
1750865580,712.5,712.52,712.34,712.38,70
1750865585,712.48,712.72,712.47,712.63,35
1750865590,712.79,712.86,712.69,712.69,26
1750865595,712.88,712.88,712.87,712.88,12
1750865600,712.91,712.91,712.76,712.76,5
1750865605,712.76,712.77,712.76,712.76,0
1750865610,713.0,713.0,712.81,712.81,7
1750865615,712.81,712.82,712.81,712.81,0
1750865620,712.83,712.83,712.82,712.83,5
1750865625,712.77,712.9,712.77,712.78,25
1750865630,712.78,712.78,712.78,712.78,0
1750865635,712.81,712.97,712.81,712.91,17
1750865640,712.91,712.98,712.9,712.97,15
1750865645,712.97,712.98,712.97,712.97,0
1750865650,713.07,713.15,713.07,713.14,10
1750865655,713.22,713.22,713.22,713.22,2
1750865660,713.24,713.24,713.21,713.21,15
1750865665,713.17,713.17,713.02,713.02,5
1750865670,712.73,712.82,712.73,712.82,5
1750865675,712.83,712.83,712.83,712.83,2
1750865680,712.97,713.07,712.97,713.07,10
1750865685,713.07,713.07,713.07,713.07,5
1750865690,713.07,713.07,713.07,713.07,0
1750865695,713.1,713.1,713.1,713.1,2
1750865700,713.1,713.1,713.1,713.1,0
1750865705,713.35,713.35,713.03,713.03,6
1750865710,712.98,712.98,712.98,712.98,12
1750865715,712.98,712.98,712.98,712.98,0
1750865720,712.99,712.99,712.99,712.99,2
1750865725,712.99,712.99,712.99,712.99,0
1750865730,712.99,712.99,712.99,712.99,0
1750865735,712.94,712.94,712.79,712.79,7
1750865740,713.03,713.03,713.03,713.03,2
1750865745,713.1,713.28,713.1,713.19,12
1750865750,713.1,713.19,713.05,713.19,15
1750865755,713.21,713.21,713.2,713.21,2
1750865760,713.21,713.21,712.99,713.0,30
1750865765,713.1,713.11,713.1,713.1,7
1750865770,713.0,713.0,712.91,712.91,22
1750865775,712.78,712.81,712.65,712.65,32
1750865780,712.67,712.87,712.67,712.71,103
1750865785,712.7,712.7,712.7,712.7,7
1750865790,712.69,712.69,712.68,712.69,2
1750865795,712.7,712.7,712.57,712.58,6
1750865800,712.69,712.74,712.68,712.74,30
1750865805,712.67,712.76,712.6,712.76,10
1750865810,712.9,712.9,712.9,712.9,2
1750865815,712.94,713.0,712.87,713.0,7
1750865820,712.93,712.93,712.93,712.93,2
1750865825,712.84,713.2,712.84,713.2,10
1750865830,713.2,713.2,713.2,713.2,0
1750865835,713.2,713.2,713.2,713.2,0
1750865840,713.17,713.17,713.17,713.17,2
1750865845,713.2,713.2,713.2,713.2,5
1750865850,713.2,713.2,713.2,713.2,0
1750865855,713.32,713.32,713.32,713.32,2
1750865860,713.32,713.32,713.32,713.32,0
1750865865,713.44,713.44,713.44,713.44,5
1750865870,713.44,713.44,713.44,713.44,0
1750865875,713.29,713.38,713.26,713.38,7
1750865880,713.38,713.38,713.37,713.38,5
1750865885,713.37,713.37,713.33,713.33,5
1750865890,713.16,713.16,713.14,713.14,5
1750865895,713.14,713.14,713.14,713.14,0
1750865900,713.3,713.3,713.3,713.3,2
1750865905,713.15,713.15,713.15,713.15,2
1750865910,713.15,713.15,713.15,713.15,2
1750865915,713.14,713.15,713.14,713.15,5
1750865920,713.02,713.02,713.02,713.02,2
1750865925,713.12,713.2,713.12,713.12,10
1750865930,713.13,713.14,713.13,713.13,2
1750865935,713.13,713.14,713.13,713.13,0
1750865940,713.2,713.2,713.2,713.2,2
1750865945,713.2,713.2,713.2,713.2,0
1750865950,713.0,713.03,713.0,713.03,5
1750865955,712.96,712.96,712.91,712.95,30
1750865960,712.95,712.95,712.95,712.95,0
1750865965,713.0,713.0,713.0,713.0,5
1750865970,713.0,713.0,713.0,713.0,0
1750865975,712.92,712.93,712.84,712.84,11
1750865980,712.84,712.84,712.84,712.84,0
1750865985,712.84,712.84,712.84,712.84,0
1750865990,712.84,712.84,712.84,712.84,0
1750865995,712.84,712.84,712.84,712.84,0
1750866000,712.91,712.91,712.91,712.91,2
1750866005,712.91,712.91,712.91,712.91,10
1750866010,712.91,712.91,712.76,712.76,27
1750866015,712.73,712.73,712.44,712.44,45
1750866020,712.44,712.44,712.44,712.44,2
1750866025,712.44,712.44,712.44,712.44,2
1750866030,712.5,712.59,712.47,712.59,46
1750866035,712.38,712.38,712.38,712.38,4
1750866040,712.38,712.38,712.38,712.38,0
1750866045,712.49,712.49,712.49,712.49,2
1750866050,712.52,712.52,712.38,712.38,13
1750866055,712.61,712.61,712.59,712.59,6
1750866060,712.5,712.51,712.5,712.5,3
1750866065,712.5,712.51,712.5,712.5,0
1750866070,712.61,712.61,712.61,712.61,7
1750866075,712.6,712.74,712.6,712.74,7
1750866080,712.52,712.74,712.52,712.73,9
1750866085,712.64,712.77,712.64,712.77,5
1750866090,712.69,712.7,712.65,712.67,40
1750866095,712.56,712.56,712.47,712.56,47
1750866100,712.56,712.56,712.56,712.56,0
1750866105,712.41,712.41,712.13,712.13,60
1750866110,712.09,712.2,712.01,712.18,27
1750866115,712.28,712.36,712.18,712.36,9
1750866120,712.36,712.36,712.36,712.36,0
1750866125,712.36,712.36,712.36,712.36,0
1750866130,712.2,712.22,712.2,712.2,10
1750866135,712.22,712.22,712.21,712.22,2
1750866140,712.22,712.28,712.21,712.28,63
1750866145,712.3,712.33,712.3,712.33,23
1750866150,712.32,712.32,712.32,712.32,5
1750866155,712.32,712.32,712.32,712.32,0
1750866160,712.43,712.44,712.43,712.44,12
1750866165,712.53,712.53,712.53,712.53,2
1750866170,712.43,712.53,712.43,712.53,6
1750866175,712.43,712.49,712.4,712.4,12
1750866180,712.38,712.39,712.0,712.0,64
1750866185,712.11,712.12,712.11,712.11,5
1750866190,712.12,712.12,712.11,712.11,10
1750866195,712.02,712.04,712.01,712.04,8
1750866200,712.04,712.04,712.03,712.04,0
1750866205,712.11,712.11,712.11,712.11,2
1750866210,711.93,712.28,711.93,712.28,20
1750866215,712.28,712.28,712.28,712.28,0
1750866220,712.3,712.3,712.28,712.28,7
1750866225,712.3,712.3,712.3,712.3,4
1750866230,712.0,712.36,712.0,712.36,19
1750866235,712.34,712.34,712.25,712.25,10
1750866240,712.29,712.3,712.29,712.29,2
1750866245,712.2,712.42,712.19,712.42,10
1750866250,712.44,712.44,712.44,712.44,2
1750866255,712.5,712.5,712.24,712.31,26
1750866260,712.31,712.31,712.31,712.31,0
1750866265,712.31,712.31,712.31,712.31,0
1750866270,712.49,712.49,712.36,712.37,5
1750866275,712.22,712.22,712.03,712.03,5
1750866280,712.23,712.37,712.23,712.37,5
1750866285,712.37,712.37,712.36,712.37,2
1750866290,712.3,712.3,712.3,712.3,2
1750866295,712.3,712.3,712.3,712.3,0
1750866300,712.23,712.3,712.17,712.29,25
1750866305,712.07,712.25,712.0,712.0,74
1750866310,712.0,712.14,712.0,712.01,51
1750866315,712.0,712.01,711.9,711.9,102
1750866320,711.71,711.71,711.71,711.71,4
1750866325,711.85,711.85,711.7,711.7,17
1750866330,711.86,711.86,711.86,711.86,2
1750866335,711.78,711.93,711.78,711.88,33
1750866340,711.86,711.87,711.86,711.86,5
1750866345,711.85,711.85,711.85,711.85,2
1750866350,711.85,711.85,711.85,711.85,0
1750866355,711.85,711.85,711.85,711.85,0
1750866360,711.84,711.84,711.83,711.84,5
1750866365,711.84,711.84,711.83,711.84,0
1750866370,711.75,711.75,711.75,711.75,10
1750866375,711.86,711.86,711.75,711.75,19
1750866380,711.75,711.75,711.75,711.75,40
1750866385,711.81,711.87,711.75,711.75,12
1750866390,711.79,711.8,711.79,711.79,5
1750866395,712.0,712.0,711.86,711.88,42
1750866400,711.77,711.77,711.77,711.77,7
1750866405,711.89,711.89,711.89,711.89,2
1750866410,711.89,711.89,711.89,711.89,0
1750866415,711.89,711.89,711.89,711.89,0
1750866420,711.9,711.92,711.81,711.9,27
1750866425,711.94,711.94,711.9,711.9,5
1750866430,711.9,711.9,711.9,711.9,0
1750866435,711.8,711.8,711.71,711.71,20
1750866440,711.9,711.9,711.75,711.76,35
1750866445,711.88,711.88,711.87,711.88,2
1750866450,711.75,711.85,711.59,711.85,37
1750866455,711.6,711.6,711.6,711.6,2
1750866460,711.81,711.82,711.59,711.59,14
1750866465,711.72,711.72,711.72,711.72,4
1750866470,711.72,711.72,711.72,711.72,0
1750866475,711.7,711.7,711.61,711.61,10
1750866480,711.6,711.6,711.6,711.6,2
1750866485,711.71,711.71,711.7,711.71,2
1750866490,711.71,711.71,711.7,711.71,0
1750866495,711.71,711.71,711.7,711.71,0
1750866500,711.71,712.09,711.7,712.02,119
1750866505,712.0,712.08,711.92,712.01,20
1750866510,712.1,712.1,711.97,711.97,5
1750866515,711.93,711.93,711.93,711.93,5
1750866520,711.84,711.84,711.84,711.84,2
1750866525,711.86,711.87,711.73,711.86,13
1750866530,711.73,711.73,711.73,711.73,4
1750866535,711.73,711.73,711.73,711.73,0
1750866540,711.96,711.97,711.82,711.82,7
1750866545,711.83,711.83,711.72,711.72,7
1750866550,711.93,711.93,711.7,711.77,31
1750866555,711.76,711.88,711.72,711.77,36
1750866560,711.8,712.1,711.79,712.06,64
1750866565,712.13,712.13,712.06,712.06,5
1750866570,712.06,712.06,712.06,712.06,0
1750866575,712.0,712.0,711.95,711.96,16
1750866580,711.92,711.96,711.85,711.85,22
1750866585,711.89,711.89,711.89,711.89,3
1750866590,711.85,711.96,711.74,711.85,29
1750866595,711.86,712.0,711.86,712.0,10
1750866600,712.07,712.07,712.07,712.07,5
1750866605,712.1,712.11,712.07,712.07,10
1750866610,712.14,712.14,712.05,712.06,10
1750866615,711.96,712.11,711.96,712.1,7
1750866620,712.11,712.14,711.96,711.96,20
1750866625,711.96,711.96,711.96,711.96,0
1750866630,711.96,711.97,711.96,711.97,5
1750866635,711.97,711.97,711.97,711.97,0
1750866640,712.11,712.12,711.97,712.0,13
1750866645,712.0,712.0,711.99,712.0,0
1750866650,712.0,712.0,711.99,712.0,0
1750866655,712.0,712.0,711.99,712.0,2
1750866660,712.08,712.08,712.07,712.08,2
1750866665,712.17,712.17,712.14,712.14,5
1750866670,712.11,712.2,712.11,712.2,9
1750866675,711.94,712.28,711.94,712.28,15
1750866680,712.31,712.32,712.31,712.31,2
1750866685,712.31,712.32,712.31,712.31,0
1750866690,712.33,712.5,712.33,712.5,7
1750866695,712.3,712.59,712.3,712.42,85
1750866700,712.42,712.56,712.42,712.55,17
1750866705,712.53,712.53,712.46,712.47,5
1750866710,712.5,712.5,712.24,712.24,8
1750866715,712.24,712.24,712.24,712.24,0
1750866720,712.47,712.48,712.37,712.38,20
1750866725,712.35,712.35,712.26,712.26,5
1750866730,712.26,712.26,712.26,712.26,2
1750866735,712.2,712.2,712.1,712.2,19
1750866740,712.04,712.04,712.04,712.04,2
1750866745,712.11,712.11,712.1,712.11,3
1750866750,712.04,712.04,711.95,711.99,29
1750866755,711.99,712.03,711.91,712.02,72
1750866760,712.04,712.1,712.0,712.1,8
1750866765,712.1,712.1,712.1,712.1,9
1750866770,712.19,712.25,712.19,712.25,20
1750866775,712.25,712.25,712.25,712.25,2
1750866780,712.25,712.25,712.25,712.25,0
1750866785,712.33,712.34,712.33,712.33,2
1750866790,712.19,712.2,712.19,712.2,5
1750866795,712.2,712.22,712.19,712.2,25
1750866800,712.19,712.21,712.19,712.2,12
1750866805,712.2,712.2,712.2,712.2,0
1750866810,712.0,712.01,712.0,712.0,2
1750866815,712.0,712.01,712.0,712.0,10
1750866820,712.0,712.09,712.0,712.09,10
1750866825,712.0,712.1,712.0,712.1,13
1750866830,712.03,712.04,712.03,712.03,3
1750866835,712.0,712.17,711.88,712.17,8
1750866840,712.0,712.0,711.98,712.0,12
1750866845,712.0,712.0,712.0,712.0,0
1750866850,712.0,712.0,711.98,711.98,7
1750866855,712.0,712.0,711.99,711.99,9
1750866860,712.01,712.02,712.01,712.01,2
1750866865,712.0,712.0,711.82,711.82,10
1750866870,711.94,712.01,711.93,712.01,5
1750866875,712.01,712.01,712.0,712.01,0
1750866880,711.94,711.96,711.94,711.96,5
1750866885,712.0,712.03,712.0,712.03,10
1750866890,712.12,712.16,712.11,712.15,18
1750866895,712.19,712.25,712.19,712.25,10
1750866900,712.28,712.38,712.24,712.38,10
1750866905,712.28,712.28,712.28,712.28,10
1750866910,712.15,712.15,712.15,712.15,5
1750866915,712.1,712.1,712.1,712.1,2
1750866920,712.01,712.15,712.01,712.15,12
1750866925,711.98,711.98,711.98,711.98,5
1750866930,711.98,711.98,711.98,711.98,0
1750866935,711.92,711.92,711.92,711.92,2
1750866940,711.81,712.08,711.8,712.08,8
1750866945,712.02,712.02,712.0,712.0,11
1750866950,712.02,712.02,712.02,712.02,5
1750866955,712.02,712.02,712.02,712.02,0
1750866960,711.95,711.95,711.95,711.95,5
1750866965,712.05,712.1,711.79,711.8,57
1750866970,711.8,711.8,711.79,711.8,2
1750866975,711.8,711.8,711.79,711.8,2
1750866980,711.8,711.82,711.79,711.82,6
1750866985,711.8,711.8,711.67,711.79,25
1750866990,711.88,711.92,711.88,711.92,10
1750866995,711.99,711.99,711.75,711.75,14
1750867000,711.75,711.75,711.75,711.75,0
1750867005,711.75,711.75,711.75,711.75,0
1750867010,711.82,711.88,711.8,711.82,32
1750867015,711.82,711.94,711.8,711.87,29
1750867020,711.87,711.87,711.87,711.87,0
1750867025,711.85,711.85,711.83,711.83,9
1750867030,711.73,711.84,711.58,711.8,37
1750867035,711.66,711.67,711.58,711.58,5
1750867040,711.61,711.84,711.61,711.83,5
1750867045,711.73,711.73,711.73,711.73,3
1750867050,711.73,711.73,711.73,711.73,0
1750867055,711.73,711.73,711.73,711.73,0
1750867060,711.73,711.73,711.73,711.73,0
1750867065,711.73,711.73,711.73,711.73,0
1750867070,711.71,711.71,711.6,711.6,5
1750867075,711.6,711.6,711.6,711.6,2
1750867080,711.51,711.63,711.5,711.62,168
1750867085,711.59,711.59,711.59,711.59,2
1750867090,711.59,711.59,711.59,711.59,0
1750867095,711.45,711.49,711.45,711.49,5
1750867100,711.49,711.5,711.49,711.49,3
1750867105,711.53,711.53,711.53,711.53,2
1750867110,711.44,711.49,711.44,711.49,10
1750867115,711.49,711.49,711.48,711.49,0
1750867120,711.45,711.45,711.44,711.45,5
1750867125,711.64,711.64,711.54,711.55,8
1750867130,711.5,711.51,711.5,711.51,10
1750867135,711.51,711.52,711.51,711.51,5
1750867140,711.5,711.55,711.5,711.55,7
1750867145,711.55,711.59,711.55,711.57,22
1750867150,711.5,711.51,711.5,711.5,3
1750867155,711.54,711.54,711.54,711.54,2
1750867160,711.52,711.52,711.5,711.5,7
1750867165,711.57,711.58,711.5,711.5,5
1750867170,711.5,711.51,711.5,711.5,0
1750867175,711.5,711.51,711.5,711.5,0
1750867180,711.61,711.65,711.57,711.57,37
1750867185,711.44,711.57,711.44,711.57,8
1750867190,711.57,711.57,711.56,711.57,0
1750867195,711.49,711.5,711.49,711.49,2
1750867200,711.49,711.5,711.49,711.49,0
1750867205,711.44,711.61,711.44,711.61,5
1750867210,711.51,711.52,711.51,711.51,5
1750867215,711.44,711.5,711.4,711.5,43
1750867220,711.49,711.49,711.48,711.49,7
1750867225,711.59,711.66,711.56,711.59,10
1750867230,711.57,711.71,711.56,711.69,27
1750867235,711.75,711.9,711.74,711.9,27
1750867240,711.89,711.89,711.89,711.89,2
1750867245,711.89,711.89,711.89,711.89,0
1750867250,711.89,711.89,711.89,711.89,0
1750867255,711.89,711.89,711.89,711.89,0
1750867260,711.89,711.89,711.89,711.89,0
1750867265,711.82,711.97,711.82,711.9,7
1750867270,711.9,711.9,711.9,711.9,0
1750867275,711.86,711.86,711.71,711.71,28
1750867280,711.84,711.86,711.8,711.85,10
1750867285,711.85,711.85,711.84,711.85,2
1750867290,711.85,711.85,711.84,711.85,0
1750867295,712.0,712.0,711.99,711.99,22
1750867300,711.99,711.99,711.99,711.99,0
1750867305,712.04,712.04,712.04,712.04,3
1750867310,712.04,712.04,712.04,712.04,0
1750867315,712.04,712.04,712.04,712.04,0
1750867320,712.01,712.02,712.01,712.01,5
1750867325,712.05,712.08,712.05,712.05,15
1750867330,711.88,711.88,711.85,711.86,12
1750867335,711.91,712.01,711.81,711.82,31
1750867340,711.84,711.86,711.83,711.86,12
1750867345,711.86,711.86,711.85,711.86,0
1750867350,711.7,711.7,711.7,711.7,12
1750867355,711.68,711.71,711.65,711.71,31
1750867360,711.79,711.79,711.78,711.79,3
1750867365,711.7,711.75,711.7,711.75,23
1750867370,711.75,711.75,711.74,711.75,0
1750867375,711.74,711.74,711.74,711.74,2
1750867380,711.74,711.74,711.74,711.74,0
1750867385,711.74,711.74,711.74,711.74,0
1750867390,711.74,711.74,711.74,711.74,0
1750867395,711.74,711.74,711.74,711.74,0
1750867400,711.74,711.74,711.74,711.74,0
1750867405,711.79,711.95,711.78,711.95,14
1750867410,711.87,711.87,711.69,711.84,7
1750867415,711.69,711.69,711.53,711.53,5
1750867420,711.68,711.69,711.68,711.68,3
1750867425,711.56,711.56,711.56,711.56,2
1750867430,711.59,711.75,711.58,711.58,7
1750867435,711.75,711.75,711.74,711.75,2
1750867440,711.75,711.75,711.74,711.75,0
1750867445,711.5,711.64,711.41,711.64,15
1750867450,711.64,711.64,711.64,711.64,0
1750867455,711.57,711.57,711.41,711.41,5
1750867460,711.67,711.68,711.67,711.67,3
1750867465,711.41,711.41,711.41,711.41,2
1750867470,711.63,711.63,711.41,711.53,32
1750867475,711.41,711.53,711.4,711.41,32
1750867480,711.58,711.7,711.58,711.62,7
1750867485,711.61,711.61,711.42,711.61,12
1750867490,711.61,711.74,711.61,711.61,17
1750867495,711.62,711.62,711.62,711.62,2
1750867500,711.62,711.62,711.4,711.43,30
1750867505,711.57,711.57,711.56,711.57,8
1750867510,711.57,711.57,711.56,711.57,0
1750867515,711.4,711.4,711.4,711.4,5
1750867520,711.4,711.51,711.2,711.36,209
1750867525,711.36,711.43,711.36,711.43,5
1750867530,711.44,711.44,711.43,711.44,2
1750867535,711.42,711.5,711.42,711.5,18
1750867540,711.36,711.36,711.29,711.29,5
1750867545,711.22,711.22,711.05,711.21,105
1750867550,711.16,711.16,711.16,711.16,2
1750867555,711.08,711.08,711.08,711.08,2
1750867560,711.21,711.22,711.21,711.21,3
1750867565,711.28,711.3,711.28,711.3,17
1750867570,711.14,711.27,711.14,711.27,5
1750867575,711.25,711.26,711.25,711.25,7
1750867580,711.25,711.26,711.25,711.25,0
1750867585,711.25,711.26,711.25,711.25,0
1750867590,711.25,711.37,711.25,711.31,21
1750867595,711.14,711.14,711.14,711.14,2
1750867600,711.3,711.3,711.15,711.15,5
1750867605,711.15,711.15,711.15,711.15,0
1750867610,711.15,711.15,711.15,711.15,0
1750867615,711.24,711.24,711.21,711.24,25
1750867620,711.13,711.18,710.93,711.14,83
1750867625,711.04,711.13,710.97,711.13,73
1750867630,711.07,711.08,711.0,711.0,22
1750867635,711.02,711.03,711.0,711.02,17
1750867640,710.86,710.86,710.86,710.86,12
1750867645,710.89,710.91,710.89,710.9,7
1750867650,710.9,710.9,710.89,710.9,5
1750867655,710.87,710.9,710.8,710.83,95
1750867660,710.83,710.99,710.82,710.82,48
1750867665,710.82,710.83,710.82,710.82,0
1750867670,710.86,711.07,710.85,711.07,73
1750867675,711.07,711.07,711.06,711.07,16
1750867680,711.06,711.12,710.92,710.92,10
1750867685,710.92,710.92,710.92,710.92,0
1750867690,711.02,711.02,711.02,711.02,10
1750867695,711.02,711.02,711.02,711.02,0
1750867700,711.02,711.02,711.02,711.02,0
1750867705,711.01,711.01,710.93,710.94,5
1750867710,710.94,710.94,710.88,710.89,25
1750867715,710.86,710.86,710.85,710.85,8
1750867720,710.82,710.88,710.8,710.86,39
1750867725,710.66,710.95,710.63,710.63,134
1750867730,710.64,710.8,710.64,710.8,5
1750867735,710.8,710.8,710.8,710.8,0
1750867740,710.65,710.8,710.65,710.8,11
1750867745,710.8,710.8,710.8,710.8,0
1750867750,710.8,710.8,710.8,710.8,0
1750867755,710.94,710.98,710.93,710.98,10
1750867760,710.94,710.94,710.93,710.94,8
1750867765,710.94,710.94,710.93,710.94,0
1750867770,710.85,710.85,710.7,710.8,62
1750867775,710.84,710.84,710.7,710.7,6
1750867780,710.7,710.7,710.7,710.7,5
1750867785,710.75,710.75,710.75,710.75,2
1750867790,710.75,710.75,710.75,710.75,0
1750867795,710.81,710.81,710.78,710.78,5
1750867800,710.73,710.73,710.73,710.73,17
1750867805,710.83,710.84,710.83,710.83,3
1750867810,710.71,710.71,710.71,710.71,2
1750867815,710.75,710.76,710.52,710.52,9
1750867820,710.7,710.7,710.65,710.7,17
1750867825,710.7,710.7,710.7,710.7,0
1750867830,710.63,710.64,710.63,710.63,2
1750867835,710.62,710.63,710.61,710.62,8
1750867840,710.61,710.73,710.4,710.54,128
1750867845,710.5,710.54,710.4,710.5,14
1750867850,710.47,710.51,710.47,710.5,10
1750867855,710.5,710.51,710.5,710.5,0
1750867860,710.5,710.51,710.5,710.5,7
1750867865,710.5,710.51,710.5,710.5,7
1750867870,710.4,710.55,710.4,710.51,23
1750867875,710.48,710.51,710.48,710.5,15
1750867880,710.5,710.51,710.5,710.5,0
1750867885,710.5,710.51,710.5,710.5,0
1750867890,710.44,710.45,710.44,710.44,12
1750867895,710.4,710.51,709.94,710.17,369
1750867900,710.23,710.23,710.0,710.0,11
1750867905,710.0,710.0,710.0,710.0,0
1750867910,710.02,710.14,710.02,710.14,28
1750867915,710.23,710.23,710.23,710.23,2
1750867920,710.23,710.28,710.14,710.14,17
1750867925,710.12,710.16,710.12,710.15,5
1750867930,710.12,710.12,710.11,710.12,2
1750867935,710.12,710.12,710.11,710.12,0
1750867940,710.12,710.12,710.11,710.12,0
1750867945,710.01,710.02,710.01,710.01,3
1750867950,710.2,710.47,710.0,710.47,168
1750867955,710.41,710.41,710.28,710.28,15
1750867960,710.28,710.28,710.28,710.28,5
1750867965,710.28,710.28,710.28,710.28,0
1750867970,710.24,710.26,710.23,710.26,86
1750867975,710.2,710.38,710.05,710.33,37
1750867980,710.3,710.3,710.2,710.24,13
1750867985,710.24,710.24,710.24,710.24,0
1750867990,710.18,710.26,710.17,710.26,7
1750867995,710.26,710.26,710.26,710.26,0
1750868000,710.13,710.33,710.11,710.33,10
1750868005,710.33,710.33,710.33,710.33,0
1750868010,710.17,710.49,710.16,710.48,153
1750868015,710.37,710.5,710.36,710.5,12
1750868020,710.49,710.58,710.46,710.49,28
1750868025,710.55,710.66,710.4,710.52,45
1750868030,710.4,710.4,710.31,710.31,5
1750868035,710.33,710.33,710.33,710.33,2
1750868040,710.35,710.35,710.35,710.35,2
1750868045,710.43,710.47,710.37,710.37,17
1750868050,710.4,710.4,710.4,710.4,2
1750868055,710.3,710.3,710.29,710.29,15
1750868060,710.29,710.29,710.29,710.29,0
1750868065,710.29,710.29,710.29,710.29,0
1750868070,710.29,710.29,710.29,710.29,0
1750868075,710.2,710.2,710.19,710.2,5
1750868080,710.12,710.18,710.12,710.18,10
1750868085,710.18,710.18,710.17,710.18,0
1750868090,710.1,710.2,710.1,710.2,30
1750868095,710.2,710.46,710.19,710.46,12
1750868100,710.39,710.39,710.39,710.39,2
1750868105,710.38,710.39,710.38,710.38,6
1750868110,710.23,710.27,710.23,710.27,5
1750868115,710.24,710.25,710.14,710.14,10
1750868120,710.25,710.25,710.24,710.25,2
1750868125,710.25,710.25,710.24,710.25,0
1750868130,710.12,710.2,710.12,710.17,30
1750868135,710.13,710.13,710.12,710.12,12
1750868140,710.12,710.12,710.12,710.12,0
1750868145,710.12,710.12,710.12,710.12,0
1750868150,710.26,710.26,710.26,710.26,5
1750868155,710.3,710.38,710.3,710.38,5
1750868160,710.29,710.29,710.29,710.29,7
1750868165,710.29,710.29,710.29,710.29,0
1750868170,710.29,710.38,710.29,710.38,9
1750868175,710.28,710.28,710.27,710.28,7
1750868180,710.27,710.37,710.24,710.35,51
1750868185,710.22,710.22,710.02,710.06,13
1750868190,710.06,710.06,710.0,710.0,7
1750868195,710.06,710.06,709.88,709.89,67
1750868200,709.8,709.84,709.72,709.84,67
1750868205,709.85,709.85,709.85,709.85,5
1750868210,709.85,709.85,709.85,709.85,0
1750868215,709.84,709.85,709.84,709.85,5
1750868220,709.82,709.87,709.82,709.87,7
1750868225,710.0,710.0,709.8,709.85,30
1750868230,709.73,709.73,709.72,709.73,2
1750868235,709.89,709.9,709.72,709.72,21
1750868240,709.88,709.88,709.87,709.88,6
1750868245,709.85,709.85,709.85,709.85,10
1750868250,709.85,709.85,709.85,709.85,0
1750868255,709.9,709.9,709.9,709.9,2
1750868260,709.88,709.88,709.87,709.88,2
1750868265,709.88,709.88,709.87,709.88,0
1750868270,709.88,709.88,709.87,709.88,0
1750868275,709.88,709.88,709.87,709.88,0
1750868280,709.97,710.0,709.95,709.95,17
1750868285,709.92,709.92,709.92,709.92,2
1750868290,709.89,709.95,709.88,709.95,8
1750868295,709.95,709.95,709.94,709.95,7
1750868300,709.86,709.87,709.86,709.86,5
1750868305,709.81,709.81,709.81,709.81,2
1750868310,709.87,709.88,709.87,709.87,2
1750868315,709.87,710.01,709.86,709.97,28
1750868320,709.94,709.94,709.93,709.93,6
1750868325,710.0,710.01,710.0,710.0,8
1750868330,710.0,710.12,710.0,710.09,55
1750868335,709.95,710.05,709.95,710.05,10
1750868340,710.05,710.07,710.01,710.07,10
1750868345,710.07,710.14,709.93,709.93,136
1750868350,709.93,709.93,709.82,709.82,10
1750868355,709.82,709.83,709.82,709.82,0
1750868360,709.82,709.83,709.82,709.82,0
1750868365,709.82,709.83,709.82,709.82,0
1750868370,709.9,709.9,709.75,709.78,52
1750868375,709.85,709.85,709.78,709.78,31
1750868380,709.86,709.98,709.86,709.98,10
1750868385,709.98,709.98,709.97,709.98,5
1750868390,709.97,709.97,709.92,709.93,30
1750868395,709.91,709.91,709.91,709.91,2
1750868400,709.87,709.87,709.87,709.87,7
1750868405,709.81,709.87,709.8,709.87,12
1750868410,709.81,709.81,709.8,709.81,7
1750868415,709.8,709.8,709.58,709.67,76
1750868420,709.65,709.79,709.65,709.79,12
1750868425,709.8,709.89,709.8,709.87,15
1750868430,709.8,709.8,709.72,709.75,10
1750868435,709.73,709.73,709.62,709.62,12
1750868440,709.53,709.74,709.53,709.61,18
1750868445,709.61,709.61,709.61,709.61,0
1750868450,709.65,709.66,709.65,709.65,5
1750868455,709.65,709.65,709.65,709.65,0
1750868460,709.58,709.58,709.5,709.5,38
1750868465,709.5,709.5,709.5,709.5,0
1750868470,709.36,709.51,709.36,709.5,141
1750868475,709.5,709.52,709.5,709.52,5
1750868480,709.56,709.9,709.56,709.9,15
1750868485,709.9,709.9,709.9,709.9,0
1750868490,709.6,709.6,709.6,709.6,4
1750868495,709.8,709.8,709.8,709.8,2
1750868500,709.79,709.8,709.77,709.77,10
1750868505,709.63,709.64,709.63,709.63,3
1750868510,709.6,709.6,709.54,709.55,17
1750868515,709.55,709.55,709.54,709.55,0
1750868520,709.55,709.55,709.54,709.55,0
1750868525,709.64,709.64,709.64,709.64,2
1750868530,709.72,709.83,709.72,709.83,26
1750868535,709.8,709.89,709.8,709.88,15
1750868540,709.88,709.89,709.88,709.88,0
1750868545,709.72,709.72,709.71,709.72,2
1750868550,709.76,710.01,709.76,709.98,33
1750868555,709.94,710.03,709.93,709.94,7
1750868560,709.93,709.93,709.93,709.93,8
1750868565,709.93,709.93,709.93,709.93,0
1750868570,710.02,710.02,710.02,710.02,11
1750868575,709.98,709.98,709.98,709.98,2
1750868580,709.98,709.98,709.98,709.98,0
1750868585,709.98,709.98,709.98,709.98,5
1750868590,709.94,709.94,709.87,709.88,13
1750868595,710.0,710.01,710.0,710.01,5
1750868600,710.06,710.06,709.81,709.81,33
1750868605,709.88,709.88,709.88,709.88,2
1750868610,709.88,709.88,709.88,709.88,0
1750868615,709.98,709.98,709.98,709.98,13
1750868620,709.8,709.9,709.79,709.9,60
1750868625,709.9,709.9,709.9,709.9,0
1750868630,709.76,709.76,709.76,709.76,7
1750868635,709.76,709.76,709.76,709.76,0
1750868640,709.76,709.76,709.76,709.76,0
1750868645,709.76,709.76,709.76,709.76,0
1750868650,709.76,709.76,709.76,709.76,0
1750868655,709.83,709.83,709.82,709.83,3
1750868660,709.62,709.62,709.62,709.62,2
1750868665,709.55,709.55,709.55,709.55,2
1750868670,709.52,709.53,709.52,709.52,2
1750868675,709.59,709.59,709.59,709.59,2
1750868680,709.63,709.63,709.62,709.63,4
1750868685,709.61,709.62,709.53,709.62,12
1750868690,709.62,709.66,709.6,709.65,17
1750868695,709.58,709.58,709.53,709.53,6
1750868700,709.52,709.52,709.41,709.42,25
1750868705,709.5,709.5,709.42,709.42,5
1750868710,709.57,709.57,709.5,709.51,28
1750868715,709.51,709.52,709.44,709.44,5
1750868720,709.43,709.44,709.43,709.44,5
1750868725,709.27,709.27,709.26,709.27,2
1750868730,709.27,709.27,709.26,709.27,0
1750868735,709.43,709.43,709.26,709.26,11
1750868740,709.26,709.45,709.26,709.45,10
1750868745,709.45,709.48,709.39,709.39,13
1750868750,709.46,709.46,709.26,709.27,38
1750868755,709.27,709.27,709.27,709.27,0
1750868760,709.36,709.5,709.36,709.41,25
1750868765,709.41,709.41,709.4,709.41,0
1750868770,709.5,709.51,709.5,709.5,5
1750868775,709.57,709.64,709.56,709.61,35
1750868780,709.61,709.86,709.61,709.79,25
1750868785,709.82,709.82,709.73,709.75,47
1750868790,709.85,709.88,709.85,709.88,8
1750868795,709.85,709.85,709.85,709.85,2
1750868800,709.75,709.83,709.75,709.83,5
1750868805,709.78,709.78,709.78,709.78,2
1750868810,709.83,709.86,709.81,709.81,15
1750868815,709.78,709.8,709.67,709.77,25
1750868820,709.69,709.81,709.69,709.81,18
1750868825,709.71,709.71,709.71,709.71,2
1750868830,709.69,709.78,709.69,709.77,5
1750868835,709.68,709.75,709.68,709.74,5
1750868840,709.67,709.67,709.5,709.54,16
1750868845,709.59,709.59,709.58,709.59,2
1750868850,709.66,709.67,709.61,709.61,10
1750868855,709.5,709.51,709.37,709.44,35
1750868860,709.44,709.44,709.44,709.44,0
1750868865,709.61,709.61,709.52,709.53,5
1750868870,709.5,709.5,709.5,709.5,4
1750868875,709.5,709.5,709.5,709.5,0
1750868880,709.5,709.5,709.5,709.5,0
1750868885,709.57,709.66,709.56,709.65,12
1750868890,709.55,709.55,709.45,709.54,35
1750868895,709.64,709.65,709.55,709.57,22
1750868900,709.54,709.56,709.5,709.55,74
1750868905,709.5,709.5,709.33,709.4,15
1750868910,709.4,709.4,709.4,709.4,0
1750868915,709.41,709.41,709.36,709.36,7
1750868920,709.51,709.51,709.42,709.43,5
1750868925,709.53,709.53,709.52,709.53,2
1750868930,709.43,709.43,709.35,709.36,15
1750868935,709.33,709.33,709.32,709.32,7
1750868940,709.33,709.37,709.33,709.37,5
1750868945,709.37,709.37,709.09,709.1,38
1750868950,709.1,709.12,708.84,708.85,238
1750868955,708.85,709.1,708.84,709.1,35
1750868960,709.1,709.1,709.02,709.08,24
1750868965,709.06,709.15,709.06,709.06,29
1750868970,709.05,709.11,709.05,709.09,10
1750868975,709.02,709.02,708.95,708.95,23
1750868980,708.93,708.93,708.89,708.89,12
1750868985,708.84,708.84,708.71,708.72,7
1750868990,708.74,708.78,708.74,708.74,17
1750868995,708.7,708.7,708.52,708.52,12
1750869000,708.67,708.81,708.63,708.78,48
1750869005,708.83,708.86,708.71,708.72,34
1750869010,708.72,708.72,708.71,708.72,0
1750869015,708.69,708.69,708.69,708.69,4
1750869020,708.66,708.67,708.59,708.65,17
1750869025,708.58,708.59,708.53,708.53,7
1750869030,708.5,708.69,708.5,708.69,28
1750869035,708.7,708.7,708.5,708.6,273
1750869040,708.48,708.48,708.48,708.48,2
1750869045,708.58,708.67,708.47,708.67,31
1750869050,708.53,708.68,708.53,708.68,7
1750869055,708.67,708.67,708.67,708.67,2
1750869060,708.62,708.7,708.62,708.7,5
1750869065,708.69,708.69,708.69,708.69,2
1750869070,708.69,708.69,708.69,708.69,0
1750869075,708.8,708.81,708.76,708.76,25
1750869080,708.83,708.83,708.74,708.76,28
1750869085,708.76,708.76,708.76,708.76,0
1750869090,708.81,708.85,708.81,708.85,10
1750869095,708.87,708.87,708.78,708.81,37
1750869100,708.88,708.88,708.82,708.82,29
1750869105,708.88,708.96,708.87,708.87,33
1750869110,708.82,708.83,708.75,708.75,35
1750869115,708.73,708.73,708.72,708.73,2
1750869120,708.73,708.73,708.72,708.73,5
1750869125,708.84,708.84,708.75,708.75,5
1750869130,708.75,708.75,708.75,708.75,0
1750869135,708.88,708.92,708.76,708.85,68
1750869140,708.95,708.95,708.95,708.95,10
1750869145,708.95,709.05,708.95,709.01,25
1750869150,708.96,708.96,708.92,708.96,12
1750869155,708.8,708.81,708.8,708.81,10
1750869160,708.81,708.81,708.81,708.81,0
1750869165,708.82,708.82,708.77,708.77,9
1750869170,708.78,708.82,708.75,708.81,7
1750869175,708.81,708.81,708.81,708.81,15
1750869180,708.81,708.85,708.73,708.85,112
1750869185,708.82,708.86,708.81,708.85,12
1750869190,708.73,708.85,708.72,708.82,98
1750869195,708.87,708.87,708.87,708.87,2
1750869200,708.8,708.85,708.8,708.84,7
1750869205,708.87,708.97,708.87,708.97,54
1750869210,708.88,708.89,708.88,708.88,3
1750869215,708.95,708.96,708.7,708.7,18
1750869220,708.77,708.77,708.71,708.71,5
1750869225,708.69,708.69,708.69,708.69,5
1750869230,708.69,708.69,708.69,708.69,0
1750869235,708.69,708.69,708.69,708.69,0
1750869240,708.69,708.75,708.68,708.74,15
1750869245,708.75,708.75,708.74,708.75,7
1750869250,708.75,708.76,708.75,708.75,2
1750869255,708.62,708.62,708.61,708.62,2
1750869260,708.74,708.78,708.74,708.75,7
1750869265,708.79,708.81,708.78,708.81,37
1750869270,708.85,708.9,708.85,708.85,10
1750869275,708.85,708.85,708.85,708.85,2
1750869280,708.9,708.91,708.75,708.75,7
1750869285,708.86,708.97,708.86,708.9,27
1750869290,708.8,708.8,708.8,708.8,5
1750869295,708.96,708.96,708.96,708.96,2
1750869300,708.8,708.86,708.8,708.86,37
1750869305,708.88,708.88,708.86,708.86,21
1750869310,708.89,708.9,708.75,708.84,23
1750869315,708.84,709.03,708.83,709.03,50
1750869320,708.9,708.95,708.82,708.95,18
1750869325,708.99,708.99,708.98,708.99,2
1750869330,708.99,708.99,708.98,708.99,2
1750869335,708.99,708.99,708.98,708.99,5
1750869340,708.99,708.99,708.98,708.99,0
1750869345,708.99,708.99,708.98,708.99,0
1750869350,708.93,708.93,708.93,708.93,2
1750869355,708.83,708.83,708.79,708.79,16
1750869360,708.79,708.79,708.79,708.79,0
1750869365,708.79,708.79,708.79,708.79,0
1750869370,708.89,708.99,708.89,708.99,5
1750869375,708.95,709.0,708.94,709.0,15
1750869380,709.05,709.19,709.05,709.06,27
1750869385,709.06,709.07,709.0,709.02,12
1750869390,709.02,709.02,709.02,709.02,0
1750869395,709.02,709.02,709.02,709.02,0
1750869400,709.02,709.02,709.02,709.02,0
1750869405,709.04,709.07,709.04,709.07,5
1750869410,709.03,709.1,709.02,709.02,10
1750869415,709.02,709.02,709.02,709.02,0
1750869420,709.12,709.13,709.12,709.12,5
1750869425,709.12,709.12,709.12,709.12,0
1750869430,709.14,709.15,709.14,709.14,2
1750869435,709.13,709.25,709.13,709.25,20
1750869440,709.29,709.5,709.28,709.47,23
1750869445,709.43,709.48,709.35,709.43,53
1750869450,709.43,709.46,709.43,709.46,5
1750869455,709.41,709.42,709.38,709.4,14
1750869460,709.4,709.4,709.4,709.4,0
1750869465,709.39,709.44,709.37,709.44,22
1750869470,709.36,709.39,709.36,709.38,7
1750869475,709.42,709.42,709.42,709.42,2
1750869480,709.38,709.4,709.38,709.38,14
1750869485,709.46,709.48,709.45,709.48,5
1750869490,709.47,709.5,709.4,709.48,24
1750869495,709.5,709.5,709.49,709.5,2
1750869500,709.49,709.77,709.48,709.77,17
1750869505,709.65,709.65,709.65,709.65,2
1750869510,709.63,709.63,709.61,709.61,15
1750869515,709.74,709.74,709.68,709.68,6
1750869520,709.62,709.62,709.62,709.62,11
1750869525,709.7,709.7,709.61,709.64,20
1750869530,709.64,709.65,709.64,709.64,0
1750869535,709.59,709.64,709.59,709.64,5
1750869540,709.64,709.66,709.64,709.66,19
1750869545,709.68,709.77,709.63,709.75,39
1750869550,709.75,709.75,709.74,709.75,5
1750869555,709.68,709.68,709.68,709.68,2
1750869560,709.63,709.65,709.63,709.64,7
1750869565,709.72,709.73,709.71,709.71,16
1750869570,709.8,709.8,709.8,709.8,10
1750869575,709.79,709.79,709.72,709.73,12
1750869580,709.76,709.86,709.76,709.86,15
1750869585,709.86,709.86,709.86,709.86,0
1750869590,709.75,709.75,709.74,709.75,2
1750869595,709.87,710.05,709.87,710.03,46
1750869600,709.93,710.18,709.92,710.18,25
1750869605,709.88,710.07,709.88,709.98,22
1750869610,709.67,709.98,709.67,709.98,39
1750869615,709.84,709.9,709.83,709.9,5
1750869620,709.88,709.88,709.87,709.88,5
1750869625,709.88,709.88,709.87,709.88,0
1750869630,710.18,710.28,710.08,710.28,45
1750869635,710.21,710.28,710.16,710.22,13
1750869640,710.3,710.3,710.2,710.22,24
1750869645,710.23,710.3,710.22,710.22,35
1750869650,710.3,710.31,710.29,710.29,7
1750869655,710.28,710.28,710.2,710.2,62
1750869660,710.25,710.25,710.15,710.15,5
1750869665,710.05,710.06,710.02,710.05,20
1750869670,710.03,710.03,709.85,709.93,37
1750869675,709.93,709.93,709.92,709.93,0
1750869680,709.96,710.0,709.96,710.0,18
1750869685,709.98,709.98,709.85,709.89,45
1750869690,709.84,709.91,709.75,709.76,37
1750869695,709.86,709.86,709.75,709.75,14
1750869700,709.75,709.75,709.75,709.75,0
1750869705,709.75,709.75,709.75,709.75,0
1750869710,709.75,709.75,709.75,709.75,0
1750869715,709.72,709.72,709.7,709.7,7
1750869720,709.66,709.66,709.58,709.58,13
1750869725,709.62,709.62,709.62,709.62,2
1750869730,709.64,709.66,709.62,709.66,22
1750869735,709.73,709.73,709.68,709.69,5
1750869740,709.69,709.69,709.68,709.69,5
1750869745,709.68,709.68,709.67,709.67,16
1750869750,709.56,709.69,709.55,709.69,18
1750869755,709.67,709.67,709.67,709.67,2
1750869760,709.55,709.55,709.54,709.54,7
1750869765,709.54,709.54,709.54,709.54,0
1750869770,709.51,709.51,709.51,709.51,4
1750869775,709.65,709.65,709.65,709.65,10
1750869780,709.53,709.53,709.5,709.5,20
1750869785,709.67,709.67,709.67,709.67,5
1750869790,709.77,709.79,709.77,709.79,5
1750869795,709.79,709.79,709.79,709.79,0
1750869800,709.9,709.9,709.89,709.89,15
1750869805,709.89,709.9,709.89,709.89,0
1750869810,709.89,709.9,709.89,709.89,5
1750869815,709.89,709.9,709.89,709.89,0
1750869820,709.89,709.89,709.89,709.89,2
1750869825,709.89,709.89,709.89,709.89,0
1750869830,709.81,709.81,709.8,709.81,2
1750869835,709.88,709.88,709.88,709.88,4
1750869840,709.88,709.88,709.88,709.88,0
1750869845,709.8,709.89,709.8,709.89,5
1750869850,709.89,709.89,709.89,709.89,0
1750869855,709.81,709.9,709.81,709.9,5
1750869860,709.9,709.9,709.9,709.9,0
1750869865,709.89,709.9,709.89,709.9,9
1750869870,709.99,710.22,709.99,710.22,61
1750869875,710.22,710.22,710.22,710.22,0
1750869880,710.21,710.22,710.21,710.21,2
1750869885,709.88,709.88,709.88,709.88,5
1750869890,709.88,709.97,709.88,709.96,7
1750869895,709.8,709.8,709.8,709.8,2
1750869900,709.85,709.85,709.7,709.85,20
1750869905,709.73,709.74,709.73,709.73,2
1750869910,709.74,709.74,709.73,709.74,2
1750869915,709.74,709.74,709.73,709.74,0
1750869920,709.76,709.82,709.76,709.82,56
1750869925,709.82,709.82,709.82,709.82,7
1750869930,709.88,709.88,709.88,709.88,2
1750869935,709.88,709.88,709.88,709.88,2
1750869940,709.88,709.88,709.88,709.88,5
1750869945,709.94,709.94,709.74,709.75,22
1750869950,709.81,709.81,709.68,709.68,10
1750869955,709.7,709.7,709.69,709.69,12
1750869960,709.54,709.57,709.49,709.5,38
1750869965,709.5,709.5,709.5,709.5,0
1750869970,709.5,709.68,709.49,709.68,65
1750869975,709.68,709.68,709.67,709.68,0
1750869980,709.54,709.54,709.54,709.54,5
1750869985,709.49,709.49,709.49,709.49,18
1750869990,709.59,709.6,709.59,709.59,10
1750869995,709.59,709.59,709.59,709.59,2
1750870000,709.59,709.59,709.59,709.59,0
1750870005,709.57,709.57,709.55,709.55,10
1750870010,709.64,709.64,709.61,709.62,12
1750870015,709.62,709.62,709.53,709.53,5
1750870020,709.48,709.48,709.21,709.22,15
1750870025,709.33,709.54,709.33,709.52,34
1750870030,709.53,709.53,709.5,709.5,11
1750870035,709.5,709.51,709.5,709.5,15
1750870040,709.5,709.51,709.29,709.29,10
1750870045,709.1,709.24,709.1,709.24,8
1750870050,709.17,709.17,709.17,709.17,2
1750870055,709.17,709.17,709.1,709.1,17
1750870060,709.1,709.13,708.9,709.13,39
1750870065,708.84,708.89,708.79,708.83,17
1750870070,708.83,708.83,708.83,708.83,0
1750870075,708.83,708.87,708.78,708.85,76
1750870080,708.85,708.85,708.85,708.85,0
1750870085,708.84,708.84,708.83,708.84,8
1750870090,708.89,708.97,708.89,708.9,63
1750870095,709.0,709.1,708.86,708.97,183
1750870100,708.93,708.94,708.93,708.93,2
1750870105,708.93,708.94,708.93,708.93,0
1750870110,709.13,709.14,709.13,709.13,2
1750870115,709.33,709.33,709.33,709.33,2
1750870120,709.17,709.24,709.02,709.12,32
1750870125,709.12,709.12,709.03,709.03,5
1750870130,709.03,709.03,709.03,709.03,0
1750870135,709.12,709.16,708.97,708.98,17
1750870140,709.13,709.13,709.12,709.13,2
1750870145,709.12,709.12,709.11,709.11,5
1750870150,709.23,709.23,709.0,709.0,13
1750870155,709.0,709.0,709.0,709.0,0
1750870160,709.0,709.09,709.0,709.0,12
1750870165,709.01,709.02,709.01,709.01,2
1750870170,709.01,709.02,709.01,709.01,0
1750870175,709.06,709.1,708.96,708.97,54
1750870180,709.03,709.03,708.93,708.93,17
1750870185,708.93,708.93,708.93,708.93,0
1750870190,708.94,708.94,708.93,708.94,2
1750870195,708.98,708.99,708.98,708.98,35
1750870200,708.98,708.98,708.98,708.98,0
1750870205,708.98,708.98,708.98,708.98,2
1750870210,708.95,708.97,708.83,708.84,30
1750870215,708.85,708.86,708.85,708.85,2
1750870220,708.85,708.86,708.85,708.85,0
1750870225,709.02,709.07,708.97,708.98,60
1750870230,709.1,709.1,708.98,708.99,22
1750870235,709.1,709.11,708.91,708.91,72
1750870240,709.01,709.01,709.01,709.01,2
1750870245,709.09,709.1,709.09,709.09,3
1750870250,709.19,709.28,709.19,709.27,32
1750870255,709.27,709.44,709.21,709.25,10
1750870260,709.25,709.25,709.24,709.25,2
1750870265,709.25,709.26,709.07,709.07,35
1750870270,708.91,708.91,708.91,708.91,2
1750870275,708.91,708.91,708.91,708.91,0
1750870280,709.04,709.06,709.04,709.06,5
1750870285,709.06,709.06,709.06,709.06,2
1750870290,709.13,709.23,709.13,709.23,13
1750870295,709.38,709.38,709.2,709.21,5
1750870300,709.38,709.4,709.28,709.28,22
1750870305,709.42,709.45,709.33,709.45,24
1750870310,709.45,709.46,709.44,709.45,31
1750870315,709.44,709.53,709.42,709.53,7
1750870320,709.61,709.61,709.61,709.61,2
1750870325,709.57,709.57,709.57,709.57,2
1750870330,709.57,709.58,709.57,709.57,3
1750870335,709.69,709.69,709.68,709.68,5
1750870340,709.6,709.6,709.6,709.6,2
1750870345,709.7,709.7,709.57,709.6,25
1750870350,709.53,709.54,709.38,709.38,40
1750870355,709.52,709.53,709.52,709.52,10
1750870360,709.52,709.53,709.49,709.52,18
1750870365,709.52,709.53,709.52,709.52,0
1750870370,709.52,709.53,709.52,709.52,2
1750870375,709.52,709.53,709.41,709.42,5
1750870380,709.51,709.51,709.47,709.47,8
1750870385,709.55,709.55,709.55,709.55,5
1750870390,709.59,709.6,709.59,709.59,5
1750870395,709.48,709.48,709.48,709.48,2
1750870400,709.48,709.48,709.48,709.48,0
1750870405,709.48,709.48,709.48,709.48,0
1750870410,709.48,709.48,709.48,709.48,0
1750870415,709.48,709.48,709.48,709.48,0
1750870420,709.51,709.51,709.51,709.51,2
1750870425,709.51,709.51,709.51,709.51,0
1750870430,709.59,709.7,709.58,709.58,16
1750870435,709.64,709.74,709.63,709.64,17
1750870440,709.44,709.44,709.42,709.42,10
1750870445,709.42,709.42,709.42,709.42,0
1750870450,709.57,709.58,709.47,709.52,26
1750870455,709.52,709.52,709.52,709.52,0
1750870460,709.56,709.56,709.56,709.56,2
1750870465,709.56,709.56,709.56,709.56,2
1750870470,709.56,709.56,709.56,709.56,0
1750870475,709.43,709.43,709.42,709.43,3
1750870480,709.53,709.53,709.53,709.53,2
1750870485,709.44,709.44,709.28,709.39,45
1750870490,709.31,709.32,709.26,709.26,15
1750870495,709.34,709.39,709.33,709.38,5
1750870500,709.38,709.41,709.38,709.38,15
1750870505,709.24,709.33,709.21,709.33,33
1750870510,709.22,709.22,709.22,709.22,2
1750870515,709.22,709.22,709.22,709.22,0
1750870520,709.22,709.22,709.22,709.22,0
1750870525,709.34,709.34,709.14,709.14,66
1750870530,709.14,709.15,709.14,709.14,0
1750870535,709.08,709.2,709.07,709.2,5
1750870540,709.2,709.2,709.2,709.2,0
1750870545,709.2,709.2,709.2,709.2,0
1750870550,709.1,709.1,708.86,708.98,40
1750870555,708.98,708.98,708.98,708.98,0
1750870560,708.96,708.96,708.76,708.76,20
1750870565,708.73,708.93,708.7,708.83,123
1750870570,708.83,708.83,708.82,708.83,10
1750870575,708.97,709.0,708.91,709.0,17
1750870580,709.0,709.0,709.0,709.0,0
1750870585,709.05,709.05,708.98,709.0,89
1750870590,709.04,709.15,708.96,709.15,113
1750870595,709.1,709.1,709.07,709.1,27
1750870600,709.15,709.15,709.06,709.08,15
1750870605,709.08,709.12,709.01,709.12,22
1750870610,709.12,709.12,709.07,709.08,5
1750870615,709.07,709.07,709.07,709.07,7
1750870620,709.03,709.04,709.03,709.03,11
1750870625,709.03,709.04,709.03,709.03,0
1750870630,709.0,709.0,709.0,709.0,3
1750870635,709.0,709.0,709.0,709.0,0
1750870640,709.0,709.0,709.0,709.0,0
1750870645,709.06,709.17,709.06,709.17,19
1750870650,709.13,709.21,709.13,709.21,25
1750870655,709.13,709.22,709.13,709.16,104
1750870660,709.07,709.07,709.07,709.07,2
1750870665,709.07,709.07,709.07,709.07,0
1750870670,709.19,709.19,709.19,709.19,2
1750870675,709.13,709.13,709.13,709.13,2
1750870680,709.13,709.13,709.13,709.13,0
1750870685,709.13,709.13,709.13,709.13,0
1750870690,709.13,709.13,709.12,709.13,2
1750870695,709.13,709.13,709.01,709.05,10
1750870700,709.05,709.05,709.05,709.05,0
1750870705,709.15,709.17,709.14,709.16,17
1750870710,709.05,709.05,709.05,709.05,2
1750870715,709.08,709.08,709.08,709.08,5
1750870720,708.98,708.98,708.98,708.98,5
1750870725,708.98,708.98,708.98,708.98,2
1750870730,708.98,708.98,708.98,708.98,0
1750870735,708.99,708.99,708.99,708.99,5
1750870740,708.93,708.93,708.88,708.88,7
1750870745,708.86,708.86,708.86,708.86,5
1750870750,708.86,708.88,708.77,708.79,32
1750870755,708.75,708.75,708.75,708.75,2
1750870760,708.75,708.75,708.75,708.75,0
1750870765,708.75,708.84,708.75,708.76,180
1750870770,708.81,708.91,708.77,708.85,25
1750870775,708.85,708.85,708.84,708.85,0
1750870780,708.75,708.75,708.75,708.75,2
1750870785,708.8,708.81,708.8,708.8,3
1750870790,708.75,708.75,708.75,708.75,2
1750870795,708.88,708.88,708.79,708.79,15
1750870800,708.79,708.79,708.79,708.79,2
1750870805,708.88,708.88,708.81,708.82,7
1750870810,708.86,708.9,708.71,708.71,25
1750870815,708.71,708.79,708.64,708.78,29
1750870820,708.78,708.79,708.78,708.78,0
1750870825,708.81,708.81,708.8,708.8,5
1750870830,708.8,708.8,708.8,708.8,2
1750870835,708.88,708.89,708.88,708.88,2
1750870840,708.78,708.79,708.64,708.64,15
1750870845,708.88,708.89,708.88,708.88,3
1750870850,708.66,708.67,708.65,708.65,8
1750870855,708.65,708.65,708.53,708.53,20
1750870860,708.53,708.6,708.5,708.5,20
1750870865,708.54,708.71,708.51,708.51,12
1750870870,708.69,708.69,708.52,708.52,10
1750870875,708.7,708.77,708.64,708.65,25
1750870880,708.65,708.65,708.64,708.65,0
1750870885,708.64,708.64,708.64,708.64,5
1750870890,708.56,708.56,708.56,708.56,2
1750870895,708.56,708.68,708.56,708.68,35
1750870900,708.51,708.67,708.51,708.66,10
1750870905,708.66,708.98,708.65,708.96,74
1750870910,708.96,709.09,708.89,709.07,28
1750870915,709.09,709.16,709.08,709.16,7
1750870920,709.15,709.15,709.08,709.08,9
1750870925,709.08,709.08,709.08,709.08,0
1750870930,709.11,709.11,708.86,708.86,10
1750870935,708.86,708.86,708.75,708.75,12
1750870940,708.75,708.75,708.75,708.75,0
1750870945,708.75,708.75,708.75,708.75,0
1750870950,708.75,708.75,708.75,708.75,0
1750870955,708.75,708.75,708.75,708.75,0
1750870960,708.96,708.96,708.95,708.96,2
1750870965,708.72,708.72,708.5,708.5,14
1750870970,708.57,708.58,708.57,708.58,5
1750870975,708.71,708.71,708.58,708.66,35
1750870980,708.66,708.66,708.66,708.66,27
1750870985,708.66,709.02,708.66,709.02,22
1750870990,709.02,709.02,709.02,709.02,0
1750870995,708.98,709.09,708.97,709.09,7
1750871000,709.0,709.0,708.86,708.88,53
1750871005,708.82,708.82,708.81,708.82,2
1750871010,708.82,708.82,708.81,708.82,7
1750871015,708.66,708.7,708.66,708.7,26
1750871020,708.7,708.7,708.7,708.7,0
1750871025,708.72,708.72,708.71,708.71,11
1750871030,708.71,708.71,708.71,708.71,2
1750871035,708.71,708.71,708.71,708.71,0
1750871040,708.72,708.72,708.71,708.71,5
1750871045,708.71,708.71,708.66,708.66,7
1750871050,708.67,708.68,708.67,708.67,2
1750871055,708.54,708.63,708.52,708.63,25
1750871060,708.63,708.81,708.55,708.79,18
1750871065,708.93,708.93,708.93,708.93,2
1750871070,709.06,709.06,709.05,709.06,2
1750871075,709.02,709.1,708.97,708.98,12
1750871080,708.98,708.98,708.97,708.98,0
1750871085,708.98,708.98,708.98,708.98,2
1750871090,708.98,708.99,708.98,708.98,2
1750871095,708.98,708.98,708.98,708.98,2
1750871100,708.87,708.94,708.75,708.75,7
1750871105,708.75,708.75,708.75,708.75,0
1750871110,708.75,708.75,708.75,708.75,0
1750871115,708.95,708.95,708.94,708.95,2
1750871120,708.95,708.95,708.94,708.95,0
1750871125,708.94,708.94,708.84,708.84,15
1750871130,708.84,708.84,708.75,708.76,9
1750871135,708.85,708.85,708.84,708.85,2
1750871140,708.85,708.85,708.84,708.85,0
1750871145,708.85,708.85,708.85,708.85,2
1750871150,708.97,708.97,708.97,708.97,2
1750871155,708.77,708.82,708.74,708.82,35
1750871160,708.98,708.98,708.98,708.98,2
1750871165,708.98,708.98,708.98,708.98,0
1750871170,708.98,708.98,708.98,708.98,0
1750871175,708.88,708.89,708.88,708.88,2
1750871180,708.88,708.89,708.88,708.88,2
1750871185,708.81,708.81,708.81,708.81,4
1750871190,709.03,709.03,709.03,709.03,5
1750871195,708.94,708.97,708.94,708.97,20
1750871200,708.8,708.99,708.8,708.99,15
1750871205,709.07,709.07,709.06,709.07,3
1750871210,709.07,709.11,708.94,709.07,54
1750871215,709.08,709.09,709.08,709.08,5
1750871220,709.08,709.09,709.08,709.08,0
1750871225,708.87,709.02,708.8,708.89,64
1750871230,708.79,708.79,708.78,708.79,2
1750871235,708.67,708.76,708.67,708.74,20
1750871240,708.75,708.75,708.75,708.75,2
1750871245,708.75,708.75,708.75,708.75,0
1750871250,708.83,708.91,708.82,708.91,10
1750871255,708.94,708.94,708.88,708.88,5
1750871260,708.88,708.88,708.88,708.88,2
1750871265,708.83,708.83,708.83,708.83,2
1750871270,708.83,708.83,708.83,708.83,0
1750871275,708.83,708.83,708.83,708.83,0
1750871280,708.85,708.85,708.71,708.71,12
1750871285,708.66,708.66,708.6,708.6,7
1750871290,708.57,708.57,708.57,708.57,5
1750871295,708.5,708.5,708.2,708.2,40
1750871300,708.2,708.2,708.2,708.2,0
1750871305,708.2,708.21,708.2,708.2,10
1750871310,708.29,708.36,708.29,708.36,13
1750871315,708.31,708.31,708.31,708.31,5
1750871320,708.31,708.31,708.16,708.16,7
1750871325,708.1,708.1,708.06,708.06,10
1750871330,708.22,708.22,708.22,708.22,3
1750871335,708.22,708.23,708.22,708.22,25
1750871340,708.22,708.23,708.22,708.22,0
1750871345,708.22,708.23,708.22,708.22,0
1750871350,708.21,708.21,708.21,708.21,2
1750871355,708.21,708.21,708.21,708.21,0
1750871360,708.21,708.21,708.21,708.21,0
1750871365,708.21,708.21,708.21,708.21,0
1750871370,708.21,708.21,708.2,708.2,5
1750871375,708.13,708.13,708.13,708.13,2
1750871380,708.03,708.19,708.03,708.19,13
1750871385,708.19,708.3,708.19,708.28,30
1750871390,708.26,708.26,708.21,708.22,19
1750871395,708.22,708.22,708.21,708.22,0
1750871400,708.22,708.22,708.21,708.22,2
1750871405,708.27,708.4,708.21,708.4,35
1750871410,708.45,708.45,708.27,708.43,18
1750871415,708.43,708.43,708.43,708.43,0
1750871420,708.28,708.28,708.27,708.27,15
1750871425,708.27,708.27,708.27,708.27,0
1750871430,708.44,708.52,708.43,708.51,25
1750871435,708.51,708.52,708.51,708.51,0
1750871440,708.6,708.61,708.44,708.44,45
1750871445,708.44,708.44,708.44,708.44,0
1750871450,708.57,708.57,708.34,708.39,17
1750871455,708.39,708.39,708.33,708.34,9
1750871460,708.26,708.26,708.26,708.26,2
1750871465,708.26,708.26,708.26,708.26,0
1750871470,708.27,708.28,708.27,708.27,2
1750871475,708.27,708.28,708.27,708.27,0
1750871480,708.34,708.39,708.34,708.38,5
1750871485,708.35,708.35,708.35,708.35,2
1750871490,708.21,708.45,708.21,708.45,7
1750871495,708.45,708.45,708.45,708.45,0
1750871500,708.34,708.34,708.33,708.33,12
1750871505,708.33,708.33,708.33,708.33,2
1750871510,708.33,708.33,708.33,708.33,0
1750871515,708.31,708.31,708.31,708.31,7
1750871520,708.4,708.4,708.32,708.32,7
1750871525,708.32,708.33,708.32,708.32,19
1750871530,708.32,708.34,708.24,708.34,164
1750871535,708.34,708.34,708.33,708.34,0
1750871540,708.53,708.55,708.53,708.55,17
1750871545,708.65,708.65,708.53,708.53,5
1750871550,708.43,708.43,708.43,708.43,2
1750871555,708.5,708.5,708.5,708.5,2
1750871560,708.53,708.55,708.52,708.55,7
1750871565,708.5,708.55,708.5,708.55,9
1750871570,708.54,708.54,708.54,708.54,5
1750871575,708.48,708.48,708.48,708.48,4
1750871580,708.61,708.61,708.6,708.61,2
1750871585,708.63,708.63,708.62,708.63,4
1750871590,708.47,708.47,708.47,708.47,2
1750871595,708.47,708.47,708.47,708.47,0
1750871600,708.46,708.49,708.46,708.47,13
1750871605,708.47,708.48,708.36,708.36,50
1750871610,708.36,708.36,708.36,708.36,0
1750871615,708.36,708.36,708.36,708.36,0
1750871620,708.36,708.36,708.36,708.36,22
1750871625,708.29,708.3,708.29,708.29,6
1750871630,708.29,708.3,708.29,708.29,0
1750871635,708.29,708.3,708.29,708.29,0
1750871640,708.39,708.5,708.39,708.4,22
1750871645,708.4,708.4,708.4,708.4,0
1750871650,708.4,708.41,708.4,708.4,5
1750871655,708.4,708.41,708.4,708.4,0
1750871660,708.64,708.79,708.64,708.79,37
1750871665,708.79,708.79,708.79,708.79,2
1750871670,708.82,708.82,708.79,708.79,15
1750871675,708.79,708.79,708.79,708.79,4
1750871680,708.85,708.85,708.85,708.85,2
1750871685,708.76,708.76,708.69,708.7,15
1750871690,708.82,708.82,708.82,708.82,5
1750871695,708.82,708.82,708.75,708.75,5
1750871700,708.78,708.78,708.78,708.78,5
1750871705,708.7,708.7,708.7,708.7,2
1750871710,708.72,708.72,708.72,708.72,2
1750871715,708.63,708.65,708.54,708.63,22
1750871720,708.56,708.56,708.56,708.56,2
1750871725,708.56,708.56,708.56,708.56,0
1750871730,708.63,708.69,708.63,708.69,15
1750871735,708.69,708.69,708.69,708.69,5
1750871740,708.5,708.5,708.29,708.46,40
1750871745,708.46,708.46,708.45,708.46,0
1750871750,708.62,708.62,708.44,708.44,27
1750871755,708.44,708.44,708.44,708.44,0
1750871760,708.43,708.47,708.43,708.45,7
1750871765,708.45,708.45,708.45,708.45,5
1750871770,708.47,708.47,708.47,708.47,2
1750871775,708.47,708.47,708.47,708.47,0
1750871780,708.55,708.61,708.53,708.6,21
1750871785,708.6,708.6,708.6,708.6,0
1750871790,708.6,708.6,708.56,708.57,5
1750871795,708.42,708.43,708.42,708.42,5
1750871800,708.42,708.43,708.42,708.42,0
1750871805,708.54,708.54,708.54,708.54,2
1750871810,708.54,708.54,708.54,708.54,0
1750871815,708.54,708.54,708.54,708.54,0
1750871820,708.51,708.52,708.51,708.51,2
1750871825,708.39,708.39,708.39,708.39,2
1750871830,708.39,708.39,708.39,708.39,2
1750871835,708.32,708.52,708.32,708.52,6
1750871840,708.52,708.52,708.51,708.52,0
1750871845,708.49,708.67,708.4,708.41,10
1750871850,708.25,708.25,708.25,708.25,4
1750871855,708.17,708.17,708.17,708.17,2
1750871860,708.24,708.24,708.17,708.17,12
1750871865,708.2,708.31,708.2,708.31,15
1750871870,708.2,708.33,708.2,708.32,27
1750871875,708.33,708.33,708.32,708.32,17
1750871880,708.32,708.32,708.32,708.32,0
1750871885,708.38,708.41,708.32,708.32,11
1750871890,708.33,708.33,708.32,708.32,17
1750871895,708.17,708.17,708.17,708.17,12
1750871900,708.19,708.19,708.18,708.19,12
1750871905,708.17,708.23,708.02,708.23,20
1750871910,708.23,708.23,708.22,708.23,0
1750871915,708.23,708.23,708.22,708.23,10
1750871920,708.23,708.23,708.22,708.23,0
1750871925,708.23,708.23,708.22,708.23,0
1750871930,708.22,708.23,708.22,708.23,10
1750871935,708.19,708.19,708.19,708.19,5
1750871940,708.36,708.36,708.27,708.27,10
1750871945,708.28,708.28,708.28,708.28,2
1750871950,708.28,708.28,708.28,708.28,0
1750871955,708.28,708.28,708.22,708.23,5
1750871960,708.23,708.23,708.22,708.23,0
1750871965,708.23,708.23,708.22,708.23,0
1750871970,708.33,708.33,708.33,708.33,12
1750871975,708.33,708.33,708.33,708.33,0
1750871980,708.33,708.33,708.33,708.33,0
1750871985,708.13,708.13,708.13,708.13,2
1750871990,708.13,708.13,708.13,708.13,0
1750871995,708.13,708.13,708.13,708.13,0
1750872000,708.22,708.31,708.22,708.31,10
1750872005,708.22,708.22,708.22,708.22,5
1750872010,708.25,708.43,708.24,708.43,32
1750872015,708.49,708.49,708.37,708.37,9
1750872020,708.49,708.49,708.38,708.38,13
1750872025,708.38,708.39,708.38,708.38,6
1750872030,708.38,708.39,708.38,708.38,0
1750872035,708.51,708.51,708.51,708.51,2
1750872040,708.51,708.51,708.51,708.51,0
1750872045,708.6,708.69,708.6,708.69,12
1750872050,708.6,708.6,708.41,708.42,14
1750872055,708.53,708.53,708.53,708.53,2
1750872060,708.55,708.55,708.51,708.52,12
1750872065,708.57,708.57,708.57,708.57,2
1750872070,708.57,708.57,708.57,708.57,0
1750872075,708.57,708.57,708.57,708.57,0
1750872080,708.69,708.76,708.65,708.65,18
1750872085,708.73,708.73,708.72,708.73,2
1750872090,708.65,708.71,708.63,708.63,18
1750872095,708.63,708.63,708.63,708.63,0
1750872100,708.61,708.64,708.61,708.64,14
1750872105,708.72,708.72,708.72,708.72,10
1750872110,708.71,708.71,708.66,708.67,5
1750872115,708.72,708.72,708.66,708.66,28
1750872120,708.69,708.69,708.59,708.59,19
1750872125,708.56,708.56,708.55,708.56,3
1750872130,708.56,708.56,708.55,708.56,0
1750872135,708.58,708.58,708.58,708.58,2
1750872140,708.68,708.68,708.67,708.68,5
1750872145,708.67,708.67,708.67,708.67,2
1750872150,708.67,708.67,708.67,708.67,0
1750872155,708.58,708.66,708.58,708.66,5
1750872160,708.61,708.76,708.61,708.62,15
1750872165,708.62,708.63,708.62,708.62,0
1750872170,708.5,708.5,708.5,708.5,7
1750872175,708.5,708.5,708.5,708.5,0
1750872180,708.6,708.6,708.45,708.45,27
1750872185,708.33,708.33,708.33,708.33,2
1750872190,708.33,708.33,708.33,708.33,0
1750872195,708.44,708.44,708.44,708.44,2
1750872200,708.44,708.44,708.44,708.44,0
1750872205,708.35,708.35,708.25,708.25,10
1750872210,708.28,708.28,708.26,708.26,5
1750872215,708.32,708.32,708.32,708.32,2
1750872220,708.34,708.34,708.33,708.33,5
1750872225,708.38,708.44,708.38,708.43,17
1750872230,708.48,708.54,708.48,708.52,15
1750872235,708.69,708.75,708.58,708.58,16
1750872240,708.68,708.68,708.68,708.68,2
1750872245,708.72,708.85,708.71,708.85,7
1750872250,708.6,708.73,708.6,708.73,5
1750872255,708.74,708.74,708.73,708.74,2
1750872260,708.71,708.71,708.61,708.61,5
1750872265,708.85,708.85,708.85,708.85,10
1750872270,708.85,708.85,708.85,708.85,0
1750872275,708.61,708.61,708.61,708.61,5
1750872280,708.61,708.61,708.61,708.61,0
1750872285,708.57,708.57,708.56,708.56,7
1750872290,708.56,708.56,708.56,708.56,0
1750872295,708.64,708.64,708.63,708.64,3
1750872300,708.63,708.63,708.63,708.63,5
1750872305,708.46,708.46,708.46,708.46,5
1750872310,708.37,708.37,708.34,708.34,7
1750872315,708.52,708.52,708.51,708.52,3
1750872320,708.52,708.52,708.51,708.52,0
1750872325,708.52,708.52,708.51,708.52,0
1750872330,708.45,708.45,708.44,708.45,7
1750872335,708.46,708.46,708.45,708.46,7
1750872340,708.6,708.6,708.45,708.46,28
1750872345,708.51,708.51,708.5,708.51,3
1750872350,708.31,708.38,708.31,708.38,10
1750872355,708.34,708.38,708.29,708.38,22
1750872360,708.31,708.31,708.31,708.31,2
1750872365,708.31,708.31,708.3,708.31,8
1750872370,708.25,708.36,708.25,708.36,7
1750872375,708.26,708.26,708.26,708.26,2
1750872380,708.26,708.26,708.26,708.26,0
1750872385,708.26,708.26,708.26,708.26,0
1750872390,708.26,708.26,708.2,708.2,10
1750872395,708.2,708.2,708.2,708.2,0
1750872400,708.2,708.2,708.2,708.2,2
1750872405,708.11,708.11,708.06,708.06,5
1750872410,708.27,708.27,708.13,708.13,15
1750872415,708.13,708.14,708.13,708.13,0
1750872420,708.01,708.01,708.01,708.01,2
1750872425,708.13,708.14,707.91,708.0,108
1750872430,708.0,708.01,708.0,708.0,2
1750872435,708.0,708.05,708.0,708.0,7
1750872440,708.0,708.09,708.0,708.02,17
1750872445,708.1,708.11,708.02,708.1,12
1750872450,708.1,708.1,708.1,708.1,2
1750872455,708.14,708.15,708.0,708.0,11
1750872460,708.18,708.19,708.1,708.1,6
1750872465,708.1,708.1,708.1,708.1,3
1750872470,708.08,708.08,708.07,708.08,3
1750872475,708.06,708.07,708.0,708.07,15
1750872480,708.15,708.15,708.07,708.08,56
1750872485,708.0,708.03,708.0,708.03,5
1750872490,708.03,708.03,708.03,708.03,0
1750872495,708.03,708.03,708.03,708.03,11
1750872500,708.03,708.03,708.03,708.03,0
1750872505,708.02,708.02,708.01,708.02,2
1750872510,708.01,708.04,708.01,708.03,10
1750872515,708.03,708.08,708.02,708.08,12
1750872520,708.05,708.06,707.97,708.06,7
1750872525,708.08,708.15,708.05,708.05,19
1750872530,708.08,708.09,708.0,708.0,9
1750872535,708.0,708.0,708.0,708.0,0
1750872540,708.0,708.0,708.0,708.0,0
1750872545,708.08,708.08,708.08,708.08,5
1750872550,708.1,708.1,708.1,708.1,3
1750872555,708.15,708.16,708.15,708.16,20
1750872560,708.14,708.14,708.04,708.1,35
1750872565,708.08,708.12,708.08,708.12,7
1750872570,708.08,708.08,708.08,708.08,5
1750872575,708.04,708.1,708.0,708.0,29
1750872580,708.0,708.1,708.0,708.1,7
1750872585,708.1,708.1,708.1,708.1,2
1750872590,708.1,708.1,708.1,708.1,2
1750872595,708.01,708.02,707.98,707.98,40
1750872600,708.01,708.02,707.72,707.72,49
1750872605,707.72,707.72,707.72,707.72,0
1750872610,707.72,707.72,707.72,707.72,0
1750872615,707.82,707.89,707.82,707.88,13
1750872620,707.67,707.68,707.51,707.51,24
1750872625,707.36,707.36,707.24,707.31,16
1750872630,707.38,707.38,707.38,707.38,2
1750872635,707.39,707.4,707.39,707.39,25
1750872640,707.52,707.53,707.49,707.49,7
1750872645,707.49,707.49,707.49,707.49,0
1750872650,707.53,707.53,707.52,707.53,3
1750872655,707.52,707.54,707.52,707.54,16
1750872660,707.6,707.74,707.59,707.59,22
1750872665,707.81,707.81,707.59,707.6,7
1750872670,707.6,707.6,707.59,707.6,0
1750872675,707.76,707.76,707.75,707.76,2
1750872680,707.69,707.69,707.69,707.69,2
1750872685,707.81,707.82,707.72,707.72,7
1750872690,707.72,707.72,707.72,707.72,2
1750872695,707.71,707.71,707.7,707.71,2
1750872700,707.71,707.71,707.7,707.71,0
1750872705,707.79,707.8,707.72,707.72,8
1750872710,707.7,707.7,707.7,707.7,2
1750872715,707.62,707.62,707.62,707.62,2
1750872720,707.62,707.62,707.62,707.62,0
1750872725,707.62,707.62,707.62,707.62,0
1750872730,707.62,707.62,707.62,707.62,0
1750872735,707.69,707.76,707.69,707.69,21
1750872740,707.69,707.69,707.69,707.69,2
1750872745,707.69,707.69,707.63,707.63,7
1750872750,707.75,707.75,707.75,707.75,2
1750872755,707.68,707.73,707.68,707.7,15
1750872760,707.7,707.7,707.69,707.7,0
1750872765,707.59,707.69,707.58,707.69,5
1750872770,707.69,707.69,707.69,707.69,2
1750872775,707.69,707.69,707.69,707.69,0
1750872780,707.81,707.81,707.55,707.55,16
1750872785,707.36,707.43,707.23,707.43,17
1750872790,707.63,707.63,707.51,707.51,9
1750872795,707.51,707.51,707.51,707.51,0
1750872800,707.51,707.51,707.51,707.51,0
1750872805,707.51,707.51,707.51,707.51,0
1750872810,707.5,707.5,707.5,707.5,2
1750872815,707.42,707.45,707.37,707.37,10
1750872820,707.37,707.37,707.36,707.37,2
1750872825,707.33,707.36,707.32,707.36,17
1750872830,707.44,707.5,707.38,707.39,16
1750872835,707.39,707.39,707.38,707.39,0
1750872840,707.57,707.58,707.57,707.57,3
1750872845,707.5,707.51,707.35,707.39,12
1750872850,707.39,707.4,707.39,707.39,0
1750872855,707.39,707.4,707.39,707.39,0
1750872860,707.39,707.39,707.32,707.32,5
1750872865,707.32,707.32,707.32,707.32,0
1750872870,707.26,707.27,707.26,707.26,2
1750872875,707.26,707.27,707.26,707.26,0
1750872880,707.26,707.26,707.21,707.21,12
1750872885,707.23,707.43,707.17,707.43,63
1750872890,707.28,707.29,707.28,707.28,2
1750872895,707.35,707.39,707.31,707.31,17
1750872900,707.31,707.31,707.31,707.31,0
1750872905,707.15,707.16,707.15,707.15,7
1750872910,707.15,707.16,707.15,707.15,0
1750872915,707.32,707.32,707.31,707.32,10
1750872920,707.37,707.37,707.36,707.37,10
1750872925,707.37,707.37,707.15,707.15,54
1750872930,707.2,707.2,707.15,707.15,27
1750872935,707.15,707.15,707.02,707.08,22
1750872940,707.17,707.25,707.1,707.25,7
1750872945,707.2,707.26,707.19,707.25,22
1750872950,707.32,707.33,707.25,707.25,5
1750872955,707.23,707.3,707.23,707.3,9
1750872960,707.27,707.27,707.23,707.23,7
1750872965,707.23,707.23,707.23,707.23,2
1750872970,707.24,707.24,707.06,707.13,13
1750872975,707.06,707.06,707.06,707.06,2
1750872980,707.06,707.06,707.06,707.06,0
1750872985,707.0,707.06,706.94,707.02,98
1750872990,707.0,707.02,706.89,706.89,75
1750872995,706.89,706.89,706.89,706.89,23
1750873000,706.89,706.91,706.72,706.8,30
1750873005,706.8,707.01,706.8,706.91,20
1750873010,706.9,707.0,706.85,706.85,10
1750873015,706.92,706.92,706.75,706.76,16
1750873020,706.9,707.03,706.9,707.03,35
1750873025,707.04,707.07,707.0,707.0,17
1750873030,707.01,707.01,706.99,707.0,5
1750873035,707.04,707.13,706.99,707.03,16
1750873040,707.0,707.18,706.99,707.06,72
1750873045,707.1,707.1,707.01,707.01,6
1750873050,707.02,707.22,707.02,707.17,153
1750873055,707.17,707.17,707.16,707.17,2
1750873060,707.06,707.06,706.98,706.99,11
1750873065,707.02,707.09,706.99,707.09,11
1750873070,707.09,707.09,707.09,707.09,0
1750873075,707.16,707.16,707.15,707.16,2
1750873080,707.16,707.16,707.15,707.16,0
1750873085,707.29,707.3,707.11,707.13,48
1750873090,707.13,707.14,707.13,707.13,0
1750873095,707.2,707.2,707.2,707.2,3
1750873100,707.27,707.28,707.27,707.27,7
1750873105,707.27,707.28,707.27,707.28,5
1750873110,707.28,707.28,707.27,707.28,0
1750873115,707.22,707.26,707.19,707.25,66
1750873120,707.19,707.19,707.18,707.19,5
1750873125,707.17,707.22,707.13,707.22,54
1750873130,707.11,707.11,707.07,707.07,5
1750873135,707.06,707.27,706.95,707.11,440
1750873140,707.11,707.11,707.11,707.11,0
1750873145,707.11,707.11,707.0,707.0,15
1750873150,707.0,707.0,706.93,706.93,6
1750873155,706.93,707.01,706.9,707.0,22
1750873160,707.07,707.07,707.07,707.07,5
1750873165,707.09,707.15,707.08,707.15,7
1750873170,706.9,706.9,706.9,706.9,5
1750873175,706.9,706.9,706.9,706.9,0
1750873180,707.13,707.13,707.13,707.13,7
1750873185,707.04,707.04,707.04,707.04,7
1750873190,707.04,707.04,707.0,707.0,5
1750873195,706.99,706.99,706.99,706.99,7
1750873200,706.93,707.01,706.93,707.0,20
1750873205,707.0,707.01,707.0,707.0,0
1750873210,706.9,706.97,706.85,706.97,16
1750873215,706.8,706.8,706.68,706.71,32
1750873220,706.63,706.71,706.61,706.71,21
1750873225,706.6,706.82,706.6,706.82,41
1750873230,706.8,706.8,706.58,706.64,22
1750873235,706.56,706.56,706.19,706.19,20
1750873240,706.16,706.2,706.16,706.2,12
1750873245,706.4,706.4,706.4,706.4,5
1750873250,706.48,706.79,706.44,706.79,26
1750873255,706.45,706.79,706.44,706.79,15
1750873260,706.68,706.81,706.68,706.81,10
1750873265,706.75,706.76,706.74,706.75,5
1750873270,706.7,706.7,706.7,706.7,2
1750873275,706.7,706.7,706.58,706.59,69
1750873280,706.66,706.68,706.63,706.68,13
1750873285,706.59,706.59,706.51,706.51,5
1750873290,706.61,706.75,706.56,706.75,42
1750873295,706.75,706.75,706.65,706.7,17
1750873300,706.67,706.67,706.51,706.64,34
1750873305,706.64,706.65,706.64,706.64,0
1750873310,706.69,706.79,706.66,706.73,51
1750873315,706.73,706.73,706.73,706.73,0
1750873320,706.72,706.72,706.7,706.7,5
1750873325,706.83,706.84,706.76,706.76,5
1750873330,706.75,706.75,706.75,706.75,2
1750873335,706.88,706.94,706.88,706.94,17
1750873340,707.13,707.13,706.99,707.0,10
1750873345,707.0,707.0,707.0,707.0,0
1750873350,707.1,707.1,706.89,707.01,8
1750873355,706.89,706.92,706.87,706.92,7
1750873360,706.85,706.97,706.85,706.97,18
1750873365,706.88,707.04,706.87,707.04,13
1750873370,706.99,706.99,706.99,706.99,5
1750873375,707.08,707.17,707.08,707.17,5
1750873380,707.09,707.09,707.01,707.01,5
1750873385,707.01,707.01,707.01,707.01,0
1750873390,706.88,707.01,706.88,707.0,6
1750873395,706.82,706.89,706.8,706.8,10
1750873400,706.78,706.8,706.68,706.68,43
1750873405,706.68,706.72,706.63,706.72,47
1750873410,706.67,706.67,706.62,706.62,12
1750873415,706.64,706.64,706.64,706.64,2
1750873420,706.67,706.68,706.67,706.67,25
1750873425,706.68,706.74,706.68,706.74,5
1750873430,706.71,706.71,706.71,706.71,2
1750873435,706.79,706.79,706.79,706.79,2
1750873440,706.79,706.79,706.74,706.74,15
1750873445,706.73,706.76,706.73,706.76,16
1750873450,706.76,706.76,706.67,706.67,6
1750873455,706.69,706.69,706.68,706.69,7
1750873460,706.77,706.77,706.69,706.69,18
1750873465,706.7,706.73,706.69,706.73,15
1750873470,706.77,706.77,706.77,706.77,7
1750873475,706.75,706.75,706.74,706.75,2
1750873480,706.74,706.74,706.62,706.62,12
1750873485,706.69,706.71,706.69,706.71,7
1750873490,706.71,706.71,706.71,706.71,0
1750873495,706.71,706.71,706.71,706.71,0
1750873500,706.71,706.71,706.54,706.66,34
1750873505,706.68,706.68,706.67,706.68,2
1750873510,706.51,706.65,706.51,706.65,17
1750873515,706.73,706.76,706.72,706.72,7
1750873520,706.71,706.8,706.55,706.8,11
1750873525,706.78,706.88,706.77,706.86,23
1750873530,706.85,706.88,706.84,706.86,42
1750873535,706.71,706.73,706.54,706.6,25
1750873540,706.6,706.6,706.6,706.6,12
1750873545,706.68,706.68,706.64,706.65,5
1750873550,706.66,706.74,706.65,706.74,319
1750873555,706.78,706.78,706.78,706.78,2
1750873560,706.79,706.84,706.79,706.84,6
1750873565,706.73,706.87,706.73,706.87,16
1750873570,706.78,706.78,706.78,706.78,2
1750873575,706.87,706.87,706.73,706.73,24
1750873580,706.73,706.73,706.73,706.73,2
1750873585,706.73,706.73,706.73,706.73,0
1750873590,706.84,706.84,706.82,706.82,8
1750873595,706.82,706.82,706.82,706.82,0
1750873600,706.89,706.9,706.79,706.89,155
1750873605,706.89,706.89,706.89,706.89,0
1750873610,706.82,706.82,706.82,706.82,2
1750873615,706.82,706.82,706.82,706.82,0
1750873620,706.88,706.89,706.88,706.88,30
1750873625,706.81,706.85,706.81,706.85,5
1750873630,706.74,706.74,706.74,706.74,2
1750873635,706.73,706.74,706.73,706.74,5
1750873640,706.72,706.95,706.65,706.67,70
1750873645,706.67,706.68,706.67,706.67,0
1750873650,706.81,706.81,706.81,706.81,2
1750873655,706.67,706.95,706.67,706.95,26
1750873660,706.68,706.81,706.68,706.81,5
1750873665,706.8,706.89,706.67,706.67,164
1750873670,706.81,706.81,706.81,706.81,2
1750873675,706.81,706.81,706.81,706.81,0
1750873680,706.69,706.7,706.69,706.69,2
1750873685,706.68,706.68,706.68,706.68,2
1750873690,706.68,706.68,706.68,706.68,0
1750873695,706.68,706.68,706.68,706.68,0
1750873700,706.82,706.82,706.81,706.82,5
1750873705,706.81,706.81,706.34,706.34,40
1750873710,706.56,706.56,706.33,706.33,12
1750873715,706.3,706.3,706.18,706.18,9
1750873720,706.19,706.24,706.18,706.22,15
1750873725,706.22,706.22,706.21,706.22,0
1750873730,706.22,706.31,706.22,706.31,15
1750873735,706.31,706.31,706.31,706.31,0
1750873740,706.33,706.33,706.32,706.33,2
1750873745,706.33,706.33,706.32,706.33,0
1750873750,706.33,706.33,706.32,706.33,0
1750873755,706.33,706.33,706.32,706.33,0
1750873760,706.31,706.35,706.3,706.35,13
1750873765,706.35,706.35,706.35,706.35,2
1750873770,706.28,706.28,706.28,706.28,2
1750873775,706.3,706.34,706.3,706.34,5
1750873780,706.33,706.36,706.33,706.36,5
1750873785,706.35,706.35,706.33,706.33,5
1750873790,706.34,706.34,706.34,706.34,5
1750873795,706.32,706.32,706.24,706.24,10
1750873800,706.24,706.25,706.24,706.24,0
1750873805,706.24,706.25,706.24,706.24,0
1750873810,706.36,706.39,706.36,706.39,11
1750873815,706.49,706.5,706.48,706.5,186
1750873820,706.5,706.53,706.49,706.49,26
1750873825,706.6,706.6,706.49,706.49,299
1750873830,706.46,706.56,706.45,706.53,10
1750873835,706.53,706.53,706.53,706.53,2
1750873840,706.53,706.53,706.53,706.53,0
1750873845,706.33,706.62,706.33,706.61,15
1750873850,706.57,706.57,706.56,706.57,6
1750873855,706.53,706.63,706.53,706.62,13
1750873860,706.72,706.73,706.63,706.72,33
1750873865,706.72,706.72,706.72,706.72,0
1750873870,706.84,706.84,706.84,706.84,2
1750873875,706.79,706.8,706.6,706.6,96
1750873880,706.73,706.73,706.72,706.72,7
1750873885,706.82,706.83,706.82,706.82,8
1750873890,706.68,706.69,706.68,706.68,2
1750873895,706.68,706.69,706.68,706.68,0
1750873900,706.68,706.69,706.68,706.68,0
1750873905,706.68,706.68,706.64,706.64,5
1750873910,706.66,706.68,706.62,706.68,33
1750873915,706.68,706.68,706.68,706.68,0
1750873920,706.64,706.65,706.64,706.64,3
1750873925,706.64,706.65,706.64,706.64,0
1750873930,706.64,706.65,706.64,706.64,0
1750873935,706.64,706.65,706.64,706.64,0
1750873940,706.64,706.65,706.64,706.64,0
1750873945,706.64,706.64,706.64,706.64,5
1750873950,706.64,706.64,706.64,706.64,0
1750873955,706.64,706.64,706.64,706.64,0
1750873960,706.66,706.67,706.65,706.65,11
1750873965,706.65,706.66,706.65,706.65,0
1750873970,706.54,706.54,706.53,706.54,7
1750873975,706.63,706.63,706.62,706.63,3
1750873980,706.54,706.54,706.43,706.49,24
1750873985,706.49,706.49,706.49,706.49,0
1750873990,706.44,706.5,706.43,706.43,32
1750873995,706.33,706.35,706.29,706.35,42
1750874000,706.29,706.29,706.25,706.25,35
1750874005,706.2,706.24,706.15,706.15,28
1750874010,706.19,706.2,706.19,706.2,9
1750874015,706.2,706.28,706.19,706.24,10
1750874020,706.2,706.25,706.19,706.2,10
1750874025,706.14,706.21,706.14,706.21,18
1750874030,706.17,706.18,706.15,706.15,25
1750874035,706.24,706.29,706.16,706.17,20
1750874040,706.16,706.16,706.0,706.0,62
1750874045,706.07,706.07,706.06,706.07,2
1750874050,705.89,706.07,705.88,706.07,18
1750874055,706.07,706.07,706.07,706.07,0
1750874060,706.07,706.07,706.07,706.07,0
1750874065,706.15,706.26,706.11,706.19,69
1750874070,706.13,706.15,706.12,706.15,17
1750874075,706.12,706.12,706.06,706.06,20
1750874080,706.12,706.3,706.1,706.1,12
1750874085,706.1,706.1,706.1,706.1,0
1750874090,706.18,706.18,706.17,706.17,5
1750874095,706.15,706.15,706.15,706.15,7
1750874100,706.07,706.17,706.07,706.15,7
1750874105,706.22,706.22,706.21,706.22,5
1750874110,706.23,706.23,706.19,706.2,5
1750874115,706.2,706.2,706.19,706.2,0
1750874120,706.14,706.19,706.13,706.19,10
1750874125,706.19,706.27,706.18,706.2,60
1750874130,706.2,706.2,706.19,706.2,2
1750874135,706.2,706.2,706.19,706.2,5
1750874140,706.19,706.19,706.16,706.16,7
1750874145,706.1,706.11,706.08,706.1,101
1750874150,706.11,706.11,706.05,706.06,15
1750874155,706.01,706.15,706.0,706.05,261
1750874160,706.02,706.17,706.02,706.17,32
1750874165,705.96,706.14,705.96,706.13,50
1750874170,706.06,706.09,706.06,706.09,6
1750874175,706.2,706.27,706.16,706.27,14
1750874180,706.09,706.1,706.09,706.09,3
1750874185,706.09,706.1,706.09,706.09,0
1750874190,706.26,706.26,706.26,706.26,6
1750874195,706.18,706.18,706.18,706.18,2
1750874200,706.23,706.27,706.22,706.25,13
1750874205,706.25,706.3,706.24,706.3,12
1750874210,706.28,706.28,706.25,706.25,5
1750874215,706.31,706.33,706.3,706.33,12
1750874220,706.35,706.35,706.17,706.18,19
1750874225,706.26,706.26,706.22,706.23,6
1750874230,706.18,706.18,706.18,706.18,2
1750874235,706.12,706.12,706.08,706.08,7
1750874240,706.04,706.04,706.03,706.04,2
1750874245,705.99,705.99,705.99,705.99,2
1750874250,705.9,705.96,705.88,705.96,9
1750874255,705.86,706.01,705.84,705.84,35
1750874260,705.97,705.97,705.81,705.81,5
1750874265,705.81,705.81,705.81,705.81,0
1750874270,705.95,706.08,705.95,706.08,15
1750874275,706.05,706.13,706.04,706.12,17
1750874280,706.04,706.04,706.04,706.04,5
1750874285,706.04,706.04,706.04,706.04,0
1750874290,705.93,705.93,705.82,705.93,20
1750874295,705.93,705.93,705.93,705.93,2
1750874300,705.92,705.92,705.91,705.92,5
1750874305,705.91,705.91,705.9,705.91,4
1750874310,705.83,705.91,705.71,705.9,31
1750874315,705.72,705.74,705.6,705.67,31
1750874320,705.7,705.82,705.67,705.77,41
1750874325,705.78,705.92,705.76,705.77,38
1750874330,705.73,705.8,705.73,705.76,33
1750874335,705.68,705.73,705.67,705.73,11
1750874340,705.76,705.77,705.63,705.63,17
1750874345,705.6,705.72,705.6,705.63,25
1750874350,705.63,705.63,705.38,705.52,58
1750874355,705.51,705.58,705.39,705.58,22
1750874360,705.58,705.7,705.57,705.62,100
1750874365,705.7,705.7,705.61,705.62,25
1750874370,705.62,705.62,705.61,705.62,0
1750874375,705.62,705.62,705.61,705.62,5
1750874380,705.6,705.67,705.48,705.67,20
1750874385,705.74,705.76,705.68,705.68,47
1750874390,705.62,705.68,705.61,705.68,13
1750874395,705.67,705.67,705.67,705.67,5
1750874400,705.8,705.8,705.61,705.61,18
1750874405,705.73,705.76,705.73,705.75,33
1750874410,705.77,705.77,705.63,705.63,7
1750874415,705.71,705.79,705.61,705.73,161
1750874420,705.73,705.73,705.72,705.73,0
1750874425,705.7,705.7,705.69,705.7,12
1750874430,705.69,705.7,705.62,705.62,25
1750874435,705.64,705.66,705.64,705.65,58
1750874440,705.73,705.82,705.72,705.75,58
1750874445,705.79,705.88,705.7,705.76,23
1750874450,705.74,705.74,705.61,705.61,70
1750874455,705.6,705.6,705.6,705.6,2
1750874460,705.68,705.69,705.68,705.69,8
1750874465,705.65,705.77,705.65,705.67,11
1750874470,705.68,705.71,705.66,705.66,52
1750874475,705.65,705.77,705.65,705.67,20
1750874480,705.67,705.67,705.66,705.67,0
1750874485,705.66,705.66,705.66,705.66,5
1750874490,705.75,705.86,705.73,705.79,27
1750874495,705.8,705.91,705.78,705.85,22
1750874500,705.97,706.06,705.91,706.0,417
1750874505,705.96,705.96,705.94,705.95,7
1750874510,705.86,705.86,705.85,705.86,2
1750874515,705.92,705.92,705.91,705.92,10
1750874520,705.79,705.92,705.79,705.92,7
1750874525,705.92,705.92,705.92,705.92,0
1750874530,705.74,705.74,705.69,705.69,8
1750874535,705.69,705.69,705.69,705.69,0
1750874540,705.75,705.75,705.75,705.75,2
1750874545,705.75,705.75,705.75,705.75,0
1750874550,705.75,705.75,705.75,705.75,0
1750874555,705.74,705.74,705.74,705.74,2
1750874560,705.74,705.74,705.74,705.74,0
1750874565,705.69,705.69,705.62,705.62,5
1750874570,705.74,705.74,705.72,705.74,7
1750874575,705.82,705.82,705.82,705.82,2
1750874580,705.9,706.0,705.86,705.91,30
1750874585,705.91,705.91,705.91,705.91,3
1750874590,705.9,705.9,705.7,705.82,12
1750874595,705.76,705.78,705.76,705.77,6
1750874600,705.88,705.88,705.88,705.88,3
1750874605,705.81,705.84,705.76,705.78,17
1750874610,705.78,705.78,705.78,705.78,0
1750874615,705.78,705.8,705.78,705.8,5
1750874620,705.84,705.84,705.77,705.78,17
1750874625,705.78,705.78,705.78,705.78,2
1750874630,705.78,705.78,705.78,705.78,0
1750874635,705.82,705.83,705.82,705.82,75
1750874640,705.98,706.03,705.9,705.92,16
1750874645,705.97,705.97,705.97,705.97,2
1750874650,706.03,706.05,706.03,706.03,16
1750874655,706.05,706.12,706.04,706.12,23
1750874660,705.99,706.06,705.97,706.06,15
1750874665,706.06,706.06,705.94,705.94,20
1750874670,705.94,705.94,705.94,705.94,0
1750874675,705.99,705.99,705.97,705.99,50
1750874680,705.99,705.99,705.98,705.99,0
1750874685,706.0,706.0,706.0,706.0,3
1750874690,706.0,706.0,706.0,706.0,0
1750874695,706.14,706.15,706.07,706.07,24
1750874700,706.14,706.14,706.11,706.11,7
1750874705,706.1,706.1,706.09,706.1,3
1750874710,706.1,706.1,706.09,706.1,5
1750874715,706.09,706.11,706.04,706.05,25
1750874720,706.0,706.05,705.95,706.02,32
1750874725,706.02,706.02,706.02,706.02,0
1750874730,706.0,706.0,706.0,706.0,3
1750874735,705.98,705.98,705.98,705.98,2
1750874740,705.98,705.98,705.98,705.98,0
1750874745,705.98,705.98,705.98,705.98,0
1750874750,706.03,706.08,705.9,705.9,38
1750874755,705.9,705.9,705.86,705.86,5
1750874760,705.77,705.77,705.77,705.77,2
1750874765,705.79,705.79,705.79,705.79,2
1750874770,705.79,705.79,705.79,705.79,0
1750874775,705.79,705.79,705.79,705.79,0
1750874780,705.92,705.92,705.92,705.92,2
1750874785,705.86,705.87,705.86,705.86,2
1750874790,705.86,705.92,705.86,705.92,6
1750874795,705.92,705.92,705.91,705.92,2
1750874800,705.92,705.92,705.91,705.92,0
1750874805,705.92,705.92,705.91,705.92,0
1750874810,706.02,706.03,705.9,705.93,70
1750874815,705.79,705.79,705.67,705.75,15
1750874820,705.72,705.85,705.72,705.75,27
1750874825,705.81,705.89,705.81,705.88,10
1750874830,705.88,705.89,705.88,705.88,0
1750874835,705.85,705.85,705.85,705.85,2
1750874840,705.8,705.81,705.8,705.8,5
1750874845,705.9,705.9,705.9,705.9,6
1750874850,705.9,705.9,705.9,705.9,5
1750874855,705.9,705.9,705.9,705.9,0
1750874860,705.9,705.9,705.89,705.89,5
1750874865,705.89,705.89,705.89,705.89,2
1750874870,705.91,705.91,705.91,705.91,5
1750874875,705.95,705.95,705.95,705.95,5
1750874880,705.89,705.89,705.89,705.89,5
1750874885,705.74,705.74,705.74,705.74,2
1750874890,705.74,705.74,705.74,705.74,0
1750874895,705.75,705.75,705.72,705.73,17
1750874900,705.5,705.65,705.5,705.57,12
1750874905,705.63,705.63,705.54,705.54,8
1750874910,705.64,705.64,705.64,705.64,2
1750874915,705.63,705.63,705.63,705.63,2
1750874920,705.6,705.6,705.6,705.6,2
1750874925,705.62,705.62,705.61,705.62,3
1750874930,705.45,705.45,705.45,705.45,5
1750874935,705.61,705.61,705.48,705.48,7
1750874940,705.61,705.68,705.61,705.63,7
1750874945,705.6,705.6,705.6,705.6,2
1750874950,705.66,705.66,705.66,705.66,2
1750874955,705.68,705.68,705.58,705.59,10
1750874960,705.67,705.72,705.67,705.71,12
1750874965,705.71,705.71,705.7,705.71,0
1750874970,705.63,705.64,705.62,705.64,8
1750874975,705.63,705.63,705.63,705.63,2
1750874980,705.52,705.53,705.52,705.52,20
1750874985,705.52,705.53,705.52,705.52,0
1750874990,705.63,705.63,705.62,705.63,5
1750874995,705.72,705.73,705.72,705.73,5
1750875000,705.68,705.68,705.63,705.63,15
1750875005,705.65,706.12,705.64,705.89,95
1750875010,706.05,706.54,706.05,706.54,75
1750875015,706.7,706.7,706.66,706.67,25
1750875020,706.67,706.67,706.5,706.54,25
1750875025,706.57,706.6,706.57,706.6,5
1750875030,706.6,706.6,706.6,706.6,0
1750875035,706.6,706.71,706.57,706.71,18
1750875040,706.73,706.73,706.72,706.73,18
1750875045,706.73,706.73,706.72,706.73,0
1750875050,706.74,706.74,706.64,706.73,15
1750875055,706.76,706.89,706.71,706.75,50
1750875060,706.75,706.86,706.75,706.78,36
1750875065,706.78,706.78,706.78,706.78,2
1750875070,706.78,706.79,706.7,706.79,25
1750875075,706.82,706.87,706.55,706.74,113
1750875080,706.73,706.78,706.73,706.73,7
1750875085,706.65,706.76,706.65,706.76,5
1750875090,706.76,706.76,706.76,706.76,0
1750875095,706.76,706.82,706.72,706.72,12
1750875100,706.64,706.69,706.64,706.68,15
1750875105,706.77,706.78,706.77,706.77,3
1750875110,706.77,706.78,706.77,706.77,0
1750875115,706.78,706.78,706.69,706.69,6
1750875120,706.78,706.8,706.65,706.8,17
1750875125,706.66,706.66,706.66,706.66,2
1750875130,706.7,706.7,706.5,706.5,13
1750875135,706.56,706.56,706.55,706.56,5
1750875140,706.41,706.41,706.41,706.41,5
1750875145,706.41,706.41,706.41,706.41,0
1750875150,706.47,706.7,706.47,706.7,28
1750875155,706.7,706.7,706.69,706.7,7
1750875160,706.74,706.74,706.64,706.64,5
1750875165,706.71,706.79,706.71,706.78,13
1750875170,706.78,706.79,706.78,706.78,0
1750875175,706.63,706.64,706.63,706.63,5
1750875180,706.63,706.64,706.63,706.63,0
1750875185,706.57,706.57,706.49,706.52,17
1750875190,706.52,706.75,706.52,706.71,54
1750875195,706.71,706.71,706.71,706.71,0
1750875200,706.71,706.71,706.71,706.71,0
1750875205,706.65,706.65,706.65,706.65,2
1750875210,706.72,706.72,706.72,706.72,10
1750875215,706.72,706.72,706.46,706.52,62
1750875220,706.54,706.54,706.54,706.54,2
1750875225,706.6,706.62,706.52,706.53,20
1750875230,706.45,706.46,706.45,706.45,7
1750875235,706.58,706.58,706.53,706.53,12
1750875240,706.53,706.53,706.53,706.53,0
1750875245,706.53,706.53,706.53,706.53,0
1750875250,706.53,706.53,706.53,706.53,0
1750875255,706.61,706.65,706.5,706.53,109
1750875260,706.46,706.46,706.42,706.42,10
1750875265,706.42,706.42,706.4,706.4,7
1750875270,706.46,706.47,706.42,706.42,27
1750875275,706.5,706.63,706.5,706.62,18
1750875280,706.63,706.63,706.52,706.58,13
1750875285,706.65,706.7,706.65,706.7,18
1750875290,706.59,706.59,706.59,706.59,4
1750875295,706.7,706.7,706.7,706.7,34
1750875300,706.63,706.64,706.59,706.6,10
1750875305,706.61,706.61,706.57,706.6,13
1750875310,706.7,706.9,706.67,706.78,66
1750875315,706.78,706.91,706.78,706.78,78
1750875320,706.85,706.91,706.84,706.9,12
1750875325,706.78,706.8,706.78,706.8,6
1750875330,706.8,706.8,706.79,706.79,5
1750875335,706.7,706.7,706.7,706.7,5
1750875340,706.78,706.79,706.78,706.78,2
1750875345,706.76,706.76,706.76,706.76,2
1750875350,706.65,706.82,706.56,706.82,75
1750875355,706.82,706.82,706.82,706.82,0
1750875360,706.62,706.62,706.62,706.62,2
1750875365,706.62,706.62,706.62,706.62,0
1750875370,706.63,706.76,706.63,706.76,15
1750875375,706.76,706.76,706.76,706.76,0
1750875380,706.76,706.76,706.76,706.76,0
1750875385,706.81,706.81,706.7,706.7,7
1750875390,706.82,706.82,706.74,706.78,7
1750875395,706.77,706.79,706.61,706.78,36
1750875400,706.74,706.75,706.74,706.74,5
1750875405,706.74,706.74,706.74,706.74,0
1750875410,706.7,706.89,706.7,706.89,10
1750875415,706.89,706.89,706.88,706.89,0
1750875420,706.89,706.89,706.88,706.89,0
1750875425,706.89,706.89,706.88,706.89,0
1750875430,706.43,706.45,706.43,706.45,5
1750875435,706.45,706.45,706.45,706.45,0
1750875440,706.45,706.45,706.45,706.45,0
1750875445,706.62,706.62,706.62,706.62,27
1750875450,706.61,706.61,706.61,706.61,2
1750875455,706.62,706.7,706.62,706.7,11
1750875460,706.7,706.7,706.7,706.7,0
1750875465,706.7,706.7,706.7,706.7,0
1750875470,706.7,706.7,706.7,706.7,0
1750875475,706.64,706.64,706.64,706.64,10
1750875480,706.64,706.64,706.64,706.64,3
1750875485,706.55,706.55,706.55,706.55,2
1750875490,706.55,706.55,706.55,706.55,0
1750875495,706.6,706.6,706.55,706.55,5
1750875500,706.56,706.56,706.56,706.56,5
1750875505,706.62,706.63,706.61,706.63,10
1750875510,706.86,706.86,706.82,706.82,10
1750875515,706.82,706.83,706.82,706.82,0
1750875520,706.82,706.83,706.82,706.82,0
1750875525,706.68,706.89,706.68,706.78,15
1750875530,706.77,706.9,706.77,706.81,58
1750875535,706.81,706.81,706.81,706.81,12
1750875540,706.72,706.72,706.72,706.72,2
1750875545,706.72,706.72,706.72,706.72,0
1750875550,706.72,706.74,706.71,706.74,15
1750875555,706.74,706.74,706.73,706.74,10
1750875560,706.73,706.76,706.62,706.75,31
1750875565,706.75,706.76,706.75,706.75,0
1750875570,706.75,706.75,706.67,706.67,7
1750875575,706.67,706.67,706.67,706.67,0
1750875580,706.67,706.67,706.67,706.67,0
1750875585,706.67,706.67,706.67,706.67,0
1750875590,706.67,706.67,706.67,706.67,0
1750875595,706.89,706.95,706.83,706.95,56
1750875600,706.95,706.95,706.95,706.95,0
1750875605,706.87,707.0,706.84,706.86,79
1750875610,706.86,706.86,706.85,706.86,0
1750875615,706.99,707.2,706.96,707.2,70
1750875620,707.23,707.3,707.17,707.26,45
1750875625,707.24,707.24,707.22,707.22,17
1750875630,707.1,707.17,707.1,707.17,6
1750875635,707.35,707.35,707.34,707.35,25
1750875640,707.17,707.17,707.17,707.17,2
1750875645,707.16,707.16,707.15,707.16,5
1750875650,707.16,707.16,707.15,707.16,0
1750875655,707.16,707.16,707.15,707.16,0
1750875660,707.28,707.29,707.28,707.28,2
1750875665,707.28,707.46,707.28,707.46,13
1750875670,707.57,707.57,707.35,707.39,35
1750875675,707.48,707.57,707.48,707.54,34
1750875680,707.48,707.56,707.39,707.56,26
1750875685,707.48,707.5,707.47,707.5,10
1750875690,707.53,707.54,707.48,707.48,18
1750875695,707.48,707.57,707.48,707.57,12
1750875700,707.39,707.44,707.37,707.37,20
1750875705,707.4,707.4,707.37,707.4,16
1750875710,707.4,707.4,707.4,707.4,36
1750875715,707.44,707.44,707.43,707.43,15
1750875720,707.44,707.44,707.44,707.44,5
1750875725,707.44,707.44,707.43,707.44,9
1750875730,707.43,707.43,707.43,707.43,2
1750875735,707.47,707.57,707.46,707.54,72
1750875740,707.57,707.57,707.47,707.47,15
1750875745,707.47,707.47,707.47,707.47,2
1750875750,707.47,707.47,707.47,707.47,0
1750875755,707.57,707.57,707.47,707.47,13
1750875760,707.49,707.49,707.48,707.49,2
1750875765,707.57,707.57,707.56,707.57,2
1750875770,707.5,707.56,707.49,707.56,10
1750875775,707.56,707.57,707.44,707.56,12
1750875780,707.54,707.57,707.53,707.57,5
1750875785,707.51,707.57,707.51,707.56,37
1750875790,707.56,707.56,707.55,707.55,14
1750875795,707.6,707.6,707.56,707.6,12
1750875800,707.55,707.63,707.55,707.63,18
1750875805,707.58,707.6,707.52,707.58,43
1750875810,707.55,707.6,707.55,707.6,12
1750875815,707.6,707.6,707.59,707.6,5
1750875820,707.54,707.79,707.52,707.78,79
1750875825,707.8,707.8,707.68,707.68,9
1750875830,707.75,707.86,707.75,707.83,67
1750875835,707.81,707.86,707.79,707.79,20
1750875840,707.82,707.86,707.79,707.81,61
1750875845,707.84,708.06,707.81,708.06,68
1750875850,707.89,707.89,707.89,707.89,5
1750875855,708.06,708.18,708.06,708.15,17
1750875860,708.1,708.19,708.06,708.17,63
1750875865,708.15,708.24,708.07,708.08,65
1750875870,708.11,708.11,708.08,708.1,18
1750875875,708.09,708.09,707.91,708.02,47
1750875880,707.98,707.98,707.98,707.98,6
1750875885,707.98,707.98,707.98,707.98,3
1750875890,707.98,707.98,707.98,707.98,0
1750875895,708.0,708.0,708.0,708.0,2
1750875900,707.9,708.03,707.87,708.02,49
1750875905,707.9,707.96,707.9,707.93,7
1750875910,707.99,708.0,707.78,707.78,15
1750875915,707.74,707.93,707.63,707.93,26
1750875920,707.81,707.93,707.81,707.93,10
1750875925,707.83,707.99,707.83,707.99,5
1750875930,707.99,707.99,707.99,707.99,0
1750875935,707.83,708.0,707.83,708.0,20
1750875940,707.72,707.72,707.71,707.72,2
1750875945,707.83,707.83,707.83,707.83,3
1750875950,707.87,707.9,707.86,707.9,30
1750875955,707.9,707.9,707.9,707.9,2
1750875960,707.91,707.93,707.83,707.93,27
1750875965,707.85,707.85,707.84,707.85,10
1750875970,707.85,707.85,707.85,707.85,6
1750875975,707.88,707.89,707.88,707.88,2
1750875980,708.0,708.0,708.0,708.0,5
1750875985,708.0,708.0,707.99,707.99,5
1750875990,707.99,707.99,707.99,707.99,2
1750875995,708.1,708.14,708.1,708.13,14
1750876000,708.13,708.13,708.13,708.13,0
1750876005,708.03,708.1,708.03,708.08,7
1750876010,708.08,708.08,708.08,708.08,0
1750876015,708.02,708.02,708.02,708.02,2
1750876020,708.06,708.08,708.06,708.08,5
1750876025,708.09,708.15,708.05,708.14,25
1750876030,708.09,708.15,708.09,708.15,14
1750876035,708.13,708.13,708.09,708.1,22
1750876040,708.09,708.14,708.09,708.13,25
1750876045,708.16,708.16,708.15,708.16,3
1750876050,708.08,708.12,708.08,708.11,5
1750876055,708.12,708.24,708.12,708.24,18
1750876060,708.13,708.13,708.1,708.11,14
1750876065,708.17,708.17,708.13,708.13,12
1750876070,708.13,708.2,708.08,708.08,30
1750876075,708.1,708.1,708.09,708.09,5
1750876080,708.16,708.16,707.99,708.04,27
1750876085,708.04,708.04,708.03,708.04,0
1750876090,708.04,708.04,708.04,708.04,2
1750876095,707.95,708.04,707.95,708.04,5
1750876100,708.04,708.04,708.04,708.04,2
1750876105,708.04,708.04,708.04,708.04,0
1750876110,708.12,708.12,708.1,708.1,5
1750876115,708.04,708.04,708.04,708.04,12
1750876120,708.01,708.13,708.01,708.13,14
1750876125,708.12,708.15,708.09,708.14,7
1750876130,708.14,708.15,708.14,708.14,0
1750876135,708.14,708.15,708.14,708.14,0
1750876140,708.13,708.13,708.13,708.13,2
1750876145,708.17,708.17,708.17,708.17,5
1750876150,708.19,708.2,708.19,708.2,14
1750876155,708.23,708.24,708.14,708.15,28
1750876160,708.05,708.05,707.89,707.89,18
1750876165,707.88,707.88,707.86,707.86,5
1750876170,707.96,707.96,707.95,707.96,5
1750876175,707.8,707.89,707.7,707.7,30
1750876180,707.78,707.78,707.73,707.73,7
1750876185,707.73,707.73,707.73,707.73,0
1750876190,707.79,707.8,707.79,707.79,3
1750876195,707.83,707.86,707.79,707.79,17
1750876200,707.8,707.86,707.76,707.86,16
1750876205,707.75,707.75,707.74,707.75,5
1750876210,707.71,707.71,707.7,707.71,2
1750876215,707.72,707.73,707.72,707.72,2
1750876220,707.72,707.72,707.72,707.72,2
1750876225,707.69,707.74,707.69,707.74,17
1750876230,707.68,707.68,707.61,707.61,13
1750876235,707.55,707.59,707.54,707.54,16
1750876240,707.63,707.65,707.52,707.6,80
1750876245,707.6,707.6,707.6,707.6,8
1750876250,707.55,707.55,707.37,707.52,25
1750876255,707.48,707.62,707.37,707.62,51
1750876260,707.51,707.52,707.36,707.36,8
1750876265,707.31,707.37,707.31,707.37,10
1750876270,707.38,707.38,707.29,707.34,10
1750876275,707.23,707.36,707.23,707.36,15
1750876280,707.48,707.52,707.32,707.32,45
1750876285,707.32,707.32,707.32,707.32,0
1750876290,707.46,707.57,707.45,707.57,25
1750876295,707.55,707.65,707.54,707.65,50
1750876300,707.58,707.58,707.58,707.58,2
1750876305,707.6,707.6,707.6,707.6,10
1750876310,707.56,707.56,707.56,707.56,5
1750876315,707.55,707.55,707.55,707.55,2
1750876320,707.56,707.57,707.56,707.56,4
1750876325,707.56,707.64,707.56,707.56,43
1750876330,707.57,707.61,707.56,707.61,6
1750876335,707.56,707.6,707.56,707.56,32
1750876340,707.56,707.56,707.56,707.56,0
1750876345,707.5,707.51,707.5,707.5,3
1750876350,707.5,707.51,707.5,707.5,0
1750876355,707.5,707.51,707.5,707.5,0
1750876360,707.38,707.53,707.35,707.53,22
1750876365,707.54,707.54,707.53,707.54,5
1750876370,707.57,707.6,707.56,707.57,24
1750876375,707.59,707.59,707.58,707.58,10
1750876380,707.56,707.56,707.55,707.56,2
1750876385,707.56,707.56,707.55,707.56,0
1750876390,707.56,707.56,707.55,707.56,0
1750876395,707.56,707.56,707.42,707.42,23
1750876400,707.46,707.47,707.45,707.45,7
1750876405,707.47,707.47,707.41,707.41,7
1750876410,707.55,707.91,707.55,707.91,24
1750876415,707.66,707.77,707.66,707.67,10
1750876420,707.67,707.67,707.66,707.67,0
1750876425,707.95,707.95,707.95,707.95,2
1750876430,707.84,707.93,707.84,707.93,27
1750876435,707.92,707.92,707.92,707.92,2
1750876440,707.89,707.89,707.89,707.89,5
1750876445,707.94,708.07,707.93,707.99,65
1750876450,707.85,707.93,707.84,707.92,25
1750876455,707.92,707.92,707.92,707.92,0
1750876460,707.98,707.99,707.98,707.98,5
1750876465,708.15,708.25,708.15,708.23,31
1750876470,708.18,708.24,708.13,708.24,10
1750876475,708.13,708.13,708.13,708.13,5
1750876480,708.16,708.19,708.16,708.19,10
1750876485,708.19,708.25,708.19,708.23,10
1750876490,708.19,708.19,708.18,708.19,6
1750876495,708.19,708.19,708.13,708.13,5
1750876500,708.19,708.19,708.13,708.14,10
1750876505,708.16,708.16,708.16,708.16,2
1750876510,708.16,708.16,708.16,708.16,0
1750876515,708.16,708.16,708.12,708.12,8
1750876520,708.14,708.17,708.06,708.06,15
1750876525,708.02,708.02,708.01,708.01,8
1750876530,708.06,708.06,707.96,708.01,13
1750876535,708.01,708.01,708.01,708.01,0
1750876540,708.01,708.09,707.97,708.09,17
1750876545,707.95,707.95,707.95,707.95,7
1750876550,707.85,708.05,707.85,708.05,11
1750876555,707.91,707.95,707.85,707.95,10
1750876560,707.85,707.85,707.85,707.85,2
1750876565,707.85,708.05,707.85,708.05,55
1750876570,707.85,707.85,707.85,707.85,4
1750876575,707.85,707.85,707.85,707.85,0
1750876580,707.95,707.96,707.95,707.95,12
1750876585,707.95,708.05,707.95,708.05,28
1750876590,707.95,707.95,707.93,707.93,15
1750876595,707.93,707.93,707.93,707.93,0
1750876600,707.93,707.93,707.93,707.93,0
1750876605,707.93,707.93,707.93,707.93,0
1750876610,707.93,707.93,707.93,707.93,0
1750876615,707.93,708.0,707.93,707.95,7
1750876620,707.99,707.99,707.98,707.99,2
1750876625,708.0,708.0,707.97,707.97,5
1750876630,707.97,707.97,707.97,707.97,0
1750876635,707.93,707.98,707.85,707.98,32
1750876640,707.87,707.87,707.86,707.87,5
1750876645,707.87,707.98,707.86,707.98,22
1750876650,707.87,707.87,707.87,707.87,2
1750876655,707.87,707.87,707.87,707.87,0
1750876660,707.87,707.87,707.87,707.87,0
1750876665,707.87,707.87,707.87,707.87,0
1750876670,707.76,707.76,707.76,707.76,2
1750876675,707.76,707.76,707.76,707.76,0
1750876680,707.76,707.76,707.76,707.76,0
1750876685,707.76,707.76,707.76,707.76,0
1750876690,707.81,707.81,707.8,707.81,2
1750876695,707.81,707.81,707.8,707.81,0
1750876700,707.66,707.66,707.66,707.66,5
1750876705,707.66,707.66,707.66,707.66,0
1750876710,707.79,707.79,707.75,707.75,9
1750876715,707.75,707.75,707.75,707.75,0
1750876720,707.76,707.86,707.76,707.86,17
1750876725,707.86,707.86,707.86,707.86,0
1750876730,708.05,708.05,708.05,708.05,10
1750876735,708.05,708.05,708.05,708.05,0
1750876740,708.02,708.02,708.02,708.02,2
1750876745,708.02,708.02,708.02,708.02,0
1750876750,708.05,708.06,708.05,708.05,25
1750876755,707.97,707.97,707.77,707.83,17
1750876760,707.83,707.83,707.83,707.83,0
1750876765,707.83,707.83,707.83,707.83,0
1750876770,707.71,707.71,707.71,707.71,2
1750876775,708.04,708.04,707.7,707.71,23
1750876780,707.71,707.71,707.7,707.71,0
1750876785,707.75,707.77,707.73,707.75,23
1750876790,707.71,707.8,707.7,707.8,45
1750876795,707.75,707.75,707.75,707.75,2
1750876800,707.75,707.75,707.7,707.7,5
1750876805,707.77,707.85,707.77,707.84,91
1750876810,707.77,707.77,707.77,707.77,2
1750876815,707.76,707.76,707.69,707.69,5
1750876820,707.63,707.72,707.63,707.72,10
1750876825,707.77,707.77,707.77,707.77,2
1750876830,707.79,707.83,707.78,707.83,58
1750876835,707.82,707.82,707.71,707.72,12
1750876840,707.66,707.66,707.66,707.66,2
1750876845,707.66,707.66,707.66,707.66,0
1750876850,707.66,707.66,707.66,707.66,0
1750876855,707.78,707.87,707.78,707.87,7
1750876860,707.78,707.82,707.68,707.68,7
1750876865,707.68,707.68,707.68,707.68,0
1750876870,707.68,707.68,707.68,707.68,0
1750876875,707.68,707.68,707.68,707.68,0
1750876880,707.85,707.87,707.85,707.87,7
1750876885,707.87,707.87,707.87,707.87,0
1750876890,707.97,708.06,707.97,708.06,58
1750876895,708.06,708.07,708.06,708.06,43
1750876900,708.06,708.15,708.06,708.06,10
1750876905,708.06,708.06,708.06,708.06,2
1750876910,708.06,708.06,708.06,708.06,2
1750876915,708.0,708.14,708.0,708.13,12
1750876920,708.05,708.05,708.01,708.01,5
1750876925,708.07,708.07,708.06,708.07,12
1750876930,708.07,708.07,708.06,708.07,0
1750876935,708.01,708.01,708.01,708.01,2
1750876940,708.01,708.01,708.01,708.01,0
1750876945,708.01,708.01,708.01,708.01,0
1750876950,707.99,707.99,707.98,707.99,2
1750876955,707.86,707.86,707.86,707.86,2
1750876960,707.86,707.86,707.86,707.86,0
1750876965,707.86,707.86,707.86,707.86,0
1750876970,707.86,707.86,707.86,707.86,0
1750876975,707.97,707.97,707.97,707.97,5
1750876980,707.97,707.97,707.97,707.97,0
1750876985,707.97,707.97,707.97,707.97,0
1750876990,707.97,707.97,707.97,707.97,0
1750876995,707.76,707.85,707.72,707.72,13
1750877000,707.72,707.72,707.72,707.72,0
1750877005,707.75,707.76,707.75,707.75,12
1750877010,707.74,707.78,707.66,707.71,44
1750877015,707.71,707.71,707.71,707.71,0
1750877020,707.78,707.78,707.78,707.78,2
1750877025,707.75,707.76,707.75,707.75,2
1750877030,707.75,707.76,707.75,707.75,0
1750877035,707.77,707.77,707.76,707.77,7
1750877040,707.7,707.73,707.7,707.73,17
1750877045,707.73,707.73,707.73,707.73,2
1750877050,707.73,707.73,707.73,707.73,0
1750877055,707.71,707.71,707.71,707.71,2
1750877060,707.76,707.77,707.76,707.76,3
1750877065,707.74,707.74,707.65,707.65,7
1750877070,707.6,707.7,707.21,707.34,128
1750877075,707.38,707.38,707.3,707.38,10
1750877080,707.31,707.38,707.31,707.37,8
1750877085,707.38,707.38,707.38,707.38,2
1750877090,707.43,707.47,707.35,707.36,22
1750877095,707.33,707.33,707.32,707.33,15
1750877100,707.46,707.46,707.46,707.46,5
1750877105,707.46,707.46,707.46,707.46,0
1750877110,707.36,707.36,707.36,707.36,2
1750877115,707.36,707.36,707.36,707.36,0
1750877120,707.42,707.42,707.36,707.36,5
1750877125,707.45,707.5,707.45,707.5,12
1750877130,707.47,707.47,707.45,707.47,9
1750877135,707.47,707.55,707.47,707.55,8
1750877140,707.52,707.53,707.52,707.53,7
1750877145,707.46,707.46,707.46,707.46,2
1750877150,707.54,707.54,707.53,707.54,17
1750877155,707.53,707.53,707.53,707.53,2
1750877160,707.53,707.53,707.53,707.53,0
1750877165,707.53,707.53,707.53,707.53,0
1750877170,707.36,707.36,707.36,707.36,2
1750877175,707.35,707.35,707.35,707.35,2
1750877180,707.35,707.35,707.35,707.35,0
1750877185,707.48,707.48,707.47,707.48,3
1750877190,707.4,707.4,707.4,707.4,2
1750877195,707.25,707.4,707.25,707.39,7
1750877200,707.37,707.37,707.36,707.37,6
1750877205,707.39,707.39,707.39,707.39,5
1750877210,707.39,707.39,707.39,707.39,5
1750877215,707.39,707.39,707.39,707.39,0
1750877220,707.39,707.39,707.39,707.39,0
1750877225,707.37,707.37,707.37,707.37,2
1750877230,707.38,707.38,707.37,707.38,2
1750877235,707.37,707.37,707.36,707.37,8
1750877240,707.39,707.39,707.2,707.2,20
1750877245,707.2,707.2,707.2,707.2,0
1750877250,707.2,707.2,707.2,707.2,0
1750877255,707.32,707.32,707.32,707.32,6
1750877260,707.32,707.32,707.32,707.32,0
1750877265,707.26,707.26,707.25,707.26,3
1750877270,707.23,707.23,707.15,707.15,22
1750877275,707.15,707.15,707.15,707.15,0
1750877280,707.15,707.15,707.15,707.15,0
1750877285,707.15,707.15,707.15,707.15,0
1750877290,707.24,707.24,707.23,707.23,6
1750877295,707.19,707.19,707.07,707.08,36
1750877300,707.07,707.1,707.01,707.01,24
1750877305,707.01,707.01,707.01,707.01,0
1750877310,707.06,707.07,707.05,707.05,18
1750877315,707.05,707.05,707.05,707.05,0
1750877320,707.07,707.11,707.06,707.11,10
1750877325,707.04,707.24,707.04,707.14,69
1750877330,707.18,707.19,707.13,707.13,16
1750877335,707.2,707.2,707.13,707.14,10
1750877340,707.11,707.11,707.11,707.11,3
1750877345,707.11,707.11,707.11,707.11,0
1750877350,707.18,707.18,707.17,707.18,57
1750877355,707.18,707.18,707.17,707.18,25
1750877360,707.18,707.18,707.17,707.18,0
1750877365,707.24,707.24,707.23,707.24,5
1750877370,707.29,707.31,707.29,707.31,5
1750877375,707.31,707.31,707.3,707.31,5
1750877380,707.31,707.31,707.3,707.31,0
1750877385,707.31,707.31,707.3,707.31,0
1750877390,707.37,707.37,707.36,707.36,5
1750877395,707.33,707.33,707.33,707.33,2
1750877400,707.24,707.24,707.23,707.24,15
1750877405,707.24,707.24,707.24,707.24,0
1750877410,707.37,707.37,707.36,707.37,8
1750877415,707.27,707.38,707.27,707.38,11
1750877420,707.38,707.38,707.38,707.38,0
1750877425,707.38,707.38,707.38,707.38,0
1750877430,707.45,707.5,707.4,707.48,32
1750877435,707.48,707.48,707.47,707.48,0
1750877440,707.48,707.48,707.47,707.48,0
1750877445,707.48,707.48,707.47,707.48,0
1750877450,707.28,707.47,707.28,707.47,20
1750877455,707.39,707.39,707.28,707.28,23
1750877460,707.28,707.29,707.28,707.28,0
1750877465,707.47,707.47,707.47,707.47,3
1750877470,707.54,707.54,707.47,707.47,18
1750877475,707.43,707.43,707.42,707.43,2
1750877480,707.43,707.43,707.42,707.43,0
1750877485,707.4,707.4,707.4,707.4,2
1750877490,707.4,707.4,707.4,707.4,0
1750877495,707.4,707.4,707.4,707.4,0
1750877500,707.3,707.31,707.3,707.31,5
1750877505,707.33,707.33,707.33,707.33,2
1750877510,707.4,707.4,707.35,707.35,12
1750877515,707.35,707.35,707.35,707.35,0
1750877520,707.35,707.35,707.35,707.35,5
1750877525,707.35,707.35,707.35,707.35,0
1750877530,707.35,707.35,707.35,707.35,0
1750877535,707.42,707.42,707.42,707.42,2
1750877540,707.42,707.42,707.42,707.42,0
1750877545,707.42,707.42,707.42,707.42,0
1750877550,707.31,707.41,707.31,707.4,7
1750877555,707.4,707.41,707.4,707.4,0
1750877560,707.4,707.41,707.4,707.4,0
1750877565,707.4,707.41,707.4,707.4,0
1750877570,707.4,707.41,707.4,707.4,0
1750877575,707.4,707.41,707.4,707.4,0
1750877580,707.38,707.38,707.37,707.38,2
1750877585,707.37,707.37,707.37,707.37,2
1750877590,707.38,707.38,707.38,707.38,2
1750877595,707.38,707.38,707.37,707.38,2
1750877600,707.38,707.38,707.37,707.38,0
1750877605,707.47,707.49,707.47,707.49,10
1750877610,707.5,707.54,707.5,707.54,64
1750877615,707.5,707.5,707.5,707.5,2
1750877620,707.5,707.5,707.5,707.5,2
1750877625,707.5,707.5,707.49,707.5,7
1750877630,707.53,707.53,707.53,707.53,2
1750877635,707.45,707.45,707.45,707.45,5
1750877640,707.38,707.38,707.38,707.38,2
1750877645,707.38,707.38,707.38,707.38,0
1750877650,707.54,707.54,707.54,707.54,25
1750877655,707.31,707.31,707.31,707.31,2
1750877660,707.36,707.5,707.36,707.49,32
1750877665,707.41,707.45,707.39,707.45,12
1750877670,707.53,707.53,707.53,707.53,2
1750877675,707.54,707.54,707.53,707.53,5
1750877680,707.72,707.72,707.61,707.61,9
1750877685,707.61,707.62,707.61,707.61,0
1750877690,707.61,707.61,707.6,707.6,5
1750877695,707.63,707.65,707.55,707.55,10
1750877700,707.63,707.71,707.63,707.71,8
1750877705,707.71,707.71,707.71,707.71,0
1750877710,707.61,707.61,707.6,707.61,26
1750877715,707.52,707.52,707.52,707.52,2
1750877720,707.52,707.52,707.52,707.52,0
1750877725,707.55,707.69,707.55,707.69,15
1750877730,707.59,707.59,707.58,707.59,2
1750877735,707.59,707.74,707.58,707.71,10
1750877740,707.61,707.71,707.6,707.71,8
1750877745,707.73,707.73,707.73,707.73,2
1750877750,707.59,707.81,707.58,707.81,15
1750877755,707.81,707.81,707.81,707.81,0
1750877760,707.81,707.81,707.81,707.81,0
1750877765,707.81,707.81,707.81,707.81,0
1750877770,707.81,707.81,707.81,707.81,0
1750877775,707.8,707.8,707.8,707.8,2
1750877780,707.85,707.85,707.82,707.82,5
1750877785,707.94,707.95,707.94,707.95,5
1750877790,707.93,707.97,707.85,707.9,28
1750877795,707.9,707.9,707.9,707.9,0
1750877800,707.9,707.9,707.9,707.9,0
1750877805,707.9,707.9,707.9,707.9,0
1750877810,707.83,707.83,707.79,707.79,10
1750877815,707.79,707.79,707.79,707.79,0
1750877820,707.83,707.83,707.82,707.83,3
1750877825,707.83,707.83,707.82,707.83,0
1750877830,707.76,707.76,707.76,707.76,2
1750877835,707.82,707.82,707.82,707.82,2
1750877840,707.82,707.82,707.72,707.72,7
1750877845,707.72,707.72,707.72,707.72,0
1750877850,707.78,707.78,707.77,707.77,5
1750877855,707.77,707.92,707.77,707.84,8
1750877860,707.86,707.86,707.86,707.86,2
1750877865,707.93,707.93,707.92,707.93,6
1750877870,707.99,707.99,707.94,707.94,18
1750877875,707.98,707.99,707.98,707.98,5
1750877880,707.98,708.03,707.98,708.03,14
1750877885,708.02,708.02,707.99,707.99,5
1750877890,707.85,707.85,707.85,707.85,5
1750877895,707.84,707.85,707.84,707.85,5
1750877900,707.83,707.9,707.79,707.9,7
1750877905,707.9,707.9,707.9,707.9,0
1750877910,707.9,707.9,707.9,707.9,0
1750877915,707.89,707.9,707.82,707.9,7
1750877920,707.89,707.89,707.85,707.86,5
1750877925,708.0,708.0,707.81,707.91,15
1750877930,707.85,707.91,707.85,707.91,5
1750877935,707.91,707.91,707.9,707.91,0
1750877940,707.88,707.88,707.87,707.88,2
1750877945,707.87,707.94,707.87,707.94,7
1750877950,707.94,707.94,707.93,707.94,0
1750877955,707.94,707.94,707.93,707.94,0
1750877960,707.94,707.94,707.93,707.94,0
1750877965,707.9,707.9,707.75,707.75,30
1750877970,707.85,707.86,707.7,707.7,10
1750877975,707.78,707.78,707.5,707.5,28
1750877980,707.53,707.56,707.44,707.44,16
1750877985,707.46,707.55,707.46,707.55,15
1750877990,707.55,707.55,707.55,707.55,3
1750877995,707.45,707.51,707.45,707.51,5
1750878000,707.59,707.66,707.58,707.62,7
1750878005,707.52,707.53,707.52,707.52,6
1750878010,707.5,707.52,707.5,707.52,7
1750878015,707.5,707.5,707.5,707.5,5
1750878020,707.5,707.62,707.5,707.62,18
1750878025,707.67,707.73,707.61,707.63,14
1750878030,707.72,707.72,707.6,707.61,44
1750878035,707.67,707.8,707.66,707.8,5
1750878040,707.72,707.73,707.72,707.72,5
1750878045,707.72,707.72,707.61,707.61,5
1750878050,707.73,707.73,707.73,707.73,2
1750878055,707.77,707.79,707.75,707.79,12
1750878060,707.73,707.73,707.73,707.73,12
1750878065,707.84,707.84,707.84,707.84,4
1750878070,707.84,707.84,707.84,707.84,0
1750878075,707.78,707.78,707.78,707.78,2
1750878080,707.79,707.79,707.78,707.78,6
1750878085,707.88,708.0,707.82,708.0,23
1750878090,708.02,708.07,707.94,708.03,46
1750878095,707.96,708.07,707.96,708.01,40
1750878100,707.99,708.02,707.98,707.98,28
1750878105,708.07,708.07,708.01,708.01,18
1750878110,708.0,708.0,707.83,707.83,15
1750878115,707.91,707.92,707.83,707.92,15
1750878120,707.86,707.92,707.84,707.92,30
1750878125,707.83,707.83,707.83,707.83,5
1750878130,707.93,707.94,707.93,707.93,4
1750878135,707.93,707.94,707.93,707.93,0
1750878140,707.67,707.83,707.67,707.83,5
1750878145,707.83,707.83,707.83,707.83,0
1750878150,707.92,707.92,707.83,707.83,5
1750878155,707.74,707.74,707.73,707.74,2
1750878160,707.92,707.92,707.91,707.91,12
1750878165,707.83,707.84,707.83,707.84,16
1750878170,707.88,707.88,707.87,707.88,2
1750878175,707.88,707.88,707.87,707.88,0
1750878180,707.9,707.9,707.86,707.86,10
1750878185,707.82,707.82,707.81,707.82,3
1750878190,707.82,707.82,707.81,707.82,0
1750878195,707.82,707.82,707.81,707.82,0
1750878200,707.87,707.87,707.87,707.87,2
1750878205,707.87,707.89,707.76,707.8,20
1750878210,707.83,707.83,707.83,707.83,2
1750878215,707.83,707.83,707.83,707.83,0
1750878220,707.83,707.83,707.83,707.83,0
1750878225,707.83,707.84,707.83,707.84,5
1750878230,707.84,707.84,707.84,707.84,2
1750878235,707.82,707.83,707.81,707.82,9
1750878240,707.82,707.83,707.82,707.82,0
1750878245,707.8,707.82,707.71,707.71,16
1750878250,707.83,707.84,707.72,707.73,31
1750878255,707.93,707.93,707.72,707.77,61
1750878260,707.85,707.85,707.85,707.85,8
1750878265,707.85,707.85,707.85,707.85,0
1750878270,707.86,707.89,707.79,707.79,7
1750878275,707.79,707.79,707.79,707.79,0
1750878280,707.84,707.93,707.84,707.93,5
1750878285,707.79,707.79,707.79,707.79,11
1750878290,707.79,707.79,707.79,707.79,2
1750878295,707.79,707.79,707.78,707.78,6
1750878300,707.79,707.79,707.79,707.79,42
1750878305,707.79,707.79,707.79,707.79,0
1750878310,707.79,707.79,707.79,707.79,0
1750878315,707.79,707.79,707.79,707.79,0
1750878320,707.88,707.88,707.86,707.86,6
1750878325,707.9,707.93,707.89,707.93,10
1750878330,707.97,707.97,707.96,707.97,2
1750878335,707.98,708.01,707.98,708.0,12
1750878340,708.01,708.05,708.01,708.03,33
1750878345,708.03,708.03,707.97,707.97,7
1750878350,707.92,707.99,707.92,707.99,14
1750878355,707.97,707.97,707.97,707.97,2
1750878360,708.04,708.04,708.0,708.0,6
1750878365,708.0,708.0,707.94,707.94,7
1750878370,707.94,707.94,707.94,707.94,0
1750878375,707.94,707.94,707.94,707.94,3
1750878380,708.01,708.02,708.01,708.02,5
1750878385,708.01,708.01,708.01,708.01,2
1750878390,708.01,708.01,707.9,707.98,26
1750878395,708.03,708.04,707.92,707.92,7
1750878400,707.92,707.92,707.92,707.92,0
1750878405,707.92,707.93,707.83,707.83,35
1750878410,707.84,707.9,707.81,707.89,10
1750878415,707.89,707.98,707.88,707.89,20
1750878420,707.89,707.89,707.89,707.89,2
1750878425,707.89,707.89,707.89,707.89,0
1750878430,707.9,707.9,707.89,707.9,3
1750878435,707.89,707.89,707.89,707.89,2
1750878440,707.88,707.95,707.83,707.95,14
1750878445,707.9,707.9,707.9,707.9,4
1750878450,707.86,707.86,707.86,707.86,2
1750878455,707.86,707.86,707.86,707.86,0
1750878460,707.86,707.86,707.86,707.86,0
1750878465,707.93,707.96,707.93,707.96,25
1750878470,707.94,707.94,707.86,707.86,5
1750878475,707.91,707.94,707.91,707.91,8
1750878480,707.9,707.99,707.9,707.97,41
1750878485,708.0,708.19,708.0,708.1,87
1750878490,708.1,708.58,708.1,708.45,181
1750878495,708.45,708.45,708.45,708.45,0
1750878500,708.42,708.66,708.42,708.66,31
1750878505,708.65,708.76,708.64,708.7,32
1750878510,708.77,708.88,708.73,708.87,66
1750878515,708.93,708.94,708.77,708.86,15
1750878520,708.86,708.86,708.86,708.86,12
1750878525,708.76,708.91,708.76,708.91,9
1750878530,708.77,708.77,708.76,708.77,5
1750878535,708.86,708.86,708.86,708.86,3
1750878540,708.75,708.83,708.75,708.79,20
1750878545,708.79,708.79,708.79,708.79,0
1750878550,708.79,708.8,708.79,708.8,12
1750878555,708.8,708.8,708.8,708.8,2
1750878560,708.82,708.82,708.71,708.74,41
1750878565,708.76,708.76,708.76,708.76,2
1750878570,708.74,708.87,708.74,708.8,35
1750878575,708.86,708.86,708.8,708.86,26
1750878580,708.86,708.86,708.71,708.71,27
1750878585,708.78,708.92,708.72,708.81,68
1750878590,708.71,708.77,708.71,708.76,5
1750878595,708.8,708.81,708.72,708.72,5
1750878600,708.77,708.78,708.61,708.65,22
1750878605,708.65,708.65,708.65,708.65,0
1750878610,708.86,708.97,708.86,708.97,21
1750878615,708.82,708.82,708.82,708.82,5
1750878620,708.89,709.0,708.89,709.0,118
1750878625,708.96,709.06,708.96,709.06,50
1750878630,709.01,709.02,709.01,709.01,2
1750878635,709.06,709.06,709.01,709.03,9
1750878640,709.08,709.08,709.07,709.08,5
1750878645,709.02,709.03,708.87,708.96,12
1750878650,709.02,709.03,708.84,708.84,12
1750878655,708.83,708.92,708.83,708.92,35
1750878660,708.89,709.0,708.89,708.92,117
1750878665,708.95,708.95,708.89,708.94,33
1750878670,708.89,708.94,708.88,708.94,10
1750878675,708.94,708.94,708.94,708.94,12
1750878680,708.94,708.94,708.89,708.9,10
1750878685,708.89,708.89,708.89,708.89,2
1750878690,708.79,708.89,708.7,708.89,29
1750878695,708.89,708.89,708.89,708.89,0
1750878700,708.89,708.89,708.89,708.89,0
1750878705,708.7,708.7,708.53,708.53,42
1750878710,708.68,708.68,708.62,708.62,10
1750878715,708.77,708.77,708.64,708.64,20
1750878720,708.74,708.74,708.74,708.74,5
1750878725,708.89,708.89,708.88,708.89,3
1750878730,708.6,708.62,708.55,708.62,12
1750878735,708.56,708.62,708.56,708.62,33
1750878740,708.62,708.62,708.62,708.62,5
1750878745,708.62,708.62,708.62,708.62,0
1750878750,708.74,708.75,708.74,708.74,15
1750878755,708.89,708.95,708.86,708.86,10
1750878760,708.85,708.85,708.79,708.8,12
1750878765,708.86,708.87,708.86,708.86,12
1750878770,708.86,708.87,708.86,708.86,0
1750878775,708.91,708.91,708.9,708.91,10
1750878780,708.93,708.93,708.87,708.9,7
1750878785,708.9,708.9,708.9,708.9,0
1750878790,708.9,709.0,708.9,708.98,17
1750878795,709.03,709.09,708.99,709.08,49
1750878800,709.11,709.12,709.01,709.02,12
1750878805,708.94,709.09,708.93,709.01,32
1750878810,709.01,709.01,708.91,708.91,9
1750878815,708.93,708.94,708.93,708.93,2
1750878820,709.01,709.02,708.82,708.93,27
1750878825,708.88,708.99,708.88,708.91,41
1750878830,708.83,708.85,708.72,708.85,22
1750878835,708.77,708.78,708.67,708.67,10
1750878840,708.88,708.88,708.8,708.8,7
1750878845,708.88,708.88,708.88,708.88,5
1750878850,708.88,708.88,708.88,708.88,0
1750878855,708.83,708.83,708.83,708.83,3
1750878860,708.83,708.83,708.83,708.83,0
1750878865,708.83,708.83,708.83,708.83,0
1750878870,708.68,708.69,708.68,708.68,24
1750878875,708.75,708.76,708.75,708.75,3
1750878880,708.75,708.75,708.75,708.75,3
1750878885,708.71,708.83,708.71,708.83,11
1750878890,708.83,708.83,708.83,708.83,0
1750878895,708.84,708.84,708.77,708.77,12
1750878900,708.77,708.85,708.75,708.76,71
1750878905,708.82,708.82,708.82,708.82,5
1750878910,708.79,708.79,708.76,708.76,7
1750878915,708.76,708.77,708.76,708.76,0
1750878920,708.76,708.77,708.76,708.76,0
1750878925,708.87,709.0,708.86,709.0,60
1750878930,708.98,709.02,708.98,709.01,21
1750878935,709.01,709.01,709.01,709.01,5
1750878940,709.01,709.01,709.01,709.01,0
1750878945,709.06,709.06,709.06,709.06,2
1750878950,709.1,709.1,709.01,709.01,27
1750878955,709.06,709.08,709.05,709.05,27
1750878960,709.03,709.03,709.02,709.03,13
1750878965,709.0,709.01,708.96,709.0,18
1750878970,708.91,708.98,708.75,708.75,40
1750878975,708.81,708.85,708.73,708.83,21
1750878980,708.83,708.83,708.82,708.83,0
1750878985,708.75,708.83,708.73,708.77,16
1750878990,708.72,708.81,708.72,708.77,10
1750878995,708.71,708.8,708.7,708.8,41
1750879000,708.72,708.72,708.63,708.68,47
1750879005,708.63,708.72,708.63,708.72,7
1750879010,708.66,708.72,708.66,708.71,35
1750879015,708.71,708.71,708.7,708.71,0
1750879020,708.71,708.71,708.7,708.71,0
1750879025,708.71,708.71,708.7,708.71,0
1750879030,708.76,708.79,708.72,708.73,19
1750879035,708.66,708.66,708.66,708.66,2
1750879040,708.6,708.63,708.6,708.63,5
1750879045,708.63,708.63,708.62,708.63,0
1750879050,708.63,708.63,708.62,708.63,0
1750879055,708.51,708.57,708.5,708.5,45
1750879060,708.58,708.59,708.58,708.58,11
1750879065,708.6,708.78,708.59,708.67,31
1750879070,708.7,708.78,708.69,708.78,10
1750879075,708.81,708.83,708.81,708.83,7
1750879080,708.86,708.87,708.82,708.87,20
1750879085,708.84,708.84,708.82,708.83,12
1750879090,708.78,708.87,708.76,708.87,31
1750879095,708.81,708.88,708.8,708.86,67
1750879100,708.85,708.86,708.82,708.86,7
1750879105,708.86,708.98,708.77,708.87,32
1750879110,708.86,708.86,708.86,708.86,12
1750879115,708.86,708.86,708.86,708.86,0
1750879120,708.9,708.92,708.86,708.88,17
1750879125,708.79,708.85,708.76,708.83,17
1750879130,708.84,708.84,708.83,708.84,2
1750879135,708.84,708.84,708.77,708.77,10
1750879140,708.77,708.77,708.77,708.77,2
1750879145,708.88,708.88,708.87,708.88,2
1750879150,708.88,708.88,708.87,708.88,0
1750879155,708.88,708.88,708.87,708.88,0
1750879160,708.84,708.88,708.83,708.88,17
1750879165,708.85,708.85,708.85,708.85,7
1750879170,708.85,708.85,708.85,708.85,0
1750879175,708.98,708.98,708.85,708.86,77
1750879180,708.86,708.86,708.86,708.86,5
1750879185,708.9,708.9,708.86,708.86,10
1750879190,708.87,708.87,708.86,708.86,32
1750879195,708.86,708.86,708.82,708.82,11
1750879200,708.86,708.86,708.77,708.83,22
1750879205,708.83,708.84,708.83,708.84,17
1750879210,708.91,708.91,708.89,708.9,10
1750879215,708.95,708.97,708.87,708.94,32
1750879220,708.87,708.87,708.87,708.87,15
1750879225,708.87,708.87,708.87,708.87,10
1750879230,708.88,708.88,708.88,708.88,2
1750879235,708.78,708.9,708.78,708.89,13
1750879240,708.89,708.9,708.81,708.87,16
1750879245,708.77,708.77,708.77,708.77,2
1750879250,708.87,708.87,708.77,708.87,10
1750879255,708.76,708.84,708.76,708.84,7
1750879260,708.76,708.84,708.71,708.71,42
1750879265,708.84,708.84,708.83,708.84,2
1750879270,708.97,708.97,708.95,708.97,12
1750879275,708.85,708.97,708.84,708.86,23
1750879280,708.97,708.97,708.97,708.97,2
1750879285,709.1,709.1,709.01,709.06,14
1750879290,709.09,709.12,709.08,709.08,44
1750879295,709.2,709.22,709.2,709.22,15
1750879300,709.27,709.32,709.27,709.32,8
1750879305,709.33,709.36,709.32,709.32,22
1750879310,709.33,709.35,709.32,709.35,27
1750879315,709.3,709.3,709.18,709.21,31
1750879320,709.25,709.31,709.16,709.16,15
1750879325,709.22,709.22,709.22,709.22,3
1750879330,709.11,709.13,709.11,709.13,12
1750879335,709.17,709.3,709.17,709.3,35
1750879340,709.3,709.3,709.2,709.29,10
1750879345,709.3,709.33,709.3,709.32,7
1750879350,709.43,709.43,709.3,709.31,10
1750879355,709.43,709.43,709.3,709.31,6
1750879360,709.36,709.36,709.28,709.34,20
1750879365,709.33,709.34,709.33,709.34,15
1750879370,709.32,709.35,709.32,709.35,7
1750879375,709.36,709.36,709.35,709.36,2
1750879380,709.32,709.35,709.32,709.35,7
1750879385,709.33,709.37,709.33,709.36,7
1750879390,709.34,709.35,709.24,709.3,30
1750879395,709.3,709.3,709.29,709.3,10
1750879400,709.29,709.29,709.26,709.26,8
1750879405,709.21,709.21,709.21,709.21,2
1750879410,709.25,709.33,709.24,709.25,45
1750879415,709.22,709.22,709.12,709.17,31
1750879420,709.17,709.17,709.17,709.17,0
1750879425,709.22,709.24,709.22,709.24,10
1750879430,709.27,709.32,709.25,709.25,10
1750879435,709.25,709.25,709.15,709.16,7
1750879440,709.16,709.16,709.15,709.16,0
1750879445,709.26,709.26,709.26,709.26,2
1750879450,709.3,709.3,709.26,709.26,18
1750879455,709.27,709.28,709.27,709.27,5
1750879460,709.27,709.27,709.25,709.27,8
1750879465,709.24,709.3,709.24,709.25,66
1750879470,709.24,709.24,709.24,709.24,7
1750879475,709.24,709.32,709.24,709.31,23
1750879480,709.25,709.31,709.16,709.21,52
1750879485,709.23,709.24,709.2,709.21,9
1750879490,709.13,709.14,709.13,709.13,5
1750879495,709.13,709.14,709.13,709.13,0
1750879500,709.13,709.14,709.13,709.13,0
1750879505,709.25,709.3,709.25,709.3,7
1750879510,709.3,709.3,708.95,709.1,65
1750879515,709.04,709.08,708.95,708.96,23
1750879520,708.96,708.96,708.96,708.96,0
1750879525,709.14,709.15,709.14,709.15,21
1750879530,708.95,709.1,708.91,709.0,13
1750879535,708.84,708.92,708.84,708.92,5
1750879540,708.85,708.85,708.84,708.84,5
1750879545,708.93,708.93,708.81,708.81,8
1750879550,708.81,708.81,708.81,708.81,0
1750879555,708.81,708.81,708.81,708.81,0
1750879560,708.75,708.75,708.75,708.75,7
1750879565,708.75,708.75,708.75,708.75,2
1750879570,708.79,708.79,708.78,708.79,2
1750879575,708.74,708.74,708.64,708.64,7
1750879580,708.75,708.75,708.74,708.75,2
1750879585,708.74,708.74,708.74,708.74,2
1750879590,708.58,708.62,708.51,708.58,36
1750879595,708.67,708.69,708.67,708.69,22
1750879600,708.69,708.69,708.69,708.69,0
1750879605,708.93,708.94,708.8,708.88,14
1750879610,708.94,708.94,708.94,708.94,5
1750879615,708.88,708.88,708.82,708.82,7
1750879620,708.85,708.85,708.85,708.85,2
1750879625,708.85,708.85,708.74,708.74,10
1750879630,708.74,708.74,708.74,708.74,0
1750879635,708.71,708.82,708.71,708.82,5
1750879640,708.94,708.95,708.9,708.9,8
1750879645,708.9,708.9,708.9,708.9,2
1750879650,708.83,708.93,708.83,708.91,15
1750879655,708.85,708.85,708.84,708.85,10
1750879660,708.85,708.85,708.84,708.85,0
1750879665,708.85,708.85,708.84,708.85,0
1750879670,708.85,708.85,708.84,708.85,0
1750879675,708.82,708.82,708.82,708.82,2
1750879680,708.95,709.0,708.88,708.97,62
1750879685,708.93,708.97,708.73,708.83,32
1750879690,708.83,708.83,708.83,708.83,0
1750879695,708.83,708.89,708.73,708.89,32
1750879700,708.85,708.85,708.85,708.85,2
1750879705,708.77,708.83,708.7,708.73,52
1750879710,708.67,708.74,708.64,708.74,20
1750879715,708.66,708.83,708.64,708.75,37
1750879720,708.75,708.75,708.67,708.75,10
1750879725,708.75,708.75,708.75,708.75,0
1750879730,708.74,708.79,708.71,708.72,23
1750879735,708.7,708.77,708.7,708.76,5
1750879740,708.77,708.77,708.7,708.7,45
1750879745,708.76,708.77,708.76,708.77,12
1750879750,708.76,708.76,708.65,708.66,17
1750879755,708.73,708.73,708.72,708.73,2
1750879760,708.81,708.84,708.76,708.83,22
1750879765,708.83,708.89,708.74,708.85,20
1750879770,708.9,708.93,708.84,708.85,17
1750879775,708.85,708.85,708.84,708.85,0
1750879780,708.85,708.85,708.84,708.85,0
1750879785,708.76,708.93,708.76,708.9,30
1750879790,708.86,708.87,708.77,708.87,37
1750879795,708.87,708.87,708.73,708.73,7
1750879800,708.85,708.87,708.84,708.87,12
1750879805,708.9,708.9,708.76,708.77,24
1750879810,708.86,708.86,708.76,708.76,5
1750879815,708.74,708.76,708.63,708.63,35
1750879820,708.79,708.79,708.45,708.45,46
1750879825,708.47,708.56,708.43,708.56,29
1750879830,708.44,708.65,708.44,708.57,54
1750879835,708.47,708.58,708.47,708.58,7
1750879840,708.58,708.58,708.58,708.58,7
1750879845,708.58,708.59,708.5,708.58,13
1750879850,708.58,708.58,708.48,708.48,38
1750879855,708.48,708.48,708.48,708.48,0
1750879860,708.58,708.58,708.4,708.4,58
1750879865,708.43,708.48,708.24,708.24,147
1750879870,708.24,708.24,708.23,708.23,5
1750879875,708.22,708.24,708.22,708.24,20
1750879880,708.26,708.29,708.06,708.06,10
1750879885,708.08,708.08,708.0,708.02,28
1750879890,708.09,708.29,708.08,708.2,27
1750879895,708.27,708.28,708.27,708.27,2
1750879900,708.22,708.28,708.2,708.21,26
1750879905,708.24,708.24,708.21,708.21,7
1750879910,708.21,708.21,708.21,708.21,0
1750879915,708.14,708.29,708.13,708.29,8
1750879920,708.35,708.43,708.35,708.43,85
1750879925,708.38,708.44,708.38,708.44,9
1750879930,708.42,708.42,708.42,708.42,10
1750879935,708.42,708.43,708.33,708.41,24
1750879940,708.39,708.48,708.39,708.48,20
1750879945,708.51,708.52,708.51,708.51,5
1750879950,708.62,708.63,708.62,708.62,2
1750879955,708.62,708.62,708.62,708.62,2
1750879960,708.62,708.62,708.62,708.62,0
1750879965,708.62,708.62,708.62,708.62,2
1750879970,708.72,708.72,708.71,708.72,17
1750879975,708.71,708.73,708.71,708.73,42
1750879980,708.67,708.67,708.67,708.67,15
1750879985,708.81,708.81,708.81,708.81,2
1750879990,708.65,708.65,708.63,708.63,5
1750879995,708.62,708.68,708.62,708.64,32
1750880000,708.73,708.75,708.63,708.68,22
1750880005,708.68,708.68,708.68,708.68,5
1750880010,708.75,708.75,708.59,708.59,12
1750880015,708.64,708.64,708.59,708.59,17
1750880020,708.59,708.71,708.58,708.71,15
1750880025,708.64,708.65,708.64,708.64,5
1750880030,708.64,708.67,708.55,708.56,17
1750880035,708.58,708.81,708.57,708.81,30
1750880040,708.81,708.81,708.7,708.7,7
1750880045,708.78,708.81,708.7,708.77,32
1750880050,708.71,708.71,708.71,708.71,2
1750880055,708.71,708.71,708.71,708.71,0
1750880060,708.72,708.73,708.68,708.68,5
1750880065,708.61,708.61,708.61,708.61,5
1750880070,708.66,708.74,708.59,708.6,23
1750880075,708.53,708.66,708.52,708.6,23
1750880080,708.52,708.61,708.52,708.61,14
1750880085,708.61,708.61,708.6,708.61,0
1750880090,708.7,708.7,708.6,708.6,44
1750880095,708.51,708.51,708.51,708.51,2
1750880100,708.61,708.61,708.6,708.61,17
1750880105,708.61,708.63,708.57,708.61,22
1750880110,708.5,708.5,708.49,708.49,10
1750880115,708.49,708.54,708.48,708.54,24
1750880120,708.54,708.54,708.54,708.54,12
1750880125,708.65,708.65,708.65,708.65,7
1750880130,708.6,708.71,708.49,708.71,15
1750880135,708.67,708.68,708.67,708.68,43
1750880140,708.71,708.71,708.71,708.71,20
1750880145,708.8,708.83,708.72,708.8,20
1750880150,708.76,708.77,708.76,708.76,5
1750880155,708.76,708.77,708.76,708.76,2
1750880160,708.76,708.77,708.76,708.76,0
1750880165,708.8,708.88,708.77,708.8,44
1750880170,708.77,708.83,708.77,708.77,64
1750880175,708.77,708.77,708.77,708.77,7
1750880180,708.62,708.62,708.55,708.61,20
1750880185,708.62,708.62,708.62,708.62,10
1750880190,708.62,708.62,708.62,708.62,0
1750880195,708.62,708.62,708.62,708.62,0
1750880200,708.57,708.57,708.55,708.55,7
1750880205,708.55,708.55,708.49,708.49,13
1750880210,708.62,708.63,708.62,708.63,7
1750880215,708.63,708.63,708.63,708.63,0
1750880220,708.68,708.72,708.67,708.72,16
1750880225,708.69,708.72,708.69,708.72,12
1750880230,708.8,709.02,708.8,709.0,35
1750880235,709.0,709.0,708.99,709.0,2
1750880240,709.09,709.09,708.91,709.04,31
1750880245,709.09,709.09,709.08,709.09,7
1750880250,709.12,709.12,708.99,709.07,76
1750880255,708.98,709.01,708.93,708.95,16
1750880260,708.96,708.96,708.95,708.95,5
1750880265,708.95,708.99,708.91,708.99,15
1750880270,708.99,708.99,708.98,708.99,0
1750880275,708.9,708.96,708.88,708.96,20
1750880280,708.94,708.94,708.93,708.94,10
1750880285,708.94,708.94,708.93,708.94,4
1750880290,708.87,708.91,708.84,708.84,15
1750880295,708.91,708.91,708.91,708.91,9
1750880300,709.0,709.01,708.95,708.96,17
1750880305,709.03,709.17,709.03,709.17,48
1750880310,709.18,709.22,709.1,709.11,46
1750880315,709.18,709.18,709.17,709.18,2
1750880320,709.2,709.2,709.15,709.15,12
1750880325,709.1,709.1,709.1,709.1,10
1750880330,709.08,709.08,709.0,709.0,13
1750880335,708.98,708.99,708.97,708.98,15
1750880340,708.9,708.91,708.9,708.9,2
1750880345,708.98,708.98,708.93,708.94,14
1750880350,708.97,709.08,708.97,709.08,12
1750880355,709.07,709.07,709.06,709.07,2
1750880360,709.01,709.01,709.0,709.0,14
1750880365,709.0,709.0,709.0,709.0,2
1750880370,708.96,709.04,708.92,709.04,31
1750880375,708.97,708.97,708.96,708.97,2
1750880380,708.97,708.97,708.96,708.97,7
1750880385,708.97,708.97,708.96,708.97,0
1750880390,708.87,708.87,708.85,708.87,15
1750880395,708.87,708.87,708.79,708.82,12
1750880400,708.87,708.87,708.86,708.87,2
1750880405,708.87,708.87,708.86,708.87,5
1750880410,708.95,708.97,708.95,708.96,17
1750880415,708.96,708.96,708.94,708.95,5
1750880420,708.95,708.95,708.94,708.95,12
1750880425,708.95,708.95,708.94,708.95,0
1750880430,708.95,708.95,708.94,708.95,0
1750880435,708.97,709.01,708.96,709.0,36
1750880440,709.06,709.08,709.05,709.05,28
1750880445,708.97,709.12,708.95,709.12,107
1750880450,709.07,709.07,708.95,709.01,104
1750880455,709.01,709.01,709.01,709.01,4
1750880460,709.01,709.01,709.01,709.01,11
1750880465,709.01,709.11,709.01,709.11,10
1750880470,709.11,709.11,709.11,709.11,0
1750880475,709.11,709.11,709.11,709.11,0
1750880480,708.92,709.06,708.92,709.06,17
1750880485,709.06,709.06,709.05,709.06,0
1750880490,709.06,709.06,709.05,709.06,0
1750880495,709.06,709.23,709.06,709.13,50
1750880500,709.16,709.19,709.1,709.14,33
1750880505,709.19,709.19,709.13,709.13,8
1750880510,709.13,709.14,709.04,709.13,45
1750880515,709.02,709.11,709.02,709.11,33
1750880520,708.97,708.97,708.86,708.86,20
1750880525,708.85,708.91,708.85,708.9,19
1750880530,708.92,708.92,708.92,708.92,2
1750880535,708.92,708.92,708.92,708.92,0
1750880540,708.86,708.86,708.86,708.86,2
1750880545,708.95,708.96,708.9,708.91,15
1750880550,708.81,708.82,708.81,708.81,7
1750880555,708.81,708.82,708.81,708.81,0
1750880560,708.94,708.94,708.94,708.94,3
1750880565,709.03,709.06,709.02,709.06,29
1750880570,709.07,709.16,709.06,709.16,5
1750880575,709.12,709.12,709.0,709.12,103
1750880580,709.15,709.18,709.14,709.18,33
1750880585,709.22,709.22,709.12,709.16,25
1750880590,709.16,709.17,709.16,709.17,12
1750880595,709.1,709.1,709.09,709.1,13
1750880600,709.1,709.1,709.1,709.1,0
1750880605,709.15,709.15,709.15,709.15,5
1750880610,709.15,709.15,709.15,709.15,5
1750880615,709.23,709.38,709.2,709.38,37
1750880620,709.38,709.38,709.38,709.38,0
1750880625,709.3,709.37,709.29,709.37,7
1750880630,709.4,709.43,709.29,709.43,41
1750880635,709.42,709.43,709.36,709.36,30
1750880640,709.38,709.38,709.33,709.35,17
1750880645,709.28,709.28,709.28,709.28,2
1750880650,709.23,709.23,709.23,709.23,2
1750880655,709.23,709.27,709.22,709.22,17
1750880660,709.22,709.22,709.22,709.22,0
1750880665,709.23,709.23,709.2,709.2,40
1750880670,709.16,709.16,709.15,709.15,5
1750880675,709.17,709.17,709.17,709.17,2
1750880680,709.22,709.22,709.22,709.22,5
1750880685,709.12,709.12,709.11,709.11,5
1750880690,709.06,709.12,709.03,709.12,27
1750880695,709.12,709.12,709.11,709.12,0
1750880700,709.12,709.16,709.11,709.15,10
1750880705,709.12,709.12,709.1,709.1,7
1750880710,709.1,709.1,709.1,709.1,0
1750880715,709.03,709.06,708.95,708.95,20
1750880720,709.06,709.06,709.05,709.05,13
1750880725,709.01,709.1,709.01,709.1,13
1750880730,709.1,709.1,709.05,709.06,7
1750880735,709.11,709.11,709.1,709.11,3
1750880740,709.08,709.08,709.07,709.08,2
1750880745,708.92,709.0,708.9,709.0,15
1750880750,708.96,709.03,708.96,709.03,9
1750880755,708.99,708.99,708.99,708.99,4
1750880760,708.99,709.03,708.98,708.99,55
1750880765,708.99,708.99,708.99,708.99,22
1750880770,708.86,708.99,708.86,708.99,54
1750880775,708.98,708.98,708.85,708.88,95
1750880780,708.89,708.89,708.89,708.89,12
1750880785,708.75,708.75,708.75,708.75,2
1750880790,708.88,708.88,708.87,708.88,2
1750880795,708.88,708.88,708.86,708.87,5
1750880800,708.88,708.88,708.88,708.88,2
1750880805,708.88,708.89,708.88,708.88,10
1750880810,708.88,708.89,708.79,708.88,23
1750880815,708.78,708.78,708.78,708.78,4
1750880820,708.78,708.78,708.78,708.78,0
1750880825,708.94,708.94,708.87,708.89,60
1750880830,708.89,709.01,708.89,708.95,25
1750880835,708.98,709.11,708.97,709.1,10
1750880840,709.06,709.19,709.06,709.19,12
1750880845,709.2,709.2,709.14,709.2,13
1750880850,709.19,709.31,709.13,709.31,41
1750880855,709.31,709.36,709.23,709.23,25
1750880860,709.2,709.25,709.1,709.1,28
1750880865,709.1,709.1,709.1,709.1,0
1750880870,709.19,709.19,709.19,709.19,2
1750880875,709.19,709.19,709.06,709.06,18
1750880880,709.09,709.09,709.08,709.09,2
1750880885,709.05,709.05,708.94,709.05,14
1750880890,709.05,709.05,709.05,709.05,0
1750880895,708.93,708.93,708.88,708.88,16
1750880900,708.87,708.87,708.87,708.87,12
1750880905,708.84,708.84,708.82,708.82,25
1750880910,708.86,708.86,708.83,708.86,14
1750880915,708.73,708.76,708.7,708.76,35
1750880920,708.78,708.79,708.78,708.79,5
1750880925,708.79,708.79,708.79,708.79,2
1750880930,708.75,708.76,708.75,708.75,3
1750880935,708.75,708.75,708.75,708.75,2
1750880940,708.75,708.83,708.68,708.83,24
1750880945,708.78,708.9,708.77,708.84,81
1750880950,708.84,708.84,708.84,708.84,53
1750880955,708.77,708.77,708.75,708.75,7
1750880960,708.76,708.76,708.73,708.73,17
1750880965,708.7,708.78,708.68,708.77,20
1750880970,708.78,708.78,708.69,708.77,12
1750880975,708.75,708.75,708.75,708.75,2
1750880980,708.77,708.78,708.77,708.77,10
1750880985,708.8,708.8,708.77,708.78,7
1750880990,708.78,708.78,708.78,708.78,0
1750880995,708.78,708.78,708.78,708.78,0
1750881000,708.9,709.12,708.8,709.0,65
1750881005,709.0,709.11,709.0,709.11,28
1750881010,709.1,709.25,709.1,709.17,25
1750881015,709.24,709.27,708.99,709.27,29
1750881020,709.29,709.43,709.29,709.43,13
1750881025,709.35,709.35,709.32,709.33,7
1750881030,709.34,709.45,709.34,709.38,13
1750881035,709.48,709.48,709.4,709.41,41
1750881040,709.37,709.37,709.23,709.23,33
1750881045,709.23,709.23,709.23,709.23,0
1750881050,709.21,709.4,709.21,709.29,26
1750881055,709.26,709.27,709.26,709.26,15
1750881060,709.3,709.39,709.26,709.37,26
1750881065,709.37,709.47,709.36,709.36,32
1750881070,709.48,709.5,709.43,709.44,22
1750881075,709.42,709.52,709.41,709.51,40
1750881080,709.46,709.48,709.43,709.47,22
1750881085,709.47,709.47,709.43,709.45,50
1750881090,709.38,709.38,709.38,709.38,2
1750881095,709.46,709.46,709.46,709.46,2
1750881100,709.46,709.46,709.46,709.46,0
1750881105,709.5,709.57,709.5,709.55,43
1750881110,709.6,709.84,709.56,709.76,104
1750881115,709.77,709.77,709.76,709.76,5
1750881120,709.76,709.77,709.76,709.76,5
1750881125,709.76,709.77,709.76,709.76,2
1750881130,709.82,709.82,709.73,709.8,47
1750881135,709.8,709.8,709.79,709.8,2
1750881140,709.71,709.71,709.67,709.69,30
1750881145,709.62,709.68,709.56,709.57,42
1750881150,709.63,709.63,709.59,709.6,5
1750881155,709.56,709.64,709.54,709.6,23
1750881160,709.61,709.61,709.61,709.61,12
1750881165,709.58,709.63,709.57,709.63,18
1750881170,709.68,709.68,709.68,709.68,10
1750881175,709.6,709.63,709.57,709.63,28
1750881180,709.6,709.63,709.58,709.58,49
1750881185,709.67,709.68,709.67,709.67,3
1750881190,709.69,709.69,709.66,709.66,5
1750881195,709.67,709.67,709.58,709.58,10
1750881200,709.73,709.76,709.68,709.71,30
1750881205,709.69,709.69,709.69,709.69,7
1750881210,709.69,709.69,709.49,709.49,106
1750881215,709.49,709.49,709.49,709.49,0
1750881220,709.52,709.52,709.47,709.47,47
1750881225,709.52,709.65,709.52,709.59,80
1750881230,709.53,709.59,709.53,709.59,5
1750881235,709.59,709.59,709.58,709.59,0
1750881240,709.6,709.61,709.53,709.61,22
1750881245,709.61,709.61,709.37,709.45,118
1750881250,709.28,709.5,709.25,709.36,28
1750881255,709.22,709.24,709.0,709.0,72
1750881260,709.0,709.0,708.39,708.7,163
1750881265,708.7,708.7,708.62,708.62,11
1750881270,708.75,708.85,708.65,708.8,23
1750881275,708.7,708.92,708.7,708.74,17
1750881280,708.75,708.76,708.31,708.52,287
1750881285,708.51,708.53,708.5,708.53,5
1750881290,708.33,708.49,708.13,708.37,179
1750881295,708.36,708.37,708.36,708.37,6
1750881300,708.26,708.29,708.0,708.29,142
1750881305,708.1,708.22,708.03,708.17,92
1750881310,708.05,708.22,708.04,708.18,18
1750881315,708.28,708.34,708.23,708.32,49
1750881320,708.33,708.41,708.31,708.41,18
1750881325,708.39,708.51,708.39,708.39,20
1750881330,708.37,708.44,708.26,708.34,53
1750881335,708.32,708.38,708.31,708.38,26
1750881340,708.29,708.29,708.21,708.26,67
1750881345,708.21,708.3,708.19,708.29,74
1750881350,708.25,708.34,708.16,708.32,16
1750881355,708.35,708.38,708.35,708.38,7
1750881360,708.41,708.48,708.38,708.45,44
1750881365,708.44,708.44,708.37,708.4,11
1750881370,708.33,708.33,708.23,708.31,84
1750881375,708.33,708.33,708.33,708.33,2
1750881380,708.33,708.33,708.32,708.33,2
1750881385,708.33,708.33,708.22,708.25,63
1750881390,708.23,708.23,708.09,708.1,109
1750881395,708.09,708.14,708.05,708.05,15
1750881400,708.13,708.18,708.1,708.11,35
1750881405,708.12,708.16,708.12,708.12,12
1750881410,708.17,708.29,708.07,708.25,43
1750881415,708.23,708.23,708.23,708.23,4
1750881420,708.19,708.22,708.11,708.21,98
1750881425,708.18,708.18,708.18,708.18,2
1750881430,708.18,708.18,708.18,708.18,5
1750881435,708.15,708.16,708.06,708.08,76
1750881440,708.13,708.15,708.05,708.05,85
1750881445,708.08,708.09,708.0,708.09,64
1750881450,708.1,708.15,708.0,708.11,28
1750881455,708.13,708.42,708.13,708.41,117
1750881460,708.47,708.55,708.31,708.41,171
1750881465,708.41,708.56,708.34,708.56,23
1750881470,708.45,708.56,708.28,708.41,187
1750881475,708.41,708.41,708.28,708.36,78
1750881480,708.36,708.4,708.12,708.29,149
1750881485,708.24,708.31,708.17,708.27,38
1750881490,708.17,708.41,708.17,708.24,51
1750881495,708.25,708.36,708.17,708.23,107
1750881500,708.17,708.24,708.15,708.15,10
1750881505,708.15,708.37,708.15,708.26,18
1750881510,708.28,708.36,708.17,708.3,98
1750881515,708.3,708.38,708.24,708.26,98
1750881520,708.25,708.31,708.22,708.27,92
1750881525,708.28,708.43,708.22,708.39,107
1750881530,708.35,708.39,708.33,708.39,30
1750881535,708.38,708.55,708.37,708.55,31
1750881540,708.53,708.81,708.53,708.79,163
1750881545,708.78,708.88,708.74,708.77,54
1750881550,708.81,708.92,708.72,708.86,122
1750881555,708.9,708.9,708.51,708.6,201
1750881560,708.5,708.64,708.49,708.55,51
1750881565,708.6,708.64,708.49,708.62,35
1750881570,708.51,708.85,708.51,708.7,214
1750881575,708.77,708.83,708.69,708.72,100
1750881580,708.7,708.78,708.5,708.67,246
1750881585,708.75,708.75,708.41,708.56,157
1750881590,708.63,708.86,708.48,708.66,281
1750881595,708.76,709.19,708.65,708.65,481
