Date,Open,High,Low,Close,Volume
1759239000,16.47,16.47,16.47,16.47,0
1759239005,16.47,16.47,16.47,16.47,0
1759239010,16.47,16.47,16.47,16.47,0
1759239015,16.47,16.47,16.47,16.47,0
1759239020,16.47,16.47,16.47,16.47,0
1759239025,16.47,16.47,16.47,16.47,0
1759239030,16.47,16.47,16.47,16.47,0
1759239035,16.47,16.47,16.47,16.47,0
1759239040,16.47,16.47,16.47,16.47,0
1759239045,16.47,16.47,16.47,16.47,0
1759239050,16.47,16.47,16.47,16.47,0
1759239055,16.47,16.47,16.47,16.47,0
1759239060,16.39,16.39,16.39,16.39,0
1759239065,16.39,16.39,16.39,16.39,0
1759239070,16.39,16.39,16.39,16.39,0
1759239075,16.43,16.43,16.43,16.43,0
1759239080,16.43,16.43,16.43,16.43,0
1759239085,16.43,16.43,16.43,16.43,0
1759239090,16.42,16.42,16.42,16.42,0
1759239095,16.42,16.42,16.42,16.42,0
1759239100,16.42,16.42,16.42,16.42,0
1759239105,16.38,16.38,16.38,16.38,0
1759239110,16.38,16.38,16.38,16.38,0
1759239115,16.38,16.38,16.38,16.38,0
1759239120,16.37,16.37,16.37,16.37,0
1759239125,16.37,16.37,16.37,16.37,0
1759239130,16.37,16.37,16.37,16.37,0
1759239135,16.39,16.39,16.39,16.39,0
1759239140,16.39,16.39,16.39,16.39,0
1759239145,16.39,16.39,16.39,16.39,0
1759239150,16.42,16.42,16.42,16.42,0
1759239155,16.42,16.42,16.42,16.42,0
1759239160,16.42,16.42,16.42,16.42,0
1759239165,16.41,16.41,16.41,16.41,0
1759239170,16.41,16.41,16.41,16.41,0
1759239175,16.41,16.41,16.41,16.41,0
1759239180,16.41,16.41,16.41,16.41,0
1759239185,16.41,16.41,16.41,16.41,0
1759239190,16.41,16.41,16.41,16.41,0
1759239195,16.41,16.41,16.41,16.41,0
1759239200,16.41,16.41,16.41,16.41,0
1759239205,16.41,16.41,16.41,16.41,0
1759239210,16.44,16.44,16.44,16.44,0
1759239215,16.44,16.44,16.44,16.44,0
1759239220,16.44,16.44,16.44,16.44,0
1759239225,16.47,16.47,16.47,16.47,0
1759239230,16.47,16.47,16.47,16.47,0
1759239235,16.47,16.47,16.47,16.47,0
1759239240,16.49,16.49,16.49,16.49,0
1759239245,16.49,16.49,16.49,16.49,0
1759239250,16.49,16.49,16.49,16.49,0
1759239255,16.49,16.49,16.49,16.49,0
1759239260,16.49,16.49,16.49,16.49,0
1759239265,16.49,16.49,16.49,16.49,0
1759239270,16.54,16.54,16.54,16.54,0
1759239275,16.54,16.54,16.54,16.54,0
1759239280,16.54,16.54,16.54,16.54,0
1759239285,16.54,16.54,16.54,16.54,0
1759239290,16.54,16.54,16.54,16.54,0
1759239295,16.54,16.54,16.54,16.54,0
1759239300,16.53,16.53,16.53,16.53,0
1759239305,16.53,16.53,16.53,16.53,0
1759239310,16.53,16.53,16.53,16.53,0
1759239315,16.51,16.51,16.51,16.51,0
1759239320,16.51,16.51,16.51,16.51,0
1759239325,16.51,16.51,16.51,16.51,0
1759239330,16.5,16.5,16.5,16.5,0
1759239335,16.5,16.5,16.5,16.5,0
1759239340,16.5,16.5,16.5,16.5,0
1759239345,16.55,16.55,16.55,16.55,0
1759239350,16.55,16.55,16.55,16.55,0
1759239355,16.55,16.55,16.55,16.55,0
1759239360,16.53,16.53,16.53,16.53,0
1759239365,16.53,16.53,16.53,16.53,0
1759239370,16.53,16.53,16.53,16.53,0
1759239375,16.5,16.5,16.5,16.5,0
1759239380,16.5,16.5,16.5,16.5,0
1759239385,16.5,16.5,16.5,16.5,0
1759239390,16.47,16.47,16.47,16.47,0
1759239395,16.47,16.47,16.47,16.47,0
1759239400,16.47,16.47,16.47,16.47,0
1759239405,16.47,16.47,16.47,16.47,0
1759239410,16.47,16.47,16.47,16.47,0
1759239415,16.47,16.47,16.47,16.47,0
1759239420,16.48,16.48,16.48,16.48,0
1759239425,16.48,16.48,16.48,16.48,0
1759239430,16.48,16.48,16.48,16.48,0
1759239435,16.49,16.49,16.49,16.49,0
1759239440,16.49,16.49,16.49,16.49,0
1759239445,16.49,16.49,16.49,16.49,0
1759239450,16.5,16.5,16.5,16.5,0
1759239455,16.5,16.5,16.5,16.5,0
1759239460,16.5,16.5,16.5,16.5,0
1759239465,16.5,16.5,16.5,16.5,0
1759239470,16.5,16.5,16.5,16.5,0
1759239475,16.5,16.5,16.5,16.5,0
1759239480,16.46,16.46,16.46,16.46,0
1759239485,16.46,16.46,16.46,16.46,0
1759239490,16.46,16.46,16.46,16.46,0
1759239495,16.45,16.45,16.45,16.45,0
1759239500,16.45,16.45,16.45,16.45,0
1759239505,16.45,16.45,16.45,16.45,0
1759239510,16.49,16.49,16.49,16.49,0
1759239515,16.49,16.49,16.49,16.49,0
1759239520,16.49,16.49,16.49,16.49,0
1759239525,16.46,16.46,16.46,16.46,0
1759239530,16.46,16.46,16.46,16.46,0
1759239535,16.46,16.46,16.46,16.46,0
1759239540,16.44,16.44,16.44,16.44,0
1759239545,16.44,16.44,16.44,16.44,0
1759239550,16.44,16.44,16.44,16.44,0
1759239555,16.45,16.45,16.45,16.45,0
1759239560,16.45,16.45,16.45,16.45,0
1759239565,16.45,16.45,16.45,16.45,0
1759239570,16.45,16.45,16.45,16.45,0
1759239575,16.45,16.45,16.45,16.45,0
1759239580,16.45,16.45,16.45,16.45,0
1759239585,16.43,16.43,16.43,16.43,0
1759239590,16.43,16.43,16.43,16.43,0
1759239595,16.43,16.43,16.43,16.43,0
1759239600,16.42,16.42,16.42,16.42,0
1759239605,16.42,16.42,16.42,16.42,0
1759239610,16.42,16.42,16.42,16.42,0
1759239615,16.4,16.4,16.4,16.4,0
1759239620,16.4,16.4,16.4,16.4,0
1759239625,16.4,16.4,16.4,16.4,0
1759239630,16.37,16.37,16.37,16.37,0
1759239635,16.37,16.37,16.37,16.37,0
1759239640,16.37,16.37,16.37,16.37,0
1759239645,16.35,16.35,16.35,16.35,0
1759239650,16.35,16.35,16.35,16.35,0
1759239655,16.35,16.35,16.35,16.35,0
1759239660,16.34,16.34,16.34,16.34,0
1759239665,16.34,16.34,16.34,16.34,0
1759239670,16.34,16.34,16.34,16.34,0
1759239675,16.37,16.37,16.37,16.37,0
1759239680,16.37,16.37,16.37,16.37,0
1759239685,16.37,16.37,16.37,16.37,0
1759239690,16.36,16.36,16.36,16.36,0
1759239695,16.36,16.36,16.36,16.36,0
1759239700,16.36,16.36,16.36,16.36,0
1759239705,16.36,16.36,16.36,16.36,0
1759239710,16.36,16.36,16.36,16.36,0
1759239715,16.36,16.36,16.36,16.36,0
1759239720,16.35,16.35,16.35,16.35,0
1759239725,16.35,16.35,16.35,16.35,0
1759239730,16.35,16.35,16.35,16.35,0
1759239735,16.35,16.35,16.35,16.35,0
1759239740,16.35,16.35,16.35,16.35,0
1759239745,16.35,16.35,16.35,16.35,0
1759239750,16.34,16.34,16.34,16.34,0
1759239755,16.34,16.34,16.34,16.34,0
1759239760,16.34,16.34,16.34,16.34,0
1759239765,16.35,16.35,16.35,16.35,0
1759239770,16.35,16.35,16.35,16.35,0
1759239775,16.35,16.35,16.35,16.35,0
1759239780,16.33,16.33,16.33,16.33,0
1759239785,16.33,16.33,16.33,16.33,0
1759239790,16.33,16.33,16.33,16.33,0
1759239795,16.35,16.35,16.35,16.35,0
1759239800,16.35,16.35,16.35,16.35,0
1759239805,16.35,16.35,16.35,16.35,0
1759239810,16.34,16.34,16.34,16.34,0
1759239815,16.34,16.34,16.34,16.34,0
1759239820,16.34,16.34,16.34,16.34,0
1759239825,16.32,16.32,16.32,16.32,0
1759239830,16.32,16.32,16.32,16.32,0
1759239835,16.32,16.32,16.32,16.32,0
1759239840,16.27,16.27,16.27,16.27,0
1759239845,16.27,16.27,16.27,16.27,0
1759239850,16.27,16.27,16.27,16.27,0
1759239855,16.27,16.27,16.27,16.27,0
1759239860,16.27,16.27,16.27,16.27,0
1759239865,16.27,16.27,16.27,16.27,0
1759239870,16.26,16.26,16.26,16.26,0
1759239875,16.26,16.26,16.26,16.26,0
1759239880,16.26,16.26,16.26,16.26,0
1759239885,16.27,16.27,16.27,16.27,0
1759239890,16.27,16.27,16.27,16.27,0
1759239895,16.27,16.27,16.27,16.27,0
1759239900,16.25,16.25,16.25,16.25,0
1759239905,16.25,16.25,16.25,16.25,0
1759239910,16.25,16.25,16.25,16.25,0
1759239915,16.26,16.26,16.26,16.26,0
1759239920,16.26,16.26,16.26,16.26,0
1759239925,16.26,16.26,16.26,16.26,0
1759239930,16.23,16.23,16.23,16.23,0
1759239935,16.23,16.23,16.23,16.23,0
1759239940,16.23,16.23,16.23,16.23,0
1759239945,16.22,16.22,16.22,16.22,0
1759239950,16.22,16.22,16.22,16.22,0
1759239955,16.22,16.22,16.22,16.22,0
1759239960,16.24,16.24,16.24,16.24,0
1759239965,16.24,16.24,16.24,16.24,0
1759239970,16.24,16.24,16.24,16.24,0
1759239975,16.25,16.25,16.25,16.25,0
1759239980,16.25,16.25,16.25,16.25,0
1759239985,16.25,16.25,16.25,16.25,0
1759239990,16.24,16.24,16.24,16.24,0
1759239995,16.24,16.24,16.24,16.24,0
1759240000,16.24,16.24,16.24,16.24,0
1759240005,16.27,16.27,16.27,16.27,0
1759240010,16.27,16.27,16.27,16.27,0
1759240015,16.27,16.27,16.27,16.27,0
1759240020,16.27,16.27,16.27,16.27,0
1759240025,16.27,16.27,16.27,16.27,0
1759240030,16.27,16.27,16.27,16.27,0
1759240035,16.28,16.28,16.28,16.28,0
1759240040,16.28,16.28,16.28,16.28,0
1759240045,16.28,16.28,16.28,16.28,0
1759240050,16.3,16.3,16.3,16.3,0
1759240055,16.3,16.3,16.3,16.3,0
1759240060,16.3,16.3,16.3,16.3,0
1759240065,16.27,16.27,16.27,16.27,0
1759240070,16.27,16.27,16.27,16.27,0
1759240075,16.27,16.27,16.27,16.27,0
1759240080,16.27,16.27,16.27,16.27,0
1759240085,16.27,16.27,16.27,16.27,0
1759240090,16.27,16.27,16.27,16.27,0
1759240095,16.26,16.26,16.26,16.26,0
1759240100,16.26,16.26,16.26,16.26,0
1759240105,16.26,16.26,16.26,16.26,0
1759240110,16.3,16.3,16.3,16.3,0
1759240115,16.3,16.3,16.3,16.3,0
1759240120,16.3,16.3,16.3,16.3,0
1759240125,16.29,16.29,16.29,16.29,0
1759240130,16.29,16.29,16.29,16.29,0
1759240135,16.29,16.29,16.29,16.29,0
1759240140,16.3,16.3,16.3,16.3,0
1759240145,16.3,16.3,16.3,16.3,0
1759240150,16.3,16.3,16.3,16.3,0
1759240155,16.31,16.31,16.31,16.31,0
1759240160,16.31,16.31,16.31,16.31,0
1759240165,16.31,16.31,16.31,16.31,0
1759240170,16.34,16.34,16.34,16.34,0
1759240175,16.34,16.34,16.34,16.34,0
1759240180,16.34,16.34,16.34,16.34,0
1759240185,16.36,16.36,16.36,16.36,0
1759240190,16.36,16.36,16.36,16.36,0
1759240195,16.36,16.36,16.36,16.36,0
1759240200,16.32,16.32,16.32,16.32,0
1759240205,16.32,16.32,16.32,16.32,0
1759240210,16.32,16.32,16.32,16.32,0
1759240215,16.33,16.33,16.33,16.33,0
1759240220,16.33,16.33,16.33,16.33,0
1759240225,16.33,16.33,16.33,16.33,0
1759240230,16.36,16.36,16.36,16.36,0
1759240235,16.36,16.36,16.36,16.36,0
1759240240,16.36,16.36,16.36,16.36,0
1759240245,16.35,16.35,16.35,16.35,0
1759240250,16.35,16.35,16.35,16.35,0
1759240255,16.35,16.35,16.35,16.35,0
1759240260,16.35,16.35,16.35,16.35,0
1759240265,16.35,16.35,16.35,16.35,0
1759240270,16.35,16.35,16.35,16.35,0
1759240275,16.35,16.35,16.35,16.35,0
1759240280,16.35,16.35,16.35,16.35,0
1759240285,16.35,16.35,16.35,16.35,0
1759240290,16.33,16.33,16.33,16.33,0
1759240295,16.33,16.33,16.33,16.33,0
1759240300,16.33,16.33,16.33,16.33,0
1759240305,16.33,16.33,16.33,16.33,0
1759240310,16.33,16.33,16.33,16.33,0
1759240315,16.33,16.33,16.33,16.33,0
1759240320,16.35,16.35,16.35,16.35,0
1759240325,16.35,16.35,16.35,16.35,0
1759240330,16.35,16.35,16.35,16.35,0
1759240335,16.35,16.35,16.35,16.35,0
1759240340,16.35,16.35,16.35,16.35,0
1759240345,16.35,16.35,16.35,16.35,0
1759240350,16.34,16.34,16.34,16.34,0
1759240355,16.34,16.34,16.34,16.34,0
1759240360,16.34,16.34,16.34,16.34,0
1759240365,16.32,16.32,16.32,16.32,0
1759240370,16.32,16.32,16.32,16.32,0
1759240375,16.32,16.32,16.32,16.32,0
1759240380,16.32,16.32,16.32,16.32,0
1759240385,16.32,16.32,16.32,16.32,0
1759240390,16.32,16.32,16.32,16.32,0
1759240395,16.33,16.33,16.33,16.33,0
1759240400,16.33,16.33,16.33,16.33,0
1759240405,16.33,16.33,16.33,16.33,0
1759240410,16.33,16.33,16.33,16.33,0
1759240415,16.33,16.33,16.33,16.33,0
1759240420,16.33,16.33,16.33,16.33,0
1759240425,16.32,16.32,16.32,16.32,0
1759240430,16.32,16.32,16.32,16.32,0
1759240435,16.32,16.32,16.32,16.32,0
1759240440,16.33,16.33,16.33,16.33,0
1759240445,16.33,16.33,16.33,16.33,0
1759240450,16.33,16.33,16.33,16.33,0
1759240455,16.39,16.39,16.39,16.39,0
1759240460,16.39,16.39,16.39,16.39,0
1759240465,16.39,16.39,16.39,16.39,0
1759240470,16.39,16.39,16.39,16.39,0
1759240475,16.39,16.39,16.39,16.39,0
1759240480,16.39,16.39,16.39,16.39,0
1759240485,16.38,16.38,16.38,16.38,0
1759240490,16.38,16.38,16.38,16.38,0
1759240495,16.38,16.38,16.38,16.38,0
1759240500,16.41,16.41,16.41,16.41,0
1759240505,16.41,16.41,16.41,16.41,0
1759240510,16.41,16.41,16.41,16.41,0
1759240515,16.44,16.44,16.44,16.44,0
1759240520,16.44,16.44,16.44,16.44,0
1759240525,16.44,16.44,16.44,16.44,0
1759240530,16.41,16.41,16.41,16.41,0
1759240535,16.41,16.41,16.41,16.41,0
1759240540,16.41,16.41,16.41,16.41,0
1759240545,16.44,16.44,16.44,16.44,0
1759240550,16.44,16.44,16.44,16.44,0
1759240555,16.44,16.44,16.44,16.44,0
1759240560,16.4,16.4,16.4,16.4,0
1759240565,16.4,16.4,16.4,16.4,0
1759240570,16.4,16.4,16.4,16.4,0
1759240575,16.37,16.37,16.37,16.37,0
1759240580,16.37,16.37,16.37,16.37,0
1759240585,16.37,16.37,16.37,16.37,0
1759240590,16.36,16.36,16.36,16.36,0
1759240595,16.36,16.36,16.36,16.36,0
1759240600,16.36,16.36,16.36,16.36,0
1759240605,16.33,16.33,16.33,16.33,0
1759240610,16.33,16.33,16.33,16.33,0
1759240615,16.33,16.33,16.33,16.33,0
1759240620,16.35,16.35,16.35,16.35,0
1759240625,16.35,16.35,16.35,16.35,0
1759240630,16.35,16.35,16.35,16.35,0
1759240635,16.37,16.37,16.37,16.37,0
1759240640,16.37,16.37,16.37,16.37,0
1759240645,16.37,16.37,16.37,16.37,0
1759240650,16.38,16.38,16.38,16.38,0
1759240655,16.38,16.38,16.38,16.38,0
1759240660,16.38,16.38,16.38,16.38,0
1759240665,16.37,16.37,16.37,16.37,0
1759240670,16.37,16.37,16.37,16.37,0
1759240675,16.37,16.37,16.37,16.37,0
1759240680,16.32,16.32,16.32,16.32,0
1759240685,16.32,16.32,16.32,16.32,0
1759240690,16.32,16.32,16.32,16.32,0
1759240695,16.3,16.3,16.3,16.3,0
1759240700,16.3,16.3,16.3,16.3,0
1759240705,16.3,16.3,16.3,16.3,0
1759240710,16.3,16.3,16.3,16.3,0
1759240715,16.3,16.3,16.3,16.3,0
1759240720,16.3,16.3,16.3,16.3,0
1759240725,16.31,16.31,16.31,16.31,0
1759240730,16.31,16.31,16.31,16.31,0
1759240735,16.31,16.31,16.31,16.31,0
1759240740,16.29,16.29,16.29,16.29,0
1759240745,16.29,16.29,16.29,16.29,0
1759240750,16.29,16.29,16.29,16.29,0
1759240755,16.28,16.28,16.28,16.28,0
1759240760,16.28,16.28,16.28,16.28,0
1759240765,16.28,16.28,16.28,16.28,0
1759240770,16.27,16.27,16.27,16.27,0
1759240775,16.27,16.27,16.27,16.27,0
1759240780,16.27,16.27,16.27,16.27,0
1759240785,16.29,16.29,16.29,16.29,0
1759240790,16.29,16.29,16.29,16.29,0
1759240795,16.29,16.29,16.29,16.29,0
1759240800,16.25,16.25,16.25,16.25,0
1759240805,16.25,16.25,16.25,16.25,0
1759240810,16.25,16.25,16.25,16.25,0
1759240815,16.19,16.19,16.19,16.19,0
1759240820,16.19,16.19,16.19,16.19,0
1759240825,16.19,16.19,16.19,16.19,0
1759240830,16.19,16.19,16.19,16.19,0
1759240835,16.19,16.19,16.19,16.19,0
1759240840,16.19,16.19,16.19,16.19,0
1759240845,16.19,16.19,16.19,16.19,0
1759240850,16.19,16.19,16.19,16.19,0
1759240855,16.19,16.19,16.19,16.19,0
1759240860,16.19,16.19,16.19,16.19,0
1759240865,16.19,16.19,16.19,16.19,0
1759240870,16.19,16.19,16.19,16.19,0
1759240875,16.19,16.19,16.19,16.19,0
1759240880,16.19,16.19,16.19,16.19,0
1759240885,16.19,16.19,16.19,16.19,0
1759240890,16.21,16.21,16.21,16.21,0
1759240895,16.21,16.21,16.21,16.21,0
1759240900,16.21,16.21,16.21,16.21,0
1759240905,16.19,16.19,16.19,16.19,0
1759240910,16.19,16.19,16.19,16.19,0
1759240915,16.19,16.19,16.19,16.19,0
1759240920,16.19,16.19,16.19,16.19,0
1759240925,16.19,16.19,16.19,16.19,0
1759240930,16.19,16.19,16.19,16.19,0
1759240935,16.16,16.16,16.16,16.16,0
1759240940,16.16,16.16,16.16,16.16,0
1759240945,16.16,16.16,16.16,16.16,0
1759240950,16.15,16.15,16.15,16.15,0
1759240955,16.15,16.15,16.15,16.15,0
1759240960,16.15,16.15,16.15,16.15,0
1759240965,16.15,16.15,16.15,16.15,0
1759240970,16.15,16.15,16.15,16.15,0
1759240975,16.15,16.15,16.15,16.15,0
1759240980,16.15,16.15,16.15,16.15,0
1759240985,16.15,16.15,16.15,16.15,0
1759240990,16.15,16.15,16.15,16.15,0
1759240995,16.13,16.13,16.13,16.13,0
1759241000,16.13,16.13,16.13,16.13,0
1759241005,16.13,16.13,16.13,16.13,0
1759241010,16.15,16.15,16.15,16.15,0
1759241015,16.15,16.15,16.15,16.15,0
1759241020,16.15,16.15,16.15,16.15,0
1759241025,16.15,16.15,16.15,16.15,0
1759241030,16.15,16.15,16.15,16.15,0
1759241035,16.15,16.15,16.15,16.15,0
1759241040,16.15,16.15,16.15,16.15,0
1759241045,16.15,16.15,16.15,16.15,0
1759241050,16.15,16.15,16.15,16.15,0
1759241055,16.14,16.14,16.14,16.14,0
1759241060,16.14,16.14,16.14,16.14,0
1759241065,16.14,16.14,16.14,16.14,0
1759241070,16.15,16.15,16.15,16.15,0
1759241075,16.15,16.15,16.15,16.15,0
1759241080,16.15,16.15,16.15,16.15,0
1759241085,16.17,16.17,16.17,16.17,0
1759241090,16.17,16.17,16.17,16.17,0
1759241095,16.17,16.17,16.17,16.17,0
1759241100,16.18,16.18,16.18,16.18,0
1759241105,16.18,16.18,16.18,16.18,0
1759241110,16.18,16.18,16.18,16.18,0
1759241115,16.24,16.24,16.24,16.24,0
1759241120,16.24,16.24,16.24,16.24,0
1759241125,16.24,16.24,16.24,16.24,0
1759241130,16.24,16.24,16.24,16.24,0
1759241135,16.24,16.24,16.24,16.24,0
1759241140,16.24,16.24,16.24,16.24,0
1759241145,16.23,16.23,16.23,16.23,0
1759241150,16.23,16.23,16.23,16.23,0
1759241155,16.23,16.23,16.23,16.23,0
1759241160,16.25,16.25,16.25,16.25,0
1759241165,16.25,16.25,16.25,16.25,0
1759241170,16.25,16.25,16.25,16.25,0
1759241175,16.31,16.31,16.31,16.31,0
1759241180,16.31,16.31,16.31,16.31,0
1759241185,16.31,16.31,16.31,16.31,0
1759241190,16.33,16.33,16.33,16.33,0
1759241195,16.33,16.33,16.33,16.33,0
1759241200,16.33,16.33,16.33,16.33,0
1759241205,16.34,16.34,16.34,16.34,0
1759241210,16.34,16.34,16.34,16.34,0
1759241215,16.34,16.34,16.34,16.34,0
1759241220,16.31,16.31,16.31,16.31,0
1759241225,16.31,16.31,16.31,16.31,0
1759241230,16.31,16.31,16.31,16.31,0
1759241235,16.3,16.3,16.3,16.3,0
1759241240,16.3,16.3,16.3,16.3,0
1759241245,16.3,16.3,16.3,16.3,0
1759241250,16.28,16.28,16.28,16.28,0
1759241255,16.28,16.28,16.28,16.28,0
1759241260,16.28,16.28,16.28,16.28,0
1759241265,16.31,16.31,16.31,16.31,0
1759241270,16.31,16.31,16.31,16.31,0
1759241275,16.31,16.31,16.31,16.31,0
1759241280,16.31,16.31,16.31,16.31,0
1759241285,16.31,16.31,16.31,16.31,0
1759241290,16.31,16.31,16.31,16.31,0
1759241295,16.34,16.34,16.34,16.34,0
1759241300,16.34,16.34,16.34,16.34,0
1759241305,16.34,16.34,16.34,16.34,0
1759241310,16.34,16.34,16.34,16.34,0
1759241315,16.34,16.34,16.34,16.34,0
1759241320,16.34,16.34,16.34,16.34,0
1759241325,16.34,16.34,16.34,16.34,0
1759241330,16.34,16.34,16.34,16.34,0
1759241335,16.34,16.34,16.34,16.34,0
1759241340,16.33,16.33,16.33,16.33,0
1759241345,16.33,16.33,16.33,16.33,0
1759241350,16.33,16.33,16.33,16.33,0
1759241355,16.34,16.34,16.34,16.34,0
1759241360,16.34,16.34,16.34,16.34,0
1759241365,16.34,16.34,16.34,16.34,0
1759241370,16.36,16.36,16.36,16.36,0
1759241375,16.36,16.36,16.36,16.36,0
1759241380,16.36,16.36,16.36,16.36,0
1759241385,16.33,16.33,16.33,16.33,0
1759241390,16.33,16.33,16.33,16.33,0
1759241395,16.33,16.33,16.33,16.33,0
1759241400,16.35,16.35,16.35,16.35,0
1759241405,16.35,16.35,16.35,16.35,0
1759241410,16.35,16.35,16.35,16.35,0
1759241415,16.34,16.34,16.34,16.34,0
1759241420,16.34,16.34,16.34,16.34,0
1759241425,16.34,16.34,16.34,16.34,0
1759241430,16.37,16.37,16.37,16.37,0
1759241435,16.37,16.37,16.37,16.37,0
1759241440,16.37,16.37,16.37,16.37,0
1759241445,16.34,16.34,16.34,16.34,0
1759241450,16.34,16.34,16.34,16.34,0
1759241455,16.34,16.34,16.34,16.34,0
1759241460,16.32,16.32,16.32,16.32,0
1759241465,16.32,16.32,16.32,16.32,0
1759241470,16.32,16.32,16.32,16.32,0
1759241475,16.31,16.31,16.31,16.31,0
1759241480,16.31,16.31,16.31,16.31,0
1759241485,16.31,16.31,16.31,16.31,0
1759241490,16.29,16.29,16.29,16.29,0
1759241495,16.29,16.29,16.29,16.29,0
1759241500,16.29,16.29,16.29,16.29,0
1759241505,16.29,16.29,16.29,16.29,0
1759241510,16.29,16.29,16.29,16.29,0
1759241515,16.29,16.29,16.29,16.29,0
1759241520,16.34,16.34,16.34,16.34,0
1759241525,16.34,16.34,16.34,16.34,0
1759241530,16.34,16.34,16.34,16.34,0
1759241535,16.34,16.34,16.34,16.34,0
1759241540,16.34,16.34,16.34,16.34,0
1759241545,16.34,16.34,16.34,16.34,0
1759241550,16.34,16.34,16.34,16.34,0
1759241555,16.34,16.34,16.34,16.34,0
1759241560,16.34,16.34,16.34,16.34,0
1759241565,16.36,16.36,16.36,16.36,0
1759241570,16.36,16.36,16.36,16.36,0
1759241575,16.36,16.36,16.36,16.36,0
1759241580,16.33,16.33,16.33,16.33,0
1759241585,16.33,16.33,16.33,16.33,0
1759241590,16.33,16.33,16.33,16.33,0
1759241595,16.34,16.34,16.34,16.34,0
1759241600,16.34,16.34,16.34,16.34,0
1759241605,16.34,16.34,16.34,16.34,0
1759241610,16.3,16.3,16.3,16.3,0
1759241615,16.3,16.3,16.3,16.3,0
1759241620,16.3,16.3,16.3,16.3,0
1759241625,16.29,16.29,16.29,16.29,0
1759241630,16.29,16.29,16.29,16.29,0
1759241635,16.29,16.29,16.29,16.29,0
1759241640,16.3,16.3,16.3,16.3,0
1759241645,16.3,16.3,16.3,16.3,0
1759241650,16.3,16.3,16.3,16.3,0
1759241655,16.3,16.3,16.3,16.3,0
1759241660,16.3,16.3,16.3,16.3,0
1759241665,16.3,16.3,16.3,16.3,0
1759241670,16.3,16.3,16.3,16.3,0
1759241675,16.3,16.3,16.3,16.3,0
1759241680,16.3,16.3,16.3,16.3,0
1759241685,16.27,16.27,16.27,16.27,0
1759241690,16.27,16.27,16.27,16.27,0
1759241695,16.27,16.27,16.27,16.27,0
1759241700,16.28,16.28,16.28,16.28,0
1759241705,16.28,16.28,16.28,16.28,0
1759241710,16.28,16.28,16.28,16.28,0
1759241715,16.25,16.25,16.25,16.25,0
1759241720,16.25,16.25,16.25,16.25,0
1759241725,16.25,16.25,16.25,16.25,0
1759241730,16.27,16.27,16.27,16.27,0
1759241735,16.27,16.27,16.27,16.27,0
1759241740,16.27,16.27,16.27,16.27,0
1759241745,16.26,16.26,16.26,16.26,0
1759241750,16.26,16.26,16.26,16.26,0
1759241755,16.26,16.26,16.26,16.26,0
1759241760,16.25,16.25,16.25,16.25,0
1759241765,16.25,16.25,16.25,16.25,0
1759241770,16.25,16.25,16.25,16.25,0
1759241775,16.21,16.21,16.21,16.21,0
1759241780,16.21,16.21,16.21,16.21,0
1759241785,16.21,16.21,16.21,16.21,0
1759241790,16.21,16.21,16.21,16.21,0
1759241795,16.21,16.21,16.21,16.21,0
1759241800,16.21,16.21,16.21,16.21,0
1759241805,16.2,16.2,16.2,16.2,0
1759241810,16.2,16.2,16.2,16.2,0
1759241815,16.2,16.2,16.2,16.2,0
1759241820,16.2,16.2,16.2,16.2,0
1759241825,16.2,16.2,16.2,16.2,0
1759241830,16.2,16.2,16.2,16.2,0
1759241835,16.17,16.17,16.17,16.17,0
1759241840,16.17,16.17,16.17,16.17,0
1759241845,16.17,16.17,16.17,16.17,0
1759241850,16.15,16.15,16.15,16.15,0
1759241855,16.15,16.15,16.15,16.15,0
1759241860,16.15,16.15,16.15,16.15,0
1759241865,16.17,16.17,16.17,16.17,0
1759241870,16.17,16.17,16.17,16.17,0
1759241875,16.17,16.17,16.17,16.17,0
1759241880,16.17,16.17,16.17,16.17,0
1759241885,16.17,16.17,16.17,16.17,0
1759241890,16.17,16.17,16.17,16.17,0
1759241895,16.17,16.17,16.17,16.17,0
1759241900,16.17,16.17,16.17,16.17,0
1759241905,16.17,16.17,16.17,16.17,0
1759241910,16.19,16.19,16.19,16.19,0
1759241915,16.19,16.19,16.19,16.19,0
1759241920,16.19,16.19,16.19,16.19,0
1759241925,16.19,16.19,16.19,16.19,0
1759241930,16.19,16.19,16.19,16.19,0
1759241935,16.19,16.19,16.19,16.19,0
1759241940,16.19,16.19,16.19,16.19,0
1759241945,16.19,16.19,16.19,16.19,0
1759241950,16.19,16.19,16.19,16.19,0
1759241955,16.19,16.19,16.19,16.19,0
1759241960,16.19,16.19,16.19,16.19,0
1759241965,16.19,16.19,16.19,16.19,0
1759241970,16.21,16.21,16.21,16.21,0
1759241975,16.21,16.21,16.21,16.21,0
1759241980,16.21,16.21,16.21,16.21,0
1759241985,16.22,16.22,16.22,16.22,0
1759241990,16.22,16.22,16.22,16.22,0
1759241995,16.22,16.22,16.22,16.22,0
1759242000,16.23,16.23,16.23,16.23,0
1759242005,16.23,16.23,16.23,16.23,0
1759242010,16.23,16.23,16.23,16.23,0
1759242015,16.22,16.22,16.22,16.22,0
1759242020,16.22,16.22,16.22,16.22,0
1759242025,16.22,16.22,16.22,16.22,0
1759242030,16.21,16.21,16.21,16.21,0
1759242035,16.21,16.21,16.21,16.21,0
1759242040,16.21,16.21,16.21,16.21,0
1759242045,16.2,16.2,16.2,16.2,0
1759242050,16.2,16.2,16.2,16.2,0
1759242055,16.2,16.2,16.2,16.2,0
1759242060,16.22,16.22,16.22,16.22,0
1759242065,16.22,16.22,16.22,16.22,0
1759242070,16.22,16.22,16.22,16.22,0
1759242075,16.21,16.21,16.21,16.21,0
1759242080,16.21,16.21,16.21,16.21,0
1759242085,16.21,16.21,16.21,16.21,0
1759242090,16.21,16.21,16.21,16.21,0
1759242095,16.21,16.21,16.21,16.21,0
1759242100,16.21,16.21,16.21,16.21,0
1759242105,16.2,16.2,16.2,16.2,0
1759242110,16.2,16.2,16.2,16.2,0
1759242115,16.2,16.2,16.2,16.2,0
1759242120,16.21,16.21,16.21,16.21,0
1759242125,16.21,16.21,16.21,16.21,0
1759242130,16.21,16.21,16.21,16.21,0
1759242135,16.21,16.21,16.21,16.21,0
1759242140,16.21,16.21,16.21,16.21,0
1759242145,16.21,16.21,16.21,16.21,0
1759242150,16.21,16.21,16.21,16.21,0
1759242155,16.21,16.21,16.21,16.21,0
1759242160,16.21,16.21,16.21,16.21,0
1759242165,16.17,16.17,16.17,16.17,0
1759242170,16.17,16.17,16.17,16.17,0
1759242175,16.17,16.17,16.17,16.17,0
1759242180,16.18,16.18,16.18,16.18,0
1759242185,16.18,16.18,16.18,16.18,0
1759242190,16.18,16.18,16.18,16.18,0
1759242195,16.2,16.2,16.2,16.2,0
1759242200,16.2,16.2,16.2,16.2,0
1759242205,16.2,16.2,16.2,16.2,0
1759242210,16.21,16.21,16.21,16.21,0
1759242215,16.21,16.21,16.21,16.21,0
1759242220,16.21,16.21,16.21,16.21,0
1759242225,16.22,16.22,16.22,16.22,0
1759242230,16.22,16.22,16.22,16.22,0
1759242235,16.22,16.22,16.22,16.22,0
1759242240,16.22,16.22,16.22,16.22,0
1759242245,16.22,16.22,16.22,16.22,0
1759242250,16.22,16.22,16.22,16.22,0
1759242255,16.22,16.22,16.22,16.22,0
1759242260,16.22,16.22,16.22,16.22,0
1759242265,16.22,16.22,16.22,16.22,0
1759242270,16.25,16.25,16.25,16.25,0
1759242275,16.25,16.25,16.25,16.25,0
1759242280,16.25,16.25,16.25,16.25,0
1759242285,16.26,16.26,16.26,16.26,0
1759242290,16.26,16.26,16.26,16.26,0
1759242295,16.26,16.26,16.26,16.26,0
1759242300,16.25,16.25,16.25,16.25,0
1759242305,16.25,16.25,16.25,16.25,0
1759242310,16.25,16.25,16.25,16.25,0
1759242315,16.26,16.26,16.26,16.26,0
1759242320,16.26,16.26,16.26,16.26,0
1759242325,16.26,16.26,16.26,16.26,0
1759242330,16.26,16.26,16.26,16.26,0
1759242335,16.26,16.26,16.26,16.26,0
1759242340,16.26,16.26,16.26,16.26,0
1759242345,16.26,16.26,16.26,16.26,0
1759242350,16.26,16.26,16.26,16.26,0
1759242355,16.26,16.26,16.26,16.26,0
1759242360,16.26,16.26,16.26,16.26,0
1759242365,16.26,16.26,16.26,16.26,0
1759242370,16.26,16.26,16.26,16.26,0
1759242375,16.27,16.27,16.27,16.27,0
1759242380,16.27,16.27,16.27,16.27,0
1759242385,16.27,16.27,16.27,16.27,0
1759242390,16.27,16.27,16.27,16.27,0
1759242395,16.27,16.27,16.27,16.27,0
1759242400,16.27,16.27,16.27,16.27,0
1759242405,16.28,16.28,16.28,16.28,0
1759242410,16.28,16.28,16.28,16.28,0
1759242415,16.28,16.28,16.28,16.28,0
1759242420,16.28,16.28,16.28,16.28,0
1759242425,16.28,16.28,16.28,16.28,0
1759242430,16.28,16.28,16.28,16.28,0
1759242435,16.28,16.28,16.28,16.28,0
1759242440,16.28,16.28,16.28,16.28,0
1759242445,16.28,16.28,16.28,16.28,0
1759242450,16.26,16.26,16.26,16.26,0
1759242455,16.26,16.26,16.26,16.26,0
1759242460,16.26,16.26,16.26,16.26,0
1759242465,16.23,16.23,16.23,16.23,0
1759242470,16.23,16.23,16.23,16.23,0
1759242475,16.23,16.23,16.23,16.23,0
1759242480,16.25,16.25,16.25,16.25,0
1759242485,16.25,16.25,16.25,16.25,0
1759242490,16.25,16.25,16.25,16.25,0
1759242495,16.25,16.25,16.25,16.25,0
1759242500,16.25,16.25,16.25,16.25,0
1759242505,16.25,16.25,16.25,16.25,0
1759242510,16.25,16.25,16.25,16.25,0
1759242515,16.25,16.25,16.25,16.25,0
1759242520,16.25,16.25,16.25,16.25,0
1759242525,16.26,16.26,16.26,16.26,0
1759242530,16.26,16.26,16.26,16.26,0
1759242535,16.26,16.26,16.26,16.26,0
1759242540,16.27,16.27,16.27,16.27,0
1759242545,16.27,16.27,16.27,16.27,0
1759242550,16.27,16.27,16.27,16.27,0
1759242555,16.26,16.26,16.26,16.26,0
1759242560,16.26,16.26,16.26,16.26,0
1759242565,16.26,16.26,16.26,16.26,0
1759242570,16.24,16.24,16.24,16.24,0
1759242575,16.24,16.24,16.24,16.24,0
1759242580,16.24,16.24,16.24,16.24,0
1759242585,16.24,16.24,16.24,16.24,0
1759242590,16.24,16.24,16.24,16.24,0
1759242595,16.24,16.24,16.24,16.24,0
1759242600,16.24,16.24,16.24,16.24,0
1759242605,16.24,16.24,16.24,16.24,0
1759242610,16.24,16.24,16.24,16.24,0
1759242615,16.25,16.25,16.25,16.25,0
1759242620,16.25,16.25,16.25,16.25,0
1759242625,16.25,16.25,16.25,16.25,0
1759242630,16.26,16.26,16.26,16.26,0
1759242635,16.26,16.26,16.26,16.26,0
1759242640,16.26,16.26,16.26,16.26,0
1759242645,16.23,16.23,16.23,16.23,0
1759242650,16.23,16.23,16.23,16.23,0
1759242655,16.23,16.23,16.23,16.23,0
1759242660,16.22,16.22,16.22,16.22,0
1759242665,16.22,16.22,16.22,16.22,0
1759242670,16.22,16.22,16.22,16.22,0
1759242675,16.22,16.22,16.22,16.22,0
1759242680,16.22,16.22,16.22,16.22,0
1759242685,16.22,16.22,16.22,16.22,0
1759242690,16.19,16.19,16.19,16.19,0
1759242695,16.19,16.19,16.19,16.19,0
1759242700,16.19,16.19,16.19,16.19,0
1759242705,16.18,16.18,16.18,16.18,0
1759242710,16.18,16.18,16.18,16.18,0
1759242715,16.18,16.18,16.18,16.18,0
1759242720,16.21,16.21,16.21,16.21,0
1759242725,16.21,16.21,16.21,16.21,0
1759242730,16.21,16.21,16.21,16.21,0
1759242735,16.21,16.21,16.21,16.21,0
1759242740,16.21,16.21,16.21,16.21,0
1759242745,16.21,16.21,16.21,16.21,0
1759242750,16.23,16.23,16.23,16.23,0
1759242755,16.23,16.23,16.23,16.23,0
1759242760,16.23,16.23,16.23,16.23,0
1759242765,16.21,16.21,16.21,16.21,0
1759242770,16.21,16.21,16.21,16.21,0
1759242775,16.21,16.21,16.21,16.21,0
1759242780,16.21,16.21,16.21,16.21,0
1759242785,16.21,16.21,16.21,16.21,0
1759242790,16.21,16.21,16.21,16.21,0
1759242795,16.2,16.2,16.2,16.2,0
1759242800,16.2,16.2,16.2,16.2,0
1759242805,16.2,16.2,16.2,16.2,0
1759242810,16.25,16.25,16.25,16.25,0
1759242815,16.25,16.25,16.25,16.25,0
1759242820,16.25,16.25,16.25,16.25,0
1759242825,16.28,16.28,16.28,16.28,0
1759242830,16.28,16.28,16.28,16.28,0
1759242835,16.28,16.28,16.28,16.28,0
1759242840,16.28,16.28,16.28,16.28,0
1759242845,16.28,16.28,16.28,16.28,0
1759242850,16.28,16.28,16.28,16.28,0
1759242855,16.3,16.3,16.3,16.3,0
1759242860,16.3,16.3,16.3,16.3,0
1759242865,16.3,16.3,16.3,16.3,0
1759242870,16.3,16.3,16.3,16.3,0
1759242875,16.3,16.3,16.3,16.3,0
1759242880,16.3,16.3,16.3,16.3,0
1759242885,16.29,16.29,16.29,16.29,0
1759242890,16.29,16.29,16.29,16.29,0
1759242895,16.29,16.29,16.29,16.29,0
1759242900,16.28,16.28,16.28,16.28,0
1759242905,16.28,16.28,16.28,16.28,0
1759242910,16.28,16.28,16.28,16.28,0
1759242915,16.28,16.28,16.28,16.28,0
1759242920,16.28,16.28,16.28,16.28,0
1759242925,16.28,16.28,16.28,16.28,0
1759242930,16.3,16.3,16.3,16.3,0
1759242935,16.3,16.3,16.3,16.3,0
1759242940,16.3,16.3,16.3,16.3,0
1759242945,16.32,16.32,16.32,16.32,0
1759242950,16.32,16.32,16.32,16.32,0
1759242955,16.32,16.32,16.32,16.32,0
1759242960,16.3,16.3,16.3,16.3,0
1759242965,16.3,16.3,16.3,16.3,0
1759242970,16.3,16.3,16.3,16.3,0
1759242975,16.29,16.29,16.29,16.29,0
1759242980,16.29,16.29,16.29,16.29,0
1759242985,16.29,16.29,16.29,16.29,0
1759242990,16.29,16.29,16.29,16.29,0
1759242995,16.29,16.29,16.29,16.29,0
1759243000,16.29,16.29,16.29,16.29,0
1759243005,16.31,16.31,16.31,16.31,0
1759243010,16.31,16.31,16.31,16.31,0
1759243015,16.31,16.31,16.31,16.31,0
1759243020,16.33,16.33,16.33,16.33,0
1759243025,16.33,16.33,16.33,16.33,0
1759243030,16.33,16.33,16.33,16.33,0
1759243035,16.34,16.34,16.34,16.34,0
1759243040,16.34,16.34,16.34,16.34,0
1759243045,16.34,16.34,16.34,16.34,0
1759243050,16.34,16.34,16.34,16.34,0
1759243055,16.34,16.34,16.34,16.34,0
1759243060,16.34,16.34,16.34,16.34,0
1759243065,16.34,16.34,16.34,16.34,0
1759243070,16.34,16.34,16.34,16.34,0
1759243075,16.34,16.34,16.34,16.34,0
1759243080,16.34,16.34,16.34,16.34,0
1759243085,16.34,16.34,16.34,16.34,0
1759243090,16.34,16.34,16.34,16.34,0
1759243095,16.35,16.35,16.35,16.35,0
1759243100,16.35,16.35,16.35,16.35,0
1759243105,16.35,16.35,16.35,16.35,0
1759243110,16.4,16.4,16.4,16.4,0
1759243115,16.4,16.4,16.4,16.4,0
1759243120,16.4,16.4,16.4,16.4,0
1759243125,16.39,16.39,16.39,16.39,0
1759243130,16.39,16.39,16.39,16.39,0
1759243135,16.39,16.39,16.39,16.39,0
1759243140,16.4,16.4,16.4,16.4,0
1759243145,16.4,16.4,16.4,16.4,0
1759243150,16.4,16.4,16.4,16.4,0
1759243155,16.44,16.44,16.44,16.44,0
1759243160,16.44,16.44,16.44,16.44,0
1759243165,16.44,16.44,16.44,16.44,0
1759243170,16.43,16.43,16.43,16.43,0
1759243175,16.43,16.43,16.43,16.43,0
1759243180,16.43,16.43,16.43,16.43,0
1759243185,16.45,16.45,16.45,16.45,0
1759243190,16.45,16.45,16.45,16.45,0
1759243195,16.45,16.45,16.45,16.45,0
1759243200,16.44,16.44,16.44,16.44,0
1759243205,16.44,16.44,16.44,16.44,0
1759243210,16.44,16.44,16.44,16.44,0
1759243215,16.46,16.46,16.46,16.46,0
1759243220,16.46,16.46,16.46,16.46,0
1759243225,16.46,16.46,16.46,16.46,0
1759243230,16.45,16.45,16.45,16.45,0
1759243235,16.45,16.45,16.45,16.45,0
1759243240,16.45,16.45,16.45,16.45,0
1759243245,16.43,16.43,16.43,16.43,0
1759243250,16.43,16.43,16.43,16.43,0
1759243255,16.43,16.43,16.43,16.43,0
1759243260,16.43,16.43,16.43,16.43,0
1759243265,16.43,16.43,16.43,16.43,0
1759243270,16.43,16.43,16.43,16.43,0
1759243275,16.44,16.44,16.44,16.44,0
1759243280,16.44,16.44,16.44,16.44,0
1759243285,16.44,16.44,16.44,16.44,0
1759243290,16.43,16.43,16.43,16.43,0
1759243295,16.43,16.43,16.43,16.43,0
1759243300,16.43,16.43,16.43,16.43,0
1759243305,16.39,16.39,16.39,16.39,0
1759243310,16.39,16.39,16.39,16.39,0
1759243315,16.39,16.39,16.39,16.39,0
1759243320,16.37,16.37,16.37,16.37,0
1759243325,16.37,16.37,16.37,16.37,0
1759243330,16.37,16.37,16.37,16.37,0
1759243335,16.4,16.4,16.4,16.4,0
1759243340,16.4,16.4,16.4,16.4,0
1759243345,16.4,16.4,16.4,16.4,0
1759243350,16.4,16.4,16.4,16.4,0
1759243355,16.4,16.4,16.4,16.4,0
1759243360,16.4,16.4,16.4,16.4,0
1759243365,16.4,16.4,16.4,16.4,0
1759243370,16.4,16.4,16.4,16.4,0
1759243375,16.4,16.4,16.4,16.4,0
1759243380,16.42,16.42,16.42,16.42,0
1759243385,16.42,16.42,16.42,16.42,0
1759243390,16.42,16.42,16.42,16.42,0
1759243395,16.43,16.43,16.43,16.43,0
1759243400,16.43,16.43,16.43,16.43,0
1759243405,16.43,16.43,16.43,16.43,0
1759243410,16.43,16.43,16.43,16.43,0
1759243415,16.43,16.43,16.43,16.43,0
1759243420,16.43,16.43,16.43,16.43,0
1759243425,16.43,16.43,16.43,16.43,0
1759243430,16.43,16.43,16.43,16.43,0
1759243435,16.43,16.43,16.43,16.43,0
1759243440,16.43,16.43,16.43,16.43,0
1759243445,16.43,16.43,16.43,16.43,0
1759243450,16.43,16.43,16.43,16.43,0
1759243455,16.41,16.41,16.41,16.41,0
1759243460,16.41,16.41,16.41,16.41,0
1759243465,16.41,16.41,16.41,16.41,0
1759243470,16.4,16.4,16.4,16.4,0
1759243475,16.4,16.4,16.4,16.4,0
1759243480,16.4,16.4,16.4,16.4,0
1759243485,16.38,16.38,16.38,16.38,0
1759243490,16.38,16.38,16.38,16.38,0
1759243495,16.38,16.38,16.38,16.38,0
1759243500,16.37,16.37,16.37,16.37,0
1759243505,16.37,16.37,16.37,16.37,0
1759243510,16.37,16.37,16.37,16.37,0
1759243515,16.32,16.32,16.32,16.32,0
1759243520,16.32,16.32,16.32,16.32,0
1759243525,16.32,16.32,16.32,16.32,0
1759243530,16.28,16.28,16.28,16.28,0
1759243535,16.28,16.28,16.28,16.28,0
1759243540,16.28,16.28,16.28,16.28,0
1759243545,16.26,16.26,16.26,16.26,0
1759243550,16.26,16.26,16.26,16.26,0
1759243555,16.26,16.26,16.26,16.26,0
1759243560,16.26,16.26,16.26,16.26,0
1759243565,16.26,16.26,16.26,16.26,0
1759243570,16.26,16.26,16.26,16.26,0
1759243575,16.26,16.26,16.26,16.26,0
1759243580,16.26,16.26,16.26,16.26,0
1759243585,16.26,16.26,16.26,16.26,0
1759243590,16.28,16.28,16.28,16.28,0
1759243595,16.28,16.28,16.28,16.28,0
1759243600,16.28,16.28,16.28,16.28,0
1759243605,16.27,16.27,16.27,16.27,0
1759243610,16.27,16.27,16.27,16.27,0
1759243615,16.27,16.27,16.27,16.27,0
1759243620,16.26,16.26,16.26,16.26,0
1759243625,16.26,16.26,16.26,16.26,0
1759243630,16.26,16.26,16.26,16.26,0
1759243635,16.25,16.25,16.25,16.25,0
1759243640,16.25,16.25,16.25,16.25,0
1759243645,16.25,16.25,16.25,16.25,0
1759243650,16.25,16.25,16.25,16.25,0
1759243655,16.25,16.25,16.25,16.25,0
1759243660,16.25,16.25,16.25,16.25,0
1759243665,16.24,16.24,16.24,16.24,0
1759243670,16.24,16.24,16.24,16.24,0
1759243675,16.24,16.24,16.24,16.24,0
1759243680,16.24,16.24,16.24,16.24,0
1759243685,16.24,16.24,16.24,16.24,0
1759243690,16.24,16.24,16.24,16.24,0
1759243695,16.19,16.19,16.19,16.19,0
1759243700,16.19,16.19,16.19,16.19,0
1759243705,16.19,16.19,16.19,16.19,0
1759243710,16.17,16.17,16.17,16.17,0
1759243715,16.17,16.17,16.17,16.17,0
1759243720,16.17,16.17,16.17,16.17,0
1759243725,16.17,16.17,16.17,16.17,0
1759243730,16.17,16.17,16.17,16.17,0
1759243735,16.17,16.17,16.17,16.17,0
1759243740,16.17,16.17,16.17,16.17,0
1759243745,16.17,16.17,16.17,16.17,0
1759243750,16.17,16.17,16.17,16.17,0
1759243755,16.17,16.17,16.17,16.17,0
1759243760,16.17,16.17,16.17,16.17,0
1759243765,16.17,16.17,16.17,16.17,0
1759243770,16.18,16.18,16.18,16.18,0
1759243775,16.18,16.18,16.18,16.18,0
1759243780,16.18,16.18,16.18,16.18,0
1759243785,16.19,16.19,16.19,16.19,0
1759243790,16.19,16.19,16.19,16.19,0
1759243795,16.19,16.19,16.19,16.19,0
1759243800,16.19,16.19,16.19,16.19,0
1759243805,16.19,16.19,16.19,16.19,0
1759243810,16.19,16.19,16.19,16.19,0
1759243815,16.21,16.21,16.21,16.21,0
1759243820,16.21,16.21,16.21,16.21,0
1759243825,16.21,16.21,16.21,16.21,0
1759243830,16.2,16.2,16.2,16.2,0
1759243835,16.2,16.2,16.2,16.2,0
1759243840,16.2,16.2,16.2,16.2,0
1759243845,16.2,16.2,16.2,16.2,0
1759243850,16.2,16.2,16.2,16.2,0
1759243855,16.2,16.2,16.2,16.2,0
1759243860,16.21,16.21,16.21,16.21,0
1759243865,16.21,16.21,16.21,16.21,0
1759243870,16.21,16.21,16.21,16.21,0
1759243875,16.2,16.2,16.2,16.2,0
1759243880,16.2,16.2,16.2,16.2,0
1759243885,16.2,16.2,16.2,16.2,0
1759243890,16.21,16.21,16.21,16.21,0
1759243895,16.21,16.21,16.21,16.21,0
1759243900,16.21,16.21,16.21,16.21,0
1759243905,16.22,16.22,16.22,16.22,0
1759243910,16.22,16.22,16.22,16.22,0
1759243915,16.22,16.22,16.22,16.22,0
1759243920,16.21,16.21,16.21,16.21,0
1759243925,16.21,16.21,16.21,16.21,0
1759243930,16.21,16.21,16.21,16.21,0
1759243935,16.2,16.2,16.2,16.2,0
1759243940,16.2,16.2,16.2,16.2,0
1759243945,16.2,16.2,16.2,16.2,0
1759243950,16.21,16.21,16.21,16.21,0
1759243955,16.21,16.21,16.21,16.21,0
1759243960,16.21,16.21,16.21,16.21,0
1759243965,16.21,16.21,16.21,16.21,0
1759243970,16.21,16.21,16.21,16.21,0
1759243975,16.21,16.21,16.21,16.21,0
1759243980,16.21,16.21,16.21,16.21,0
1759243985,16.21,16.21,16.21,16.21,0
1759243990,16.21,16.21,16.21,16.21,0
1759243995,16.24,16.24,16.24,16.24,0
1759244000,16.24,16.24,16.24,16.24,0
1759244005,16.24,16.24,16.24,16.24,0
1759244010,16.22,16.22,16.22,16.22,0
1759244015,16.22,16.22,16.22,16.22,0
1759244020,16.22,16.22,16.22,16.22,0
1759244025,16.23,16.23,16.23,16.23,0
1759244030,16.23,16.23,16.23,16.23,0
1759244035,16.23,16.23,16.23,16.23,0
1759244040,16.22,16.22,16.22,16.22,0
1759244045,16.22,16.22,16.22,16.22,0
1759244050,16.22,16.22,16.22,16.22,0
1759244055,16.22,16.22,16.22,16.22,0
1759244060,16.22,16.22,16.22,16.22,0
1759244065,16.22,16.22,16.22,16.22,0
1759244070,16.24,16.24,16.24,16.24,0
1759244075,16.24,16.24,16.24,16.24,0
1759244080,16.24,16.24,16.24,16.24,0
1759244085,16.25,16.25,16.25,16.25,0
1759244090,16.25,16.25,16.25,16.25,0
1759244095,16.25,16.25,16.25,16.25,0
1759244100,16.24,16.24,16.24,16.24,0
1759244105,16.24,16.24,16.24,16.24,0
1759244110,16.24,16.24,16.24,16.24,0
1759244115,16.24,16.24,16.24,16.24,0
1759244120,16.24,16.24,16.24,16.24,0
1759244125,16.24,16.24,16.24,16.24,0
1759244130,16.21,16.21,16.21,16.21,0
1759244135,16.21,16.21,16.21,16.21,0
1759244140,16.21,16.21,16.21,16.21,0
1759244145,16.18,16.18,16.18,16.18,0
1759244150,16.18,16.18,16.18,16.18,0
1759244155,16.18,16.18,16.18,16.18,0
1759244160,16.18,16.18,16.18,16.18,0
1759244165,16.18,16.18,16.18,16.18,0
1759244170,16.18,16.18,16.18,16.18,0
1759244175,16.2,16.2,16.2,16.2,0
1759244180,16.2,16.2,16.2,16.2,0
1759244185,16.2,16.2,16.2,16.2,0
1759244190,16.23,16.23,16.23,16.23,0
1759244195,16.23,16.23,16.23,16.23,0
1759244200,16.23,16.23,16.23,16.23,0
1759244205,16.22,16.22,16.22,16.22,0
1759244210,16.22,16.22,16.22,16.22,0
1759244215,16.22,16.22,16.22,16.22,0
1759244220,16.21,16.21,16.21,16.21,0
1759244225,16.21,16.21,16.21,16.21,0
1759244230,16.21,16.21,16.21,16.21,0
1759244235,16.2,16.2,16.2,16.2,0
1759244240,16.2,16.2,16.2,16.2,0
1759244245,16.2,16.2,16.2,16.2,0
1759244250,16.22,16.22,16.22,16.22,0
1759244255,16.22,16.22,16.22,16.22,0
1759244260,16.22,16.22,16.22,16.22,0
1759244265,16.21,16.21,16.21,16.21,0
1759244270,16.21,16.21,16.21,16.21,0
1759244275,16.21,16.21,16.21,16.21,0
1759244280,16.2,16.2,16.2,16.2,0
1759244285,16.2,16.2,16.2,16.2,0
1759244290,16.2,16.2,16.2,16.2,0
1759244295,16.2,16.2,16.2,16.2,0
1759244300,16.2,16.2,16.2,16.2,0
1759244305,16.2,16.2,16.2,16.2,0
1759244310,16.21,16.21,16.21,16.21,0
1759244315,16.21,16.21,16.21,16.21,0
1759244320,16.21,16.21,16.21,16.21,0
1759244325,16.2,16.2,16.2,16.2,0
1759244330,16.2,16.2,16.2,16.2,0
1759244335,16.2,16.2,16.2,16.2,0
1759244340,16.19,16.19,16.19,16.19,0
1759244345,16.19,16.19,16.19,16.19,0
1759244350,16.19,16.19,16.19,16.19,0
1759244355,16.19,16.19,16.19,16.19,0
1759244360,16.19,16.19,16.19,16.19,0
1759244365,16.19,16.19,16.19,16.19,0
1759244370,16.19,16.19,16.19,16.19,0
1759244375,16.19,16.19,16.19,16.19,0
1759244380,16.19,16.19,16.19,16.19,0
1759244385,16.19,16.19,16.19,16.19,0
1759244390,16.19,16.19,16.19,16.19,0
1759244395,16.19,16.19,16.19,16.19,0
1759244400,16.18,16.18,16.18,16.18,0
1759244405,16.18,16.18,16.18,16.18,0
1759244410,16.18,16.18,16.18,16.18,0
1759244415,16.19,16.19,16.19,16.19,0
1759244420,16.19,16.19,16.19,16.19,0
1759244425,16.19,16.19,16.19,16.19,0
1759244430,16.18,16.18,16.18,16.18,0
1759244435,16.18,16.18,16.18,16.18,0
1759244440,16.18,16.18,16.18,16.18,0
1759244445,16.17,16.17,16.17,16.17,0
1759244450,16.17,16.17,16.17,16.17,0
1759244455,16.17,16.17,16.17,16.17,0
1759244460,16.17,16.17,16.17,16.17,0
1759244465,16.17,16.17,16.17,16.17,0
1759244470,16.17,16.17,16.17,16.17,0
1759244475,16.16,16.16,16.16,16.16,0
1759244480,16.16,16.16,16.16,16.16,0
1759244485,16.16,16.16,16.16,16.16,0
1759244490,16.16,16.16,16.16,16.16,0
1759244495,16.16,16.16,16.16,16.16,0
1759244500,16.16,16.16,16.16,16.16,0
1759244505,16.16,16.16,16.16,16.16,0
1759244510,16.16,16.16,16.16,16.16,0
1759244515,16.16,16.16,16.16,16.16,0
1759244520,16.17,16.17,16.17,16.17,0
1759244525,16.17,16.17,16.17,16.17,0
1759244530,16.17,16.17,16.17,16.17,0
1759244535,16.15,16.15,16.15,16.15,0
1759244540,16.15,16.15,16.15,16.15,0
1759244545,16.15,16.15,16.15,16.15,0
1759244550,16.17,16.17,16.17,16.17,0
1759244555,16.17,16.17,16.17,16.17,0
1759244560,16.17,16.17,16.17,16.17,0
1759244565,16.17,16.17,16.17,16.17,0
1759244570,16.17,16.17,16.17,16.17,0
1759244575,16.17,16.17,16.17,16.17,0
1759244580,16.18,16.18,16.18,16.18,0
1759244585,16.18,16.18,16.18,16.18,0
1759244590,16.18,16.18,16.18,16.18,0
1759244595,16.17,16.17,16.17,16.17,0
1759244600,16.17,16.17,16.17,16.17,0
1759244605,16.17,16.17,16.17,16.17,0
1759244610,16.18,16.18,16.18,16.18,0
1759244615,16.18,16.18,16.18,16.18,0
1759244620,16.18,16.18,16.18,16.18,0
1759244625,16.18,16.18,16.18,16.18,0
1759244630,16.18,16.18,16.18,16.18,0
1759244635,16.18,16.18,16.18,16.18,0
1759244640,16.18,16.18,16.18,16.18,0
1759244645,16.18,16.18,16.18,16.18,0
1759244650,16.18,16.18,16.18,16.18,0
1759244655,16.2,16.2,16.2,16.2,0
1759244660,16.2,16.2,16.2,16.2,0
1759244665,16.2,16.2,16.2,16.2,0
1759244670,16.19,16.19,16.19,16.19,0
1759244675,16.19,16.19,16.19,16.19,0
1759244680,16.19,16.19,16.19,16.19,0
1759244685,16.17,16.17,16.17,16.17,0
1759244690,16.17,16.17,16.17,16.17,0
1759244695,16.17,16.17,16.17,16.17,0
1759244700,16.16,16.16,16.16,16.16,0
1759244705,16.16,16.16,16.16,16.16,0
1759244710,16.16,16.16,16.16,16.16,0
1759244715,16.17,16.17,16.17,16.17,0
1759244720,16.17,16.17,16.17,16.17,0
1759244725,16.17,16.17,16.17,16.17,0
1759244730,16.17,16.17,16.17,16.17,0
1759244735,16.17,16.17,16.17,16.17,0
1759244740,16.17,16.17,16.17,16.17,0
1759244745,16.17,16.17,16.17,16.17,0
1759244750,16.17,16.17,16.17,16.17,0
1759244755,16.17,16.17,16.17,16.17,0
1759244760,16.16,16.16,16.16,16.16,0
1759244765,16.16,16.16,16.16,16.16,0
1759244770,16.16,16.16,16.16,16.16,0
1759244775,16.16,16.16,16.16,16.16,0
1759244780,16.16,16.16,16.16,16.16,0
1759244785,16.16,16.16,16.16,16.16,0
1759244790,16.19,16.19,16.19,16.19,0
1759244795,16.19,16.19,16.19,16.19,0
1759244800,16.19,16.19,16.19,16.19,0
1759244805,16.18,16.18,16.18,16.18,0
1759244810,16.18,16.18,16.18,16.18,0
1759244815,16.18,16.18,16.18,16.18,0
1759244820,16.19,16.19,16.19,16.19,0
1759244825,16.19,16.19,16.19,16.19,0
1759244830,16.19,16.19,16.19,16.19,0
1759244835,16.18,16.18,16.18,16.18,0
1759244840,16.18,16.18,16.18,16.18,0
1759244845,16.18,16.18,16.18,16.18,0
1759244850,16.19,16.19,16.19,16.19,0
1759244855,16.19,16.19,16.19,16.19,0
1759244860,16.19,16.19,16.19,16.19,0
1759244865,16.19,16.19,16.19,16.19,0
1759244870,16.19,16.19,16.19,16.19,0
1759244875,16.19,16.19,16.19,16.19,0
1759244880,16.19,16.19,16.19,16.19,0
1759244885,16.19,16.19,16.19,16.19,0
1759244890,16.19,16.19,16.19,16.19,0
1759244895,16.18,16.18,16.18,16.18,0
1759244900,16.18,16.18,16.18,16.18,0
1759244905,16.18,16.18,16.18,16.18,0
1759244910,16.18,16.18,16.18,16.18,0
1759244915,16.18,16.18,16.18,16.18,0
1759244920,16.18,16.18,16.18,16.18,0
1759244925,16.18,16.18,16.18,16.18,0
1759244930,16.18,16.18,16.18,16.18,0
1759244935,16.18,16.18,16.18,16.18,0
1759244940,16.17,16.17,16.17,16.17,0
1759244945,16.17,16.17,16.17,16.17,0
1759244950,16.17,16.17,16.17,16.17,0
1759244955,16.17,16.17,16.17,16.17,0
1759244960,16.17,16.17,16.17,16.17,0
1759244965,16.17,16.17,16.17,16.17,0
1759244970,16.17,16.17,16.17,16.17,0
1759244975,16.17,16.17,16.17,16.17,0
1759244980,16.17,16.17,16.17,16.17,0
1759244985,16.17,16.17,16.17,16.17,0
1759244990,16.17,16.17,16.17,16.17,0
1759244995,16.17,16.17,16.17,16.17,0
1759245000,16.16,16.16,16.16,16.16,0
1759245005,16.16,16.16,16.16,16.16,0
1759245010,16.16,16.16,16.16,16.16,0
1759245015,16.17,16.17,16.17,16.17,0
1759245020,16.17,16.17,16.17,16.17,0
1759245025,16.17,16.17,16.17,16.17,0
1759245030,16.17,16.17,16.17,16.17,0
1759245035,16.17,16.17,16.17,16.17,0
1759245040,16.17,16.17,16.17,16.17,0
1759245045,16.18,16.18,16.18,16.18,0
1759245050,16.18,16.18,16.18,16.18,0
1759245055,16.18,16.18,16.18,16.18,0
1759245060,16.19,16.19,16.19,16.19,0
1759245065,16.19,16.19,16.19,16.19,0
1759245070,16.19,16.19,16.19,16.19,0
1759245075,16.2,16.2,16.2,16.2,0
1759245080,16.2,16.2,16.2,16.2,0
1759245085,16.2,16.2,16.2,16.2,0
1759245090,16.22,16.22,16.22,16.22,0
1759245095,16.22,16.22,16.22,16.22,0
1759245100,16.22,16.22,16.22,16.22,0
1759245105,16.22,16.22,16.22,16.22,0
1759245110,16.22,16.22,16.22,16.22,0
1759245115,16.22,16.22,16.22,16.22,0
1759245120,16.22,16.22,16.22,16.22,0
1759245125,16.22,16.22,16.22,16.22,0
1759245130,16.22,16.22,16.22,16.22,0
1759245135,16.21,16.21,16.21,16.21,0
1759245140,16.21,16.21,16.21,16.21,0
1759245145,16.21,16.21,16.21,16.21,0
1759245150,16.2,16.2,16.2,16.2,0
1759245155,16.2,16.2,16.2,16.2,0
1759245160,16.2,16.2,16.2,16.2,0
1759245165,16.18,16.18,16.18,16.18,0
1759245170,16.18,16.18,16.18,16.18,0
1759245175,16.18,16.18,16.18,16.18,0
1759245180,16.19,16.19,16.19,16.19,0
1759245185,16.19,16.19,16.19,16.19,0
1759245190,16.19,16.19,16.19,16.19,0
1759245195,16.19,16.19,16.19,16.19,0
1759245200,16.19,16.19,16.19,16.19,0
1759245205,16.19,16.19,16.19,16.19,0
1759245210,16.18,16.18,16.18,16.18,0
1759245215,16.18,16.18,16.18,16.18,0
1759245220,16.18,16.18,16.18,16.18,0
1759245225,16.2,16.2,16.2,16.2,0
1759245230,16.2,16.2,16.2,16.2,0
1759245235,16.2,16.2,16.2,16.2,0
1759245240,16.19,16.19,16.19,16.19,0
1759245245,16.19,16.19,16.19,16.19,0
1759245250,16.19,16.19,16.19,16.19,0
1759245255,16.21,16.21,16.21,16.21,0
1759245260,16.21,16.21,16.21,16.21,0
1759245265,16.21,16.21,16.21,16.21,0
1759245270,16.22,16.22,16.22,16.22,0
1759245275,16.22,16.22,16.22,16.22,0
1759245280,16.22,16.22,16.22,16.22,0
1759245285,16.23,16.23,16.23,16.23,0
1759245290,16.23,16.23,16.23,16.23,0
1759245295,16.23,16.23,16.23,16.23,0
1759245300,16.25,16.25,16.25,16.25,0
1759245305,16.25,16.25,16.25,16.25,0
1759245310,16.25,16.25,16.25,16.25,0
1759245315,16.23,16.23,16.23,16.23,0
1759245320,16.23,16.23,16.23,16.23,0
1759245325,16.23,16.23,16.23,16.23,0
1759245330,16.25,16.25,16.25,16.25,0
1759245335,16.25,16.25,16.25,16.25,0
1759245340,16.25,16.25,16.25,16.25,0
1759245345,16.25,16.25,16.25,16.25,0
1759245350,16.25,16.25,16.25,16.25,0
1759245355,16.25,16.25,16.25,16.25,0
1759245360,16.25,16.25,16.25,16.25,0
1759245365,16.25,16.25,16.25,16.25,0
1759245370,16.25,16.25,16.25,16.25,0
1759245375,16.26,16.26,16.26,16.26,0
1759245380,16.26,16.26,16.26,16.26,0
1759245385,16.26,16.26,16.26,16.26,0
1759245390,16.27,16.27,16.27,16.27,0
1759245395,16.27,16.27,16.27,16.27,0
1759245400,16.27,16.27,16.27,16.27,0
1759245405,16.28,16.28,16.28,16.28,0
1759245410,16.28,16.28,16.28,16.28,0
1759245415,16.28,16.28,16.28,16.28,0
1759245420,16.26,16.26,16.26,16.26,0
1759245425,16.26,16.26,16.26,16.26,0
1759245430,16.26,16.26,16.26,16.26,0
1759245435,16.28,16.28,16.28,16.28,0
1759245440,16.28,16.28,16.28,16.28,0
1759245445,16.28,16.28,16.28,16.28,0
1759245450,16.26,16.26,16.26,16.26,0
1759245455,16.26,16.26,16.26,16.26,0
1759245460,16.26,16.26,16.26,16.26,0
1759245465,16.29,16.29,16.29,16.29,0
1759245470,16.29,16.29,16.29,16.29,0
1759245475,16.29,16.29,16.29,16.29,0
1759245480,16.29,16.29,16.29,16.29,0
1759245485,16.29,16.29,16.29,16.29,0
1759245490,16.29,16.29,16.29,16.29,0
1759245495,16.3,16.3,16.3,16.3,0
1759245500,16.3,16.3,16.3,16.3,0
1759245505,16.3,16.3,16.3,16.3,0
1759245510,16.29,16.29,16.29,16.29,0
1759245515,16.29,16.29,16.29,16.29,0
1759245520,16.29,16.29,16.29,16.29,0
1759245525,16.29,16.29,16.29,16.29,0
1759245530,16.29,16.29,16.29,16.29,0
1759245535,16.29,16.29,16.29,16.29,0
1759245540,16.29,16.29,16.29,16.29,0
1759245545,16.29,16.29,16.29,16.29,0
1759245550,16.29,16.29,16.29,16.29,0
1759245555,16.29,16.29,16.29,16.29,0
1759245560,16.29,16.29,16.29,16.29,0
1759245565,16.29,16.29,16.29,16.29,0
1759245570,16.31,16.31,16.31,16.31,0
1759245575,16.31,16.31,16.31,16.31,0
1759245580,16.31,16.31,16.31,16.31,0
1759245585,16.31,16.31,16.31,16.31,0
1759245590,16.31,16.31,16.31,16.31,0
1759245595,16.31,16.31,16.31,16.31,0
1759245600,16.29,16.29,16.29,16.29,0
1759245605,16.29,16.29,16.29,16.29,0
1759245610,16.29,16.29,16.29,16.29,0
1759245615,16.29,16.29,16.29,16.29,0
1759245620,16.29,16.29,16.29,16.29,0
1759245625,16.29,16.29,16.29,16.29,0
1759245630,16.33,16.33,16.33,16.33,0
1759245635,16.33,16.33,16.33,16.33,0
1759245640,16.33,16.33,16.33,16.33,0
1759245645,16.37,16.37,16.37,16.37,0
1759245650,16.37,16.37,16.37,16.37,0
1759245655,16.37,16.37,16.37,16.37,0
1759245660,16.33,16.33,16.33,16.33,0
1759245665,16.33,16.33,16.33,16.33,0
1759245670,16.33,16.33,16.33,16.33,0
1759245675,16.33,16.33,16.33,16.33,0
1759245680,16.33,16.33,16.33,16.33,0
1759245685,16.33,16.33,16.33,16.33,0
1759245690,16.33,16.33,16.33,16.33,0
1759245695,16.33,16.33,16.33,16.33,0
1759245700,16.33,16.33,16.33,16.33,0
1759245705,16.34,16.34,16.34,16.34,0
1759245710,16.34,16.34,16.34,16.34,0
1759245715,16.34,16.34,16.34,16.34,0
1759245720,16.33,16.33,16.33,16.33,0
1759245725,16.33,16.33,16.33,16.33,0
1759245730,16.33,16.33,16.33,16.33,0
1759245735,16.32,16.32,16.32,16.32,0
1759245740,16.32,16.32,16.32,16.32,0
1759245745,16.32,16.32,16.32,16.32,0
1759245750,16.31,16.31,16.31,16.31,0
1759245755,16.31,16.31,16.31,16.31,0
1759245760,16.31,16.31,16.31,16.31,0
1759245765,16.32,16.32,16.32,16.32,0
1759245770,16.32,16.32,16.32,16.32,0
1759245775,16.32,16.32,16.32,16.32,0
1759245780,16.32,16.32,16.32,16.32,0
1759245785,16.32,16.32,16.32,16.32,0
1759245790,16.32,16.32,16.32,16.32,0
1759245795,16.31,16.31,16.31,16.31,0
1759245800,16.31,16.31,16.31,16.31,0
1759245805,16.31,16.31,16.31,16.31,0
1759245810,16.32,16.32,16.32,16.32,0
1759245815,16.32,16.32,16.32,16.32,0
1759245820,16.32,16.32,16.32,16.32,0
1759245825,16.32,16.32,16.32,16.32,0
1759245830,16.32,16.32,16.32,16.32,0
1759245835,16.32,16.32,16.32,16.32,0
1759245840,16.33,16.33,16.33,16.33,0
1759245845,16.33,16.33,16.33,16.33,0
1759245850,16.33,16.33,16.33,16.33,0
1759245855,16.35,16.35,16.35,16.35,0
1759245860,16.35,16.35,16.35,16.35,0
1759245865,16.35,16.35,16.35,16.35,0
1759245870,16.35,16.35,16.35,16.35,0
1759245875,16.35,16.35,16.35,16.35,0
1759245880,16.35,16.35,16.35,16.35,0
1759245885,16.34,16.34,16.34,16.34,0
1759245890,16.34,16.34,16.34,16.34,0
1759245895,16.34,16.34,16.34,16.34,0
1759245900,16.34,16.34,16.34,16.34,0
1759245905,16.34,16.34,16.34,16.34,0
1759245910,16.34,16.34,16.34,16.34,0
1759245915,16.37,16.37,16.37,16.37,0
1759245920,16.37,16.37,16.37,16.37,0
1759245925,16.37,16.37,16.37,16.37,0
1759245930,16.36,16.36,16.36,16.36,0
1759245935,16.36,16.36,16.36,16.36,0
1759245940,16.36,16.36,16.36,16.36,0
1759245945,16.37,16.37,16.37,16.37,0
1759245950,16.37,16.37,16.37,16.37,0
1759245955,16.37,16.37,16.37,16.37,0
1759245960,16.38,16.38,16.38,16.38,0
1759245965,16.38,16.38,16.38,16.38,0
1759245970,16.38,16.38,16.38,16.38,0
1759245975,16.38,16.38,16.38,16.38,0
1759245980,16.38,16.38,16.38,16.38,0
1759245985,16.38,16.38,16.38,16.38,0
1759245990,16.38,16.38,16.38,16.38,0
1759245995,16.38,16.38,16.38,16.38,0
1759246000,16.38,16.38,16.38,16.38,0
1759246005,16.39,16.39,16.39,16.39,0
1759246010,16.39,16.39,16.39,16.39,0
1759246015,16.39,16.39,16.39,16.39,0
1759246020,16.39,16.39,16.39,16.39,0
1759246025,16.39,16.39,16.39,16.39,0
1759246030,16.39,16.39,16.39,16.39,0
1759246035,16.43,16.43,16.43,16.43,0
1759246040,16.43,16.43,16.43,16.43,0
1759246045,16.43,16.43,16.43,16.43,0
1759246050,16.52,16.52,16.52,16.52,0
1759246055,16.52,16.52,16.52,16.52,0
1759246060,16.52,16.52,16.52,16.52,0
1759246065,16.45,16.45,16.45,16.45,0
1759246070,16.45,16.45,16.45,16.45,0
1759246075,16.45,16.45,16.45,16.45,0
1759246080,16.44,16.44,16.44,16.44,0
1759246085,16.44,16.44,16.44,16.44,0
1759246090,16.44,16.44,16.44,16.44,0
1759246095,16.44,16.44,16.44,16.44,0
1759246100,16.44,16.44,16.44,16.44,0
1759246105,16.44,16.44,16.44,16.44,0
1759246110,16.43,16.43,16.43,16.43,0
1759246115,16.43,16.43,16.43,16.43,0
1759246120,16.43,16.43,16.43,16.43,0
1759246125,16.44,16.44,16.44,16.44,0
1759246130,16.44,16.44,16.44,16.44,0
1759246135,16.44,16.44,16.44,16.44,0
1759246140,16.43,16.43,16.43,16.43,0
1759246145,16.43,16.43,16.43,16.43,0
1759246150,16.43,16.43,16.43,16.43,0
1759246155,16.4,16.4,16.4,16.4,0
1759246160,16.4,16.4,16.4,16.4,0
1759246165,16.4,16.4,16.4,16.4,0
1759246170,16.38,16.38,16.38,16.38,0
1759246175,16.38,16.38,16.38,16.38,0
1759246180,16.38,16.38,16.38,16.38,0
1759246185,16.35,16.35,16.35,16.35,0
1759246190,16.35,16.35,16.35,16.35,0
1759246195,16.35,16.35,16.35,16.35,0
1759246200,16.36,16.36,16.36,16.36,0
1759246205,16.36,16.36,16.36,16.36,0
1759246210,16.36,16.36,16.36,16.36,0
1759246215,16.38,16.38,16.38,16.38,0
1759246220,16.38,16.38,16.38,16.38,0
1759246225,16.38,16.38,16.38,16.38,0
1759246230,16.37,16.37,16.37,16.37,0
1759246235,16.37,16.37,16.37,16.37,0
1759246240,16.37,16.37,16.37,16.37,0
1759246245,16.36,16.36,16.36,16.36,0
1759246250,16.36,16.36,16.36,16.36,0
1759246255,16.36,16.36,16.36,16.36,0
1759246260,16.34,16.34,16.34,16.34,0
1759246265,16.34,16.34,16.34,16.34,0
1759246270,16.34,16.34,16.34,16.34,0
1759246275,16.35,16.35,16.35,16.35,0
1759246280,16.35,16.35,16.35,16.35,0
1759246285,16.35,16.35,16.35,16.35,0
1759246290,16.37,16.37,16.37,16.37,0
1759246295,16.37,16.37,16.37,16.37,0
1759246300,16.37,16.37,16.37,16.37,0
1759246305,16.35,16.35,16.35,16.35,0
1759246310,16.35,16.35,16.35,16.35,0
1759246315,16.35,16.35,16.35,16.35,0
1759246320,16.33,16.33,16.33,16.33,0
1759246325,16.33,16.33,16.33,16.33,0
1759246330,16.33,16.33,16.33,16.33,0
1759246335,16.32,16.32,16.32,16.32,0
1759246340,16.32,16.32,16.32,16.32,0
1759246345,16.32,16.32,16.32,16.32,0
1759246350,16.3,16.3,16.3,16.3,0
1759246355,16.3,16.3,16.3,16.3,0
1759246360,16.3,16.3,16.3,16.3,0
1759246365,16.29,16.29,16.29,16.29,0
1759246370,16.29,16.29,16.29,16.29,0
1759246375,16.29,16.29,16.29,16.29,0
1759246380,16.28,16.28,16.28,16.28,0
1759246385,16.28,16.28,16.28,16.28,0
1759246390,16.28,16.28,16.28,16.28,0
1759246395,16.29,16.29,16.29,16.29,0
1759246400,16.29,16.29,16.29,16.29,0
1759246405,16.29,16.29,16.29,16.29,0
1759246410,16.31,16.31,16.31,16.31,0
1759246415,16.31,16.31,16.31,16.31,0
1759246420,16.31,16.31,16.31,16.31,0
1759246425,16.35,16.35,16.35,16.35,0
1759246430,16.35,16.35,16.35,16.35,0
1759246435,16.35,16.35,16.35,16.35,0
1759246440,16.35,16.35,16.35,16.35,0
1759246445,16.35,16.35,16.35,16.35,0
1759246450,16.35,16.35,16.35,16.35,0
1759246455,16.35,16.35,16.35,16.35,0
1759246460,16.35,16.35,16.35,16.35,0
1759246465,16.35,16.35,16.35,16.35,0
1759246470,16.33,16.33,16.33,16.33,0
1759246475,16.33,16.33,16.33,16.33,0
1759246480,16.33,16.33,16.33,16.33,0
1759246485,16.35,16.35,16.35,16.35,0
1759246490,16.35,16.35,16.35,16.35,0
1759246495,16.35,16.35,16.35,16.35,0
1759246500,16.33,16.33,16.33,16.33,0
1759246505,16.33,16.33,16.33,16.33,0
1759246510,16.33,16.33,16.33,16.33,0
1759246515,16.36,16.36,16.36,16.36,0
1759246520,16.36,16.36,16.36,16.36,0
1759246525,16.36,16.36,16.36,16.36,0
1759246530,16.4,16.4,16.4,16.4,0
1759246535,16.4,16.4,16.4,16.4,0
1759246540,16.4,16.4,16.4,16.4,0
1759246545,16.42,16.42,16.42,16.42,0
1759246550,16.42,16.42,16.42,16.42,0
1759246555,16.42,16.42,16.42,16.42,0
1759246560,16.43,16.43,16.43,16.43,0
1759246565,16.43,16.43,16.43,16.43,0
1759246570,16.43,16.43,16.43,16.43,0
1759246575,16.4,16.4,16.4,16.4,0
1759246580,16.4,16.4,16.4,16.4,0
1759246585,16.4,16.4,16.4,16.4,0
1759246590,16.38,16.38,16.38,16.38,0
1759246595,16.38,16.38,16.38,16.38,0
1759246600,16.38,16.38,16.38,16.38,0
1759246605,16.38,16.38,16.38,16.38,0
1759246610,16.38,16.38,16.38,16.38,0
1759246615,16.38,16.38,16.38,16.38,0
1759246620,16.38,16.38,16.38,16.38,0
1759246625,16.38,16.38,16.38,16.38,0
1759246630,16.38,16.38,16.38,16.38,0
1759246635,16.4,16.4,16.4,16.4,0
1759246640,16.4,16.4,16.4,16.4,0
1759246645,16.4,16.4,16.4,16.4,0
1759246650,16.43,16.43,16.43,16.43,0
1759246655,16.43,16.43,16.43,16.43,0
1759246660,16.43,16.43,16.43,16.43,0
1759246665,16.44,16.44,16.44,16.44,0
1759246670,16.44,16.44,16.44,16.44,0
1759246675,16.44,16.44,16.44,16.44,0
1759246680,16.43,16.43,16.43,16.43,0
1759246685,16.43,16.43,16.43,16.43,0
1759246690,16.43,16.43,16.43,16.43,0
1759246695,16.45,16.45,16.45,16.45,0
1759246700,16.45,16.45,16.45,16.45,0
1759246705,16.45,16.45,16.45,16.45,0
1759246710,16.44,16.44,16.44,16.44,0
1759246715,16.44,16.44,16.44,16.44,0
1759246720,16.44,16.44,16.44,16.44,0
1759246725,16.46,16.46,16.46,16.46,0
1759246730,16.46,16.46,16.46,16.46,0
1759246735,16.46,16.46,16.46,16.46,0
1759246740,16.45,16.45,16.45,16.45,0
1759246745,16.45,16.45,16.45,16.45,0
1759246750,16.45,16.45,16.45,16.45,0
1759246755,16.45,16.45,16.45,16.45,0
1759246760,16.45,16.45,16.45,16.45,0
1759246765,16.45,16.45,16.45,16.45,0
1759246770,16.45,16.45,16.45,16.45,0
1759246775,16.45,16.45,16.45,16.45,0
1759246780,16.45,16.45,16.45,16.45,0
1759246785,16.46,16.46,16.46,16.46,0
1759246790,16.46,16.46,16.46,16.46,0
1759246795,16.46,16.46,16.46,16.46,0
1759246800,16.48,16.48,16.48,16.48,0
1759246805,16.48,16.48,16.48,16.48,0
1759246810,16.48,16.48,16.48,16.48,0
1759246815,16.48,16.48,16.48,16.48,0
1759246820,16.48,16.48,16.48,16.48,0
1759246825,16.48,16.48,16.48,16.48,0
1759246830,16.45,16.45,16.45,16.45,0
1759246835,16.45,16.45,16.45,16.45,0
1759246840,16.45,16.45,16.45,16.45,0
1759246845,16.47,16.47,16.47,16.47,0
1759246850,16.47,16.47,16.47,16.47,0
1759246855,16.47,16.47,16.47,16.47,0
1759246860,16.47,16.47,16.47,16.47,0
1759246865,16.47,16.47,16.47,16.47,0
1759246870,16.47,16.47,16.47,16.47,0
1759246875,16.44,16.44,16.44,16.44,0
1759246880,16.44,16.44,16.44,16.44,0
1759246885,16.44,16.44,16.44,16.44,0
1759246890,16.48,16.48,16.48,16.48,0
1759246895,16.48,16.48,16.48,16.48,0
1759246900,16.48,16.48,16.48,16.48,0
1759246905,16.47,16.47,16.47,16.47,0
1759246910,16.47,16.47,16.47,16.47,0
1759246915,16.47,16.47,16.47,16.47,0
1759246920,16.46,16.46,16.46,16.46,0
1759246925,16.46,16.46,16.46,16.46,0
1759246930,16.46,16.46,16.46,16.46,0
1759246935,16.48,16.48,16.48,16.48,0
1759246940,16.48,16.48,16.48,16.48,0
1759246945,16.48,16.48,16.48,16.48,0
1759246950,16.47,16.47,16.47,16.47,0
1759246955,16.47,16.47,16.47,16.47,0
1759246960,16.47,16.47,16.47,16.47,0
1759246965,16.46,16.46,16.46,16.46,0
1759246970,16.46,16.46,16.46,16.46,0
1759246975,16.46,16.46,16.46,16.46,0
1759246980,16.45,16.45,16.45,16.45,0
1759246985,16.45,16.45,16.45,16.45,0
1759246990,16.45,16.45,16.45,16.45,0
1759246995,16.46,16.46,16.46,16.46,0
1759247000,16.46,16.46,16.46,16.46,0
1759247005,16.46,16.46,16.46,16.46,0
1759247010,16.46,16.46,16.46,16.46,0
1759247015,16.46,16.46,16.46,16.46,0
1759247020,16.46,16.46,16.46,16.46,0
1759247025,16.5,16.5,16.5,16.5,0
1759247030,16.5,16.5,16.5,16.5,0
1759247035,16.5,16.5,16.5,16.5,0
1759247040,16.5,16.5,16.5,16.5,0
1759247045,16.5,16.5,16.5,16.5,0
1759247050,16.5,16.5,16.5,16.5,0
1759247055,16.51,16.51,16.51,16.51,0
1759247060,16.51,16.51,16.51,16.51,0
1759247065,16.51,16.51,16.51,16.51,0
1759247070,16.53,16.53,16.53,16.53,0
1759247075,16.53,16.53,16.53,16.53,0
1759247080,16.53,16.53,16.53,16.53,0
1759247085,16.53,16.53,16.53,16.53,0
1759247090,16.53,16.53,16.53,16.53,0
1759247095,16.53,16.53,16.53,16.53,0
1759247100,16.51,16.51,16.51,16.51,0
1759247105,16.51,16.51,16.51,16.51,0
1759247110,16.51,16.51,16.51,16.51,0
1759247115,16.51,16.51,16.51,16.51,0
1759247120,16.51,16.51,16.51,16.51,0
1759247125,16.51,16.51,16.51,16.51,0
1759247130,16.49,16.49,16.49,16.49,0
1759247135,16.49,16.49,16.49,16.49,0
1759247140,16.49,16.49,16.49,16.49,0
1759247145,16.5,16.5,16.5,16.5,0
1759247150,16.5,16.5,16.5,16.5,0
1759247155,16.5,16.5,16.5,16.5,0
1759247160,16.48,16.48,16.48,16.48,0
1759247165,16.48,16.48,16.48,16.48,0
1759247170,16.48,16.48,16.48,16.48,0
1759247175,16.48,16.48,16.48,16.48,0
1759247180,16.48,16.48,16.48,16.48,0
1759247185,16.48,16.48,16.48,16.48,0
1759247190,16.48,16.48,16.48,16.48,0
1759247195,16.48,16.48,16.48,16.48,0
1759247200,16.48,16.48,16.48,16.48,0
1759247205,16.46,16.46,16.46,16.46,0
1759247210,16.46,16.46,16.46,16.46,0
1759247215,16.46,16.46,16.46,16.46,0
1759247220,16.46,16.46,16.46,16.46,0
1759247225,16.46,16.46,16.46,16.46,0
1759247230,16.46,16.46,16.46,16.46,0
1759247235,16.46,16.46,16.46,16.46,0
1759247240,16.46,16.46,16.46,16.46,0
1759247245,16.46,16.46,16.46,16.46,0
1759247250,16.46,16.46,16.46,16.46,0
1759247255,16.46,16.46,16.46,16.46,0
1759247260,16.46,16.46,16.46,16.46,0
1759247265,16.49,16.49,16.49,16.49,0
1759247270,16.49,16.49,16.49,16.49,0
1759247275,16.49,16.49,16.49,16.49,0
1759247280,16.49,16.49,16.49,16.49,0
1759247285,16.49,16.49,16.49,16.49,0
1759247290,16.49,16.49,16.49,16.49,0
1759247295,16.49,16.49,16.49,16.49,0
1759247300,16.49,16.49,16.49,16.49,0
1759247305,16.49,16.49,16.49,16.49,0
1759247310,16.5,16.5,16.5,16.5,0
1759247315,16.5,16.5,16.5,16.5,0
1759247320,16.5,16.5,16.5,16.5,0
1759247325,16.47,16.47,16.47,16.47,0
1759247330,16.47,16.47,16.47,16.47,0
1759247335,16.47,16.47,16.47,16.47,0
1759247340,16.45,16.45,16.45,16.45,0
1759247345,16.45,16.45,16.45,16.45,0
1759247350,16.45,16.45,16.45,16.45,0
1759247355,16.4,16.4,16.4,16.4,0
1759247360,16.4,16.4,16.4,16.4,0
1759247365,16.4,16.4,16.4,16.4,0
1759247370,16.39,16.39,16.39,16.39,0
1759247375,16.39,16.39,16.39,16.39,0
1759247380,16.39,16.39,16.39,16.39,0
1759247385,16.39,16.39,16.39,16.39,0
1759247390,16.39,16.39,16.39,16.39,0
1759247395,16.39,16.39,16.39,16.39,0
1759247400,16.37,16.37,16.37,16.37,0
1759247405,16.37,16.37,16.37,16.37,0
1759247410,16.37,16.37,16.37,16.37,0
1759247415,16.36,16.36,16.36,16.36,0
1759247420,16.36,16.36,16.36,16.36,0
1759247425,16.36,16.36,16.36,16.36,0
1759247430,16.38,16.38,16.38,16.38,0
1759247435,16.38,16.38,16.38,16.38,0
1759247440,16.38,16.38,16.38,16.38,0
1759247445,16.36,16.36,16.36,16.36,0
1759247450,16.36,16.36,16.36,16.36,0
1759247455,16.36,16.36,16.36,16.36,0
1759247460,16.37,16.37,16.37,16.37,0
1759247465,16.37,16.37,16.37,16.37,0
1759247470,16.37,16.37,16.37,16.37,0
1759247475,16.37,16.37,16.37,16.37,0
1759247480,16.37,16.37,16.37,16.37,0
1759247485,16.37,16.37,16.37,16.37,0
1759247490,16.37,16.37,16.37,16.37,0
1759247495,16.37,16.37,16.37,16.37,0
1759247500,16.37,16.37,16.37,16.37,0
1759247505,16.36,16.36,16.36,16.36,0
1759247510,16.36,16.36,16.36,16.36,0
1759247515,16.36,16.36,16.36,16.36,0
1759247520,16.34,16.34,16.34,16.34,0
1759247525,16.34,16.34,16.34,16.34,0
1759247530,16.34,16.34,16.34,16.34,0
1759247535,16.36,16.36,16.36,16.36,0
1759247540,16.36,16.36,16.36,16.36,0
1759247545,16.36,16.36,16.36,16.36,0
1759247550,16.41,16.41,16.41,16.41,0
1759247555,16.41,16.41,16.41,16.41,0
1759247560,16.41,16.41,16.41,16.41,0
1759247565,16.38,16.38,16.38,16.38,0
1759247570,16.38,16.38,16.38,16.38,0
1759247575,16.38,16.38,16.38,16.38,0
1759247580,16.37,16.37,16.37,16.37,0
1759247585,16.37,16.37,16.37,16.37,0
1759247590,16.37,16.37,16.37,16.37,0
1759247595,16.35,16.35,16.35,16.35,0
1759247600,16.35,16.35,16.35,16.35,0
1759247605,16.35,16.35,16.35,16.35,0
1759247610,16.35,16.35,16.35,16.35,0
1759247615,16.35,16.35,16.35,16.35,0
1759247620,16.35,16.35,16.35,16.35,0
1759247625,16.34,16.34,16.34,16.34,0
1759247630,16.34,16.34,16.34,16.34,0
1759247635,16.34,16.34,16.34,16.34,0
1759247640,16.33,16.33,16.33,16.33,0
1759247645,16.33,16.33,16.33,16.33,0
1759247650,16.33,16.33,16.33,16.33,0
1759247655,16.34,16.34,16.34,16.34,0
1759247660,16.34,16.34,16.34,16.34,0
1759247665,16.34,16.34,16.34,16.34,0
1759247670,16.34,16.34,16.34,16.34,0
1759247675,16.34,16.34,16.34,16.34,0
1759247680,16.34,16.34,16.34,16.34,0
1759247685,16.35,16.35,16.35,16.35,0
1759247690,16.35,16.35,16.35,16.35,0
1759247695,16.35,16.35,16.35,16.35,0
1759247700,16.34,16.34,16.34,16.34,0
1759247705,16.34,16.34,16.34,16.34,0
1759247710,16.34,16.34,16.34,16.34,0
1759247715,16.34,16.34,16.34,16.34,0
1759247720,16.34,16.34,16.34,16.34,0
1759247725,16.34,16.34,16.34,16.34,0
1759247730,16.34,16.34,16.34,16.34,0
1759247735,16.34,16.34,16.34,16.34,0
1759247740,16.34,16.34,16.34,16.34,0
1759247745,16.36,16.36,16.36,16.36,0
1759247750,16.36,16.36,16.36,16.36,0
1759247755,16.36,16.36,16.36,16.36,0
1759247760,16.34,16.34,16.34,16.34,0
1759247765,16.34,16.34,16.34,16.34,0
1759247770,16.34,16.34,16.34,16.34,0
1759247775,16.34,16.34,16.34,16.34,0
1759247780,16.34,16.34,16.34,16.34,0
1759247785,16.34,16.34,16.34,16.34,0
1759247790,16.37,16.37,16.37,16.37,0
1759247795,16.37,16.37,16.37,16.37,0
1759247800,16.37,16.37,16.37,16.37,0
1759247805,16.39,16.39,16.39,16.39,0
1759247810,16.39,16.39,16.39,16.39,0
1759247815,16.39,16.39,16.39,16.39,0
1759247820,16.38,16.38,16.38,16.38,0
1759247825,16.38,16.38,16.38,16.38,0
1759247830,16.38,16.38,16.38,16.38,0
1759247835,16.36,16.36,16.36,16.36,0
1759247840,16.36,16.36,16.36,16.36,0
1759247845,16.36,16.36,16.36,16.36,0
1759247850,16.36,16.36,16.36,16.36,0
1759247855,16.36,16.36,16.36,16.36,0
1759247860,16.36,16.36,16.36,16.36,0
1759247865,16.33,16.33,16.33,16.33,0
1759247870,16.33,16.33,16.33,16.33,0
1759247875,16.33,16.33,16.33,16.33,0
1759247880,16.31,16.31,16.31,16.31,0
1759247885,16.31,16.31,16.31,16.31,0
1759247890,16.31,16.31,16.31,16.31,0
1759247895,16.28,16.28,16.28,16.28,0
1759247900,16.28,16.28,16.28,16.28,0
1759247905,16.28,16.28,16.28,16.28,0
1759247910,16.29,16.29,16.29,16.29,0
1759247915,16.29,16.29,16.29,16.29,0
1759247920,16.29,16.29,16.29,16.29,0
1759247925,16.3,16.3,16.3,16.3,0
1759247930,16.3,16.3,16.3,16.3,0
1759247935,16.3,16.3,16.3,16.3,0
1759247940,16.31,16.31,16.31,16.31,0
1759247945,16.31,16.31,16.31,16.31,0
1759247950,16.31,16.31,16.31,16.31,0
1759247955,16.3,16.3,16.3,16.3,0
1759247960,16.3,16.3,16.3,16.3,0
1759247965,16.3,16.3,16.3,16.3,0
1759247970,16.29,16.29,16.29,16.29,0
1759247975,16.29,16.29,16.29,16.29,0
1759247980,16.29,16.29,16.29,16.29,0
1759247985,16.3,16.3,16.3,16.3,0
1759247990,16.3,16.3,16.3,16.3,0
1759247995,16.3,16.3,16.3,16.3,0
1759248000,16.29,16.29,16.29,16.29,0
1759248005,16.29,16.29,16.29,16.29,0
1759248010,16.29,16.29,16.29,16.29,0
1759248015,16.27,16.27,16.27,16.27,0
1759248020,16.27,16.27,16.27,16.27,0
1759248025,16.27,16.27,16.27,16.27,0
1759248030,16.27,16.27,16.27,16.27,0
1759248035,16.27,16.27,16.27,16.27,0
1759248040,16.27,16.27,16.27,16.27,0
1759248045,16.27,16.27,16.27,16.27,0
1759248050,16.27,16.27,16.27,16.27,0
1759248055,16.27,16.27,16.27,16.27,0
1759248060,16.28,16.28,16.28,16.28,0
1759248065,16.28,16.28,16.28,16.28,0
1759248070,16.28,16.28,16.28,16.28,0
1759248075,16.3,16.3,16.3,16.3,0
1759248080,16.3,16.3,16.3,16.3,0
1759248085,16.3,16.3,16.3,16.3,0
1759248090,16.3,16.3,16.3,16.3,0
1759248095,16.3,16.3,16.3,16.3,0
1759248100,16.3,16.3,16.3,16.3,0
1759248105,16.28,16.28,16.28,16.28,0
1759248110,16.28,16.28,16.28,16.28,0
1759248115,16.28,16.28,16.28,16.28,0
1759248120,16.28,16.28,16.28,16.28,0
1759248125,16.28,16.28,16.28,16.28,0
1759248130,16.28,16.28,16.28,16.28,0
1759248135,16.28,16.28,16.28,16.28,0
1759248140,16.28,16.28,16.28,16.28,0
1759248145,16.28,16.28,16.28,16.28,0
1759248150,16.29,16.29,16.29,16.29,0
1759248155,16.29,16.29,16.29,16.29,0
1759248160,16.29,16.29,16.29,16.29,0
1759248165,16.3,16.3,16.3,16.3,0
1759248170,16.3,16.3,16.3,16.3,0
1759248175,16.3,16.3,16.3,16.3,0
1759248180,16.3,16.3,16.3,16.3,0
1759248185,16.3,16.3,16.3,16.3,0
1759248190,16.3,16.3,16.3,16.3,0
1759248195,16.3,16.3,16.3,16.3,0
1759248200,16.3,16.3,16.3,16.3,0
1759248205,16.3,16.3,16.3,16.3,0
1759248210,16.31,16.31,16.31,16.31,0
1759248215,16.31,16.31,16.31,16.31,0
1759248220,16.31,16.31,16.31,16.31,0
1759248225,16.32,16.32,16.32,16.32,0
1759248230,16.32,16.32,16.32,16.32,0
1759248235,16.32,16.32,16.32,16.32,0
1759248240,16.33,16.33,16.33,16.33,0
1759248245,16.33,16.33,16.33,16.33,0
1759248250,16.33,16.33,16.33,16.33,0
1759248255,16.33,16.33,16.33,16.33,0
1759248260,16.33,16.33,16.33,16.33,0
1759248265,16.33,16.33,16.33,16.33,0
1759248270,16.34,16.34,16.34,16.34,0
1759248275,16.34,16.34,16.34,16.34,0
1759248280,16.34,16.34,16.34,16.34,0
1759248285,16.34,16.34,16.34,16.34,0
1759248290,16.34,16.34,16.34,16.34,0
1759248295,16.34,16.34,16.34,16.34,0
1759248300,16.34,16.34,16.34,16.34,0
1759248305,16.34,16.34,16.34,16.34,0
1759248310,16.34,16.34,16.34,16.34,0
1759248315,16.34,16.34,16.34,16.34,0
1759248320,16.34,16.34,16.34,16.34,0
1759248325,16.34,16.34,16.34,16.34,0
1759248330,16.34,16.34,16.34,16.34,0
1759248335,16.34,16.34,16.34,16.34,0
1759248340,16.34,16.34,16.34,16.34,0
1759248345,16.33,16.33,16.33,16.33,0
1759248350,16.33,16.33,16.33,16.33,0
1759248355,16.33,16.33,16.33,16.33,0
1759248360,16.32,16.32,16.32,16.32,0
1759248365,16.32,16.32,16.32,16.32,0
1759248370,16.32,16.32,16.32,16.32,0
1759248375,16.32,16.32,16.32,16.32,0
1759248380,16.32,16.32,16.32,16.32,0
1759248385,16.32,16.32,16.32,16.32,0
1759248390,16.32,16.32,16.32,16.32,0
1759248395,16.32,16.32,16.32,16.32,0
1759248400,16.32,16.32,16.32,16.32,0
1759248405,16.33,16.33,16.33,16.33,0
1759248410,16.33,16.33,16.33,16.33,0
1759248415,16.33,16.33,16.33,16.33,0
1759248420,16.33,16.33,16.33,16.33,0
1759248425,16.33,16.33,16.33,16.33,0
1759248430,16.33,16.33,16.33,16.33,0
1759248435,16.34,16.34,16.34,16.34,0
1759248440,16.34,16.34,16.34,16.34,0
1759248445,16.34,16.34,16.34,16.34,0
1759248450,16.34,16.34,16.34,16.34,0
1759248455,16.34,16.34,16.34,16.34,0
1759248460,16.34,16.34,16.34,16.34,0
1759248465,16.34,16.34,16.34,16.34,0
1759248470,16.34,16.34,16.34,16.34,0
1759248475,16.34,16.34,16.34,16.34,0
1759248480,16.35,16.35,16.35,16.35,0
1759248485,16.35,16.35,16.35,16.35,0
1759248490,16.35,16.35,16.35,16.35,0
1759248495,16.35,16.35,16.35,16.35,0
1759248500,16.35,16.35,16.35,16.35,0
1759248505,16.35,16.35,16.35,16.35,0
1759248510,16.36,16.36,16.36,16.36,0
1759248515,16.36,16.36,16.36,16.36,0
1759248520,16.36,16.36,16.36,16.36,0
1759248525,16.38,16.38,16.38,16.38,0
1759248530,16.38,16.38,16.38,16.38,0
1759248535,16.38,16.38,16.38,16.38,0
1759248540,16.38,16.38,16.38,16.38,0
1759248545,16.38,16.38,16.38,16.38,0
1759248550,16.38,16.38,16.38,16.38,0
1759248555,16.39,16.39,16.39,16.39,0
1759248560,16.39,16.39,16.39,16.39,0
1759248565,16.39,16.39,16.39,16.39,0
1759248570,16.39,16.39,16.39,16.39,0
1759248575,16.39,16.39,16.39,16.39,0
1759248580,16.39,16.39,16.39,16.39,0
1759248585,16.39,16.39,16.39,16.39,0
1759248590,16.39,16.39,16.39,16.39,0
1759248595,16.39,16.39,16.39,16.39,0
1759248600,16.37,16.37,16.37,16.37,0
1759248605,16.37,16.37,16.37,16.37,0
1759248610,16.37,16.37,16.37,16.37,0
1759248615,16.37,16.37,16.37,16.37,0
1759248620,16.37,16.37,16.37,16.37,0
1759248625,16.37,16.37,16.37,16.37,0
1759248630,16.38,16.38,16.38,16.38,0
1759248635,16.38,16.38,16.38,16.38,0
1759248640,16.38,16.38,16.38,16.38,0
1759248645,16.37,16.37,16.37,16.37,0
1759248650,16.37,16.37,16.37,16.37,0
1759248655,16.37,16.37,16.37,16.37,0
1759248660,16.38,16.38,16.38,16.38,0
1759248665,16.38,16.38,16.38,16.38,0
1759248670,16.38,16.38,16.38,16.38,0
1759248675,16.37,16.37,16.37,16.37,0
1759248680,16.37,16.37,16.37,16.37,0
1759248685,16.37,16.37,16.37,16.37,0
1759248690,16.39,16.39,16.39,16.39,0
1759248695,16.39,16.39,16.39,16.39,0
1759248700,16.39,16.39,16.39,16.39,0
1759248705,16.39,16.39,16.39,16.39,0
1759248710,16.39,16.39,16.39,16.39,0
1759248715,16.39,16.39,16.39,16.39,0
1759248720,16.38,16.38,16.38,16.38,0
1759248725,16.38,16.38,16.38,16.38,0
1759248730,16.38,16.38,16.38,16.38,0
1759248735,16.39,16.39,16.39,16.39,0
1759248740,16.39,16.39,16.39,16.39,0
1759248745,16.39,16.39,16.39,16.39,0
1759248750,16.39,16.39,16.39,16.39,0
1759248755,16.39,16.39,16.39,16.39,0
1759248760,16.39,16.39,16.39,16.39,0
1759248765,16.4,16.4,16.4,16.4,0
1759248770,16.4,16.4,16.4,16.4,0
1759248775,16.4,16.4,16.4,16.4,0
1759248780,16.4,16.4,16.4,16.4,0
1759248785,16.4,16.4,16.4,16.4,0
1759248790,16.4,16.4,16.4,16.4,0
1759248795,16.4,16.4,16.4,16.4,0
1759248800,16.4,16.4,16.4,16.4,0
1759248805,16.4,16.4,16.4,16.4,0
1759248810,16.4,16.4,16.4,16.4,0
1759248815,16.4,16.4,16.4,16.4,0
1759248820,16.4,16.4,16.4,16.4,0
1759248825,16.4,16.4,16.4,16.4,0
1759248830,16.4,16.4,16.4,16.4,0
1759248835,16.4,16.4,16.4,16.4,0
1759248840,16.4,16.4,16.4,16.4,0
1759248845,16.4,16.4,16.4,16.4,0
1759248850,16.4,16.4,16.4,16.4,0
1759248855,16.39,16.39,16.39,16.39,0
1759248860,16.39,16.39,16.39,16.39,0
1759248865,16.39,16.39,16.39,16.39,0
1759248870,16.4,16.4,16.4,16.4,0
1759248875,16.4,16.4,16.4,16.4,0
1759248880,16.4,16.4,16.4,16.4,0
1759248885,16.39,16.39,16.39,16.39,0
1759248890,16.39,16.39,16.39,16.39,0
1759248895,16.39,16.39,16.39,16.39,0
1759248900,16.38,16.38,16.38,16.38,0
1759248905,16.38,16.38,16.38,16.38,0
1759248910,16.38,16.38,16.38,16.38,0
1759248915,16.37,16.37,16.37,16.37,0
1759248920,16.37,16.37,16.37,16.37,0
1759248925,16.37,16.37,16.37,16.37,0
1759248930,16.37,16.37,16.37,16.37,0
1759248935,16.37,16.37,16.37,16.37,0
1759248940,16.37,16.37,16.37,16.37,0
1759248945,16.4,16.4,16.4,16.4,0
1759248950,16.4,16.4,16.4,16.4,0
1759248955,16.4,16.4,16.4,16.4,0
1759248960,16.39,16.39,16.39,16.39,0
1759248965,16.39,16.39,16.39,16.39,0
1759248970,16.39,16.39,16.39,16.39,0
1759248975,16.38,16.38,16.38,16.38,0
1759248980,16.38,16.38,16.38,16.38,0
1759248985,16.38,16.38,16.38,16.38,0
1759248990,16.37,16.37,16.37,16.37,0
1759248995,16.37,16.37,16.37,16.37,0
1759249000,16.37,16.37,16.37,16.37,0
1759249005,16.39,16.39,16.39,16.39,0
1759249010,16.39,16.39,16.39,16.39,0
1759249015,16.39,16.39,16.39,16.39,0
1759249020,16.39,16.39,16.39,16.39,0
1759249025,16.39,16.39,16.39,16.39,0
1759249030,16.39,16.39,16.39,16.39,0
1759249035,16.38,16.38,16.38,16.38,0
1759249040,16.38,16.38,16.38,16.38,0
1759249045,16.38,16.38,16.38,16.38,0
1759249050,16.37,16.37,16.37,16.37,0
1759249055,16.37,16.37,16.37,16.37,0
1759249060,16.37,16.37,16.37,16.37,0
1759249065,16.37,16.37,16.37,16.37,0
1759249070,16.37,16.37,16.37,16.37,0
1759249075,16.37,16.37,16.37,16.37,0
1759249080,16.37,16.37,16.37,16.37,0
1759249085,16.37,16.37,16.37,16.37,0
1759249090,16.37,16.37,16.37,16.37,0
1759249095,16.37,16.37,16.37,16.37,0
1759249100,16.37,16.37,16.37,16.37,0
1759249105,16.37,16.37,16.37,16.37,0
1759249110,16.38,16.38,16.38,16.38,0
1759249115,16.38,16.38,16.38,16.38,0
1759249120,16.38,16.38,16.38,16.38,0
1759249125,16.36,16.36,16.36,16.36,0
1759249130,16.36,16.36,16.36,16.36,0
1759249135,16.36,16.36,16.36,16.36,0
1759249140,16.35,16.35,16.35,16.35,0
1759249145,16.35,16.35,16.35,16.35,0
1759249150,16.35,16.35,16.35,16.35,0
1759249155,16.34,16.34,16.34,16.34,0
1759249160,16.34,16.34,16.34,16.34,0
1759249165,16.34,16.34,16.34,16.34,0
1759249170,16.33,16.33,16.33,16.33,0
1759249175,16.33,16.33,16.33,16.33,0
1759249180,16.33,16.33,16.33,16.33,0
1759249185,16.32,16.32,16.32,16.32,0
1759249190,16.32,16.32,16.32,16.32,0
1759249195,16.32,16.32,16.32,16.32,0
1759249200,16.31,16.31,16.31,16.31,0
1759249205,16.31,16.31,16.31,16.31,0
1759249210,16.31,16.31,16.31,16.31,0
1759249215,16.29,16.29,16.29,16.29,0
1759249220,16.29,16.29,16.29,16.29,0
1759249225,16.29,16.29,16.29,16.29,0
1759249230,16.31,16.31,16.31,16.31,0
1759249235,16.31,16.31,16.31,16.31,0
1759249240,16.31,16.31,16.31,16.31,0
1759249245,16.28,16.28,16.28,16.28,0
1759249250,16.28,16.28,16.28,16.28,0
1759249255,16.28,16.28,16.28,16.28,0
1759249260,16.27,16.27,16.27,16.27,0
1759249265,16.27,16.27,16.27,16.27,0
1759249270,16.27,16.27,16.27,16.27,0
1759249275,16.25,16.25,16.25,16.25,0
1759249280,16.25,16.25,16.25,16.25,0
1759249285,16.25,16.25,16.25,16.25,0
1759249290,16.26,16.26,16.26,16.26,0
1759249295,16.26,16.26,16.26,16.26,0
1759249300,16.26,16.26,16.26,16.26,0
1759249305,16.25,16.25,16.25,16.25,0
1759249310,16.25,16.25,16.25,16.25,0
1759249315,16.25,16.25,16.25,16.25,0
1759249320,16.22,16.22,16.22,16.22,0
1759249325,16.22,16.22,16.22,16.22,0
1759249330,16.22,16.22,16.22,16.22,0
1759249335,16.21,16.21,16.21,16.21,0
1759249340,16.21,16.21,16.21,16.21,0
1759249345,16.21,16.21,16.21,16.21,0
1759249350,16.22,16.22,16.22,16.22,0
1759249355,16.22,16.22,16.22,16.22,0
1759249360,16.22,16.22,16.22,16.22,0
1759249365,16.23,16.23,16.23,16.23,0
1759249370,16.23,16.23,16.23,16.23,0
1759249375,16.23,16.23,16.23,16.23,0
1759249380,16.25,16.25,16.25,16.25,0
1759249385,16.25,16.25,16.25,16.25,0
1759249390,16.25,16.25,16.25,16.25,0
1759249395,16.26,16.26,16.26,16.26,0
1759249400,16.26,16.26,16.26,16.26,0
1759249405,16.26,16.26,16.26,16.26,0
1759249410,16.26,16.26,16.26,16.26,0
1759249415,16.26,16.26,16.26,16.26,0
1759249420,16.26,16.26,16.26,16.26,0
1759249425,16.26,16.26,16.26,16.26,0
1759249430,16.26,16.26,16.26,16.26,0
1759249435,16.26,16.26,16.26,16.26,0
1759249440,16.27,16.27,16.27,16.27,0
1759249445,16.27,16.27,16.27,16.27,0
1759249450,16.27,16.27,16.27,16.27,0
1759249455,16.27,16.27,16.27,16.27,0
1759249460,16.27,16.27,16.27,16.27,0
1759249465,16.27,16.27,16.27,16.27,0
1759249470,16.28,16.28,16.28,16.28,0
1759249475,16.28,16.28,16.28,16.28,0
1759249480,16.28,16.28,16.28,16.28,0
1759249485,16.29,16.29,16.29,16.29,0
1759249490,16.29,16.29,16.29,16.29,0
1759249495,16.29,16.29,16.29,16.29,0
1759249500,16.29,16.29,16.29,16.29,0
1759249505,16.29,16.29,16.29,16.29,0
1759249510,16.29,16.29,16.29,16.29,0
1759249515,16.29,16.29,16.29,16.29,0
1759249520,16.29,16.29,16.29,16.29,0
1759249525,16.29,16.29,16.29,16.29,0
1759249530,16.29,16.29,16.29,16.29,0
1759249535,16.29,16.29,16.29,16.29,0
1759249540,16.29,16.29,16.29,16.29,0
1759249545,16.28,16.28,16.28,16.28,0
1759249550,16.28,16.28,16.28,16.28,0
1759249555,16.28,16.28,16.28,16.28,0
1759249560,16.28,16.28,16.28,16.28,0
1759249565,16.28,16.28,16.28,16.28,0
1759249570,16.28,16.28,16.28,16.28,0
1759249575,16.29,16.29,16.29,16.29,0
1759249580,16.29,16.29,16.29,16.29,0
1759249585,16.29,16.29,16.29,16.29,0
1759249590,16.29,16.29,16.29,16.29,0
1759249595,16.29,16.29,16.29,16.29,0
1759249600,16.29,16.29,16.29,16.29,0
1759249605,16.3,16.3,16.3,16.3,0
1759249610,16.3,16.3,16.3,16.3,0
1759249615,16.3,16.3,16.3,16.3,0
1759249620,16.32,16.32,16.32,16.32,0
1759249625,16.32,16.32,16.32,16.32,0
1759249630,16.32,16.32,16.32,16.32,0
1759249635,16.3,16.3,16.3,16.3,0
1759249640,16.3,16.3,16.3,16.3,0
1759249645,16.3,16.3,16.3,16.3,0
1759249650,16.31,16.31,16.31,16.31,0
1759249655,16.31,16.31,16.31,16.31,0
1759249660,16.31,16.31,16.31,16.31,0
1759249665,16.32,16.32,16.32,16.32,0
1759249670,16.32,16.32,16.32,16.32,0
1759249675,16.32,16.32,16.32,16.32,0
1759249680,16.31,16.31,16.31,16.31,0
1759249685,16.31,16.31,16.31,16.31,0
1759249690,16.31,16.31,16.31,16.31,0
1759249695,16.3,16.3,16.3,16.3,0
1759249700,16.3,16.3,16.3,16.3,0
1759249705,16.3,16.3,16.3,16.3,0
1759249710,16.29,16.29,16.29,16.29,0
1759249715,16.29,16.29,16.29,16.29,0
1759249720,16.29,16.29,16.29,16.29,0
1759249725,16.3,16.3,16.3,16.3,0
1759249730,16.3,16.3,16.3,16.3,0
1759249735,16.3,16.3,16.3,16.3,0
1759249740,16.3,16.3,16.3,16.3,0
1759249745,16.3,16.3,16.3,16.3,0
1759249750,16.3,16.3,16.3,16.3,0
1759249755,16.31,16.31,16.31,16.31,0
1759249760,16.31,16.31,16.31,16.31,0
1759249765,16.31,16.31,16.31,16.31,0
1759249770,16.33,16.33,16.33,16.33,0
1759249775,16.33,16.33,16.33,16.33,0
1759249780,16.33,16.33,16.33,16.33,0
1759249785,16.33,16.33,16.33,16.33,0
1759249790,16.33,16.33,16.33,16.33,0
1759249795,16.33,16.33,16.33,16.33,0
1759249800,16.32,16.32,16.32,16.32,0
1759249805,16.32,16.32,16.32,16.32,0
1759249810,16.32,16.32,16.32,16.32,0
1759249815,16.3,16.3,16.3,16.3,0
1759249820,16.3,16.3,16.3,16.3,0
1759249825,16.3,16.3,16.3,16.3,0
1759249830,16.3,16.3,16.3,16.3,0
1759249835,16.3,16.3,16.3,16.3,0
1759249840,16.3,16.3,16.3,16.3,0
1759249845,16.31,16.31,16.31,16.31,0
1759249850,16.31,16.31,16.31,16.31,0
1759249855,16.31,16.31,16.31,16.31,0
1759249860,16.3,16.3,16.3,16.3,0
1759249865,16.3,16.3,16.3,16.3,0
1759249870,16.3,16.3,16.3,16.3,0
1759249875,16.31,16.31,16.31,16.31,0
1759249880,16.31,16.31,16.31,16.31,0
1759249885,16.31,16.31,16.31,16.31,0
1759249890,16.31,16.31,16.31,16.31,0
1759249895,16.31,16.31,16.31,16.31,0
1759249900,16.31,16.31,16.31,16.31,0
1759249905,16.32,16.32,16.32,16.32,0
1759249910,16.32,16.32,16.32,16.32,0
1759249915,16.32,16.32,16.32,16.32,0
1759249920,16.32,16.32,16.32,16.32,0
1759249925,16.32,16.32,16.32,16.32,0
1759249930,16.32,16.32,16.32,16.32,0
1759249935,16.31,16.31,16.31,16.31,0
1759249940,16.31,16.31,16.31,16.31,0
1759249945,16.31,16.31,16.31,16.31,0
1759249950,16.31,16.31,16.31,16.31,0
1759249955,16.31,16.31,16.31,16.31,0
1759249960,16.31,16.31,16.31,16.31,0
1759249965,16.31,16.31,16.31,16.31,0
1759249970,16.31,16.31,16.31,16.31,0
1759249975,16.31,16.31,16.31,16.31,0
1759249980,16.31,16.31,16.31,16.31,0
1759249985,16.31,16.31,16.31,16.31,0
1759249990,16.31,16.31,16.31,16.31,0
1759249995,16.3,16.3,16.3,16.3,0
1759250000,16.3,16.3,16.3,16.3,0
1759250005,16.3,16.3,16.3,16.3,0
1759250010,16.31,16.31,16.31,16.31,0
1759250015,16.31,16.31,16.31,16.31,0
1759250020,16.31,16.31,16.31,16.31,0
1759250025,16.32,16.32,16.32,16.32,0
1759250030,16.32,16.32,16.32,16.32,0
1759250035,16.32,16.32,16.32,16.32,0
1759250040,16.32,16.32,16.32,16.32,0
1759250045,16.32,16.32,16.32,16.32,0
1759250050,16.32,16.32,16.32,16.32,0
1759250055,16.33,16.33,16.33,16.33,0
1759250060,16.33,16.33,16.33,16.33,0
1759250065,16.33,16.33,16.33,16.33,0
1759250070,16.32,16.32,16.32,16.32,0
1759250075,16.32,16.32,16.32,16.32,0
1759250080,16.32,16.32,16.32,16.32,0
1759250085,16.32,16.32,16.32,16.32,0
1759250090,16.32,16.32,16.32,16.32,0
1759250095,16.32,16.32,16.32,16.32,0
1759250100,16.32,16.32,16.32,16.32,0
1759250105,16.32,16.32,16.32,16.32,0
1759250110,16.32,16.32,16.32,16.32,0
1759250115,16.31,16.31,16.31,16.31,0
1759250120,16.31,16.31,16.31,16.31,0
1759250125,16.31,16.31,16.31,16.31,0
1759250130,16.3,16.3,16.3,16.3,0
1759250135,16.3,16.3,16.3,16.3,0
1759250140,16.3,16.3,16.3,16.3,0
1759250145,16.3,16.3,16.3,16.3,0
1759250150,16.3,16.3,16.3,16.3,0
1759250155,16.3,16.3,16.3,16.3,0
1759250160,16.3,16.3,16.3,16.3,0
1759250165,16.3,16.3,16.3,16.3,0
1759250170,16.3,16.3,16.3,16.3,0
1759250175,16.29,16.29,16.29,16.29,0
1759250180,16.29,16.29,16.29,16.29,0
1759250185,16.29,16.29,16.29,16.29,0
1759250190,16.3,16.3,16.3,16.3,0
1759250195,16.3,16.3,16.3,16.3,0
1759250200,16.3,16.3,16.3,16.3,0
1759250205,16.29,16.29,16.29,16.29,0
1759250210,16.29,16.29,16.29,16.29,0
1759250215,16.29,16.29,16.29,16.29,0
1759250220,16.3,16.3,16.3,16.3,0
1759250225,16.3,16.3,16.3,16.3,0
1759250230,16.3,16.3,16.3,16.3,0
1759250235,16.29,16.29,16.29,16.29,0
1759250240,16.29,16.29,16.29,16.29,0
1759250245,16.29,16.29,16.29,16.29,0
1759250250,16.29,16.29,16.29,16.29,0
1759250255,16.29,16.29,16.29,16.29,0
1759250260,16.29,16.29,16.29,16.29,0
1759250265,16.31,16.31,16.31,16.31,0
1759250270,16.31,16.31,16.31,16.31,0
1759250275,16.31,16.31,16.31,16.31,0
1759250280,16.31,16.31,16.31,16.31,0
1759250285,16.31,16.31,16.31,16.31,0
1759250290,16.31,16.31,16.31,16.31,0
1759250295,16.3,16.3,16.3,16.3,0
1759250300,16.3,16.3,16.3,16.3,0
1759250305,16.3,16.3,16.3,16.3,0
1759250310,16.32,16.32,16.32,16.32,0
1759250315,16.32,16.32,16.32,16.32,0
1759250320,16.32,16.32,16.32,16.32,0
1759250325,16.31,16.31,16.31,16.31,0
1759250330,16.31,16.31,16.31,16.31,0
1759250335,16.31,16.31,16.31,16.31,0
1759250340,16.31,16.31,16.31,16.31,0
1759250345,16.31,16.31,16.31,16.31,0
1759250350,16.31,16.31,16.31,16.31,0
1759250355,16.31,16.31,16.31,16.31,0
1759250360,16.31,16.31,16.31,16.31,0
1759250365,16.31,16.31,16.31,16.31,0
1759250370,16.29,16.29,16.29,16.29,0
1759250375,16.29,16.29,16.29,16.29,0
1759250380,16.29,16.29,16.29,16.29,0
1759250385,16.3,16.3,16.3,16.3,0
1759250390,16.3,16.3,16.3,16.3,0
1759250395,16.3,16.3,16.3,16.3,0
1759250400,16.29,16.29,16.29,16.29,0
1759250405,16.29,16.29,16.29,16.29,0
1759250410,16.29,16.29,16.29,16.29,0
1759250415,16.3,16.3,16.3,16.3,0
1759250420,16.3,16.3,16.3,16.3,0
1759250425,16.3,16.3,16.3,16.3,0
1759250430,16.28,16.28,16.28,16.28,0
1759250435,16.28,16.28,16.28,16.28,0
1759250440,16.28,16.28,16.28,16.28,0
1759250445,16.29,16.29,16.29,16.29,0
1759250450,16.29,16.29,16.29,16.29,0
1759250455,16.29,16.29,16.29,16.29,0
1759250460,16.29,16.29,16.29,16.29,0
1759250465,16.29,16.29,16.29,16.29,0
1759250470,16.29,16.29,16.29,16.29,0
1759250475,16.28,16.28,16.28,16.28,0
1759250480,16.28,16.28,16.28,16.28,0
1759250485,16.28,16.28,16.28,16.28,0
1759250490,16.29,16.29,16.29,16.29,0
1759250495,16.29,16.29,16.29,16.29,0
1759250500,16.29,16.29,16.29,16.29,0
1759250505,16.29,16.29,16.29,16.29,0
1759250510,16.29,16.29,16.29,16.29,0
1759250515,16.29,16.29,16.29,16.29,0
1759250520,16.29,16.29,16.29,16.29,0
1759250525,16.29,16.29,16.29,16.29,0
1759250530,16.29,16.29,16.29,16.29,0
1759250535,16.3,16.3,16.3,16.3,0
1759250540,16.3,16.3,16.3,16.3,0
1759250545,16.3,16.3,16.3,16.3,0
1759250550,16.3,16.3,16.3,16.3,0
1759250555,16.3,16.3,16.3,16.3,0
1759250560,16.3,16.3,16.3,16.3,0
1759250565,16.3,16.3,16.3,16.3,0
1759250570,16.3,16.3,16.3,16.3,0
1759250575,16.3,16.3,16.3,16.3,0
1759250580,16.3,16.3,16.3,16.3,0
1759250585,16.3,16.3,16.3,16.3,0
1759250590,16.3,16.3,16.3,16.3,0
1759250595,16.31,16.31,16.31,16.31,0
1759250600,16.31,16.31,16.31,16.31,0
1759250605,16.31,16.31,16.31,16.31,0
1759250610,16.29,16.29,16.29,16.29,0
1759250615,16.29,16.29,16.29,16.29,0
1759250620,16.29,16.29,16.29,16.29,0
1759250625,16.3,16.3,16.3,16.3,0
1759250630,16.3,16.3,16.3,16.3,0
1759250635,16.3,16.3,16.3,16.3,0
1759250640,16.3,16.3,16.3,16.3,0
1759250645,16.3,16.3,16.3,16.3,0
1759250650,16.3,16.3,16.3,16.3,0
1759250655,16.27,16.27,16.27,16.27,0
1759250660,16.27,16.27,16.27,16.27,0
1759250665,16.27,16.27,16.27,16.27,0
1759250670,16.26,16.26,16.26,16.26,0
1759250675,16.26,16.26,16.26,16.26,0
1759250680,16.26,16.26,16.26,16.26,0
1759250685,16.26,16.26,16.26,16.26,0
1759250690,16.26,16.26,16.26,16.26,0
1759250695,16.26,16.26,16.26,16.26,0
1759250700,16.25,16.25,16.25,16.25,0
1759250705,16.25,16.25,16.25,16.25,0
1759250710,16.25,16.25,16.25,16.25,0
1759250715,16.26,16.26,16.26,16.26,0
1759250720,16.26,16.26,16.26,16.26,0
1759250725,16.26,16.26,16.26,16.26,0
1759250730,16.25,16.25,16.25,16.25,0
1759250735,16.25,16.25,16.25,16.25,0
1759250740,16.25,16.25,16.25,16.25,0
1759250745,16.27,16.27,16.27,16.27,0
1759250750,16.27,16.27,16.27,16.27,0
1759250755,16.27,16.27,16.27,16.27,0
1759250760,16.27,16.27,16.27,16.27,0
1759250765,16.27,16.27,16.27,16.27,0
1759250770,16.27,16.27,16.27,16.27,0
1759250775,16.29,16.29,16.29,16.29,0
1759250780,16.29,16.29,16.29,16.29,0
1759250785,16.29,16.29,16.29,16.29,0
1759250790,16.28,16.28,16.28,16.28,0
1759250795,16.28,16.28,16.28,16.28,0
1759250800,16.28,16.28,16.28,16.28,0
1759250805,16.29,16.29,16.29,16.29,0
1759250810,16.29,16.29,16.29,16.29,0
1759250815,16.29,16.29,16.29,16.29,0
1759250820,16.3,16.3,16.3,16.3,0
1759250825,16.3,16.3,16.3,16.3,0
1759250830,16.3,16.3,16.3,16.3,0
1759250835,16.29,16.29,16.29,16.29,0
1759250840,16.29,16.29,16.29,16.29,0
1759250845,16.29,16.29,16.29,16.29,0
1759250850,16.3,16.3,16.3,16.3,0
1759250855,16.3,16.3,16.3,16.3,0
1759250860,16.3,16.3,16.3,16.3,0
1759250865,16.32,16.32,16.32,16.32,0
1759250870,16.32,16.32,16.32,16.32,0
1759250875,16.32,16.32,16.32,16.32,0
1759250880,16.32,16.32,16.32,16.32,0
1759250885,16.32,16.32,16.32,16.32,0
1759250890,16.32,16.32,16.32,16.32,0
1759250895,16.34,16.34,16.34,16.34,0
1759250900,16.34,16.34,16.34,16.34,0
1759250905,16.34,16.34,16.34,16.34,0
1759250910,16.34,16.34,16.34,16.34,0
1759250915,16.34,16.34,16.34,16.34,0
1759250920,16.34,16.34,16.34,16.34,0
1759250925,16.35,16.35,16.35,16.35,0
1759250930,16.35,16.35,16.35,16.35,0
1759250935,16.35,16.35,16.35,16.35,0
1759250940,16.35,16.35,16.35,16.35,0
1759250945,16.35,16.35,16.35,16.35,0
1759250950,16.35,16.35,16.35,16.35,0
1759250955,16.34,16.34,16.34,16.34,0
1759250960,16.34,16.34,16.34,16.34,0
1759250965,16.34,16.34,16.34,16.34,0
1759250970,16.34,16.34,16.34,16.34,0
1759250975,16.34,16.34,16.34,16.34,0
1759250980,16.34,16.34,16.34,16.34,0
1759250985,16.33,16.33,16.33,16.33,0
1759250990,16.33,16.33,16.33,16.33,0
1759250995,16.33,16.33,16.33,16.33,0
1759251000,16.33,16.33,16.33,16.33,0
1759251005,16.33,16.33,16.33,16.33,0
1759251010,16.33,16.33,16.33,16.33,0
1759251015,16.33,16.33,16.33,16.33,0
1759251020,16.33,16.33,16.33,16.33,0
1759251025,16.33,16.33,16.33,16.33,0
1759251030,16.33,16.33,16.33,16.33,0
1759251035,16.33,16.33,16.33,16.33,0
1759251040,16.33,16.33,16.33,16.33,0
1759251045,16.32,16.32,16.32,16.32,0
1759251050,16.32,16.32,16.32,16.32,0
1759251055,16.32,16.32,16.32,16.32,0
1759251060,16.34,16.34,16.34,16.34,0
1759251065,16.34,16.34,16.34,16.34,0
1759251070,16.34,16.34,16.34,16.34,0
1759251075,16.34,16.34,16.34,16.34,0
1759251080,16.34,16.34,16.34,16.34,0
1759251085,16.34,16.34,16.34,16.34,0
1759251090,16.34,16.34,16.34,16.34,0
1759251095,16.34,16.34,16.34,16.34,0
1759251100,16.34,16.34,16.34,16.34,0
1759251105,16.34,16.34,16.34,16.34,0
1759251110,16.34,16.34,16.34,16.34,0
1759251115,16.34,16.34,16.34,16.34,0
1759251120,16.34,16.34,16.34,16.34,0
1759251125,16.34,16.34,16.34,16.34,0
1759251130,16.34,16.34,16.34,16.34,0
1759251135,16.33,16.33,16.33,16.33,0
1759251140,16.33,16.33,16.33,16.33,0
1759251145,16.33,16.33,16.33,16.33,0
1759251150,16.34,16.34,16.34,16.34,0
1759251155,16.34,16.34,16.34,16.34,0
1759251160,16.34,16.34,16.34,16.34,0
1759251165,16.33,16.33,16.33,16.33,0
1759251170,16.33,16.33,16.33,16.33,0
1759251175,16.33,16.33,16.33,16.33,0
1759251180,16.31,16.31,16.31,16.31,0
1759251185,16.31,16.31,16.31,16.31,0
1759251190,16.31,16.31,16.31,16.31,0
1759251195,16.3,16.3,16.3,16.3,0
1759251200,16.3,16.3,16.3,16.3,0
1759251205,16.3,16.3,16.3,16.3,0
1759251210,16.31,16.31,16.31,16.31,0
1759251215,16.31,16.31,16.31,16.31,0
1759251220,16.31,16.31,16.31,16.31,0
1759251225,16.33,16.33,16.33,16.33,0
1759251230,16.33,16.33,16.33,16.33,0
1759251235,16.33,16.33,16.33,16.33,0
1759251240,16.34,16.34,16.34,16.34,0
1759251245,16.34,16.34,16.34,16.34,0
1759251250,16.34,16.34,16.34,16.34,0
1759251255,16.35,16.35,16.35,16.35,0
1759251260,16.35,16.35,16.35,16.35,0
1759251265,16.35,16.35,16.35,16.35,0
1759251270,16.35,16.35,16.35,16.35,0
1759251275,16.35,16.35,16.35,16.35,0
1759251280,16.35,16.35,16.35,16.35,0
1759251285,16.34,16.34,16.34,16.34,0
1759251290,16.34,16.34,16.34,16.34,0
1759251295,16.34,16.34,16.34,16.34,0
1759251300,16.34,16.34,16.34,16.34,0
1759251305,16.34,16.34,16.34,16.34,0
1759251310,16.34,16.34,16.34,16.34,0
1759251315,16.35,16.35,16.35,16.35,0
1759251320,16.35,16.35,16.35,16.35,0
1759251325,16.35,16.35,16.35,16.35,0
1759251330,16.34,16.34,16.34,16.34,0
1759251335,16.34,16.34,16.34,16.34,0
1759251340,16.34,16.34,16.34,16.34,0
1759251345,16.35,16.35,16.35,16.35,0
1759251350,16.35,16.35,16.35,16.35,0
1759251355,16.35,16.35,16.35,16.35,0
1759251360,16.34,16.34,16.34,16.34,0
1759251365,16.34,16.34,16.34,16.34,0
1759251370,16.34,16.34,16.34,16.34,0
1759251375,16.33,16.33,16.33,16.33,0
1759251380,16.33,16.33,16.33,16.33,0
1759251385,16.33,16.33,16.33,16.33,0
1759251390,16.35,16.35,16.35,16.35,0
1759251395,16.35,16.35,16.35,16.35,0
1759251400,16.35,16.35,16.35,16.35,0
1759251405,16.35,16.35,16.35,16.35,0
1759251410,16.35,16.35,16.35,16.35,0
1759251415,16.35,16.35,16.35,16.35,0
1759251420,16.34,16.34,16.34,16.34,0
1759251425,16.34,16.34,16.34,16.34,0
1759251430,16.34,16.34,16.34,16.34,0
1759251435,16.34,16.34,16.34,16.34,0
1759251440,16.34,16.34,16.34,16.34,0
1759251445,16.34,16.34,16.34,16.34,0
1759251450,16.35,16.35,16.35,16.35,0
1759251455,16.35,16.35,16.35,16.35,0
1759251460,16.35,16.35,16.35,16.35,0
1759251465,16.34,16.34,16.34,16.34,0
1759251470,16.34,16.34,16.34,16.34,0
1759251475,16.34,16.34,16.34,16.34,0
1759251480,16.35,16.35,16.35,16.35,0
1759251485,16.35,16.35,16.35,16.35,0
1759251490,16.35,16.35,16.35,16.35,0
1759251495,16.36,16.36,16.36,16.36,0
1759251500,16.36,16.36,16.36,16.36,0
1759251505,16.36,16.36,16.36,16.36,0
1759251510,16.38,16.38,16.38,16.38,0
1759251515,16.38,16.38,16.38,16.38,0
1759251520,16.38,16.38,16.38,16.38,0
1759251525,16.41,16.41,16.41,16.41,0
1759251530,16.41,16.41,16.41,16.41,0
1759251535,16.41,16.41,16.41,16.41,0
1759251540,16.38,16.38,16.38,16.38,0
1759251545,16.38,16.38,16.38,16.38,0
1759251550,16.38,16.38,16.38,16.38,0
1759251555,16.39,16.39,16.39,16.39,0
1759251560,16.39,16.39,16.39,16.39,0
1759251565,16.39,16.39,16.39,16.39,0
1759251570,16.37,16.37,16.37,16.37,0
1759251575,16.37,16.37,16.37,16.37,0
1759251580,16.37,16.37,16.37,16.37,0
1759251585,16.37,16.37,16.37,16.37,0
1759251590,16.37,16.37,16.37,16.37,0
1759251595,16.37,16.37,16.37,16.37,0
1759251600,16.37,16.37,16.37,16.37,0
1759251605,16.37,16.37,16.37,16.37,0
1759251610,16.37,16.37,16.37,16.37,0
1759251615,16.39,16.39,16.39,16.39,0
1759251620,16.39,16.39,16.39,16.39,0
1759251625,16.39,16.39,16.39,16.39,0
1759251630,16.39,16.39,16.39,16.39,0
1759251635,16.39,16.39,16.39,16.39,0
1759251640,16.39,16.39,16.39,16.39,0
1759251645,16.38,16.38,16.38,16.38,0
1759251650,16.38,16.38,16.38,16.38,0
1759251655,16.38,16.38,16.38,16.38,0
1759251660,16.39,16.39,16.39,16.39,0
1759251665,16.39,16.39,16.39,16.39,0
1759251670,16.39,16.39,16.39,16.39,0
1759251675,16.37,16.37,16.37,16.37,0
1759251680,16.37,16.37,16.37,16.37,0
1759251685,16.37,16.37,16.37,16.37,0
1759251690,16.37,16.37,16.37,16.37,0
1759251695,16.37,16.37,16.37,16.37,0
1759251700,16.37,16.37,16.37,16.37,0
1759251705,16.38,16.38,16.38,16.38,0
1759251710,16.38,16.38,16.38,16.38,0
1759251715,16.38,16.38,16.38,16.38,0
1759251720,16.37,16.37,16.37,16.37,0
1759251725,16.37,16.37,16.37,16.37,0
1759251730,16.37,16.37,16.37,16.37,0
1759251735,16.36,16.36,16.36,16.36,0
1759251740,16.36,16.36,16.36,16.36,0
1759251745,16.36,16.36,16.36,16.36,0
1759251750,16.37,16.37,16.37,16.37,0
1759251755,16.37,16.37,16.37,16.37,0
1759251760,16.37,16.37,16.37,16.37,0
1759251765,16.39,16.39,16.39,16.39,0
1759251770,16.39,16.39,16.39,16.39,0
1759251775,16.39,16.39,16.39,16.39,0
1759251780,16.39,16.39,16.39,16.39,0
1759251785,16.39,16.39,16.39,16.39,0
1759251790,16.39,16.39,16.39,16.39,0
1759251795,16.39,16.39,16.39,16.39,0
1759251800,16.39,16.39,16.39,16.39,0
1759251805,16.39,16.39,16.39,16.39,0
1759251810,16.37,16.37,16.37,16.37,0
1759251815,16.37,16.37,16.37,16.37,0
1759251820,16.37,16.37,16.37,16.37,0
1759251825,16.38,16.38,16.38,16.38,0
1759251830,16.38,16.38,16.38,16.38,0
1759251835,16.38,16.38,16.38,16.38,0
1759251840,16.39,16.39,16.39,16.39,0
1759251845,16.39,16.39,16.39,16.39,0
1759251850,16.39,16.39,16.39,16.39,0
1759251855,16.39,16.39,16.39,16.39,0
1759251860,16.39,16.39,16.39,16.39,0
1759251865,16.39,16.39,16.39,16.39,0
1759251870,16.4,16.4,16.4,16.4,0
1759251875,16.4,16.4,16.4,16.4,0
1759251880,16.4,16.4,16.4,16.4,0
1759251885,16.4,16.4,16.4,16.4,0
1759251890,16.4,16.4,16.4,16.4,0
1759251895,16.4,16.4,16.4,16.4,0
1759251900,16.4,16.4,16.4,16.4,0
1759251905,16.4,16.4,16.4,16.4,0
1759251910,16.4,16.4,16.4,16.4,0
1759251915,16.39,16.39,16.39,16.39,0
1759251920,16.39,16.39,16.39,16.39,0
1759251925,16.39,16.39,16.39,16.39,0
1759251930,16.38,16.38,16.38,16.38,0
1759251935,16.38,16.38,16.38,16.38,0
1759251940,16.38,16.38,16.38,16.38,0
1759251945,16.38,16.38,16.38,16.38,0
1759251950,16.38,16.38,16.38,16.38,0
1759251955,16.38,16.38,16.38,16.38,0
1759251960,16.39,16.39,16.39,16.39,0
1759251965,16.39,16.39,16.39,16.39,0
1759251970,16.39,16.39,16.39,16.39,0
1759251975,16.4,16.4,16.4,16.4,0
1759251980,16.4,16.4,16.4,16.4,0
1759251985,16.4,16.4,16.4,16.4,0
1759251990,16.41,16.41,16.41,16.41,0
1759251995,16.41,16.41,16.41,16.41,0
1759252000,16.41,16.41,16.41,16.41,0
1759252005,16.41,16.41,16.41,16.41,0
1759252010,16.41,16.41,16.41,16.41,0
1759252015,16.41,16.41,16.41,16.41,0
1759252020,16.41,16.41,16.41,16.41,0
1759252025,16.41,16.41,16.41,16.41,0
1759252030,16.41,16.41,16.41,16.41,0
1759252035,16.42,16.42,16.42,16.42,0
1759252040,16.42,16.42,16.42,16.42,0
1759252045,16.42,16.42,16.42,16.42,0
1759252050,16.41,16.41,16.41,16.41,0
1759252055,16.41,16.41,16.41,16.41,0
1759252060,16.41,16.41,16.41,16.41,0
1759252065,16.42,16.42,16.42,16.42,0
1759252070,16.42,16.42,16.42,16.42,0
1759252075,16.42,16.42,16.42,16.42,0
1759252080,16.42,16.42,16.42,16.42,0
1759252085,16.42,16.42,16.42,16.42,0
1759252090,16.42,16.42,16.42,16.42,0
1759252095,16.43,16.43,16.43,16.43,0
1759252100,16.43,16.43,16.43,16.43,0
1759252105,16.43,16.43,16.43,16.43,0
1759252110,16.43,16.43,16.43,16.43,0
1759252115,16.43,16.43,16.43,16.43,0
1759252120,16.43,16.43,16.43,16.43,0
1759252125,16.42,16.42,16.42,16.42,0
1759252130,16.42,16.42,16.42,16.42,0
1759252135,16.42,16.42,16.42,16.42,0
1759252140,16.42,16.42,16.42,16.42,0
1759252145,16.42,16.42,16.42,16.42,0
1759252150,16.42,16.42,16.42,16.42,0
1759252155,16.42,16.42,16.42,16.42,0
1759252160,16.42,16.42,16.42,16.42,0
1759252165,16.42,16.42,16.42,16.42,0
1759252170,16.42,16.42,16.42,16.42,0
1759252175,16.42,16.42,16.42,16.42,0
1759252180,16.42,16.42,16.42,16.42,0
1759252185,16.42,16.42,16.42,16.42,0
1759252190,16.42,16.42,16.42,16.42,0
1759252195,16.42,16.42,16.42,16.42,0
1759252200,16.42,16.42,16.42,16.42,0
1759252205,16.42,16.42,16.42,16.42,0
1759252210,16.42,16.42,16.42,16.42,0
1759252215,16.42,16.42,16.42,16.42,0
1759252220,16.42,16.42,16.42,16.42,0
1759252225,16.42,16.42,16.42,16.42,0
1759252230,16.42,16.42,16.42,16.42,0
1759252235,16.42,16.42,16.42,16.42,0
1759252240,16.42,16.42,16.42,16.42,0
1759252245,16.45,16.45,16.45,16.45,0
1759252250,16.45,16.45,16.45,16.45,0
1759252255,16.45,16.45,16.45,16.45,0
1759252260,16.46,16.46,16.46,16.46,0
1759252265,16.46,16.46,16.46,16.46,0
1759252270,16.46,16.46,16.46,16.46,0
1759252275,16.48,16.48,16.48,16.48,0
1759252280,16.48,16.48,16.48,16.48,0
1759252285,16.48,16.48,16.48,16.48,0
1759252290,16.51,16.51,16.51,16.51,0
1759252295,16.51,16.51,16.51,16.51,0
1759252300,16.51,16.51,16.51,16.51,0
1759252305,16.49,16.49,16.49,16.49,0
1759252310,16.49,16.49,16.49,16.49,0
1759252315,16.49,16.49,16.49,16.49,0
1759252320,16.48,16.48,16.48,16.48,0
1759252325,16.48,16.48,16.48,16.48,0
1759252330,16.48,16.48,16.48,16.48,0
1759252335,16.48,16.48,16.48,16.48,0
1759252340,16.48,16.48,16.48,16.48,0
1759252345,16.48,16.48,16.48,16.48,0
1759252350,16.46,16.46,16.46,16.46,0
1759252355,16.46,16.46,16.46,16.46,0
1759252360,16.46,16.46,16.46,16.46,0
1759252365,16.48,16.48,16.48,16.48,0
1759252370,16.48,16.48,16.48,16.48,0
1759252375,16.48,16.48,16.48,16.48,0
1759252380,16.47,16.47,16.47,16.47,0
1759252385,16.47,16.47,16.47,16.47,0
1759252390,16.47,16.47,16.47,16.47,0
1759252395,16.46,16.46,16.46,16.46,0
1759252400,16.46,16.46,16.46,16.46,0
1759252405,16.46,16.46,16.46,16.46,0
1759252410,16.44,16.44,16.44,16.44,0
1759252415,16.44,16.44,16.44,16.44,0
1759252420,16.44,16.44,16.44,16.44,0
1759252425,16.45,16.45,16.45,16.45,0
1759252430,16.45,16.45,16.45,16.45,0
1759252435,16.45,16.45,16.45,16.45,0
1759252440,16.47,16.47,16.47,16.47,0
1759252445,16.47,16.47,16.47,16.47,0
1759252450,16.47,16.47,16.47,16.47,0
1759252455,16.47,16.47,16.47,16.47,0
1759252460,16.47,16.47,16.47,16.47,0
1759252465,16.47,16.47,16.47,16.47,0
1759252470,16.48,16.48,16.48,16.48,0
1759252475,16.48,16.48,16.48,16.48,0
1759252480,16.48,16.48,16.48,16.48,0
1759252485,16.46,16.46,16.46,16.46,0
1759252490,16.46,16.46,16.46,16.46,0
1759252495,16.46,16.46,16.46,16.46,0
1759252500,16.46,16.46,16.46,16.46,0
1759252505,16.46,16.46,16.46,16.46,0
1759252510,16.46,16.46,16.46,16.46,0
1759252515,16.47,16.47,16.47,16.47,0
1759252520,16.47,16.47,16.47,16.47,0
1759252525,16.47,16.47,16.47,16.47,0
1759252530,16.46,16.46,16.46,16.46,0
1759252535,16.46,16.46,16.46,16.46,0
1759252540,16.46,16.46,16.46,16.46,0
1759252545,16.46,16.46,16.46,16.46,0
1759252550,16.46,16.46,16.46,16.46,0
1759252555,16.46,16.46,16.46,16.46,0
1759252560,16.47,16.47,16.47,16.47,0
1759252565,16.47,16.47,16.47,16.47,0
1759252570,16.47,16.47,16.47,16.47,0
1759252575,16.45,16.45,16.45,16.45,0
1759252580,16.45,16.45,16.45,16.45,0
1759252585,16.45,16.45,16.45,16.45,0
1759252590,16.43,16.43,16.43,16.43,0
1759252595,16.43,16.43,16.43,16.43,0
1759252600,16.43,16.43,16.43,16.43,0
1759252605,16.45,16.45,16.45,16.45,0
1759252610,16.45,16.45,16.45,16.45,0
1759252615,16.45,16.45,16.45,16.45,0
1759252620,16.47,16.47,16.47,16.47,0
1759252625,16.47,16.47,16.47,16.47,0
1759252630,16.47,16.47,16.47,16.47,0
1759252635,16.45,16.45,16.45,16.45,0
1759252640,16.45,16.45,16.45,16.45,0
1759252645,16.45,16.45,16.45,16.45,0
1759252650,16.45,16.45,16.45,16.45,0
1759252655,16.45,16.45,16.45,16.45,0
1759252660,16.45,16.45,16.45,16.45,0
1759252665,16.45,16.45,16.45,16.45,0
1759252670,16.45,16.45,16.45,16.45,0
1759252675,16.45,16.45,16.45,16.45,0
1759252680,16.46,16.46,16.46,16.46,0
1759252685,16.46,16.46,16.46,16.46,0
1759252690,16.46,16.46,16.46,16.46,0
1759252695,16.47,16.47,16.47,16.47,0
1759252700,16.47,16.47,16.47,16.47,0
1759252705,16.47,16.47,16.47,16.47,0
1759252710,16.48,16.48,16.48,16.48,0
1759252715,16.48,16.48,16.48,16.48,0
1759252720,16.48,16.48,16.48,16.48,0
1759252725,16.47,16.47,16.47,16.47,0
1759252730,16.47,16.47,16.47,16.47,0
1759252735,16.47,16.47,16.47,16.47,0
1759252740,16.47,16.47,16.47,16.47,0
1759252745,16.47,16.47,16.47,16.47,0
1759252750,16.47,16.47,16.47,16.47,0
1759252755,16.47,16.47,16.47,16.47,0
1759252760,16.47,16.47,16.47,16.47,0
1759252765,16.47,16.47,16.47,16.47,0
1759252770,16.47,16.47,16.47,16.47,0
1759252775,16.47,16.47,16.47,16.47,0
1759252780,16.47,16.47,16.47,16.47,0
1759252785,16.46,16.46,16.46,16.46,0
1759252790,16.46,16.46,16.46,16.46,0
1759252795,16.46,16.46,16.46,16.46,0
1759252800,16.45,16.45,16.45,16.45,0
1759252805,16.45,16.45,16.45,16.45,0
1759252810,16.45,16.45,16.45,16.45,0
1759252815,16.47,16.47,16.47,16.47,0
1759252820,16.47,16.47,16.47,16.47,0
1759252825,16.47,16.47,16.47,16.47,0
1759252830,16.46,16.46,16.46,16.46,0
1759252835,16.46,16.46,16.46,16.46,0
1759252840,16.46,16.46,16.46,16.46,0
1759252845,16.46,16.46,16.46,16.46,0
1759252850,16.46,16.46,16.46,16.46,0
1759252855,16.46,16.46,16.46,16.46,0
1759252860,16.46,16.46,16.46,16.46,0
1759252865,16.46,16.46,16.46,16.46,0
1759252870,16.46,16.46,16.46,16.46,0
1759252875,16.48,16.48,16.48,16.48,0
1759252880,16.48,16.48,16.48,16.48,0
1759252885,16.48,16.48,16.48,16.48,0
1759252890,16.5,16.5,16.5,16.5,0
1759252895,16.5,16.5,16.5,16.5,0
1759252900,16.5,16.5,16.5,16.5,0
1759252905,16.5,16.5,16.5,16.5,0
1759252910,16.5,16.5,16.5,16.5,0
1759252915,16.5,16.5,16.5,16.5,0
1759252920,16.5,16.5,16.5,16.5,0
1759252925,16.5,16.5,16.5,16.5,0
1759252930,16.5,16.5,16.5,16.5,0
1759252935,16.5,16.5,16.5,16.5,0
1759252940,16.5,16.5,16.5,16.5,0
1759252945,16.5,16.5,16.5,16.5,0
1759252950,16.51,16.51,16.51,16.51,0
1759252955,16.51,16.51,16.51,16.51,0
1759252960,16.51,16.51,16.51,16.51,0
1759252965,16.49,16.49,16.49,16.49,0
1759252970,16.49,16.49,16.49,16.49,0
1759252975,16.49,16.49,16.49,16.49,0
1759252980,16.48,16.48,16.48,16.48,0
1759252985,16.48,16.48,16.48,16.48,0
1759252990,16.48,16.48,16.48,16.48,0
1759252995,16.48,16.48,16.48,16.48,0
1759253000,16.48,16.48,16.48,16.48,0
1759253005,16.48,16.48,16.48,16.48,0
1759253010,16.49,16.49,16.49,16.49,0
1759253015,16.49,16.49,16.49,16.49,0
1759253020,16.49,16.49,16.49,16.49,0
1759253025,16.51,16.51,16.51,16.51,0
1759253030,16.51,16.51,16.51,16.51,0
1759253035,16.51,16.51,16.51,16.51,0
1759253040,16.51,16.51,16.51,16.51,0
1759253045,16.51,16.51,16.51,16.51,0
1759253050,16.51,16.51,16.51,16.51,0
1759253055,16.52,16.52,16.52,16.52,0
1759253060,16.52,16.52,16.52,16.52,0
1759253065,16.52,16.52,16.52,16.52,0
1759253070,16.53,16.53,16.53,16.53,0
1759253075,16.53,16.53,16.53,16.53,0
1759253080,16.53,16.53,16.53,16.53,0
1759253085,16.53,16.53,16.53,16.53,0
1759253090,16.53,16.53,16.53,16.53,0
1759253095,16.53,16.53,16.53,16.53,0
1759253100,16.53,16.53,16.53,16.53,0
1759253105,16.53,16.53,16.53,16.53,0
1759253110,16.53,16.53,16.53,16.53,0
1759253115,16.52,16.52,16.52,16.52,0
1759253120,16.52,16.52,16.52,16.52,0
1759253125,16.52,16.52,16.52,16.52,0
1759253130,16.52,16.52,16.52,16.52,0
1759253135,16.52,16.52,16.52,16.52,0
1759253140,16.52,16.52,16.52,16.52,0
1759253145,16.51,16.51,16.51,16.51,0
1759253150,16.51,16.51,16.51,16.51,0
1759253155,16.51,16.51,16.51,16.51,0
1759253160,16.51,16.51,16.51,16.51,0
1759253165,16.51,16.51,16.51,16.51,0
1759253170,16.51,16.51,16.51,16.51,0
1759253175,16.52,16.52,16.52,16.52,0
1759253180,16.52,16.52,16.52,16.52,0
1759253185,16.52,16.52,16.52,16.52,0
1759253190,16.52,16.52,16.52,16.52,0
1759253195,16.52,16.52,16.52,16.52,0
1759253200,16.52,16.52,16.52,16.52,0
1759253205,16.51,16.51,16.51,16.51,0
1759253210,16.51,16.51,16.51,16.51,0
1759253215,16.51,16.51,16.51,16.51,0
1759253220,16.53,16.53,16.53,16.53,0
1759253225,16.53,16.53,16.53,16.53,0
1759253230,16.53,16.53,16.53,16.53,0
1759253235,16.53,16.53,16.53,16.53,0
1759253240,16.53,16.53,16.53,16.53,0
1759253245,16.53,16.53,16.53,16.53,0
1759253250,16.54,16.54,16.54,16.54,0
1759253255,16.54,16.54,16.54,16.54,0
1759253260,16.54,16.54,16.54,16.54,0
1759253265,16.55,16.55,16.55,16.55,0
1759253270,16.55,16.55,16.55,16.55,0
1759253275,16.55,16.55,16.55,16.55,0
1759253280,16.54,16.54,16.54,16.54,0
1759253285,16.54,16.54,16.54,16.54,0
1759253290,16.54,16.54,16.54,16.54,0
1759253295,16.54,16.54,16.54,16.54,0
1759253300,16.54,16.54,16.54,16.54,0
1759253305,16.54,16.54,16.54,16.54,0
1759253310,16.55,16.55,16.55,16.55,0
1759253315,16.55,16.55,16.55,16.55,0
1759253320,16.55,16.55,16.55,16.55,0
1759253325,16.55,16.55,16.55,16.55,0
1759253330,16.55,16.55,16.55,16.55,0
1759253335,16.55,16.55,16.55,16.55,0
1759253340,16.54,16.54,16.54,16.54,0
1759253345,16.54,16.54,16.54,16.54,0
1759253350,16.54,16.54,16.54,16.54,0
1759253355,16.52,16.52,16.52,16.52,0
1759253360,16.52,16.52,16.52,16.52,0
1759253365,16.52,16.52,16.52,16.52,0
1759253370,16.51,16.51,16.51,16.51,0
1759253375,16.51,16.51,16.51,16.51,0
1759253380,16.51,16.51,16.51,16.51,0
1759253385,16.49,16.49,16.49,16.49,0
1759253390,16.49,16.49,16.49,16.49,0
1759253395,16.49,16.49,16.49,16.49,0
1759253400,16.52,16.52,16.52,16.52,0
1759253405,16.52,16.52,16.52,16.52,0
1759253410,16.52,16.52,16.52,16.52,0
1759253415,16.53,16.53,16.53,16.53,0
1759253420,16.53,16.53,16.53,16.53,0
1759253425,16.53,16.53,16.53,16.53,0
1759253430,16.52,16.52,16.52,16.52,0
1759253435,16.52,16.52,16.52,16.52,0
1759253440,16.52,16.52,16.52,16.52,0
1759253445,16.52,16.52,16.52,16.52,0
1759253450,16.52,16.52,16.52,16.52,0
1759253455,16.52,16.52,16.52,16.52,0
1759253460,16.54,16.54,16.54,16.54,0
1759253465,16.54,16.54,16.54,16.54,0
1759253470,16.54,16.54,16.54,16.54,0
1759253475,16.54,16.54,16.54,16.54,0
1759253480,16.54,16.54,16.54,16.54,0
1759253485,16.54,16.54,16.54,16.54,0
1759253490,16.55,16.55,16.55,16.55,0
1759253495,16.55,16.55,16.55,16.55,0
1759253500,16.55,16.55,16.55,16.55,0
1759253505,16.54,16.54,16.54,16.54,0
1759253510,16.54,16.54,16.54,16.54,0
1759253515,16.54,16.54,16.54,16.54,0
1759253520,16.54,16.54,16.54,16.54,0
1759253525,16.54,16.54,16.54,16.54,0
1759253530,16.54,16.54,16.54,16.54,0
1759253535,16.54,16.54,16.54,16.54,0
1759253540,16.54,16.54,16.54,16.54,0
1759253545,16.54,16.54,16.54,16.54,0
1759253550,16.52,16.52,16.52,16.52,0
1759253555,16.52,16.52,16.52,16.52,0
1759253560,16.52,16.52,16.52,16.52,0
1759253565,16.52,16.52,16.52,16.52,0
1759253570,16.52,16.52,16.52,16.52,0
1759253575,16.52,16.52,16.52,16.52,0
1759253580,16.53,16.53,16.53,16.53,0
1759253585,16.53,16.53,16.53,16.53,0
1759253590,16.53,16.53,16.53,16.53,0
1759253595,16.52,16.52,16.52,16.52,0
1759253600,16.52,16.52,16.52,16.52,0
1759253605,16.52,16.52,16.52,16.52,0
1759253610,16.52,16.52,16.52,16.52,0
1759253615,16.52,16.52,16.52,16.52,0
1759253620,16.52,16.52,16.52,16.52,0
1759253625,16.51,16.51,16.51,16.51,0
1759253630,16.51,16.51,16.51,16.51,0
1759253635,16.51,16.51,16.51,16.51,0
1759253640,16.5,16.5,16.5,16.5,0
1759253645,16.5,16.5,16.5,16.5,0
1759253650,16.5,16.5,16.5,16.5,0
1759253655,16.5,16.5,16.5,16.5,0
1759253660,16.5,16.5,16.5,16.5,0
1759253665,16.5,16.5,16.5,16.5,0
1759253670,16.49,16.49,16.49,16.49,0
1759253675,16.49,16.49,16.49,16.49,0
1759253680,16.49,16.49,16.49,16.49,0
1759253685,16.48,16.48,16.48,16.48,0
1759253690,16.48,16.48,16.48,16.48,0
1759253695,16.48,16.48,16.48,16.48,0
1759253700,16.49,16.49,16.49,16.49,0
1759253705,16.49,16.49,16.49,16.49,0
1759253710,16.49,16.49,16.49,16.49,0
1759253715,16.47,16.47,16.47,16.47,0
1759253720,16.47,16.47,16.47,16.47,0
1759253725,16.47,16.47,16.47,16.47,0
1759253730,16.47,16.47,16.47,16.47,0
1759253735,16.47,16.47,16.47,16.47,0
1759253740,16.47,16.47,16.47,16.47,0
1759253745,16.47,16.47,16.47,16.47,0
1759253750,16.47,16.47,16.47,16.47,0
1759253755,16.47,16.47,16.47,16.47,0
1759253760,16.47,16.47,16.47,16.47,0
1759253765,16.47,16.47,16.47,16.47,0
1759253770,16.47,16.47,16.47,16.47,0
1759253775,16.48,16.48,16.48,16.48,0
1759253780,16.48,16.48,16.48,16.48,0
1759253785,16.48,16.48,16.48,16.48,0
1759253790,16.5,16.5,16.5,16.5,0
1759253795,16.5,16.5,16.5,16.5,0
1759253800,16.5,16.5,16.5,16.5,0
1759253805,16.53,16.53,16.53,16.53,0
1759253810,16.53,16.53,16.53,16.53,0
1759253815,16.53,16.53,16.53,16.53,0
1759253820,16.53,16.53,16.53,16.53,0
1759253825,16.53,16.53,16.53,16.53,0
1759253830,16.53,16.53,16.53,16.53,0
1759253835,16.53,16.53,16.53,16.53,0
1759253840,16.53,16.53,16.53,16.53,0
1759253845,16.53,16.53,16.53,16.53,0
1759253850,16.52,16.52,16.52,16.52,0
1759253855,16.52,16.52,16.52,16.52,0
1759253860,16.52,16.52,16.52,16.52,0
1759253865,16.52,16.52,16.52,16.52,0
1759253870,16.52,16.52,16.52,16.52,0
1759253875,16.52,16.52,16.52,16.52,0
1759253880,16.53,16.53,16.53,16.53,0
1759253885,16.53,16.53,16.53,16.53,0
1759253890,16.53,16.53,16.53,16.53,0
1759253895,16.51,16.51,16.51,16.51,0
1759253900,16.51,16.51,16.51,16.51,0
1759253905,16.51,16.51,16.51,16.51,0
1759253910,16.5,16.5,16.5,16.5,0
1759253915,16.5,16.5,16.5,16.5,0
1759253920,16.5,16.5,16.5,16.5,0
1759253925,16.51,16.51,16.51,16.51,0
1759253930,16.51,16.51,16.51,16.51,0
1759253935,16.51,16.51,16.51,16.51,0
1759253940,16.52,16.52,16.52,16.52,0
1759253945,16.52,16.52,16.52,16.52,0
1759253950,16.52,16.52,16.52,16.52,0
1759253955,16.51,16.51,16.51,16.51,0
1759253960,16.51,16.51,16.51,16.51,0
1759253965,16.51,16.51,16.51,16.51,0
1759253970,16.52,16.52,16.52,16.52,0
1759253975,16.52,16.52,16.52,16.52,0
1759253980,16.52,16.52,16.52,16.52,0
1759253985,16.52,16.52,16.52,16.52,0
1759253990,16.52,16.52,16.52,16.52,0
1759253995,16.52,16.52,16.52,16.52,0
1759254000,16.52,16.52,16.52,16.52,0
1759254005,16.52,16.52,16.52,16.52,0
1759254010,16.52,16.52,16.52,16.52,0
1759254015,16.5,16.5,16.5,16.5,0
1759254020,16.5,16.5,16.5,16.5,0
1759254025,16.5,16.5,16.5,16.5,0
1759254030,16.49,16.49,16.49,16.49,0
1759254035,16.49,16.49,16.49,16.49,0
1759254040,16.49,16.49,16.49,16.49,0
1759254045,16.49,16.49,16.49,16.49,0
1759254050,16.49,16.49,16.49,16.49,0
1759254055,16.49,16.49,16.49,16.49,0
1759254060,16.49,16.49,16.49,16.49,0
1759254065,16.49,16.49,16.49,16.49,0
1759254070,16.49,16.49,16.49,16.49,0
1759254075,16.5,16.5,16.5,16.5,0
1759254080,16.5,16.5,16.5,16.5,0
1759254085,16.5,16.5,16.5,16.5,0
1759254090,16.49,16.49,16.49,16.49,0
1759254095,16.49,16.49,16.49,16.49,0
1759254100,16.49,16.49,16.49,16.49,0
1759254105,16.48,16.48,16.48,16.48,0
1759254110,16.48,16.48,16.48,16.48,0
1759254115,16.48,16.48,16.48,16.48,0
1759254120,16.48,16.48,16.48,16.48,0
1759254125,16.48,16.48,16.48,16.48,0
1759254130,16.48,16.48,16.48,16.48,0
1759254135,16.49,16.49,16.49,16.49,0
1759254140,16.49,16.49,16.49,16.49,0
1759254145,16.49,16.49,16.49,16.49,0
1759254150,16.49,16.49,16.49,16.49,0
1759254155,16.49,16.49,16.49,16.49,0
1759254160,16.49,16.49,16.49,16.49,0
1759254165,16.48,16.48,16.48,16.48,0
1759254170,16.48,16.48,16.48,16.48,0
1759254175,16.48,16.48,16.48,16.48,0
1759254180,16.48,16.48,16.48,16.48,0
1759254185,16.48,16.48,16.48,16.48,0
1759254190,16.48,16.48,16.48,16.48,0
1759254195,16.48,16.48,16.48,16.48,0
1759254200,16.48,16.48,16.48,16.48,0
1759254205,16.48,16.48,16.48,16.48,0
1759254210,16.47,16.47,16.47,16.47,0
1759254215,16.47,16.47,16.47,16.47,0
1759254220,16.47,16.47,16.47,16.47,0
1759254225,16.48,16.48,16.48,16.48,0
1759254230,16.48,16.48,16.48,16.48,0
1759254235,16.48,16.48,16.48,16.48,0
1759254240,16.47,16.47,16.47,16.47,0
1759254245,16.47,16.47,16.47,16.47,0
1759254250,16.47,16.47,16.47,16.47,0
1759254255,16.48,16.48,16.48,16.48,0
1759254260,16.48,16.48,16.48,16.48,0
1759254265,16.48,16.48,16.48,16.48,0
1759254270,16.52,16.52,16.52,16.52,0
1759254275,16.52,16.52,16.52,16.52,0
1759254280,16.52,16.52,16.52,16.52,0
1759254285,16.51,16.51,16.51,16.51,0
1759254290,16.51,16.51,16.51,16.51,0
1759254295,16.51,16.51,16.51,16.51,0
1759254300,16.51,16.51,16.51,16.51,0
1759254305,16.51,16.51,16.51,16.51,0
1759254310,16.51,16.51,16.51,16.51,0
1759254315,16.5,16.5,16.5,16.5,0
1759254320,16.5,16.5,16.5,16.5,0
1759254325,16.5,16.5,16.5,16.5,0
1759254330,16.48,16.48,16.48,16.48,0
1759254335,16.48,16.48,16.48,16.48,0
1759254340,16.48,16.48,16.48,16.48,0
1759254345,16.48,16.48,16.48,16.48,0
1759254350,16.48,16.48,16.48,16.48,0
1759254355,16.48,16.48,16.48,16.48,0
1759254360,16.47,16.47,16.47,16.47,0
1759254365,16.47,16.47,16.47,16.47,0
1759254370,16.47,16.47,16.47,16.47,0
1759254375,16.46,16.46,16.46,16.46,0
1759254380,16.46,16.46,16.46,16.46,0
1759254385,16.46,16.46,16.46,16.46,0
1759254390,16.46,16.46,16.46,16.46,0
1759254395,16.46,16.46,16.46,16.46,0
1759254400,16.46,16.46,16.46,16.46,0
1759254405,16.46,16.46,16.46,16.46,0
1759254410,16.46,16.46,16.46,16.46,0
1759254415,16.46,16.46,16.46,16.46,0
1759254420,16.45,16.45,16.45,16.45,0
1759254425,16.45,16.45,16.45,16.45,0
1759254430,16.45,16.45,16.45,16.45,0
1759254435,16.45,16.45,16.45,16.45,0
1759254440,16.45,16.45,16.45,16.45,0
1759254445,16.45,16.45,16.45,16.45,0
1759254450,16.44,16.44,16.44,16.44,0
1759254455,16.44,16.44,16.44,16.44,0
1759254460,16.44,16.44,16.44,16.44,0
1759254465,16.45,16.45,16.45,16.45,0
1759254470,16.45,16.45,16.45,16.45,0
1759254475,16.45,16.45,16.45,16.45,0
1759254480,16.44,16.44,16.44,16.44,0
1759254485,16.44,16.44,16.44,16.44,0
1759254490,16.44,16.44,16.44,16.44,0
1759254495,16.45,16.45,16.45,16.45,0
1759254500,16.45,16.45,16.45,16.45,0
1759254505,16.45,16.45,16.45,16.45,0
1759254510,16.45,16.45,16.45,16.45,0
1759254515,16.45,16.45,16.45,16.45,0
1759254520,16.45,16.45,16.45,16.45,0
1759254525,16.44,16.44,16.44,16.44,0
1759254530,16.44,16.44,16.44,16.44,0
1759254535,16.44,16.44,16.44,16.44,0
1759254540,16.44,16.44,16.44,16.44,0
1759254545,16.44,16.44,16.44,16.44,0
1759254550,16.44,16.44,16.44,16.44,0
1759254555,16.44,16.44,16.44,16.44,0
1759254560,16.44,16.44,16.44,16.44,0
1759254565,16.44,16.44,16.44,16.44,0
1759254570,16.43,16.43,16.43,16.43,0
1759254575,16.43,16.43,16.43,16.43,0
1759254580,16.43,16.43,16.43,16.43,0
1759254585,16.42,16.42,16.42,16.42,0
1759254590,16.42,16.42,16.42,16.42,0
1759254595,16.42,16.42,16.42,16.42,0
1759254600,16.41,16.41,16.41,16.41,0
1759254605,16.41,16.41,16.41,16.41,0
1759254610,16.41,16.41,16.41,16.41,0
1759254615,16.37,16.37,16.37,16.37,0
1759254620,16.37,16.37,16.37,16.37,0
1759254625,16.37,16.37,16.37,16.37,0
1759254630,16.37,16.37,16.37,16.37,0
1759254635,16.37,16.37,16.37,16.37,0
1759254640,16.37,16.37,16.37,16.37,0
1759254645,16.37,16.37,16.37,16.37,0
1759254650,16.37,16.37,16.37,16.37,0
1759254655,16.37,16.37,16.37,16.37,0
1759254660,16.37,16.37,16.37,16.37,0
1759254665,16.37,16.37,16.37,16.37,0
1759254670,16.37,16.37,16.37,16.37,0
1759254675,16.37,16.37,16.37,16.37,0
1759254680,16.37,16.37,16.37,16.37,0
1759254685,16.37,16.37,16.37,16.37,0
1759254690,16.36,16.36,16.36,16.36,0
1759254695,16.36,16.36,16.36,16.36,0
1759254700,16.36,16.36,16.36,16.36,0
1759254705,16.36,16.36,16.36,16.36,0
1759254710,16.36,16.36,16.36,16.36,0
1759254715,16.36,16.36,16.36,16.36,0
1759254720,16.35,16.35,16.35,16.35,0
1759254725,16.35,16.35,16.35,16.35,0
1759254730,16.35,16.35,16.35,16.35,0
1759254735,16.35,16.35,16.35,16.35,0
1759254740,16.35,16.35,16.35,16.35,0
1759254745,16.35,16.35,16.35,16.35,0
1759254750,16.35,16.35,16.35,16.35,0
1759254755,16.35,16.35,16.35,16.35,0
1759254760,16.35,16.35,16.35,16.35,0
1759254765,16.35,16.35,16.35,16.35,0
1759254770,16.35,16.35,16.35,16.35,0
1759254775,16.35,16.35,16.35,16.35,0
1759254780,16.36,16.36,16.36,16.36,0
1759254785,16.36,16.36,16.36,16.36,0
1759254790,16.36,16.36,16.36,16.36,0
1759254795,16.35,16.35,16.35,16.35,0
1759254800,16.35,16.35,16.35,16.35,0
1759254805,16.35,16.35,16.35,16.35,0
1759254810,16.35,16.35,16.35,16.35,0
1759254815,16.35,16.35,16.35,16.35,0
1759254820,16.35,16.35,16.35,16.35,0
1759254825,16.34,16.34,16.34,16.34,0
1759254830,16.34,16.34,16.34,16.34,0
1759254835,16.34,16.34,16.34,16.34,0
1759254840,16.34,16.34,16.34,16.34,0
1759254845,16.34,16.34,16.34,16.34,0
1759254850,16.34,16.34,16.34,16.34,0
1759254855,16.33,16.33,16.33,16.33,0
1759254860,16.33,16.33,16.33,16.33,0
1759254865,16.33,16.33,16.33,16.33,0
1759254870,16.33,16.33,16.33,16.33,0
1759254875,16.33,16.33,16.33,16.33,0
1759254880,16.33,16.33,16.33,16.33,0
1759254885,16.34,16.34,16.34,16.34,0
1759254890,16.34,16.34,16.34,16.34,0
1759254895,16.34,16.34,16.34,16.34,0
1759254900,16.34,16.34,16.34,16.34,0
1759254905,16.34,16.34,16.34,16.34,0
1759254910,16.34,16.34,16.34,16.34,0
1759254915,16.34,16.34,16.34,16.34,0
1759254920,16.34,16.34,16.34,16.34,0
1759254925,16.34,16.34,16.34,16.34,0
1759254930,16.38,16.38,16.38,16.38,0
1759254935,16.38,16.38,16.38,16.38,0
1759254940,16.38,16.38,16.38,16.38,0
1759254945,16.37,16.37,16.37,16.37,0
1759254950,16.37,16.37,16.37,16.37,0
1759254955,16.37,16.37,16.37,16.37,0
1759254960,16.38,16.38,16.38,16.38,0
1759254965,16.38,16.38,16.38,16.38,0
1759254970,16.38,16.38,16.38,16.38,0
1759254975,16.37,16.37,16.37,16.37,0
1759254980,16.37,16.37,16.37,16.37,0
1759254985,16.37,16.37,16.37,16.37,0
1759254990,16.38,16.38,16.38,16.38,0
1759254995,16.38,16.38,16.38,16.38,0
1759255000,16.38,16.38,16.38,16.38,0
1759255005,16.39,16.39,16.39,16.39,0
1759255010,16.39,16.39,16.39,16.39,0
1759255015,16.39,16.39,16.39,16.39,0
1759255020,16.41,16.41,16.41,16.41,0
1759255025,16.41,16.41,16.41,16.41,0
1759255030,16.41,16.41,16.41,16.41,0
1759255035,16.4,16.4,16.4,16.4,0
1759255040,16.4,16.4,16.4,16.4,0
1759255045,16.4,16.4,16.4,16.4,0
1759255050,16.38,16.38,16.38,16.38,0
1759255055,16.38,16.38,16.38,16.38,0
1759255060,16.38,16.38,16.38,16.38,0
1759255065,16.38,16.38,16.38,16.38,0
1759255070,16.38,16.38,16.38,16.38,0
1759255075,16.38,16.38,16.38,16.38,0
1759255080,16.38,16.38,16.38,16.38,0
1759255085,16.38,16.38,16.38,16.38,0
1759255090,16.38,16.38,16.38,16.38,0
1759255095,16.38,16.38,16.38,16.38,0
1759255100,16.38,16.38,16.38,16.38,0
1759255105,16.38,16.38,16.38,16.38,0
1759255110,16.38,16.38,16.38,16.38,0
1759255115,16.38,16.38,16.38,16.38,0
1759255120,16.38,16.38,16.38,16.38,0
1759255125,16.37,16.37,16.37,16.37,0
1759255130,16.37,16.37,16.37,16.37,0
1759255135,16.37,16.37,16.37,16.37,0
1759255140,16.39,16.39,16.39,16.39,0
1759255145,16.39,16.39,16.39,16.39,0
1759255150,16.39,16.39,16.39,16.39,0
1759255155,16.4,16.4,16.4,16.4,0
1759255160,16.4,16.4,16.4,16.4,0
1759255165,16.4,16.4,16.4,16.4,0
1759255170,16.41,16.41,16.41,16.41,0
1759255175,16.41,16.41,16.41,16.41,0
1759255180,16.41,16.41,16.41,16.41,0
1759255185,16.39,16.39,16.39,16.39,0
1759255190,16.39,16.39,16.39,16.39,0
1759255195,16.39,16.39,16.39,16.39,0
1759255200,16.39,16.39,16.39,16.39,0
1759255205,16.39,16.39,16.39,16.39,0
1759255210,16.39,16.39,16.39,16.39,0
1759255215,16.39,16.39,16.39,16.39,0
1759255220,16.39,16.39,16.39,16.39,0
1759255225,16.39,16.39,16.39,16.39,0
1759255230,16.39,16.39,16.39,16.39,0
1759255235,16.39,16.39,16.39,16.39,0
1759255240,16.39,16.39,16.39,16.39,0
1759255245,16.38,16.38,16.38,16.38,0
1759255250,16.38,16.38,16.38,16.38,0
1759255255,16.38,16.38,16.38,16.38,0
1759255260,16.38,16.38,16.38,16.38,0
1759255265,16.38,16.38,16.38,16.38,0
1759255270,16.38,16.38,16.38,16.38,0
1759255275,16.37,16.37,16.37,16.37,0
1759255280,16.37,16.37,16.37,16.37,0
1759255285,16.37,16.37,16.37,16.37,0
1759255290,16.37,16.37,16.37,16.37,0
1759255295,16.37,16.37,16.37,16.37,0
1759255300,16.37,16.37,16.37,16.37,0
1759255305,16.38,16.38,16.38,16.38,0
1759255310,16.38,16.38,16.38,16.38,0
1759255315,16.38,16.38,16.38,16.38,0
1759255320,16.38,16.38,16.38,16.38,0
1759255325,16.38,16.38,16.38,16.38,0
1759255330,16.38,16.38,16.38,16.38,0
1759255335,16.37,16.37,16.37,16.37,0
1759255340,16.37,16.37,16.37,16.37,0
1759255345,16.37,16.37,16.37,16.37,0
1759255350,16.36,16.36,16.36,16.36,0
1759255355,16.36,16.36,16.36,16.36,0
1759255360,16.36,16.36,16.36,16.36,0
1759255365,16.36,16.36,16.36,16.36,0
1759255370,16.36,16.36,16.36,16.36,0
1759255375,16.36,16.36,16.36,16.36,0
1759255380,16.36,16.36,16.36,16.36,0
1759255385,16.36,16.36,16.36,16.36,0
1759255390,16.36,16.36,16.36,16.36,0
1759255395,16.36,16.36,16.36,16.36,0
1759255400,16.36,16.36,16.36,16.36,0
1759255405,16.36,16.36,16.36,16.36,0
1759255410,16.36,16.36,16.36,16.36,0
1759255415,16.36,16.36,16.36,16.36,0
1759255420,16.36,16.36,16.36,16.36,0
1759255425,16.34,16.34,16.34,16.34,0
1759255430,16.34,16.34,16.34,16.34,0
1759255435,16.34,16.34,16.34,16.34,0
1759255440,16.35,16.35,16.35,16.35,0
1759255445,16.35,16.35,16.35,16.35,0
1759255450,16.35,16.35,16.35,16.35,0
1759255455,16.35,16.35,16.35,16.35,0
1759255460,16.35,16.35,16.35,16.35,0
1759255465,16.35,16.35,16.35,16.35,0
1759255470,16.32,16.32,16.32,16.32,0
1759255475,16.32,16.32,16.32,16.32,0
1759255480,16.32,16.32,16.32,16.32,0
1759255485,16.31,16.31,16.31,16.31,0
1759255490,16.31,16.31,16.31,16.31,0
1759255495,16.31,16.31,16.31,16.31,0
1759255500,16.31,16.31,16.31,16.31,0
1759255505,16.31,16.31,16.31,16.31,0
1759255510,16.31,16.31,16.31,16.31,0
1759255515,16.31,16.31,16.31,16.31,0
1759255520,16.31,16.31,16.31,16.31,0
1759255525,16.31,16.31,16.31,16.31,0
1759255530,16.3,16.3,16.3,16.3,0
1759255535,16.3,16.3,16.3,16.3,0
1759255540,16.3,16.3,16.3,16.3,0
1759255545,16.29,16.29,16.29,16.29,0
1759255550,16.29,16.29,16.29,16.29,0
1759255555,16.29,16.29,16.29,16.29,0
1759255560,16.27,16.27,16.27,16.27,0
1759255565,16.27,16.27,16.27,16.27,0
1759255570,16.27,16.27,16.27,16.27,0
1759255575,16.26,16.26,16.26,16.26,0
1759255580,16.26,16.26,16.26,16.26,0
1759255585,16.26,16.26,16.26,16.26,0
1759255590,16.25,16.25,16.25,16.25,0
1759255595,16.25,16.25,16.25,16.25,0
1759255600,16.25,16.25,16.25,16.25,0
1759255605,16.27,16.27,16.27,16.27,0
1759255610,16.27,16.27,16.27,16.27,0
1759255615,16.27,16.27,16.27,16.27,0
1759255620,16.27,16.27,16.27,16.27,0
1759255625,16.27,16.27,16.27,16.27,0
1759255630,16.27,16.27,16.27,16.27,0
1759255635,16.27,16.27,16.27,16.27,0
1759255640,16.27,16.27,16.27,16.27,0
1759255645,16.27,16.27,16.27,16.27,0
1759255650,16.27,16.27,16.27,16.27,0
1759255655,16.27,16.27,16.27,16.27,0
1759255660,16.27,16.27,16.27,16.27,0
1759255665,16.25,16.25,16.25,16.25,0
1759255670,16.25,16.25,16.25,16.25,0
1759255675,16.25,16.25,16.25,16.25,0
1759255680,16.25,16.25,16.25,16.25,0
1759255685,16.25,16.25,16.25,16.25,0
1759255690,16.25,16.25,16.25,16.25,0
1759255695,16.24,16.24,16.24,16.24,0
1759255700,16.24,16.24,16.24,16.24,0
1759255705,16.24,16.24,16.24,16.24,0
1759255710,16.22,16.22,16.22,16.22,0
1759255715,16.22,16.22,16.22,16.22,0
1759255720,16.22,16.22,16.22,16.22,0
1759255725,16.22,16.22,16.22,16.22,0
1759255730,16.22,16.22,16.22,16.22,0
1759255735,16.22,16.22,16.22,16.22,0
1759255740,16.21,16.21,16.21,16.21,0
1759255745,16.21,16.21,16.21,16.21,0
1759255750,16.21,16.21,16.21,16.21,0
1759255755,16.21,16.21,16.21,16.21,0
1759255760,16.21,16.21,16.21,16.21,0
1759255765,16.21,16.21,16.21,16.21,0
1759255770,16.21,16.21,16.21,16.21,0
1759255775,16.21,16.21,16.21,16.21,0
1759255780,16.21,16.21,16.21,16.21,0
1759255785,16.21,16.21,16.21,16.21,0
1759255790,16.21,16.21,16.21,16.21,0
1759255795,16.21,16.21,16.21,16.21,0
1759255800,16.2,16.2,16.2,16.2,0
1759255805,16.2,16.2,16.2,16.2,0
1759255810,16.2,16.2,16.2,16.2,0
1759255815,16.18,16.18,16.18,16.18,0
1759255820,16.18,16.18,16.18,16.18,0
1759255825,16.18,16.18,16.18,16.18,0
1759255830,16.17,16.17,16.17,16.17,0
1759255835,16.17,16.17,16.17,16.17,0
1759255840,16.17,16.17,16.17,16.17,0
1759255845,16.17,16.17,16.17,16.17,0
1759255850,16.17,16.17,16.17,16.17,0
1759255855,16.17,16.17,16.17,16.17,0
1759255860,16.16,16.16,16.16,16.16,0
1759255865,16.16,16.16,16.16,16.16,0
1759255870,16.16,16.16,16.16,16.16,0
1759255875,16.14,16.14,16.14,16.14,0
1759255880,16.14,16.14,16.14,16.14,0
1759255885,16.14,16.14,16.14,16.14,0
1759255890,16.16,16.16,16.16,16.16,0
1759255895,16.16,16.16,16.16,16.16,0
1759255900,16.16,16.16,16.16,16.16,0
1759255905,16.15,16.15,16.15,16.15,0
1759255910,16.15,16.15,16.15,16.15,0
1759255915,16.15,16.15,16.15,16.15,0
1759255920,16.15,16.15,16.15,16.15,0
1759255925,16.15,16.15,16.15,16.15,0
1759255930,16.15,16.15,16.15,16.15,0
1759255935,16.15,16.15,16.15,16.15,0
1759255940,16.15,16.15,16.15,16.15,0
1759255945,16.15,16.15,16.15,16.15,0
1759255950,16.14,16.14,16.14,16.14,0
1759255955,16.14,16.14,16.14,16.14,0
1759255960,16.14,16.14,16.14,16.14,0
1759255965,16.15,16.15,16.15,16.15,0
1759255970,16.15,16.15,16.15,16.15,0
1759255975,16.15,16.15,16.15,16.15,0
1759255980,16.15,16.15,16.15,16.15,0
1759255985,16.15,16.15,16.15,16.15,0
1759255990,16.15,16.15,16.15,16.15,0
1759255995,16.14,16.14,16.14,16.14,0
1759256000,16.14,16.14,16.14,16.14,0
1759256005,16.14,16.14,16.14,16.14,0
1759256010,16.15,16.15,16.15,16.15,0
1759256015,16.15,16.15,16.15,16.15,0
1759256020,16.15,16.15,16.15,16.15,0
1759256025,16.15,16.15,16.15,16.15,0
1759256030,16.15,16.15,16.15,16.15,0
1759256035,16.15,16.15,16.15,16.15,0
1759256040,16.14,16.14,16.14,16.14,0
1759256045,16.14,16.14,16.14,16.14,0
1759256050,16.14,16.14,16.14,16.14,0
1759256055,16.13,16.13,16.13,16.13,0
1759256060,16.13,16.13,16.13,16.13,0
1759256065,16.13,16.13,16.13,16.13,0
1759256070,16.13,16.13,16.13,16.13,0
1759256075,16.13,16.13,16.13,16.13,0
1759256080,16.13,16.13,16.13,16.13,0
1759256085,16.12,16.12,16.12,16.12,0
1759256090,16.12,16.12,16.12,16.12,0
1759256095,16.12,16.12,16.12,16.12,0
1759256100,16.13,16.13,16.13,16.13,0
1759256105,16.13,16.13,16.13,16.13,0
1759256110,16.13,16.13,16.13,16.13,0
1759256115,16.11,16.11,16.11,16.11,0
1759256120,16.11,16.11,16.11,16.11,0
1759256125,16.11,16.11,16.11,16.11,0
1759256130,16.11,16.11,16.11,16.11,0
1759256135,16.11,16.11,16.11,16.11,0
1759256140,16.11,16.11,16.11,16.11,0
1759256145,16.12,16.12,16.12,16.12,0
1759256150,16.12,16.12,16.12,16.12,0
1759256155,16.12,16.12,16.12,16.12,0
1759256160,16.13,16.13,16.13,16.13,0
1759256165,16.13,16.13,16.13,16.13,0
1759256170,16.13,16.13,16.13,16.13,0
1759256175,16.14,16.14,16.14,16.14,0
1759256180,16.14,16.14,16.14,16.14,0
1759256185,16.14,16.14,16.14,16.14,0
1759256190,16.13,16.13,16.13,16.13,0
1759256195,16.13,16.13,16.13,16.13,0
1759256200,16.13,16.13,16.13,16.13,0
1759256205,16.14,16.14,16.14,16.14,0
1759256210,16.14,16.14,16.14,16.14,0
1759256215,16.14,16.14,16.14,16.14,0
1759256220,16.13,16.13,16.13,16.13,0
1759256225,16.13,16.13,16.13,16.13,0
1759256230,16.13,16.13,16.13,16.13,0
1759256235,16.13,16.13,16.13,16.13,0
1759256240,16.13,16.13,16.13,16.13,0
1759256245,16.13,16.13,16.13,16.13,0
1759256250,16.14,16.14,16.14,16.14,0
1759256255,16.14,16.14,16.14,16.14,0
1759256260,16.14,16.14,16.14,16.14,0
1759256265,16.15,16.15,16.15,16.15,0
1759256270,16.15,16.15,16.15,16.15,0
1759256275,16.15,16.15,16.15,16.15,0
1759256280,16.14,16.14,16.14,16.14,0
1759256285,16.14,16.14,16.14,16.14,0
1759256290,16.14,16.14,16.14,16.14,0
1759256295,16.16,16.16,16.16,16.16,0
1759256300,16.16,16.16,16.16,16.16,0
1759256305,16.16,16.16,16.16,16.16,0
1759256310,16.17,16.17,16.17,16.17,0
1759256315,16.17,16.17,16.17,16.17,0
1759256320,16.17,16.17,16.17,16.17,0
1759256325,16.15,16.15,16.15,16.15,0
1759256330,16.15,16.15,16.15,16.15,0
1759256335,16.15,16.15,16.15,16.15,0
1759256340,16.15,16.15,16.15,16.15,0
1759256345,16.15,16.15,16.15,16.15,0
1759256350,16.15,16.15,16.15,16.15,0
1759256355,16.13,16.13,16.13,16.13,0
1759256360,16.13,16.13,16.13,16.13,0
1759256365,16.13,16.13,16.13,16.13,0
1759256370,16.12,16.12,16.12,16.12,0
1759256375,16.12,16.12,16.12,16.12,0
1759256380,16.12,16.12,16.12,16.12,0
1759256385,16.11,16.11,16.11,16.11,0
1759256390,16.11,16.11,16.11,16.11,0
1759256395,16.11,16.11,16.11,16.11,0
1759256400,16.13,16.13,16.13,16.13,0
1759256405,16.13,16.13,16.13,16.13,0
1759256410,16.13,16.13,16.13,16.13,0
1759256415,16.14,16.14,16.14,16.14,0
1759256420,16.14,16.14,16.14,16.14,0
1759256425,16.14,16.14,16.14,16.14,0
1759256430,16.14,16.14,16.14,16.14,0
1759256435,16.14,16.14,16.14,16.14,0
1759256440,16.14,16.14,16.14,16.14,0
1759256445,16.13,16.13,16.13,16.13,0
1759256450,16.13,16.13,16.13,16.13,0
1759256455,16.13,16.13,16.13,16.13,0
1759256460,16.13,16.13,16.13,16.13,0
1759256465,16.13,16.13,16.13,16.13,0
1759256470,16.13,16.13,16.13,16.13,0
1759256475,16.13,16.13,16.13,16.13,0
1759256480,16.13,16.13,16.13,16.13,0
1759256485,16.13,16.13,16.13,16.13,0
1759256490,16.13,16.13,16.13,16.13,0
1759256495,16.13,16.13,16.13,16.13,0
1759256500,16.13,16.13,16.13,16.13,0
1759256505,16.12,16.12,16.12,16.12,0
1759256510,16.12,16.12,16.12,16.12,0
1759256515,16.12,16.12,16.12,16.12,0
1759256520,16.11,16.11,16.11,16.11,0
1759256525,16.11,16.11,16.11,16.11,0
1759256530,16.11,16.11,16.11,16.11,0
1759256535,16.11,16.11,16.11,16.11,0
1759256540,16.11,16.11,16.11,16.11,0
1759256545,16.11,16.11,16.11,16.11,0
1759256550,16.15,16.15,16.15,16.15,0
1759256555,16.15,16.15,16.15,16.15,0
1759256560,16.15,16.15,16.15,16.15,0
1759256565,16.16,16.16,16.16,16.16,0
1759256570,16.16,16.16,16.16,16.16,0
1759256575,16.16,16.16,16.16,16.16,0
1759256580,16.16,16.16,16.16,16.16,0
1759256585,16.16,16.16,16.16,16.16,0
1759256590,16.16,16.16,16.16,16.16,0
1759256595,16.18,16.18,16.18,16.18,0
1759256600,16.18,16.18,16.18,16.18,0
1759256605,16.18,16.18,16.18,16.18,0
1759256610,16.18,16.18,16.18,16.18,0
1759256615,16.18,16.18,16.18,16.18,0
1759256620,16.18,16.18,16.18,16.18,0
1759256625,16.18,16.18,16.18,16.18,0
1759256630,16.18,16.18,16.18,16.18,0
1759256635,16.18,16.18,16.18,16.18,0
1759256640,16.17,16.17,16.17,16.17,0
1759256645,16.17,16.17,16.17,16.17,0
1759256650,16.17,16.17,16.17,16.17,0
1759256655,16.15,16.15,16.15,16.15,0
1759256660,16.15,16.15,16.15,16.15,0
1759256665,16.15,16.15,16.15,16.15,0
1759256670,16.16,16.16,16.16,16.16,0
1759256675,16.16,16.16,16.16,16.16,0
1759256680,16.16,16.16,16.16,16.16,0
1759256685,16.16,16.16,16.16,16.16,0
1759256690,16.16,16.16,16.16,16.16,0
1759256695,16.16,16.16,16.16,16.16,0
1759256700,16.17,16.17,16.17,16.17,0
1759256705,16.17,16.17,16.17,16.17,0
1759256710,16.17,16.17,16.17,16.17,0
1759256715,16.17,16.17,16.17,16.17,0
1759256720,16.17,16.17,16.17,16.17,0
1759256725,16.17,16.17,16.17,16.17,0
1759256730,16.18,16.18,16.18,16.18,0
1759256735,16.18,16.18,16.18,16.18,0
1759256740,16.18,16.18,16.18,16.18,0
1759256745,16.18,16.18,16.18,16.18,0
1759256750,16.18,16.18,16.18,16.18,0
1759256755,16.18,16.18,16.18,16.18,0
1759256760,16.17,16.17,16.17,16.17,0
1759256765,16.17,16.17,16.17,16.17,0
1759256770,16.17,16.17,16.17,16.17,0
1759256775,16.16,16.16,16.16,16.16,0
1759256780,16.16,16.16,16.16,16.16,0
1759256785,16.16,16.16,16.16,16.16,0
1759256790,16.15,16.15,16.15,16.15,0
1759256795,16.15,16.15,16.15,16.15,0
1759256800,16.15,16.15,16.15,16.15,0
1759256805,16.17,16.17,16.17,16.17,0
1759256810,16.17,16.17,16.17,16.17,0
1759256815,16.17,16.17,16.17,16.17,0
1759256820,16.17,16.17,16.17,16.17,0
1759256825,16.17,16.17,16.17,16.17,0
1759256830,16.17,16.17,16.17,16.17,0
1759256835,16.17,16.17,16.17,16.17,0
1759256840,16.17,16.17,16.17,16.17,0
1759256845,16.17,16.17,16.17,16.17,0
1759256850,16.18,16.18,16.18,16.18,0
1759256855,16.18,16.18,16.18,16.18,0
1759256860,16.18,16.18,16.18,16.18,0
1759256865,16.18,16.18,16.18,16.18,0
1759256870,16.18,16.18,16.18,16.18,0
1759256875,16.18,16.18,16.18,16.18,0
1759256880,16.18,16.18,16.18,16.18,0
1759256885,16.18,16.18,16.18,16.18,0
1759256890,16.18,16.18,16.18,16.18,0
1759256895,16.18,16.18,16.18,16.18,0
1759256900,16.18,16.18,16.18,16.18,0
1759256905,16.18,16.18,16.18,16.18,0
1759256910,16.18,16.18,16.18,16.18,0
1759256915,16.18,16.18,16.18,16.18,0
1759256920,16.18,16.18,16.18,16.18,0
1759256925,16.19,16.19,16.19,16.19,0
1759256930,16.19,16.19,16.19,16.19,0
1759256935,16.19,16.19,16.19,16.19,0
1759256940,16.19,16.19,16.19,16.19,0
1759256945,16.19,16.19,16.19,16.19,0
1759256950,16.19,16.19,16.19,16.19,0
1759256955,16.19,16.19,16.19,16.19,0
1759256960,16.19,16.19,16.19,16.19,0
1759256965,16.19,16.19,16.19,16.19,0
1759256970,16.2,16.2,16.2,16.2,0
1759256975,16.2,16.2,16.2,16.2,0
1759256980,16.2,16.2,16.2,16.2,0
1759256985,16.18,16.18,16.18,16.18,0
1759256990,16.18,16.18,16.18,16.18,0
1759256995,16.18,16.18,16.18,16.18,0
1759257000,16.18,16.18,16.18,16.18,0
1759257005,16.18,16.18,16.18,16.18,0
1759257010,16.18,16.18,16.18,16.18,0
1759257015,16.19,16.19,16.19,16.19,0
1759257020,16.19,16.19,16.19,16.19,0
1759257025,16.19,16.19,16.19,16.19,0
1759257030,16.19,16.19,16.19,16.19,0
1759257035,16.19,16.19,16.19,16.19,0
1759257040,16.19,16.19,16.19,16.19,0
1759257045,16.19,16.19,16.19,16.19,0
1759257050,16.19,16.19,16.19,16.19,0
1759257055,16.19,16.19,16.19,16.19,0
1759257060,16.19,16.19,16.19,16.19,0
1759257065,16.19,16.19,16.19,16.19,0
1759257070,16.19,16.19,16.19,16.19,0
1759257075,16.19,16.19,16.19,16.19,0
1759257080,16.19,16.19,16.19,16.19,0
1759257085,16.19,16.19,16.19,16.19,0
1759257090,16.19,16.19,16.19,16.19,0
1759257095,16.19,16.19,16.19,16.19,0
1759257100,16.19,16.19,16.19,16.19,0
1759257105,16.2,16.2,16.2,16.2,0
1759257110,16.2,16.2,16.2,16.2,0
1759257115,16.2,16.2,16.2,16.2,0
1759257120,16.2,16.2,16.2,16.2,0
1759257125,16.2,16.2,16.2,16.2,0
1759257130,16.2,16.2,16.2,16.2,0
1759257135,16.2,16.2,16.2,16.2,0
1759257140,16.2,16.2,16.2,16.2,0
1759257145,16.2,16.2,16.2,16.2,0
1759257150,16.21,16.21,16.21,16.21,0
1759257155,16.21,16.21,16.21,16.21,0
1759257160,16.21,16.21,16.21,16.21,0
1759257165,16.2,16.2,16.2,16.2,0
1759257170,16.2,16.2,16.2,16.2,0
1759257175,16.2,16.2,16.2,16.2,0
1759257180,16.2,16.2,16.2,16.2,0
1759257185,16.2,16.2,16.2,16.2,0
1759257190,16.2,16.2,16.2,16.2,0
1759257195,16.21,16.21,16.21,16.21,0
1759257200,16.21,16.21,16.21,16.21,0
1759257205,16.21,16.21,16.21,16.21,0
1759257210,16.22,16.22,16.22,16.22,0
1759257215,16.22,16.22,16.22,16.22,0
1759257220,16.22,16.22,16.22,16.22,0
1759257225,16.22,16.22,16.22,16.22,0
1759257230,16.22,16.22,16.22,16.22,0
1759257235,16.22,16.22,16.22,16.22,0
1759257240,16.23,16.23,16.23,16.23,0
1759257245,16.23,16.23,16.23,16.23,0
1759257250,16.23,16.23,16.23,16.23,0
1759257255,16.22,16.22,16.22,16.22,0
1759257260,16.22,16.22,16.22,16.22,0
1759257265,16.22,16.22,16.22,16.22,0
1759257270,16.21,16.21,16.21,16.21,0
1759257275,16.21,16.21,16.21,16.21,0
1759257280,16.21,16.21,16.21,16.21,0
1759257285,16.22,16.22,16.22,16.22,0
1759257290,16.22,16.22,16.22,16.22,0
1759257295,16.22,16.22,16.22,16.22,0
1759257300,16.21,16.21,16.21,16.21,0
1759257305,16.21,16.21,16.21,16.21,0
1759257310,16.21,16.21,16.21,16.21,0
1759257315,16.21,16.21,16.21,16.21,0
1759257320,16.21,16.21,16.21,16.21,0
1759257325,16.21,16.21,16.21,16.21,0
1759257330,16.21,16.21,16.21,16.21,0
1759257335,16.21,16.21,16.21,16.21,0
1759257340,16.21,16.21,16.21,16.21,0
1759257345,16.2,16.2,16.2,16.2,0
1759257350,16.2,16.2,16.2,16.2,0
1759257355,16.2,16.2,16.2,16.2,0
1759257360,16.2,16.2,16.2,16.2,0
1759257365,16.2,16.2,16.2,16.2,0
1759257370,16.2,16.2,16.2,16.2,0
1759257375,16.2,16.2,16.2,16.2,0
1759257380,16.2,16.2,16.2,16.2,0
1759257385,16.2,16.2,16.2,16.2,0
1759257390,16.19,16.19,16.19,16.19,0
1759257395,16.19,16.19,16.19,16.19,0
1759257400,16.19,16.19,16.19,16.19,0
1759257405,16.19,16.19,16.19,16.19,0
1759257410,16.19,16.19,16.19,16.19,0
1759257415,16.19,16.19,16.19,16.19,0
1759257420,16.19,16.19,16.19,16.19,0
1759257425,16.19,16.19,16.19,16.19,0
1759257430,16.19,16.19,16.19,16.19,0
1759257435,16.19,16.19,16.19,16.19,0
1759257440,16.19,16.19,16.19,16.19,0
1759257445,16.19,16.19,16.19,16.19,0
1759257450,16.18,16.18,16.18,16.18,0
1759257455,16.18,16.18,16.18,16.18,0
1759257460,16.18,16.18,16.18,16.18,0
1759257465,16.18,16.18,16.18,16.18,0
1759257470,16.18,16.18,16.18,16.18,0
1759257475,16.18,16.18,16.18,16.18,0
1759257480,16.18,16.18,16.18,16.18,0
1759257485,16.18,16.18,16.18,16.18,0
1759257490,16.18,16.18,16.18,16.18,0
1759257495,16.18,16.18,16.18,16.18,0
1759257500,16.18,16.18,16.18,16.18,0
1759257505,16.18,16.18,16.18,16.18,0
1759257510,16.18,16.18,16.18,16.18,0
1759257515,16.18,16.18,16.18,16.18,0
1759257520,16.18,16.18,16.18,16.18,0
1759257525,16.18,16.18,16.18,16.18,0
1759257530,16.18,16.18,16.18,16.18,0
1759257535,16.18,16.18,16.18,16.18,0
1759257540,16.18,16.18,16.18,16.18,0
1759257545,16.18,16.18,16.18,16.18,0
1759257550,16.18,16.18,16.18,16.18,0
1759257555,16.18,16.18,16.18,16.18,0
1759257560,16.18,16.18,16.18,16.18,0
1759257565,16.18,16.18,16.18,16.18,0
1759257570,16.18,16.18,16.18,16.18,0
1759257575,16.18,16.18,16.18,16.18,0
1759257580,16.18,16.18,16.18,16.18,0
1759257585,16.18,16.18,16.18,16.18,0
1759257590,16.18,16.18,16.18,16.18,0
1759257595,16.18,16.18,16.18,16.18,0
1759257600,16.18,16.18,16.18,16.18,0
1759257605,16.18,16.18,16.18,16.18,0
1759257610,16.18,16.18,16.18,16.18,0
1759257615,16.16,16.16,16.16,16.16,0
1759257620,16.16,16.16,16.16,16.16,0
1759257625,16.16,16.16,16.16,16.16,0
1759257630,16.17,16.17,16.17,16.17,0
1759257635,16.17,16.17,16.17,16.17,0
1759257640,16.17,16.17,16.17,16.17,0
1759257645,16.17,16.17,16.17,16.17,0
1759257650,16.17,16.17,16.17,16.17,0
1759257655,16.17,16.17,16.17,16.17,0
1759257660,16.18,16.18,16.18,16.18,0
1759257665,16.18,16.18,16.18,16.18,0
1759257670,16.18,16.18,16.18,16.18,0
1759257675,16.17,16.17,16.17,16.17,0
1759257680,16.17,16.17,16.17,16.17,0
1759257685,16.17,16.17,16.17,16.17,0
1759257690,16.17,16.17,16.17,16.17,0
1759257695,16.17,16.17,16.17,16.17,0
1759257700,16.17,16.17,16.17,16.17,0
1759257705,16.17,16.17,16.17,16.17,0
1759257710,16.17,16.17,16.17,16.17,0
1759257715,16.17,16.17,16.17,16.17,0
1759257720,16.17,16.17,16.17,16.17,0
1759257725,16.17,16.17,16.17,16.17,0
1759257730,16.17,16.17,16.17,16.17,0
1759257735,16.16,16.16,16.16,16.16,0
1759257740,16.16,16.16,16.16,16.16,0
1759257745,16.16,16.16,16.16,16.16,0
1759257750,16.15,16.15,16.15,16.15,0
1759257755,16.15,16.15,16.15,16.15,0
1759257760,16.15,16.15,16.15,16.15,0
1759257765,16.16,16.16,16.16,16.16,0
1759257770,16.16,16.16,16.16,16.16,0
1759257775,16.16,16.16,16.16,16.16,0
1759257780,16.17,16.17,16.17,16.17,0
1759257785,16.17,16.17,16.17,16.17,0
1759257790,16.17,16.17,16.17,16.17,0
1759257795,16.16,16.16,16.16,16.16,0
1759257800,16.16,16.16,16.16,16.16,0
1759257805,16.16,16.16,16.16,16.16,0
1759257810,16.16,16.16,16.16,16.16,0
1759257815,16.16,16.16,16.16,16.16,0
1759257820,16.16,16.16,16.16,16.16,0
1759257825,16.17,16.17,16.17,16.17,0
1759257830,16.17,16.17,16.17,16.17,0
1759257835,16.17,16.17,16.17,16.17,0
1759257840,16.16,16.16,16.16,16.16,0
1759257845,16.16,16.16,16.16,16.16,0
1759257850,16.16,16.16,16.16,16.16,0
1759257855,16.16,16.16,16.16,16.16,0
1759257860,16.16,16.16,16.16,16.16,0
1759257865,16.16,16.16,16.16,16.16,0
1759257870,16.15,16.15,16.15,16.15,0
1759257875,16.15,16.15,16.15,16.15,0
1759257880,16.15,16.15,16.15,16.15,0
1759257885,16.16,16.16,16.16,16.16,0
1759257890,16.16,16.16,16.16,16.16,0
1759257895,16.16,16.16,16.16,16.16,0
1759257900,16.16,16.16,16.16,16.16,0
1759257905,16.16,16.16,16.16,16.16,0
1759257910,16.16,16.16,16.16,16.16,0
1759257915,16.15,16.15,16.15,16.15,0
1759257920,16.15,16.15,16.15,16.15,0
1759257925,16.15,16.15,16.15,16.15,0
1759257930,16.16,16.16,16.16,16.16,0
1759257935,16.16,16.16,16.16,16.16,0
1759257940,16.16,16.16,16.16,16.16,0
1759257945,16.16,16.16,16.16,16.16,0
1759257950,16.16,16.16,16.16,16.16,0
1759257955,16.16,16.16,16.16,16.16,0
1759257960,16.16,16.16,16.16,16.16,0
1759257965,16.16,16.16,16.16,16.16,0
1759257970,16.16,16.16,16.16,16.16,0
1759257975,16.16,16.16,16.16,16.16,0
1759257980,16.16,16.16,16.16,16.16,0
1759257985,16.16,16.16,16.16,16.16,0
1759257990,16.17,16.17,16.17,16.17,0
1759257995,16.17,16.17,16.17,16.17,0
1759258000,16.17,16.17,16.17,16.17,0
1759258005,16.17,16.17,16.17,16.17,0
1759258010,16.17,16.17,16.17,16.17,0
1759258015,16.17,16.17,16.17,16.17,0
1759258020,16.16,16.16,16.16,16.16,0
1759258025,16.16,16.16,16.16,16.16,0
1759258030,16.16,16.16,16.16,16.16,0
1759258035,16.14,16.14,16.14,16.14,0
1759258040,16.14,16.14,16.14,16.14,0
1759258045,16.14,16.14,16.14,16.14,0
1759258050,16.14,16.14,16.14,16.14,0
1759258055,16.14,16.14,16.14,16.14,0
1759258060,16.14,16.14,16.14,16.14,0
1759258065,16.14,16.14,16.14,16.14,0
1759258070,16.14,16.14,16.14,16.14,0
1759258075,16.14,16.14,16.14,16.14,0
1759258080,16.14,16.14,16.14,16.14,0
1759258085,16.14,16.14,16.14,16.14,0
1759258090,16.14,16.14,16.14,16.14,0
1759258095,16.14,16.14,16.14,16.14,0
1759258100,16.14,16.14,16.14,16.14,0
1759258105,16.14,16.14,16.14,16.14,0
1759258110,16.15,16.15,16.15,16.15,0
1759258115,16.15,16.15,16.15,16.15,0
1759258120,16.15,16.15,16.15,16.15,0
1759258125,16.14,16.14,16.14,16.14,0
1759258130,16.14,16.14,16.14,16.14,0
1759258135,16.14,16.14,16.14,16.14,0
1759258140,16.14,16.14,16.14,16.14,0
1759258145,16.14,16.14,16.14,16.14,0
1759258150,16.14,16.14,16.14,16.14,0
1759258155,16.13,16.13,16.13,16.13,0
1759258160,16.13,16.13,16.13,16.13,0
1759258165,16.13,16.13,16.13,16.13,0
1759258170,16.13,16.13,16.13,16.13,0
1759258175,16.13,16.13,16.13,16.13,0
1759258180,16.13,16.13,16.13,16.13,0
1759258185,16.12,16.12,16.12,16.12,0
1759258190,16.12,16.12,16.12,16.12,0
1759258195,16.12,16.12,16.12,16.12,0
1759258200,16.12,16.12,16.12,16.12,0
1759258205,16.12,16.12,16.12,16.12,0
1759258210,16.12,16.12,16.12,16.12,0
1759258215,16.12,16.12,16.12,16.12,0
1759258220,16.12,16.12,16.12,16.12,0
1759258225,16.12,16.12,16.12,16.12,0
1759258230,16.12,16.12,16.12,16.12,0
1759258235,16.12,16.12,16.12,16.12,0
1759258240,16.12,16.12,16.12,16.12,0
1759258245,16.13,16.13,16.13,16.13,0
1759258250,16.13,16.13,16.13,16.13,0
1759258255,16.13,16.13,16.13,16.13,0
1759258260,16.13,16.13,16.13,16.13,0
1759258265,16.13,16.13,16.13,16.13,0
1759258270,16.13,16.13,16.13,16.13,0
1759258275,16.14,16.14,16.14,16.14,0
1759258280,16.14,16.14,16.14,16.14,0
1759258285,16.14,16.14,16.14,16.14,0
1759258290,16.14,16.14,16.14,16.14,0
1759258295,16.14,16.14,16.14,16.14,0
1759258300,16.14,16.14,16.14,16.14,0
1759258305,16.14,16.14,16.14,16.14,0
1759258310,16.14,16.14,16.14,16.14,0
1759258315,16.14,16.14,16.14,16.14,0
1759258320,16.12,16.12,16.12,16.12,0
1759258325,16.12,16.12,16.12,16.12,0
1759258330,16.12,16.12,16.12,16.12,0
1759258335,16.13,16.13,16.13,16.13,0
1759258340,16.13,16.13,16.13,16.13,0
1759258345,16.13,16.13,16.13,16.13,0
1759258350,16.14,16.14,16.14,16.14,0
1759258355,16.14,16.14,16.14,16.14,0
1759258360,16.14,16.14,16.14,16.14,0
1759258365,16.13,16.13,16.13,16.13,0
1759258370,16.13,16.13,16.13,16.13,0
1759258375,16.13,16.13,16.13,16.13,0
1759258380,16.12,16.12,16.12,16.12,0
1759258385,16.12,16.12,16.12,16.12,0
1759258390,16.12,16.12,16.12,16.12,0
1759258395,16.12,16.12,16.12,16.12,0
1759258400,16.12,16.12,16.12,16.12,0
1759258405,16.12,16.12,16.12,16.12,0
1759258410,16.11,16.11,16.11,16.11,0
1759258415,16.11,16.11,16.11,16.11,0
1759258420,16.11,16.11,16.11,16.11,0
1759258425,16.11,16.11,16.11,16.11,0
1759258430,16.11,16.11,16.11,16.11,0
1759258435,16.11,16.11,16.11,16.11,0
1759258440,16.11,16.11,16.11,16.11,0
1759258445,16.11,16.11,16.11,16.11,0
1759258450,16.11,16.11,16.11,16.11,0
1759258455,16.12,16.12,16.12,16.12,0
1759258460,16.12,16.12,16.12,16.12,0
1759258465,16.12,16.12,16.12,16.12,0
1759258470,16.13,16.13,16.13,16.13,0
1759258475,16.13,16.13,16.13,16.13,0
1759258480,16.13,16.13,16.13,16.13,0
1759258485,16.14,16.14,16.14,16.14,0
1759258490,16.14,16.14,16.14,16.14,0
1759258495,16.14,16.14,16.14,16.14,0
1759258500,16.13,16.13,16.13,16.13,0
1759258505,16.13,16.13,16.13,16.13,0
1759258510,16.13,16.13,16.13,16.13,0
1759258515,16.14,16.14,16.14,16.14,0
1759258520,16.14,16.14,16.14,16.14,0
1759258525,16.14,16.14,16.14,16.14,0
1759258530,16.13,16.13,16.13,16.13,0
1759258535,16.13,16.13,16.13,16.13,0
1759258540,16.13,16.13,16.13,16.13,0
1759258545,16.12,16.12,16.12,16.12,0
1759258550,16.12,16.12,16.12,16.12,0
1759258555,16.12,16.12,16.12,16.12,0
1759258560,16.12,16.12,16.12,16.12,0
1759258565,16.12,16.12,16.12,16.12,0
1759258570,16.12,16.12,16.12,16.12,0
1759258575,16.12,16.12,16.12,16.12,0
1759258580,16.12,16.12,16.12,16.12,0
1759258585,16.12,16.12,16.12,16.12,0
1759258590,16.11,16.11,16.11,16.11,0
1759258595,16.11,16.11,16.11,16.11,0
1759258600,16.11,16.11,16.11,16.11,0
1759258605,16.11,16.11,16.11,16.11,0
1759258610,16.11,16.11,16.11,16.11,0
1759258615,16.11,16.11,16.11,16.11,0
1759258620,16.11,16.11,16.11,16.11,0
1759258625,16.11,16.11,16.11,16.11,0
1759258630,16.11,16.11,16.11,16.11,0
1759258635,16.11,16.11,16.11,16.11,0
1759258640,16.11,16.11,16.11,16.11,0
1759258645,16.11,16.11,16.11,16.11,0
1759258650,16.1,16.1,16.1,16.1,0
1759258655,16.1,16.1,16.1,16.1,0
1759258660,16.1,16.1,16.1,16.1,0
1759258665,16.09,16.09,16.09,16.09,0
1759258670,16.09,16.09,16.09,16.09,0
1759258675,16.09,16.09,16.09,16.09,0
1759258680,16.09,16.09,16.09,16.09,0
1759258685,16.09,16.09,16.09,16.09,0
1759258690,16.09,16.09,16.09,16.09,0
1759258695,16.09,16.09,16.09,16.09,0
1759258700,16.09,16.09,16.09,16.09,0
1759258705,16.09,16.09,16.09,16.09,0
1759258710,16.1,16.1,16.1,16.1,0
1759258715,16.1,16.1,16.1,16.1,0
1759258720,16.1,16.1,16.1,16.1,0
1759258725,16.09,16.09,16.09,16.09,0
1759258730,16.09,16.09,16.09,16.09,0
1759258735,16.09,16.09,16.09,16.09,0
1759258740,16.09,16.09,16.09,16.09,0
1759258745,16.09,16.09,16.09,16.09,0
1759258750,16.09,16.09,16.09,16.09,0
1759258755,16.1,16.1,16.1,16.1,0
1759258760,16.1,16.1,16.1,16.1,0
1759258765,16.1,16.1,16.1,16.1,0
1759258770,16.09,16.09,16.09,16.09,0
1759258775,16.09,16.09,16.09,16.09,0
1759258780,16.09,16.09,16.09,16.09,0
1759258785,16.11,16.11,16.11,16.11,0
1759258790,16.11,16.11,16.11,16.11,0
1759258795,16.11,16.11,16.11,16.11,0
1759258800,16.1,16.1,16.1,16.1,0
1759258805,16.1,16.1,16.1,16.1,0
1759258810,16.1,16.1,16.1,16.1,0
1759258815,16.1,16.1,16.1,16.1,0
1759258820,16.1,16.1,16.1,16.1,0
1759258825,16.1,16.1,16.1,16.1,0
1759258830,16.1,16.1,16.1,16.1,0
1759258835,16.1,16.1,16.1,16.1,0
1759258840,16.1,16.1,16.1,16.1,0
1759258845,16.1,16.1,16.1,16.1,0
1759258850,16.1,16.1,16.1,16.1,0
1759258855,16.1,16.1,16.1,16.1,0
1759258860,16.1,16.1,16.1,16.1,0
1759258865,16.1,16.1,16.1,16.1,0
1759258870,16.1,16.1,16.1,16.1,0
1759258875,16.12,16.12,16.12,16.12,0
1759258880,16.12,16.12,16.12,16.12,0
1759258885,16.12,16.12,16.12,16.12,0
1759258890,16.12,16.12,16.12,16.12,0
1759258895,16.12,16.12,16.12,16.12,0
1759258900,16.12,16.12,16.12,16.12,0
1759258905,16.12,16.12,16.12,16.12,0
1759258910,16.12,16.12,16.12,16.12,0
1759258915,16.12,16.12,16.12,16.12,0
1759258920,16.13,16.13,16.13,16.13,0
1759258925,16.13,16.13,16.13,16.13,0
1759258930,16.13,16.13,16.13,16.13,0
1759258935,16.12,16.12,16.12,16.12,0
1759258940,16.12,16.12,16.12,16.12,0
1759258945,16.12,16.12,16.12,16.12,0
1759258950,16.13,16.13,16.13,16.13,0
1759258955,16.13,16.13,16.13,16.13,0
1759258960,16.13,16.13,16.13,16.13,0
1759258965,16.14,16.14,16.14,16.14,0
1759258970,16.14,16.14,16.14,16.14,0
1759258975,16.14,16.14,16.14,16.14,0
1759258980,16.13,16.13,16.13,16.13,0
1759258985,16.13,16.13,16.13,16.13,0
1759258990,16.13,16.13,16.13,16.13,0
1759258995,16.12,16.12,16.12,16.12,0
1759259000,16.12,16.12,16.12,16.12,0
1759259005,16.12,16.12,16.12,16.12,0
1759259010,16.12,16.12,16.12,16.12,0
1759259015,16.12,16.12,16.12,16.12,0
1759259020,16.12,16.12,16.12,16.12,0
1759259025,16.12,16.12,16.12,16.12,0
1759259030,16.12,16.12,16.12,16.12,0
1759259035,16.12,16.12,16.12,16.12,0
1759259040,16.13,16.13,16.13,16.13,0
1759259045,16.13,16.13,16.13,16.13,0
1759259050,16.13,16.13,16.13,16.13,0
1759259055,16.15,16.15,16.15,16.15,0
1759259060,16.15,16.15,16.15,16.15,0
1759259065,16.15,16.15,16.15,16.15,0
1759259070,16.15,16.15,16.15,16.15,0
1759259075,16.15,16.15,16.15,16.15,0
1759259080,16.15,16.15,16.15,16.15,0
1759259085,16.14,16.14,16.14,16.14,0
1759259090,16.14,16.14,16.14,16.14,0
1759259095,16.14,16.14,16.14,16.14,0
1759259100,16.15,16.15,16.15,16.15,0
1759259105,16.15,16.15,16.15,16.15,0
1759259110,16.15,16.15,16.15,16.15,0
1759259115,16.16,16.16,16.16,16.16,0
1759259120,16.16,16.16,16.16,16.16,0
1759259125,16.16,16.16,16.16,16.16,0
1759259130,16.15,16.15,16.15,16.15,0
1759259135,16.15,16.15,16.15,16.15,0
1759259140,16.15,16.15,16.15,16.15,0
1759259145,16.15,16.15,16.15,16.15,0
1759259150,16.15,16.15,16.15,16.15,0
1759259155,16.15,16.15,16.15,16.15,0
1759259160,16.17,16.17,16.17,16.17,0
1759259165,16.17,16.17,16.17,16.17,0
1759259170,16.17,16.17,16.17,16.17,0
1759259175,16.16,16.16,16.16,16.16,0
1759259180,16.16,16.16,16.16,16.16,0
1759259185,16.16,16.16,16.16,16.16,0
1759259190,16.16,16.16,16.16,16.16,0
1759259195,16.16,16.16,16.16,16.16,0
1759259200,16.16,16.16,16.16,16.16,0
1759259205,16.17,16.17,16.17,16.17,0
1759259210,16.17,16.17,16.17,16.17,0
1759259215,16.17,16.17,16.17,16.17,0
1759259220,16.17,16.17,16.17,16.17,0
1759259225,16.17,16.17,16.17,16.17,0
1759259230,16.17,16.17,16.17,16.17,0
1759259235,16.15,16.15,16.15,16.15,0
1759259240,16.15,16.15,16.15,16.15,0
1759259245,16.15,16.15,16.15,16.15,0
1759259250,16.15,16.15,16.15,16.15,0
1759259255,16.15,16.15,16.15,16.15,0
1759259260,16.15,16.15,16.15,16.15,0
1759259265,16.14,16.14,16.14,16.14,0
1759259270,16.14,16.14,16.14,16.14,0
1759259275,16.14,16.14,16.14,16.14,0
1759259280,16.14,16.14,16.14,16.14,0
1759259285,16.14,16.14,16.14,16.14,0
1759259290,16.14,16.14,16.14,16.14,0
1759259295,16.13,16.13,16.13,16.13,0
1759259300,16.13,16.13,16.13,16.13,0
1759259305,16.13,16.13,16.13,16.13,0
1759259310,16.13,16.13,16.13,16.13,0
1759259315,16.13,16.13,16.13,16.13,0
1759259320,16.13,16.13,16.13,16.13,0
1759259325,16.13,16.13,16.13,16.13,0
1759259330,16.13,16.13,16.13,16.13,0
1759259335,16.13,16.13,16.13,16.13,0
1759259340,16.13,16.13,16.13,16.13,0
1759259345,16.13,16.13,16.13,16.13,0
1759259350,16.13,16.13,16.13,16.13,0
1759259355,16.13,16.13,16.13,16.13,0
1759259360,16.13,16.13,16.13,16.13,0
1759259365,16.13,16.13,16.13,16.13,0
1759259370,16.13,16.13,16.13,16.13,0
1759259375,16.13,16.13,16.13,16.13,0
1759259380,16.13,16.13,16.13,16.13,0
1759259385,16.13,16.13,16.13,16.13,0
1759259390,16.13,16.13,16.13,16.13,0
1759259395,16.13,16.13,16.13,16.13,0
1759259400,16.14,16.14,16.14,16.14,0
1759259405,16.14,16.14,16.14,16.14,0
1759259410,16.14,16.14,16.14,16.14,0
1759259415,16.14,16.14,16.14,16.14,0
1759259420,16.14,16.14,16.14,16.14,0
1759259425,16.14,16.14,16.14,16.14,0
1759259430,16.12,16.12,16.12,16.12,0
1759259435,16.12,16.12,16.12,16.12,0
1759259440,16.12,16.12,16.12,16.12,0
1759259445,16.13,16.13,16.13,16.13,0
1759259450,16.13,16.13,16.13,16.13,0
1759259455,16.13,16.13,16.13,16.13,0
1759259460,16.12,16.12,16.12,16.12,0
1759259465,16.12,16.12,16.12,16.12,0
1759259470,16.12,16.12,16.12,16.12,0
1759259475,16.12,16.12,16.12,16.12,0
1759259480,16.12,16.12,16.12,16.12,0
1759259485,16.12,16.12,16.12,16.12,0
1759259490,16.12,16.12,16.12,16.12,0
1759259495,16.12,16.12,16.12,16.12,0
1759259500,16.12,16.12,16.12,16.12,0
1759259505,16.13,16.13,16.13,16.13,0
1759259510,16.13,16.13,16.13,16.13,0
1759259515,16.13,16.13,16.13,16.13,0
1759259520,16.13,16.13,16.13,16.13,0
1759259525,16.13,16.13,16.13,16.13,0
1759259530,16.13,16.13,16.13,16.13,0
1759259535,16.14,16.14,16.14,16.14,0
1759259540,16.14,16.14,16.14,16.14,0
1759259545,16.14,16.14,16.14,16.14,0
1759259550,16.12,16.12,16.12,16.12,0
1759259555,16.12,16.12,16.12,16.12,0
1759259560,16.12,16.12,16.12,16.12,0
1759259565,16.12,16.12,16.12,16.12,0
1759259570,16.12,16.12,16.12,16.12,0
1759259575,16.12,16.12,16.12,16.12,0
1759259580,16.13,16.13,16.13,16.13,0
1759259585,16.13,16.13,16.13,16.13,0
1759259590,16.13,16.13,16.13,16.13,0
1759259595,16.12,16.12,16.12,16.12,0
1759259600,16.12,16.12,16.12,16.12,0
1759259605,16.12,16.12,16.12,16.12,0
1759259610,16.13,16.13,16.13,16.13,0
1759259615,16.13,16.13,16.13,16.13,0
1759259620,16.13,16.13,16.13,16.13,0
1759259625,16.13,16.13,16.13,16.13,0
1759259630,16.13,16.13,16.13,16.13,0
1759259635,16.13,16.13,16.13,16.13,0
1759259640,16.13,16.13,16.13,16.13,0
1759259645,16.13,16.13,16.13,16.13,0
1759259650,16.13,16.13,16.13,16.13,0
1759259655,16.12,16.12,16.12,16.12,0
1759259660,16.12,16.12,16.12,16.12,0
1759259665,16.12,16.12,16.12,16.12,0
1759259670,16.12,16.12,16.12,16.12,0
1759259675,16.12,16.12,16.12,16.12,0
1759259680,16.12,16.12,16.12,16.12,0
1759259685,16.12,16.12,16.12,16.12,0
1759259690,16.12,16.12,16.12,16.12,0
1759259695,16.12,16.12,16.12,16.12,0
1759259700,16.13,16.13,16.13,16.13,0
1759259705,16.13,16.13,16.13,16.13,0
1759259710,16.13,16.13,16.13,16.13,0
1759259715,16.13,16.13,16.13,16.13,0
1759259720,16.13,16.13,16.13,16.13,0
1759259725,16.13,16.13,16.13,16.13,0
1759259730,16.14,16.14,16.14,16.14,0
1759259735,16.14,16.14,16.14,16.14,0
1759259740,16.14,16.14,16.14,16.14,0
1759259745,16.15,16.15,16.15,16.15,0
1759259750,16.15,16.15,16.15,16.15,0
1759259755,16.15,16.15,16.15,16.15,0
1759259760,16.14,16.14,16.14,16.14,0
1759259765,16.14,16.14,16.14,16.14,0
1759259770,16.14,16.14,16.14,16.14,0
1759259775,16.14,16.14,16.14,16.14,0
1759259780,16.14,16.14,16.14,16.14,0
1759259785,16.14,16.14,16.14,16.14,0
1759259790,16.15,16.15,16.15,16.15,0
1759259795,16.15,16.15,16.15,16.15,0
1759259800,16.15,16.15,16.15,16.15,0
1759259805,16.16,16.16,16.16,16.16,0
1759259810,16.16,16.16,16.16,16.16,0
1759259815,16.16,16.16,16.16,16.16,0
1759259820,16.15,16.15,16.15,16.15,0
1759259825,16.15,16.15,16.15,16.15,0
1759259830,16.15,16.15,16.15,16.15,0
1759259835,16.14,16.14,16.14,16.14,0
1759259840,16.14,16.14,16.14,16.14,0
1759259845,16.14,16.14,16.14,16.14,0
1759259850,16.13,16.13,16.13,16.13,0
1759259855,16.13,16.13,16.13,16.13,0
1759259860,16.13,16.13,16.13,16.13,0
1759259865,16.13,16.13,16.13,16.13,0
1759259870,16.13,16.13,16.13,16.13,0
1759259875,16.13,16.13,16.13,16.13,0
1759259880,16.13,16.13,16.13,16.13,0
1759259885,16.13,16.13,16.13,16.13,0
1759259890,16.13,16.13,16.13,16.13,0
1759259895,16.13,16.13,16.13,16.13,0
1759259900,16.13,16.13,16.13,16.13,0
1759259905,16.13,16.13,16.13,16.13,0
1759259910,16.13,16.13,16.13,16.13,0
1759259915,16.13,16.13,16.13,16.13,0
1759259920,16.13,16.13,16.13,16.13,0
1759259925,16.13,16.13,16.13,16.13,0
1759259930,16.13,16.13,16.13,16.13,0
1759259935,16.13,16.13,16.13,16.13,0
1759259940,16.13,16.13,16.13,16.13,0
1759259945,16.13,16.13,16.13,16.13,0
1759259950,16.13,16.13,16.13,16.13,0
1759259955,16.14,16.14,16.14,16.14,0
1759259960,16.14,16.14,16.14,16.14,0
1759259965,16.14,16.14,16.14,16.14,0
1759259970,16.13,16.13,16.13,16.13,0
1759259975,16.13,16.13,16.13,16.13,0
1759259980,16.13,16.13,16.13,16.13,0
1759259985,16.13,16.13,16.13,16.13,0
1759259990,16.13,16.13,16.13,16.13,0
1759259995,16.13,16.13,16.13,16.13,0
1759260000,16.13,16.13,16.13,16.13,0
1759260005,16.13,16.13,16.13,16.13,0
1759260010,16.13,16.13,16.13,16.13,0
1759260015,16.12,16.12,16.12,16.12,0
1759260020,16.12,16.12,16.12,16.12,0
1759260025,16.12,16.12,16.12,16.12,0
1759260030,16.13,16.13,16.13,16.13,0
1759260035,16.13,16.13,16.13,16.13,0
1759260040,16.13,16.13,16.13,16.13,0
1759260045,16.13,16.13,16.13,16.13,0
1759260050,16.13,16.13,16.13,16.13,0
1759260055,16.13,16.13,16.13,16.13,0
1759260060,16.12,16.12,16.12,16.12,0
1759260065,16.12,16.12,16.12,16.12,0
1759260070,16.12,16.12,16.12,16.12,0
1759260075,16.11,16.11,16.11,16.11,0
1759260080,16.11,16.11,16.11,16.11,0
1759260085,16.11,16.11,16.11,16.11,0
1759260090,16.11,16.11,16.11,16.11,0
1759260095,16.11,16.11,16.11,16.11,0
1759260100,16.11,16.11,16.11,16.11,0
1759260105,16.1,16.1,16.1,16.1,0
1759260110,16.1,16.1,16.1,16.1,0
1759260115,16.1,16.1,16.1,16.1,0
1759260120,16.1,16.1,16.1,16.1,0
1759260125,16.1,16.1,16.1,16.1,0
1759260130,16.1,16.1,16.1,16.1,0
1759260135,16.12,16.12,16.12,16.12,0
1759260140,16.12,16.12,16.12,16.12,0
1759260145,16.12,16.12,16.12,16.12,0
1759260150,16.13,16.13,16.13,16.13,0
1759260155,16.13,16.13,16.13,16.13,0
1759260160,16.13,16.13,16.13,16.13,0
1759260165,16.14,16.14,16.14,16.14,0
1759260170,16.14,16.14,16.14,16.14,0
1759260175,16.14,16.14,16.14,16.14,0
1759260180,16.14,16.14,16.14,16.14,0
1759260185,16.14,16.14,16.14,16.14,0
1759260190,16.14,16.14,16.14,16.14,0
1759260195,16.15,16.15,16.15,16.15,0
1759260200,16.15,16.15,16.15,16.15,0
1759260205,16.15,16.15,16.15,16.15,0
1759260210,16.14,16.14,16.14,16.14,0
1759260215,16.14,16.14,16.14,16.14,0
1759260220,16.14,16.14,16.14,16.14,0
1759260225,16.14,16.14,16.14,16.14,0
1759260230,16.14,16.14,16.14,16.14,0
1759260235,16.14,16.14,16.14,16.14,0
1759260240,16.14,16.14,16.14,16.14,0
1759260245,16.14,16.14,16.14,16.14,0
1759260250,16.14,16.14,16.14,16.14,0
1759260255,16.14,16.14,16.14,16.14,0
1759260260,16.14,16.14,16.14,16.14,0
1759260265,16.14,16.14,16.14,16.14,0
1759260270,16.13,16.13,16.13,16.13,0
1759260275,16.13,16.13,16.13,16.13,0
1759260280,16.13,16.13,16.13,16.13,0
1759260285,16.13,16.13,16.13,16.13,0
1759260290,16.13,16.13,16.13,16.13,0
1759260295,16.13,16.13,16.13,16.13,0
1759260300,16.13,16.13,16.13,16.13,0
1759260305,16.13,16.13,16.13,16.13,0
1759260310,16.13,16.13,16.13,16.13,0
1759260315,16.14,16.14,16.14,16.14,0
1759260320,16.14,16.14,16.14,16.14,0
1759260325,16.14,16.14,16.14,16.14,0
1759260330,16.13,16.13,16.13,16.13,0
1759260335,16.13,16.13,16.13,16.13,0
1759260340,16.13,16.13,16.13,16.13,0
1759260345,16.13,16.13,16.13,16.13,0
1759260350,16.13,16.13,16.13,16.13,0
1759260355,16.13,16.13,16.13,16.13,0
1759260360,16.13,16.13,16.13,16.13,0
1759260365,16.13,16.13,16.13,16.13,0
1759260370,16.13,16.13,16.13,16.13,0
1759260375,16.12,16.12,16.12,16.12,0
1759260380,16.12,16.12,16.12,16.12,0
1759260385,16.12,16.12,16.12,16.12,0
1759260390,16.11,16.11,16.11,16.11,0
1759260395,16.11,16.11,16.11,16.11,0
1759260400,16.11,16.11,16.11,16.11,0
1759260405,16.12,16.12,16.12,16.12,0
1759260410,16.12,16.12,16.12,16.12,0
1759260415,16.12,16.12,16.12,16.12,0
1759260420,16.12,16.12,16.12,16.12,0
1759260425,16.12,16.12,16.12,16.12,0
1759260430,16.12,16.12,16.12,16.12,0
1759260435,16.12,16.12,16.12,16.12,0
1759260440,16.12,16.12,16.12,16.12,0
1759260445,16.12,16.12,16.12,16.12,0
1759260450,16.12,16.12,16.12,16.12,0
1759260455,16.12,16.12,16.12,16.12,0
1759260460,16.12,16.12,16.12,16.12,0
1759260465,16.11,16.11,16.11,16.11,0
1759260470,16.11,16.11,16.11,16.11,0
1759260475,16.11,16.11,16.11,16.11,0
1759260480,16.13,16.13,16.13,16.13,0
1759260485,16.13,16.13,16.13,16.13,0
1759260490,16.13,16.13,16.13,16.13,0
1759260495,16.14,16.14,16.14,16.14,0
1759260500,16.14,16.14,16.14,16.14,0
1759260505,16.14,16.14,16.14,16.14,0
1759260510,16.15,16.15,16.15,16.15,0
1759260515,16.15,16.15,16.15,16.15,0
1759260520,16.15,16.15,16.15,16.15,0
1759260525,16.17,16.17,16.17,16.17,0
1759260530,16.17,16.17,16.17,16.17,0
1759260535,16.17,16.17,16.17,16.17,0
1759260540,16.17,16.17,16.17,16.17,0
1759260545,16.17,16.17,16.17,16.17,0
1759260550,16.17,16.17,16.17,16.17,0
1759260555,16.16,16.16,16.16,16.16,0
1759260560,16.16,16.16,16.16,16.16,0
1759260565,16.16,16.16,16.16,16.16,0
1759260570,16.16,16.16,16.16,16.16,0
1759260575,16.16,16.16,16.16,16.16,0
1759260580,16.16,16.16,16.16,16.16,0
1759260585,16.16,16.16,16.16,16.16,0
1759260590,16.16,16.16,16.16,16.16,0
1759260595,16.16,16.16,16.16,16.16,0
1759260600,16.15,16.15,16.15,16.15,0
1759260605,16.15,16.15,16.15,16.15,0
1759260610,16.15,16.15,16.15,16.15,0
1759260615,16.16,16.16,16.16,16.16,0
1759260620,16.16,16.16,16.16,16.16,0
1759260625,16.16,16.16,16.16,16.16,0
1759260630,16.15,16.15,16.15,16.15,0
1759260635,16.15,16.15,16.15,16.15,0
1759260640,16.15,16.15,16.15,16.15,0
1759260645,16.15,16.15,16.15,16.15,0
1759260650,16.15,16.15,16.15,16.15,0
1759260655,16.15,16.15,16.15,16.15,0
1759260660,16.16,16.16,16.16,16.16,0
1759260665,16.16,16.16,16.16,16.16,0
1759260670,16.16,16.16,16.16,16.16,0
1759260675,16.15,16.15,16.15,16.15,0
1759260680,16.15,16.15,16.15,16.15,0
1759260685,16.15,16.15,16.15,16.15,0
1759260690,16.14,16.14,16.14,16.14,0
1759260695,16.14,16.14,16.14,16.14,0
1759260700,16.14,16.14,16.14,16.14,0
1759260705,16.14,16.14,16.14,16.14,0
1759260710,16.14,16.14,16.14,16.14,0
1759260715,16.14,16.14,16.14,16.14,0
1759260720,16.13,16.13,16.13,16.13,0
1759260725,16.13,16.13,16.13,16.13,0
1759260730,16.13,16.13,16.13,16.13,0
1759260735,16.13,16.13,16.13,16.13,0
1759260740,16.13,16.13,16.13,16.13,0
1759260745,16.13,16.13,16.13,16.13,0
1759260750,16.13,16.13,16.13,16.13,0
1759260755,16.13,16.13,16.13,16.13,0
1759260760,16.13,16.13,16.13,16.13,0
1759260765,16.14,16.14,16.14,16.14,0
1759260770,16.14,16.14,16.14,16.14,0
1759260775,16.14,16.14,16.14,16.14,0
1759260780,16.14,16.14,16.14,16.14,0
1759260785,16.14,16.14,16.14,16.14,0
1759260790,16.14,16.14,16.14,16.14,0
1759260795,16.15,16.15,16.15,16.15,0
1759260800,16.15,16.15,16.15,16.15,0
1759260805,16.15,16.15,16.15,16.15,0
1759260810,16.14,16.14,16.14,16.14,0
1759260815,16.14,16.14,16.14,16.14,0
1759260820,16.14,16.14,16.14,16.14,0
1759260825,16.13,16.13,16.13,16.13,0
1759260830,16.13,16.13,16.13,16.13,0
1759260835,16.13,16.13,16.13,16.13,0
1759260840,16.14,16.14,16.14,16.14,0
1759260845,16.14,16.14,16.14,16.14,0
1759260850,16.14,16.14,16.14,16.14,0
1759260855,16.14,16.14,16.14,16.14,0
1759260860,16.14,16.14,16.14,16.14,0
1759260865,16.14,16.14,16.14,16.14,0
1759260870,16.14,16.14,16.14,16.14,0
1759260875,16.14,16.14,16.14,16.14,0
1759260880,16.14,16.14,16.14,16.14,0
1759260885,16.13,16.13,16.13,16.13,0
1759260890,16.13,16.13,16.13,16.13,0
1759260895,16.13,16.13,16.13,16.13,0
1759260900,16.12,16.12,16.12,16.12,0
1759260905,16.12,16.12,16.12,16.12,0
1759260910,16.12,16.12,16.12,16.12,0
1759260915,16.12,16.12,16.12,16.12,0
1759260920,16.12,16.12,16.12,16.12,0
1759260925,16.12,16.12,16.12,16.12,0
1759260930,16.14,16.14,16.14,16.14,0
1759260935,16.14,16.14,16.14,16.14,0
1759260940,16.14,16.14,16.14,16.14,0
1759260945,16.14,16.14,16.14,16.14,0
1759260950,16.14,16.14,16.14,16.14,0
1759260955,16.14,16.14,16.14,16.14,0
1759260960,16.14,16.14,16.14,16.14,0
1759260965,16.14,16.14,16.14,16.14,0
1759260970,16.14,16.14,16.14,16.14,0
1759260975,16.15,16.15,16.15,16.15,0
1759260980,16.15,16.15,16.15,16.15,0
1759260985,16.15,16.15,16.15,16.15,0
1759260990,16.15,16.15,16.15,16.15,0
1759260995,16.15,16.15,16.15,16.15,0
1759261000,16.15,16.15,16.15,16.15,0
1759261005,16.14,16.14,16.14,16.14,0
1759261010,16.14,16.14,16.14,16.14,0
1759261015,16.14,16.14,16.14,16.14,0
1759261020,16.15,16.15,16.15,16.15,0
1759261025,16.15,16.15,16.15,16.15,0
1759261030,16.15,16.15,16.15,16.15,0
1759261035,16.13,16.13,16.13,16.13,0
1759261040,16.13,16.13,16.13,16.13,0
1759261045,16.13,16.13,16.13,16.13,0
1759261050,16.12,16.12,16.12,16.12,0
1759261055,16.12,16.12,16.12,16.12,0
1759261060,16.12,16.12,16.12,16.12,0
1759261065,16.13,16.13,16.13,16.13,0
1759261070,16.13,16.13,16.13,16.13,0
1759261075,16.13,16.13,16.13,16.13,0
1759261080,16.13,16.13,16.13,16.13,0
1759261085,16.13,16.13,16.13,16.13,0
1759261090,16.13,16.13,16.13,16.13,0
1759261095,16.13,16.13,16.13,16.13,0
1759261100,16.13,16.13,16.13,16.13,0
1759261105,16.13,16.13,16.13,16.13,0
1759261110,16.12,16.12,16.12,16.12,0
1759261115,16.12,16.12,16.12,16.12,0
1759261120,16.12,16.12,16.12,16.12,0
1759261125,16.12,16.12,16.12,16.12,0
1759261130,16.12,16.12,16.12,16.12,0
1759261135,16.12,16.12,16.12,16.12,0
1759261140,16.12,16.12,16.12,16.12,0
1759261145,16.12,16.12,16.12,16.12,0
1759261150,16.12,16.12,16.12,16.12,0
1759261155,16.12,16.12,16.12,16.12,0
1759261160,16.12,16.12,16.12,16.12,0
1759261165,16.12,16.12,16.12,16.12,0
1759261170,16.14,16.14,16.14,16.14,0
1759261175,16.14,16.14,16.14,16.14,0
1759261180,16.14,16.14,16.14,16.14,0
1759261185,16.14,16.14,16.14,16.14,0
1759261190,16.14,16.14,16.14,16.14,0
1759261195,16.14,16.14,16.14,16.14,0
1759261200,16.14,16.14,16.14,16.14,0
1759261205,16.14,16.14,16.14,16.14,0
1759261210,16.14,16.14,16.14,16.14,0
1759261215,16.18,16.18,16.18,16.18,0
1759261220,16.18,16.18,16.18,16.18,0
1759261225,16.18,16.18,16.18,16.18,0
1759261230,16.17,16.17,16.17,16.17,0
1759261235,16.17,16.17,16.17,16.17,0
1759261240,16.17,16.17,16.17,16.17,0
1759261245,16.17,16.17,16.17,16.17,0
1759261250,16.17,16.17,16.17,16.17,0
1759261255,16.17,16.17,16.17,16.17,0
1759261260,16.18,16.18,16.18,16.18,0
1759261265,16.18,16.18,16.18,16.18,0
1759261270,16.18,16.18,16.18,16.18,0
1759261275,16.18,16.18,16.18,16.18,0
1759261280,16.18,16.18,16.18,16.18,0
1759261285,16.18,16.18,16.18,16.18,0
1759261290,16.15,16.15,16.15,16.15,0
1759261295,16.15,16.15,16.15,16.15,0
1759261300,16.15,16.15,16.15,16.15,0
1759261305,16.16,16.16,16.16,16.16,0
1759261310,16.16,16.16,16.16,16.16,0
1759261315,16.16,16.16,16.16,16.16,0
1759261320,16.15,16.15,16.15,16.15,0
1759261325,16.15,16.15,16.15,16.15,0
1759261330,16.15,16.15,16.15,16.15,0
1759261335,16.16,16.16,16.16,16.16,0
1759261340,16.16,16.16,16.16,16.16,0
1759261345,16.16,16.16,16.16,16.16,0
1759261350,16.17,16.17,16.17,16.17,0
1759261355,16.17,16.17,16.17,16.17,0
1759261360,16.17,16.17,16.17,16.17,0
1759261365,16.17,16.17,16.17,16.17,0
1759261370,16.17,16.17,16.17,16.17,0
1759261375,16.17,16.17,16.17,16.17,0
1759261380,16.17,16.17,16.17,16.17,0
1759261385,16.17,16.17,16.17,16.17,0
1759261390,16.17,16.17,16.17,16.17,0
1759261395,16.18,16.18,16.18,16.18,0
1759261400,16.18,16.18,16.18,16.18,0
1759261405,16.18,16.18,16.18,16.18,0
1759261410,16.15,16.15,16.15,16.15,0
1759261415,16.15,16.15,16.15,16.15,0
1759261420,16.15,16.15,16.15,16.15,0
1759261425,16.16,16.16,16.16,16.16,0
1759261430,16.16,16.16,16.16,16.16,0
1759261435,16.16,16.16,16.16,16.16,0
1759261440,16.18,16.18,16.18,16.18,0
1759261445,16.18,16.18,16.18,16.18,0
1759261450,16.18,16.18,16.18,16.18,0
1759261455,16.16,16.16,16.16,16.16,0
1759261460,16.16,16.16,16.16,16.16,0
1759261465,16.16,16.16,16.16,16.16,0
1759261470,16.16,16.16,16.16,16.16,0
1759261475,16.16,16.16,16.16,16.16,0
1759261480,16.16,16.16,16.16,16.16,0
1759261485,16.17,16.17,16.17,16.17,0
1759261490,16.17,16.17,16.17,16.17,0
1759261495,16.17,16.17,16.17,16.17,0
1759261500,16.16,16.16,16.16,16.16,0
1759261505,16.16,16.16,16.16,16.16,0
1759261510,16.16,16.16,16.16,16.16,0
1759261515,16.16,16.16,16.16,16.16,0
1759261520,16.16,16.16,16.16,16.16,0
1759261525,16.16,16.16,16.16,16.16,0
1759261530,16.15,16.15,16.15,16.15,0
1759261535,16.15,16.15,16.15,16.15,0
1759261540,16.15,16.15,16.15,16.15,0
1759261545,16.15,16.15,16.15,16.15,0
1759261550,16.15,16.15,16.15,16.15,0
1759261555,16.15,16.15,16.15,16.15,0
1759261560,16.13,16.13,16.13,16.13,0
1759261565,16.13,16.13,16.13,16.13,0
1759261570,16.13,16.13,16.13,16.13,0
1759261575,16.13,16.13,16.13,16.13,0
1759261580,16.13,16.13,16.13,16.13,0
1759261585,16.13,16.13,16.13,16.13,0
1759261590,16.13,16.13,16.13,16.13,0
1759261595,16.13,16.13,16.13,16.13,0
1759261600,16.13,16.13,16.13,16.13,0
1759261605,16.12,16.12,16.12,16.12,0
1759261610,16.12,16.12,16.12,16.12,0
1759261615,16.12,16.12,16.12,16.12,0
1759261620,16.12,16.12,16.12,16.12,0
1759261625,16.12,16.12,16.12,16.12,0
1759261630,16.12,16.12,16.12,16.12,0
1759261635,16.14,16.14,16.14,16.14,0
1759261640,16.14,16.14,16.14,16.14,0
1759261645,16.14,16.14,16.14,16.14,0
1759261650,16.15,16.15,16.15,16.15,0
1759261655,16.15,16.15,16.15,16.15,0
1759261660,16.15,16.15,16.15,16.15,0
1759261665,16.17,16.17,16.17,16.17,0
1759261670,16.17,16.17,16.17,16.17,0
1759261675,16.17,16.17,16.17,16.17,0
1759261680,16.16,16.16,16.16,16.16,0
1759261685,16.16,16.16,16.16,16.16,0
1759261690,16.16,16.16,16.16,16.16,0
1759261695,16.15,16.15,16.15,16.15,0
1759261700,16.15,16.15,16.15,16.15,0
1759261705,16.15,16.15,16.15,16.15,0
1759261710,16.14,16.14,16.14,16.14,0
1759261715,16.14,16.14,16.14,16.14,0
1759261720,16.14,16.14,16.14,16.14,0
1759261725,16.14,16.14,16.14,16.14,0
1759261730,16.14,16.14,16.14,16.14,0
1759261735,16.14,16.14,16.14,16.14,0
1759261740,16.13,16.13,16.13,16.13,0
1759261745,16.13,16.13,16.13,16.13,0
1759261750,16.13,16.13,16.13,16.13,0
1759261755,16.12,16.12,16.12,16.12,0
1759261760,16.12,16.12,16.12,16.12,0
1759261765,16.12,16.12,16.12,16.12,0
1759261770,16.12,16.12,16.12,16.12,0
1759261775,16.12,16.12,16.12,16.12,0
1759261780,16.12,16.12,16.12,16.12,0
1759261785,16.11,16.11,16.11,16.11,0
1759261790,16.11,16.11,16.11,16.11,0
1759261795,16.11,16.11,16.11,16.11,0
1759261800,16.07,16.07,16.07,16.07,0
1759261805,16.07,16.07,16.07,16.07,0
1759261810,16.07,16.07,16.07,16.07,0
1759261815,16.12,16.12,16.12,16.12,0
1759261820,16.12,16.12,16.12,16.12,0
1759261825,16.12,16.12,16.12,16.12,0
1759261830,16.13,16.13,16.13,16.13,0
1759261835,16.13,16.13,16.13,16.13,0
1759261840,16.13,16.13,16.13,16.13,0
1759261845,16.13,16.13,16.13,16.13,0
1759261850,16.13,16.13,16.13,16.13,0
1759261855,16.13,16.13,16.13,16.13,0
1759261860,16.1,16.1,16.1,16.1,0
1759261865,16.1,16.1,16.1,16.1,0
1759261870,16.1,16.1,16.1,16.1,0
1759261875,16.09,16.09,16.09,16.09,0
1759261880,16.09,16.09,16.09,16.09,0
1759261885,16.09,16.09,16.09,16.09,0
1759261890,16.1,16.1,16.1,16.1,0
1759261895,16.1,16.1,16.1,16.1,0
1759261900,16.1,16.1,16.1,16.1,0
1759261905,16.09,16.09,16.09,16.09,0
1759261910,16.09,16.09,16.09,16.09,0
1759261915,16.09,16.09,16.09,16.09,0
1759261920,16.1,16.1,16.1,16.1,0
1759261925,16.1,16.1,16.1,16.1,0
1759261930,16.1,16.1,16.1,16.1,0
1759261935,16.1,16.1,16.1,16.1,0
1759261940,16.1,16.1,16.1,16.1,0
1759261945,16.1,16.1,16.1,16.1,0
1759261950,16.1,16.1,16.1,16.1,0
1759261955,16.1,16.1,16.1,16.1,0
1759261960,16.1,16.1,16.1,16.1,0
1759261965,16.09,16.09,16.09,16.09,0
1759261970,16.09,16.09,16.09,16.09,0
1759261975,16.09,16.09,16.09,16.09,0
1759261980,16.06,16.06,16.06,16.06,0
1759261985,16.06,16.06,16.06,16.06,0
1759261990,16.06,16.06,16.06,16.06,0
1759261995,16.06,16.06,16.06,16.06,0
1759262000,16.06,16.06,16.06,16.06,0
1759262005,16.06,16.06,16.06,16.06,0
1759262010,16.05,16.05,16.05,16.05,0
1759262015,16.05,16.05,16.05,16.05,0
1759262020,16.05,16.05,16.05,16.05,0
1759262025,16.05,16.05,16.05,16.05,0
1759262030,16.05,16.05,16.05,16.05,0
1759262035,16.05,16.05,16.05,16.05,0
1759262040,16.05,16.05,16.05,16.05,0
1759262045,16.05,16.05,16.05,16.05,0
1759262050,16.05,16.05,16.05,16.05,0
1759262055,16.06,16.06,16.06,16.06,0
1759262060,16.06,16.06,16.06,16.06,0
1759262065,16.06,16.06,16.06,16.06,0
1759262070,16.07,16.07,16.07,16.07,0
1759262075,16.07,16.07,16.07,16.07,0
1759262080,16.07,16.07,16.07,16.07,0
1759262085,16.08,16.08,16.08,16.08,0
1759262090,16.08,16.08,16.08,16.08,0
1759262095,16.08,16.08,16.08,16.08,0
1759262100,16.07,16.07,16.07,16.07,0
1759262105,16.07,16.07,16.07,16.07,0
1759262110,16.07,16.07,16.07,16.07,0
1759262115,16.05,16.05,16.05,16.05,0
1759262120,16.05,16.05,16.05,16.05,0
1759262125,16.05,16.05,16.05,16.05,0
1759262130,16.04,16.04,16.04,16.04,0
1759262135,16.04,16.04,16.04,16.04,0
1759262140,16.04,16.04,16.04,16.04,0
1759262145,16.04,16.04,16.04,16.04,0
1759262150,16.04,16.04,16.04,16.04,0
1759262155,16.04,16.04,16.04,16.04,0
1759262160,16.07,16.07,16.07,16.07,0
1759262165,16.07,16.07,16.07,16.07,0
1759262170,16.07,16.07,16.07,16.07,0
1759262175,16.07,16.07,16.07,16.07,0
1759262180,16.07,16.07,16.07,16.07,0
1759262185,16.07,16.07,16.07,16.07,0
1759262190,16.06,16.06,16.06,16.06,0
1759262195,16.06,16.06,16.06,16.06,0
1759262200,16.06,16.06,16.06,16.06,0
1759262205,16.06,16.06,16.06,16.06,0
1759262210,16.06,16.06,16.06,16.06,0
1759262215,16.06,16.06,16.06,16.06,0
1759262220,16.08,16.08,16.08,16.08,0
1759262225,16.08,16.08,16.08,16.08,0
1759262230,16.08,16.08,16.08,16.08,0
1759262235,16.05,16.05,16.05,16.05,0
1759262240,16.05,16.05,16.05,16.05,0
1759262245,16.05,16.05,16.05,16.05,0
1759262250,16.02,16.02,16.02,16.02,0
1759262255,16.02,16.02,16.02,16.02,0
1759262260,16.02,16.02,16.02,16.02,0
1759262265,16.02,16.02,16.02,16.02,0
1759262270,16.02,16.02,16.02,16.02,0
1759262275,16.02,16.02,16.02,16.02,0
1759262280,16.03,16.03,16.03,16.03,0
1759262285,16.03,16.03,16.03,16.03,0
1759262290,16.03,16.03,16.03,16.03,0
1759262295,16.05,16.05,16.05,16.05,0
1759262300,16.05,16.05,16.05,16.05,0
1759262305,16.05,16.05,16.05,16.05,0
1759262310,16.07,16.07,16.07,16.07,0
1759262315,16.07,16.07,16.07,16.07,0
1759262320,16.07,16.07,16.07,16.07,0
1759262325,16.07,16.07,16.07,16.07,0
1759262330,16.07,16.07,16.07,16.07,0
1759262335,16.07,16.07,16.07,16.07,0
1759262340,16.07,16.07,16.07,16.07,0
1759262345,16.07,16.07,16.07,16.07,0
1759262350,16.07,16.07,16.07,16.07,0
1759262355,16.08,16.08,16.08,16.08,0
1759262360,16.08,16.08,16.08,16.08,0
1759262365,16.08,16.08,16.08,16.08,0
1759262370,16.05,16.05,16.05,16.05,0
1759262375,16.05,16.05,16.05,16.05,0
1759262380,16.05,16.05,16.05,16.05,0
1759262385,16.08,16.08,16.08,16.08,0
1759262390,16.08,16.08,16.08,16.08,0
1759262395,16.08,16.08,16.08,16.08,0
