Date,Open,High,Low,Close,Volume
1746192600,5645.88,5659.0,5645.88,5657.71,0
1746192605,5658.29,5659.57,5658.29,5659.57,0
1746192610,5659.43,5659.43,5659.12,5659.23,0
1746192615,5659.15,5659.15,5657.63,5658.73,0
1746192620,5659.01,5659.28,5658.07,5659.28,0
1746192625,5659.78,5661.83,5658.77,5661.83,0
1746192630,5661.43,5662.3,5661.43,5661.99,0
1746192635,5662.55,5662.91,5661.99,5662.23,0
1746192640,5662.25,5662.25,5661.07,5661.07,0
1746192645,5660.54,5661.32,5659.98,5659.98,0
1746192650,5659.78,5660.22,5659.78,5660.08,0
1746192655,5660.06,5661.79,5660.06,5661.79,0
1746192660,5662.34,5662.81,5662.14,5662.81,0
1746192665,5662.98,5662.98,5661.84,5661.84,0
1746192670,5662.3,5662.52,5661.12,5661.12,0
1746192675,5661.27,5662.33,5661.27,5662.33,0
1746192680,5662.49,5662.5,5662.17,5662.49,0
1746192685,5662.32,5662.84,5662.29,5662.84,0
1746192690,5662.95,5665.44,5662.95,5665.44,0
1746192695,5665.21,5665.62,5664.29,5664.63,0
1746192700,5664.99,5666.07,5664.99,5666.0,0
1746192705,5666.55,5667.08,5666.5,5666.78,0
1746192710,5667.02,5667.4,5666.81,5667.4,0
1746192715,5667.65,5667.7,5667.33,5667.7,0
1746192720,5667.95,5668.35,5667.6,5668.07,0
1746192725,5667.64,5668.12,5667.16,5667.16,0
1746192730,5667.51,5667.52,5666.8,5667.03,0
1746192735,5666.94,5668.54,5666.94,5668.54,0
1746192740,5668.49,5668.61,5667.78,5668.59,0
1746192745,5667.92,5669.59,5667.92,5669.34,0
1746192750,5669.12,5670.07,5669.12,5669.67,0
1746192755,5669.56,5670.67,5669.56,5670.67,0
1746192760,5670.78,5671.0,5670.11,5670.11,0
1746192765,5669.7,5670.24,5668.27,5668.27,0
1746192770,5667.68,5667.76,5667.08,5667.08,0
1746192775,5668.06,5668.06,5667.44,5667.45,0
1746192780,5667.59,5668.89,5667.59,5668.81,0
1746192785,5668.77,5668.77,5668.15,5668.44,0
1746192790,5667.81,5668.68,5667.81,5668.68,0
1746192795,5668.97,5671.0,5668.97,5671.0,0
1746192800,5671.18,5671.18,5670.19,5670.19,0
1746192805,5670.21,5670.62,5669.33,5670.62,0
1746192810,5670.42,5670.97,5670.2,5670.97,0
1746192815,5670.78,5670.79,5670.23,5670.79,0
1746192820,5670.18,5670.18,5668.45,5668.72,0
1746192825,5668.14,5668.99,5668.14,5668.99,0
1746192830,5668.78,5669.2,5668.6,5668.72,0
1746192835,5668.92,5669.18,5668.79,5668.79,0
1746192840,5668.98,5669.02,5668.27,5668.28,0
1746192845,5667.93,5668.27,5667.38,5667.59,0
1746192850,5667.57,5667.95,5667.54,5667.54,0
1746192855,5667.71,5667.71,5666.65,5667.31,0
1746192860,5667.35,5667.76,5667.35,5667.52,0
1746192865,5667.13,5667.55,5666.58,5666.58,0
1746192870,5666.3,5666.33,5665.91,5666.31,0
1746192875,5665.95,5666.4,5665.18,5665.18,0
1746192880,5664.69,5664.82,5664.59,5664.82,0
1746192885,5664.98,5665.67,5664.83,5665.67,0
1746192890,5665.56,5665.64,5665.08,5665.64,0
1746192895,5665.52,5666.02,5665.52,5665.7,0
1746192900,5665.74,5666.57,5665.74,5666.57,0
1746192905,5666.01,5666.01,5664.89,5665.68,0
1746192910,5665.71,5666.19,5665.19,5666.19,0
1746192915,5665.21,5665.48,5665.1,5665.15,0
1746192920,5665.22,5665.22,5663.56,5663.76,0
1746192925,5663.69,5663.89,5663.37,5663.37,0
1746192930,5663.33,5663.98,5663.33,5663.94,0
1746192935,5663.63,5664.8,5663.63,5664.8,0
1746192940,5663.87,5663.87,5663.04,5663.16,0
1746192945,5662.62,5663.01,5662.25,5663.01,0
1746192950,5662.84,5664.44,5662.84,5664.44,0
1746192955,5664.91,5664.91,5664.42,5664.66,0
1746192960,5664.71,5665.87,5664.71,5665.85,0
1746192965,5665.68,5666.44,5665.68,5666.44,0
1746192970,5666.53,5666.53,5665.94,5666.3,0
1746192975,5665.29,5665.29,5664.18,5664.18,0
1746192980,5664.46,5664.46,5663.32,5663.48,0
1746192985,5662.86,5663.32,5662.56,5662.56,0
1746192990,5662.49,5662.61,5662.02,5662.02,0
1746192995,5661.8,5661.87,5661.29,5661.4,0
1746193000,5661.42,5661.42,5660.41,5660.49,0
1746193005,5660.45,5660.64,5659.93,5659.93,0
1746193010,5659.84,5659.84,5658.69,5658.69,0
1746193015,5658.19,5658.56,5657.59,5657.68,0
1746193020,5657.46,5657.65,5657.07,5657.25,0
1746193025,5656.7,5657.09,5656.29,5656.29,0
1746193030,5656.44,5656.44,5655.77,5655.77,0
1746193035,5656.17,5657.67,5656.17,5657.59,0
1746193040,5657.62,5658.16,5657.16,5657.16,0
1746193045,5657.04,5657.41,5656.69,5657.41,0
1746193050,5657.54,5658.15,5657.54,5658.15,0
1746193055,5658.12,5658.51,5658.12,5658.48,0
1746193060,5658.7,5659.51,5658.47,5658.47,0
1746193065,5657.6,5657.78,5657.45,5657.56,0
1746193070,5657.38,5657.48,5656.8,5657.23,0
1746193075,5657.13,5658.02,5656.98,5657.22,0
1746193080,5657.34,5658.73,5657.34,5658.67,0
1746193085,5658.06,5659.41,5658.06,5658.92,0
1746193090,5658.46,5659.41,5658.46,5659.39,0
1746193095,5659.15,5659.85,5659.15,5659.45,0
1746193100,5659.7,5660.83,5659.7,5660.72,0
1746193105,5660.02,5661.16,5660.02,5661.16,0
1746193110,5661.18,5661.67,5661.18,5661.61,0
1746193115,5661.55,5662.04,5661.55,5662.04,0
1746193120,5662.14,5662.52,5662.14,5662.2,0
1746193125,5662.34,5662.75,5661.1,5661.1,0
1746193130,5660.44,5661.14,5660.33,5661.14,0
1746193135,5661.41,5661.7,5661.41,5661.63,0
1746193140,5662.15,5663.21,5662.15,5663.03,0
1746193145,5663.18,5663.18,5662.93,5662.93,0
1746193150,5662.94,5663.19,5662.94,5663.19,0
1746193155,5663.32,5663.5,5663.03,5663.21,0
1746193160,5663.47,5663.95,5663.47,5663.61,0
1746193165,5663.88,5664.13,5663.46,5664.13,0
1746193170,5664.29,5666.39,5664.29,5666.39,0
1746193175,5666.2,5666.72,5666.12,5666.72,0
1746193180,5666.91,5666.91,5666.61,5666.61,0
1746193185,5666.4,5666.56,5666.37,5666.37,0
1746193190,5666.49,5666.49,5665.8,5666.12,0
1746193195,5665.61,5666.15,5665.57,5666.15,0
1746193200,5666.41,5666.88,5666.41,5666.5,0
1746193205,5666.98,5667.74,5666.98,5667.16,0
1746193210,5667.39,5668.17,5667.39,5668.17,0
1746193215,5668.66,5669.1,5668.6,5669.1,0
1746193220,5669.03,5669.03,5668.69,5668.88,0
1746193225,5668.78,5668.89,5667.94,5668.07,0
1746193230,5668.16,5668.5,5667.42,5667.42,0
1746193235,5667.32,5667.36,5667.11,5667.11,0
1746193240,5667.23,5668.04,5667.23,5668.04,0
1746193245,5668.09,5668.18,5667.96,5668.04,0
1746193250,5668.39,5668.39,5667.06,5667.06,0
1746193255,5667.01,5667.31,5666.7,5667.31,0
1746193260,5667.44,5667.44,5666.34,5666.34,0
1746193265,5666.36,5667.11,5666.36,5666.86,0
1746193270,5666.99,5667.23,5666.64,5667.23,0
1746193275,5667.31,5668.36,5667.31,5668.36,0
1746193280,5668.47,5668.47,5668.32,5668.34,0
1746193285,5668.22,5668.26,5667.78,5668.23,0
1746193290,5668.15,5668.15,5667.09,5667.09,0
1746193295,5667.34,5667.34,5665.33,5665.68,0
1746193300,5665.55,5665.71,5665.38,5665.71,0
1746193305,5665.44,5665.44,5665.07,5665.07,0
1746193310,5665.24,5665.7,5665.19,5665.67,0
1746193315,5665.61,5667.02,5665.61,5667.02,0
1746193320,5667.0,5667.29,5666.89,5667.2,0
1746193325,5667.11,5667.11,5666.67,5666.67,0
1746193330,5666.76,5667.27,5666.76,5667.27,0
1746193335,5666.94,5667.37,5666.65,5667.17,0
1746193340,5667.14,5667.72,5666.65,5666.65,0
1746193345,5666.74,5666.74,5665.23,5665.23,0
1746193350,5665.43,5665.43,5664.86,5664.86,0
1746193355,5664.88,5665.15,5664.5,5664.5,0
1746193360,5664.52,5664.52,5663.49,5663.49,0
1746193365,5663.69,5663.73,5662.8,5662.8,0
1746193370,5662.22,5662.22,5661.56,5661.6,0
1746193375,5661.13,5661.3,5660.79,5660.94,0
1746193380,5661.2,5661.66,5661.12,5661.66,0
1746193385,5662.56,5662.86,5662.56,5662.86,0
1746193390,5663.62,5663.62,5662.9,5663.04,0
1746193395,5662.62,5662.62,5661.08,5661.16,0
1746193400,5661.06,5661.06,5660.62,5660.62,0
1746193405,5660.93,5661.59,5660.93,5661.59,0
1746193410,5662.02,5663.04,5662.02,5663.04,0
1746193415,5663.22,5663.57,5662.76,5663.56,0
1746193420,5663.33,5664.08,5663.32,5664.08,0
1746193425,5663.67,5663.67,5663.22,5663.53,0
1746193430,5663.83,5663.87,5663.73,5663.79,0
1746193435,5663.74,5664.08,5663.74,5664.08,0
1746193440,5663.76,5664.12,5663.58,5663.58,0
1746193445,5663.55,5664.68,5663.34,5664.68,0
1746193450,5664.37,5664.37,5663.85,5663.93,0
1746193455,5664.06,5664.51,5664.06,5664.51,0
1746193460,5664.45,5664.45,5663.21,5663.4,0
1746193465,5663.48,5663.68,5663.02,5663.02,0
1746193470,5662.91,5662.91,5662.51,5662.51,0
1746193475,5662.39,5662.39,5661.99,5661.99,0
1746193480,5662.12,5663.64,5662.12,5663.64,0
1746193485,5662.94,5663.71,5662.94,5663.71,0
1746193490,5663.8,5664.37,5663.79,5664.07,0
1746193495,5664.01,5664.09,5663.93,5663.93,0
1746193500,5664.26,5665.63,5664.26,5665.63,0
1746193505,5665.81,5666.48,5665.81,5666.09,0
1746193510,5665.88,5666.21,5665.76,5665.76,0
1746193515,5666.05,5666.4,5665.63,5665.63,0
1746193520,5665.32,5666.55,5665.32,5665.86,0
1746193525,5665.64,5665.64,5665.02,5665.52,0
1746193530,5666.16,5666.79,5666.16,5666.79,0
1746193535,5666.64,5666.65,5665.99,5666.24,0
1746193540,5666.31,5666.49,5666.3,5666.37,0
1746193545,5666.64,5667.05,5666.64,5666.64,0
1746193550,5666.48,5666.48,5666.09,5666.17,0
1746193555,5666.43,5666.43,5665.96,5665.96,0
1746193560,5665.43,5665.43,5663.21,5663.21,0
1746193565,5663.43,5663.43,5661.4,5661.4,0
1746193570,5660.15,5660.5,5660.15,5660.5,0
1746193575,5660.43,5661.3,5660.43,5661.03,0
1746193580,5661.52,5663.57,5661.52,5663.57,0
1746193585,5663.66,5663.66,5663.34,5663.58,0
1746193590,5663.7,5664.37,5663.7,5664.37,0
1746193595,5663.96,5664.26,5663.96,5664.26,0
1746193600,5663.73,5663.73,5662.65,5662.65,0
1746193605,5662.63,5663.44,5662.32,5663.44,0
1746193610,5663.23,5663.48,5662.82,5662.82,0
1746193615,5662.77,5662.81,5662.57,5662.57,0
1746193620,5662.4,5663.12,5662.4,5662.46,0
1746193625,5662.61,5662.61,5661.41,5661.41,0
1746193630,5661.15,5661.15,5659.3,5659.3,0
1746193635,5659.27,5659.27,5658.28,5658.28,0
1746193640,5658.62,5658.63,5658.5,5658.5,0
1746193645,5658.26,5658.64,5656.99,5657.03,0
1746193650,5658.01,5658.01,5656.98,5657.59,0
1746193655,5657.54,5657.54,5657.2,5657.33,0
1746193660,5657.72,5658.1,5657.51,5657.64,0
1746193665,5657.87,5658.36,5657.87,5658.36,0
1746193670,5658.28,5658.28,5656.91,5656.99,0
1746193675,5656.82,5657.03,5656.82,5656.83,0
1746193680,5656.94,5657.02,5656.39,5656.52,0
1746193685,5656.47,5656.47,5655.79,5655.94,0
1746193690,5656.18,5656.89,5656.18,5656.67,0
1746193695,5656.57,5656.57,5655.64,5655.77,0
1746193700,5655.62,5655.7,5654.85,5654.85,0
1746193705,5654.38,5654.38,5652.54,5652.54,0
1746193710,5652.12,5652.91,5651.71,5652.88,0
1746193715,5652.78,5653.26,5652.78,5652.87,0
1746193720,5652.88,5652.88,5652.13,5652.13,0
1746193725,5652.3,5653.58,5652.3,5653.58,0
1746193730,5653.69,5655.1,5653.69,5655.1,0
1746193735,5655.39,5655.39,5655.07,5655.26,0
1746193740,5655.19,5655.68,5655.19,5655.68,0
1746193745,5655.3,5655.3,5654.42,5654.42,0
1746193750,5654.5,5654.5,5654.02,5654.02,0
1746193755,5653.82,5653.82,5653.47,5653.64,0
1746193760,5653.58,5653.85,5653.2,5653.85,0
1746193765,5653.7,5654.5,5653.7,5654.5,0
1746193770,5654.2,5654.27,5654.09,5654.09,0
1746193775,5654.4,5654.4,5653.68,5653.77,0
1746193780,5653.99,5654.14,5653.64,5653.64,0
1746193785,5653.8,5654.27,5653.8,5654.26,0
1746193790,5654.22,5654.29,5654.15,5654.16,0
1746193795,5654.44,5654.44,5653.62,5653.66,0
1746193800,5653.6,5653.99,5653.39,5653.99,0
1746193805,5654.12,5654.64,5653.6,5654.64,0
1746193810,5654.79,5655.12,5654.74,5654.87,0
1746193815,5655.56,5655.72,5655.35,5655.72,0
1746193820,5655.78,5656.37,5655.66,5656.09,0
1746193825,5656.23,5656.7,5655.88,5655.88,0
1746193830,5655.76,5655.99,5655.7,5655.7,0
1746193835,5655.86,5656.27,5655.86,5656.11,0
1746193840,5656.26,5656.38,5655.93,5655.93,0
1746193845,5655.75,5656.12,5655.67,5655.67,0
1746193850,5655.54,5656.41,5655.38,5655.38,0
1746193855,5655.47,5655.94,5655.47,5655.71,0
1746193860,5655.94,5655.98,5655.48,5655.98,0
1746193865,5656.13,5656.68,5656.13,5656.44,0
1746193870,5656.18,5656.62,5656.14,5656.33,0
1746193875,5656.52,5656.93,5656.52,5656.93,0
1746193880,5656.76,5657.03,5655.78,5655.78,0
1746193885,5647.5,5647.98,5646.9,5647.85,0
1746193890,5649.11,5649.8,5648.65,5649.8,0
1746193895,5649.72,5649.72,5648.51,5648.51,0
1746193900,5648.02,5648.2,5647.74,5647.74,0
1746193905,5647.62,5647.62,5646.18,5646.18,0
1746193910,5645.94,5646.33,5645.94,5646.32,0
1746193915,5646.2,5646.8,5646.2,5646.8,0
1746193920,5646.71,5647.5,5646.71,5647.5,0
1746193925,5647.42,5647.75,5647.41,5647.75,0
1746193930,5647.81,5647.95,5646.95,5646.95,0
1746193935,5647.7,5647.7,5647.14,5647.14,0
1746193940,5647.18,5647.18,5646.78,5646.95,0
1746193945,5646.8,5646.8,5646.36,5646.36,0
1746193950,5645.66,5645.66,5644.92,5644.92,0
1746193955,5644.37,5644.4,5642.92,5642.92,0
1746193960,5642.51,5643.74,5642.28,5643.74,0
1746193965,5644.04,5644.48,5643.99,5644.48,0
1746193970,5644.27,5645.35,5644.19,5645.35,0
1746193975,5645.37,5645.93,5645.37,5645.9,0
1746193980,5645.61,5645.61,5644.81,5644.81,0
1746193985,5644.25,5644.44,5643.85,5644.09,0
1746193990,5644.56,5644.83,5644.46,5644.46,0
1746193995,5645.14,5645.43,5645.14,5645.33,0
1746194000,5645.51,5646.05,5645.51,5645.87,0
1746194005,5646.22,5648.81,5646.22,5648.81,0
1746194010,5648.85,5648.85,5648.59,5648.69,0
1746194015,5649.05,5649.05,5648.91,5648.99,0
1746194020,5648.87,5649.46,5648.87,5649.46,0
1746194025,5649.59,5649.68,5649.22,5649.22,0
1746194030,5649.19,5649.63,5649.19,5649.27,0
1746194035,5649.48,5649.53,5649.23,5649.3,0
1746194040,5649.19,5649.5,5649.19,5649.5,0
1746194045,5650.27,5651.56,5650.22,5651.35,0
1746194050,5651.38,5651.82,5651.34,5651.63,0
1746194055,5650.82,5651.0,5650.72,5650.99,0
1746194060,5651.23,5651.5,5651.18,5651.5,0
1746194065,5651.36,5651.36,5651.11,5651.11,0
1746194070,5651.31,5651.92,5651.31,5651.51,0
1746194075,5652.02,5652.55,5651.91,5652.55,0
1746194080,5652.59,5652.59,5652.04,5652.04,0
1746194085,5651.95,5652.73,5651.95,5652.73,0
1746194090,5652.71,5652.71,5652.31,5652.31,0
1746194095,5652.22,5652.22,5651.93,5651.98,0
1746194100,5651.85,5652.69,5651.85,5652.08,0
1746194105,5652.25,5652.78,5652.25,5652.58,0
1746194110,5652.6,5652.75,5652.33,5652.33,0
1746194115,5652.28,5652.84,5652.22,5652.23,0
1746194120,5651.98,5652.15,5651.75,5652.15,0
1746194125,5652.37,5652.62,5652.0,5652.62,0
1746194130,5652.84,5653.73,5652.58,5653.73,0
1746194135,5654.12,5654.27,5654.05,5654.16,0
1746194140,5654.13,5655.08,5654.13,5654.66,0
1746194145,5654.54,5654.8,5654.54,5654.67,0
1746194150,5655.15,5655.33,5655.15,5655.33,0
1746194155,5655.76,5655.76,5655.6,5655.68,0
1746194160,5655.81,5656.26,5655.75,5656.05,0
1746194165,5655.98,5656.33,5655.98,5656.33,0
1746194170,5656.29,5656.29,5655.52,5655.57,0
1746194175,5655.66,5655.66,5654.78,5654.78,0
1746194180,5654.86,5655.42,5654.86,5655.34,0
1746194185,5655.22,5655.67,5655.0,5655.67,0
1746194190,5655.41,5655.59,5655.13,5655.13,0
1746194195,5655.16,5655.53,5655.16,5655.47,0
1746194200,5655.35,5655.35,5655.04,5655.08,0
1746194205,5654.93,5655.06,5654.77,5655.06,0
1746194210,5654.9,5654.9,5653.54,5653.54,0
1746194215,5653.52,5653.52,5651.88,5651.88,0
1746194220,5651.44,5651.44,5650.67,5650.67,0
1746194225,5650.18,5650.18,5649.39,5649.42,0
1746194230,5649.33,5650.2,5649.33,5649.73,0
1746194235,5649.51,5649.51,5649.07,5649.44,0
1746194240,5649.61,5649.77,5648.36,5648.36,0
1746194245,5648.49,5648.91,5648.49,5648.62,0
1746194250,5648.9,5649.05,5648.86,5649.03,0
1746194255,5648.95,5648.95,5647.9,5647.9,0
1746194260,5648.01,5648.23,5648.01,5648.16,0
1746194265,5648.83,5649.43,5648.83,5649.04,0
1746194270,5648.74,5649.14,5648.74,5649.14,0
1746194275,5648.97,5649.48,5648.85,5649.48,0
1746194280,5649.49,5650.31,5649.49,5650.27,0
1746194285,5650.37,5651.59,5650.12,5651.59,0
1746194290,5651.54,5651.54,5651.09,5651.38,0
1746194295,5651.31,5651.67,5651.11,5651.67,0
1746194300,5651.68,5651.75,5650.9,5650.9,0
1746194305,5650.55,5650.55,5649.92,5649.92,0
1746194310,5649.71,5649.81,5649.66,5649.81,0
1746194315,5649.66,5649.74,5649.52,5649.68,0
1746194320,5649.87,5650.24,5649.67,5650.24,0
1746194325,5650.7,5651.19,5650.7,5651.19,0
1746194330,5651.3,5651.56,5651.3,5651.54,0
1746194335,5651.58,5651.58,5650.79,5650.79,0
1746194340,5651.01,5651.01,5650.33,5650.54,0
1746194345,5650.59,5650.59,5650.03,5650.03,0
1746194350,5650.45,5650.92,5650.45,5650.92,0
1746194355,5650.97,5651.21,5650.97,5651.05,0
1746194360,5651.64,5651.68,5651.55,5651.68,0
1746194365,5651.7,5651.85,5651.61,5651.85,0
1746194370,5651.95,5653.13,5651.95,5653.13,0
1746194375,5653.06,5653.91,5653.06,5653.91,0
1746194380,5653.85,5654.08,5653.73,5654.05,0
1746194385,5654.11,5654.11,5653.73,5653.82,0
1746194390,5653.78,5654.11,5653.78,5654.04,0
1746194395,5653.98,5653.98,5653.7,5653.77,0
1746194400,5653.79,5654.28,5652.49,5653.39,0
1746194405,5652.73,5653.21,5652.53,5653.21,0
1746194410,5653.08,5653.16,5652.86,5653.16,0
1746194415,5653.65,5653.78,5653.28,5653.4,0
1746194420,5653.15,5653.53,5653.15,5653.4,0
1746194425,5653.87,5654.48,5653.87,5654.48,0
1746194430,5654.46,5654.46,5652.2,5652.45,0
1746194435,5652.76,5653.07,5652.65,5653.07,0
1746194440,5653.22,5653.78,5653.22,5653.59,0
1746194445,5653.58,5653.58,5652.68,5652.7,0
1746194450,5652.73,5652.73,5652.06,5652.1,0
1746194455,5651.92,5652.94,5651.92,5652.94,0
1746194460,5651.95,5652.36,5651.95,5651.99,0
1746194465,5651.64,5652.13,5651.64,5652.13,0
1746194470,5652.03,5652.2,5651.84,5651.85,0
1746194475,5652.16,5652.36,5651.14,5651.36,0
1746194480,5651.4,5651.63,5651.4,5651.47,0
1746194485,5650.93,5651.46,5650.93,5651.18,0
1746194490,5651.45,5653.0,5651.45,5652.95,0
1746194495,5652.93,5653.41,5652.93,5653.27,0
1746194500,5653.97,5654.76,5653.97,5654.52,0
1746194505,5654.48,5654.48,5654.18,5654.24,0
1746194510,5654.3,5654.69,5654.09,5654.38,0
1746194515,5654.36,5654.5,5654.29,5654.5,0
1746194520,5654.47,5655.55,5654.47,5655.55,0
1746194525,5655.28,5655.91,5655.28,5655.91,0
1746194530,5655.83,5656.43,5655.81,5656.43,0
1746194535,5656.62,5658.94,5656.62,5658.94,0
1746194540,5658.87,5658.96,5658.83,5658.96,0
1746194545,5659.17,5659.46,5659.15,5659.15,0
1746194550,5659.18,5659.2,5659.11,5659.11,0
1746194555,5659.05,5660.18,5659.05,5660.09,0
1746194560,5660.17,5660.17,5659.81,5660.15,0
1746194565,5659.92,5659.92,5659.28,5659.28,0
1746194570,5659.51,5659.75,5659.51,5659.6,0
1746194575,5659.65,5660.07,5659.65,5659.77,0
1746194580,5659.67,5660.19,5659.59,5660.19,0
1746194585,5660.31,5661.57,5660.31,5661.57,0
1746194590,5661.8,5663.63,5661.73,5663.63,0
1746194595,5663.93,5664.34,5663.93,5664.25,0
1746194600,5664.26,5664.36,5664.23,5664.36,0
1746194605,5664.17,5664.73,5664.17,5664.73,0
1746194610,5664.87,5665.2,5664.87,5665.12,0
1746194615,5665.34,5665.35,5665.07,5665.07,0
1746194620,5665.1,5665.1,5664.43,5664.43,0
1746194625,5664.37,5664.37,5663.79,5663.79,0
1746194630,5663.6,5663.79,5663.32,5663.32,0
1746194635,5662.98,5662.98,5662.56,5662.58,0
1746194640,5662.82,5663.42,5662.82,5663.35,0
1746194645,5663.73,5663.77,5663.52,5663.77,0
1746194650,5663.73,5663.97,5663.26,5663.26,0
1746194655,5663.38,5663.62,5663.38,5663.62,0
1746194660,5663.8,5663.8,5663.42,5663.51,0
1746194665,5663.26,5663.26,5661.16,5661.26,0
1746194670,5661.05,5661.05,5659.19,5659.19,0
1746194675,5659.1,5659.1,5657.92,5658.02,0
1746194680,5658.51,5658.73,5658.51,5658.54,0
1746194685,5658.42,5659.13,5658.42,5659.1,0
1746194690,5659.03,5659.03,5658.62,5658.7,0
1746194695,5658.74,5658.74,5658.58,5658.7,0
1746194700,5658.61,5659.53,5658.61,5659.47,0
1746194705,5659.89,5660.18,5659.56,5659.99,0
1746194710,5660.05,5660.44,5660.05,5660.39,0
1746194715,5660.31,5660.45,5660.31,5660.36,0
1746194720,5660.55,5661.48,5660.55,5661.48,0
1746194725,5661.49,5661.8,5661.49,5661.8,0
1746194730,5661.74,5662.17,5661.74,5662.17,0
1746194735,5662.19,5662.48,5662.19,5662.48,0
1746194740,5662.91,5662.91,5662.64,5662.79,0
1746194745,5662.95,5663.1,5662.95,5662.96,0
1746194750,5663.06,5663.06,5662.47,5662.68,0
1746194755,5662.74,5662.96,5662.74,5662.9,0
1746194760,5662.85,5663.48,5662.85,5663.28,0
1746194765,5663.27,5663.4,5662.74,5662.74,0
1746194770,5662.45,5662.45,5660.92,5661.1,0
1746194775,5661.05,5661.17,5660.86,5661.17,0
1746194780,5661.1,5661.66,5661.1,5661.66,0
1746194785,5661.59,5661.73,5661.55,5661.73,0
1746194790,5661.86,5662.65,5661.86,5662.65,0
1746194795,5662.87,5663.21,5662.87,5663.16,0
1746194800,5663.29,5663.63,5663.29,5663.41,0
1746194805,5663.23,5664.05,5663.23,5664.05,0
1746194810,5664.74,5665.06,5664.22,5664.22,0
1746194815,5664.3,5664.3,5663.89,5663.91,0
1746194820,5664.05,5664.05,5663.88,5663.98,0
1746194825,5664.0,5664.1,5663.88,5663.98,0
1746194830,5663.87,5663.87,5663.63,5663.64,0
1746194835,5663.57,5663.71,5663.2,5663.2,0
1746194840,5663.08,5663.29,5662.99,5663.18,0
1746194845,5663.47,5664.09,5663.47,5664.09,0
1746194850,5664.4,5664.91,5664.4,5664.91,0
1746194855,5664.89,5664.89,5664.22,5664.32,0
1746194860,5664.49,5664.73,5664.49,5664.68,0
1746194865,5664.77,5664.97,5664.56,5664.68,0
1746194870,5664.61,5664.63,5664.46,5664.56,0
1746194875,5664.54,5664.68,5664.28,5664.28,0
1746194880,5664.12,5664.33,5663.65,5663.65,0
1746194885,5663.84,5664.37,5663.84,5664.11,0
1746194890,5664.03,5664.18,5663.87,5664.0,0
1746194895,5663.66,5663.66,5663.1,5663.1,0
1746194900,5662.71,5663.17,5662.71,5663.07,0
1746194905,5663.06,5663.35,5662.88,5663.35,0
1746194910,5663.32,5663.45,5663.26,5663.3,0
1746194915,5663.43,5663.82,5663.43,5663.82,0
1746194920,5663.86,5664.22,5663.83,5664.22,0
1746194925,5664.45,5664.46,5664.13,5664.35,0
1746194930,5664.44,5664.47,5664.11,5664.41,0
1746194935,5664.48,5664.48,5664.27,5664.4,0
1746194940,5664.39,5664.39,5664.0,5664.0,0
1746194945,5664.09,5664.1,5663.64,5663.9,0
1746194950,5663.82,5664.26,5663.82,5664.26,0
1746194955,5664.12,5664.33,5663.98,5664.33,0
1746194960,5664.3,5664.38,5664.23,5664.38,0
1746194965,5664.36,5664.76,5664.36,5664.69,0
1746194970,5664.86,5665.22,5664.78,5665.16,0
1746194975,5665.46,5666.48,5665.46,5666.43,0
1746194980,5666.49,5666.49,5665.57,5665.57,0
1746194985,5665.67,5665.67,5665.33,5665.38,0
1746194990,5665.32,5665.64,5665.32,5665.64,0
1746194995,5665.66,5666.05,5665.66,5665.98,0
1746195000,5666.06,5666.06,5665.2,5665.2,0
1746195005,5665.07,5665.38,5664.6,5664.62,0
1746195010,5665.29,5665.7,5665.29,5665.67,0
1746195015,5665.83,5665.89,5665.2,5665.89,0
1746195020,5666.05,5666.11,5665.81,5665.81,0
1746195025,5665.78,5665.78,5665.32,5665.46,0
1746195030,5665.72,5666.77,5665.72,5666.77,0
1746195035,5668.17,5668.47,5667.97,5667.97,0
1746195040,5667.44,5667.91,5667.44,5667.86,0
1746195045,5668.06,5668.19,5668.02,5668.03,0
1746195050,5668.15,5669.0,5668.15,5668.99,0
1746195055,5668.69,5668.69,5668.02,5668.11,0
1746195060,5668.24,5668.82,5668.24,5668.82,0
1746195065,5669.08,5669.6,5669.08,5669.29,0
1746195070,5669.13,5669.45,5668.9,5669.13,0
1746195075,5669.38,5669.43,5669.08,5669.43,0
1746195080,5669.45,5669.68,5669.03,5669.03,0
1746195085,5669.16,5669.47,5669.16,5669.47,0
1746195090,5669.48,5669.82,5669.4,5669.67,0
1746195095,5669.81,5669.81,5668.84,5668.84,0
1746195100,5668.76,5668.97,5668.67,5668.8,0
1746195105,5668.54,5668.54,5667.19,5667.21,0
1746195110,5667.24,5667.81,5667.12,5667.81,0
1746195115,5667.99,5667.99,5667.36,5667.48,0
1746195120,5667.44,5667.6,5666.78,5666.78,0
1746195125,5666.46,5666.46,5665.96,5665.96,0
1746195130,5665.99,5666.17,5665.72,5666.17,0
1746195135,5666.13,5666.71,5666.13,5666.71,0
1746195140,5666.72,5667.11,5666.7,5667.11,0
1746195145,5667.21,5667.21,5665.19,5665.19,0
1746195150,5664.95,5664.95,5663.77,5663.77,0
1746195155,5663.9,5663.9,5663.62,5663.82,0
1746195160,5663.88,5663.88,5662.97,5662.97,0
1746195165,5662.7,5663.2,5662.7,5662.84,0
1746195170,5662.99,5663.56,5662.99,5663.56,0
1746195175,5663.62,5664.94,5663.62,5664.94,0
1746195180,5664.89,5664.95,5664.41,5664.41,0
1746195185,5664.53,5664.73,5664.33,5664.73,0
1746195190,5664.49,5665.36,5664.49,5665.36,0
1746195195,5666.18,5666.41,5665.99,5666.16,0
1746195200,5666.1,5666.69,5666.1,5666.64,0
1746195205,5666.82,5666.86,5666.39,5666.5,0
1746195210,5666.45,5666.49,5666.37,5666.37,0
1746195215,5666.45,5666.61,5666.29,5666.34,0
1746195220,5666.62,5666.97,5666.62,5666.84,0
1746195225,5667.25,5667.25,5667.07,5667.12,0
1746195230,5667.11,5667.11,5666.68,5666.68,0
1746195235,5667.01,5667.01,5666.72,5666.84,0
1746195240,5666.66,5667.19,5666.56,5667.19,0
1746195245,5667.21,5667.42,5667.21,5667.42,0
1746195250,5667.46,5667.46,5667.18,5667.2,0
1746195255,5667.3,5667.38,5666.84,5666.87,0
1746195260,5667.14,5667.59,5667.14,5667.51,0
1746195265,5667.36,5667.98,5667.36,5667.98,0
1746195270,5668.06,5668.06,5667.6,5667.78,0
1746195275,5667.79,5667.94,5667.69,5667.69,0
1746195280,5667.64,5667.98,5667.64,5667.98,0
1746195285,5668.13,5668.13,5667.9,5667.96,0
1746195290,5667.79,5668.41,5667.79,5668.41,0
1746195295,5668.39,5669.29,5668.39,5669.29,0
1746195300,5669.27,5669.91,5669.06,5669.91,0
1746195305,5669.83,5669.83,5669.21,5669.21,0
1746195310,5669.29,5669.29,5668.58,5668.58,0
1746195315,5669.09,5669.09,5668.62,5668.81,0
1746195320,5668.74,5668.85,5668.69,5668.85,0
1746195325,5668.93,5669.39,5668.93,5669.38,0
1746195330,5669.31,5669.62,5669.24,5669.62,0
1746195335,5669.6,5669.91,5669.6,5669.66,0
1746195340,5669.6,5669.82,5669.5,5669.82,0
1746195345,5670.05,5670.06,5669.52,5669.52,0
1746195350,5669.35,5670.16,5669.35,5669.94,0
1746195355,5670.04,5670.09,5669.69,5669.69,0
1746195360,5669.82,5669.98,5669.44,5669.44,0
1746195365,5669.72,5670.82,5669.72,5670.82,0
1746195370,5670.99,5670.99,5670.72,5670.83,0
1746195375,5670.66,5670.97,5670.48,5670.48,0
1746195380,5670.65,5670.65,5670.49,5670.49,0
1746195385,5670.74,5673.11,5670.74,5673.11,0
1746195390,5673.07,5673.07,5672.45,5672.45,0
1746195395,5672.57,5672.99,5672.57,5672.99,0
1746195400,5672.95,5673.13,5672.89,5673.13,0
1746195405,5673.24,5673.6,5673.24,5673.5,0
1746195410,5673.46,5673.46,5673.27,5673.46,0
1746195415,5673.6,5674.08,5673.6,5673.96,0
1746195420,5673.94,5674.34,5673.93,5674.34,0
1746195425,5674.33,5674.51,5674.19,5674.51,0
1746195430,5674.64,5674.64,5674.56,5674.61,0
1746195435,5674.62,5674.62,5674.41,5674.42,0
1746195440,5674.49,5674.66,5674.49,5674.63,0
1746195445,5674.97,5674.97,5674.86,5674.89,0
1746195450,5674.93,5674.93,5674.28,5674.28,0
1746195455,5674.25,5674.39,5674.12,5674.36,0
1746195460,5674.28,5674.28,5674.16,5674.16,0
1746195465,5674.26,5674.29,5674.22,5674.24,0
1746195470,5674.01,5674.21,5674.01,5674.01,0
1746195475,5673.92,5674.25,5673.92,5674.25,0
1746195480,5674.21,5674.47,5674.21,5674.47,0
1746195485,5674.43,5674.47,5674.25,5674.35,0
1746195490,5674.2,5674.82,5674.2,5674.82,0
1746195495,5674.69,5674.72,5674.04,5674.04,0
1746195500,5673.76,5673.77,5673.55,5673.74,0
1746195505,5673.73,5673.73,5673.58,5673.58,0
1746195510,5673.01,5673.01,5672.78,5672.78,0
1746195515,5672.62,5672.74,5672.62,5672.73,0
1746195520,5672.55,5672.78,5672.55,5672.77,0
1746195525,5673.14,5673.22,5673.14,5673.21,0
1746195530,5673.03,5673.25,5673.03,5673.25,0
1746195535,5673.09,5673.22,5673.01,5673.22,0
1746195540,5673.84,5673.84,5673.21,5673.21,0
1746195545,5673.26,5673.69,5673.26,5673.6,0
1746195550,5673.5,5673.5,5673.4,5673.4,0
1746195555,5673.63,5673.63,5673.11,5673.11,0
1746195560,5672.93,5673.22,5672.91,5673.22,0
1746195565,5673.25,5673.28,5673.13,5673.28,0
1746195570,5673.4,5673.4,5673.06,5673.06,0
1746195575,5673.09,5673.16,5672.89,5672.89,0
1746195580,5672.94,5672.94,5671.82,5671.97,0
1746195585,5672.03,5672.07,5671.8,5671.8,0
1746195590,5671.64,5671.64,5670.88,5670.88,0
1746195595,5670.83,5670.89,5670.78,5670.78,0
1746195600,5670.56,5670.56,5668.9,5668.9,0
1746195605,5669.22,5669.22,5668.4,5668.51,0
1746195610,5667.88,5667.88,5666.88,5667.68,0
1746195615,5667.51,5667.51,5666.94,5666.94,0
1746195620,5666.27,5666.27,5665.57,5665.57,0
1746195625,5664.72,5665.98,5664.72,5665.86,0
1746195630,5665.77,5666.4,5665.77,5666.4,0
1746195635,5666.51,5667.28,5666.51,5666.78,0
1746195640,5666.44,5667.1,5666.28,5667.1,0
1746195645,5667.13,5667.25,5667.09,5667.09,0
1746195650,5666.99,5666.99,5665.93,5666.42,0
1746195655,5666.51,5667.58,5666.51,5667.41,0
1746195660,5667.4,5667.4,5665.62,5665.62,0
1746195665,5665.29,5666.44,5665.29,5666.44,0
1746195670,5666.76,5666.77,5666.13,5666.13,0
1746195675,5665.94,5666.01,5665.89,5666.01,0
1746195680,5665.8,5665.8,5665.63,5665.77,0
1746195685,5665.66,5665.72,5665.22,5665.72,0
1746195690,5665.79,5666.63,5665.79,5666.63,0
1746195695,5666.72,5667.67,5666.72,5667.6,0
1746195700,5667.27,5667.27,5666.36,5666.36,0
1746195705,5666.51,5666.88,5666.51,5666.67,0
1746195710,5666.77,5667.14,5666.77,5666.96,0
1746195715,5666.9,5666.9,5666.38,5666.38,0
1746195720,5666.59,5666.63,5666.56,5666.61,0
1746195725,5666.57,5666.94,5666.57,5666.94,0
1746195730,5666.44,5667.15,5666.44,5666.7,0
1746195735,5666.69,5666.78,5666.68,5666.69,0
1746195740,5666.93,5667.69,5666.93,5667.69,0
1746195745,5667.78,5668.19,5667.78,5668.19,0
1746195750,5668.25,5668.25,5667.66,5667.66,0
1746195755,5667.37,5667.37,5666.28,5666.28,0
1746195760,5666.69,5666.71,5666.47,5666.6,0
1746195765,5666.61,5666.96,5666.61,5666.96,0
1746195770,5667.05,5667.05,5666.91,5666.91,0
1746195775,5667.41,5667.52,5667.13,5667.26,0
1746195780,5667.36,5667.46,5667.22,5667.22,0
1746195785,5667.24,5667.24,5666.5,5666.6,0
1746195790,5666.73,5666.73,5665.54,5665.54,0
1746195795,5665.44,5666.66,5665.44,5666.3,0
1746195800,5665.89,5666.56,5665.75,5666.11,0
1746195805,5665.9,5665.94,5665.43,5665.43,0
1746195810,5665.4,5666.17,5665.34,5666.17,0
1746195815,5665.67,5665.67,5665.35,5665.6,0
1746195820,5665.86,5665.86,5665.58,5665.79,0
1746195825,5666.01,5666.33,5666.01,5666.33,0
1746195830,5666.56,5667.26,5666.56,5667.26,0
1746195835,5667.39,5668.34,5667.39,5668.34,0
1746195840,5668.15,5668.15,5667.61,5667.61,0
1746195845,5667.25,5667.35,5666.58,5666.58,0
1746195850,5666.71,5666.71,5666.49,5666.49,0
1746195855,5666.8,5667.33,5666.8,5667.29,0
1746195860,5667.31,5668.92,5667.31,5668.92,0
1746195865,5669.07,5669.07,5668.93,5669.01,0
1746195870,5669.48,5670.34,5669.48,5670.34,0
1746195875,5670.62,5670.94,5670.35,5670.94,0
1746195880,5670.97,5670.97,5670.69,5670.85,0
1746195885,5671.01,5671.06,5670.9,5671.06,0
1746195890,5671.19,5671.2,5670.96,5671.2,0
1746195895,5671.07,5671.13,5670.2,5670.77,0
1746195900,5670.67,5670.93,5670.6,5670.6,0
1746195905,5670.26,5670.69,5670.21,5670.69,0
1746195910,5670.61,5671.12,5670.61,5670.9,0
1746195915,5670.84,5671.14,5670.73,5671.14,0
1746195920,5671.37,5671.37,5670.99,5671.21,0
1746195925,5671.19,5671.25,5671.09,5671.09,0
1746195930,5671.03,5671.11,5670.91,5671.04,0
1746195935,5671.0,5671.13,5670.91,5671.02,0
1746195940,5671.07,5671.67,5671.07,5671.52,0
1746195945,5671.85,5672.97,5671.85,5672.82,0
1746195950,5672.74,5672.83,5672.68,5672.68,0
1746195955,5672.73,5673.49,5672.73,5673.49,0
1746195960,5673.57,5673.83,5673.57,5673.82,0
1746195965,5673.91,5674.04,5673.73,5673.73,0
1746195970,5673.9,5674.54,5673.9,5674.54,0
1746195975,5674.7,5675.3,5674.7,5675.1,0
1746195980,5675.3,5675.57,5675.3,5675.48,0
1746195985,5675.41,5675.58,5675.41,5675.58,0
1746195990,5675.54,5676.67,5675.54,5676.45,0
1746195995,5676.57,5676.57,5675.97,5676.0,0
1746196000,5676.02,5676.36,5676.02,5676.36,0
1746196005,5676.43,5676.56,5676.39,5676.45,0
1746196010,5676.61,5676.72,5676.15,5676.15,0
1746196015,5676.08,5676.28,5676.08,5676.28,0
1746196020,5676.31,5676.31,5675.93,5676.21,0
1746196025,5675.54,5675.54,5675.04,5675.2,0
1746196030,5675.28,5675.66,5675.13,5675.13,0
1746196035,5675.07,5675.65,5675.07,5675.49,0
1746196040,5675.41,5675.54,5675.41,5675.48,0
1746196045,5675.61,5675.61,5675.45,5675.58,0
1746196050,5675.31,5675.84,5675.31,5675.84,0
1746196055,5675.74,5676.06,5675.72,5676.06,0
1746196060,5676.08,5676.08,5675.85,5675.85,0
1746196065,5675.99,5676.27,5675.83,5675.83,0
1746196070,5675.75,5675.81,5675.7,5675.7,0
1746196075,5675.67,5675.67,5675.51,5675.6,0
1746196080,5675.9,5675.9,5675.64,5675.68,0
1746196085,5675.69,5675.82,5675.32,5675.82,0
1746196090,5675.84,5675.9,5675.58,5675.58,0
1746196095,5675.51,5675.56,5675.27,5675.56,0
1746196100,5675.75,5676.44,5675.75,5676.44,0
1746196105,5676.4,5678.93,5676.4,5678.93,0
1746196110,5678.95,5679.34,5678.95,5679.14,0
1746196115,5679.27,5679.34,5679.17,5679.33,0
1746196120,5679.17,5679.21,5678.9,5678.9,0
1746196125,5678.86,5678.96,5678.86,5678.96,0
1746196130,5678.8,5679.06,5678.8,5678.86,0
1746196135,5678.74,5678.83,5678.62,5678.67,0
1746196140,5678.85,5679.81,5678.85,5679.81,0
1746196145,5679.76,5680.01,5679.76,5679.95,0
1746196150,5679.96,5679.96,5679.63,5679.63,0
1746196155,5679.35,5679.35,5679.16,5679.16,0
1746196160,5679.1,5679.55,5679.1,5679.55,0
1746196165,5679.69,5679.97,5679.69,5679.9,0
1746196170,5679.88,5679.88,5679.77,5679.77,0
1746196175,5679.67,5680.01,5679.67,5679.83,0
1746196180,5679.93,5680.13,5679.93,5679.97,0
1746196185,5680.03,5680.27,5679.92,5680.27,0
1746196190,5680.23,5680.38,5679.92,5679.92,0
1746196195,5680.06,5680.07,5679.94,5679.94,0
1746196200,5680.3,5680.3,5680.03,5680.03,0
1746196205,5679.74,5679.74,5678.45,5678.53,0
1746196210,5678.75,5678.75,5678.4,5678.4,0
1746196215,5678.28,5678.36,5677.99,5677.99,0
1746196220,5677.59,5677.98,5677.59,5677.98,0
1746196225,5678.0,5678.1,5677.89,5678.1,0
1746196230,5678.19,5678.19,5677.47,5677.47,0
1746196235,5677.37,5677.74,5677.19,5677.54,0
1746196240,5677.5,5677.5,5677.17,5677.5,0
1746196245,5677.49,5677.57,5677.4,5677.4,0
1746196250,5677.02,5677.17,5677.02,5677.17,0
1746196255,5677.06,5677.11,5676.97,5677.01,0
1746196260,5676.86,5676.86,5675.54,5675.54,0
1746196265,5674.94,5675.09,5674.94,5674.94,0
1746196270,5674.86,5674.87,5673.91,5673.91,0
1746196275,5673.86,5673.86,5673.26,5673.26,0
1746196280,5672.62,5672.62,5672.26,5672.33,0
1746196285,5672.78,5672.78,5672.35,5672.35,0
1746196290,5672.43,5672.53,5672.36,5672.36,0
1746196295,5672.47,5672.67,5672.47,5672.57,0
1746196300,5672.64,5673.29,5672.64,5673.15,0
1746196305,5673.01,5673.01,5672.16,5672.16,0
1746196310,5671.83,5672.09,5671.68,5671.95,0
1746196315,5671.92,5671.92,5671.37,5671.5,0
1746196320,5672.18,5672.63,5672.18,5672.63,0
1746196325,5672.77,5672.77,5672.03,5672.03,0
1746196330,5671.82,5673.03,5671.82,5673.03,0
1746196335,5673.09,5673.35,5673.02,5673.35,0
1746196340,5673.7,5675.0,5673.7,5675.0,0
1746196345,5675.44,5675.47,5675.04,5675.05,0
1746196350,5674.86,5675.14,5674.46,5674.46,0
1746196355,5674.68,5675.06,5674.68,5675.06,0
1746196360,5674.98,5675.25,5674.91,5675.25,0
1746196365,5675.52,5675.54,5675.4,5675.4,0
1746196370,5675.23,5675.31,5674.95,5675.31,0
1746196375,5675.26,5675.26,5675.21,5675.21,0
1746196380,5675.24,5675.24,5674.54,5674.54,0
1746196385,5674.94,5674.94,5673.84,5673.84,0
1746196390,5673.39,5673.39,5672.56,5672.56,0
1746196395,5672.35,5672.35,5670.85,5670.85,0
1746196400,5671.15,5671.46,5671.15,5671.25,0
1746196405,5671.24,5671.67,5670.98,5671.49,0
1746196410,5671.55,5671.55,5671.01,5671.01,0
1746196415,5671.25,5671.25,5670.78,5670.99,0
1746196420,5670.95,5671.06,5670.54,5670.54,0
1746196425,5670.5,5671.08,5670.5,5670.8,0
1746196430,5670.69,5671.06,5670.69,5670.96,0
1746196435,5670.76,5671.46,5670.76,5671.32,0
1746196440,5671.25,5671.42,5671.23,5671.31,0
1746196445,5671.61,5671.92,5671.51,5671.92,0
1746196450,5672.11,5672.98,5672.11,5672.98,0
1746196455,5673.25,5673.43,5673.16,5673.16,0
1746196460,5673.5,5673.5,5673.27,5673.27,0
1746196465,5673.34,5673.34,5673.11,5673.26,0
1746196470,5673.23,5673.41,5673.17,5673.41,0
1746196475,5673.58,5673.8,5673.58,5673.8,0
1746196480,5673.79,5674.19,5673.75,5674.18,0
1746196485,5674.12,5674.52,5674.12,5674.43,0
1746196490,5674.44,5674.97,5674.44,5674.97,0
1746196495,5675.03,5675.47,5675.03,5675.3,0
1746196500,5675.38,5675.38,5674.97,5674.97,0
1746196505,5674.95,5675.38,5674.88,5675.35,0
1746196510,5675.46,5675.52,5675.05,5675.2,0
1746196515,5675.35,5675.35,5674.27,5674.68,0
1746196520,5675.0,5675.02,5674.77,5674.79,0
1746196525,5674.89,5674.92,5674.55,5674.55,0
1746196530,5674.57,5674.68,5674.57,5674.68,0
1746196535,5674.84,5675.11,5674.84,5674.95,0
1746196540,5674.62,5674.62,5673.95,5674.04,0
1746196545,5674.06,5674.06,5673.86,5673.88,0
1746196550,5674.12,5674.2,5673.83,5673.85,0
1746196555,5674.37,5674.7,5674.29,5674.7,0
1746196560,5674.55,5675.12,5674.33,5674.33,0
1746196565,5674.29,5674.29,5673.92,5673.92,0
1746196570,5674.01,5674.73,5674.01,5674.54,0
1746196575,5674.49,5674.52,5674.22,5674.52,0
1746196580,5674.57,5674.77,5674.52,5674.52,0
1746196585,5674.75,5674.85,5673.53,5673.53,0
1746196590,5672.96,5673.25,5672.96,5673.21,0
1746196595,5673.07,5673.47,5673.03,5673.03,0
1746196600,5672.9,5672.97,5672.84,5672.84,0
1746196605,5673.12,5673.4,5673.12,5673.36,0
1746196610,5673.23,5673.23,5672.87,5672.87,0
1746196615,5672.78,5672.9,5672.47,5672.77,0
1746196620,5672.72,5672.76,5672.59,5672.63,0
1746196625,5672.77,5672.94,5672.43,5672.43,0
1746196630,5672.4,5672.53,5672.4,5672.53,0
1746196635,5672.4,5672.48,5672.32,5672.32,0
1746196640,5672.24,5672.24,5671.83,5671.83,0
1746196645,5671.4,5671.54,5671.4,5671.5,0
1746196650,5671.46,5671.46,5671.25,5671.34,0
1746196655,5671.47,5671.47,5671.18,5671.2,0
1746196660,5670.98,5671.49,5670.98,5671.26,0
1746196665,5670.99,5670.99,5670.82,5670.84,0
1746196670,5670.89,5671.07,5670.89,5671.04,0
1746196675,5671.18,5671.23,5670.21,5670.21,0
1746196680,5670.37,5670.45,5670.25,5670.25,0
1746196685,5669.75,5669.75,5669.35,5669.43,0
1746196690,5669.69,5670.07,5669.65,5670.07,0
1746196695,5670.25,5670.25,5669.81,5669.81,0
1746196700,5670.1,5670.91,5670.1,5670.77,0
1746196705,5670.76,5671.37,5670.76,5671.31,0
1746196710,5671.36,5671.36,5670.62,5670.62,0
1746196715,5670.85,5671.12,5670.7,5670.7,0
1746196720,5670.38,5670.45,5670.25,5670.45,0
1746196725,5670.35,5670.75,5670.35,5670.69,0
1746196730,5671.23,5671.81,5671.23,5671.81,0
1746196735,5671.69,5671.69,5671.54,5671.55,0
1746196740,5671.08,5671.08,5670.66,5670.66,0
1746196745,5670.67,5670.76,5670.45,5670.71,0
1746196750,5670.66,5671.73,5670.63,5671.73,0
1746196755,5671.95,5672.65,5671.95,5672.65,0
1746196760,5673.11,5674.45,5673.11,5674.45,0
1746196765,5674.65,5675.33,5674.65,5675.2,0
1746196770,5675.62,5675.63,5675.49,5675.53,0
1746196775,5675.44,5675.44,5675.23,5675.37,0
1746196780,5675.47,5675.47,5675.16,5675.22,0
1746196785,5675.21,5675.72,5675.21,5675.72,0
1746196790,5675.89,5675.89,5675.63,5675.75,0
1746196795,5675.94,5675.98,5675.8,5675.8,0
1746196800,5675.54,5676.04,5675.37,5675.91,0
1746196805,5675.87,5676.4,5675.87,5676.14,0
1746196810,5676.02,5676.51,5676.02,5676.36,0
1746196815,5676.33,5676.47,5676.33,5676.45,0
1746196820,5676.34,5676.34,5675.09,5675.09,0
1746196825,5675.29,5675.55,5675.16,5675.16,0
1746196830,5675.05,5675.11,5674.72,5675.07,0
1746196835,5675.17,5675.17,5674.69,5674.69,0
1746196840,5674.88,5674.88,5674.55,5674.55,0
1746196845,5674.49,5674.55,5674.35,5674.35,0
1746196850,5674.29,5674.39,5673.87,5674.3,0
1746196855,5674.34,5674.34,5673.94,5674.03,0
1746196860,5674.68,5674.75,5674.39,5674.39,0
1746196865,5674.51,5674.69,5673.95,5673.98,0
1746196870,5673.9,5674.23,5673.9,5674.04,0
1746196875,5673.62,5673.62,5673.43,5673.43,0
1746196880,5673.23,5673.23,5671.34,5671.34,0
1746196885,5671.32,5671.32,5670.82,5670.82,0
1746196890,5670.89,5671.03,5670.83,5670.83,0
1746196895,5670.72,5670.81,5670.47,5670.47,0
1746196900,5670.3,5670.42,5670.28,5670.28,0
1746196905,5670.11,5670.11,5668.86,5668.95,0
1746196910,5668.65,5668.65,5668.0,5668.0,0
1746196915,5668.07,5668.13,5667.92,5668.13,0
1746196920,5668.19,5668.31,5667.86,5668.03,0
1746196925,5668.16,5668.83,5668.16,5668.83,0
1746196930,5668.87,5669.16,5668.47,5668.47,0
1746196935,5668.56,5668.56,5667.75,5667.99,0
1746196940,5668.0,5668.28,5668.0,5668.28,0
1746196945,5667.96,5668.24,5667.88,5667.88,0
1746196950,5667.99,5668.21,5667.9,5668.0,0
1746196955,5667.98,5668.16,5667.9,5668.16,0
1746196960,5668.23,5668.47,5668.15,5668.47,0
1746196965,5668.4,5668.4,5668.07,5668.07,0
1746196970,5668.64,5668.81,5668.11,5668.11,0
1746196975,5667.86,5668.87,5667.86,5668.85,0
1746196980,5668.79,5668.79,5668.38,5668.45,0
1746196985,5668.91,5669.46,5668.91,5669.36,0
1746196990,5669.17,5669.17,5668.39,5668.39,0
1746196995,5668.33,5668.44,5667.8,5667.8,0
1746197000,5667.62,5667.72,5667.47,5667.47,0
1746197005,5667.5,5667.52,5667.42,5667.52,0
1746197010,5667.38,5667.45,5667.09,5667.09,0
1746197015,5667.11,5667.64,5667.11,5667.64,0
1746197020,5667.54,5667.54,5667.29,5667.43,0
1746197025,5667.54,5667.88,5667.54,5667.62,0
1746197030,5667.61,5668.07,5667.61,5667.92,0
1746197035,5668.05,5668.11,5667.89,5668.11,0
1746197040,5668.3,5668.36,5668.28,5668.36,0
1746197045,5668.6,5669.14,5668.6,5669.14,0
1746197050,5669.17,5670.3,5669.14,5670.26,0
1746197055,5670.37,5670.44,5670.32,5670.4,0
1746197060,5670.26,5670.52,5670.26,5670.52,0
1746197065,5670.53,5670.53,5669.63,5669.63,0
1746197070,5669.27,5669.32,5669.22,5669.22,0
1746197075,5668.98,5669.16,5668.96,5669.15,0
1746197080,5669.08,5669.08,5668.15,5668.2,0
1746197085,5668.09,5668.67,5668.09,5668.48,0
1746197090,5668.47,5668.47,5668.3,5668.37,0
1746197095,5668.36,5668.55,5668.36,5668.5,0
1746197100,5668.62,5668.62,5668.28,5668.33,0
1746197105,5668.25,5668.25,5667.62,5667.62,0
1746197110,5667.6,5668.29,5667.6,5668.08,0
1746197115,5667.81,5667.81,5667.33,5667.33,0
1746197120,5667.28,5667.89,5667.04,5667.89,0
1746197125,5668.12,5668.47,5668.1,5668.47,0
1746197130,5669.16,5669.75,5669.16,5669.6,0
1746197135,5669.43,5669.84,5669.43,5669.83,0
1746197140,5670.1,5670.14,5669.99,5670.0,0
1746197145,5670.07,5670.08,5669.86,5669.89,0
1746197150,5669.96,5669.96,5669.71,5669.71,0
1746197155,5669.62,5669.63,5669.41,5669.53,0
1746197160,5669.18,5669.18,5668.88,5668.88,0
1746197165,5668.94,5669.16,5668.94,5669.06,0
1746197170,5669.39,5669.99,5669.35,5669.35,0
1746197175,5668.44,5668.79,5668.41,5668.56,0
1746197180,5668.88,5668.9,5668.36,5668.36,0
1746197185,5668.51,5669.43,5668.51,5669.43,0
1746197190,5669.74,5670.41,5669.74,5670.4,0
1746197195,5670.47,5670.47,5670.3,5670.42,0
1746197200,5670.54,5670.72,5670.54,5670.7,0
1746197205,5670.48,5670.85,5670.48,5670.85,0
1746197210,5670.9,5671.16,5670.9,5671.16,0
1746197215,5671.02,5671.49,5671.02,5671.48,0
1746197220,5671.95,5671.99,5671.31,5671.31,0
1746197225,5671.43,5671.43,5670.93,5670.93,0
1746197230,5670.94,5670.97,5670.36,5670.83,0
1746197235,5670.93,5670.93,5670.45,5670.45,0
1746197240,5670.68,5671.61,5670.68,5671.61,0
1746197245,5671.54,5672.24,5671.54,5672.24,0
1746197250,5672.25,5672.36,5672.14,5672.14,0
1746197255,5672.13,5672.23,5672.02,5672.23,0
1746197260,5672.24,5672.24,5671.87,5671.97,0
1746197265,5672.04,5672.37,5672.04,5672.37,0
1746197270,5672.29,5672.39,5672.24,5672.24,0
1746197275,5672.13,5672.49,5672.13,5672.49,0
1746197280,5672.58,5673.31,5672.58,5673.31,0
1746197285,5673.87,5673.93,5673.27,5673.28,0
1746197290,5673.3,5673.71,5673.3,5673.6,0
1746197295,5673.4,5673.4,5673.02,5673.15,0
1746197300,5672.99,5673.1,5672.96,5673.08,0
1746197305,5673.16,5673.18,5672.91,5673.04,0
1746197310,5673.01,5673.01,5672.93,5672.96,0
1746197315,5672.84,5672.84,5671.77,5672.09,0
1746197320,5672.23,5672.23,5671.89,5671.94,0
1746197325,5671.85,5671.85,5671.3,5671.3,0
1746197330,5671.23,5671.26,5670.91,5671.01,0
1746197335,5670.93,5671.04,5670.88,5671.01,0
1746197340,5671.13,5671.4,5670.98,5671.4,0
1746197345,5671.39,5671.39,5670.36,5670.55,0
1746197350,5670.51,5671.01,5670.51,5671.01,0
1746197355,5671.17,5671.17,5670.89,5670.89,0
1746197360,5670.8,5671.04,5670.77,5671.04,0
1746197365,5671.09,5671.39,5671.06,5671.39,0
1746197370,5671.6,5671.6,5671.31,5671.35,0
1746197375,5671.13,5671.13,5670.7,5670.7,0
1746197380,5670.81,5671.05,5670.81,5670.87,0
1746197385,5670.82,5671.01,5670.82,5671.01,0
1746197390,5670.88,5670.94,5670.85,5670.89,0
1746197395,5671.0,5671.05,5670.93,5671.05,0
1746197400,5670.93,5670.93,5670.03,5670.34,0
1746197405,5670.14,5670.14,5669.78,5669.78,0
1746197410,5669.69,5669.89,5669.56,5669.69,0
1746197415,5670.17,5670.21,5669.96,5669.96,0
1746197420,5670.0,5670.33,5670.0,5670.32,0
1746197425,5670.4,5671.92,5670.4,5671.92,0
1746197430,5672.37,5672.55,5672.36,5672.52,0
1746197435,5672.73,5672.73,5672.6,5672.66,0
1746197440,5672.79,5673.11,5672.79,5673.03,0
1746197445,5673.1,5673.11,5672.65,5672.65,0
1746197450,5672.61,5672.61,5671.95,5671.96,0
1746197455,5672.09,5672.14,5672.04,5672.04,0
1746197460,5672.08,5672.81,5671.99,5672.81,0
1746197465,5672.82,5672.85,5672.2,5672.35,0
1746197470,5672.43,5672.62,5672.37,5672.37,0
1746197475,5672.49,5672.73,5671.86,5671.86,0
1746197480,5671.4,5671.44,5671.01,5671.09,0
1746197485,5671.03,5671.04,5670.89,5670.97,0
1746197490,5670.94,5670.94,5670.83,5670.85,0
1746197495,5670.84,5670.84,5670.39,5670.45,0
1746197500,5669.96,5669.96,5669.73,5669.94,0
1746197505,5669.95,5669.95,5669.6,5669.6,0
1746197510,5669.63,5669.95,5669.63,5669.92,0
1746197515,5669.99,5670.04,5669.92,5670.01,0
1746197520,5670.02,5670.17,5670.02,5670.17,0
1746197525,5670.46,5671.27,5670.46,5671.27,0
1746197530,5671.45,5672.14,5671.45,5671.98,0
1746197535,5672.07,5672.08,5672.04,5672.04,0
1746197540,5671.94,5671.94,5671.4,5671.4,0
1746197545,5671.46,5671.78,5671.46,5671.78,0
1746197550,5672.01,5672.34,5672.01,5672.29,0
1746197555,5672.31,5672.48,5672.31,5672.39,0
1746197560,5672.2,5672.2,5671.65,5671.65,0
1746197565,5671.27,5671.27,5669.71,5669.71,0
1746197570,5669.79,5669.81,5669.67,5669.67,0
1746197575,5669.68,5669.86,5669.64,5669.71,0
1746197580,5669.87,5670.0,5669.75,5669.75,0
1746197585,5669.69,5669.92,5669.14,5669.14,0
1746197590,5669.2,5669.24,5669.06,5669.24,0
1746197595,5668.8,5668.82,5668.44,5668.44,0
1746197600,5668.08,5668.18,5667.05,5667.05,0
1746197605,5667.19,5667.19,5666.55,5666.55,0
1746197610,5666.44,5666.53,5666.15,5666.15,0
1746197615,5665.87,5666.28,5665.87,5666.28,0
1746197620,5666.64,5666.71,5666.55,5666.55,0
1746197625,5666.54,5668.46,5666.54,5668.46,0
1746197630,5668.64,5668.64,5668.53,5668.6,0
1746197635,5668.72,5668.72,5668.45,5668.53,0
1746197640,5669.06,5670.75,5669.06,5670.75,0
1746197645,5670.8,5671.75,5670.8,5671.64,0
1746197650,5671.67,5672.01,5671.67,5671.95,0
1746197655,5672.0,5672.13,5671.95,5672.1,0
1746197660,5672.16,5672.16,5671.57,5671.57,0
1746197665,5671.61,5671.71,5671.43,5671.43,0
1746197670,5671.41,5671.68,5671.35,5671.35,0
1746197675,5671.33,5671.39,5670.98,5671.09,0
1746197680,5671.03,5671.19,5670.98,5670.98,0
1746197685,5670.94,5670.94,5670.77,5670.77,0
1746197690,5670.74,5670.99,5670.73,5670.94,0
1746197695,5670.93,5670.93,5670.65,5670.75,0
1746197700,5670.84,5670.84,5670.69,5670.81,0
1746197705,5671.04,5671.04,5670.57,5670.57,0
1746197710,5670.7,5672.44,5670.7,5672.44,0
1746197715,5672.62,5673.33,5672.62,5673.33,0
1746197720,5673.31,5673.47,5673.31,5673.43,0
1746197725,5673.55,5673.55,5672.71,5672.71,0
1746197730,5672.81,5673.1,5672.81,5672.98,0
1746197735,5672.9,5672.93,5672.81,5672.81,0
1746197740,5672.88,5673.4,5672.88,5673.25,0
1746197745,5673.19,5673.24,5672.69,5672.69,0
1746197750,5672.64,5672.79,5672.5,5672.79,0
1746197755,5672.93,5672.97,5672.78,5672.78,0
1746197760,5672.76,5673.05,5672.53,5673.05,0
1746197765,5673.19,5673.22,5672.75,5673.12,0
1746197770,5673.17,5673.32,5673.11,5673.3,0
1746197775,5673.4,5673.4,5673.07,5673.25,0
1746197780,5673.08,5673.08,5672.16,5672.16,0
1746197785,5672.07,5672.13,5672.04,5672.13,0
1746197790,5671.96,5672.23,5671.96,5672.17,0
1746197795,5672.13,5672.87,5672.13,5672.87,0
1746197800,5672.84,5672.84,5672.24,5672.34,0
1746197805,5672.42,5672.47,5671.86,5671.96,0
1746197810,5672.06,5672.06,5671.95,5671.95,0
1746197815,5672.11,5672.11,5671.44,5671.53,0
1746197820,5671.58,5671.92,5671.55,5671.55,0
1746197825,5671.42,5671.42,5671.05,5671.05,0
1746197830,5670.99,5671.28,5670.9,5671.25,0
1746197835,5671.22,5671.22,5671.08,5671.17,0
1746197840,5671.09,5671.15,5671.07,5671.07,0
1746197845,5671.31,5671.56,5671.14,5671.56,0
1746197850,5671.49,5671.64,5671.39,5671.61,0
1746197855,5671.06,5671.06,5670.74,5670.74,0
1746197860,5670.61,5670.65,5670.28,5670.65,0
1746197865,5670.53,5670.7,5670.23,5670.23,0
1746197870,5670.16,5670.46,5669.97,5670.46,0
1746197875,5670.37,5670.57,5670.3,5670.57,0
1746197880,5670.48,5670.48,5670.12,5670.25,0
1746197885,5669.98,5670.08,5669.92,5670.08,0
1746197890,5670.16,5670.38,5670.11,5670.11,0
1746197895,5669.98,5670.04,5669.75,5669.75,0
1746197900,5670.05,5670.13,5669.94,5669.94,0
1746197905,5670.06,5670.11,5670.02,5670.11,0
1746197910,5670.04,5670.04,5669.81,5669.93,0
1746197915,5669.97,5670.08,5669.95,5670.08,0
1746197920,5671.39,5671.39,5671.16,5671.16,0
1746197925,5671.12,5671.29,5671.03,5671.29,0
1746197930,5671.27,5671.53,5671.27,5671.53,0
1746197935,5671.62,5671.62,5671.44,5671.53,0
1746197940,5671.44,5671.46,5671.09,5671.33,0
1746197945,5671.59,5671.84,5671.59,5671.84,0
1746197950,5671.92,5673.16,5671.92,5673.16,0
1746197955,5673.25,5674.27,5673.25,5674.26,0
1746197960,5674.32,5674.62,5674.32,5674.46,0
1746197965,5674.55,5674.94,5674.51,5674.94,0
1746197970,5675.17,5675.33,5675.17,5675.31,0
1746197975,5675.32,5675.32,5675.01,5675.04,0
1746197980,5675.32,5675.32,5675.01,5675.02,0
1746197985,5675.12,5675.25,5675.08,5675.11,0
1746197990,5675.25,5675.37,5675.08,5675.33,0
1746197995,5675.37,5675.4,5675.3,5675.34,0
1746198000,5675.44,5675.73,5675.21,5675.73,0
1746198005,5675.72,5675.78,5675.47,5675.47,0
1746198010,5675.45,5675.58,5675.11,5675.13,0
1746198015,5675.3,5675.36,5675.1,5675.1,0
1746198020,5675.04,5675.36,5674.98,5675.36,0
1746198025,5675.43,5675.43,5675.17,5675.25,0
1746198030,5675.62,5675.74,5675.62,5675.71,0
1746198035,5675.52,5675.97,5675.52,5675.97,0
1746198040,5675.68,5675.98,5675.68,5675.93,0
1746198045,5676.06,5677.34,5676.06,5677.34,0
1746198050,5677.23,5677.23,5676.94,5677.12,0
1746198055,5676.96,5677.02,5676.86,5677.02,0
1746198060,5677.05,5677.39,5677.05,5677.39,0
1746198065,5677.41,5677.45,5677.2,5677.43,0
1746198070,5677.62,5677.71,5677.3,5677.3,0
1746198075,5677.17,5677.24,5677.17,5677.2,0
1746198080,5677.11,5677.2,5676.97,5677.06,0
1746198085,5677.08,5677.35,5677.08,5677.35,0
1746198090,5677.43,5677.49,5677.3,5677.49,0
1746198095,5677.39,5677.39,5677.18,5677.23,0
1746198100,5677.27,5677.49,5677.27,5677.49,0
1746198105,5677.51,5677.65,5677.42,5677.55,0
1746198110,5677.5,5677.74,5677.5,5677.55,0
1746198115,5677.43,5677.52,5677.43,5677.45,0
1746198120,5677.33,5677.36,5677.12,5677.12,0
1746198125,5677.07,5677.38,5677.07,5677.11,0
1746198130,5677.06,5677.06,5676.77,5676.77,0
1746198135,5676.58,5676.58,5675.23,5675.41,0
1746198140,5675.26,5675.26,5674.55,5674.66,0
1746198145,5674.14,5675.61,5674.14,5675.61,0
1746198150,5675.58,5675.95,5675.58,5675.95,0
1746198155,5675.96,5675.96,5675.25,5675.25,0
1746198160,5674.77,5674.93,5674.77,5674.93,0
1746198165,5674.7,5674.7,5674.52,5674.56,0
1746198170,5674.52,5674.71,5674.52,5674.6,0
1746198175,5674.5,5674.5,5674.18,5674.18,0
1746198180,5674.2,5674.2,5674.1,5674.19,0
1746198185,5673.96,5673.96,5672.55,5672.55,0
1746198190,5672.67,5672.67,5672.39,5672.39,0
1746198195,5672.11,5672.11,5671.77,5671.77,0
1746198200,5671.82,5672.53,5671.72,5672.53,0
1746198205,5672.54,5672.54,5672.1,5672.1,0
1746198210,5672.04,5672.11,5671.93,5671.93,0
1746198215,5671.87,5671.87,5671.64,5671.73,0
1746198220,5671.85,5671.9,5671.66,5671.66,0
1746198225,5672.11,5672.27,5672.11,5672.23,0
1746198230,5672.26,5672.75,5672.26,5672.68,0
1746198235,5672.66,5672.78,5672.66,5672.78,0
1746198240,5672.79,5673.2,5672.79,5673.2,0
1746198245,5673.26,5673.26,5672.93,5673.07,0
1746198250,5673.2,5673.2,5673.0,5673.08,0
1746198255,5673.07,5673.11,5673.05,5673.06,0
1746198260,5672.79,5672.83,5672.72,5672.77,0
1746198265,5672.79,5672.91,5672.69,5672.91,0
1746198270,5672.79,5672.79,5672.63,5672.63,0
1746198275,5672.69,5672.89,5672.69,5672.89,0
1746198280,5672.85,5672.85,5672.53,5672.53,0
1746198285,5672.41,5672.44,5672.22,5672.44,0
1746198290,5672.47,5672.66,5672.33,5672.66,0
1746198295,5672.89,5673.19,5672.89,5673.18,0
1746198300,5673.09,5673.35,5672.98,5672.98,0
1746198305,5673.05,5673.2,5672.8,5673.2,0
1746198310,5673.58,5673.58,5673.47,5673.53,0
1746198315,5673.56,5673.73,5673.14,5673.17,0
1746198320,5673.13,5673.14,5672.91,5673.14,0
1746198325,5673.31,5674.06,5673.31,5673.84,0
1746198330,5673.74,5673.75,5673.58,5673.58,0
1746198335,5673.42,5673.68,5673.24,5673.24,0
1746198340,5673.08,5673.08,5673.06,5673.06,0
1746198345,5672.97,5673.04,5672.91,5673.04,0
1746198350,5673.13,5673.89,5673.13,5673.89,0
1746198355,5674.0,5674.29,5674.0,5674.22,0
1746198360,5674.23,5674.23,5674.06,5674.06,0
1746198365,5674.12,5674.22,5674.02,5674.14,0
1746198370,5674.2,5674.2,5674.09,5674.18,0
1746198375,5674.36,5674.37,5673.99,5674.11,0
1746198380,5674.14,5674.18,5674.05,5674.11,0
1746198385,5673.99,5674.19,5673.88,5674.19,0
1746198390,5674.24,5674.42,5674.24,5674.34,0
1746198395,5674.28,5674.52,5674.28,5674.52,0
1746198400,5674.7,5675.08,5674.7,5674.97,0
1746198405,5674.98,5674.98,5674.71,5674.71,0
1746198410,5674.98,5675.43,5674.94,5675.43,0
1746198415,5675.61,5675.69,5675.61,5675.69,0
1746198420,5675.78,5675.78,5675.54,5675.54,0
1746198425,5675.33,5675.55,5675.33,5675.5,0
1746198430,5675.53,5675.53,5675.29,5675.37,0
1746198435,5675.17,5675.29,5675.16,5675.16,0
1746198440,5675.15,5676.08,5675.15,5676.08,0
1746198445,5676.17,5676.17,5675.79,5675.8,0
1746198450,5675.99,5676.03,5675.98,5676.02,0
1746198455,5675.94,5676.34,5675.94,5676.27,0
1746198460,5676.25,5676.25,5675.57,5675.57,0
1746198465,5675.48,5675.54,5675.45,5675.53,0
1746198470,5675.55,5675.55,5675.36,5675.36,0
1746198475,5675.35,5675.48,5675.35,5675.43,0
1746198480,5675.31,5675.55,5675.31,5675.55,0
1746198485,5675.61,5675.8,5675.49,5675.77,0
1746198490,5675.45,5675.52,5675.32,5675.32,0
1746198495,5675.06,5675.06,5673.49,5673.49,0
1746198500,5673.71,5673.71,5673.29,5673.29,0
1746198505,5672.93,5673.0,5672.72,5673.0,0
1746198510,5673.04,5673.6,5673.04,5673.6,0
1746198515,5673.64,5673.86,5673.64,5673.86,0
1746198520,5673.95,5673.95,5673.84,5673.92,0
1746198525,5673.79,5673.99,5673.77,5673.99,0
1746198530,5674.07,5674.09,5673.93,5674.09,0
1746198535,5674.31,5674.58,5674.31,5674.58,0
1746198540,5674.71,5674.73,5674.55,5674.73,0
1746198545,5674.74,5674.74,5674.62,5674.66,0
1746198550,5674.59,5674.59,5674.48,5674.57,0
1746198555,5674.7,5674.96,5674.7,5674.72,0
1746198560,5674.67,5674.83,5674.67,5674.83,0
1746198565,5674.68,5674.73,5674.25,5674.25,0
1746198570,5674.23,5674.72,5674.23,5674.68,0
1746198575,5674.65,5674.65,5674.16,5674.27,0
1746198580,5674.18,5674.18,5673.81,5673.81,0
1746198585,5673.91,5673.94,5673.87,5673.92,0
1746198590,5673.85,5673.85,5672.82,5672.82,0
1746198595,5672.44,5672.44,5672.01,5672.01,0
1746198600,5671.98,5672.27,5671.98,5672.1,0
1746198605,5672.04,5672.1,5671.91,5671.91,0
1746198610,5671.74,5671.85,5671.44,5671.85,0
1746198615,5671.78,5671.89,5671.62,5671.8,0
1746198620,5671.73,5672.07,5671.54,5672.07,0
1746198625,5671.95,5672.11,5671.77,5672.05,0
1746198630,5672.03,5672.33,5672.03,5672.24,0
1746198635,5672.12,5672.26,5672.12,5672.26,0
1746198640,5672.28,5672.28,5672.14,5672.14,0
1746198645,5672.06,5672.1,5671.97,5672.1,0
1746198650,5672.04,5672.26,5671.5,5671.5,0
1746198655,5671.4,5672.06,5671.4,5672.06,0
1746198660,5671.98,5672.22,5671.98,5672.22,0
1746198665,5672.19,5672.23,5672.07,5672.16,0
1746198670,5672.17,5672.17,5672.02,5672.09,0
1746198675,5671.92,5671.95,5671.78,5671.78,0
1746198680,5671.9,5672.1,5671.86,5672.1,0
1746198685,5672.11,5672.32,5671.98,5671.98,0
1746198690,5672.46,5672.46,5672.31,5672.32,0
1746198695,5672.34,5672.34,5672.04,5672.05,0
1746198700,5671.99,5672.62,5671.99,5672.59,0
1746198705,5672.4,5672.4,5671.93,5672.02,0
1746198710,5672.13,5672.52,5672.13,5672.52,0
1746198715,5672.38,5672.51,5672.12,5672.51,0
1746198720,5672.52,5673.49,5672.52,5673.49,0
1746198725,5673.58,5673.58,5673.38,5673.55,0
1746198730,5673.56,5673.56,5673.31,5673.31,0
1746198735,5673.3,5673.3,5672.85,5672.85,0
1746198740,5672.79,5672.82,5672.65,5672.81,0
1746198745,5673.09,5673.54,5673.09,5673.51,0
1746198750,5673.63,5673.76,5673.55,5673.76,0
1746198755,5673.65,5673.65,5673.23,5673.23,0
1746198760,5673.17,5673.34,5673.17,5673.23,0
1746198765,5673.21,5673.25,5673.06,5673.18,0
1746198770,5673.13,5673.35,5672.3,5672.3,0
1746198775,5672.18,5672.46,5672.18,5672.46,0
1746198780,5672.7,5672.7,5672.58,5672.58,0
1746198785,5672.41,5672.41,5672.24,5672.27,0
1746198790,5672.29,5672.46,5672.11,5672.11,0
1746198795,5671.97,5672.2,5671.85,5672.2,0
1746198800,5672.23,5672.49,5672.23,5672.49,0
1746198805,5672.5,5672.64,5672.45,5672.45,0
1746198810,5672.53,5672.53,5672.29,5672.29,0
1746198815,5671.71,5671.71,5670.9,5671.16,0
1746198820,5671.26,5671.48,5671.13,5671.13,0
1746198825,5671.31,5671.42,5671.23,5671.23,0
1746198830,5671.15,5671.15,5670.82,5670.88,0
1746198835,5670.99,5672.11,5670.99,5672.11,0
1746198840,5672.22,5672.41,5672.22,5672.33,0
1746198845,5672.38,5672.38,5672.21,5672.21,0
1746198850,5672.1,5672.65,5672.1,5672.65,0
1746198855,5672.84,5673.12,5672.43,5673.12,0
1746198860,5673.15,5673.59,5673.15,5673.59,0
1746198865,5673.51,5673.51,5673.21,5673.21,0
1746198870,5673.26,5673.33,5673.15,5673.15,0
1746198875,5673.19,5673.78,5673.19,5673.78,0
1746198880,5673.85,5673.92,5673.71,5673.71,0
1746198885,5673.69,5673.87,5673.69,5673.73,0
1746198890,5673.74,5673.99,5673.74,5673.89,0
1746198895,5673.86,5674.05,5673.86,5674.02,0
1746198900,5673.86,5673.86,5673.56,5673.56,0
1746198905,5673.61,5673.61,5673.35,5673.59,0
1746198910,5673.92,5673.92,5673.7,5673.71,0
1746198915,5673.66,5673.66,5673.44,5673.46,0
1746198920,5673.41,5673.5,5673.39,5673.5,0
1746198925,5673.49,5673.49,5672.81,5672.96,0
1746198930,5672.85,5673.07,5672.72,5673.07,0
1746198935,5673.06,5673.27,5673.06,5673.13,0
1746198940,5673.08,5673.73,5673.05,5673.73,0
1746198945,5674.47,5675.53,5674.47,5675.53,0
1746198950,5675.68,5676.01,5675.68,5676.01,0
1746198955,5676.02,5676.02,5675.89,5675.89,0
1746198960,5675.86,5676.15,5675.78,5675.78,0
1746198965,5675.82,5675.94,5675.82,5675.94,0
1746198970,5676.13,5676.17,5676.09,5676.17,0
1746198975,5676.01,5676.04,5675.66,5675.69,0
1746198980,5675.58,5675.67,5675.53,5675.59,0
1746198985,5675.67,5675.93,5675.67,5675.93,0
1746198990,5676.02,5676.16,5675.96,5676.11,0
1746198995,5676.17,5676.18,5676.07,5676.18,0
1746199000,5676.21,5676.34,5676.21,5676.28,0
1746199005,5676.42,5676.48,5676.39,5676.47,0
1746199010,5676.61,5676.68,5676.61,5676.68,0
1746199015,5676.58,5676.7,5676.51,5676.7,0
1746199020,5676.56,5676.71,5676.45,5676.71,0
1746199025,5676.85,5676.91,5676.78,5676.91,0
1746199030,5677.12,5677.39,5677.12,5677.39,0
1746199035,5677.4,5677.65,5677.37,5677.6,0
1746199040,5677.61,5677.67,5677.52,5677.67,0
1746199045,5677.56,5677.85,5677.56,5677.85,0
1746199050,5677.87,5678.15,5677.87,5678.15,0
1746199055,5678.13,5678.13,5677.74,5677.83,0
1746199060,5677.93,5678.07,5677.93,5677.97,0
1746199065,5677.99,5678.13,5677.99,5678.08,0
1746199070,5678.02,5678.28,5678.02,5678.28,0
1746199075,5678.27,5678.42,5678.27,5678.42,0
1746199080,5678.45,5678.45,5678.11,5678.11,0
1746199085,5677.91,5677.91,5677.36,5677.36,0
1746199090,5677.39,5677.42,5677.17,5677.42,0
1746199095,5677.4,5677.58,5677.39,5677.46,0
1746199100,5677.45,5677.63,5677.45,5677.63,0
1746199105,5677.65,5677.79,5677.62,5677.78,0
1746199110,5677.91,5677.91,5677.46,5677.5,0
1746199115,5677.41,5677.41,5677.23,5677.24,0
1746199120,5677.17,5677.19,5677.09,5677.19,0
1746199125,5677.26,5677.32,5677.18,5677.18,0
1746199130,5677.04,5677.04,5676.64,5676.64,0
1746199135,5676.26,5676.26,5675.38,5675.45,0
1746199140,5675.43,5675.46,5675.2,5675.2,0
1746199145,5675.26,5675.26,5675.16,5675.2,0
1746199150,5675.19,5675.3,5675.13,5675.13,0
1746199155,5675.1,5675.18,5675.04,5675.08,0
1746199160,5675.01,5675.01,5674.59,5674.69,0
1746199165,5674.54,5674.54,5674.15,5674.15,0
1746199170,5674.11,5674.15,5674.08,5674.15,0
1746199175,5674.14,5674.3,5674.14,5674.2,0
1746199180,5674.21,5674.28,5674.05,5674.05,0
1746199185,5674.09,5674.22,5674.09,5674.22,0
1746199190,5674.23,5674.26,5674.1,5674.2,0
1746199195,5674.3,5674.3,5674.02,5674.11,0
1746199200,5674.08,5674.08,5673.79,5674.04,0
1746199205,5673.77,5673.91,5673.71,5673.71,0
1746199210,5673.48,5673.69,5673.12,5673.12,0
1746199215,5673.27,5673.39,5673.03,5673.05,0
1746199220,5673.14,5673.41,5672.95,5672.95,0
1746199225,5672.82,5673.42,5672.82,5673.42,0
1746199230,5673.28,5673.29,5672.65,5672.73,0
1746199235,5672.71,5672.96,5672.69,5672.69,0
1746199240,5672.87,5672.9,5672.76,5672.76,0
1746199245,5673.18,5673.4,5673.18,5673.4,0
1746199250,5673.36,5673.46,5673.15,5673.46,0
1746199255,5673.54,5673.6,5673.51,5673.51,0
1746199260,5673.47,5674.03,5673.47,5674.03,0
1746199265,5673.98,5674.24,5673.92,5673.92,0
1746199270,5673.93,5673.93,5673.76,5673.85,0
1746199275,5673.82,5673.82,5673.67,5673.74,0
1746199280,5673.7,5673.7,5673.28,5673.3,0
1746199285,5673.38,5673.46,5673.37,5673.46,0
1746199290,5673.41,5673.65,5673.4,5673.59,0
1746199295,5673.52,5673.57,5673.17,5673.17,0
1746199300,5673.1,5673.15,5672.89,5672.89,0
1746199305,5672.93,5672.93,5671.44,5671.63,0
1746199310,5671.79,5671.79,5671.36,5671.37,0
1746199315,5671.3,5671.54,5671.3,5671.34,0
1746199320,5671.32,5671.34,5671.07,5671.07,0
1746199325,5671.23,5671.23,5669.28,5669.28,0
1746199330,5669.22,5669.31,5669.14,5669.14,0
1746199335,5669.15,5669.15,5668.76,5668.91,0
1746199340,5668.83,5669.23,5668.83,5669.13,0
1746199345,5669.0,5669.01,5668.64,5668.64,0
1746199350,5668.71,5669.39,5668.71,5669.39,0
1746199355,5669.02,5669.14,5668.7,5668.7,0
1746199360,5668.72,5668.96,5668.72,5668.76,0
1746199365,5668.79,5669.26,5668.79,5669.24,0
1746199370,5669.25,5669.66,5669.25,5669.31,0
1746199375,5669.3,5669.32,5669.03,5669.32,0
1746199380,5669.16,5669.49,5669.08,5669.08,0
1746199385,5668.82,5668.82,5668.47,5668.47,0
1746199390,5668.45,5668.91,5668.45,5668.9,0
1746199395,5669.25,5669.25,5668.88,5668.88,0
1746199400,5668.9,5669.05,5668.69,5668.69,0
1746199405,5668.58,5668.58,5668.35,5668.44,0
1746199410,5668.49,5668.49,5668.03,5668.03,0
1746199415,5668.04,5668.04,5667.53,5667.78,0
1746199420,5667.86,5668.41,5667.86,5668.41,0
1746199425,5668.47,5669.03,5668.47,5669.03,0
1746199430,5669.44,5669.54,5669.33,5669.33,0
1746199435,5669.3,5669.3,5669.16,5669.16,0
1746199440,5669.11,5669.32,5669.11,5669.21,0
1746199445,5668.95,5669.13,5668.95,5668.98,0
1746199450,5668.39,5668.39,5667.74,5667.74,0
1746199455,5667.72,5668.21,5667.72,5668.21,0
1746199460,5668.09,5668.83,5668.09,5668.83,0
1746199465,5668.82,5669.74,5668.82,5669.74,0
1746199470,5670.38,5670.55,5670.33,5670.33,0
1746199475,5670.45,5670.48,5670.21,5670.21,0
1746199480,5670.23,5670.23,5670.03,5670.03,0
1746199485,5669.92,5669.92,5669.55,5669.66,0
1746199490,5669.62,5669.73,5669.62,5669.66,0
1746199495,5669.81,5669.81,5669.63,5669.63,0
1746199500,5669.73,5669.73,5668.26,5668.78,0
1746199505,5668.67,5668.86,5668.67,5668.73,0
1746199510,5668.85,5668.85,5668.66,5668.69,0
1746199515,5668.66,5668.77,5668.62,5668.77,0
1746199520,5668.76,5668.77,5668.6,5668.67,0
1746199525,5668.79,5668.79,5668.55,5668.55,0
1746199530,5668.44,5668.44,5668.0,5668.0,0
1746199535,5667.9,5668.19,5667.9,5668.19,0
1746199540,5668.09,5668.09,5667.92,5667.92,0
1746199545,5668.0,5668.0,5667.42,5667.42,0
1746199550,5667.36,5667.42,5666.86,5666.86,0
1746199555,5667.17,5667.19,5667.02,5667.19,0
1746199560,5667.17,5667.22,5666.96,5667.07,0
1746199565,5667.09,5667.09,5666.69,5666.69,0
1746199570,5666.7,5666.7,5666.48,5666.65,0
1746199575,5666.62,5666.62,5666.34,5666.37,0
1746199580,5666.35,5666.35,5665.85,5665.85,0
1746199585,5665.63,5665.72,5665.47,5665.47,0
1746199590,5665.33,5665.33,5664.53,5664.53,0
1746199595,5664.27,5664.34,5664.17,5664.33,0
1746199600,5664.23,5664.71,5664.11,5664.71,0
1746199605,5664.61,5664.93,5664.53,5664.93,0
1746199610,5665.01,5665.21,5664.88,5665.21,0
1746199615,5665.29,5665.78,5665.29,5665.78,0
1746199620,5665.77,5665.77,5665.07,5665.07,0
1746199625,5664.89,5664.89,5664.48,5664.74,0
1746199630,5664.8,5664.8,5664.46,5664.48,0
1746199635,5664.8,5664.92,5664.78,5664.78,0
1746199640,5664.65,5664.65,5664.24,5664.24,0
1746199645,5664.18,5664.18,5663.86,5663.91,0
1746199650,5663.96,5664.03,5663.62,5664.01,0
1746199655,5664.12,5664.25,5664.12,5664.25,0
1746199660,5664.35,5664.52,5664.35,5664.49,0
1746199665,5664.58,5664.6,5664.42,5664.44,0
1746199670,5664.42,5664.72,5664.41,5664.72,0
1746199675,5664.75,5664.75,5664.34,5664.34,0
1746199680,5664.44,5664.48,5664.39,5664.48,0
1746199685,5664.58,5664.86,5664.58,5664.86,0
1746199690,5664.96,5665.95,5664.96,5665.8,0
1746199695,5665.89,5665.98,5665.46,5665.46,0
1746199700,5665.44,5665.99,5665.44,5665.99,0
1746199705,5665.81,5666.0,5665.35,5665.35,0
1746199710,5665.34,5665.41,5665.05,5665.05,0
1746199715,5665.07,5665.1,5665.04,5665.04,0
1746199720,5664.95,5664.95,5664.4,5664.65,0
1746199725,5664.59,5664.73,5664.56,5664.56,0
1746199730,5664.54,5664.75,5664.49,5664.75,0
1746199735,5664.82,5664.9,5664.6,5664.6,0
1746199740,5664.72,5664.82,5664.7,5664.8,0
1746199745,5664.73,5664.9,5664.62,5664.62,0
1746199750,5664.61,5664.61,5664.1,5664.1,0
1746199755,5663.73,5663.73,5662.98,5663.04,0
1746199760,5663.11,5663.97,5663.11,5663.97,0
1746199765,5663.87,5663.87,5663.41,5663.41,0
1746199770,5663.38,5663.38,5663.14,5663.15,0
1746199775,5663.28,5663.41,5663.25,5663.41,0
1746199780,5663.68,5663.88,5663.66,5663.66,0
1746199785,5663.64,5663.81,5663.5,5663.5,0
1746199790,5663.42,5663.76,5663.42,5663.76,0
1746199795,5663.89,5663.91,5663.8,5663.88,0
1746199800,5663.83,5664.32,5663.33,5663.33,0
1746199805,5663.24,5664.12,5663.12,5663.94,0
1746199810,5663.56,5663.56,5662.51,5662.63,0
1746199815,5662.65,5662.88,5662.65,5662.88,0
1746199820,5662.93,5663.46,5662.93,5663.46,0
1746199825,5663.58,5663.58,5663.19,5663.19,0
1746199830,5663.13,5663.13,5662.2,5662.2,0
1746199835,5662.12,5662.15,5661.87,5661.87,0
1746199840,5661.73,5662.31,5661.73,5662.31,0
1746199845,5662.16,5662.26,5662.09,5662.26,0
1746199850,5662.21,5662.89,5662.21,5662.89,0
1746199855,5663.04,5664.1,5663.04,5664.03,0
1746199860,5664.12,5665.21,5664.12,5665.21,0
1746199865,5665.4,5665.49,5665.32,5665.42,0
1746199870,5665.39,5665.68,5665.39,5665.68,0
1746199875,5665.8,5665.8,5665.71,5665.74,0
1746199880,5665.8,5666.92,5665.8,5666.92,0
1746199885,5667.29,5667.31,5667.18,5667.31,0
1746199890,5667.19,5667.9,5667.19,5667.9,0
1746199895,5668.03,5668.21,5668.03,5668.12,0
1746199900,5668.18,5669.33,5668.18,5669.27,0
1746199905,5669.26,5670.41,5669.26,5670.41,0
1746199910,5670.38,5670.93,5670.38,5670.93,0
1746199915,5670.92,5670.92,5670.68,5670.75,0
1746199920,5670.76,5670.76,5670.17,5670.17,0
1746199925,5670.1,5670.1,5669.73,5669.73,0
1746199930,5669.49,5669.49,5668.69,5668.69,0
1746199935,5668.43,5668.65,5668.43,5668.59,0
1746199940,5668.64,5668.71,5668.64,5668.64,0
1746199945,5668.57,5669.25,5668.42,5669.25,0
1746199950,5669.58,5669.74,5669.58,5669.68,0
1746199955,5669.66,5670.01,5669.54,5670.01,0
1746199960,5669.88,5669.88,5669.74,5669.81,0
1746199965,5669.88,5669.88,5669.44,5669.44,0
1746199970,5669.62,5669.68,5669.59,5669.68,0
1746199975,5669.66,5669.66,5669.49,5669.62,0
1746199980,5669.6,5669.6,5669.3,5669.44,0
1746199985,5669.04,5669.16,5668.94,5669.16,0
1746199990,5669.08,5669.08,5668.6,5668.6,0
1746199995,5668.62,5669.01,5668.62,5668.91,0
1746200000,5668.68,5668.76,5668.64,5668.71,0
1746200005,5668.73,5669.33,5668.71,5669.33,0
1746200010,5669.29,5669.29,5669.03,5669.03,0
1746200015,5669.09,5669.23,5669.07,5669.23,0
1746200020,5669.29,5669.48,5669.29,5669.48,0
1746200025,5669.55,5669.64,5669.51,5669.52,0
1746200030,5669.55,5669.92,5669.55,5669.92,0
1746200035,5669.98,5669.98,5669.75,5669.83,0
1746200040,5669.79,5671.05,5669.79,5671.05,0
1746200045,5671.01,5671.14,5670.99,5671.14,0
1746200050,5671.04,5671.07,5670.62,5670.62,0
1746200055,5670.53,5670.59,5670.38,5670.59,0
1746200060,5670.57,5670.63,5670.57,5670.6,0
1746200065,5670.46,5670.46,5670.3,5670.46,0
1746200070,5670.44,5670.44,5670.24,5670.24,0
1746200075,5670.21,5670.21,5670.04,5670.04,0
1746200080,5670.13,5670.34,5670.13,5670.34,0
1746200085,5670.46,5670.68,5670.46,5670.68,0
1746200090,5670.63,5670.81,5670.63,5670.81,0
1746200095,5670.8,5671.14,5670.8,5671.14,0
1746200100,5671.3,5671.3,5669.89,5669.89,0
1746200105,5669.59,5669.65,5669.24,5669.65,0
1746200110,5669.59,5669.75,5669.59,5669.7,0
1746200115,5669.63,5669.7,5669.55,5669.7,0
1746200120,5669.56,5669.76,5669.56,5669.74,0
1746200125,5669.71,5670.14,5669.55,5670.13,0
1746200130,5670.36,5670.85,5670.36,5670.59,0
1746200135,5670.57,5670.61,5670.56,5670.56,0
1746200140,5670.7,5670.7,5670.62,5670.65,0
1746200145,5670.23,5670.27,5669.82,5669.82,0
1746200150,5669.67,5669.78,5669.67,5669.74,0
1746200155,5669.71,5670.3,5669.64,5670.3,0
1746200160,5670.26,5671.0,5670.26,5671.0,0
1746200165,5670.89,5670.92,5670.29,5670.3,0
1746200170,5670.27,5670.39,5670.27,5670.37,0
1746200175,5670.49,5671.23,5670.49,5671.23,0
1746200180,5671.41,5671.69,5671.41,5671.6,0
1746200185,5671.46,5671.73,5671.46,5671.73,0
1746200190,5671.69,5671.72,5670.85,5670.85,0
1746200195,5670.88,5670.98,5670.84,5670.98,0
1746200200,5670.93,5671.51,5670.93,5671.51,0
1746200205,5671.43,5671.52,5671.31,5671.31,0
1746200210,5671.3,5671.47,5671.3,5671.47,0
1746200215,5671.42,5671.67,5671.42,5671.67,0
1746200220,5671.75,5671.91,5671.75,5671.83,0
1746200225,5671.91,5672.08,5671.91,5672.08,0
1746200230,5672.07,5672.07,5671.93,5671.96,0
1746200235,5671.97,5672.1,5671.96,5672.1,0
1746200240,5672.09,5672.09,5671.84,5671.88,0
1746200245,5671.75,5672.04,5671.53,5672.04,0
1746200250,5672.17,5672.58,5672.17,5672.58,0
1746200255,5672.52,5672.64,5672.43,5672.48,0
1746200260,5672.46,5672.46,5672.25,5672.33,0
1746200265,5672.24,5672.25,5671.75,5672.05,0
1746200270,5672.01,5672.05,5671.91,5671.91,0
1746200275,5671.99,5672.09,5671.92,5671.92,0
1746200280,5671.86,5671.86,5671.57,5671.77,0
1746200285,5671.72,5671.72,5671.29,5671.29,0
1746200290,5671.3,5671.32,5671.06,5671.32,0
1746200295,5671.35,5671.59,5671.35,5671.59,0
1746200300,5671.58,5671.58,5671.2,5671.2,0
1746200305,5671.21,5671.37,5671.17,5671.37,0
1746200310,5671.33,5671.42,5671.29,5671.29,0
1746200315,5671.3,5672.12,5671.28,5672.12,0
1746200320,5672.06,5672.39,5672.06,5672.39,0
1746200325,5672.4,5672.6,5672.33,5672.6,0
1746200330,5672.68,5672.77,5672.62,5672.72,0
1746200335,5672.73,5673.31,5672.73,5673.31,0
1746200340,5673.67,5674.11,5673.64,5674.11,0
1746200345,5673.99,5673.99,5673.93,5673.99,0
1746200350,5674.0,5674.6,5673.98,5674.6,0
1746200355,5674.38,5674.6,5674.38,5674.48,0
1746200360,5674.4,5674.42,5674.15,5674.2,0
1746200365,5673.87,5674.04,5673.87,5673.91,0
1746200370,5673.9,5674.44,5673.9,5674.44,0
1746200375,5674.41,5674.41,5674.35,5674.35,0
1746200380,5674.39,5674.56,5674.39,5674.56,0
1746200385,5674.4,5674.4,5674.34,5674.36,0
1746200390,5674.3,5674.32,5674.09,5674.09,0
1746200395,5674.04,5674.6,5674.04,5674.6,0
1746200400,5675.02,5675.1,5674.84,5674.84,0
1746200405,5674.74,5674.79,5674.46,5674.46,0
1746200410,5674.42,5674.49,5674.22,5674.22,0
1746200415,5674.16,5674.17,5674.1,5674.14,0
1746200420,5674.35,5674.77,5674.33,5674.77,0
1746200425,5674.41,5674.83,5674.33,5674.83,0
1746200430,5674.57,5674.89,5674.57,5674.75,0
1746200435,5674.67,5674.67,5674.54,5674.58,0
1746200440,5674.66,5674.66,5674.63,5674.63,0
1746200445,5674.8,5675.06,5674.8,5675.03,0
1746200450,5675.08,5675.61,5675.0,5675.61,0
1746200455,5675.54,5675.64,5675.54,5675.64,0
1746200460,5675.58,5675.82,5675.58,5675.73,0
1746200465,5675.68,5675.68,5675.57,5675.57,0
1746200470,5675.68,5675.68,5675.56,5675.56,0
1746200475,5675.63,5675.67,5675.57,5675.57,0
1746200480,5675.45,5675.48,5675.16,5675.17,0
1746200485,5675.13,5675.13,5674.96,5674.96,0
1746200490,5674.89,5674.89,5674.72,5674.73,0
1746200495,5674.86,5674.86,5674.7,5674.7,0
1746200500,5674.71,5674.81,5674.71,5674.75,0
1746200505,5674.72,5674.78,5674.67,5674.67,0
1746200510,5674.26,5674.26,5674.13,5674.18,0
1746200515,5674.31,5674.62,5674.31,5674.62,0
1746200520,5674.86,5675.53,5674.86,5675.53,0
1746200525,5675.62,5675.83,5675.62,5675.83,0
1746200530,5675.77,5675.77,5675.62,5675.63,0
1746200535,5675.74,5675.74,5675.59,5675.59,0
1746200540,5675.67,5675.67,5675.55,5675.62,0
1746200545,5675.52,5675.69,5675.52,5675.68,0
1746200550,5675.71,5675.86,5675.71,5675.78,0
1746200555,5675.16,5675.21,5675.16,5675.21,0
1746200560,5675.31,5675.42,5675.2,5675.42,0
1746200565,5675.46,5675.53,5675.43,5675.43,0
1746200570,5675.49,5675.57,5675.49,5675.54,0
1746200575,5675.75,5675.87,5675.73,5675.8,0
1746200580,5675.85,5675.87,5675.45,5675.55,0
1746200585,5675.6,5675.6,5675.36,5675.37,0
1746200590,5675.4,5675.68,5675.4,5675.68,0
1746200595,5675.7,5675.7,5675.51,5675.51,0
1746200600,5675.47,5675.71,5675.47,5675.71,0
1746200605,5675.67,5675.81,5675.53,5675.81,0
1746200610,5675.88,5676.0,5675.88,5675.95,0
1746200615,5675.99,5676.07,5675.99,5676.06,0
1746200620,5675.91,5675.91,5675.83,5675.91,0
1746200625,5675.86,5675.89,5675.76,5675.76,0
1746200630,5675.9,5676.01,5675.9,5676.01,0
1746200635,5676.03,5676.25,5676.03,5676.21,0
1746200640,5676.24,5676.38,5675.99,5675.99,0
1746200645,5675.96,5675.96,5675.75,5675.87,0
1746200650,5675.9,5676.04,5675.78,5676.04,0
1746200655,5675.96,5676.15,5675.96,5676.15,0
1746200660,5676.23,5676.35,5676.23,5676.34,0
1746200665,5676.38,5676.55,5676.3,5676.3,0
1746200670,5676.27,5676.45,5676.27,5676.45,0
1746200675,5676.48,5676.48,5676.25,5676.36,0
1746200680,5676.33,5676.33,5676.21,5676.21,0
1746200685,5676.16,5676.29,5676.16,5676.29,0
1746200690,5676.14,5676.25,5675.96,5675.96,0
1746200695,5675.99,5676.17,5675.95,5676.17,0
1746200700,5676.24,5676.25,5676.21,5676.25,0
1746200705,5676.23,5676.42,5676.23,5676.31,0
1746200710,5676.46,5676.46,5676.01,5676.01,0
1746200715,5676.11,5676.16,5676.04,5676.05,0
1746200720,5676.17,5676.24,5676.14,5676.24,0
1746200725,5676.31,5676.39,5676.18,5676.39,0
1746200730,5675.85,5676.04,5675.85,5676.04,0
1746200735,5676.14,5676.15,5676.07,5676.07,0
1746200740,5676.31,5676.43,5676.31,5676.41,0
1746200745,5676.35,5676.41,5676.29,5676.35,0
1746200750,5676.41,5676.58,5676.41,5676.47,0
1746200755,5676.45,5676.57,5676.43,5676.57,0
1746200760,5676.64,5676.95,5676.64,5676.95,0
1746200765,5676.88,5677.11,5676.88,5677.11,0
1746200770,5677.0,5677.14,5676.89,5677.14,0
1746200775,5677.26,5677.4,5677.26,5677.34,0
1746200780,5677.36,5677.62,5677.36,5677.62,0
1746200785,5677.64,5677.88,5677.64,5677.88,0
1746200790,5677.89,5678.04,5677.89,5677.9,0
1746200795,5677.82,5677.82,5677.52,5677.52,0
1746200800,5677.33,5677.47,5677.33,5677.43,0
1746200805,5677.33,5677.55,5677.33,5677.44,0
1746200810,5677.43,5677.5,5677.41,5677.41,0
1746200815,5677.33,5677.49,5677.21,5677.49,0
1746200820,5677.47,5677.47,5677.22,5677.25,0
1746200825,5677.27,5677.38,5677.13,5677.13,0
1746200830,5677.15,5677.15,5677.12,5677.14,0
1746200835,5677.32,5677.38,5677.3,5677.38,0
1746200840,5677.45,5677.45,5677.19,5677.19,0
1746200845,5677.07,5677.07,5676.93,5677.06,0
1746200850,5677.13,5677.13,5677.0,5677.0,0
1746200855,5677.1,5677.18,5677.07,5677.16,0
1746200860,5677.11,5677.12,5677.07,5677.07,0
1746200865,5676.99,5677.0,5676.48,5676.48,0
1746200870,5676.12,5676.14,5676.0,5676.14,0
1746200875,5676.04,5676.04,5675.73,5675.76,0
1746200880,5675.8,5675.87,5675.8,5675.82,0
1746200885,5675.92,5676.6,5675.92,5676.6,0
1746200890,5676.47,5676.47,5676.17,5676.17,0
1746200895,5676.13,5676.23,5676.13,5676.2,0
1746200900,5676.15,5677.35,5676.06,5677.35,0
1746200905,5677.56,5677.56,5677.44,5677.44,0
1746200910,5677.64,5677.64,5677.56,5677.58,0
1746200915,5677.7,5678.03,5677.68,5678.03,0
1746200920,5677.97,5678.09,5677.97,5678.04,0
1746200925,5678.12,5678.12,5677.95,5678.12,0
1746200930,5678.18,5678.18,5678.06,5678.06,0
1746200935,5678.09,5678.09,5677.92,5677.92,0
1746200940,5678.09,5678.45,5678.09,5678.4,0
1746200945,5678.42,5678.44,5678.34,5678.44,0
1746200950,5678.51,5678.68,5678.48,5678.68,0
1746200955,5678.76,5678.76,5678.37,5678.37,0
1746200960,5678.13,5678.19,5678.11,5678.16,0
1746200965,5678.24,5678.42,5678.24,5678.42,0
1746200970,5678.32,5678.63,5678.32,5678.63,0
1746200975,5678.64,5678.74,5678.62,5678.62,0
1746200980,5678.69,5678.98,5678.67,5678.94,0
1746200985,5678.9,5678.9,5678.44,5678.49,0
1746200990,5678.52,5678.66,5678.49,5678.63,0
1746200995,5678.73,5678.78,5678.71,5678.78,0
1746201000,5678.76,5678.76,5678.16,5678.16,0
1746201005,5677.99,5677.99,5677.87,5677.88,0
1746201010,5677.86,5678.28,5677.72,5678.28,0
1746201015,5678.32,5678.43,5678.32,5678.37,0
1746201020,5678.4,5678.49,5678.4,5678.43,0
1746201025,5678.41,5678.64,5678.41,5678.45,0
1746201030,5678.24,5678.32,5678.24,5678.3,0
1746201035,5678.27,5678.27,5678.11,5678.11,0
1746201040,5677.94,5677.97,5677.67,5677.67,0
1746201045,5677.65,5678.31,5677.65,5678.31,0
1746201050,5678.49,5679.14,5678.49,5679.14,0
1746201055,5679.0,5679.0,5678.84,5678.92,0
1746201060,5678.97,5679.29,5678.96,5679.29,0
1746201065,5679.25,5679.37,5679.18,5679.25,0
1746201070,5679.28,5679.28,5679.09,5679.09,0
1746201075,5679.13,5679.13,5678.98,5678.98,0
1746201080,5678.96,5678.96,5677.32,5677.32,0
1746201085,5677.17,5677.5,5676.87,5676.95,0
1746201090,5676.96,5677.22,5676.93,5677.22,0
1746201095,5677.21,5677.21,5677.12,5677.12,0
1746201100,5677.04,5677.04,5676.87,5676.87,0
1746201105,5676.8,5676.91,5676.67,5676.91,0
1746201110,5676.8,5676.84,5676.75,5676.84,0
1746201115,5676.7,5676.75,5676.4,5676.4,0
1746201120,5676.35,5676.4,5676.35,5676.38,0
1746201125,5676.35,5676.35,5675.14,5675.14,0
1746201130,5675.35,5675.35,5675.16,5675.18,0
1746201135,5675.22,5675.22,5674.9,5674.99,0
1746201140,5674.96,5674.96,5674.63,5674.63,0
1746201145,5674.66,5674.66,5674.48,5674.48,0
1746201150,5674.35,5674.39,5674.24,5674.25,0
1746201155,5674.24,5674.45,5674.24,5674.45,0
1746201160,5674.4,5674.4,5674.04,5674.04,0
1746201165,5673.78,5673.8,5673.69,5673.69,0
1746201170,5673.57,5673.7,5673.57,5673.68,0
1746201175,5673.75,5673.84,5673.61,5673.84,0
1746201180,5674.51,5674.93,5674.51,5674.93,0
1746201185,5675.12,5675.74,5675.12,5675.74,0
1746201190,5676.22,5676.93,5676.22,5676.93,0
1746201195,5677.31,5677.38,5677.18,5677.24,0
1746201200,5677.1,5677.13,5677.07,5677.13,0
1746201205,5677.05,5677.28,5677.05,5677.28,0
1746201210,5677.31,5677.49,5677.31,5677.49,0
1746201215,5677.48,5677.58,5677.4,5677.58,0
1746201220,5677.63,5677.87,5677.63,5677.86,0
1746201225,5677.91,5677.97,5677.91,5677.97,0
1746201230,5678.08,5678.08,5677.74,5677.74,0
1746201235,5677.71,5677.71,5677.6,5677.6,0
1746201240,5677.67,5677.75,5677.54,5677.54,0
1746201245,5677.45,5677.45,5676.86,5676.86,0
1746201250,5676.92,5677.04,5676.86,5676.86,0
1746201255,5676.83,5676.9,5676.62,5676.64,0
1746201260,5676.75,5676.75,5676.59,5676.59,0
1746201265,5676.51,5676.6,5676.49,5676.49,0
1746201270,5676.43,5676.45,5676.34,5676.34,0
1746201275,5676.35,5676.38,5676.25,5676.28,0
1746201280,5676.35,5676.35,5676.1,5676.1,0
1746201285,5675.78,5676.38,5675.78,5676.38,0
1746201290,5676.28,5676.33,5675.65,5675.91,0
1746201295,5675.79,5675.92,5675.74,5675.92,0
1746201300,5675.94,5676.27,5675.94,5676.26,0
1746201305,5676.4,5676.67,5676.4,5676.67,0
1746201310,5676.72,5677.06,5676.72,5677.06,0
1746201315,5676.94,5676.99,5676.89,5676.97,0
1746201320,5677.02,5677.5,5677.02,5677.49,0
1746201325,5677.55,5678.17,5677.55,5678.17,0
1746201330,5678.18,5678.25,5678.18,5678.19,0
1746201335,5678.2,5678.23,5678.16,5678.16,0
1746201340,5677.99,5678.06,5677.99,5677.99,0
1746201345,5678.01,5678.02,5677.83,5677.94,0
1746201350,5677.96,5677.96,5677.92,5677.93,0
1746201355,5677.95,5678.09,5677.95,5678.05,0
1746201360,5678.07,5678.13,5678.02,5678.02,0
1746201365,5677.98,5678.03,5677.91,5677.91,0
1746201370,5677.98,5678.17,5677.96,5678.17,0
1746201375,5678.23,5679.16,5678.11,5679.16,0
1746201380,5679.1,5679.1,5678.83,5678.91,0
1746201385,5678.89,5678.99,5678.71,5678.71,0
1746201390,5678.65,5678.72,5678.39,5678.39,0
1746201395,5678.44,5678.64,5678.42,5678.64,0
1746201400,5678.65,5678.83,5678.62,5678.83,0
1746201405,5678.87,5679.12,5678.87,5679.1,0
1746201410,5679.41,5679.51,5679.39,5679.51,0
1746201415,5679.57,5679.63,5679.42,5679.42,0
1746201420,5679.44,5679.44,5679.22,5679.22,0
1746201425,5679.07,5679.19,5679.02,5679.02,0
1746201430,5679.0,5679.05,5678.94,5679.02,0
1746201435,5679.04,5679.04,5678.91,5678.98,0
1746201440,5678.97,5678.97,5678.71,5678.71,0
1746201445,5678.38,5678.43,5678.34,5678.39,0
1746201450,5678.48,5678.63,5678.48,5678.48,0
1746201455,5678.53,5678.61,5678.42,5678.56,0
1746201460,5678.51,5678.54,5678.47,5678.54,0
1746201465,5678.64,5679.18,5678.64,5679.18,0
1746201470,5679.29,5679.4,5679.23,5679.28,0
1746201475,5679.39,5679.39,5679.25,5679.25,0
1746201480,5679.26,5679.3,5679.26,5679.3,0
1746201485,5679.29,5679.32,5679.23,5679.32,0
1746201490,5679.44,5679.64,5679.44,5679.56,0
1746201495,5679.62,5679.72,5679.58,5679.58,0
1746201500,5679.53,5679.72,5679.53,5679.71,0
1746201505,5679.66,5679.89,5679.66,5679.89,0
1746201510,5679.9,5679.9,5679.63,5679.63,0
1746201515,5679.56,5679.56,5679.49,5679.51,0
1746201520,5679.53,5679.69,5679.53,5679.65,0
1746201525,5679.85,5679.92,5679.85,5679.89,0
1746201530,5680.15,5680.45,5680.09,5680.45,0
1746201535,5680.52,5680.8,5680.33,5680.8,0
1746201540,5680.87,5681.18,5680.87,5681.18,0
1746201545,5681.19,5681.35,5681.19,5681.35,0
1746201550,5681.33,5681.59,5681.27,5681.59,0
1746201555,5681.54,5681.54,5680.92,5680.92,0
1746201560,5681.02,5681.02,5680.56,5680.69,0
1746201565,5680.56,5680.56,5679.63,5679.63,0
1746201570,5679.62,5679.95,5679.62,5679.89,0
1746201575,5679.98,5680.02,5679.9,5679.9,0
1746201580,5679.87,5680.03,5679.87,5679.99,0
1746201585,5679.94,5679.94,5679.83,5679.87,0
1746201590,5679.91,5679.97,5679.84,5679.95,0
1746201595,5679.93,5679.93,5679.82,5679.9,0
1746201600,5679.91,5680.66,5679.84,5680.52,0
1746201605,5680.32,5680.57,5680.19,5680.19,0
1746201610,5680.17,5680.31,5680.16,5680.29,0
1746201615,5680.32,5680.32,5680.12,5680.12,0
1746201620,5680.08,5680.78,5680.08,5680.78,0
1746201625,5680.68,5680.8,5680.66,5680.8,0
1746201630,5680.81,5680.9,5680.81,5680.85,0
1746201635,5680.88,5681.07,5680.88,5681.07,0
1746201640,5681.08,5681.08,5680.73,5680.73,0
1746201645,5680.69,5680.72,5680.59,5680.65,0
1746201650,5680.61,5680.84,5680.61,5680.66,0
1746201655,5680.57,5680.63,5679.88,5679.88,0
1746201660,5679.83,5684.53,5679.33,5684.53,0
1746201665,5687.58,5687.88,5686.19,5687.88,0
1746201670,5690.15,5693.43,5689.95,5693.43,0
1746201675,5694.09,5694.09,5689.32,5689.32,0
1746201680,5689.9,5689.92,5682.53,5682.53,0
1746201685,5682.16,5683.1,5682.02,5682.38,0
1746201690,5682.55,5684.14,5682.55,5684.14,0
1746201695,5684.55,5686.78,5684.55,5686.78,0
1746201700,5686.9,5687.45,5686.66,5686.66,0
1746201705,5686.58,5686.58,5684.97,5684.97,0
1746201710,5685.12,5685.93,5685.12,5685.93,0
1746201715,5685.45,5685.95,5685.26,5685.95,0
1746201720,5686.31,5686.73,5686.0,5686.44,0
1746201725,5686.42,5686.48,5685.99,5685.99,0
1746201730,5686.09,5687.09,5686.09,5687.09,0
1746201735,5687.07,5687.23,5687.06,5687.1,0
1746201740,5687.03,5687.14,5686.82,5686.99,0
1746201745,5687.17,5687.81,5687.17,5687.81,0
1746201750,5687.93,5689.48,5687.93,5689.48,0
1746201755,5689.27,5690.13,5689.27,5690.13,0
1746201760,5690.17,5690.75,5690.17,5690.71,0
1746201765,5690.49,5690.57,5690.25,5690.57,0
1746201770,5690.67,5691.6,5690.67,5691.47,0
1746201775,5691.46,5691.81,5691.29,5691.81,0
1746201780,5691.62,5691.95,5691.58,5691.95,0
1746201785,5692.55,5693.32,5692.55,5693.32,0
1746201790,5693.55,5693.9,5693.5,5693.81,0
1746201795,5693.85,5694.31,5693.85,5694.31,0
1746201800,5694.18,5694.61,5693.36,5693.36,0
1746201805,5693.33,5693.51,5693.33,5693.46,0
1746201810,5693.79,5693.87,5693.79,5693.87,0
1746201815,5693.94,5693.94,5693.84,5693.93,0
1746201820,5694.05,5694.07,5693.0,5693.0,0
1746201825,5692.65,5692.7,5692.59,5692.66,0
1746201830,5692.81,5692.81,5692.4,5692.4,0
1746201835,5692.07,5692.12,5691.33,5691.33,0
1746201840,5691.24,5691.81,5691.24,5691.81,0
1746201845,5691.44,5691.72,5691.44,5691.65,0
1746201850,5691.73,5692.2,5691.73,5692.2,0
1746201855,5692.56,5692.64,5692.49,5692.59,0
1746201860,5692.3,5692.38,5692.26,5692.38,0
1746201865,5692.35,5692.37,5691.7,5691.7,0
1746201870,5691.65,5691.81,5691.5,5691.81,0
1746201875,5692.25,5692.27,5691.97,5691.99,0
1746201880,5692.09,5693.35,5692.09,5693.01,0
1746201885,5692.88,5693.16,5692.88,5693.16,0
1746201890,5693.24,5693.86,5693.24,5693.86,0
1746201895,5694.03,5694.04,5693.77,5693.8,0
1746201900,5694.0,5694.0,5693.37,5693.37,0
1746201905,5693.32,5694.12,5693.12,5694.12,0
1746201910,5694.43,5696.22,5694.43,5696.22,0
1746201915,5696.08,5696.08,5695.56,5695.56,0
1746201920,5695.5,5695.75,5695.19,5695.3,0
1746201925,5695.32,5695.49,5694.98,5695.35,0
1746201930,5695.5,5695.93,5695.5,5695.93,0
1746201935,5695.75,5696.07,5695.75,5696.06,0
1746201940,5696.07,5696.07,5694.82,5695.22,0
1746201945,5695.29,5695.4,5695.19,5695.4,0
1746201950,5695.26,5695.41,5695.25,5695.32,0
1746201955,5695.48,5695.55,5695.4,5695.44,0
1746201960,5695.27,5695.38,5695.16,5695.25,0
1746201965,5695.08,5695.62,5694.84,5695.58,0
1746201970,5695.47,5695.55,5695.36,5695.36,0
1746201975,5695.41,5695.49,5695.17,5695.17,0
1746201980,5695.49,5696.21,5695.49,5696.21,0
1746201985,5696.23,5696.58,5696.23,5696.47,0
1746201990,5696.25,5696.25,5695.93,5695.93,0
1746201995,5696.14,5696.31,5695.78,5696.31,0
1746202000,5696.07,5696.26,5696.07,5696.19,0
1746202005,5696.13,5696.29,5696.13,5696.14,0
1746202010,5696.26,5696.53,5696.19,5696.19,0
1746202015,5695.36,5695.38,5694.95,5694.95,0
1746202020,5695.0,5695.0,5693.21,5693.45,0
1746202025,5692.61,5692.85,5692.61,5692.61,0
1746202030,5692.57,5692.57,5692.32,5692.4,0
1746202035,5692.43,5692.43,5692.12,5692.14,0
1746202040,5692.13,5693.03,5692.13,5693.03,0
1746202045,5693.11,5693.11,5692.9,5692.9,0
1746202050,5692.76,5692.89,5692.74,5692.81,0
1746202055,5693.19,5693.3,5692.94,5692.94,0
1746202060,5692.91,5692.91,5692.77,5692.77,0
1746202065,5692.71,5692.77,5692.11,5692.11,0
1746202070,5692.07,5692.07,5691.12,5691.28,0
1746202075,5691.18,5691.27,5691.09,5691.17,0
1746202080,5691.01,5691.01,5690.47,5690.47,0
1746202085,5690.54,5690.54,5689.59,5689.59,0
1746202090,5689.71,5689.84,5689.67,5689.84,0
1746202095,5690.58,5690.73,5690.53,5690.73,0
1746202100,5690.88,5691.12,5690.88,5691.12,0
1746202105,5691.15,5691.15,5690.26,5690.26,0
1746202110,5690.17,5690.17,5689.75,5689.75,0
1746202115,5689.63,5690.13,5689.63,5690.13,0
1746202120,5690.36,5690.67,5690.36,5690.67,0
1746202125,5690.55,5690.86,5690.52,5690.85,0
1746202130,5690.58,5690.92,5690.58,5690.81,0
1746202135,5690.74,5691.27,5690.74,5691.27,0
1746202140,5691.3,5691.33,5691.05,5691.05,0
1746202145,5691.31,5691.31,5690.19,5690.19,0
1746202150,5690.15,5690.24,5690.15,5690.24,0
1746202155,5690.3,5690.3,5690.12,5690.17,0
1746202160,5690.09,5690.19,5690.03,5690.03,0
1746202165,5689.88,5689.92,5689.11,5689.11,0
1746202170,5688.8,5688.8,5688.07,5688.42,0
1746202175,5688.48,5688.84,5688.35,5688.84,0
1746202180,5689.12,5689.12,5688.27,5688.27,0
1746202185,5688.84,5689.16,5688.58,5689.12,0
1746202190,5689.32,5689.4,5689.23,5689.23,0
1746202195,5689.34,5689.6,5689.34,5689.51,0
1746202200,5689.55,5689.55,5689.3,5689.3,0
1746202205,5689.38,5689.38,5689.28,5689.31,0
1746202210,5689.24,5689.37,5689.07,5689.21,0
1746202215,5689.39,5689.88,5689.32,5689.88,0
1746202220,5690.1,5690.1,5689.55,5689.67,0
1746202225,5689.64,5689.64,5688.34,5688.34,0
1746202230,5688.52,5688.52,5687.81,5687.81,0
1746202235,5687.66,5687.89,5687.66,5687.78,0
1746202240,5687.9,5688.07,5687.9,5688.07,0
1746202245,5688.22,5688.22,5687.61,5687.61,0
1746202250,5687.76,5688.18,5687.76,5688.18,0
1746202255,5688.05,5688.05,5687.75,5687.75,0
1746202260,5687.79,5688.5,5687.79,5688.5,0
1746202265,5688.58,5688.58,5688.26,5688.26,0
1746202270,5688.39,5688.74,5688.31,5688.74,0
1746202275,5688.9,5689.31,5688.9,5689.31,0
1746202280,5689.62,5690.95,5689.62,5690.95,0
1746202285,5691.24,5692.43,5691.24,5692.43,0
1746202290,5692.39,5692.39,5692.14,5692.18,0
1746202295,5692.2,5692.55,5692.2,5692.55,0
1746202300,5692.66,5693.11,5692.66,5693.11,0
1746202305,5693.23,5693.7,5693.23,5693.7,0
1746202310,5693.68,5693.84,5693.47,5693.47,0
1746202315,5693.64,5693.67,5693.52,5693.67,0
1746202320,5693.71,5693.92,5693.71,5693.88,0
1746202325,5693.95,5694.01,5693.81,5694.01,0
1746202330,5694.0,5694.01,5693.45,5693.45,0
1746202335,5693.38,5694.02,5693.38,5693.98,0
1746202340,5693.91,5694.14,5693.91,5694.14,0
1746202345,5694.23,5694.8,5694.23,5694.8,0
1746202350,5695.0,5695.0,5694.72,5694.72,0
1746202355,5694.85,5695.02,5694.85,5695.02,0
1746202360,5695.23,5695.49,5695.23,5695.49,0
1746202365,5695.39,5695.79,5695.39,5695.79,0
1746202370,5696.07,5696.21,5696.07,5696.21,0
1746202375,5696.15,5696.15,5695.84,5695.84,0
1746202380,5695.85,5695.85,5695.25,5695.25,0
1746202385,5694.93,5695.14,5694.93,5695.14,0
1746202390,5695.06,5695.1,5694.94,5695.0,0
1746202395,5695.02,5695.02,5694.1,5694.1,0
1746202400,5694.38,5694.38,5694.2,5694.21,0
1746202405,5694.14,5694.14,5694.06,5694.12,0
1746202410,5694.16,5694.45,5694.16,5694.35,0
1746202415,5694.11,5694.16,5694.06,5694.11,0
1746202420,5694.88,5695.18,5694.88,5695.16,0
1746202425,5694.95,5694.95,5694.79,5694.82,0
1746202430,5694.91,5695.2,5694.91,5695.04,0
1746202435,5694.9,5695.1,5694.9,5694.97,0
1746202440,5694.98,5695.39,5694.98,5695.19,0
1746202445,5695.26,5695.46,5695.15,5695.46,0
1746202450,5695.33,5695.39,5695.16,5695.39,0
1746202455,5695.46,5695.62,5695.24,5695.62,0
1746202460,5695.68,5695.68,5695.63,5695.63,0
1746202465,5695.36,5695.36,5694.93,5695.1,0
1746202470,5695.24,5695.57,5695.24,5695.41,0
1746202475,5695.37,5695.64,5695.37,5695.64,0
1746202480,5695.62,5695.9,5695.6,5695.86,0
1746202485,5695.92,5695.93,5695.85,5695.93,0
1746202490,5695.91,5696.26,5695.91,5696.26,0
1746202495,5696.36,5696.44,5695.96,5696.03,0
1746202500,5696.15,5696.6,5696.15,5696.6,0
1746202505,5696.55,5696.55,5696.41,5696.41,0
1746202510,5696.36,5696.36,5696.09,5696.09,0
1746202515,5696.34,5696.34,5695.93,5695.93,0
1746202520,5695.88,5696.0,5695.88,5695.89,0
1746202525,5695.96,5696.01,5695.75,5696.01,0
1746202530,5695.91,5695.95,5694.64,5694.64,0
1746202535,5694.74,5694.76,5694.15,5694.46,0
1746202540,5694.4,5695.05,5694.4,5695.05,0
1746202545,5695.03,5695.22,5695.03,5695.22,0
1746202550,5695.35,5695.66,5695.35,5695.66,0
1746202555,5695.74,5695.74,5695.45,5695.45,0
1746202560,5695.47,5695.59,5694.94,5694.94,0
1746202565,5695.07,5695.09,5695.03,5695.03,0
1746202570,5695.07,5695.46,5695.07,5695.46,0
1746202575,5695.42,5695.57,5695.41,5695.5,0
1746202580,5695.59,5695.72,5695.33,5695.33,0
1746202585,5695.26,5695.26,5693.72,5693.72,0
1746202590,5693.32,5693.32,5692.81,5692.81,0
1746202595,5693.04,5693.69,5693.04,5693.69,0
1746202600,5693.62,5693.64,5693.48,5693.48,0
1746202605,5693.78,5693.79,5693.3,5693.33,0
1746202610,5693.38,5693.53,5693.3,5693.53,0
1746202615,5693.5,5693.79,5693.34,5693.79,0
1746202620,5693.77,5693.77,5693.21,5693.21,0
1746202625,5693.0,5693.05,5692.94,5693.05,0
1746202630,5693.27,5693.27,5693.14,5693.17,0
1746202635,5693.5,5693.83,5693.5,5693.83,0
1746202640,5693.89,5694.37,5693.89,5694.37,0
1746202645,5694.36,5694.79,5694.36,5694.79,0
1746202650,5694.68,5694.68,5694.59,5694.63,0
1746202655,5694.65,5694.65,5694.53,5694.57,0
1746202660,5694.53,5694.78,5694.53,5694.65,0
1746202665,5694.64,5694.69,5694.54,5694.55,0
1746202670,5694.59,5694.69,5694.55,5694.68,0
1746202675,5694.65,5694.78,5694.65,5694.78,0
1746202680,5695.06,5695.17,5694.51,5694.51,0
1746202685,5694.6,5695.04,5694.6,5695.04,0
1746202690,5695.27,5695.36,5695.27,5695.36,0
1746202695,5695.1,5695.14,5694.95,5695.01,0
1746202700,5695.02,5695.02,5694.5,5694.5,0
1746202705,5693.95,5693.95,5693.85,5693.91,0
1746202710,5694.01,5694.01,5693.85,5693.87,0
1746202715,5694.07,5694.11,5694.03,5694.08,0
1746202720,5694.11,5694.18,5693.94,5693.94,0
1746202725,5694.36,5694.36,5693.79,5693.79,0
1746202730,5693.94,5694.32,5693.94,5694.28,0
1746202735,5694.29,5694.5,5694.26,5694.31,0
1746202740,5694.29,5695.03,5694.23,5695.03,0
1746202745,5695.05,5695.05,5694.85,5694.9,0
1746202750,5694.87,5695.07,5694.87,5694.93,0
1746202755,5694.98,5695.32,5694.98,5695.32,0
1746202760,5695.39,5695.52,5695.36,5695.52,0
1746202765,5695.48,5695.71,5695.45,5695.71,0
1746202770,5695.66,5695.69,5695.47,5695.5,0
1746202775,5695.4,5695.6,5695.4,5695.6,0
1746202780,5695.63,5695.64,5695.41,5695.63,0
1746202785,5695.64,5695.86,5695.64,5695.84,0
1746202790,5695.88,5695.88,5695.51,5695.51,0
1746202795,5695.46,5695.51,5695.29,5695.35,0
1746202800,5695.42,5695.65,5695.41,5695.65,0
1746202805,5695.59,5695.59,5695.37,5695.37,0
1746202810,5695.36,5695.71,5695.16,5695.71,0
1746202815,5695.85,5695.85,5694.79,5694.79,0
1746202820,5694.84,5695.18,5694.84,5695.18,0
1746202825,5695.36,5695.52,5695.36,5695.48,0
1746202830,5695.46,5695.59,5695.34,5695.59,0
1746202835,5695.65,5695.79,5695.63,5695.79,0
1746202840,5695.75,5695.81,5695.64,5695.64,0
1746202845,5695.69,5695.92,5695.69,5695.83,0
1746202850,5695.87,5695.94,5695.52,5695.59,0
1746202855,5695.71,5695.99,5695.71,5695.99,0
1746202860,5696.03,5696.14,5695.97,5696.02,0
1746202865,5696.03,5696.19,5696.03,5696.04,0
1746202870,5695.95,5695.99,5695.78,5695.82,0
1746202875,5695.6,5695.61,5695.19,5695.19,0
1746202880,5695.12,5695.13,5694.9,5695.12,0
1746202885,5695.29,5695.32,5695.26,5695.31,0
1746202890,5695.29,5695.37,5695.28,5695.28,0
1746202895,5695.33,5695.48,5695.31,5695.48,0
1746202900,5695.46,5695.5,5695.17,5695.17,0
1746202905,5695.16,5695.16,5694.99,5694.99,0
1746202910,5695.27,5695.29,5695.15,5695.29,0
1746202915,5695.63,5695.84,5695.63,5695.66,0
1746202920,5695.64,5695.77,5695.57,5695.58,0
1746202925,5695.66,5695.68,5695.61,5695.68,0
1746202930,5695.76,5695.85,5695.69,5695.79,0
1746202935,5695.82,5695.82,5695.76,5695.77,0
1746202940,5695.83,5695.83,5695.77,5695.8,0
1746202945,5695.79,5695.83,5695.74,5695.8,0
1746202950,5695.78,5695.78,5695.53,5695.55,0
1746202955,5695.41,5695.41,5694.67,5694.67,0
1746202960,5694.62,5695.01,5694.62,5695.01,0
1746202965,5695.05,5695.08,5695.02,5695.02,0
1746202970,5694.83,5695.15,5694.83,5694.88,0
1746202975,5694.82,5694.91,5694.78,5694.83,0
1746202980,5694.8,5694.97,5694.8,5694.84,0
1746202985,5694.87,5694.9,5694.75,5694.89,0
1746202990,5694.7,5694.89,5694.7,5694.89,0
1746202995,5694.85,5694.85,5694.59,5694.69,0
1746203000,5694.65,5694.66,5694.41,5694.41,0
1746203005,5694.34,5694.41,5693.77,5694.41,0
1746203010,5694.66,5694.75,5694.38,5694.38,0
1746203015,5694.37,5694.46,5694.37,5694.4,0
1746203020,5694.48,5694.48,5694.22,5694.24,0
1746203025,5694.53,5694.53,5694.13,5694.13,0
1746203030,5694.06,5694.15,5694.06,5694.14,0
1746203035,5694.1,5694.13,5694.06,5694.12,0
1746203040,5694.33,5694.48,5694.33,5694.48,0
1746203045,5694.49,5694.76,5694.46,5694.46,0
1746203050,5694.44,5694.44,5694.06,5694.06,0
1746203055,5694.01,5694.06,5693.96,5694.06,0
1746203060,5694.04,5694.12,5693.81,5693.81,0
1746203065,5693.72,5693.72,5693.05,5693.05,0
1746203070,5692.94,5692.99,5692.92,5692.98,0
1746203075,5692.87,5692.88,5692.55,5692.55,0
1746203080,5692.47,5692.47,5691.69,5691.69,0
1746203085,5691.82,5691.82,5691.54,5691.54,0
1746203090,5691.65,5691.65,5691.62,5691.62,0
1746203095,5691.65,5691.93,5691.58,5691.93,0
1746203100,5691.94,5691.94,5691.55,5691.66,0
1746203105,5691.69,5691.69,5691.36,5691.51,0
1746203110,5691.49,5691.86,5691.49,5691.86,0
1746203115,5691.82,5691.93,5691.82,5691.87,0
1746203120,5691.83,5692.47,5691.83,5692.47,0
1746203125,5692.73,5693.37,5692.73,5693.35,0
1746203130,5693.38,5693.55,5693.38,5693.54,0
1746203135,5693.49,5693.74,5693.49,5693.74,0
1746203140,5693.67,5693.8,5693.57,5693.57,0
1746203145,5693.48,5693.66,5693.48,5693.66,0
1746203150,5693.85,5694.24,5693.85,5694.24,0
1746203155,5694.32,5694.37,5694.2,5694.37,0
1746203160,5694.38,5694.38,5694.15,5694.17,0
1746203165,5694.14,5694.25,5694.05,5694.25,0
1746203170,5694.17,5694.46,5694.17,5694.36,0
1746203175,5694.3,5694.3,5694.21,5694.24,0
1746203180,5694.26,5694.33,5693.89,5693.92,0
1746203185,5693.86,5693.88,5693.69,5693.69,0
1746203190,5693.6,5693.62,5693.47,5693.47,0
1746203195,5693.5,5693.62,5693.44,5693.6,0
1746203200,5693.4,5693.4,5692.87,5693.07,0
1746203205,5693.1,5693.14,5693.08,5693.13,0
1746203210,5693.11,5693.36,5693.11,5693.36,0
1746203215,5693.39,5693.62,5693.36,5693.62,0
1746203220,5693.64,5693.72,5693.61,5693.65,0
1746203225,5693.58,5694.09,5693.51,5694.05,0
1746203230,5693.92,5694.01,5693.12,5693.12,0
1746203235,5693.13,5693.24,5692.78,5692.78,0
1746203240,5692.82,5693.03,5692.82,5693.03,0
1746203245,5692.99,5693.17,5692.99,5693.15,0
1746203250,5693.16,5693.48,5693.16,5693.48,0
1746203255,5693.22,5693.32,5693.01,5693.01,0
1746203260,5693.22,5693.32,5693.22,5693.31,0
1746203265,5693.37,5693.37,5693.26,5693.26,0
1746203270,5693.15,5693.15,5692.92,5693.0,0
1746203275,5692.98,5692.98,5692.79,5692.84,0
1746203280,5692.85,5692.85,5692.7,5692.76,0
1746203285,5691.92,5692.01,5691.82,5691.82,0
1746203290,5691.76,5691.76,5691.23,5691.24,0
1746203295,5691.54,5691.63,5691.42,5691.63,0
1746203300,5691.69,5691.82,5691.68,5691.76,0
1746203305,5691.69,5691.85,5691.61,5691.85,0
1746203310,5692.02,5692.36,5692.02,5692.32,0
1746203315,5691.89,5691.98,5691.75,5691.75,0
1746203320,5691.88,5691.92,5691.64,5691.76,0
1746203325,5691.71,5691.71,5691.6,5691.61,0
1746203330,5691.6,5691.79,5691.48,5691.79,0
1746203335,5691.99,5692.06,5691.9,5692.06,0
1746203340,5692.02,5692.02,5691.53,5691.53,0
1746203345,5691.48,5691.48,5691.06,5691.09,0
1746203350,5691.08,5691.17,5691.02,5691.08,0
1746203355,5690.81,5690.9,5690.73,5690.83,0
1746203360,5690.85,5690.95,5690.85,5690.89,0
1746203365,5690.9,5691.4,5690.9,5691.37,0
1746203370,5691.35,5691.35,5690.71,5690.71,0
1746203375,5690.74,5690.74,5689.97,5689.97,0
1746203380,5689.83,5689.83,5689.71,5689.82,0
1746203385,5689.81,5689.86,5689.68,5689.68,0
1746203390,5689.51,5689.78,5689.48,5689.76,0
1746203395,5689.69,5689.8,5689.63,5689.8,0
1746203400,5690.13,5690.13,5689.9,5689.95,0
1746203405,5689.84,5689.84,5689.62,5689.62,0
1746203410,5689.63,5689.87,5689.63,5689.87,0
1746203415,5689.88,5691.26,5689.88,5691.26,0
1746203420,5691.45,5691.93,5691.38,5691.93,0
1746203425,5691.96,5691.96,5691.55,5691.56,0
1746203430,5691.61,5691.61,5690.83,5690.83,0
1746203435,5690.77,5691.21,5690.77,5691.21,0
1746203440,5691.26,5691.26,5691.18,5691.18,0
1746203445,5691.08,5691.12,5691.02,5691.12,0
1746203450,5690.78,5691.16,5690.78,5691.16,0
1746203455,5691.17,5691.52,5691.17,5691.52,0
1746203460,5691.42,5691.42,5690.91,5690.91,0
1746203465,5690.96,5690.96,5690.17,5690.17,0
1746203470,5690.39,5690.68,5690.39,5690.58,0
1746203475,5690.57,5690.69,5690.57,5690.69,0
1746203480,5690.66,5691.8,5690.66,5691.8,0
1746203485,5691.78,5692.03,5691.78,5692.03,0
1746203490,5692.0,5692.7,5692.0,5692.51,0
1746203495,5692.41,5692.54,5692.41,5692.54,0
1746203500,5692.61,5692.72,5692.61,5692.71,0
1746203505,5692.78,5692.85,5692.78,5692.81,0
1746203510,5692.82,5693.04,5692.82,5693.04,0
1746203515,5692.83,5692.85,5692.8,5692.81,0
1746203520,5692.84,5692.97,5692.72,5692.97,0
1746203525,5692.98,5693.34,5692.96,5693.34,0
1746203530,5693.25,5693.25,5692.81,5692.95,0
1746203535,5693.1,5693.19,5693.1,5693.12,0
1746203540,5693.01,5693.16,5693.0,5693.08,0
1746203545,5692.35,5692.35,5690.77,5690.77,0
1746203550,5690.82,5691.47,5690.82,5691.47,0
1746203555,5691.7,5692.47,5691.7,5692.47,0
1746203560,5692.44,5692.67,5692.44,5692.64,0
1746203565,5692.62,5692.62,5692.39,5692.43,0
1746203570,5692.39,5692.39,5691.96,5691.96,0
1746203575,5691.73,5691.88,5691.73,5691.88,0
1746203580,5691.81,5691.89,5691.77,5691.89,0
1746203585,5692.03,5692.03,5691.17,5691.17,0
1746203590,5691.14,5691.33,5691.11,5691.33,0
1746203595,5691.29,5691.47,5691.17,5691.17,0
1746203600,5691.32,5691.35,5691.29,5691.31,0
1746203605,5691.34,5691.55,5691.34,5691.55,0
1746203610,5691.59,5691.62,5691.56,5691.56,0
1746203615,5691.58,5691.9,5691.58,5691.9,0
1746203620,5691.88,5692.31,5691.88,5692.31,0
1746203625,5692.41,5692.46,5692.31,5692.46,0
1746203630,5692.41,5692.41,5692.22,5692.35,0
1746203635,5692.3,5692.3,5691.77,5691.77,0
1746203640,5691.83,5692.15,5691.83,5692.15,0
1746203645,5692.13,5692.25,5692.13,5692.25,0
1746203650,5692.27,5692.27,5692.01,5692.01,0
1746203655,5692.06,5692.06,5691.94,5691.94,0
1746203660,5692.19,5692.19,5692.0,5692.14,0
1746203665,5692.13,5692.49,5692.13,5692.49,0
1746203670,5692.47,5692.63,5692.47,5692.57,0
1746203675,5692.56,5692.7,5692.56,5692.7,0
1746203680,5692.66,5692.66,5692.26,5692.3,0
1746203685,5692.21,5692.24,5692.05,5692.16,0
1746203690,5692.17,5692.38,5692.17,5692.38,0
1746203695,5692.5,5692.5,5692.31,5692.33,0
1746203700,5692.42,5692.42,5692.14,5692.14,0
1746203705,5692.17,5692.52,5692.17,5692.39,0
1746203710,5692.47,5692.59,5692.47,5692.59,0
1746203715,5692.61,5692.86,5692.61,5692.81,0
1746203720,5692.91,5692.91,5692.8,5692.8,0
1746203725,5692.77,5692.77,5692.1,5692.2,0
1746203730,5691.89,5691.97,5691.22,5691.22,0
1746203735,5691.17,5691.17,5690.72,5690.82,0
1746203740,5690.95,5691.08,5690.95,5691.08,0
1746203745,5691.12,5691.24,5691.12,5691.24,0
1746203750,5691.25,5691.54,5691.25,5691.54,0
1746203755,5691.44,5691.7,5691.44,5691.62,0
1746203760,5691.64,5691.88,5691.61,5691.82,0
1746203765,5691.92,5692.13,5691.81,5692.13,0
1746203770,5692.16,5692.19,5692.04,5692.07,0
1746203775,5692.04,5692.56,5692.04,5692.56,0
1746203780,5692.5,5692.73,5692.5,5692.73,0
1746203785,5692.62,5692.75,5692.62,5692.72,0
1746203790,5692.68,5692.79,5692.54,5692.79,0
1746203795,5692.85,5692.96,5692.8,5692.83,0
1746203800,5692.73,5692.96,5692.73,5692.96,0
1746203805,5693.01,5693.25,5692.96,5693.25,0
1746203810,5693.36,5693.36,5693.23,5693.24,0
1746203815,5693.26,5693.26,5693.16,5693.17,0
1746203820,5693.14,5693.37,5693.14,5693.37,0
1746203825,5693.47,5693.59,5693.43,5693.53,0
1746203830,5693.52,5694.14,5693.52,5694.1,0
1746203835,5694.04,5694.44,5694.04,5694.44,0
1746203840,5694.4,5694.48,5694.27,5694.48,0
1746203845,5694.57,5694.61,5694.57,5694.57,0
1746203850,5694.49,5694.68,5694.49,5694.68,0
1746203855,5694.73,5696.07,5694.73,5696.07,0
1746203860,5696.26,5696.38,5696.26,5696.36,0
1746203865,5696.29,5696.3,5696.22,5696.22,0
1746203870,5696.35,5696.48,5696.22,5696.48,0
1746203875,5696.55,5696.69,5696.44,5696.69,0
1746203880,5696.78,5696.98,5696.78,5696.98,0
1746203885,5696.99,5697.26,5696.98,5697.26,0
1746203890,5697.11,5697.11,5696.99,5697.06,0
1746203895,5697.21,5697.29,5697.06,5697.06,0
1746203900,5697.0,5697.31,5696.97,5697.31,0
1746203905,5697.39,5697.56,5697.39,5697.48,0
1746203910,5697.5,5697.52,5697.41,5697.52,0
1746203915,5697.71,5697.77,5697.67,5697.67,0
1746203920,5697.63,5697.63,5697.29,5697.43,0
1746203925,5697.37,5697.37,5696.95,5696.95,0
1746203930,5696.98,5697.09,5696.98,5697.06,0
1746203935,5697.07,5697.21,5697.07,5697.21,0
1746203940,5697.16,5697.21,5697.14,5697.14,0
1746203945,5697.19,5697.22,5697.14,5697.22,0
1746203950,5697.25,5697.47,5697.25,5697.47,0
1746203955,5697.5,5697.55,5697.45,5697.49,0
1746203960,5697.52,5697.62,5697.5,5697.62,0
1746203965,5697.63,5697.63,5697.55,5697.57,0
1746203970,5697.67,5697.78,5697.67,5697.74,0
1746203975,5697.76,5697.76,5697.34,5697.34,0
1746203980,5697.26,5697.47,5697.26,5697.41,0
1746203985,5697.45,5697.55,5697.45,5697.55,0
1746203990,5697.6,5697.61,5697.36,5697.36,0
1746203995,5697.32,5697.35,5697.22,5697.22,0
1746204000,5697.14,5697.24,5697.1,5697.12,0
1746204005,5697.14,5697.18,5697.04,5697.04,0
1746204010,5697.07,5697.18,5696.95,5696.95,0
1746204015,5696.85,5696.85,5696.62,5696.72,0
1746204020,5696.6,5696.68,5696.6,5696.6,0
1746204025,5696.51,5696.51,5696.2,5696.28,0
1746204030,5696.15,5696.15,5695.42,5695.42,0
1746204035,5695.62,5695.68,5695.57,5695.68,0
1746204040,5695.64,5695.64,5695.52,5695.55,0
1746204045,5695.56,5695.66,5695.56,5695.64,0
1746204050,5695.55,5695.56,5694.76,5694.76,0
1746204055,5694.41,5694.49,5694.37,5694.37,0
1746204060,5694.12,5694.12,5692.95,5692.95,0
1746204065,5692.91,5693.52,5692.91,5693.14,0
1746204070,5692.85,5693.43,5692.85,5693.43,0
1746204075,5693.7,5694.34,5693.7,5694.33,0
1746204080,5694.36,5694.42,5694.33,5694.36,0
1746204085,5694.49,5694.55,5694.4,5694.46,0
1746204090,5694.52,5694.56,5694.46,5694.51,0
1746204095,5694.77,5694.77,5694.56,5694.58,0
1746204100,5694.54,5694.54,5693.79,5693.79,0
1746204105,5693.75,5694.01,5693.75,5694.01,0
1746204110,5693.92,5694.32,5693.92,5694.32,0
1746204115,5694.29,5694.29,5694.16,5694.16,0
1746204120,5694.24,5694.29,5694.07,5694.07,0
1746204125,5693.56,5693.73,5693.51,5693.73,0
1746204130,5693.68,5693.72,5693.68,5693.69,0
1746204135,5693.74,5694.01,5693.74,5694.01,0
1746204140,5694.19,5694.24,5694.15,5694.24,0
1746204145,5694.29,5694.29,5694.09,5694.09,0
1746204150,5694.11,5694.55,5694.1,5694.55,0
1746204155,5694.52,5694.76,5694.52,5694.76,0
1746204160,5694.7,5695.59,5694.7,5695.59,0
1746204165,5695.7,5696.33,5695.7,5696.33,0
1746204170,5696.36,5696.39,5696.21,5696.21,0
1746204175,5696.02,5696.02,5695.78,5695.78,0
1746204180,5695.66,5695.66,5695.35,5695.61,0
1746204185,5695.68,5695.74,5695.63,5695.67,0
1746204190,5695.69,5695.85,5695.6,5695.6,0
1746204195,5695.58,5695.71,5695.58,5695.63,0
1746204200,5695.55,5695.65,5695.5,5695.65,0
1746204205,5695.57,5695.72,5695.57,5695.67,0
1746204210,5695.74,5695.74,5695.58,5695.58,0
1746204215,5695.61,5695.83,5695.61,5695.83,0
1746204220,5695.99,5696.2,5695.99,5696.2,0
1746204225,5696.27,5696.31,5696.23,5696.23,0
1746204230,5696.42,5696.54,5696.4,5696.54,0
1746204235,5696.67,5696.92,5696.67,5696.92,0
1746204240,5697.04,5697.33,5697.03,5697.33,0
1746204245,5697.32,5697.56,5697.32,5697.56,0
1746204250,5697.46,5697.53,5697.06,5697.16,0
1746204255,5696.99,5696.99,5696.79,5696.8,0
1746204260,5696.69,5696.8,5696.69,5696.77,0
1746204265,5696.7,5696.77,5696.47,5696.47,0
1746204270,5696.35,5696.45,5696.24,5696.28,0
1746204275,5696.03,5696.1,5696.03,5696.1,0
1746204280,5696.17,5696.23,5696.15,5696.23,0
1746204285,5696.28,5696.28,5696.16,5696.16,0
1746204290,5696.01,5696.1,5695.97,5696.1,0
1746204295,5696.15,5696.64,5696.15,5696.64,0
1746204300,5696.59,5696.59,5695.99,5695.99,0
1746204305,5696.08,5696.45,5696.08,5696.3,0
1746204310,5696.17,5696.29,5696.17,5696.29,0
1746204315,5696.33,5696.33,5695.98,5695.98,0
1746204320,5695.91,5695.91,5695.78,5695.9,0
1746204325,5695.95,5696.33,5695.95,5696.32,0
1746204330,5695.99,5696.03,5694.99,5694.99,0
1746204335,5695.12,5695.2,5694.76,5694.76,0
1746204340,5694.63,5694.72,5694.63,5694.68,0
1746204345,5694.61,5694.61,5694.43,5694.46,0
1746204350,5694.63,5694.91,5694.63,5694.88,0
1746204355,5694.99,5695.25,5694.93,5695.25,0
1746204360,5695.23,5695.67,5695.23,5695.67,0
1746204365,5695.79,5696.0,5695.79,5695.99,0
1746204370,5696.11,5696.32,5696.11,5696.31,0
1746204375,5696.11,5696.25,5696.1,5696.17,0
1746204380,5696.22,5696.59,5696.22,5696.59,0
1746204385,5696.22,5696.22,5695.5,5695.5,0
1746204390,5695.27,5695.27,5695.03,5695.07,0
1746204395,5694.84,5695.12,5694.76,5695.12,0
1746204400,5695.11,5695.36,5695.11,5695.27,0
1746204405,5695.2,5695.3,5695.2,5695.3,0
1746204410,5695.46,5695.8,5695.46,5695.8,0
1746204415,5695.86,5695.88,5695.75,5695.88,0
1746204420,5695.91,5696.12,5695.91,5696.0,0
1746204425,5696.18,5696.18,5695.98,5695.98,0
1746204430,5695.89,5696.37,5695.89,5696.37,0
1746204435,5696.45,5696.62,5696.42,5696.56,0
1746204440,5696.67,5696.67,5696.07,5696.07,0
1746204445,5695.91,5695.97,5695.87,5695.97,0
1746204450,5695.99,5695.99,5695.69,5695.69,0
1746204455,5695.43,5695.54,5695.34,5695.34,0
1746204460,5695.24,5695.41,5695.24,5695.29,0
1746204465,5695.19,5695.23,5695.15,5695.2,0
1746204470,5695.32,5695.35,5695.28,5695.31,0
1746204475,5695.43,5695.43,5695.36,5695.36,0
1746204480,5695.41,5695.65,5695.41,5695.5,0
1746204485,5695.49,5695.55,5695.3,5695.3,0
1746204490,5695.27,5695.44,5695.27,5695.42,0
1746204495,5695.51,5695.76,5695.51,5695.67,0
1746204500,5695.5,5695.54,5695.18,5695.26,0
1746204505,5695.27,5695.35,5695.27,5695.32,0
1746204510,5695.25,5695.25,5694.97,5694.99,0
1746204515,5695.03,5695.09,5694.96,5694.96,0
1746204520,5694.87,5695.15,5694.87,5695.15,0
1746204525,5695.34,5695.51,5695.34,5695.47,0
1746204530,5695.34,5695.42,5695.34,5695.42,0
1746204535,5695.51,5695.68,5695.45,5695.68,0
1746204540,5695.76,5695.76,5695.65,5695.65,0
1746204545,5695.4,5695.4,5695.26,5695.32,0
1746204550,5695.27,5695.45,5695.19,5695.45,0
1746204555,5695.44,5695.45,5695.31,5695.31,0
1746204560,5695.19,5695.19,5695.09,5695.14,0
1746204565,5695.05,5695.12,5694.97,5695.03,0
1746204570,5695.11,5695.11,5694.87,5694.87,0
1746204575,5694.95,5694.95,5694.56,5694.57,0
1746204580,5694.51,5694.61,5694.51,5694.56,0
1746204585,5694.33,5694.56,5694.33,5694.56,0
1746204590,5694.6,5694.6,5694.24,5694.24,0
1746204595,5694.17,5694.3,5694.17,5694.3,0
1746204600,5694.32,5694.69,5694.32,5694.69,0
1746204605,5694.74,5694.74,5694.53,5694.53,0
1746204610,5694.48,5694.82,5694.48,5694.82,0
1746204615,5694.54,5694.54,5694.36,5694.36,0
1746204620,5694.17,5694.24,5694.13,5694.2,0
1746204625,5694.24,5694.49,5693.36,5693.36,0
1746204630,5692.78,5692.86,5692.67,5692.67,0
1746204635,5692.46,5692.46,5692.17,5692.33,0
1746204640,5692.31,5692.42,5692.18,5692.18,0
1746204645,5692.12,5692.17,5692.09,5692.11,0
1746204650,5691.99,5691.99,5691.79,5691.79,0
1746204655,5691.81,5691.81,5691.72,5691.81,0
1746204660,5691.87,5691.87,5691.72,5691.78,0
1746204665,5691.8,5692.25,5691.8,5692.25,0
1746204670,5692.18,5692.19,5691.99,5692.11,0
1746204675,5692.1,5692.56,5692.06,5692.56,0
1746204680,5692.55,5692.55,5691.96,5691.98,0
1746204685,5691.94,5691.94,5691.73,5691.73,0
1746204690,5691.53,5691.53,5691.26,5691.34,0
1746204695,5691.17,5691.17,5690.72,5690.96,0
1746204700,5690.88,5690.88,5690.67,5690.67,0
1746204705,5690.73,5690.94,5690.65,5690.94,0
1746204710,5690.91,5691.43,5690.91,5691.43,0
1746204715,5691.83,5692.05,5691.83,5691.98,0
1746204720,5692.11,5692.13,5691.99,5692.06,0
1746204725,5692.0,5692.0,5691.75,5691.76,0
1746204730,5691.84,5692.12,5691.78,5692.12,0
1746204735,5692.01,5692.11,5691.95,5691.95,0
1746204740,5691.93,5691.95,5691.81,5691.81,0
1746204745,5691.79,5691.8,5691.73,5691.8,0
1746204750,5691.83,5692.37,5691.83,5692.37,0
1746204755,5692.72,5693.25,5692.72,5693.04,0
1746204760,5692.95,5693.09,5692.95,5693.09,0
1746204765,5693.02,5693.29,5693.02,5693.29,0
1746204770,5693.28,5693.3,5693.25,5693.28,0
1746204775,5693.37,5693.4,5693.09,5693.09,0
1746204780,5693.2,5693.33,5693.13,5693.33,0
1746204785,5693.54,5693.7,5693.43,5693.43,0
1746204790,5693.38,5693.7,5693.38,5693.56,0
1746204795,5693.69,5693.69,5693.36,5693.36,0
1746204800,5693.44,5693.92,5693.44,5693.92,0
1746204805,5693.98,5693.98,5693.82,5693.94,0
1746204810,5693.93,5693.93,5693.83,5693.83,0
1746204815,5693.97,5694.01,5693.97,5693.99,0
1746204820,5694.24,5694.55,5694.24,5694.49,0
1746204825,5694.6,5694.8,5694.6,5694.7,0
1746204830,5694.74,5694.74,5694.54,5694.61,0
1746204835,5694.65,5694.69,5694.59,5694.69,0
1746204840,5694.59,5694.59,5694.29,5694.29,0
1746204845,5694.26,5694.26,5694.14,5694.26,0
1746204850,5694.35,5694.47,5694.35,5694.47,0
1746204855,5694.51,5694.51,5694.22,5694.44,0
1746204860,5694.51,5694.55,5694.49,5694.55,0
1746204865,5694.53,5694.53,5693.85,5693.85,0
1746204870,5693.51,5693.79,5693.19,5693.79,0
1746204875,5693.72,5693.88,5693.72,5693.88,0
1746204880,5693.91,5694.03,5693.91,5693.93,0
1746204885,5693.86,5693.86,5693.71,5693.8,0
1746204890,5694.02,5694.12,5694.02,5694.1,0
1746204895,5694.14,5694.16,5694.07,5694.08,0
1746204900,5694.07,5694.07,5693.74,5693.74,0
1746204905,5693.68,5694.15,5693.61,5694.15,0
1746204910,5694.53,5694.61,5694.35,5694.35,0
1746204915,5694.26,5694.26,5693.73,5693.73,0
1746204920,5693.5,5693.63,5693.41,5693.57,0
1746204925,5693.53,5693.7,5692.79,5692.79,0
1746204930,5692.91,5693.11,5692.82,5692.82,0
1746204935,5692.81,5693.11,5692.81,5693.11,0
1746204940,5693.14,5693.71,5693.14,5693.71,0
1746204945,5693.92,5694.42,5693.92,5694.42,0
1746204950,5694.4,5694.67,5694.4,5694.67,0
1746204955,5694.75,5694.75,5694.67,5694.67,0
1746204960,5694.76,5694.76,5694.2,5694.24,0
1746204965,5693.93,5693.93,5693.33,5693.33,0
1746204970,5693.28,5693.53,5693.25,5693.53,0
1746204975,5693.49,5693.52,5693.27,5693.27,0
1746204980,5693.42,5693.42,5693.27,5693.27,0
1746204985,5693.23,5693.37,5693.2,5693.37,0
1746204990,5693.32,5693.32,5693.22,5693.24,0
1746204995,5693.23,5693.44,5693.15,5693.44,0
1746205000,5693.46,5693.98,5693.46,5693.98,0
1746205005,5694.06,5694.06,5693.75,5693.77,0
1746205010,5693.76,5694.12,5693.74,5694.1,0
1746205015,5693.81,5693.87,5693.23,5693.34,0
1746205020,5693.5,5693.89,5693.5,5693.89,0
1746205025,5693.95,5694.05,5693.87,5694.0,0
1746205030,5693.97,5694.22,5693.97,5694.17,0
1746205035,5694.04,5694.11,5694.03,5694.06,0
1746205040,5693.91,5693.91,5693.42,5693.42,0
1746205045,5693.53,5693.53,5693.3,5693.3,0
1746205050,5693.56,5693.6,5693.5,5693.6,0
1746205055,5693.64,5693.69,5693.47,5693.47,0
1746205060,5693.41,5693.41,5693.31,5693.4,0
1746205065,5693.46,5693.46,5693.25,5693.25,0
1746205070,5693.24,5693.25,5693.18,5693.18,0
1746205075,5693.08,5693.08,5692.86,5692.86,0
1746205080,5692.87,5692.96,5692.85,5692.96,0
1746205085,5692.97,5693.02,5692.93,5692.95,0
1746205090,5693.12,5693.96,5693.12,5693.96,0
1746205095,5694.03,5694.25,5694.03,5694.25,0
1746205100,5694.01,5694.01,5693.65,5693.65,0
1746205105,5693.64,5693.64,5693.54,5693.54,0
1746205110,5693.5,5693.71,5693.45,5693.71,0
1746205115,5693.64,5693.68,5693.55,5693.67,0
1746205120,5693.7,5693.7,5693.64,5693.64,0
1746205125,5693.68,5693.68,5693.55,5693.57,0
1746205130,5693.7,5693.89,5693.7,5693.82,0
1746205135,5693.81,5693.81,5693.08,5693.08,0
1746205140,5693.06,5693.34,5693.03,5693.34,0
1746205145,5693.32,5693.62,5693.32,5693.56,0
1746205150,5693.48,5693.48,5693.36,5693.36,0
1746205155,5693.26,5693.39,5693.26,5693.35,0
1746205160,5693.04,5693.22,5693.04,5693.09,0
1746205165,5693.07,5693.08,5692.98,5693.07,0
1746205170,5693.04,5693.13,5693.02,5693.13,0
1746205175,5693.09,5693.16,5692.94,5692.94,0
1746205180,5692.7,5692.7,5692.46,5692.46,0
1746205185,5692.53,5692.53,5692.4,5692.46,0
1746205190,5692.41,5692.46,5692.41,5692.42,0
1746205195,5692.41,5692.42,5692.27,5692.42,0
1746205200,5692.54,5692.79,5692.52,5692.69,0
1746205205,5692.88,5692.98,5692.88,5692.93,0
1746205210,5692.92,5692.92,5691.56,5691.68,0
1746205215,5691.65,5691.65,5690.68,5690.68,0
1746205220,5690.76,5690.95,5690.73,5690.95,0
1746205225,5691.11,5691.46,5690.9,5691.46,0
1746205230,5691.93,5692.59,5691.93,5692.59,0
1746205235,5692.56,5692.77,5692.56,5692.72,0
1746205240,5692.71,5692.84,5692.62,5692.65,0
1746205245,5692.69,5692.86,5692.69,5692.75,0
1746205250,5692.77,5692.77,5692.57,5692.57,0
1746205255,5692.51,5692.57,5691.87,5691.87,0
1746205260,5691.48,5691.74,5691.48,5691.66,0
1746205265,5691.84,5692.48,5691.84,5692.48,0
1746205270,5692.44,5692.44,5692.06,5692.06,0
1746205275,5692.02,5692.09,5691.83,5691.83,0
1746205280,5691.85,5691.85,5691.64,5691.64,0
1746205285,5691.53,5691.56,5691.18,5691.18,0
1746205290,5691.17,5691.18,5690.86,5691.02,0
1746205295,5691.05,5691.05,5690.98,5691.04,0
1746205300,5691.03,5691.21,5690.97,5690.97,0
1746205305,5690.7,5690.85,5690.64,5690.71,0
1746205310,5690.76,5690.76,5690.56,5690.56,0
1746205315,5690.52,5690.78,5690.52,5690.78,0
1746205320,5690.86,5691.44,5690.86,5691.44,0
1746205325,5691.25,5691.8,5691.25,5691.8,0
1746205330,5691.81,5691.81,5691.66,5691.8,0
1746205335,5691.84,5691.99,5691.84,5691.99,0
1746205340,5692.04,5692.14,5692.04,5692.14,0
1746205345,5692.15,5692.38,5692.15,5692.38,0
1746205350,5692.52,5692.68,5692.52,5692.68,0
1746205355,5692.97,5693.47,5692.97,5693.43,0
1746205360,5693.52,5693.52,5693.43,5693.48,0
1746205365,5693.41,5693.42,5693.28,5693.28,0
1746205370,5693.25,5693.25,5693.11,5693.11,0
1746205375,5693.22,5693.43,5693.22,5693.38,0
1746205380,5693.46,5693.48,5693.36,5693.42,0
1746205385,5693.49,5693.79,5693.49,5693.79,0
1746205390,5693.75,5693.94,5693.75,5693.94,0
1746205395,5694.05,5694.05,5693.87,5693.87,0
1746205400,5693.95,5693.97,5693.81,5693.84,0
1746205405,5693.82,5693.88,5693.79,5693.81,0
1746205410,5693.77,5693.81,5693.74,5693.8,0
1746205415,5694.11,5694.13,5694.05,5694.11,0
1746205420,5694.34,5694.48,5694.34,5694.48,0
1746205425,5694.62,5694.68,5694.59,5694.6,0
1746205430,5694.67,5694.67,5694.37,5694.39,0
1746205435,5694.44,5694.54,5694.44,5694.54,0
1746205440,5694.49,5694.58,5694.48,5694.58,0
1746205445,5694.69,5694.8,5694.68,5694.8,0
1746205450,5694.79,5694.79,5694.67,5694.77,0
1746205455,5694.7,5694.75,5694.7,5694.73,0
1746205460,5694.54,5694.54,5694.32,5694.32,0
1746205465,5694.31,5694.31,5694.07,5694.07,0
1746205470,5693.98,5693.98,5693.83,5693.87,0
1746205475,5693.98,5694.11,5693.98,5694.11,0
1746205480,5694.09,5694.09,5693.71,5693.71,0
1746205485,5693.37,5693.37,5692.64,5692.68,0
1746205490,5692.69,5692.72,5692.62,5692.68,0
1746205495,5692.62,5692.62,5692.3,5692.33,0
1746205500,5692.21,5692.21,5692.1,5692.11,0
1746205505,5692.16,5692.55,5692.14,5692.51,0
1746205510,5692.69,5693.09,5692.65,5693.09,0
1746205515,5693.17,5693.23,5692.49,5692.49,0
1746205520,5692.47,5692.47,5691.4,5691.4,0
1746205525,5691.36,5691.48,5691.34,5691.41,0
1746205530,5691.34,5691.34,5690.87,5690.98,0
1746205535,5691.07,5691.11,5690.98,5691.11,0
1746205540,5690.96,5690.96,5690.42,5690.42,0
1746205545,5690.47,5690.67,5690.36,5690.67,0
1746205550,5690.71,5690.89,5690.71,5690.8,0
1746205555,5690.83,5690.83,5690.66,5690.7,0
1746205560,5690.67,5690.67,5690.36,5690.36,0
1746205565,5690.37,5690.37,5690.25,5690.26,0
1746205570,5690.25,5690.25,5689.94,5689.97,0
1746205575,5689.83,5689.83,5689.52,5689.52,0
1746205580,5689.47,5689.47,5689.17,5689.17,0
1746205585,5689.26,5689.42,5689.26,5689.28,0
1746205590,5689.08,5689.08,5688.47,5688.57,0
1746205595,5688.62,5688.66,5688.56,5688.57,0
1746205600,5688.6,5688.72,5688.6,5688.72,0
1746205605,5688.66,5688.66,5688.55,5688.55,0
1746205610,5688.68,5688.71,5688.63,5688.71,0
1746205615,5688.81,5688.96,5688.81,5688.96,0
1746205620,5688.91,5689.04,5688.9,5689.04,0
1746205625,5688.97,5689.13,5688.97,5689.0,0
1746205630,5688.93,5688.97,5688.78,5688.78,0
1746205635,5689.15,5689.76,5689.15,5689.66,0
1746205640,5689.69,5690.15,5689.69,5690.15,0
1746205645,5690.37,5690.61,5690.37,5690.61,0
1746205650,5690.74,5690.82,5690.16,5690.16,0
1746205655,5690.09,5690.09,5689.7,5689.7,0
1746205660,5689.71,5689.73,5689.55,5689.55,0
1746205665,5689.59,5689.59,5689.51,5689.54,0
1746205670,5689.44,5689.45,5689.08,5689.08,0
1746205675,5689.21,5689.35,5689.2,5689.35,0
1746205680,5689.3,5689.4,5689.26,5689.27,0
1746205685,5689.16,5689.16,5689.08,5689.08,0
1746205690,5689.05,5689.05,5688.8,5688.8,0
1746205695,5688.73,5688.94,5688.73,5688.9,0
1746205700,5688.84,5688.86,5688.78,5688.81,0
1746205705,5688.73,5688.73,5687.78,5687.78,0
1746205710,5687.97,5688.41,5687.96,5688.41,0
1746205715,5688.46,5688.46,5688.3,5688.33,0
1746205720,5688.2,5688.2,5688.11,5688.11,0
1746205725,5688.06,5688.08,5687.37,5687.37,0
1746205730,5687.33,5687.66,5687.33,5687.33,0
1746205735,5687.44,5687.44,5687.28,5687.3,0
1746205740,5687.29,5687.3,5687.24,5687.3,0
1746205745,5687.27,5687.53,5687.27,5687.51,0
1746205750,5687.34,5687.52,5687.34,5687.41,0
1746205755,5687.37,5687.39,5687.32,5687.32,0
1746205760,5687.24,5687.32,5687.24,5687.32,0
1746205765,5687.33,5687.39,5687.33,5687.37,0
1746205770,5687.41,5687.66,5687.38,5687.49,0
1746205775,5687.47,5687.47,5687.07,5687.07,0
1746205780,5686.92,5687.05,5686.89,5687.05,0
1746205785,5687.2,5687.23,5687.02,5687.02,0
1746205790,5687.0,5687.46,5687.0,5687.29,0
1746205795,5687.2,5687.2,5686.99,5687.03,0
1746205800,5687.02,5687.05,5687.01,5687.01,0
1746205805,5687.21,5687.24,5687.11,5687.11,0
1746205810,5687.12,5687.12,5686.82,5686.82,0
1746205815,5686.8,5686.86,5686.8,5686.86,0
1746205820,5686.75,5686.88,5686.75,5686.78,0
1746205825,5686.83,5686.83,5686.65,5686.66,0
1746205830,5686.78,5686.82,5686.76,5686.82,0
1746205835,5686.81,5687.0,5686.68,5687.0,0
1746205840,5686.94,5687.47,5686.94,5687.47,0
1746205845,5687.6,5687.6,5687.47,5687.57,0
1746205850,5687.69,5687.72,5687.58,5687.58,0
1746205855,5687.6,5687.61,5687.54,5687.54,0
1746205860,5687.5,5687.5,5687.12,5687.12,0
1746205865,5687.19,5687.21,5686.97,5687.02,0
1746205870,5686.92,5687.25,5686.9,5687.25,0
1746205875,5687.32,5687.32,5687.11,5687.11,0
1746205880,5686.57,5686.57,5686.54,5686.54,0
1746205885,5686.52,5686.52,5686.07,5686.07,0
1746205890,5686.06,5686.06,5685.18,5685.18,0
1746205895,5685.08,5685.08,5684.92,5684.93,0
1746205900,5684.9,5684.9,5684.81,5684.82,0
1746205905,5684.63,5684.63,5684.51,5684.6,0
1746205910,5684.68,5684.78,5684.67,5684.77,0
1746205915,5684.75,5685.0,5684.69,5684.86,0
1746205920,5684.78,5684.83,5684.71,5684.71,0
1746205925,5684.79,5684.79,5684.55,5684.55,0
1746205930,5684.27,5684.27,5684.01,5684.08,0
1746205935,5684.27,5684.83,5684.27,5684.83,0
1746205940,5685.15,5685.46,5685.15,5685.37,0
1746205945,5685.42,5685.42,5685.33,5685.42,0
1746205950,5685.18,5685.22,5685.13,5685.14,0
1746205955,5685.27,5686.25,5685.27,5686.25,0
1746205960,5686.22,5686.36,5686.22,5686.35,0
1746205965,5686.26,5686.4,5686.26,5686.4,0
1746205970,5686.38,5686.38,5686.32,5686.36,0
1746205975,5686.24,5686.24,5686.12,5686.22,0
1746205980,5686.24,5686.33,5686.13,5686.13,0
1746205985,5686.15,5686.23,5686.12,5686.21,0
1746205990,5686.01,5686.16,5686.01,5686.1,0
1746205995,5685.86,5685.86,5685.54,5685.54,0
1746206000,5685.59,5685.63,5685.43,5685.43,0
1746206005,5685.54,5685.54,5685.42,5685.44,0
1746206010,5685.45,5685.45,5685.35,5685.37,0
1746206015,5685.6,5685.94,5685.6,5685.9,0
1746206020,5685.93,5686.21,5685.93,5686.12,0
1746206025,5686.07,5686.22,5685.97,5686.22,0
1746206030,5686.09,5686.09,5685.82,5685.82,0
1746206035,5685.91,5685.91,5685.78,5685.87,0
1746206040,5686.01,5686.07,5686.01,5686.07,0
1746206045,5685.95,5685.95,5685.57,5685.57,0
1746206050,5685.47,5685.47,5685.36,5685.36,0
1746206055,5685.41,5685.52,5685.28,5685.52,0
1746206060,5685.49,5685.91,5685.45,5685.91,0
1746206065,5685.73,5685.73,5685.62,5685.66,0
1746206070,5685.73,5685.95,5685.73,5685.89,0
1746206075,5685.83,5685.83,5685.56,5685.63,0
1746206080,5685.67,5685.84,5685.62,5685.84,0
1746206085,5685.86,5685.86,5685.64,5685.66,0
1746206090,5685.69,5685.89,5685.69,5685.89,0
1746206095,5685.93,5686.16,5685.83,5686.16,0
1746206100,5686.23,5686.46,5686.23,5686.46,0
1746206105,5686.5,5686.9,5686.5,5686.9,0
1746206110,5686.89,5686.91,5686.55,5686.55,0
1746206115,5686.5,5686.54,5686.42,5686.42,0
1746206120,5686.53,5686.65,5686.53,5686.65,0
1746206125,5686.57,5686.79,5686.39,5686.79,0
1746206130,5686.81,5686.81,5686.71,5686.72,0
1746206135,5686.73,5686.87,5686.73,5686.87,0
1746206140,5686.88,5686.88,5686.55,5686.55,0
1746206145,5686.62,5686.62,5686.5,5686.5,0
1746206150,5686.1,5686.1,5685.9,5685.9,0
1746206155,5685.97,5686.22,5685.9,5686.11,0
1746206160,5685.89,5685.89,5685.68,5685.78,0
1746206165,5685.34,5685.34,5685.11,5685.19,0
1746206170,5685.21,5685.26,5684.97,5684.97,0
1746206175,5684.93,5684.97,5684.77,5684.77,0
1746206180,5684.49,5684.64,5684.47,5684.56,0
1746206185,5684.35,5684.35,5684.09,5684.09,0
1746206190,5684.02,5684.02,5683.85,5683.85,0
1746206195,5683.82,5683.82,5683.66,5683.66,0
1746206200,5683.45,5683.45,5682.36,5682.62,0
1746206205,5682.54,5683.23,5682.54,5682.96,0
1746206210,5682.99,5683.14,5682.93,5682.93,0
1746206215,5682.92,5682.95,5682.8,5682.8,0
1746206220,5682.83,5682.83,5682.28,5682.68,0
1746206225,5682.71,5682.71,5682.6,5682.68,0
1746206230,5682.71,5683.12,5682.67,5683.12,0
1746206235,5683.26,5683.27,5683.12,5683.19,0
1746206240,5683.2,5683.41,5683.2,5683.24,0
1746206245,5683.16,5683.21,5683.07,5683.21,0
1746206250,5683.14,5683.29,5683.12,5683.25,0
1746206255,5683.23,5683.28,5683.15,5683.22,0
1746206260,5683.16,5683.29,5683.16,5683.24,0
1746206265,5683.29,5683.3,5683.22,5683.26,0
1746206270,5683.13,5683.49,5683.13,5683.4,0
1746206275,5683.49,5683.52,5683.33,5683.52,0
1746206280,5683.51,5684.29,5683.51,5684.29,0
1746206285,5684.46,5684.6,5684.46,5684.48,0
1746206290,5684.52,5684.61,5684.48,5684.61,0
1746206295,5684.59,5684.59,5683.96,5683.96,0
1746206300,5683.77,5683.77,5683.26,5683.26,0
1746206305,5683.17,5683.17,5682.88,5682.88,0
1746206310,5682.86,5682.94,5682.86,5682.9,0
1746206315,5682.84,5683.04,5682.84,5683.04,0
1746206320,5683.07,5683.2,5683.07,5683.14,0
1746206325,5683.19,5683.49,5683.19,5683.49,0
1746206330,5683.67,5683.9,5683.67,5683.9,0
1746206335,5683.98,5684.21,5683.98,5684.2,0
1746206340,5684.05,5684.16,5684.05,5684.08,0
1746206345,5683.98,5684.13,5683.98,5684.03,0
1746206350,5684.04,5684.04,5683.92,5683.99,0
1746206355,5683.97,5684.06,5683.97,5684.06,0
1746206360,5684.09,5684.2,5684.03,5684.2,0
1746206365,5684.37,5684.37,5684.3,5684.3,0
1746206370,5684.32,5684.5,5684.32,5684.49,0
1746206375,5684.79,5684.79,5684.72,5684.72,0
1746206380,5684.69,5684.81,5684.69,5684.81,0
1746206385,5684.78,5684.84,5684.74,5684.83,0
1746206390,5684.96,5685.07,5684.7,5684.7,0
1746206395,5684.63,5684.63,5684.53,5684.63,0
1746206400,5684.61,5684.67,5684.61,5684.67,0
1746206405,5684.71,5684.78,5684.71,5684.78,0
1746206410,5684.8,5684.9,5684.73,5684.73,0
1746206415,5684.87,5685.01,5684.85,5684.99,0
1746206420,5685.03,5685.57,5685.03,5685.57,0
1746206425,5685.68,5686.2,5685.68,5686.2,0
1746206430,5686.21,5686.42,5686.21,5686.22,0
1746206435,5686.2,5686.28,5686.2,5686.24,0
1746206440,5686.02,5686.13,5686.0,5686.0,0
1746206445,5686.01,5686.02,5685.97,5686.02,0
1746206450,5685.9,5685.97,5685.9,5685.91,0
1746206455,5685.87,5686.13,5685.87,5686.13,0
1746206460,5686.18,5687.09,5686.18,5687.09,0
1746206465,5687.13,5687.91,5687.13,5687.91,0
1746206470,5687.97,5688.46,5687.97,5688.43,0
1746206475,5688.55,5688.65,5688.52,5688.54,0
1746206480,5688.84,5689.03,5688.69,5688.78,0
1746206485,5688.69,5688.92,5688.66,5688.92,0
1746206490,5689.21,5689.49,5689.21,5689.45,0
1746206495,5689.47,5689.61,5689.47,5689.61,0
1746206500,5689.63,5689.64,5689.54,5689.59,0
1746206505,5689.63,5689.89,5689.63,5689.77,0
1746206510,5689.63,5689.77,5689.63,5689.77,0
1746206515,5689.75,5689.92,5689.75,5689.92,0
1746206520,5689.94,5689.98,5689.94,5689.98,0
1746206525,5690.08,5690.13,5690.05,5690.05,0
1746206530,5689.99,5689.99,5688.24,5688.24,0
1746206535,5688.17,5688.37,5688.17,5688.37,0
1746206540,5688.2,5688.21,5688.11,5688.11,0
1746206545,5688.14,5688.14,5687.0,5687.0,0
1746206550,5686.8,5686.8,5685.9,5685.9,0
1746206555,5685.82,5685.82,5685.55,5685.55,0
1746206560,5685.71,5685.88,5685.71,5685.88,0
1746206565,5685.92,5685.95,5685.9,5685.9,0
1746206570,5685.89,5686.02,5685.74,5685.74,0
1746206575,5685.77,5685.93,5685.77,5685.81,0
1746206580,5685.91,5685.91,5685.8,5685.88,0
1746206585,5685.86,5685.86,5685.76,5685.85,0
1746206590,5685.92,5685.92,5685.81,5685.84,0
1746206595,5685.91,5686.42,5685.91,5686.21,0
1746206600,5686.25,5686.31,5685.4,5685.4,0
1746206605,5685.27,5685.27,5685.15,5685.15,0
1746206610,5685.08,5685.08,5684.22,5684.26,0
1746206615,5684.35,5684.35,5683.62,5683.62,0
1746206620,5683.58,5683.58,5683.4,5683.43,0
1746206625,5683.4,5683.4,5683.24,5683.26,0
1746206630,5683.32,5683.36,5683.26,5683.26,0
1746206635,5683.31,5683.78,5683.24,5683.78,0
1746206640,5683.81,5684.13,5683.81,5684.13,0
1746206645,5684.14,5684.37,5684.14,5684.37,0
1746206650,5684.4,5684.4,5684.17,5684.17,0
1746206655,5684.07,5684.07,5683.94,5683.99,0
1746206660,5683.97,5684.22,5683.97,5684.15,0
1746206665,5684.13,5684.13,5683.96,5684.13,0
1746206670,5684.29,5684.29,5684.05,5684.05,0
1746206675,5683.94,5683.98,5683.44,5683.44,0
1746206680,5683.37,5683.68,5683.36,5683.68,0
1746206685,5683.74,5683.78,5683.72,5683.78,0
1746206690,5683.8,5683.8,5683.58,5683.58,0
1746206695,5683.53,5683.64,5683.49,5683.64,0
1746206700,5684.0,5684.08,5683.85,5683.85,0
1746206705,5683.82,5683.88,5683.82,5683.82,0
1746206710,5683.92,5683.97,5683.9,5683.97,0
1746206715,5683.95,5684.49,5683.95,5684.49,0
1746206720,5684.53,5684.53,5684.34,5684.34,0
1746206725,5684.29,5684.34,5684.2,5684.2,0
1746206730,5684.17,5684.31,5684.16,5684.16,0
1746206735,5683.58,5683.58,5683.32,5683.32,0
1746206740,5683.3,5683.3,5683.23,5683.23,0
1746206745,5683.2,5683.42,5683.2,5683.42,0
1746206750,5683.43,5683.69,5683.43,5683.62,0
1746206755,5683.55,5683.68,5683.47,5683.55,0
1746206760,5683.52,5683.62,5683.52,5683.62,0
1746206765,5683.55,5683.69,5683.55,5683.69,0
1746206770,5683.55,5683.55,5683.36,5683.36,0
1746206775,5683.2,5683.2,5683.03,5683.06,0
1746206780,5683.04,5683.04,5681.84,5681.84,0
1746206785,5681.99,5681.99,5681.72,5681.72,0
1746206790,5681.78,5682.24,5681.78,5682.18,0
1746206795,5682.15,5682.15,5682.04,5682.07,0
1746206800,5682.19,5682.74,5682.19,5682.74,0
1746206805,5682.72,5683.48,5682.72,5683.48,0
1746206810,5683.93,5684.19,5683.93,5684.14,0
1746206815,5684.21,5684.28,5684.17,5684.28,0
1746206820,5684.49,5684.49,5684.25,5684.41,0
1746206825,5684.58,5684.64,5684.58,5684.62,0
1746206830,5684.67,5684.86,5684.67,5684.86,0
1746206835,5684.91,5684.91,5684.41,5684.56,0
1746206840,5684.58,5684.77,5684.58,5684.72,0
1746206845,5684.99,5685.13,5684.99,5685.08,0
1746206850,5685.11,5685.22,5685.11,5685.22,0
1746206855,5685.56,5685.56,5685.35,5685.39,0
1746206860,5685.4,5685.4,5685.33,5685.38,0
1746206865,5685.39,5685.41,5685.27,5685.27,0
1746206870,5685.28,5685.73,5685.28,5685.73,0
1746206875,5685.77,5685.79,5685.75,5685.75,0
1746206880,5685.81,5685.93,5685.81,5685.85,0
1746206885,5685.83,5686.02,5685.83,5686.0,0
1746206890,5686.01,5686.01,5685.48,5685.48,0
1746206895,5685.31,5685.49,5684.89,5684.89,0
1746206900,5684.6,5684.63,5684.53,5684.53,0
1746206905,5684.58,5684.94,5684.58,5684.72,0
1746206910,5684.91,5685.08,5684.91,5685.08,0
1746206915,5685.01,5685.09,5685.01,5685.09,0
1746206920,5685.08,5685.67,5685.08,5685.6,0
1746206925,5685.62,5685.91,5685.62,5685.91,0
1746206930,5686.09,5686.74,5686.05,5686.74,0
1746206935,5686.97,5687.08,5686.97,5687.08,0
1746206940,5687.06,5687.16,5687.06,5687.16,0
1746206945,5687.09,5687.09,5686.69,5686.72,0
1746206950,5686.68,5686.86,5686.65,5686.72,0
1746206955,5686.82,5686.94,5686.74,5686.83,0
1746206960,5686.54,5686.54,5686.4,5686.5,0
1746206965,5686.52,5686.52,5686.42,5686.44,0
1746206970,5686.46,5686.69,5686.41,5686.66,0
1746206975,5686.75,5686.78,5686.64,5686.78,0
1746206980,5686.71,5686.71,5686.26,5686.26,0
1746206985,5686.28,5686.28,5685.47,5685.47,0
1746206990,5685.44,5685.7,5685.44,5685.49,0
1746206995,5685.41,5685.46,5685.37,5685.37,0
1746207000,5685.35,5685.54,5685.26,5685.54,0
1746207005,5685.57,5685.77,5685.51,5685.77,0
1746207010,5685.76,5685.92,5685.76,5685.8,0
1746207015,5685.84,5686.01,5685.82,5685.98,0
1746207020,5686.13,5686.36,5686.13,5686.26,0
1746207025,5686.11,5686.11,5686.05,5686.05,0
1746207030,5686.17,5686.21,5686.13,5686.13,0
1746207035,5686.0,5686.04,5685.17,5685.17,0
1746207040,5684.83,5684.83,5684.6,5684.61,0
1746207045,5684.6,5684.81,5684.59,5684.59,0
1746207050,5684.06,5684.08,5684.04,5684.04,0
1746207055,5683.97,5684.31,5683.96,5684.24,0
1746207060,5684.31,5684.33,5684.24,5684.24,0
1746207065,5684.23,5684.31,5684.23,5684.3,0
1746207070,5684.24,5684.33,5684.23,5684.3,0
1746207075,5684.2,5684.2,5684.14,5684.18,0
1746207080,5684.16,5684.24,5684.16,5684.19,0
1746207085,5684.2,5684.2,5684.01,5684.01,0
1746207090,5683.96,5684.01,5683.95,5683.95,0
1746207095,5683.83,5683.83,5683.52,5683.58,0
1746207100,5683.59,5683.82,5683.59,5683.8,0
1746207105,5683.78,5684.67,5683.78,5684.67,0
1746207110,5684.71,5684.8,5684.69,5684.8,0
1746207115,5684.81,5684.9,5684.81,5684.9,0
1746207120,5684.92,5684.92,5684.74,5684.75,0
1746207125,5684.7,5684.86,5684.45,5684.45,0
1746207130,5684.47,5684.69,5684.47,5684.69,0
1746207135,5684.71,5684.77,5684.7,5684.76,0
1746207140,5684.84,5684.94,5684.84,5684.94,0
1746207145,5684.69,5684.69,5684.56,5684.56,0
1746207150,5684.5,5684.55,5684.47,5684.51,0
1746207155,5684.38,5684.47,5684.38,5684.41,0
1746207160,5684.53,5684.53,5684.41,5684.42,0
1746207165,5684.18,5684.18,5684.06,5684.14,0
1746207170,5684.19,5684.32,5684.19,5684.32,0
1746207175,5684.34,5684.49,5684.34,5684.49,0
1746207180,5684.5,5684.61,5684.5,5684.52,0
1746207185,5684.53,5684.53,5684.45,5684.47,0
1746207190,5684.43,5684.74,5684.43,5684.74,0
1746207195,5684.79,5684.79,5684.73,5684.73,0
1746207200,5684.72,5684.78,5684.72,5684.74,0
1746207205,5684.68,5684.68,5684.55,5684.56,0
1746207210,5684.61,5684.65,5684.57,5684.58,0
1746207215,5684.62,5684.66,5684.44,5684.44,0
1746207220,5684.42,5684.43,5683.84,5683.84,0
1746207225,5683.76,5684.12,5683.71,5684.12,0
1746207230,5684.23,5684.43,5684.23,5684.38,0
1746207235,5684.36,5684.36,5684.27,5684.27,0
1746207240,5684.16,5684.24,5684.14,5684.24,0
1746207245,5684.17,5684.17,5683.93,5683.95,0
1746207250,5683.77,5683.81,5683.67,5683.67,0
1746207255,5683.76,5683.76,5683.37,5683.37,0
1746207260,5683.46,5683.6,5683.36,5683.6,0
1746207265,5684.04,5684.18,5684.04,5684.08,0
1746207270,5684.18,5684.2,5684.09,5684.09,0
1746207275,5684.04,5684.29,5684.04,5684.27,0
1746207280,5684.31,5684.31,5684.19,5684.19,0
1746207285,5684.2,5684.29,5684.19,5684.29,0
1746207290,5684.24,5684.24,5683.96,5683.96,0
1746207295,5683.89,5683.89,5683.62,5683.62,0
1746207300,5683.66,5683.88,5683.66,5683.88,0
1746207305,5683.6,5683.6,5683.39,5683.39,0
1746207310,5683.54,5683.92,5683.54,5683.9,0
1746207315,5683.99,5684.3,5683.99,5684.23,0
1746207320,5684.17,5684.42,5684.17,5684.19,0
1746207325,5684.18,5684.53,5684.18,5684.48,0
1746207330,5683.72,5683.72,5683.02,5683.11,0
1746207335,5683.18,5683.18,5682.96,5683.15,0
1746207340,5683.39,5683.88,5683.39,5683.88,0
1746207345,5683.92,5684.46,5683.92,5684.44,0
1746207350,5684.54,5685.03,5684.54,5685.03,0
1746207355,5685.06,5685.1,5684.97,5684.97,0
1746207360,5684.9,5684.95,5684.77,5684.77,0
1746207365,5684.56,5684.63,5684.56,5684.63,0
1746207370,5684.74,5684.74,5684.64,5684.69,0
1746207375,5684.58,5684.71,5684.58,5684.63,0
1746207380,5684.69,5684.79,5684.69,5684.77,0
1746207385,5684.68,5684.68,5683.82,5684.01,0
1746207390,5683.89,5683.94,5683.83,5683.94,0
1746207395,5683.89,5683.89,5683.79,5683.83,0
1746207400,5683.95,5684.76,5683.95,5684.76,0
1746207405,5684.75,5685.11,5684.75,5685.11,0
1746207410,5685.26,5685.75,5685.26,5685.75,0
1746207415,5686.12,5686.7,5686.12,5686.7,0
1746207420,5687.03,5687.35,5687.03,5687.35,0
1746207425,5687.49,5687.49,5687.27,5687.27,0
1746207430,5687.09,5687.09,5686.62,5686.74,0
1746207435,5686.61,5686.61,5686.56,5686.56,0
1746207440,5686.66,5686.66,5686.4,5686.5,0
1746207445,5686.39,5686.73,5686.39,5686.73,0
1746207450,5686.76,5687.11,5686.76,5687.11,0
1746207455,5687.07,5687.08,5686.95,5686.95,0
1746207460,5686.89,5686.97,5686.85,5686.97,0
1746207465,5686.96,5686.96,5686.89,5686.95,0
1746207470,5686.88,5686.89,5686.81,5686.89,0
1746207475,5686.9,5686.92,5686.8,5686.91,0
1746207480,5686.95,5687.02,5686.93,5686.93,0
1746207485,5686.82,5686.82,5686.73,5686.82,0
1746207490,5686.86,5686.91,5686.78,5686.78,0
1746207495,5686.76,5686.76,5686.71,5686.73,0
1746207500,5686.39,5686.39,5686.22,5686.25,0
1746207505,5686.21,5686.22,5686.14,5686.14,0
1746207510,5685.9,5685.9,5685.55,5685.55,0
1746207515,5685.48,5685.49,5685.44,5685.44,0
1746207520,5685.43,5686.11,5685.43,5686.11,0
1746207525,5686.2,5686.38,5686.19,5686.38,0
1746207530,5686.48,5686.65,5686.48,5686.65,0
1746207535,5686.71,5686.98,5686.71,5686.97,0
1746207540,5687.0,5687.04,5686.91,5687.04,0
1746207545,5687.11,5687.17,5687.1,5687.17,0
1746207550,5687.24,5687.26,5687.11,5687.14,0
1746207555,5687.18,5687.32,5687.18,5687.32,0
1746207560,5687.59,5687.68,5687.59,5687.6,0
1746207565,5687.47,5687.49,5687.42,5687.44,0
1746207570,5687.51,5687.73,5687.51,5687.71,0
1746207575,5687.43,5687.43,5687.28,5687.38,0
1746207580,5687.32,5687.36,5687.16,5687.36,0
1746207585,5687.66,5687.66,5687.56,5687.65,0
1746207590,5687.47,5687.62,5687.47,5687.62,0
1746207595,5687.74,5687.81,5687.74,5687.8,0
1746207600,5687.83,5687.9,5687.58,5687.58,0
1746207605,5687.42,5687.42,5686.92,5686.92,0
1746207610,5686.89,5686.89,5686.73,5686.73,0
1746207615,5686.89,5686.89,5686.7,5686.75,0
1746207620,5686.77,5686.77,5686.3,5686.37,0
1746207625,5686.47,5686.47,5686.17,5686.17,0
1746207630,5686.16,5686.16,5685.25,5685.25,0
1746207635,5685.14,5685.23,5685.08,5685.08,0
1746207640,5684.9,5685.35,5684.9,5685.35,0
1746207645,5685.4,5685.4,5684.74,5684.86,0
1746207650,5684.82,5685.13,5684.82,5684.92,0
1746207655,5684.83,5684.88,5684.78,5684.85,0
1746207660,5684.78,5685.1,5684.78,5685.1,0
1746207665,5685.04,5685.11,5685.04,5685.08,0
1746207670,5684.97,5685.05,5684.93,5685.05,0
1746207675,5685.08,5685.17,5685.05,5685.17,0
1746207680,5685.19,5685.45,5685.19,5685.38,0
1746207685,5685.46,5685.7,5685.38,5685.7,0
1746207690,5685.64,5685.67,5685.54,5685.62,0
1746207695,5685.57,5685.6,5685.5,5685.6,0
1746207700,5685.59,5686.31,5685.59,5686.31,0
1746207705,5686.4,5686.96,5686.4,5686.96,0
1746207710,5686.87,5687.1,5686.87,5687.04,0
1746207715,5687.09,5687.29,5687.05,5687.25,0
1746207720,5687.16,5687.58,5687.16,5687.3,0
1746207725,5687.16,5687.32,5687.01,5687.32,0
1746207730,5687.36,5687.51,5687.34,5687.38,0
1746207735,5687.34,5687.34,5687.1,5687.15,0
1746207740,5687.09,5687.09,5687.01,5687.01,0
1746207745,5686.68,5686.77,5686.68,5686.77,0
1746207750,5686.73,5686.84,5686.67,5686.84,0
1746207755,5686.79,5687.36,5686.72,5687.36,0
1746207760,5687.4,5687.8,5687.4,5687.7,0
1746207765,5687.69,5687.69,5687.56,5687.57,0
1746207770,5687.59,5687.67,5687.52,5687.67,0
1746207775,5687.62,5687.66,5687.54,5687.66,0
1746207780,5687.68,5687.87,5687.68,5687.81,0
1746207785,5687.86,5687.86,5687.56,5687.58,0
1746207790,5687.53,5687.54,5687.41,5687.46,0
1746207795,5687.72,5687.72,5687.58,5687.63,0
1746207800,5687.64,5688.32,5687.64,5688.32,0
1746207805,5688.27,5688.27,5687.49,5687.49,0
1746207810,5687.53,5687.54,5687.49,5687.54,0
1746207815,5687.61,5687.77,5687.61,5687.77,0
1746207820,5687.7,5687.7,5687.6,5687.6,0
1746207825,5687.53,5687.73,5687.53,5687.71,0
1746207830,5687.58,5687.63,5687.58,5687.6,0
1746207835,5687.69,5687.87,5687.69,5687.87,0
1746207840,5687.96,5688.03,5687.96,5687.99,0
1746207845,5687.98,5688.15,5687.98,5688.15,0
1746207850,5688.18,5688.5,5688.18,5688.5,0
1746207855,5688.15,5688.15,5688.05,5688.08,0
1746207860,5688.23,5688.8,5688.16,5688.8,0
1746207865,5688.76,5689.01,5688.75,5688.96,0
1746207870,5688.99,5689.16,5688.99,5689.04,0
1746207875,5689.1,5689.16,5689.04,5689.16,0
1746207880,5689.49,5689.49,5689.18,5689.27,0
1746207885,5689.15,5689.28,5689.15,5689.18,0
1746207890,5689.22,5689.22,5689.14,5689.17,0
1746207895,5689.12,5689.16,5689.06,5689.13,0
1746207900,5689.11,5689.17,5689.05,5689.1,0
1746207905,5689.19,5689.34,5689.19,5689.27,0
1746207910,5689.08,5689.16,5689.06,5689.16,0
1746207915,5689.27,5689.81,5689.27,5689.81,0
1746207920,5689.78,5690.58,5689.77,5690.58,0
1746207925,5690.4,5690.52,5690.36,5690.52,0
1746207930,5690.51,5690.51,5690.27,5690.27,0
1746207935,5690.41,5690.84,5690.41,5690.84,0
1746207940,5690.8,5690.8,5690.54,5690.54,0
1746207945,5690.5,5690.5,5690.23,5690.23,0
1746207950,5690.01,5690.17,5690.01,5690.04,0
1746207955,5690.03,5690.08,5689.95,5690.04,0
1746207960,5690.05,5690.39,5690.05,5690.12,0
1746207965,5689.96,5689.96,5689.52,5689.57,0
1746207970,5689.64,5689.89,5689.49,5689.86,0
1746207975,5689.99,5690.65,5689.99,5690.65,0
1746207980,5690.56,5690.73,5690.54,5690.64,0
1746207985,5690.8,5690.87,5690.43,5690.43,0
1746207990,5690.11,5690.15,5690.03,5690.15,0
1746207995,5690.18,5690.53,5690.18,5690.5,0
1746208000,5690.6,5690.77,5690.6,5690.75,0
1746208005,5690.98,5691.24,5690.94,5691.24,0
1746208010,5691.23,5691.4,5691.23,5691.34,0
1746208015,5691.31,5692.29,5691.31,5692.29,0
1746208020,5692.42,5692.42,5691.66,5691.66,0
1746208025,5691.61,5691.61,5691.16,5691.36,0
1746208030,5692.16,5692.16,5691.96,5692.12,0
1746208035,5692.23,5692.36,5692.23,5692.36,0
1746208040,5692.32,5692.48,5692.32,5692.48,0
1746208045,5692.42,5693.01,5692.42,5692.92,0
1746208050,5693.12,5693.15,5693.02,5693.02,0
1746208055,5692.89,5692.89,5692.76,5692.76,0
1746208060,5692.77,5692.9,5692.77,5692.81,0
1746208065,5692.86,5692.86,5692.76,5692.8,0
1746208070,5692.83,5692.99,5692.64,5692.64,0
1746208075,5692.59,5692.59,5692.41,5692.45,0
1746208080,5692.46,5692.5,5692.42,5692.5,0
1746208085,5692.47,5692.52,5692.46,5692.48,0
1746208090,5692.62,5692.62,5692.53,5692.57,0
1746208095,5692.38,5692.47,5692.31,5692.47,0
1746208100,5692.26,5692.26,5691.86,5691.86,0
1746208105,5691.89,5691.94,5691.83,5691.84,0
1746208110,5691.69,5691.69,5691.1,5691.12,0
1746208115,5691.18,5691.18,5691.09,5691.09,0
1746208120,5691.23,5691.23,5690.98,5690.98,0
1746208125,5690.84,5690.84,5690.54,5690.54,0
1746208130,5690.52,5690.52,5689.8,5689.8,0
1746208135,5689.67,5689.67,5689.26,5689.26,0
1746208140,5689.28,5689.31,5689.08,5689.31,0
1746208145,5689.34,5689.34,5688.68,5688.68,0
1746208150,5688.69,5689.34,5688.69,5689.34,0
1746208155,5689.41,5689.65,5689.41,5689.65,0
1746208160,5689.54,5689.57,5689.22,5689.22,0
1746208165,5689.07,5689.16,5689.02,5689.16,0
1746208170,5689.25,5689.25,5689.06,5689.21,0
1746208175,5689.15,5689.23,5689.13,5689.22,0
1746208180,5689.32,5689.37,5689.01,5689.14,0
1746208185,5689.27,5689.27,5688.72,5688.72,0
1746208190,5688.78,5688.78,5688.37,5688.37,0
1746208195,5688.44,5688.44,5688.27,5688.37,0
1746208200,5688.36,5688.38,5688.28,5688.28,0
1746208205,5688.26,5688.26,5688.1,5688.11,0
1746208210,5688.13,5688.74,5688.13,5688.68,0
1746208215,5689.28,5689.45,5689.18,5689.45,0
1746208220,5689.47,5689.72,5689.47,5689.72,0
1746208225,5689.67,5689.8,5689.67,5689.75,0
1746208230,5689.86,5689.99,5689.86,5689.87,0
1746208235,5689.98,5689.98,5689.68,5689.68,0
1746208240,5689.6,5689.67,5689.53,5689.53,0
1746208245,5689.38,5689.38,5688.06,5688.06,0
1746208250,5687.93,5687.93,5687.35,5687.35,0
1746208255,5686.99,5686.99,5686.45,5686.45,0
1746208260,5686.38,5686.43,5686.02,5686.43,0
1746208265,5686.65,5686.86,5686.65,5686.86,0
1746208270,5686.88,5687.47,5686.88,5687.47,0
1746208275,5687.42,5688.25,5687.42,5688.25,0
1746208280,5688.42,5688.79,5688.42,5688.68,0
1746208285,5688.63,5688.84,5688.63,5688.84,0
1746208290,5689.04,5689.45,5689.02,5689.36,0
1746208295,5689.39,5689.39,5689.12,5689.12,0
1746208300,5688.78,5688.78,5688.5,5688.59,0
1746208305,5688.55,5688.55,5688.15,5688.15,0
1746208310,5688.08,5688.12,5687.72,5687.72,0
1746208315,5687.66,5687.69,5687.6,5687.67,0
1746208320,5687.57,5688.1,5687.57,5688.08,0
1746208325,5688.21,5688.21,5688.13,5688.15,0
1746208330,5688.13,5688.13,5687.98,5687.98,0
1746208335,5688.06,5688.19,5688.03,5688.03,0
1746208340,5687.99,5688.14,5687.93,5688.14,0
1746208345,5688.24,5688.28,5688.24,5688.27,0
1746208350,5688.44,5688.44,5688.25,5688.26,0
1746208355,5688.29,5688.29,5688.07,5688.11,0
1746208360,5688.23,5688.62,5688.23,5688.6,0
1746208365,5688.56,5688.65,5688.56,5688.65,0
1746208370,5688.67,5688.67,5688.54,5688.6,0
1746208375,5688.56,5688.56,5688.25,5688.25,0
1746208380,5688.3,5688.6,5688.3,5688.58,0
1746208385,5688.64,5688.7,5688.6,5688.6,0
1746208390,5688.91,5689.29,5688.91,5689.21,0
1746208395,5689.22,5689.79,5689.22,5689.79,0
1746208400,5689.7,5689.93,5689.66,5689.93,0
1746208405,5690.4,5690.8,5690.4,5690.8,0
1746208410,5690.81,5691.16,5690.81,5691.11,0
1746208415,5691.15,5691.34,5691.15,5691.32,0
1746208420,5691.31,5691.31,5691.22,5691.27,0
1746208425,5691.25,5691.25,5691.18,5691.19,0
1746208430,5691.13,5691.17,5691.08,5691.17,0
1746208435,5691.3,5691.33,5691.25,5691.3,0
1746208440,5691.14,5691.14,5690.97,5691.07,0
1746208445,5690.99,5691.01,5690.81,5690.81,0
1746208450,5690.57,5690.57,5690.37,5690.56,0
1746208455,5690.62,5690.77,5690.62,5690.64,0
1746208460,5690.45,5690.45,5690.15,5690.16,0
1746208465,5690.13,5690.13,5689.96,5689.99,0
1746208470,5690.01,5690.02,5689.96,5690.01,0
1746208475,5690.17,5690.23,5690.08,5690.23,0
1746208480,5690.39,5690.75,5690.39,5690.75,0
1746208485,5690.82,5690.84,5690.67,5690.67,0
1746208490,5690.72,5690.76,5690.7,5690.72,0
1746208495,5690.65,5690.65,5690.56,5690.58,0
1746208500,5690.61,5690.7,5690.61,5690.7,0
1746208505,5690.52,5690.53,5690.41,5690.41,0
1746208510,5690.27,5690.27,5689.72,5689.73,0
1746208515,5689.68,5689.73,5689.59,5689.73,0
1746208520,5689.67,5689.67,5689.55,5689.65,0
1746208525,5689.71,5689.79,5689.71,5689.79,0
1746208530,5689.88,5690.14,5689.88,5690.12,0
1746208535,5690.16,5690.16,5689.99,5689.99,0
1746208540,5689.61,5689.61,5689.32,5689.32,0
1746208545,5689.25,5689.25,5688.9,5688.9,0
1746208550,5688.91,5688.92,5688.77,5688.77,0
1746208555,5688.75,5688.84,5688.75,5688.77,0
1746208560,5688.69,5689.18,5688.69,5689.18,0
1746208565,5689.16,5689.31,5689.13,5689.31,0
1746208570,5689.38,5689.38,5689.04,5689.12,0
1746208575,5689.08,5689.09,5689.02,5689.08,0
1746208580,5689.16,5689.86,5689.16,5689.86,0
1746208585,5689.9,5689.92,5689.74,5689.74,0
1746208590,5689.72,5689.73,5689.51,5689.52,0
1746208595,5689.46,5689.46,5689.28,5689.36,0
1746208600,5689.29,5689.29,5688.97,5688.98,0
1746208605,5688.94,5689.16,5688.75,5689.16,0
1746208610,5689.21,5689.56,5689.21,5689.23,0
1746208615,5689.18,5689.2,5689.03,5689.05,0
1746208620,5689.06,5689.53,5689.06,5689.53,0
1746208625,5689.72,5689.73,5689.63,5689.63,0
1746208630,5689.7,5689.75,5689.64,5689.71,0
1746208635,5689.69,5689.71,5689.63,5689.63,0
1746208640,5689.62,5689.73,5689.57,5689.73,0
1746208645,5689.88,5689.96,5689.88,5689.96,0
1746208650,5689.98,5690.08,5689.98,5689.99,0
1746208655,5690.0,5690.02,5689.88,5690.01,0
1746208660,5690.05,5690.14,5689.91,5689.91,0
1746208665,5689.9,5690.08,5689.86,5690.06,0
1746208670,5689.94,5689.96,5689.85,5689.85,0
1746208675,5689.83,5689.91,5689.81,5689.91,0
1746208680,5689.94,5690.04,5689.92,5689.99,0
1746208685,5689.93,5689.93,5689.54,5689.54,0
1746208690,5689.46,5689.57,5689.46,5689.56,0
1746208695,5689.96,5689.96,5689.72,5689.73,0
1746208700,5689.74,5689.76,5689.67,5689.76,0
1746208705,5689.9,5689.98,5689.75,5689.75,0
1746208710,5689.68,5689.68,5689.36,5689.37,0
1746208715,5689.34,5689.88,5689.32,5689.88,0
1746208720,5689.96,5690.04,5689.91,5689.91,0
1746208725,5689.95,5689.95,5689.84,5689.88,0
1746208730,5689.87,5689.87,5689.69,5689.72,0
1746208735,5689.65,5689.7,5689.58,5689.66,0
1746208740,5689.39,5689.42,5689.39,5689.42,0
1746208745,5689.41,5689.41,5689.26,5689.26,0
1746208750,5689.25,5689.42,5689.25,5689.42,0
1746208755,5689.78,5689.78,5689.51,5689.51,0
1746208760,5689.44,5689.55,5689.44,5689.54,0
1746208765,5689.53,5689.68,5689.53,5689.59,0
1746208770,5689.53,5689.61,5689.53,5689.59,0
1746208775,5689.54,5689.83,5689.54,5689.83,0
1746208780,5689.76,5689.76,5689.63,5689.64,0
1746208785,5689.72,5689.73,5689.66,5689.66,0
1746208790,5689.7,5689.71,5689.67,5689.68,0
1746208795,5689.6,5689.73,5689.6,5689.73,0
1746208800,5689.75,5689.75,5689.44,5689.44,0
1746208805,5689.19,5689.9,5689.19,5689.76,0
1746208810,5689.62,5689.74,5689.62,5689.63,0
1746208815,5689.81,5689.94,5689.81,5689.9,0
1746208820,5689.94,5690.45,5689.94,5690.45,0
1746208825,5690.52,5690.52,5690.34,5690.34,0
1746208830,5690.41,5691.05,5690.41,5691.05,0
1746208835,5691.27,5691.59,5691.27,5691.59,0
1746208840,5691.81,5692.09,5691.81,5692.09,0
1746208845,5692.14,5692.44,5692.14,5692.39,0
1746208850,5692.35,5692.51,5692.35,5692.47,0
1746208855,5692.48,5692.48,5692.26,5692.26,0
1746208860,5692.35,5692.35,5692.26,5692.26,0
1746208865,5692.42,5692.77,5692.42,5692.69,0
1746208870,5692.67,5692.7,5692.0,5692.0,0
1746208875,5691.93,5691.93,5691.71,5691.71,0
1746208880,5691.68,5691.92,5691.68,5691.92,0
1746208885,5691.79,5691.79,5691.75,5691.78,0
1746208890,5691.81,5691.81,5691.68,5691.68,0
1746208895,5691.64,5691.77,5691.62,5691.77,0
1746208900,5691.76,5691.76,5691.66,5691.66,0
1746208905,5691.71,5691.76,5691.7,5691.72,0
1746208910,5691.62,5691.68,5691.62,5691.68,0
1746208915,5691.7,5691.7,5691.55,5691.55,0
1746208920,5691.32,5691.51,5691.26,5691.51,0
1746208925,5691.63,5691.87,5691.63,5691.87,0
1746208930,5691.95,5692.42,5691.95,5692.42,0
1746208935,5692.37,5692.4,5692.33,5692.33,0
1746208940,5692.34,5692.34,5692.13,5692.13,0
1746208945,5692.15,5692.32,5692.11,5692.29,0
1746208950,5692.25,5692.25,5691.56,5691.59,0
1746208955,5691.72,5691.77,5691.25,5691.25,0
1746208960,5691.24,5691.55,5691.24,5691.55,0
1746208965,5691.59,5691.65,5691.53,5691.61,0
1746208970,5691.65,5691.82,5691.65,5691.82,0
1746208975,5691.8,5691.8,5691.65,5691.75,0
1746208980,5691.6,5691.67,5691.6,5691.67,0
1746208985,5691.77,5692.12,5691.77,5692.09,0
1746208990,5692.16,5692.24,5692.16,5692.2,0
1746208995,5692.19,5692.23,5692.18,5692.18,0
1746209000,5692.23,5692.35,5692.23,5692.35,0
1746209005,5692.42,5692.6,5692.42,5692.6,0
1746209010,5692.61,5692.61,5692.43,5692.43,0
1746209015,5692.48,5692.48,5692.22,5692.22,0
1746209020,5692.36,5692.45,5692.3,5692.45,0
1746209025,5692.54,5692.62,5692.52,5692.62,0
1746209030,5692.67,5692.71,5692.67,5692.7,0
1746209035,5692.61,5692.71,5692.61,5692.66,0
1746209040,5692.64,5692.74,5692.58,5692.74,0
1746209045,5692.77,5692.77,5692.5,5692.62,0
1746209050,5692.67,5692.7,5692.61,5692.64,0
1746209055,5692.65,5692.77,5692.59,5692.77,0
1746209060,5693.13,5693.33,5693.13,5693.27,0
1746209065,5693.24,5693.24,5693.18,5693.18,0
1746209070,5693.23,5693.23,5692.98,5693.0,0
1746209075,5693.01,5693.01,5692.91,5692.94,0
1746209080,5692.98,5693.05,5692.95,5693.02,0
1746209085,5693.0,5693.16,5693.0,5693.14,0
1746209090,5693.28,5693.49,5693.28,5693.46,0
1746209095,5693.49,5693.49,5693.27,5693.42,0
1746209100,5693.45,5693.45,5693.39,5693.44,0
1746209105,5693.41,5693.41,5693.18,5693.29,0
1746209110,5693.48,5693.48,5693.36,5693.36,0
1746209115,5693.43,5693.55,5693.43,5693.54,0
1746209120,5693.56,5693.66,5693.4,5693.4,0
1746209125,5693.43,5693.59,5693.27,5693.59,0
1746209130,5693.61,5693.7,5693.61,5693.7,0
1746209135,5693.72,5693.85,5693.69,5693.85,0
1746209140,5693.88,5694.04,5693.82,5694.04,0
1746209145,5694.06,5694.3,5694.06,5694.3,0
1746209150,5694.38,5694.55,5694.38,5694.53,0
1746209155,5694.74,5694.78,5694.65,5694.65,0
1746209160,5694.74,5694.92,5694.66,5694.92,0
1746209165,5694.75,5694.75,5694.44,5694.44,0
1746209170,5694.52,5694.58,5694.52,5694.58,0
1746209175,5694.63,5694.77,5694.59,5694.77,0
1746209180,5694.76,5694.76,5694.54,5694.63,0
1746209185,5694.61,5694.63,5694.53,5694.53,0
1746209190,5694.55,5694.63,5694.55,5694.63,0
1746209195,5694.66,5694.83,5694.57,5694.81,0
1746209200,5694.86,5694.96,5694.86,5694.91,0
1746209205,5695.05,5695.19,5695.05,5695.19,0
1746209210,5695.21,5695.22,5695.05,5695.05,0
1746209215,5695.01,5695.12,5695.0,5695.12,0
1746209220,5695.07,5695.07,5694.82,5694.82,0
1746209225,5694.77,5694.79,5694.73,5694.75,0
1746209230,5694.74,5694.75,5694.61,5694.61,0
1746209235,5694.25,5694.25,5694.07,5694.07,0
1746209240,5693.98,5694.18,5693.98,5694.11,0
1746209245,5694.09,5694.12,5693.91,5694.12,0
1746209250,5694.08,5694.11,5694.08,5694.09,0
1746209255,5694.2,5694.24,5694.09,5694.09,0
1746209260,5694.13,5694.13,5693.7,5693.83,0
1746209265,5693.8,5694.03,5693.72,5693.72,0
1746209270,5693.71,5693.96,5693.71,5693.95,0
1746209275,5694.02,5694.02,5693.9,5693.97,0
1746209280,5693.94,5694.21,5693.94,5694.08,0
1746209285,5694.05,5694.05,5693.71,5693.71,0
1746209290,5693.67,5693.88,5693.67,5693.88,0
1746209295,5693.79,5693.8,5693.68,5693.7,0
1746209300,5693.83,5694.18,5693.83,5694.17,0
1746209305,5694.2,5694.2,5694.16,5694.16,0
1746209310,5694.15,5694.15,5694.09,5694.09,0
1746209315,5694.11,5694.11,5694.02,5694.02,0
1746209320,5694.0,5694.05,5693.96,5694.05,0
1746209325,5694.19,5694.26,5694.17,5694.21,0
1746209330,5694.09,5694.09,5694.0,5694.04,0
1746209335,5693.98,5694.0,5693.82,5693.85,0
1746209340,5693.82,5693.86,5693.77,5693.86,0
1746209345,5693.91,5693.95,5693.88,5693.93,0
1746209350,5693.89,5693.96,5693.89,5693.91,0
1746209355,5693.87,5693.87,5693.76,5693.79,0
1746209360,5693.71,5693.72,5693.64,5693.64,0
1746209365,5693.65,5693.71,5693.64,5693.7,0
1746209370,5693.64,5693.78,5693.61,5693.76,0
1746209375,5693.66,5693.66,5693.42,5693.42,0
1746209380,5693.4,5693.86,5693.4,5693.83,0
1746209385,5693.81,5694.21,5693.81,5694.17,0
1746209390,5694.19,5694.38,5694.06,5694.19,0
1746209395,5694.22,5694.22,5694.08,5694.12,0
1746209400,5694.07,5694.07,5693.9,5693.92,0
1746209405,5693.89,5693.93,5693.79,5693.79,0
1746209410,5693.72,5693.97,5693.66,5693.97,0
1746209415,5693.96,5693.96,5693.72,5693.81,0
1746209420,5693.78,5693.8,5693.56,5693.56,0
1746209425,5693.52,5693.68,5693.46,5693.68,0
1746209430,5693.7,5693.88,5693.7,5693.77,0
1746209435,5693.81,5693.81,5693.63,5693.7,0
1746209440,5693.78,5694.12,5693.78,5694.12,0
1746209445,5694.1,5694.95,5694.06,5694.95,0
1746209450,5695.15,5695.22,5695.14,5695.14,0
1746209455,5695.25,5695.29,5695.17,5695.29,0
1746209460,5695.17,5695.22,5695.12,5695.22,0
1746209465,5695.28,5695.39,5695.18,5695.18,0
1746209470,5695.26,5695.36,5695.24,5695.36,0
1746209475,5695.42,5695.68,5695.36,5695.68,0
1746209480,5695.86,5696.11,5695.86,5696.03,0
1746209485,5696.07,5696.07,5695.84,5695.84,0
1746209490,5695.93,5696.2,5695.93,5696.2,0
1746209495,5696.17,5696.47,5696.17,5696.47,0
1746209500,5696.46,5696.46,5696.35,5696.41,0
1746209505,5696.42,5696.43,5696.23,5696.23,0
1746209510,5695.96,5695.96,5695.83,5695.85,0
1746209515,5695.91,5696.16,5695.91,5696.16,0
1746209520,5696.15,5696.4,5696.15,5696.4,0
1746209525,5696.29,5696.32,5696.26,5696.28,0
1746209530,5696.34,5696.53,5696.34,5696.51,0
1746209535,5696.47,5696.47,5696.27,5696.27,0
1746209540,5696.42,5696.42,5696.1,5696.1,0
1746209545,5695.83,5695.87,5695.7,5695.7,0
1746209550,5695.76,5695.79,5695.73,5695.75,0
1746209555,5695.73,5695.73,5695.64,5695.64,0
1746209560,5695.6,5695.61,5695.49,5695.56,0
1746209565,5695.5,5695.61,5695.44,5695.61,0
1746209570,5695.6,5695.64,5695.56,5695.64,0
1746209575,5695.53,5695.53,5695.44,5695.52,0
1746209580,5695.6,5695.6,5695.57,5695.57,0
1746209585,5695.59,5695.62,5695.51,5695.51,0
1746209590,5695.37,5695.47,5695.31,5695.47,0
1746209595,5695.49,5695.64,5695.48,5695.62,0
1746209600,5695.56,5695.71,5695.54,5695.71,0
1746209605,5695.7,5695.7,5695.31,5695.31,0
1746209610,5695.37,5695.4,5695.32,5695.4,0
1746209615,5695.32,5695.35,5695.22,5695.31,0
1746209620,5695.27,5695.36,5694.92,5694.92,0
1746209625,5694.99,5695.08,5694.96,5695.02,0
1746209630,5695.01,5695.24,5695.01,5695.24,0
1746209635,5695.14,5695.14,5695.02,5695.07,0
1746209640,5695.11,5695.23,5695.05,5695.23,0
1746209645,5695.29,5695.29,5695.2,5695.27,0
1746209650,5695.19,5695.43,5695.19,5695.43,0
1746209655,5695.76,5696.05,5695.76,5696.05,0
1746209660,5696.09,5696.19,5696.09,5696.14,0
1746209665,5696.2,5696.2,5695.98,5695.98,0
1746209670,5696.0,5696.09,5695.99,5696.09,0
1746209675,5696.04,5696.04,5695.7,5695.74,0
1746209680,5695.76,5695.76,5695.37,5695.37,0
1746209685,5695.39,5695.39,5695.2,5695.2,0
1746209690,5695.21,5695.21,5695.06,5695.06,0
1746209695,5695.58,5695.58,5695.43,5695.44,0
1746209700,5695.48,5695.48,5695.33,5695.33,0
1746209705,5695.31,5695.31,5695.17,5695.17,0
1746209710,5695.13,5695.16,5695.13,5695.15,0
1746209715,5695.1,5695.12,5694.96,5694.96,0
1746209720,5694.8,5694.8,5694.35,5694.35,0
1746209725,5694.37,5694.4,5694.33,5694.37,0
1746209730,5694.33,5694.57,5694.33,5694.53,0
1746209735,5694.55,5694.55,5694.17,5694.19,0
1746209740,5694.17,5694.33,5694.17,5694.32,0
1746209745,5694.43,5694.45,5694.4,5694.4,0
1746209750,5694.38,5695.42,5694.38,5695.42,0
1746209755,5695.34,5695.45,5695.34,5695.45,0
1746209760,5695.27,5695.33,5695.24,5695.33,0
1746209765,5695.54,5695.54,5695.36,5695.36,0
1746209770,5695.25,5695.32,5695.18,5695.18,0
1746209775,5695.29,5695.32,5695.26,5695.31,0
1746209780,5695.26,5695.26,5695.05,5695.17,0
1746209785,5695.08,5695.1,5695.05,5695.09,0
1746209790,5695.13,5695.24,5695.13,5695.17,0
1746209795,5695.16,5695.16,5695.11,5695.14,0
1746209800,5695.3,5695.33,5695.21,5695.21,0
1746209805,5695.22,5695.22,5695.11,5695.19,0
1746209810,5695.2,5695.42,5695.2,5695.42,0
1746209815,5695.41,5695.6,5695.41,5695.6,0
1746209820,5695.53,5695.53,5695.37,5695.44,0
1746209825,5695.55,5695.77,5695.55,5695.59,0
1746209830,5695.56,5695.84,5695.56,5695.84,0
1746209835,5696.1,5696.29,5696.1,5696.25,0
1746209840,5696.24,5696.24,5695.99,5695.99,0
1746209845,5696.03,5696.03,5695.92,5695.92,0
1746209850,5695.86,5695.86,5695.54,5695.58,0
1746209855,5695.59,5695.85,5695.59,5695.76,0
1746209860,5695.71,5695.74,5695.69,5695.74,0
1746209865,5695.76,5695.82,5695.72,5695.72,0
1746209870,5695.71,5695.71,5695.65,5695.65,0
1746209875,5695.71,5695.75,5695.64,5695.64,0
1746209880,5695.68,5695.7,5695.64,5695.64,0
1746209885,5695.68,5695.76,5695.68,5695.75,0
1746209890,5695.76,5695.76,5695.72,5695.76,0
1746209895,5695.78,5695.9,5695.52,5695.52,0
1746209900,5695.16,5695.16,5694.4,5694.4,0
1746209905,5694.41,5694.72,5694.41,5694.68,0
1746209910,5694.76,5694.92,5694.76,5694.92,0
1746209915,5694.98,5695.09,5694.96,5695.09,0
1746209920,5695.13,5695.56,5695.1,5695.56,0
1746209925,5695.67,5695.69,5695.62,5695.64,0
1746209930,5695.58,5695.82,5695.58,5695.82,0
1746209935,5695.77,5695.82,5695.7,5695.82,0
1746209940,5695.75,5695.78,5695.68,5695.68,0
1746209945,5695.71,5695.8,5695.7,5695.76,0
1746209950,5695.78,5695.78,5695.66,5695.66,0
1746209955,5695.77,5695.81,5695.67,5695.74,0
1746209960,5695.79,5696.01,5695.79,5695.9,0
1746209965,5695.87,5696.14,5695.87,5696.05,0
1746209970,5696.1,5696.11,5695.93,5695.96,0
1746209975,5696.02,5696.02,5695.4,5695.4,0
1746209980,5695.12,5695.12,5694.9,5694.95,0
1746209985,5694.89,5694.89,5694.66,5694.66,0
1746209990,5694.73,5694.81,5694.71,5694.81,0
1746209995,5694.95,5695.05,5694.72,5694.72,0
1746210000,5694.63,5694.76,5694.63,5694.76,0
1746210005,5694.81,5694.82,5694.7,5694.82,0
1746210010,5694.71,5694.71,5694.46,5694.48,0
1746210015,5694.45,5694.61,5694.45,5694.61,0
1746210020,5694.67,5694.77,5694.67,5694.72,0
1746210025,5694.68,5694.86,5694.65,5694.86,0
1746210030,5694.87,5694.87,5694.13,5694.13,0
1746210035,5693.81,5693.81,5693.73,5693.73,0
1746210040,5693.69,5693.96,5693.69,5693.91,0
1746210045,5693.72,5693.72,5693.41,5693.46,0
1746210050,5693.3,5693.3,5693.14,5693.21,0
1746210055,5693.09,5693.14,5693.02,5693.14,0
1746210060,5693.0,5693.0,5692.84,5692.89,0
1746210065,5692.92,5692.96,5692.87,5692.96,0
1746210070,5692.9,5692.9,5692.7,5692.7,0
1746210075,5692.59,5692.74,5692.45,5692.74,0
1746210080,5693.01,5694.0,5693.01,5693.96,0
1746210085,5694.1,5694.49,5694.1,5694.49,0
1746210090,5694.52,5694.88,5694.52,5694.68,0
1746210095,5694.72,5694.72,5694.4,5694.43,0
1746210100,5694.42,5694.6,5694.42,5694.6,0
1746210105,5694.62,5694.69,5694.59,5694.65,0
1746210110,5694.6,5694.76,5694.6,5694.76,0
1746210115,5694.62,5694.64,5694.48,5694.59,0
1746210120,5694.5,5694.54,5694.37,5694.37,0
1746210125,5694.33,5694.43,5694.33,5694.43,0
1746210130,5694.19,5694.19,5693.95,5694.1,0
1746210135,5694.08,5694.28,5694.05,5694.28,0
1746210140,5694.32,5694.55,5694.32,5694.55,0
1746210145,5694.54,5694.68,5694.48,5694.68,0
1746210150,5694.93,5695.06,5694.93,5695.03,0
1746210155,5695.01,5695.07,5694.89,5694.89,0
1746210160,5694.83,5694.83,5694.6,5694.6,0
1746210165,5694.52,5694.52,5693.91,5693.91,0
1746210170,5693.83,5694.71,5693.83,5694.58,0
1746210175,5694.54,5694.57,5694.49,5694.55,0
1746210180,5694.62,5694.62,5694.4,5694.48,0
1746210185,5694.51,5694.57,5694.48,5694.54,0
1746210190,5694.5,5694.52,5694.27,5694.27,0
1746210195,5694.18,5694.2,5694.09,5694.2,0
1746210200,5694.18,5694.66,5694.18,5694.66,0
1746210205,5694.68,5694.68,5694.56,5694.56,0
1746210210,5694.52,5694.67,5694.44,5694.67,0
1746210215,5694.6,5694.6,5694.57,5694.57,0
1746210220,5694.6,5694.6,5694.56,5694.58,0
1746210225,5694.54,5694.54,5694.3,5694.37,0
1746210230,5694.43,5694.58,5694.43,5694.58,0
1746210235,5694.57,5694.57,5694.23,5694.34,0
1746210240,5694.38,5694.41,5694.36,5694.36,0
1746210245,5694.35,5694.35,5694.11,5694.13,0
1746210250,5694.05,5694.07,5694.02,5694.07,0
1746210255,5693.98,5694.03,5693.86,5693.86,0
1746210260,5693.87,5693.87,5693.79,5693.86,0
1746210265,5693.81,5693.83,5693.72,5693.72,0
1746210270,5693.75,5693.75,5693.56,5693.56,0
1746210275,5693.53,5694.31,5693.53,5694.26,0
1746210280,5694.42,5694.78,5694.42,5694.78,0
1746210285,5694.89,5694.97,5694.87,5694.97,0
1746210290,5695.0,5695.22,5694.97,5695.17,0
1746210295,5695.14,5695.14,5694.97,5694.97,0
1746210300,5694.99,5695.03,5694.76,5694.76,0
1746210305,5694.58,5694.61,5694.48,5694.52,0
1746210310,5694.61,5694.65,5694.6,5694.65,0
1746210315,5694.75,5694.9,5694.75,5694.82,0
1746210320,5694.86,5694.86,5694.79,5694.85,0
1746210325,5694.81,5694.81,5694.74,5694.76,0
1746210330,5694.8,5695.05,5694.76,5695.05,0
1746210335,5695.04,5695.04,5694.98,5694.98,0
1746210340,5694.82,5694.88,5694.82,5694.88,0
1746210345,5694.76,5694.83,5694.72,5694.83,0
1746210350,5694.91,5694.96,5694.87,5694.96,0
1746210355,5695.01,5695.08,5694.94,5694.94,0
1746210360,5694.96,5695.03,5694.74,5694.74,0
1746210365,5694.66,5694.7,5694.6,5694.67,0
1746210370,5694.62,5694.63,5694.53,5694.53,0
1746210375,5694.45,5694.79,5694.44,5694.79,0
1746210380,5694.88,5695.07,5694.88,5694.99,0
1746210385,5695.05,5695.13,5695.03,5695.03,0
1746210390,5695.05,5695.12,5695.02,5695.12,0
1746210395,5695.14,5695.14,5694.92,5694.92,0
1746210400,5694.98,5694.98,5694.86,5694.86,0
1746210405,5694.83,5694.84,5694.64,5694.66,0
1746210410,5694.39,5694.39,5694.17,5694.17,0
1746210415,5694.15,5694.2,5694.14,5694.2,0
1746210420,5694.14,5694.22,5694.14,5694.19,0
1746210425,5694.16,5694.42,5694.16,5694.42,0
1746210430,5694.45,5694.75,5694.45,5694.75,0
1746210435,5694.85,5694.85,5694.7,5694.71,0
1746210440,5694.75,5694.89,5694.72,5694.89,0
1746210445,5694.97,5695.31,5694.97,5695.22,0
1746210450,5695.24,5695.4,5695.24,5695.4,0
1746210455,5695.36,5695.36,5695.29,5695.29,0
1746210460,5695.28,5695.28,5694.96,5694.96,0
1746210465,5694.91,5694.91,5694.84,5694.88,0
1746210470,5694.86,5694.87,5694.82,5694.82,0
1746210475,5695.06,5695.24,5695.06,5695.24,0
1746210480,5695.29,5695.41,5695.29,5695.39,0
1746210485,5694.99,5694.99,5694.69,5694.69,0
1746210490,5694.58,5694.58,5694.33,5694.33,0
1746210495,5694.44,5694.51,5694.41,5694.41,0
1746210500,5694.43,5694.64,5694.43,5694.59,0
1746210505,5694.61,5694.64,5694.58,5694.64,0
1746210510,5694.75,5694.8,5694.75,5694.78,0
1746210515,5694.73,5694.83,5694.65,5694.81,0
1746210520,5694.79,5694.92,5694.79,5694.92,0
1746210525,5694.97,5695.07,5694.82,5694.82,0
1746210530,5694.7,5694.75,5694.68,5694.7,0
1746210535,5694.65,5694.75,5694.63,5694.75,0
1746210540,5694.69,5694.69,5694.53,5694.53,0
1746210545,5694.56,5694.76,5694.55,5694.76,0
1746210550,5694.72,5694.94,5694.72,5694.94,0
1746210555,5695.04,5695.16,5695.04,5695.11,0
1746210560,5695.18,5695.27,5695.18,5695.27,0
1746210565,5695.37,5695.4,5695.34,5695.4,0
1746210570,5695.39,5695.39,5695.15,5695.15,0
1746210575,5695.16,5695.2,5695.16,5695.2,0
1746210580,5695.17,5695.17,5694.94,5694.94,0
1746210585,5694.97,5695.0,5694.94,5695.0,0
1746210590,5694.96,5694.97,5694.78,5694.78,0
1746210595,5694.63,5694.63,5694.22,5694.22,0
1746210600,5694.23,5694.34,5694.23,5694.27,0
1746210605,5694.26,5694.78,5694.26,5694.78,0
1746210610,5694.71,5694.71,5694.36,5694.46,0
1746210615,5694.49,5694.66,5694.46,5694.66,0
1746210620,5694.63,5695.36,5694.58,5695.36,0
1746210625,5695.48,5695.58,5695.43,5695.58,0
1746210630,5695.56,5695.67,5695.55,5695.67,0
1746210635,5695.64,5695.68,5695.56,5695.58,0
1746210640,5695.56,5695.56,5695.47,5695.47,0
1746210645,5695.48,5695.48,5695.26,5695.28,0
1746210650,5695.3,5695.3,5695.2,5695.3,0
1746210655,5695.09,5695.35,5695.09,5695.35,0
1746210660,5695.37,5695.37,5695.13,5695.33,0
1746210665,5695.21,5695.21,5694.7,5694.84,0
1746210670,5694.85,5695.15,5694.74,5695.15,0
1746210675,5695.16,5695.28,5695.16,5695.23,0
1746210680,5695.22,5695.22,5695.07,5695.17,0
1746210685,5695.09,5695.33,5695.09,5695.33,0
1746210690,5695.43,5695.54,5695.43,5695.54,0
1746210695,5695.5,5695.5,5695.35,5695.38,0
1746210700,5695.43,5695.75,5695.43,5695.75,0
1746210705,5695.82,5695.95,5695.82,5695.92,0
1746210710,5695.88,5695.88,5695.66,5695.84,0
1746210715,5695.76,5695.81,5695.7,5695.81,0
1746210720,5695.75,5695.89,5695.72,5695.89,0
1746210725,5695.96,5695.96,5695.52,5695.54,0
1746210730,5695.55,5695.96,5695.55,5695.96,0
1746210735,5695.9,5696.05,5695.9,5695.97,0
1746210740,5695.98,5696.0,5695.96,5695.96,0
1746210745,5695.97,5696.13,5695.97,5696.13,0
1746210750,5696.08,5696.09,5695.78,5695.78,0
1746210755,5695.76,5695.76,5695.57,5695.57,0
1746210760,5695.46,5695.46,5695.35,5695.42,0
1746210765,5695.36,5695.36,5695.3,5695.35,0
1746210770,5695.34,5695.42,5695.16,5695.16,0
1746210775,5695.24,5695.52,5695.22,5695.52,0
1746210780,5695.49,5695.65,5695.48,5695.65,0
1746210785,5695.9,5696.27,5695.9,5696.27,0
1746210790,5696.3,5696.44,5696.29,5696.34,0
1746210795,5696.33,5696.46,5696.31,5696.43,0
1746210800,5696.47,5696.5,5696.45,5696.45,0
1746210805,5696.14,5696.18,5695.9,5695.9,0
1746210810,5695.8,5695.8,5695.43,5695.43,0
1746210815,5695.35,5695.59,5695.35,5695.59,0
1746210820,5695.56,5695.66,5695.56,5695.65,0
1746210825,5695.71,5695.82,5695.71,5695.82,0
1746210830,5695.88,5695.96,5695.85,5695.88,0
1746210835,5696.04,5696.05,5696.03,5696.05,0
1746210840,5695.94,5695.94,5695.84,5695.85,0
1746210845,5695.88,5695.91,5695.83,5695.85,0
1746210850,5695.88,5695.88,5695.86,5695.86,0
1746210855,5695.89,5695.96,5695.89,5695.96,0
1746210860,5696.01,5696.11,5696.01,5696.04,0
1746210865,5696.09,5696.24,5696.06,5696.24,0
1746210870,5696.3,5696.32,5696.26,5696.3,0
1746210875,5696.31,5696.5,5696.31,5696.5,0
1746210880,5696.41,5696.71,5696.41,5696.52,0
1746210885,5696.48,5696.48,5696.3,5696.37,0
1746210890,5696.29,5696.32,5696.26,5696.32,0
1746210895,5696.27,5696.61,5696.27,5696.61,0
1746210900,5696.6,5696.6,5696.39,5696.39,0
1746210905,5696.32,5696.35,5696.32,5696.32,0
1746210910,5696.29,5696.34,5696.28,5696.28,0
1746210915,5696.18,5696.18,5696.09,5696.09,0
1746210920,5696.03,5696.11,5695.95,5696.11,0
1746210925,5696.12,5696.24,5696.06,5696.24,0
1746210930,5696.21,5696.21,5696.12,5696.17,0
1746210935,5696.15,5696.49,5696.15,5696.49,0
1746210940,5696.54,5696.58,5696.54,5696.57,0
1746210945,5696.65,5696.65,5696.46,5696.46,0
1746210950,5696.43,5696.43,5696.35,5696.35,0
1746210955,5696.42,5696.42,5696.32,5696.32,0
1746210960,5696.36,5696.42,5696.28,5696.42,0
1746210965,5696.37,5696.43,5696.37,5696.41,0
1746210970,5696.38,5696.49,5696.38,5696.47,0
1746210975,5696.46,5696.57,5696.39,5696.57,0
1746210980,5696.76,5696.94,5696.76,5696.94,0
1746210985,5696.85,5697.59,5696.85,5697.59,0
1746210990,5698.07,5698.9,5698.07,5698.9,0
1746210995,5698.96,5699.42,5698.96,5699.11,0
1746211000,5699.04,5699.35,5699.04,5699.35,0
1746211005,5699.23,5699.31,5699.23,5699.31,0
1746211010,5699.3,5699.59,5699.3,5699.59,0
1746211015,5699.4,5699.56,5699.4,5699.56,0
1746211020,5699.54,5699.54,5699.31,5699.31,0
1746211025,5699.26,5699.26,5699.07,5699.21,0
1746211030,5699.18,5699.2,5698.97,5699.2,0
1746211035,5699.19,5699.38,5699.15,5699.15,0
1746211040,5699.12,5699.15,5699.02,5699.07,0
1746211045,5699.05,5699.81,5699.05,5699.81,0
1746211050,5699.83,5700.24,5699.83,5700.24,0
1746211055,5700.36,5700.64,5700.36,5700.6,0
1746211060,5700.68,5700.68,5700.63,5700.67,0
1746211065,5700.69,5700.69,5700.44,5700.48,0
1746211070,5700.56,5700.56,5700.5,5700.56,0
1746211075,5700.6,5700.68,5700.6,5700.68,0
1746211080,5700.58,5700.68,5700.58,5700.68,0
1746211085,5700.65,5700.7,5700.58,5700.58,0
1746211090,5700.22,5700.22,5699.86,5700.14,0
1746211095,5700.16,5700.22,5700.14,5700.22,0
1746211100,5700.21,5700.44,5700.2,5700.44,0
1746211105,5700.54,5700.54,5700.38,5700.4,0
1746211110,5700.3,5700.55,5700.3,5700.55,0
1746211115,5700.46,5700.46,5700.32,5700.32,0
1746211120,5700.33,5700.38,5700.3,5700.35,0
1746211125,5700.36,5700.36,5700.29,5700.29,0
1746211130,5700.32,5700.34,5700.32,5700.34,0
1746211135,5700.31,5700.47,5700.31,5700.4,0
1746211140,5700.21,5700.4,5700.21,5700.37,0
1746211145,5700.34,5700.34,5700.1,5700.1,0
1746211150,5700.14,5700.18,5700.03,5700.03,0
1746211155,5700.1,5700.12,5700.07,5700.07,0
1746211160,5699.98,5699.99,5699.97,5699.97,0
1746211165,5699.82,5699.84,5699.72,5699.72,0
1746211170,5699.67,5699.71,5699.64,5699.64,0
1746211175,5699.68,5699.68,5699.28,5699.28,0
1746211180,5699.24,5699.24,5698.95,5698.95,0
1746211185,5698.58,5698.68,5698.44,5698.44,0
1746211190,5698.35,5698.56,5698.35,5698.42,0
1746211195,5698.58,5698.69,5698.57,5698.64,0
1746211200,5698.75,5698.83,5698.59,5698.83,0
1746211205,5698.71,5698.77,5698.46,5698.46,0
1746211210,5698.44,5698.44,5698.19,5698.19,0
1746211215,5698.16,5698.2,5698.16,5698.19,0
1746211220,5698.11,5698.16,5698.08,5698.16,0
1746211225,5698.1,5698.13,5697.95,5698.01,0
1746211230,5697.98,5698.05,5697.97,5697.97,0
1746211235,5698.08,5698.66,5698.08,5698.66,0
1746211240,5698.97,5699.2,5698.97,5699.2,0
1746211245,5699.27,5699.39,5698.98,5698.98,0
1746211250,5699.0,5699.08,5698.93,5699.08,0
1746211255,5699.11,5699.11,5698.72,5698.72,0
1746211260,5698.79,5698.88,5698.36,5698.36,0
1746211265,5698.44,5698.44,5698.23,5698.27,0
1746211270,5698.37,5698.49,5698.37,5698.49,0
1746211275,5698.45,5698.67,5698.45,5698.67,0
1746211280,5698.68,5698.79,5698.66,5698.79,0
1746211285,5698.86,5698.99,5698.86,5698.93,0
1746211290,5698.9,5698.91,5698.71,5698.71,0
1746211295,5698.77,5698.77,5698.73,5698.73,0
1746211300,5698.62,5698.68,5698.6,5698.68,0
1746211305,5698.72,5698.72,5698.5,5698.5,0
1746211310,5698.46,5699.01,5698.46,5699.01,0
1746211315,5699.07,5699.15,5699.06,5699.15,0
1746211320,5699.14,5699.15,5699.06,5699.15,0
1746211325,5699.05,5699.05,5698.87,5698.87,0
1746211330,5698.91,5698.91,5698.77,5698.77,0
1746211335,5698.83,5698.83,5698.71,5698.79,0
1746211340,5698.74,5698.74,5698.54,5698.54,0
1746211345,5698.02,5698.02,5697.42,5697.42,0
1746211350,5697.29,5697.29,5696.82,5696.82,0
1746211355,5696.77,5696.77,5696.75,5696.75,0
1746211360,5696.68,5696.99,5696.6,5696.99,0
1746211365,5697.1,5697.11,5696.92,5696.92,0
1746211370,5696.86,5696.86,5696.82,5696.82,0
1746211375,5696.76,5696.8,5696.68,5696.68,0
1746211380,5696.59,5696.71,5696.38,5696.71,0
1746211385,5696.73,5697.01,5696.73,5697.01,0
1746211390,5697.04,5697.43,5697.04,5697.41,0
1746211395,5697.49,5697.77,5697.49,5697.77,0
1746211400,5697.83,5698.09,5697.83,5698.06,0
1746211405,5697.95,5697.95,5697.76,5697.81,0
1746211410,5697.76,5697.76,5697.55,5697.56,0
1746211415,5697.6,5697.68,5697.6,5697.68,0
1746211420,5697.49,5697.49,5697.37,5697.37,0
1746211425,5697.39,5697.44,5697.39,5697.41,0
1746211430,5697.37,5697.47,5697.31,5697.47,0
1746211435,5697.56,5697.58,5697.42,5697.42,0
1746211440,5697.35,5697.43,5697.35,5697.35,0
1746211445,5697.36,5697.48,5697.34,5697.48,0
1746211450,5697.47,5697.47,5697.28,5697.32,0
1746211455,5697.3,5697.36,5697.27,5697.28,0
1746211460,5697.31,5697.56,5697.31,5697.56,0
1746211465,5697.59,5697.7,5697.59,5697.7,0
1746211470,5697.72,5697.84,5697.72,5697.84,0
1746211475,5697.89,5698.17,5697.89,5698.17,0
1746211480,5698.2,5698.2,5698.08,5698.08,0
1746211485,5698.03,5698.18,5698.03,5698.04,0
1746211490,5698.02,5698.02,5697.79,5697.92,0
1746211495,5697.85,5697.85,5697.66,5697.84,0
1746211500,5697.75,5697.85,5697.75,5697.84,0
1746211505,5697.8,5698.06,5697.71,5698.06,0
1746211510,5698.0,5698.0,5697.38,5697.38,0
1746211515,5697.3,5697.3,5697.16,5697.25,0
1746211520,5697.14,5697.17,5697.05,5697.05,0
1746211525,5697.1,5697.1,5696.9,5696.9,0
1746211530,5696.93,5696.95,5696.82,5696.87,0
1746211535,5696.93,5697.16,5696.81,5697.16,0
1746211540,5697.21,5697.29,5697.15,5697.15,0
1746211545,5697.31,5697.33,5697.04,5697.04,0
1746211550,5697.05,5697.15,5697.05,5697.11,0
1746211555,5697.12,5697.12,5696.96,5696.96,0
1746211560,5696.98,5697.14,5696.98,5697.13,0
1746211565,5697.14,5697.18,5697.1,5697.17,0
1746211570,5697.15,5697.33,5697.15,5697.33,0
1746211575,5697.2,5697.38,5697.16,5697.38,0
1746211580,5697.37,5697.37,5697.08,5697.08,0
1746211585,5697.03,5697.24,5697.03,5697.24,0
1746211590,5696.86,5696.86,5696.64,5696.64,0
1746211595,5696.63,5696.74,5696.63,5696.74,0
1746211600,5697.08,5697.08,5696.92,5696.92,0
1746211605,5696.83,5696.88,5696.77,5696.77,0
1746211610,5696.72,5696.72,5696.51,5696.54,0
1746211615,5696.47,5696.63,5696.47,5696.63,0
1746211620,5696.67,5696.79,5696.67,5696.73,0
1746211625,5696.69,5696.69,5696.47,5696.47,0
1746211630,5696.44,5696.44,5696.18,5696.18,0
1746211635,5696.01,5696.01,5695.2,5695.2,0
1746211640,5695.19,5695.19,5694.98,5695.0,0
1746211645,5694.85,5694.85,5694.72,5694.72,0
1746211650,5694.69,5694.69,5694.32,5694.49,0
1746211655,5694.46,5694.46,5693.9,5693.9,0
1746211660,5693.87,5693.87,5693.6,5693.6,0
1746211665,5693.65,5693.65,5693.45,5693.45,0
1746211670,5693.32,5693.33,5693.29,5693.33,0
1746211675,5693.44,5693.56,5693.38,5693.56,0
1746211680,5693.44,5693.48,5693.31,5693.33,0
1746211685,5693.28,5693.28,5692.98,5693.09,0
1746211690,5692.74,5692.82,5692.73,5692.82,0
1746211695,5692.77,5692.77,5692.53,5692.53,0
1746211700,5692.55,5692.55,5691.95,5691.95,0
1746211705,5691.79,5691.79,5691.68,5691.68,0
1746211710,5691.69,5691.69,5691.51,5691.51,0
1746211715,5690.82,5690.97,5690.5,5690.97,0
1746211720,5691.23,5691.24,5691.19,5691.19,0
1746211725,5691.02,5691.09,5690.88,5690.88,0
1746211730,5690.86,5690.86,5690.7,5690.77,0
1746211735,5690.62,5690.62,5690.39,5690.4,0
1746211740,5690.32,5690.32,5689.49,5689.49,0
1746211745,5689.37,5689.37,5688.18,5688.18,0
1746211750,5687.99,5688.1,5687.9,5687.92,0
1746211755,5687.84,5687.84,5687.26,5687.26,0
1746211760,5687.31,5687.7,5687.31,5687.65,0
1746211765,5687.84,5687.84,5687.15,5687.15,0
1746211770,5687.33,5687.33,5687.03,5687.03,0
1746211775,5687.15,5687.16,5686.73,5686.73,0
1746211780,5686.77,5686.77,5686.27,5686.27,0
1746211785,5686.29,5686.33,5686.15,5686.33,0
1746211790,5686.02,5686.02,5685.43,5685.43,0
1746211795,5685.2,5685.36,5685.2,5685.36,0
1746211800,5685.29,5685.82,5685.29,5685.82,0
1746211805,5685.52,5686.32,5685.52,5686.24,0
1746211810,5686.15,5686.15,5685.82,5685.88,0
1746211815,5685.85,5686.66,5685.85,5686.66,0
1746211820,5686.76,5686.76,5686.26,5686.26,0
1746211825,5686.22,5686.22,5685.19,5685.19,0
1746211830,5685.15,5685.15,5684.88,5684.88,0
1746211835,5684.68,5684.68,5683.66,5683.66,0
1746211840,5683.64,5683.74,5683.59,5683.59,0
1746211845,5683.56,5683.56,5682.99,5682.99,0
1746211850,5683.47,5683.59,5683.43,5683.47,0
1746211855,5683.34,5683.34,5683.23,5683.3,0
1746211860,5683.18,5683.64,5683.12,5683.64,0
1746211865,5683.62,5683.97,5683.62,5683.87,0
1746211870,5684.08,5684.14,5684.08,5684.14,0
1746211875,5684.19,5685.05,5684.1,5685.05,0
1746211880,5685.11,5685.56,5685.11,5685.56,0
1746211885,5685.8,5685.8,5685.27,5685.27,0
1746211890,5685.35,5685.49,5685.35,5685.49,0
1746211895,5685.46,5686.09,5685.46,5686.09,0
1746211900,5686.2,5686.56,5686.2,5686.3,0
1746211905,5686.38,5686.7,5686.38,5686.64,0
1746211910,5686.7,5686.7,5686.62,5686.64,0
1746211915,5686.74,5686.75,5685.44,5685.44,0
1746211920,5685.07,5685.07,5684.69,5684.71,0
1746211925,5684.9,5685.15,5684.87,5685.15,0
1746211930,5685.22,5685.79,5685.09,5685.79,0
1746211935,5686.09,5686.33,5686.09,5686.33,0
1746211940,5686.3,5686.31,5686.21,5686.31,0
1746211945,5686.21,5686.24,5686.02,5686.02,0
1746211950,5686.3,5687.08,5686.3,5687.08,0
1746211955,5687.26,5687.72,5687.25,5687.72,0
1746211960,5687.77,5688.13,5687.77,5687.93,0
1746211965,5687.98,5687.98,5687.09,5687.09,0
1746211970,5686.91,5686.91,5686.33,5686.33,0
1746211975,5686.17,5686.28,5686.15,5686.28,0
1746211980,5686.23,5686.23,5686.11,5686.11,0
1746211985,5686.02,5686.09,5686.0,5686.08,0
1746211990,5686.17,5686.68,5686.17,5686.68,0
1746211995,5686.64,5687.9,5686.61,5687.9,0
1746212000,5688.4,5688.51,5688.33,5688.34,0
1746212005,5688.28,5688.28,5688.21,5688.28,0
1746212010,5688.3,5688.3,5688.06,5688.1,0
1746212015,5688.07,5688.21,5688.07,5688.13,0
1746212020,5688.11,5688.11,5687.78,5687.78,0
1746212025,5687.8,5688.07,5687.8,5688.04,0
1746212030,5688.05,5688.34,5687.99,5688.34,0
1746212035,5688.46,5688.55,5688.46,5688.48,0
1746212040,5688.41,5688.9,5688.31,5688.9,0
1746212045,5688.94,5688.94,5688.72,5688.72,0
1746212050,5688.82,5690.17,5688.82,5690.17,0
1746212055,5690.28,5690.44,5690.28,5690.42,0
1746212060,5690.33,5690.35,5690.22,5690.22,0
1746212065,5690.13,5690.37,5690.13,5690.36,0
1746212070,5690.33,5690.42,5690.3,5690.35,0
1746212075,5690.37,5690.51,5690.37,5690.51,0
1746212080,5690.44,5690.51,5690.34,5690.34,0
1746212085,5690.3,5690.51,5690.19,5690.51,0
1746212090,5690.48,5690.48,5690.33,5690.33,0
1746212095,5690.21,5690.23,5690.17,5690.23,0
1746212100,5690.24,5690.24,5690.1,5690.14,0
1746212105,5690.05,5690.05,5689.2,5689.2,0
1746212110,5689.87,5690.05,5689.87,5690.05,0
1746212115,5690.09,5690.09,5690.02,5690.08,0
1746212120,5690.14,5690.14,5689.96,5689.96,0
1746212125,5690.23,5690.23,5689.89,5689.89,0
1746212130,5689.87,5690.15,5689.85,5690.15,0
1746212135,5690.21,5690.54,5690.12,5690.54,0
1746212140,5690.74,5691.29,5690.69,5691.29,0
1746212145,5691.32,5691.57,5691.32,5691.57,0
1746212150,5691.59,5691.64,5691.4,5691.4,0
1746212155,5691.31,5691.31,5690.97,5690.97,0
1746212160,5690.84,5690.84,5690.16,5690.16,0
1746212165,5690.12,5690.12,5689.75,5689.75,0
1746212170,5689.61,5689.61,5689.0,5689.0,0
1746212175,5688.95,5688.95,5688.74,5688.78,0
1746212180,5688.51,5688.69,5688.51,5688.62,0
1746212185,5688.42,5688.42,5687.54,5687.54,0
1746212190,5687.55,5687.61,5687.41,5687.61,0
1746212195,5687.59,5687.63,5687.56,5687.63,0
1746212200,5687.87,5687.92,5687.82,5687.86,0
1746212205,5687.88,5688.36,5687.88,5688.3,0
1746212210,5688.32,5688.88,5688.32,5688.88,0
1746212215,5688.87,5688.95,5688.86,5688.95,0
1746212220,5689.02,5689.11,5689.02,5689.1,0
1746212225,5689.08,5689.17,5689.08,5689.17,0
1746212230,5689.53,5690.11,5689.53,5689.98,0
1746212235,5690.02,5690.06,5689.98,5690.06,0
1746212240,5689.99,5690.62,5689.99,5690.62,0
1746212245,5690.7,5691.28,5690.7,5691.2,0
1746212250,5691.31,5691.62,5691.31,5691.62,0
1746212255,5691.73,5691.87,5691.71,5691.87,0
1746212260,5691.94,5691.99,5691.55,5691.58,0
1746212265,5691.51,5691.51,5691.24,5691.29,0
1746212270,5691.31,5691.45,5691.3,5691.45,0
1746212275,5691.43,5691.47,5691.39,5691.45,0
1746212280,5691.48,5691.51,5691.43,5691.48,0
1746212285,5691.44,5691.44,5691.17,5691.17,0
1746212290,5691.19,5691.2,5691.17,5691.17,0
1746212295,5691.24,5691.24,5690.92,5690.96,0
1746212300,5690.97,5690.98,5690.89,5690.89,0
1746212305,5690.76,5690.76,5690.27,5690.27,0
1746212310,5690.21,5690.21,5690.0,5690.06,0
1746212315,5690.0,5690.0,5689.81,5689.83,0
1746212320,5689.81,5689.81,5689.31,5689.31,0
1746212325,5689.3,5689.3,5688.53,5688.53,0
1746212330,5688.5,5688.5,5688.27,5688.27,0
1746212335,5688.26,5688.3,5688.21,5688.21,0
1746212340,5688.12,5688.45,5688.12,5688.24,0
1746212345,5688.3,5688.3,5688.14,5688.18,0
1746212350,5688.23,5688.44,5688.23,5688.44,0
1746212355,5688.47,5688.51,5688.38,5688.39,0
1746212360,5688.36,5688.36,5687.98,5687.98,0
1746212365,5687.99,5688.02,5687.9,5687.92,0
1746212370,5688.1,5688.37,5688.02,5688.37,0
1746212375,5688.44,5688.44,5688.32,5688.34,0
1746212380,5688.4,5688.53,5688.4,5688.53,0
1746212385,5688.52,5688.52,5688.38,5688.47,0
1746212390,5688.29,5688.29,5687.99,5687.99,0
1746212395,5687.91,5688.12,5687.91,5688.12,0
1746212400,5688.14,5688.14,5687.59,5687.59,0
1746212405,5687.54,5688.24,5687.54,5688.24,0
1746212410,5688.2,5688.48,5688.18,5688.18,0
1746212415,5687.74,5687.74,5687.03,5687.03,0
1746212420,5687.05,5687.06,5687.01,5687.05,0
1746212425,5687.06,5687.09,5686.44,5686.44,0
1746212430,5686.49,5686.61,5686.41,5686.41,0
1746212435,5686.37,5686.37,5685.63,5685.63,0
1746212440,5685.53,5685.53,5684.97,5685.04,0
1746212445,5684.97,5685.07,5684.95,5685.07,0
1746212450,5684.87,5684.92,5684.67,5684.67,0
1746212455,5684.53,5684.72,5684.5,5684.72,0
1746212460,5684.7,5684.7,5683.88,5684.25,0
1746212465,5684.17,5684.17,5683.78,5683.78,0
1746212470,5683.88,5684.15,5683.88,5683.97,0
1746212475,5683.86,5685.52,5683.86,5685.52,0
1746212480,5685.33,5685.36,5685.28,5685.33,0
1746212485,5684.78,5684.78,5684.55,5684.67,0
1746212490,5684.35,5684.51,5684.25,5684.51,0
1746212495,5684.54,5684.54,5684.23,5684.29,0
1746212500,5684.27,5684.27,5684.11,5684.17,0
1746212505,5684.06,5684.59,5684.06,5684.42,0
1746212510,5684.45,5685.27,5684.45,5685.27,0
1746212515,5685.28,5685.62,5685.28,5685.62,0
1746212520,5685.68,5686.06,5685.59,5686.02,0
1746212525,5686.12,5687.08,5686.12,5687.04,0
1746212530,5687.11,5687.11,5686.61,5686.61,0
1746212535,5686.48,5687.21,5686.48,5687.21,0
1746212540,5687.29,5687.43,5687.29,5687.36,0
1746212545,5687.52,5687.52,5687.21,5687.24,0
1746212550,5687.21,5687.21,5687.1,5687.15,0
1746212555,5687.04,5687.04,5686.62,5686.62,0
1746212560,5686.58,5686.58,5686.21,5686.21,0
1746212565,5686.19,5686.65,5686.19,5686.65,0
1746212570,5686.67,5686.67,5686.1,5686.1,0
1746212575,5686.05,5686.27,5686.05,5686.27,0
1746212580,5686.28,5687.27,5686.28,5687.27,0
1746212585,5687.35,5687.35,5687.07,5687.18,0
1746212590,5687.2,5687.32,5687.15,5687.32,0
1746212595,5687.36,5687.36,5687.17,5687.17,0
1746212600,5687.22,5687.22,5686.87,5686.87,0
1746212605,5686.81,5686.85,5686.57,5686.57,0
1746212610,5686.68,5686.68,5686.47,5686.47,0
1746212615,5686.48,5686.51,5686.45,5686.51,0
1746212620,5686.48,5686.8,5686.46,5686.8,0
1746212625,5687.09,5687.1,5687.06,5687.1,0
1746212630,5687.07,5687.07,5686.61,5686.61,0
1746212635,5686.59,5686.59,5686.47,5686.53,0
1746212640,5686.34,5686.97,5686.32,5686.97,0
1746212645,5686.99,5687.0,5686.16,5686.16,0
1746212650,5686.15,5686.15,5685.31,5685.31,0
1746212655,5685.13,5685.13,5684.26,5684.26,0
1746212660,5684.06,5684.37,5684.06,5684.06,0
1746212665,5683.88,5683.88,5683.61,5683.61,0
1746212670,5683.6,5683.6,5683.48,5683.5,0
1746212675,5683.2,5683.2,5682.97,5683.16,0
1746212680,5683.02,5683.07,5683.02,5683.06,0
1746212685,5683.09,5683.12,5683.0,5683.0,0
1746212690,5682.82,5682.9,5682.72,5682.9,0
1746212695,5682.73,5682.8,5682.73,5682.77,0
1746212700,5682.8,5683.22,5682.8,5683.15,0
1746212705,5683.23,5683.23,5681.69,5681.69,0
1746212710,5681.8,5681.8,5680.3,5680.3,0
1746212715,5680.45,5680.45,5679.88,5680.01,0
1746212720,5679.91,5680.6,5679.91,5680.57,0
1746212725,5680.53,5681.59,5680.53,5681.59,0
1746212730,5681.76,5681.89,5681.76,5681.87,0
1746212735,5681.95,5682.6,5681.95,5682.6,0
1746212740,5682.33,5682.33,5682.01,5682.01,0
1746212745,5681.87,5681.87,5681.64,5681.77,0
1746212750,5681.8,5681.8,5681.74,5681.74,0
1746212755,5681.81,5682.02,5681.8,5681.89,0
1746212760,5682.04,5682.27,5682.04,5682.08,0
1746212765,5681.93,5682.07,5681.93,5681.96,0
1746212770,5681.83,5682.2,5681.81,5682.2,0
1746212775,5682.32,5682.4,5682.32,5682.37,0
1746212780,5682.46,5682.46,5682.32,5682.41,0
1746212785,5682.46,5684.87,5682.46,5684.87,0
1746212790,5684.62,5684.62,5684.07,5684.24,0
1746212795,5684.65,5684.75,5684.6,5684.75,0
1746212800,5684.82,5684.82,5684.54,5684.61,0
1746212805,5684.58,5684.72,5684.58,5684.72,0
1746212810,5684.71,5684.78,5684.71,5684.78,0
1746212815,5684.76,5684.93,5684.76,5684.8,0
1746212820,5685.07,5685.19,5685.05,5685.19,0
1746212825,5684.81,5685.27,5684.81,5685.0,0
1746212830,5684.93,5685.24,5684.93,5685.15,0
1746212835,5685.22,5685.65,5685.22,5685.65,0
1746212840,5685.88,5685.88,5685.64,5685.64,0
1746212845,5685.69,5686.02,5685.69,5685.84,0
1746212850,5685.91,5685.99,5685.88,5685.99,0
1746212855,5686.21,5686.36,5686.21,5686.36,0
1746212860,5686.39,5686.48,5686.39,5686.4,0
1746212865,5686.32,5686.32,5685.75,5685.78,0
1746212870,5685.84,5685.96,5685.73,5685.96,0
1746212875,5686.03,5686.12,5686.03,5686.07,0
1746212880,5686.2,5686.55,5686.12,5686.48,0
1746212885,5686.23,5686.23,5685.63,5685.78,0
1746212890,5685.77,5685.77,5685.63,5685.65,0
1746212895,5685.74,5686.31,5685.62,5686.31,0
1746212900,5686.62,5686.62,5685.96,5685.96,0
1746212905,5685.97,5686.18,5685.97,5686.11,0
1746212910,5686.13,5686.2,5686.13,5686.18,0
1746212915,5686.15,5686.36,5686.15,5686.36,0
1746212920,5686.46,5686.62,5686.43,5686.43,0
1746212925,5686.47,5686.47,5686.43,5686.47,0
1746212930,5686.46,5686.64,5686.4,5686.64,0
1746212935,5686.61,5686.97,5686.61,5686.97,0
1746212940,5686.84,5686.9,5686.71,5686.85,0
1746212945,5686.87,5686.94,5686.35,5686.35,0
1746212950,5686.15,5686.52,5686.15,5686.44,0
1746212955,5686.33,5686.51,5686.33,5686.51,0
1746212960,5686.66,5686.71,5686.51,5686.51,0
1746212965,5686.54,5686.63,5686.54,5686.63,0
1746212970,5686.53,5686.57,5686.5,5686.57,0
1746212975,5686.6,5686.62,5686.55,5686.61,0
1746212980,5686.65,5686.74,5686.65,5686.66,0
1746212985,5686.64,5686.78,5686.64,5686.69,0
1746212990,5686.74,5686.88,5686.74,5686.88,0
1746212995,5686.86,5687.07,5686.86,5687.03,0
1746213000,5686.89,5686.89,5686.79,5686.79,0
1746213005,5686.8,5686.8,5686.75,5686.78,0
1746213010,5686.72,5686.91,5686.72,5686.91,0
1746213015,5686.94,5687.02,5686.9,5687.02,0
1746213020,5687.05,5687.19,5687.05,5687.16,0
1746213025,5687.13,5687.15,5686.73,5686.73,0
1746213030,5686.24,5686.24,5685.9,5686.0,0
1746213035,5685.91,5685.91,5685.61,5685.61,0
1746213040,5685.67,5685.7,5685.18,5685.18,0
1746213045,5685.21,5685.32,5685.21,5685.26,0
1746213050,5685.29,5685.6,5685.25,5685.6,0
1746213055,5685.54,5685.54,5685.24,5685.24,0
1746213060,5684.77,5684.77,5684.43,5684.43,0
1746213065,5684.2,5684.24,5684.04,5684.04,0
1746213070,5684.08,5684.36,5684.08,5684.33,0
1746213075,5684.23,5684.25,5684.14,5684.14,0
1746213080,5684.1,5684.18,5684.08,5684.18,0
1746213085,5684.12,5684.13,5684.04,5684.08,0
1746213090,5683.96,5684.0,5683.44,5683.44,0
1746213095,5683.64,5683.64,5683.47,5683.47,0
1746213100,5683.28,5683.39,5683.2,5683.39,0
1746213105,5683.37,5683.37,5683.14,5683.14,0
1746213110,5683.13,5683.13,5683.04,5683.04,0
1746213115,5683.08,5683.42,5683.08,5683.42,0
1746213120,5683.38,5683.52,5683.33,5683.33,0
1746213125,5683.43,5683.44,5683.3,5683.35,0
1746213130,5683.39,5683.39,5683.21,5683.21,0
1746213135,5683.16,5683.45,5683.16,5683.45,0
1746213140,5683.9,5684.7,5683.9,5684.7,0
1746213145,5684.83,5684.83,5684.64,5684.66,0
1746213150,5684.44,5684.44,5683.86,5684.13,0
1746213155,5684.11,5684.16,5683.55,5683.55,0
1746213160,5683.57,5683.59,5683.26,5683.26,0
1746213165,5683.19,5683.19,5682.42,5682.42,0
1746213170,5682.38,5682.38,5681.75,5681.75,0
1746213175,5681.76,5681.8,5681.68,5681.68,0
1746213180,5681.65,5683.04,5681.65,5683.04,0
1746213185,5683.06,5683.29,5683.03,5683.29,0
1746213190,5683.41,5683.41,5683.12,5683.12,0
1746213195,5683.08,5683.11,5682.82,5682.82,0
1746213200,5682.86,5682.99,5682.86,5682.93,0
1746213205,5682.82,5682.82,5682.46,5682.46,0
1746213210,5682.47,5682.95,5682.47,5682.95,0
1746213215,5683.06,5683.1,5682.85,5682.85,0
1746213220,5682.72,5682.85,5682.62,5682.78,0
1746213225,5682.79,5682.97,5682.77,5682.93,0
1746213230,5683.04,5683.64,5683.03,5683.64,0
1746213235,5683.62,5683.63,5683.53,5683.59,0
1746213240,5683.62,5683.65,5683.59,5683.6,0
1746213245,5683.52,5683.52,5683.09,5683.09,0
1746213250,5682.98,5682.98,5682.05,5682.05,0
1746213255,5682.07,5682.75,5682.07,5682.75,0
1746213260,5682.84,5682.88,5682.76,5682.88,0
1746213265,5682.79,5683.16,5682.79,5683.16,0
1746213270,5683.37,5683.87,5683.37,5683.82,0
1746213275,5683.8,5683.81,5683.75,5683.75,0
1746213280,5683.86,5683.93,5683.86,5683.93,0
1746213285,5683.99,5684.2,5683.99,5684.2,0
1746213290,5684.22,5684.37,5684.22,5684.37,0
1746213295,5684.42,5684.42,5684.34,5684.41,0
1746213300,5684.25,5684.25,5684.02,5684.02,0
1746213305,5684.11,5684.11,5683.94,5683.96,0
1746213310,5683.86,5684.02,5683.77,5684.02,0
1746213315,5684.04,5684.23,5684.04,5684.2,0
1746213320,5684.12,5684.75,5684.12,5684.75,0
1746213325,5685.4,5685.73,5685.4,5685.66,0
1746213330,5685.89,5685.89,5685.71,5685.84,0
1746213335,5685.91,5686.28,5685.91,5686.28,0
1746213340,5686.21,5686.8,5686.21,5686.8,0
1746213345,5686.97,5687.26,5686.97,5687.26,0
1746213350,5687.22,5687.29,5687.12,5687.29,0
1746213355,5687.26,5687.78,5687.26,5687.73,0
1746213360,5687.79,5688.02,5687.79,5688.02,0
1746213365,5687.98,5688.18,5687.97,5688.18,0
1746213370,5688.25,5688.79,5688.25,5688.79,0
1746213375,5688.91,5689.57,5688.91,5689.57,0
1746213380,5689.48,5689.52,5689.39,5689.43,0
1746213385,5689.48,5689.48,5688.98,5688.98,0
1746213390,5688.81,5688.87,5688.81,5688.84,0
1746213395,5688.91,5688.91,5688.65,5688.74,0
1746213400,5688.77,5689.32,5688.72,5689.32,0
1746213405,5689.39,5689.46,5689.16,5689.16,0
1746213410,5689.15,5689.15,5689.06,5689.07,0
1746213415,5689.1,5689.13,5688.66,5688.66,0
1746213420,5688.62,5689.59,5688.55,5689.59,0
1746213425,5689.54,5689.58,5689.45,5689.56,0
1746213430,5689.47,5689.47,5689.33,5689.33,0
1746213435,5689.28,5689.41,5689.25,5689.41,0
1746213440,5689.45,5689.5,5689.03,5689.03,0
1746213445,5688.98,5688.98,5688.12,5688.12,0
1746213450,5687.9,5687.9,5687.74,5687.74,0
1746213455,5687.82,5688.16,5687.82,5688.07,0
1746213460,5688.11,5688.27,5688.11,5688.12,0
1746213465,5688.04,5688.04,5687.74,5687.74,0
1746213470,5687.78,5688.06,5687.78,5688.04,0
1746213475,5688.1,5688.3,5688.1,5688.29,0
1746213480,5688.23,5688.24,5688.09,5688.09,0
1746213485,5688.04,5688.08,5687.71,5687.71,0
1746213490,5687.57,5687.57,5687.18,5687.18,0
1746213495,5687.05,5687.78,5686.95,5687.78,0
1746213500,5687.89,5688.06,5687.89,5688.02,0
1746213505,5687.89,5688.23,5687.84,5688.23,0
1746213510,5688.32,5688.32,5688.25,5688.25,0
1746213515,5688.24,5688.24,5688.16,5688.2,0
1746213520,5688.14,5688.15,5688.12,5688.15,0
1746213525,5688.22,5688.41,5688.2,5688.41,0
1746213530,5688.56,5688.84,5688.55,5688.81,0
1746213535,5688.84,5688.84,5688.62,5688.66,0
1746213540,5688.68,5688.83,5688.59,5688.83,0
1746213545,5688.89,5688.89,5688.69,5688.69,0
1746213550,5688.74,5688.94,5688.74,5688.94,0
1746213555,5688.92,5688.92,5688.84,5688.84,0
1746213560,5688.87,5689.29,5688.87,5689.29,0
1746213565,5689.27,5689.35,5689.13,5689.35,0
1746213570,5689.57,5689.63,5689.53,5689.6,0
1746213575,5689.67,5689.72,5689.59,5689.69,0
1746213580,5689.73,5689.77,5689.61,5689.66,0
1746213585,5689.73,5689.73,5689.62,5689.65,0
1746213590,5689.74,5689.79,5689.74,5689.75,0
1746213595,5689.76,5691.42,5689.75,5691.42,0
1746213600,5691.14,5691.14,5690.88,5690.88,0
1746213605,5690.78,5691.09,5690.7,5691.02,0
1746213610,5691.11,5691.28,5691.11,5691.28,0
1746213615,5691.51,5691.54,5691.22,5691.22,0
1746213620,5691.26,5691.57,5691.09,5691.57,0
1746213625,5691.8,5692.53,5691.8,5692.53,0
1746213630,5692.54,5692.9,5692.54,5692.7,0
1746213635,5692.68,5692.78,5692.61,5692.61,0
1746213640,5692.6,5692.93,5692.51,5692.93,0
1746213645,5692.9,5692.91,5692.34,5692.34,0
1746213650,5692.1,5692.13,5691.57,5691.73,0
1746213655,5691.72,5692.05,5691.72,5691.95,0
1746213660,5691.92,5692.28,5691.92,5692.28,0
1746213665,5692.08,5692.42,5692.08,5692.42,0
1746213670,5692.38,5692.38,5692.19,5692.2,0
1746213675,5692.29,5692.79,5692.29,5692.79,0
1746213680,5692.96,5693.04,5692.96,5693.04,0
1746213685,5692.94,5693.03,5692.94,5693.01,0
1746213690,5693.11,5693.29,5693.11,5693.27,0
1746213695,5693.31,5693.73,5693.31,5693.73,0
1746213700,5694.1,5694.66,5694.1,5694.64,0
1746213705,5694.55,5694.77,5694.55,5694.77,0
1746213710,5694.62,5694.62,5694.22,5694.34,0
1746213715,5694.35,5694.54,5694.35,5694.54,0
1746213720,5694.53,5695.01,5694.41,5695.01,0
1746213725,5695.03,5695.15,5695.03,5695.04,0
1746213730,5695.11,5695.3,5694.71,5695.3,0
1746213735,5695.1,5695.35,5695.0,5695.35,0
1746213740,5695.31,5695.43,5695.24,5695.43,0
1746213745,5695.4,5695.4,5695.33,5695.33,0
1746213750,5695.32,5695.72,5695.31,5695.72,0
1746213755,5695.69,5695.9,5695.69,5695.78,0
1746213760,5695.76,5695.76,5695.24,5695.24,0
1746213765,5695.08,5695.08,5694.9,5694.9,0
1746213770,5694.96,5695.22,5694.96,5695.22,0
1746213775,5695.2,5695.2,5695.07,5695.13,0
1746213780,5695.27,5695.27,5695.09,5695.09,0
1746213785,5694.98,5695.12,5694.9,5694.9,0
1746213790,5695.05,5695.09,5695.03,5695.09,0
1746213795,5694.95,5694.95,5694.43,5694.54,0
1746213800,5694.61,5694.92,5694.61,5694.92,0
1746213805,5694.87,5694.91,5694.8,5694.8,0
1746213810,5694.94,5694.94,5694.41,5694.41,0
1746213815,5694.43,5694.53,5694.43,5694.52,0
1746213820,5694.47,5694.47,5694.36,5694.45,0
1746213825,5694.34,5694.34,5693.47,5693.47,0
1746213830,5693.32,5693.41,5692.87,5693.08,0
1746213835,5693.07,5693.32,5693.07,5693.23,0
1746213840,5693.28,5693.72,5693.19,5693.72,0
1746213845,5694.02,5694.02,5693.51,5693.54,0
1746213850,5693.49,5693.71,5693.49,5693.71,0
1746213855,5693.69,5694.08,5693.62,5694.08,0
1746213860,5694.53,5694.97,5694.53,5694.97,0
1746213865,5695.05,5695.58,5695.05,5695.4,0
1746213870,5695.45,5695.57,5695.38,5695.38,0
1746213875,5695.4,5695.45,5695.32,5695.32,0
1746213880,5695.03,5695.03,5694.64,5694.78,0
1746213885,5694.74,5694.76,5694.51,5694.51,0
1746213890,5694.54,5694.54,5694.49,5694.52,0
1746213895,5694.46,5694.46,5694.2,5694.2,0
1746213900,5694.17,5694.17,5694.01,5694.01,0
1746213905,5694.08,5694.34,5694.08,5694.34,0
1746213910,5694.45,5694.52,5694.38,5694.45,0
1746213915,5694.46,5694.46,5693.71,5693.71,0
1746213920,5693.73,5694.39,5693.73,5694.39,0
1746213925,5694.62,5695.37,5694.62,5695.37,0
1746213930,5695.39,5695.44,5695.33,5695.33,0
1746213935,5695.32,5695.33,5695.15,5695.15,0
1746213940,5695.23,5695.23,5695.13,5695.13,0
1746213945,5695.29,5695.57,5695.29,5695.57,0
1746213950,5695.47,5695.47,5695.34,5695.34,0
1746213955,5695.26,5695.26,5694.66,5694.66,0
1746213960,5694.62,5694.62,5694.57,5694.62,0
1746213965,5694.69,5694.69,5694.44,5694.44,0
1746213970,5694.32,5694.71,5694.32,5694.7,0
1746213975,5694.73,5694.93,5694.69,5694.69,0
1746213980,5694.78,5695.83,5694.78,5695.77,0
1746213985,5695.81,5695.84,5695.69,5695.74,0
1746213990,5695.88,5696.0,5695.88,5696.0,0
1746213995,5695.89,5696.01,5695.88,5696.01,0
1746214000,5695.94,5695.94,5695.46,5695.46,0
1746214005,5695.51,5695.62,5695.51,5695.62,0
1746214010,5695.56,5695.56,5695.06,5695.06,0
1746214015,5695.09,5695.09,5694.92,5694.98,0
1746214020,5694.76,5694.9,5694.71,5694.87,0
1746214025,5694.98,5695.02,5694.76,5694.76,0
1746214030,5694.65,5694.83,5694.63,5694.8,0
1746214035,5694.88,5695.19,5694.88,5695.19,0
1746214040,5695.0,5695.0,5694.83,5694.93,0
1746214045,5694.98,5695.46,5694.98,5695.41,0
1746214050,5695.45,5695.45,5695.29,5695.29,0
1746214055,5695.01,5695.01,5694.73,5694.73,0
1746214060,5694.74,5694.84,5694.74,5694.82,0
1746214065,5694.86,5694.97,5694.76,5694.97,0
1746214070,5695.0,5695.41,5695.0,5695.27,0
1746214075,5695.24,5695.24,5695.04,5695.05,0
1746214080,5695.03,5695.06,5695.0,5695.03,0
1746214085,5695.04,5695.04,5694.8,5694.82,0
1746214090,5694.7,5695.38,5694.68,5695.38,0
1746214095,5695.53,5695.87,5695.53,5695.71,0
1746214100,5695.69,5695.76,5695.63,5695.63,0
1746214105,5695.57,5695.65,5695.57,5695.59,0
1746214110,5695.57,5695.59,5695.31,5695.31,0
1746214115,5695.21,5695.25,5695.16,5695.25,0
1746214120,5695.23,5695.39,5695.23,5695.34,0
1746214125,5695.37,5695.57,5695.35,5695.35,0
1746214130,5695.29,5695.32,5694.72,5694.72,0
1746214135,5694.64,5694.76,5694.62,5694.67,0
1746214140,5694.71,5694.75,5694.62,5694.66,0
1746214145,5694.74,5694.95,5694.64,5694.64,0
1746214150,5694.61,5694.78,5694.59,5694.78,0
1746214155,5694.75,5694.97,5694.75,5694.92,0
1746214160,5694.95,5695.06,5694.94,5695.01,0
1746214165,5695.03,5695.12,5694.98,5695.12,0
1746214170,5695.16,5695.16,5694.89,5694.89,0
1746214175,5694.83,5694.88,5694.71,5694.71,0
1746214180,5694.62,5694.65,5694.57,5694.59,0
1746214185,5694.49,5694.9,5694.42,5694.9,0
1746214190,5694.76,5694.76,5694.14,5694.14,0
1746214195,5694.01,5694.02,5693.88,5693.88,0
1746214200,5693.79,5693.79,5693.18,5693.28,0
1746214205,5693.26,5693.55,5693.1,5693.1,0
1746214210,5693.07,5693.45,5692.96,5693.45,0
1746214215,5693.62,5693.7,5693.62,5693.63,0
1746214220,5693.86,5693.86,5693.8,5693.8,0
1746214225,5693.9,5693.99,5693.65,5693.65,0
1746214230,5693.64,5693.64,5693.33,5693.33,0
1746214235,5693.24,5693.6,5693.15,5693.6,0
1746214240,5693.58,5693.76,5693.5,5693.66,0
1746214245,5693.64,5693.73,5693.64,5693.73,0
1746214250,5693.71,5693.71,5693.66,5693.66,0
1746214255,5694.13,5694.49,5694.13,5694.4,0
1746214260,5694.38,5694.41,5694.05,5694.05,0
1746214265,5693.99,5693.99,5693.43,5693.43,0
1746214270,5693.52,5693.65,5693.52,5693.64,0
1746214275,5693.55,5693.79,5693.55,5693.79,0
1746214280,5693.81,5693.81,5693.66,5693.68,0
1746214285,5693.65,5693.72,5693.29,5693.72,0
1746214290,5693.68,5694.13,5693.68,5694.05,0
1746214295,5694.02,5694.02,5693.84,5693.95,0
1746214300,5693.94,5694.18,5693.93,5693.93,0
1746214305,5693.79,5693.79,5693.73,5693.73,0
1746214310,5693.68,5693.68,5693.48,5693.59,0
1746214315,5693.58,5693.58,5693.26,5693.26,0
1746214320,5693.16,5693.16,5693.07,5693.07,0
1746214325,5693.2,5693.22,5693.09,5693.09,0
1746214330,5692.72,5692.72,5692.62,5692.62,0
1746214335,5692.57,5692.68,5692.57,5692.61,0
1746214340,5692.52,5692.86,5692.52,5692.82,0
1746214345,5692.66,5692.72,5692.62,5692.62,0
1746214350,5692.67,5692.79,5692.67,5692.79,0
1746214355,5692.77,5693.32,5692.77,5693.32,0
1746214360,5693.34,5693.79,5692.78,5692.78,0
1746214365,5692.67,5692.79,5692.67,5692.79,0
1746214370,5692.78,5693.13,5692.71,5693.13,0
1746214375,5693.11,5693.11,5693.03,5693.05,0
1746214380,5693.13,5693.13,5692.66,5692.66,0
1746214385,5692.57,5693.2,5692.57,5692.89,0
1746214390,5692.87,5693.19,5692.87,5693.18,0
1746214395,5693.07,5693.11,5693.07,5693.08,0
1746214400,5693.06,5693.06,5692.49,5692.5,0
1746214405,5692.53,5692.67,5692.52,5692.52,0
1746214410,5692.51,5692.68,5692.44,5692.52,0
1746214415,5692.51,5692.62,5692.01,5692.62,0
1746214420,5692.69,5692.72,5692.37,5692.37,0
1746214425,5692.26,5692.29,5692.21,5692.29,0
1746214430,5692.23,5692.37,5692.23,5692.37,0
1746214435,5692.31,5692.31,5692.06,5692.06,0
1746214440,5691.98,5692.03,5691.94,5692.03,0
1746214445,5692.34,5692.43,5692.29,5692.29,0
1746214450,5692.32,5692.45,5692.32,5692.45,0
1746214455,5692.19,5692.29,5692.09,5692.09,0
1746214460,5691.15,5691.15,5689.64,5689.64,0
1746214465,5689.53,5690.2,5689.53,5690.2,0
1746214470,5690.13,5690.43,5690.13,5690.37,0
1746214475,5690.44,5690.48,5690.37,5690.37,0
1746214480,5690.57,5690.71,5690.57,5690.7,0
1746214485,5690.62,5691.11,5690.62,5691.11,0
1746214490,5690.99,5691.63,5690.96,5691.63,0
1746214495,5691.81,5691.88,5691.81,5691.85,0
1746214500,5691.83,5691.83,5691.07,5691.41,0
1746214505,5691.71,5691.71,5690.94,5690.94,0
1746214510,5691.11,5691.4,5691.11,5691.33,0
1746214515,5691.25,5691.25,5690.52,5690.52,0
1746214520,5690.51,5690.64,5690.51,5690.64,0
1746214525,5690.38,5690.38,5689.85,5689.85,0
1746214530,5689.83,5689.83,5689.64,5689.83,0
1746214535,5689.72,5689.78,5688.95,5688.95,0
1746214540,5688.99,5689.22,5688.84,5689.22,0
1746214545,5689.28,5689.65,5689.26,5689.65,0
1746214550,5689.56,5690.89,5689.56,5690.89,0
1746214555,5691.13,5691.32,5691.12,5691.32,0
1746214560,5691.33,5691.33,5690.51,5690.51,0
1746214565,5690.3,5690.3,5689.88,5689.88,0
1746214570,5689.57,5689.57,5689.1,5689.1,0
1746214575,5689.21,5689.44,5689.17,5689.44,0
1746214580,5689.58,5689.84,5689.58,5689.84,0
1746214585,5689.87,5689.9,5689.58,5689.58,0
1746214590,5689.65,5689.74,5689.52,5689.74,0
1746214595,5689.66,5689.71,5689.66,5689.68,0
1746214600,5689.66,5689.85,5689.66,5689.85,0
1746214605,5689.78,5689.78,5689.73,5689.77,0
1746214610,5689.85,5690.2,5689.85,5689.93,0
1746214615,5689.65,5689.65,5689.52,5689.55,0
1746214620,5689.41,5689.41,5689.37,5689.4,0
1746214625,5689.42,5689.42,5689.11,5689.11,0
1746214630,5689.39,5689.39,5689.04,5689.04,0
1746214635,5689.06,5689.46,5689.06,5689.46,0
1746214640,5689.53,5689.91,5689.53,5689.91,0
1746214645,5690.43,5690.58,5690.38,5690.58,0
1746214650,5690.72,5691.05,5690.72,5691.05,0
1746214655,5691.34,5691.34,5690.68,5690.75,0
1746214660,5690.73,5690.85,5690.73,5690.85,0
1746214665,5690.96,5691.6,5690.96,5691.6,0
1746214670,5691.57,5691.85,5691.57,5691.72,0
1746214675,5691.66,5691.66,5691.35,5691.41,0
1746214680,5691.35,5691.43,5691.27,5691.43,0
1746214685,5691.56,5691.71,5691.56,5691.65,0
1746214690,5691.62,5691.94,5691.62,5691.94,0
1746214695,5691.95,5692.71,5691.95,5692.71,0
1746214700,5692.82,5693.0,5692.82,5693.0,0
1746214705,5693.07,5693.37,5693.07,5693.33,0
1746214710,5693.26,5693.8,5693.26,5693.8,0
1746214715,5693.63,5693.63,5693.49,5693.61,0
1746214720,5693.67,5693.67,5693.48,5693.66,0
1746214725,5693.71,5693.81,5693.67,5693.81,0
1746214730,5693.69,5693.69,5692.85,5692.85,0
1746214735,5693.09,5693.4,5693.09,5693.4,0
1746214740,5693.47,5693.47,5693.25,5693.26,0
1746214745,5693.17,5693.42,5693.11,5693.42,0
1746214750,5693.73,5694.28,5693.68,5694.28,0
1746214755,5694.3,5694.67,5694.3,5694.66,0
1746214760,5694.52,5694.52,5694.29,5694.43,0
1746214765,5694.52,5694.56,5694.47,5694.47,0
1746214770,5694.5,5694.5,5694.14,5694.14,0
1746214775,5694.08,5694.33,5694.06,5694.27,0
1746214780,5694.32,5694.32,5693.74,5693.74,0
1746214785,5693.7,5693.7,5693.48,5693.54,0
1746214790,5693.62,5693.9,5693.62,5693.9,0
1746214795,5693.98,5694.1,5693.98,5693.98,0
1746214800,5694.0,5694.0,5693.87,5693.87,0
1746214805,5693.94,5693.94,5693.7,5693.7,0
1746214810,5693.6,5694.74,5693.6,5694.71,0
1746214815,5694.67,5694.81,5694.57,5694.81,0
1746214820,5694.76,5694.76,5694.5,5694.5,0
1746214825,5694.45,5694.51,5694.39,5694.39,0
1746214830,5694.02,5695.03,5693.93,5695.03,0
1746214835,5695.0,5695.0,5694.92,5694.93,0
1746214840,5694.96,5695.15,5694.96,5695.15,0
1746214845,5695.1,5695.1,5694.57,5694.57,0
1746214850,5694.56,5694.57,5694.3,5694.57,0
1746214855,5694.62,5694.62,5694.28,5694.28,0
1746214860,5694.21,5694.34,5694.21,5694.27,0
1746214865,5694.15,5694.38,5694.1,5694.32,0
1746214870,5694.28,5694.28,5694.18,5694.18,0
1746214875,5693.95,5693.95,5693.75,5693.77,0
1746214880,5693.91,5694.64,5693.91,5694.64,0
1746214885,5694.54,5694.54,5694.05,5694.11,0
1746214890,5694.13,5694.21,5694.06,5694.21,0
1746214895,5693.57,5693.57,5693.21,5693.21,0
1746214900,5693.07,5693.28,5693.07,5693.28,0
1746214905,5693.26,5693.26,5693.07,5693.07,0
1746214910,5692.99,5692.99,5692.78,5692.78,0
1746214915,5692.7,5693.0,5692.7,5692.8,0
1746214920,5692.87,5692.92,5692.7,5692.77,0
1746214925,5692.82,5692.82,5692.57,5692.57,0
1746214930,5692.35,5692.48,5692.31,5692.38,0
1746214935,5692.34,5692.34,5692.18,5692.18,0
1746214940,5692.2,5692.25,5692.11,5692.11,0
1746214945,5692.17,5692.17,5692.03,5692.05,0
1746214950,5692.07,5692.13,5692.0,5692.13,0
1746214955,5691.88,5691.88,5691.19,5691.29,0
1746214960,5691.77,5691.92,5691.77,5691.88,0
1746214965,5691.96,5692.29,5691.91,5692.28,0
1746214970,5692.29,5692.29,5692.1,5692.12,0
1746214975,5692.29,5692.42,5692.21,5692.4,0
1746214980,5692.41,5692.41,5691.78,5691.78,0
1746214985,5691.75,5691.84,5691.72,5691.72,0
1746214990,5691.75,5691.75,5691.61,5691.61,0
1746214995,5691.63,5691.66,5691.11,5691.11,0
1746215000,5691.12,5691.27,5691.12,5691.27,0
1746215005,5691.36,5691.36,5691.17,5691.24,0
1746215010,5691.17,5691.17,5691.03,5691.04,0
1746215015,5691.01,5691.88,5691.01,5691.79,0
1746215020,5691.72,5691.74,5691.61,5691.64,0
1746215025,5691.67,5691.99,5691.67,5691.99,0
1746215030,5692.15,5692.21,5691.74,5691.74,0
1746215035,5691.69,5691.69,5691.46,5691.46,0
1746215040,5691.42,5691.46,5691.34,5691.34,0
1746215045,5691.37,5691.85,5691.37,5691.85,0
1746215050,5691.82,5691.96,5691.52,5691.52,0
1746215055,5691.51,5691.94,5691.51,5691.92,0
1746215060,5691.9,5691.99,5691.47,5691.47,0
1746215065,5691.55,5691.55,5691.43,5691.46,0
1746215070,5691.54,5691.73,5691.53,5691.73,0
1746215075,5691.68,5691.71,5691.58,5691.62,0
1746215080,5691.64,5691.68,5691.54,5691.54,0
1746215085,5691.79,5692.36,5691.79,5692.36,0
1746215090,5692.35,5692.4,5692.27,5692.4,0
1746215095,5692.45,5692.45,5691.94,5691.94,0
1746215100,5691.85,5691.85,5691.64,5691.68,0
1746215105,5691.59,5691.59,5690.51,5690.52,0
1746215110,5690.47,5690.47,5689.91,5690.13,0
1746215115,5690.28,5690.28,5689.8,5689.8,0
1746215120,5689.77,5689.78,5689.66,5689.66,0
1746215125,5689.62,5689.67,5689.42,5689.42,0
1746215130,5689.36,5689.36,5688.32,5688.32,0
1746215135,5688.01,5688.01,5687.57,5687.57,0
1746215140,5687.48,5687.67,5687.23,5687.23,0
1746215145,5687.16,5687.34,5687.16,5687.34,0
1746215150,5687.17,5687.29,5687.11,5687.11,0
1746215155,5686.99,5686.99,5686.81,5686.81,0
1746215160,5686.22,5686.61,5685.92,5686.48,0
1746215165,5686.35,5687.03,5686.35,5687.03,0
1746215170,5686.71,5686.71,5686.0,5686.0,0
1746215175,5686.22,5686.31,5685.8,5685.8,0
1746215180,5685.77,5685.77,5685.16,5685.16,0
1746215185,5685.09,5685.09,5684.84,5684.91,0
1746215190,5685.14,5686.15,5685.14,5686.15,0
1746215195,5686.21,5686.51,5686.21,5686.51,0
1746215200,5686.57,5686.63,5686.31,5686.31,0
1746215205,5686.58,5686.63,5686.52,5686.6,0
1746215210,5686.57,5686.7,5686.45,5686.7,0
1746215215,5686.69,5687.01,5686.69,5687.01,0
1746215220,5687.04,5687.32,5686.89,5686.89,0
1746215225,5686.87,5686.87,5686.21,5686.21,0
1746215230,5686.32,5686.32,5686.17,5686.17,0
1746215235,5686.16,5686.16,5685.95,5685.95,0
1746215240,5685.85,5685.85,5685.23,5685.23,0
1746215245,5685.25,5685.25,5685.01,5685.01,0
1746215250,5684.74,5684.74,5683.47,5683.47,0
1746215255,5683.09,5683.4,5683.09,5683.4,0
1746215260,5683.33,5683.33,5683.08,5683.14,0
1746215265,5683.39,5683.64,5683.39,5683.64,0
1746215270,5683.72,5683.86,5683.7,5683.7,0
1746215275,5683.48,5683.48,5683.06,5683.06,0
1746215280,5683.07,5683.23,5683.06,5683.06,0
1746215285,5682.75,5683.12,5682.61,5683.06,0
1746215290,5682.91,5682.91,5681.8,5681.8,0
1746215295,5681.88,5681.88,5681.72,5681.72,0
1746215300,5681.84,5681.85,5681.64,5681.66,0
1746215305,5681.65,5681.68,5681.61,5681.63,0
1746215310,5681.53,5681.55,5681.51,5681.53,0
1746215315,5681.5,5681.78,5681.5,5681.78,0
1746215320,5681.8,5681.95,5681.8,5681.93,0
1746215325,5681.91,5682.01,5681.83,5681.88,0
1746215330,5681.78,5681.78,5681.67,5681.68,0
1746215335,5681.27,5681.41,5681.14,5681.41,0
1746215340,5681.54,5681.54,5680.53,5680.53,0
1746215345,5680.84,5680.84,5679.26,5679.26,0
1746215350,5678.59,5678.93,5678.44,5678.93,0
1746215355,5678.99,5679.54,5678.99,5679.54,0
1746215360,5679.49,5679.77,5679.49,5679.77,0
1746215365,5679.7,5679.7,5679.35,5679.35,0
1746215370,5679.33,5679.33,5678.76,5678.76,0
1746215375,5678.8,5678.89,5678.74,5678.89,0
1746215380,5678.91,5678.91,5678.67,5678.67,0
1746215385,5678.61,5679.01,5678.53,5679.01,0
1746215390,5679.09,5679.55,5679.09,5679.53,0
1746215395,5679.92,5680.05,5679.42,5679.8,0
1746215400,5679.88,5684.98,5679.88,5682.67,0
1746215405,5683.22,5684.34,5683.22,5684.34,0
1746215410,5684.06,5685.26,5683.97,5685.15,0
1746215415,5685.7,5685.7,5685.34,5685.7,0
1746215420,5686.05,5686.24,5686.05,5686.19,0
1746215425,5685.83,5686.96,5685.83,5686.96,0
1746215430,5687.05,5687.05,5686.93,5686.95,0
1746215435,5687.02,5687.09,5686.82,5686.82,0
1746215440,5687.0,5687.18,5686.83,5686.83,0
1746215445,5686.62,5686.62,5686.05,5686.08,0
1746215450,5685.99,5686.46,5685.95,5686.46,0
1746215455,5686.41,5686.41,5685.89,5686.04,0
1746215460,5686.13,5687.12,5686.13,5686.99,0
1746215465,5686.54,5686.54,5686.16,5686.16,0
1746215470,5685.88,5685.88,5684.66,5685.45,0
1746215475,5685.64,5685.64,5685.27,5685.31,0
1746215480,5685.4,5685.69,5685.4,5685.44,0
1746215485,5685.47,5685.52,5685.18,5685.18,0
1746215490,5685.38,5685.38,5684.99,5685.1,0
1746215495,5685.22,5685.76,5685.22,5685.72,0
1746215500,5686.22,5687.0,5686.22,5687.0,0
1746215505,5687.04,5687.07,5686.98,5686.98,0
1746215510,5687.17,5687.51,5687.17,5687.4,0
1746215515,5687.89,5688.45,5687.89,5688.29,0
1746215520,5688.19,5690.12,5688.19,5690.12,0
1746215525,5690.05,5690.1,5689.86,5690.04,0
1746215530,5689.93,5690.14,5689.64,5689.64,0
1746215535,5689.25,5689.25,5688.1,5688.1,0
1746215540,5687.92,5687.92,5687.16,5687.26,0
1746215545,5687.37,5688.38,5687.37,5688.27,0
1746215550,5688.36,5688.52,5688.18,5688.18,0
1746215555,5688.39,5688.66,5688.39,5688.6,0
1746215560,5688.29,5689.02,5688.29,5689.02,0
1746215565,5689.09,5689.37,5689.09,5689.13,0
1746215570,5689.06,5689.28,5689.06,5689.28,0
1746215575,5689.26,5689.26,5689.05,5689.05,0
1746215580,5688.62,5689.43,5688.62,5688.97,0
1746215585,5688.58,5688.84,5688.58,5688.78,0
1746215590,5688.4,5688.83,5688.4,5688.77,0
1746215595,5688.78,5688.79,5688.69,5688.79,0
1746215600,5688.75,5689.53,5688.75,5689.53,0
1746215605,5689.67,5690.34,5689.67,5690.22,0
1746215610,5690.05,5690.22,5690.05,5690.16,0
1746215615,5690.19,5690.54,5690.19,5690.42,0
1746215620,5690.53,5690.53,5690.2,5690.51,0
1746215625,5690.67,5690.67,5690.53,5690.54,0
1746215630,5690.48,5690.73,5690.48,5690.54,0
1746215635,5690.64,5690.76,5690.64,5690.72,0
1746215640,5690.79,5690.94,5690.17,5690.17,0
1746215645,5689.86,5689.92,5689.73,5689.73,0
1746215650,5691.98,5692.62,5691.82,5692.62,0
1746215655,5692.65,5692.65,5691.99,5691.99,0
1746215660,5691.92,5692.56,5691.92,5692.35,0
1746215665,5692.56,5692.56,5692.08,5692.08,0
1746215670,5692.13,5692.55,5691.9,5692.55,0
1746215675,5692.45,5692.57,5692.45,5692.57,0
1746215680,5692.55,5692.8,5692.55,5692.73,0
1746215685,5692.59,5692.59,5690.48,5690.48,0
1746215690,5690.35,5690.35,5689.98,5689.98,0
1746215695,5689.89,5689.89,5689.26,5689.26,0
1746215700,5688.85,5688.85,5686.99,5687.84,0
1746215705,5687.81,5687.81,5686.3,5686.36,0
1746215710,5686.11,5686.11,5685.06,5685.06,0
1746215715,5685.08,5685.08,5684.07,5684.44,0
1746215720,5684.6,5684.6,5683.55,5683.55,0
1746215725,5683.4,5683.65,5682.58,5682.58,0
1746215730,5682.41,5683.22,5682.41,5683.07,0
1746215735,5682.96,5683.38,5682.86,5682.86,0
1746215740,5682.87,5682.87,5682.45,5682.75,0
1746215745,5683.33,5683.45,5682.35,5682.35,0
1746215750,5682.47,5682.6,5682.47,5682.55,0
1746215755,5682.66,5683.79,5682.66,5683.58,0
1746215760,5683.67,5684.6,5683.67,5684.57,0
1746215765,5684.28,5684.79,5684.28,5684.77,0
1746215770,5684.71,5685.1,5684.71,5684.92,0
1746215775,5684.72,5684.72,5684.48,5684.48,0
1746215780,5684.41,5684.88,5684.41,5684.88,0
1746215785,5684.62,5685.11,5684.62,5685.11,0
1746215790,5685.12,5685.12,5684.07,5684.07,0
1746215795,5684.09,5684.09,5683.8,5683.85,0
1746215800,5683.75,5683.75,5683.47,5683.47,0
1746215805,5683.68,5684.01,5683.68,5683.89,0
1746215810,5683.97,5683.98,5683.47,5683.72,0
1746215815,5683.83,5684.28,5683.83,5684.16,0
1746215820,5684.33,5685.38,5684.33,5685.38,0
1746215825,5685.57,5686.05,5685.57,5686.05,0
1746215830,5686.12,5686.53,5686.12,5686.53,0
1746215835,5686.82,5686.82,5685.97,5686.01,0
1746215840,5686.5,5686.5,5685.23,5685.49,0
1746215845,5685.56,5685.93,5685.56,5685.85,0
1746215850,5686.09,5686.62,5686.09,5686.62,0
1746215855,5686.47,5687.06,5686.47,5686.93,0
1746215860,5686.99,5687.04,5686.97,5687.04,0
1746215865,5687.1,5687.1,5686.9,5686.9,0
1746215870,5686.76,5686.76,5686.46,5686.67,0
1746215875,5686.61,5686.99,5686.61,5686.98,0
1746215880,5687.13,5687.13,5685.96,5685.96,0
1746215885,5685.2,5685.22,5684.39,5685.22,0
1746215890,5685.01,5685.66,5685.01,5685.49,0
1746215895,5685.55,5685.74,5685.15,5685.15,0
1746215900,5685.32,5685.32,5684.14,5684.35,0
1746215905,5684.25,5684.36,5684.05,5684.33,0
1746215910,5684.66,5684.95,5684.11,5684.11,0
1746215915,5683.53,5683.6,5683.01,5683.09,0
1746215920,5682.71,5682.84,5682.5,5682.71,0
1746215925,5682.65,5682.71,5682.48,5682.48,0
1746215930,5682.7,5682.88,5682.63,5682.82,0
1746215935,5682.79,5682.84,5682.74,5682.74,0
1746215940,5682.98,5683.59,5682.86,5683.56,0
1746215945,5683.6,5684.53,5683.6,5684.53,0
1746215950,5684.52,5685.45,5684.52,5685.45,0
1746215955,5685.44,5686.02,5685.44,5685.99,0
1746215960,5686.11,5687.45,5686.11,5687.45,0
1746215965,5687.49,5687.96,5687.35,5687.96,0
1746215970,5688.07,5688.07,5686.94,5686.94,0
1746215975,5687.65,5689.2,5687.65,5689.2,0
1746215980,5689.35,5689.73,5689.35,5689.57,0
1746215985,5689.94,5689.94,5687.7,5687.7,0
1746215990,5687.51,5688.17,5687.51,5687.78,0
1746215995,5687.24,5687.24,5685.73,5685.73,0
