Date,Open,High,Low,Close,Volume
1756454400,212.18,212.18,211.96,211.96,2
1756454405,211.96,211.96,211.96,211.96,0
1756454410,211.96,211.96,211.96,211.96,0
1756454415,211.96,211.96,211.96,211.96,0
1756454420,211.96,211.96,211.96,211.96,0
1756454425,211.96,211.96,211.96,211.96,0
1756454430,211.96,211.96,211.96,211.96,0
1756454435,211.96,211.96,211.96,211.96,0
1756454440,211.96,211.96,211.96,211.96,0
1756454445,211.96,211.96,211.96,211.96,0
1756454450,211.96,211.96,211.96,211.96,0
1756454455,211.96,211.96,211.96,211.96,0
1756454460,211.96,211.96,211.96,211.96,0
1756454465,211.96,211.96,211.96,211.96,0
1756454470,211.91,211.91,211.91,211.91,1
1756454475,211.91,211.91,211.91,211.91,0
1756454480,211.91,211.91,211.91,211.91,0
1756454485,211.91,211.91,211.91,211.91,0
1756454490,211.91,211.91,211.91,211.91,0
1756454495,211.91,211.91,211.91,211.91,0
1756454500,211.91,211.91,211.91,211.91,0
1756454505,211.91,211.91,211.91,211.91,0
1756454510,211.91,211.91,211.91,211.91,0
1756454515,211.91,211.91,211.91,211.91,0
1756454520,211.91,211.91,211.91,211.91,0
1756454525,211.91,211.91,211.91,211.91,0
1756454530,211.91,211.91,211.91,211.91,0
1756454535,211.91,211.91,211.91,211.91,0
1756454540,211.91,211.91,211.91,211.91,0
1756454545,211.91,211.91,211.91,211.91,0
1756454550,211.91,211.91,211.91,211.91,0
1756454555,211.91,211.91,211.91,211.91,0
1756454560,211.91,211.91,211.91,211.91,0
1756454565,211.91,211.91,211.91,211.91,0
1756454570,211.91,211.91,211.91,211.91,0
1756454575,211.91,211.91,211.91,211.91,0
1756454580,211.91,211.91,211.91,211.91,0
1756454585,211.91,211.91,211.91,211.91,0
1756454590,211.91,211.91,211.91,211.91,0
1756454595,211.91,211.91,211.91,211.91,0
1756454600,211.91,211.91,211.91,211.91,0
1756454605,211.86,211.87,211.86,211.87,2
1756454610,211.87,211.87,211.87,211.87,0
1756454615,211.87,211.87,211.87,211.87,0
1756454620,211.87,211.87,211.87,211.87,0
1756454625,211.87,211.87,211.87,211.87,0
1756454630,211.87,211.87,211.87,211.87,0
1756454635,211.87,211.87,211.87,211.87,0
1756454640,211.87,211.87,211.87,211.87,0
1756454645,211.87,211.87,211.87,211.87,0
1756454650,211.87,211.87,211.87,211.87,0
1756454655,211.87,211.87,211.87,211.87,0
1756454660,211.87,211.87,211.87,211.87,0
1756454665,211.87,211.87,211.87,211.87,0
1756454670,211.87,211.87,211.87,211.87,0
1756454675,211.87,211.87,211.87,211.87,0
1756454680,211.87,211.87,211.87,211.87,0
1756454685,211.87,211.87,211.87,211.87,0
1756454690,211.87,211.87,211.87,211.87,0
1756454695,211.87,211.87,211.87,211.87,0
1756454700,211.87,211.87,211.87,211.87,0
1756454705,211.87,211.87,211.87,211.87,0
1756454710,211.87,211.87,211.87,211.87,0
1756454715,211.87,211.87,211.87,211.87,0
1756454720,211.87,211.87,211.87,211.87,0
1756454725,211.87,211.87,211.87,211.87,0
1756454730,211.87,211.87,211.87,211.87,0
1756454735,211.87,211.87,211.87,211.87,0
1756454740,211.87,211.87,211.87,211.87,0
1756454745,211.87,211.87,211.87,211.87,0
1756454750,211.87,211.87,211.87,211.87,0
1756454755,211.69,211.71,211.69,211.71,4
1756454760,211.61,211.61,211.61,211.61,2
1756454765,211.61,211.61,211.61,211.61,0
1756454770,211.61,211.61,211.61,211.61,0
1756454775,211.61,211.61,211.61,211.61,0
1756454780,211.61,211.61,211.61,211.61,0
1756454785,211.61,211.61,211.61,211.61,0
1756454790,211.61,211.61,211.61,211.61,0
1756454795,211.61,211.61,211.61,211.61,0
1756454800,211.61,211.61,211.61,211.61,0
1756454805,211.61,211.61,211.61,211.61,0
1756454810,211.61,211.61,211.61,211.61,0
1756454815,211.61,211.61,211.61,211.61,0
1756454820,211.65,211.65,211.65,211.65,2
1756454825,211.65,211.65,211.65,211.65,0
1756454830,211.65,211.65,211.65,211.65,0
1756454835,211.65,211.65,211.65,211.65,0
1756454840,211.65,211.65,211.65,211.65,0
1756454845,211.65,211.65,211.65,211.65,0
1756454850,211.65,211.65,211.65,211.65,0
1756454855,211.65,211.65,211.65,211.65,0
1756454860,211.65,211.65,211.65,211.65,0
1756454865,211.65,211.65,211.65,211.65,0
1756454870,211.65,211.65,211.65,211.65,0
1756454875,211.65,211.65,211.65,211.65,0
1756454880,211.65,211.65,211.65,211.65,0
1756454885,211.65,211.65,211.65,211.65,0
1756454890,211.65,211.65,211.65,211.65,0
1756454895,211.65,211.65,211.65,211.65,0
1756454900,211.65,211.65,211.65,211.65,0
1756454905,211.65,211.65,211.65,211.65,0
1756454910,211.65,211.65,211.65,211.65,0
1756454915,211.65,211.65,211.65,211.65,0
1756454920,211.65,211.65,211.65,211.65,0
1756454925,211.65,211.65,211.65,211.65,0
1756454930,211.65,211.65,211.65,211.65,0
1756454935,211.65,211.65,211.65,211.65,0
1756454940,211.65,211.65,211.65,211.65,0
1756454945,211.65,211.65,211.65,211.65,0
1756454950,211.65,211.65,211.65,211.65,0
1756454955,211.65,211.65,211.65,211.65,0
1756454960,211.65,211.65,211.65,211.65,0
1756454965,211.65,211.65,211.65,211.65,0
1756454970,211.65,211.65,211.65,211.65,0
1756454975,211.65,211.65,211.65,211.65,0
1756454980,211.65,211.65,211.65,211.65,0
1756454985,211.65,211.65,211.65,211.65,0
1756454990,211.65,211.65,211.65,211.65,0
1756454995,211.65,211.65,211.65,211.65,0
1756455000,211.65,211.65,211.65,211.65,0
1756455005,211.65,211.65,211.65,211.65,0
1756455010,211.65,211.65,211.65,211.65,0
1756455015,211.65,211.65,211.65,211.65,0
1756455020,211.65,211.65,211.65,211.65,0
1756455025,211.65,211.65,211.65,211.65,0
1756455030,211.65,211.65,211.65,211.65,0
1756455035,211.65,211.65,211.65,211.65,0
1756455040,211.65,211.65,211.65,211.65,0
1756455045,211.65,211.65,211.65,211.65,0
1756455050,211.65,211.65,211.65,211.65,0
1756455055,211.65,211.65,211.65,211.65,0
1756455060,211.65,211.65,211.65,211.65,0
1756455065,211.65,211.65,211.65,211.65,0
1756455070,211.65,211.65,211.65,211.65,0
1756455075,211.65,211.65,211.65,211.65,0
1756455080,211.65,211.65,211.65,211.65,0
1756455085,211.65,211.65,211.65,211.65,0
1756455090,211.65,211.65,211.65,211.65,0
1756455095,211.65,211.65,211.65,211.65,0
1756455100,211.65,211.65,211.65,211.65,0
1756455105,211.65,211.65,211.65,211.65,0
1756455110,211.65,211.65,211.65,211.65,0
1756455115,211.65,211.65,211.65,211.65,0
1756455120,211.65,211.65,211.65,211.65,0
1756455125,211.65,211.65,211.65,211.65,0
1756455130,211.65,211.65,211.65,211.65,0
1756455135,211.65,211.65,211.65,211.65,0
1756455140,211.65,211.65,211.65,211.65,0
1756455145,211.65,211.65,211.65,211.65,0
1756455150,211.65,211.65,211.65,211.65,0
1756455155,211.65,211.65,211.65,211.65,0
1756455160,211.65,211.65,211.65,211.65,0
1756455165,211.65,211.65,211.65,211.65,0
1756455170,211.65,211.65,211.65,211.65,0
1756455175,211.65,211.65,211.65,211.65,0
1756455180,211.65,211.65,211.65,211.65,0
1756455185,211.65,211.65,211.65,211.65,0
1756455190,211.65,211.65,211.65,211.65,0
1756455195,211.65,211.65,211.65,211.65,1
1756455200,211.65,211.65,211.65,211.65,0
1756455205,211.65,211.65,211.65,211.65,0
1756455210,211.65,211.65,211.65,211.65,0
1756455215,211.65,211.65,211.65,211.65,0
1756455220,211.65,211.65,211.65,211.65,0
1756455225,211.65,211.65,211.65,211.65,0
1756455230,211.65,211.65,211.65,211.65,0
1756455235,211.65,211.65,211.65,211.65,0
1756455240,211.65,211.65,211.65,211.65,0
1756455245,211.65,211.65,211.65,211.65,0
1756455250,211.65,211.65,211.65,211.65,0
1756455255,211.65,211.65,211.65,211.65,0
1756455260,211.65,211.65,211.65,211.65,0
1756455265,211.65,211.65,211.65,211.65,0
1756455270,211.65,211.65,211.65,211.65,0
1756455275,211.65,211.65,211.65,211.65,0
1756455280,211.65,211.65,211.65,211.65,0
1756455285,211.65,211.65,211.65,211.65,0
1756455290,211.65,211.65,211.65,211.65,0
1756455295,211.65,211.65,211.65,211.65,0
1756455300,211.65,211.65,211.65,211.65,0
1756455305,211.65,211.65,211.65,211.65,0
1756455310,211.65,211.65,211.65,211.65,0
1756455315,211.65,211.65,211.65,211.65,0
1756455320,211.65,211.65,211.65,211.65,0
1756455325,211.65,211.65,211.65,211.65,0
1756455330,211.65,211.65,211.65,211.65,0
1756455335,211.65,211.65,211.65,211.65,0
1756455340,211.65,211.65,211.65,211.65,0
1756455345,211.65,211.65,211.65,211.65,0
1756455350,211.65,211.65,211.65,211.65,0
1756455355,211.65,211.65,211.65,211.65,0
1756455360,211.65,211.65,211.65,211.65,0
1756455365,211.65,211.65,211.65,211.65,0
1756455370,211.65,211.65,211.65,211.65,0
1756455375,211.65,211.65,211.65,211.65,0
1756455380,211.65,211.65,211.65,211.65,0
1756455385,211.65,211.65,211.65,211.65,0
1756455390,211.65,211.65,211.65,211.65,0
1756455395,211.65,211.65,211.65,211.65,0
1756455400,211.65,211.65,211.65,211.65,0
1756455405,211.65,211.65,211.65,211.65,0
1756455410,211.65,211.65,211.65,211.65,0
1756455415,211.65,211.65,211.65,211.65,0
1756455420,211.65,211.65,211.65,211.65,0
1756455425,211.65,211.65,211.65,211.65,0
1756455430,211.65,211.65,211.65,211.65,0
1756455435,211.65,211.65,211.65,211.65,0
1756455440,211.65,211.65,211.65,211.65,0
1756455445,211.65,211.65,211.65,211.65,0
1756455450,211.65,211.65,211.65,211.65,0
1756455455,211.65,211.65,211.65,211.65,0
1756455460,211.65,211.65,211.65,211.65,0
1756455465,211.65,211.65,211.65,211.65,0
1756455470,211.65,211.65,211.65,211.65,0
1756455475,211.65,211.65,211.65,211.65,0
1756455480,211.65,211.65,211.65,211.65,0
1756455485,211.65,211.65,211.65,211.65,0
1756455490,211.65,211.65,211.65,211.65,0
1756455495,211.65,211.65,211.65,211.65,0
1756455500,211.65,211.65,211.65,211.65,0
1756455505,211.65,211.65,211.65,211.65,0
1756455510,211.65,211.65,211.65,211.65,0
1756455515,211.65,211.65,211.65,211.65,0
1756455520,211.65,211.65,211.65,211.65,0
1756455525,211.65,211.65,211.65,211.65,0
1756455530,211.65,211.65,211.65,211.65,0
1756455535,211.65,211.65,211.65,211.65,0
1756455540,211.65,211.65,211.65,211.65,0
1756455545,211.65,211.65,211.65,211.65,0
1756455550,211.65,211.65,211.65,211.65,0
1756455555,211.65,211.65,211.65,211.65,0
1756455560,211.65,211.65,211.65,211.65,0
1756455565,211.65,211.65,211.65,211.65,0
1756455570,211.65,211.65,211.65,211.65,0
1756455575,211.65,211.65,211.65,211.65,0
1756455580,211.65,211.65,211.65,211.65,0
1756455585,211.65,211.65,211.65,211.65,0
1756455590,211.65,211.65,211.65,211.65,0
1756455595,211.65,211.65,211.65,211.65,0
1756455600,211.65,211.65,211.65,211.65,0
1756455605,211.65,211.65,211.65,211.65,0
1756455610,211.65,211.65,211.65,211.65,0
1756455615,211.65,211.65,211.65,211.65,0
1756455620,211.65,211.65,211.65,211.65,0
1756455625,211.65,211.65,211.65,211.65,0
1756455630,211.61,211.62,211.61,211.62,2
1756455635,211.62,211.62,211.62,211.62,0
1756455640,211.62,211.62,211.62,211.62,0
1756455645,211.62,211.62,211.62,211.62,0
1756455650,211.62,211.62,211.62,211.62,0
1756455655,211.62,211.62,211.62,211.62,0
1756455660,211.62,211.62,211.62,211.62,0
1756455665,211.62,211.62,211.62,211.62,0
1756455670,211.74,211.74,211.74,211.74,1
1756455675,211.74,211.74,211.74,211.74,0
1756455680,211.74,211.74,211.74,211.74,0
1756455685,211.74,211.74,211.74,211.74,0
1756455690,211.74,211.74,211.74,211.74,0
1756455695,211.74,211.74,211.74,211.74,0
1756455700,211.74,211.74,211.74,211.74,0
1756455705,211.74,211.74,211.74,211.74,0
1756455710,211.74,211.74,211.74,211.74,0
1756455715,211.74,211.74,211.74,211.74,0
1756455720,211.74,211.74,211.74,211.74,0
1756455725,211.74,211.74,211.74,211.74,0
1756455730,211.74,211.74,211.74,211.74,0
1756455735,211.74,211.74,211.74,211.74,0
1756455740,211.74,211.74,211.74,211.74,0
1756455745,211.74,211.74,211.74,211.74,0
1756455750,211.74,211.74,211.74,211.74,0
1756455755,211.74,211.74,211.74,211.74,0
1756455760,211.74,211.74,211.74,211.74,0
1756455765,211.74,211.74,211.74,211.74,0
1756455770,211.74,211.74,211.74,211.74,0
1756455775,211.74,211.74,211.74,211.74,0
1756455780,211.74,211.74,211.74,211.74,0
1756455785,211.74,211.74,211.74,211.74,0
1756455790,211.74,211.74,211.74,211.74,0
1756455795,211.74,211.74,211.74,211.74,0
1756455800,211.74,211.74,211.74,211.74,0
1756455805,211.74,211.74,211.74,211.74,0
1756455810,211.74,211.74,211.74,211.74,0
1756455815,211.74,211.74,211.74,211.74,0
1756455820,211.74,211.74,211.74,211.74,0
1756455825,211.74,211.74,211.74,211.74,0
1756455830,211.74,211.74,211.74,211.74,0
1756455835,211.74,211.74,211.74,211.74,0
1756455840,211.74,211.74,211.74,211.74,0
1756455845,211.74,211.74,211.74,211.74,0
1756455850,211.74,211.74,211.74,211.74,0
1756455855,211.74,211.74,211.74,211.74,0
1756455860,211.74,211.74,211.74,211.74,0
1756455865,211.74,211.74,211.74,211.74,0
1756455870,211.74,211.74,211.74,211.74,0
1756455875,211.74,211.74,211.74,211.74,0
1756455880,211.74,211.74,211.74,211.74,0
1756455885,211.74,211.74,211.74,211.74,0
1756455890,211.74,211.74,211.74,211.74,0
1756455895,211.74,211.74,211.74,211.74,0
1756455900,211.74,211.74,211.74,211.74,0
1756455905,211.74,211.74,211.74,211.74,0
1756455910,211.74,211.74,211.74,211.74,0
1756455915,211.74,211.74,211.74,211.74,0
1756455920,211.74,211.74,211.74,211.74,0
1756455925,211.74,211.74,211.74,211.74,0
1756455930,211.74,211.74,211.74,211.74,0
1756455935,211.74,211.74,211.74,211.74,0
1756455940,211.74,211.74,211.74,211.74,0
1756455945,211.74,211.74,211.74,211.74,0
1756455950,211.74,211.74,211.74,211.74,0
1756455955,211.74,211.74,211.74,211.74,0
1756455960,211.74,211.74,211.74,211.74,0
1756455965,211.74,211.74,211.74,211.74,0
1756455970,211.74,211.74,211.74,211.74,0
1756455975,211.74,211.74,211.74,211.74,0
1756455980,211.74,211.74,211.74,211.74,0
1756455985,211.74,211.74,211.74,211.74,0
1756455990,211.74,211.74,211.74,211.74,0
1756455995,211.74,211.74,211.74,211.74,0
1756456000,211.74,211.74,211.74,211.74,0
1756456005,211.74,211.74,211.74,211.74,0
1756456010,211.74,211.74,211.74,211.74,0
1756456015,211.74,211.74,211.74,211.74,0
1756456020,211.74,211.74,211.74,211.74,0
1756456025,211.74,211.74,211.74,211.74,0
1756456030,211.74,211.74,211.74,211.74,0
1756456035,211.74,211.74,211.74,211.74,0
1756456040,211.74,211.74,211.74,211.74,0
1756456045,211.74,211.74,211.74,211.74,0
1756456050,211.74,211.74,211.74,211.74,0
1756456055,211.74,211.74,211.74,211.74,0
1756456060,211.74,211.74,211.74,211.74,0
1756456065,211.74,211.74,211.74,211.74,0
1756456070,211.74,211.74,211.74,211.74,0
1756456075,211.71,211.71,211.68,211.68,6
1756456080,211.68,211.68,211.68,211.68,0
1756456085,211.68,211.68,211.68,211.68,0
1756456090,211.68,211.68,211.68,211.68,0
1756456095,211.68,211.68,211.68,211.68,0
1756456100,211.68,211.68,211.68,211.68,0
1756456105,211.68,211.68,211.68,211.68,0
1756456110,211.68,211.68,211.68,211.68,0
1756456115,211.68,211.68,211.68,211.68,0
1756456120,211.68,211.68,211.68,211.68,0
1756456125,211.68,211.68,211.68,211.68,0
1756456130,211.68,211.68,211.68,211.68,0
1756456135,211.68,211.68,211.68,211.68,0
1756456140,211.68,211.68,211.68,211.68,0
1756456145,211.68,211.68,211.68,211.68,0
1756456150,211.68,211.68,211.68,211.68,0
1756456155,211.68,211.68,211.68,211.68,0
1756456160,211.68,211.68,211.68,211.68,0
1756456165,211.68,211.68,211.68,211.68,0
1756456170,211.68,211.68,211.68,211.68,0
1756456175,211.68,211.68,211.68,211.68,0
1756456180,211.68,211.68,211.68,211.68,0
1756456185,211.68,211.68,211.68,211.68,0
1756456190,211.68,211.68,211.68,211.68,0
1756456195,211.68,211.68,211.68,211.68,0
1756456200,211.68,211.68,211.68,211.68,0
1756456205,211.68,211.68,211.68,211.68,0
1756456210,211.68,211.68,211.68,211.68,0
1756456215,211.68,211.68,211.68,211.68,0
1756456220,211.68,211.68,211.68,211.68,0
1756456225,211.68,211.68,211.68,211.68,0
1756456230,211.68,211.68,211.68,211.68,0
1756456235,211.68,211.68,211.68,211.68,0
1756456240,211.68,211.68,211.68,211.68,0
1756456245,211.68,211.68,211.68,211.68,0
1756456250,211.68,211.68,211.68,211.68,0
1756456255,211.68,211.68,211.68,211.68,0
1756456260,211.68,211.68,211.68,211.68,0
1756456265,211.68,211.68,211.68,211.68,0
1756456270,211.68,211.68,211.68,211.68,0
1756456275,211.68,211.68,211.68,211.68,0
1756456280,211.68,211.68,211.68,211.68,0
1756456285,211.68,211.68,211.68,211.68,0
1756456290,211.68,211.68,211.68,211.68,0
1756456295,211.68,211.68,211.68,211.68,0
1756456300,211.68,211.68,211.68,211.68,0
1756456305,211.68,211.68,211.68,211.68,0
1756456310,211.68,211.68,211.68,211.68,0
1756456315,211.68,211.68,211.68,211.68,0
1756456320,211.68,211.68,211.68,211.68,0
1756456325,211.68,211.68,211.68,211.68,0
1756456330,211.68,211.68,211.68,211.68,0
1756456335,211.68,211.68,211.68,211.68,0
1756456340,211.68,211.68,211.68,211.68,0
1756456345,211.68,211.68,211.68,211.68,0
1756456350,211.68,211.68,211.68,211.68,0
1756456355,211.68,211.68,211.68,211.68,0
1756456360,211.68,211.68,211.68,211.68,0
1756456365,211.68,211.68,211.68,211.68,0
1756456370,211.68,211.68,211.68,211.68,0
1756456375,211.68,211.68,211.68,211.68,0
1756456380,211.68,211.68,211.68,211.68,0
1756456385,211.68,211.68,211.68,211.68,0
1756456390,211.68,211.68,211.68,211.68,0
1756456395,211.68,211.68,211.68,211.68,0
1756456400,211.68,211.68,211.68,211.68,0
1756456405,211.68,211.68,211.68,211.68,0
1756456410,211.68,211.68,211.68,211.68,0
1756456415,211.68,211.68,211.68,211.68,0
1756456420,211.68,211.68,211.68,211.68,0
1756456425,211.68,211.68,211.68,211.68,0
1756456430,211.68,211.68,211.68,211.68,0
1756456435,211.68,211.68,211.68,211.68,0
1756456440,211.68,211.68,211.68,211.68,0
1756456445,211.68,211.68,211.68,211.68,0
1756456450,211.68,211.68,211.68,211.68,0
1756456455,211.68,211.68,211.68,211.68,0
1756456460,211.68,211.68,211.68,211.68,0
1756456465,211.68,211.68,211.68,211.68,0
1756456470,211.68,211.68,211.68,211.68,0
1756456475,211.68,211.68,211.68,211.68,0
1756456480,211.68,211.68,211.68,211.68,0
1756456485,211.68,211.68,211.68,211.68,0
1756456490,211.68,211.68,211.68,211.68,0
1756456495,211.68,211.68,211.68,211.68,0
1756456500,211.68,211.68,211.68,211.68,0
1756456505,211.68,211.68,211.68,211.68,0
1756456510,211.68,211.68,211.68,211.68,0
1756456515,211.68,211.68,211.68,211.68,0
1756456520,211.68,211.68,211.68,211.68,0
1756456525,211.68,211.68,211.68,211.68,0
1756456530,211.68,211.68,211.68,211.68,0
1756456535,211.68,211.68,211.68,211.68,0
1756456540,211.68,211.68,211.68,211.68,0
1756456545,211.68,211.68,211.68,211.68,0
1756456550,211.68,211.68,211.68,211.68,0
1756456555,211.68,211.68,211.68,211.68,0
1756456560,211.68,211.68,211.68,211.68,0
1756456565,211.68,211.68,211.68,211.68,0
1756456570,211.68,211.68,211.68,211.68,0
1756456575,211.68,211.68,211.68,211.68,0
1756456580,211.68,211.68,211.68,211.68,0
1756456585,211.68,211.68,211.68,211.68,0
1756456590,211.68,211.68,211.68,211.68,0
1756456595,211.68,211.68,211.68,211.68,0
1756456600,211.68,211.68,211.68,211.68,0
1756456605,211.68,211.68,211.68,211.68,0
1756456610,211.68,211.68,211.68,211.68,0
1756456615,211.68,211.68,211.68,211.68,0
1756456620,211.68,211.68,211.68,211.68,0
1756456625,211.68,211.68,211.68,211.68,0
1756456630,211.68,211.68,211.68,211.68,0
1756456635,211.68,211.68,211.68,211.68,0
1756456640,211.68,211.68,211.68,211.68,0
1756456645,211.68,211.68,211.68,211.68,0
1756456650,211.68,211.68,211.68,211.68,0
1756456655,211.68,211.68,211.68,211.68,0
1756456660,211.68,211.68,211.68,211.68,0
1756456665,211.71,211.8,211.71,211.8,17
1756456670,211.8,211.8,211.8,211.8,0
1756456675,211.8,211.8,211.8,211.8,0
1756456680,211.8,211.8,211.8,211.8,0
1756456685,211.8,211.8,211.8,211.8,0
1756456690,211.8,211.8,211.8,211.8,0
1756456695,211.8,211.8,211.8,211.8,0
1756456700,211.8,211.8,211.8,211.8,0
1756456705,211.8,211.8,211.8,211.8,0
1756456710,211.8,211.8,211.8,211.8,0
1756456715,211.8,211.8,211.8,211.8,0
1756456720,211.8,211.8,211.8,211.8,0
1756456725,211.8,211.8,211.8,211.8,0
1756456730,211.8,211.8,211.8,211.8,0
1756456735,211.8,211.8,211.8,211.8,0
1756456740,211.8,211.8,211.8,211.8,0
1756456745,211.8,211.8,211.8,211.8,0
1756456750,211.8,211.8,211.8,211.8,0
1756456755,211.8,211.8,211.8,211.8,0
1756456760,211.8,211.8,211.8,211.8,0
1756456765,211.8,211.8,211.8,211.8,0
1756456770,211.8,211.8,211.8,211.8,0
1756456775,211.8,211.8,211.8,211.8,0
1756456780,211.8,211.8,211.8,211.8,0
1756456785,211.8,211.8,211.8,211.8,0
1756456790,211.8,211.8,211.8,211.8,0
1756456795,211.8,211.8,211.8,211.8,0
1756456800,211.8,211.8,211.8,211.8,0
1756456805,211.8,211.8,211.8,211.8,0
1756456810,211.8,211.8,211.8,211.8,0
1756456815,211.8,211.8,211.8,211.8,0
1756456820,211.8,211.8,211.8,211.8,0
1756456825,211.8,211.8,211.8,211.8,0
1756456830,211.8,211.8,211.8,211.8,0
1756456835,211.8,211.8,211.8,211.8,0
1756456840,211.8,211.8,211.8,211.8,0
1756456845,211.8,211.8,211.8,211.8,0
1756456850,211.8,211.8,211.8,211.8,0
1756456855,211.8,211.8,211.8,211.8,0
1756456860,211.8,211.8,211.8,211.8,0
1756456865,211.8,211.8,211.8,211.8,0
1756456870,211.8,211.8,211.8,211.8,0
1756456875,211.8,211.8,211.8,211.8,0
1756456880,211.8,211.8,211.8,211.8,0
1756456885,211.8,211.8,211.8,211.8,0
1756456890,211.8,211.8,211.8,211.8,0
1756456895,211.8,211.8,211.8,211.8,0
1756456900,211.8,211.8,211.8,211.8,0
1756456905,211.8,211.8,211.8,211.8,0
1756456910,211.8,211.8,211.8,211.8,0
1756456915,211.8,211.8,211.8,211.8,0
1756456920,211.8,211.8,211.8,211.8,0
1756456925,211.8,211.8,211.8,211.8,0
1756456930,211.8,211.8,211.8,211.8,0
1756456935,211.8,211.8,211.8,211.8,0
1756456940,211.8,211.8,211.8,211.8,0
1756456945,211.8,211.8,211.8,211.8,0
1756456950,211.8,211.8,211.8,211.8,0
1756456955,211.8,211.8,211.8,211.8,0
1756456960,211.8,211.8,211.8,211.8,0
1756456965,211.8,211.8,211.8,211.8,0
1756456970,211.8,211.8,211.8,211.8,0
1756456975,211.63,211.63,211.63,211.63,2
1756456980,211.63,211.63,211.63,211.63,0
1756456985,211.63,211.63,211.63,211.63,0
1756456990,211.63,211.63,211.63,211.63,0
1756456995,211.63,211.63,211.63,211.63,0
1756457000,211.63,211.63,211.63,211.63,0
1756457005,211.63,211.63,211.63,211.63,0
1756457010,211.63,211.63,211.63,211.63,0
1756457015,211.63,211.63,211.63,211.63,0
1756457020,211.63,211.63,211.63,211.63,0
1756457025,211.63,211.63,211.63,211.63,0
1756457030,211.63,211.63,211.63,211.63,0
1756457035,211.63,211.63,211.63,211.63,0
1756457040,211.63,211.63,211.63,211.63,0
1756457045,211.63,211.63,211.63,211.63,0
1756457050,211.63,211.63,211.63,211.63,0
1756457055,211.63,211.63,211.63,211.63,0
1756457060,211.67,211.67,211.67,211.67,1
1756457065,211.67,211.67,211.67,211.67,0
1756457070,211.67,211.67,211.67,211.67,0
1756457075,211.67,211.67,211.67,211.67,0
1756457080,211.67,211.67,211.67,211.67,0
1756457085,211.67,211.67,211.67,211.67,0
1756457090,211.67,211.67,211.67,211.67,0
1756457095,211.67,211.67,211.67,211.67,0
1756457100,211.67,211.67,211.67,211.67,0
1756457105,211.67,211.67,211.67,211.67,0
1756457110,211.67,211.67,211.67,211.67,0
1756457115,211.67,211.67,211.67,211.67,0
1756457120,211.67,211.67,211.67,211.67,0
1756457125,211.67,211.67,211.67,211.67,0
1756457130,211.67,211.67,211.67,211.67,0
1756457135,211.67,211.67,211.67,211.67,0
1756457140,211.67,211.67,211.67,211.67,0
1756457145,211.67,211.67,211.67,211.67,0
1756457150,211.67,211.67,211.67,211.67,0
1756457155,211.67,211.67,211.67,211.67,0
1756457160,211.67,211.67,211.67,211.67,0
1756457165,211.67,211.67,211.67,211.67,0
1756457170,211.67,211.67,211.67,211.67,0
1756457175,211.67,211.67,211.67,211.67,0
1756457180,211.67,211.67,211.67,211.67,0
1756457185,211.67,211.67,211.67,211.67,0
1756457190,211.67,211.67,211.67,211.67,0
1756457195,211.67,211.67,211.67,211.67,0
1756457200,211.67,211.67,211.67,211.67,0
1756457205,211.67,211.67,211.67,211.67,0
1756457210,211.67,211.67,211.67,211.67,0
1756457215,211.67,211.67,211.67,211.67,0
1756457220,211.67,211.67,211.67,211.67,0
1756457225,211.67,211.67,211.67,211.67,0
1756457230,211.67,211.67,211.67,211.67,0
1756457235,211.67,211.67,211.67,211.67,0
1756457240,211.67,211.67,211.67,211.67,0
1756457245,211.67,211.67,211.67,211.67,0
1756457250,211.67,211.67,211.67,211.67,0
1756457255,211.67,211.67,211.67,211.67,0
1756457260,211.67,211.67,211.67,211.67,0
1756457265,211.67,211.67,211.67,211.67,0
1756457270,211.67,211.67,211.67,211.67,0
1756457275,211.69,211.69,211.69,211.69,1
1756457280,211.69,211.69,211.69,211.69,0
1756457285,211.69,211.69,211.69,211.69,0
1756457290,211.69,211.69,211.69,211.69,0
1756457295,211.69,211.69,211.69,211.69,0
1756457300,211.69,211.69,211.69,211.69,0
1756457305,211.69,211.69,211.69,211.69,0
1756457310,211.69,211.69,211.69,211.69,0
1756457315,211.69,211.69,211.69,211.69,0
1756457320,211.69,211.69,211.69,211.69,0
1756457325,211.69,211.69,211.69,211.69,0
1756457330,211.69,211.69,211.69,211.69,0
1756457335,211.69,211.69,211.69,211.69,0
1756457340,211.69,211.69,211.69,211.69,0
1756457345,211.69,211.69,211.69,211.69,0
1756457350,211.69,211.69,211.69,211.69,0
1756457355,211.69,211.69,211.69,211.69,0
1756457360,211.69,211.69,211.69,211.69,0
1756457365,211.69,211.69,211.69,211.69,0
1756457370,211.69,211.69,211.69,211.69,0
1756457375,211.69,211.69,211.69,211.69,0
1756457380,211.69,211.69,211.69,211.69,0
1756457385,211.69,211.69,211.69,211.69,0
1756457390,211.69,211.69,211.69,211.69,0
1756457395,211.69,211.69,211.69,211.69,0
1756457400,211.69,211.69,211.69,211.69,0
1756457405,211.69,211.69,211.69,211.69,0
1756457410,211.69,211.69,211.69,211.69,0
1756457415,211.69,211.69,211.69,211.69,0
1756457420,211.69,211.69,211.69,211.69,0
1756457425,211.69,211.69,211.69,211.69,0
1756457430,211.69,211.69,211.69,211.69,0
1756457435,211.69,211.69,211.69,211.69,0
1756457440,211.69,211.69,211.69,211.69,0
1756457445,211.69,211.69,211.69,211.69,0
1756457450,211.69,211.69,211.69,211.69,0
1756457455,211.69,211.69,211.69,211.69,0
1756457460,211.69,211.69,211.69,211.69,0
1756457465,211.69,211.69,211.69,211.69,0
1756457470,211.69,211.69,211.69,211.69,0
1756457475,211.69,211.69,211.69,211.69,0
1756457480,211.69,211.69,211.69,211.69,0
1756457485,211.69,211.69,211.69,211.69,0
1756457490,211.69,211.69,211.69,211.69,0
1756457495,211.69,211.69,211.69,211.69,0
1756457500,211.69,211.69,211.69,211.69,0
1756457505,211.69,211.69,211.69,211.69,0
1756457510,211.69,211.69,211.69,211.69,0
1756457515,211.69,211.69,211.69,211.69,0
1756457520,211.69,211.69,211.69,211.69,0
1756457525,211.69,211.69,211.69,211.69,0
1756457530,211.69,211.69,211.69,211.69,0
1756457535,211.69,211.69,211.69,211.69,0
1756457540,211.69,211.69,211.69,211.69,0
1756457545,211.69,211.69,211.69,211.69,0
1756457550,211.69,211.69,211.69,211.69,0
1756457555,211.69,211.69,211.69,211.69,0
1756457560,211.69,211.69,211.69,211.69,0
1756457565,211.69,211.69,211.69,211.69,0
1756457570,211.69,211.69,211.69,211.69,0
1756457575,211.69,211.69,211.69,211.69,0
1756457580,211.69,211.69,211.69,211.69,0
1756457585,211.69,211.69,211.69,211.69,0
1756457590,211.69,211.69,211.69,211.69,0
1756457595,211.69,211.69,211.69,211.69,0
1756457600,211.69,211.69,211.69,211.69,0
1756457605,211.69,211.69,211.69,211.69,0
1756457610,211.69,211.69,211.69,211.69,0
1756457615,211.69,211.69,211.69,211.69,0
1756457620,211.69,211.69,211.69,211.69,0
1756457625,211.69,211.69,211.69,211.69,0
1756457630,211.69,211.69,211.69,211.69,0
1756457635,211.69,211.69,211.69,211.69,0
1756457640,211.69,211.69,211.69,211.69,0
1756457645,211.69,211.69,211.69,211.69,0
1756457650,211.69,211.69,211.69,211.69,0
1756457655,211.69,211.69,211.69,211.69,0
1756457660,211.61,211.61,211.6,211.6,2
1756457665,211.6,211.6,211.6,211.6,0
1756457670,211.6,211.6,211.6,211.6,0
1756457675,211.6,211.6,211.6,211.6,0
1756457680,211.6,211.6,211.6,211.6,0
1756457685,211.6,211.6,211.6,211.6,0
1756457690,211.6,211.6,211.6,211.6,0
1756457695,211.6,211.6,211.6,211.6,0
1756457700,211.6,211.6,211.6,211.6,0
1756457705,211.6,211.6,211.6,211.6,0
1756457710,211.6,211.6,211.6,211.6,0
1756457715,211.6,211.6,211.6,211.6,0
1756457720,211.6,211.6,211.6,211.6,0
1756457725,211.6,211.6,211.6,211.6,0
1756457730,211.6,211.6,211.6,211.6,0
1756457735,211.6,211.6,211.6,211.6,0
1756457740,211.6,211.6,211.6,211.6,0
1756457745,211.6,211.6,211.6,211.6,0
1756457750,211.6,211.6,211.6,211.6,0
1756457755,211.6,211.6,211.6,211.6,0
1756457760,211.6,211.6,211.6,211.6,0
1756457765,211.6,211.6,211.6,211.6,0
1756457770,211.6,211.6,211.6,211.6,0
1756457775,211.6,211.6,211.6,211.6,0
1756457780,211.6,211.6,211.6,211.6,0
1756457785,211.6,211.6,211.6,211.6,0
1756457790,211.63,211.63,211.63,211.63,1
1756457795,211.63,211.63,211.63,211.63,0
1756457800,211.63,211.63,211.63,211.63,0
1756457805,211.63,211.63,211.63,211.63,0
1756457810,211.63,211.63,211.63,211.63,0
1756457815,211.63,211.63,211.63,211.63,0
1756457820,211.63,211.63,211.63,211.63,0
1756457825,211.63,211.63,211.63,211.63,0
1756457830,211.63,211.63,211.63,211.63,0
1756457835,211.63,211.63,211.63,211.63,0
1756457840,211.63,211.63,211.63,211.63,0
1756457845,211.63,211.63,211.63,211.63,0
1756457850,211.63,211.63,211.63,211.63,0
1756457855,211.63,211.63,211.63,211.63,0
1756457860,211.63,211.63,211.63,211.63,0
1756457865,211.63,211.63,211.63,211.63,0
1756457870,211.63,211.63,211.63,211.63,0
1756457875,211.63,211.63,211.63,211.63,0
1756457880,211.63,211.63,211.63,211.63,0
1756457885,211.63,211.63,211.63,211.63,0
1756457890,211.63,211.63,211.63,211.63,0
1756457895,211.63,211.63,211.63,211.63,0
1756457900,211.63,211.63,211.63,211.63,0
1756457905,211.63,211.63,211.63,211.63,0
1756457910,211.63,211.63,211.63,211.63,0
1756457915,211.63,211.63,211.63,211.63,0
1756457920,211.55,211.55,211.54,211.54,3
1756457925,211.54,211.54,211.54,211.54,0
1756457930,211.54,211.54,211.54,211.54,0
1756457935,211.54,211.54,211.54,211.54,0
1756457940,211.54,211.54,211.54,211.54,0
1756457945,211.54,211.54,211.54,211.54,0
1756457950,211.46,211.46,211.46,211.46,1
1756457955,211.46,211.46,211.46,211.46,0
1756457960,211.46,211.46,211.46,211.46,0
1756457965,211.46,211.46,211.46,211.46,0
1756457970,211.46,211.46,211.46,211.46,0
1756457975,211.46,211.46,211.46,211.46,0
1756457980,211.46,211.46,211.46,211.46,0
1756457985,211.46,211.46,211.46,211.46,0
1756457990,211.46,211.46,211.46,211.46,0
1756457995,211.46,211.46,211.46,211.46,0
1756458000,211.46,211.46,211.46,211.46,0
1756458005,211.46,211.46,211.46,211.46,0
1756458010,211.46,211.46,211.46,211.46,0
1756458015,211.46,211.46,211.46,211.46,0
1756458020,211.46,211.46,211.46,211.46,0
1756458025,211.46,211.46,211.46,211.46,0
1756458030,211.46,211.46,211.46,211.46,0
1756458035,211.46,211.46,211.46,211.46,0
1756458040,211.46,211.46,211.46,211.46,0
1756458045,211.46,211.46,211.46,211.46,0
1756458050,211.46,211.46,211.46,211.46,0
1756458055,211.46,211.46,211.46,211.46,0
1756458060,211.46,211.46,211.46,211.46,0
1756458065,211.46,211.46,211.46,211.46,0
1756458070,211.46,211.46,211.46,211.46,0
1756458075,211.46,211.46,211.46,211.46,0
1756458080,211.46,211.46,211.46,211.46,0
1756458085,211.46,211.46,211.46,211.46,0
1756458090,211.46,211.46,211.46,211.46,0
1756458095,211.46,211.46,211.46,211.46,0
1756458100,211.46,211.46,211.46,211.46,0
1756458105,211.46,211.46,211.46,211.46,0
1756458110,211.46,211.46,211.46,211.46,0
1756458115,211.46,211.46,211.46,211.46,0
1756458120,211.46,211.46,211.46,211.46,0
1756458125,211.46,211.46,211.46,211.46,0
1756458130,211.46,211.46,211.46,211.46,0
1756458135,211.46,211.46,211.46,211.46,0
1756458140,211.46,211.46,211.46,211.46,0
1756458145,211.46,211.46,211.46,211.46,0
1756458150,211.46,211.46,211.46,211.46,0
1756458155,211.46,211.46,211.46,211.46,0
1756458160,211.46,211.46,211.46,211.46,0
1756458165,211.46,211.46,211.46,211.46,0
1756458170,211.46,211.46,211.46,211.46,0
1756458175,211.46,211.46,211.46,211.46,0
1756458180,211.46,211.46,211.46,211.46,0
1756458185,211.46,211.46,211.46,211.46,0
1756458190,211.46,211.46,211.46,211.46,0
1756458195,211.46,211.46,211.46,211.46,0
1756458200,211.46,211.46,211.46,211.46,0
1756458205,211.46,211.46,211.46,211.46,0
1756458210,211.46,211.46,211.46,211.46,0
1756458215,211.46,211.46,211.46,211.46,0
1756458220,211.46,211.46,211.46,211.46,0
1756458225,211.46,211.46,211.46,211.46,0
1756458230,211.46,211.46,211.46,211.46,0
1756458235,211.46,211.46,211.46,211.46,0
1756458240,211.46,211.46,211.46,211.46,0
1756458245,211.46,211.46,211.46,211.46,0
1756458250,211.46,211.46,211.46,211.46,0
1756458255,211.46,211.46,211.46,211.46,0
1756458260,211.46,211.46,211.46,211.46,0
1756458265,211.46,211.46,211.46,211.46,0
1756458270,211.46,211.46,211.46,211.46,0
1756458275,211.46,211.46,211.46,211.46,0
1756458280,211.44,211.44,211.44,211.44,2
1756458285,211.44,211.44,211.44,211.44,0
1756458290,211.44,211.44,211.44,211.44,0
1756458295,211.44,211.44,211.44,211.44,0
1756458300,211.44,211.44,211.44,211.44,0
1756458305,211.44,211.44,211.44,211.44,0
1756458310,211.44,211.44,211.44,211.44,0
1756458315,211.44,211.44,211.44,211.44,0
1756458320,211.44,211.44,211.44,211.44,0
1756458325,211.44,211.44,211.44,211.44,0
1756458330,211.44,211.44,211.44,211.44,0
1756458335,211.44,211.44,211.44,211.44,0
1756458340,211.44,211.44,211.44,211.44,0
1756458345,211.44,211.44,211.44,211.44,0
1756458350,211.44,211.44,211.44,211.44,0
1756458355,211.44,211.44,211.44,211.44,0
1756458360,211.44,211.44,211.44,211.44,0
1756458365,211.44,211.44,211.44,211.44,0
1756458370,211.44,211.44,211.44,211.44,0
1756458375,211.44,211.44,211.44,211.44,0
1756458380,211.44,211.44,211.44,211.44,0
1756458385,211.44,211.44,211.44,211.44,0
1756458390,211.44,211.44,211.44,211.44,0
1756458395,211.44,211.44,211.44,211.44,0
1756458400,211.44,211.44,211.44,211.44,0
1756458405,211.44,211.44,211.44,211.44,0
1756458410,211.44,211.44,211.44,211.44,0
1756458415,211.44,211.44,211.44,211.44,0
1756458420,211.44,211.44,211.44,211.44,0
1756458425,211.44,211.44,211.44,211.44,0
1756458430,211.52,211.52,211.52,211.52,1
1756458435,211.52,211.52,211.52,211.52,0
1756458440,211.52,211.52,211.52,211.52,0
1756458445,211.52,211.52,211.52,211.52,0
1756458450,211.52,211.52,211.52,211.52,0
1756458455,211.52,211.52,211.52,211.52,0
1756458460,211.52,211.52,211.52,211.52,0
1756458465,211.52,211.52,211.52,211.52,0
1756458470,211.52,211.52,211.52,211.52,0
1756458475,211.52,211.52,211.52,211.52,0
1756458480,211.52,211.52,211.52,211.52,0
1756458485,211.52,211.52,211.52,211.52,0
1756458490,211.52,211.52,211.52,211.52,0
1756458495,211.52,211.52,211.52,211.52,0
1756458500,211.52,211.52,211.52,211.52,0
1756458505,211.52,211.52,211.52,211.52,0
1756458510,211.52,211.52,211.52,211.52,0
1756458515,211.52,211.52,211.52,211.52,0
1756458520,211.52,211.52,211.52,211.52,0
1756458525,211.52,211.52,211.52,211.52,0
1756458530,211.52,211.52,211.52,211.52,0
1756458535,211.52,211.52,211.52,211.52,0
1756458540,211.52,211.52,211.52,211.52,0
1756458545,211.52,211.52,211.52,211.52,0
1756458550,211.52,211.52,211.52,211.52,0
1756458555,211.52,211.52,211.52,211.52,0
1756458560,211.52,211.52,211.52,211.52,0
1756458565,211.52,211.52,211.52,211.52,0
1756458570,211.51,211.51,211.51,211.51,1
1756458575,211.51,211.51,211.51,211.51,0
1756458580,211.51,211.51,211.51,211.51,0
1756458585,211.51,211.51,211.51,211.51,0
1756458590,211.51,211.51,211.51,211.51,0
1756458595,211.51,211.51,211.51,211.51,0
1756458600,211.51,211.51,211.51,211.51,0
1756458605,211.51,211.51,211.51,211.51,0
1756458610,211.51,211.51,211.51,211.51,0
1756458615,211.51,211.51,211.51,211.51,0
1756458620,211.51,211.51,211.51,211.51,0
1756458625,211.51,211.51,211.51,211.51,0
1756458630,211.51,211.51,211.51,211.51,0
1756458635,211.51,211.51,211.51,211.51,0
1756458640,211.51,211.51,211.51,211.51,0
1756458645,211.51,211.51,211.51,211.51,0
1756458650,211.51,211.51,211.51,211.51,0
1756458655,211.51,211.51,211.51,211.51,0
1756458660,211.51,211.51,211.51,211.51,0
1756458665,211.51,211.51,211.51,211.51,0
1756458670,211.51,211.51,211.51,211.51,0
1756458675,211.51,211.51,211.51,211.51,0
1756458680,211.51,211.51,211.51,211.51,0
1756458685,211.51,211.51,211.51,211.51,0
1756458690,211.51,211.51,211.51,211.51,0
1756458695,211.51,211.51,211.51,211.51,0
1756458700,211.51,211.51,211.51,211.51,0
1756458705,211.51,211.51,211.51,211.51,0
1756458710,211.51,211.51,211.51,211.51,0
1756458715,211.51,211.51,211.51,211.51,0
1756458720,211.51,211.51,211.51,211.51,0
1756458725,211.51,211.51,211.51,211.51,0
1756458730,211.51,211.51,211.51,211.51,0
1756458735,211.51,211.51,211.51,211.51,0
1756458740,211.51,211.51,211.51,211.51,0
1756458745,211.51,211.51,211.51,211.51,0
1756458750,211.51,211.51,211.51,211.51,0
1756458755,211.51,211.51,211.51,211.51,0
1756458760,211.51,211.51,211.51,211.51,0
1756458765,211.51,211.51,211.51,211.51,0
1756458770,211.51,211.51,211.51,211.51,0
1756458775,211.51,211.51,211.51,211.51,0
1756458780,211.51,211.51,211.51,211.51,0
1756458785,211.51,211.51,211.51,211.51,0
1756458790,211.51,211.51,211.51,211.51,0
1756458795,211.51,211.51,211.51,211.51,0
1756458800,211.51,211.51,211.51,211.51,0
1756458805,211.51,211.51,211.51,211.51,0
1756458810,211.51,211.51,211.51,211.51,0
1756458815,211.51,211.51,211.51,211.51,0
1756458820,211.51,211.51,211.51,211.51,0
1756458825,211.51,211.51,211.51,211.51,0
1756458830,211.5,211.5,211.5,211.5,1
1756458835,211.5,211.5,211.5,211.5,0
1756458840,211.5,211.5,211.5,211.5,0
1756458845,211.5,211.5,211.5,211.5,0
1756458850,211.44,211.47,211.44,211.47,2
1756458855,211.47,211.47,211.47,211.47,0
1756458860,211.47,211.47,211.47,211.47,0
1756458865,211.47,211.47,211.47,211.47,0
1756458870,211.47,211.47,211.47,211.47,0
1756458875,211.47,211.47,211.47,211.47,0
1756458880,211.47,211.47,211.47,211.47,0
1756458885,211.47,211.47,211.47,211.47,0
1756458890,211.47,211.47,211.47,211.47,0
1756458895,211.47,211.47,211.47,211.47,0
1756458900,211.47,211.47,211.47,211.47,0
1756458905,211.47,211.47,211.47,211.47,0
1756458910,211.47,211.47,211.47,211.47,0
1756458915,211.47,211.47,211.47,211.47,0
1756458920,211.47,211.47,211.47,211.47,0
1756458925,211.47,211.47,211.47,211.47,0
1756458930,211.47,211.47,211.47,211.47,0
1756458935,211.47,211.47,211.47,211.47,0
1756458940,211.47,211.47,211.47,211.47,0
1756458945,211.47,211.47,211.47,211.47,0
1756458950,211.47,211.47,211.47,211.47,0
1756458955,211.47,211.47,211.47,211.47,0
1756458960,211.47,211.47,211.47,211.47,0
1756458965,211.5,211.52,211.5,211.52,2
1756458970,211.52,211.52,211.52,211.52,0
1756458975,211.52,211.52,211.52,211.52,0
1756458980,211.52,211.52,211.52,211.52,0
1756458985,211.52,211.52,211.52,211.52,0
1756458990,211.52,211.52,211.52,211.52,0
1756458995,211.52,211.52,211.52,211.52,0
1756459000,211.52,211.52,211.52,211.52,0
1756459005,211.52,211.52,211.52,211.52,0
1756459010,211.52,211.52,211.52,211.52,0
1756459015,211.52,211.52,211.52,211.52,0
1756459020,211.52,211.52,211.52,211.52,0
1756459025,211.52,211.52,211.52,211.52,0
1756459030,211.52,211.52,211.52,211.52,0
1756459035,211.52,211.52,211.52,211.52,0
1756459040,211.52,211.52,211.52,211.52,0
1756459045,211.52,211.52,211.52,211.52,0
1756459050,211.52,211.52,211.52,211.52,0
1756459055,211.52,211.52,211.52,211.52,0
1756459060,211.52,211.52,211.52,211.52,0
1756459065,211.52,211.52,211.52,211.52,0
1756459070,211.52,211.52,211.52,211.52,0
1756459075,211.52,211.52,211.52,211.52,0
1756459080,211.52,211.52,211.52,211.52,0
1756459085,211.52,211.52,211.52,211.52,0
1756459090,211.59,211.59,211.59,211.59,1
1756459095,211.59,211.59,211.59,211.59,0
1756459100,211.59,211.59,211.59,211.59,0
1756459105,211.59,211.59,211.59,211.59,0
1756459110,211.59,211.59,211.59,211.59,0
1756459115,211.59,211.59,211.59,211.59,0
1756459120,211.59,211.59,211.59,211.59,0
1756459125,211.59,211.59,211.59,211.59,0
1756459130,211.59,211.59,211.59,211.59,0
1756459135,211.59,211.59,211.59,211.59,0
1756459140,211.59,211.59,211.59,211.59,0
1756459145,211.59,211.59,211.59,211.59,0
1756459150,211.59,211.59,211.59,211.59,0
1756459155,211.59,211.59,211.59,211.59,0
1756459160,211.59,211.59,211.59,211.59,0
1756459165,211.59,211.59,211.59,211.59,0
1756459170,211.59,211.59,211.59,211.59,0
1756459175,211.59,211.59,211.59,211.59,0
1756459180,211.59,211.59,211.59,211.59,0
1756459185,211.59,211.59,211.59,211.59,0
1756459190,211.59,211.59,211.59,211.59,0
1756459195,211.59,211.59,211.59,211.59,0
1756459200,211.59,211.59,211.59,211.59,0
1756459205,211.59,211.59,211.59,211.59,0
1756459210,211.59,211.59,211.59,211.59,0
1756459215,211.59,211.59,211.59,211.59,0
1756459220,211.59,211.59,211.59,211.59,0
1756459225,211.59,211.59,211.59,211.59,0
1756459230,211.59,211.59,211.59,211.59,0
1756459235,211.59,211.59,211.59,211.59,0
1756459240,211.59,211.59,211.59,211.59,0
1756459245,211.59,211.59,211.59,211.59,0
1756459250,211.51,211.58,211.51,211.58,12
1756459255,211.58,211.58,211.58,211.58,0
1756459260,211.58,211.58,211.58,211.58,0
1756459265,211.58,211.58,211.58,211.58,0
1756459270,211.58,211.58,211.58,211.58,0
1756459275,211.58,211.58,211.58,211.58,0
1756459280,211.58,211.58,211.58,211.58,0
1756459285,211.58,211.58,211.58,211.58,0
1756459290,211.58,211.58,211.58,211.58,0
1756459295,211.58,211.58,211.58,211.58,0
1756459300,211.58,211.58,211.58,211.58,0
1756459305,211.58,211.58,211.58,211.58,0
1756459310,211.58,211.58,211.58,211.58,0
1756459315,211.58,211.58,211.58,211.58,0
1756459320,211.58,211.58,211.58,211.58,0
1756459325,211.58,211.58,211.58,211.58,0
1756459330,211.58,211.58,211.58,211.58,0
1756459335,211.58,211.58,211.58,211.58,0
1756459340,211.58,211.58,211.58,211.58,0
1756459345,211.58,211.58,211.58,211.58,0
1756459350,211.58,211.58,211.58,211.58,0
1756459355,211.58,211.58,211.58,211.58,0
1756459360,211.58,211.58,211.58,211.58,0
1756459365,211.58,211.58,211.58,211.58,0
1756459370,211.58,211.58,211.58,211.58,0
1756459375,211.58,211.58,211.58,211.58,0
1756459380,211.58,211.58,211.58,211.58,0
1756459385,211.58,211.58,211.58,211.58,0
1756459390,211.58,211.58,211.58,211.58,0
1756459395,211.58,211.58,211.58,211.58,0
1756459400,211.58,211.58,211.58,211.58,0
1756459405,211.58,211.58,211.58,211.58,0
1756459410,211.58,211.58,211.58,211.58,0
1756459415,211.58,211.58,211.58,211.58,0
1756459420,211.58,211.58,211.58,211.58,0
1756459425,211.58,211.58,211.58,211.58,0
1756459430,211.58,211.58,211.58,211.58,0
1756459435,211.58,211.58,211.58,211.58,0
1756459440,211.58,211.58,211.58,211.58,0
1756459445,211.58,211.58,211.58,211.58,0
1756459450,211.58,211.58,211.58,211.58,0
1756459455,211.62,211.62,211.62,211.62,1
1756459460,211.62,211.62,211.62,211.62,0
1756459465,211.62,211.62,211.62,211.62,0
1756459470,211.62,211.62,211.62,211.62,0
1756459475,211.62,211.62,211.62,211.62,0
1756459480,211.62,211.62,211.62,211.62,0
1756459485,211.62,211.62,211.62,211.62,0
1756459490,211.62,211.62,211.62,211.62,0
1756459495,211.62,211.62,211.62,211.62,0
1756459500,211.62,211.62,211.62,211.62,0
1756459505,211.62,211.62,211.62,211.62,0
1756459510,211.62,211.62,211.62,211.62,0
1756459515,211.62,211.62,211.62,211.62,0
1756459520,211.62,211.62,211.62,211.62,0
1756459525,211.62,211.62,211.62,211.62,0
1756459530,211.62,211.62,211.62,211.62,0
1756459535,211.62,211.62,211.62,211.62,0
1756459540,211.62,211.62,211.62,211.62,0
1756459545,211.62,211.62,211.62,211.62,0
1756459550,211.62,211.62,211.62,211.62,0
1756459555,211.62,211.62,211.62,211.62,0
1756459560,211.62,211.62,211.62,211.62,0
1756459565,211.62,211.62,211.62,211.62,0
1756459570,211.62,211.62,211.62,211.62,0
1756459575,211.62,211.62,211.62,211.62,0
1756459580,211.62,211.62,211.62,211.62,0
1756459585,211.62,211.62,211.62,211.62,0
1756459590,211.62,211.62,211.62,211.62,0
1756459595,211.62,211.62,211.62,211.62,0
1756459600,211.62,211.62,211.62,211.62,0
1756459605,211.62,211.62,211.62,211.62,0
1756459610,211.62,211.62,211.62,211.62,0
1756459615,211.62,211.62,211.62,211.62,0
1756459620,211.61,211.61,211.61,211.61,1
1756459625,211.61,211.61,211.61,211.61,0
1756459630,211.61,211.61,211.61,211.61,0
1756459635,211.61,211.61,211.61,211.61,0
1756459640,211.61,211.61,211.61,211.61,0
1756459645,211.61,211.61,211.61,211.61,0
1756459650,211.61,211.61,211.61,211.61,0
1756459655,211.61,211.61,211.61,211.61,0
1756459660,211.61,211.61,211.61,211.61,0
1756459665,211.61,211.61,211.61,211.61,0
1756459670,211.61,211.61,211.61,211.61,0
1756459675,211.61,211.61,211.61,211.61,0
1756459680,211.61,211.61,211.61,211.61,0
1756459685,211.61,211.61,211.61,211.61,0
1756459690,211.61,211.61,211.61,211.61,0
1756459695,211.61,211.61,211.61,211.61,0
1756459700,211.61,211.61,211.61,211.61,0
1756459705,211.61,211.61,211.61,211.61,0
1756459710,211.61,211.61,211.61,211.61,0
1756459715,211.61,211.61,211.61,211.61,0
1756459720,211.61,211.61,211.61,211.61,0
1756459725,211.61,211.61,211.61,211.61,0
1756459730,211.61,211.61,211.61,211.61,0
1756459735,211.61,211.61,211.61,211.61,0
1756459740,211.61,211.61,211.61,211.61,0
1756459745,211.61,211.61,211.61,211.61,0
1756459750,211.61,211.61,211.61,211.61,0
1756459755,211.61,211.61,211.61,211.61,0
1756459760,211.61,211.61,211.61,211.61,0
1756459765,211.61,211.61,211.61,211.61,0
1756459770,211.61,211.61,211.61,211.61,0
1756459775,211.61,211.61,211.61,211.61,0
1756459780,211.61,211.61,211.61,211.61,0
1756459785,211.61,211.61,211.61,211.61,0
1756459790,211.61,211.61,211.61,211.61,0
1756459795,211.61,211.61,211.61,211.61,0
1756459800,211.61,211.61,211.61,211.61,0
1756459805,211.61,211.61,211.61,211.61,0
1756459810,211.61,211.61,211.61,211.61,0
1756459815,211.61,211.61,211.61,211.61,0
1756459820,211.61,211.61,211.61,211.61,0
1756459825,211.61,211.61,211.61,211.61,0
1756459830,211.61,211.61,211.61,211.61,0
1756459835,211.61,211.61,211.61,211.61,0
1756459840,211.61,211.61,211.61,211.61,0
1756459845,211.61,211.61,211.61,211.61,0
1756459850,211.61,211.61,211.61,211.61,0
1756459855,211.61,211.61,211.61,211.61,0
1756459860,211.61,211.61,211.61,211.61,0
1756459865,211.61,211.61,211.61,211.61,0
1756459870,211.61,211.61,211.61,211.61,0
1756459875,211.61,211.61,211.61,211.61,0
1756459880,211.61,211.61,211.61,211.61,0
1756459885,211.61,211.61,211.61,211.61,0
1756459890,211.61,211.61,211.61,211.61,0
1756459895,211.61,211.61,211.61,211.61,0
1756459900,211.61,211.61,211.61,211.61,0
1756459905,211.61,211.61,211.61,211.61,0
1756459910,211.61,211.61,211.61,211.61,0
1756459915,211.61,211.61,211.61,211.61,0
1756459920,211.61,211.61,211.61,211.61,0
1756459925,211.61,211.61,211.61,211.61,0
1756459930,211.63,211.7,211.63,211.7,7
1756459935,211.7,211.7,211.7,211.7,0
1756459940,211.7,211.7,211.7,211.7,0
1756459945,211.7,211.7,211.7,211.7,0
1756459950,211.7,211.7,211.7,211.7,0
1756459955,211.7,211.7,211.7,211.7,0
1756459960,211.7,211.7,211.7,211.7,0
1756459965,211.7,211.7,211.7,211.7,0
1756459970,211.7,211.7,211.7,211.7,0
1756459975,211.7,211.7,211.7,211.7,0
1756459980,211.7,211.7,211.7,211.7,0
1756459985,211.7,211.7,211.7,211.7,0
1756459990,211.7,211.7,211.7,211.7,0
1756459995,211.7,211.7,211.7,211.7,0
1756460000,211.7,211.7,211.7,211.7,0
1756460005,211.7,211.7,211.7,211.7,0
1756460010,211.7,211.7,211.7,211.7,0
1756460015,211.7,211.7,211.7,211.7,0
1756460020,211.7,211.7,211.7,211.7,0
1756460025,211.7,211.7,211.7,211.7,0
1756460030,211.7,211.7,211.7,211.7,0
1756460035,211.7,211.7,211.7,211.7,0
1756460040,211.7,211.7,211.7,211.7,0
1756460045,211.7,211.7,211.7,211.7,0
1756460050,211.7,211.7,211.7,211.7,0
1756460055,211.7,211.7,211.7,211.7,0
1756460060,211.7,211.7,211.7,211.7,0
1756460065,211.7,211.7,211.7,211.7,0
1756460070,211.7,211.7,211.7,211.7,0
1756460075,211.7,211.7,211.7,211.7,0
1756460080,211.7,211.7,211.7,211.7,0
1756460085,211.7,211.7,211.7,211.7,0
1756460090,211.7,211.7,211.7,211.7,0
1756460095,211.7,211.7,211.7,211.7,0
1756460100,211.7,211.7,211.7,211.7,0
1756460105,211.7,211.7,211.7,211.7,0
1756460110,211.7,211.7,211.7,211.7,0
1756460115,211.7,211.7,211.7,211.7,0
1756460120,211.7,211.7,211.7,211.7,0
1756460125,211.7,211.7,211.7,211.7,0
1756460130,211.7,211.7,211.7,211.7,0
1756460135,211.7,211.7,211.7,211.7,0
1756460140,211.7,211.7,211.7,211.7,0
1756460145,211.7,211.7,211.7,211.7,0
1756460150,211.7,211.7,211.7,211.7,0
1756460155,211.7,211.7,211.7,211.7,0
1756460160,211.7,211.7,211.7,211.7,0
1756460165,211.7,211.7,211.7,211.7,0
1756460170,211.7,211.7,211.7,211.7,0
1756460175,211.7,211.7,211.7,211.7,0
1756460180,211.7,211.7,211.7,211.7,0
1756460185,211.7,211.7,211.7,211.7,0
1756460190,211.7,211.7,211.7,211.7,0
1756460195,211.7,211.7,211.7,211.7,0
1756460200,211.7,211.7,211.7,211.7,0
1756460205,211.7,211.7,211.7,211.7,0
1756460210,211.7,211.7,211.7,211.7,0
1756460215,211.7,211.7,211.7,211.7,0
1756460220,211.7,211.7,211.7,211.7,0
1756460225,211.7,211.7,211.7,211.7,0
1756460230,211.7,211.7,211.7,211.7,0
1756460235,211.7,211.7,211.7,211.7,0
1756460240,211.7,211.7,211.7,211.7,0
1756460245,211.7,211.7,211.7,211.7,0
1756460250,211.7,211.7,211.7,211.7,0
1756460255,211.7,211.7,211.7,211.7,0
1756460260,211.7,211.7,211.7,211.7,0
1756460265,211.7,211.7,211.7,211.7,0
1756460270,211.7,211.7,211.7,211.7,0
1756460275,211.7,211.7,211.7,211.7,0
1756460280,211.7,211.7,211.7,211.7,0
1756460285,211.7,211.7,211.7,211.7,0
1756460290,211.7,211.7,211.7,211.7,0
1756460295,211.7,211.7,211.7,211.7,0
1756460300,211.7,211.7,211.7,211.7,0
1756460305,211.7,211.7,211.7,211.7,0
1756460310,211.7,211.7,211.7,211.7,0
1756460315,211.7,211.7,211.7,211.7,0
1756460320,211.7,211.7,211.7,211.7,0
1756460325,211.7,211.7,211.7,211.7,0
1756460330,211.7,211.7,211.7,211.7,0
1756460335,211.7,211.7,211.7,211.7,0
1756460340,211.7,211.7,211.7,211.7,0
1756460345,211.7,211.7,211.7,211.7,0
1756460350,211.7,211.7,211.7,211.7,0
1756460355,211.7,211.7,211.7,211.7,0
1756460360,211.7,211.7,211.7,211.7,0
1756460365,211.7,211.7,211.7,211.7,0
1756460370,211.7,211.7,211.7,211.7,0
1756460375,211.7,211.7,211.7,211.7,0
1756460380,211.7,211.7,211.7,211.7,0
1756460385,211.7,211.7,211.7,211.7,0
1756460390,211.7,211.7,211.7,211.7,0
1756460395,211.7,211.7,211.7,211.7,0
1756460400,211.7,211.7,211.7,211.7,0
1756460405,211.7,211.7,211.7,211.7,0
1756460410,211.7,211.7,211.7,211.7,0
1756460415,211.7,211.7,211.7,211.7,0
1756460420,211.7,211.7,211.7,211.7,0
1756460425,211.7,211.7,211.7,211.7,0
1756460430,211.7,211.7,211.7,211.7,0
1756460435,211.7,211.7,211.7,211.7,0
1756460440,211.7,211.7,211.7,211.7,0
1756460445,211.7,211.7,211.7,211.7,0
1756460450,211.7,211.7,211.7,211.7,0
1756460455,211.7,211.7,211.7,211.7,0
1756460460,211.7,211.7,211.7,211.7,0
1756460465,211.7,211.7,211.7,211.7,0
1756460470,211.7,211.7,211.7,211.7,0
1756460475,211.7,211.7,211.7,211.7,0
1756460480,211.7,211.7,211.7,211.7,0
1756460485,211.7,211.7,211.7,211.7,0
1756460490,211.7,211.7,211.7,211.7,0
1756460495,211.7,211.7,211.7,211.7,0
1756460500,211.7,211.7,211.7,211.7,0
1756460505,211.7,211.7,211.7,211.7,0
1756460510,211.7,211.7,211.7,211.7,0
1756460515,211.7,211.7,211.7,211.7,0
1756460520,211.7,211.7,211.7,211.7,0
1756460525,211.7,211.7,211.7,211.7,0
1756460530,211.7,211.7,211.7,211.7,0
1756460535,211.7,211.7,211.7,211.7,0
1756460540,211.7,211.7,211.7,211.7,0
1756460545,211.7,211.7,211.7,211.7,0
1756460550,211.7,211.7,211.7,211.7,0
1756460555,211.7,211.7,211.7,211.7,0
1756460560,211.7,211.7,211.7,211.7,0
1756460565,211.7,211.7,211.7,211.7,0
1756460570,211.62,211.62,211.62,211.62,1
1756460575,211.62,211.62,211.62,211.62,0
1756460580,211.62,211.62,211.62,211.62,0
1756460585,211.62,211.62,211.62,211.62,0
1756460590,211.62,211.62,211.62,211.62,0
1756460595,211.62,211.62,211.62,211.62,0
1756460600,211.62,211.62,211.62,211.62,0
1756460605,211.62,211.62,211.62,211.62,0
1756460610,211.62,211.62,211.62,211.62,0
1756460615,211.62,211.62,211.62,211.62,0
1756460620,211.62,211.62,211.62,211.62,0
1756460625,211.62,211.62,211.62,211.62,0
1756460630,211.62,211.62,211.62,211.62,0
1756460635,211.62,211.62,211.62,211.62,0
1756460640,211.62,211.62,211.62,211.62,0
1756460645,211.62,211.62,211.62,211.62,0
1756460650,211.62,211.62,211.62,211.62,0
1756460655,211.62,211.62,211.62,211.62,0
1756460660,211.62,211.62,211.62,211.62,0
1756460665,211.62,211.62,211.62,211.62,0
1756460670,211.62,211.62,211.62,211.62,0
1756460675,211.62,211.62,211.62,211.62,0
1756460680,211.62,211.62,211.62,211.62,0
1756460685,211.62,211.62,211.62,211.62,0
1756460690,211.62,211.62,211.62,211.62,0
1756460695,211.62,211.62,211.62,211.62,0
1756460700,211.62,211.62,211.62,211.62,0
1756460705,211.62,211.62,211.62,211.62,0
1756460710,211.62,211.62,211.62,211.62,0
1756460715,211.62,211.62,211.62,211.62,0
1756460720,211.62,211.62,211.62,211.62,0
1756460725,211.62,211.62,211.62,211.62,0
1756460730,211.62,211.62,211.62,211.62,0
1756460735,211.62,211.62,211.62,211.62,0
1756460740,211.62,211.62,211.62,211.62,0
1756460745,211.62,211.62,211.62,211.62,0
1756460750,211.62,211.62,211.62,211.62,0
1756460755,211.62,211.62,211.62,211.62,0
1756460760,211.7,211.7,211.7,211.7,1
1756460765,211.7,211.7,211.7,211.7,0
1756460770,211.7,211.7,211.7,211.7,0
1756460775,211.7,211.7,211.7,211.7,0
1756460780,211.7,211.7,211.7,211.7,0
1756460785,211.7,211.7,211.7,211.7,0
1756460790,211.7,211.7,211.7,211.7,0
1756460795,211.7,211.7,211.7,211.7,0
1756460800,211.7,211.7,211.7,211.7,0
1756460805,211.7,211.7,211.7,211.7,0
1756460810,211.7,211.7,211.7,211.7,0
1756460815,211.7,211.7,211.7,211.7,0
1756460820,211.7,211.7,211.7,211.7,0
1756460825,211.7,211.7,211.7,211.7,0
1756460830,211.7,211.7,211.7,211.7,0
1756460835,211.7,211.7,211.7,211.7,0
1756460840,211.7,211.7,211.7,211.7,0
1756460845,211.7,211.7,211.7,211.7,0
1756460850,211.7,211.7,211.7,211.7,0
1756460855,211.7,211.7,211.7,211.7,0
1756460860,211.7,211.7,211.7,211.7,0
1756460865,211.7,211.7,211.7,211.7,0
1756460870,211.7,211.7,211.7,211.7,0
1756460875,211.7,211.7,211.7,211.7,0
1756460880,211.7,211.7,211.7,211.7,0
1756460885,211.7,211.7,211.7,211.7,0
1756460890,211.7,211.7,211.7,211.7,0
1756460895,211.7,211.7,211.7,211.7,0
1756460900,211.7,211.7,211.7,211.7,0
1756460905,211.7,211.7,211.7,211.7,0
1756460910,211.7,211.7,211.7,211.7,0
1756460915,211.7,211.7,211.7,211.7,0
1756460920,211.7,211.7,211.7,211.7,0
1756460925,211.7,211.7,211.7,211.7,0
1756460930,211.7,211.7,211.7,211.7,0
1756460935,211.7,211.7,211.7,211.7,0
1756460940,211.7,211.7,211.7,211.7,0
1756460945,211.7,211.7,211.7,211.7,0
1756460950,211.7,211.7,211.7,211.7,0
1756460955,211.7,211.7,211.7,211.7,0
1756460960,211.7,211.7,211.7,211.7,0
1756460965,211.7,211.7,211.7,211.7,0
1756460970,211.7,211.7,211.7,211.7,0
1756460975,211.7,211.7,211.7,211.7,0
1756460980,211.7,211.7,211.7,211.7,0
1756460985,211.7,211.7,211.7,211.7,0
1756460990,211.7,211.7,211.7,211.7,0
1756460995,211.7,211.7,211.7,211.7,0
1756461000,211.7,211.7,211.7,211.7,0
1756461005,211.7,211.7,211.7,211.7,0
1756461010,211.7,211.7,211.7,211.7,0
1756461015,211.7,211.7,211.7,211.7,0
1756461020,211.7,211.7,211.7,211.7,0
1756461025,211.7,211.7,211.7,211.7,0
1756461030,211.7,211.7,211.7,211.7,0
1756461035,211.7,211.7,211.7,211.7,0
1756461040,211.7,211.7,211.7,211.7,0
1756461045,211.7,211.7,211.7,211.7,0
1756461050,211.7,211.7,211.7,211.7,0
1756461055,211.7,211.7,211.7,211.7,0
1756461060,211.7,211.7,211.7,211.7,0
1756461065,211.7,211.7,211.7,211.7,0
1756461070,211.7,211.7,211.7,211.7,0
1756461075,211.7,211.7,211.7,211.7,0
1756461080,211.7,211.7,211.7,211.7,0
1756461085,211.7,211.7,211.7,211.7,0
1756461090,211.7,211.7,211.7,211.7,0
1756461095,211.7,211.7,211.7,211.7,0
1756461100,211.7,211.7,211.7,211.7,0
1756461105,211.7,211.7,211.7,211.7,0
1756461110,211.7,211.7,211.7,211.7,0
1756461115,211.7,211.7,211.7,211.7,0
1756461120,211.7,211.7,211.7,211.7,0
1756461125,211.7,211.7,211.7,211.7,0
1756461130,211.7,211.7,211.7,211.7,0
1756461135,211.7,211.7,211.7,211.7,0
1756461140,211.7,211.7,211.7,211.7,0
1756461145,211.7,211.7,211.7,211.7,0
1756461150,211.7,211.7,211.7,211.7,0
1756461155,211.7,211.7,211.7,211.7,0
1756461160,211.7,211.7,211.7,211.7,0
1756461165,211.7,211.7,211.7,211.7,0
1756461170,211.7,211.7,211.7,211.7,0
1756461175,211.7,211.7,211.7,211.7,0
1756461180,211.7,211.7,211.7,211.7,0
1756461185,211.7,211.7,211.7,211.7,0
1756461190,211.7,211.7,211.7,211.7,0
1756461195,211.7,211.7,211.7,211.7,0
1756461200,211.7,211.7,211.7,211.7,0
1756461205,211.7,211.7,211.7,211.7,0
1756461210,211.7,211.7,211.7,211.7,0
1756461215,211.7,211.7,211.7,211.7,0
1756461220,211.7,211.7,211.7,211.7,0
1756461225,211.7,211.7,211.7,211.7,0
1756461230,211.7,211.7,211.7,211.7,0
1756461235,211.7,211.7,211.7,211.7,0
1756461240,211.7,211.7,211.7,211.7,0
1756461245,211.7,211.7,211.7,211.7,0
1756461250,211.7,211.7,211.7,211.7,0
1756461255,211.7,211.7,211.7,211.7,0
1756461260,211.7,211.7,211.7,211.7,0
1756461265,211.7,211.7,211.7,211.7,0
1756461270,211.7,211.7,211.7,211.7,0
1756461275,211.7,211.7,211.7,211.7,0
1756461280,211.7,211.7,211.7,211.7,0
1756461285,211.7,211.7,211.7,211.7,0
1756461290,211.7,211.7,211.7,211.7,0
1756461295,211.7,211.7,211.7,211.7,0
1756461300,211.7,211.7,211.7,211.7,0
1756461305,211.7,211.7,211.7,211.7,0
1756461310,211.7,211.7,211.7,211.7,0
1756461315,211.7,211.7,211.7,211.7,0
1756461320,211.7,211.7,211.7,211.7,0
1756461325,211.7,211.7,211.7,211.7,0
1756461330,211.7,211.7,211.7,211.7,0
1756461335,211.7,211.7,211.7,211.7,0
1756461340,211.7,211.7,211.7,211.7,0
1756461345,211.7,211.7,211.7,211.7,0
1756461350,211.7,211.7,211.7,211.7,0
1756461355,211.7,211.7,211.7,211.7,0
1756461360,211.7,211.7,211.7,211.7,0
1756461365,211.7,211.7,211.7,211.7,0
1756461370,211.7,211.7,211.7,211.7,0
1756461375,211.7,211.7,211.7,211.7,0
1756461380,211.7,211.7,211.7,211.7,0
1756461385,211.7,211.7,211.7,211.7,0
1756461390,211.7,211.7,211.7,211.7,0
1756461395,211.7,211.7,211.7,211.7,0
1756461400,211.7,211.7,211.7,211.7,0
1756461405,211.7,211.7,211.7,211.7,0
1756461410,211.7,211.7,211.7,211.7,0
1756461415,211.7,211.7,211.7,211.7,0
1756461420,211.7,211.7,211.7,211.7,0
1756461425,211.7,211.7,211.7,211.7,0
1756461430,211.7,211.7,211.7,211.7,0
1756461435,211.7,211.7,211.7,211.7,0
1756461440,211.7,211.7,211.7,211.7,0
1756461445,211.7,211.7,211.7,211.7,0
1756461450,211.7,211.7,211.7,211.7,0
1756461455,211.7,211.7,211.7,211.7,0
1756461460,211.7,211.7,211.7,211.7,0
1756461465,211.7,211.7,211.7,211.7,0
1756461470,211.7,211.7,211.7,211.7,0
1756461475,211.7,211.7,211.7,211.7,0
1756461480,211.7,211.7,211.7,211.7,0
1756461485,211.7,211.7,211.7,211.7,0
1756461490,211.7,211.7,211.7,211.7,0
1756461495,211.7,211.7,211.7,211.7,0
1756461500,211.7,211.7,211.7,211.7,0
1756461505,211.7,211.7,211.7,211.7,0
1756461510,211.7,211.7,211.7,211.7,0
1756461515,211.7,211.7,211.7,211.7,0
1756461520,211.7,211.7,211.7,211.7,0
1756461525,211.7,211.7,211.7,211.7,0
1756461530,211.7,211.7,211.7,211.7,0
1756461535,211.7,211.7,211.7,211.7,0
1756461540,211.7,211.7,211.7,211.7,0
1756461545,211.7,211.7,211.7,211.7,0
1756461550,211.7,211.7,211.7,211.7,0
1756461555,211.7,211.7,211.7,211.7,0
1756461560,211.7,211.7,211.7,211.7,0
1756461565,211.7,211.7,211.7,211.7,0
1756461570,211.7,211.7,211.7,211.7,0
1756461575,211.7,211.7,211.7,211.7,0
1756461580,211.7,211.7,211.7,211.7,0
1756461585,211.7,211.7,211.7,211.7,0
1756461590,211.7,211.7,211.7,211.7,0
1756461595,211.7,211.7,211.7,211.7,0
1756461600,211.7,211.7,211.7,211.7,0
1756461605,211.7,211.7,211.7,211.7,0
1756461610,211.7,211.7,211.7,211.7,0
1756461615,211.7,211.7,211.7,211.7,0
1756461620,211.62,211.63,211.62,211.63,4
1756461625,211.63,211.63,211.63,211.63,0
1756461630,211.63,211.63,211.63,211.63,0
1756461635,211.63,211.63,211.63,211.63,0
1756461640,211.63,211.63,211.63,211.63,0
1756461645,211.63,211.63,211.63,211.63,0
1756461650,211.63,211.63,211.63,211.63,0
1756461655,211.63,211.63,211.63,211.63,0
1756461660,211.63,211.63,211.63,211.63,0
1756461665,211.63,211.63,211.63,211.63,0
1756461670,211.63,211.63,211.63,211.63,0
1756461675,211.63,211.63,211.63,211.63,0
1756461680,211.63,211.63,211.63,211.63,0
1756461685,211.63,211.63,211.63,211.63,0
1756461690,211.63,211.63,211.63,211.63,0
1756461695,211.63,211.63,211.63,211.63,0
1756461700,211.63,211.63,211.63,211.63,0
1756461705,211.63,211.63,211.63,211.63,0
1756461710,211.63,211.63,211.63,211.63,0
1756461715,211.63,211.63,211.63,211.63,0
1756461720,211.63,211.63,211.63,211.63,0
1756461725,211.52,211.52,211.52,211.52,3
1756461730,211.52,211.52,211.52,211.52,0
1756461735,211.52,211.52,211.52,211.52,0
1756461740,211.52,211.52,211.52,211.52,4
1756461745,211.52,211.52,211.52,211.52,0
1756461750,211.52,211.52,211.52,211.52,0
1756461755,211.52,211.52,211.52,211.52,0
1756461760,211.52,211.52,211.52,211.52,0
1756461765,211.52,211.52,211.52,211.52,0
1756461770,211.52,211.52,211.52,211.52,0
1756461775,211.52,211.52,211.52,211.52,0
1756461780,211.52,211.52,211.52,211.52,0
1756461785,211.52,211.52,211.52,211.52,0
1756461790,211.52,211.52,211.52,211.52,0
1756461795,211.52,211.52,211.52,211.52,0
1756461800,211.52,211.52,211.52,211.52,0
1756461805,211.52,211.52,211.52,211.52,0
1756461810,211.52,211.52,211.52,211.52,0
1756461815,211.52,211.52,211.52,211.52,0
1756461820,211.52,211.52,211.52,211.52,0
1756461825,211.52,211.52,211.52,211.52,0
1756461830,211.52,211.52,211.52,211.52,0
1756461835,211.52,211.52,211.52,211.52,0
1756461840,211.52,211.52,211.52,211.52,0
1756461845,211.52,211.52,211.52,211.52,0
1756461850,211.47,211.47,211.47,211.47,2
1756461855,211.47,211.47,211.47,211.47,0
1756461860,211.47,211.47,211.47,211.47,0
1756461865,211.47,211.47,211.47,211.47,0
1756461870,211.47,211.47,211.47,211.47,0
1756461875,211.47,211.47,211.47,211.47,0
1756461880,211.47,211.47,211.47,211.47,0
1756461885,211.47,211.47,211.47,211.47,0
1756461890,211.47,211.47,211.47,211.47,0
1756461895,211.47,211.47,211.47,211.47,0
1756461900,211.47,211.47,211.47,211.47,0
1756461905,211.47,211.47,211.47,211.47,0
1756461910,211.47,211.47,211.47,211.47,0
1756461915,211.47,211.47,211.47,211.47,0
1756461920,211.47,211.47,211.47,211.47,0
1756461925,211.47,211.47,211.47,211.47,0
1756461930,211.47,211.47,211.47,211.47,0
1756461935,211.47,211.47,211.47,211.47,0
1756461940,211.47,211.47,211.47,211.47,0
1756461945,211.47,211.47,211.47,211.47,0
1756461950,211.47,211.47,211.47,211.47,0
1756461955,211.47,211.47,211.47,211.47,0
1756461960,211.47,211.47,211.47,211.47,0
1756461965,211.47,211.47,211.47,211.47,0
1756461970,211.47,211.47,211.47,211.47,0
1756461975,211.47,211.47,211.47,211.47,0
1756461980,211.47,211.47,211.47,211.47,0
1756461985,211.47,211.47,211.47,211.47,0
1756461990,211.47,211.47,211.47,211.47,0
1756461995,211.47,211.47,211.47,211.47,0
1756462000,211.47,211.47,211.47,211.47,0
1756462005,211.47,211.47,211.47,211.47,0
1756462010,211.47,211.47,211.47,211.47,0
1756462015,211.47,211.47,211.47,211.47,0
1756462020,211.47,211.47,211.47,211.47,0
1756462025,211.47,211.47,211.47,211.47,0
1756462030,211.47,211.47,211.47,211.47,0
1756462035,211.47,211.47,211.47,211.47,0
1756462040,211.47,211.47,211.47,211.47,0
1756462045,211.47,211.47,211.47,211.47,0
1756462050,211.47,211.47,211.47,211.47,0
1756462055,211.47,211.47,211.47,211.47,0
1756462060,211.47,211.47,211.47,211.47,0
1756462065,211.47,211.47,211.47,211.47,0
1756462070,211.47,211.47,211.47,211.47,0
1756462075,211.47,211.47,211.47,211.47,0
1756462080,211.47,211.47,211.47,211.47,0
1756462085,211.47,211.47,211.47,211.47,0
1756462090,211.47,211.47,211.47,211.47,0
1756462095,211.47,211.47,211.47,211.47,0
1756462100,211.47,211.47,211.47,211.47,0
1756462105,211.47,211.47,211.47,211.47,0
1756462110,211.47,211.47,211.47,211.47,0
1756462115,211.47,211.47,211.47,211.47,0
1756462120,211.47,211.47,211.47,211.47,0
1756462125,211.47,211.47,211.47,211.47,0
1756462130,211.47,211.47,211.47,211.47,0
1756462135,211.47,211.47,211.47,211.47,0
1756462140,211.47,211.47,211.47,211.47,0
1756462145,211.47,211.47,211.47,211.47,0
1756462150,211.47,211.47,211.47,211.47,0
1756462155,211.47,211.47,211.47,211.47,0
1756462160,211.47,211.47,211.47,211.47,0
1756462165,211.47,211.47,211.47,211.47,0
1756462170,211.47,211.47,211.47,211.47,0
1756462175,211.47,211.47,211.47,211.47,0
1756462180,211.47,211.47,211.47,211.47,0
1756462185,211.47,211.47,211.47,211.47,0
1756462190,211.47,211.47,211.47,211.47,0
1756462195,211.47,211.47,211.47,211.47,0
1756462200,211.47,211.47,211.47,211.47,0
1756462205,211.47,211.47,211.47,211.47,0
1756462210,211.47,211.47,211.47,211.47,0
1756462215,211.52,211.52,211.52,211.52,1
1756462220,211.52,211.52,211.52,211.52,0
1756462225,211.52,211.52,211.52,211.52,0
1756462230,211.52,211.52,211.52,211.52,0
1756462235,211.52,211.52,211.52,211.52,0
1756462240,211.52,211.52,211.52,211.52,1
1756462245,211.52,211.52,211.52,211.52,0
1756462250,211.52,211.52,211.52,211.52,0
1756462255,211.52,211.52,211.52,211.52,0
1756462260,211.52,211.52,211.52,211.52,0
1756462265,211.52,211.52,211.52,211.52,0
1756462270,211.52,211.52,211.52,211.52,0
1756462275,211.52,211.52,211.52,211.52,0
1756462280,211.52,211.52,211.52,211.52,0
1756462285,211.52,211.52,211.52,211.52,0
1756462290,211.52,211.56,211.52,211.56,8
1756462295,211.56,211.56,211.56,211.56,0
1756462300,211.56,211.56,211.56,211.56,0
1756462305,211.56,211.56,211.56,211.56,0
1756462310,211.56,211.56,211.56,211.56,0
1756462315,211.56,211.56,211.56,211.56,0
1756462320,211.66,211.72,211.66,211.72,20
1756462325,211.72,211.72,211.72,211.72,0
1756462330,211.72,211.72,211.72,211.72,0
1756462335,211.72,211.72,211.72,211.72,0
1756462340,211.72,211.72,211.72,211.72,0
1756462345,211.72,211.72,211.72,211.72,0
1756462350,211.72,211.72,211.72,211.72,0
1756462355,211.72,211.72,211.72,211.72,0
1756462360,211.72,211.72,211.72,211.72,0
1756462365,211.72,211.72,211.72,211.72,0
1756462370,211.72,211.72,211.72,211.72,0
1756462375,211.72,211.72,211.72,211.72,0
1756462380,211.72,211.72,211.72,211.72,0
1756462385,211.72,211.72,211.72,211.72,0
1756462390,211.72,211.72,211.72,211.72,0
1756462395,211.7,211.7,211.69,211.69,3
1756462400,211.69,211.69,211.69,211.69,0
1756462405,211.69,211.69,211.69,211.69,0
1756462410,211.69,211.69,211.69,211.69,0
1756462415,211.73,211.73,211.73,211.73,7
1756462420,211.73,211.73,211.73,211.73,0
1756462425,211.73,211.82,211.73,211.82,19
1756462430,211.82,211.82,211.82,211.82,0
1756462435,211.82,211.82,211.82,211.82,0
1756462440,211.82,211.82,211.82,211.82,0
1756462445,211.82,211.82,211.82,211.82,0
1756462450,211.82,211.82,211.82,211.82,0
1756462455,211.82,211.82,211.82,211.82,0
1756462460,211.82,211.82,211.82,211.82,0
1756462465,211.82,211.82,211.82,211.82,0
1756462470,211.82,211.82,211.82,211.82,0
1756462475,211.82,211.82,211.82,211.82,0
1756462480,211.82,211.82,211.82,211.82,0
1756462485,211.82,211.82,211.82,211.82,0
1756462490,211.82,211.82,211.82,211.82,0
1756462495,211.82,211.82,211.82,211.82,0
1756462500,211.82,211.82,211.82,211.82,0
1756462505,211.82,211.82,211.82,211.82,0
1756462510,211.82,211.82,211.82,211.82,0
1756462515,211.82,211.82,211.82,211.82,0
1756462520,211.82,211.82,211.82,211.82,0
1756462525,211.82,211.82,211.82,211.82,0
1756462530,211.82,211.82,211.82,211.82,0
1756462535,211.82,211.82,211.82,211.82,0
1756462540,211.82,211.82,211.82,211.82,0
1756462545,211.82,211.82,211.82,211.82,0
1756462550,211.82,211.82,211.82,211.82,0
1756462555,211.82,211.82,211.82,211.82,0
1756462560,211.82,211.82,211.82,211.82,0
1756462565,211.82,211.82,211.82,211.82,0
1756462570,211.82,211.82,211.82,211.82,0
1756462575,211.82,211.82,211.82,211.82,0
1756462580,211.82,211.82,211.82,211.82,0
1756462585,211.82,211.82,211.82,211.82,0
1756462590,211.82,211.82,211.82,211.82,0
1756462595,211.82,211.82,211.82,211.82,0
1756462600,211.82,211.82,211.82,211.82,0
1756462605,211.82,211.82,211.82,211.82,0
1756462610,211.82,211.82,211.82,211.82,0
1756462615,211.82,211.82,211.82,211.82,0
1756462620,211.82,211.82,211.82,211.82,0
1756462625,211.82,211.82,211.82,211.82,0
1756462630,211.82,211.82,211.82,211.82,0
1756462635,211.82,211.82,211.82,211.82,0
1756462640,211.82,211.82,211.82,211.82,0
1756462645,211.82,211.82,211.82,211.82,0
1756462650,211.82,211.82,211.82,211.82,0
1756462655,211.82,211.82,211.82,211.82,0
1756462660,211.82,211.82,211.82,211.82,0
1756462665,211.82,211.82,211.82,211.82,0
1756462670,211.82,211.82,211.82,211.82,0
1756462675,211.82,211.82,211.82,211.82,0
1756462680,211.82,211.82,211.82,211.82,0
1756462685,211.82,211.82,211.82,211.82,0
1756462690,211.82,211.82,211.82,211.82,0
1756462695,211.82,211.82,211.82,211.82,0
1756462700,211.82,211.82,211.82,211.82,0
1756462705,211.82,211.82,211.82,211.82,0
1756462710,211.82,211.82,211.82,211.82,0
1756462715,211.82,211.82,211.82,211.82,0
1756462720,211.82,211.82,211.82,211.82,0
1756462725,211.82,211.82,211.82,211.82,0
1756462730,211.82,211.82,211.82,211.82,0
1756462735,211.82,211.82,211.82,211.82,0
1756462740,211.82,211.82,211.82,211.82,0
1756462745,211.82,211.82,211.82,211.82,0
1756462750,211.82,211.82,211.82,211.82,0
1756462755,211.82,211.82,211.82,211.82,0
1756462760,211.82,211.82,211.82,211.82,0
1756462765,211.82,211.82,211.82,211.82,0
1756462770,211.82,211.82,211.82,211.82,0
1756462775,211.82,211.82,211.82,211.82,0
1756462780,211.82,211.82,211.82,211.82,0
1756462785,211.82,211.82,211.82,211.82,0
1756462790,211.82,211.82,211.82,211.82,0
1756462795,211.82,211.82,211.82,211.82,0
1756462800,211.82,211.82,211.82,211.82,0
1756462805,211.82,211.82,211.82,211.82,0
1756462810,211.82,211.82,211.82,211.82,0
1756462815,211.82,211.82,211.82,211.82,0
1756462820,211.82,211.82,211.82,211.82,0
1756462825,211.82,211.82,211.82,211.82,0
1756462830,211.82,211.82,211.82,211.82,0
1756462835,211.82,211.82,211.82,211.82,0
1756462840,211.82,211.82,211.82,211.82,0
1756462845,211.82,211.82,211.82,211.82,0
1756462850,211.82,211.82,211.82,211.82,0
1756462855,211.82,211.82,211.82,211.82,0
1756462860,211.82,211.82,211.82,211.82,0
1756462865,211.82,211.82,211.82,211.82,0
1756462870,211.82,211.82,211.82,211.82,0
1756462875,211.82,211.82,211.82,211.82,0
1756462880,211.82,211.82,211.82,211.82,0
1756462885,211.82,211.82,211.82,211.82,0
1756462890,211.82,211.82,211.82,211.82,0
1756462895,211.82,211.82,211.82,211.82,0
1756462900,211.82,211.82,211.82,211.82,0
1756462905,211.82,211.82,211.82,211.82,0
1756462910,211.82,211.82,211.82,211.82,0
1756462915,211.82,211.82,211.82,211.82,0
1756462920,211.82,211.82,211.82,211.82,0
1756462925,211.82,211.82,211.82,211.82,0
1756462930,211.82,211.82,211.82,211.82,0
1756462935,211.82,211.82,211.82,211.82,0
1756462940,211.82,211.82,211.82,211.82,0
1756462945,211.82,211.82,211.82,211.82,0
1756462950,211.82,211.82,211.82,211.82,0
1756462955,211.82,211.82,211.82,211.82,0
1756462960,211.82,211.82,211.82,211.82,0
1756462965,211.82,211.82,211.82,211.82,0
1756462970,211.82,211.82,211.82,211.82,0
1756462975,211.82,211.82,211.82,211.82,0
1756462980,211.82,211.82,211.82,211.82,0
1756462985,211.82,211.82,211.82,211.82,0
1756462990,211.82,211.82,211.82,211.82,0
1756462995,211.82,211.82,211.82,211.82,0
1756463000,211.82,211.82,211.82,211.82,0
1756463005,211.82,211.82,211.82,211.82,0
1756463010,211.82,211.82,211.82,211.82,0
1756463015,211.82,211.82,211.82,211.82,0
1756463020,211.82,211.82,211.82,211.82,0
1756463025,211.82,211.82,211.82,211.82,0
1756463030,211.82,211.82,211.82,211.82,0
1756463035,211.59,211.59,211.59,211.59,2
1756463040,211.59,211.59,211.59,211.59,0
1756463045,211.59,211.59,211.59,211.59,0
1756463050,211.59,211.59,211.59,211.59,0
1756463055,211.59,211.59,211.59,211.59,0
1756463060,211.59,211.59,211.59,211.59,0
1756463065,211.59,211.59,211.59,211.59,0
1756463070,211.59,211.59,211.59,211.59,0
1756463075,211.59,211.59,211.59,211.59,0
1756463080,211.59,211.59,211.59,211.59,0
1756463085,211.59,211.59,211.59,211.59,0
1756463090,211.59,211.59,211.59,211.59,0
1756463095,211.59,211.59,211.59,211.59,0
1756463100,211.59,211.59,211.59,211.59,0
1756463105,211.59,211.59,211.59,211.59,0
1756463110,211.59,211.59,211.59,211.59,0
1756463115,211.59,211.59,211.59,211.59,0
1756463120,211.59,211.59,211.59,211.59,0
1756463125,211.59,211.59,211.59,211.59,0
1756463130,211.59,211.59,211.59,211.59,0
1756463135,211.59,211.59,211.59,211.59,0
1756463140,211.59,211.59,211.59,211.59,0
1756463145,211.59,211.59,211.59,211.59,0
1756463150,211.59,211.59,211.59,211.59,0
1756463155,211.59,211.59,211.59,211.59,0
1756463160,211.59,211.59,211.59,211.59,0
1756463165,211.59,211.59,211.59,211.59,0
1756463170,211.59,211.59,211.59,211.59,0
1756463175,211.59,211.59,211.59,211.59,0
1756463180,211.59,211.59,211.59,211.59,0
1756463185,211.59,211.59,211.59,211.59,0
1756463190,211.59,211.59,211.59,211.59,0
1756463195,211.59,211.59,211.59,211.59,0
1756463200,211.59,211.59,211.59,211.59,0
1756463205,211.59,211.59,211.59,211.59,0
1756463210,211.59,211.59,211.59,211.59,0
1756463215,211.59,211.59,211.59,211.59,0
1756463220,211.59,211.59,211.59,211.59,0
1756463225,211.59,211.59,211.59,211.59,0
1756463230,211.59,211.59,211.59,211.59,0
1756463235,211.59,211.59,211.59,211.59,0
1756463240,211.59,211.59,211.59,211.59,0
1756463245,211.59,211.59,211.59,211.59,0
1756463250,211.59,211.59,211.59,211.59,0
1756463255,211.59,211.59,211.59,211.59,0
1756463260,211.57,211.57,211.57,211.57,1
1756463265,211.57,211.57,211.57,211.57,0
1756463270,211.57,211.57,211.57,211.57,0
1756463275,211.57,211.57,211.57,211.57,0
1756463280,211.57,211.57,211.57,211.57,0
1756463285,211.57,211.57,211.57,211.57,0
1756463290,211.57,211.57,211.57,211.57,0
1756463295,211.57,211.57,211.57,211.57,0
1756463300,211.57,211.57,211.57,211.57,0
1756463305,211.57,211.57,211.57,211.57,0
1756463310,211.57,211.57,211.57,211.57,0
1756463315,211.57,211.57,211.57,211.57,0
1756463320,211.57,211.57,211.57,211.57,0
1756463325,211.57,211.57,211.57,211.57,0
1756463330,211.57,211.57,211.57,211.57,0
1756463335,211.57,211.57,211.57,211.57,0
1756463340,211.57,211.57,211.57,211.57,0
1756463345,211.57,211.57,211.57,211.57,0
1756463350,211.57,211.57,211.57,211.57,0
1756463355,211.57,211.57,211.57,211.57,0
1756463360,211.57,211.57,211.57,211.57,0
1756463365,211.57,211.57,211.57,211.57,0
1756463370,211.57,211.57,211.57,211.57,0
1756463375,211.57,211.57,211.57,211.57,0
1756463380,211.57,211.57,211.57,211.57,0
1756463385,211.57,211.57,211.57,211.57,0
1756463390,211.57,211.57,211.57,211.57,0
1756463395,211.57,211.57,211.57,211.57,0
1756463400,211.57,211.57,211.57,211.57,0
1756463405,211.57,211.57,211.57,211.57,0
1756463410,211.57,211.57,211.57,211.57,0
1756463415,211.57,211.57,211.57,211.57,0
1756463420,211.57,211.57,211.57,211.57,0
1756463425,211.57,211.57,211.57,211.57,0
1756463430,211.57,211.57,211.57,211.57,0
1756463435,211.57,211.57,211.57,211.57,0
1756463440,211.57,211.57,211.57,211.57,0
1756463445,211.57,211.57,211.57,211.57,0
1756463450,211.57,211.57,211.57,211.57,0
1756463455,211.57,211.57,211.57,211.57,0
1756463460,211.57,211.57,211.57,211.57,0
1756463465,211.57,211.57,211.57,211.57,0
1756463470,211.57,211.57,211.57,211.57,0
1756463475,211.57,211.57,211.57,211.57,0
1756463480,211.57,211.57,211.57,211.57,0
1756463485,211.57,211.57,211.57,211.57,0
1756463490,211.57,211.57,211.57,211.57,0
1756463495,211.57,211.57,211.57,211.57,0
1756463500,211.57,211.57,211.57,211.57,0
1756463505,211.57,211.57,211.57,211.57,0
1756463510,211.57,211.57,211.57,211.57,0
1756463515,211.57,211.57,211.57,211.57,0
1756463520,211.57,211.57,211.57,211.57,0
1756463525,211.57,211.57,211.57,211.57,0
1756463530,211.5,211.5,211.5,211.5,1
1756463535,211.5,211.5,211.5,211.5,0
1756463540,211.5,211.5,211.5,211.5,0
1756463545,211.5,211.5,211.5,211.5,0
1756463550,211.5,211.5,211.5,211.5,0
1756463555,211.5,211.5,211.5,211.5,0
1756463560,211.5,211.5,211.5,211.5,0
1756463565,211.5,211.5,211.5,211.5,0
1756463570,211.5,211.5,211.5,211.5,0
1756463575,211.5,211.5,211.5,211.5,0
1756463580,211.5,211.5,211.5,211.5,0
1756463585,211.5,211.5,211.5,211.5,0
1756463590,211.5,211.5,211.5,211.5,0
1756463595,211.5,211.5,211.5,211.5,0
1756463600,211.5,211.5,211.5,211.5,0
1756463605,211.5,211.5,211.5,211.5,0
1756463610,211.5,211.5,211.5,211.5,0
1756463615,211.5,211.5,211.5,211.5,0
1756463620,211.5,211.5,211.5,211.5,0
1756463625,211.5,211.5,211.5,211.5,0
1756463630,211.5,211.5,211.5,211.5,0
1756463635,211.5,211.5,211.5,211.5,0
1756463640,211.5,211.5,211.5,211.5,0
1756463645,211.5,211.5,211.5,211.5,0
1756463650,211.5,211.5,211.5,211.5,0
1756463655,211.5,211.5,211.5,211.5,0
1756463660,211.5,211.5,211.5,211.5,0
1756463665,211.5,211.5,211.5,211.5,0
1756463670,211.5,211.5,211.5,211.5,0
1756463675,211.5,211.5,211.5,211.5,0
1756463680,211.5,211.5,211.5,211.5,0
1756463685,211.5,211.5,211.5,211.5,0
1756463690,211.5,211.5,211.5,211.5,0
1756463695,211.5,211.5,211.5,211.5,0
1756463700,211.5,211.5,211.5,211.5,0
1756463705,211.5,211.5,211.5,211.5,0
1756463710,211.5,211.5,211.5,211.5,0
1756463715,211.5,211.5,211.5,211.5,0
1756463720,211.5,211.5,211.5,211.5,0
1756463725,211.5,211.5,211.5,211.5,0
1756463730,211.5,211.5,211.5,211.5,0
1756463735,211.5,211.5,211.5,211.5,0
1756463740,211.5,211.5,211.5,211.5,0
1756463745,211.5,211.5,211.5,211.5,0
1756463750,211.5,211.5,211.5,211.5,0
1756463755,211.5,211.5,211.5,211.5,0
1756463760,211.5,211.5,211.5,211.5,0
1756463765,211.5,211.5,211.5,211.5,0
1756463770,211.5,211.5,211.5,211.5,0
1756463775,211.5,211.5,211.5,211.5,0
1756463780,211.5,211.5,211.5,211.5,0
1756463785,211.5,211.5,211.5,211.5,0
1756463790,211.5,211.5,211.5,211.5,0
1756463795,211.5,211.5,211.5,211.5,0
1756463800,211.5,211.5,211.5,211.5,0
1756463805,211.5,211.5,211.5,211.5,0
1756463810,211.5,211.5,211.5,211.5,0
1756463815,211.5,211.5,211.5,211.5,0
1756463820,211.5,211.5,211.5,211.5,0
1756463825,211.5,211.5,211.5,211.5,0
1756463830,211.5,211.5,211.5,211.5,0
1756463835,211.5,211.5,211.5,211.5,0
1756463840,211.5,211.5,211.5,211.5,0
1756463845,211.5,211.5,211.5,211.5,0
1756463850,211.5,211.5,211.5,211.5,0
1756463855,211.5,211.5,211.5,211.5,0
1756463860,211.5,211.5,211.5,211.5,0
1756463865,211.5,211.5,211.5,211.5,0
1756463870,211.5,211.5,211.5,211.5,0
1756463875,211.5,211.5,211.5,211.5,0
1756463880,211.5,211.5,211.5,211.5,0
1756463885,211.5,211.5,211.5,211.5,0
1756463890,211.5,211.5,211.5,211.5,0
1756463895,211.5,211.5,211.5,211.5,0
1756463900,211.5,211.5,211.5,211.5,0
1756463905,211.5,211.5,211.5,211.5,0
1756463910,211.5,211.5,211.5,211.5,0
1756463915,211.5,211.5,211.5,211.5,0
1756463920,211.5,211.5,211.5,211.5,0
1756463925,211.5,211.5,211.5,211.5,0
1756463930,211.5,211.5,211.5,211.5,0
1756463935,211.5,211.5,211.5,211.5,0
1756463940,211.5,211.5,211.5,211.5,0
1756463945,211.5,211.5,211.5,211.5,0
1756463950,211.5,211.5,211.5,211.5,0
1756463955,211.5,211.5,211.5,211.5,0
1756463960,211.5,211.5,211.5,211.5,0
1756463965,211.5,211.5,211.5,211.5,0
1756463970,211.5,211.5,211.5,211.5,0
1756463975,211.5,211.5,211.5,211.5,0
1756463980,211.5,211.5,211.5,211.5,0
1756463985,211.5,211.5,211.5,211.5,0
1756463990,211.5,211.5,211.5,211.5,0
1756463995,211.5,211.5,211.5,211.5,0
1756464000,211.5,211.5,211.5,211.5,0
1756464005,211.5,211.5,211.5,211.5,0
1756464010,211.5,211.5,211.5,211.5,0
1756464015,211.5,211.5,211.5,211.5,0
1756464020,211.5,211.5,211.5,211.5,0
1756464025,211.5,211.5,211.5,211.5,0
1756464030,211.5,211.5,211.5,211.5,0
1756464035,211.5,211.5,211.5,211.5,0
1756464040,211.5,211.5,211.5,211.5,0
1756464045,211.5,211.5,211.5,211.5,0
1756464050,211.5,211.5,211.5,211.5,0
1756464055,211.5,211.5,211.5,211.5,0
1756464060,211.5,211.5,211.5,211.5,0
1756464065,211.5,211.5,211.5,211.5,0
1756464070,211.5,211.5,211.5,211.5,0
1756464075,211.5,211.5,211.5,211.5,0
1756464080,211.5,211.5,211.5,211.5,0
1756464085,211.5,211.5,211.5,211.5,0
1756464090,211.5,211.5,211.5,211.5,0
1756464095,211.5,211.5,211.5,211.5,0
1756464100,211.5,211.5,211.5,211.5,0
1756464105,211.5,211.5,211.5,211.5,0
1756464110,211.5,211.5,211.5,211.5,0
1756464115,211.5,211.5,211.5,211.5,0
1756464120,211.5,211.5,211.5,211.5,0
1756464125,211.5,211.5,211.5,211.5,0
1756464130,211.5,211.5,211.5,211.5,0
1756464135,211.5,211.5,211.5,211.5,0
1756464140,211.5,211.5,211.5,211.5,0
1756464145,211.5,211.5,211.5,211.5,0
1756464150,211.5,211.5,211.5,211.5,0
1756464155,211.5,211.5,211.5,211.5,0
1756464160,211.5,211.5,211.5,211.5,0
1756464165,211.5,211.5,211.5,211.5,0
1756464170,211.5,211.5,211.5,211.5,0
1756464175,211.5,211.5,211.5,211.5,0
1756464180,211.5,211.5,211.5,211.5,0
1756464185,211.5,211.5,211.5,211.5,1
1756464190,211.5,211.5,211.5,211.5,0
1756464195,211.5,211.5,211.5,211.5,0
1756464200,211.5,211.5,211.5,211.5,0
1756464205,211.5,211.5,211.5,211.5,0
1756464210,211.5,211.5,211.5,211.5,0
1756464215,211.5,211.5,211.5,211.5,0
1756464220,211.5,211.5,211.5,211.5,0
1756464225,211.5,211.5,211.5,211.5,0
1756464230,211.5,211.5,211.5,211.5,0
1756464235,211.5,211.5,211.5,211.5,0
1756464240,211.5,211.5,211.5,211.5,0
1756464245,211.5,211.5,211.5,211.5,0
1756464250,211.5,211.5,211.5,211.5,0
1756464255,211.5,211.5,211.5,211.5,0
1756464260,211.5,211.5,211.5,211.5,0
1756464265,211.5,211.5,211.5,211.5,0
1756464270,211.5,211.5,211.5,211.5,0
1756464275,211.5,211.5,211.5,211.5,0
1756464280,211.5,211.5,211.5,211.5,0
1756464285,211.5,211.5,211.5,211.5,0
1756464290,211.5,211.5,211.5,211.5,0
1756464295,211.5,211.5,211.5,211.5,0
1756464300,211.5,211.5,211.5,211.5,0
1756464305,211.44,211.44,211.44,211.44,1
1756464310,211.44,211.44,211.44,211.44,0
1756464315,211.44,211.44,211.44,211.44,0
1756464320,211.44,211.44,211.44,211.44,0
1756464325,211.44,211.44,211.44,211.44,0
1756464330,211.44,211.44,211.44,211.44,0
1756464335,211.44,211.44,211.44,211.44,0
1756464340,211.44,211.44,211.44,211.44,0
1756464345,211.44,211.44,211.44,211.44,0
1756464350,211.44,211.44,211.44,211.44,0
1756464355,211.44,211.44,211.44,211.44,0
1756464360,211.44,211.44,211.44,211.44,0
1756464365,211.44,211.44,211.44,211.44,0
1756464370,211.44,211.44,211.44,211.44,0
1756464375,211.44,211.44,211.44,211.44,0
1756464380,211.44,211.44,211.44,211.44,0
1756464385,211.44,211.44,211.44,211.44,0
1756464390,211.44,211.44,211.44,211.44,0
1756464395,211.44,211.44,211.44,211.44,0
1756464400,211.44,211.44,211.44,211.44,0
1756464405,211.44,211.44,211.44,211.44,0
1756464410,211.44,211.44,211.44,211.44,0
1756464415,211.44,211.44,211.44,211.44,0
1756464420,211.44,211.44,211.44,211.44,0
1756464425,211.44,211.44,211.44,211.44,0
1756464430,211.44,211.44,211.44,211.44,0
1756464435,211.44,211.44,211.44,211.44,0
1756464440,211.44,211.44,211.44,211.44,0
1756464445,211.44,211.44,211.44,211.44,0
1756464450,211.44,211.44,211.44,211.44,0
1756464455,211.44,211.44,211.44,211.44,0
1756464460,211.44,211.44,211.44,211.44,0
1756464465,211.44,211.44,211.44,211.44,0
1756464470,211.44,211.44,211.44,211.44,0
1756464475,211.44,211.44,211.44,211.44,0
1756464480,211.44,211.44,211.44,211.44,0
1756464485,211.44,211.44,211.44,211.44,0
1756464490,211.44,211.44,211.44,211.44,0
1756464495,211.44,211.44,211.44,211.44,0
1756464500,211.44,211.44,211.44,211.44,0
1756464505,211.44,211.44,211.44,211.44,0
1756464510,211.44,211.44,211.44,211.44,0
1756464515,211.44,211.44,211.44,211.44,0
1756464520,211.44,211.44,211.44,211.44,0
1756464525,211.44,211.44,211.44,211.44,0
1756464530,211.44,211.44,211.44,211.44,0
1756464535,211.44,211.44,211.44,211.44,0
1756464540,211.44,211.44,211.44,211.44,0
1756464545,211.44,211.44,211.44,211.44,0
1756464550,211.44,211.44,211.44,211.44,0
1756464555,211.44,211.44,211.44,211.44,0
1756464560,211.44,211.44,211.44,211.44,0
1756464565,211.44,211.44,211.44,211.44,0
1756464570,211.44,211.44,211.44,211.44,0
1756464575,211.44,211.44,211.44,211.44,0
1756464580,211.44,211.44,211.44,211.44,0
1756464585,211.44,211.44,211.44,211.44,0
1756464590,211.44,211.44,211.44,211.44,0
1756464595,211.44,211.44,211.44,211.44,0
1756464600,211.44,211.44,211.44,211.44,0
1756464605,211.44,211.44,211.44,211.44,0
1756464610,211.44,211.44,211.44,211.44,0
1756464615,211.44,211.44,211.44,211.44,0
1756464620,211.44,211.44,211.44,211.44,0
1756464625,211.44,211.44,211.44,211.44,0
1756464630,211.44,211.44,211.44,211.44,0
1756464635,211.44,211.44,211.44,211.44,0
1756464640,211.44,211.44,211.44,211.44,0
1756464645,211.44,211.44,211.44,211.44,0
1756464650,211.44,211.44,211.44,211.44,0
1756464655,211.44,211.44,211.44,211.44,0
1756464660,211.44,211.44,211.44,211.44,0
1756464665,211.44,211.44,211.44,211.44,0
1756464670,211.44,211.44,211.44,211.44,0
1756464675,211.44,211.44,211.44,211.44,0
1756464680,211.44,211.44,211.44,211.44,0
1756464685,211.44,211.44,211.44,211.44,0
1756464690,211.44,211.44,211.44,211.44,0
1756464695,211.44,211.44,211.44,211.44,0
1756464700,211.44,211.44,211.44,211.44,0
1756464705,211.44,211.44,211.44,211.44,0
1756464710,211.44,211.44,211.44,211.44,0
1756464715,211.44,211.44,211.44,211.44,0
1756464720,211.44,211.44,211.44,211.44,0
1756464725,211.44,211.44,211.44,211.44,0
1756464730,211.44,211.44,211.44,211.44,0
1756464735,211.44,211.44,211.44,211.44,0
1756464740,211.44,211.44,211.44,211.44,0
1756464745,211.44,211.44,211.44,211.44,0
1756464750,211.44,211.44,211.44,211.44,0
1756464755,211.44,211.44,211.44,211.44,0
1756464760,211.44,211.44,211.44,211.44,0
1756464765,211.44,211.44,211.44,211.44,0
1756464770,211.44,211.44,211.44,211.44,0
1756464775,211.44,211.44,211.44,211.44,0
1756464780,211.44,211.44,211.44,211.44,0
1756464785,211.44,211.44,211.44,211.44,0
1756464790,211.44,211.44,211.44,211.44,0
1756464795,211.44,211.44,211.44,211.44,0
1756464800,211.44,211.44,211.44,211.44,0
1756464805,211.44,211.44,211.44,211.44,0
1756464810,211.44,211.44,211.44,211.44,0
1756464815,211.44,211.44,211.44,211.44,0
1756464820,211.44,211.44,211.44,211.44,0
1756464825,211.44,211.44,211.44,211.44,0
1756464830,211.44,211.44,211.44,211.44,0
1756464835,211.44,211.44,211.44,211.44,0
1756464840,211.44,211.44,211.44,211.44,0
1756464845,211.44,211.44,211.44,211.44,0
1756464850,211.44,211.44,211.44,211.44,0
1756464855,211.44,211.44,211.44,211.44,0
1756464860,211.44,211.44,211.44,211.44,0
1756464865,211.44,211.44,211.44,211.44,0
1756464870,211.44,211.44,211.44,211.44,0
1756464875,211.0,211.0,210.41,210.53,47
1756464880,210.53,210.53,210.53,210.53,0
1756464885,210.53,210.53,210.53,210.53,0
1756464890,210.53,210.53,210.53,210.53,0
1756464895,210.01,210.11,210.01,210.11,5
1756464900,210.0,210.19,210.0,210.12,5
1756464905,210.12,210.12,210.02,210.03,4
1756464910,210.0,210.0,209.87,209.87,2
1756464915,209.84,209.84,209.84,209.84,1
1756464920,209.88,210.09,209.88,210.09,9
1756464925,209.65,209.65,209.65,209.65,2
1756464930,209.63,209.63,209.38,209.38,5
1756464935,209.38,209.38,209.38,209.38,0
1756464940,209.38,209.38,209.38,209.38,0
1756464945,209.58,209.58,209.58,209.58,1
1756464950,209.45,209.47,209.43,209.43,4
1756464955,209.49,209.49,209.49,209.49,1
1756464960,209.35,209.35,209.35,209.35,1
1756464965,209.35,209.35,209.35,209.35,0
1756464970,209.03,209.03,209.01,209.01,5
1756464975,208.95,208.96,208.95,208.96,2
1756464980,208.96,208.96,208.96,208.96,0
1756464985,209.09,209.09,209.09,209.09,1
1756464990,209.07,209.07,209.07,209.07,2
1756464995,209.07,209.07,209.07,209.07,0
1756465000,209.07,209.07,209.07,209.07,0
1756465005,209.07,209.07,209.07,209.07,0
1756465010,209.07,209.07,209.07,209.07,0
1756465015,209.07,209.07,209.07,209.07,0
1756465020,209.07,209.07,209.07,209.07,0
1756465025,209.07,209.07,209.07,209.07,0
1756465030,209.95,209.95,209.95,209.95,2
1756465035,210.0,210.0,210.0,210.0,4
1756465040,210.0,210.0,210.0,210.0,0
1756465045,210.0,210.0,210.0,210.0,0
1756465050,209.96,209.96,209.96,209.96,1
1756465055,210.01,210.01,210.01,210.01,2
1756465060,210.01,210.01,210.01,210.01,0
1756465065,210.02,210.02,210.02,210.02,1
1756465070,210.02,210.02,210.02,210.02,0
1756465075,210.02,210.02,210.02,210.02,0
1756465080,210.02,210.02,210.02,210.02,0
1756465085,210.02,210.02,210.02,210.02,0
1756465090,209.98,209.98,209.98,209.98,3
1756465095,209.98,209.98,209.98,209.98,0
1756465100,209.98,209.98,209.98,209.98,0
1756465105,209.98,209.98,209.98,209.98,0
1756465110,209.98,209.98,209.98,209.98,0
1756465115,209.98,209.98,209.98,209.98,0
1756465120,209.91,209.91,209.87,209.87,2
1756465125,209.85,209.85,209.57,209.57,36
1756465130,209.57,209.57,209.57,209.57,0
1756465135,209.57,209.57,209.57,209.57,0
1756465140,209.57,209.57,209.57,209.57,0
1756465145,209.78,209.78,209.78,209.78,4
1756465150,209.62,209.62,209.62,209.62,1
1756465155,209.62,209.62,209.62,209.62,0
1756465160,209.62,209.62,209.62,209.62,0
1756465165,209.76,209.8,209.76,209.8,6
1756465170,209.8,209.8,209.8,209.8,0
1756465175,209.94,209.99,209.94,209.99,7
1756465180,209.99,209.99,209.99,209.99,0
1756465185,209.99,209.99,209.99,209.99,0
1756465190,209.99,209.99,209.99,209.99,0
1756465195,209.99,209.99,209.99,209.99,0
1756465200,210.0,210.0,210.0,210.0,1
1756465205,210.0,210.0,210.0,210.0,0
1756465210,209.99,209.99,209.99,209.99,1
1756465215,209.99,209.99,209.99,209.99,0
1756465220,209.99,209.99,209.99,209.99,0
1756465225,209.99,209.99,209.99,209.99,0
1756465230,210.15,210.15,210.15,210.15,3
1756465235,210.15,210.15,210.15,210.15,0
1756465240,210.15,210.15,210.15,210.15,0
1756465245,210.15,210.15,210.15,210.15,0
1756465250,210.15,210.15,210.15,210.15,0
1756465255,210.32,210.32,210.3,210.32,3
1756465260,210.32,210.32,210.32,210.32,0
1756465265,210.3,210.3,210.3,210.3,4
1756465270,210.3,210.3,210.3,210.3,0
1756465275,210.06,210.07,210.06,210.07,2
1756465280,210.07,210.07,210.07,210.07,0
1756465285,210.07,210.07,210.07,210.07,0
1756465290,210.07,210.07,210.07,210.07,0
1756465295,210.01,210.01,210.01,210.01,1
1756465300,210.1,210.1,210.1,210.1,3
1756465305,210.1,210.1,210.1,210.1,0
1756465310,210.1,210.1,210.1,210.1,0
1756465315,210.1,210.1,210.1,210.1,0
1756465320,210.1,210.1,210.1,210.1,0
1756465325,210.1,210.1,210.1,210.1,0
1756465330,210.1,210.1,210.1,210.1,0
1756465335,210.1,210.1,210.1,210.1,0
1756465340,210.1,210.1,210.1,210.1,0
1756465345,209.93,209.93,209.93,209.93,1
1756465350,209.93,209.93,209.93,209.93,0
1756465355,209.93,209.93,209.93,209.93,0
1756465360,209.93,209.93,209.93,209.93,0
1756465365,209.93,209.93,209.93,209.93,0
1756465370,209.93,209.93,209.93,209.93,0
1756465375,209.93,209.93,209.93,209.93,0
1756465380,209.93,209.93,209.93,209.93,0
1756465385,209.93,209.93,209.93,209.93,0
1756465390,209.93,209.93,209.93,209.93,0
1756465395,209.93,209.93,209.93,209.93,0
1756465400,209.93,209.93,209.93,209.93,0
1756465405,209.93,209.93,209.93,209.93,0
1756465410,209.93,209.93,209.93,209.93,0
1756465415,209.93,209.93,209.93,209.93,0
1756465420,210.18,210.19,210.18,210.19,2
1756465425,210.25,210.3,210.24,210.3,5
1756465430,210.3,210.3,210.3,210.3,0
1756465435,210.3,210.3,210.3,210.3,0
1756465440,210.3,210.3,210.3,210.3,0
1756465445,210.3,210.3,210.3,210.3,0
1756465450,210.3,210.3,210.3,210.3,0
1756465455,210.2,210.2,210.19,210.19,4
1756465460,210.19,210.19,210.19,210.19,0
1756465465,210.19,210.19,210.19,210.19,0
1756465470,210.19,210.19,210.19,210.19,0
1756465475,210.19,210.19,210.19,210.19,0
1756465480,210.26,210.29,210.26,210.29,4
1756465485,210.29,210.29,210.29,210.29,0
1756465490,210.29,210.29,210.29,210.29,0
1756465495,210.29,210.29,210.29,210.29,0
1756465500,210.29,210.29,210.29,210.29,0
1756465505,210.29,210.29,210.29,210.29,0
1756465510,210.29,210.29,210.29,210.29,0
1756465515,210.29,210.29,210.29,210.29,0
1756465520,210.29,210.29,210.29,210.29,0
1756465525,210.29,210.29,210.29,210.29,0
1756465530,210.29,210.29,210.29,210.29,0
1756465535,210.29,210.29,210.29,210.29,0
1756465540,210.29,210.29,210.29,210.29,0
1756465545,210.29,210.29,210.29,210.29,0
1756465550,210.29,210.29,210.29,210.29,0
1756465555,210.29,210.29,210.29,210.29,0
1756465560,210.29,210.29,210.29,210.29,0
1756465565,210.29,210.29,210.29,210.29,0
1756465570,210.29,210.29,210.29,210.29,0
1756465575,210.29,210.29,210.29,210.29,0
1756465580,210.29,210.29,210.29,210.29,0
1756465585,210.29,210.29,210.29,210.29,0
1756465590,209.95,209.95,209.79,209.8,8
1756465595,209.73,209.73,209.73,209.73,2
1756465600,209.73,209.73,209.73,209.73,0
1756465605,209.73,209.73,209.73,209.73,0
1756465610,209.72,209.72,209.72,209.72,1
1756465615,209.72,209.72,209.72,209.72,0
1756465620,209.74,209.74,209.52,209.53,14
1756465625,209.53,209.53,209.53,209.53,0
1756465630,209.53,209.53,209.53,209.53,0
1756465635,209.65,209.69,209.65,209.69,3
1756465640,209.49,209.49,209.49,209.49,3
1756465645,209.49,209.49,209.49,209.49,0
1756465650,209.49,209.49,209.49,209.49,0
1756465655,209.49,209.49,209.49,209.49,0
1756465660,209.49,209.49,209.49,209.49,0
1756465665,209.6,209.6,209.44,209.44,3
1756465670,209.44,209.44,209.44,209.44,0
1756465675,209.44,209.44,209.44,209.44,0
1756465680,209.44,209.44,209.44,209.44,0
1756465685,209.44,209.44,209.44,209.44,0
1756465690,209.4,209.4,209.4,209.4,1
1756465695,209.4,209.4,209.4,209.4,0
1756465700,209.4,209.4,209.4,209.4,0
1756465705,209.38,209.38,209.38,209.38,2
1756465710,209.38,209.38,209.38,209.38,0
1756465715,209.38,209.38,209.38,209.38,0
1756465720,209.38,209.38,209.38,209.38,0
1756465725,209.38,209.38,209.38,209.38,0
1756465730,209.38,209.38,209.38,209.38,0
1756465735,209.38,209.38,209.38,209.38,0
1756465740,209.38,209.38,209.38,209.38,0
1756465745,209.38,209.38,209.38,209.38,0
1756465750,209.38,209.38,209.38,209.38,0
1756465755,209.38,209.38,209.38,209.38,0
1756465760,209.38,209.38,209.38,209.38,0
1756465765,209.38,209.38,209.38,209.38,0
1756465770,209.38,209.38,209.38,209.38,0
1756465775,209.38,209.38,209.38,209.38,0
1756465780,209.38,209.38,209.38,209.38,0
1756465785,209.38,209.38,209.38,209.38,0
1756465790,209.38,209.38,209.38,209.38,0
1756465795,209.38,209.38,209.38,209.38,0
1756465800,209.38,209.38,209.38,209.38,0
1756465805,209.32,209.32,209.29,209.29,22
1756465810,209.29,209.29,209.29,209.29,22
1756465815,209.29,209.29,209.29,209.29,0
1756465820,209.29,209.29,209.29,209.29,0
1756465825,209.29,209.29,209.29,209.29,0
1756465830,209.29,209.29,209.29,209.29,0
1756465835,209.29,209.29,209.29,209.29,0
1756465840,209.29,209.29,209.29,209.29,0
1756465845,209.29,209.29,209.29,209.29,0
1756465850,209.29,209.29,209.29,209.29,0
1756465855,209.29,209.29,209.29,209.29,0
1756465860,209.29,209.29,209.29,209.29,0
1756465865,209.29,209.29,209.29,209.29,0
1756465870,209.29,209.29,209.29,209.29,0
1756465875,209.29,209.29,209.29,209.29,0
1756465880,209.09,209.12,209.0,209.03,12
1756465885,209.03,209.03,209.03,209.03,0
1756465890,209.04,209.04,209.04,209.04,1
1756465895,209.04,209.04,209.04,209.04,0
1756465900,209.04,209.04,209.04,209.04,0
1756465905,209.04,209.04,209.04,209.04,0
1756465910,209.39,209.39,209.39,209.39,1
1756465915,209.39,209.39,209.39,209.39,0
1756465920,209.39,209.39,209.39,209.39,0
1756465925,209.39,209.39,209.39,209.39,0
1756465930,209.39,209.39,209.39,209.39,0
1756465935,209.39,209.39,209.39,209.39,0
1756465940,209.39,209.39,209.39,209.39,0
1756465945,209.39,209.39,209.39,209.39,0
1756465950,209.39,209.39,209.39,209.39,0
1756465955,209.73,209.76,209.73,209.76,9
1756465960,209.76,209.76,209.76,209.76,0
1756465965,209.76,209.76,209.76,209.76,0
1756465970,209.76,209.76,209.76,209.76,0
1756465975,209.76,209.76,209.76,209.76,0
1756465980,209.76,209.76,209.76,209.76,0
1756465985,209.76,209.76,209.76,209.76,0
1756465990,209.76,209.76,209.76,209.76,0
1756465995,209.76,209.76,209.76,209.76,0
1756466000,209.76,209.76,209.76,209.76,0
1756466005,209.76,209.76,209.76,209.76,0
1756466010,209.76,209.76,209.76,209.76,0
1756466015,209.76,209.76,209.76,209.76,0
1756466020,209.76,209.76,209.76,209.76,0
1756466025,209.76,209.76,209.76,209.76,0
1756466030,209.76,209.76,209.76,209.76,0
1756466035,209.76,209.76,209.76,209.76,0
1756466040,209.76,209.76,209.76,209.76,0
1756466045,209.76,209.76,209.76,209.76,0
1756466050,209.76,209.76,209.76,209.76,0
1756466055,209.76,209.76,209.76,209.76,0
1756466060,209.76,209.76,209.76,209.76,0
1756466065,209.76,209.76,209.76,209.76,0
1756466070,209.76,209.76,209.76,209.76,0
1756466075,209.76,209.76,209.76,209.76,0
1756466080,209.76,209.76,209.76,209.76,0
1756466085,209.59,209.59,209.59,209.59,1
1756466090,209.59,209.59,209.59,209.59,0
1756466095,209.59,209.59,209.59,209.59,0
1756466100,209.59,209.59,209.59,209.59,0
1756466105,209.59,209.59,209.59,209.59,0
1756466110,209.7,209.7,209.7,209.7,1
1756466115,209.7,209.7,209.7,209.7,0
1756466120,209.7,209.7,209.7,209.7,0
1756466125,209.7,209.7,209.7,209.7,0
1756466130,209.7,209.7,209.7,209.7,0
1756466135,209.7,209.7,209.7,209.7,0
1756466140,209.7,209.7,209.7,209.7,0
1756466145,209.7,209.7,209.7,209.7,0
1756466150,209.7,209.7,209.7,209.7,0
1756466155,209.7,209.7,209.7,209.7,0
1756466160,209.7,209.7,209.7,209.7,0
1756466165,209.7,209.7,209.7,209.7,0
1756466170,209.7,209.7,209.7,209.7,0
1756466175,209.7,209.7,209.7,209.7,0
1756466180,209.7,209.7,209.7,209.7,0
1756466185,209.7,209.7,209.7,209.7,0
1756466190,209.7,209.7,209.7,209.7,0
1756466195,209.7,209.7,209.7,209.7,0
1756466200,209.7,209.7,209.7,209.7,0
1756466205,209.7,209.7,209.7,209.7,0
1756466210,209.7,209.7,209.7,209.7,0
1756466215,209.7,209.7,209.7,209.7,0
1756466220,209.7,209.7,209.7,209.7,0
1756466225,209.7,209.7,209.7,209.7,0
1756466230,209.7,209.7,209.7,209.7,0
1756466235,209.7,209.7,209.7,209.7,0
1756466240,209.7,209.7,209.7,209.7,0
1756466245,209.7,209.7,209.7,209.7,0
1756466250,209.7,209.7,209.7,209.7,0
1756466255,209.7,209.7,209.7,209.7,0
1756466260,209.7,209.7,209.7,209.7,0
1756466265,209.7,209.7,209.7,209.7,0
1756466270,209.7,209.7,209.7,209.7,0
1756466275,209.61,209.61,209.6,209.6,2
1756466280,209.6,209.6,209.6,209.6,0
1756466285,209.6,209.6,209.6,209.6,0
1756466290,209.6,209.6,209.6,209.6,0
1756466295,209.6,209.6,209.6,209.6,0
1756466300,209.6,209.6,209.6,209.6,0
1756466305,209.6,209.6,209.58,209.58,3
1756466310,209.58,209.58,209.58,209.58,0
1756466315,209.58,209.58,209.58,209.58,0
1756466320,209.58,209.58,209.58,209.58,0
1756466325,209.58,209.58,209.58,209.58,0
1756466330,209.58,209.58,209.58,209.58,0
1756466335,209.58,209.58,209.58,209.58,0
1756466340,209.58,209.58,209.58,209.58,0
1756466345,209.58,209.58,209.58,209.58,0
1756466350,209.58,209.58,209.58,209.58,0
1756466355,209.58,209.58,209.58,209.58,0
1756466360,209.58,209.58,209.58,209.58,0
1756466365,209.58,209.58,209.58,209.58,0
1756466370,209.58,209.58,209.58,209.58,0
1756466375,209.58,209.58,209.58,209.58,0
1756466380,209.58,209.58,209.58,209.58,0
1756466385,209.58,209.58,209.58,209.58,0
1756466390,209.58,209.58,209.58,209.58,0
1756466395,209.58,209.58,209.58,209.58,0
1756466400,209.49,209.49,209.49,209.49,1
1756466405,209.49,209.49,209.49,209.49,0
1756466410,209.49,209.49,209.49,209.49,0
1756466415,209.49,209.49,209.49,209.49,0
1756466420,209.49,209.49,209.49,209.49,0
1756466425,209.49,209.49,209.49,209.49,0
1756466430,209.49,209.49,209.49,209.49,0
1756466435,209.49,209.49,209.49,209.49,0
1756466440,209.49,209.49,209.49,209.49,0
1756466445,209.49,209.49,209.49,209.49,0
1756466450,209.49,209.49,209.49,209.49,0
1756466455,209.49,209.49,209.49,209.49,0
1756466460,209.49,209.49,209.49,209.49,0
1756466465,209.49,209.49,209.49,209.49,0
1756466470,209.49,209.49,209.49,209.49,0
1756466475,209.49,209.49,209.49,209.49,0
1756466480,209.49,209.49,209.49,209.49,0
1756466485,209.49,209.49,209.49,209.49,0
1756466490,209.49,209.49,209.49,209.49,0
1756466495,209.49,209.49,209.49,209.49,0
1756466500,209.49,209.49,209.49,209.49,0
1756466505,209.49,209.49,209.49,209.49,0
1756466510,209.49,209.49,209.49,209.49,0
1756466515,209.49,209.49,209.49,209.49,0
1756466520,209.49,209.49,209.49,209.49,0
1756466525,209.56,209.56,209.56,209.56,1
1756466530,209.56,209.56,209.56,209.56,0
1756466535,209.56,209.56,209.56,209.56,0
1756466540,209.56,209.56,209.56,209.56,0
1756466545,209.56,209.56,209.56,209.56,0
1756466550,209.56,209.56,209.56,209.56,0
1756466555,209.56,209.56,209.56,209.56,0
1756466560,209.56,209.56,209.56,209.56,0
1756466565,209.56,209.56,209.56,209.56,0
1756466570,209.56,209.56,209.56,209.56,0
1756466575,209.56,209.56,209.56,209.56,0
1756466580,209.56,209.56,209.56,209.56,0
1756466585,209.56,209.56,209.56,209.56,0
1756466590,209.56,209.56,209.56,209.56,0
1756466595,209.61,209.61,209.61,209.61,2
1756466600,209.61,209.61,209.61,209.61,0
1756466605,209.61,209.61,209.61,209.61,0
1756466610,209.61,209.61,209.61,209.61,0
1756466615,209.61,209.61,209.61,209.61,0
1756466620,209.61,209.61,209.61,209.61,0
1756466625,209.61,209.61,209.61,209.61,0
1756466630,209.61,209.61,209.61,209.61,0
1756466635,209.61,209.61,209.61,209.61,0
1756466640,209.61,209.61,209.61,209.61,0
1756466645,209.61,209.61,209.61,209.61,0
1756466650,209.61,209.61,209.61,209.61,0
1756466655,209.61,209.61,209.61,209.61,0
1756466660,209.61,209.61,209.61,209.61,0
1756466665,209.61,209.61,209.61,209.61,0
1756466670,209.61,209.61,209.61,209.61,0
1756466675,209.61,209.61,209.61,209.61,0
1756466680,209.61,209.61,209.61,209.61,0
1756466685,209.61,209.61,209.61,209.61,0
1756466690,209.61,209.61,209.61,209.61,0
1756466695,209.61,209.61,209.61,209.61,0
1756466700,209.61,209.61,209.61,209.61,0
1756466705,209.61,209.61,209.61,209.61,0
1756466710,209.61,209.61,209.61,209.61,0
1756466715,209.61,209.61,209.61,209.61,0
1756466720,209.61,209.61,209.61,209.61,0
1756466725,209.61,209.61,209.61,209.61,0
1756466730,209.61,209.61,209.61,209.61,0
1756466735,209.61,209.61,209.61,209.61,0
1756466740,209.61,209.61,209.61,209.61,0
1756466745,209.61,209.61,209.61,209.61,0
1756466750,209.61,209.61,209.61,209.61,0
1756466755,209.61,209.61,209.61,209.61,0
1756466760,209.61,209.61,209.61,209.61,0
1756466765,209.61,209.61,209.61,209.61,0
1756466770,209.61,209.61,209.61,209.61,0
1756466775,209.61,209.61,209.61,209.61,0
1756466780,209.61,209.61,209.61,209.61,0
1756466785,209.61,209.61,209.61,209.61,0
1756466790,209.61,209.61,209.61,209.61,0
1756466795,209.61,209.61,209.61,209.61,0
1756466800,209.61,209.61,209.61,209.61,0
1756466805,209.61,209.61,209.61,209.61,0
1756466810,209.61,209.61,209.61,209.61,0
1756466815,209.61,209.61,209.61,209.61,0
1756466820,209.61,209.61,209.61,209.61,0
1756466825,209.61,209.61,209.61,209.61,0
1756466830,209.61,209.61,209.61,209.61,0
1756466835,209.61,209.61,209.61,209.61,0
1756466840,209.61,209.61,209.61,209.61,0
1756466845,209.61,209.61,209.61,209.61,0
1756466850,209.61,209.61,209.61,209.61,0
1756466855,209.61,209.61,209.61,209.61,0
1756466860,209.79,209.79,209.79,209.79,1
1756466865,209.79,209.79,209.79,209.79,0
1756466870,209.79,209.79,209.79,209.79,0
1756466875,209.79,209.79,209.79,209.79,0
1756466880,209.79,209.79,209.79,209.79,0
1756466885,209.79,209.79,209.79,209.79,0
1756466890,209.79,209.79,209.79,209.79,0
1756466895,209.79,209.79,209.79,209.79,0
1756466900,209.79,209.79,209.79,209.79,0
1756466905,209.79,209.79,209.79,209.79,0
1756466910,209.79,209.79,209.79,209.79,0
1756466915,209.79,209.79,209.79,209.79,0
1756466920,209.79,209.79,209.79,209.79,0
1756466925,209.79,209.79,209.79,209.79,0
1756466930,209.79,209.79,209.79,209.79,0
1756466935,209.79,209.79,209.79,209.79,0
1756466940,209.79,209.79,209.79,209.79,0
1756466945,209.79,209.79,209.79,209.79,0
1756466950,209.79,209.79,209.79,209.79,0
1756466955,209.79,209.79,209.79,209.79,0
1756466960,209.79,209.79,209.79,209.79,0
1756466965,209.77,209.77,209.77,209.77,1
1756466970,209.77,209.77,209.77,209.77,0
1756466975,209.77,209.77,209.77,209.77,0
1756466980,209.77,209.77,209.77,209.77,0
1756466985,209.77,209.77,209.77,209.77,0
1756466990,209.77,209.77,209.77,209.77,0
1756466995,209.77,209.77,209.77,209.77,0
1756467000,209.77,209.77,209.77,209.77,0
1756467005,209.77,209.77,209.77,209.77,0
1756467010,209.77,209.77,209.77,209.77,0
1756467015,209.77,209.77,209.77,209.77,0
1756467020,209.77,209.77,209.77,209.77,0
1756467025,209.77,209.77,209.77,209.77,0
1756467030,209.77,209.77,209.77,209.77,0
1756467035,209.77,209.77,209.77,209.77,0
1756467040,209.77,209.77,209.77,209.77,0
1756467045,209.77,209.77,209.77,209.77,0
1756467050,209.77,209.77,209.77,209.77,0
1756467055,209.77,209.77,209.77,209.77,0
1756467060,209.77,209.77,209.77,209.77,0
1756467065,209.77,209.77,209.77,209.77,0
1756467070,209.77,209.77,209.77,209.77,0
1756467075,209.77,209.77,209.77,209.77,0
1756467080,209.77,209.77,209.77,209.77,0
1756467085,209.77,209.77,209.77,209.77,0
1756467090,209.77,209.77,209.77,209.77,0
1756467095,209.77,209.77,209.77,209.77,0
1756467100,209.77,209.77,209.77,209.77,0
1756467105,209.77,209.77,209.77,209.77,0
1756467110,209.77,209.77,209.77,209.77,0
1756467115,209.77,209.77,209.77,209.77,0
1756467120,209.77,209.77,209.77,209.77,0
1756467125,209.77,209.77,209.77,209.77,0
1756467130,209.77,209.77,209.77,209.77,0
1756467135,209.77,209.77,209.77,209.77,0
1756467140,209.77,209.77,209.77,209.77,0
1756467145,209.77,209.77,209.77,209.77,0
1756467150,209.83,209.83,209.83,209.83,1
1756467155,209.83,209.83,209.83,209.83,0
1756467160,209.83,209.83,209.83,209.83,0
1756467165,209.83,209.83,209.83,209.83,0
1756467170,209.83,209.83,209.83,209.83,0
1756467175,209.83,209.83,209.83,209.83,0
1756467180,209.83,209.83,209.83,209.83,0
1756467185,209.83,209.83,209.83,209.83,0
1756467190,209.83,209.83,209.83,209.83,0
1756467195,209.83,209.83,209.83,209.83,0
1756467200,209.83,209.83,209.83,209.83,0
1756467205,209.83,209.83,209.83,209.83,0
1756467210,209.83,209.83,209.83,209.83,0
1756467215,209.83,209.83,209.83,209.83,0
1756467220,209.83,209.83,209.83,209.83,1
1756467225,209.83,209.83,209.83,209.83,0
1756467230,209.83,209.83,209.83,209.83,0
1756467235,209.83,209.83,209.83,209.83,0
1756467240,209.83,209.83,209.83,209.83,0
1756467245,209.83,209.83,209.83,209.83,0
1756467250,209.83,209.83,209.83,209.83,0
1756467255,209.83,209.83,209.83,209.83,0
1756467260,209.83,209.83,209.83,209.83,0
1756467265,209.83,209.83,209.83,209.83,0
1756467270,209.83,209.83,209.83,209.83,0
1756467275,209.83,209.83,209.83,209.83,0
1756467280,210.0,210.0,210.0,210.0,1
1756467285,210.0,210.0,210.0,210.0,0
1756467290,210.0,210.0,210.0,210.0,0
1756467295,210.0,210.0,210.0,210.0,0
1756467300,210.0,210.0,210.0,210.0,0
1756467305,210.0,210.0,210.0,210.0,0
1756467310,210.0,210.0,210.0,210.0,0
1756467315,210.0,210.0,210.0,210.0,0
1756467320,210.0,210.0,210.0,210.0,0
1756467325,210.0,210.0,210.0,210.0,0
1756467330,210.0,210.0,210.0,210.0,0
1756467335,210.0,210.0,210.0,210.0,0
1756467340,210.0,210.0,210.0,210.0,0
1756467345,210.0,210.0,210.0,210.0,0
1756467350,210.12,210.12,210.12,210.12,1
1756467355,210.13,210.13,210.13,210.13,1
1756467360,210.13,210.13,210.13,210.13,0
1756467365,210.13,210.13,210.13,210.13,0
1756467370,210.13,210.13,210.13,210.13,0
1756467375,210.13,210.13,210.13,210.13,0
1756467380,210.13,210.13,210.13,210.13,0
1756467385,210.13,210.13,210.13,210.13,0
1756467390,210.13,210.13,210.13,210.13,0
1756467395,210.13,210.13,210.13,210.13,0
1756467400,210.13,210.13,210.13,210.13,0
1756467405,210.13,210.13,210.13,210.13,0
1756467410,210.13,210.13,210.13,210.13,0
1756467415,210.13,210.13,210.13,210.13,0
1756467420,210.13,210.13,210.13,210.13,0
1756467425,210.13,210.13,210.13,210.13,0
1756467430,210.15,210.15,210.15,210.15,2
1756467435,210.15,210.15,210.15,210.15,0
1756467440,210.15,210.15,210.15,210.15,0
1756467445,210.15,210.15,210.15,210.15,0
1756467450,210.15,210.15,210.15,210.15,0
1756467455,210.15,210.15,210.15,210.15,0
1756467460,210.15,210.15,210.15,210.15,0
1756467465,210.15,210.15,210.15,210.15,0
1756467470,210.15,210.15,210.15,210.15,0
1756467475,210.15,210.15,210.15,210.15,0
1756467480,210.15,210.15,210.15,210.15,0
1756467485,210.15,210.15,210.15,210.15,0
1756467490,210.15,210.15,210.15,210.15,0
1756467495,210.15,210.15,210.15,210.15,0
1756467500,210.15,210.15,210.15,210.15,0
1756467505,210.15,210.15,210.15,210.15,0
1756467510,210.15,210.15,210.15,210.15,0
1756467515,210.15,210.15,210.15,210.15,0
1756467520,210.15,210.15,210.15,210.15,0
1756467525,210.15,210.15,210.15,210.15,0
1756467530,210.15,210.15,210.15,210.15,0
1756467535,210.15,210.15,210.15,210.15,0
1756467540,210.24,210.25,210.24,210.25,3
1756467545,210.25,210.25,210.25,210.25,0
1756467550,210.25,210.25,210.25,210.25,0
1756467555,210.25,210.25,210.25,210.25,0
1756467560,210.25,210.25,210.25,210.25,0
1756467565,210.35,210.35,210.35,210.35,7
1756467570,210.35,210.35,210.35,210.35,0
1756467575,210.35,210.35,210.35,210.35,0
1756467580,210.35,210.35,210.35,210.35,0
1756467585,210.35,210.35,210.35,210.35,0
1756467590,210.35,210.35,210.35,210.35,0
1756467595,210.35,210.35,210.35,210.35,0
1756467600,210.35,210.35,210.35,210.35,0
1756467605,210.35,210.35,210.35,210.35,0
1756467610,210.35,210.35,210.35,210.35,0
1756467615,210.35,210.35,210.35,210.35,0
1756467620,210.35,210.35,210.35,210.35,0
1756467625,210.35,210.35,210.35,210.35,0
1756467630,210.35,210.35,210.35,210.35,0
1756467635,210.35,210.35,210.35,210.35,0
1756467640,210.35,210.35,210.35,210.35,0
1756467645,210.35,210.35,210.35,210.35,0
1756467650,210.35,210.35,210.35,210.35,0
1756467655,210.35,210.35,210.35,210.35,0
1756467660,210.35,210.35,210.35,210.35,0
1756467665,210.35,210.35,210.35,210.35,0
1756467670,210.35,210.35,210.35,210.35,0
1756467675,210.35,210.35,210.35,210.35,0
1756467680,210.35,210.35,210.35,210.35,0
1756467685,210.44,210.44,210.44,210.44,6
1756467690,210.44,210.44,210.44,210.44,0
1756467695,210.44,210.44,210.44,210.44,0
1756467700,210.44,210.44,210.44,210.44,0
1756467705,210.44,210.44,210.44,210.44,0
1756467710,210.44,210.44,210.44,210.44,1
1756467715,210.44,210.44,210.44,210.44,0
1756467720,210.46,210.46,210.46,210.46,2
1756467725,210.46,210.46,210.46,210.46,0
1756467730,210.46,210.46,210.46,210.46,0
1756467735,210.46,210.46,210.46,210.46,0
1756467740,210.46,210.46,210.46,210.46,0
1756467745,210.46,210.46,210.46,210.46,0
1756467750,210.46,210.46,210.46,210.46,0
1756467755,210.46,210.46,210.46,210.46,0
1756467760,210.46,210.46,210.46,210.46,0
1756467765,210.46,210.46,210.46,210.46,0
1756467770,210.46,210.46,210.46,210.46,0
1756467775,210.46,210.46,210.46,210.46,0
1756467780,210.46,210.46,210.46,210.46,0
1756467785,210.4,210.4,210.4,210.4,5
1756467790,210.4,210.4,210.4,210.4,0
1756467795,210.4,210.4,210.4,210.4,0
1756467800,210.4,210.4,210.4,210.4,0
1756467805,210.4,210.4,210.4,210.4,0
1756467810,210.4,210.4,210.4,210.4,0
1756467815,210.4,210.4,210.4,210.4,0
1756467820,210.4,210.4,210.4,210.4,0
1756467825,210.4,210.4,210.4,210.4,0
1756467830,210.4,210.4,210.4,210.4,0
1756467835,210.4,210.4,210.4,210.4,0
1756467840,210.4,210.4,210.4,210.4,0
1756467845,210.4,210.4,210.4,210.4,0
1756467850,210.4,210.4,210.4,210.4,0
1756467855,210.4,210.4,210.4,210.4,0
1756467860,210.4,210.4,210.4,210.4,0
1756467865,210.4,210.4,210.4,210.4,0
1756467870,210.4,210.4,210.4,210.4,0
1756467875,210.4,210.4,210.4,210.4,0
1756467880,210.4,210.4,210.4,210.4,0
1756467885,210.4,210.4,210.4,210.4,0
1756467890,210.4,210.4,210.4,210.4,0
1756467895,210.4,210.4,210.4,210.4,0
1756467900,210.4,210.4,210.4,210.4,0
1756467905,210.4,210.4,210.4,210.4,0
1756467910,210.4,210.4,210.4,210.4,0
1756467915,210.4,210.4,210.4,210.4,0
1756467920,210.4,210.4,210.4,210.4,0
1756467925,210.4,210.4,210.4,210.4,0
1756467930,210.4,210.4,210.4,210.4,0
1756467935,210.4,210.4,210.4,210.4,0
1756467940,210.4,210.4,210.4,210.4,0
1756467945,210.4,210.4,210.4,210.4,0
1756467950,210.4,210.4,210.4,210.4,0
1756467955,210.4,210.4,210.4,210.4,0
1756467960,210.4,210.4,210.4,210.4,0
1756467965,210.4,210.4,210.4,210.4,0
1756467970,210.4,210.4,210.4,210.4,0
1756467975,210.4,210.4,210.4,210.4,0
1756467980,210.4,210.4,210.4,210.4,0
1756467985,210.4,210.4,210.4,210.4,0
1756467990,210.4,210.4,210.4,210.4,0
1756467995,210.4,210.4,210.4,210.4,0
1756468000,210.4,210.4,210.4,210.4,0
1756468005,210.4,210.4,210.4,210.4,0
1756468010,210.4,210.4,210.4,210.4,0
1756468015,210.4,210.4,210.4,210.4,0
1756468020,210.4,210.4,210.4,210.4,0
1756468025,210.4,210.4,210.4,210.4,0
1756468030,210.4,210.4,210.4,210.4,0
1756468035,210.4,210.4,210.4,210.4,0
1756468040,210.4,210.4,210.4,210.4,0
1756468045,210.4,210.4,210.4,210.4,0
1756468050,210.4,210.4,210.4,210.4,0
1756468055,210.4,210.4,210.4,210.4,0
1756468060,210.4,210.4,210.4,210.4,0
1756468065,210.4,210.4,210.4,210.4,0
1756468070,210.4,210.4,210.4,210.4,0
1756468075,210.4,210.4,210.4,210.4,0
1756468080,210.4,210.4,210.4,210.4,0
1756468085,210.4,210.4,210.4,210.4,0
1756468090,210.4,210.4,210.4,210.4,0
1756468095,210.4,210.4,210.4,210.4,0
1756468100,210.4,210.4,210.4,210.4,0
1756468105,210.4,210.4,210.4,210.4,0
1756468110,210.4,210.4,210.4,210.4,0
1756468115,210.4,210.4,210.4,210.4,0
1756468120,210.4,210.4,210.4,210.4,0
1756468125,210.4,210.4,210.4,210.4,0
1756468130,210.4,210.4,210.4,210.4,0
1756468135,210.4,210.4,210.4,210.4,0
1756468140,210.4,210.4,210.4,210.4,0
1756468145,210.4,210.4,210.4,210.4,0
1756468150,210.25,210.25,210.24,210.25,3
1756468155,210.25,210.25,210.25,210.25,0
1756468160,210.25,210.25,210.25,210.25,0
1756468165,210.25,210.25,210.25,210.25,0
1756468170,210.25,210.25,210.25,210.25,0
1756468175,210.25,210.25,210.25,210.25,0
1756468180,210.25,210.25,210.25,210.25,0
1756468185,210.25,210.25,210.25,210.25,0
1756468190,210.25,210.25,210.25,210.25,0
1756468195,210.25,210.25,210.25,210.25,0
1756468200,210.25,210.25,210.25,210.25,0
1756468205,210.25,210.25,210.25,210.25,0
1756468210,210.14,210.14,210.14,210.14,1
1756468215,210.14,210.14,210.14,210.14,0
1756468220,210.14,210.14,210.14,210.14,0
1756468225,210.14,210.14,210.14,210.14,0
1756468230,210.14,210.14,210.14,210.14,0
1756468235,210.14,210.14,210.14,210.14,0
1756468240,210.14,210.14,210.14,210.14,0
1756468245,210.14,210.14,210.14,210.14,0
1756468250,210.14,210.14,210.14,210.14,0
1756468255,210.14,210.14,210.14,210.14,0
1756468260,210.14,210.14,210.14,210.14,0
1756468265,210.14,210.14,210.14,210.14,0
1756468270,210.14,210.14,210.14,210.14,0
1756468275,210.14,210.14,210.14,210.14,0
1756468280,210.14,210.14,210.14,210.14,0
1756468285,210.14,210.14,210.14,210.14,0
1756468290,210.14,210.14,210.14,210.14,0
1756468295,210.14,210.14,210.14,210.14,0
1756468300,210.14,210.14,210.14,210.14,0
1756468305,210.14,210.14,210.14,210.14,0
1756468310,210.14,210.14,210.14,210.14,0
1756468315,210.14,210.14,210.14,210.14,0
1756468320,210.14,210.14,210.14,210.14,0
1756468325,210.14,210.14,210.14,210.14,0
1756468330,210.14,210.14,210.14,210.14,0
1756468335,210.14,210.14,210.14,210.14,0
1756468340,210.29,210.29,210.29,210.29,2
1756468345,210.29,210.29,210.29,210.29,0
1756468350,210.29,210.29,210.29,210.29,0
1756468355,210.29,210.29,210.29,210.29,0
1756468360,210.29,210.29,210.29,210.29,0
1756468365,210.29,210.29,210.29,210.29,0
1756468370,210.29,210.29,210.29,210.29,0
1756468375,210.29,210.29,210.29,210.29,0
1756468380,210.29,210.29,210.29,210.29,0
1756468385,210.29,210.29,210.29,210.29,0
1756468390,210.29,210.29,210.29,210.29,0
1756468395,210.29,210.29,210.29,210.29,0
1756468400,210.29,210.29,210.29,210.29,0
1756468405,210.29,210.29,210.29,210.29,0
1756468410,210.29,210.29,210.29,210.29,0
1756468415,210.29,210.29,210.29,210.29,0
1756468420,210.29,210.29,210.29,210.29,0
1756468425,210.28,210.28,210.28,210.28,1
1756468430,210.28,210.28,210.28,210.28,0
1756468435,210.28,210.28,210.28,210.28,0
1756468440,210.28,210.28,210.28,210.28,0
1756468445,210.28,210.28,210.28,210.28,0
1756468450,210.28,210.28,210.28,210.28,0
1756468455,210.28,210.28,210.28,210.28,0
1756468460,210.28,210.28,210.28,210.28,0
1756468465,210.28,210.28,210.28,210.28,0
1756468470,210.28,210.28,210.28,210.28,0
1756468475,210.28,210.28,210.28,210.28,0
1756468480,210.28,210.28,210.28,210.28,0
1756468485,210.28,210.28,210.28,210.28,0
1756468490,210.28,210.28,210.28,210.28,0
1756468495,210.28,210.28,210.28,210.28,0
1756468500,210.28,210.28,210.28,210.28,0
1756468505,210.36,210.36,210.36,210.36,1
1756468510,210.36,210.36,210.36,210.36,0
1756468515,210.36,210.36,210.36,210.36,0
1756468520,210.36,210.36,210.36,210.36,0
1756468525,210.36,210.36,210.36,210.36,0
1756468530,210.36,210.36,210.36,210.36,0
1756468535,210.36,210.36,210.36,210.36,0
1756468540,210.36,210.36,210.36,210.36,0
1756468545,210.36,210.36,210.36,210.36,0
1756468550,210.36,210.36,210.36,210.36,0
1756468555,210.36,210.36,210.36,210.36,0
1756468560,210.36,210.36,210.36,210.36,0
1756468565,210.36,210.36,210.36,210.36,0
1756468570,210.36,210.36,210.36,210.36,0
1756468575,210.36,210.36,210.36,210.36,0
1756468580,210.36,210.36,210.36,210.36,0
1756468585,210.36,210.36,210.36,210.36,0
1756468590,210.36,210.36,210.36,210.36,0
1756468595,210.36,210.36,210.36,210.36,0
1756468600,210.36,210.36,210.36,210.36,0
1756468605,210.36,210.36,210.36,210.36,0
1756468610,210.36,210.36,210.36,210.36,0
1756468615,210.36,210.36,210.36,210.36,0
1756468620,210.36,210.36,210.36,210.36,0
1756468625,210.36,210.36,210.36,210.36,0
1756468630,210.36,210.36,210.36,210.36,0
1756468635,210.36,210.36,210.36,210.36,0
1756468640,210.36,210.36,210.36,210.36,0
1756468645,210.36,210.36,210.36,210.36,0
1756468650,210.36,210.36,210.36,210.36,0
1756468655,210.36,210.36,210.36,210.36,0
1756468660,210.36,210.36,210.36,210.36,0
1756468665,210.36,210.36,210.36,210.36,0
1756468670,210.36,210.36,210.36,210.36,0
1756468675,210.36,210.36,210.36,210.36,0
1756468680,210.36,210.36,210.36,210.36,0
1756468685,210.36,210.36,210.36,210.36,0
1756468690,210.36,210.36,210.36,210.36,0
1756468695,210.36,210.36,210.36,210.36,0
1756468700,210.36,210.36,210.36,210.36,0
1756468705,210.36,210.36,210.36,210.36,0
1756468710,210.36,210.36,210.36,210.36,0
1756468715,210.36,210.36,210.36,210.36,0
1756468720,210.36,210.36,210.36,210.36,0
1756468725,210.36,210.36,210.36,210.36,0
1756468730,210.36,210.36,210.36,210.36,0
1756468735,210.36,210.36,210.36,210.36,0
1756468740,210.36,210.36,210.36,210.36,0
1756468745,210.36,210.36,210.36,210.36,0
1756468750,210.36,210.36,210.36,210.36,0
1756468755,210.36,210.36,210.36,210.36,0
1756468760,210.36,210.36,210.36,210.36,0
1756468765,210.36,210.36,210.36,210.36,0
1756468770,210.36,210.36,210.36,210.36,0
1756468775,210.36,210.36,210.36,210.36,0
1756468780,210.36,210.36,210.36,210.36,0
1756468785,210.36,210.36,210.36,210.36,0
1756468790,210.36,210.36,210.36,210.36,0
1756468795,210.38,210.39,210.38,210.39,2
1756468800,210.12,211.81,209.27,211.46,132
1756468805,211.61,211.64,209.38,210.3,25
1756468810,212.31,212.31,212.03,212.03,27
1756468815,212.03,212.03,212.03,212.03,0
1756468820,212.03,212.03,212.03,212.03,0
1756468825,212.03,212.03,212.03,212.03,0
1756468830,212.03,212.03,212.03,212.03,0
1756468835,212.03,212.03,212.03,212.03,0
1756468840,212.03,212.03,212.03,212.03,0
1756468845,210.5,210.5,210.5,210.5,1
1756468850,210.5,210.5,210.5,210.5,0
1756468855,210.5,210.5,210.5,210.5,0
1756468860,210.5,210.5,210.5,210.5,0
1756468865,210.5,210.5,210.5,210.5,0
1756468870,210.5,210.5,210.5,210.5,0
1756468875,210.4,210.4,210.4,210.4,1
1756468880,210.4,210.4,210.4,210.4,0
1756468885,210.4,210.4,210.4,210.4,0
1756468890,210.4,210.4,210.4,210.4,0
1756468895,210.4,210.4,210.4,210.4,0
1756468900,210.4,210.4,210.4,210.4,0
1756468905,210.4,210.4,210.4,210.4,0
1756468910,210.4,210.4,210.4,210.4,0
1756468915,210.3,210.3,210.3,210.3,1
1756468920,210.3,210.3,210.3,210.3,0
1756468925,210.3,210.3,210.3,210.3,0
1756468930,210.3,210.3,210.3,210.3,0
1756468935,210.3,210.3,210.3,210.3,0
1756468940,210.3,210.3,210.3,210.3,0
1756468945,210.3,210.3,210.3,210.3,0
1756468950,210.3,210.3,210.3,210.3,0
1756468955,210.3,210.3,210.3,210.3,0
1756468960,210.3,210.3,210.3,210.3,0
1756468965,210.3,210.3,210.3,210.3,0
1756468970,210.3,210.3,210.3,210.3,0
1756468975,210.3,210.3,210.3,210.3,0
1756468980,210.34,210.34,210.29,210.3,5
1756468985,210.3,210.3,210.29,210.3,3
1756468990,210.3,210.3,210.29,210.3,0
1756468995,210.3,210.3,210.29,210.3,0
1756469000,210.3,210.3,210.29,210.3,0
1756469005,210.3,210.3,210.29,210.3,0
1756469010,210.3,210.3,210.29,210.3,0
1756469015,210.3,210.3,210.29,210.3,0
1756469020,210.3,210.3,210.29,210.3,0
1756469025,210.3,210.3,210.29,210.3,0
1756469030,210.3,210.3,210.29,210.3,0
1756469035,210.3,210.3,210.29,210.3,0
1756469040,210.3,210.3,210.29,210.3,0
1756469045,210.3,210.3,210.29,210.3,0
1756469050,210.3,210.3,210.29,210.3,0
1756469055,210.3,210.3,210.29,210.3,0
1756469060,210.3,210.3,210.29,210.3,0
1756469065,210.3,210.3,210.29,210.3,0
1756469070,210.3,210.3,210.29,210.3,0
1756469075,210.3,210.3,210.29,210.3,0
1756469080,210.3,210.3,210.29,210.3,3
1756469085,210.3,210.3,210.29,210.3,0
1756469090,210.3,210.3,210.29,210.3,0
1756469095,210.3,210.3,210.29,210.3,0
1756469100,210.3,210.3,210.29,210.3,0
1756469105,210.3,210.3,210.29,210.3,0
1756469110,210.3,210.3,210.29,210.3,0
1756469115,210.3,210.3,210.29,210.3,0
1756469120,210.01,210.01,210.01,210.01,2
1756469125,210.01,210.01,210.01,210.01,0
1756469130,210.05,210.05,210.04,210.05,3
1756469135,210.05,210.05,210.04,210.05,0
1756469140,210.05,210.05,210.04,210.05,0
1756469145,210.05,210.05,210.04,210.05,0
1756469150,210.05,210.05,210.04,210.05,0
1756469155,210.05,210.05,210.04,210.05,0
1756469160,210.05,210.05,210.04,210.05,0
1756469165,210.05,210.05,210.04,210.05,0
1756469170,210.05,210.05,210.04,210.05,0
1756469175,210.05,210.05,210.04,210.05,0
1756469180,210.05,210.05,210.04,210.05,0
1756469185,210.05,210.05,210.04,210.05,0
1756469190,210.02,210.04,210.0,210.02,54
1756469195,210.02,210.03,210.02,210.02,0
1756469200,210.02,210.03,210.02,210.02,0
1756469205,210.02,210.03,210.02,210.02,0
1756469210,210.08,210.08,210.08,210.08,2
1756469215,210.08,210.08,210.08,210.08,0
1756469220,210.08,210.08,210.08,210.08,0
1756469225,210.08,210.08,210.08,210.08,0
1756469230,210.08,210.08,210.08,210.08,0
1756469235,210.08,210.08,210.08,210.08,0
1756469240,210.08,210.08,210.08,210.08,0
1756469245,210.02,210.06,210.02,210.04,4
1756469250,210.04,210.04,210.04,210.04,1
1756469255,210.04,210.04,210.04,210.04,0
1756469260,210.04,210.04,210.04,210.04,0
1756469265,210.04,210.04,210.04,210.04,0
1756469270,210.04,210.04,210.04,210.04,0
1756469275,210.04,210.04,210.04,210.04,0
1756469280,210.04,210.04,210.04,210.04,0
1756469285,210.04,210.04,210.04,210.04,0
1756469290,210.04,210.04,210.04,210.04,0
1756469295,210.04,210.04,210.04,210.04,0
1756469300,210.04,210.04,210.04,210.04,0
1756469305,210.04,210.04,210.04,210.04,0
1756469310,210.04,210.04,210.04,210.04,0
1756469315,210.04,210.04,210.04,210.04,0
1756469320,210.04,210.04,210.04,210.04,0
1756469325,210.04,210.04,210.04,210.04,0
1756469330,210.04,210.04,210.04,210.04,0
1756469335,210.04,210.04,210.04,210.04,0
1756469340,210.04,210.04,210.04,210.04,0
1756469345,210.04,210.04,210.04,210.04,0
1756469350,210.04,210.04,210.04,210.04,0
1756469355,210.04,210.04,210.04,210.04,0
1756469360,210.04,210.04,210.04,210.04,0
1756469365,210.04,210.04,210.04,210.04,0
1756469370,210.04,210.04,210.04,210.04,0
1756469375,210.04,210.04,210.04,210.04,0
1756469380,210.04,210.04,210.04,210.04,0
1756469385,210.17,210.17,210.17,210.17,1
1756469390,210.17,210.17,210.17,210.17,0
1756469395,210.17,210.17,210.17,210.17,0
1756469400,210.17,210.17,210.17,210.17,0
1756469405,210.17,210.17,210.17,210.17,0
1756469410,210.17,210.17,210.17,210.17,0
1756469415,210.17,210.17,210.17,210.17,0
1756469420,210.17,210.17,210.17,210.17,0
1756469425,210.17,210.17,210.17,210.17,0
1756469430,210.17,210.17,210.17,210.17,0
1756469435,210.17,210.17,210.17,210.17,0
1756469440,210.17,210.17,210.17,210.17,0
1756469445,210.17,210.17,210.17,210.17,0
1756469450,210.17,210.17,210.17,210.17,0
1756469455,210.17,210.17,210.17,210.17,0
1756469460,210.17,210.17,210.17,210.17,0
1756469465,210.05,210.05,210.05,210.05,5
1756469470,210.05,210.05,210.05,210.05,0
1756469475,210.05,210.05,210.05,210.05,0
1756469480,210.05,210.05,210.05,210.05,0
1756469485,210.11,210.11,210.11,210.11,3
1756469490,210.11,210.11,210.11,210.11,0
1756469495,210.11,210.11,210.11,210.11,0
1756469500,210.12,210.12,210.12,210.12,2
1756469505,210.12,210.12,210.12,210.12,0
1756469510,210.12,210.12,210.12,210.12,0
1756469515,210.12,210.12,210.12,210.12,0
1756469520,210.12,210.12,210.12,210.12,0
1756469525,210.12,210.12,210.12,210.12,1
1756469530,210.12,210.12,210.12,210.12,0
1756469535,210.17,210.17,210.17,210.17,1
1756469540,210.17,210.17,210.17,210.17,0
1756469545,210.17,210.17,210.17,210.17,0
1756469550,210.17,210.17,210.17,210.17,0
1756469555,210.13,210.13,210.13,210.13,2
1756469560,210.13,210.13,210.13,210.13,0
1756469565,210.13,210.13,210.13,210.13,0
1756469570,210.13,210.13,210.13,210.13,0
1756469575,210.13,210.13,210.13,210.13,0
1756469580,210.13,210.13,210.13,210.13,0
1756469585,210.13,210.13,210.13,210.13,0
1756469590,210.13,210.13,210.13,210.13,0
1756469595,210.13,210.13,210.13,210.13,0
1756469600,210.13,210.13,210.13,210.13,0
1756469605,210.13,210.13,210.13,210.13,0
1756469610,210.23,210.23,210.23,210.23,1
1756469615,210.23,210.23,210.23,210.23,0
1756469620,210.23,210.23,210.23,210.23,0
1756469625,210.23,210.23,210.23,210.23,0
1756469630,210.23,210.23,210.23,210.23,0
1756469635,210.23,210.23,210.23,210.23,0
1756469640,210.23,210.23,210.23,210.23,0
1756469645,210.23,210.23,210.23,210.23,0
1756469650,210.2,210.2,210.2,210.2,1
1756469655,210.2,210.2,210.2,210.2,0
1756469660,210.2,210.2,210.2,210.2,0
1756469665,210.2,210.2,210.2,210.2,0
1756469670,210.2,210.2,210.2,210.2,0
1756469675,210.2,210.2,210.2,210.2,0
1756469680,210.2,210.2,210.2,210.2,0
1756469685,210.2,210.2,210.2,210.2,0
1756469690,210.2,210.2,210.2,210.2,0
1756469695,210.2,210.2,210.2,210.2,0
1756469700,210.2,210.2,210.2,210.2,0
1756469705,210.2,210.2,210.2,210.2,0
1756469710,210.19,210.21,210.19,210.21,2
1756469715,210.21,210.21,210.21,210.21,0
1756469720,210.21,210.21,210.21,210.21,0
1756469725,210.21,210.21,210.21,210.21,0
1756469730,210.21,210.21,210.21,210.21,0
1756469735,210.21,210.22,210.21,210.21,3
1756469740,210.21,210.22,210.21,210.21,0
1756469745,210.21,210.22,210.21,210.21,0
1756469750,210.21,210.22,210.21,210.21,0
1756469755,210.21,210.22,210.21,210.21,0
1756469760,210.21,210.22,210.21,210.21,0
1756469765,210.21,210.22,210.21,210.21,0
1756469770,210.21,210.22,210.21,210.21,0
1756469775,210.21,210.22,210.21,210.21,0
1756469780,210.21,210.22,210.21,210.21,0
1756469785,210.21,210.22,210.21,210.21,0
1756469790,210.21,210.22,210.21,210.21,0
1756469795,210.21,210.22,210.21,210.21,0
1756469800,210.21,210.22,210.21,210.21,0
1756469805,210.21,210.22,210.21,210.21,0
1756469810,210.21,210.22,210.21,210.21,0
1756469815,210.21,210.22,210.21,210.21,0
1756469820,210.32,210.32,210.32,210.32,1
1756469825,210.32,210.32,210.32,210.32,0
1756469830,210.32,210.32,210.32,210.32,0
1756469835,210.32,210.32,210.32,210.32,0
1756469840,210.32,210.32,210.32,210.32,0
1756469845,210.32,210.32,210.32,210.32,0
1756469850,210.32,210.32,210.32,210.32,0
1756469855,210.32,210.32,210.32,210.32,0
1756469860,210.32,210.32,210.32,210.32,0
1756469865,210.32,210.32,210.32,210.32,0
1756469870,210.32,210.32,210.32,210.32,0
1756469875,210.35,210.35,210.35,210.35,1
1756469880,210.35,210.35,210.35,210.35,0
1756469885,210.35,210.35,210.35,210.35,0
1756469890,210.35,210.35,210.35,210.35,0
1756469895,210.35,210.35,210.35,210.35,0
1756469900,210.35,210.35,210.35,210.35,0
1756469905,210.35,210.35,210.35,210.35,0
1756469910,210.35,210.35,210.35,210.35,0
1756469915,210.35,210.35,210.35,210.35,0
1756469920,210.35,210.35,210.35,210.35,0
1756469925,210.35,210.35,210.35,210.35,0
1756469930,210.35,210.35,210.35,210.35,0
1756469935,210.35,210.35,210.35,210.35,0
1756469940,210.35,210.35,210.35,210.35,0
1756469945,210.35,210.35,210.35,210.35,0
1756469950,210.4,210.4,210.4,210.4,12
1756469955,210.4,210.4,210.4,210.4,0
1756469960,210.4,210.4,210.4,210.4,0
1756469965,210.4,210.4,210.4,210.4,0
1756469970,210.4,210.4,210.4,210.4,0
1756469975,210.4,210.4,210.4,210.4,0
1756469980,210.4,210.4,210.4,210.4,0
1756469985,210.4,210.4,210.4,210.4,0
1756469990,210.4,210.4,210.4,210.4,0
1756469995,210.4,210.4,210.4,210.4,0
1756470000,210.4,210.4,210.4,210.4,0
1756470005,210.4,210.4,210.4,210.4,0
1756470010,210.4,210.4,210.4,210.4,0
1756470015,210.4,210.4,210.4,210.4,0
1756470020,210.4,210.4,210.4,210.4,0
1756470025,210.4,210.4,210.4,210.4,0
1756470030,210.4,210.4,210.4,210.4,0
1756470035,210.4,210.4,210.4,210.4,0
1756470040,210.4,210.4,210.4,210.4,0
1756470045,210.4,210.4,210.4,210.4,0
1756470050,210.4,210.4,210.4,210.4,0
1756470055,210.4,210.4,210.4,210.4,1
1756470060,210.4,210.4,210.4,210.4,0
1756470065,210.4,210.4,210.4,210.4,0
1756470070,210.4,210.4,210.4,210.4,0
1756470075,210.4,210.4,210.4,210.4,0
1756470080,210.4,210.4,210.4,210.4,0
1756470085,210.4,210.4,210.4,210.4,0
1756470090,210.4,210.4,210.4,210.4,0
1756470095,210.4,210.4,210.4,210.4,0
1756470100,210.4,210.4,210.4,210.4,0
1756470105,210.4,210.4,210.4,210.4,0
1756470110,210.4,210.4,210.4,210.4,0
1756470115,210.5,210.5,210.5,210.5,2
1756470120,210.5,210.5,210.5,210.5,1
1756470125,210.5,210.5,210.5,210.5,4
1756470130,210.5,210.5,210.5,210.5,0
1756470135,210.5,210.5,210.5,210.5,0
1756470140,210.5,210.5,210.5,210.5,0
1756470145,210.5,210.5,210.5,210.5,0
1756470150,210.5,210.5,210.5,210.5,0
1756470155,210.5,210.5,210.5,210.5,0
1756470160,210.5,210.5,210.5,210.5,0
1756470165,210.5,210.5,210.5,210.5,0
1756470170,210.5,210.5,210.5,210.5,0
1756470175,210.5,210.5,210.5,210.5,0
1756470180,210.5,210.5,210.5,210.5,0
1756470185,210.5,210.5,210.5,210.5,0
1756470190,210.5,210.5,210.5,210.5,0
1756470195,210.5,210.5,210.5,210.5,0
1756470200,210.47,210.47,210.47,210.47,1
1756470205,210.47,210.47,210.47,210.47,0
1756470210,210.47,210.47,210.47,210.47,0
1756470215,210.47,210.47,210.47,210.47,0
1756470220,210.47,210.47,210.47,210.47,0
1756470225,210.47,210.47,210.47,210.47,0
1756470230,210.47,210.47,210.47,210.47,0
1756470235,210.47,210.47,210.47,210.47,0
1756470240,210.47,210.47,210.47,210.47,0
1756470245,210.47,210.47,210.47,210.47,0
1756470250,210.47,210.47,210.47,210.47,0
1756470255,210.47,210.47,210.47,210.47,0
1756470260,210.47,210.47,210.47,210.47,0
1756470265,210.47,210.47,210.47,210.47,0
1756470270,210.47,210.47,210.47,210.47,0
1756470275,210.47,210.47,210.47,210.47,0
1756470280,210.5,210.5,210.5,210.5,1
1756470285,210.5,210.5,210.5,210.5,0
1756470290,210.5,210.5,210.5,210.5,0
1756470295,210.5,210.5,210.5,210.5,0
1756470300,210.5,210.5,210.5,210.5,0
1756470305,210.5,210.5,210.5,210.5,0
1756470310,210.5,210.5,210.5,210.5,0
1756470315,210.5,210.5,210.5,210.5,0
1756470320,210.5,210.5,210.5,210.5,0
1756470325,210.5,210.5,210.5,210.5,0
1756470330,210.47,210.47,210.47,210.47,1
1756470335,210.47,210.47,210.47,210.47,0
1756470340,210.47,210.47,210.47,210.47,0
1756470345,210.47,210.47,210.47,210.47,0
1756470350,210.47,210.47,210.47,210.47,0
1756470355,210.47,210.47,210.47,210.47,0
1756470360,210.47,210.47,210.47,210.47,0
1756470365,210.47,210.47,210.47,210.47,0
1756470370,210.47,210.47,210.47,210.47,0
1756470375,210.47,210.47,210.47,210.47,0
1756470380,210.47,210.47,210.47,210.47,0
1756470385,210.47,210.47,210.47,210.47,0
1756470390,210.47,210.47,210.47,210.47,0
1756470395,210.47,210.47,210.47,210.47,0
1756470400,210.47,210.47,210.47,210.47,0
1756470405,210.51,210.51,210.51,210.51,1
1756470410,210.51,210.51,210.51,210.51,0
1756470415,210.51,210.51,210.51,210.51,0
1756470420,210.5,210.5,210.5,210.5,1
1756470425,210.5,210.5,210.5,210.5,0
1756470430,210.5,210.5,210.5,210.5,0
1756470435,210.53,210.53,210.53,210.53,1
1756470440,210.53,210.53,210.53,210.53,0
1756470445,210.53,210.53,210.53,210.53,0
1756470450,210.53,210.53,210.53,210.53,0
1756470455,210.53,210.53,210.53,210.53,0
1756470460,210.53,210.53,210.53,210.53,0
1756470465,210.53,210.53,210.53,210.53,0
1756470470,210.53,210.53,210.53,210.53,0
1756470475,210.53,210.53,210.53,210.53,0
1756470480,210.53,210.53,210.53,210.53,0
1756470485,210.53,210.53,210.53,210.53,0
1756470490,210.53,210.53,210.53,210.53,0
1756470495,210.53,210.53,210.53,210.53,0
1756470500,210.53,210.53,210.53,210.53,0
1756470505,210.53,210.53,210.53,210.53,0
1756470510,210.53,210.53,210.53,210.53,0
1756470515,210.53,210.53,210.53,210.53,0
1756470520,210.53,210.53,210.53,210.53,0
1756470525,210.53,210.53,210.53,210.53,0
1756470530,210.53,210.53,210.53,210.53,0
1756470535,210.53,210.53,210.53,210.53,0
1756470540,210.53,210.53,210.53,210.53,0
1756470545,210.53,210.53,210.53,210.53,0
1756470550,210.53,210.53,210.53,210.53,0
1756470555,210.53,210.53,210.53,210.53,0
1756470560,210.53,210.53,210.53,210.53,0
1756470565,210.53,210.53,210.53,210.53,0
1756470570,210.53,210.53,210.53,210.53,0
1756470575,210.41,210.41,210.41,210.41,1
1756470580,210.41,210.41,210.41,210.41,0
1756470585,210.41,210.41,210.41,210.41,0
1756470590,210.41,210.41,210.41,210.41,0
1756470595,210.41,210.41,210.41,210.41,0
1756470600,210.41,210.41,210.41,210.41,0
1756470605,210.41,210.41,210.41,210.41,0
1756470610,210.41,210.41,210.41,210.41,0
1756470615,210.46,210.46,210.46,210.46,2
1756470620,210.53,210.54,210.53,210.54,2
1756470625,210.54,210.54,210.54,210.54,0
1756470630,210.54,210.54,210.54,210.54,0
1756470635,210.54,210.54,210.54,210.54,0
1756470640,210.54,210.54,210.54,210.54,0
1756470645,210.54,210.54,210.54,210.54,0
1756470650,210.73,210.73,210.72,210.72,2
1756470655,210.77,210.77,210.77,210.77,2
1756470660,210.77,210.77,210.77,210.77,0
1756470665,210.77,210.77,210.77,210.77,0
1756470670,210.88,210.89,210.88,210.88,4
1756470675,210.88,210.89,210.88,210.88,0
1756470680,210.74,210.75,210.74,210.74,3
1756470685,210.74,210.74,210.74,210.74,0
1756470690,210.74,210.74,210.74,210.74,0
1756470695,210.74,210.74,210.74,210.74,0
1756470700,210.78,210.78,210.78,210.78,1
1756470705,210.78,210.78,210.78,210.78,0
1756470710,210.78,210.78,210.78,210.78,0
1756470715,210.64,210.64,210.63,210.63,24
1756470720,210.63,210.63,210.63,210.63,0
1756470725,210.63,210.63,210.63,210.63,0
1756470730,210.63,210.63,210.63,210.63,0
1756470735,210.63,210.63,210.63,210.63,0
1756470740,210.63,210.63,210.63,210.63,0
1756470745,210.63,210.63,210.63,210.63,0
1756470750,210.63,210.63,210.63,210.63,0
1756470755,210.66,210.66,210.66,210.66,1
1756470760,210.7,210.87,210.7,210.87,17
1756470765,210.7,210.7,210.7,210.7,1
1756470770,210.7,210.7,210.7,210.7,0
1756470775,210.7,210.7,210.7,210.7,0
1756470780,210.7,210.7,210.7,210.7,0
1756470785,210.7,210.7,210.7,210.7,0
1756470790,210.74,210.74,210.74,210.74,1
1756470795,210.74,210.74,210.74,210.74,0
1756470800,210.74,210.74,210.74,210.74,0
1756470805,210.74,210.74,210.74,210.74,0
1756470810,210.74,210.74,210.74,210.74,0
1756470815,210.74,210.74,210.74,210.74,0
1756470820,210.74,210.74,210.74,210.74,0
1756470825,210.74,210.74,210.74,210.74,0
1756470830,210.74,210.74,210.74,210.74,0
1756470835,210.74,210.74,210.74,210.74,0
1756470840,210.74,210.74,210.74,210.74,0
1756470845,210.74,210.74,210.74,210.74,0
1756470850,210.77,210.78,210.77,210.77,3
1756470855,210.77,210.77,210.77,210.77,0
1756470860,210.77,210.77,210.77,210.77,0
1756470865,210.77,210.77,210.77,210.77,0
1756470870,210.77,210.77,210.77,210.77,0
1756470875,210.77,210.77,210.77,210.77,0
1756470880,210.77,210.77,210.77,210.77,0
1756470885,210.77,210.77,210.77,210.77,0
1756470890,210.99,210.99,210.99,210.99,1
1756470895,210.99,210.99,210.99,210.99,0
1756470900,210.99,210.99,210.99,210.99,0
1756470905,210.99,210.99,210.99,210.99,0
1756470910,210.99,210.99,210.99,210.99,0
1756470915,210.99,210.99,210.99,210.99,0
1756470920,210.99,210.99,210.99,210.99,0
1756470925,211.01,211.01,210.88,210.88,10
1756470930,210.88,210.88,210.88,210.88,0
1756470935,210.88,210.88,210.88,210.88,0
1756470940,210.88,210.88,210.88,210.88,0
1756470945,210.88,210.88,210.88,210.88,0
1756470950,210.88,210.88,210.88,210.88,0
1756470955,210.88,210.88,210.88,210.88,0
1756470960,210.88,210.88,210.88,210.88,0
1756470965,210.88,210.88,210.88,210.88,0
1756470970,210.88,210.88,210.88,210.88,0
1756470975,210.95,211.07,210.91,210.91,9
1756470980,210.91,210.91,210.91,210.91,0
1756470985,211.0,211.0,211.0,211.0,1
1756470990,211.0,211.0,211.0,211.0,0
1756470995,211.0,211.0,211.0,211.0,0
1756471000,211.0,211.0,211.0,211.0,0
1756471005,211.0,211.0,211.0,211.0,0
1756471010,210.96,210.96,210.96,210.96,8
1756471015,210.96,210.96,210.96,210.96,0
1756471020,210.91,210.91,210.9,210.9,2
1756471025,210.9,210.9,210.9,210.9,0
1756471030,210.9,210.9,210.9,210.9,0
1756471035,210.9,210.9,210.9,210.9,0
1756471040,210.9,210.9,210.9,210.9,0
1756471045,210.9,210.9,210.9,210.9,0
1756471050,210.9,210.9,210.9,210.9,0
1756471055,210.9,210.9,210.9,210.9,0
1756471060,210.9,210.9,210.9,210.9,0
1756471065,210.9,210.9,210.9,210.9,0
1756471070,210.9,210.9,210.9,210.9,0
1756471075,210.75,210.75,210.75,210.75,10
1756471080,210.75,210.75,210.75,210.75,0
1756471085,210.75,210.75,210.75,210.75,0
1756471090,210.75,210.75,210.75,210.75,0
1756471095,210.75,210.75,210.75,210.75,0
1756471100,210.75,210.75,210.75,210.75,0
1756471105,210.75,210.75,210.75,210.75,0
1756471110,210.75,210.75,210.75,210.75,0
1756471115,210.75,210.75,210.75,210.75,0
1756471120,210.75,210.75,210.75,210.75,0
1756471125,210.75,210.75,210.75,210.75,0
1756471130,210.75,210.75,210.75,210.75,0
1756471135,210.75,210.75,210.75,210.75,0
1756471140,210.75,210.75,210.75,210.75,0
1756471145,210.75,210.75,210.75,210.75,0
1756471150,210.75,210.75,210.75,210.75,0
1756471155,210.84,210.84,210.84,210.84,2
1756471160,210.84,210.84,210.84,210.84,0
1756471165,210.84,210.84,210.84,210.84,0
1756471170,210.84,210.84,210.84,210.84,0
1756471175,210.84,210.84,210.84,210.84,0
1756471180,210.84,210.84,210.84,210.84,0
1756471185,210.84,210.84,210.84,210.84,0
1756471190,210.84,210.84,210.84,210.84,0
1756471195,210.84,210.84,210.84,210.84,0
1756471200,210.84,210.84,210.84,210.84,0
1756471205,210.84,210.84,210.84,210.84,0
1756471210,210.84,210.84,210.84,210.84,0
1756471215,210.84,210.84,210.84,210.84,0
1756471220,210.84,210.84,210.84,210.84,0
1756471225,210.84,210.84,210.84,210.84,0
1756471230,210.84,210.84,210.84,210.84,0
1756471235,210.84,210.84,210.84,210.84,0
1756471240,210.84,210.84,210.84,210.84,0
1756471245,210.84,210.84,210.84,210.84,0
1756471250,210.84,210.84,210.84,210.84,0
1756471255,210.84,210.84,210.84,210.84,0
1756471260,210.84,210.84,210.84,210.84,0
1756471265,210.84,210.84,210.84,210.84,0
1756471270,210.84,210.84,210.84,210.84,0
1756471275,210.84,210.84,210.84,210.84,0
1756471280,210.84,210.84,210.84,210.84,0
1756471285,210.84,210.84,210.84,210.84,0
1756471290,210.84,210.84,210.84,210.84,0
1756471295,210.84,210.84,210.84,210.84,0
1756471300,210.84,210.84,210.84,210.84,0
1756471305,210.84,210.84,210.84,210.84,0
1756471310,210.84,210.84,210.84,210.84,0
1756471315,210.84,210.84,210.84,210.84,0
1756471320,210.84,210.84,210.84,210.84,0
1756471325,210.84,210.84,210.84,210.84,0
1756471330,210.84,210.84,210.84,210.84,0
1756471335,210.84,210.84,210.84,210.84,0
1756471340,210.65,210.65,210.6,210.6,6
1756471345,210.6,210.6,210.6,210.6,0
1756471350,210.6,210.6,210.6,210.6,0
1756471355,210.6,210.6,210.6,210.6,0
1756471360,210.6,210.6,210.6,210.6,0
1756471365,210.6,210.6,210.6,210.6,0
1756471370,210.65,210.65,210.65,210.65,2
1756471375,210.65,210.65,210.65,210.65,0
1756471380,210.65,210.65,210.65,210.65,0
1756471385,210.65,210.65,210.65,210.65,0
1756471390,210.64,210.64,210.64,210.64,2
1756471395,210.64,210.64,210.64,210.64,0
1756471400,210.64,210.64,210.64,210.64,0
1756471405,210.64,210.64,210.64,210.64,0
1756471410,210.64,210.64,210.64,210.64,2
1756471415,210.59,210.59,210.57,210.58,7
1756471420,210.58,210.58,210.58,210.58,0
1756471425,210.58,210.58,210.58,210.58,0
1756471430,210.58,210.58,210.58,210.58,0
1756471435,210.58,210.58,210.58,210.58,0
1756471440,210.68,210.68,210.68,210.68,1
1756471445,210.68,210.68,210.68,210.68,0
1756471450,210.68,210.68,210.68,210.68,0
1756471455,210.68,210.68,210.68,210.68,0
1756471460,210.68,210.68,210.68,210.68,0
1756471465,210.68,210.68,210.68,210.68,0
1756471470,210.68,210.68,210.68,210.68,0
1756471475,210.68,210.68,210.68,210.68,0
1756471480,210.68,210.68,210.68,210.68,0
1756471485,210.68,210.68,210.68,210.68,0
1756471490,210.68,210.68,210.68,210.68,0
1756471495,210.68,210.68,210.68,210.68,0
1756471500,210.68,210.68,210.68,210.68,0
1756471505,210.68,210.68,210.68,210.68,0
1756471510,210.68,210.68,210.68,210.68,0
1756471515,210.68,210.68,210.68,210.68,0
1756471520,210.68,210.68,210.68,210.68,0
1756471525,210.68,210.68,210.68,210.68,0
1756471530,210.68,210.68,210.68,210.68,0
1756471535,210.67,210.67,210.67,210.67,1
1756471540,210.67,210.67,210.67,210.67,0
1756471545,210.67,210.67,210.67,210.67,0
1756471550,210.67,210.67,210.67,210.67,0
1756471555,210.67,210.67,210.67,210.67,0
1756471560,210.67,210.67,210.67,210.67,0
1756471565,210.67,210.67,210.67,210.67,0
1756471570,210.71,210.71,210.7,210.71,10
1756471575,210.71,210.71,210.7,210.71,0
1756471580,210.71,210.71,210.7,210.71,0
1756471585,210.71,210.71,210.7,210.71,0
1756471590,210.75,210.75,210.75,210.75,1
1756471595,210.75,210.75,210.75,210.75,0
1756471600,210.75,210.75,210.75,210.75,0
1756471605,210.77,210.77,210.77,210.77,2
1756471610,210.77,210.77,210.77,210.77,0
1756471615,210.77,210.77,210.77,210.77,0
1756471620,210.77,210.77,210.77,210.77,0
1756471625,210.77,210.77,210.77,210.77,0
1756471630,210.77,210.77,210.77,210.77,0
1756471635,210.77,210.77,210.77,210.77,0
1756471640,210.77,210.77,210.77,210.77,0
1756471645,210.77,210.77,210.77,210.77,0
1756471650,210.77,210.77,210.77,210.77,0
1756471655,210.77,210.77,210.77,210.77,0
1756471660,210.77,210.77,210.77,210.77,0
1756471665,210.7,210.7,210.7,210.7,2
1756471670,210.7,210.7,210.7,210.7,0
1756471675,210.7,210.7,210.7,210.7,0
1756471680,210.7,210.7,210.7,210.7,0
1756471685,210.7,210.7,210.7,210.7,0
1756471690,210.7,210.7,210.7,210.7,0
1756471695,210.7,210.7,210.7,210.7,0
1756471700,210.7,210.7,210.7,210.7,0
1756471705,210.7,210.7,210.7,210.7,0
1756471710,210.77,210.77,210.76,210.77,3
1756471715,210.77,210.77,210.76,210.77,0
1756471720,210.77,210.77,210.76,210.77,0
1756471725,210.77,210.77,210.76,210.77,0
1756471730,210.77,210.77,210.76,210.77,0
1756471735,210.77,210.77,210.76,210.77,0
1756471740,210.77,210.77,210.76,210.77,0
1756471745,210.76,210.76,210.76,210.76,1
1756471750,210.76,210.76,210.76,210.76,0
1756471755,210.65,210.65,210.65,210.65,1
1756471760,210.65,210.65,210.65,210.65,0
1756471765,210.65,210.65,210.65,210.65,0
1756471770,210.65,210.65,210.65,210.65,0
1756471775,210.65,210.65,210.65,210.65,0
1756471780,210.65,210.65,210.65,210.65,0
1756471785,210.69,210.69,210.69,210.69,1
1756471790,210.69,210.69,210.69,210.69,0
1756471795,210.69,210.69,210.69,210.69,0
1756471800,210.69,210.69,210.69,210.69,0
1756471805,210.69,210.69,210.69,210.69,0
1756471810,210.76,210.76,210.72,210.76,10
1756471815,210.76,210.76,210.76,210.76,0
1756471820,210.76,210.76,210.76,210.76,0
1756471825,210.76,210.76,210.76,210.76,0
1756471830,210.76,210.76,210.76,210.76,0
1756471835,210.76,210.76,210.76,210.76,0
1756471840,210.76,210.76,210.76,210.76,0
1756471845,210.76,210.76,210.76,210.76,0
1756471850,210.7,210.7,210.7,210.7,1
1756471855,210.7,210.7,210.7,210.7,0
1756471860,210.7,210.7,210.7,210.7,0
1756471865,210.7,210.7,210.7,210.7,0
1756471870,210.7,210.7,210.7,210.7,0
1756471875,210.7,210.7,210.7,210.7,0
1756471880,210.7,210.7,210.7,210.7,0
1756471885,210.7,210.7,210.7,210.7,0
1756471890,210.7,210.7,210.7,210.7,0
1756471895,210.7,210.7,210.7,210.7,0
1756471900,210.7,210.7,210.7,210.7,0
1756471905,210.7,210.7,210.7,210.7,0
1756471910,210.7,210.7,210.7,210.7,0
1756471915,210.7,210.7,210.7,210.7,0
1756471920,210.7,210.7,210.7,210.7,0
1756471925,210.7,210.7,210.7,210.7,0
1756471930,210.7,210.7,210.7,210.7,0
1756471935,210.7,210.7,210.7,210.7,0
1756471940,210.7,210.7,210.7,210.7,0
1756471945,210.7,210.7,210.7,210.7,0
1756471950,210.7,210.7,210.7,210.7,0
1756471955,210.7,210.7,210.7,210.7,0
1756471960,210.7,210.7,210.7,210.7,0
1756471965,210.7,210.7,210.7,210.7,0
1756471970,210.7,210.7,210.7,210.7,0
1756471975,210.7,210.7,210.7,210.7,0
1756471980,210.7,210.7,210.7,210.7,0
1756471985,210.7,210.7,210.7,210.7,0
1756471990,210.68,210.68,210.68,210.68,1
1756471995,210.68,210.68,210.68,210.68,0
1756472000,210.68,210.68,210.68,210.68,0
1756472005,210.68,210.68,210.68,210.68,0
1756472010,210.68,210.68,210.68,210.68,0
1756472015,210.68,210.69,210.68,210.68,10
1756472020,210.68,210.69,210.68,210.68,0
1756472025,210.68,210.69,210.68,210.68,0
1756472030,210.68,210.69,210.68,210.68,0
1756472035,210.68,210.69,210.68,210.68,0
1756472040,210.71,210.71,210.71,210.71,1
1756472045,210.71,210.71,210.71,210.71,0
1756472050,210.71,210.71,210.71,210.71,0
1756472055,210.71,210.71,210.71,210.71,0
1756472060,210.71,210.71,210.71,210.71,0
1756472065,210.71,210.71,210.71,210.71,0
1756472070,210.71,210.71,210.71,210.71,0
1756472075,210.71,210.71,210.71,210.71,0
1756472080,210.77,210.77,210.76,210.77,2
1756472085,210.77,210.77,210.76,210.77,0
1756472090,210.77,210.77,210.76,210.77,0
1756472095,210.77,210.77,210.77,210.77,1
1756472100,210.77,210.77,210.77,210.77,0
1756472105,210.77,210.77,210.77,210.77,0
1756472110,210.77,210.77,210.77,210.77,0
1756472115,210.77,210.77,210.77,210.77,0
1756472120,210.77,210.77,210.77,210.77,0
1756472125,210.77,210.77,210.77,210.77,0
1756472130,210.77,210.77,210.77,210.77,0
1756472135,210.77,210.77,210.77,210.77,0
1756472140,210.77,210.77,210.77,210.77,0
1756472145,210.77,210.77,210.77,210.77,0
1756472150,210.77,210.77,210.77,210.77,0
1756472155,210.77,210.77,210.77,210.77,0
1756472160,210.77,210.77,210.77,210.77,0
1756472165,210.77,210.77,210.77,210.77,0
1756472170,210.77,210.77,210.77,210.77,0
1756472175,210.77,210.77,210.77,210.77,0
1756472180,210.77,210.77,210.77,210.77,0
1756472185,210.77,210.77,210.77,210.77,0
1756472190,210.77,210.77,210.77,210.77,0
1756472195,210.77,210.77,210.77,210.77,0
1756472200,210.77,210.77,210.77,210.77,0
1756472205,210.77,210.77,210.77,210.77,0
1756472210,210.71,210.71,210.71,210.71,1
1756472215,210.71,210.71,210.71,210.71,0
1756472220,210.71,210.71,210.71,210.71,0
1756472225,210.71,210.71,210.71,210.71,0
1756472230,210.71,210.71,210.71,210.71,0
1756472235,210.71,210.71,210.71,210.71,0
1756472240,210.71,210.71,210.71,210.71,0
1756472245,210.71,210.71,210.71,210.71,0
1756472250,210.71,210.71,210.71,210.71,0
1756472255,210.71,210.71,210.71,210.71,0
1756472260,210.71,210.71,210.71,210.71,0
1756472265,210.71,210.71,210.71,210.71,0
1756472270,210.71,210.71,210.71,210.71,0
1756472275,210.71,210.71,210.71,210.71,0
1756472280,210.71,210.71,210.71,210.71,0
1756472285,210.71,210.71,210.71,210.71,0
1756472290,210.71,210.71,210.71,210.71,0
1756472295,210.71,210.71,210.71,210.71,0
1756472300,210.71,210.71,210.71,210.71,0
1756472305,210.71,210.71,210.71,210.71,0
1756472310,210.71,210.71,210.71,210.71,0
1756472315,210.71,210.71,210.71,210.71,0
1756472320,210.66,210.66,210.66,210.66,5
1756472325,210.66,210.66,210.66,210.66,0
1756472330,210.66,210.66,210.66,210.66,0
1756472335,210.66,210.66,210.66,210.66,0
1756472340,210.66,210.66,210.66,210.66,0
1756472345,210.66,210.66,210.66,210.66,0
1756472350,210.66,210.66,210.66,210.66,0
1756472355,210.66,210.66,210.66,210.66,0
1756472360,210.66,210.66,210.66,210.66,0
1756472365,210.66,210.66,210.66,210.66,0
1756472370,210.66,210.66,210.66,210.66,0
1756472375,210.66,210.66,210.66,210.66,0
1756472380,210.66,210.66,210.66,210.66,0
1756472385,210.66,210.66,210.66,210.66,0
1756472390,210.66,210.66,210.66,210.66,0
1756472395,210.66,210.66,210.66,210.66,0
1756472400,210.66,210.66,210.66,210.66,0
1756472405,210.76,210.77,210.76,210.76,2
1756472410,210.76,210.77,210.76,210.76,0
1756472415,210.76,210.77,210.76,210.76,0
1756472420,210.76,210.77,210.76,210.76,0
1756472425,210.76,210.77,210.76,210.76,0
1756472430,210.76,210.77,210.76,210.76,0
1756472435,210.76,210.77,210.76,210.76,0
1756472440,210.76,210.77,210.76,210.76,0
1756472445,210.76,210.77,210.76,210.76,0
1756472450,210.76,210.77,210.76,210.76,0
1756472455,210.76,210.77,210.76,210.76,0
1756472460,210.76,210.77,210.76,210.76,0
1756472465,210.76,210.77,210.76,210.76,0
1756472470,210.76,210.77,210.76,210.76,0
1756472475,210.76,210.77,210.76,210.76,0
1756472480,210.76,210.77,210.76,210.76,0
1756472485,210.76,210.77,210.76,210.76,0
1756472490,210.76,210.77,210.76,210.76,0
1756472495,210.76,210.77,210.76,210.76,0
1756472500,210.76,210.77,210.76,210.76,0
1756472505,210.76,210.77,210.76,210.76,0
1756472510,210.76,210.77,210.76,210.76,0
1756472515,210.76,210.77,210.76,210.76,0
1756472520,210.76,210.77,210.76,210.76,0
1756472525,210.76,210.77,210.76,210.76,0
1756472530,210.76,210.77,210.76,210.76,0
1756472535,210.76,210.77,210.76,210.76,0
1756472540,210.76,210.77,210.76,210.76,0
1756472545,210.76,210.77,210.76,210.76,0
1756472550,210.73,210.73,210.73,210.73,1
1756472555,210.73,210.73,210.73,210.73,0
1756472560,210.73,210.73,210.73,210.73,0
1756472565,210.73,210.73,210.73,210.73,0
1756472570,210.73,210.73,210.73,210.73,0
1756472575,210.73,210.73,210.73,210.73,0
1756472580,210.68,210.68,210.65,210.65,3
1756472585,210.65,210.65,210.65,210.65,0
1756472590,210.65,210.65,210.65,210.65,0
1756472595,210.65,210.65,210.65,210.65,0
1756472600,210.65,210.65,210.65,210.65,0
1756472605,210.65,210.65,210.65,210.65,0
1756472610,210.65,210.65,210.65,210.65,0
1756472615,210.65,210.65,210.65,210.65,0
1756472620,210.65,210.65,210.65,210.65,0
1756472625,210.65,210.65,210.65,210.65,0
1756472630,210.65,210.65,210.65,210.65,0
1756472635,210.65,210.65,210.65,210.65,0
1756472640,210.65,210.65,210.65,210.65,0
1756472645,210.65,210.65,210.65,210.65,0
1756472650,210.65,210.65,210.65,210.65,0
1756472655,210.65,210.65,210.65,210.65,0
1756472660,210.65,210.65,210.65,210.65,0
1756472665,210.65,210.65,210.65,210.65,0
1756472670,210.65,210.65,210.65,210.65,0
1756472675,210.65,210.65,210.65,210.65,0
1756472680,210.65,210.65,210.65,210.65,0
1756472685,210.86,210.86,210.86,210.86,1
1756472690,210.86,210.86,210.86,210.86,0
1756472695,210.86,210.86,210.86,210.86,0
1756472700,210.86,210.86,210.86,210.86,0
1756472705,210.86,210.86,210.86,210.86,0
1756472710,210.86,210.86,210.86,210.86,0
1756472715,210.86,210.86,210.86,210.86,0
1756472720,210.86,210.86,210.86,210.86,0
1756472725,210.86,210.86,210.86,210.86,0
1756472730,210.86,210.86,210.86,210.86,0
1756472735,210.86,210.86,210.86,210.86,0
1756472740,210.86,210.86,210.86,210.86,0
1756472745,210.86,210.86,210.86,210.86,0
1756472750,210.86,210.86,210.86,210.86,0
1756472755,210.86,210.86,210.86,210.86,0
1756472760,210.86,210.86,210.86,210.86,0
1756472765,210.86,210.86,210.86,210.86,0
1756472770,210.86,210.86,210.86,210.86,0
1756472775,210.86,210.86,210.86,210.86,0
1756472780,210.86,210.86,210.86,210.86,0
1756472785,210.86,210.86,210.86,210.86,0
1756472790,210.86,210.86,210.86,210.86,0
1756472795,210.79,210.79,210.76,210.76,2
1756472800,210.76,210.76,210.76,210.76,0
1756472805,210.76,210.76,210.76,210.76,2
1756472810,210.76,210.76,210.76,210.76,0
1756472815,210.76,210.76,210.76,210.76,0
1756472820,210.76,210.76,210.76,210.76,0
1756472825,210.76,210.76,210.76,210.76,0
1756472830,210.76,210.76,210.76,210.76,0
1756472835,210.76,210.76,210.76,210.76,0
1756472840,210.76,210.76,210.76,210.76,0
1756472845,210.76,210.76,210.76,210.76,0
1756472850,210.76,210.76,210.76,210.76,0
1756472855,210.76,210.76,210.76,210.76,0
1756472860,210.76,210.76,210.76,210.76,0
1756472865,210.76,210.76,210.76,210.76,0
1756472870,210.76,210.76,210.76,210.76,0
1756472875,210.76,210.76,210.76,210.76,0
1756472880,210.76,210.76,210.76,210.76,0
1756472885,210.76,210.76,210.76,210.76,0
1756472890,210.76,210.76,210.76,210.76,0
1756472895,210.84,210.86,210.84,210.86,2
1756472900,210.86,210.86,210.86,210.86,0
1756472905,210.86,210.86,210.86,210.86,0
1756472910,210.86,210.86,210.86,210.86,0
1756472915,210.86,210.86,210.86,210.86,0
1756472920,210.86,210.86,210.86,210.86,0
1756472925,210.86,210.86,210.86,210.86,0
1756472930,210.86,210.86,210.86,210.86,0
1756472935,210.86,210.86,210.86,210.86,0
1756472940,210.86,210.86,210.86,210.86,0
1756472945,210.86,210.86,210.86,210.86,0
1756472950,210.86,210.86,210.86,210.86,0
1756472955,210.86,210.86,210.86,210.86,0
1756472960,210.86,210.86,210.86,210.86,0
1756472965,210.86,210.86,210.86,210.86,0
1756472970,210.86,210.86,210.86,210.86,0
1756472975,210.86,210.86,210.86,210.86,0
1756472980,210.86,210.86,210.86,210.86,0
1756472985,210.86,210.86,210.86,210.86,0
1756472990,210.86,210.86,210.86,210.86,0
1756472995,210.86,210.86,210.86,210.86,0
1756473000,210.86,210.86,210.86,210.86,0
1756473005,210.86,210.86,210.86,210.86,0
1756473010,210.86,210.86,210.86,210.86,0
1756473015,210.86,210.86,210.86,210.86,0
1756473020,210.86,210.86,210.86,210.86,0
1756473025,210.86,210.86,210.86,210.86,0
1756473030,210.86,210.86,210.86,210.86,0
1756473035,210.86,210.86,210.86,210.86,0
1756473040,210.86,210.86,210.86,210.86,0
1756473045,210.86,210.86,210.86,210.86,0
1756473050,210.86,210.86,210.86,210.86,0
1756473055,210.86,210.86,210.86,210.86,0
1756473060,210.86,210.86,210.86,210.86,0
1756473065,210.86,210.86,210.86,210.86,0
1756473070,210.86,210.86,210.86,210.86,0
1756473075,210.86,210.86,210.86,210.86,0
1756473080,210.86,210.86,210.86,210.86,0
1756473085,210.86,210.86,210.86,210.86,0
1756473090,210.86,210.86,210.86,210.86,0
1756473095,210.86,210.86,210.86,210.86,0
1756473100,210.86,210.86,210.86,210.86,0
1756473105,210.86,210.86,210.86,210.86,0
1756473110,210.86,210.86,210.86,210.86,0
1756473115,210.86,210.86,210.86,210.86,0
1756473120,210.86,210.86,210.86,210.86,0
1756473125,210.86,210.86,210.86,210.86,0
1756473130,210.86,210.86,210.86,210.86,2
1756473135,210.86,210.86,210.86,210.86,0
1756473140,210.86,210.86,210.86,210.86,0
1756473145,210.86,210.86,210.86,210.86,0
1756473150,210.86,210.86,210.86,210.86,0
1756473155,210.86,210.86,210.86,210.86,0
1756473160,210.86,210.86,210.86,210.86,0
1756473165,210.86,210.86,210.86,210.86,0
1756473170,210.86,210.86,210.86,210.86,0
1756473175,210.86,210.86,210.86,210.86,0
1756473180,210.83,210.85,210.83,210.85,4
1756473185,210.85,210.85,210.85,210.85,0
1756473190,210.85,210.85,210.85,210.85,0
1756473195,210.85,210.85,210.85,210.85,0
1756473200,210.85,210.85,210.85,210.85,0
1756473205,210.85,210.85,210.85,210.85,0
1756473210,210.85,210.85,210.85,210.85,0
1756473215,210.87,210.87,210.87,210.87,7
1756473220,210.87,210.87,210.87,210.87,0
1756473225,210.87,210.87,210.87,210.87,0
1756473230,210.87,210.87,210.87,210.87,0
1756473235,210.87,210.87,210.87,210.87,0
1756473240,210.87,210.87,210.87,210.87,0
1756473245,210.87,210.87,210.87,210.87,2
1756473250,210.87,210.87,210.87,210.87,0
1756473255,210.87,210.87,210.87,210.87,0
1756473260,210.87,210.87,210.87,210.87,0
1756473265,210.87,210.87,210.87,210.87,0
1756473270,210.87,210.87,210.87,210.87,0
1756473275,210.87,210.87,210.87,210.87,0
1756473280,210.87,210.87,210.87,210.87,0
1756473285,210.87,210.87,210.87,210.87,0
1756473290,210.87,210.87,210.87,210.87,0
1756473295,210.87,210.87,210.87,210.87,0
1756473300,210.87,210.87,210.87,210.87,0
1756473305,210.87,210.87,210.87,210.87,0
1756473310,210.87,210.87,210.87,210.87,0
1756473315,210.87,210.87,210.87,210.87,0
1756473320,210.87,210.87,210.87,210.87,0
1756473325,210.87,210.87,210.87,210.87,0
1756473330,210.87,210.87,210.87,210.87,0
1756473335,210.87,210.87,210.87,210.87,0
1756473340,210.87,210.87,210.87,210.87,0
1756473345,210.87,210.87,210.87,210.87,0
1756473350,210.87,210.87,210.87,210.87,0
1756473355,210.87,210.87,210.87,210.87,0
1756473360,210.76,210.77,210.73,210.73,42
1756473365,210.73,210.73,210.73,210.73,0
1756473370,210.73,210.73,210.73,210.73,0
1756473375,210.73,210.73,210.73,210.73,0
1756473380,210.73,210.73,210.73,210.73,0
1756473385,210.73,210.73,210.73,210.73,0
1756473390,210.73,210.73,210.73,210.73,0
1756473395,210.73,210.73,210.73,210.73,0
1756473400,210.73,210.73,210.73,210.73,0
1756473405,210.73,210.73,210.73,210.73,0
1756473410,210.73,210.73,210.73,210.73,0
1756473415,210.73,210.73,210.73,210.73,0
1756473420,210.74,210.75,210.74,210.74,1
1756473425,210.74,210.75,210.74,210.74,0
1756473430,210.74,210.75,210.74,210.74,0
1756473435,210.74,210.75,210.74,210.74,0
1756473440,210.74,210.75,210.74,210.74,0
1756473445,210.74,210.74,210.74,210.74,2
1756473450,210.74,210.74,210.74,210.74,0
1756473455,210.74,210.74,210.74,210.74,0
1756473460,210.74,210.74,210.74,210.74,0
1756473465,210.74,210.74,210.74,210.74,0
1756473470,210.74,210.74,210.74,210.74,0
1756473475,210.74,210.74,210.74,210.74,0
1756473480,210.74,210.74,210.74,210.74,0
1756473485,210.74,210.74,210.74,210.74,0
1756473490,210.74,210.74,210.74,210.74,0
1756473495,210.74,210.74,210.74,210.74,0
1756473500,210.74,210.74,210.74,210.74,0
1756473505,210.74,210.74,210.74,210.74,0
1756473510,210.74,210.74,210.74,210.74,0
1756473515,210.74,210.74,210.74,210.74,0
1756473520,210.74,210.74,210.74,210.74,0
1756473525,210.74,210.74,210.74,210.74,0
1756473530,210.74,210.74,210.74,210.74,0
1756473535,210.74,210.74,210.74,210.74,0
1756473540,210.67,210.67,210.67,210.67,1
1756473545,210.67,210.67,210.67,210.67,0
1756473550,210.67,210.67,210.67,210.67,0
1756473555,210.67,210.67,210.67,210.67,0
1756473560,210.67,210.67,210.67,210.67,0
1756473565,210.67,210.67,210.67,210.67,0
1756473570,210.67,210.67,210.67,210.67,0
1756473575,210.67,210.67,210.67,210.67,0
1756473580,210.67,210.67,210.67,210.67,0
1756473585,210.66,210.66,210.63,210.63,3
1756473590,210.63,210.63,210.63,210.63,0
1756473595,210.63,210.63,210.63,210.63,0
1756473600,210.63,210.63,210.63,210.63,0
1756473605,210.63,210.63,210.63,210.63,0
1756473610,210.63,210.63,210.63,210.63,0
1756473615,210.63,210.63,210.63,210.63,0
1756473620,210.63,210.63,210.63,210.63,0
1756473625,210.63,210.63,210.63,210.63,0
1756473630,210.63,210.63,210.63,210.63,0
1756473635,210.65,210.65,210.65,210.65,1
1756473640,210.65,210.65,210.65,210.65,0
1756473645,210.67,210.67,210.67,210.67,1
1756473650,210.67,210.67,210.67,210.67,0
1756473655,210.67,210.67,210.67,210.67,0
1756473660,210.67,210.67,210.67,210.67,0
1756473665,210.67,210.67,210.67,210.67,0
1756473670,210.67,210.67,210.67,210.67,0
1756473675,210.67,210.67,210.67,210.67,0
1756473680,210.67,210.67,210.67,210.67,0
1756473685,210.67,210.67,210.67,210.67,0
1756473690,210.67,210.67,210.67,210.67,0
1756473695,210.7,210.71,210.7,210.7,1
1756473700,210.7,210.71,210.7,210.7,0
1756473705,210.7,210.71,210.7,210.7,0
1756473710,210.7,210.71,210.7,210.7,0
1756473715,210.7,210.71,210.7,210.7,0
1756473720,210.7,210.71,210.7,210.7,0
1756473725,210.7,210.71,210.7,210.7,0
1756473730,210.77,210.77,210.77,210.77,10
1756473735,210.77,210.77,210.77,210.77,0
1756473740,210.77,210.77,210.77,210.77,0
1756473745,210.77,210.77,210.77,210.77,0
1756473750,210.77,210.77,210.77,210.77,0
1756473755,210.77,210.77,210.77,210.77,0
1756473760,210.77,210.77,210.77,210.77,0
1756473765,210.77,210.77,210.77,210.77,0
1756473770,210.77,210.77,210.77,210.77,0
1756473775,210.77,210.77,210.77,210.77,0
1756473780,210.77,210.77,210.77,210.77,0
1756473785,210.77,210.77,210.77,210.77,0
1756473790,210.77,210.77,210.77,210.77,0
1756473795,210.82,210.82,210.82,210.82,1
1756473800,210.85,210.85,210.85,210.85,1
1756473805,210.85,210.85,210.85,210.85,0
1756473810,210.85,210.85,210.85,210.85,0
1756473815,210.85,210.85,210.85,210.85,0
1756473820,210.85,210.85,210.85,210.85,0
1756473825,210.85,210.85,210.85,210.85,0
1756473830,210.85,210.85,210.85,210.85,0
1756473835,210.8,210.8,210.8,210.8,1
1756473840,210.8,210.8,210.8,210.8,0
1756473845,210.75,210.75,210.75,210.75,2
1756473850,210.73,210.74,210.73,210.73,3
1756473855,210.73,210.74,210.73,210.73,0
1756473860,210.73,210.74,210.73,210.73,0
1756473865,210.73,210.74,210.73,210.73,0
1756473870,210.73,210.74,210.73,210.73,0
1756473875,210.73,210.74,210.73,210.73,0
1756473880,210.73,210.74,210.73,210.73,0
1756473885,210.77,210.77,210.76,210.76,3
1756473890,210.76,210.76,210.76,210.76,0
1756473895,210.76,210.76,210.76,210.76,0
1756473900,210.75,210.75,210.38,210.65,26
1756473905,210.65,210.65,210.65,210.65,0
1756473910,210.65,210.65,210.65,210.65,0
1756473915,210.65,210.65,210.65,210.65,0
1756473920,210.65,210.65,210.65,210.65,0
1756473925,210.65,210.65,210.65,210.65,0
1756473930,210.65,210.65,210.65,210.65,0
1756473935,210.65,210.65,210.65,210.65,0
1756473940,210.65,210.65,210.65,210.65,0
1756473945,210.65,210.65,210.65,210.65,0
1756473950,210.65,210.65,210.65,210.65,0
1756473955,210.66,210.66,210.66,210.66,7
1756473960,210.66,210.66,210.66,210.66,0
1756473965,210.66,210.66,210.66,210.66,0
1756473970,210.66,210.66,210.66,210.66,0
1756473975,210.66,210.66,210.66,210.66,0
1756473980,210.66,210.66,210.66,210.66,0
1756473985,210.66,210.66,210.66,210.66,0
1756473990,210.66,210.66,210.66,210.66,0
1756473995,210.66,210.66,210.66,210.66,0
1756474000,210.66,210.66,210.66,210.66,0
1756474005,210.66,210.66,210.66,210.66,0
1756474010,210.66,210.66,210.66,210.66,0
1756474015,210.66,210.66,210.66,210.66,0
1756474020,210.66,210.66,210.66,210.66,0
1756474025,210.66,210.66,210.66,210.66,0
1756474030,210.66,210.66,210.66,210.66,0
1756474035,210.66,210.66,210.66,210.66,0
1756474040,210.66,210.66,210.66,210.66,0
1756474045,210.66,210.66,210.66,210.66,0
1756474050,210.66,210.66,210.66,210.66,0
1756474055,210.66,210.66,210.66,210.66,0
1756474060,210.66,210.66,210.66,210.66,0
1756474065,210.66,210.66,210.66,210.66,0
1756474070,210.91,211.1,210.91,211.0,15
1756474075,211.0,211.0,211.0,211.0,0
1756474080,211.03,211.28,211.01,211.28,3
1756474085,211.28,211.28,211.28,211.28,0
1756474090,211.31,211.31,211.31,211.31,1
1756474095,211.31,211.31,211.31,211.31,0
1756474100,211.31,211.31,211.31,211.31,0
1756474105,211.31,211.31,211.31,211.31,0
1756474110,211.31,211.31,211.31,211.31,0
1756474115,211.44,211.44,211.42,211.42,2
1756474120,211.42,211.42,211.42,211.42,0
1756474125,211.42,211.42,211.42,211.42,0
1756474130,211.42,211.42,211.42,211.42,0
1756474135,211.42,211.42,211.42,211.42,0
1756474140,211.37,211.37,211.36,211.36,2
1756474145,211.37,211.38,211.37,211.37,7
1756474150,211.37,211.38,211.37,211.37,0
1756474155,211.37,211.37,211.33,211.33,5
1756474160,211.33,211.33,211.33,211.33,0
1756474165,211.28,211.31,211.24,211.29,16
1756474170,211.19,211.31,211.19,211.31,2
1756474175,211.31,211.31,211.31,211.31,1
1756474180,211.28,211.28,211.25,211.25,2
1756474185,211.32,211.32,211.32,211.32,1
1756474190,211.32,211.32,211.32,211.32,0
1756474195,211.39,211.39,211.28,211.31,13
1756474200,211.27,211.63,211.17,211.59,2429
1756474205,211.54,211.58,211.35,211.38,140
1756474210,211.34,211.38,211.23,211.25,92
1756474215,211.18,211.24,210.97,211.01,117
1756474220,211.06,211.26,210.98,211.21,19
1756474225,211.26,211.53,211.26,211.47,29
1756474230,211.52,211.66,211.42,211.45,83
1756474235,211.28,211.49,211.25,211.45,68
1756474240,211.49,211.62,211.48,211.62,8
1756474245,211.67,211.76,211.63,211.76,75
1756474250,211.84,211.9,211.73,211.73,101
1756474255,211.71,211.8,211.71,211.77,33
1756474260,211.82,212.08,211.81,212.06,192
1756474265,212.04,212.06,211.82,211.97,81
1756474270,211.97,211.97,211.89,211.9,52
1756474275,211.88,211.89,211.71,211.85,90
1756474280,211.84,212.07,211.84,212.03,34
1756474285,211.98,212.0,211.89,211.98,71
1756474290,211.99,212.03,211.98,211.99,40
1756474295,212.06,212.1,211.98,211.98,37
1756474300,211.98,212.06,211.95,212.0,72
1756474305,211.98,211.98,211.98,211.98,1
1756474310,212.12,212.15,212.06,212.11,41
1756474315,212.11,212.2,212.08,212.11,69
1756474320,212.11,212.37,212.08,212.35,208
1756474325,212.33,212.5,212.32,212.44,74
1756474330,212.43,212.44,212.35,212.38,27
1756474335,212.38,212.4,212.31,212.4,34
1756474340,212.39,212.47,212.36,212.43,43
1756474345,212.42,212.46,212.35,212.36,27
1756474350,212.33,212.46,212.32,212.43,33
1756474355,212.46,212.59,212.46,212.53,29
1756474360,212.54,212.55,212.4,212.41,54
1756474365,212.39,212.45,212.35,212.39,25
1756474370,212.39,212.44,212.34,212.36,29
1756474375,212.34,212.37,212.34,212.36,12
1756474380,212.35,212.35,212.21,212.22,24
1756474385,212.23,212.25,212.15,212.25,30
1756474390,212.23,212.26,212.21,212.21,13
1756474395,212.2,212.25,212.19,212.25,4
1756474400,212.21,212.34,212.21,212.31,59
1756474405,212.28,212.36,212.27,212.34,23
1756474410,212.33,212.33,212.25,212.3,154
1756474415,212.29,212.29,212.26,212.26,8
1756474420,212.26,212.44,212.26,212.4,49
1756474425,212.38,212.4,212.34,212.38,12
1756474430,212.39,212.39,212.29,212.29,7
1756474435,212.26,212.32,212.21,212.31,7
1756474440,212.27,212.37,212.24,212.28,275
1756474445,212.25,212.25,212.11,212.15,39
1756474450,212.12,212.16,212.1,212.1,38
1756474455,212.12,212.12,212.0,212.06,49
1756474460,212.06,212.09,212.05,212.07,18
1756474465,212.09,212.17,212.09,212.14,8
1756474470,212.18,212.18,212.1,212.11,18
1756474475,212.19,212.29,212.17,212.23,16
1756474480,212.23,212.3,212.23,212.29,42
1756474485,212.28,212.28,212.25,212.27,12
1756474490,212.27,212.27,212.18,212.19,23
1756474495,212.18,212.26,212.18,212.26,12
1756474500,212.24,212.26,212.21,212.22,55
1756474505,212.23,212.44,212.23,212.42,59
1756474510,212.39,212.39,212.28,212.29,27
1756474515,212.29,212.33,212.27,212.27,13
1756474520,212.32,212.4,212.32,212.4,11
1756474525,212.42,212.47,212.41,212.44,18
1756474530,212.42,212.51,212.35,212.39,145
1756474535,212.44,212.47,212.43,212.46,11
1756474540,212.46,212.61,212.46,212.58,22
1756474545,212.58,212.63,212.54,212.63,26
1756474550,212.63,212.64,212.61,212.63,26
1756474555,212.64,212.65,212.52,212.52,46
1756474560,212.55,212.61,212.54,212.61,27
1756474565,212.62,212.69,212.59,212.63,20
1756474570,212.61,212.65,212.59,212.62,35
1756474575,212.63,212.64,212.61,212.62,11
1756474580,212.66,212.77,212.66,212.76,84
1756474585,212.79,212.84,212.77,212.81,47
1756474590,212.81,212.84,212.77,212.8,26
1756474595,212.79,212.83,212.77,212.83,42
1756474600,212.84,212.88,212.83,212.83,16
1756474605,212.84,212.85,212.59,212.59,57
1756474610,212.57,212.6,212.53,212.58,52
1756474615,212.59,212.65,212.59,212.65,19
1756474620,212.64,212.64,212.49,212.54,34
1756474625,212.55,212.55,212.36,212.38,64
1756474630,212.4,212.44,212.38,212.44,15
1756474635,212.4,212.46,212.37,212.44,41
1756474640,212.44,212.49,212.39,212.39,29
1756474645,212.38,212.38,212.2,212.2,68
1756474650,212.29,212.34,212.26,212.34,26
1756474655,212.33,212.37,212.33,212.35,4
1756474660,212.37,212.43,212.36,212.43,39
1756474665,212.48,212.48,212.41,212.43,27
1756474670,212.45,212.49,212.42,212.47,9
1756474675,212.41,212.48,212.4,212.45,34
1756474680,212.41,212.41,212.37,212.38,8
1756474685,212.43,212.62,212.43,212.6,23
1756474690,212.59,212.61,212.57,212.59,19
1756474695,212.58,212.59,212.5,212.5,19
1756474700,212.5,212.58,212.5,212.52,24
1756474705,212.5,212.61,212.48,212.61,26
1756474710,212.67,212.7,212.65,212.7,41
1756474715,212.68,212.68,212.63,212.64,36
1756474720,212.62,212.78,212.62,212.78,64
1756474725,212.76,212.77,212.71,212.71,16
1756474730,212.72,212.75,212.72,212.75,9
1756474735,212.77,212.8,212.76,212.78,12
1756474740,212.77,212.84,212.76,212.81,17
1756474745,212.85,212.92,212.85,212.91,70
1756474750,212.92,212.93,212.89,212.93,31
1756474755,212.93,212.95,212.87,212.88,64
1756474760,212.9,212.93,212.81,212.84,64
1756474765,212.83,212.93,212.82,212.92,27
1756474770,212.89,212.98,212.89,212.9,68
1756474775,212.94,212.94,212.9,212.94,32
1756474780,212.96,212.99,212.96,212.96,38
1756474785,212.93,213.03,212.91,212.93,366
1756474790,212.96,212.97,212.91,212.92,20
1756474795,212.9,212.92,212.81,212.84,68
1756474800,212.83,212.83,212.6,212.61,65
1756474805,212.62,212.63,212.57,212.63,52
1756474810,212.68,212.76,212.64,212.76,22
1756474815,212.75,212.8,212.75,212.78,19
1756474820,212.76,212.91,212.74,212.86,86
1756474825,212.87,212.91,212.86,212.91,16
1756474830,212.9,212.9,212.78,212.84,81
1756474835,212.84,212.86,212.8,212.8,31
1756474840,212.79,212.85,212.78,212.8,61
1756474845,212.8,212.81,212.78,212.81,43
1756474850,212.8,212.92,212.8,212.9,46
1756474855,212.89,212.96,212.89,212.95,44
1756474860,212.95,212.95,212.7,212.7,37
1756474865,212.69,212.79,212.69,212.76,51
1756474870,212.82,212.95,212.8,212.95,33
1756474875,212.92,212.99,212.9,212.91,10
1756474880,212.88,212.89,212.74,212.8,39
1756474885,212.8,212.81,212.75,212.78,38
1756474890,212.78,212.83,212.77,212.83,13
1756474895,212.91,212.97,212.87,212.9,31
1756474900,212.9,212.92,212.86,212.92,15
1756474905,213.0,213.02,212.96,212.99,29
1756474910,212.97,213.09,212.97,213.0,111
1756474915,213.03,213.04,212.99,212.99,11
1756474920,213.01,213.01,212.96,212.96,17
1756474925,213.0,213.0,212.93,212.94,10
1756474930,212.98,213.02,212.96,212.97,76
1756474935,212.96,212.99,212.86,212.87,10
1756474940,212.86,212.89,212.85,212.88,5
1756474945,212.85,212.85,212.82,212.82,9
1756474950,212.8,212.88,212.76,212.88,44
1756474955,212.9,212.9,212.85,212.88,24
1756474960,212.85,212.85,212.74,212.77,34
1756474965,212.78,212.79,212.71,212.75,18
1756474970,212.71,212.74,212.67,212.69,41
1756474975,212.65,212.71,212.63,212.71,17
1756474980,212.69,212.69,212.6,212.67,27
1756474985,212.66,212.71,212.65,212.66,57
1756474990,212.66,212.7,212.63,212.64,16
1756474995,212.64,212.71,212.63,212.71,42
1756475000,212.69,212.77,212.68,212.68,24
1756475005,212.68,212.71,212.68,212.7,11
1756475010,212.7,212.73,212.67,212.73,14
1756475015,212.73,212.76,212.73,212.75,14
1756475020,212.77,212.79,212.73,212.73,28
1756475025,212.73,212.73,212.66,212.7,23
1756475030,212.68,212.69,212.65,212.67,12
1756475035,212.64,212.64,212.59,212.64,63
1756475040,212.61,212.63,212.58,212.61,44
1756475045,212.62,212.67,212.62,212.62,10
1756475050,212.59,212.59,212.54,212.54,90
1756475055,212.56,212.57,212.5,212.5,52
1756475060,212.5,212.5,212.45,212.5,17
1756475065,212.54,212.63,212.53,212.63,23
1756475070,212.65,212.75,212.63,212.75,30
1756475075,212.79,212.8,212.73,212.8,19
1756475080,212.81,212.86,212.81,212.84,58
1756475085,212.83,212.83,212.76,212.78,29
1756475090,212.78,212.82,212.78,212.78,15
1756475095,212.77,212.78,212.77,212.78,2
1756475100,212.76,212.78,212.57,212.58,20
1756475105,212.56,212.62,212.53,212.61,14
1756475110,212.65,212.7,212.64,212.7,8
1756475115,212.71,212.71,212.69,212.7,11
1756475120,212.69,212.76,212.66,212.74,45
1756475125,212.74,212.77,212.61,212.61,24
1756475130,212.66,212.74,212.66,212.74,4
1756475135,212.78,212.78,212.7,212.7,19
1756475140,212.69,212.69,212.55,212.58,13
1756475145,212.6,212.71,212.6,212.7,20
1756475150,212.7,212.74,212.69,212.71,14
1756475155,212.7,212.71,212.69,212.69,15
1756475160,212.7,212.71,212.56,212.62,69
1756475165,212.63,212.64,212.57,212.64,29
1756475170,212.65,212.7,212.61,212.61,12
1756475175,212.56,212.57,212.5,212.52,53
1756475180,212.53,212.57,212.53,212.53,6
1756475185,212.53,212.58,212.51,212.54,24
1756475190,212.6,212.6,212.56,212.6,14
1756475195,212.56,212.64,212.56,212.62,15
1756475200,212.59,212.6,212.58,212.58,8
1756475205,212.58,212.61,212.51,212.6,10
1756475210,212.59,212.64,212.58,212.63,11
1756475215,212.64,212.64,212.58,212.58,16
1756475220,212.61,212.61,212.38,212.41,115
1756475225,212.46,212.55,212.44,212.54,24
1756475230,212.57,212.6,212.57,212.59,14
1756475235,212.59,212.66,212.58,212.66,14
1756475240,212.68,212.68,212.57,212.6,20
1756475245,212.61,212.61,212.51,212.52,16
1756475250,212.52,212.54,212.5,212.5,36
1756475255,212.49,212.5,212.4,212.5,22
1756475260,212.5,212.51,212.46,212.47,19
1756475265,212.51,212.51,212.5,212.51,2
1756475270,212.51,212.52,212.41,212.41,11
1756475275,212.41,212.47,212.38,212.46,14
1756475280,212.43,212.43,212.31,212.34,9
1756475285,212.41,212.49,212.4,212.4,16
1756475290,212.42,212.43,212.42,212.42,3
1756475295,212.42,212.47,212.4,212.4,27
1756475300,212.35,212.5,212.35,212.46,34
1756475305,212.49,212.6,212.48,212.6,58
1756475310,212.61,212.68,212.58,212.65,36
1756475315,212.67,212.72,212.67,212.7,25
1756475320,212.69,212.71,212.51,212.51,55
1756475325,212.5,212.54,212.49,212.52,21
1756475330,212.59,212.59,212.58,212.58,2
1756475335,212.58,212.58,212.52,212.52,6
1756475340,212.5,212.52,212.4,212.43,23
1756475345,212.42,212.43,212.36,212.36,4
1756475350,212.3,212.34,212.3,212.34,5
1756475355,212.3,212.36,212.27,212.28,11
1756475360,212.31,212.33,212.29,212.33,11
1756475365,212.34,212.37,212.34,212.34,13
1756475370,212.34,212.35,212.33,212.34,10
1756475375,212.34,212.34,212.32,212.32,7
1756475380,212.31,212.32,212.31,212.31,22
1756475385,212.31,212.31,212.25,212.27,33
1756475390,212.3,212.37,212.3,212.37,28
1756475395,212.37,212.37,212.36,212.36,10
1756475400,212.36,212.42,212.36,212.37,21
1756475405,212.36,212.38,212.26,212.27,20
1756475410,212.24,212.28,212.22,212.26,12
1756475415,212.27,212.28,212.26,212.27,12
1756475420,212.27,212.3,212.26,212.29,13
1756475425,212.34,212.36,212.32,212.32,28
1756475430,212.33,212.44,212.29,212.42,32
1756475435,212.39,212.39,212.33,212.39,9
1756475440,212.38,212.39,212.31,212.36,31
1756475445,212.32,212.32,212.3,212.31,42
1756475450,212.32,212.43,212.32,212.43,6
1756475455,212.42,212.43,212.37,212.37,7
1756475460,212.37,212.38,212.28,212.3,23
1756475465,212.32,212.4,212.32,212.4,16
1756475470,212.35,212.4,212.34,212.36,11
1756475475,212.37,212.39,212.36,212.37,12
1756475480,212.39,212.48,212.37,212.48,18
1756475485,212.46,212.53,212.46,212.51,16
1756475490,212.53,212.53,212.45,212.45,17
1756475495,212.49,212.49,212.47,212.47,4
1756475500,212.48,212.54,212.45,212.53,13
1756475505,212.53,212.54,212.49,212.5,13
1756475510,212.49,212.53,212.49,212.53,7
1756475515,212.58,212.59,212.56,212.57,6
1756475520,212.59,212.6,212.55,212.6,35
1756475525,212.6,212.67,212.59,212.67,63
1756475530,212.67,212.67,212.62,212.62,8
1756475535,212.64,212.71,212.61,212.71,42
1756475540,212.7,212.7,212.69,212.69,5
1756475545,212.68,212.7,212.68,212.7,3
1756475550,212.7,212.71,212.67,212.69,44
1756475555,212.72,212.79,212.72,212.77,25
1756475560,212.8,212.8,212.74,212.75,30
1756475565,212.78,212.81,212.73,212.73,36
1756475570,212.73,212.79,212.69,212.77,66
1756475575,212.77,212.77,212.74,212.75,19
1756475580,212.74,212.75,212.68,212.68,11
1756475585,212.68,212.68,212.68,212.68,1
1756475590,212.72,212.77,212.71,212.77,22
1756475595,212.78,212.78,212.76,212.78,30
1756475600,212.79,212.79,212.75,212.77,16
1756475605,212.74,212.77,212.71,212.77,20
1756475610,212.74,212.8,212.74,212.8,5
1756475615,212.75,212.76,212.75,212.76,7
1756475620,212.76,212.76,212.71,212.74,42
1756475625,212.75,212.75,212.72,212.74,8
1756475630,212.76,212.77,212.67,212.67,64
1756475635,212.66,212.68,212.63,212.67,11
1756475640,212.66,212.73,212.66,212.7,8
1756475645,212.69,212.83,212.68,212.76,28
1756475650,212.76,212.77,212.75,212.77,3
1756475655,212.84,212.85,212.75,212.75,12
1756475660,212.78,212.8,212.76,212.8,27
1756475665,212.78,212.79,212.75,212.75,5
1756475670,212.76,212.77,212.74,212.75,8
1756475675,212.75,212.75,212.72,212.73,3
1756475680,212.71,212.71,212.66,212.66,13
1756475685,212.68,212.71,212.66,212.71,21
1756475690,212.72,212.72,212.63,212.63,17
1756475695,212.57,212.57,212.53,212.55,13
1756475700,212.56,212.56,212.51,212.54,17
1756475705,212.53,212.6,212.53,212.6,36
1756475710,212.6,212.65,212.6,212.6,25
1756475715,212.62,212.64,212.61,212.63,17
1756475720,212.6,212.62,212.44,212.45,28
1756475725,212.45,212.45,212.38,212.41,19
1756475730,212.4,212.41,212.39,212.4,2
1756475735,212.39,212.41,212.38,212.4,10
1756475740,212.41,212.41,212.34,212.34,11
1756475745,212.34,212.34,212.28,212.3,20
1756475750,212.3,212.32,212.3,212.31,16
1756475755,212.31,212.31,212.28,212.28,18
1756475760,212.26,212.28,212.16,212.17,38
1756475765,212.15,212.21,212.13,212.2,30
1756475770,212.2,212.22,212.18,212.21,19
1756475775,212.21,212.21,211.89,212.01,161
1756475780,212.04,212.09,211.91,212.07,38
1756475785,212.07,212.13,212.05,212.11,94
1756475790,212.11,212.11,212.0,212.0,13
1756475795,212.0,212.02,211.99,212.01,33
1756475800,212.05,212.07,212.05,212.05,25
1756475805,212.05,212.11,212.03,212.11,51
1756475810,212.05,212.11,212.04,212.04,35
1756475815,212.04,212.11,212.03,212.1,11
1756475820,212.08,212.08,212.05,212.08,36
1756475825,212.1,212.13,212.01,212.01,29
1756475830,212.02,212.07,212.01,212.06,22
1756475835,212.02,212.05,211.99,212.04,19
1756475840,212.1,212.12,212.07,212.07,42
1756475845,212.11,212.12,212.09,212.09,2
1756475850,212.07,212.07,211.99,212.02,25
1756475855,211.99,212.0,211.92,211.95,19
1756475860,211.96,211.96,211.95,211.96,3
1756475865,211.94,211.99,211.94,211.99,8
1756475870,211.94,211.95,211.93,211.95,6
1756475875,211.94,211.94,211.91,211.92,10
1756475880,211.91,211.96,211.87,211.91,116
1756475885,211.93,211.95,211.85,211.88,16
1756475890,211.9,211.97,211.9,211.97,23
1756475895,211.96,211.96,211.9,211.92,17
1756475900,211.89,211.89,211.85,211.89,12
1756475905,211.82,211.84,211.78,211.82,10
1756475910,211.83,211.88,211.8,211.86,25
1756475915,211.84,211.88,211.83,211.88,7
1756475920,211.87,211.9,211.87,211.9,12
1756475925,211.89,211.94,211.89,211.94,27
1756475930,211.98,212.0,211.97,211.98,37
1756475935,211.99,212.05,211.99,212.02,12
1756475940,212.03,212.03,211.97,211.98,28
1756475945,211.98,212.0,211.97,211.98,11
1756475950,211.97,211.97,211.92,211.94,24
1756475955,211.93,211.97,211.92,211.97,14
1756475960,211.94,211.97,211.94,211.96,9
1756475965,211.95,211.96,211.91,211.95,19
1756475970,211.92,211.95,211.91,211.92,32
1756475975,211.92,211.94,211.91,211.92,4
1756475980,211.91,211.92,211.87,211.92,36
1756475985,211.9,211.92,211.86,211.91,136
1756475990,211.9,211.91,211.89,211.9,12
1756475995,211.9,211.95,211.89,211.93,68
1756476000,211.96,212.04,211.72,211.94,154
1756476005,211.91,211.96,211.86,211.96,20
1756476010,211.99,212.09,211.99,212.04,30
1756476015,212.06,212.06,212.04,212.06,9
1756476020,212.06,212.13,212.04,212.13,15
1756476025,212.15,212.19,212.15,212.18,23
1756476030,212.18,212.26,212.18,212.25,13
1756476035,212.23,212.23,212.19,212.19,14
1756476040,212.19,212.22,212.19,212.22,14
1756476045,212.25,212.31,212.25,212.27,183
1756476050,212.3,212.41,212.29,212.4,17
1756476055,212.4,212.42,212.39,212.42,4
1756476060,212.42,212.43,212.38,212.4,45
1756476065,212.42,212.42,212.31,212.31,75
1756476070,212.36,212.36,212.34,212.34,18
1756476075,212.32,212.34,212.11,212.11,56
1756476080,212.18,212.18,212.15,212.17,61
1756476085,212.14,212.16,212.03,212.06,30
1756476090,212.06,212.09,212.01,212.07,14
1756476095,212.09,212.09,212.09,212.09,2
1756476100,212.05,212.08,211.99,212.08,24
1756476105,212.06,212.12,212.06,212.12,21
1756476110,212.11,212.17,212.11,212.14,10
1756476115,212.12,212.2,212.1,212.19,36
1756476120,212.21,212.21,212.17,212.21,12
1756476125,212.18,212.2,212.18,212.2,4
1756476130,212.24,212.24,212.21,212.23,10
1756476135,212.27,212.44,212.26,212.4,14
1756476140,212.41,212.42,212.36,212.36,43
1756476145,212.39,212.43,212.36,212.42,46
1756476150,212.43,212.46,212.39,212.39,27
1756476155,212.41,212.44,212.39,212.44,5
1756476160,212.47,212.52,212.45,212.47,22
1756476165,212.48,212.49,212.43,212.43,7
1756476170,212.45,212.45,212.35,212.37,27
1756476175,212.41,212.41,212.36,212.37,16
1756476180,212.38,212.46,212.38,212.46,11
1756476185,212.47,212.52,212.46,212.46,46
1756476190,212.46,212.46,212.39,212.4,16
1756476195,212.35,212.35,212.21,212.23,48
1756476200,212.21,212.31,212.21,212.31,19
1756476205,212.31,212.34,212.3,212.3,42
1756476210,212.26,212.26,212.23,212.24,6
1756476215,212.26,212.28,212.24,212.28,17
1756476220,212.27,212.32,212.27,212.29,74
1756476225,212.28,212.33,212.26,212.3,23
1756476230,212.29,212.33,212.29,212.33,16
1756476235,212.31,212.31,212.26,212.31,32
1756476240,212.3,212.36,212.29,212.34,18
1756476245,212.36,212.36,212.31,212.32,11
1756476250,212.34,212.35,212.33,212.34,5
1756476255,212.34,212.34,212.22,212.23,32
1756476260,212.23,212.23,212.18,212.18,5
1756476265,212.21,212.24,212.21,212.21,3
1756476270,212.2,212.23,212.2,212.23,9
1756476275,212.23,212.23,212.21,212.21,19
1756476280,212.16,212.16,212.14,212.16,11
1756476285,212.14,212.16,212.13,212.15,33
1756476290,212.15,212.16,212.1,212.1,7
1756476295,212.12,212.14,212.11,212.13,7
1756476300,212.1,212.12,212.05,212.12,8
1756476305,212.1,212.1,212.07,212.09,9
1756476310,212.14,212.14,212.1,212.11,16
1756476315,212.12,212.12,212.08,212.08,19
1756476320,212.08,212.11,212.04,212.05,16
1756476325,212.06,212.17,212.06,212.17,16
1756476330,212.17,212.17,212.11,212.12,14
1756476335,212.08,212.1,212.08,212.1,3
1756476340,212.09,212.09,212.01,212.04,20
1756476345,212.12,212.2,212.1,212.1,58
1756476350,212.13,212.19,212.12,212.17,39
1756476355,212.16,212.16,212.15,212.16,3
1756476360,212.13,212.26,212.13,212.22,48
1756476365,212.23,212.23,212.15,212.23,31
1756476370,212.22,212.26,212.22,212.26,14
1756476375,212.24,212.26,212.15,212.21,26
1756476380,212.19,212.19,212.13,212.15,14
1756476385,212.12,212.12,212.08,212.11,15
1756476390,212.07,212.09,212.04,212.04,9
1756476395,212.04,212.12,212.03,212.1,14
1756476400,212.15,212.15,211.92,211.96,78
1756476405,212.0,212.1,212.0,212.1,36
1756476410,212.11,212.18,212.11,212.17,33
1756476415,212.16,212.16,212.14,212.14,5
1756476420,212.13,212.22,212.12,212.22,13
1756476425,212.25,212.28,212.23,212.25,10
1756476430,212.26,212.27,212.19,212.19,20
1756476435,212.21,212.26,212.21,212.24,18
1756476440,212.24,212.24,212.17,212.17,12
1756476445,212.17,212.22,212.16,212.22,5
1756476450,212.17,212.2,212.13,212.15,23
1756476455,212.17,212.17,212.12,212.14,12
1756476460,212.14,212.19,212.14,212.18,12
1756476465,212.17,212.21,212.17,212.21,5
1756476470,212.17,212.21,212.14,212.16,20
1756476475,212.2,212.21,212.19,212.19,5
1756476480,212.19,212.19,212.16,212.16,15
1756476485,212.19,212.24,212.19,212.24,6
1756476490,212.28,212.3,212.25,212.29,63
1756476495,212.3,212.3,212.2,212.25,40
1756476500,212.24,212.24,212.19,212.19,10
1756476505,212.17,212.17,212.09,212.09,14
1756476510,212.07,212.07,212.04,212.04,6
1756476515,212.04,212.06,212.0,212.06,71
1756476520,212.08,212.12,212.08,212.12,5
1756476525,212.14,212.17,212.13,212.15,21
1756476530,212.19,212.19,212.17,212.17,3
1756476535,212.16,212.22,212.16,212.21,37
1756476540,212.2,212.23,212.17,212.23,22
1756476545,212.18,212.2,212.17,212.2,10
1756476550,212.21,212.25,212.19,212.25,73
1756476555,212.24,212.29,212.21,212.28,24
1756476560,212.27,212.31,212.27,212.28,20
1756476565,212.31,212.34,212.29,212.3,14
1756476570,212.32,212.4,212.32,212.39,31
1756476575,212.36,212.39,212.35,212.37,36
1756476580,212.34,212.35,212.28,212.28,7
1756476585,212.32,212.34,212.17,212.31,995
1756476590,212.3,212.34,212.28,212.33,120
1756476595,212.33,212.33,212.24,212.26,26
1756476600,212.3,212.36,212.3,212.35,48
1756476605,212.35,212.36,212.33,212.34,46
1756476610,212.33,212.36,212.29,212.33,10
1756476615,212.33,212.38,212.32,212.38,10
1756476620,212.37,212.38,212.35,212.36,16
1756476625,212.37,212.41,212.36,212.39,23
1756476630,212.42,212.44,212.4,212.41,78
1756476635,212.44,212.44,212.4,212.42,25
1756476640,212.4,212.4,212.32,212.32,17
1756476645,212.3,212.3,212.23,212.23,20
1756476650,212.25,212.26,212.24,212.26,8
1756476655,212.22,212.23,212.15,212.17,9
1756476660,212.17,212.24,212.17,212.17,16
1756476665,212.16,212.21,212.16,212.21,5
1756476670,212.25,212.25,212.21,212.22,4
1756476675,212.22,212.27,212.22,212.27,11
1756476680,212.28,212.29,212.27,212.28,14
1756476685,212.26,212.26,212.22,212.22,15
1756476690,212.22,212.23,212.22,212.23,3
1756476695,212.26,212.27,212.26,212.27,4
1756476700,212.3,212.3,212.26,212.27,20
1756476705,212.26,212.31,212.25,212.3,21
1756476710,212.28,212.34,212.26,212.27,17
1756476715,212.26,212.26,212.12,212.12,26
1756476720,212.12,212.14,212.07,212.07,39
1756476725,212.06,212.13,212.06,212.12,14
1756476730,212.07,212.08,211.94,211.98,28
1756476735,211.96,211.98,211.91,211.94,52
1756476740,211.98,212.01,211.97,212.0,41
1756476745,211.99,212.05,211.99,212.02,30
1756476750,212.05,212.05,212.04,212.05,19
1756476755,212.03,212.03,211.98,212.02,23
1756476760,211.99,212.0,211.98,211.99,12
1756476765,212.02,212.02,211.99,212.0,42
1756476770,212.0,212.0,211.97,211.99,20
1756476775,211.98,211.99,211.88,211.88,102
1756476780,211.87,211.88,211.79,211.8,33
1756476785,211.81,211.81,211.74,211.77,34
1756476790,211.78,211.83,211.77,211.79,29
1756476795,211.77,211.8,211.75,211.8,10
1756476800,211.8,211.88,211.8,211.84,22
1756476805,211.83,211.83,211.78,211.8,18
1756476810,211.79,211.88,211.79,211.85,12
1756476815,211.86,211.86,211.8,211.81,26
1756476820,211.9,211.9,211.85,211.85,19
1756476825,211.84,211.86,211.82,211.86,11
1756476830,211.87,211.9,211.87,211.89,17
1756476835,211.84,211.88,211.82,211.88,22
1756476840,211.92,211.96,211.92,211.93,20
1756476845,211.93,211.95,211.91,211.95,10
1756476850,211.93,212.03,211.92,212.02,63
1756476855,211.99,212.0,211.96,211.96,12
1756476860,211.97,211.98,211.91,211.95,63
1756476865,211.92,211.94,211.9,211.91,26
1756476870,211.92,211.92,211.89,211.89,16
1756476875,211.88,211.95,211.88,211.95,13
1756476880,211.95,211.98,211.95,211.98,11
1756476885,211.98,211.98,211.94,211.95,9
1756476890,211.98,212.06,211.98,212.05,29
1756476895,212.05,212.05,212.05,212.05,1
1756476900,212.0,212.02,211.97,211.97,18
1756476905,212.04,212.04,212.02,212.02,6
1756476910,212.02,212.06,212.01,212.06,4
1756476915,212.04,212.09,212.02,212.02,24
1756476920,212.01,212.05,212.01,212.05,2
1756476925,212.06,212.07,212.04,212.05,4
1756476930,212.06,212.08,212.06,212.08,4
1756476935,212.08,212.08,212.0,212.02,48
1756476940,212.0,212.01,212.0,212.01,3
1756476945,212.0,212.0,212.0,212.0,2
1756476950,211.9,211.92,211.9,211.92,11
1756476955,211.94,211.94,211.9,211.9,18
1756476960,211.89,211.89,211.84,211.84,19
1756476965,211.82,211.87,211.82,211.87,10
1756476970,211.87,211.89,211.83,211.88,15
1756476975,211.89,211.9,211.84,211.85,8
1756476980,211.89,211.89,211.87,211.87,5
1756476985,211.87,211.93,211.86,211.9,43
1756476990,211.89,211.9,211.87,211.87,7
1756476995,211.84,211.87,211.84,211.87,9
1756477000,211.89,211.89,211.84,211.84,4
1756477005,211.81,211.82,211.78,211.78,49
1756477010,211.79,211.81,211.75,211.75,35
1756477015,211.76,211.76,211.67,211.71,35
1756477020,211.72,211.89,211.72,211.89,20
1756477025,211.91,211.92,211.88,211.9,43
1756477030,211.9,211.9,211.88,211.9,13
1756477035,211.88,211.98,211.88,211.97,32
1756477040,211.95,212.0,211.95,212.0,10
1756477045,212.0,212.04,212.0,212.0,29
1756477050,212.05,212.05,212.04,212.04,10
1756477055,212.06,212.06,212.05,212.05,3
1756477060,212.06,212.18,212.05,212.18,21
1756477065,212.19,212.21,212.17,212.19,23
1756477070,212.21,212.25,212.21,212.24,8
1756477075,212.28,212.45,212.28,212.36,34
1756477080,212.37,212.37,212.2,212.2,47
1756477085,212.17,212.17,212.13,212.15,14
1756477090,212.11,212.13,212.1,212.12,12
1756477095,212.16,212.16,212.13,212.13,9
1756477100,212.12,212.12,212.12,212.12,1
1756477105,212.16,212.16,212.14,212.15,2
1756477110,212.14,212.17,212.14,212.17,5
1756477115,212.17,212.18,212.16,212.16,2
1756477120,212.14,212.17,212.14,212.17,4
1756477125,212.12,212.13,212.08,212.09,5
1756477130,212.09,212.09,212.07,212.07,19
1756477135,212.03,212.05,211.99,212.01,21
1756477140,212.0,212.0,211.91,211.91,10
1756477145,211.88,211.92,211.86,211.86,7
1756477150,211.88,212.06,211.88,212.02,74
1756477155,212.02,212.02,212.02,212.02,14
1756477160,212.03,212.06,211.98,212.05,20
1756477165,212.08,212.1,212.07,212.1,17
1756477170,212.11,212.11,212.1,212.1,8
1756477175,212.11,212.11,212.01,212.03,35
1756477180,212.08,212.08,212.07,212.08,2
1756477185,212.09,212.1,212.09,212.09,7
1756477190,212.1,212.15,212.1,212.14,18
1756477195,212.14,212.18,212.13,212.17,12
1756477200,212.15,212.23,212.15,212.22,44
1756477205,212.25,212.27,212.25,212.25,4
1756477210,212.28,212.29,212.25,212.25,20
1756477215,212.26,212.29,212.24,212.27,12
1756477220,212.27,212.28,212.26,212.26,8
1756477225,212.27,212.31,212.25,212.3,48
1756477230,212.31,212.33,212.29,212.33,28
1756477235,212.32,212.33,212.29,212.3,20
1756477240,212.29,212.3,212.28,212.3,8
1756477245,212.31,212.32,212.29,212.31,43
1756477250,212.35,212.39,212.35,212.38,19
1756477255,212.37,212.39,212.36,212.36,30
1756477260,212.39,212.39,212.37,212.39,14
1756477265,212.38,212.4,212.37,212.4,4
1756477270,212.42,212.44,212.42,212.42,3
1756477275,212.43,212.44,212.4,212.44,27
1756477280,212.43,212.47,212.43,212.47,19
1756477285,212.46,212.46,212.45,212.46,4
1756477290,212.44,212.5,212.43,212.49,21
1756477295,212.48,212.51,212.48,212.51,12
1756477300,212.51,212.52,212.51,212.51,3
1756477305,212.5,212.51,212.44,212.5,72
1756477310,212.5,212.53,212.5,212.53,10
1756477315,212.53,212.55,212.52,212.52,17
1756477320,212.5,212.51,212.46,212.46,7
1756477325,212.45,212.47,212.44,212.46,9
1756477330,212.47,212.49,212.46,212.49,61
1756477335,212.49,212.5,212.47,212.5,5
1756477340,212.53,212.57,212.53,212.56,36
1756477345,212.54,212.54,212.5,212.53,36
1756477350,212.53,212.65,212.51,212.64,54
1756477355,212.63,212.63,212.57,212.57,16
1756477360,212.53,212.54,212.5,212.51,10
1756477365,212.52,212.56,212.5,212.53,31
1756477370,212.52,212.52,212.51,212.51,2
1756477375,212.51,212.52,212.46,212.46,23
1756477380,212.46,212.54,212.46,212.54,5
1756477385,212.53,212.7,212.53,212.68,17
1756477390,212.68,212.74,212.68,212.74,39
1756477395,212.75,212.75,212.7,212.7,44
1756477400,212.72,212.79,212.71,212.78,6
1756477405,212.79,212.86,212.78,212.83,57
1756477410,212.81,212.84,212.79,212.84,29
1756477415,212.83,212.85,212.79,212.85,20
1756477420,212.84,212.85,212.83,212.84,16
1756477425,212.86,212.9,212.86,212.9,15
1756477430,212.88,212.93,212.84,212.91,38
1756477435,212.91,212.91,212.88,212.88,31
1756477440,212.9,212.93,212.87,212.93,22
1756477445,212.94,212.95,212.91,212.91,46
1756477450,212.93,212.96,212.93,212.96,7
1756477455,212.95,212.98,212.94,212.98,16
1756477460,212.95,212.96,212.9,212.91,12
1756477465,212.96,212.96,212.92,212.93,4
1756477470,212.95,212.96,212.94,212.96,10
1756477475,212.97,212.97,212.96,212.96,22
1756477480,212.97,213.02,212.96,213.01,348
1756477485,213.01,213.01,212.99,212.99,27
1756477490,213.01,213.06,213.0,213.06,20
1756477495,213.06,213.07,213.03,213.05,11
1756477500,213.03,213.09,213.03,213.06,37
1756477505,213.05,213.05,212.96,212.98,80
1756477510,212.95,212.95,212.87,212.91,29
1756477515,212.93,212.93,212.86,212.87,5
1756477520,212.85,212.85,212.76,212.83,40
1756477525,212.81,212.88,212.8,212.88,13
1756477530,212.86,212.9,212.85,212.9,10
1756477535,212.94,212.96,212.88,212.89,30
1756477540,212.84,212.86,212.78,212.78,9
1756477545,212.8,212.83,212.78,212.83,6
1756477550,212.84,212.84,212.72,212.72,10
1756477555,212.72,212.72,212.63,212.63,8
1756477560,212.64,212.64,212.58,212.62,52
1756477565,212.61,212.72,212.61,212.66,95
1756477570,212.65,212.7,212.64,212.67,25
1756477575,212.65,212.67,212.64,212.67,59
1756477580,212.61,212.61,212.53,212.53,16
1756477585,212.57,212.58,212.55,212.58,8
1756477590,212.55,212.56,212.5,212.5,35
1756477595,212.39,212.4,212.3,212.31,30
1756477600,212.31,212.34,212.24,212.24,42
1756477605,212.19,212.25,212.18,212.22,42
1756477610,212.2,212.21,212.15,212.21,16
1756477615,212.2,212.22,212.2,212.22,17
1756477620,212.2,212.3,212.19,212.28,16
1756477625,212.29,212.35,212.28,212.35,11
1756477630,212.34,212.39,212.33,212.33,41
1756477635,212.34,212.38,212.32,212.35,54
1756477640,212.42,212.42,212.39,212.41,39
1756477645,212.42,212.42,212.34,212.36,11
1756477650,212.35,212.47,212.32,212.47,20
1756477655,212.49,212.51,212.46,212.51,8
1756477660,212.52,212.54,212.48,212.48,14
1756477665,212.48,212.48,212.46,212.48,7
1756477670,212.51,212.52,212.5,212.52,5
1756477675,212.52,212.52,212.5,212.5,6
1756477680,212.43,212.44,212.41,212.41,7
1756477685,212.42,212.44,212.42,212.44,4
1756477690,212.54,212.54,212.53,212.53,13
1756477695,212.52,212.52,212.5,212.51,4
1756477700,212.52,212.61,212.51,212.61,8
1756477705,212.6,212.61,212.58,212.58,8
1756477710,212.59,212.6,212.59,212.6,7
1756477715,212.61,212.65,212.61,212.64,20
1756477720,212.63,212.63,212.59,212.59,5
1756477725,212.59,212.64,212.59,212.62,18
1756477730,212.64,212.64,212.59,212.62,55
1756477735,212.62,212.62,212.62,212.62,0
1756477740,212.63,212.64,212.61,212.64,9
1756477745,212.64,212.68,212.63,212.68,12
1756477750,212.66,212.68,212.63,212.63,50
1756477755,212.67,212.69,212.67,212.68,4
1756477760,212.72,212.73,212.7,212.7,8
1756477765,212.78,212.78,212.77,212.78,3
1756477770,212.79,212.8,212.79,212.8,9
1756477775,212.86,212.89,212.86,212.89,7
1756477780,212.91,212.91,212.91,212.91,6
1756477785,212.92,212.92,212.9,212.9,38
1756477790,212.89,212.93,212.89,212.93,5
1756477795,212.93,212.95,212.92,212.95,11
1756477800,212.95,212.95,212.77,212.79,32
1756477805,212.78,212.79,212.72,212.73,7
1756477810,212.71,212.71,212.56,212.57,60
1756477815,212.55,212.56,212.53,212.53,8
1756477820,212.54,212.64,212.54,212.63,28
1756477825,212.62,212.66,212.6,212.66,31
1756477830,212.72,212.72,212.72,212.72,1
1756477835,212.72,212.72,212.68,212.68,22
1756477840,212.68,212.74,212.68,212.74,9
1756477845,212.75,212.86,212.74,212.84,87
1756477850,212.84,212.84,212.8,212.82,17
1756477855,212.82,212.83,212.8,212.81,9
1756477860,212.83,212.86,212.83,212.86,9
1756477865,212.89,212.89,212.88,212.88,12
1756477870,212.85,212.88,212.82,212.83,9
1756477875,212.84,212.87,212.83,212.87,2
1756477880,212.87,212.89,212.87,212.88,14
1756477885,212.89,212.92,212.88,212.92,10
1756477890,212.95,212.95,212.87,212.88,47
1756477895,212.87,212.87,212.82,212.82,9
1756477900,212.85,212.85,212.85,212.85,1
1756477905,212.88,212.95,212.88,212.93,24
1756477910,212.92,212.94,212.92,212.94,7
1756477915,212.93,212.94,212.93,212.94,4
1756477920,212.96,212.97,212.86,212.86,18
1756477925,212.85,212.85,212.81,212.82,7
1756477930,212.8,212.8,212.79,212.8,2
1756477935,212.81,212.81,212.8,212.81,12
1756477940,212.79,212.79,212.73,212.76,12
1756477945,212.76,212.77,212.74,212.76,12
1756477950,212.74,212.76,212.73,212.76,4
1756477955,212.73,212.76,212.73,212.75,6
1756477960,212.75,212.77,212.74,212.75,5
1756477965,212.74,212.74,212.68,212.68,9
1756477970,212.62,212.65,212.62,212.65,18
1756477975,212.65,212.68,212.65,212.67,13
1756477980,212.67,212.67,212.59,212.61,19
1756477985,212.63,212.69,212.62,212.69,8
1756477990,212.71,212.72,212.71,212.71,3
1756477995,212.74,212.74,212.68,212.68,20
1756478000,212.67,212.68,212.64,212.64,8
1756478005,212.62,212.66,212.62,212.64,5
1756478010,212.65,212.65,212.61,212.63,27
1756478015,212.62,212.62,212.6,212.6,6
1756478020,212.59,212.65,212.58,212.62,32
1756478025,212.64,212.69,212.64,212.69,7
1756478030,212.71,212.71,212.66,212.68,25
1756478035,212.66,212.66,212.61,212.63,30
1756478040,212.62,212.62,212.59,212.61,28
1756478045,212.6,212.6,212.56,212.58,17
1756478050,212.57,212.59,212.55,212.58,49
1756478055,212.56,212.6,212.55,212.6,10
1756478060,212.58,212.62,212.57,212.62,63
1756478065,212.63,212.64,212.61,212.61,15
1756478070,212.63,212.65,212.62,212.65,15
1756478075,212.65,212.7,212.64,212.68,23
1756478080,212.66,212.66,212.64,212.64,18
1756478085,212.66,212.68,212.65,212.67,21
1756478090,212.71,212.71,212.65,212.66,15
1756478095,212.68,212.68,212.64,212.67,55
1756478100,212.67,212.69,212.67,212.68,4
1756478105,212.65,212.65,212.63,212.63,11
1756478110,212.63,212.64,212.61,212.64,27
1756478115,212.64,212.65,212.62,212.64,25
1756478120,212.64,212.64,212.6,212.6,36
1756478125,212.57,212.6,212.57,212.59,26
1756478130,212.59,212.59,212.51,212.53,28
1756478135,212.52,212.53,212.52,212.53,4
1756478140,212.51,212.58,212.51,212.58,11
1756478145,212.62,212.62,212.54,212.59,44
1756478150,212.59,212.59,212.56,212.57,15
1756478155,212.56,212.56,212.56,212.56,2
1756478160,212.59,212.59,212.55,212.56,3
1756478165,212.58,212.61,212.58,212.61,7
1756478170,212.61,212.61,212.59,212.6,9
1756478175,212.61,212.65,212.61,212.65,19
1756478180,212.64,212.64,212.56,212.56,23
1756478185,212.57,212.58,212.52,212.56,18
1756478190,212.57,212.62,212.57,212.62,5
1756478195,212.62,212.62,212.6,212.6,2
1756478200,212.6,212.6,212.6,212.6,11
1756478205,212.6,212.63,212.6,212.63,8
1756478210,212.59,212.6,212.59,212.59,1
1756478215,212.6,212.6,212.58,212.59,22
1756478220,212.59,212.6,212.58,212.58,8
1756478225,212.57,212.61,212.57,212.61,7
1756478230,212.63,212.66,212.62,212.63,16
1756478235,212.64,212.64,212.62,212.64,20
1756478240,212.62,212.66,212.62,212.64,10
1756478245,212.63,212.64,212.63,212.63,24
1756478250,212.63,212.67,212.63,212.66,16
1756478255,212.67,212.69,212.65,212.69,23
1756478260,212.7,212.71,212.7,212.71,6
1756478265,212.71,212.71,212.67,212.68,6
1756478270,212.69,212.69,212.67,212.67,2
1756478275,212.7,212.71,212.68,212.7,24
1756478280,212.72,212.72,212.7,212.7,19
1756478285,212.73,212.74,212.72,212.74,16
1756478290,212.74,212.74,212.69,212.69,14
1756478295,212.71,212.76,212.71,212.76,7
1756478300,212.74,212.74,212.74,212.74,1
1756478305,212.73,212.77,212.71,212.76,11
1756478310,212.75,212.79,212.73,212.79,6
1756478315,212.83,212.84,212.79,212.79,20
1756478320,212.83,212.83,212.83,212.83,1
1756478325,212.82,212.83,212.8,212.81,12
1756478330,212.8,212.8,212.77,212.77,44
1756478335,212.76,212.76,212.73,212.74,16
1756478340,212.79,212.84,212.79,212.84,26
1756478345,212.83,212.83,212.81,212.83,5
1756478350,212.84,212.86,212.83,212.85,8
1756478355,212.84,212.85,212.83,212.84,21
1756478360,212.85,212.85,212.81,212.81,10
1756478365,212.82,212.82,212.8,212.81,6
1756478370,212.8,212.8,212.8,212.8,1
1756478375,212.81,212.84,212.81,212.84,5
1756478380,212.83,212.83,212.79,212.81,17
1756478385,212.82,212.83,212.82,212.82,17
1756478390,212.77,212.78,212.75,212.75,18
1756478395,212.75,212.75,212.73,212.75,29
1756478400,212.75,212.75,212.72,212.73,11
1756478405,212.74,212.74,212.72,212.73,9
1756478410,212.72,212.72,212.63,212.63,31
1756478415,212.63,212.65,212.62,212.65,11
1756478420,212.62,212.63,212.6,212.63,12
1756478425,212.59,212.6,212.58,212.59,5
1756478430,212.57,212.65,212.57,212.65,17
1756478435,212.62,212.71,212.61,212.71,10
1756478440,212.72,212.72,212.71,212.72,8
1756478445,212.74,212.77,212.74,212.76,9
1756478450,212.72,212.72,212.71,212.72,3
1756478455,212.72,212.73,212.7,212.7,16
1756478460,212.68,212.69,212.67,212.69,3
1756478465,212.68,212.68,212.64,212.68,7
1756478470,212.71,212.72,212.69,212.72,15
1756478475,212.7,212.7,212.66,212.66,13
1756478480,212.66,212.69,212.63,212.69,8
1756478485,212.72,212.72,212.68,212.69,11
1756478490,212.69,212.69,212.68,212.69,0
1756478495,212.7,212.7,212.7,212.7,1
1756478500,212.7,212.71,212.67,212.71,19
1756478505,212.71,212.75,212.7,212.73,17
1756478510,212.73,212.73,212.66,212.68,60
1756478515,212.68,212.68,212.61,212.61,12
1756478520,212.61,212.72,212.61,212.72,14
1756478525,212.72,212.72,212.69,212.69,3
1756478530,212.72,212.72,212.7,212.7,10
1756478535,212.71,212.74,212.71,212.74,4
1756478540,212.76,212.78,212.76,212.78,2
1756478545,212.77,212.77,212.75,212.76,17
1756478550,212.76,212.76,212.76,212.76,0
1756478555,212.77,212.77,212.76,212.77,7
1756478560,212.77,212.87,212.77,212.87,19
1756478565,212.87,212.89,212.86,212.89,8
1756478570,212.9,212.91,212.9,212.91,20
1756478575,212.91,212.91,212.88,212.91,22
1756478580,212.91,212.91,212.89,212.89,9
1756478585,212.89,212.89,212.8,212.82,12
1756478590,212.81,212.85,212.81,212.84,22
1756478595,212.83,212.88,212.82,212.88,5
1756478600,212.83,212.84,212.8,212.82,15
1756478605,212.84,212.84,212.84,212.84,1
1756478610,212.86,212.87,212.85,212.87,12
1756478615,212.93,212.93,212.89,212.89,9
1756478620,212.9,212.92,212.87,212.9,26
1756478625,212.89,212.89,212.87,212.87,3
1756478630,212.86,212.86,212.86,212.86,5
1756478635,212.86,212.9,212.85,212.87,21
1756478640,212.87,212.89,212.86,212.89,10
1756478645,212.89,212.89,212.85,212.85,12
1756478650,212.85,212.86,212.83,212.83,10
1756478655,212.83,212.83,212.83,212.83,1
1756478660,212.83,212.84,212.83,212.83,1
1756478665,212.83,212.84,212.79,212.79,10
1756478670,212.8,212.8,212.78,212.8,9
1756478675,212.81,212.81,212.79,212.8,13
1756478680,212.79,212.8,212.77,212.79,22
1756478685,212.72,212.75,212.72,212.75,3
1756478690,212.74,212.74,212.73,212.73,9
1756478695,212.74,212.75,212.73,212.75,11
1756478700,212.73,212.74,212.68,212.7,21
1756478705,212.72,212.72,212.66,212.67,12
1756478710,212.66,212.66,212.59,212.59,7
1756478715,212.6,212.69,212.6,212.68,59
1756478720,212.64,212.65,212.61,212.65,13
1756478725,212.61,212.61,212.61,212.61,7
1756478730,212.63,212.67,212.61,212.61,3
1756478735,212.61,212.66,212.61,212.64,11
1756478740,212.66,212.66,212.61,212.61,7
1756478745,212.61,212.64,212.61,212.62,4
1756478750,212.61,212.62,212.59,212.59,7
1756478755,212.59,212.59,212.59,212.59,1
1756478760,212.56,212.57,212.56,212.56,6
1756478765,212.55,212.56,212.42,212.44,26
1756478770,212.45,212.52,212.45,212.52,21
1756478775,212.54,212.58,212.54,212.55,17
1756478780,212.55,212.57,212.55,212.57,15
1756478785,212.55,212.56,212.53,212.53,5
1756478790,212.51,212.52,212.49,212.5,29
1756478795,212.51,212.57,212.51,212.56,9
1756478800,212.58,212.62,212.58,212.62,6
1756478805,212.56,212.56,212.56,212.56,9
1756478810,212.59,212.59,212.59,212.59,2
1756478815,212.58,212.62,212.58,212.62,3
1756478820,212.59,212.61,212.59,212.61,5
1756478825,212.61,212.61,212.6,212.61,0
1756478830,212.55,212.58,212.54,212.56,16
1756478835,212.58,212.59,212.53,212.56,27
1756478840,212.54,212.56,212.5,212.5,77
1756478845,212.51,212.54,212.49,212.52,18
1756478850,212.49,212.56,212.49,212.56,11
1756478855,212.54,212.57,212.54,212.55,29
1756478860,212.54,212.57,212.53,212.56,25
1756478865,212.57,212.59,212.55,212.56,14
1756478870,212.56,212.56,212.53,212.53,6
1756478875,212.53,212.53,212.49,212.49,22
1756478880,212.5,212.51,212.49,212.51,20
1756478885,212.52,212.58,212.52,212.57,7
1756478890,212.5,212.5,212.49,212.5,6
1756478895,212.49,212.5,212.48,212.5,8
1756478900,212.49,212.49,212.48,212.48,17
1756478905,212.47,212.48,212.44,212.44,13
1756478910,212.44,212.45,212.43,212.45,4
1756478915,212.43,212.43,212.41,212.43,22
1756478920,212.44,212.44,212.43,212.44,27
1756478925,212.45,212.45,212.44,212.44,3
1756478930,212.46,212.48,212.46,212.47,3
1756478935,212.44,212.46,212.43,212.44,12
1756478940,212.44,212.5,212.44,212.49,15
1756478945,212.47,212.47,212.44,212.44,16
1756478950,212.44,212.47,212.44,212.47,39
1756478955,212.47,212.47,212.46,212.47,0
1756478960,212.42,212.42,212.39,212.4,12
1756478965,212.43,212.44,212.41,212.41,34
1756478970,212.4,212.41,212.37,212.39,63
1756478975,212.39,212.39,212.38,212.38,5
1756478980,212.37,212.38,212.35,212.35,11
1756478985,212.35,212.35,212.33,212.33,7
1756478990,212.32,212.33,212.3,212.31,22
1756478995,212.3,212.31,212.29,212.3,10
1756479000,212.32,212.35,212.32,212.32,5
1756479005,212.3,212.32,212.27,212.27,24
1756479010,212.26,212.27,212.24,212.27,52
1756479015,212.22,212.24,212.22,212.24,3
1756479020,212.24,212.26,212.23,212.26,7
1756479025,212.27,212.27,212.21,212.26,18
1756479030,212.27,212.27,212.26,212.27,4
1756479035,212.24,212.24,212.2,212.2,27
1756479040,212.2,212.2,212.15,212.16,21
1756479045,212.16,212.16,212.13,212.16,6
1756479050,212.13,212.13,212.12,212.12,2
1756479055,212.11,212.12,212.04,212.06,17
1756479060,212.03,212.1,212.03,212.09,12
1756479065,212.11,212.12,212.06,212.06,32
1756479070,212.08,212.09,212.04,212.08,23
1756479075,212.08,212.15,212.08,212.14,5
1756479080,212.15,212.17,212.14,212.17,9
1756479085,212.16,212.17,212.16,212.17,2
1756479090,212.16,212.2,212.14,212.14,61
1756479095,212.12,212.13,212.1,212.1,7
1756479100,212.1,212.12,212.09,212.12,7
1756479105,212.12,212.12,212.07,212.07,13
1756479110,212.08,212.11,212.07,212.11,9
1756479115,212.12,212.13,212.12,212.13,7
1756479120,212.11,212.19,212.11,212.19,10
1756479125,212.18,212.19,212.17,212.18,7
1756479130,212.19,212.21,212.19,212.21,5
1756479135,212.17,212.17,212.13,212.13,11
1756479140,212.12,212.13,212.08,212.08,6
1756479145,212.06,212.07,211.97,211.98,86
1756479150,211.96,211.99,211.96,211.99,6
1756479155,211.98,211.98,211.95,211.97,10
1756479160,211.98,212.04,211.98,212.0,34
1756479165,212.04,212.04,212.04,212.04,1
1756479170,212.02,212.02,211.96,211.99,63
1756479175,211.98,211.98,211.97,211.97,2
1756479180,211.97,212.02,211.96,212.02,6
1756479185,212.02,212.05,212.01,212.03,16
1756479190,212.04,212.06,212.03,212.06,16
1756479195,212.08,212.08,212.05,212.05,5
1756479200,212.07,212.07,212.04,212.04,4
1756479205,212.03,212.05,212.03,212.05,9
1756479210,212.05,212.05,212.05,212.05,0
1756479215,212.06,212.09,212.05,212.09,51
1756479220,212.13,212.15,212.11,212.13,25
1756479225,212.13,212.16,212.13,212.14,13
1756479230,212.13,212.13,212.13,212.13,1
1756479235,212.13,212.13,212.12,212.12,7
1756479240,212.11,212.11,212.07,212.08,19
1756479245,212.02,212.06,212.02,212.06,6
1756479250,212.1,212.11,212.09,212.11,7
1756479255,212.11,212.12,212.1,212.1,28
1756479260,212.1,212.1,212.09,212.09,3
1756479265,212.12,212.15,212.11,212.15,17
1756479270,212.14,212.21,212.14,212.21,63
1756479275,212.17,212.24,212.17,212.23,55
1756479280,212.24,212.25,212.22,212.25,17
1756479285,212.24,212.24,212.22,212.22,61
1756479290,212.23,212.25,212.22,212.22,11
1756479295,212.25,212.26,212.24,212.25,3
1756479300,212.26,212.28,212.21,212.21,51
1756479305,212.22,212.22,212.17,212.18,46
1756479310,212.17,212.19,212.17,212.19,6
1756479315,212.17,212.17,212.17,212.17,4
1756479320,212.21,212.28,212.19,212.26,63
1756479325,212.24,212.26,212.23,212.26,64
1756479330,212.26,212.31,212.24,212.26,36
1756479335,212.22,212.22,212.18,212.21,31
1756479340,212.22,212.26,212.22,212.22,48
1756479345,212.22,212.22,212.22,212.22,0
1756479350,212.21,212.22,212.18,212.22,40
1756479355,212.22,212.27,212.22,212.24,16
1756479360,212.28,212.3,212.28,212.28,6
1756479365,212.25,212.25,212.22,212.22,15
1756479370,212.26,212.28,212.26,212.28,2
1756479375,212.28,212.29,212.27,212.29,3
1756479380,212.3,212.3,212.28,212.28,3
1756479385,212.32,212.32,212.22,212.22,15
1756479390,212.24,212.24,212.19,212.19,14
1756479395,212.21,212.21,212.2,212.21,2
1756479400,212.21,212.21,212.14,212.16,10
1756479405,212.15,212.15,212.13,212.14,16
1756479410,212.14,212.18,212.12,212.15,8
1756479415,212.16,212.16,212.11,212.15,16
1756479420,212.16,212.16,212.16,212.16,2
1756479425,212.17,212.2,212.15,212.15,19
1756479430,212.18,212.18,212.16,212.16,4
1756479435,212.16,212.21,212.16,212.18,14
1756479440,212.16,212.16,212.14,212.14,18
1756479445,212.13,212.13,212.12,212.12,2
1756479450,212.1,212.14,212.1,212.14,4
1756479455,212.16,212.18,212.14,212.15,40
1756479460,212.14,212.14,212.02,212.02,19
1756479465,212.02,212.08,212.01,212.05,18
1756479470,212.01,212.03,212.01,212.03,6
1756479475,212.03,212.03,212.02,212.03,4
1756479480,212.04,212.05,212.04,212.05,10
1756479485,212.06,212.07,212.04,212.05,3
1756479490,212.07,212.07,212.06,212.06,2
1756479495,212.05,212.06,212.01,212.02,6
1756479500,212.01,212.08,212.01,212.08,11
1756479505,212.1,212.1,212.07,212.09,6
1756479510,212.1,212.1,212.08,212.08,7
1756479515,212.05,212.06,211.95,211.96,31
1756479520,211.96,211.96,211.94,211.94,6
1756479525,211.95,211.95,211.94,211.94,4
1756479530,211.95,211.96,211.94,211.94,14
1756479535,211.94,211.96,211.86,211.88,42
1756479540,211.9,211.91,211.9,211.91,5
1756479545,211.91,211.91,211.91,211.91,1
1756479550,211.92,211.93,211.87,211.88,45
1756479555,211.89,211.91,211.87,211.91,26
1756479560,211.89,211.95,211.89,211.95,6
1756479565,211.96,211.98,211.96,211.97,19
1756479570,211.99,211.99,211.99,211.99,1
1756479575,211.98,211.99,211.97,211.97,23
1756479580,211.96,211.97,211.95,211.97,17
1756479585,211.98,212.06,211.98,212.0,26
1756479590,212.01,212.03,212.01,212.03,32
1756479595,212.03,212.04,212.03,212.04,6
1756479600,212.04,212.05,212.02,212.05,13
1756479605,212.07,212.1,212.07,212.07,7
1756479610,212.06,212.07,212.01,212.02,21
1756479615,212.06,212.06,212.06,212.06,2
1756479620,212.09,212.1,212.09,212.1,7
1756479625,212.09,212.1,212.05,212.06,16
1756479630,212.08,212.09,212.08,212.09,7
1756479635,212.09,212.11,212.08,212.11,9
1756479640,212.1,212.1,212.08,212.09,3
1756479645,212.09,212.12,212.08,212.12,9
1756479650,212.15,212.15,212.12,212.13,19
1756479655,212.19,212.2,212.14,212.16,20
1756479660,212.17,212.17,212.17,212.17,1
1756479665,212.17,212.22,212.16,212.2,22
1756479670,212.2,212.2,212.14,212.17,8
1756479675,212.17,212.17,212.17,212.17,0
1756479680,212.18,212.18,212.16,212.17,7
1756479685,212.16,212.18,212.15,212.16,21
1756479690,212.15,212.15,212.04,212.05,10
1756479695,212.09,212.09,212.06,212.07,7
1756479700,212.04,212.06,212.04,212.06,2
1756479705,212.07,212.13,212.07,212.13,12
1756479710,212.13,212.13,212.09,212.09,11
1756479715,212.14,212.14,212.13,212.14,2
1756479720,212.16,212.21,212.16,212.21,4
1756479725,212.2,212.2,212.18,212.19,6
1756479730,212.17,212.17,212.16,212.17,4
1756479735,212.22,212.22,212.21,212.22,4
1756479740,212.2,212.25,212.19,212.25,18
1756479745,212.27,212.27,212.27,212.27,1
1756479750,212.26,212.27,212.24,212.25,11
1756479755,212.28,212.34,212.28,212.34,4
1756479760,212.3,212.31,212.28,212.28,26
1756479765,212.28,212.32,212.28,212.28,23
1756479770,212.28,212.32,212.28,212.3,27
1756479775,212.29,212.3,212.29,212.3,14
1756479780,212.31,212.35,212.31,212.35,18
1756479785,212.34,212.34,212.32,212.33,4
1756479790,212.32,212.32,212.29,212.3,13
1756479795,212.28,212.31,212.28,212.31,12
1756479800,212.34,212.34,212.34,212.34,3
1756479805,212.35,212.35,212.32,212.33,7
1756479810,212.28,212.29,212.28,212.29,2
1756479815,212.27,212.27,212.25,212.25,4
1756479820,212.25,212.25,212.25,212.25,2
1756479825,212.24,212.24,212.24,212.24,3
1756479830,212.23,212.24,212.2,212.24,15
1756479835,212.25,212.25,212.25,212.25,1
1756479840,212.25,212.26,212.23,212.24,20
1756479845,212.24,212.24,212.24,212.24,1
1756479850,212.25,212.25,212.25,212.25,1
1756479855,212.24,212.24,212.23,212.23,2
1756479860,212.23,212.23,212.21,212.23,9
1756479865,212.23,212.23,212.22,212.22,6
1756479870,212.21,212.23,212.21,212.22,3
1756479875,212.22,212.22,212.22,212.22,1
1756479880,212.24,212.27,212.24,212.27,3
1756479885,212.3,212.3,212.28,212.3,10
1756479890,212.32,212.34,212.32,212.34,4
1756479895,212.31,212.32,212.3,212.31,17
1756479900,212.29,212.3,212.24,212.25,7
1756479905,212.23,212.24,212.23,212.24,9
1756479910,212.25,212.3,212.25,212.3,10
1756479915,212.27,212.32,212.26,212.3,9
1756479920,212.28,212.29,212.25,212.28,20
1756479925,212.26,212.27,212.23,212.26,7
1756479930,212.3,212.3,212.25,212.26,19
1756479935,212.26,212.26,212.22,212.23,7
1756479940,212.22,212.24,212.22,212.24,4
1756479945,212.23,212.27,212.23,212.26,22
1756479950,212.26,212.26,212.26,212.26,0
1756479955,212.28,212.28,212.27,212.28,9
1756479960,212.29,212.3,212.29,212.3,3
1756479965,212.31,212.33,212.3,212.33,17
1756479970,212.3,212.31,212.26,212.26,15
1756479975,212.25,212.26,212.25,212.26,6
1756479980,212.26,212.26,212.26,212.26,1
1756479985,212.25,212.25,212.24,212.24,10
1756479990,212.24,212.24,212.21,212.21,20
1756479995,212.21,212.22,212.18,212.19,8
1756480000,212.19,212.23,212.19,212.23,32
1756480005,212.23,212.23,212.21,212.22,6
1756480010,212.22,212.27,212.22,212.27,9
1756480015,212.28,212.28,212.28,212.28,1
1756480020,212.27,212.27,212.25,212.25,15
1756480025,212.25,212.28,212.25,212.28,9
1756480030,212.27,212.3,212.26,212.3,9
1756480035,212.3,212.32,212.3,212.32,6
1756480040,212.31,212.31,212.3,212.3,13
1756480045,212.3,212.3,212.29,212.29,8
1756480050,212.29,212.34,212.29,212.34,11
1756480055,212.33,212.34,212.33,212.34,11
1756480060,212.32,212.32,212.29,212.3,8
1756480065,212.32,212.37,212.32,212.37,17
1756480070,212.37,212.37,212.36,212.36,2
1756480075,212.36,212.36,212.36,212.36,0
1756480080,212.37,212.37,212.36,212.36,5
1756480085,212.37,212.37,212.36,212.37,5
1756480090,212.39,212.45,212.39,212.43,41
1756480095,212.43,212.43,212.4,212.42,13
1756480100,212.41,212.42,212.4,212.42,7
1756480105,212.43,212.43,212.41,212.41,4
1756480110,212.4,212.41,212.4,212.4,7
1756480115,212.42,212.43,212.42,212.42,3
1756480120,212.42,212.43,212.4,212.4,12
1756480125,212.39,212.41,212.39,212.41,3
1756480130,212.42,212.42,212.41,212.42,4
1756480135,212.4,212.4,212.36,212.38,16
1756480140,212.37,212.38,212.37,212.37,5
1756480145,212.37,212.38,212.35,212.35,7
1756480150,212.34,212.34,212.33,212.34,10
1756480155,212.36,212.4,212.36,212.4,7
1756480160,212.41,212.42,212.39,212.39,21
1756480165,212.39,212.39,212.39,212.39,7
1756480170,212.39,212.4,212.38,212.4,14
1756480175,212.4,212.4,212.39,212.39,6
1756480180,212.39,212.42,212.38,212.41,28
1756480185,212.41,212.41,212.39,212.4,5
1756480190,212.42,212.42,212.39,212.39,12
1756480195,212.39,212.39,212.38,212.38,5
1756480200,212.38,212.4,212.36,212.4,6
1756480205,212.4,212.4,212.4,212.4,0
1756480210,212.38,212.4,212.38,212.39,39
1756480215,212.37,212.39,212.37,212.39,4
1756480220,212.39,212.42,212.37,212.42,16
1756480225,212.41,212.41,212.41,212.41,2
1756480230,212.39,212.4,212.37,212.38,21
1756480235,212.39,212.43,212.39,212.43,14
1756480240,212.43,212.47,212.42,212.44,84
1756480245,212.44,212.46,212.44,212.46,31
1756480250,212.46,212.46,212.45,212.46,1
1756480255,212.45,212.47,212.36,212.37,126
1756480260,212.35,212.35,212.3,212.31,13
1756480265,212.31,212.32,212.25,212.25,20
1756480270,212.25,212.26,212.25,212.25,16
1756480275,212.27,212.28,212.26,212.26,28
1756480280,212.27,212.28,212.26,212.27,36
1756480285,212.27,212.29,212.27,212.28,82
1756480290,212.29,212.32,212.29,212.3,22
1756480295,212.29,212.3,212.28,212.28,29
1756480300,212.28,212.28,212.25,212.25,5
1756480305,212.25,212.27,212.23,212.25,7
1756480310,212.24,212.25,212.24,212.25,2
1756480315,212.24,212.24,212.18,212.19,14
1756480320,212.2,212.23,212.19,212.21,29
1756480325,212.22,212.24,212.18,212.18,39
1756480330,212.17,212.2,212.06,212.09,268
1756480335,212.09,212.2,212.09,212.19,29
1756480340,212.2,212.21,212.18,212.21,13
1756480345,212.23,212.25,212.21,212.24,22
1756480350,212.22,212.26,212.21,212.24,34
1756480355,212.26,212.28,212.25,212.28,48
1756480360,212.27,212.32,212.27,212.31,34
1756480365,212.31,212.33,212.3,212.32,13
1756480370,212.31,212.33,212.31,212.33,12
1756480375,212.33,212.35,212.31,212.35,34
1756480380,212.34,212.36,212.33,212.33,21
1756480385,212.31,212.31,212.26,212.27,9
1756480390,212.3,212.3,212.3,212.3,1
1756480395,212.31,212.31,212.31,212.31,5
1756480400,212.29,212.32,212.28,212.31,33
1756480405,212.29,212.32,212.28,212.31,28
1756480410,212.32,212.33,212.32,212.33,6
1756480415,212.34,212.4,212.34,212.38,26
1756480420,212.38,212.38,212.32,212.36,24
1756480425,212.37,212.38,212.35,212.37,67
1756480430,212.36,212.36,212.29,212.29,14
1756480435,212.29,212.3,212.29,212.29,0
1756480440,212.31,212.31,212.29,212.29,3
1756480445,212.28,212.29,212.28,212.28,7
1756480450,212.28,212.3,212.26,212.27,51
1756480455,212.26,212.26,212.25,212.26,43
1756480460,212.26,212.26,212.26,212.26,0
1756480465,212.28,212.28,212.26,212.27,7
1756480470,212.27,212.27,212.24,212.25,11
1756480475,212.24,212.25,212.24,212.25,7
1756480480,212.27,212.27,212.24,212.25,20
1756480485,212.25,212.26,212.24,212.26,15
1756480490,212.26,212.26,212.26,212.26,7
1756480495,212.26,212.26,212.26,212.26,1
1756480500,212.28,212.28,212.25,212.26,36
1756480505,212.25,212.25,212.24,212.24,5
1756480510,212.24,212.24,212.24,212.24,0
1756480515,212.26,212.27,212.26,212.26,9
1756480520,212.27,212.29,212.25,212.29,15
1756480525,212.29,212.31,212.29,212.29,11
1756480530,212.3,212.34,212.3,212.33,8
1756480535,212.35,212.35,212.35,212.35,3
1756480540,212.35,212.35,212.33,212.34,13
1756480545,212.35,212.36,212.35,212.36,8
1756480550,212.37,212.37,212.37,212.37,4
1756480555,212.38,212.41,212.38,212.41,28
1756480560,212.42,212.43,212.41,212.41,4
1756480565,212.44,212.45,212.44,212.45,14
1756480570,212.43,212.48,212.43,212.48,43
1756480575,212.48,212.48,212.46,212.47,4
1756480580,212.47,212.48,212.46,212.47,38
1756480585,212.47,212.47,212.41,212.43,33
1756480590,212.43,212.44,212.42,212.43,12
1756480595,212.44,212.44,212.39,212.41,19
1756480600,212.41,212.41,212.4,212.41,0
1756480605,212.42,212.43,212.37,212.38,40
1756480610,212.38,212.38,212.34,212.36,14
1756480615,212.37,212.37,212.34,212.36,14
1756480620,212.4,212.4,212.4,212.4,1
1756480625,212.41,212.41,212.4,212.4,13
1756480630,212.44,212.49,212.44,212.49,12
1756480635,212.49,212.49,212.46,212.47,8
1756480640,212.5,212.52,212.49,212.51,43
1756480645,212.49,212.5,212.49,212.5,4
1756480650,212.48,212.48,212.47,212.48,4
1756480655,212.5,212.5,212.48,212.48,5
1756480660,212.47,212.48,212.42,212.44,33
1756480665,212.44,212.44,212.42,212.43,4
1756480670,212.43,212.43,212.41,212.43,7
1756480675,212.43,212.43,212.43,212.43,0
1756480680,212.45,212.46,212.44,212.46,9
1756480685,212.46,212.47,212.44,212.45,38
1756480690,212.46,212.46,212.41,212.42,6
1756480695,212.42,212.42,212.4,212.41,11
1756480700,212.4,212.4,212.4,212.4,6
1756480705,212.4,212.4,212.38,212.39,4
1756480710,212.36,212.38,212.35,212.38,9
1756480715,212.37,212.39,212.37,212.39,7
1756480720,212.38,212.39,212.36,212.39,20
1756480725,212.39,212.41,212.35,212.4,18
1756480730,212.38,212.38,212.36,212.38,3
1756480735,212.38,212.38,212.37,212.37,4
1756480740,212.38,212.39,212.35,212.39,8
1756480745,212.39,212.43,212.39,212.42,31
1756480750,212.41,212.41,212.36,212.39,21
1756480755,212.39,212.42,212.38,212.42,9
1756480760,212.45,212.45,212.4,212.4,40
1756480765,212.4,212.42,212.39,212.41,3
1756480770,212.4,212.41,212.4,212.4,5
1756480775,212.4,212.4,212.4,212.4,0
1756480780,212.41,212.42,212.4,212.41,6
1756480785,212.46,212.48,212.46,212.48,11
1756480790,212.48,212.48,212.48,212.48,0
1756480795,212.48,212.48,212.43,212.43,24
1756480800,212.41,212.44,212.41,212.44,21
1756480805,212.46,212.48,212.45,212.45,7
1756480810,212.45,212.46,212.45,212.45,12
1756480815,212.42,212.43,212.36,212.36,54
1756480820,212.35,212.37,212.35,212.37,15
1756480825,212.39,212.39,212.38,212.39,3
1756480830,212.4,212.4,212.37,212.38,11
1756480835,212.4,212.4,212.37,212.4,12
1756480840,212.4,212.41,212.39,212.41,5
1756480845,212.43,212.48,212.43,212.48,38
1756480850,212.48,212.49,212.47,212.49,8
1756480855,212.5,212.5,212.47,212.48,12
1756480860,212.47,212.48,212.44,212.45,21
1756480865,212.48,212.49,212.4,212.4,36
1756480870,212.41,212.43,212.41,212.42,12
1756480875,212.4,212.43,212.4,212.43,4
1756480880,212.37,212.37,212.37,212.37,2
1756480885,212.42,212.42,212.4,212.4,2
1756480890,212.39,212.39,212.36,212.36,7
1756480895,212.36,212.37,212.35,212.37,18
1756480900,212.34,212.38,212.34,212.37,21
1756480905,212.38,212.38,212.37,212.38,5
1756480910,212.39,212.45,212.39,212.45,5
1756480915,212.46,212.46,212.46,212.46,2
1756480920,212.46,212.47,212.4,212.46,29
1756480925,212.46,212.48,212.46,212.48,3
1756480930,212.48,212.54,212.48,212.54,17
1756480935,212.53,212.55,212.53,212.55,15
1756480940,212.56,212.57,212.54,212.54,5
1756480945,212.52,212.53,212.52,212.53,9
1756480950,212.51,212.53,212.51,212.52,9
1756480955,212.54,212.59,212.54,212.59,9
1756480960,212.59,212.59,212.55,212.56,135
1756480965,212.56,212.6,212.55,212.6,15
1756480970,212.61,212.61,212.6,212.6,6
1756480975,212.61,212.62,212.6,212.62,21
1756480980,212.59,212.62,212.59,212.62,40
1756480985,212.63,212.63,212.62,212.63,4
1756480990,212.63,212.64,212.62,212.62,10
1756480995,212.63,212.64,212.62,212.64,10
1756481000,212.64,212.67,212.64,212.66,47
1756481005,212.67,212.67,212.64,212.65,16
1756481010,212.68,212.68,212.63,212.66,38
1756481015,212.66,212.66,212.65,212.65,24
1756481020,212.64,212.64,212.6,212.6,6
1756481025,212.62,212.62,212.58,212.59,14
1756481030,212.58,212.59,212.57,212.58,8
1756481035,212.58,212.58,212.57,212.58,0
1756481040,212.58,212.6,212.57,212.58,37
1756481045,212.58,212.58,212.56,212.56,11
1756481050,212.56,212.56,212.56,212.56,3
1756481055,212.58,212.59,212.58,212.59,3
1756481060,212.59,212.59,212.59,212.59,0
1756481065,212.59,212.61,212.58,212.59,13
1756481070,212.58,212.59,212.57,212.57,7
1756481075,212.59,212.61,212.59,212.6,15
1756481080,212.6,212.6,212.57,212.59,8
1756481085,212.58,212.58,212.58,212.58,1
1756481090,212.57,212.58,212.57,212.58,23
1756481095,212.58,212.59,212.57,212.58,26
1756481100,212.58,212.58,212.57,212.58,0
1756481105,212.58,212.58,212.57,212.58,1
1756481110,212.58,212.58,212.57,212.58,32
1756481115,212.57,212.58,212.56,212.58,16
1756481120,212.57,212.58,212.57,212.58,24
1756481125,212.56,212.56,212.52,212.55,23
1756481130,212.55,212.55,212.55,212.55,1
1756481135,212.56,212.57,212.55,212.57,19
1756481140,212.57,212.57,212.57,212.57,0
1756481145,212.59,212.63,212.59,212.62,17
1756481150,212.64,212.64,212.63,212.64,10
1756481155,212.63,212.65,212.62,212.64,6
1756481160,212.65,212.67,212.65,212.67,12
1756481165,212.65,212.67,212.63,212.63,24
1756481170,212.65,212.66,212.63,212.66,9
1756481175,212.66,212.66,212.63,212.63,4
1756481180,212.65,212.65,212.64,212.65,1
1756481185,212.64,212.66,212.64,212.65,3
1756481190,212.65,212.65,212.64,212.65,8
1756481195,212.65,212.65,212.65,212.65,0
1756481200,212.66,212.7,212.66,212.7,18
1756481205,212.69,212.7,212.68,212.68,36
1756481210,212.68,212.69,212.68,212.68,7
1756481215,212.67,212.68,212.67,212.67,1
1756481220,212.67,212.68,212.66,212.67,21
1756481225,212.67,212.67,212.64,212.65,5
1756481230,212.66,212.66,212.61,212.64,19
1756481235,212.64,212.64,212.64,212.64,0
1756481240,212.62,212.62,212.62,212.62,3
1756481245,212.63,212.64,212.58,212.64,175
1756481250,212.65,212.65,212.62,212.63,3
1756481255,212.64,212.66,212.64,212.66,10
1756481260,212.67,212.67,212.67,212.67,3
1756481265,212.66,212.67,212.6,212.62,128
1756481270,212.62,212.62,212.62,212.62,6
1756481275,212.62,212.62,212.62,212.62,0
1756481280,212.62,212.63,212.62,212.63,3
1756481285,212.62,212.64,212.62,212.63,6
1756481290,212.63,212.63,212.61,212.61,2
1756481295,212.61,212.61,212.57,212.57,5
1756481300,212.59,212.62,212.59,212.61,43
1756481305,212.61,212.62,212.57,212.57,6
1756481310,212.55,212.55,212.53,212.54,22
1756481315,212.53,212.54,212.53,212.53,5
1756481320,212.55,212.59,212.55,212.58,12
1756481325,212.58,212.59,212.58,212.59,2
1756481330,212.58,212.58,212.57,212.57,3
1756481335,212.55,212.56,212.51,212.52,26
1756481340,212.52,212.54,212.51,212.54,7
1756481345,212.53,212.54,212.51,212.54,31
1756481350,212.54,212.57,212.54,212.57,8
1756481355,212.57,212.57,212.57,212.57,1
1756481360,212.56,212.58,212.56,212.57,58
1756481365,212.54,212.54,212.51,212.53,11
1756481370,212.52,212.53,212.52,212.53,6
1756481375,212.52,212.53,212.49,212.51,95
1756481380,212.52,212.54,212.52,212.54,12
1756481385,212.55,212.58,212.55,212.56,10
1756481390,212.57,212.57,212.55,212.56,25
1756481395,212.56,212.56,212.55,212.56,38
1756481400,212.57,212.6,212.55,212.57,37
1756481405,212.59,212.59,212.57,212.59,3
1756481410,212.59,212.59,212.59,212.59,2
1756481415,212.6,212.63,212.6,212.63,10
1756481420,212.63,212.64,212.61,212.63,37
1756481425,212.65,212.66,212.59,212.59,35
1756481430,212.56,212.56,212.54,212.56,9
1756481435,212.57,212.57,212.54,212.54,42
1756481440,212.54,212.54,212.54,212.54,1
1756481445,212.51,212.52,212.5,212.52,7
1756481450,212.51,212.51,212.48,212.51,13
1756481455,212.5,212.5,212.5,212.5,5
1756481460,212.5,212.55,212.49,212.53,22
1756481465,212.54,212.56,212.52,212.56,41
1756481470,212.56,212.56,212.53,212.54,5
1756481475,212.53,212.53,212.52,212.53,1
1756481480,212.54,212.54,212.52,212.53,20
1756481485,212.54,212.55,212.53,212.53,20
1756481490,212.53,212.56,212.53,212.56,5
1756481495,212.56,212.57,212.54,212.54,4
1756481500,212.55,212.57,212.51,212.51,36
1756481505,212.53,212.53,212.53,212.53,3
1756481510,212.47,212.49,212.47,212.48,13
1756481515,212.47,212.47,212.43,212.43,7
1756481520,212.44,212.45,212.42,212.45,19
1756481525,212.45,212.52,212.44,212.52,13
1756481530,212.54,212.55,212.53,212.55,14
1756481535,212.56,212.57,212.55,212.57,14
1756481540,212.58,212.58,212.54,212.55,14
1756481545,212.57,212.58,212.55,212.58,57
1756481550,212.61,212.62,212.6,212.62,3
1756481555,212.64,212.65,212.63,212.64,21
1756481560,212.63,212.63,212.61,212.61,8
1756481565,212.61,212.63,212.6,212.61,13
1756481570,212.61,212.61,212.61,212.61,10
1756481575,212.61,212.61,212.59,212.6,6
1756481580,212.6,212.61,212.6,212.61,7
1756481585,212.63,212.63,212.62,212.62,2
1756481590,212.64,212.67,212.64,212.67,16
1756481595,212.68,212.69,212.63,212.63,35
1756481600,212.59,212.62,212.59,212.62,49
1756481605,212.65,212.66,212.65,212.66,28
1756481610,212.65,212.65,212.64,212.65,51
1756481615,212.67,212.67,212.66,212.67,6
1756481620,212.68,212.69,212.68,212.68,9
1756481625,212.69,212.71,212.69,212.71,7
1756481630,212.72,212.73,212.72,212.72,5
1756481635,212.73,212.75,212.73,212.75,18
1756481640,212.75,212.75,212.72,212.73,27
1756481645,212.76,212.77,212.76,212.77,11
1756481650,212.77,212.85,212.77,212.85,50
1756481655,212.83,212.85,212.82,212.84,7
1756481660,212.84,212.86,212.84,212.86,3
1756481665,212.84,212.86,212.83,212.84,17
1756481670,212.83,212.84,212.83,212.84,15
1756481675,212.84,212.85,212.83,212.85,3
1756481680,212.84,212.84,212.78,212.81,12
1756481685,212.76,212.8,212.76,212.77,26
1756481690,212.77,212.77,212.76,212.77,0
1756481695,212.8,212.83,212.8,212.81,29
1756481700,212.81,212.81,212.8,212.81,14
1756481705,212.8,212.81,212.79,212.79,56
1756481710,212.78,212.82,212.75,212.78,32
1756481715,212.73,212.76,212.73,212.75,5
1756481720,212.78,212.78,212.75,212.76,8
1756481725,212.76,212.77,212.72,212.72,20
1756481730,212.72,212.76,212.71,212.75,42
1756481735,212.73,212.74,212.7,212.7,18
1756481740,212.7,212.72,212.7,212.72,26
1756481745,212.72,212.74,212.69,212.74,33
1756481750,212.76,212.76,212.7,212.7,10
1756481755,212.7,212.73,212.69,212.73,18
1756481760,212.73,212.75,212.72,212.73,29
1756481765,212.72,212.72,212.66,212.66,36
1756481770,212.67,212.67,212.66,212.66,3
1756481775,212.66,212.67,212.64,212.64,20
1756481780,212.64,212.64,212.64,212.64,0
1756481785,212.6,212.6,212.58,212.58,6
1756481790,212.64,212.66,212.64,212.64,10
1756481795,212.64,212.64,212.64,212.64,1
1756481800,212.61,212.61,212.61,212.61,1
1756481805,212.63,212.64,212.6,212.6,14
1756481810,212.63,212.71,212.62,212.68,23
1756481815,212.72,212.74,212.72,212.74,6
1756481820,212.71,212.72,212.71,212.72,7
1756481825,212.73,212.76,212.72,212.76,41
1756481830,212.78,212.79,212.76,212.79,24
1756481835,212.77,212.77,212.76,212.77,15
1756481840,212.8,212.83,212.78,212.83,32
1756481845,212.83,212.84,212.82,212.84,8
1756481850,212.85,212.85,212.82,212.82,6
1756481855,212.84,212.85,212.83,212.84,14
1756481860,212.83,212.83,212.81,212.82,25
1756481865,212.81,212.82,212.8,212.81,6
1756481870,212.84,212.88,212.81,212.85,17
1756481875,212.85,212.85,212.84,212.84,8
1756481880,212.86,212.86,212.81,212.81,21
1756481885,212.81,212.82,212.79,212.79,11
1756481890,212.81,212.83,212.78,212.83,6
1756481895,212.82,212.82,212.8,212.81,7
1756481900,212.81,212.82,212.78,212.79,77
1756481905,212.8,212.85,212.8,212.85,47
1756481910,212.83,212.83,212.78,212.78,8
1756481915,212.78,212.79,212.74,212.74,15
1756481920,212.76,212.79,212.74,212.79,39
1756481925,212.81,212.81,212.78,212.78,8
1756481930,212.78,212.79,212.78,212.78,1
1756481935,212.79,212.79,212.72,212.75,9
1756481940,212.76,212.77,212.75,212.77,3
1756481945,212.74,212.74,212.69,212.73,4
1756481950,212.72,212.72,212.69,212.69,8
1756481955,212.69,212.71,212.68,212.71,16
1756481960,212.71,212.71,212.67,212.7,54
1756481965,212.7,212.71,212.66,212.66,29
1756481970,212.65,212.66,212.63,212.65,57
1756481975,212.64,212.65,212.64,212.64,1
1756481980,212.64,212.64,212.62,212.63,6
1756481985,212.62,212.62,212.6,212.61,26
1756481990,212.62,212.62,212.62,212.62,2
1756481995,212.62,212.64,212.6,212.62,24
1756482000,212.65,212.66,212.63,212.66,8
1756482005,212.66,212.66,212.63,212.63,6
1756482010,212.62,212.62,212.59,212.59,7
1756482015,212.57,212.59,212.57,212.57,9
1756482020,212.59,212.61,212.58,212.58,8
1756482025,212.58,212.58,212.55,212.56,27
1756482030,212.55,212.56,212.53,212.53,5
1756482035,212.53,212.58,212.52,212.58,75
1756482040,212.6,212.61,212.57,212.58,15
1756482045,212.6,212.6,212.58,212.59,5
1756482050,212.59,212.6,212.56,212.56,24
1756482055,212.56,212.57,212.51,212.52,48
1756482060,212.52,212.53,212.5,212.51,175
1756482065,212.53,212.58,212.53,212.55,85
1756482070,212.54,212.54,212.49,212.49,34
1756482075,212.51,212.51,212.48,212.48,23
1756482080,212.49,212.51,212.47,212.48,13
1756482085,212.5,212.52,212.5,212.52,20
1756482090,212.53,212.56,212.51,212.56,39
1756482095,212.57,212.57,212.54,212.54,27
1756482100,212.56,212.61,212.56,212.61,16
1756482105,212.62,212.63,212.6,212.63,19
1756482110,212.63,212.63,212.62,212.63,2
1756482115,212.64,212.68,212.62,212.68,26
1756482120,212.68,212.69,212.67,212.68,12
1756482125,212.68,212.68,212.62,212.62,21
1756482130,212.62,212.63,212.61,212.61,6
1756482135,212.6,212.61,212.59,212.61,34
1756482140,212.6,212.6,212.6,212.6,1
1756482145,212.59,212.59,212.58,212.58,3
1756482150,212.6,212.6,212.58,212.58,6
1756482155,212.61,212.63,212.61,212.63,2
1756482160,212.64,212.65,212.62,212.62,7
1756482165,212.62,212.64,212.62,212.64,6
1756482170,212.63,212.63,212.61,212.62,12
1756482175,212.63,212.63,212.61,212.62,7
1756482180,212.64,212.64,212.63,212.64,2
1756482185,212.66,212.67,212.64,212.64,21
1756482190,212.64,212.64,212.64,212.64,0
1756482195,212.67,212.72,212.66,212.7,29
1756482200,212.72,212.72,212.7,212.7,13
1756482205,212.72,212.73,212.7,212.73,4
1756482210,212.71,212.71,212.67,212.67,19
1756482215,212.65,212.65,212.65,212.65,1
1756482220,212.72,212.72,212.71,212.72,1
1756482225,212.72,212.72,212.71,212.72,0
1756482230,212.7,212.7,212.68,212.68,4
1756482235,212.68,212.68,212.68,212.68,0
1756482240,212.65,212.66,212.65,212.65,2
1756482245,212.66,212.67,212.64,212.67,11
1756482250,212.66,212.66,212.66,212.66,4
1756482255,212.66,212.68,212.65,212.67,16
1756482260,212.67,212.67,212.66,212.67,1
1756482265,212.67,212.67,212.66,212.66,2
1756482270,212.67,212.67,212.65,212.67,10
1756482275,212.68,212.68,212.66,212.67,12
1756482280,212.68,212.69,212.67,212.67,19
1756482285,212.7,212.7,212.68,212.68,32
1756482290,212.68,212.69,212.68,212.68,0
1756482295,212.68,212.69,212.67,212.68,27
1756482300,212.69,212.69,212.68,212.69,2
1756482305,212.68,212.68,212.66,212.67,14
1756482310,212.66,212.67,212.66,212.67,3
1756482315,212.69,212.69,212.68,212.68,8
1756482320,212.68,212.69,212.68,212.68,0
1756482325,212.65,212.66,212.64,212.64,14
1756482330,212.65,212.66,212.59,212.59,24
1756482335,212.62,212.63,212.6,212.63,8
1756482340,212.59,212.59,212.59,212.59,2
1756482345,212.6,212.61,212.58,212.58,17
1756482350,212.61,212.61,212.6,212.61,3
1756482355,212.59,212.59,212.57,212.57,2
1756482360,212.56,212.57,212.56,212.56,2
1756482365,212.55,212.57,212.55,212.57,17
1756482370,212.6,212.6,212.57,212.57,9
1756482375,212.57,212.57,212.57,212.57,0
1756482380,212.57,212.57,212.57,212.57,0
1756482385,212.59,212.6,212.55,212.56,38
1756482390,212.57,212.58,212.56,212.56,11
1756482395,212.55,212.58,212.55,212.56,15
1756482400,212.57,212.57,212.52,212.53,32
1756482405,212.54,212.55,212.54,212.54,15
1756482410,212.53,212.54,212.52,212.54,10
1756482415,212.55,212.55,212.54,212.55,102
1756482420,212.56,212.62,212.56,212.62,21
1756482425,212.63,212.65,212.63,212.64,3
1756482430,212.67,212.67,212.66,212.67,10
1756482435,212.68,212.7,212.68,212.7,5
1756482440,212.69,212.71,212.68,212.7,9
1756482445,212.7,212.7,212.68,212.68,11
1756482450,212.66,212.66,212.62,212.63,8
1756482455,212.63,212.63,212.63,212.63,0
1756482460,212.61,212.61,212.6,212.61,2
1756482465,212.58,212.59,212.58,212.59,4
1756482470,212.6,212.6,212.59,212.59,3
1756482475,212.56,212.56,212.55,212.56,5
1756482480,212.56,212.58,212.55,212.58,35
1756482485,212.58,212.58,212.58,212.58,0
1756482490,212.57,212.57,212.57,212.57,20
1756482495,212.58,212.58,212.56,212.56,19
1756482500,212.56,212.59,212.56,212.58,11
1756482505,212.56,212.57,212.55,212.55,36
1756482510,212.55,212.56,212.54,212.54,3
1756482515,212.56,212.57,212.56,212.57,4
1756482520,212.56,212.58,212.55,212.58,18
1756482525,212.58,212.58,212.57,212.57,7
1756482530,212.56,212.57,212.56,212.57,6
1756482535,212.57,212.57,212.55,212.55,5
1756482540,212.56,212.57,212.55,212.56,7
1756482545,212.56,212.56,212.55,212.55,8
1756482550,212.54,212.55,212.53,212.54,15
1756482555,212.56,212.56,212.54,212.54,49
1756482560,212.54,212.58,212.54,212.56,13
1756482565,212.55,212.56,212.54,212.55,18
1756482570,212.56,212.57,212.55,212.57,9
1756482575,212.58,212.58,212.55,212.56,25
1756482580,212.55,212.56,212.55,212.56,10
1756482585,212.55,212.55,212.54,212.55,4
1756482590,212.56,212.56,212.47,212.48,33
1756482595,212.48,212.48,212.48,212.48,3
1756482600,212.47,212.48,212.46,212.46,14
1756482605,212.46,212.46,212.43,212.44,14
1756482610,212.42,212.45,212.42,212.45,10
1756482615,212.45,212.45,212.39,212.4,12
1756482620,212.41,212.43,212.39,212.39,28
1756482625,212.39,212.4,212.39,212.4,4
1756482630,212.4,212.4,212.4,212.4,1
1756482635,212.42,212.42,212.41,212.41,2
1756482640,212.4,212.43,212.39,212.43,27
1756482645,212.42,212.42,212.38,212.39,13
1756482650,212.35,212.36,212.32,212.32,15
1756482655,212.32,212.34,212.32,212.34,17
1756482660,212.36,212.38,212.36,212.37,8
1756482665,212.36,212.38,212.36,212.38,8
1756482670,212.35,212.35,212.33,212.34,8
1756482675,212.35,212.35,212.34,212.34,23
1756482680,212.33,212.34,212.33,212.33,14
1756482685,212.34,212.37,212.33,212.37,7
1756482690,212.36,212.37,212.34,212.34,12
1756482695,212.35,212.35,212.35,212.35,1
1756482700,212.35,212.36,212.35,212.36,3
1756482705,212.37,212.37,212.35,212.35,6
1756482710,212.36,212.37,212.35,212.37,14
1756482715,212.37,212.37,212.36,212.36,20
1756482720,212.36,212.36,212.34,212.36,15
1756482725,212.33,212.33,212.32,212.33,2
1756482730,212.33,212.33,212.31,212.31,41
1756482735,212.33,212.34,212.33,212.34,4
1756482740,212.39,212.41,212.39,212.41,11
1756482745,212.41,212.41,212.38,212.39,9
1756482750,212.4,212.4,212.4,212.4,15
1756482755,212.4,212.4,212.39,212.4,13
1756482760,212.41,212.41,212.39,212.39,15
1756482765,212.41,212.41,212.38,212.38,11
1756482770,212.4,212.4,212.33,212.33,8
1756482775,212.32,212.32,212.3,212.31,23
1756482780,212.31,212.32,212.29,212.29,5
1756482785,212.33,212.37,212.33,212.36,36
1756482790,212.36,212.36,212.34,212.34,10
1756482795,212.36,212.37,212.36,212.37,21
1756482800,212.36,212.36,212.3,212.31,18
1756482805,212.31,212.32,212.3,212.32,3
1756482810,212.33,212.34,212.32,212.34,7
1756482815,212.32,212.32,212.3,212.32,5
1756482820,212.31,212.33,212.3,212.33,7
1756482825,212.32,212.36,212.32,212.35,2
1756482830,212.34,212.35,212.34,212.34,1
1756482835,212.33,212.33,212.33,212.33,3
1756482840,212.33,212.37,212.33,212.37,12
1756482845,212.4,212.4,212.38,212.4,40
1756482850,212.4,212.44,212.4,212.43,14
1756482855,212.43,212.44,212.43,212.44,8
1756482860,212.44,212.44,212.44,212.44,0
1756482865,212.42,212.42,212.38,212.38,23
1756482870,212.4,212.41,212.4,212.4,12
1756482875,212.4,212.41,212.4,212.4,6
1756482880,212.41,212.45,212.41,212.45,16
1756482885,212.47,212.48,212.47,212.47,11
1756482890,212.45,212.46,212.45,212.46,6
1756482895,212.47,212.48,212.46,212.48,4
1756482900,212.5,212.51,212.49,212.5,18
1756482905,212.49,212.49,212.46,212.46,20
1756482910,212.46,212.47,212.45,212.47,10
1756482915,212.49,212.49,212.49,212.49,1
1756482920,212.51,212.51,212.5,212.5,2
1756482925,212.5,212.5,212.44,212.44,37
1756482930,212.44,212.44,212.44,212.44,0
1756482935,212.4,212.4,212.36,212.36,8
1756482940,212.4,212.41,212.39,212.41,6
1756482945,212.39,212.43,212.39,212.43,13
1756482950,212.41,212.43,212.41,212.41,3
1756482955,212.44,212.45,212.44,212.45,4
1756482960,212.45,212.45,212.43,212.43,15
1756482965,212.43,212.44,212.42,212.44,15
1756482970,212.43,212.43,212.42,212.42,4
1756482975,212.41,212.42,212.4,212.4,5
1756482980,212.4,212.4,212.4,212.4,2
1756482985,212.39,212.39,212.36,212.38,15
1756482990,212.38,212.38,212.37,212.38,0
1756482995,212.39,212.4,212.39,212.39,5
1756483000,212.39,212.39,212.38,212.38,2
1756483005,212.38,212.38,212.36,212.37,7
1756483010,212.37,212.37,212.37,212.37,1
1756483015,212.36,212.38,212.34,212.34,29
1756483020,212.34,212.35,212.34,212.34,2
1756483025,212.33,212.33,212.33,212.33,2
1756483030,212.33,212.33,212.32,212.33,11
1756483035,212.36,212.37,212.36,212.36,14
1756483040,212.36,212.36,212.34,212.34,7
1756483045,212.34,212.36,212.34,212.36,4
1756483050,212.37,212.37,212.36,212.37,1
1756483055,212.37,212.38,212.37,212.38,7
1756483060,212.37,212.37,212.36,212.37,16
1756483065,212.34,212.34,212.31,212.31,7
1756483070,212.33,212.33,212.33,212.33,1
1756483075,212.31,212.31,212.26,212.26,8
1756483080,212.26,212.27,212.23,212.25,48
1756483085,212.27,212.28,212.27,212.28,3
1756483090,212.25,212.27,212.25,212.27,14
1756483095,212.26,212.26,212.24,212.24,3
1756483100,212.26,212.26,212.26,212.26,1
1756483105,212.23,212.24,212.2,212.2,11
1756483110,212.17,212.19,212.17,212.18,11
1756483115,212.18,212.18,212.18,212.18,2
1756483120,212.18,212.2,212.17,212.19,24
1756483125,212.2,212.23,212.19,212.19,34
1756483130,212.16,212.17,212.16,212.16,16
1756483135,212.15,212.16,212.14,212.14,8
1756483140,212.12,212.14,212.11,212.12,21
1756483145,212.11,212.13,212.11,212.12,16
1756483150,212.14,212.15,212.13,212.15,9
1756483155,212.14,212.15,212.13,212.15,21
1756483160,212.14,212.14,212.13,212.14,1
1756483165,212.16,212.17,212.16,212.16,6
1756483170,212.15,212.15,212.1,212.1,36
1756483175,212.08,212.12,212.08,212.12,15
1756483180,212.12,212.13,212.11,212.12,6
1756483185,212.12,212.17,212.12,212.17,10
1756483190,212.2,212.2,212.15,212.16,52
1756483195,212.24,212.25,212.24,212.25,3
1756483200,212.25,212.25,212.2,212.22,12
1756483205,212.2,212.22,212.19,212.21,18
1756483210,212.22,212.23,212.22,212.23,3
1756483215,212.23,212.23,212.23,212.23,10
1756483220,212.22,212.24,212.22,212.24,3
1756483225,212.21,212.29,212.2,212.29,17
1756483230,212.27,212.27,212.27,212.27,5
1756483235,212.27,212.3,212.25,212.3,12
1756483240,212.33,212.34,212.32,212.32,27
1756483245,212.33,212.36,212.32,212.36,5
1756483250,212.34,212.38,212.34,212.38,3
1756483255,212.39,212.39,212.37,212.37,2
1756483260,212.37,212.37,212.37,212.37,0
1756483265,212.32,212.33,212.3,212.32,5
1756483270,212.34,212.34,212.34,212.34,2
1756483275,212.36,212.36,212.34,212.35,23
1756483280,212.33,212.36,212.32,212.35,7
1756483285,212.34,212.37,212.34,212.37,13
1756483290,212.38,212.38,212.35,212.37,87
1756483295,212.34,212.34,212.34,212.34,1
1756483300,212.34,212.34,212.31,212.33,12
1756483305,212.37,212.37,212.35,212.35,7
1756483310,212.37,212.37,212.36,212.37,1
1756483315,212.38,212.38,212.35,212.35,16
1756483320,212.36,212.38,212.36,212.38,3
1756483325,212.39,212.39,212.36,212.36,6
1756483330,212.36,212.37,212.32,212.37,15
1756483335,212.34,212.34,212.32,212.32,5
1756483340,212.32,212.36,212.32,212.36,18
1756483345,212.34,212.36,212.33,212.35,17
1756483350,212.33,212.35,212.33,212.35,18
1756483355,212.33,212.34,212.33,212.33,3
1756483360,212.34,212.37,212.34,212.36,7
1756483365,212.37,212.37,212.37,212.37,3
1756483370,212.37,212.38,212.37,212.37,9
1756483375,212.38,212.4,212.37,212.4,4
1756483380,212.39,212.39,212.35,212.35,21
1756483385,212.36,212.37,212.36,212.36,17
1756483390,212.36,212.37,212.35,212.37,6
1756483395,212.37,212.37,212.37,212.37,0
1756483400,212.38,212.38,212.36,212.37,2
1756483405,212.36,212.37,212.36,212.37,3
1756483410,212.34,212.34,212.34,212.34,1
1756483415,212.36,212.4,212.36,212.37,29
1756483420,212.38,212.38,212.38,212.38,1
1756483425,212.4,212.4,212.38,212.39,28
1756483430,212.38,212.4,212.37,212.4,5
1756483435,212.4,212.43,212.4,212.43,17
1756483440,212.42,212.44,212.42,212.43,33
1756483445,212.41,212.43,212.41,212.43,2
1756483450,212.43,212.43,212.41,212.41,5
1756483455,212.42,212.44,212.4,212.41,26
1756483460,212.4,212.43,212.38,212.41,37
1756483465,212.44,212.48,212.43,212.48,7
1756483470,212.46,212.46,212.46,212.46,5
1756483475,212.45,212.45,212.45,212.45,1
1756483480,212.44,212.44,212.41,212.41,13
1756483485,212.4,212.41,212.4,212.4,2
1756483490,212.37,212.38,212.37,212.38,4
1756483495,212.38,212.38,212.38,212.38,1
1756483500,212.37,212.37,212.35,212.36,11
1756483505,212.36,212.37,212.35,212.35,8
1756483510,212.35,212.35,212.35,212.35,1
1756483515,212.36,212.36,212.34,212.34,8
1756483520,212.34,212.34,212.31,212.33,17
1756483525,212.33,212.36,212.33,212.34,11
1756483530,212.31,212.34,212.31,212.34,18
1756483535,212.34,212.35,212.31,212.31,12
1756483540,212.32,212.33,212.32,212.33,3
1756483545,212.37,212.37,212.33,212.35,38
1756483550,212.31,212.32,212.31,212.31,3
1756483555,212.33,212.33,212.3,212.31,5
1756483560,212.3,212.4,212.3,212.4,21
1756483565,212.42,212.44,212.41,212.41,34
1756483570,212.41,212.41,212.4,212.41,11
1756483575,212.41,212.43,212.36,212.36,18
1756483580,212.37,212.37,212.36,212.37,13
1756483585,212.35,212.36,212.31,212.31,16
1756483590,212.31,212.31,212.3,212.3,93
1756483595,212.35,212.35,212.35,212.35,5
1756483600,212.35,212.35,212.35,212.35,0
1756483605,212.34,212.34,212.32,212.32,12
1756483610,212.32,212.35,212.32,212.35,5
1756483615,212.38,212.38,212.38,212.38,3
1756483620,212.37,212.39,212.37,212.38,6
1756483625,212.37,212.38,212.35,212.35,15
1756483630,212.36,212.36,212.34,212.34,13
1756483635,212.36,212.36,212.35,212.35,3
1756483640,212.34,212.34,212.34,212.34,1
1756483645,212.34,212.34,212.33,212.34,5
1756483650,212.33,212.33,212.33,212.33,1
1756483655,212.35,212.37,212.35,212.37,11
1756483660,212.38,212.4,212.37,212.37,7
1756483665,212.37,212.37,212.37,212.37,0
1756483670,212.33,212.33,212.33,212.33,1
1756483675,212.32,212.32,212.32,212.32,1
1756483680,212.33,212.36,212.33,212.36,8
1756483685,212.36,212.36,212.33,212.33,13
1756483690,212.33,212.34,212.31,212.33,9
1756483695,212.33,212.34,212.33,212.33,1
1756483700,212.32,212.33,212.32,212.33,2
1756483705,212.32,212.33,212.32,212.32,1
1756483710,212.32,212.32,212.32,212.32,12
1756483715,212.32,212.32,212.32,212.32,1
1756483720,212.34,212.35,212.34,212.35,6
1756483725,212.37,212.37,212.37,212.37,2
1756483730,212.38,212.38,212.38,212.38,1
1756483735,212.38,212.41,212.38,212.39,17
1756483740,212.41,212.41,212.4,212.41,1
1756483745,212.39,212.41,212.38,212.41,21
1756483750,212.41,212.41,212.4,212.4,9
1756483755,212.39,212.39,212.38,212.39,1
1756483760,212.41,212.41,212.4,212.41,1
1756483765,212.42,212.47,212.41,212.47,16
1756483770,212.47,212.47,212.46,212.46,2
1756483775,212.48,212.49,212.48,212.48,7
1756483780,212.48,212.48,212.47,212.47,14
1756483785,212.49,212.49,212.48,212.48,5
1756483790,212.47,212.48,212.46,212.47,16
1756483795,212.48,212.48,212.46,212.47,6
1756483800,212.48,212.48,212.43,212.43,6
1756483805,212.43,212.43,212.43,212.43,0
1756483810,212.42,212.42,212.42,212.42,2
1756483815,212.42,212.42,212.42,212.42,0
1756483820,212.41,212.41,212.41,212.41,1
1756483825,212.43,212.43,212.41,212.41,11
1756483830,212.41,212.41,212.41,212.41,0
1756483835,212.42,212.42,212.4,212.4,14
1756483840,212.43,212.43,212.4,212.41,11
1756483845,212.4,212.42,212.39,212.42,13
1756483850,212.42,212.44,212.38,212.4,11
1756483855,212.39,212.39,212.39,212.39,3
1756483860,212.4,212.4,212.4,212.4,2
1756483865,212.42,212.42,212.42,212.42,2
1756483870,212.44,212.44,212.42,212.42,2
1756483875,212.43,212.43,212.42,212.43,1
1756483880,212.44,212.48,212.44,212.48,9
1756483885,212.49,212.49,212.47,212.48,11
1756483890,212.48,212.48,212.47,212.48,10
1756483895,212.48,212.48,212.47,212.48,0
1756483900,212.47,212.47,212.46,212.47,5
1756483905,212.46,212.46,212.44,212.44,13
1756483910,212.41,212.43,212.41,212.43,16
1756483915,212.43,212.43,212.43,212.43,0
1756483920,212.43,212.43,212.43,212.43,0
1756483925,212.43,212.43,212.43,212.43,0
1756483930,212.45,212.47,212.45,212.47,10
1756483935,212.48,212.49,212.48,212.49,10
1756483940,212.48,212.48,212.48,212.48,1
1756483945,212.48,212.5,212.48,212.5,6
1756483950,212.51,212.51,212.5,212.5,12
1756483955,212.5,212.5,212.5,212.5,0
1756483960,212.52,212.52,212.52,212.52,7
1756483965,212.52,212.54,212.52,212.54,7
1756483970,212.54,212.54,212.53,212.54,10
1756483975,212.54,212.56,212.54,212.55,43
1756483980,212.55,212.55,212.55,212.55,4
1756483985,212.55,212.6,212.55,212.59,18
1756483990,212.6,212.6,212.59,212.59,7
1756483995,212.59,212.61,212.59,212.61,6
1756484000,212.6,212.61,212.6,212.61,13
1756484005,212.59,212.6,212.59,212.59,1
1756484010,212.6,212.61,212.6,212.61,31
1756484015,212.61,212.62,212.61,212.61,3
1756484020,212.61,212.61,212.61,212.61,1
1756484025,212.64,212.64,212.64,212.64,4
1756484030,212.63,212.63,212.61,212.61,3
1756484035,212.61,212.62,212.61,212.61,2
1756484040,212.64,212.65,212.57,212.62,78
1756484045,212.6,212.6,212.58,212.58,3
1756484050,212.61,212.61,212.6,212.6,10
1756484055,212.59,212.59,212.59,212.59,1
1756484060,212.6,212.6,212.58,212.59,5
1756484065,212.6,212.6,212.6,212.6,2
1756484070,212.61,212.61,212.61,212.61,1
1756484075,212.61,212.62,212.61,212.62,7
1756484080,212.62,212.64,212.62,212.64,3
1756484085,212.63,212.63,212.63,212.63,3
1756484090,212.64,212.64,212.61,212.62,14
1756484095,212.62,212.62,212.62,212.62,19
1756484100,212.61,212.65,212.61,212.63,23
1756484105,212.63,212.63,212.63,212.63,1
1756484110,212.64,212.64,212.64,212.64,14
1756484115,212.64,212.64,212.63,212.64,3
1756484120,212.63,212.63,212.56,212.57,13
1756484125,212.6,212.6,212.59,212.6,5
1756484130,212.6,212.6,212.6,212.6,2
1756484135,212.6,212.68,212.6,212.65,56
1756484140,212.67,212.68,212.63,212.66,44
1756484145,212.66,212.66,212.66,212.66,0
1756484150,212.66,212.66,212.66,212.66,1
1756484155,212.67,212.67,212.67,212.67,1
1756484160,212.66,212.66,212.63,212.64,10
1756484165,212.63,212.65,212.62,212.65,8
1756484170,212.65,212.65,212.64,212.65,0
1756484175,212.64,212.66,212.64,212.65,4
1756484180,212.65,212.66,212.65,212.66,3
1756484185,212.65,212.68,212.65,212.68,9
1756484190,212.7,212.7,212.68,212.7,20
1756484195,212.67,212.67,212.65,212.65,4
1756484200,212.65,212.65,212.65,212.65,0
1756484205,212.65,212.65,212.65,212.65,0
1756484210,212.66,212.67,212.64,212.65,3
1756484215,212.64,212.64,212.64,212.64,1
1756484220,212.63,212.63,212.62,212.63,6
1756484225,212.63,212.65,212.63,212.65,4
1756484230,212.68,212.69,212.68,212.69,2
1756484235,212.68,212.68,212.68,212.68,8
1756484240,212.66,212.66,212.61,212.62,11
1756484245,212.62,212.62,212.62,212.62,1
1756484250,212.64,212.65,212.63,212.65,20
1756484255,212.63,212.63,212.63,212.63,1
1756484260,212.63,212.63,212.63,212.63,0
1756484265,212.64,212.64,212.63,212.63,3
1756484270,212.63,212.63,212.63,212.63,0
1756484275,212.62,212.63,212.61,212.62,8
1756484280,212.6,212.6,212.59,212.59,2
1756484285,212.6,212.62,212.6,212.61,10
1756484290,212.59,212.59,212.59,212.59,1
1756484295,212.59,212.59,212.57,212.57,8
1756484300,212.58,212.61,212.58,212.6,5
1756484305,212.6,212.61,212.59,212.59,23
1756484310,212.59,212.6,212.59,212.59,8
1756484315,212.58,212.6,212.58,212.6,2
1756484320,212.6,212.6,212.6,212.6,0
1756484325,212.62,212.62,212.57,212.58,8
1756484330,212.57,212.57,212.55,212.55,20
1756484335,212.55,212.55,212.55,212.55,1
1756484340,212.57,212.57,212.57,212.57,1
1756484345,212.59,212.59,212.58,212.58,4
1756484350,212.58,212.58,212.57,212.58,4
1756484355,212.59,212.6,212.59,212.59,4
1756484360,212.61,212.61,212.61,212.61,1
1756484365,212.62,212.7,212.62,212.7,47
1756484370,212.7,212.71,212.7,212.7,8
1756484375,212.7,212.7,212.7,212.7,0
1756484380,212.71,212.72,212.7,212.7,6
1756484385,212.7,212.71,212.69,212.71,7
1756484390,212.7,212.7,212.7,212.7,5
1756484395,212.7,212.7,212.69,212.7,2
1756484400,212.69,212.71,212.69,212.71,8
1756484405,212.71,212.71,212.7,212.71,9
1756484410,212.71,212.71,212.69,212.7,7
1756484415,212.71,212.73,212.7,212.73,6
1756484420,212.72,212.72,212.72,212.72,1
1756484425,212.71,212.71,212.71,212.71,3
1756484430,212.71,212.72,212.7,212.72,3
1756484435,212.73,212.73,212.73,212.73,15
1756484440,212.73,212.73,212.73,212.73,0
1756484445,212.74,212.74,212.74,212.74,2
1756484450,212.75,212.76,212.75,212.75,8
1756484455,212.75,212.75,212.75,212.75,0
1756484460,212.76,212.78,212.75,212.78,69
1756484465,212.78,212.78,212.78,212.78,4
1756484470,212.78,212.8,212.78,212.79,8
1756484475,212.8,212.8,212.78,212.78,19
1756484480,212.77,212.77,212.76,212.77,1
1756484485,212.77,212.77,212.76,212.77,0
1756484490,212.78,212.78,212.78,212.78,14
1756484495,212.78,212.78,212.75,212.77,35
1756484500,212.78,212.78,212.78,212.78,3
1756484505,212.79,212.81,212.78,212.81,10
1756484510,212.8,212.81,212.8,212.81,5
1756484515,212.81,212.81,212.81,212.81,3
1756484520,212.79,212.81,212.79,212.79,45
1756484525,212.78,212.79,212.78,212.78,3
1756484530,212.78,212.78,212.78,212.78,1
1756484535,212.78,212.78,212.78,212.78,0
1756484540,212.78,212.78,212.78,212.78,1
1756484545,212.77,212.78,212.77,212.78,3
1756484550,212.75,212.76,212.75,212.75,16
1756484555,212.74,212.75,212.73,212.74,14
1756484560,212.72,212.73,212.71,212.71,7
1756484565,212.7,212.7,212.7,212.7,2
1756484570,212.71,212.71,212.7,212.71,7
1756484575,212.7,212.71,212.7,212.71,7
1756484580,212.73,212.73,212.71,212.72,4
1756484585,212.7,212.71,212.7,212.7,14
1756484590,212.72,212.72,212.71,212.71,4
1756484595,212.71,212.71,212.66,212.66,33
1756484600,212.66,212.66,212.66,212.66,0
1756484605,212.66,212.66,212.66,212.66,0
1756484610,212.68,212.68,212.65,212.65,15
1756484615,212.63,212.63,212.61,212.62,9
1756484620,212.63,212.63,212.62,212.62,4
1756484625,212.64,212.7,212.64,212.69,16
1756484630,212.7,212.72,212.7,212.71,6
1756484635,212.71,212.71,212.7,212.71,0
1756484640,212.71,212.71,212.69,212.71,15
1756484645,212.72,212.73,212.69,212.7,15
1756484650,212.7,212.7,212.69,212.7,0
1756484655,212.65,212.66,212.65,212.65,3
1756484660,212.65,212.66,212.65,212.65,8
1756484665,212.65,212.67,212.65,212.66,4
1756484670,212.65,212.65,212.64,212.64,2
1756484675,212.66,212.66,212.65,212.66,8
1756484680,212.66,212.66,212.65,212.66,0
1756484685,212.67,212.67,212.67,212.67,1
1756484690,212.66,212.66,212.65,212.65,29
1756484695,212.65,212.65,212.64,212.64,3
1756484700,212.64,212.65,212.64,212.65,7
1756484705,212.64,212.64,212.62,212.62,8
1756484710,212.62,212.63,212.62,212.63,5
1756484715,212.62,212.63,212.62,212.62,8
1756484720,212.61,212.61,212.61,212.61,1
1756484725,212.61,212.62,212.6,212.61,13
1756484730,212.64,212.64,212.63,212.64,6
1756484735,212.65,212.66,212.65,212.66,6
1756484740,212.65,212.71,212.64,212.7,8
1756484745,212.7,212.72,212.7,212.71,13
1756484750,212.71,212.73,212.71,212.72,2
1756484755,212.72,212.72,212.69,212.69,6
1756484760,212.72,212.72,212.68,212.69,12
1756484765,212.69,212.69,212.69,212.69,2
1756484770,212.68,212.68,212.66,212.66,11
1756484775,212.66,212.66,212.65,212.66,6
1756484780,212.63,212.63,212.63,212.63,1
1756484785,212.63,212.63,212.63,212.63,3
1756484790,212.62,212.62,212.62,212.62,1
1756484795,212.62,212.62,212.62,212.62,0
1756484800,212.64,212.64,212.63,212.64,6
1756484805,212.64,212.64,212.64,212.64,1
1756484810,212.64,212.64,212.63,212.63,6
1756484815,212.62,212.63,212.62,212.62,9
1756484820,212.64,212.64,212.64,212.64,1
1756484825,212.64,212.64,212.62,212.62,13
1756484830,212.63,212.63,212.62,212.62,3
1756484835,212.62,212.62,212.58,212.58,16
1756484840,212.59,212.6,212.55,212.56,12
1756484845,212.56,212.56,212.55,212.56,7
1756484850,212.57,212.57,212.56,212.56,14
1756484855,212.56,212.56,212.55,212.56,2
1756484860,212.54,212.56,212.54,212.56,4
1756484865,212.58,212.58,212.56,212.56,46
1756484870,212.57,212.58,212.54,212.56,47
1756484875,212.55,212.56,212.53,212.53,15
1756484880,212.53,212.57,212.52,212.54,27
1756484885,212.55,212.55,212.55,212.55,2
1756484890,212.58,212.58,212.58,212.58,4
1756484895,212.59,212.59,212.58,212.58,10
1756484900,212.59,212.6,212.59,212.59,1
1756484905,212.59,212.6,212.59,212.59,0
1756484910,212.61,212.61,212.59,212.6,13
1756484915,212.6,212.6,212.6,212.6,0
1756484920,212.58,212.58,212.57,212.58,3
1756484925,212.58,212.58,212.57,212.57,2
1756484930,212.58,212.58,212.55,212.55,5
1756484935,212.59,212.59,212.58,212.59,9
1756484940,212.59,212.6,212.59,212.6,6
1756484945,212.58,212.59,212.58,212.58,7
1756484950,212.58,212.58,212.58,212.58,0
1756484955,212.6,212.61,212.6,212.61,9
1756484960,212.64,212.64,212.63,212.63,3
1756484965,212.64,212.66,212.64,212.66,3
1756484970,212.66,212.69,212.65,212.69,60
1756484975,212.68,212.68,212.68,212.68,4
1756484980,212.68,212.68,212.68,212.68,0
1756484985,212.7,212.71,212.7,212.71,3
1756484990,212.7,212.71,212.68,212.69,15
1756484995,212.69,212.7,212.68,212.7,4
1756485000,212.7,212.76,212.7,212.73,25
1756485005,212.76,212.78,212.75,212.77,7
1756485010,212.78,212.79,212.78,212.79,3
1756485015,212.8,212.8,212.78,212.8,13
1756485020,212.8,212.8,212.8,212.8,0
1756485025,212.81,212.81,212.8,212.8,4
1756485030,212.82,212.82,212.82,212.82,1
1756485035,212.78,212.79,212.77,212.79,5
1756485040,212.79,212.79,212.78,212.79,11
1756485045,212.78,212.78,212.78,212.78,1
1756485050,212.78,212.78,212.78,212.78,0
1756485055,212.8,212.82,212.79,212.81,5
1756485060,212.82,212.83,212.81,212.83,13
1756485065,212.82,212.83,212.82,212.82,5
1756485070,212.84,212.86,212.84,212.85,21
1756485075,212.85,212.85,212.84,212.84,11
1756485080,212.85,212.88,212.84,212.88,7
1756485085,212.88,212.88,212.86,212.86,12
1756485090,212.86,212.91,212.86,212.91,55
1756485095,212.91,212.91,212.86,212.87,49
1756485100,212.86,212.88,212.86,212.88,11
1756485105,212.88,212.88,212.87,212.88,2
1756485110,212.86,212.87,212.86,212.86,12
1756485115,212.85,212.86,212.85,212.85,11
1756485120,212.85,212.87,212.84,212.84,45
1756485125,212.87,212.88,212.85,212.85,10
1756485130,212.84,212.86,212.84,212.86,29
1756485135,212.87,212.87,212.86,212.86,33
1756485140,212.85,212.86,212.82,212.82,7
1756485145,212.84,212.84,212.82,212.82,6
1756485150,212.87,212.88,212.87,212.88,13
1756485155,212.9,212.9,212.88,212.9,3
1756485160,212.89,212.89,212.89,212.89,1
1756485165,212.89,212.89,212.88,212.88,15
1756485170,212.89,212.89,212.89,212.89,4
1756485175,212.9,212.9,212.9,212.9,3
1756485180,212.89,212.89,212.88,212.89,2
1756485185,212.88,212.89,212.88,212.88,13
1756485190,212.88,212.88,212.82,212.82,8
1756485195,212.83,212.84,212.83,212.84,2
1756485200,212.83,212.83,212.82,212.82,7
1756485205,212.8,212.8,212.77,212.8,22
1756485210,212.79,212.8,212.79,212.79,9
1756485215,212.82,212.83,212.82,212.83,4
1756485220,212.83,212.84,212.83,212.84,5
1756485225,212.84,212.85,212.84,212.84,4
1756485230,212.84,212.85,212.84,212.84,0
1756485235,212.84,212.84,212.81,212.82,9
1756485240,212.84,212.84,212.81,212.81,6
1756485245,212.77,212.77,212.76,212.77,5
1756485250,212.76,212.76,212.73,212.74,5
1756485255,212.73,212.75,212.72,212.74,38
1756485260,212.7,212.72,212.7,212.72,3
1756485265,212.76,212.76,212.75,212.76,2
1756485270,212.77,212.77,212.71,212.72,24
1756485275,212.71,212.72,212.7,212.71,5
1756485280,212.69,212.72,212.69,212.72,5
1756485285,212.72,212.78,212.72,212.78,6
1756485290,212.77,212.77,212.76,212.77,10
1756485295,212.78,212.83,212.78,212.83,8
1756485300,212.85,212.85,212.81,212.81,8
1756485305,212.83,212.83,212.81,212.81,21
1756485310,212.8,212.8,212.8,212.8,1
1756485315,212.75,212.76,212.75,212.75,2
1756485320,212.76,212.76,212.75,212.76,2
1756485325,212.74,212.74,212.74,212.74,4
1756485330,212.74,212.75,212.74,212.75,2
1756485335,212.77,212.77,212.77,212.77,1
1756485340,212.77,212.77,212.77,212.77,0
1756485345,212.76,212.77,212.75,212.77,5
1756485350,212.77,212.77,212.77,212.77,0
1756485355,212.75,212.77,212.75,212.75,30
1756485360,212.76,212.76,212.76,212.76,1
1756485365,212.76,212.76,212.75,212.75,2
1756485370,212.74,212.74,212.74,212.74,1
1756485375,212.72,212.73,212.71,212.71,6
1756485380,212.69,212.69,212.69,212.69,1
1756485385,212.68,212.69,212.68,212.69,3
1756485390,212.68,212.68,212.66,212.67,2
1756485395,212.68,212.7,212.67,212.7,5
1756485400,212.7,212.71,212.7,212.71,2
1756485405,212.73,212.74,212.71,212.72,18
1756485410,212.74,212.74,212.73,212.74,7
1756485415,212.74,212.76,212.74,212.76,10
1756485420,212.76,212.76,212.76,212.76,0
1756485425,212.78,212.78,212.75,212.76,7
1756485430,212.78,212.78,212.77,212.78,4
1756485435,212.78,212.78,212.77,212.78,0
1756485440,212.76,212.77,212.74,212.74,86
1756485445,212.73,212.73,212.73,212.73,1
1756485450,212.72,212.75,212.72,212.75,12
1756485455,212.75,212.75,212.74,212.75,0
1756485460,212.74,212.74,212.74,212.74,2
1756485465,212.74,212.75,212.71,212.71,75
1756485470,212.71,212.73,212.71,212.73,5
1756485475,212.75,212.76,212.75,212.76,3
1756485480,212.77,212.79,212.77,212.77,60
1756485485,212.78,212.81,212.78,212.81,9
1756485490,212.84,212.84,212.82,212.84,53
1756485495,212.83,212.83,212.82,212.83,1
1756485500,212.83,212.83,212.82,212.83,1
1756485505,212.82,212.84,212.82,212.83,15
1756485510,212.84,212.84,212.84,212.84,3
1756485515,212.84,212.84,212.83,212.84,10
1756485520,212.85,212.85,212.84,212.85,2
1756485525,212.86,212.86,212.86,212.86,4
1756485530,212.88,212.89,212.86,212.88,29
1756485535,212.88,212.88,212.88,212.88,0
1756485540,212.88,212.9,212.87,212.89,19
1756485545,212.89,212.89,212.89,212.89,0
1756485550,212.9,212.9,212.89,212.89,4
1756485555,212.9,212.91,212.9,212.9,4
1756485560,212.92,212.92,212.91,212.91,13
1756485565,212.92,212.92,212.91,212.92,2
1756485570,212.91,212.92,212.9,212.92,11
1756485575,212.92,212.92,212.91,212.91,7
1756485580,212.91,212.91,212.91,212.91,1
1756485585,212.93,212.93,212.93,212.93,3
1756485590,212.93,212.93,212.91,212.93,51
1756485595,212.94,212.95,212.94,212.94,39
1756485600,212.93,212.94,212.91,212.94,21
1756485605,212.93,212.94,212.93,212.93,1
1756485610,212.93,212.94,212.93,212.93,0
1756485615,212.94,212.95,212.93,212.94,18
1756485620,212.93,212.94,212.93,212.93,1
1756485625,212.95,212.96,212.94,212.96,6
1756485630,212.96,212.96,212.96,212.96,1
1756485635,212.96,212.96,212.95,212.95,2
1756485640,212.94,212.94,212.92,212.94,18
1756485645,212.95,212.95,212.95,212.95,1
1756485650,212.96,212.97,212.96,212.97,3
1756485655,212.97,212.97,212.95,212.96,7
1756485660,212.97,212.97,212.92,212.92,33
1756485665,212.92,212.92,212.89,212.89,68
1756485670,212.89,212.89,212.87,212.88,15
1756485675,212.88,212.9,212.87,212.9,28
1756485680,212.89,212.92,212.89,212.92,13
1756485685,212.92,212.92,212.91,212.92,3
1756485690,212.92,212.93,212.91,212.93,4
1756485695,212.92,212.92,212.91,212.92,1
1756485700,212.92,212.92,212.91,212.92,0
1756485705,212.92,212.92,212.92,212.92,3
1756485710,212.91,212.91,212.91,212.91,1
1756485715,212.91,212.93,212.91,212.93,4
1756485720,212.93,212.93,212.93,212.93,0
1756485725,212.93,212.93,212.92,212.93,1
1756485730,212.93,212.93,212.92,212.93,0
1756485735,212.94,212.95,212.94,212.95,6
1756485740,212.97,212.97,212.95,212.95,2
1756485745,212.95,212.96,212.92,212.93,54
1756485750,212.93,212.94,212.92,212.94,18
1756485755,212.94,212.94,212.94,212.94,1
1756485760,212.95,212.95,212.94,212.95,2
1756485765,212.95,212.95,212.94,212.95,0
1756485770,212.95,212.95,212.94,212.95,1
1756485775,212.95,212.95,212.94,212.95,0
1756485780,212.97,212.97,212.95,212.96,11
1756485785,212.98,213.0,212.98,212.99,8
1756485790,212.98,212.98,212.98,212.98,1
1756485795,213.0,213.0,212.98,212.98,41
1756485800,212.98,212.99,212.98,212.98,5
1756485805,212.99,212.99,212.97,212.97,9
1756485810,212.98,212.98,212.98,212.98,1
1756485815,212.99,213.0,212.99,212.99,5
1756485820,212.98,212.98,212.97,212.98,4
1756485825,212.98,212.99,212.98,212.99,8
1756485830,212.98,212.98,212.91,212.91,56
1756485835,212.93,212.93,212.92,212.93,6
1756485840,212.95,212.95,212.95,212.95,1
1756485845,212.94,212.96,212.93,212.95,14
1756485850,212.95,212.95,212.95,212.95,0
1756485855,212.95,212.95,212.95,212.95,0
1756485860,212.97,212.98,212.97,212.98,5
1756485865,212.97,213.0,212.97,213.0,29
1756485870,212.96,212.97,212.95,212.95,7
1756485875,212.96,212.97,212.95,212.97,2
1756485880,212.97,212.97,212.9,212.91,36
1756485885,212.92,212.92,212.92,212.92,1
1756485890,212.92,212.92,212.92,212.92,11
1756485895,212.93,212.93,212.92,212.93,2
1756485900,212.91,212.91,212.91,212.91,1
1756485905,212.94,212.96,212.94,212.96,26
1756485910,212.98,212.99,212.97,212.97,23
1756485915,212.97,212.97,212.95,212.97,4
1756485920,212.98,213.0,212.98,213.0,89
1756485925,212.99,212.99,212.94,212.94,39
1756485930,212.94,212.95,212.93,212.95,21
1756485935,212.94,212.97,212.93,212.97,28
1756485940,212.96,212.96,212.96,212.96,3
1756485945,212.96,212.96,212.93,212.93,14
1756485950,212.91,212.91,212.89,212.9,10
1756485955,212.9,212.9,212.9,212.9,0
1756485960,212.9,212.91,212.86,212.86,8
1756485965,212.89,212.9,212.88,212.88,24
1756485970,212.88,212.88,212.88,212.88,0
1756485975,212.89,212.9,212.87,212.89,34
1756485980,212.88,212.89,212.88,212.89,2
1756485985,212.89,212.89,212.86,212.86,3
1756485990,212.87,212.87,212.86,212.87,12
1756485995,212.9,212.91,212.89,212.9,38
1756486000,212.91,212.96,212.9,212.94,78
1756486005,212.93,212.94,212.93,212.93,14
1756486010,212.94,212.94,212.93,212.93,8
1756486015,212.94,212.96,212.93,212.96,5
1756486020,212.95,212.95,212.94,212.94,24
1756486025,212.94,212.94,212.92,212.92,4
1756486030,212.91,212.92,212.89,212.92,13
1756486035,212.92,212.92,212.9,212.92,28
1756486040,212.92,212.93,212.92,212.93,4
1756486045,212.94,212.95,212.94,212.95,2
1756486050,212.93,212.93,212.92,212.92,7
1756486055,212.9,212.91,212.9,212.91,2
1756486060,212.89,212.89,212.89,212.89,1
1756486065,212.9,212.9,212.87,212.88,7
1756486070,212.87,212.87,212.87,212.87,4
1756486075,212.88,212.88,212.84,212.84,8
1756486080,212.86,212.86,212.86,212.86,1
1756486085,212.87,212.87,212.86,212.87,9
1756486090,212.86,212.86,212.86,212.86,1
1756486095,212.88,212.88,212.87,212.88,1
1756486100,212.88,212.88,212.87,212.88,0
1756486105,212.87,212.87,212.86,212.87,1
1756486110,212.88,212.89,212.88,212.89,3
1756486115,212.9,212.9,212.89,212.89,4
1756486120,212.89,212.89,212.89,212.89,2
1756486125,212.88,212.9,212.87,212.9,17
1756486130,212.89,212.89,212.87,212.87,5
1756486135,212.88,212.91,212.88,212.91,6
1756486140,212.93,212.93,212.92,212.93,14
1756486145,212.93,212.93,212.92,212.93,19
1756486150,212.92,212.92,212.89,212.89,19
1756486155,212.89,212.89,212.85,212.85,11
1756486160,212.83,212.85,212.83,212.85,4
1756486165,212.84,212.84,212.81,212.81,13
1756486170,212.82,212.83,212.82,212.83,3
1756486175,212.83,212.83,212.83,212.83,0
1756486180,212.84,212.86,212.84,212.84,5
1756486185,212.85,212.85,212.82,212.82,18
1756486190,212.82,212.83,212.82,212.82,0
1756486195,212.82,212.84,212.82,212.84,6
1756486200,212.83,212.83,212.83,212.83,9
1756486205,212.82,212.82,212.81,212.81,4
1756486210,212.8,212.82,212.8,212.82,9
1756486215,212.81,212.82,212.8,212.82,45
1756486220,212.82,212.84,212.81,212.83,29
1756486225,212.83,212.83,212.81,212.81,12
1756486230,212.83,212.83,212.83,212.83,3
1756486235,212.83,212.84,212.82,212.82,5
1756486240,212.81,212.82,212.81,212.82,4
1756486245,212.83,212.83,212.82,212.83,20
1756486250,212.84,212.85,212.84,212.85,48
1756486255,212.84,212.87,212.84,212.87,40
1756486260,212.87,212.87,212.86,212.86,3
1756486265,212.85,212.85,212.85,212.85,6
1756486270,212.86,212.86,212.84,212.84,11
1756486275,212.87,212.87,212.84,212.84,27
1756486280,212.84,212.84,212.84,212.84,0
1756486285,212.84,212.86,212.83,212.86,13
1756486290,212.88,212.89,212.86,212.87,2
1756486295,212.86,212.87,212.84,212.84,6
1756486300,212.83,212.85,212.83,212.85,33
1756486305,212.85,212.86,212.85,212.85,6
1756486310,212.85,212.87,212.85,212.86,3
1756486315,212.87,212.87,212.86,212.87,4
1756486320,212.85,212.85,212.83,212.84,25
1756486325,212.85,212.85,212.85,212.85,1
1756486330,212.85,212.86,212.85,212.86,2
1756486335,212.89,212.89,212.87,212.89,21
1756486340,212.88,212.88,212.88,212.88,3
1756486345,212.87,212.88,212.87,212.88,2
1756486350,212.89,212.89,212.88,212.89,1
1756486355,212.89,212.89,212.88,212.88,3
1756486360,212.88,212.88,212.87,212.87,5
1756486365,212.86,212.86,212.86,212.86,21
1756486370,212.85,212.85,212.85,212.85,4
1756486375,212.85,212.85,212.85,212.85,0
1756486380,212.86,212.86,212.84,212.85,18
1756486385,212.84,212.85,212.83,212.84,5
1756486390,212.84,212.85,212.84,212.84,3
1756486395,212.83,212.83,212.82,212.83,1
1756486400,212.82,212.83,212.81,212.83,39
1756486405,212.82,212.82,212.82,212.82,1
1756486410,212.82,212.82,212.8,212.8,3
1756486415,212.81,212.83,212.81,212.83,17
1756486420,212.82,212.83,212.81,212.82,45
1756486425,212.82,212.82,212.81,212.82,0
1756486430,212.81,212.82,212.81,212.81,3
1756486435,212.82,212.82,212.82,212.82,4
1756486440,212.82,212.87,212.82,212.86,47
1756486445,212.85,212.85,212.84,212.84,11
1756486450,212.84,212.84,212.84,212.84,0
1756486455,212.85,212.85,212.85,212.85,8
1756486460,212.83,212.83,212.82,212.83,10
1756486465,212.83,212.83,212.83,212.83,2
1756486470,212.83,212.83,212.83,212.83,4
1756486475,212.83,212.83,212.83,212.83,1
1756486480,212.82,212.87,212.82,212.87,6
1756486485,212.87,212.87,212.87,212.87,1
1756486490,212.86,212.86,212.86,212.86,5
1756486495,212.86,212.86,212.84,212.84,2
1756486500,212.85,212.86,212.85,212.85,1
1756486505,212.85,212.86,212.85,212.85,5
1756486510,212.85,212.86,212.84,212.84,3
1756486515,212.86,212.86,212.84,212.84,3
1756486520,212.85,212.85,212.84,212.84,5
1756486525,212.85,212.85,212.84,212.85,1
1756486530,212.85,212.9,212.85,212.9,6
1756486535,212.91,212.91,212.88,212.9,21
1756486540,212.9,212.91,212.9,212.9,0
1756486545,212.93,212.93,212.91,212.93,24
1756486550,212.93,212.93,212.92,212.92,13
1756486555,212.93,212.93,212.88,212.89,29
1756486560,212.89,212.89,212.88,212.89,0
1756486565,212.91,212.96,212.91,212.96,16
1756486570,212.96,212.96,212.95,212.95,11
1756486575,212.96,212.96,212.95,212.96,1
1756486580,212.95,212.95,212.95,212.95,1
1756486585,212.95,212.95,212.95,212.95,1
1756486590,212.96,212.96,212.95,212.96,10
1756486595,212.94,212.94,212.93,212.93,11
1756486600,212.92,212.93,212.91,212.92,20
1756486605,212.92,212.94,212.92,212.92,10
1756486610,212.95,212.95,212.94,212.94,2
1756486615,212.95,212.95,212.95,212.95,2
1756486620,212.95,212.97,212.94,212.97,19
1756486625,212.98,212.98,212.97,212.98,23
1756486630,212.97,212.97,212.97,212.97,4
1756486635,212.98,213.02,212.98,213.01,64
1756486640,213.0,213.0,212.99,213.0,4
1756486645,213.01,213.01,213.01,213.01,4
1756486650,213.02,213.02,213.02,213.02,3
1756486655,213.03,213.05,213.03,213.04,7
1756486660,213.04,213.05,213.04,213.04,3
1756486665,213.04,213.04,213.04,213.04,0
1756486670,213.03,213.06,213.01,213.02,43
1756486675,213.02,213.02,213.01,213.01,3
1756486680,213.02,213.02,213.01,213.02,7
1756486685,213.02,213.02,213.0,213.02,8
1756486690,213.0,213.01,213.0,213.0,8
1756486695,213.01,213.01,212.99,213.0,9
1756486700,213.01,213.01,213.01,213.01,1
1756486705,212.97,212.98,212.97,212.98,2
1756486710,212.99,212.99,212.98,212.99,4
1756486715,212.99,212.99,212.98,212.98,3
1756486720,212.99,212.99,212.98,212.99,1
1756486725,212.99,212.99,212.98,212.99,1
1756486730,213.0,213.0,212.98,213.0,5
1756486735,212.98,212.98,212.97,212.97,5
1756486740,212.97,212.98,212.97,212.97,11
1756486745,212.97,212.97,212.93,212.95,33
1756486750,212.94,212.95,212.93,212.93,15
1756486755,212.91,212.94,212.91,212.94,5
1756486760,212.92,212.92,212.92,212.92,4
1756486765,212.92,212.93,212.9,212.9,39
1756486770,212.9,212.9,212.88,212.88,11
1756486775,212.88,212.88,212.88,212.88,2
1756486780,212.88,212.91,212.87,212.91,5
1756486785,212.9,212.9,212.89,212.9,1
1756486790,212.9,212.9,212.89,212.9,0
1756486795,212.89,212.89,212.88,212.89,9
1756486800,212.87,212.87,212.8,212.81,13
1756486805,212.82,212.82,212.79,212.79,7
1756486810,212.8,212.8,212.77,212.78,15
1756486815,212.77,212.77,212.74,212.76,18
1756486820,212.75,212.76,212.74,212.74,6
1756486825,212.74,212.74,212.71,212.73,7
1756486830,212.7,212.7,212.69,212.7,2
1756486835,212.7,212.73,212.7,212.73,7
1756486840,212.73,212.73,212.73,212.73,0
1756486845,212.7,212.7,212.68,212.69,9
1756486850,212.7,212.7,212.66,212.67,18
1756486855,212.65,212.66,212.64,212.64,25
1756486860,212.63,212.67,212.63,212.66,7
1756486865,212.66,212.66,212.63,212.64,9
1756486870,212.64,212.64,212.6,212.6,14
1756486875,212.61,212.61,212.6,212.61,5
1756486880,212.62,212.67,212.62,212.67,8
1756486885,212.67,212.67,212.64,212.65,3
1756486890,212.65,212.65,212.61,212.61,26
1756486895,212.64,212.64,212.62,212.62,11
1756486900,212.6,212.6,212.58,212.6,22
1756486905,212.6,212.6,212.59,212.59,2
1756486910,212.59,212.6,212.55,212.56,19
1756486915,212.55,212.57,212.53,212.54,44
1756486920,212.53,212.57,212.53,212.54,18
1756486925,212.52,212.53,212.51,212.52,18
1756486930,212.53,212.54,212.52,212.52,7
1756486935,212.54,212.59,212.54,212.59,11
1756486940,212.59,212.59,212.55,212.56,4
1756486945,212.55,212.56,212.53,212.56,7
1756486950,212.56,212.56,212.56,212.56,0
1756486955,212.56,212.58,212.56,212.57,6
1756486960,212.58,212.58,212.56,212.57,5
1756486965,212.56,212.59,212.56,212.59,12
1756486970,212.59,212.59,212.57,212.58,8
1756486975,212.57,212.57,212.57,212.57,5
1756486980,212.56,212.56,212.54,212.54,14
1756486985,212.54,212.54,212.5,212.5,2
1756486990,212.53,212.54,212.51,212.52,4
1756486995,212.52,212.52,212.5,212.51,6
1756487000,212.51,212.52,212.51,212.51,21
1756487005,212.49,212.51,212.48,212.5,18
1756487010,212.5,212.51,212.49,212.51,4
1756487015,212.51,212.51,212.5,212.51,2
1756487020,212.5,212.52,212.48,212.52,7
1756487025,212.51,212.51,212.5,212.51,2
1756487030,212.51,212.51,212.5,212.51,0
1756487035,212.51,212.51,212.49,212.49,3
1756487040,212.49,212.5,212.49,212.5,8
1756487045,212.52,212.52,212.46,212.46,10
1756487050,212.43,212.45,212.43,212.44,10
1756487055,212.44,212.44,212.44,212.44,1
1756487060,212.46,212.48,212.45,212.47,15
1756487065,212.47,212.47,212.43,212.43,9
1756487070,212.41,212.42,212.4,212.41,12
1756487075,212.41,212.41,212.4,212.4,3
1756487080,212.4,212.42,212.4,212.42,4
1756487085,212.42,212.43,212.41,212.43,7
1756487090,212.43,212.44,212.4,212.41,25
1756487095,212.39,212.4,212.37,212.37,33
1756487100,212.4,212.41,212.4,212.41,4
1756487105,212.41,212.42,212.4,212.42,10
1756487110,212.43,212.44,212.43,212.44,4
1756487115,212.47,212.47,212.46,212.46,16
1756487120,212.44,212.44,212.43,212.43,2
1756487125,212.43,212.43,212.43,212.43,0
1756487130,212.43,212.43,212.42,212.42,6
1756487135,212.43,212.43,212.41,212.41,4
1756487140,212.42,212.44,212.42,212.44,9
1756487145,212.41,212.44,212.41,212.44,2
1756487150,212.41,212.42,212.4,212.4,15
1756487155,212.39,212.4,212.39,212.39,11
1756487160,212.39,212.39,212.37,212.37,17
1756487165,212.35,212.35,212.29,212.3,19
1756487170,212.34,212.39,212.34,212.37,37
1756487175,212.36,212.37,212.36,212.36,3
1756487180,212.39,212.4,212.39,212.4,8
1756487185,212.4,212.4,212.37,212.37,10
1756487190,212.37,212.37,212.36,212.37,1
1756487195,212.36,212.37,212.36,212.37,3
1756487200,212.36,212.38,212.36,212.38,2
1756487205,212.38,212.38,212.38,212.38,2
1756487210,212.41,212.43,212.41,212.43,3
1756487215,212.4,212.4,212.38,212.38,9
1756487220,212.38,212.4,212.38,212.4,36
1756487225,212.42,212.44,212.42,212.44,3
1756487230,212.41,212.43,212.41,212.42,12
1756487235,212.42,212.42,212.41,212.42,3
1756487240,212.42,212.42,212.4,212.41,5
1756487245,212.41,212.41,212.4,212.41,2
1756487250,212.39,212.4,212.37,212.38,18
1756487255,212.37,212.41,212.37,212.41,6
1756487260,212.42,212.42,212.41,212.42,2
1756487265,212.37,212.42,212.37,212.4,15
1756487270,212.41,212.41,212.4,212.41,1
1756487275,212.4,212.4,212.39,212.39,13
1756487280,212.4,212.4,212.39,212.39,5
1756487285,212.41,212.42,212.41,212.42,4
1756487290,212.4,212.4,212.37,212.37,6
1756487295,212.37,212.37,212.35,212.36,7
1756487300,212.38,212.38,212.36,212.36,11
1756487305,212.36,212.36,212.36,212.36,0
1756487310,212.36,212.36,212.36,212.36,0
1756487315,212.35,212.37,212.35,212.37,18
1756487320,212.35,212.36,212.34,212.34,10
1756487325,212.35,212.35,212.34,212.34,5
1756487330,212.34,212.35,212.32,212.32,12
1756487335,212.32,212.33,212.32,212.32,0
1756487340,212.32,212.33,212.32,212.32,0
1756487345,212.35,212.35,212.35,212.35,1
1756487350,212.35,212.37,212.35,212.37,16
1756487355,212.39,212.4,212.39,212.4,6
1756487360,212.4,212.4,212.39,212.4,4
1756487365,212.45,212.46,212.45,212.46,14
1756487370,212.45,212.45,212.45,212.45,1
1756487375,212.44,212.45,212.42,212.43,26
1756487380,212.41,212.41,212.4,212.4,8
1756487385,212.4,212.4,212.4,212.4,5
1756487390,212.41,212.41,212.41,212.41,1
1756487395,212.39,212.41,212.39,212.4,8
1756487400,212.41,212.44,212.41,212.41,41
1756487405,212.42,212.42,212.39,212.4,30
1756487410,212.39,212.4,212.36,212.37,19
1756487415,212.38,212.39,212.37,212.39,8
1756487420,212.39,212.39,212.39,212.39,0
1756487425,212.39,212.39,212.37,212.37,33
1756487430,212.37,212.4,212.37,212.4,3
1756487435,212.4,212.4,212.39,212.39,6
1756487440,212.39,212.4,212.38,212.38,11
1756487445,212.38,212.38,212.35,212.36,10
1756487450,212.36,212.36,212.36,212.36,0
1756487455,212.41,212.44,212.41,212.42,11
1756487460,212.42,212.42,212.38,212.38,10
1756487465,212.39,212.39,212.37,212.37,6
1756487470,212.38,212.38,212.38,212.38,4
1756487475,212.4,212.4,212.4,212.4,2
1756487480,212.39,212.39,212.37,212.38,4
1756487485,212.36,212.37,212.34,212.36,10
1756487490,212.33,212.34,212.33,212.34,3
1756487495,212.34,212.34,212.34,212.34,4
1756487500,212.35,212.35,212.33,212.35,15
1756487505,212.36,212.36,212.3,212.3,10
1756487510,212.31,212.33,212.3,212.32,16
1756487515,212.33,212.34,212.33,212.33,4
1756487520,212.32,212.36,212.32,212.36,9
1756487525,212.37,212.38,212.36,212.36,5
1756487530,212.38,212.38,212.36,212.36,7
1756487535,212.37,212.37,212.37,212.37,7
1756487540,212.37,212.37,212.36,212.37,6
1756487545,212.38,212.38,212.36,212.36,10
1756487550,212.36,212.36,212.36,212.36,0
1756487555,212.38,212.38,212.38,212.38,2
1756487560,212.37,212.39,212.37,212.39,9
1756487565,212.4,212.45,212.39,212.45,9
1756487570,212.42,212.42,212.42,212.42,1
1756487575,212.43,212.44,212.39,212.39,12
1756487580,212.41,212.41,212.4,212.41,5
1756487585,212.42,212.43,212.42,212.43,3
1756487590,212.44,212.44,212.39,212.4,24
1756487595,212.4,212.4,212.4,212.4,1
1756487600,212.39,212.39,212.36,212.38,6
1756487605,212.4,212.43,212.39,212.43,35
1756487610,212.44,212.45,212.43,212.44,17
1756487615,212.42,212.43,212.4,212.4,4
1756487620,212.4,212.41,212.4,212.4,0
1756487625,212.41,212.41,212.41,212.41,2
1756487630,212.37,212.38,212.32,212.32,20
1756487635,212.33,212.33,212.31,212.33,22
1756487640,212.32,212.34,212.32,212.34,36
1756487645,212.35,212.37,212.34,212.36,15
1756487650,212.37,212.37,212.36,212.37,4
1756487655,212.36,212.36,212.35,212.35,2
1756487660,212.32,212.33,212.3,212.31,6
1756487665,212.33,212.33,212.33,212.33,2
1756487670,212.34,212.34,212.33,212.34,1
1756487675,212.33,212.34,212.31,212.34,8
1756487680,212.34,212.34,212.34,212.34,0
1756487685,212.33,212.33,212.32,212.33,1
1756487690,212.32,212.32,212.32,212.32,3
1756487695,212.32,212.32,212.31,212.31,2
1756487700,212.31,212.31,212.31,212.31,1
1756487705,212.35,212.36,212.35,212.36,4
1756487710,212.34,212.35,212.34,212.35,3
1756487715,212.35,212.35,212.35,212.35,0
1756487720,212.32,212.32,212.32,212.32,1
1756487725,212.32,212.32,212.32,212.32,1
1756487730,212.32,212.32,212.3,212.31,6
1756487735,212.32,212.32,212.31,212.32,4
1756487740,212.31,212.31,212.28,212.3,6
1756487745,212.29,212.29,212.29,212.29,1
1756487750,212.27,212.27,212.22,212.24,30
1756487755,212.22,212.23,212.2,212.21,24
1756487760,212.21,212.23,212.21,212.22,13
1756487765,212.24,212.24,212.2,212.2,5
1756487770,212.18,212.19,212.17,212.18,8
1756487775,212.19,212.19,212.18,212.18,12
1756487780,212.19,212.21,212.18,212.2,7
1756487785,212.22,212.23,212.21,212.23,8
1756487790,212.26,212.26,212.22,212.23,4
1756487795,212.24,212.26,212.23,212.25,17
1756487800,212.24,212.24,212.19,212.19,4
1756487805,212.16,212.16,212.16,212.16,1
1756487810,212.15,212.15,212.15,212.15,1
1756487815,212.16,212.16,212.15,212.16,9
1756487820,212.16,212.16,212.14,212.15,10
1756487825,212.15,212.15,212.15,212.15,2
1756487830,212.15,212.18,212.15,212.18,4
1756487835,212.2,212.21,212.19,212.21,21
1756487840,212.25,212.26,212.25,212.26,6
1756487845,212.26,212.26,212.22,212.22,8
1756487850,212.25,212.25,212.25,212.25,1
1756487855,212.25,212.25,212.23,212.23,5
1756487860,212.23,212.23,212.2,212.21,13
1756487865,212.22,212.22,212.19,212.19,7
1756487870,212.19,212.19,212.19,212.19,0
1756487875,212.17,212.19,212.12,212.16,66
1756487880,212.17,212.2,212.17,212.19,7
1756487885,212.2,212.2,212.18,212.18,10
1756487890,212.19,212.19,212.18,212.19,47
1756487895,212.18,212.18,212.17,212.17,3
1756487900,212.17,212.18,212.15,212.17,9
1756487905,212.16,212.17,212.15,212.15,21
1756487910,212.18,212.18,212.18,212.18,3
1756487915,212.19,212.2,212.19,212.19,1
1756487920,212.19,212.2,212.19,212.19,0
1756487925,212.18,212.2,212.18,212.2,3
1756487930,212.19,212.19,212.18,212.19,3
1756487935,212.2,212.2,212.2,212.2,3
1756487940,212.19,212.19,212.19,212.19,1
1756487945,212.22,212.23,212.22,212.23,7
1756487950,212.23,212.26,212.23,212.26,15
1756487955,212.26,212.26,212.24,212.24,5
1756487960,212.24,212.24,212.22,212.23,6
1756487965,212.24,212.27,212.23,212.26,65
1756487970,212.28,212.31,212.28,212.3,17
1756487975,212.3,212.31,212.29,212.29,19
1756487980,212.28,212.28,212.28,212.28,5
1756487985,212.27,212.28,212.27,212.28,5
1756487990,212.28,212.28,212.26,212.26,4
1756487995,212.26,212.26,212.25,212.25,6
1756488000,212.26,212.27,212.26,212.27,2
1756488005,212.27,212.27,212.27,212.27,0
1756488010,212.3,212.3,212.29,212.29,6
1756488015,212.3,212.3,212.28,212.28,19
1756488020,212.28,212.32,212.26,212.32,8
1756488025,212.29,212.3,212.28,212.3,10
1756488030,212.32,212.33,212.32,212.33,11
1756488035,212.35,212.36,212.34,212.34,11
1756488040,212.36,212.36,212.32,212.36,9
1756488045,212.33,212.33,212.33,212.33,1
1756488050,212.36,212.36,212.35,212.36,1
1756488055,212.37,212.37,212.34,212.34,8
1756488060,212.34,212.35,212.34,212.34,0
1756488065,212.35,212.37,212.35,212.37,48
1756488070,212.38,212.4,212.38,212.39,24
1756488075,212.37,212.37,212.36,212.37,10
1756488080,212.37,212.38,212.37,212.37,6
1756488085,212.38,212.38,212.37,212.38,2
1756488090,212.37,212.39,212.37,212.39,6
1756488095,212.39,212.39,212.38,212.38,2
1756488100,212.4,212.43,212.39,212.41,19
1756488105,212.41,212.41,212.37,212.38,46
1756488110,212.4,212.4,212.39,212.4,2
1756488115,212.4,212.4,212.39,212.4,0
1756488120,212.41,212.42,212.41,212.42,3
1756488125,212.43,212.43,212.43,212.43,9
1756488130,212.43,212.44,212.42,212.44,9
1756488135,212.42,212.42,212.41,212.42,3
1756488140,212.42,212.42,212.39,212.39,6
1756488145,212.41,212.41,212.35,212.35,18
1756488150,212.36,212.38,212.36,212.38,3
1756488155,212.39,212.39,212.39,212.39,1
1756488160,212.41,212.41,212.41,212.41,1
1756488165,212.38,212.39,212.38,212.38,15
1756488170,212.4,212.41,212.39,212.39,24
1756488175,212.39,212.4,212.39,212.39,5
1756488180,212.38,212.39,212.37,212.38,12
1756488185,212.39,212.39,212.36,212.37,9
1756488190,212.36,212.37,212.35,212.37,8
1756488195,212.36,212.36,212.35,212.35,3
1756488200,212.35,212.35,212.32,212.32,5
1756488205,212.31,212.32,212.31,212.31,6
1756488210,212.34,212.35,212.34,212.35,8
1756488215,212.35,212.35,212.35,212.35,0
1756488220,212.35,212.36,212.35,212.36,8
1756488225,212.33,212.34,212.33,212.34,11
1756488230,212.34,212.34,212.34,212.34,0
1756488235,212.34,212.34,212.34,212.34,2
1756488240,212.34,212.34,212.34,212.34,1
1756488245,212.33,212.33,212.33,212.33,1
1756488250,212.33,212.33,212.33,212.33,4
1756488255,212.33,212.34,212.33,212.34,4
1756488260,212.32,212.33,212.32,212.32,1
1756488265,212.34,212.39,212.34,212.39,25
1756488270,212.4,212.4,212.39,212.39,6
1756488275,212.41,212.41,212.41,212.41,1
1756488280,212.42,212.42,212.41,212.42,10
1756488285,212.41,212.42,212.4,212.41,2
1756488290,212.41,212.41,212.39,212.39,13
1756488295,212.39,212.39,212.38,212.39,2
1756488300,212.4,212.4,212.4,212.4,1
1756488305,212.4,212.4,212.4,212.4,0
1756488310,212.41,212.42,212.41,212.42,18
1756488315,212.42,212.42,212.42,212.42,1
1756488320,212.41,212.41,212.41,212.41,3
1756488325,212.43,212.44,212.41,212.42,18
1756488330,212.42,212.43,212.42,212.43,4
1756488335,212.43,212.44,212.42,212.42,10
1756488340,212.41,212.41,212.4,212.41,5
1756488345,212.4,212.41,212.39,212.41,20
1756488350,212.36,212.36,212.36,212.36,1
1756488355,212.37,212.38,212.37,212.38,2
1756488360,212.38,212.39,212.37,212.39,3
1756488365,212.36,212.38,212.36,212.36,9
1756488370,212.4,212.4,212.39,212.4,13
1756488375,212.39,212.39,212.35,212.36,11
1756488380,212.35,212.35,212.35,212.35,2
1756488385,212.34,212.37,212.34,212.36,7
1756488390,212.36,212.36,212.36,212.36,1
1756488395,212.38,212.38,212.38,212.38,1
1756488400,212.36,212.36,212.35,212.36,3
1756488405,212.37,212.37,212.36,212.37,1
1756488410,212.37,212.37,212.36,212.36,2
1756488415,212.31,212.31,212.3,212.31,15
1756488420,212.3,212.32,212.3,212.32,9
1756488425,212.32,212.32,212.32,212.32,0
1756488430,212.32,212.33,212.32,212.32,19
1756488435,212.33,212.33,212.32,212.33,1
1756488440,212.31,212.31,212.3,212.3,3
1756488445,212.29,212.31,212.29,212.31,3
1756488450,212.31,212.31,212.3,212.31,0
1756488455,212.31,212.34,212.31,212.34,12
1756488460,212.34,212.34,212.34,212.34,1
1756488465,212.34,212.34,212.34,212.34,0
1756488470,212.31,212.34,212.31,212.34,24
1756488475,212.32,212.37,212.32,212.37,8
1756488480,212.38,212.39,212.38,212.39,5
1756488485,212.39,212.39,212.39,212.39,0
1756488490,212.38,212.39,212.38,212.39,7
1756488495,212.37,212.39,212.37,212.37,21
1756488500,212.39,212.39,212.39,212.39,1
1756488505,212.39,212.39,212.37,212.37,5
1756488510,212.37,212.37,212.37,212.37,0
1756488515,212.37,212.37,212.37,212.37,0
1756488520,212.36,212.36,212.36,212.36,2
1756488525,212.36,212.37,212.36,212.37,2
1756488530,212.37,212.37,212.36,212.36,7
1756488535,212.34,212.34,212.34,212.34,2
1756488540,212.36,212.36,212.35,212.36,3
1756488545,212.35,212.37,212.35,212.37,2
1756488550,212.34,212.35,212.34,212.34,1
1756488555,212.36,212.36,212.35,212.35,12
1756488560,212.35,212.35,212.33,212.33,7
1756488565,212.37,212.37,212.35,212.35,7
1756488570,212.35,212.35,212.33,212.33,3
1756488575,212.33,212.33,212.33,212.33,0
1756488580,212.33,212.33,212.33,212.33,2
1756488585,212.33,212.33,212.33,212.33,1
1756488590,212.33,212.33,212.32,212.33,5
1756488595,212.34,212.34,212.33,212.34,5
1756488600,212.34,212.37,212.34,212.37,19
1756488605,212.35,212.35,212.35,212.35,6
1756488610,212.35,212.36,212.35,212.35,15
1756488615,212.36,212.49,212.36,212.48,197
1756488620,212.49,212.5,212.49,212.49,12
1756488625,212.48,212.49,212.48,212.49,6
1756488630,212.48,212.51,212.48,212.51,11
1756488635,212.55,212.6,212.55,212.6,24
1756488640,212.6,212.61,212.6,212.6,2
1756488645,212.61,212.61,212.59,212.6,9
1756488650,212.6,212.61,212.6,212.6,0
1756488655,212.63,212.63,212.63,212.63,22
1756488660,212.65,212.65,212.65,212.65,5
1756488665,212.66,212.66,212.63,212.66,9
1756488670,212.65,212.65,212.65,212.65,1
1756488675,212.65,212.65,212.65,212.65,1
1756488680,212.65,212.65,212.63,212.64,8
1756488685,212.62,212.62,212.58,212.58,16
1756488690,212.58,212.58,212.57,212.57,2
1756488695,212.55,212.55,212.54,212.55,6
1756488700,212.56,212.56,212.55,212.56,22
1756488705,212.55,212.56,212.55,212.55,3
1756488710,212.55,212.55,212.54,212.54,20
1756488715,212.52,212.52,212.52,212.52,1
1756488720,212.51,212.53,212.5,212.53,9
1756488725,212.53,212.53,212.52,212.53,2
1756488730,212.53,212.54,212.52,212.54,9
1756488735,212.56,212.56,212.54,212.55,5
1756488740,212.55,212.55,212.54,212.55,5
1756488745,212.56,212.56,212.55,212.56,20
1756488750,212.54,212.55,212.53,212.53,9
1756488755,212.56,212.56,212.53,212.53,5
1756488760,212.53,212.54,212.53,212.53,0
1756488765,212.54,212.54,212.52,212.52,3
1756488770,212.52,212.52,212.49,212.49,14
1756488775,212.51,212.51,212.48,212.48,9
1756488780,212.49,212.49,212.47,212.48,4
1756488785,212.48,212.48,212.48,212.48,0
1756488790,212.5,212.5,212.5,212.5,2
1756488795,212.5,212.5,212.5,212.5,0
1756488800,212.5,212.5,212.5,212.5,0
1756488805,212.56,212.56,212.55,212.56,7
1756488810,212.53,212.54,212.53,212.54,3
1756488815,212.52,212.52,212.5,212.5,2
1756488820,212.5,212.5,212.5,212.5,0
1756488825,212.47,212.48,212.47,212.48,2
1756488830,212.5,212.5,212.49,212.5,22
1756488835,212.51,212.52,212.51,212.52,5
1756488840,212.52,212.52,212.52,212.52,0
1756488845,212.52,212.52,212.45,212.47,29
1756488850,212.49,212.49,212.48,212.48,3
1756488855,212.51,212.51,212.49,212.49,8
1756488860,212.5,212.52,212.5,212.5,8
1756488865,212.48,212.54,212.48,212.54,7
1756488870,212.54,212.54,212.54,212.54,2
1756488875,212.54,212.54,212.52,212.52,16
1756488880,212.52,212.53,212.52,212.53,3
1756488885,212.53,212.53,212.51,212.51,4
1756488890,212.52,212.52,212.51,212.51,3
1756488895,212.53,212.54,212.53,212.54,7
1756488900,212.54,212.56,212.54,212.56,9
1756488905,212.55,212.56,212.55,212.56,2
1756488910,212.57,212.57,212.57,212.57,1
1756488915,212.59,212.59,212.59,212.59,2
1756488920,212.58,212.58,212.57,212.58,1
1756488925,212.6,212.6,212.56,212.56,12
1756488930,212.56,212.56,212.56,212.56,0
1756488935,212.55,212.55,212.53,212.53,37
1756488940,212.54,212.54,212.53,212.54,1
1756488945,212.56,212.57,212.56,212.56,3
1756488950,212.57,212.57,212.56,212.57,1
1756488955,212.58,212.58,212.58,212.58,1
1756488960,212.59,212.6,212.59,212.6,4
1756488965,212.6,212.6,212.58,212.59,6
1756488970,212.59,212.6,212.59,212.59,1
1756488975,212.57,212.59,212.57,212.58,5
1756488980,212.58,212.59,212.58,212.59,7
1756488985,212.58,212.58,212.57,212.57,5
1756488990,212.6,212.6,212.59,212.59,4
1756488995,212.54,212.55,212.54,212.54,9
1756489000,212.56,212.57,212.56,212.56,1
1756489005,212.56,212.57,212.56,212.56,0
1756489010,212.53,212.53,212.52,212.52,2
1756489015,212.48,212.48,212.46,212.47,3
1756489020,212.48,212.48,212.47,212.47,8
1756489025,212.5,212.5,212.49,212.5,1
1756489030,212.47,212.47,212.45,212.46,8
1756489035,212.46,212.46,212.46,212.46,0
1756489040,212.46,212.48,212.46,212.48,7
1756489045,212.46,212.48,212.46,212.48,6
1756489050,212.52,212.52,212.52,212.52,1
1756489055,212.55,212.55,212.54,212.55,1
1756489060,212.55,212.55,212.54,212.55,0
1756489065,212.56,212.56,212.56,212.56,3
1756489070,212.55,212.56,212.55,212.56,19
1756489075,212.58,212.58,212.57,212.58,1
1756489080,212.57,212.58,212.57,212.58,5
1756489085,212.57,212.57,212.57,212.57,1
1756489090,212.58,212.59,212.58,212.59,2
1756489095,212.58,212.59,212.57,212.59,4
1756489100,212.59,212.59,212.58,212.59,0
1756489105,212.59,212.59,212.58,212.59,0
1756489110,212.6,212.62,212.6,212.61,15
1756489115,212.62,212.62,212.6,212.6,2
1756489120,212.6,212.6,212.6,212.6,1
1756489125,212.62,212.62,212.61,212.62,1
1756489130,212.62,212.62,212.59,212.6,27
1756489135,212.6,212.6,212.6,212.6,1
1756489140,212.61,212.61,212.61,212.61,2
1756489145,212.61,212.61,212.6,212.61,8
1756489150,212.61,212.61,212.6,212.61,0
1756489155,212.61,212.62,212.6,212.62,3
1756489160,212.62,212.62,212.62,212.62,0
1756489165,212.63,212.63,212.62,212.62,3
1756489170,212.61,212.62,212.61,212.61,2
1756489175,212.61,212.62,212.61,212.61,1
1756489180,212.63,212.63,212.63,212.63,6
1756489185,212.63,212.63,212.61,212.61,2
1756489190,212.6,212.61,212.59,212.59,22
1756489195,212.59,212.6,212.59,212.59,13
1756489200,212.62,212.62,212.61,212.62,2
1756489205,212.62,212.64,212.62,212.63,12
1756489210,212.63,212.63,212.63,212.63,1
1756489215,212.65,212.65,212.63,212.63,8
1756489220,212.64,212.66,212.62,212.66,20
1756489225,212.66,212.67,212.66,212.67,9
1756489230,212.67,212.67,212.65,212.66,9
1756489235,212.65,212.65,212.65,212.65,1
1756489240,212.65,212.65,212.65,212.65,0
1756489245,212.65,212.66,212.65,212.66,6
1756489250,212.66,212.66,212.66,212.66,1
1756489255,212.68,212.69,212.68,212.68,4
1756489260,212.7,212.72,212.69,212.71,9
1756489265,212.71,212.71,212.7,212.7,7
1756489270,212.71,212.71,212.67,212.68,15
1756489275,212.66,212.66,212.65,212.65,3
1756489280,212.64,212.64,212.64,212.64,1
1756489285,212.63,212.63,212.63,212.63,1
1756489290,212.63,212.65,212.63,212.65,2
1756489295,212.65,212.65,212.65,212.65,2
1756489300,212.65,212.65,212.65,212.65,7
1756489305,212.66,212.66,212.64,212.64,15
1756489310,212.64,212.64,212.63,212.64,7
1756489315,212.62,212.62,212.62,212.62,1
1756489320,212.64,212.64,212.63,212.64,1
1756489325,212.63,212.63,212.62,212.62,3
1756489330,212.65,212.65,212.65,212.65,1
1756489335,212.65,212.66,212.64,212.64,2
1756489340,212.64,212.64,212.64,212.64,0
1756489345,212.61,212.61,212.57,212.57,7
1756489350,212.57,212.57,212.57,212.57,0
1756489355,212.57,212.57,212.57,212.57,0
1756489360,212.59,212.59,212.59,212.59,2
1756489365,212.59,212.59,212.59,212.59,3
1756489370,212.59,212.59,212.59,212.59,3
1756489375,212.57,212.57,212.57,212.57,2
1756489380,212.56,212.56,212.56,212.56,8
1756489385,212.56,212.57,212.56,212.57,5
1756489390,212.57,212.57,212.57,212.57,1
1756489395,212.58,212.58,212.57,212.58,4
1756489400,212.56,212.57,212.56,212.57,47
1756489405,212.56,212.56,212.55,212.55,6
1756489410,212.57,212.57,212.56,212.56,6
1756489415,212.56,212.56,212.55,212.55,3
1756489420,212.55,212.55,212.55,212.55,0
1756489425,212.53,212.53,212.53,212.53,1
1756489430,212.53,212.53,212.53,212.53,3
1756489435,212.56,212.56,212.55,212.55,8
1756489440,212.55,212.55,212.55,212.55,5
1756489445,212.55,212.55,212.55,212.55,0
1756489450,212.55,212.55,212.54,212.54,5
1756489455,212.55,212.55,212.55,212.55,1
1756489460,212.55,212.55,212.55,212.55,0
1756489465,212.57,212.58,212.57,212.58,6
1756489470,212.59,212.59,212.58,212.59,3
1756489475,212.59,212.59,212.58,212.59,0
1756489480,212.59,212.59,212.58,212.59,0
1756489485,212.59,212.59,212.58,212.59,0
1756489490,212.62,212.67,212.62,212.66,19
1756489495,212.65,212.65,212.64,212.65,1
1756489500,212.65,212.65,212.64,212.65,2
1756489505,212.65,212.66,212.64,212.65,3
1756489510,212.65,212.66,212.64,212.66,6
1756489515,212.69,212.7,212.69,212.69,28
1756489520,212.7,212.71,212.7,212.7,6
1756489525,212.71,212.71,212.71,212.71,3
1756489530,212.72,212.72,212.72,212.72,1
1756489535,212.72,212.72,212.71,212.72,5
1756489540,212.72,212.73,212.72,212.72,1
1756489545,212.72,212.73,212.72,212.72,0
1756489550,212.71,212.71,212.71,212.71,9
1756489555,212.74,212.75,212.73,212.73,11
1756489560,212.74,212.75,212.74,212.75,13
1756489565,212.74,212.74,212.73,212.74,2
1756489570,212.73,212.74,212.71,212.71,16
1756489575,212.71,212.71,212.7,212.71,1
1756489580,212.71,212.71,212.7,212.71,1
1756489585,212.71,212.71,212.7,212.7,4
1756489590,212.71,212.71,212.7,212.71,10
1756489595,212.7,212.7,212.7,212.7,1
1756489600,212.7,212.7,212.7,212.7,3
1756489605,212.71,212.71,212.7,212.71,5
1756489610,212.71,212.71,212.69,212.7,9
1756489615,212.7,212.7,212.7,212.7,2
1756489620,212.7,212.71,212.69,212.71,8
1756489625,212.71,212.71,212.71,212.71,2
1756489630,212.72,212.72,212.72,212.72,1
1756489635,212.72,212.72,212.71,212.71,7
1756489640,212.71,212.71,212.71,212.71,0
1756489645,212.69,212.71,212.69,212.71,5
1756489650,212.71,212.71,212.69,212.69,9
1756489655,212.69,212.7,212.69,212.69,4
1756489660,212.69,212.69,212.69,212.69,0
1756489665,212.67,212.69,212.67,212.69,2
1756489670,212.68,212.69,212.68,212.68,21
1756489675,212.67,212.7,212.67,212.7,5
1756489680,212.7,212.7,212.69,212.7,0
1756489685,212.71,212.75,212.71,212.75,13
1756489690,212.74,212.75,212.74,212.75,15
1756489695,212.73,212.73,212.73,212.73,9
1756489700,212.72,212.73,212.71,212.73,5
1756489705,212.72,212.73,212.72,212.73,2
1756489710,212.73,212.74,212.73,212.74,4
1756489715,212.74,212.75,212.73,212.74,5
1756489720,212.75,212.77,212.75,212.77,9
1756489725,212.77,212.77,212.76,212.77,26
1756489730,212.77,212.79,212.76,212.79,47
1756489735,212.78,212.79,212.78,212.79,17
1756489740,212.8,212.81,212.8,212.81,6
1756489745,212.82,212.84,212.81,212.83,14
1756489750,212.83,212.84,212.83,212.83,13
1756489755,212.83,212.83,212.82,212.82,5
1756489760,212.82,212.83,212.81,212.81,13
1756489765,212.81,212.81,212.81,212.81,11
1756489770,212.81,212.81,212.81,212.81,1
1756489775,212.82,212.82,212.82,212.82,2
1756489780,212.84,212.85,212.84,212.84,1
1756489785,212.85,212.85,212.84,212.84,6
1756489790,212.84,212.84,212.82,212.83,7
1756489795,212.82,212.84,212.82,212.83,26
1756489800,212.84,212.84,212.83,212.84,5
1756489805,212.83,212.83,212.82,212.82,4
1756489810,212.81,212.82,212.81,212.82,3
1756489815,212.82,212.84,212.82,212.83,30
1756489820,212.84,212.86,212.84,212.86,8
1756489825,212.86,212.86,212.86,212.86,0
1756489830,212.87,212.88,212.87,212.87,5
1756489835,212.89,212.92,212.89,212.91,17
1756489840,212.91,212.91,212.91,212.91,0
1756489845,212.91,212.91,212.89,212.91,9
1756489850,212.9,212.9,212.89,212.89,7
1756489855,212.89,212.89,212.89,212.89,1
1756489860,212.91,212.91,212.91,212.91,4
1756489865,212.91,212.91,212.9,212.91,2
1756489870,212.91,212.93,212.9,212.92,15
1756489875,212.93,212.94,212.91,212.91,11
1756489880,212.93,212.93,212.92,212.93,2
1756489885,212.94,212.94,212.94,212.94,3
1756489890,212.93,212.94,212.93,212.93,6
1756489895,212.94,212.94,212.94,212.94,4
1756489900,212.92,212.93,212.92,212.93,6
1756489905,212.95,212.95,212.93,212.94,16
1756489910,212.94,212.98,212.94,212.98,12
1756489915,212.98,212.98,212.98,212.98,0
1756489920,212.99,212.99,212.98,212.99,15
1756489925,213.0,213.0,212.99,212.99,69
1756489930,213.0,213.01,213.0,213.01,15
1756489935,213.01,213.04,213.01,213.04,9
1756489940,213.04,213.05,213.04,213.04,7
1756489945,213.04,213.05,213.04,213.05,10
1756489950,213.05,213.06,213.04,213.05,10
1756489955,213.05,213.05,213.05,213.05,1
1756489960,213.07,213.07,213.06,213.06,12
1756489965,213.06,213.07,213.06,213.06,6
1756489970,213.08,213.08,213.07,213.08,10
1756489975,213.08,213.1,213.07,213.09,44
1756489980,213.09,213.11,213.09,213.11,47
1756489985,213.11,213.11,213.1,213.11,1
1756489990,213.11,213.12,213.1,213.11,52
1756489995,213.11,213.11,213.11,213.11,1
1756490000,213.1,213.11,213.09,213.1,45
1756490005,213.09,213.1,213.07,213.08,31
1756490010,213.07,213.07,213.05,213.05,20
1756490015,213.06,213.07,213.05,213.07,15
1756490020,213.07,213.08,213.06,213.07,15
1756490025,213.07,213.07,213.05,213.06,20
1756490030,213.05,213.05,213.04,213.04,9
1756490035,213.05,213.05,213.03,213.03,16
1756490040,213.06,213.08,213.06,213.08,5
1756490045,213.08,213.09,213.07,213.07,9
1756490050,213.07,213.08,213.06,213.06,35
1756490055,213.06,213.06,213.04,213.05,39
1756490060,213.05,213.06,213.05,213.06,5
1756490065,213.06,213.06,213.03,213.03,16
1756490070,213.02,213.02,213.0,213.01,16
1756490075,213.0,213.01,212.99,213.0,15
1756490080,213.0,213.05,213.0,213.05,14
1756490085,213.05,213.06,213.03,213.03,15
1756490090,213.05,213.05,213.02,213.02,14
1756490095,213.02,213.02,213.02,213.02,0
1756490100,213.04,213.05,213.03,213.05,7
1756490105,213.05,213.06,213.05,213.06,33
1756490110,213.05,213.05,213.01,213.02,20
1756490115,213.02,213.02,213.01,213.02,0
1756490120,213.01,213.02,213.01,213.01,13
1756490125,213.01,213.01,213.0,213.0,3
1756490130,213.01,213.01,213.0,213.01,15
1756490135,213.0,213.02,213.0,213.02,12
1756490140,213.01,213.02,213.0,213.0,72
1756490145,213.0,213.01,212.99,213.0,11
1756490150,212.99,213.0,212.98,212.99,13
1756490155,212.99,212.99,212.98,212.99,5
1756490160,212.98,212.98,212.97,212.97,2
1756490165,212.97,212.98,212.97,212.97,13
1756490170,212.97,212.99,212.97,212.99,7
1756490175,213.0,213.03,212.99,213.02,18
1756490180,213.03,213.06,213.03,213.06,5
1756490185,213.05,213.06,213.05,213.05,2
1756490190,213.06,213.06,213.05,213.05,9
1756490195,213.06,213.06,213.06,213.06,5
1756490200,213.06,213.07,213.06,213.06,5
1756490205,213.05,213.06,213.05,213.05,1
1756490210,213.05,213.06,213.05,213.05,0
1756490215,213.06,213.07,213.04,213.05,41
1756490220,213.06,213.06,213.03,213.06,41
1756490225,213.04,213.05,213.04,213.05,3
1756490230,213.05,213.05,213.03,213.04,14
1756490235,213.05,213.06,213.04,213.06,23
1756490240,213.06,213.06,213.05,213.06,30
1756490245,213.05,213.05,213.0,213.01,22
1756490250,213.02,213.03,213.02,213.03,4
1756490255,213.02,213.02,213.02,213.02,2
1756490260,213.02,213.02,213.02,213.02,0
1756490265,212.99,212.99,212.98,212.99,2
1756490270,213.0,213.0,212.99,212.99,3
1756490275,212.98,212.99,212.98,212.99,7
1756490280,213.0,213.01,213.0,213.0,8
1756490285,213.0,213.0,213.0,213.0,8
1756490290,213.0,213.01,212.99,213.01,13
1756490295,213.01,213.01,213.01,213.01,2
1756490300,213.03,213.04,213.02,213.03,14
1756490305,213.03,213.2,213.02,213.19,281
1756490310,213.19,213.88,212.69,212.7,1050
1756490315,212.7,212.9,212.23,212.85,949
1756490320,212.84,212.96,212.71,212.84,254
1756490325,212.83,213.09,212.83,213.09,158
1756490330,213.08,213.12,213.01,213.07,158
1756490335,213.05,213.06,212.96,213.04,132
1756490340,213.03,213.18,213.03,213.17,60
1756490345,213.2,213.22,213.05,213.15,97
1756490350,213.09,213.12,212.92,213.06,138
1756490355,213.08,213.18,213.07,213.09,83
1756490360,213.06,213.18,213.06,213.15,69
1756490365,213.14,213.25,213.14,213.23,86
1756490370,213.2,213.26,213.2,213.24,12
1756490375,213.23,213.33,213.22,213.31,16
1756490380,213.27,213.31,213.24,213.27,56
1756490385,213.26,213.26,213.18,213.22,25
1756490390,213.22,213.25,213.14,213.16,30
1756490395,213.18,213.27,213.18,213.25,34
1756490400,213.24,213.26,213.15,213.17,33
1756490405,213.17,213.21,213.14,213.2,53
1756490410,213.17,213.21,213.14,213.15,67
1756490415,213.27,213.3,213.24,213.24,16
1756490420,213.25,213.27,213.22,213.27,25
1756490425,213.24,213.24,213.18,213.18,85
1756490430,213.17,213.21,213.15,213.15,41
1756490435,213.18,213.19,213.1,213.11,41
1756490440,213.07,213.09,213.03,213.06,60
1756490445,213.06,213.14,213.06,213.12,102
1756490450,213.12,213.17,213.12,213.15,34
1756490455,213.14,213.15,213.12,213.14,23
1756490460,213.15,213.18,213.15,213.18,4
1756490465,213.16,213.24,213.16,213.22,107
1756490470,213.22,213.24,213.21,213.24,7
1756490475,213.27,213.33,213.24,213.33,33
1756490480,213.32,213.32,213.29,213.3,69
1756490485,213.31,213.31,213.29,213.29,13
1756490490,213.33,213.37,213.27,213.28,38
1756490495,213.28,213.3,213.27,213.29,13
1756490500,213.3,213.37,213.3,213.37,14
1756490505,213.35,213.36,213.27,213.29,45
1756490510,213.32,213.32,213.29,213.3,18
1756490515,213.31,213.32,213.3,213.3,4
1756490520,213.31,213.31,213.28,213.29,28
1756490525,213.28,213.31,213.28,213.28,15
1756490530,213.29,213.29,213.29,213.29,1
1756490535,213.28,213.34,213.27,213.34,27
1756490540,213.33,213.38,213.33,213.35,18
1756490545,213.35,213.39,213.35,213.39,13
1756490550,213.41,213.41,213.36,213.36,36
1756490555,213.36,213.39,213.36,213.38,60
1756490560,213.38,213.43,213.38,213.43,7
1756490565,213.42,213.45,213.42,213.42,56
1756490570,213.43,213.46,213.43,213.45,7
1756490575,213.46,213.47,213.44,213.47,28
1756490580,213.45,213.46,213.45,213.46,49
1756490585,213.46,213.48,213.45,213.48,9
1756490590,213.49,213.49,213.45,213.48,57
1756490595,213.47,213.48,213.45,213.45,27
1756490600,213.46,213.48,213.42,213.44,28
1756490605,213.44,213.49,213.42,213.48,77
1756490610,213.49,213.49,213.49,213.49,8
1756490615,213.48,213.59,213.46,213.57,41
1756490620,213.57,213.6,213.56,213.59,40
1756490625,213.58,213.61,213.55,213.6,98
1756490630,213.61,213.65,213.6,213.65,57
1756490635,213.64,213.65,213.61,213.65,74
1756490640,213.65,213.71,213.65,213.67,14
1756490645,213.66,213.69,213.58,213.59,46
1756490650,213.58,213.6,213.57,213.59,27
1756490655,213.57,213.62,213.53,213.54,34
1756490660,213.55,213.55,213.53,213.54,14
1756490665,213.56,213.56,213.5,213.55,93
1756490670,213.56,213.6,213.56,213.59,4
1756490675,213.6,213.62,213.58,213.6,54
1756490680,213.59,213.61,213.56,213.56,39
1756490685,213.59,213.6,213.58,213.59,21
1756490690,213.58,213.58,213.54,213.56,12
1756490695,213.56,213.56,213.49,213.49,30
1756490700,213.49,213.5,213.48,213.49,53
1756490705,213.5,213.52,213.48,213.49,10
1756490710,213.51,213.54,213.5,213.54,5
1756490715,213.56,213.57,213.55,213.56,9
1756490720,213.58,213.59,213.55,213.56,26
1756490725,213.57,213.57,213.55,213.57,15
1756490730,213.56,213.62,213.55,213.62,10
1756490735,213.63,213.64,213.61,213.61,21
1756490740,213.63,213.68,213.63,213.67,47
1756490745,213.7,213.71,213.69,213.7,70
1756490750,213.7,213.7,213.64,213.64,57
1756490755,213.65,213.65,213.62,213.64,20
1756490760,213.64,213.66,213.63,213.65,11
1756490765,213.66,213.69,213.66,213.69,28
1756490770,213.68,213.71,213.67,213.68,23
1756490775,213.67,213.69,213.65,213.67,15
1756490780,213.7,213.71,213.67,213.71,45
1756490785,213.72,213.78,213.71,213.77,26
1756490790,213.77,213.8,213.76,213.78,56
1756490795,213.78,213.82,213.78,213.82,23
1756490800,213.82,213.82,213.78,213.8,24
1756490805,213.79,213.86,213.77,213.86,50
1756490810,213.86,213.88,213.81,213.81,30
1756490815,213.83,213.9,213.83,213.89,63
1756490820,213.89,213.9,213.86,213.87,73
1756490825,213.87,213.96,213.87,213.96,59
1756490830,213.97,213.97,213.9,213.9,61
1756490835,213.91,213.93,213.9,213.93,7
1756490840,213.95,213.96,213.95,213.95,30
1756490845,213.95,213.96,213.92,213.96,74
1756490850,213.95,213.98,213.95,213.97,48
1756490855,213.97,214.03,213.96,213.99,405
1756490860,214.01,214.01,213.99,214.0,11
1756490865,213.99,214.0,213.95,214.0,200
1756490870,214.01,214.01,213.99,214.0,28
1756490875,213.99,214.01,213.96,214.0,47
1756490880,214.01,214.03,214.01,214.01,13
1756490885,214.01,214.05,213.99,214.0,129
1756490890,214.02,214.05,214.01,214.05,30
1756490895,214.04,214.09,214.04,214.09,19
1756490900,214.09,214.09,214.05,214.06,35
1756490905,214.06,214.13,214.06,214.13,28
1756490910,214.13,214.17,214.13,214.17,26
1756490915,214.18,214.21,214.14,214.16,92
1756490920,214.17,214.17,214.0,214.02,111
1756490925,214.03,214.1,214.03,214.09,35
1756490930,214.05,214.06,213.85,213.97,82
1756490935,213.96,213.97,213.94,213.97,21
1756490940,213.99,214.04,213.97,214.03,37
1756490945,214.01,214.03,213.98,213.98,12
1756490950,214.0,214.1,214.0,214.08,64
1756490955,214.1,214.13,214.05,214.09,100
1756490960,214.11,214.13,214.09,214.09,20
1756490965,214.1,214.11,214.0,214.0,21
1756490970,213.99,214.09,213.98,214.09,11
1756490975,214.08,214.08,214.07,214.08,4
1756490980,214.08,214.09,214.05,214.05,10
1756490985,214.08,214.16,214.07,214.16,26
1756490990,214.17,214.17,214.15,214.15,6
1756490995,214.16,214.18,214.15,214.16,32
1756491000,214.15,214.15,214.12,214.14,33
1756491005,214.11,214.11,214.07,214.1,49
1756491010,214.09,214.1,214.08,214.09,10
1756491015,214.09,214.12,214.07,214.1,32
1756491020,214.07,214.15,214.07,214.15,17
1756491025,214.15,214.24,214.14,214.21,62
1756491030,214.22,214.25,214.2,214.25,43
1756491035,214.27,214.35,214.27,214.34,58
1756491040,214.34,214.38,214.31,214.38,87
1756491045,214.37,214.39,214.37,214.38,30
1756491050,214.39,214.39,214.37,214.39,33
1756491055,214.37,214.38,214.36,214.37,23
1756491060,214.39,214.44,214.34,214.35,107
1756491065,214.37,214.39,214.35,214.39,14
1756491070,214.34,214.37,214.25,214.25,71
1756491075,214.25,214.26,214.15,214.17,145
1756491080,214.17,214.22,214.16,214.22,40
1756491085,214.22,214.22,214.14,214.16,35
1756491090,214.18,214.2,214.17,214.2,24
1756491095,214.2,214.29,214.19,214.21,117
1756491100,214.17,214.18,214.11,214.11,86
1756491105,214.12,214.16,214.11,214.15,32
1756491110,214.13,214.23,214.12,214.23,45
1756491115,214.21,214.29,214.18,214.28,83
1756491120,214.31,214.33,214.29,214.31,23
1756491125,214.31,214.38,214.28,214.38,58
1756491130,214.38,214.39,214.32,214.33,39
1756491135,214.35,214.39,214.35,214.37,19
1756491140,214.39,214.4,214.36,214.39,54
1756491145,214.39,214.44,214.39,214.42,13
1756491150,214.43,214.49,214.43,214.48,43
1756491155,214.48,214.49,214.46,214.48,42
1756491160,214.47,214.52,214.47,214.49,123
1756491165,214.49,214.49,214.37,214.39,53
1756491170,214.4,214.42,214.39,214.41,19
1756491175,214.41,214.46,214.4,214.45,39
1756491180,214.47,214.49,214.45,214.45,37
1756491185,214.45,214.48,214.42,214.44,57
1756491190,214.38,214.38,214.35,214.36,12
1756491195,214.36,214.4,214.35,214.4,30
1756491200,214.39,214.49,214.38,214.47,23
1756491205,214.45,214.46,214.43,214.46,11
1756491210,214.45,214.51,214.45,214.48,63
1756491215,214.48,214.55,214.45,214.53,109
1756491220,214.52,214.52,214.46,214.47,10
1756491225,214.48,214.56,214.48,214.56,46
1756491230,214.55,214.59,214.54,214.59,44
1756491235,214.58,214.6,214.54,214.58,45
1756491240,214.59,214.6,214.57,214.58,61
1756491245,214.59,214.63,214.58,214.63,29
1756491250,214.6,214.63,214.57,214.62,23
1756491255,214.63,214.66,214.59,214.64,64
1756491260,214.63,214.63,214.56,214.62,37
1756491265,214.63,214.67,214.63,214.65,24
1756491270,214.63,214.66,214.63,214.65,24
1756491275,214.66,214.67,214.65,214.65,38
1756491280,214.66,214.67,214.63,214.64,22
1756491285,214.64,214.67,214.63,214.64,28
1756491290,214.64,214.66,214.62,214.65,54
1756491295,214.64,214.71,214.64,214.71,53
1756491300,214.7,214.76,214.7,214.74,60
1756491305,214.74,214.75,214.7,214.71,45
1756491310,214.72,214.72,214.67,214.67,41
1756491315,214.68,214.69,214.65,214.65,32
1756491320,214.63,214.65,214.62,214.63,32
1756491325,214.62,214.69,214.59,214.67,45
1756491330,214.67,214.74,214.66,214.74,43
1756491335,214.73,214.8,214.72,214.8,57
1756491340,214.79,214.85,214.79,214.85,85
1756491345,214.85,214.86,214.79,214.81,49
1756491350,214.8,214.82,214.78,214.81,9
1756491355,214.81,214.82,214.79,214.81,28
1756491360,214.81,214.82,214.77,214.81,45
1756491365,214.81,214.82,214.79,214.79,67
1756491370,214.81,214.84,214.8,214.82,26
1756491375,214.82,214.84,214.81,214.82,17
1756491380,214.8,214.84,214.72,214.84,68
1756491385,214.85,214.85,214.78,214.8,66
1756491390,214.79,214.97,214.79,214.97,187
1756491395,214.94,214.95,214.9,214.93,79
1756491400,214.93,214.95,214.91,214.95,35
1756491405,214.95,214.96,214.9,214.9,101
1756491410,214.89,214.91,214.87,214.9,11
1756491415,214.89,214.92,214.87,214.91,50
1756491420,214.91,214.91,214.86,214.88,22
1756491425,214.9,214.93,214.89,214.93,16
1756491430,214.95,214.95,214.9,214.92,26
1756491435,214.93,215.04,214.92,215.01,1199
1756491440,215.04,215.14,215.04,215.13,108
1756491445,215.12,215.12,215.1,215.11,31
1756491450,215.1,215.1,215.07,215.07,44
1756491455,215.07,215.09,215.06,215.08,70
1756491460,215.08,215.08,215.0,215.06,74
1756491465,215.04,215.11,215.04,215.11,20
1756491470,215.12,215.12,215.09,215.11,13
1756491475,215.1,215.11,215.08,215.11,13
1756491480,215.1,215.18,215.1,215.16,70
1756491485,215.16,215.16,215.09,215.14,91
1756491490,215.13,215.16,215.11,215.13,80
1756491495,215.14,215.21,215.14,215.18,62
1756491500,215.19,215.19,215.16,215.18,47
1756491505,215.2,215.2,215.14,215.15,52
1756491510,215.15,215.15,215.06,215.06,64
1756491515,215.06,215.1,215.06,215.1,91
1756491520,215.1,215.11,215.07,215.1,57
1756491525,215.09,215.14,215.09,215.14,24
1756491530,215.14,215.27,215.14,215.24,83
1756491535,215.24,215.27,215.23,215.26,41
1756491540,215.25,215.3,215.23,215.25,119
1756491545,215.24,215.29,215.23,215.29,52
1756491550,215.29,215.31,215.28,215.3,49
1756491555,215.3,215.31,215.24,215.24,82
1756491560,215.27,215.3,215.27,215.28,3
1756491565,215.27,215.31,215.27,215.3,85
1756491570,215.3,215.34,215.29,215.34,20
1756491575,215.31,215.32,215.29,215.3,36
1756491580,215.31,215.33,215.29,215.33,21
1756491585,215.3,215.31,215.24,215.25,43
1756491590,215.24,215.32,215.24,215.27,70
1756491595,215.27,215.27,215.24,215.27,28
1756491600,215.24,215.28,215.2,215.23,165
1756491605,215.22,215.25,215.22,215.23,87
1756491610,215.22,215.25,215.02,215.05,81
1756491615,215.05,215.05,213.69,213.74,1414
1756491620,213.63,214.18,213.04,214.08,1164
1756491625,214.06,214.46,214.05,214.42,199
1756491630,214.41,214.62,214.36,214.5,201
1756491635,214.5,214.79,214.5,214.76,186
1756491640,214.77,214.77,214.52,214.58,309
1756491645,214.63,214.78,214.57,214.57,50
1756491650,214.59,214.64,213.51,213.75,484
1756491655,213.76,214.26,213.7,214.26,275
1756491660,214.22,214.61,214.22,214.47,189
1756491665,214.45,214.78,214.38,214.72,318
1756491670,214.73,214.78,214.65,214.78,111
1756491675,214.78,214.81,214.62,214.66,51
1756491680,214.61,214.75,214.6,214.7,64
1756491685,214.7,214.79,214.65,214.79,32
1756491690,214.76,214.76,214.67,214.67,8
1756491695,214.61,214.77,214.59,214.68,79
1756491700,214.7,214.85,214.7,214.75,80
1756491705,214.76,214.89,214.76,214.87,60
1756491710,214.86,214.91,214.81,214.88,58
1756491715,214.88,214.95,214.87,214.87,47
1756491720,214.89,214.91,214.84,214.88,76
1756491725,214.82,214.9,214.82,214.9,36
1756491730,214.91,214.96,214.91,214.92,22
1756491735,214.92,215.04,214.85,214.9,77
1756491740,214.88,214.91,214.8,214.8,35
1756491745,214.87,214.92,214.85,214.88,33
1756491750,214.87,214.91,214.85,214.9,38
1756491755,214.9,214.96,214.88,214.89,40
1756491760,214.88,215.02,214.84,214.96,72
1756491765,214.94,214.98,214.8,214.84,104
1756491770,214.87,215.06,214.87,215.0,47
1756491775,215.03,215.04,214.96,214.97,71
1756491780,214.97,215.11,214.97,215.01,85
1756491785,215.05,215.11,214.98,215.1,90
1756491790,215.1,215.11,215.01,215.03,88
1756491795,215.04,215.11,215.04,215.06,74
1756491800,215.06,215.11,214.96,214.98,32
1756491805,214.97,215.04,214.95,214.98,24
1756491810,214.97,215.01,214.92,214.96,63
1756491815,214.97,215.06,214.96,215.01,45
1756491820,214.98,215.08,214.94,215.08,27
1756491825,215.13,215.14,215.06,215.13,46
1756491830,215.12,215.13,215.07,215.08,59
1756491835,215.09,215.18,215.09,215.18,39
1756491840,215.15,215.21,215.15,215.19,73
1756491845,215.18,215.19,215.1,215.15,108
1756491850,215.16,215.2,215.13,215.17,24
1756491855,215.14,215.16,215.11,215.13,29
1756491860,215.13,215.18,215.11,215.15,71
1756491865,215.13,215.17,215.09,215.11,14
1756491870,215.09,215.1,214.99,215.0,42
1756491875,215.01,215.08,214.98,215.08,75
1756491880,215.06,215.08,215.01,215.03,39
1756491885,215.03,215.06,215.02,215.05,22
1756491890,215.11,215.16,215.09,215.09,69
1756491895,215.11,215.11,215.09,215.1,25
1756491900,215.09,215.1,215.01,215.02,72
1756491905,215.03,215.03,214.98,214.98,47
1756491910,214.98,215.05,214.97,214.97,17
1756491915,215.0,215.0,214.81,214.85,29
1756491920,214.82,214.86,214.78,214.8,48
1756491925,214.79,214.8,214.73,214.77,30
1756491930,214.8,214.93,214.78,214.92,31
1756491935,214.95,214.95,214.92,214.95,44
1756491940,214.92,214.97,214.92,214.97,18
1756491945,214.95,214.98,214.93,214.94,31
1756491950,214.94,214.97,214.82,214.83,23
1756491955,214.76,214.82,214.75,214.82,8
1756491960,214.8,214.9,214.8,214.89,18
1756491965,214.86,214.87,214.81,214.84,55
1756491970,214.81,214.84,214.78,214.79,44
1756491975,214.77,214.8,214.69,214.8,66
1756491980,214.78,214.79,214.74,214.75,27
1756491985,214.73,214.77,214.71,214.76,41
1756491990,214.78,214.85,214.75,214.82,82
1756491995,214.81,214.9,214.81,214.9,33
1756492000,214.89,214.91,214.86,214.91,6
1756492005,214.96,215.0,214.88,214.94,93
1756492010,214.95,214.96,214.86,214.86,51
1756492015,214.87,214.9,214.87,214.9,22
1756492020,214.89,214.89,214.78,214.8,56
1756492025,214.78,214.8,214.64,214.69,41
1756492030,214.69,214.72,214.66,214.72,38
1756492035,214.72,214.73,214.7,214.72,15
1756492040,214.69,214.81,214.69,214.8,25
1756492045,214.82,214.83,214.78,214.79,53
1756492050,214.77,214.79,214.74,214.74,69
1756492055,214.73,214.73,214.64,214.64,29
1756492060,214.63,214.69,214.63,214.69,17
1756492065,214.66,214.69,214.65,214.67,28
1756492070,214.67,214.67,214.61,214.61,9
1756492075,214.59,214.62,214.59,214.61,16
1756492080,214.59,214.61,214.5,214.5,24
1756492085,214.49,214.5,214.4,214.49,39
1756492090,214.44,214.44,214.27,214.28,20
1756492095,214.27,214.36,214.26,214.31,12
1756492100,214.27,214.29,214.17,214.17,60
1756492105,214.21,214.22,214.11,214.12,54
1756492110,214.11,214.17,214.1,214.14,31
1756492115,214.12,214.12,214.09,214.11,33
1756492120,214.11,214.15,214.1,214.12,20
1756492125,214.11,214.17,214.11,214.13,34
1756492130,214.14,214.24,214.12,214.19,82
1756492135,214.15,214.23,214.14,214.23,22
1756492140,214.2,214.35,214.2,214.35,32
1756492145,214.34,214.41,214.34,214.4,49
1756492150,214.43,214.43,214.34,214.34,7
1756492155,214.33,214.35,214.31,214.35,14
1756492160,214.33,214.42,214.32,214.34,48
1756492165,214.33,214.38,214.32,214.37,42
1756492170,214.36,214.38,214.24,214.24,16
1756492175,214.24,214.26,214.24,214.26,5
1756492180,214.3,214.36,214.29,214.35,7
1756492185,214.36,214.43,214.36,214.43,23
1756492190,214.44,214.5,214.4,214.41,71
1756492195,214.43,214.43,214.39,214.39,8
1756492200,214.4,214.42,214.39,214.41,9
1756492205,214.41,214.41,214.37,214.37,3
1756492210,214.39,214.42,214.39,214.39,17
1756492215,214.37,214.37,214.29,214.29,29
1756492220,214.31,214.35,214.3,214.32,11
1756492225,214.33,214.37,214.33,214.37,14
1756492230,214.36,214.38,214.36,214.37,30
1756492235,214.38,214.41,214.36,214.37,24
1756492240,214.37,214.42,214.32,214.32,66
1756492245,214.32,214.32,214.25,214.25,14
1756492250,214.23,214.29,214.22,214.28,53
1756492255,214.32,214.37,214.31,214.36,26
1756492260,214.39,214.39,214.34,214.34,25
1756492265,214.36,214.38,214.23,214.23,29
1756492270,214.24,214.31,214.24,214.31,11
1756492275,214.31,214.31,214.29,214.29,5
1756492280,214.32,214.32,214.28,214.28,5
1756492285,214.27,214.28,214.26,214.28,2
1756492290,214.25,214.28,214.25,214.26,19
1756492295,214.25,214.25,214.15,214.15,31
1756492300,214.18,214.23,214.18,214.23,23
1756492305,214.23,214.24,214.21,214.22,10
1756492310,214.2,214.26,214.16,214.21,26
1756492315,214.25,214.25,214.2,214.2,39
1756492320,214.22,214.25,214.22,214.25,4
1756492325,214.27,214.34,214.26,214.34,8
1756492330,214.36,214.44,214.36,214.44,16
1756492335,214.45,214.46,214.43,214.43,19
1756492340,214.44,214.45,214.44,214.45,10
1756492345,214.46,214.48,214.35,214.37,14
1756492350,214.36,214.37,214.36,214.37,4
1756492355,214.4,214.44,214.4,214.43,3
1756492360,214.45,214.46,214.42,214.42,79
1756492365,214.42,214.42,214.42,214.42,10
1756492370,214.45,214.47,214.45,214.47,15
1756492375,214.45,214.45,214.38,214.38,15
1756492380,214.38,214.38,214.34,214.34,2
1756492385,214.34,214.34,214.23,214.34,46
1756492390,214.34,214.36,214.32,214.32,5
1756492395,214.31,214.32,214.31,214.32,2
1756492400,214.32,214.34,214.27,214.28,6
1756492405,214.28,214.29,214.17,214.18,63
1756492410,214.19,214.25,214.19,214.22,10
1756492415,214.22,214.22,214.21,214.22,2
1756492420,214.16,214.17,214.12,214.12,22
1756492425,214.11,214.15,214.11,214.14,17
1756492430,214.14,214.17,214.1,214.11,29
1756492435,214.1,214.3,214.1,214.27,58
1756492440,214.28,214.32,214.27,214.29,33
1756492445,214.31,214.34,214.31,214.32,10
1756492450,214.31,214.31,214.31,214.31,8
1756492455,214.33,214.37,214.33,214.37,8
1756492460,214.36,214.37,214.33,214.34,20
1756492465,214.34,214.41,214.34,214.41,7
1756492470,214.39,214.46,214.39,214.45,5
1756492475,214.5,214.5,214.48,214.48,19
1756492480,214.44,214.45,214.42,214.44,36
1756492485,214.43,214.43,214.42,214.43,9
1756492490,214.44,214.47,214.43,214.46,13
1756492495,214.5,214.55,214.5,214.52,39
1756492500,214.52,214.52,214.44,214.51,36
1756492505,214.48,214.48,214.42,214.43,11
1756492510,214.44,214.45,214.38,214.4,25
1756492515,214.37,214.44,214.37,214.42,14
1756492520,214.44,214.44,214.44,214.44,7
1756492525,214.53,214.55,214.51,214.54,27
1756492530,214.55,214.57,214.55,214.55,9
1756492535,214.55,214.59,214.55,214.59,25
1756492540,214.59,214.59,214.55,214.55,25
1756492545,214.55,214.58,214.55,214.56,14
1756492550,214.55,214.58,214.5,214.58,63
1756492555,214.59,214.63,214.59,214.63,33
1756492560,214.63,214.64,214.59,214.59,45
1756492565,214.59,214.6,214.59,214.59,0
1756492570,214.62,214.64,214.61,214.63,22
1756492575,214.62,214.65,214.53,214.53,39
1756492580,214.54,214.55,214.52,214.54,5
1756492585,214.53,214.58,214.53,214.58,47
1756492590,214.58,214.58,214.57,214.58,1
1756492595,214.55,214.57,214.55,214.56,19
1756492600,214.57,214.59,214.57,214.58,10
1756492605,214.57,214.57,214.55,214.55,4
1756492610,214.55,214.56,214.49,214.56,19
1756492615,214.54,214.56,214.49,214.49,7
1756492620,214.51,214.51,214.43,214.43,32
1756492625,214.45,214.46,214.43,214.45,20
1756492630,214.41,214.49,214.41,214.48,14
1756492635,214.5,214.57,214.5,214.55,24
1756492640,214.56,214.56,214.5,214.52,9
1756492645,214.56,214.56,214.51,214.52,5
1756492650,214.55,214.58,214.53,214.53,57
1756492655,214.53,214.53,214.52,214.52,7
1756492660,214.51,214.52,214.51,214.51,1
1756492665,214.54,214.55,214.52,214.53,23
1756492670,214.53,214.53,214.51,214.51,22
1756492675,214.49,214.54,214.49,214.54,8
1756492680,214.52,214.52,214.52,214.52,2
1756492685,214.5,214.57,214.5,214.56,24
1756492690,214.56,214.56,214.5,214.5,5
1756492695,214.56,214.56,214.55,214.56,9
1756492700,214.56,214.56,214.55,214.56,0
1756492705,214.59,214.59,214.52,214.55,35
1756492710,214.55,214.55,214.52,214.53,3
1756492715,214.53,214.53,214.5,214.53,11
1756492720,214.53,214.53,214.44,214.46,21
1756492725,214.46,214.49,214.44,214.45,43
1756492730,214.45,214.45,214.43,214.44,4
1756492735,214.43,214.48,214.43,214.48,12
1756492740,214.51,214.51,214.44,214.44,17
1756492745,214.44,214.44,214.26,214.26,45
1756492750,214.28,214.3,214.26,214.27,13
1756492755,214.29,214.3,214.21,214.26,41
1756492760,214.24,214.26,214.23,214.26,8
1756492765,214.23,214.23,214.19,214.2,8
1756492770,214.22,214.23,214.21,214.23,5
1756492775,214.22,214.25,214.18,214.19,9
1756492780,214.24,214.26,214.23,214.23,10
1756492785,214.2,214.23,214.2,214.23,5
1756492790,214.21,214.24,214.19,214.2,20
1756492795,214.19,214.2,214.15,214.16,26
1756492800,214.14,214.16,214.11,214.13,15
1756492805,214.1,214.13,214.07,214.11,14
1756492810,214.11,214.11,214.05,214.05,15
1756492815,214.07,214.07,214.04,214.05,18
1756492820,214.06,214.07,214.03,214.03,6
1756492825,214.03,214.07,214.03,214.04,11
1756492830,214.04,214.08,214.03,214.08,13
1756492835,214.08,214.1,214.05,214.07,16
1756492840,214.08,214.15,214.07,214.1,29
1756492845,214.11,214.11,214.04,214.06,32
1756492850,214.08,214.08,214.07,214.08,8
1756492855,214.07,214.09,214.06,214.08,28
1756492860,214.07,214.11,214.07,214.09,19
1756492865,214.12,214.21,214.11,214.21,22
1756492870,214.25,214.27,214.23,214.25,29
1756492875,214.26,214.26,214.25,214.26,2
1756492880,214.2,214.2,214.18,214.19,3
1756492885,214.18,214.18,214.16,214.18,5
1756492890,214.16,214.18,214.1,214.1,11
1756492895,214.1,214.13,214.1,214.11,13
1756492900,214.14,214.15,214.14,214.14,6
1756492905,214.14,214.21,214.14,214.21,13
1756492910,214.24,214.27,214.23,214.23,46
1756492915,214.26,214.26,214.25,214.26,8
1756492920,214.26,214.26,214.21,214.22,2
1756492925,214.26,214.27,214.24,214.24,10
1756492930,214.27,214.29,214.27,214.27,6
1756492935,214.28,214.28,214.22,214.23,13
1756492940,214.23,214.23,214.22,214.23,0
1756492945,214.17,214.19,214.16,214.19,5
1756492950,214.2,214.2,214.18,214.19,12
1756492955,214.18,214.18,214.14,214.14,12
1756492960,214.14,214.14,214.08,214.08,5
1756492965,214.09,214.11,214.09,214.09,9
1756492970,214.11,214.11,214.11,214.11,1
1756492975,214.11,214.11,214.09,214.09,22
1756492980,214.09,214.09,214.08,214.09,6
1756492985,214.1,214.1,214.04,214.04,71
1756492990,214.06,214.06,214.04,214.06,14
1756492995,214.05,214.05,214.05,214.05,2
1756493000,214.01,214.02,214.01,214.02,3
1756493005,214.03,214.04,214.03,214.04,5
1756493010,214.06,214.06,214.02,214.02,16
1756493015,214.03,214.03,214.01,214.01,4
1756493020,214.02,214.04,214.01,214.03,21
1756493025,214.03,214.03,214.02,214.03,2
1756493030,214.03,214.03,213.96,213.97,12
1756493035,213.96,213.98,213.96,213.97,4
1756493040,213.97,214.0,213.97,213.99,9
1756493045,213.98,214.02,213.97,214.02,13
1756493050,214.0,214.03,213.98,214.01,31
1756493055,214.01,214.01,214.01,214.01,1
1756493060,214.02,214.03,214.02,214.03,4
1756493065,214.02,214.1,214.02,214.09,73
1756493070,214.07,214.07,214.03,214.03,3
1756493075,214.04,214.04,214.04,214.04,1
1756493080,214.03,214.06,214.02,214.06,22
1756493085,214.06,214.1,214.06,214.09,43
1756493090,214.1,214.1,214.1,214.1,6
1756493095,214.09,214.14,214.09,214.14,12
1756493100,214.13,214.14,214.1,214.11,17
1756493105,214.13,214.15,214.12,214.13,6
1756493110,214.12,214.15,214.12,214.13,7
1756493115,214.13,214.13,214.12,214.13,1
1756493120,214.11,214.14,214.11,214.14,4
1756493125,214.14,214.16,214.14,214.14,12
1756493130,214.14,214.15,214.13,214.13,12
1756493135,214.14,214.19,214.14,214.19,5
1756493140,214.2,214.25,214.19,214.25,12
1756493145,214.27,214.28,214.27,214.28,12
1756493150,214.28,214.29,214.28,214.29,22
1756493155,214.3,214.32,214.29,214.29,17
1756493160,214.31,214.33,214.3,214.31,23
1756493165,214.31,214.33,214.31,214.33,8
1756493170,214.35,214.38,214.35,214.36,10
1756493175,214.36,214.36,214.31,214.32,33
1756493180,214.3,214.32,214.29,214.32,7
1756493185,214.34,214.36,214.34,214.35,5
1756493190,214.31,214.32,214.3,214.3,28
1756493195,214.29,214.31,214.29,214.31,4
1756493200,214.31,214.32,214.31,214.31,1
1756493205,214.3,214.3,214.29,214.29,4
1756493210,214.3,214.3,214.19,214.2,15
1756493215,214.2,214.24,214.2,214.23,10
1756493220,214.2,214.23,214.17,214.19,13
1756493225,214.2,214.24,214.2,214.23,10
1756493230,214.25,214.25,214.24,214.25,6
1756493235,214.22,214.23,214.16,214.17,14
1756493240,214.16,214.18,214.14,214.17,8
1756493245,214.17,214.21,214.17,214.2,8
1756493250,214.18,214.18,214.18,214.18,2
1756493255,214.19,214.2,214.15,214.15,17
1756493260,214.16,214.16,214.11,214.14,14
1756493265,214.12,214.14,214.12,214.12,4
1756493270,214.16,214.16,214.16,214.16,1
1756493275,214.14,214.17,214.14,214.16,3
1756493280,214.15,214.16,214.14,214.15,48
1756493285,214.15,214.19,214.14,214.19,9
1756493290,214.2,214.21,214.18,214.19,10
1756493295,214.19,214.22,214.18,214.22,6
1756493300,214.23,214.23,214.23,214.23,3
1756493305,214.23,214.23,214.23,214.23,1
1756493310,214.21,214.23,214.21,214.23,38
1756493315,214.24,214.25,214.23,214.24,12
1756493320,214.21,214.25,214.21,214.25,4
1756493325,214.24,214.34,214.24,214.27,100
1756493330,214.27,214.29,214.27,214.28,8
1756493335,214.28,214.3,214.27,214.3,16
1756493340,214.3,214.3,214.3,214.3,3
1756493345,214.29,214.3,214.28,214.3,4
1756493350,214.28,214.3,214.28,214.29,14
1756493355,214.29,214.29,214.29,214.29,2
1756493360,214.3,214.32,214.29,214.3,60
1756493365,214.3,214.31,214.3,214.3,0
1756493370,214.31,214.31,214.31,214.31,1
1756493375,214.32,214.33,214.31,214.32,36
1756493380,214.31,214.31,214.3,214.31,14
1756493385,214.3,214.31,214.3,214.31,14
1756493390,214.3,214.31,214.3,214.31,7
1756493395,214.31,214.31,214.27,214.28,15
1756493400,214.26,214.26,214.19,214.19,10
1756493405,214.19,214.23,214.19,214.2,13
1756493410,214.18,214.26,214.17,214.26,52
1756493415,214.24,214.28,214.21,214.21,21
1756493420,214.2,214.21,214.16,214.21,32
1756493425,214.2,214.21,214.2,214.2,5
1756493430,214.19,214.2,214.19,214.19,2
1756493435,214.2,214.2,214.19,214.19,23
1756493440,214.2,214.2,214.2,214.2,2
1756493445,214.21,214.21,214.21,214.21,10
1756493450,214.22,214.22,214.18,214.18,16
1756493455,214.18,214.2,214.16,214.17,24
1756493460,214.2,214.2,214.2,214.2,1
1756493465,214.2,214.23,214.2,214.23,4
1756493470,214.23,214.25,214.21,214.21,6
1756493475,214.23,214.25,214.21,214.25,3
1756493480,214.27,214.27,214.25,214.25,5
1756493485,214.27,214.27,214.26,214.26,3
1756493490,214.24,214.24,214.15,214.16,52
1756493495,214.15,214.18,214.14,214.18,35
1756493500,214.18,214.19,214.16,214.19,14
1756493505,214.16,214.19,214.14,214.14,75
1756493510,214.15,214.17,214.13,214.13,176
1756493515,214.13,214.14,214.12,214.12,6
1756493520,214.13,214.14,214.13,214.14,7
1756493525,214.12,214.15,214.12,214.14,35
1756493530,214.16,214.2,214.16,214.19,66
1756493535,214.19,214.19,214.17,214.19,21
1756493540,214.21,214.22,214.2,214.22,19
1756493545,214.21,214.22,214.19,214.21,26
1756493550,214.22,214.23,214.22,214.22,5
1756493555,214.24,214.26,214.24,214.26,18
1756493560,214.26,214.26,214.25,214.26,1
1756493565,214.23,214.26,214.23,214.26,6
1756493570,214.24,214.24,214.22,214.23,9
1756493575,214.21,214.23,214.21,214.22,31
1756493580,214.22,214.22,214.22,214.22,12
1756493585,214.21,214.22,214.14,214.14,19
1756493590,214.13,214.14,214.12,214.13,12
1756493595,214.13,214.15,214.13,214.15,18
1756493600,214.14,214.14,214.14,214.14,1
1756493605,214.15,214.16,214.15,214.15,15
1756493610,214.15,214.15,214.15,214.15,0
1756493615,214.16,214.2,214.15,214.2,6
1756493620,214.17,214.17,214.16,214.16,3
1756493625,214.17,214.22,214.17,214.22,32
1756493630,214.21,214.23,214.2,214.21,19
1756493635,214.22,214.22,214.2,214.21,11
1756493640,214.21,214.24,214.2,214.24,12
1756493645,214.26,214.28,214.26,214.28,16
1756493650,214.28,214.3,214.27,214.29,51
1756493655,214.27,214.28,214.25,214.27,43
1756493660,214.27,214.27,214.26,214.27,13
1756493665,214.25,214.27,214.24,214.25,13
1756493670,214.26,214.27,214.24,214.26,42
1756493675,214.26,214.27,214.25,214.27,17
1756493680,214.27,214.27,214.25,214.26,16
1756493685,214.22,214.22,214.22,214.22,1
1756493690,214.21,214.23,214.2,214.2,112
1756493695,214.2,214.2,214.13,214.14,30
1756493700,214.16,214.18,214.16,214.17,39
1756493705,214.16,214.16,214.15,214.16,11
1756493710,214.17,214.17,214.13,214.16,41
1756493715,214.16,214.17,214.15,214.17,7
1756493720,214.17,214.17,214.15,214.17,15
1756493725,214.15,214.16,214.11,214.11,16
1756493730,214.1,214.11,214.06,214.06,38
1756493735,214.08,214.1,214.08,214.08,12
1756493740,214.07,214.07,214.06,214.06,4
1756493745,214.06,214.06,214.04,214.05,6
1756493750,214.07,214.07,214.06,214.06,3
1756493755,214.06,214.09,214.04,214.08,30
1756493760,214.08,214.08,214.07,214.08,12
1756493765,214.08,214.1,214.07,214.07,49
1756493770,214.07,214.09,214.07,214.09,5
1756493775,214.08,214.09,214.07,214.08,16
1756493780,214.07,214.07,214.05,214.05,14
1756493785,214.05,214.05,214.04,214.05,8
1756493790,214.05,214.05,214.05,214.05,1
1756493795,214.04,214.05,214.03,214.05,9
1756493800,214.04,214.06,214.0,214.01,24
1756493805,213.98,213.99,213.95,213.99,6
1756493810,213.96,214.01,213.95,214.01,12
1756493815,214.0,214.01,214.0,214.0,10
1756493820,214.02,214.02,214.02,214.02,1
1756493825,213.99,213.99,213.97,213.97,2
1756493830,213.98,213.99,213.95,213.98,21
1756493835,213.98,213.98,213.96,213.97,10
1756493840,213.97,213.98,213.96,213.98,6
1756493845,213.96,213.98,213.95,213.96,8
1756493850,213.97,213.97,213.95,213.96,23
1756493855,213.98,213.98,213.97,213.97,10
1756493860,213.96,213.96,213.95,213.96,3
1756493865,213.96,214.01,213.94,214.01,9
1756493870,214.01,214.01,213.99,214.0,10
1756493875,214.0,214.01,213.99,214.0,11
1756493880,214.0,214.0,213.99,214.0,5
1756493885,214.01,214.07,214.01,214.05,32
1756493890,214.04,214.05,214.02,214.05,17
1756493895,214.06,214.07,214.04,214.05,8
1756493900,214.05,214.07,214.05,214.07,34
1756493905,214.08,214.11,214.07,214.11,18
1756493910,214.1,214.1,214.1,214.1,11
1756493915,214.13,214.2,214.12,214.2,38
1756493920,214.22,214.22,214.2,214.21,25
1756493925,214.2,214.22,214.18,214.2,12
1756493930,214.21,214.22,214.19,214.2,8
1756493935,214.2,214.2,214.19,214.2,0
1756493940,214.26,214.26,214.26,214.26,1
1756493945,214.28,214.29,214.27,214.28,24
1756493950,214.29,214.31,214.28,214.31,23
1756493955,214.3,214.35,214.3,214.34,13
1756493960,214.31,214.31,214.27,214.28,20
1756493965,214.28,214.29,214.27,214.28,15
1756493970,214.29,214.31,214.29,214.31,13
1756493975,214.31,214.31,214.29,214.3,10
1756493980,214.32,214.33,214.32,214.32,10
1756493985,214.32,214.33,214.31,214.31,15
1756493990,214.32,214.34,214.32,214.34,11
1756493995,214.33,214.34,214.33,214.34,11
1756494000,214.34,214.37,214.34,214.35,7
1756494005,214.35,214.39,214.34,214.39,17
1756494010,214.37,214.38,214.32,214.33,21
1756494015,214.33,214.33,214.23,214.25,7
1756494020,214.24,214.26,214.24,214.25,10
1756494025,214.26,214.28,214.26,214.27,7
1756494030,214.26,214.26,214.16,214.17,10
1756494035,214.21,214.21,214.19,214.2,8
1756494040,214.17,214.17,214.17,214.17,2
1756494045,214.21,214.21,214.2,214.21,11
1756494050,214.21,214.21,214.2,214.21,0
1756494055,214.18,214.18,214.15,214.18,12
1756494060,214.18,214.21,214.18,214.18,19
1756494065,214.19,214.2,214.19,214.2,5
1756494070,214.22,214.25,214.22,214.24,29
1756494075,214.24,214.28,214.24,214.28,10
1756494080,214.31,214.31,214.29,214.29,20
1756494085,214.28,214.35,214.28,214.35,71
1756494090,214.33,214.33,214.32,214.33,4
1756494095,214.35,214.35,214.33,214.33,3
1756494100,214.33,214.35,214.3,214.3,33
1756494105,214.32,214.32,214.29,214.29,13
1756494110,214.28,214.3,214.27,214.28,17
1756494115,214.29,214.29,214.28,214.28,4
1756494120,214.27,214.27,214.26,214.27,6
1756494125,214.27,214.27,214.26,214.27,3
1756494130,214.26,214.32,214.26,214.29,7
1756494135,214.29,214.29,214.29,214.29,0
1756494140,214.28,214.29,214.24,214.24,9
1756494145,214.26,214.27,214.25,214.26,8
1756494150,214.26,214.26,214.26,214.26,1
1756494155,214.26,214.29,214.25,214.28,18
1756494160,214.28,214.28,214.28,214.28,0
1756494165,214.3,214.3,214.28,214.29,6
1756494170,214.29,214.3,214.29,214.29,2
1756494175,214.3,214.31,214.28,214.29,17
1756494180,214.28,214.3,214.26,214.26,30
1756494185,214.26,214.3,214.26,214.3,8
1756494190,214.29,214.29,214.28,214.29,11
1756494195,214.27,214.27,214.27,214.27,5
1756494200,214.28,214.28,214.27,214.28,8
1756494205,214.26,214.3,214.25,214.3,22
1756494210,214.3,214.3,214.3,214.3,3
1756494215,214.32,214.32,214.31,214.32,4
1756494220,214.33,214.36,214.33,214.35,12
1756494225,214.35,214.37,214.34,214.34,32
1756494230,214.32,214.35,214.31,214.34,9
1756494235,214.34,214.35,214.34,214.34,0
1756494240,214.34,214.35,214.34,214.35,7
1756494245,214.36,214.39,214.36,214.36,19
1756494250,214.36,214.36,214.34,214.35,8
1756494255,214.33,214.33,214.31,214.31,5
1756494260,214.31,214.32,214.31,214.31,2
1756494265,214.33,214.34,214.33,214.34,3
1756494270,214.31,214.32,214.31,214.31,10
1756494275,214.3,214.3,214.3,214.3,1
1756494280,214.3,214.32,214.29,214.32,7
1756494285,214.31,214.32,214.31,214.32,3
1756494290,214.33,214.33,214.31,214.32,16
1756494295,214.33,214.33,214.29,214.33,57
1756494300,214.34,214.35,214.34,214.35,4
1756494305,214.35,214.36,214.35,214.35,7
1756494310,214.36,214.39,214.36,214.38,13
1756494315,214.39,214.39,214.34,214.36,39
1756494320,214.35,214.37,214.34,214.37,11
1756494325,214.37,214.38,214.36,214.38,4
1756494330,214.38,214.4,214.37,214.37,18
1756494335,214.36,214.37,214.35,214.35,2
1756494340,214.33,214.33,214.27,214.27,25
1756494345,214.27,214.27,214.26,214.27,6
1756494350,214.26,214.33,214.26,214.33,10
1756494355,214.33,214.33,214.32,214.32,9
1756494360,214.3,214.3,214.24,214.26,32
1756494365,214.26,214.26,214.26,214.26,1
1756494370,214.24,214.24,214.22,214.23,17
1756494375,214.23,214.26,214.23,214.26,5
1756494380,214.25,214.28,214.25,214.28,12
1756494385,214.29,214.29,214.27,214.27,18
1756494390,214.28,214.29,214.28,214.28,3
1756494395,214.3,214.3,214.29,214.3,1
1756494400,214.28,214.29,214.28,214.28,2
1756494405,214.29,214.34,214.29,214.34,10
1756494410,214.34,214.36,214.34,214.36,10
1756494415,214.35,214.35,214.32,214.32,8
1756494420,214.34,214.38,214.34,214.37,16
1756494425,214.38,214.39,214.35,214.35,32
1756494430,214.34,214.39,214.32,214.39,21
1756494435,214.41,214.47,214.41,214.44,75
1756494440,214.42,214.42,214.38,214.4,16
1756494445,214.4,214.44,214.39,214.44,24
1756494450,214.45,214.48,214.45,214.46,8
1756494455,214.46,214.47,214.45,214.46,7
1756494460,214.46,214.46,214.45,214.45,18
1756494465,214.46,214.48,214.39,214.39,77
1756494470,214.38,214.44,214.38,214.43,27
1756494475,214.43,214.44,214.41,214.41,10
1756494480,214.4,214.4,214.37,214.38,17
1756494485,214.38,214.39,214.38,214.38,7
1756494490,214.39,214.39,214.38,214.38,13
1756494495,214.38,214.38,214.36,214.37,7
1756494500,214.39,214.4,214.37,214.37,7
1756494505,214.38,214.39,214.38,214.38,4
1756494510,214.38,214.39,214.37,214.37,11
1756494515,214.41,214.41,214.38,214.39,119
1756494520,214.39,214.39,214.35,214.36,26
1756494525,214.39,214.39,214.39,214.39,18
1756494530,214.41,214.41,214.37,214.38,14
1756494535,214.38,214.39,214.36,214.38,22
1756494540,214.36,214.38,214.36,214.36,35
1756494545,214.37,214.38,214.37,214.38,35
1756494550,214.38,214.38,214.37,214.37,6
1756494555,214.36,214.37,214.36,214.36,8
1756494560,214.36,214.38,214.36,214.38,4
1756494565,214.38,214.38,214.36,214.37,19
1756494570,214.38,214.4,214.38,214.4,4
1756494575,214.41,214.44,214.34,214.34,48
1756494580,214.34,214.35,214.34,214.35,2
1756494585,214.36,214.38,214.35,214.38,5
1756494590,214.38,214.38,214.38,214.38,2
1756494595,214.37,214.38,214.37,214.37,16
1756494600,214.36,214.36,214.33,214.34,9
1756494605,214.34,214.35,214.34,214.35,7
1756494610,214.36,214.36,214.35,214.36,5
1756494615,214.36,214.36,214.36,214.36,0
1756494620,214.36,214.37,214.36,214.36,5
1756494625,214.35,214.37,214.35,214.37,9
1756494630,214.38,214.39,214.36,214.36,11
1756494635,214.35,214.35,214.34,214.34,6
1756494640,214.35,214.35,214.34,214.34,14
1756494645,214.33,214.34,214.33,214.33,23
1756494650,214.31,214.36,214.31,214.35,26
1756494655,214.34,214.35,214.34,214.34,25
1756494660,214.35,214.49,214.35,214.48,68
1756494665,214.49,214.49,214.48,214.48,4
1756494670,214.48,214.48,214.46,214.48,41
1756494675,214.48,214.48,214.47,214.48,0
1756494680,214.46,214.48,214.46,214.46,14
1756494685,214.48,214.48,214.41,214.41,23
1756494690,214.45,214.47,214.44,214.47,51
1756494695,214.46,214.47,214.44,214.45,54
1756494700,214.44,214.44,214.41,214.42,29
1756494705,214.43,214.44,214.43,214.43,7
1756494710,214.44,214.46,214.44,214.45,16
1756494715,214.46,214.46,214.42,214.42,18
1756494720,214.42,214.43,214.42,214.43,6
1756494725,214.44,214.44,214.42,214.43,15
1756494730,214.43,214.44,214.41,214.42,20
1756494735,214.43,214.43,214.42,214.43,6
1756494740,214.42,214.42,214.39,214.39,30
1756494745,214.41,214.41,214.41,214.41,4
1756494750,214.39,214.39,214.39,214.39,2
1756494755,214.39,214.43,214.38,214.41,20
1756494760,214.42,214.42,214.41,214.42,13
1756494765,214.39,214.39,214.39,214.39,1
1756494770,214.41,214.52,214.41,214.48,85
1756494775,214.48,214.5,214.47,214.5,22
1756494780,214.5,214.52,214.5,214.5,8
1756494785,214.5,214.5,214.4,214.41,23
1756494790,214.41,214.42,214.4,214.42,6
1756494795,214.4,214.4,214.4,214.4,2
1756494800,214.41,214.41,214.38,214.38,10
1756494805,214.37,214.38,214.36,214.37,12
1756494810,214.37,214.37,214.32,214.35,27
1756494815,214.33,214.34,214.31,214.32,48
1756494820,214.3,214.3,214.29,214.3,11
1756494825,214.3,214.33,214.28,214.33,33
1756494830,214.34,214.34,214.3,214.32,19
1756494835,214.32,214.32,214.28,214.28,6
1756494840,214.26,214.28,214.25,214.28,5
1756494845,214.27,214.27,214.25,214.25,4
1756494850,214.27,214.27,214.25,214.26,5
1756494855,214.26,214.26,214.23,214.24,17
1756494860,214.23,214.23,214.23,214.23,2
1756494865,214.22,214.28,214.22,214.27,22
1756494870,214.26,214.27,214.25,214.25,4
1756494875,214.25,214.25,214.25,214.25,0
1756494880,214.24,214.27,214.24,214.26,10
1756494885,214.26,214.27,214.25,214.27,8
1756494890,214.26,214.28,214.26,214.27,20
1756494895,214.26,214.26,214.26,214.26,2
1756494900,214.25,214.25,214.19,214.22,23
1756494905,214.24,214.25,214.24,214.25,2
1756494910,214.27,214.27,214.26,214.27,10
1756494915,214.27,214.28,214.26,214.27,16
1756494920,214.26,214.27,214.26,214.27,9
1756494925,214.27,214.27,214.26,214.27,8
1756494930,214.28,214.28,214.27,214.27,10
1756494935,214.25,214.26,214.25,214.25,7
1756494940,214.27,214.3,214.27,214.27,25
1756494945,214.29,214.31,214.29,214.31,4
1756494950,214.34,214.34,214.33,214.33,19
1756494955,214.34,214.34,214.29,214.3,7
1756494960,214.31,214.31,214.29,214.3,6
1756494965,214.31,214.33,214.3,214.33,7
1756494970,214.33,214.33,214.3,214.3,11
1756494975,214.3,214.3,214.28,214.28,14
1756494980,214.3,214.3,214.27,214.27,19
1756494985,214.27,214.27,214.27,214.27,0
1756494990,214.26,214.27,214.26,214.27,2
1756494995,214.27,214.28,214.27,214.28,3
1756495000,214.27,214.27,214.26,214.27,3
1756495005,214.26,214.26,214.26,214.26,4
1756495010,214.29,214.29,214.27,214.28,3
1756495015,214.28,214.28,214.26,214.27,9
1756495020,214.27,214.33,214.27,214.3,11
1756495025,214.3,214.31,214.29,214.31,7
1756495030,214.3,214.32,214.29,214.32,10
1756495035,214.31,214.32,214.31,214.31,9
1756495040,214.32,214.32,214.3,214.31,12
1756495045,214.3,214.32,214.28,214.28,27
1756495050,214.29,214.29,214.25,214.26,30
1756495055,214.26,214.26,214.23,214.26,40
1756495060,214.26,214.31,214.25,214.31,12
1756495065,214.31,214.31,214.3,214.31,7
1756495070,214.28,214.3,214.28,214.3,5
1756495075,214.28,214.28,214.24,214.25,25
1756495080,214.26,214.26,214.24,214.25,2
1756495085,214.25,214.25,214.24,214.24,5
1756495090,214.23,214.23,214.16,214.16,60
1756495095,214.15,214.15,214.12,214.12,7
1756495100,214.08,214.1,214.08,214.09,9
1756495105,214.09,214.1,214.02,214.02,59
1756495110,214.03,214.03,214.0,214.0,11
1756495115,214.01,214.02,213.99,214.01,19
1756495120,214.02,214.02,214.01,214.02,12
1756495125,214.03,214.03,213.94,213.98,41
1756495130,213.98,214.06,213.97,214.05,41
1756495135,214.05,214.08,214.04,214.06,14
1756495140,214.09,214.09,214.05,214.06,23
1756495145,214.07,214.11,214.06,214.11,44
1756495150,214.11,214.11,214.08,214.09,4
1756495155,214.07,214.07,214.06,214.07,4
1756495160,214.07,214.07,214.04,214.05,14
1756495165,214.03,214.03,214.03,214.03,2
1756495170,214.04,214.04,214.04,214.04,2
1756495175,214.05,214.07,214.05,214.05,11
1756495180,214.04,214.05,214.04,214.05,2
1756495185,214.05,214.07,214.04,214.06,6
1756495190,214.04,214.05,214.03,214.03,4
1756495195,214.05,214.07,214.05,214.07,4
1756495200,214.06,214.06,214.03,214.04,6
1756495205,214.05,214.05,214.04,214.04,3
1756495210,214.04,214.04,214.02,214.02,3
1756495215,214.01,214.03,214.0,214.03,37
1756495220,214.03,214.03,214.03,214.03,3
1756495225,214.0,214.03,213.99,214.03,10
1756495230,214.0,214.0,213.99,214.0,1
1756495235,213.96,213.97,213.93,213.94,6
1756495240,213.94,213.94,213.94,213.94,3
1756495245,213.95,213.99,213.94,213.99,7
1756495250,213.97,213.99,213.96,213.99,7
1756495255,214.0,214.0,213.99,214.0,4
1756495260,214.0,214.0,213.99,214.0,7
1756495265,213.98,213.98,213.97,213.98,1
1756495270,213.99,214.07,213.99,214.04,19
1756495275,214.06,214.1,214.06,214.09,23
1756495280,214.09,214.1,214.09,214.1,18
1756495285,214.11,214.13,214.1,214.13,13
1756495290,214.16,214.17,214.15,214.15,5
1756495295,214.17,214.18,214.16,214.17,18
1756495300,214.17,214.19,214.17,214.18,11
1756495305,214.17,214.18,214.13,214.15,36
1756495310,214.15,214.15,214.15,214.15,2
1756495315,214.15,214.17,214.15,214.17,10
1756495320,214.16,214.19,214.16,214.18,14
1756495325,214.19,214.21,214.18,214.19,34
1756495330,214.18,214.19,214.13,214.13,15
1756495335,214.18,214.18,214.17,214.17,2
1756495340,214.16,214.17,214.16,214.16,1
1756495345,214.17,214.17,214.16,214.17,1
1756495350,214.17,214.17,214.14,214.14,14
1756495355,214.12,214.12,214.1,214.1,5
1756495360,214.1,214.1,214.06,214.06,7
1756495365,214.07,214.07,214.04,214.06,22
1756495370,214.04,214.04,214.02,214.04,7
1756495375,214.05,214.05,214.05,214.05,3
1756495380,214.02,214.04,214.01,214.01,12
1756495385,214.0,214.04,213.99,214.02,41
1756495390,214.02,214.02,214.01,214.01,4
1756495395,214.02,214.03,214.01,214.01,6
1756495400,214.03,214.03,214.02,214.02,9
1756495405,214.01,214.04,214.01,214.04,4
1756495410,214.05,214.06,214.03,214.03,10
1756495415,214.01,214.02,214.0,214.0,41
1756495420,214.01,214.01,214.01,214.01,2
1756495425,214.0,214.02,213.99,214.02,10
1756495430,214.01,214.01,214.0,214.0,14
1756495435,214.02,214.05,214.02,214.04,20
1756495440,214.04,214.08,214.04,214.06,19
1756495445,214.06,214.06,214.04,214.04,6
1756495450,214.05,214.05,214.03,214.05,7
1756495455,214.06,214.08,214.06,214.08,13
1756495460,214.05,214.06,214.04,214.05,20
1756495465,214.04,214.05,214.04,214.05,19
1756495470,214.06,214.06,214.04,214.04,6
1756495475,214.03,214.03,213.92,213.93,27
1756495480,213.91,213.94,213.9,213.94,10
1756495485,213.95,213.99,213.94,213.99,11
1756495490,213.99,213.99,213.99,213.99,2
1756495495,213.97,213.97,213.96,213.96,3
1756495500,213.96,213.96,213.9,213.92,12
1756495505,213.91,213.93,213.88,213.9,45
1756495510,213.89,213.89,213.87,213.88,15
1756495515,213.89,213.91,213.87,213.91,11
1756495520,213.91,213.94,213.91,213.92,14
1756495525,213.93,213.93,213.92,213.93,6
1756495530,213.92,213.94,213.92,213.93,6
1756495535,213.93,213.93,213.93,213.93,2
1756495540,213.92,213.96,213.92,213.96,8
1756495545,213.97,213.98,213.94,213.94,20
1756495550,213.95,213.97,213.94,213.97,7
1756495555,213.97,214.0,213.95,214.0,14
1756495560,214.0,214.04,213.99,214.04,7
1756495565,214.02,214.08,214.02,214.06,19
1756495570,214.07,214.07,214.07,214.07,1
1756495575,214.06,214.06,214.06,214.06,4
1756495580,214.05,214.05,214.01,214.02,10
1756495585,214.0,214.0,213.97,213.97,6
1756495590,214.01,214.01,214.01,214.01,4
1756495595,214.04,214.04,214.03,214.04,2
1756495600,214.06,214.07,214.06,214.06,20
1756495605,214.06,214.08,214.06,214.08,5
1756495610,214.09,214.09,214.09,214.09,1
1756495615,214.09,214.09,214.06,214.06,17
1756495620,214.05,214.06,214.03,214.03,47
1756495625,214.03,214.04,214.02,214.03,33
1756495630,214.02,214.02,213.99,213.99,11
1756495635,213.99,213.99,213.89,213.9,12
1756495640,213.92,213.92,213.91,213.91,8
1756495645,213.92,213.92,213.91,213.92,4
1756495650,213.91,213.92,213.88,213.88,4
1756495655,213.89,213.9,213.86,213.89,20
1756495660,213.89,213.9,213.88,213.9,30
1756495665,213.9,213.9,213.89,213.89,6
1756495670,213.85,213.85,213.8,213.8,25
1756495675,213.8,213.8,213.78,213.8,17
1756495680,213.8,213.85,213.79,213.85,18
1756495685,213.85,213.87,213.85,213.87,4
1756495690,213.87,213.88,213.86,213.87,11
1756495695,213.87,213.89,213.87,213.89,2
1756495700,213.89,213.89,213.86,213.86,17
1756495705,213.88,213.89,213.87,213.88,2
1756495710,213.89,213.92,213.89,213.92,16
1756495715,213.92,213.92,213.91,213.91,10
1756495720,213.92,213.93,213.91,213.92,28
1756495725,213.92,213.92,213.91,213.91,3
1756495730,213.93,213.97,213.92,213.96,27
1756495735,213.98,214.0,213.96,213.97,23
1756495740,213.98,214.0,213.94,213.94,21
1756495745,213.97,213.97,213.86,213.86,16
1756495750,213.86,213.86,213.83,213.86,7
1756495755,213.87,213.87,213.87,213.87,2
1756495760,213.85,213.85,213.84,213.84,3
1756495765,213.82,213.83,213.81,213.83,15
1756495770,213.85,213.87,213.83,213.87,8
1756495775,213.88,213.88,213.87,213.87,3
1756495780,213.88,213.89,213.88,213.89,11
1756495785,213.9,213.9,213.89,213.89,4
1756495790,213.89,213.92,213.89,213.92,5
1756495795,213.92,213.92,213.9,213.91,9
1756495800,213.92,213.92,213.92,213.92,4
1756495805,213.88,213.89,213.85,213.86,12
1756495810,213.87,213.87,213.82,213.85,16
1756495815,213.87,213.88,213.81,213.82,30
1756495820,213.8,213.84,213.8,213.84,7
1756495825,213.84,213.85,213.84,213.85,7
1756495830,213.86,213.87,213.86,213.87,9
1756495835,213.88,213.88,213.85,213.85,23
1756495840,213.88,213.89,213.88,213.88,4
1756495845,213.88,213.88,213.87,213.87,14
1756495850,213.85,213.91,213.85,213.88,11
1756495855,213.87,213.87,213.85,213.87,16
1756495860,213.87,213.88,213.87,213.88,5
1756495865,213.87,213.87,213.86,213.87,9
1756495870,213.84,213.84,213.8,213.83,24
1756495875,213.84,213.84,213.84,213.84,7
1756495880,213.86,213.89,213.86,213.89,10
1756495885,213.9,213.9,213.87,213.88,10
1756495890,213.88,213.91,213.88,213.91,14
1756495895,213.9,213.9,213.82,213.82,25
1756495900,213.82,213.84,213.82,213.83,5
1756495905,213.83,213.83,213.82,213.83,8
1756495910,213.83,213.83,213.82,213.82,2
1756495915,213.83,213.83,213.83,213.83,3
1756495920,213.82,213.85,213.82,213.83,39
1756495925,213.85,213.86,213.82,213.86,20
1756495930,213.86,213.89,213.86,213.89,12
1756495935,213.88,213.89,213.88,213.88,8
1756495940,213.87,213.87,213.86,213.86,7
1756495945,213.86,213.9,213.85,213.88,16
1756495950,213.88,213.89,213.88,213.88,9
1756495955,213.87,213.9,213.86,213.9,69
1756495960,213.9,213.9,213.9,213.9,1
1756495965,213.91,213.91,213.86,213.87,14
1756495970,213.87,213.87,213.83,213.83,10
1756495975,213.82,213.82,213.81,213.81,11
1756495980,213.8,213.81,213.8,213.81,8
1756495985,213.81,213.81,213.81,213.81,1
1756495990,213.8,213.82,213.8,213.82,15
1756495995,213.8,213.81,213.79,213.8,20
1756496000,213.81,213.81,213.79,213.79,6
1756496005,213.78,213.78,213.7,213.7,79
1756496010,213.7,213.71,213.69,213.71,19
1756496015,213.7,213.71,213.67,213.67,32
1756496020,213.7,213.71,213.69,213.71,21
1756496025,213.71,213.75,213.71,213.75,45
1756496030,213.76,213.76,213.72,213.73,16
1756496035,213.73,213.73,213.73,213.73,2
1756496040,213.72,213.73,213.71,213.71,14
1756496045,213.71,213.71,213.68,213.68,7
1756496050,213.69,213.69,213.67,213.67,5
1756496055,213.66,213.69,213.66,213.69,8
1756496060,213.69,213.69,213.67,213.68,23
1756496065,213.68,213.71,213.67,213.68,21
1756496070,213.69,213.71,213.69,213.7,12
1756496075,213.7,213.73,213.69,213.71,14
1756496080,213.71,213.72,213.67,213.67,9
1756496085,213.67,213.68,213.66,213.67,9
1756496090,213.68,213.69,213.68,213.69,5
1756496095,213.69,213.69,213.67,213.67,18
1756496100,213.67,213.68,213.67,213.67,11
1756496105,213.68,213.73,213.68,213.73,26
1756496110,213.74,213.74,213.71,213.71,15
1756496115,213.71,213.71,213.7,213.7,11
1756496120,213.69,213.69,213.64,213.64,10
1756496125,213.64,213.64,213.62,213.62,4
1756496130,213.62,213.63,213.62,213.63,8
1756496135,213.63,213.63,213.59,213.61,9
1756496140,213.62,213.63,213.61,213.62,6
1756496145,213.61,213.61,213.58,213.58,37
1756496150,213.58,213.58,213.53,213.53,28
1756496155,213.54,213.54,213.53,213.53,12
1756496160,213.52,213.59,213.52,213.58,21
1756496165,213.55,213.58,213.55,213.58,9
1756496170,213.6,213.66,213.6,213.62,43
1756496175,213.62,213.66,213.62,213.63,8
1756496180,213.63,213.68,213.63,213.68,16
1756496185,213.69,213.69,213.68,213.69,20
1756496190,213.7,213.71,213.7,213.71,4
1756496195,213.72,213.72,213.72,213.72,2
1756496200,213.71,213.72,213.69,213.69,23
1756496205,213.69,213.7,213.68,213.68,4
1756496210,213.7,213.72,213.7,213.71,21
1756496215,213.73,213.76,213.72,213.72,24
1756496220,213.73,213.74,213.71,213.72,15
1756496225,213.72,213.72,213.72,213.72,4
1756496230,213.72,213.74,213.71,213.72,16
1756496235,213.73,213.75,213.73,213.75,21
1756496240,213.79,213.81,213.79,213.8,9
1756496245,213.8,213.81,213.77,213.78,36
1756496250,213.78,213.79,213.78,213.78,14
1756496255,213.8,213.82,213.79,213.82,10
1756496260,213.84,213.84,213.8,213.8,12
1756496265,213.79,213.8,213.78,213.8,20
1756496270,213.81,213.82,213.8,213.8,4
1756496275,213.8,213.83,213.72,213.74,21
1756496280,213.74,213.75,213.74,213.75,8
1756496285,213.74,213.76,213.73,213.74,9
1756496290,213.75,213.75,213.75,213.75,1
1756496295,213.76,213.77,213.73,213.73,10
1756496300,213.73,213.76,213.73,213.76,9
1756496305,213.76,213.76,213.74,213.74,6
1756496310,213.74,213.79,213.74,213.78,11
1756496315,213.78,213.78,213.73,213.77,43
1756496320,213.78,213.79,213.78,213.79,9
1756496325,213.78,213.81,213.78,213.8,7
1756496330,213.8,213.82,213.8,213.81,9
1756496335,213.81,213.81,213.79,213.8,12
1756496340,213.79,213.81,213.79,213.79,3
1756496345,213.76,213.76,213.76,213.76,1
1756496350,213.76,213.76,213.75,213.76,7
1756496355,213.77,213.9,213.77,213.89,64
1756496360,213.88,213.93,213.88,213.93,30
1756496365,213.92,213.93,213.89,213.93,23
1756496370,213.91,213.91,213.87,213.89,14
1756496375,213.89,213.89,213.88,213.88,6
1756496380,213.88,213.88,213.83,213.83,5
1756496385,213.84,213.84,213.84,213.84,1
1756496390,213.85,213.9,213.84,213.88,25
1756496395,213.87,213.87,213.87,213.87,1
1756496400,213.87,213.88,213.87,213.88,22
1756496405,213.89,213.9,213.87,213.89,32
1756496410,213.92,213.94,213.9,213.92,10
1756496415,213.93,213.97,213.93,213.94,26
1756496420,213.97,213.97,213.93,213.93,11
1756496425,213.93,213.94,213.91,213.94,10
1756496430,213.95,213.95,213.92,213.93,36
1756496435,213.92,213.92,213.86,213.88,48
1756496440,213.88,213.88,213.88,213.88,1
1756496445,213.89,213.89,213.87,213.88,8
1756496450,213.86,213.86,213.85,213.86,1
1756496455,213.87,213.87,213.86,213.87,4
1756496460,213.89,213.96,213.89,213.96,39
1756496465,213.96,213.99,213.95,213.99,22
1756496470,213.98,213.99,213.94,213.97,66
1756496475,213.97,214.01,213.97,214.01,132
1756496480,214.01,214.01,214.0,214.01,14
1756496485,214.01,214.05,214.0,214.02,200
1756496490,214.04,214.04,214.02,214.03,27
1756496495,214.03,214.06,214.03,214.05,112
1756496500,214.05,214.07,214.05,214.06,15
1756496505,214.05,214.05,214.02,214.03,45
1756496510,214.03,214.06,214.03,214.06,14
1756496515,214.06,214.08,214.05,214.07,16
1756496520,214.07,214.11,214.07,214.08,55
1756496525,214.09,214.11,214.06,214.07,52
1756496530,214.09,214.09,214.08,214.09,33
1756496535,214.08,214.08,214.06,214.07,13
1756496540,214.09,214.09,214.07,214.07,5
1756496545,214.08,214.09,214.02,214.06,59
1756496550,214.05,214.1,214.04,214.1,24
1756496555,214.11,214.13,214.11,214.13,86
1756496560,214.11,214.12,214.11,214.11,10
1756496565,214.11,214.11,214.08,214.08,34
1756496570,214.08,214.08,214.05,214.05,11
1756496575,214.06,214.08,214.06,214.08,4
1756496580,214.08,214.12,214.08,214.12,18
1756496585,214.12,214.16,214.12,214.15,72
1756496590,214.13,214.13,214.12,214.12,11
1756496595,214.14,214.17,214.14,214.17,16
1756496600,214.16,214.16,214.15,214.15,7
1756496605,214.15,214.15,214.09,214.09,20
1756496610,214.09,214.1,214.07,214.07,24
1756496615,214.08,214.08,214.08,214.08,1
1756496620,214.08,214.11,214.08,214.09,20
1756496625,214.09,214.1,214.09,214.1,14
1756496630,214.12,214.13,214.11,214.11,8
1756496635,214.11,214.11,214.1,214.1,19
1756496640,214.1,214.11,214.1,214.11,18
1756496645,214.1,214.12,214.09,214.11,23
1756496650,214.12,214.12,214.12,214.12,4
1756496655,214.13,214.14,214.11,214.14,21
1756496660,214.12,214.16,214.12,214.15,31
1756496665,214.15,214.17,214.14,214.17,12
1756496670,214.16,214.16,214.1,214.1,69
1756496675,214.11,214.11,214.09,214.09,5
1756496680,214.1,214.14,214.1,214.13,26
1756496685,214.14,214.14,214.12,214.12,6
1756496690,214.14,214.14,214.13,214.13,17
1756496695,214.14,214.15,214.11,214.12,10
1756496700,214.11,214.12,214.07,214.08,23
1756496705,214.08,214.08,214.07,214.08,7
1756496710,214.07,214.07,214.05,214.06,18
1756496715,214.06,214.1,214.05,214.1,36
1756496720,214.11,214.15,214.11,214.14,39
1756496725,214.13,214.13,214.09,214.09,14
1756496730,214.1,214.12,214.09,214.11,14
1756496735,214.09,214.09,214.04,214.04,13
1756496740,214.05,214.05,214.05,214.05,2
1756496745,214.06,214.07,214.06,214.07,7
1756496750,214.08,214.1,214.08,214.1,11
1756496755,214.11,214.13,214.07,214.07,25
1756496760,214.06,214.08,214.05,214.08,7
1756496765,214.05,214.06,214.03,214.05,34
1756496770,214.07,214.1,214.06,214.06,20
1756496775,214.06,214.06,214.05,214.06,11
1756496780,214.05,214.05,214.04,214.05,13
1756496785,214.06,214.09,214.05,214.09,41
1756496790,214.08,214.08,214.05,214.05,38
1756496795,214.04,214.05,214.04,214.04,53
1756496800,214.05,214.08,214.05,214.08,16
1756496805,214.08,214.1,214.07,214.1,16
1756496810,214.1,214.11,214.08,214.11,16
1756496815,214.12,214.15,214.11,214.14,17
1756496820,214.14,214.14,214.09,214.09,45
1756496825,214.09,214.12,214.09,214.11,10
1756496830,214.12,214.13,214.1,214.13,74
1756496835,214.12,214.13,214.11,214.13,16
1756496840,214.13,214.14,214.12,214.12,28
1756496845,214.14,214.17,214.13,214.15,16
1756496850,214.15,214.16,214.12,214.12,14
1756496855,214.12,214.12,214.1,214.11,15
1756496860,214.12,214.14,214.12,214.14,15
1756496865,214.15,214.16,214.11,214.11,45
1756496870,214.12,214.15,214.12,214.15,24
1756496875,214.15,214.16,214.15,214.16,9
1756496880,214.17,214.18,214.16,214.17,16
1756496885,214.16,214.18,214.15,214.16,35
1756496890,214.16,214.16,214.12,214.12,23
1756496895,214.12,214.12,214.12,214.12,7
1756496900,214.13,214.14,214.08,214.09,26
1756496905,214.11,214.11,214.1,214.1,8
1756496910,214.1,214.12,214.1,214.1,24
1756496915,214.09,214.1,214.08,214.08,22
1756496920,214.09,214.09,214.09,214.09,3
1756496925,214.1,214.13,214.1,214.13,4
1756496930,214.11,214.13,214.1,214.11,34
1756496935,214.11,214.11,214.1,214.11,17
1756496940,214.09,214.11,214.09,214.11,11
1756496945,214.1,214.13,214.1,214.11,29
1756496950,214.1,214.15,214.1,214.15,42
1756496955,214.16,214.16,214.1,214.1,28
1756496960,214.1,214.11,214.08,214.09,22
1756496965,214.07,214.08,214.07,214.07,23
1756496970,214.06,214.25,214.06,214.13,490
1756496975,214.13,214.14,214.11,214.11,46
1756496980,214.11,214.11,213.97,213.97,53
1756496985,214.0,214.0,213.99,213.99,8
1756496990,213.97,213.99,213.97,213.97,14
1756496995,213.99,214.01,213.99,214.01,10
1756497000,214.02,214.02,213.77,213.86,305
1756497005,213.88,213.91,213.86,213.88,51
1756497010,213.85,213.88,213.84,213.85,49
1756497015,213.84,213.86,213.77,213.82,32
1756497020,213.82,213.85,213.8,213.81,36
1756497025,213.83,213.83,213.74,213.76,45
1756497030,213.75,213.8,213.75,213.78,19
1756497035,213.79,213.84,213.78,213.78,22
1756497040,213.78,213.8,213.77,213.78,64
1756497045,213.79,213.81,213.77,213.78,90
1756497050,213.78,213.78,213.71,213.72,23
1756497055,213.7,213.7,213.67,213.69,14
1756497060,213.68,213.68,213.62,213.62,62
1756497065,213.62,213.64,213.57,213.64,36
1756497070,213.66,213.66,213.64,213.65,28
1756497075,213.66,213.67,213.6,213.61,77
1756497080,213.62,213.67,213.57,213.59,83
1756497085,213.6,213.6,213.58,213.59,20
1756497090,213.6,213.64,213.59,213.64,29
1756497095,213.61,213.61,213.55,213.55,16
1756497100,213.55,213.58,213.55,213.55,22
1756497105,213.56,213.58,213.54,213.55,43
1756497110,213.56,213.57,213.56,213.56,19
1756497115,213.57,213.63,213.56,213.59,101
1756497120,213.58,213.61,213.55,213.55,91
1756497125,213.56,213.58,213.56,213.57,29
1756497130,213.54,213.55,213.49,213.5,35
1756497135,213.51,213.54,213.51,213.54,13
1756497140,213.53,213.57,213.52,213.52,69
1756497145,213.52,213.56,213.51,213.54,35
1756497150,213.53,213.54,213.45,213.5,37
1756497155,213.51,213.54,213.51,213.52,19
1756497160,213.5,213.53,213.49,213.52,19
1756497165,213.52,213.55,213.48,213.49,61
1756497170,213.5,213.5,213.45,213.49,32
1756497175,213.49,213.53,213.47,213.52,23
1756497180,213.51,213.51,213.48,213.51,26
1756497185,213.52,213.53,213.49,213.5,44
1756497190,213.51,213.57,213.51,213.53,79
1756497195,213.54,213.54,213.53,213.53,7
1756497200,213.51,213.52,213.47,213.47,35
1756497205,213.48,213.49,213.47,213.48,23
1756497210,213.48,213.48,213.45,213.45,9
1756497215,213.46,213.46,213.44,213.46,30
1756497220,213.44,213.45,213.39,213.44,125
1756497225,213.42,213.43,213.41,213.43,20
1756497230,213.43,213.48,213.41,213.46,84
1756497235,213.43,213.44,213.41,213.41,45
1756497240,213.41,213.41,213.32,213.38,122
1756497245,213.4,213.4,213.4,213.4,6
1756497250,213.38,213.47,213.34,213.43,122
1756497255,213.43,213.45,213.43,213.44,29
1756497260,213.46,213.5,213.45,213.5,46
1756497265,213.51,213.55,213.51,213.52,36
1756497270,213.53,213.53,213.49,213.52,36
1756497275,213.52,213.52,213.46,213.49,18
1756497280,213.48,213.48,213.25,213.43,155
1756497285,213.41,213.44,213.41,213.41,47
1756497290,213.42,213.44,213.18,213.3,445
1756497295,213.31,213.32,213.29,213.29,49
1756497300,213.29,213.37,213.0,213.29,487
1756497305,213.36,213.37,213.33,213.35,70
1756497310,213.35,213.35,213.32,213.35,88
1756497315,213.35,213.35,213.31,213.32,84
1756497320,213.31,213.32,213.29,213.31,74
1756497325,213.3,213.3,213.24,213.24,122
1756497330,213.25,213.34,213.25,213.32,122
1756497335,213.32,213.38,213.32,213.37,132
1756497340,213.38,213.4,213.37,213.37,61
1756497345,213.37,213.37,213.35,213.35,54
1756497350,213.35,213.36,213.32,213.34,131
1756497355,213.35,213.36,213.35,213.36,59
1756497360,213.35,213.41,213.34,213.39,125
1756497365,213.4,213.43,213.37,213.42,141
1756497370,213.43,213.47,213.42,213.45,93
1756497375,213.43,213.46,213.43,213.46,71
1756497380,213.46,213.46,213.42,213.44,77
1756497385,213.44,213.47,213.43,213.44,120
1756497390,213.45,213.48,213.45,213.45,103
1756497395,213.44,213.45,213.43,213.43,90
1756497400,213.43,213.44,213.42,213.43,87
1756497405,213.44,213.48,213.41,213.48,207
1756497410,213.47,213.47,213.44,213.44,83
1756497415,213.44,213.46,213.43,213.45,107
1756497420,213.45,213.48,213.45,213.48,126
1756497425,213.49,213.5,213.47,213.5,83
1756497430,213.5,213.52,213.47,213.47,118
1756497435,213.48,213.55,213.48,213.52,105
1756497440,213.52,213.53,213.51,213.52,76
1756497445,213.52,213.56,213.51,213.55,102
1756497450,213.55,213.55,213.52,213.53,157
1756497455,213.53,213.53,213.46,213.49,335
1756497460,213.48,213.51,213.47,213.49,136
1756497465,213.48,213.48,213.44,213.46,120
1756497470,213.46,213.46,213.43,213.44,97
1756497475,213.44,213.45,213.42,213.44,150
1756497480,213.45,213.51,213.45,213.49,258
1756497485,213.48,213.51,213.45,213.49,176
1756497490,213.51,213.51,213.47,213.5,137
1756497495,213.5,213.52,213.49,213.5,103
1756497500,213.5,213.52,213.49,213.5,151
1756497505,213.5,213.51,213.49,213.49,110
1756497510,213.5,213.5,213.43,213.47,220
1756497515,213.47,213.51,213.46,213.51,110
1756497520,213.5,213.52,213.49,213.51,72
1756497525,213.51,213.53,213.5,213.53,105
1756497530,213.52,213.58,213.52,213.56,130
1756497535,213.56,213.58,213.54,213.57,149
1756497540,213.56,213.6,213.55,213.56,187
1756497545,213.56,213.56,213.51,213.51,186
1756497550,213.51,213.53,213.49,213.51,166
1756497555,213.51,213.51,213.45,213.45,179
1756497560,213.45,213.45,213.33,213.4,317
1756497565,213.4,213.43,213.39,213.4,172
1756497570,213.39,213.45,213.39,213.41,252
1756497575,213.42,213.42,213.37,213.42,172
1756497580,213.42,213.52,213.42,213.47,289
1756497585,213.46,213.54,213.45,213.52,363
1756497590,213.53,213.58,213.52,213.57,513
1756497595,213.57,213.66,213.53,213.66,1088
