Date,Open,High,Low,Close,Volume
1751463000,617.24,617.37,617.17,617.2,6417
1751463005,617.19,617.27,617.15,617.24,1091
1751463010,617.23,617.33,617.22,617.32,650
1751463015,617.35,617.48,617.32,617.48,553
1751463020,617.47,617.49,617.34,617.36,641
1751463025,617.35,617.44,617.34,617.42,366
1751463030,617.39,617.4,617.26,617.34,521
1751463035,617.32,617.32,617.19,617.19,214
1751463040,617.19,617.28,617.19,617.23,173
1751463045,617.23,617.26,617.21,617.25,609
1751463050,617.25,617.32,617.24,617.31,364
1751463055,617.31,617.32,617.24,617.3,256
1751463060,617.31,617.37,617.14,617.17,703
1751463065,617.17,617.25,617.13,617.18,328
1751463070,617.18,617.22,617.1,617.17,451
1751463075,617.16,617.19,617.08,617.12,509
1751463080,617.14,617.17,617.01,617.05,1100
1751463085,617.03,617.2,617.01,617.19,554
1751463090,617.19,617.21,617.14,617.17,190
1751463095,617.21,617.21,617.08,617.08,274
1751463100,617.07,617.13,617.03,617.03,221
1751463105,617.0,617.01,616.93,616.93,173
1751463110,616.94,616.95,616.86,616.87,505
1751463115,616.86,616.89,616.79,616.8,697
1751463120,616.8,616.82,616.67,616.69,744
1751463125,616.72,616.81,616.69,616.8,638
1751463130,616.8,616.95,616.8,616.93,546
1751463135,616.93,616.96,616.89,616.89,295
1751463140,616.89,617.0,616.89,616.98,247
1751463145,616.98,617.01,616.9,616.9,360
1751463150,616.89,616.93,616.86,616.9,499
1751463155,616.92,617.1,616.92,617.09,410
1751463160,617.09,617.12,617.09,617.12,173
1751463165,617.13,617.13,617.06,617.11,337
1751463170,617.11,617.17,617.11,617.15,532
1751463175,617.15,617.16,617.04,617.04,567
1751463180,617.05,617.11,616.99,617.05,513
1751463185,617.05,617.06,616.97,617.04,304
1751463190,617.06,617.12,617.05,617.11,197
1751463195,617.11,617.11,617.04,617.06,406
1751463200,617.07,617.17,617.04,617.16,292
1751463205,617.15,617.15,617.09,617.12,568
1751463210,617.11,617.13,617.08,617.12,84
1751463215,617.12,617.13,617.04,617.04,248
1751463220,617.03,617.06,616.99,617.01,276
1751463225,617.01,617.01,616.91,616.96,192
1751463230,616.98,617.03,616.94,616.95,170
1751463235,616.97,616.97,616.93,616.95,97
1751463240,616.95,617.06,616.95,617.01,188
1751463245,617.01,617.03,616.93,616.93,359
1751463250,616.92,616.96,616.84,616.87,227
1751463255,616.87,616.87,616.81,616.82,177
1751463260,616.81,616.89,616.8,616.88,217
1751463265,616.87,616.93,616.86,616.92,122
1751463270,616.92,616.93,616.89,616.92,216
1751463275,616.93,616.94,616.8,616.82,253
1751463280,616.83,616.83,616.77,616.79,143
1751463285,616.78,616.81,616.75,616.8,134
1751463290,616.8,616.8,616.66,616.71,168
1751463295,616.69,616.73,616.69,616.73,157
1751463300,616.71,616.74,616.62,616.7,503
1751463305,616.69,616.71,616.63,616.67,309
1751463310,616.67,616.76,616.65,616.74,371
1751463315,616.76,616.77,616.73,616.75,158
1751463320,616.75,616.85,616.74,616.85,192
1751463325,616.86,616.87,616.79,616.84,165
1751463330,616.81,616.81,616.68,616.72,365
1751463335,616.68,616.77,616.65,616.75,194
1751463340,616.75,616.84,616.74,616.82,169
1751463345,616.82,616.87,616.61,616.86,2973
1751463350,616.86,616.9,616.84,616.86,220
1751463355,616.86,616.91,616.85,616.9,146
1751463360,616.9,616.96,616.89,616.9,308
1751463365,616.92,616.93,616.88,616.9,158
1751463370,616.9,616.9,616.86,616.86,92
1751463375,616.84,616.85,616.8,616.81,95
1751463380,616.82,616.95,616.82,616.93,785
1751463385,616.94,616.95,616.88,616.89,238
1751463390,616.87,616.92,616.86,616.91,159
1751463395,616.9,616.97,616.85,616.97,386
1751463400,616.98,617.01,616.94,617.01,415
1751463405,617.0,617.01,616.96,617.0,464
1751463410,617.0,617.04,616.98,617.03,260
1751463415,617.03,617.04,617.0,617.04,206
1751463420,617.03,617.03,616.95,616.96,264
1751463425,616.95,616.96,616.91,616.96,208
1751463430,616.97,616.99,616.89,616.94,208
1751463435,616.94,617.02,616.94,616.98,138
1751463440,616.97,616.97,616.92,616.95,60
1751463445,616.93,617.01,616.91,617.01,64
1751463450,617.0,617.04,616.99,617.0,74
1751463455,617.01,617.08,617.0,617.07,121
1751463460,617.07,617.11,617.05,617.11,161
1751463465,617.1,617.12,617.05,617.07,111
1751463470,617.06,617.07,616.98,617.0,120
1751463475,617.01,617.04,617.01,617.04,82
1751463480,617.03,617.06,617.01,617.06,202
1751463485,617.06,617.07,617.02,617.04,725
1751463490,617.07,617.09,617.01,617.02,268
1751463495,617.02,617.06,617.0,617.02,196
1751463500,617.03,617.13,617.03,617.13,236
1751463505,617.13,617.19,617.12,617.13,1152
1751463510,617.14,617.2,617.14,617.18,363
1751463515,617.19,617.2,617.16,617.18,312
1751463520,617.18,617.18,617.12,617.13,362
1751463525,617.12,617.13,617.08,617.11,115
1751463530,617.12,617.14,617.09,617.09,199
1751463535,617.11,617.13,617.08,617.09,141
1751463540,617.1,617.14,617.06,617.07,81
1751463545,617.06,617.1,617.06,617.08,346
1751463550,617.09,617.09,617.03,617.07,230
1751463555,617.06,617.12,617.06,617.11,156
1751463560,617.12,617.24,617.11,617.17,281
1751463565,617.18,617.25,617.17,617.21,366
1751463570,617.21,617.21,617.13,617.14,148
1751463575,617.13,617.2,617.13,617.18,190
1751463580,617.18,617.23,617.17,617.23,111
1751463585,617.23,617.27,617.22,617.24,398
1751463590,617.22,617.28,617.21,617.28,373
1751463595,617.26,617.29,617.25,617.25,189
1751463600,617.25,617.27,617.2,617.21,373
1751463605,617.21,617.29,617.21,617.29,336
1751463610,617.3,617.31,617.27,617.3,636
1751463615,617.31,617.34,617.26,617.26,543
1751463620,617.26,617.31,617.25,617.29,504
1751463625,617.31,617.36,617.3,617.32,231
1751463630,617.33,617.37,617.32,617.34,311
1751463635,617.33,617.33,617.25,617.26,405
1751463640,617.26,617.29,617.22,617.22,170
1751463645,617.22,617.24,617.21,617.22,91
1751463650,617.22,617.23,617.15,617.15,240
1751463655,617.14,617.15,617.12,617.13,305
1751463660,617.11,617.11,617.07,617.11,305
1751463665,617.1,617.16,617.1,617.15,269
1751463670,617.14,617.21,617.14,617.21,185
1751463675,617.2,617.22,617.2,617.21,189
1751463680,617.2,617.21,617.1,617.11,197
1751463685,617.12,617.16,617.12,617.14,207
1751463690,617.13,617.18,617.13,617.16,151
1751463695,617.14,617.22,617.14,617.22,110
1751463700,617.22,617.29,617.22,617.24,235
1751463705,617.25,617.25,617.23,617.25,60
1751463710,617.25,617.27,617.24,617.25,141
1751463715,617.25,617.27,617.24,617.25,183
1751463720,617.25,617.28,617.24,617.25,217
1751463725,617.26,617.31,617.24,617.24,206
1751463730,617.25,617.29,617.25,617.28,78
1751463735,617.3,617.31,617.22,617.25,345
1751463740,617.26,617.34,617.26,617.3,268
1751463745,617.3,617.31,617.24,617.3,182
1751463750,617.3,617.32,617.28,617.31,60
1751463755,617.3,617.31,617.27,617.27,65
1751463760,617.28,617.28,617.2,617.23,159
1751463765,617.24,617.28,617.23,617.27,177
1751463770,617.28,617.29,617.19,617.2,100
1751463775,617.2,617.29,617.2,617.27,87
1751463780,617.28,617.28,617.22,617.22,106
1751463785,617.21,617.23,617.14,617.16,269
1751463790,617.16,617.17,617.12,617.15,160
1751463795,617.15,617.15,617.12,617.12,94
1751463800,617.14,617.19,617.14,617.19,283
1751463805,617.18,617.18,617.1,617.12,209
1751463810,617.14,617.14,616.98,616.99,416
1751463815,616.99,617.05,616.99,617.04,178
1751463820,617.05,617.09,617.02,617.07,191
1751463825,617.07,617.11,617.02,617.03,144
1751463830,617.04,617.05,617.0,617.0,203
1751463835,617.02,617.03,617.0,617.01,143
1751463840,617.02,617.02,616.93,616.94,1859
1751463845,616.93,616.96,616.92,616.92,685
1751463850,616.92,617.04,616.92,617.02,526
1751463855,617.02,617.06,617.01,617.06,216
1751463860,617.07,617.14,617.05,617.13,308
1751463865,617.14,617.19,617.13,617.19,245
1751463870,617.2,617.21,617.14,617.15,262
1751463875,617.16,617.17,617.11,617.17,207
1751463880,617.17,617.17,617.13,617.15,188
1751463885,617.16,617.19,617.15,617.17,145
1751463890,617.16,617.17,617.09,617.1,190
1751463895,617.09,617.14,617.08,617.13,84
1751463900,617.13,617.21,617.13,617.19,454
1751463905,617.19,617.29,617.19,617.28,139
1751463910,617.28,617.31,617.25,617.31,537
1751463915,617.33,617.36,617.32,617.33,545
1751463920,617.33,617.39,617.31,617.35,369
1751463925,617.37,617.52,617.35,617.49,1327
1751463930,617.49,617.5,617.38,617.39,661
1751463935,617.38,617.41,617.36,617.37,319
1751463940,617.38,617.47,617.38,617.45,238
1751463945,617.44,617.47,617.43,617.45,163
1751463950,617.47,617.48,617.44,617.46,251
1751463955,617.45,617.5,617.45,617.48,322
1751463960,617.47,617.5,617.42,617.42,336
1751463965,617.43,617.45,617.39,617.44,195
1751463970,617.43,617.47,617.41,617.47,109
1751463975,617.46,617.53,617.46,617.51,977
1751463980,617.52,617.62,617.52,617.58,872
1751463985,617.58,617.64,617.57,617.63,629
1751463990,617.63,617.64,617.6,617.6,309
1751463995,617.6,617.61,617.57,617.61,288
1751464000,617.61,617.64,617.6,617.61,582
1751464005,617.6,617.62,617.54,617.54,301
1751464010,617.55,617.57,617.51,617.54,295
1751464015,617.54,617.61,617.53,617.6,856
1751464020,617.59,617.61,617.56,617.56,601
1751464025,617.56,617.57,617.52,617.56,326
1751464030,617.56,617.61,617.56,617.57,465
1751464035,617.57,617.57,617.51,617.52,170
1751464040,617.52,617.54,617.49,617.53,207
1751464045,617.53,617.55,617.51,617.51,234
1751464050,617.53,617.57,617.53,617.56,206
1751464055,617.56,617.59,617.55,617.58,116
1751464060,617.57,617.63,617.57,617.61,149
1751464065,617.61,617.62,617.58,617.59,112
1751464070,617.59,617.6,617.55,617.55,301
1751464075,617.56,617.57,617.46,617.48,797
1751464080,617.49,617.49,617.41,617.41,437
1751464085,617.41,617.43,617.4,617.42,319
1751464090,617.42,617.47,617.4,617.41,342
1751464095,617.41,617.42,617.38,617.39,185
1751464100,617.39,617.45,617.38,617.44,498
1751464105,617.45,617.51,617.45,617.49,198
1751464110,617.5,617.55,617.5,617.55,136
1751464115,617.54,617.58,617.54,617.55,197
1751464120,617.55,617.55,617.5,617.5,313
1751464125,617.5,617.52,617.48,617.49,118
1751464130,617.49,617.51,617.49,617.49,94
1751464135,617.52,617.57,617.52,617.57,111
1751464140,617.56,617.59,617.54,617.54,238
1751464145,617.54,617.59,617.54,617.59,82
1751464150,617.6,617.62,617.57,617.57,188
1751464155,617.59,617.59,617.52,617.52,60
1751464160,617.53,617.55,617.52,617.55,160
1751464165,617.55,617.55,617.48,617.52,150
1751464170,617.52,617.53,617.46,617.46,145
1751464175,617.47,617.47,617.43,617.46,208
1751464180,617.48,617.5,617.48,617.49,257
1751464185,617.5,617.52,617.48,617.48,130
1751464190,617.49,617.49,617.44,617.44,86
1751464195,617.45,617.45,617.39,617.39,72
1751464200,617.39,617.42,617.36,617.37,407
1751464205,617.38,617.41,617.31,617.33,337
1751464210,617.34,617.34,617.27,617.27,649
1751464215,617.26,617.38,617.25,617.37,267
1751464220,617.37,617.41,617.36,617.4,127
1751464225,617.41,617.42,617.39,617.39,83
1751464230,617.38,617.44,617.38,617.43,297
1751464235,617.42,617.48,617.42,617.47,57
1751464240,617.46,617.47,617.42,617.45,137
1751464245,617.44,617.46,617.4,617.46,92
1751464250,617.49,617.52,617.48,617.49,173
1751464255,617.49,617.53,617.49,617.52,349
1751464260,617.52,617.55,617.51,617.55,382
1751464265,617.54,617.56,617.53,617.54,217
1751464270,617.55,617.57,617.51,617.51,431
1751464275,617.51,617.53,617.48,617.51,139
1751464280,617.5,617.51,617.41,617.41,171
1751464285,617.42,617.42,617.36,617.36,153
1751464290,617.37,617.4,617.37,617.39,218
1751464295,617.39,617.42,617.39,617.4,69
1751464300,617.39,617.4,617.38,617.39,40
1751464305,617.39,617.44,617.39,617.44,30
1751464310,617.43,617.44,617.43,617.44,252
1751464315,617.42,617.42,617.41,617.41,25
1751464320,617.42,617.43,617.39,617.39,203
1751464325,617.39,617.42,617.37,617.41,462
1751464330,617.41,617.42,617.37,617.41,231
1751464335,617.41,617.47,617.41,617.46,99
1751464340,617.47,617.49,617.47,617.49,83
1751464345,617.49,617.5,617.45,617.45,105
1751464350,617.45,617.51,617.43,617.5,92
1751464355,617.51,617.52,617.49,617.5,225
1751464360,617.5,617.51,617.49,617.5,306
1751464365,617.5,617.52,617.49,617.52,154
1751464370,617.51,617.54,617.49,617.5,214
1751464375,617.51,617.56,617.51,617.54,267
1751464380,617.54,617.58,617.54,617.55,137
1751464385,617.54,617.55,617.53,617.53,149
1751464390,617.55,617.55,617.51,617.52,150
1751464395,617.52,617.53,617.49,617.51,91
1751464400,617.5,617.5,617.46,617.46,487
1751464405,617.46,617.5,617.46,617.5,154
1751464410,617.5,617.52,617.47,617.47,139
1751464415,617.48,617.48,617.43,617.45,54
1751464420,617.45,617.45,617.42,617.43,78
1751464425,617.41,617.42,617.4,617.42,70
1751464430,617.42,617.43,617.38,617.39,162
1751464435,617.39,617.45,617.39,617.45,607
1751464440,617.46,617.48,617.45,617.46,175
1751464445,617.45,617.45,617.38,617.41,309
1751464450,617.42,617.42,617.38,617.39,493
1751464455,617.4,617.47,617.4,617.47,141
1751464460,617.47,617.48,617.44,617.47,256
1751464465,617.46,617.46,617.41,617.42,75
1751464470,617.42,617.42,617.41,617.42,77
1751464475,617.42,617.42,617.39,617.4,117
1751464480,617.41,617.44,617.4,617.44,387
1751464485,617.44,617.46,617.44,617.46,144
1751464490,617.46,617.47,617.43,617.47,66
1751464495,617.48,617.49,617.47,617.48,161
1751464500,617.49,617.49,617.42,617.46,137
1751464505,617.45,617.45,617.36,617.37,148
1751464510,617.38,617.39,617.32,617.33,111
1751464515,617.33,617.35,617.29,617.31,428
1751464520,617.31,617.31,617.23,617.24,261
1751464525,617.23,617.28,617.23,617.26,181
1751464530,617.25,617.29,617.25,617.29,127
1751464535,617.28,617.31,617.24,617.31,140
1751464540,617.31,617.35,617.3,617.34,135
1751464545,617.33,617.35,617.31,617.35,234
1751464550,617.36,617.37,617.33,617.33,86
1751464555,617.32,617.38,617.32,617.38,173
1751464560,617.36,617.4,617.36,617.38,337
1751464565,617.38,617.41,617.33,617.4,236
1751464570,617.38,617.4,617.33,617.35,148
1751464575,617.34,617.34,617.28,617.31,182
1751464580,617.31,617.31,617.24,617.24,200
1751464585,617.25,617.27,617.21,617.24,213
1751464590,617.24,617.24,617.16,617.17,378
1751464595,617.16,617.17,617.13,617.14,400
1751464600,617.14,617.2,617.12,617.18,1066
1751464605,617.18,617.18,617.13,617.14,132
1751464610,617.14,617.2,617.14,617.19,70
1751464615,617.19,617.19,617.12,617.13,435
1751464620,617.12,617.14,617.1,617.1,202
1751464625,617.11,617.17,617.09,617.17,387
1751464630,617.16,617.21,617.16,617.2,85
1751464635,617.2,617.25,617.19,617.22,276
1751464640,617.21,617.23,617.19,617.21,84
1751464645,617.21,617.3,617.2,617.3,156
1751464650,617.3,617.42,617.29,617.4,420
1751464655,617.42,617.42,617.31,617.33,357
1751464660,617.33,617.36,617.33,617.34,203
1751464665,617.35,617.37,617.34,617.35,74
1751464670,617.34,617.34,617.32,617.34,33
1751464675,617.34,617.35,617.26,617.27,153
1751464680,617.27,617.3,617.27,617.29,85
1751464685,617.31,617.35,617.3,617.35,60
1751464690,617.34,617.36,617.31,617.32,190
1751464695,617.32,617.39,617.32,617.32,505
1751464700,617.32,617.33,617.29,617.33,299
1751464705,617.34,617.36,617.31,617.36,175
1751464710,617.37,617.39,617.33,617.34,229
1751464715,617.34,617.36,617.31,617.36,328
1751464720,617.35,617.37,617.33,617.33,290
1751464725,617.32,617.33,617.3,617.3,106
1751464730,617.3,617.33,617.26,617.33,171
1751464735,617.35,617.36,617.34,617.36,70
1751464740,617.36,617.36,617.31,617.31,74
1751464745,617.31,617.33,617.29,617.32,121
1751464750,617.32,617.34,617.32,617.34,103
1751464755,617.34,617.34,617.3,617.3,27
1751464760,617.3,617.34,617.3,617.32,112
1751464765,617.33,617.33,617.29,617.33,194
1751464770,617.31,617.32,617.26,617.31,231
1751464775,617.31,617.32,617.3,617.3,101
1751464780,617.3,617.34,617.3,617.3,98
1751464785,617.3,617.32,617.29,617.32,43
1751464790,617.32,617.35,617.3,617.34,143
1751464795,617.29,617.33,617.28,617.31,215
1751464800,617.31,617.33,617.28,617.31,602
1751464805,617.33,617.37,617.3,617.36,283
1751464810,617.38,617.46,617.38,617.46,222
1751464815,617.47,617.51,617.46,617.5,177
1751464820,617.5,617.5,617.44,617.47,225
1751464825,617.47,617.53,617.46,617.5,140
1751464830,617.5,617.55,617.49,617.55,246
1751464835,617.55,617.58,617.54,617.56,206
1751464840,617.55,617.57,617.54,617.57,128
1751464845,617.57,617.58,617.54,617.55,174
1751464850,617.55,617.55,617.46,617.47,685
1751464855,617.47,617.53,617.46,617.53,220
1751464860,617.54,617.59,617.51,617.59,515
1751464865,617.59,617.59,617.56,617.58,172
1751464870,617.57,617.61,617.55,617.6,171
1751464875,617.59,617.64,617.58,617.62,496
1751464880,617.62,617.64,617.56,617.56,130
1751464885,617.56,617.62,617.55,617.61,110
1751464890,617.61,617.62,617.55,617.57,311
1751464895,617.56,617.6,617.55,617.57,145
1751464900,617.57,617.58,617.54,617.58,451
1751464905,617.58,617.6,617.55,617.56,391
1751464910,617.56,617.56,617.51,617.51,195
1751464915,617.49,617.5,617.47,617.5,152
1751464920,617.49,617.5,617.46,617.47,294
1751464925,617.47,617.47,617.42,617.45,551
1751464930,617.45,617.52,617.45,617.51,127
1751464935,617.51,617.52,617.47,617.49,460
1751464940,617.5,617.61,617.5,617.6,438
1751464945,617.62,617.62,617.58,617.58,216
1751464950,617.59,617.6,617.56,617.57,209
1751464955,617.56,617.58,617.52,617.55,260
1751464960,617.56,617.58,617.56,617.58,175
1751464965,617.57,617.59,617.57,617.58,65
1751464970,617.59,617.62,617.58,617.59,583
1751464975,617.59,617.62,617.58,617.6,571
1751464980,617.6,617.66,617.58,617.63,1003
1751464985,617.63,617.64,617.57,617.6,103
1751464990,617.59,617.62,617.58,617.6,1508
1751464995,617.6,617.62,617.59,617.6,303
1751465000,617.59,617.66,617.59,617.65,778
1751465005,617.65,617.68,617.64,617.64,220
1751465010,617.64,617.65,617.61,617.62,207
1751465015,617.63,617.65,617.62,617.62,235
1751465020,617.63,617.7,617.62,617.7,357
1751465025,617.68,617.7,617.67,617.67,313
1751465030,617.67,617.68,617.63,617.64,137
1751465035,617.64,617.66,617.62,617.64,95
1751465040,617.64,617.65,617.61,617.64,316
1751465045,617.64,617.66,617.63,617.66,277
1751465050,617.66,617.68,617.63,617.67,403
1751465055,617.67,617.68,617.65,617.66,244
1751465060,617.66,617.67,617.64,617.66,255
1751465065,617.66,617.67,617.65,617.67,126
1751465070,617.66,617.72,617.66,617.72,222
1751465075,617.72,617.73,617.71,617.73,216
1751465080,617.72,617.73,617.66,617.66,1317
1751465085,617.65,617.72,617.65,617.71,349
1751465090,617.71,617.72,617.67,617.68,243
1751465095,617.69,617.7,617.66,617.68,329
1751465100,617.68,617.71,617.67,617.7,402
1751465105,617.69,617.71,617.68,617.69,100
1751465110,617.69,617.73,617.68,617.71,280
1751465115,617.7,617.75,617.69,617.75,1084
1751465120,617.74,617.75,617.7,617.74,733
1751465125,617.73,617.74,617.72,617.74,71
1751465130,617.75,617.78,617.72,617.73,226
1751465135,617.74,617.75,617.7,617.71,137
1751465140,617.71,617.74,617.71,617.73,170
1751465145,617.73,617.74,617.68,617.71,315
1751465150,617.71,617.72,617.69,617.71,198
1751465155,617.7,617.76,617.69,617.76,215
1751465160,617.74,617.75,617.72,617.73,99
1751465165,617.73,617.78,617.72,617.78,108
1751465170,617.78,617.79,617.77,617.77,75
1751465175,617.79,617.8,617.75,617.75,714
1751465180,617.75,617.81,617.75,617.81,196
1751465185,617.81,617.82,617.8,617.82,67
1751465190,617.81,617.82,617.79,617.81,50
1751465195,617.8,617.87,617.79,617.87,237
1751465200,617.87,617.91,617.84,617.86,549
1751465205,617.85,617.86,617.83,617.86,62
1751465210,617.86,617.98,617.86,617.94,491
1751465215,617.93,617.96,617.9,617.96,258
1751465220,617.93,617.97,617.88,617.89,1616
1751465225,617.9,617.91,617.89,617.9,427
1751465230,617.9,617.9,617.84,617.84,261
1751465235,617.84,617.87,617.82,617.84,177
1751465240,617.83,617.84,617.81,617.82,200
1751465245,617.83,617.84,617.82,617.83,67
1751465250,617.83,617.83,617.78,617.81,343
1751465255,617.81,617.83,617.79,617.8,125
1751465260,617.8,617.81,617.78,617.78,189
1751465265,617.78,617.79,617.76,617.77,435
1751465270,617.78,617.79,617.77,617.77,59
1751465275,617.78,617.83,617.78,617.81,105
1751465280,617.82,617.84,617.81,617.84,246
1751465285,617.84,617.87,617.84,617.86,176
1751465290,617.86,617.88,617.85,617.86,687
1751465295,617.86,617.87,617.85,617.87,985
1751465300,617.85,617.86,617.78,617.8,784
1751465305,617.79,617.82,617.78,617.81,702
1751465310,617.81,617.84,617.81,617.84,93
1751465315,617.83,617.84,617.83,617.84,52
1751465320,617.84,617.85,617.83,617.83,51
1751465325,617.83,617.83,617.81,617.82,41
1751465330,617.82,617.83,617.81,617.82,29
1751465335,617.81,617.81,617.76,617.76,367
1751465340,617.77,617.77,617.74,617.75,191
1751465345,617.75,617.79,617.75,617.76,111
1751465350,617.76,617.79,617.76,617.77,173
1751465355,617.77,617.78,617.75,617.77,330
1751465360,617.78,617.78,617.71,617.74,375
1751465365,617.74,617.81,617.74,617.8,370
1751465370,617.79,617.81,617.78,617.79,263
1751465375,617.79,617.83,617.79,617.82,144
1751465380,617.81,617.82,617.79,617.8,192
1751465385,617.79,617.84,617.79,617.82,165
1751465390,617.84,617.86,617.83,617.84,114
1751465395,617.84,617.84,617.81,617.83,210
1751465400,617.82,617.86,617.79,617.85,430
1751465405,617.85,617.87,617.85,617.86,271
1751465410,617.86,617.86,617.83,617.84,109
1751465415,617.85,617.9,617.83,617.89,202
1751465420,617.89,617.91,617.86,617.86,329
1751465425,617.88,617.88,617.86,617.86,53
1751465430,617.87,617.9,617.87,617.89,79
1751465435,617.9,617.9,617.88,617.9,123
1751465440,617.88,617.89,617.87,617.88,121
1751465445,617.9,617.94,617.9,617.94,68
1751465450,617.94,617.96,617.93,617.96,182
1751465455,617.96,617.97,617.95,617.96,212
1751465460,617.97,617.97,617.94,617.95,436
1751465465,617.95,617.95,617.9,617.9,349
1751465470,617.91,617.91,617.88,617.89,153
1751465475,617.9,617.91,617.88,617.9,165
1751465480,617.89,617.93,617.89,617.9,132
1751465485,617.91,617.94,617.89,617.94,116
1751465490,617.95,617.96,617.94,617.94,288
1751465495,617.94,617.99,617.93,617.97,522
1751465500,617.97,617.97,617.93,617.95,216
1751465505,617.95,617.98,617.95,617.97,67
1751465510,617.96,617.98,617.95,617.95,131
1751465515,617.96,617.97,617.95,617.95,135
1751465520,617.95,617.96,617.93,617.95,225
1751465525,617.94,617.97,617.94,617.95,229
1751465530,617.95,617.99,617.95,617.97,391
1751465535,617.97,617.98,617.95,617.96,164
1751465540,617.96,617.96,617.94,617.95,165
1751465545,617.96,617.99,617.95,617.99,264
1751465550,617.99,617.99,617.97,617.97,289
1751465555,617.97,617.98,617.94,617.94,584
1751465560,617.94,617.99,617.94,617.96,265
1751465565,617.96,618.0,617.96,617.96,267
1751465570,617.98,617.98,617.96,617.96,110
1751465575,617.97,617.97,617.94,617.95,243
1751465580,617.94,617.94,617.89,617.89,304
1751465585,617.87,617.88,617.85,617.87,281
1751465590,617.87,617.87,617.85,617.87,452
1751465595,617.86,617.88,617.84,617.85,541
1751465600,617.85,617.89,617.84,617.88,567
1751465605,617.88,617.91,617.88,617.91,317
1751465610,617.91,617.94,617.9,617.92,231
1751465615,617.92,617.94,617.92,617.94,298
1751465620,617.95,617.96,617.91,617.91,216
1751465625,617.91,617.98,617.91,617.98,75
1751465630,617.97,617.97,617.94,617.95,87
1751465635,617.97,617.98,617.95,617.96,102
1751465640,617.95,617.95,617.93,617.95,83
1751465645,617.94,617.94,617.91,617.92,183
1751465650,617.92,617.93,617.9,617.92,221
1751465655,617.92,617.94,617.91,617.92,697
1751465660,617.92,617.94,617.9,617.93,232
1751465665,617.93,617.94,617.92,617.93,176
1751465670,617.92,617.93,617.92,617.92,105
1751465675,617.93,617.95,617.92,617.92,177
1751465680,617.92,617.94,617.92,617.93,68
1751465685,617.93,617.94,617.92,617.94,152
1751465690,617.93,617.96,617.92,617.92,177
1751465695,617.92,617.93,617.92,617.92,22
1751465700,617.92,617.96,617.91,617.96,369
1751465705,617.95,617.99,617.95,617.97,497
1751465710,617.97,617.97,617.92,617.95,419
1751465715,617.95,617.97,617.94,617.97,134
1751465720,617.97,617.99,617.94,617.94,120
1751465725,617.95,617.96,617.94,617.96,91
1751465730,617.97,617.97,617.95,617.96,227
1751465735,617.96,617.98,617.92,617.92,190
1751465740,617.93,617.95,617.92,617.95,282
1751465745,617.95,617.97,617.92,617.92,222
1751465750,617.92,617.93,617.89,617.89,124
1751465755,617.9,617.93,617.9,617.91,160
1751465760,617.9,617.93,617.89,617.9,307
1751465765,617.91,617.96,617.91,617.96,118
1751465770,617.95,617.99,617.95,617.96,226
1751465775,617.95,617.98,617.95,617.98,149
1751465780,617.98,617.98,617.94,617.94,226
1751465785,617.94,617.94,617.91,617.93,195
1751465790,617.92,617.97,617.9,617.97,238
1751465795,617.97,618.01,617.97,618.01,316
1751465800,618.0,618.06,617.98,618.01,814
1751465805,618.01,618.01,617.98,617.98,240
1751465810,617.99,618.01,617.98,617.98,126
1751465815,617.98,617.99,617.97,617.99,45
1751465820,617.99,618.01,617.96,617.99,372
1751465825,617.97,617.99,617.96,617.99,181
1751465830,617.98,618.02,617.98,618.01,117
1751465835,618.0,618.04,618.0,618.03,208
1751465840,618.02,618.05,618.02,618.02,266
1751465845,618.02,618.03,618.02,618.02,153
1751465850,618.02,618.03,618.0,618.01,267
1751465855,618.0,618.04,617.99,618.03,366
1751465860,618.04,618.06,618.03,618.06,259
1751465865,618.06,618.07,618.04,618.05,262
1751465870,618.05,618.06,618.04,618.05,81
1751465875,618.05,618.05,618.02,618.04,237
1751465880,618.02,618.07,618.02,618.05,250
1751465885,618.05,618.05,617.98,618.0,330
1751465890,618.0,618.01,617.96,617.96,123
1751465895,617.95,617.99,617.94,617.99,163
1751465900,617.97,617.97,617.95,617.97,140
1751465905,617.97,617.98,617.95,617.95,211
1751465910,617.94,617.96,617.93,617.96,145
1751465915,617.98,617.99,617.96,617.96,77
1751465920,617.97,618.02,617.97,618.01,155
1751465925,618.0,618.02,618.0,618.0,129
1751465930,618.0,618.01,617.98,618.0,114
1751465935,618.0,618.01,618.0,618.01,32
1751465940,618.01,618.04,618.01,618.03,227
1751465945,618.03,618.06,618.01,618.06,142
1751465950,618.05,618.08,618.03,618.04,379
1751465955,618.05,618.07,618.04,618.07,114
1751465960,618.07,618.07,618.04,618.04,123
1751465965,618.06,618.08,618.05,618.06,183
1751465970,618.06,618.06,617.98,617.99,147
1751465975,617.99,618.0,617.98,617.99,339
1751465980,617.98,617.99,617.96,617.98,123
1751465985,617.98,618.0,617.97,618.0,35
1751465990,617.99,618.0,617.98,617.98,215
1751465995,617.98,618.0,617.98,617.99,502
1751466000,617.98,618.01,617.97,618.0,1563
1751466005,617.99,618.0,617.95,617.95,174
1751466010,617.96,617.96,617.94,617.95,98
1751466015,617.95,617.96,617.94,617.96,46
1751466020,617.96,618.0,617.96,617.99,70
1751466025,618.0,618.01,617.99,618.0,1794
1751466030,617.99,618.0,617.98,617.98,194
1751466035,617.98,617.99,617.95,617.96,207
1751466040,617.96,617.98,617.95,617.98,210
1751466045,617.98,617.99,617.93,617.94,551
1751466050,617.93,617.93,617.92,617.92,280
1751466055,617.91,617.92,617.87,617.88,1447
1751466060,617.88,617.95,617.87,617.94,179
1751466065,617.95,617.97,617.93,617.96,144
1751466070,617.97,617.97,617.95,617.97,142
1751466075,617.97,617.98,617.96,617.97,93
1751466080,617.97,618.0,617.97,617.98,168
1751466085,617.98,617.99,617.97,617.99,85
1751466090,617.99,618.03,617.98,618.0,420
1751466095,618.0,618.02,618.0,618.0,123
1751466100,618.0,618.05,618.0,618.03,176
1751466105,618.04,618.04,618.02,618.03,59
1751466110,618.03,618.03,618.02,618.03,7
1751466115,618.02,618.02,617.97,617.98,153
1751466120,617.98,618.02,617.97,618.02,156
1751466125,618.02,618.03,618.02,618.03,99
1751466130,618.02,618.05,618.01,618.05,115
1751466135,618.05,618.05,618.02,618.03,37
1751466140,618.03,618.04,618.0,618.0,115
1751466145,618.01,618.07,618.01,618.07,82
1751466150,618.08,618.11,618.08,618.09,330
1751466155,618.09,618.11,618.08,618.08,208
1751466160,618.1,618.12,618.08,618.09,338
1751466165,618.1,618.1,618.02,618.03,237
1751466170,618.03,618.03,617.99,618.0,163
1751466175,618.0,618.01,618.0,618.0,55
1751466180,618.0,618.05,617.99,618.04,88
1751466185,618.04,618.07,618.04,618.07,64
1751466190,618.06,618.09,618.06,618.09,221
1751466195,618.08,618.08,618.06,618.07,40
1751466200,618.07,618.1,618.07,618.07,166
1751466205,618.06,618.07,618.04,618.05,83
1751466210,618.04,618.05,618.04,618.05,78
1751466215,618.04,618.04,618.04,618.04,5
1751466220,618.05,618.1,618.04,618.1,66
1751466225,618.11,618.13,618.11,618.11,136
1751466230,618.12,618.14,618.12,618.12,97
1751466235,618.12,618.14,618.12,618.12,135
1751466240,618.12,618.14,618.12,618.14,94
1751466245,618.14,618.16,618.13,618.13,185
1751466250,618.12,618.14,618.12,618.13,145
1751466255,618.12,618.14,618.11,618.13,103
1751466260,618.14,618.15,618.13,618.15,127
1751466265,618.15,618.16,618.14,618.15,140
1751466270,618.15,618.15,618.13,618.14,52
1751466275,618.14,618.14,618.11,618.12,130
1751466280,618.12,618.14,618.12,618.14,64
1751466285,618.15,618.16,618.14,618.14,153
1751466290,618.15,618.16,618.14,618.14,55
1751466295,618.16,618.2,618.16,618.18,112
1751466300,618.19,618.21,618.16,618.21,272
1751466305,618.21,618.23,618.19,618.21,366
1751466310,618.21,618.21,618.17,618.18,116
1751466315,618.18,618.18,618.13,618.15,375
1751466320,618.15,618.18,618.14,618.16,134
1751466325,618.16,618.19,618.16,618.18,234
1751466330,618.17,618.23,618.17,618.23,343
1751466335,618.23,618.25,618.23,618.24,134
1751466340,618.23,618.23,618.21,618.22,86
1751466345,618.22,618.31,618.2,618.3,949
1751466350,618.3,618.65,618.27,618.55,4023
1751466355,618.55,618.58,618.48,618.48,967
1751466360,618.48,618.56,618.46,618.53,673
1751466365,618.53,618.56,618.42,618.48,1778
1751466370,618.49,618.5,618.35,618.39,787
1751466375,618.38,618.4,618.36,618.39,538
1751466380,618.39,618.43,618.33,618.34,1014
1751466385,618.34,618.38,618.34,618.38,171
1751466390,618.38,618.4,618.35,618.35,300
1751466395,618.34,618.37,618.33,618.36,274
1751466400,618.35,618.38,618.33,618.36,246
1751466405,618.35,618.37,618.34,618.34,106
1751466410,618.34,618.38,618.34,618.36,172
1751466415,618.36,618.38,618.33,618.36,383
1751466420,618.36,618.41,618.36,618.39,261
1751466425,618.39,618.42,618.39,618.4,256
1751466430,618.41,618.46,618.4,618.42,265
1751466435,618.42,618.46,618.42,618.46,202
1751466440,618.46,618.52,618.44,618.52,673
1751466445,618.52,618.54,618.51,618.52,205
1751466450,618.51,618.56,618.5,618.54,533
1751466455,618.55,618.55,618.48,618.48,227
1751466460,618.47,618.48,618.45,618.46,195
1751466465,618.46,618.47,618.45,618.47,137
1751466470,618.47,618.49,618.47,618.48,176
1751466475,618.48,618.5,618.47,618.48,298
1751466480,618.48,618.49,618.43,618.43,221
1751466485,618.44,618.45,618.43,618.45,325
1751466490,618.44,618.46,618.42,618.45,133
1751466495,618.44,618.49,618.44,618.49,495
1751466500,618.49,618.51,618.3,618.47,2118
1751466505,618.47,618.55,618.47,618.54,1520
1751466510,618.55,618.62,618.55,618.6,509
1751466515,618.59,618.59,618.52,618.53,119
1751466520,618.53,618.54,618.46,618.47,503
1751466525,618.48,618.5,618.46,618.5,81
1751466530,618.51,618.56,618.51,618.55,110
1751466535,618.56,618.6,618.55,618.6,144
1751466540,618.61,618.62,618.59,618.61,175
1751466545,618.61,618.62,618.59,618.62,157
1751466550,618.63,618.69,618.63,618.66,472
1751466555,618.66,618.67,618.64,618.66,264
1751466560,618.66,618.69,618.65,618.68,122
1751466565,618.69,618.72,618.66,618.66,502
1751466570,618.66,618.67,618.63,618.66,194
1751466575,618.65,618.65,618.62,618.63,369
1751466580,618.63,618.64,618.61,618.61,188
1751466585,618.61,618.61,618.57,618.57,333
1751466590,618.58,618.59,618.55,618.59,203
1751466595,618.59,618.61,618.57,618.6,68
1751466600,618.6,618.74,618.58,618.71,621
1751466605,618.7,618.73,618.67,618.67,279
1751466610,618.68,618.71,618.67,618.67,251
1751466615,618.66,618.7,618.66,618.7,174
1751466620,618.69,618.78,618.69,618.77,419
1751466625,618.78,618.78,618.72,618.75,293
1751466630,618.76,618.82,618.76,618.8,768
1751466635,618.8,618.8,618.75,618.76,267
1751466640,618.75,618.78,618.64,618.66,786
1751466645,618.67,618.68,618.66,618.68,177
1751466650,618.68,618.72,618.67,618.72,296
1751466655,618.71,618.71,618.68,618.7,43
1751466660,618.7,618.74,618.69,618.73,153
1751466665,618.72,618.77,618.71,618.77,119
1751466670,618.77,618.77,618.69,618.73,348
1751466675,618.72,618.73,618.7,618.72,158
1751466680,618.72,618.74,618.68,618.74,379
1751466685,618.73,618.73,618.69,618.69,141
1751466690,618.69,618.72,618.68,618.72,122
1751466695,618.72,618.75,618.72,618.75,224
1751466700,618.74,618.75,618.72,618.75,146
1751466705,618.75,618.77,618.74,618.75,227
1751466710,618.75,618.78,618.74,618.77,244
1751466715,618.76,618.8,618.76,618.76,214
1751466720,618.75,618.79,618.75,618.77,92
1751466725,618.76,618.77,618.74,618.76,126
1751466730,618.74,618.77,618.69,618.7,382
1751466735,618.7,618.72,618.69,618.69,205
1751466740,618.69,618.69,618.64,618.64,610
1751466745,618.64,618.65,618.62,618.62,449
1751466750,618.61,618.65,618.59,618.64,279
1751466755,618.65,618.68,618.64,618.67,81
1751466760,618.67,618.68,618.65,618.68,200
1751466765,618.68,618.69,618.67,618.67,74
1751466770,618.68,618.69,618.64,618.66,245
1751466775,618.67,618.73,618.66,618.72,270
1751466780,618.72,618.73,618.71,618.73,168
1751466785,618.72,618.72,618.67,618.68,254
1751466790,618.68,618.69,618.67,618.68,509
1751466795,618.69,618.7,618.66,618.67,578
1751466800,618.67,618.67,618.63,618.63,276
1751466805,618.63,618.68,618.62,618.66,329
1751466810,618.66,618.69,618.65,618.67,58
1751466815,618.67,618.7,618.64,618.7,267
1751466820,618.7,618.71,618.64,618.64,222
1751466825,618.63,618.63,618.59,618.62,104
1751466830,618.62,618.66,618.62,618.64,122
1751466835,618.64,618.68,618.64,618.68,68
1751466840,618.67,618.71,618.67,618.71,167
1751466845,618.72,618.72,618.71,618.72,353
1751466850,618.72,618.72,618.7,618.7,322
1751466855,618.69,618.75,618.68,618.73,809
1751466860,618.72,618.78,618.71,618.78,251
1751466865,618.77,618.78,618.76,618.76,83
1751466870,618.76,618.84,618.76,618.84,169
1751466875,618.83,618.83,618.8,618.8,81
1751466880,618.81,618.86,618.8,618.83,236
1751466885,618.83,618.83,618.79,618.83,410
1751466890,618.83,618.83,618.8,618.8,201
1751466895,618.8,618.81,618.79,618.8,119
1751466900,618.8,618.85,618.76,618.77,389
1751466905,618.78,618.78,618.75,618.76,248
1751466910,618.77,618.78,618.71,618.75,376
1751466915,618.76,618.78,618.74,618.77,289
1751466920,618.77,618.78,618.73,618.75,55
1751466925,618.75,618.77,618.74,618.77,211
1751466930,618.77,618.78,618.74,618.75,168
1751466935,618.74,618.75,618.73,618.75,50
1751466940,618.75,618.76,618.73,618.74,42
1751466945,618.74,618.75,618.73,618.74,92
1751466950,618.74,618.74,618.71,618.72,52
1751466955,618.71,618.73,618.7,618.72,113
1751466960,618.72,618.78,618.72,618.75,325
1751466965,618.75,618.76,618.74,618.75,113
1751466970,618.75,618.79,618.74,618.76,522
1751466975,618.77,618.78,618.74,618.74,361
1751466980,618.76,618.82,618.76,618.79,369
1751466985,618.78,618.84,618.78,618.84,121
1751466990,618.84,618.86,618.82,618.82,205
1751466995,618.82,618.82,618.79,618.79,176
1751467000,618.8,618.84,618.8,618.84,126
1751467005,618.84,618.84,618.82,618.83,122
1751467010,618.82,618.88,618.82,618.87,278
1751467015,618.88,618.91,618.87,618.89,574
1751467020,618.9,618.96,618.89,618.96,416
1751467025,618.95,618.95,618.92,618.92,289
1751467030,618.92,618.94,618.91,618.92,69
1751467035,618.92,618.93,618.91,618.93,122
1751467040,618.92,618.92,618.88,618.9,161
1751467045,618.89,618.93,618.89,618.93,222
1751467050,618.92,618.92,618.91,618.91,52
1751467055,618.92,618.93,618.91,618.91,151
1751467060,618.91,618.91,618.85,618.86,200
1751467065,618.86,618.88,618.85,618.88,107
1751467070,618.87,618.88,618.87,618.88,135
1751467075,618.87,618.89,618.86,618.87,155
1751467080,618.87,618.89,618.84,618.84,192
1751467085,618.85,618.91,618.85,618.89,381
1751467090,618.89,618.91,618.89,618.91,61
1751467095,618.91,618.91,618.87,618.87,152
1751467100,618.88,618.89,618.86,618.87,102
1751467105,618.87,618.88,618.84,618.86,165
1751467110,618.87,618.87,618.86,618.86,191
1751467115,618.86,618.86,618.83,618.83,49
1751467120,618.84,618.85,618.83,618.84,152
1751467125,618.85,618.86,618.84,618.86,194
1751467130,618.87,618.89,618.86,618.89,120
1751467135,618.9,618.92,618.89,618.91,201
1751467140,618.91,618.91,618.86,618.88,469
1751467145,618.88,618.91,618.88,618.91,420
1751467150,618.91,618.94,618.9,618.91,144
1751467155,618.9,618.93,618.88,618.89,324
1751467160,618.88,618.92,618.88,618.92,56
1751467165,618.92,618.92,618.9,618.91,42
1751467170,618.9,618.91,618.87,618.91,261
1751467175,618.92,618.92,618.89,618.89,131
1751467180,618.89,618.89,618.89,618.89,15
1751467185,618.88,618.9,618.87,618.9,71
1751467190,618.91,618.91,618.89,618.89,42
1751467195,618.88,618.89,618.84,618.86,294
1751467200,618.86,618.92,618.86,618.9,320
1751467205,618.9,618.9,618.85,618.85,160
1751467210,618.82,618.83,618.79,618.82,273
1751467215,618.83,618.84,618.83,618.84,151
1751467220,618.84,618.88,618.83,618.86,240
1751467225,618.83,618.88,618.83,618.88,86
1751467230,618.87,618.9,618.87,618.89,154
1751467235,618.89,618.95,618.89,618.95,373
1751467240,618.95,619.01,618.95,618.99,547
1751467245,619.0,619.02,618.97,618.98,142
1751467250,618.98,618.99,618.97,618.98,175
1751467255,618.98,618.99,618.97,618.97,206
1751467260,618.97,619.01,618.96,619.0,90
1751467265,619.01,619.02,618.96,618.97,315
1751467270,618.97,619.03,618.96,619.02,206
1751467275,619.04,619.06,618.98,618.99,384
1751467280,618.99,619.03,618.98,619.02,327
1751467285,619.02,619.03,618.99,619.0,418
1751467290,618.99,619.02,618.98,618.99,132
1751467295,619.0,619.02,618.99,619.01,79
1751467300,619.02,619.04,619.02,619.04,121
1751467305,619.03,619.03,618.94,618.94,635
1751467310,618.94,618.98,618.94,618.94,95
1751467315,618.93,618.97,618.93,618.95,319
1751467320,618.96,619.0,618.96,618.99,653
1751467325,619.0,619.0,618.98,619.0,115
1751467330,618.99,619.0,618.96,618.96,116
1751467335,618.96,618.97,618.94,618.94,106
1751467340,618.94,618.96,618.94,618.96,74
1751467345,618.97,618.99,618.96,618.98,169
1751467350,618.99,619.02,618.98,619.01,120
1751467355,619.01,619.02,618.99,618.99,198
1751467360,618.99,618.99,618.96,618.97,121
1751467365,618.96,618.97,618.95,618.97,50
1751467370,618.97,618.98,618.95,618.97,85
1751467375,618.97,618.97,618.95,618.96,55
1751467380,618.95,618.99,618.95,618.98,209
1751467385,618.99,619.03,618.98,619.03,229
1751467390,619.02,619.07,619.01,619.06,145
1751467395,619.08,619.08,619.04,619.05,330
1751467400,619.05,619.07,619.02,619.02,143
1751467405,619.05,619.05,619.01,619.01,61
1751467410,619.01,619.04,619.0,619.04,176
1751467415,619.03,619.05,619.03,619.04,42
1751467420,619.05,619.05,619.04,619.04,148
1751467425,619.04,619.06,619.03,619.03,294
1751467430,619.04,619.08,619.03,619.07,112
1751467435,619.08,619.09,619.06,619.06,144
1751467440,619.06,619.08,619.05,619.05,280
1751467445,619.05,619.13,619.03,619.1,800
1751467450,619.09,619.09,619.02,619.02,801
1751467455,619.02,619.02,618.73,618.84,2488
1751467460,618.83,619.03,618.68,618.69,1568
1751467465,618.69,618.7,618.38,618.45,2065
1751467470,618.44,618.6,618.44,618.5,671
1751467475,618.47,618.47,618.38,618.39,769
1751467480,618.39,618.45,618.24,618.36,1638
1751467485,618.36,618.4,618.28,618.4,893
1751467490,618.41,618.5,618.38,618.49,873
1751467495,618.51,618.52,618.34,618.35,441
1751467500,618.34,618.53,618.34,618.44,1009
1751467505,618.43,618.5,618.43,618.46,630
1751467510,618.45,618.48,618.27,618.29,1446
1751467515,618.29,618.44,618.28,618.43,179
1751467520,618.43,618.46,618.4,618.45,288
1751467525,618.45,618.46,618.39,618.42,430
1751467530,618.42,618.42,618.32,618.39,318
1751467535,618.41,618.41,618.2,618.23,1295
1751467540,618.21,618.37,618.2,618.37,972
1751467545,618.35,618.36,618.3,618.35,530
1751467550,618.36,618.37,618.3,618.33,509
1751467555,618.32,618.38,618.29,618.38,173
1751467560,618.37,618.4,618.33,618.35,292
1751467565,618.36,618.42,618.35,618.41,697
1751467570,618.4,618.48,618.37,618.48,429
1751467575,618.48,618.63,618.48,618.58,849
1751467580,618.56,618.6,618.54,618.6,320
1751467585,618.61,618.62,618.54,618.59,329
1751467590,618.59,618.59,618.45,618.45,444
1751467595,618.45,618.48,618.42,618.48,251
1751467600,618.49,618.52,618.49,618.49,207
1751467605,618.49,618.5,618.46,618.47,178
1751467610,618.47,618.52,618.46,618.52,128
1751467615,618.52,618.6,618.52,618.57,651
1751467620,618.57,618.64,618.57,618.6,570
1751467625,618.61,618.62,618.6,618.61,328
1751467630,618.62,618.67,618.56,618.67,789
1751467635,618.66,618.67,618.62,618.62,130
1751467640,618.6,618.63,618.57,618.62,206
1751467645,618.63,618.64,618.58,618.58,52
1751467650,618.58,618.58,618.51,618.56,349
1751467655,618.56,618.56,618.52,618.54,60
1751467660,618.53,618.62,618.53,618.61,179
1751467665,618.61,618.68,618.61,618.65,526
1751467670,618.67,618.73,618.65,618.7,322
1751467675,618.69,618.87,618.69,618.87,1288
1751467680,618.87,618.88,618.81,618.85,454
1751467685,618.84,618.88,618.83,618.83,215
1751467690,618.84,618.87,618.75,618.8,954
1751467695,618.8,618.83,618.79,618.8,242
1751467700,618.79,618.8,618.75,618.76,232
1751467705,618.78,618.79,618.73,618.75,216
1751467710,618.76,618.78,618.74,618.77,101
1751467715,618.79,618.82,618.79,618.79,184
1751467720,618.8,618.81,618.74,618.75,221
1751467725,618.74,618.78,618.73,618.76,805
1751467730,618.75,618.78,618.74,618.76,79
1751467735,618.76,618.83,618.76,618.81,151
1751467740,618.8,618.88,618.79,618.87,327
1751467745,618.86,618.87,618.84,618.87,123
1751467750,618.86,618.89,618.84,618.88,338
1751467755,618.89,618.95,618.88,618.89,1031
1751467760,618.88,618.9,618.85,618.86,103
1751467765,618.87,618.92,618.86,618.92,187
1751467770,618.92,618.94,618.91,618.93,145
1751467775,618.93,618.94,618.9,618.9,210
1751467780,618.91,618.93,618.87,618.87,155
1751467785,618.88,618.89,618.85,618.89,152
1751467790,618.88,618.89,618.87,618.88,127
1751467795,618.87,618.88,618.83,618.85,199
1751467800,618.86,618.86,618.84,618.86,174
1751467805,618.85,618.85,618.79,618.81,269
1751467810,618.8,618.85,618.79,618.85,187
1751467815,618.88,618.91,618.87,618.9,223
1751467820,618.9,618.94,618.9,618.94,155
1751467825,618.95,618.97,618.94,618.96,207
1751467830,618.96,619.0,618.93,619.0,211
1751467835,619.01,619.03,618.98,619.02,177
1751467840,619.03,619.04,619.02,619.04,144
1751467845,619.04,619.04,619.0,619.02,596
1751467850,619.04,619.05,619.02,619.03,243
1751467855,619.04,619.11,619.04,619.08,235
1751467860,619.07,619.09,619.05,619.05,285
1751467865,619.05,619.1,619.05,619.09,216
1751467870,619.1,619.16,619.1,619.13,495
1751467875,619.14,619.15,619.09,619.09,233
1751467880,619.1,619.11,619.0,619.01,1910
1751467885,619.02,619.05,619.01,619.01,295
1751467890,619.01,619.05,618.98,619.03,386
1751467895,619.04,619.05,619.02,619.03,229
1751467900,619.02,619.09,619.0,619.08,316
1751467905,619.07,619.11,619.06,619.11,182
1751467910,619.12,619.16,619.12,619.13,322
1751467915,619.11,619.14,619.11,619.14,193
1751467920,619.12,619.13,619.11,619.12,152
1751467925,619.12,619.15,619.11,619.14,292
1751467930,619.13,619.16,619.11,619.15,431
1751467935,619.16,619.17,619.11,619.11,450
1751467940,619.11,619.12,619.09,619.12,111
1751467945,619.12,619.12,619.08,619.11,150
1751467950,619.09,619.09,619.02,619.02,231
1751467955,619.02,619.04,619.01,619.02,440
1751467960,619.02,619.04,618.99,619.0,435
1751467965,619.02,619.02,618.98,618.99,308
1751467970,618.99,619.0,618.98,618.99,242
1751467975,618.99,619.01,618.98,619.01,294
1751467980,619.0,619.04,619.0,619.04,184
1751467985,619.04,619.07,619.04,619.06,218
1751467990,619.05,619.08,619.02,619.02,147
1751467995,619.02,619.03,619.01,619.01,228
1751468000,619.02,619.03,619.01,619.01,148
1751468005,619.02,619.07,619.02,619.07,153
1751468010,619.07,619.13,619.06,619.13,402
1751468015,619.13,619.15,619.09,619.1,166
1751468020,619.1,619.1,619.06,619.06,129
1751468025,619.08,619.09,619.05,619.05,56
1751468030,619.03,619.05,619.02,619.03,174
1751468035,619.03,619.05,619.02,619.05,88
1751468040,619.05,619.05,619.0,619.02,360
1751468045,619.03,619.06,619.03,619.05,156
1751468050,619.07,619.07,619.01,619.02,129
1751468055,619.03,619.03,618.97,618.98,100
1751468060,618.98,618.98,618.91,618.97,600
1751468065,618.97,618.97,618.95,618.97,109
1751468070,618.96,618.97,618.94,618.94,83
1751468075,618.94,618.95,618.92,618.93,230
1751468080,618.92,618.93,618.89,618.89,148
1751468085,618.89,618.91,618.87,618.88,209
1751468090,618.88,618.9,618.87,618.88,169
1751468095,618.88,618.9,618.85,618.85,312
1751468100,618.85,618.85,618.74,618.75,1702
1751468105,618.75,618.76,618.7,618.72,899
1751468110,618.69,618.71,618.64,618.68,361
1751468115,618.67,618.7,618.63,618.7,130
1751468120,618.7,618.75,618.7,618.74,242
1751468125,618.73,618.76,618.72,618.74,96
1751468130,618.74,618.82,618.73,618.82,175
1751468135,618.83,618.83,618.78,618.79,154
1751468140,618.79,618.79,618.72,618.76,72
1751468145,618.77,618.78,618.75,618.78,79
1751468150,618.79,618.8,618.74,618.77,372
1751468155,618.77,618.78,618.72,618.74,224
1751468160,618.75,618.76,618.73,618.75,97
1751468165,618.74,618.79,618.73,618.78,189
1751468170,618.77,618.77,618.72,618.75,149
1751468175,618.75,618.76,618.71,618.73,246
1751468180,618.74,618.76,618.69,618.7,856
1751468185,618.69,618.75,618.69,618.72,396
1751468190,618.72,618.8,618.71,618.77,346
1751468195,618.76,618.77,618.67,618.68,262
1751468200,618.66,618.67,618.64,618.66,169
1751468205,618.66,618.67,618.63,618.64,110
1751468210,618.65,618.65,618.57,618.59,506
1751468215,618.6,618.61,618.56,618.56,324
1751468220,618.55,618.58,618.54,618.58,225
1751468225,618.6,618.61,618.57,618.6,206
1751468230,618.61,618.64,618.59,618.63,93
1751468235,618.64,618.65,618.62,618.65,50
1751468240,618.65,618.69,618.64,618.69,107
1751468245,618.68,618.68,618.63,618.64,173
1751468250,618.65,618.66,618.63,618.63,127
1751468255,618.63,618.67,618.62,618.67,97
1751468260,618.68,618.71,618.67,618.7,210
1751468265,618.7,618.7,618.66,618.68,122
1751468270,618.67,618.68,618.66,618.66,84
1751468275,618.65,618.67,618.64,618.64,213
1751468280,618.65,618.67,618.65,618.67,163
1751468285,618.68,618.74,618.67,618.73,318
1751468290,618.71,618.75,618.71,618.72,142
1751468295,618.72,618.75,618.69,618.75,419
1751468300,618.74,618.78,618.73,618.77,372
1751468305,618.75,618.76,618.71,618.71,225
1751468310,618.7,618.72,618.7,618.71,115
1751468315,618.71,618.79,618.71,618.79,176
1751468320,618.79,618.8,618.76,618.77,89
1751468325,618.77,618.81,618.76,618.8,151
1751468330,618.79,618.79,618.75,618.76,212
1751468335,618.77,618.77,618.74,618.76,143
1751468340,618.78,618.78,618.74,618.75,223
1751468345,618.75,618.75,618.72,618.72,326
1751468350,618.72,618.72,618.62,618.63,898
1751468355,618.63,618.66,618.62,618.66,241
1751468360,618.66,618.7,618.66,618.68,156
1751468365,618.69,618.71,618.64,618.64,113
1751468370,618.65,618.66,618.62,618.65,246
1751468375,618.66,618.67,618.65,618.65,192
1751468380,618.66,618.66,618.62,618.66,121
1751468385,618.69,618.71,618.68,618.71,39
1751468390,618.72,618.72,618.69,618.71,210
1751468395,618.72,618.75,618.71,618.74,137
1751468400,618.77,618.83,618.77,618.81,812
1751468405,618.81,618.86,618.81,618.83,278
1751468410,618.83,618.9,618.82,618.88,259
1751468415,618.88,618.88,618.83,618.86,434
1751468420,618.85,618.85,618.79,618.82,256
1751468425,618.85,618.85,618.78,618.83,152
1751468430,618.82,618.88,618.81,618.87,146
1751468435,618.87,618.94,618.86,618.93,387
1751468440,618.94,618.96,618.9,618.94,263
1751468445,618.94,618.94,618.9,618.92,105
1751468450,618.91,618.96,618.91,618.95,52
1751468455,618.95,618.97,618.92,618.96,369
1751468460,618.96,619.0,618.96,619.0,346
1751468465,619.0,619.02,618.99,619.0,431
1751468470,619.0,619.03,618.96,618.97,237
1751468475,618.98,619.0,618.95,618.99,107
1751468480,618.97,619.02,618.97,619.02,43
1751468485,619.02,619.03,618.96,618.99,84
1751468490,618.99,619.0,618.97,618.98,100
1751468495,618.99,618.99,618.96,618.98,125
1751468500,618.97,618.99,618.96,618.98,129
1751468505,618.98,618.98,618.92,618.92,111
1751468510,618.94,618.99,618.94,618.99,221
1751468515,619.0,619.07,618.98,619.06,620
1751468520,619.05,619.05,619.02,619.02,265
1751468525,619.01,619.02,618.97,618.98,52
1751468530,618.98,618.99,618.89,618.9,369
1751468535,618.91,618.97,618.91,618.97,238
1751468540,618.96,618.97,618.94,618.95,72
1751468545,618.96,618.97,618.94,618.95,113
1751468550,618.95,618.95,618.93,618.95,115
1751468555,618.94,618.94,618.91,618.92,77
1751468560,618.89,618.97,618.89,618.96,164
1751468565,618.96,618.99,618.96,618.99,99
1751468570,618.99,619.04,618.97,619.02,1970
1751468575,619.01,619.04,619.0,619.04,177
1751468580,619.04,619.04,619.01,619.01,235
1751468585,619.01,619.02,618.98,619.0,184
1751468590,618.97,618.99,618.96,618.98,17
1751468595,618.97,618.97,618.93,618.93,158
1751468600,618.92,618.93,618.87,618.87,250
1751468605,618.86,618.9,618.86,618.88,263
1751468610,618.88,618.96,618.88,618.96,197
1751468615,618.96,618.96,618.95,618.95,50
1751468620,618.94,618.94,618.87,618.87,147
1751468625,618.87,618.9,618.87,618.9,156
1751468630,618.9,618.9,618.86,618.86,242
1751468635,618.85,618.86,618.82,618.83,231
1751468640,618.83,618.88,618.83,618.84,227
1751468645,618.86,618.91,618.86,618.91,104
1751468650,618.89,618.93,618.89,618.89,143
1751468655,618.89,618.89,618.84,618.88,274
1751468660,618.88,618.88,618.86,618.86,61
1751468665,618.88,618.88,618.84,618.84,75
1751468670,618.83,618.84,618.81,618.83,103
1751468675,618.83,618.83,618.82,618.83,108
1751468680,618.83,618.87,618.83,618.85,157
1751468685,618.88,618.91,618.88,618.91,94
1751468690,618.9,618.92,618.87,618.92,338
1751468695,618.92,618.94,618.9,618.94,196
1751468700,618.95,618.97,618.93,618.97,203
1751468705,618.97,618.98,618.96,618.98,239
1751468710,618.99,619.0,618.95,618.96,247
1751468715,618.96,619.02,618.96,619.01,328
1751468720,619.01,619.03,619.0,619.0,238
1751468725,619.0,619.02,618.98,619.0,124
1751468730,619.0,619.05,619.0,619.05,563
1751468735,619.05,619.07,618.99,619.01,669
1751468740,619.04,619.05,618.98,618.99,230
1751468745,619.01,619.05,619.01,619.03,203
1751468750,619.04,619.08,619.03,619.03,506
1751468755,619.03,619.04,619.01,619.02,229
1751468760,619.03,619.12,619.02,619.07,986
1751468765,619.07,619.1,619.07,619.08,502
1751468770,619.07,619.08,619.04,619.05,408
1751468775,619.05,619.08,619.05,619.08,45
1751468780,619.06,619.06,619.03,619.03,86
1751468785,619.02,619.03,618.98,618.99,204
1751468790,618.98,618.99,618.94,618.96,395
1751468795,618.95,618.99,618.95,618.98,113
1751468800,618.99,618.99,618.93,618.95,132
1751468805,618.95,618.99,618.95,618.96,177
1751468810,618.95,618.95,618.92,618.94,192
1751468815,618.93,618.95,618.92,618.92,58
1751468820,618.92,618.92,618.85,618.85,475
1751468825,618.85,618.87,618.84,618.85,141
1751468830,618.86,618.86,618.82,618.84,330
1751468835,618.86,618.9,618.82,618.83,124
1751468840,618.83,618.83,618.78,618.79,172
1751468845,618.79,618.83,618.77,618.83,139
1751468850,618.84,618.86,618.82,618.84,256
1751468855,618.84,618.87,618.84,618.84,60
1751468860,618.84,618.87,618.84,618.84,372
1751468865,618.84,618.86,618.83,618.84,121
1751468870,618.84,618.87,618.84,618.87,47
1751468875,618.88,618.91,618.87,618.91,158
1751468880,618.91,618.92,618.88,618.89,150
1751468885,618.87,618.9,618.86,618.87,64
1751468890,618.87,618.87,618.82,618.83,107
1751468895,618.83,618.84,618.82,618.83,63
1751468900,618.84,618.84,618.82,618.82,173
1751468905,618.83,618.87,618.78,618.84,1545
1751468910,618.84,618.9,618.83,618.89,175
1751468915,618.9,618.92,618.89,618.91,211
1751468920,618.91,618.95,618.89,618.89,261
1751468925,618.89,618.92,618.87,618.9,271
1751468930,618.91,618.94,618.9,618.91,156
1751468935,618.91,618.95,618.9,618.91,855
1751468940,618.91,618.96,618.9,618.94,125
1751468945,618.95,618.96,618.93,618.96,33
1751468950,618.95,618.97,618.94,618.97,113
1751468955,618.98,618.99,618.95,618.96,40
1751468960,618.94,618.94,618.92,618.94,69
1751468965,618.94,618.94,618.91,618.91,48
1751468970,618.9,618.91,618.89,618.91,23
1751468975,618.9,618.91,618.9,618.9,49
1751468980,618.89,618.89,618.83,618.84,202
1751468985,618.84,618.86,618.81,618.82,86
1751468990,618.82,618.83,618.82,618.83,40
1751468995,618.81,618.85,618.8,618.83,175
1751469000,618.83,618.84,618.74,618.74,552
1751469005,618.73,618.74,618.68,618.7,279
1751469010,618.69,618.74,618.68,618.72,134
1751469015,618.72,618.72,618.66,618.66,212
1751469020,618.66,618.66,618.63,618.64,250
1751469025,618.64,618.7,618.63,618.69,324
1751469030,618.68,618.7,618.68,618.7,272
1751469035,618.71,618.73,618.7,618.72,76
1751469040,618.73,618.79,618.73,618.79,121
1751469045,618.8,618.84,618.75,618.75,233
1751469050,618.75,618.82,618.75,618.81,89
1751469055,618.8,618.82,618.78,618.78,198
1751469060,618.79,618.81,618.78,618.79,76
1751469065,618.79,618.8,618.77,618.78,92
1751469070,618.78,618.81,618.76,618.76,101
1751469075,618.77,618.77,618.74,618.74,98
1751469080,618.73,618.74,618.7,618.74,189
1751469085,618.74,618.75,618.71,618.75,48
1751469090,618.76,618.77,618.75,618.75,106
1751469095,618.75,618.77,618.75,618.75,108
1751469100,618.75,618.78,618.74,618.78,57
1751469105,618.78,618.83,618.78,618.8,184
1751469110,618.8,618.8,618.69,618.69,120
1751469115,618.68,618.7,618.67,618.7,154
1751469120,618.69,618.7,618.67,618.68,134
1751469125,618.68,618.69,618.66,618.68,319
1751469130,618.69,618.71,618.68,618.69,146
1751469135,618.69,618.69,618.66,618.67,168
1751469140,618.65,618.65,618.59,618.63,357
1751469145,618.63,618.66,618.61,618.64,146
1751469150,618.65,618.7,618.64,618.7,94
1751469155,618.71,618.72,618.66,618.67,906
1751469160,618.67,618.69,618.67,618.69,197
1751469165,618.7,618.7,618.68,618.69,280
1751469170,618.69,618.69,618.65,618.67,323
1751469175,618.68,618.69,618.64,618.65,383
1751469180,618.64,618.66,618.62,618.63,283
1751469185,618.61,618.62,618.57,618.57,251
1751469190,618.58,618.64,618.58,618.63,195
1751469195,618.63,618.64,618.59,618.63,150
1751469200,618.62,618.63,618.61,618.62,75
1751469205,618.59,618.63,618.58,618.62,153
1751469210,618.63,618.66,618.62,618.65,179
1751469215,618.66,618.69,618.65,618.69,306
1751469220,618.7,618.71,618.67,618.69,184
1751469225,618.68,618.68,618.64,618.65,61
1751469230,618.66,618.67,618.63,618.64,60
1751469235,618.63,618.64,618.61,618.61,107
1751469240,618.59,618.61,618.58,618.6,147
1751469245,618.59,618.6,618.58,618.6,205
1751469250,618.6,618.6,618.55,618.56,366
1751469255,618.57,618.63,618.56,618.63,164
1751469260,618.64,618.72,618.64,618.72,107
1751469265,618.71,618.72,618.69,618.72,138
1751469270,618.7,618.73,618.7,618.7,63
1751469275,618.69,618.71,618.69,618.69,60
1751469280,618.68,618.68,618.62,618.62,134
1751469285,618.61,618.63,618.61,618.63,50
1751469290,618.63,618.65,618.63,618.65,20
1751469295,618.66,618.68,618.66,618.68,27
1751469300,618.66,618.7,618.66,618.69,60
1751469305,618.69,618.73,618.68,618.72,312
1751469310,618.71,618.79,618.71,618.77,470
1751469315,618.77,618.8,618.75,618.76,236
1751469320,618.75,618.77,618.72,618.73,177
1751469325,618.71,618.75,618.71,618.74,71
1751469330,618.77,618.8,618.77,618.78,119
1751469335,618.77,618.77,618.74,618.77,170
1751469340,618.79,618.82,618.79,618.81,81
1751469345,618.82,618.85,618.81,618.83,300
1751469350,618.84,618.86,618.83,618.84,191
1751469355,618.84,618.86,618.84,618.84,91
1751469360,618.84,618.84,618.78,618.8,390
1751469365,618.81,618.83,618.78,618.79,107
1751469370,618.79,618.79,618.74,618.76,180
1751469375,618.76,618.77,618.74,618.76,253
1751469380,618.8,618.8,618.77,618.78,157
1751469385,618.79,618.83,618.79,618.82,265
1751469390,618.82,618.82,618.72,618.74,111
1751469395,618.74,618.76,618.72,618.73,92
1751469400,618.72,618.78,618.72,618.76,70
1751469405,618.75,618.76,618.74,618.75,45
1751469410,618.75,618.82,618.75,618.82,117
1751469415,618.8,618.81,618.79,618.8,19
1751469420,618.8,618.83,618.79,618.83,25
1751469425,618.83,618.84,618.82,618.82,120
1751469430,618.82,618.83,618.8,618.83,102
1751469435,618.82,618.82,618.78,618.78,77
1751469440,618.78,618.82,618.78,618.82,91
1751469445,618.82,618.84,618.81,618.83,90
1751469450,618.83,618.83,618.79,618.81,185
1751469455,618.8,618.84,618.8,618.84,343
1751469460,618.83,618.85,618.82,618.84,1163
1751469465,618.84,618.84,618.81,618.82,161
1751469470,618.81,618.83,618.81,618.82,35
1751469475,618.77,618.78,618.76,618.77,45
1751469480,618.75,618.78,618.73,618.78,67
1751469485,618.78,618.8,618.77,618.78,35
1751469490,618.77,618.81,618.77,618.8,40
1751469495,618.77,618.77,618.73,618.74,158
1751469500,618.74,618.79,618.73,618.79,95
1751469505,618.77,618.77,618.75,618.76,8
1751469510,618.77,618.81,618.77,618.8,21
1751469515,618.79,618.79,618.78,618.79,18
1751469520,618.8,618.8,618.78,618.78,97
1751469525,618.79,618.79,618.78,618.78,20
1751469530,618.79,618.82,618.78,618.81,310
1751469535,618.81,618.84,618.79,618.82,142
1751469540,618.81,618.82,618.78,618.79,319
1751469545,618.79,618.83,618.79,618.81,27
1751469550,618.8,618.83,618.79,618.79,122
1751469555,618.79,618.79,618.77,618.79,205
1751469560,618.79,618.8,618.78,618.79,50
1751469565,618.8,618.8,618.77,618.79,92
1751469570,618.79,618.81,618.76,618.79,149
1751469575,618.79,618.8,618.73,618.75,196
1751469580,618.75,618.75,618.74,618.75,17
1751469585,618.75,618.78,618.75,618.76,80
1751469590,618.76,618.76,618.69,618.7,198
1751469595,618.7,618.73,618.69,618.73,72
1751469600,618.74,618.77,618.74,618.75,151
1751469605,618.75,618.75,618.67,618.69,193
1751469610,618.69,618.72,618.69,618.72,47
1751469615,618.72,618.82,618.72,618.82,180
1751469620,618.82,618.85,618.82,618.84,223
1751469625,618.82,618.85,618.81,618.85,111
1751469630,618.85,618.88,618.85,618.87,165
1751469635,618.87,618.88,618.86,618.87,66
1751469640,618.86,618.86,618.83,618.83,151
1751469645,618.82,618.84,618.81,618.84,88
1751469650,618.84,618.86,618.81,618.81,44
1751469655,618.81,618.83,618.8,618.83,43
1751469660,618.83,618.84,618.82,618.83,31
1751469665,618.82,618.85,618.82,618.83,43
1751469670,618.85,618.88,618.84,618.84,187
1751469675,618.83,618.83,618.74,618.76,127
1751469680,618.74,618.77,618.73,618.76,89
1751469685,618.77,618.8,618.77,618.78,103
1751469690,618.79,618.79,618.77,618.77,40
1751469695,618.8,618.83,618.8,618.82,72
1751469700,618.82,618.86,618.82,618.85,25
1751469705,618.85,618.92,618.85,618.91,164
1751469710,618.92,618.96,618.91,618.95,259
1751469715,618.95,618.96,618.91,618.91,131
1751469720,618.92,618.96,618.92,618.96,162
1751469725,618.95,619.0,618.95,618.99,251
1751469730,618.99,618.99,618.97,618.98,97
1751469735,618.99,619.01,618.95,619.0,213
1751469740,619.0,619.02,618.97,618.99,132
1751469745,618.98,618.99,618.97,618.99,139
1751469750,618.99,618.99,618.96,618.98,80
1751469755,618.99,619.01,618.97,618.97,62
1751469760,618.95,618.95,618.93,618.95,112
1751469765,618.95,618.97,618.95,618.96,25
1751469770,618.96,618.98,618.96,618.97,64
1751469775,618.98,618.99,618.97,618.98,85
1751469780,618.97,618.99,618.95,618.99,110
1751469785,619.0,619.0,618.97,618.98,78
1751469790,618.99,619.01,618.98,619.01,136
1751469795,619.01,619.06,619.01,619.04,256
1751469800,619.04,619.04,618.99,619.0,380
1751469805,618.98,618.99,618.96,618.96,104
1751469810,618.95,619.0,618.95,619.0,61
1751469815,619.02,619.03,619.01,619.01,144
1751469820,619.0,619.0,618.99,619.0,38
1751469825,619.0,619.0,618.97,618.98,248
1751469830,618.99,618.99,618.95,618.97,452
1751469835,618.96,618.97,618.94,618.97,158
1751469840,618.96,618.97,618.94,618.94,80
1751469845,618.94,618.97,618.94,618.97,100
1751469850,618.96,618.96,618.89,618.94,129
1751469855,618.94,618.94,618.91,618.91,104
1751469860,618.91,618.91,618.86,618.88,47
1751469865,618.91,618.95,618.91,618.95,82
1751469870,618.96,618.96,618.94,618.95,13
1751469875,618.96,618.97,618.94,618.94,628
1751469880,618.94,618.97,618.94,618.94,48
1751469885,618.94,618.95,618.93,618.93,37
1751469890,618.94,618.95,618.94,618.95,33
1751469895,618.94,618.94,618.92,618.94,210
1751469900,618.94,618.94,618.9,618.93,192
1751469905,618.93,618.95,618.91,618.94,105
1751469910,618.95,618.96,618.93,618.93,91
1751469915,618.95,619.04,618.95,619.03,397
1751469920,619.03,619.03,618.93,619.02,512
1751469925,619.01,619.01,619.0,619.01,20
1751469930,619.0,619.02,618.99,619.02,52
1751469935,619.02,619.03,618.98,618.99,41
1751469940,618.99,619.01,618.98,618.98,106
1751469945,618.98,618.99,618.97,618.97,341
1751469950,618.97,619.02,618.97,619.02,105
1751469955,619.01,619.02,618.98,619.0,136
1751469960,619.0,619.03,618.99,619.02,115
1751469965,619.01,619.05,619.0,619.05,211
1751469970,619.05,619.07,619.04,619.07,58
1751469975,619.08,619.09,619.04,619.06,148
1751469980,619.06,619.09,619.05,619.06,766
1751469985,619.05,619.05,619.02,619.03,66
1751469990,619.04,619.06,619.04,619.05,94
1751469995,619.04,619.05,619.03,619.04,285
1751470000,619.04,619.04,619.01,619.01,60
1751470005,619.0,619.03,619.0,619.02,132
1751470010,619.03,619.06,619.02,619.06,117
1751470015,619.05,619.06,619.03,619.03,144
1751470020,619.03,619.05,619.01,619.04,340
1751470025,619.05,619.05,619.02,619.02,36
1751470030,619.01,619.03,618.98,619.01,141
1751470035,619.0,619.0,618.95,618.97,142
1751470040,618.98,618.98,618.91,618.93,174
1751470045,618.92,618.93,618.86,618.87,192
1751470050,618.87,618.88,618.84,618.87,203
1751470055,618.88,618.91,618.88,618.9,95
1751470060,618.92,618.92,618.9,618.92,166
1751470065,618.92,618.94,618.91,618.94,245
1751470070,618.94,618.94,618.92,618.92,20
1751470075,618.94,618.94,618.92,618.93,83
1751470080,618.93,618.96,618.93,618.96,140
1751470085,618.97,618.98,618.96,618.97,45
1751470090,618.97,618.97,618.91,618.91,260
1751470095,618.9,618.91,618.9,618.9,60
1751470100,618.89,618.89,618.87,618.88,80
1751470105,618.87,618.88,618.85,618.86,76
1751470110,618.87,618.87,618.86,618.87,5
1751470115,618.83,618.84,618.82,618.83,47
1751470120,618.81,618.81,618.78,618.79,183
1751470125,618.77,618.79,618.74,618.79,95
1751470130,618.8,618.81,618.78,618.79,147
1751470135,618.78,618.81,618.78,618.8,53
1751470140,618.82,618.82,618.79,618.79,85
1751470145,618.77,618.79,618.73,618.74,60
1751470150,618.73,618.79,618.72,618.79,125
1751470155,618.79,618.79,618.74,618.75,59
1751470160,618.74,618.75,618.73,618.74,22
1751470165,618.74,618.76,618.73,618.73,52
1751470170,618.71,618.73,618.7,618.71,107
1751470175,618.72,618.72,618.71,618.72,52
1751470180,618.72,618.82,618.71,618.81,84
1751470185,618.81,618.82,618.8,618.82,118
1751470190,618.81,618.82,618.81,618.82,25
1751470195,618.82,618.83,618.78,618.79,338
1751470200,618.79,618.82,618.75,618.77,771
1751470205,618.81,618.81,618.77,618.79,77
1751470210,618.8,618.8,618.74,618.74,87
1751470215,618.75,618.8,618.75,618.8,35
1751470220,618.84,618.9,618.84,618.9,105
1751470225,618.91,618.94,618.91,618.94,122
1751470230,618.94,618.95,618.93,618.94,70
1751470235,618.96,618.97,618.93,618.95,105
1751470240,618.96,618.97,618.92,618.92,104
1751470245,618.91,618.92,618.89,618.9,31
1751470250,618.9,618.9,618.87,618.87,17
1751470255,618.88,618.89,618.86,618.89,31
1751470260,618.9,618.94,618.9,618.94,146
1751470265,618.93,618.93,618.9,618.93,67
1751470270,618.92,618.93,618.91,618.93,83
1751470275,618.94,618.97,618.94,618.96,109
1751470280,618.93,618.98,618.93,618.96,43
1751470285,618.98,618.98,618.97,618.97,43
1751470290,618.96,618.99,618.96,618.99,58
1751470295,618.98,619.0,618.97,618.98,105
1751470300,618.99,619.03,618.99,619.01,177
1751470305,619.02,619.05,619.02,619.02,565
1751470310,619.0,619.02,619.0,619.01,27
1751470315,619.01,619.02,619.0,619.01,107
1751470320,619.01,619.05,619.01,619.04,329
1751470325,619.04,619.05,619.03,619.04,68
1751470330,619.03,619.06,619.02,619.05,71
1751470335,619.05,619.08,619.04,619.05,150
1751470340,619.04,619.04,618.98,618.98,75
1751470345,618.97,618.98,618.92,618.92,123
1751470350,618.92,618.92,618.9,618.9,91
1751470355,618.92,618.92,618.86,618.87,228
1751470360,618.86,618.86,618.86,618.86,16
1751470365,618.87,618.89,618.86,618.89,102
1751470370,618.88,618.92,618.88,618.91,49
1751470375,618.92,618.94,618.92,618.94,39
1751470380,618.93,618.96,618.92,618.95,36
1751470385,618.95,618.98,618.94,618.94,213
1751470390,618.93,618.94,618.92,618.94,40
1751470395,618.95,619.01,618.93,619.01,65
1751470400,619.0,619.03,619.0,619.03,43
1751470405,619.04,619.06,619.03,619.05,125
1751470410,619.05,619.11,619.05,619.09,437
1751470415,619.09,619.09,619.05,619.06,228
1751470420,619.06,619.07,619.02,619.02,75
1751470425,619.01,619.04,619.01,619.01,138
1751470430,619.02,619.02,618.98,618.99,101
1751470435,618.97,619.0,618.96,619.0,99
1751470440,619.01,619.02,619.0,619.0,12
1751470445,619.01,619.03,619.01,619.02,37
1751470450,619.01,619.01,619.0,619.01,18
1751470455,619.04,619.06,619.03,619.05,44
1751470460,619.06,619.06,619.01,619.01,80
1751470465,619.01,619.03,619.01,619.03,20
1751470470,619.02,619.02,619.01,619.01,78
1751470475,619.01,619.01,619.0,619.0,62
1751470480,619.0,619.01,619.0,619.01,42
1751470485,619.01,619.01,618.98,618.98,89
1751470490,618.97,618.98,618.95,618.95,53
1751470495,618.96,619.0,618.96,618.99,69
1751470500,618.99,619.03,618.97,619.02,243
1751470505,619.01,619.04,619.01,619.04,42
1751470510,619.04,619.07,619.04,619.07,92
1751470515,619.08,619.08,619.06,619.07,103
1751470520,619.07,619.12,619.07,619.12,197
1751470525,619.13,619.17,619.12,619.16,1351
1751470530,619.16,619.25,619.15,619.21,1069
1751470535,619.23,619.23,619.16,619.18,414
1751470540,619.2,619.2,619.17,619.18,165
1751470545,619.18,619.24,619.17,619.23,227
1751470550,619.23,619.24,619.22,619.22,91
1751470555,619.22,619.24,619.21,619.23,151
1751470560,619.22,619.23,619.16,619.18,222
1751470565,619.17,619.24,619.17,619.24,321
1751470570,619.23,619.24,619.22,619.22,164
1751470575,619.22,619.22,619.18,619.19,126
1751470580,619.18,619.19,619.17,619.19,214
1751470585,619.18,619.21,619.17,619.21,67
1751470590,619.2,619.26,619.2,619.25,886
1751470595,619.25,619.27,619.24,619.24,169
1751470600,619.26,619.27,619.24,619.25,112
1751470605,619.26,619.29,619.26,619.26,187
1751470610,619.27,619.28,619.26,619.26,157
1751470615,619.26,619.27,619.25,619.27,57
1751470620,619.27,619.28,619.26,619.27,54
1751470625,619.26,619.29,619.26,619.29,67
1751470630,619.27,619.28,619.25,619.26,103
1751470635,619.26,619.26,619.26,619.26,0
1751470640,619.25,619.26,619.23,619.24,53
1751470645,619.25,619.34,619.25,619.33,602
1751470650,619.34,619.34,619.28,619.3,216
1751470655,619.32,619.33,619.3,619.32,210
1751470660,619.33,619.34,619.33,619.33,45
1751470665,619.32,619.36,619.32,619.35,242
1751470670,619.34,619.35,619.32,619.33,71
1751470675,619.33,619.33,619.3,619.33,91
1751470680,619.33,619.34,619.28,619.28,151
1751470685,619.27,619.27,619.23,619.23,299
1751470690,619.23,619.24,619.18,619.2,381
1751470695,619.21,619.23,619.19,619.21,133
1751470700,619.21,619.24,619.21,619.22,70
1751470705,619.23,619.25,619.22,619.22,118
1751470710,619.23,619.26,619.23,619.23,153
1751470715,619.22,619.22,619.16,619.18,208
1751470720,619.18,619.21,619.18,619.21,91
1751470725,619.2,619.21,619.19,619.21,37
1751470730,619.21,619.21,619.18,619.19,66
1751470735,619.2,619.21,619.17,619.17,44
1751470740,619.18,619.18,619.12,619.15,162
1751470745,619.15,619.17,619.13,619.15,124
1751470750,619.15,619.16,619.12,619.13,341
1751470755,619.12,619.13,619.11,619.12,43
1751470760,619.12,619.14,619.1,619.1,693
1751470765,619.1,619.12,619.09,619.12,205
1751470770,619.11,619.11,619.08,619.09,202
1751470775,619.09,619.09,619.06,619.07,115
1751470780,619.07,619.07,619.03,619.04,273
1751470785,619.05,619.08,619.04,619.08,114
1751470790,619.08,619.1,619.06,619.08,248
1751470795,619.09,619.1,619.09,619.1,31
1751470800,619.08,619.09,619.05,619.06,240
1751470805,619.05,619.06,619.01,619.05,384
1751470810,619.05,619.15,619.04,619.14,1706
1751470815,619.14,619.16,619.13,619.13,104
1751470820,619.13,619.13,619.11,619.11,161
1751470825,619.1,619.1,619.08,619.09,106
1751470830,619.08,619.1,619.07,619.1,137
1751470835,619.09,619.14,619.08,619.13,91
1751470840,619.14,619.15,619.13,619.13,389
1751470845,619.14,619.15,619.13,619.14,216
1751470850,619.14,619.15,619.12,619.13,276
1751470855,619.13,619.15,619.13,619.14,37
1751470860,619.14,619.15,619.12,619.14,401
1751470865,619.14,619.15,619.09,619.1,228
1751470870,619.1,619.1,619.09,619.1,106
1751470875,619.11,619.11,619.1,619.11,27
1751470880,619.11,619.11,619.07,619.08,44
1751470885,619.08,619.12,619.07,619.11,95
1751470890,619.11,619.12,619.11,619.12,37
1751470895,619.12,619.15,619.11,619.15,63
1751470900,619.14,619.15,619.13,619.13,84
1751470905,619.14,619.16,619.13,619.16,70
1751470910,619.16,619.2,619.15,619.2,611
1751470915,619.2,619.23,619.19,619.19,491
1751470920,619.18,619.18,619.13,619.14,55
1751470925,619.13,619.14,619.11,619.12,107
1751470930,619.13,619.15,619.13,619.13,102
1751470935,619.13,619.15,619.13,619.14,25
1751470940,619.16,619.16,619.13,619.14,66
1751470945,619.14,619.14,619.12,619.13,35
1751470950,619.14,619.14,619.12,619.13,138
1751470955,619.12,619.12,619.07,619.11,448
1751470960,619.12,619.12,619.09,619.1,105
1751470965,619.11,619.11,619.08,619.11,81
1751470970,619.09,619.11,619.07,619.08,123
1751470975,619.08,619.11,619.08,619.11,45
1751470980,619.11,619.14,619.11,619.13,149
1751470985,619.12,619.13,619.08,619.08,102
1751470990,619.08,619.09,619.07,619.09,81
1751470995,619.11,619.18,619.1,619.16,197
1751471000,619.16,619.17,619.14,619.16,88
1751471005,619.17,619.18,619.16,619.17,162
1751471010,619.17,619.18,619.16,619.16,120
1751471015,619.17,619.18,619.11,619.13,1008
1751471020,619.12,619.13,619.11,619.13,193
1751471025,619.14,619.15,619.12,619.14,96
1751471030,619.14,619.17,619.14,619.17,306
1751471035,619.16,619.17,619.16,619.16,94
1751471040,619.15,619.15,619.12,619.13,190
1751471045,619.13,619.13,619.12,619.13,155
1751471050,619.13,619.14,619.12,619.14,59
1751471055,619.13,619.14,619.13,619.13,10
1751471060,619.14,619.14,619.13,619.14,100
1751471065,619.14,619.14,619.12,619.13,163
1751471070,619.14,619.17,619.13,619.16,219
1751471075,619.15,619.16,619.12,619.13,191
1751471080,619.13,619.13,619.11,619.12,310
1751471085,619.12,619.13,619.11,619.13,243
1751471090,619.14,619.15,619.13,619.14,117
1751471095,619.14,619.15,619.13,619.14,93
1751471100,619.13,619.15,619.13,619.14,134
1751471105,619.14,619.17,619.13,619.13,272
1751471110,619.12,619.13,619.06,619.07,326
1751471115,619.06,619.09,619.05,619.08,194
1751471120,619.08,619.16,619.08,619.16,289
1751471125,619.16,619.17,619.15,619.16,137
1751471130,619.16,619.2,619.15,619.2,439
1751471135,619.21,619.27,619.21,619.26,986
1751471140,619.25,619.26,619.23,619.23,196
1751471145,619.23,619.24,619.22,619.23,174
1751471150,619.24,619.28,619.24,619.27,177
1751471155,619.26,619.26,619.25,619.26,9
1751471160,619.26,619.28,619.26,619.26,226
1751471165,619.27,619.29,619.26,619.26,291
1751471170,619.26,619.28,619.26,619.26,40
1751471175,619.27,619.31,619.27,619.31,175
1751471180,619.3,619.3,619.27,619.27,102
1751471185,619.28,619.3,619.28,619.29,45
1751471190,619.29,619.3,619.26,619.26,139
1751471195,619.26,619.28,619.26,619.28,131
1751471200,619.29,619.32,619.28,619.29,372
1751471205,619.29,619.34,619.28,619.34,187
1751471210,619.35,619.44,619.34,619.44,1131
1751471215,619.44,619.44,619.4,619.41,274
1751471220,619.4,619.46,619.38,619.45,370
1751471225,619.44,619.45,619.38,619.38,245
1751471230,619.39,619.39,619.36,619.38,96
1751471235,619.37,619.38,619.35,619.35,172
1751471240,619.35,619.38,619.34,619.38,123
1751471245,619.37,619.39,619.37,619.37,125
1751471250,619.38,619.38,619.34,619.35,144
1751471255,619.35,619.35,619.33,619.33,154
1751471260,619.34,619.34,619.32,619.33,80
1751471265,619.34,619.37,619.33,619.37,149
1751471270,619.35,619.37,619.35,619.37,24
1751471275,619.37,619.37,619.32,619.33,161
1751471280,619.34,619.39,619.33,619.38,341
1751471285,619.38,619.39,619.32,619.33,188
1751471290,619.33,619.34,619.32,619.33,88
1751471295,619.34,619.38,619.33,619.38,107
1751471300,619.37,619.37,619.34,619.34,178
1751471305,619.34,619.35,619.32,619.32,188
1751471310,619.32,619.35,619.32,619.33,166
1751471315,619.32,619.37,619.32,619.37,125
1751471320,619.37,619.37,619.32,619.36,129
1751471325,619.36,619.37,619.35,619.35,50
1751471330,619.34,619.34,619.28,619.28,182
1751471335,619.28,619.32,619.28,619.31,124
1751471340,619.31,619.32,619.3,619.3,79
1751471345,619.29,619.31,619.29,619.31,99
1751471350,619.31,619.31,619.28,619.3,366
1751471355,619.27,619.28,619.26,619.26,304
1751471360,619.26,619.29,619.25,619.29,518
1751471365,619.28,619.29,619.27,619.27,130
1751471370,619.27,619.29,619.27,619.29,203
1751471375,619.28,619.28,619.26,619.26,71
1751471380,619.26,619.29,619.26,619.29,220
1751471385,619.29,619.31,619.26,619.27,298
1751471390,619.26,619.28,619.26,619.28,358
1751471395,619.29,619.31,619.27,619.28,496
1751471400,619.29,619.3,619.26,619.3,323
1751471405,619.29,619.3,619.25,619.27,377
1751471410,619.27,619.28,619.21,619.23,295
1751471415,619.23,619.27,619.23,619.27,127
1751471420,619.28,619.3,619.25,619.28,163
1751471425,619.27,619.3,619.27,619.3,27
1751471430,619.3,619.3,619.3,619.3,22
1751471435,619.3,619.31,619.23,619.23,166
1751471440,619.24,619.25,619.24,619.24,59
1751471445,619.25,619.26,619.23,619.23,126
1751471450,619.25,619.26,619.24,619.26,86
1751471455,619.26,619.26,619.25,619.25,30
1751471460,619.26,619.26,619.22,619.23,162
1751471465,619.25,619.27,619.25,619.25,106
1751471470,619.25,619.27,619.24,619.27,175
1751471475,619.27,619.27,619.24,619.25,165
1751471480,619.26,619.26,619.23,619.24,214
1751471485,619.24,619.25,619.22,619.23,185
1751471490,619.23,619.29,619.22,619.29,372
1751471495,619.29,619.29,619.27,619.27,44
1751471500,619.28,619.29,619.28,619.28,32
1751471505,619.28,619.33,619.28,619.33,83
1751471510,619.33,619.37,619.32,619.33,418
1751471515,619.35,619.35,619.31,619.32,46
1751471520,619.32,619.38,619.31,619.37,182
1751471525,619.37,619.37,619.31,619.32,146
1751471530,619.33,619.34,619.31,619.32,149
1751471535,619.32,619.32,619.29,619.29,132
1751471540,619.29,619.29,619.25,619.26,126
1751471545,619.28,619.33,619.28,619.31,126
1751471550,619.3,619.3,619.28,619.28,121
1751471555,619.28,619.28,619.24,619.25,102
1751471560,619.25,619.26,619.24,619.25,108
1751471565,619.26,619.26,619.25,619.26,79
1751471570,619.26,619.28,619.25,619.26,24
1751471575,619.25,619.28,619.25,619.28,122
1751471580,619.27,619.29,619.27,619.29,287
1751471585,619.3,619.3,619.26,619.27,150
1751471590,619.28,619.28,619.25,619.28,55
1751471595,619.29,619.31,619.29,619.29,167
1751471600,619.29,619.3,619.29,619.3,64
1751471605,619.29,619.3,619.25,619.26,192
1751471610,619.25,619.26,619.25,619.25,54
1751471615,619.25,619.25,619.22,619.25,209
1751471620,619.23,619.24,619.22,619.23,100
1751471625,619.23,619.24,619.2,619.2,184
1751471630,619.2,619.2,619.18,619.18,110
1751471635,619.19,619.19,619.15,619.17,409
1751471640,619.17,619.19,619.15,619.19,92
1751471645,619.19,619.2,619.18,619.18,49
1751471650,619.17,619.2,619.17,619.2,296
1751471655,619.19,619.2,619.18,619.19,61
1751471660,619.18,619.18,619.17,619.17,64
1751471665,619.17,619.17,619.15,619.15,83
1751471670,619.15,619.21,619.14,619.21,93
1751471675,619.2,619.26,619.2,619.22,343
1751471680,619.22,619.22,619.21,619.22,56
1751471685,619.21,619.21,619.19,619.21,78
1751471690,619.19,619.2,619.17,619.18,163
1751471695,619.18,619.2,619.16,619.17,198
1751471700,619.16,619.16,619.11,619.12,229
1751471705,619.13,619.15,619.12,619.14,165
1751471710,619.14,619.18,619.14,619.17,91
1751471715,619.18,619.19,619.15,619.16,220
1751471720,619.16,619.2,619.16,619.19,199
1751471725,619.17,619.18,619.17,619.18,27
1751471730,619.18,619.22,619.17,619.22,311
1751471735,619.21,619.22,619.2,619.22,261
1751471740,619.22,619.23,619.2,619.21,134
1751471745,619.21,619.23,619.21,619.23,101
1751471750,619.21,619.24,619.2,619.24,98
1751471755,619.22,619.27,619.22,619.27,151
1751471760,619.27,619.28,619.25,619.27,316
1751471765,619.26,619.27,619.23,619.26,160
1751471770,619.25,619.26,619.25,619.25,133
1751471775,619.26,619.26,619.24,619.25,90
1751471780,619.24,619.24,619.22,619.23,53
1751471785,619.23,619.25,619.22,619.25,51
1751471790,619.26,619.29,619.26,619.28,215
1751471795,619.26,619.26,619.23,619.23,80
1751471800,619.23,619.24,619.21,619.22,83
1751471805,619.21,619.22,619.17,619.19,1058
1751471810,619.2,619.2,619.17,619.18,68
1751471815,619.18,619.18,619.17,619.18,37
1751471820,619.17,619.19,619.16,619.18,139
1751471825,619.18,619.22,619.17,619.21,136
1751471830,619.2,619.21,619.19,619.2,37
1751471835,619.21,619.22,619.2,619.21,64
1751471840,619.21,619.24,619.2,619.23,158
1751471845,619.23,619.23,619.2,619.21,142
1751471850,619.21,619.21,619.18,619.19,116
1751471855,619.19,619.19,619.18,619.18,66
1751471860,619.19,619.19,619.18,619.19,65
1751471865,619.19,619.19,619.11,619.11,255
1751471870,619.11,619.12,619.1,619.12,258
1751471875,619.11,619.13,619.1,619.1,141
1751471880,619.09,619.1,619.04,619.05,178
1751471885,619.05,619.1,619.05,619.08,308
1751471890,619.09,619.11,619.06,619.11,320
1751471895,619.13,619.16,619.11,619.16,199
1751471900,619.16,619.18,619.15,619.16,78
1751471905,619.15,619.15,619.12,619.15,140
1751471910,619.15,619.17,619.15,619.17,70
1751471915,619.17,619.18,619.15,619.15,63
1751471920,619.16,619.21,619.15,619.21,88
1751471925,619.22,619.22,619.2,619.2,55
1751471930,619.2,619.21,619.2,619.2,25
1751471935,619.21,619.23,619.21,619.22,171
1751471940,619.23,619.24,619.21,619.24,131
1751471945,619.22,619.26,619.21,619.25,64
1751471950,619.26,619.27,619.25,619.26,60
1751471955,619.25,619.31,619.25,619.3,204
1751471960,619.31,619.32,619.3,619.31,298
1751471965,619.3,619.34,619.3,619.34,381
1751471970,619.34,619.35,619.31,619.31,161
1751471975,619.31,619.32,619.3,619.31,138
1751471980,619.31,619.31,619.29,619.31,112
1751471985,619.3,619.3,619.3,619.3,2
1751471990,619.3,619.31,619.29,619.29,64
1751471995,619.3,619.3,619.27,619.27,328
1751472000,619.27,619.29,619.25,619.26,541
1751472005,619.24,619.24,619.19,619.19,169
1751472010,619.2,619.22,619.19,619.21,117
1751472015,619.22,619.28,619.22,619.28,58
1751472020,619.27,619.28,619.25,619.26,82
1751472025,619.26,619.28,619.26,619.27,97
1751472030,619.28,619.29,619.26,619.27,109
1751472035,619.28,619.31,619.28,619.3,65
1751472040,619.29,619.29,619.27,619.28,25
1751472045,619.29,619.31,619.28,619.29,104
1751472050,619.29,619.29,619.28,619.28,35
1751472055,619.27,619.28,619.23,619.24,97
1751472060,619.24,619.24,619.16,619.19,215
1751472065,619.2,619.21,619.19,619.2,142
1751472070,619.23,619.24,619.22,619.23,127
1751472075,619.23,619.25,619.23,619.25,22
1751472080,619.25,619.25,619.17,619.17,105
1751472085,619.17,619.19,619.17,619.19,251
1751472090,619.18,619.2,619.18,619.18,7
1751472095,619.18,619.18,619.16,619.16,43
1751472100,619.16,619.16,619.07,619.08,312
1751472105,619.08,619.09,619.06,619.08,214
1751472110,619.07,619.09,619.06,619.08,76
1751472115,619.07,619.09,619.06,619.08,108
1751472120,619.08,619.08,619.02,619.03,342
1751472125,619.02,619.06,619.0,619.05,861
1751472130,619.05,619.06,619.04,619.04,385
1751472135,619.04,619.09,619.04,619.09,250
1751472140,619.09,619.12,619.05,619.05,387
1751472145,619.04,619.04,619.01,619.01,290
1751472150,619.01,619.02,619.0,619.01,115
1751472155,619.01,619.01,618.94,618.95,583
1751472160,618.97,618.98,618.92,618.92,145
1751472165,618.93,618.95,618.91,618.95,235
1751472170,618.95,618.96,618.91,618.91,197
1751472175,618.91,618.92,618.88,618.89,117
1751472180,618.89,618.91,618.86,618.89,736
1751472185,618.9,618.95,618.9,618.9,113
1751472190,618.9,618.95,618.9,618.94,147
1751472195,618.94,618.98,618.93,618.97,115
1751472200,618.98,618.99,618.96,618.97,73
1751472205,618.97,619.01,618.97,619.01,100
1751472210,619.01,619.03,618.96,618.98,123
1751472215,618.98,619.0,618.98,618.98,51
1751472220,618.98,618.98,618.96,618.97,71
1751472225,618.97,618.99,618.93,618.93,40
1751472230,618.94,618.96,618.94,618.95,91
1751472235,618.96,618.98,618.96,618.98,139
1751472240,618.96,619.02,618.95,619.01,168
1751472245,619.01,619.05,619.0,619.05,256
1751472250,619.05,619.05,619.01,619.01,84
1751472255,619.01,619.01,618.94,618.94,182
1751472260,618.94,618.94,618.91,618.92,139
1751472265,618.91,618.93,618.91,618.91,46
1751472270,618.91,618.93,618.9,618.91,48
1751472275,618.93,618.93,618.89,618.91,170
1751472280,618.9,618.95,618.9,618.95,171
1751472285,618.96,618.96,618.92,618.92,81
1751472290,618.93,618.94,618.91,618.91,24
1751472295,618.91,618.92,618.91,618.91,30
1751472300,618.92,618.93,618.9,618.92,150
1751472305,618.92,618.92,618.87,618.88,128
1751472310,618.89,618.91,618.86,618.9,158
1751472315,618.88,618.94,618.87,618.9,332
1751472320,618.87,618.91,618.87,618.9,169
1751472325,618.91,618.96,618.91,618.95,126
1751472330,618.95,618.98,618.95,618.98,151
1751472335,618.98,618.99,618.98,618.99,88
1751472340,619.0,619.01,618.98,619.01,146
1751472345,619.0,619.06,618.98,619.05,334
1751472350,619.05,619.09,619.05,619.07,301
1751472355,619.07,619.08,619.02,619.04,128
1751472360,619.04,619.05,619.03,619.04,83
1751472365,619.05,619.06,619.04,619.06,64
1751472370,619.06,619.08,619.04,619.08,107
1751472375,619.08,619.16,619.08,619.15,225
1751472380,619.17,619.18,619.13,619.18,175
1751472385,619.17,619.17,619.14,619.14,81
1751472390,619.15,619.17,619.15,619.17,105
1751472395,619.18,619.18,619.15,619.16,144
1751472400,619.15,619.2,619.15,619.18,85
1751472405,619.18,619.18,619.15,619.16,39
1751472410,619.16,619.17,619.14,619.14,110
1751472415,619.14,619.16,619.14,619.15,53
1751472420,619.17,619.17,619.13,619.14,100
1751472425,619.14,619.16,619.12,619.16,102
1751472430,619.16,619.16,619.12,619.12,88
1751472435,619.12,619.12,619.08,619.09,118
1751472440,619.1,619.1,619.05,619.06,89
1751472445,619.06,619.09,619.04,619.05,401
1751472450,619.04,619.06,619.03,619.04,287
1751472455,619.05,619.06,619.03,619.05,134
1751472460,619.06,619.08,619.05,619.06,118
1751472465,619.06,619.07,619.03,619.04,46
1751472470,619.04,619.07,619.04,619.06,105
1751472475,619.05,619.05,619.03,619.03,105
1751472480,619.03,619.04,619.03,619.03,39
1751472485,619.03,619.06,619.03,619.04,87
1751472490,619.04,619.13,619.04,619.11,313
1751472495,619.11,619.11,619.1,619.11,62
1751472500,619.11,619.11,619.1,619.11,40
1751472505,619.11,619.12,619.08,619.08,125
1751472510,619.08,619.17,619.08,619.16,227
1751472515,619.15,619.16,619.12,619.16,204
1751472520,619.17,619.29,619.17,619.25,811
1751472525,619.25,619.26,619.22,619.22,309
1751472530,619.22,619.28,619.22,619.27,189
1751472535,619.26,619.28,619.26,619.26,65
1751472540,619.26,619.26,619.17,619.18,184
1751472545,619.17,619.2,619.17,619.18,75
1751472550,619.18,619.19,619.16,619.17,60
1751472555,619.17,619.17,619.16,619.17,52
1751472560,619.17,619.19,619.17,619.19,60
1751472565,619.19,619.2,619.15,619.17,143
1751472570,619.17,619.17,619.13,619.16,182
1751472575,619.16,619.17,619.15,619.17,44
1751472580,619.16,619.17,619.13,619.14,75
1751472585,619.14,619.15,619.13,619.14,127
1751472590,619.14,619.15,619.13,619.15,67
1751472595,619.13,619.13,619.11,619.13,65
1751472600,619.12,619.13,619.02,619.05,535
1751472605,619.05,619.06,619.03,619.06,408
1751472610,619.05,619.08,619.04,619.08,85
1751472615,619.07,619.07,619.02,619.03,379
1751472620,619.02,619.04,619.01,619.02,111
1751472625,619.01,619.01,618.98,619.0,156
1751472630,618.99,619.0,618.97,618.97,255
1751472635,618.96,619.0,618.94,619.0,103
1751472640,618.99,619.0,618.98,619.0,91
1751472645,619.0,619.06,619.0,619.04,179
1751472650,619.04,619.05,619.04,619.05,114
1751472655,619.06,619.06,619.03,619.05,144
1751472660,619.05,619.08,619.04,619.07,437
1751472665,619.06,619.06,619.03,619.06,142
1751472670,619.06,619.08,619.06,619.07,48
1751472675,619.06,619.07,619.05,619.05,83
1751472680,619.07,619.09,619.07,619.07,53
1751472685,619.07,619.08,619.06,619.07,96
1751472690,619.07,619.08,619.06,619.07,71
1751472695,619.07,619.09,619.07,619.09,134
1751472700,619.09,619.1,619.08,619.1,20
1751472705,619.1,619.16,619.1,619.13,164
1751472710,619.12,619.14,619.12,619.14,80
1751472715,619.14,619.15,619.13,619.14,132
1751472720,619.13,619.15,619.13,619.13,68
1751472725,619.11,619.13,619.11,619.13,201
1751472730,619.14,619.18,619.14,619.17,131
1751472735,619.17,619.17,619.15,619.15,34
1751472740,619.14,619.17,619.13,619.16,149
1751472745,619.16,619.17,619.16,619.17,61
1751472750,619.16,619.16,619.13,619.13,35
1751472755,619.13,619.14,619.09,619.09,91
1751472760,619.1,619.13,619.1,619.13,62
1751472765,619.15,619.15,619.11,619.12,54
1751472770,619.13,619.15,619.13,619.13,114
1751472775,619.14,619.14,619.09,619.09,30
1751472780,619.09,619.1,619.08,619.1,37
1751472785,619.09,619.1,619.06,619.06,77
1751472790,619.06,619.07,619.06,619.06,74
1751472795,619.06,619.11,619.06,619.1,55
1751472800,619.1,619.11,619.09,619.09,54
1751472805,619.09,619.09,619.06,619.06,82
1751472810,619.06,619.07,619.05,619.07,58
1751472815,619.07,619.07,619.06,619.06,35
1751472820,619.07,619.11,619.07,619.1,171
1751472825,619.11,619.15,619.1,619.14,176
1751472830,619.14,619.14,619.12,619.12,47
1751472835,619.08,619.08,619.06,619.06,55
1751472840,619.07,619.08,619.07,619.08,122
1751472845,619.08,619.11,619.07,619.11,70
1751472850,619.12,619.13,619.11,619.13,95
1751472855,619.12,619.12,619.1,619.1,62
1751472860,619.1,619.1,619.04,619.07,177
1751472865,619.08,619.09,619.06,619.07,123
1751472870,619.06,619.06,619.05,619.05,25
1751472875,619.07,619.07,619.03,619.03,83
1751472880,619.02,619.04,619.02,619.04,21
1751472885,619.02,619.04,619.02,619.02,54
1751472890,619.02,619.04,619.02,619.04,92
1751472895,619.05,619.05,619.04,619.04,72
1751472900,619.04,619.04,618.99,619.0,252
1751472905,619.0,619.03,618.99,619.01,131
1751472910,619.02,619.03,619.0,619.01,130
1751472915,619.04,619.05,618.99,619.02,111
1751472920,619.02,619.04,619.02,619.04,35
1751472925,619.04,619.04,619.02,619.02,35
1751472930,619.01,619.02,619.01,619.02,20
1751472935,619.0,619.0,618.98,618.99,240
1751472940,618.99,619.07,618.99,619.07,147
1751472945,619.08,619.08,619.06,619.06,220
1751472950,619.07,619.07,619.06,619.07,17
1751472955,619.09,619.09,619.08,619.08,48
1751472960,619.09,619.12,619.09,619.12,189
1751472965,619.12,619.12,619.12,619.12,51
1751472970,619.12,619.19,619.12,619.19,155
1751472975,619.19,619.2,619.18,619.18,256
1751472980,619.18,619.19,619.16,619.19,46
1751472985,619.18,619.2,619.18,619.2,47
1751472990,619.2,619.2,619.16,619.17,132
1751472995,619.17,619.17,619.17,619.17,35
1751473000,619.17,619.19,619.17,619.19,27
1751473005,619.2,619.21,619.17,619.17,75
1751473010,619.17,619.18,619.17,619.18,71
1751473015,619.19,619.24,619.19,619.23,458
1751473020,619.24,619.26,619.23,619.25,300
1751473025,619.26,619.32,619.23,619.32,457
1751473030,619.31,619.32,619.31,619.32,15
1751473035,619.33,619.33,619.29,619.29,167
1751473040,619.3,619.3,619.28,619.3,97
1751473045,619.28,619.29,619.26,619.28,158
1751473050,619.27,619.28,619.25,619.27,143
1751473055,619.27,619.29,619.26,619.28,194
1751473060,619.28,619.29,619.27,619.29,129
1751473065,619.29,619.3,619.27,619.29,241
1751473070,619.29,619.29,619.26,619.26,73
1751473075,619.26,619.28,619.26,619.27,53
1751473080,619.27,619.29,619.26,619.28,387
1751473085,619.3,619.3,619.27,619.27,147
1751473090,619.27,619.28,619.27,619.28,92
1751473095,619.28,619.28,619.26,619.27,41
1751473100,619.25,619.26,619.23,619.23,71
1751473105,619.22,619.25,619.22,619.25,186
1751473110,619.25,619.28,619.25,619.28,124
1751473115,619.28,619.32,619.28,619.31,352
1751473120,619.31,619.31,619.27,619.27,83
1751473125,619.26,619.27,619.26,619.26,12
1751473130,619.27,619.27,619.27,619.27,17
1751473135,619.24,619.25,619.24,619.25,17
1751473140,619.24,619.24,619.2,619.21,115
1751473145,619.21,619.22,619.17,619.19,53
1751473150,619.19,619.19,619.18,619.18,40
1751473155,619.2,619.23,619.19,619.21,112
1751473160,619.2,619.21,619.2,619.21,15
1751473165,619.2,619.21,619.2,619.2,32
1751473170,619.2,619.2,619.19,619.2,22
1751473175,619.2,619.2,619.16,619.17,67
1751473180,619.16,619.16,619.12,619.13,144
1751473185,619.13,619.14,619.12,619.14,50
1751473190,619.15,619.15,619.12,619.14,75
1751473195,619.15,619.18,619.14,619.17,151
1751473200,619.17,619.18,619.15,619.17,149
1751473205,619.17,619.19,619.17,619.18,69
1751473210,619.18,619.2,619.18,619.2,90
1751473215,619.2,619.2,619.18,619.19,52
1751473220,619.19,619.19,619.17,619.18,66
1751473225,619.17,619.18,619.15,619.15,45
1751473230,619.15,619.15,619.09,619.1,127
1751473235,619.11,619.12,619.1,619.1,50
1751473240,619.1,619.11,619.1,619.11,108
1751473245,619.1,619.11,619.1,619.11,40
1751473250,619.1,619.1,619.07,619.1,103
1751473255,619.09,619.1,619.08,619.09,163
1751473260,619.08,619.15,619.07,619.14,83
1751473265,619.17,619.18,619.17,619.18,17
1751473270,619.19,619.22,619.19,619.22,86
1751473275,619.19,619.2,619.14,619.14,84
1751473280,619.15,619.16,619.15,619.16,160
1751473285,619.17,619.17,619.16,619.17,26
1751473290,619.17,619.17,619.13,619.13,49
1751473295,619.13,619.13,619.11,619.11,235
1751473300,619.12,619.14,619.12,619.14,139
1751473305,619.14,619.15,619.13,619.15,59
1751473310,619.15,619.15,619.14,619.14,44
1751473315,619.14,619.15,619.14,619.15,42
1751473320,619.15,619.18,619.15,619.17,119
1751473325,619.16,619.17,619.14,619.16,153
1751473330,619.15,619.16,619.13,619.13,46
1751473335,619.13,619.17,619.13,619.16,46
1751473340,619.16,619.16,619.14,619.15,79
1751473345,619.16,619.16,619.15,619.15,55
1751473350,619.15,619.18,619.15,619.18,98
1751473355,619.18,619.2,619.18,619.2,71
1751473360,619.19,619.2,619.17,619.18,200
1751473365,619.17,619.17,619.16,619.16,40
1751473370,619.15,619.2,619.15,619.2,39
1751473375,619.2,619.2,619.2,619.2,39
1751473380,619.21,619.21,619.19,619.2,41
1751473385,619.2,619.22,619.19,619.2,173
1751473390,619.19,619.2,619.18,619.2,64
1751473395,619.21,619.27,619.2,619.27,152
1751473400,619.27,619.28,619.25,619.25,90
1751473405,619.25,619.25,619.2,619.21,203
1751473410,619.21,619.24,619.21,619.24,54
1751473415,619.23,619.24,619.21,619.21,53
1751473420,619.23,619.25,619.23,619.25,50
1751473425,619.25,619.28,619.24,619.28,244
1751473430,619.27,619.27,619.24,619.25,102
1751473435,619.25,619.26,619.24,619.25,44
1751473440,619.25,619.28,619.25,619.28,41
1751473445,619.28,619.28,619.26,619.27,99
1751473450,619.27,619.27,619.26,619.26,25
1751473455,619.26,619.26,619.26,619.26,25
1751473460,619.25,619.27,619.24,619.24,146
1751473465,619.25,619.25,619.24,619.25,2
1751473470,619.24,619.24,619.23,619.23,25
1751473475,619.25,619.28,619.24,619.26,119
1751473480,619.26,619.26,619.24,619.25,40
1751473485,619.25,619.25,619.24,619.25,86
1751473490,619.25,619.26,619.24,619.24,44
1751473495,619.24,619.24,619.22,619.23,19
1751473500,619.23,619.26,619.23,619.25,68
1751473505,619.26,619.29,619.25,619.29,187
1751473510,619.28,619.3,619.27,619.28,100
1751473515,619.28,619.3,619.28,619.3,46
1751473520,619.29,619.3,619.27,619.27,39
1751473525,619.27,619.28,619.27,619.27,37
1751473530,619.28,619.31,619.28,619.31,45
1751473535,619.3,619.33,619.3,619.31,430
1751473540,619.32,619.32,619.29,619.29,32
1751473545,619.29,619.29,619.26,619.28,236
1751473550,619.27,619.29,619.26,619.29,308
1751473555,619.3,619.31,619.24,619.24,108
1751473560,619.25,619.26,619.14,619.14,757
1751473565,619.15,619.16,619.12,619.16,367
1751473570,619.15,619.19,619.14,619.17,210
1751473575,619.17,619.18,619.16,619.17,97
1751473580,619.17,619.17,619.1,619.11,246
1751473585,619.1,619.11,619.09,619.1,361
1751473590,619.1,619.1,619.08,619.09,81
1751473595,619.09,619.1,619.06,619.07,93
1751473600,619.07,619.13,619.06,619.13,122
1751473605,619.12,619.12,618.87,618.98,1540
1751473610,618.99,619.02,618.94,618.97,367
1751473615,618.97,619.07,618.96,619.02,506
1751473620,619.03,619.04,618.99,619.0,232
1751473625,619.0,619.04,619.0,619.03,583
1751473630,619.02,619.09,619.02,619.08,265
1751473635,619.07,619.11,619.06,619.11,289
1751473640,619.1,619.13,619.1,619.11,200
1751473645,619.11,619.12,619.1,619.1,61
1751473650,619.09,619.11,619.07,619.1,48
1751473655,619.09,619.11,619.08,619.08,38
1751473660,619.07,619.09,619.07,619.09,23
1751473665,619.1,619.1,619.09,619.1,36
1751473670,619.12,619.15,619.11,619.15,110
1751473675,619.15,619.16,619.13,619.14,59
1751473680,619.12,619.15,619.12,619.14,124
1751473685,619.13,619.13,619.08,619.08,127
1751473690,619.08,619.1,619.07,619.08,214
1751473695,619.08,619.14,619.08,619.12,99
1751473700,619.13,619.16,619.12,619.16,158
1751473705,619.17,619.18,619.16,619.16,97
1751473710,619.15,619.16,619.13,619.14,194
1751473715,619.15,619.18,619.15,619.18,161
1751473720,619.18,619.22,619.17,619.22,106
1751473725,619.22,619.25,619.21,619.25,273
1751473730,619.25,619.25,619.22,619.23,98
1751473735,619.23,619.24,619.23,619.24,56
1751473740,619.23,619.23,619.18,619.2,160
1751473745,619.19,619.19,619.17,619.19,132
1751473750,619.19,619.19,619.17,619.18,22
1751473755,619.17,619.17,619.16,619.17,48
1751473760,619.18,619.18,619.12,619.12,85
1751473765,619.13,619.15,619.12,619.12,91
1751473770,619.13,619.17,619.13,619.16,45
1751473775,619.15,619.16,619.15,619.16,5
1751473780,619.16,619.18,619.16,619.18,50
1751473785,619.18,619.21,619.16,619.21,70
1751473790,619.2,619.2,619.17,619.18,97
1751473795,619.17,619.17,619.15,619.16,49
1751473800,619.16,619.17,619.12,619.13,386
1751473805,619.13,619.16,619.11,619.15,327
1751473810,619.14,619.19,619.14,619.18,42
1751473815,619.18,619.18,619.14,619.14,100
1751473820,619.13,619.13,619.1,619.1,206
1751473825,619.09,619.11,619.07,619.11,178
1751473830,619.1,619.1,619.08,619.08,168
1751473835,619.08,619.08,619.07,619.08,153
1751473840,619.08,619.09,619.06,619.07,224
1751473845,619.08,619.08,619.06,619.08,149
1751473850,619.07,619.12,619.06,619.12,234
1751473855,619.12,619.13,619.11,619.12,116
1751473860,619.12,619.13,619.09,619.1,103
1751473865,619.1,619.1,619.08,619.08,47
1751473870,619.07,619.08,619.07,619.08,45
1751473875,619.08,619.1,619.07,619.09,60
1751473880,619.11,619.11,619.08,619.1,183
1751473885,619.09,619.09,619.06,619.06,357
1751473890,619.06,619.06,619.04,619.06,109
1751473895,619.06,619.08,619.06,619.07,266
1751473900,619.08,619.1,619.07,619.07,210
1751473905,619.07,619.07,619.05,619.05,33
1751473910,619.05,619.06,619.04,619.05,48
1751473915,619.05,619.05,619.04,619.04,10
1751473920,619.03,619.06,619.01,619.06,210
1751473925,619.07,619.09,619.06,619.08,79
1751473930,619.08,619.1,619.07,619.1,51
1751473935,619.1,619.15,619.1,619.12,303
1751473940,619.13,619.13,619.09,619.09,64
1751473945,619.08,619.09,619.07,619.08,82
1751473950,619.08,619.08,619.07,619.07,108
1751473955,619.06,619.08,619.05,619.08,35
1751473960,619.09,619.1,619.08,619.09,74
1751473965,619.08,619.1,619.08,619.1,28
1751473970,619.09,619.09,619.08,619.09,41
1751473975,619.08,619.09,619.07,619.09,133
1751473980,619.09,619.09,619.06,619.06,59
1751473985,619.06,619.06,619.01,619.01,131
1751473990,619.0,619.04,619.0,619.03,151
1751473995,619.03,619.03,619.02,619.02,30
1751474000,619.05,619.06,619.02,619.03,70
1751474005,619.05,619.07,619.04,619.05,117
1751474010,619.07,619.07,619.05,619.06,169
1751474015,619.06,619.1,619.05,619.1,276
1751474020,619.1,619.11,619.1,619.11,25
1751474025,619.11,619.16,619.1,619.16,71
1751474030,619.16,619.16,619.15,619.16,17
1751474035,619.15,619.2,619.15,619.19,114
1751474040,619.2,619.21,619.17,619.18,203
1751474045,619.17,619.18,619.17,619.17,99
1751474050,619.17,619.17,619.16,619.17,32
1751474055,619.18,619.2,619.17,619.18,79
1751474060,619.17,619.17,619.16,619.16,73
1751474065,619.15,619.17,619.15,619.17,19
1751474070,619.15,619.15,619.11,619.13,95
1751474075,619.14,619.17,619.14,619.17,185
1751474080,619.17,619.19,619.16,619.19,76
1751474085,619.21,619.23,619.2,619.22,52
1751474090,619.22,619.22,619.21,619.21,73
1751474095,619.2,619.22,619.2,619.21,87
1751474100,619.2,619.24,619.2,619.23,101
1751474105,619.24,619.24,619.22,619.22,140
1751474110,619.22,619.23,619.21,619.23,181
1751474115,619.23,619.28,619.22,619.27,154
1751474120,619.26,619.29,619.26,619.27,189
1751474125,619.27,619.29,619.27,619.28,116
1751474130,619.27,619.28,619.24,619.25,248
1751474135,619.25,619.25,619.21,619.21,105
1751474140,619.22,619.23,619.21,619.23,15
1751474145,619.23,619.23,619.22,619.23,16
1751474150,619.22,619.23,619.2,619.22,119
1751474155,619.23,619.25,619.23,619.25,205
1751474160,619.25,619.26,619.24,619.25,30
1751474165,619.25,619.26,619.25,619.25,18
1751474170,619.25,619.26,619.25,619.25,86
1751474175,619.25,619.26,619.22,619.23,104
1751474180,619.24,619.26,619.24,619.25,88
1751474185,619.25,619.27,619.25,619.25,49
1751474190,619.27,619.27,619.27,619.27,12
1751474195,619.28,619.28,619.27,619.28,90
1751474200,619.28,619.29,619.27,619.27,77
1751474205,619.28,619.32,619.28,619.31,322
1751474210,619.31,619.34,619.3,619.33,158
1751474215,619.32,619.33,619.32,619.32,7
1751474220,619.32,619.32,619.31,619.32,81
1751474225,619.33,619.35,619.32,619.33,296
1751474230,619.33,619.33,619.3,619.32,236
1751474235,619.32,619.35,619.32,619.35,127
1751474240,619.35,619.35,619.32,619.33,194
1751474245,619.33,619.33,619.31,619.32,56
1751474250,619.33,619.35,619.33,619.35,51
1751474255,619.35,619.36,619.34,619.36,98
1751474260,619.35,619.36,619.31,619.32,200
1751474265,619.31,619.34,619.31,619.33,63
1751474270,619.34,619.34,619.32,619.33,19
1751474275,619.33,619.37,619.33,619.37,251
1751474280,619.36,619.38,619.36,619.37,290
1751474285,619.37,619.37,619.36,619.37,364
1751474290,619.36,619.38,619.36,619.37,280
1751474295,619.37,619.38,619.37,619.37,100
1751474300,619.37,619.38,619.35,619.37,85
1751474305,619.38,619.38,619.37,619.37,38
1751474310,619.37,619.38,619.35,619.35,699
1751474315,619.35,619.35,619.3,619.34,342
1751474320,619.34,619.35,619.33,619.35,38
1751474325,619.35,619.35,619.32,619.35,107
1751474330,619.36,619.36,619.35,619.36,145
1751474335,619.36,619.4,619.35,619.39,261
1751474340,619.39,619.43,619.38,619.41,1118
1751474345,619.42,619.42,619.4,619.41,144
1751474350,619.42,619.45,619.4,619.44,274
1751474355,619.44,619.45,619.43,619.45,65
1751474360,619.44,619.45,619.44,619.45,62
1751474365,619.45,619.47,619.43,619.43,262
1751474370,619.44,619.46,619.44,619.44,134
1751474375,619.44,619.52,619.44,619.51,386
1751474380,619.5,619.5,619.47,619.48,371
1751474385,619.49,619.49,619.47,619.48,136
1751474390,619.48,619.5,619.48,619.49,138
1751474395,619.51,619.52,619.5,619.51,237
1751474400,619.51,619.54,619.5,619.54,175
1751474405,619.53,619.53,619.48,619.48,293
1751474410,619.49,619.51,619.49,619.51,107
1751474415,619.5,619.5,619.48,619.49,60
1751474420,619.47,619.48,619.44,619.45,218
1751474425,619.44,619.47,619.42,619.43,161
1751474430,619.43,619.44,619.42,619.42,153
1751474435,619.42,619.42,619.39,619.4,256
1751474440,619.39,619.39,619.36,619.39,127
1751474445,619.39,619.4,619.37,619.38,72
1751474450,619.39,619.4,619.38,619.38,189
1751474455,619.38,619.4,619.37,619.38,100
1751474460,619.39,619.44,619.39,619.42,245
1751474465,619.42,619.43,619.41,619.42,57
1751474470,619.42,619.45,619.42,619.45,92
1751474475,619.44,619.45,619.43,619.44,128
1751474480,619.43,619.44,619.43,619.44,125
1751474485,619.44,619.48,619.43,619.47,310
1751474490,619.47,619.47,619.46,619.46,103
1751474495,619.47,619.48,619.46,619.47,60
1751474500,619.47,619.48,619.46,619.46,32
1751474505,619.47,619.49,619.46,619.49,43
1751474510,619.49,619.52,619.48,619.52,177
1751474515,619.51,619.54,619.51,619.54,296
1751474520,619.54,619.55,619.5,619.51,653
1751474525,619.51,619.57,619.51,619.57,399
1751474530,619.57,619.59,619.55,619.56,616
1751474535,619.56,619.58,619.55,619.56,118
1751474540,619.57,619.6,619.57,619.6,160
1751474545,619.59,619.6,619.55,619.55,196
1751474550,619.55,619.56,619.54,619.54,218
1751474555,619.54,619.57,619.54,619.56,130
1751474560,619.56,619.58,619.55,619.57,102
1751474565,619.58,619.61,619.55,619.56,337
1751474570,619.56,619.57,619.54,619.55,130
1751474575,619.55,619.56,619.47,619.47,639
1751474580,619.47,619.51,619.45,619.46,527
1751474585,619.46,619.46,619.43,619.45,150
1751474590,619.44,619.47,619.42,619.47,197
1751474595,619.45,619.48,619.43,619.48,152
1751474600,619.48,619.48,619.47,619.47,12
1751474605,619.48,619.51,619.47,619.48,192
1751474610,619.47,619.49,619.47,619.48,40
1751474615,619.49,619.5,619.47,619.48,104
1751474620,619.48,619.49,619.47,619.49,116
1751474625,619.49,619.49,619.48,619.49,7
1751474630,619.5,619.51,619.48,619.49,120
1751474635,619.49,619.5,619.48,619.5,89
1751474640,619.49,619.5,619.48,619.49,190
1751474645,619.49,619.49,619.48,619.49,77
1751474650,619.51,619.52,619.5,619.5,100
1751474655,619.5,619.52,619.5,619.51,73
1751474660,619.51,619.53,619.5,619.53,23
1751474665,619.52,619.53,619.5,619.53,197
1751474670,619.5,619.5,619.48,619.48,22
1751474675,619.48,619.5,619.47,619.47,115
1751474680,619.46,619.47,619.45,619.45,130
1751474685,619.46,619.46,619.43,619.46,294
1751474690,619.46,619.46,619.46,619.46,16
1751474695,619.46,619.47,619.44,619.47,81
1751474700,619.47,619.52,619.47,619.51,195
1751474705,619.52,619.52,619.5,619.5,162
1751474710,619.5,619.5,619.47,619.49,93
1751474715,619.49,619.51,619.49,619.5,50
1751474720,619.51,619.52,619.5,619.52,95
1751474725,619.51,619.52,619.48,619.49,115
1751474730,619.46,619.46,619.43,619.43,230
1751474735,619.44,619.45,619.44,619.44,64
1751474740,619.44,619.46,619.43,619.44,181
1751474745,619.44,619.47,619.44,619.47,59
1751474750,619.48,619.49,619.48,619.49,35
1751474755,619.49,619.51,619.48,619.51,253
1751474760,619.5,619.52,619.49,619.49,40
1751474765,619.49,619.49,619.43,619.45,221
1751474770,619.44,619.46,619.44,619.45,118
1751474775,619.45,619.48,619.44,619.46,87
1751474780,619.45,619.45,619.43,619.44,58
1751474785,619.43,619.44,619.35,619.4,661
1751474790,619.4,619.42,619.39,619.4,133
1751474795,619.41,619.42,619.39,619.39,79
1751474800,619.39,619.4,619.37,619.38,111
1751474805,619.38,619.38,619.36,619.38,139
1751474810,619.38,619.4,619.38,619.38,20
1751474815,619.39,619.41,619.39,619.41,152
1751474820,619.43,619.46,619.43,619.45,124
1751474825,619.44,619.45,619.43,619.44,39
1751474830,619.44,619.44,619.42,619.43,150
1751474835,619.42,619.46,619.42,619.45,96
1751474840,619.46,619.47,619.46,619.46,15
1751474845,619.46,619.47,619.45,619.45,152
1751474850,619.46,619.46,619.45,619.46,20
1751474855,619.46,619.47,619.45,619.47,88
1751474860,619.46,619.48,619.45,619.47,122
1751474865,619.47,619.49,619.46,619.48,189
1751474870,619.48,619.5,619.48,619.48,164
1751474875,619.48,619.49,619.47,619.49,57
1751474880,619.49,619.49,619.46,619.47,65
1751474885,619.44,619.45,619.43,619.44,35
1751474890,619.43,619.43,619.4,619.41,83
1751474895,619.42,619.45,619.42,619.45,168
1751474900,619.45,619.46,619.44,619.46,295
1751474905,619.45,619.46,619.42,619.43,136
1751474910,619.42,619.44,619.42,619.44,81
1751474915,619.44,619.45,619.43,619.44,89
1751474920,619.47,619.48,619.46,619.48,66
1751474925,619.49,619.49,619.48,619.49,126
1751474930,619.49,619.52,619.49,619.52,82
1751474935,619.51,619.52,619.49,619.52,156
1751474940,619.53,619.53,619.51,619.53,110
1751474945,619.54,619.55,619.53,619.53,44
1751474950,619.53,619.53,619.48,619.48,145
1751474955,619.48,619.51,619.48,619.51,86
1751474960,619.51,619.52,619.5,619.5,91
1751474965,619.52,619.52,619.51,619.51,25
1751474970,619.52,619.53,619.51,619.52,37
1751474975,619.5,619.52,619.5,619.51,578
1751474980,619.5,619.5,619.47,619.48,67
1751474985,619.48,619.52,619.48,619.52,99
1751474990,619.51,619.52,619.51,619.52,104
1751474995,619.52,619.54,619.51,619.54,136
1751475000,619.54,619.54,619.52,619.52,173
1751475005,619.52,619.54,619.52,619.53,166
1751475010,619.54,619.54,619.5,619.51,159
1751475015,619.51,619.53,619.51,619.52,213
1751475020,619.52,619.53,619.51,619.51,38
1751475025,619.51,619.55,619.5,619.54,682
1751475030,619.54,619.54,619.51,619.51,102
1751475035,619.51,619.53,619.51,619.51,286
1751475040,619.51,619.52,619.51,619.52,27
1751475045,619.52,619.53,619.52,619.53,90
1751475050,619.53,619.55,619.53,619.54,107
1751475055,619.54,619.56,619.53,619.56,73
1751475060,619.56,619.6,619.55,619.57,109
1751475065,619.57,619.58,619.53,619.53,210
1751475070,619.53,619.55,619.5,619.5,166
1751475075,619.51,619.52,619.46,619.46,109
1751475080,619.46,619.47,619.45,619.46,106
1751475085,619.47,619.47,619.46,619.47,122
1751475090,619.49,619.49,619.48,619.49,5
1751475095,619.48,619.49,619.45,619.45,149
1751475100,619.44,619.45,619.42,619.45,240
1751475105,619.45,619.45,619.43,619.43,108
1751475110,619.43,619.43,619.39,619.41,893
1751475115,619.41,619.42,619.39,619.41,142
1751475120,619.4,619.41,619.39,619.39,574
1751475125,619.4,619.44,619.4,619.43,181
1751475130,619.43,619.43,619.39,619.4,173
1751475135,619.39,619.42,619.39,619.41,32
1751475140,619.4,619.4,619.36,619.37,255
1751475145,619.38,619.4,619.36,619.4,56
1751475150,619.4,619.4,619.38,619.4,100
1751475155,619.42,619.44,619.42,619.44,118
1751475160,619.43,619.43,619.41,619.42,133
1751475165,619.41,619.41,619.4,619.4,17
1751475170,619.4,619.41,619.37,619.4,138
1751475175,619.4,619.41,619.39,619.4,167
1751475180,619.4,619.42,619.4,619.4,57
1751475185,619.4,619.43,619.4,619.43,41
1751475190,619.42,619.44,619.42,619.44,102
1751475195,619.44,619.45,619.39,619.39,92
1751475200,619.41,619.42,619.41,619.42,52
1751475205,619.41,619.45,619.4,619.45,61
1751475210,619.45,619.45,619.43,619.44,20
1751475215,619.45,619.47,619.45,619.47,198
1751475220,619.46,619.46,619.45,619.45,25
1751475225,619.46,619.47,619.42,619.42,65
1751475230,619.43,619.44,619.42,619.43,41
1751475235,619.44,619.47,619.44,619.46,95
1751475240,619.45,619.46,619.42,619.42,67
1751475245,619.42,619.43,619.41,619.43,63
1751475250,619.43,619.45,619.43,619.43,115
1751475255,619.43,619.44,619.41,619.44,161
1751475260,619.44,619.45,619.43,619.45,49
1751475265,619.46,619.46,619.45,619.45,124
1751475270,619.47,619.47,619.46,619.46,14
1751475275,619.46,619.46,619.43,619.43,51
1751475280,619.44,619.45,619.44,619.45,148
1751475285,619.46,619.46,619.45,619.45,19
1751475290,619.45,619.46,619.43,619.43,35
1751475295,619.42,619.43,619.42,619.42,41
1751475300,619.43,619.43,619.4,619.41,183
1751475305,619.41,619.42,619.39,619.42,260
1751475310,619.43,619.44,619.42,619.44,120
1751475315,619.45,619.45,619.44,619.45,82
1751475320,619.46,619.46,619.45,619.45,20
1751475325,619.45,619.55,619.45,619.53,346
1751475330,619.54,619.56,619.53,619.54,86
1751475335,619.55,619.55,619.54,619.54,47
1751475340,619.56,619.56,619.54,619.55,154
1751475345,619.53,619.53,619.5,619.5,48
1751475350,619.51,619.52,619.49,619.49,146
1751475355,619.49,619.51,619.49,619.51,57
1751475360,619.51,619.52,619.51,619.51,37
1751475365,619.5,619.5,619.48,619.49,35
1751475370,619.49,619.49,619.48,619.49,39
1751475375,619.5,619.5,619.49,619.5,72
1751475380,619.5,619.51,619.47,619.48,76
1751475385,619.47,619.49,619.46,619.49,149
1751475390,619.5,619.51,619.49,619.5,95
1751475395,619.5,619.52,619.5,619.5,115
1751475400,619.5,619.51,619.48,619.48,250
1751475405,619.48,619.48,619.45,619.46,116
1751475410,619.46,619.48,619.46,619.48,62
1751475415,619.47,619.51,619.47,619.5,56
1751475420,619.5,619.5,619.49,619.49,80
1751475425,619.49,619.49,619.45,619.47,98
1751475430,619.47,619.48,619.46,619.48,55
1751475435,619.48,619.49,619.48,619.49,52
1751475440,619.5,619.51,619.49,619.5,12
1751475445,619.51,619.54,619.51,619.54,131
1751475450,619.54,619.55,619.53,619.54,675
1751475455,619.54,619.56,619.53,619.55,120
1751475460,619.55,619.56,619.54,619.54,120
1751475465,619.53,619.54,619.53,619.54,51
1751475470,619.54,619.56,619.54,619.56,184
1751475475,619.56,619.58,619.56,619.57,93
1751475480,619.56,619.58,619.56,619.56,382
1751475485,619.56,619.56,619.53,619.54,407
1751475490,619.54,619.55,619.52,619.54,180
1751475495,619.54,619.54,619.53,619.54,51
1751475500,619.55,619.55,619.51,619.51,195
1751475505,619.51,619.52,619.51,619.52,49
1751475510,619.51,619.51,619.49,619.49,157
1751475515,619.5,619.54,619.5,619.52,209
1751475520,619.52,619.53,619.52,619.52,130
1751475525,619.52,619.56,619.51,619.56,187
1751475530,619.57,619.57,619.56,619.56,25
1751475535,619.57,619.58,619.56,619.57,91
1751475540,619.58,619.58,619.56,619.56,151
1751475545,619.56,619.56,619.54,619.55,114
1751475550,619.56,619.58,619.55,619.58,57
1751475555,619.57,619.58,619.55,619.56,158
1751475560,619.55,619.57,619.54,619.57,75
1751475565,619.57,619.57,619.55,619.56,35
1751475570,619.56,619.56,619.53,619.53,60
1751475575,619.54,619.54,619.53,619.53,5
1751475580,619.54,619.56,619.52,619.55,134
1751475585,619.56,619.56,619.55,619.56,45
1751475590,619.57,619.59,619.56,619.57,181
1751475595,619.56,619.59,619.56,619.59,89
1751475600,619.58,619.61,619.54,619.6,849
1751475605,619.61,619.63,619.6,619.61,267
1751475610,619.62,619.62,619.56,619.57,234
1751475615,619.57,619.57,619.54,619.54,53
1751475620,619.53,619.58,619.52,619.57,251
1751475625,619.57,619.58,619.54,619.54,253
1751475630,619.54,619.55,619.53,619.55,65
1751475635,619.55,619.55,619.51,619.51,96
1751475640,619.52,619.57,619.51,619.57,82
1751475645,619.56,619.57,619.56,619.56,92
1751475650,619.57,619.57,619.54,619.54,61
1751475655,619.53,619.53,619.48,619.48,74
1751475660,619.47,619.47,619.45,619.47,220
1751475665,619.47,619.48,619.46,619.48,25
1751475670,619.48,619.49,619.48,619.48,102
1751475675,619.49,619.5,619.47,619.48,66
1751475680,619.48,619.49,619.47,619.47,59
1751475685,619.48,619.49,619.47,619.49,86
1751475690,619.48,619.52,619.48,619.51,78
1751475695,619.51,619.52,619.51,619.51,115
1751475700,619.51,619.54,619.5,619.53,158
1751475705,619.52,619.52,619.5,619.51,111
1751475710,619.51,619.52,619.51,619.52,46
1751475715,619.52,619.52,619.52,619.52,10
1751475720,619.52,619.54,619.51,619.54,108
1751475725,619.53,619.55,619.53,619.55,77
1751475730,619.56,619.57,619.55,619.56,36
1751475735,619.56,619.63,619.56,619.59,410
1751475740,619.6,619.6,619.54,619.56,107
1751475745,619.55,619.56,619.55,619.56,50
1751475750,619.56,619.56,619.52,619.54,125
1751475755,619.54,619.55,619.54,619.55,62
1751475760,619.55,619.61,619.55,619.6,119
1751475765,619.6,619.6,619.59,619.59,85
1751475770,619.59,619.6,619.57,619.58,47
1751475775,619.58,619.6,619.57,619.6,62
1751475780,619.6,619.6,619.55,619.57,105
1751475785,619.58,619.59,619.57,619.58,31
1751475790,619.56,619.57,619.53,619.53,186
1751475795,619.51,619.52,619.5,619.51,167
1751475800,619.51,619.51,619.47,619.49,58
1751475805,619.49,619.51,619.48,619.49,71
1751475810,619.49,619.52,619.48,619.52,59
1751475815,619.52,619.52,619.46,619.46,70
1751475820,619.46,619.48,619.46,619.48,106
1751475825,619.48,619.49,619.46,619.49,55
1751475830,619.49,619.51,619.49,619.5,154
1751475835,619.51,619.52,619.5,619.5,30
1751475840,619.51,619.54,619.51,619.54,116
1751475845,619.54,619.54,619.53,619.54,52
1751475850,619.53,619.54,619.51,619.51,12
1751475855,619.51,619.52,619.48,619.48,297
1751475860,619.47,619.48,619.44,619.46,344
1751475865,619.45,619.48,619.43,619.48,360
1751475870,619.49,619.5,619.49,619.49,31
1751475875,619.49,619.5,619.49,619.5,85
1751475880,619.49,619.51,619.49,619.51,36
1751475885,619.51,619.52,619.5,619.5,66
1751475890,619.5,619.5,619.48,619.49,40
1751475895,619.49,619.5,619.47,619.49,129
1751475900,619.5,619.51,619.5,619.51,60
1751475905,619.5,619.52,619.5,619.52,74
1751475910,619.52,619.53,619.49,619.49,66
1751475915,619.49,619.53,619.48,619.53,164
1751475920,619.52,619.53,619.52,619.53,142
1751475925,619.53,619.53,619.52,619.52,27
1751475930,619.51,619.53,619.51,619.51,107
1751475935,619.5,619.5,619.49,619.5,152
1751475940,619.51,619.53,619.51,619.52,69
1751475945,619.51,619.51,619.51,619.51,46
1751475950,619.51,619.53,619.51,619.52,46
1751475955,619.51,619.51,619.49,619.51,159
1751475960,619.52,619.53,619.44,619.47,502
1751475965,619.47,619.47,619.45,619.45,63
1751475970,619.44,619.44,619.41,619.42,76
1751475975,619.42,619.42,619.38,619.4,270
1751475980,619.39,619.4,619.36,619.39,167
1751475985,619.39,619.4,619.38,619.38,68
1751475990,619.38,619.38,619.36,619.38,62
1751475995,619.37,619.37,619.35,619.37,33
1751476000,619.36,619.38,619.35,619.37,72
1751476005,619.36,619.42,619.36,619.42,131
1751476010,619.43,619.43,619.41,619.41,50
1751476015,619.4,619.42,619.39,619.39,87
1751476020,619.39,619.43,619.38,619.43,55
1751476025,619.43,619.43,619.42,619.43,108
1751476030,619.43,619.43,619.41,619.41,42
1751476035,619.42,619.43,619.41,619.42,84
1751476040,619.41,619.41,619.39,619.39,26
1751476045,619.39,619.4,619.38,619.38,41
1751476050,619.38,619.38,619.34,619.36,144
1751476055,619.35,619.38,619.35,619.37,69
1751476060,619.37,619.39,619.37,619.39,35
1751476065,619.39,619.42,619.39,619.42,99
1751476070,619.42,619.42,619.42,619.42,6
1751476075,619.42,619.42,619.41,619.42,43
1751476080,619.41,619.42,619.38,619.39,115
1751476085,619.39,619.4,619.37,619.37,99
1751476090,619.37,619.37,619.35,619.36,63
1751476095,619.37,619.37,619.34,619.35,77
1751476100,619.36,619.38,619.36,619.37,73
1751476105,619.38,619.39,619.37,619.37,141
1751476110,619.37,619.37,619.35,619.37,32
1751476115,619.36,619.37,619.35,619.36,31
1751476120,619.37,619.38,619.35,619.36,49
1751476125,619.38,619.4,619.38,619.39,129
1751476130,619.38,619.38,619.35,619.35,62
1751476135,619.35,619.36,619.33,619.35,42
1751476140,619.35,619.35,619.31,619.32,180
1751476145,619.32,619.35,619.31,619.34,211
1751476150,619.33,619.33,619.3,619.3,40
1751476155,619.3,619.34,619.3,619.32,184
1751476160,619.31,619.32,619.29,619.31,99
1751476165,619.32,619.32,619.3,619.3,15
1751476170,619.3,619.3,619.29,619.3,58
1751476175,619.3,619.31,619.3,619.31,30
1751476180,619.31,619.33,619.31,619.32,11
1751476185,619.32,619.33,619.3,619.3,66
1751476190,619.3,619.3,619.29,619.3,62
1751476195,619.3,619.32,619.3,619.32,84
1751476200,619.31,619.31,619.29,619.31,123
1751476205,619.32,619.32,619.31,619.31,17
1751476210,619.32,619.34,619.3,619.33,211
1751476215,619.33,619.33,619.28,619.32,93
1751476220,619.32,619.32,619.31,619.32,27
1751476225,619.33,619.35,619.32,619.34,1127
1751476230,619.35,619.38,619.35,619.38,152
1751476235,619.37,619.39,619.37,619.37,168
1751476240,619.37,619.38,619.37,619.38,7
1751476245,619.37,619.41,619.37,619.39,633
1751476250,619.38,619.39,619.38,619.39,56
1751476255,619.39,619.41,619.37,619.4,399
1751476260,619.39,619.4,619.37,619.38,65
1751476265,619.39,619.48,619.39,619.48,360
1751476270,619.47,619.49,619.47,619.47,195
1751476275,619.47,619.47,619.46,619.46,30
1751476280,619.47,619.48,619.46,619.48,82
1751476285,619.48,619.5,619.47,619.5,81
1751476290,619.51,619.53,619.5,619.51,102
1751476295,619.51,619.54,619.5,619.52,133
1751476300,619.52,619.52,619.5,619.51,80
1751476305,619.52,619.52,619.47,619.47,69
1751476310,619.48,619.48,619.46,619.47,36
1751476315,619.48,619.49,619.48,619.49,57
1751476320,619.49,619.51,619.49,619.5,50
1751476325,619.5,619.53,619.5,619.52,104
1751476330,619.52,619.52,619.49,619.5,164
1751476335,619.5,619.53,619.5,619.53,57
1751476340,619.52,619.53,619.5,619.51,117
1751476345,619.51,619.52,619.5,619.51,104
1751476350,619.5,619.51,619.48,619.48,66
1751476355,619.47,619.49,619.45,619.46,187
1751476360,619.45,619.45,619.44,619.45,26
1751476365,619.46,619.48,619.45,619.47,137
1751476370,619.47,619.47,619.45,619.46,215
1751476375,619.46,619.46,619.44,619.45,52
1751476380,619.44,619.45,619.43,619.44,50
1751476385,619.45,619.45,619.43,619.43,75
1751476390,619.43,619.43,619.4,619.41,148
1751476395,619.41,619.42,619.34,619.37,286
1751476400,619.37,619.37,619.36,619.37,190
1751476405,619.36,619.38,619.35,619.38,135
1751476410,619.37,619.37,619.36,619.37,91
1751476415,619.38,619.4,619.37,619.4,262
1751476420,619.39,619.41,619.39,619.4,34
1751476425,619.39,619.4,619.38,619.38,170
1751476430,619.4,619.4,619.38,619.38,29
1751476435,619.4,619.42,619.39,619.41,49
1751476440,619.42,619.43,619.41,619.42,130
1751476445,619.4,619.41,619.37,619.38,265
1751476450,619.39,619.4,619.39,619.39,16
1751476455,619.4,619.42,619.38,619.38,116
1751476460,619.38,619.39,619.37,619.37,21
1751476465,619.37,619.38,619.36,619.36,100
1751476470,619.36,619.37,619.32,619.35,396
1751476475,619.35,619.36,619.33,619.35,178
1751476480,619.36,619.38,619.36,619.38,55
1751476485,619.4,619.43,619.4,619.43,111
1751476490,619.43,619.43,619.41,619.42,51
1751476495,619.41,619.42,619.4,619.41,37
1751476500,619.39,619.41,619.39,619.39,67
1751476505,619.4,619.41,619.33,619.35,343
1751476510,619.34,619.35,619.32,619.32,113
1751476515,619.34,619.34,619.32,619.33,132
1751476520,619.32,619.33,619.31,619.32,114
1751476525,619.34,619.37,619.34,619.37,34
1751476530,619.37,619.38,619.36,619.36,104
1751476535,619.36,619.38,619.35,619.38,22
1751476540,619.37,619.37,619.34,619.36,419
1751476545,619.34,619.36,619.34,619.36,25
1751476550,619.38,619.4,619.38,619.39,57
1751476555,619.38,619.38,619.36,619.36,65
1751476560,619.37,619.38,619.35,619.35,154
1751476565,619.35,619.38,619.35,619.38,132
1751476570,619.4,619.41,619.38,619.38,164
1751476575,619.38,619.39,619.38,619.38,119
1751476580,619.39,619.4,619.39,619.39,42
1751476585,619.39,619.39,619.36,619.39,92
1751476590,619.4,619.4,619.38,619.38,71
1751476595,619.39,619.39,619.38,619.38,40
1751476600,619.38,619.38,619.34,619.35,68
1751476605,619.35,619.36,619.34,619.35,42
1751476610,619.35,619.37,619.35,619.36,91
1751476615,619.34,619.36,619.34,619.36,190
1751476620,619.35,619.35,619.27,619.29,255
1751476625,619.28,619.29,619.28,619.28,95
1751476630,619.29,619.29,619.28,619.29,8
1751476635,619.29,619.31,619.29,619.29,122
1751476640,619.29,619.31,619.27,619.31,48
1751476645,619.31,619.31,619.25,619.25,80
1751476650,619.25,619.28,619.24,619.26,215
1751476655,619.26,619.27,619.25,619.25,252
1751476660,619.25,619.27,619.25,619.25,71
1751476665,619.25,619.27,619.25,619.26,36
1751476670,619.25,619.27,619.24,619.25,156
1751476675,619.25,619.3,619.25,619.29,190
1751476680,619.29,619.31,619.28,619.28,172
1751476685,619.26,619.28,619.25,619.28,179
1751476690,619.27,619.28,619.27,619.27,58
1751476695,619.28,619.28,619.25,619.25,227
1751476700,619.25,619.26,619.25,619.25,83
1751476705,619.25,619.27,619.24,619.27,85
1751476710,619.27,619.3,619.27,619.28,116
1751476715,619.27,619.28,619.27,619.27,26
1751476720,619.27,619.27,619.25,619.27,113
1751476725,619.27,619.28,619.26,619.27,117
1751476730,619.28,619.32,619.27,619.31,201
1751476735,619.29,619.29,619.28,619.28,202
1751476740,619.27,619.28,619.26,619.28,106
1751476745,619.28,619.29,619.26,619.28,89
1751476750,619.27,619.28,619.26,619.26,99
1751476755,619.27,619.3,619.27,619.29,61
1751476760,619.3,619.3,619.27,619.27,59
1751476765,619.28,619.3,619.27,619.28,256
1751476770,619.26,619.3,619.26,619.29,35
1751476775,619.29,619.31,619.29,619.3,57
1751476780,619.3,619.35,619.3,619.35,173
1751476785,619.33,619.34,619.32,619.34,79
1751476790,619.33,619.33,619.31,619.32,25
1751476795,619.31,619.31,619.3,619.3,60
1751476800,619.3,619.3,619.28,619.28,76
1751476805,619.28,619.29,619.27,619.29,75
1751476810,619.29,619.32,619.28,619.31,96
1751476815,619.31,619.31,619.29,619.29,63
1751476820,619.28,619.28,619.25,619.25,268
1751476825,619.25,619.26,619.22,619.24,384
1751476830,619.24,619.28,619.23,619.26,279
1751476835,619.27,619.27,619.22,619.23,187
1751476840,619.23,619.23,619.19,619.19,239
1751476845,619.2,619.2,619.17,619.17,149
1751476850,619.18,619.21,619.17,619.21,138
1751476855,619.22,619.22,619.21,619.22,50
1751476860,619.24,619.25,619.23,619.25,111
1751476865,619.24,619.25,619.17,619.18,264
1751476870,619.18,619.2,619.17,619.2,123
1751476875,619.19,619.2,619.17,619.17,256
1751476880,619.18,619.19,619.17,619.17,319
1751476885,619.17,619.18,619.12,619.13,300
1751476890,619.13,619.16,619.12,619.16,145
1751476895,619.17,619.2,619.17,619.2,77
1751476900,619.22,619.24,619.21,619.22,106
1751476905,619.24,619.26,619.23,619.25,201
1751476910,619.25,619.28,619.24,619.28,157
1751476915,619.27,619.29,619.27,619.28,142
1751476920,619.27,619.29,619.27,619.28,98
1751476925,619.28,619.33,619.28,619.29,363
1751476930,619.29,619.32,619.28,619.32,178
1751476935,619.31,619.34,619.3,619.32,156
1751476940,619.32,619.33,619.31,619.32,133
1751476945,619.32,619.36,619.31,619.35,79
1751476950,619.35,619.37,619.34,619.35,92
1751476955,619.35,619.36,619.28,619.29,298
1751476960,619.3,619.32,619.29,619.32,152
1751476965,619.32,619.34,619.31,619.32,89
1751476970,619.31,619.32,619.3,619.32,42
1751476975,619.31,619.31,619.31,619.31,21
1751476980,619.31,619.33,619.31,619.32,58
1751476985,619.32,619.35,619.32,619.34,104
1751476990,619.35,619.36,619.31,619.32,125
1751476995,619.32,619.34,619.3,619.34,81
1751477000,619.34,619.36,619.34,619.36,164
1751477005,619.36,619.37,619.35,619.36,38
1751477010,619.37,619.41,619.36,619.41,130
1751477015,619.42,619.44,619.41,619.43,244
1751477020,619.43,619.44,619.42,619.44,101
1751477025,619.45,619.47,619.43,619.43,434
1751477030,619.41,619.42,619.4,619.41,70
1751477035,619.42,619.43,619.41,619.43,78
1751477040,619.43,619.48,619.43,619.47,276
1751477045,619.47,619.47,619.46,619.46,256
1751477050,619.45,619.47,619.44,619.47,132
1751477055,619.47,619.49,619.46,619.46,164
1751477060,619.46,619.47,619.45,619.46,103
1751477065,619.45,619.47,619.45,619.47,163
1751477070,619.45,619.46,619.45,619.45,218
1751477075,619.46,619.5,619.45,619.5,120
1751477080,619.5,619.57,619.5,619.57,220
1751477085,619.56,619.59,619.55,619.59,363
1751477090,619.59,619.64,619.58,619.6,559
1751477095,619.6,619.62,619.59,619.6,159
1751477100,619.61,619.67,619.61,619.66,337
1751477105,619.66,619.68,619.65,619.66,225
1751477110,619.65,619.65,619.62,619.63,81
1751477115,619.63,619.64,619.61,619.61,194
1751477120,619.61,619.62,619.59,619.61,275
1751477125,619.61,619.62,619.56,619.57,358
1751477130,619.57,619.58,619.55,619.55,199
1751477135,619.56,619.57,619.52,619.52,122
1751477140,619.52,619.53,619.51,619.52,80
1751477145,619.52,619.53,619.49,619.49,154
1751477150,619.5,619.52,619.49,619.5,88
1751477155,619.49,619.52,619.49,619.51,261
1751477160,619.51,619.51,619.49,619.5,145
1751477165,619.49,619.51,619.49,619.5,113
1751477170,619.51,619.53,619.51,619.52,59
1751477175,619.53,619.56,619.52,619.54,193
1751477180,619.54,619.57,619.53,619.56,157
1751477185,619.56,619.59,619.55,619.59,318
1751477190,619.6,619.62,619.59,619.62,147
1751477195,619.62,619.62,619.6,619.6,109
1751477200,619.59,619.59,619.58,619.59,29
1751477205,619.59,619.6,619.58,619.58,53
1751477210,619.6,619.6,619.58,619.59,95
1751477215,619.58,619.59,619.56,619.56,142
1751477220,619.56,619.57,619.55,619.56,75
1751477225,619.57,619.57,619.55,619.56,61
1751477230,619.54,619.54,619.51,619.52,156
1751477235,619.53,619.54,619.48,619.52,218
1751477240,619.52,619.53,619.51,619.52,79
1751477245,619.52,619.53,619.52,619.52,25
1751477250,619.52,619.52,619.5,619.51,101
1751477255,619.52,619.54,619.52,619.54,63
1751477260,619.54,619.57,619.54,619.57,240
1751477265,619.56,619.57,619.52,619.53,46
1751477270,619.53,619.54,619.53,619.53,30
1751477275,619.53,619.55,619.53,619.55,24
1751477280,619.52,619.56,619.52,619.56,65
1751477285,619.54,619.54,619.51,619.54,78
1751477290,619.53,619.54,619.53,619.53,3
1751477295,619.54,619.54,619.49,619.49,139
1751477300,619.49,619.51,619.48,619.5,49
1751477305,619.51,619.52,619.5,619.51,67
1751477310,619.49,619.49,619.48,619.48,43
1751477315,619.47,619.47,619.43,619.46,267
1751477320,619.44,619.46,619.42,619.44,217
1751477325,619.43,619.49,619.43,619.48,150
1751477330,619.48,619.5,619.48,619.5,178
1751477335,619.49,619.51,619.48,619.5,110
1751477340,619.49,619.49,619.48,619.48,74
1751477345,619.48,619.49,619.46,619.48,254
1751477350,619.48,619.48,619.42,619.43,190
1751477355,619.43,619.47,619.42,619.45,142
1751477360,619.44,619.45,619.43,619.44,136
1751477365,619.44,619.46,619.43,619.45,27
1751477370,619.46,619.48,619.46,619.47,90
1751477375,619.45,619.48,619.45,619.48,22
1751477380,619.48,619.48,619.45,619.45,29
1751477385,619.46,619.46,619.44,619.45,30
1751477390,619.44,619.45,619.42,619.44,41
1751477395,619.44,619.48,619.44,619.48,70
1751477400,619.47,619.48,619.45,619.46,269
1751477405,619.45,619.5,619.45,619.47,308
1751477410,619.46,619.5,619.46,619.49,276
1751477415,619.49,619.53,619.49,619.5,448
1751477420,619.5,619.5,619.44,619.46,209
1751477425,619.46,619.47,619.45,619.46,114
1751477430,619.44,619.44,619.35,619.37,324
1751477435,619.37,619.47,619.37,619.47,520
1751477440,619.46,619.49,619.46,619.48,164
1751477445,619.48,619.48,619.46,619.46,131
1751477450,619.48,619.5,619.48,619.5,64
1751477455,619.49,619.52,619.49,619.52,497
1751477460,619.52,619.57,619.52,619.56,261
1751477465,619.57,619.65,619.56,619.63,794
1751477470,619.62,619.62,619.58,619.58,228
1751477475,619.58,619.59,619.47,619.48,243
1751477480,619.48,619.5,619.48,619.5,174
1751477485,619.48,619.48,619.45,619.46,154
1751477490,619.46,619.47,619.45,619.46,103
1751477495,619.46,619.57,619.43,619.52,1185
1751477500,619.52,619.55,619.51,619.55,223
1751477505,619.54,619.54,619.53,619.53,34
1751477510,619.53,619.55,619.52,619.55,74
1751477515,619.54,619.54,619.5,619.51,124
1751477520,619.52,619.57,619.52,619.55,93
1751477525,619.55,619.55,619.53,619.54,51
1751477530,619.54,619.55,619.53,619.54,49
1751477535,619.54,619.55,619.53,619.55,22
1751477540,619.55,619.55,619.51,619.54,58
1751477545,619.53,619.54,619.45,619.54,678
1751477550,619.53,619.56,619.52,619.56,117
1751477555,619.56,619.56,619.51,619.52,81
1751477560,619.52,619.52,619.51,619.51,7
1751477565,619.51,619.53,619.51,619.53,40
1751477570,619.54,619.54,619.53,619.53,12
1751477575,619.52,619.54,619.51,619.53,73
1751477580,619.51,619.52,619.5,619.52,36
1751477585,619.52,619.56,619.52,619.53,99
1751477590,619.52,619.55,619.49,619.51,86
1751477595,619.51,619.51,619.48,619.48,73
1751477600,619.48,619.5,619.48,619.49,29
1751477605,619.48,619.48,619.47,619.48,22
1751477610,619.46,619.48,619.46,619.48,79
1751477615,619.48,619.5,619.48,619.48,55
1751477620,619.48,619.49,619.48,619.48,40
1751477625,619.49,619.49,619.48,619.49,66
1751477630,619.5,619.55,619.49,619.55,140
1751477635,619.55,619.56,619.54,619.55,155
1751477640,619.55,619.56,619.55,619.56,23
1751477645,619.58,619.58,619.56,619.56,64
1751477650,619.56,619.57,619.55,619.55,69
1751477655,619.55,619.56,619.53,619.54,54
1751477660,619.54,619.55,619.54,619.55,110
1751477665,619.56,619.56,619.52,619.53,93
1751477670,619.52,619.53,619.52,619.52,34
1751477675,619.53,619.53,619.53,619.53,8
1751477680,619.53,619.53,619.52,619.52,32
1751477685,619.53,619.55,619.53,619.55,107
1751477690,619.56,619.59,619.56,619.59,35
1751477695,619.58,619.59,619.58,619.59,57
1751477700,619.58,619.58,619.56,619.56,38
1751477705,619.56,619.56,619.53,619.56,202
1751477710,619.55,619.57,619.54,619.54,63
1751477715,619.51,619.52,619.51,619.51,42
1751477720,619.52,619.52,619.52,619.52,15
1751477725,619.51,619.52,619.51,619.51,36
1751477730,619.51,619.51,619.48,619.5,176
1751477735,619.49,619.5,619.48,619.5,110
1751477740,619.49,619.49,619.47,619.48,144
1751477745,619.48,619.49,619.44,619.45,144
1751477750,619.44,619.47,619.43,619.46,95
1751477755,619.46,619.47,619.45,619.45,43
1751477760,619.45,619.46,619.43,619.45,115
1751477765,619.45,619.45,619.43,619.45,157
1751477770,619.44,619.45,619.43,619.44,22
1751477775,619.44,619.46,619.41,619.46,535
1751477780,619.46,619.49,619.46,619.49,82
1751477785,619.49,619.49,619.45,619.46,207
1751477790,619.45,619.46,619.41,619.41,73
1751477795,619.42,619.43,619.41,619.43,53
1751477800,619.45,619.45,619.43,619.43,55
1751477805,619.42,619.43,619.41,619.41,15
1751477810,619.41,619.42,619.4,619.41,82
1751477815,619.41,619.45,619.41,619.44,92
1751477820,619.42,619.43,619.4,619.43,92
1751477825,619.41,619.46,619.41,619.45,100
1751477830,619.45,619.47,619.42,619.42,296
1751477835,619.41,619.41,619.41,619.41,7
1751477840,619.41,619.41,619.41,619.41,58
1751477845,619.39,619.46,619.39,619.45,54
1751477850,619.44,619.48,619.44,619.45,148
1751477855,619.43,619.44,619.4,619.41,56
1751477860,619.4,619.41,619.39,619.39,10
1751477865,619.4,619.4,619.4,619.4,8
1751477870,619.4,619.42,619.39,619.4,147
1751477875,619.39,619.39,619.38,619.38,38
1751477880,619.37,619.37,619.33,619.33,117
1751477885,619.35,619.35,619.32,619.33,156
1751477890,619.35,619.4,619.34,619.39,94
1751477895,619.39,619.4,619.36,619.38,147
1751477900,619.38,619.4,619.37,619.4,123
1751477905,619.41,619.43,619.41,619.42,165
1751477910,619.42,619.44,619.42,619.44,28
1751477915,619.45,619.46,619.44,619.46,52
1751477920,619.46,619.47,619.44,619.45,42
1751477925,619.45,619.45,619.43,619.43,190
1751477930,619.43,619.45,619.43,619.44,69
1751477935,619.45,619.46,619.44,619.44,618
1751477940,619.44,619.44,619.43,619.43,98
1751477945,619.44,619.46,619.42,619.46,151
1751477950,619.46,619.46,619.44,619.44,15
1751477955,619.45,619.46,619.43,619.45,71
1751477960,619.45,619.45,619.44,619.44,34
1751477965,619.44,619.46,619.44,619.45,162
1751477970,619.45,619.45,619.42,619.42,79
1751477975,619.42,619.42,619.42,619.42,15
1751477980,619.41,619.44,619.41,619.44,16
1751477985,619.43,619.43,619.41,619.42,9
1751477990,619.43,619.45,619.43,619.45,18
1751477995,619.46,619.46,619.45,619.45,85
1751478000,619.45,619.46,619.44,619.46,30
1751478005,619.46,619.48,619.44,619.47,243
1751478010,619.47,619.47,619.43,619.45,90
1751478015,619.46,619.47,619.45,619.46,91
1751478020,619.46,619.48,619.45,619.47,156
1751478025,619.46,619.48,619.45,619.48,61
1751478030,619.47,619.49,619.47,619.47,40
1751478035,619.47,619.47,619.42,619.42,77
1751478040,619.43,619.44,619.42,619.43,76
1751478045,619.43,619.43,619.4,619.4,123
1751478050,619.39,619.4,619.39,619.39,70
1751478055,619.41,619.43,619.41,619.42,17
1751478060,619.41,619.41,619.37,619.37,125
1751478065,619.38,619.38,619.35,619.36,61
1751478070,619.36,619.37,619.35,619.35,80
1751478075,619.35,619.37,619.33,619.34,147
1751478080,619.33,619.34,619.3,619.3,195
1751478085,619.31,619.32,619.3,619.3,144
1751478090,619.31,619.33,619.3,619.32,65
1751478095,619.32,619.34,619.32,619.34,77
1751478100,619.33,619.34,619.32,619.34,254
1751478105,619.34,619.34,619.3,619.31,106
1751478110,619.31,619.31,619.3,619.31,65
1751478115,619.31,619.33,619.3,619.33,79
1751478120,619.31,619.31,619.29,619.3,179
1751478125,619.29,619.3,619.29,619.3,27
1751478130,619.3,619.37,619.3,619.37,88
1751478135,619.37,619.38,619.36,619.36,78
1751478140,619.38,619.38,619.37,619.38,5
1751478145,619.35,619.37,619.34,619.37,117
1751478150,619.38,619.38,619.37,619.37,32
1751478155,619.35,619.35,619.33,619.33,43
1751478160,619.33,619.34,619.32,619.33,98
1751478165,619.34,619.34,619.32,619.32,61
1751478170,619.33,619.35,619.33,619.35,56
1751478175,619.37,619.37,619.36,619.37,17
1751478180,619.37,619.42,619.36,619.42,225
1751478185,619.42,619.42,619.39,619.39,82
1751478190,619.39,619.4,619.39,619.39,33
1751478195,619.4,619.41,619.38,619.38,50
1751478200,619.39,619.4,619.38,619.4,54
1751478205,619.41,619.41,619.38,619.38,75
1751478210,619.38,619.41,619.38,619.4,67
1751478215,619.39,619.4,619.35,619.36,52
1751478220,619.36,619.36,619.34,619.35,68
1751478225,619.36,619.36,619.34,619.35,77
1751478230,619.35,619.36,619.34,619.35,58
1751478235,619.35,619.36,619.35,619.36,53
1751478240,619.37,619.37,619.35,619.35,29
1751478245,619.35,619.36,619.35,619.35,43
1751478250,619.35,619.39,619.35,619.39,119
1751478255,619.37,619.37,619.37,619.37,17
1751478260,619.38,619.42,619.38,619.42,134
1751478265,619.4,619.41,619.39,619.39,79
1751478270,619.39,619.4,619.36,619.36,79
1751478275,619.35,619.36,619.33,619.35,196
1751478280,619.35,619.36,619.35,619.36,40
1751478285,619.37,619.37,619.36,619.36,25
1751478290,619.37,619.38,619.37,619.37,34
1751478295,619.36,619.36,619.35,619.35,15
1751478300,619.36,619.37,619.33,619.36,65
1751478305,619.37,619.37,619.34,619.34,68
1751478310,619.34,619.34,619.31,619.31,62
1751478315,619.31,619.31,619.3,619.31,25
1751478320,619.31,619.32,619.28,619.3,146
1751478325,619.29,619.31,619.28,619.29,45
1751478330,619.31,619.32,619.28,619.31,73
1751478335,619.32,619.33,619.31,619.32,80
1751478340,619.32,619.32,619.31,619.31,79
1751478345,619.31,619.32,619.3,619.32,43
1751478350,619.33,619.33,619.32,619.32,32
1751478355,619.31,619.35,619.31,619.34,126
1751478360,619.34,619.37,619.34,619.36,56
1751478365,619.35,619.36,619.34,619.34,80
1751478370,619.34,619.35,619.34,619.35,15
1751478375,619.35,619.36,619.35,619.35,31
1751478380,619.34,619.37,619.34,619.37,99
1751478385,619.38,619.38,619.35,619.35,126
1751478390,619.36,619.36,619.31,619.31,121
1751478395,619.32,619.32,619.31,619.31,164
1751478400,619.31,619.32,619.31,619.32,26
1751478405,619.32,619.32,619.3,619.32,237
1751478410,619.32,619.37,619.32,619.36,138
1751478415,619.37,619.38,619.36,619.37,77
1751478420,619.38,619.38,619.36,619.37,192
1751478425,619.37,619.37,619.35,619.36,105
1751478430,619.35,619.36,619.33,619.34,161
1751478435,619.35,619.36,619.35,619.36,53
1751478440,619.36,619.36,619.34,619.34,58
1751478445,619.33,619.35,619.33,619.34,42
1751478450,619.34,619.34,619.3,619.31,126
1751478455,619.31,619.34,619.31,619.34,25
1751478460,619.33,619.35,619.33,619.35,189
1751478465,619.34,619.36,619.34,619.35,53
1751478470,619.36,619.36,619.33,619.35,56
1751478475,619.37,619.38,619.37,619.38,67
1751478480,619.37,619.38,619.34,619.34,111
1751478485,619.34,619.34,619.31,619.33,158
1751478490,619.34,619.37,619.34,619.37,117
1751478495,619.37,619.37,619.35,619.35,77
1751478500,619.34,619.38,619.34,619.37,83
1751478505,619.37,619.39,619.36,619.38,76
1751478510,619.39,619.4,619.37,619.37,64
1751478515,619.37,619.4,619.37,619.39,366
1751478520,619.38,619.38,619.38,619.38,5
1751478525,619.38,619.39,619.38,619.39,10
1751478530,619.38,619.38,619.35,619.36,37
1751478535,619.36,619.36,619.35,619.36,26
1751478540,619.37,619.37,619.35,619.36,15
1751478545,619.37,619.39,619.35,619.36,214
1751478550,619.36,619.37,619.36,619.36,140
1751478555,619.36,619.37,619.36,619.36,38
1751478560,619.36,619.37,619.36,619.37,176
1751478565,619.37,619.38,619.37,619.37,64
1751478570,619.38,619.39,619.37,619.38,71
1751478575,619.38,619.41,619.38,619.39,70
1751478580,619.41,619.44,619.41,619.43,59
1751478585,619.44,619.48,619.44,619.48,568
1751478590,619.47,619.48,619.46,619.46,78
1751478595,619.47,619.47,619.46,619.46,46
1751478600,619.47,619.48,619.46,619.46,157
1751478605,619.47,619.49,619.46,619.47,67
1751478610,619.46,619.47,619.45,619.47,50
1751478615,619.48,619.52,619.47,619.5,439
1751478620,619.5,619.54,619.5,619.53,243
1751478625,619.53,619.53,619.46,619.47,264
1751478630,619.47,619.48,619.46,619.46,165
1751478635,619.47,619.47,619.46,619.47,11
1751478640,619.48,619.48,619.46,619.46,23
1751478645,619.45,619.47,619.44,619.45,170
1751478650,619.46,619.48,619.46,619.48,73
1751478655,619.47,619.47,619.45,619.45,117
1751478660,619.45,619.47,619.44,619.47,63
1751478665,619.48,619.49,619.47,619.47,132
1751478670,619.47,619.54,619.46,619.53,341
1751478675,619.53,619.53,619.51,619.51,110
1751478680,619.53,619.53,619.5,619.51,169
1751478685,619.51,619.52,619.51,619.51,22
1751478690,619.51,619.51,619.48,619.5,27
1751478695,619.51,619.51,619.5,619.51,72
1751478700,619.51,619.52,619.51,619.52,69
1751478705,619.51,619.55,619.51,619.55,224
1751478710,619.55,619.55,619.52,619.54,68
1751478715,619.55,619.57,619.55,619.57,180
1751478720,619.57,619.57,619.54,619.57,100
1751478725,619.57,619.57,619.56,619.57,68
1751478730,619.57,619.61,619.57,619.59,192
1751478735,619.58,619.59,619.57,619.57,51
1751478740,619.57,619.57,619.55,619.55,22
1751478745,619.56,619.57,619.54,619.54,122
1751478750,619.54,619.56,619.54,619.56,89
1751478755,619.55,619.56,619.55,619.56,45
1751478760,619.56,619.56,619.55,619.56,102
1751478765,619.57,619.59,619.56,619.58,75
1751478770,619.57,619.59,619.57,619.59,42
1751478775,619.59,619.61,619.58,619.6,201
1751478780,619.6,619.64,619.6,619.64,340
1751478785,619.63,619.68,619.62,619.68,469
1751478790,619.67,619.67,619.64,619.67,204
1751478795,619.66,619.67,619.64,619.64,75
1751478800,619.65,619.65,619.64,619.64,39
1751478805,619.65,619.72,619.65,619.69,333
1751478810,619.68,619.68,619.67,619.67,71
1751478815,619.68,619.68,619.67,619.67,97
1751478820,619.68,619.68,619.64,619.65,218
1751478825,619.64,619.64,619.63,619.63,46
1751478830,619.65,619.65,619.64,619.64,71
1751478835,619.64,619.64,619.63,619.63,37
1751478840,619.64,619.64,619.6,619.63,186
1751478845,619.63,619.65,619.63,619.63,197
1751478850,619.63,619.63,619.6,619.6,166
1751478855,619.6,619.6,619.57,619.57,144
1751478860,619.57,619.58,619.56,619.58,106
1751478865,619.57,619.58,619.54,619.58,182
1751478870,619.58,619.6,619.57,619.57,30
1751478875,619.57,619.57,619.56,619.56,144
1751478880,619.55,619.59,619.54,619.59,167
1751478885,619.6,619.62,619.59,619.62,101
1751478890,619.62,619.62,619.61,619.61,42
1751478895,619.62,619.62,619.59,619.61,45
1751478900,619.62,619.62,619.59,619.6,79
1751478905,619.61,619.61,619.59,619.6,20
1751478910,619.59,619.6,619.55,619.56,154
1751478915,619.55,619.55,619.52,619.53,326
1751478920,619.53,619.53,619.51,619.52,102
1751478925,619.52,619.53,619.51,619.52,137
1751478930,619.52,619.56,619.52,619.56,148
1751478935,619.56,619.57,619.55,619.56,51
1751478940,619.55,619.58,619.55,619.57,160
1751478945,619.58,619.58,619.57,619.57,77
1751478950,619.57,619.57,619.55,619.57,26
1751478955,619.58,619.59,619.57,619.59,123
1751478960,619.58,619.58,619.58,619.58,7
1751478965,619.58,619.6,619.58,619.6,49
1751478970,619.59,619.61,619.59,619.61,20
1751478975,619.6,619.6,619.59,619.59,67
1751478980,619.6,619.6,619.59,619.6,35
1751478985,619.58,619.58,619.55,619.57,72
1751478990,619.57,619.57,619.56,619.56,59
1751478995,619.57,619.57,619.56,619.57,73
1751479000,619.57,619.57,619.56,619.57,70
1751479005,619.57,619.57,619.53,619.54,55
1751479010,619.55,619.58,619.54,619.57,122
1751479015,619.57,619.58,619.57,619.58,105
1751479020,619.58,619.58,619.56,619.58,76
1751479025,619.57,619.58,619.55,619.55,46
1751479030,619.56,619.56,619.5,619.5,156
1751479035,619.5,619.52,619.48,619.52,460
1751479040,619.51,619.52,619.51,619.51,106
1751479045,619.52,619.54,619.51,619.54,218
1751479050,619.54,619.55,619.54,619.55,20
1751479055,619.55,619.55,619.54,619.55,130
1751479060,619.54,619.55,619.53,619.54,67
1751479065,619.55,619.55,619.53,619.54,283
1751479070,619.53,619.54,619.53,619.54,7
1751479075,619.53,619.55,619.51,619.55,234
1751479080,619.55,619.57,619.53,619.57,161
1751479085,619.56,619.56,619.52,619.52,111
1751479090,619.52,619.52,619.51,619.51,46
1751479095,619.52,619.52,619.51,619.51,73
1751479100,619.52,619.54,619.51,619.54,138
1751479105,619.54,619.55,619.53,619.53,92
1751479110,619.54,619.54,619.51,619.54,143
1751479115,619.54,619.56,619.54,619.56,127
1751479120,619.56,619.57,619.55,619.56,93
1751479125,619.55,619.56,619.54,619.55,135
1751479130,619.56,619.56,619.53,619.53,160
1751479135,619.53,619.54,619.52,619.53,81
1751479140,619.53,619.54,619.53,619.53,157
1751479145,619.52,619.53,619.51,619.51,167
1751479150,619.51,619.52,619.48,619.48,101
1751479155,619.48,619.49,619.46,619.47,451
1751479160,619.46,619.46,619.43,619.45,273
1751479165,619.45,619.45,619.43,619.45,143
1751479170,619.45,619.46,619.44,619.45,99
1751479175,619.45,619.46,619.44,619.45,221
1751479180,619.44,619.49,619.44,619.47,218
1751479185,619.47,619.47,619.41,619.43,375
1751479190,619.42,619.46,619.42,619.43,339
1751479195,619.43,619.43,619.41,619.42,48
1751479200,619.42,619.47,619.42,619.47,396
1751479205,619.46,619.48,619.43,619.43,316
1751479210,619.43,619.47,619.43,619.46,430
1751479215,619.46,619.47,619.43,619.44,317
1751479220,619.44,619.44,619.39,619.41,158
1751479225,619.41,619.43,619.4,619.41,216
1751479230,619.41,619.43,619.37,619.37,142
1751479235,619.37,619.38,619.36,619.36,102
1751479240,619.36,619.38,619.35,619.37,267
1751479245,619.36,619.37,619.34,619.37,379
1751479250,619.36,619.39,619.35,619.39,183
1751479255,619.39,619.39,619.38,619.38,124
1751479260,619.38,619.39,619.35,619.37,206
1751479265,619.37,619.39,619.36,619.37,77
1751479270,619.38,619.38,619.36,619.38,110
1751479275,619.38,619.39,619.37,619.38,124
1751479280,619.38,619.39,619.34,619.36,1208
1751479285,619.36,619.37,619.32,619.33,383
1751479290,619.33,619.33,619.26,619.29,503
1751479295,619.28,619.28,619.26,619.28,416
1751479300,619.27,619.28,619.27,619.27,137
1751479305,619.26,619.27,619.24,619.26,227
1751479310,619.25,619.26,619.23,619.24,496
1751479315,619.24,619.31,619.23,619.29,219
1751479320,619.29,619.3,619.28,619.29,134
1751479325,619.29,619.33,619.29,619.32,227
1751479330,619.32,619.32,619.29,619.31,121
1751479335,619.3,619.3,619.27,619.27,95
1751479340,619.26,619.29,619.26,619.26,71
1751479345,619.27,619.29,619.26,619.29,42
1751479350,619.29,619.29,619.24,619.24,47
1751479355,619.24,619.29,619.24,619.28,89
1751479360,619.26,619.29,619.26,619.29,149
1751479365,619.29,619.34,619.28,619.32,706
1751479370,619.32,619.33,619.31,619.32,150
1751479375,619.31,619.32,619.26,619.27,247
1751479380,619.27,619.28,619.25,619.26,214
1751479385,619.25,619.27,619.24,619.24,261
1751479390,619.25,619.27,619.24,619.25,317
1751479395,619.24,619.28,619.24,619.27,723
1751479400,619.27,619.33,619.27,619.32,1035
1751479405,619.32,619.34,619.31,619.33,292
1751479410,619.32,619.32,619.3,619.32,298
1751479415,619.32,619.33,619.32,619.32,68
1751479420,619.31,619.34,619.31,619.34,70
1751479425,619.34,619.35,619.34,619.34,186
1751479430,619.33,619.35,619.33,619.35,68
1751479435,619.35,619.41,619.34,619.41,313
1751479440,619.4,619.4,619.38,619.39,84
1751479445,619.4,619.4,619.39,619.4,75
1751479450,619.4,619.41,619.4,619.41,275
1751479455,619.41,619.44,619.41,619.44,170
1751479460,619.45,619.46,619.43,619.45,425
1751479465,619.44,619.45,619.44,619.45,93
1751479470,619.43,619.46,619.42,619.45,183
1751479475,619.44,619.47,619.4,619.4,703
1751479480,619.41,619.41,619.39,619.41,122
1751479485,619.41,619.44,619.41,619.43,52
1751479490,619.42,619.44,619.42,619.44,284
1751479495,619.44,619.44,619.42,619.44,175
1751479500,619.45,619.45,619.43,619.44,56
1751479505,619.43,619.44,619.39,619.39,151
1751479510,619.39,619.39,619.38,619.38,209
1751479515,619.38,619.39,619.36,619.39,425
1751479520,619.38,619.38,619.37,619.38,45
1751479525,619.36,619.39,619.36,619.39,107
1751479530,619.41,619.42,619.4,619.41,32
1751479535,619.42,619.44,619.41,619.44,138
1751479540,619.45,619.48,619.44,619.46,271
1751479545,619.45,619.45,619.43,619.45,70
1751479550,619.45,619.46,619.45,619.45,35
1751479555,619.45,619.48,619.45,619.47,61
1751479560,619.48,619.5,619.44,619.45,210
1751479565,619.44,619.46,619.44,619.46,33
1751479570,619.47,619.51,619.46,619.51,197
1751479575,619.51,619.52,619.5,619.52,70
1751479580,619.51,619.52,619.49,619.49,255
1751479585,619.5,619.5,619.46,619.47,113
1751479590,619.46,619.47,619.45,619.47,207
1751479595,619.46,619.46,619.46,619.46,42
1751479600,619.46,619.46,619.41,619.41,118
1751479605,619.4,619.42,619.4,619.41,110
1751479610,619.41,619.44,619.41,619.44,95
1751479615,619.43,619.43,619.42,619.43,49
1751479620,619.44,619.44,619.4,619.41,114
1751479625,619.41,619.41,619.39,619.41,171
1751479630,619.41,619.44,619.41,619.43,59
1751479635,619.41,619.44,619.41,619.42,57
1751479640,619.42,619.42,619.4,619.41,23
1751479645,619.41,619.45,619.4,619.45,100
1751479650,619.44,619.44,619.42,619.43,288
1751479655,619.43,619.45,619.43,619.45,80
1751479660,619.46,619.46,619.45,619.46,50
1751479665,619.45,619.46,619.45,619.46,146
1751479670,619.46,619.48,619.46,619.48,65
1751479675,619.49,619.49,619.47,619.48,125
1751479680,619.48,619.51,619.48,619.49,362
1751479685,619.5,619.54,619.5,619.53,254
1751479690,619.53,619.54,619.52,619.54,133
1751479695,619.54,619.58,619.54,619.58,275
1751479700,619.58,619.6,619.57,619.59,233
1751479705,619.59,619.59,619.56,619.56,130
1751479710,619.56,619.56,619.54,619.54,70
1751479715,619.55,619.55,619.52,619.53,198
1751479720,619.53,619.53,619.52,619.52,41
1751479725,619.53,619.53,619.52,619.52,180
1751479730,619.53,619.53,619.51,619.52,178
1751479735,619.51,619.52,619.5,619.5,112
1751479740,619.5,619.51,619.49,619.51,134
1751479745,619.51,619.54,619.51,619.54,173
1751479750,619.53,619.54,619.51,619.52,120
1751479755,619.52,619.53,619.51,619.53,67
1751479760,619.54,619.55,619.53,619.54,55
1751479765,619.55,619.56,619.54,619.56,158
1751479770,619.55,619.58,619.55,619.58,75
1751479775,619.58,619.59,619.57,619.58,193
1751479780,619.58,619.6,619.57,619.58,186
1751479785,619.59,619.6,619.58,619.6,21
1751479790,619.6,619.6,619.58,619.59,200
1751479795,619.59,619.59,619.56,619.57,222
1751479800,619.57,619.57,619.56,619.57,82
1751479805,619.57,619.58,619.57,619.58,80
1751479810,619.59,619.61,619.59,619.61,400
1751479815,619.6,619.62,619.59,619.6,257
1751479820,619.6,619.62,619.6,619.62,334
1751479825,619.62,619.64,619.6,619.62,306
1751479830,619.61,619.62,619.61,619.61,157
1751479835,619.61,619.62,619.58,619.58,128
1751479840,619.57,619.57,619.54,619.55,110
1751479845,619.55,619.55,619.54,619.55,70
1751479850,619.55,619.55,619.52,619.53,182
1751479855,619.53,619.53,619.51,619.51,68
1751479860,619.5,619.54,619.5,619.53,269
1751479865,619.53,619.54,619.5,619.5,55
1751479870,619.51,619.54,619.51,619.54,83
1751479875,619.54,619.55,619.54,619.55,32
1751479880,619.56,619.57,619.53,619.53,55
1751479885,619.52,619.52,619.51,619.52,42
1751479890,619.51,619.52,619.51,619.52,21
1751479895,619.52,619.53,619.51,619.51,80
1751479900,619.52,619.55,619.52,619.54,136
1751479905,619.54,619.54,619.51,619.51,101
1751479910,619.51,619.51,619.5,619.51,54
1751479915,619.51,619.52,619.5,619.51,86
1751479920,619.52,619.54,619.52,619.52,58
1751479925,619.54,619.56,619.54,619.56,109
1751479930,619.56,619.59,619.56,619.57,103
1751479935,619.56,619.59,619.55,619.58,95
1751479940,619.58,619.58,619.56,619.57,66
1751479945,619.56,619.59,619.56,619.59,38
1751479950,619.58,619.59,619.58,619.59,30
1751479955,619.59,619.59,619.56,619.56,46
1751479960,619.56,619.56,619.54,619.55,176
1751479965,619.54,619.56,619.53,619.56,55
1751479970,619.56,619.57,619.56,619.57,44
1751479975,619.58,619.59,619.58,619.59,22
1751479980,619.59,619.6,619.59,619.59,78
1751479985,619.6,619.62,619.6,619.62,121
1751479990,619.62,619.63,619.62,619.62,335
1751479995,619.62,619.62,619.59,619.6,339
1751480000,619.59,619.62,619.59,619.6,125
1751480005,619.6,619.6,619.58,619.58,182
1751480010,619.57,619.58,619.55,619.58,439
1751480015,619.58,619.58,619.55,619.56,158
1751480020,619.56,619.57,619.55,619.57,38
1751480025,619.57,619.57,619.57,619.57,12
1751480030,619.57,619.58,619.55,619.55,78
1751480035,619.55,619.58,619.54,619.57,172
1751480040,619.58,619.59,619.58,619.59,129
1751480045,619.59,619.6,619.59,619.6,18
1751480050,619.59,619.62,619.59,619.61,145
1751480055,619.6,619.62,619.59,619.6,45
1751480060,619.59,619.59,619.57,619.57,226
1751480065,619.57,619.57,619.51,619.52,350
1751480070,619.51,619.52,619.5,619.51,413
1751480075,619.51,619.52,619.5,619.51,86
1751480080,619.51,619.52,619.51,619.51,204
1751480085,619.51,619.52,619.5,619.52,163
1751480090,619.53,619.53,619.51,619.51,117
1751480095,619.51,619.52,619.45,619.51,287
1751480100,619.52,619.54,619.51,619.54,210
1751480105,619.53,619.53,619.48,619.49,262
1751480110,619.49,619.5,619.48,619.48,63
1751480115,619.49,619.49,619.43,619.45,346
1751480120,619.45,619.46,619.45,619.45,20
1751480125,619.45,619.46,619.44,619.46,70
1751480130,619.46,619.46,619.43,619.44,108
1751480135,619.44,619.45,619.4,619.44,372
1751480140,619.44,619.44,619.41,619.41,416
1751480145,619.42,619.46,619.41,619.46,93
1751480150,619.46,619.47,619.43,619.44,95
1751480155,619.44,619.44,619.42,619.43,45
1751480160,619.44,619.44,619.41,619.42,151
1751480165,619.43,619.43,619.38,619.39,301
1751480170,619.39,619.41,619.34,619.36,443
1751480175,619.37,619.39,619.37,619.37,74
1751480180,619.38,619.44,619.38,619.44,116
1751480185,619.44,619.44,619.43,619.44,62
1751480190,619.43,619.44,619.41,619.41,83
1751480195,619.41,619.41,619.41,619.41,20
1751480200,619.41,619.43,619.4,619.43,103
1751480205,619.44,619.46,619.43,619.46,49
1751480210,619.46,619.47,619.44,619.46,122
1751480215,619.45,619.47,619.45,619.46,117
1751480220,619.45,619.45,619.41,619.41,86
1751480225,619.42,619.42,619.41,619.41,48
1751480230,619.41,619.41,619.41,619.41,14
1751480235,619.41,619.41,619.39,619.4,57
1751480240,619.41,619.42,619.41,619.42,10
1751480245,619.41,619.41,619.4,619.41,25
1751480250,619.42,619.42,619.41,619.41,25
1751480255,619.42,619.45,619.42,619.45,95
1751480260,619.44,619.45,619.43,619.44,75
1751480265,619.44,619.44,619.42,619.44,81
1751480270,619.43,619.43,619.41,619.41,25
1751480275,619.42,619.42,619.4,619.4,111
1751480280,619.41,619.46,619.41,619.46,79
1751480285,619.47,619.49,619.46,619.49,167
1751480290,619.49,619.5,619.47,619.48,127
1751480295,619.48,619.5,619.46,619.5,128
1751480300,619.5,619.57,619.49,619.56,193
1751480305,619.55,619.57,619.54,619.56,121
1751480310,619.56,619.57,619.54,619.57,141
1751480315,619.57,619.61,619.56,619.59,278
1751480320,619.59,619.6,619.57,619.59,237
1751480325,619.58,619.6,619.58,619.6,47
1751480330,619.6,619.61,619.59,619.61,126
1751480335,619.59,619.59,619.58,619.58,30
1751480340,619.59,619.62,619.59,619.62,151
1751480345,619.62,619.65,619.62,619.65,352
1751480350,619.64,619.65,619.63,619.64,106
1751480355,619.64,619.66,619.63,619.66,151
1751480360,619.67,619.68,619.65,619.66,196
1751480365,619.65,619.66,619.63,619.63,35
1751480370,619.64,619.65,619.62,619.62,538
1751480375,619.62,619.65,619.62,619.64,133
1751480380,619.63,619.64,619.63,619.64,75
1751480385,619.64,619.66,619.64,619.65,50
1751480390,619.64,619.65,619.63,619.63,235
1751480395,619.64,619.64,619.62,619.62,168
1751480400,619.61,619.63,619.61,619.63,160
1751480405,619.62,619.64,619.62,619.63,119
1751480410,619.63,619.65,619.63,619.64,203
1751480415,619.63,619.64,619.61,619.63,58
1751480420,619.63,619.64,619.61,619.61,70
1751480425,619.61,619.62,619.6,619.61,65
1751480430,619.61,619.64,619.6,619.64,90
1751480435,619.65,619.65,619.61,619.63,79
1751480440,619.64,619.65,619.62,619.62,45
1751480445,619.61,619.64,619.61,619.63,88
1751480450,619.62,619.62,619.57,619.57,160
1751480455,619.57,619.57,619.55,619.55,203
1751480460,619.55,619.56,619.53,619.53,256
1751480465,619.54,619.54,619.52,619.53,125
1751480470,619.53,619.54,619.51,619.54,126
1751480475,619.54,619.54,619.51,619.53,66
1751480480,619.53,619.56,619.52,619.55,170
1751480485,619.55,619.56,619.55,619.55,100
1751480490,619.54,619.54,619.52,619.52,87
1751480495,619.51,619.53,619.5,619.52,231
1751480500,619.52,619.53,619.52,619.52,0
1751480505,619.51,619.54,619.5,619.54,163
1751480510,619.54,619.54,619.53,619.53,43
1751480515,619.53,619.54,619.51,619.53,78
1751480520,619.51,619.53,619.51,619.53,135
1751480525,619.54,619.56,619.54,619.54,65
1751480530,619.54,619.54,619.53,619.54,26
1751480535,619.55,619.57,619.54,619.57,13
1751480540,619.56,619.58,619.56,619.56,219
1751480545,619.56,619.56,619.55,619.55,23
1751480550,619.56,619.57,619.54,619.55,59
1751480555,619.55,619.56,619.55,619.56,24
1751480560,619.56,619.56,619.55,619.55,23
1751480565,619.55,619.6,619.54,619.6,105
1751480570,619.59,619.61,619.59,619.6,236
1751480575,619.6,619.6,619.56,619.58,604
1751480580,619.57,619.57,619.55,619.57,50
1751480585,619.57,619.6,619.57,619.57,132
1751480590,619.56,619.57,619.55,619.55,30
1751480595,619.55,619.57,619.55,619.56,46
1751480600,619.57,619.57,619.56,619.57,13
1751480605,619.57,619.58,619.57,619.57,92
1751480610,619.57,619.58,619.56,619.57,8
1751480615,619.57,619.58,619.56,619.58,57
1751480620,619.57,619.57,619.54,619.54,60
1751480625,619.54,619.55,619.54,619.55,12
1751480630,619.54,619.55,619.54,619.55,18
1751480635,619.54,619.55,619.54,619.55,35
1751480640,619.57,619.57,619.54,619.54,244
1751480645,619.53,619.54,619.5,619.52,294
1751480650,619.51,619.52,619.49,619.51,219
1751480655,619.51,619.51,619.5,619.5,64
1751480660,619.51,619.53,619.51,619.52,77
1751480665,619.52,619.53,619.51,619.51,114
1751480670,619.52,619.52,619.48,619.5,219
1751480675,619.5,619.51,619.49,619.5,124
1751480680,619.5,619.55,619.5,619.54,180
1751480685,619.55,619.56,619.55,619.55,101
1751480690,619.55,619.57,619.55,619.57,125
1751480695,619.56,619.56,619.55,619.56,31
1751480700,619.55,619.58,619.54,619.57,140
1751480705,619.57,619.57,619.55,619.57,306
1751480710,619.57,619.6,619.57,619.59,172
1751480715,619.58,619.58,619.54,619.54,232
1751480720,619.52,619.53,619.52,619.53,55
1751480725,619.53,619.56,619.53,619.56,153
1751480730,619.56,619.6,619.56,619.6,313
1751480735,619.58,619.58,619.57,619.57,26
1751480740,619.57,619.6,619.57,619.58,106
1751480745,619.57,619.58,619.57,619.57,19
1751480750,619.56,619.58,619.55,619.58,87
1751480755,619.58,619.58,619.57,619.57,32
1751480760,619.57,619.58,619.54,619.54,108
1751480765,619.54,619.55,619.54,619.54,32
1751480770,619.55,619.56,619.54,619.56,127
1751480775,619.56,619.57,619.56,619.56,52
1751480780,619.56,619.56,619.56,619.56,8
1751480785,619.57,619.6,619.57,619.6,93
1751480790,619.59,619.61,619.59,619.61,114
1751480795,619.61,619.62,619.59,619.59,161
1751480800,619.59,619.6,619.56,619.59,58
1751480805,619.59,619.6,619.58,619.6,80
1751480810,619.59,619.61,619.59,619.61,35
1751480815,619.61,619.64,619.61,619.62,132
1751480820,619.63,619.66,619.63,619.65,1573
1751480825,619.66,619.67,619.65,619.66,122
1751480830,619.67,619.69,619.66,619.68,351
1751480835,619.69,619.69,619.68,619.69,81
1751480840,619.69,619.69,619.67,619.68,95
1751480845,619.67,619.68,619.65,619.66,226
1751480850,619.65,619.66,619.65,619.65,40
1751480855,619.66,619.66,619.64,619.66,115
1751480860,619.66,619.67,619.66,619.67,59
1751480865,619.67,619.69,619.66,619.66,144
1751480870,619.66,619.68,619.66,619.67,145
1751480875,619.67,619.68,619.66,619.67,61
1751480880,619.67,619.67,619.66,619.66,26
1751480885,619.67,619.68,619.66,619.67,57
1751480890,619.68,619.68,619.68,619.68,40
1751480895,619.69,619.69,619.68,619.69,258
1751480900,619.69,619.7,619.66,619.67,56
1751480905,619.67,619.67,619.66,619.66,45
1751480910,619.66,619.66,619.63,619.63,42
1751480915,619.63,619.64,619.63,619.63,21
1751480920,619.64,619.64,619.61,619.62,192
1751480925,619.62,619.63,619.62,619.63,47
1751480930,619.62,619.63,619.6,619.6,420
1751480935,619.6,619.61,619.59,619.61,113
1751480940,619.61,619.63,619.6,619.62,128
1751480945,619.61,619.64,619.61,619.64,428
1751480950,619.64,619.65,619.64,619.64,121
1751480955,619.63,619.63,619.62,619.63,124
1751480960,619.63,619.64,619.62,619.64,43
1751480965,619.64,619.65,619.64,619.64,88
1751480970,619.64,619.64,619.6,619.61,160
1751480975,619.61,619.61,619.58,619.59,75
1751480980,619.58,619.59,619.56,619.58,374
1751480985,619.58,619.6,619.57,619.6,175
1751480990,619.6,619.6,619.59,619.6,134
1751480995,619.6,619.6,619.58,619.59,92
1751481000,619.58,619.61,619.57,619.61,258
1751481005,619.62,619.62,619.58,619.62,289
1751481010,619.62,619.64,619.6,619.64,89
1751481015,619.64,619.69,619.64,619.69,180
1751481020,619.68,619.7,619.67,619.69,106
1751481025,619.69,619.72,619.69,619.7,416
1751481030,619.71,619.72,619.68,619.69,240
1751481035,619.69,619.7,619.67,619.68,192
1751481040,619.68,619.68,619.65,619.66,123
1751481045,619.67,619.67,619.66,619.67,56
1751481050,619.66,619.66,619.65,619.66,127
1751481055,619.67,619.68,619.66,619.67,75
1751481060,619.67,619.69,619.66,619.68,128
1751481065,619.69,619.69,619.66,619.67,188
1751481070,619.67,619.67,619.65,619.67,124
1751481075,619.67,619.68,619.66,619.67,141
1751481080,619.69,619.69,619.66,619.67,242
1751481085,619.67,619.68,619.66,619.68,76
1751481090,619.69,619.69,619.67,619.68,40
1751481095,619.69,619.71,619.68,619.69,207
1751481100,619.69,619.7,619.67,619.68,298
1751481105,619.69,619.69,619.68,619.68,67
1751481110,619.68,619.69,619.66,619.68,377
1751481115,619.68,619.7,619.66,619.7,142
1751481120,619.69,619.7,619.68,619.7,104
1751481125,619.71,619.78,619.71,619.76,1213
1751481130,619.75,619.76,619.74,619.75,69
1751481135,619.76,619.76,619.73,619.74,128
1751481140,619.74,619.76,619.72,619.75,107
1751481145,619.75,619.75,619.71,619.74,224
1751481150,619.74,619.75,619.73,619.74,142
1751481155,619.74,619.75,619.73,619.75,231
1751481160,619.75,619.76,619.75,619.75,102
1751481165,619.76,619.78,619.75,619.77,390
1751481170,619.77,619.77,619.75,619.76,53
1751481175,619.77,619.77,619.76,619.76,28
1751481180,619.76,619.77,619.74,619.75,101
1751481185,619.76,619.77,619.75,619.75,80
1751481190,619.76,619.79,619.76,619.78,132
1751481195,619.78,619.79,619.78,619.79,73
1751481200,619.79,619.83,619.78,619.79,1001
1751481205,619.79,619.79,619.76,619.79,402
1751481210,619.78,619.79,619.77,619.79,160
1751481215,619.79,619.79,619.77,619.77,281
1751481220,619.78,619.78,619.77,619.77,26
1751481225,619.78,619.79,619.77,619.79,284
1751481230,619.79,619.79,619.78,619.78,90
1751481235,619.78,619.8,619.78,619.8,140
1751481240,619.79,619.79,619.76,619.77,59
1751481245,619.78,619.82,619.78,619.82,192
1751481250,619.8,619.81,619.79,619.81,154
1751481255,619.81,619.82,619.8,619.81,82
1751481260,619.8,619.8,619.78,619.78,92
1751481265,619.78,619.79,619.78,619.79,97
1751481270,619.78,619.81,619.78,619.81,132
1751481275,619.81,619.81,619.79,619.81,53
1751481280,619.81,619.82,619.8,619.82,156
1751481285,619.82,619.82,619.8,619.8,400
1751481290,619.81,619.81,619.78,619.79,300
1751481295,619.79,619.79,619.76,619.77,181
1751481300,619.76,619.78,619.76,619.76,115
1751481305,619.76,619.78,619.76,619.77,293
1751481310,619.77,619.78,619.73,619.74,220
1751481315,619.75,619.75,619.73,619.73,63
1751481320,619.73,619.73,619.7,619.72,328
1751481325,619.72,619.74,619.72,619.73,124
1751481330,619.74,619.76,619.74,619.74,90
1751481335,619.74,619.77,619.73,619.76,135
1751481340,619.75,619.77,619.75,619.76,111
1751481345,619.75,619.75,619.74,619.75,166
1751481350,619.75,619.75,619.73,619.73,132
1751481355,619.73,619.74,619.71,619.72,66
1751481360,619.72,619.76,619.72,619.76,195
1751481365,619.76,619.77,619.75,619.75,113
1751481370,619.75,619.75,619.72,619.73,90
1751481375,619.73,619.74,619.72,619.74,137
1751481380,619.73,619.74,619.72,619.73,87
1751481385,619.73,619.76,619.73,619.76,74
1751481390,619.76,619.76,619.75,619.75,89
1751481395,619.76,619.79,619.76,619.79,105
1751481400,619.8,619.81,619.79,619.8,127
1751481405,619.8,619.8,619.78,619.79,124
1751481410,619.79,619.8,619.78,619.8,212
1751481415,619.79,619.79,619.78,619.79,33
1751481420,619.78,619.78,619.77,619.77,72
1751481425,619.78,619.79,619.77,619.77,129
1751481430,619.77,619.78,619.73,619.75,140
1751481435,619.75,619.77,619.75,619.76,143
1751481440,619.76,619.79,619.76,619.78,73
1751481445,619.78,619.81,619.78,619.8,181
1751481450,619.8,619.81,619.8,619.81,77
1751481455,619.81,619.83,619.8,619.82,157
1751481460,619.82,619.82,619.8,619.82,147
1751481465,619.82,619.83,619.8,619.81,101
1751481470,619.8,619.82,619.8,619.81,101
1751481475,619.81,619.83,619.8,619.82,995
1751481480,619.81,619.84,619.81,619.82,323
1751481485,619.83,619.84,619.78,619.79,573
1751481490,619.79,619.79,619.77,619.78,120
1751481495,619.78,619.79,619.76,619.76,106
1751481500,619.76,619.78,619.76,619.78,151
1751481505,619.76,619.77,619.76,619.76,6
1751481510,619.75,619.77,619.75,619.76,103
1751481515,619.75,619.76,619.74,619.75,146
1751481520,619.76,619.77,619.75,619.76,53
1751481525,619.76,619.77,619.75,619.75,91
1751481530,619.76,619.78,619.75,619.78,89
1751481535,619.79,619.8,619.78,619.8,167
1751481540,619.8,619.81,619.8,619.8,75
1751481545,619.81,619.83,619.79,619.79,520
1751481550,619.79,619.8,619.78,619.79,37
1751481555,619.8,619.81,619.79,619.79,126
1751481560,619.79,619.79,619.76,619.76,118
1751481565,619.76,619.76,619.73,619.76,83
1751481570,619.75,619.76,619.74,619.75,99
1751481575,619.76,619.78,619.75,619.78,54
1751481580,619.79,619.79,619.78,619.79,32
1751481585,619.78,619.79,619.75,619.75,44
1751481590,619.76,619.76,619.75,619.75,23
1751481595,619.75,619.78,619.75,619.77,257
1751481600,619.77,619.8,619.76,619.8,88
1751481605,619.79,619.8,619.76,619.78,152
1751481610,619.79,619.82,619.78,619.82,254
1751481615,619.82,619.83,619.79,619.8,185
1751481620,619.8,619.81,619.8,619.8,7
1751481625,619.8,619.81,619.79,619.8,187
1751481630,619.8,619.81,619.78,619.78,95
1751481635,619.78,619.79,619.78,619.78,58
1751481640,619.78,619.79,619.77,619.79,77
1751481645,619.8,619.81,619.79,619.8,108
1751481650,619.8,619.83,619.8,619.82,167
1751481655,619.81,619.86,619.81,619.85,437
1751481660,619.85,619.85,619.82,619.83,105
1751481665,619.84,619.89,619.82,619.83,410
1751481670,619.83,619.84,619.81,619.82,74
1751481675,619.82,619.87,619.82,619.87,569
1751481680,619.86,619.89,619.86,619.89,194
1751481685,619.88,619.88,619.85,619.87,90
1751481690,619.87,619.87,619.86,619.86,54
1751481695,619.86,619.86,619.83,619.84,151
1751481700,619.84,619.85,619.83,619.84,49
1751481705,619.84,619.84,619.82,619.82,357
1751481710,619.83,619.85,619.82,619.83,260
1751481715,619.83,619.88,619.83,619.87,317
1751481720,619.88,619.91,619.87,619.87,363
1751481725,619.88,619.9,619.87,619.9,266
1751481730,619.9,619.91,619.87,619.91,272
1751481735,619.91,619.93,619.9,619.92,504
1751481740,619.92,619.93,619.91,619.93,475
1751481745,619.93,619.94,619.91,619.93,473
1751481750,619.93,619.94,619.92,619.93,78
1751481755,619.93,619.93,619.9,619.91,146
1751481760,619.91,619.94,619.91,619.92,171
1751481765,619.93,619.93,619.91,619.92,73
1751481770,619.92,619.92,619.9,619.91,157
1751481775,619.92,619.92,619.9,619.9,66
1751481780,619.9,619.9,619.89,619.9,138
1751481785,619.9,619.9,619.86,619.86,308
1751481790,619.87,619.89,619.87,619.88,51
1751481795,619.89,619.91,619.89,619.9,87
1751481800,619.91,619.92,619.89,619.89,74
1751481805,619.9,619.9,619.88,619.89,80
1751481810,619.88,619.89,619.88,619.89,55
1751481815,619.89,619.89,619.86,619.87,62
1751481820,619.88,619.88,619.84,619.86,112
1751481825,619.84,619.84,619.81,619.82,93
1751481830,619.81,619.82,619.8,619.81,212
1751481835,619.81,619.82,619.8,619.81,63
1751481840,619.82,619.83,619.81,619.82,95
1751481845,619.82,619.82,619.8,619.81,184
1751481850,619.82,619.84,619.8,619.83,184
1751481855,619.85,619.87,619.84,619.86,164
1751481860,619.85,619.88,619.85,619.87,97
1751481865,619.86,619.89,619.86,619.88,78
1751481870,619.88,619.89,619.86,619.86,54
1751481875,619.86,619.86,619.85,619.86,29
1751481880,619.87,619.9,619.87,619.89,53
1751481885,619.9,619.91,619.89,619.91,164
1751481890,619.91,619.91,619.91,619.91,145
1751481895,619.92,619.92,619.9,619.9,56
1751481900,619.91,619.91,619.89,619.89,302
1751481905,619.89,619.9,619.87,619.87,194
1751481910,619.87,619.9,619.86,619.86,297
1751481915,619.87,619.87,619.85,619.85,21
1751481920,619.86,619.87,619.83,619.84,191
1751481925,619.84,619.85,619.82,619.83,86
1751481930,619.83,619.85,619.82,619.85,223
1751481935,619.85,619.85,619.84,619.85,27
1751481940,619.85,619.87,619.85,619.86,102
1751481945,619.85,619.85,619.8,619.81,52
1751481950,619.81,619.83,619.81,619.81,99
1751481955,619.82,619.83,619.8,619.8,74
1751481960,619.8,619.83,619.79,619.82,239
1751481965,619.83,619.83,619.79,619.8,41
1751481970,619.79,619.79,619.77,619.77,120
1751481975,619.77,619.79,619.76,619.77,210
1751481980,619.76,619.78,619.76,619.77,124
1751481985,619.77,619.77,619.73,619.74,95
1751481990,619.75,619.79,619.74,619.79,86
1751481995,619.79,619.8,619.78,619.78,118
1751482000,619.79,619.82,619.79,619.81,112
1751482005,619.81,619.83,619.8,619.8,34
1751482010,619.79,619.81,619.79,619.8,63
1751482015,619.81,619.81,619.78,619.78,154
1751482020,619.78,619.79,619.75,619.77,372
1751482025,619.77,619.88,619.77,619.85,590
1751482030,619.84,619.84,619.8,619.82,218
1751482035,619.82,619.82,619.81,619.82,35
1751482040,619.82,619.83,619.79,619.82,150
1751482045,619.83,619.85,619.83,619.85,29
1751482050,619.85,619.85,619.84,619.85,78
1751482055,619.84,619.87,619.82,619.82,78
1751482060,619.82,619.86,619.82,619.85,141
1751482065,619.86,619.89,619.86,619.88,191
1751482070,619.88,619.9,619.88,619.89,109
1751482075,619.89,619.9,619.86,619.86,131
1751482080,619.86,619.87,619.84,619.85,165
1751482085,619.85,619.86,619.83,619.86,153
1751482090,619.85,619.88,619.85,619.88,47
1751482095,619.87,619.87,619.83,619.85,67
1751482100,619.84,619.87,619.84,619.86,154
1751482105,619.86,619.87,619.86,619.87,79
1751482110,619.87,619.89,619.86,619.87,513
1751482115,619.87,619.88,619.87,619.88,53
1751482120,619.88,619.88,619.87,619.88,108
1751482125,619.87,619.89,619.87,619.88,32
1751482130,619.89,619.92,619.88,619.9,253
1751482135,619.9,619.9,619.89,619.89,23
1751482140,619.89,619.91,619.88,619.9,99
1751482145,619.9,619.92,619.9,619.9,111
1751482150,619.89,619.94,619.89,619.94,188
1751482155,619.94,619.94,619.91,619.92,52
1751482160,619.92,619.92,619.9,619.9,65
1751482165,619.91,619.92,619.9,619.9,80
1751482170,619.92,619.93,619.91,619.93,60
1751482175,619.93,619.93,619.91,619.92,93
1751482180,619.91,619.93,619.9,619.9,247
1751482185,619.9,619.9,619.84,619.84,344
1751482190,619.84,619.84,619.79,619.81,419
1751482195,619.8,619.81,619.79,619.8,106
1751482200,619.81,619.83,619.8,619.82,195
1751482205,619.82,619.83,619.8,619.83,443
1751482210,619.84,619.86,619.83,619.86,198
1751482215,619.86,619.86,619.81,619.82,288
1751482220,619.82,619.85,619.82,619.85,90
1751482225,619.86,619.86,619.82,619.83,246
1751482230,619.83,619.83,619.81,619.81,268
1751482235,619.81,619.82,619.81,619.81,69
1751482240,619.81,619.82,619.76,619.77,1332
1751482245,619.77,619.78,619.76,619.77,165
1751482250,619.77,619.77,619.76,619.76,55
1751482255,619.75,619.76,619.74,619.75,189
1751482260,619.75,619.77,619.73,619.75,379
1751482265,619.74,619.75,619.73,619.74,286
1751482270,619.72,619.72,619.67,619.69,446
1751482275,619.7,619.71,619.67,619.69,305
1751482280,619.69,619.74,619.68,619.73,227
1751482285,619.73,619.74,619.73,619.73,98
1751482290,619.73,619.73,619.7,619.72,187
1751482295,619.71,619.73,619.71,619.73,43
1751482300,619.73,619.73,619.72,619.73,19
1751482305,619.72,619.73,619.71,619.72,76
1751482310,619.71,619.76,619.71,619.76,320
1751482315,619.75,619.76,619.74,619.75,181
1751482320,619.76,619.78,619.76,619.76,111
1751482325,619.77,619.78,619.75,619.76,42
1751482330,619.75,619.77,619.75,619.77,140
1751482335,619.77,619.78,619.76,619.77,31
1751482340,619.77,619.8,619.76,619.79,184
1751482345,619.8,619.81,619.79,619.79,292
1751482350,619.8,619.8,619.76,619.76,405
1751482355,619.77,619.78,619.77,619.78,130
1751482360,619.78,619.82,619.77,619.81,94
1751482365,619.81,619.82,619.8,619.82,206
1751482370,619.81,619.81,619.8,619.8,70
1751482375,619.8,619.81,619.79,619.79,88
1751482380,619.78,619.81,619.78,619.81,120
1751482385,619.81,619.84,619.81,619.83,247
1751482390,619.84,619.84,619.82,619.83,238
1751482395,619.83,619.83,619.81,619.82,143
1751482400,619.82,619.82,619.8,619.81,168
1751482405,619.8,619.81,619.79,619.79,69
1751482410,619.79,619.8,619.78,619.78,92
1751482415,619.77,619.78,619.75,619.75,120
1751482420,619.76,619.77,619.74,619.75,115
1751482425,619.75,619.76,619.73,619.76,76
1751482430,619.77,619.77,619.76,619.76,62
1751482435,619.77,619.78,619.76,619.76,55
1751482440,619.76,619.78,619.76,619.76,195
1751482445,619.76,619.77,619.75,619.75,133
1751482450,619.75,619.76,619.72,619.72,242
1751482455,619.72,619.75,619.72,619.75,60
1751482460,619.75,619.76,619.74,619.76,134
1751482465,619.77,619.79,619.76,619.79,212
1751482470,619.79,619.82,619.78,619.82,150
1751482475,619.81,619.82,619.81,619.81,163
1751482480,619.8,619.81,619.78,619.79,127
1751482485,619.79,619.8,619.78,619.79,129
1751482490,619.8,619.8,619.8,619.8,35
1751482495,619.8,619.82,619.8,619.82,120
1751482500,619.81,619.82,619.78,619.79,152
1751482505,619.78,619.8,619.77,619.78,170
1751482510,619.77,619.78,619.77,619.78,138
1751482515,619.8,619.81,619.79,619.79,54
1751482520,619.8,619.8,619.78,619.79,170
1751482525,619.78,619.8,619.77,619.77,230
1751482530,619.77,619.8,619.77,619.8,77
1751482535,619.82,619.83,619.81,619.83,29
1751482540,619.82,619.84,619.82,619.84,168
1751482545,619.85,619.86,619.83,619.85,108
1751482550,619.84,619.86,619.84,619.84,227
1751482555,619.85,619.86,619.84,619.86,173
1751482560,619.86,619.87,619.83,619.84,392
1751482565,619.84,619.85,619.83,619.84,95
1751482570,619.84,619.84,619.83,619.84,265
1751482575,619.85,619.87,619.84,619.85,143
1751482580,619.84,619.88,619.82,619.87,97
1751482585,619.88,619.89,619.87,619.89,350
1751482590,619.88,619.88,619.86,619.87,194
1751482595,619.88,619.88,619.87,619.88,71
1751482600,619.88,619.89,619.87,619.88,133
1751482605,619.88,619.88,619.83,619.83,161
1751482610,619.82,619.82,619.81,619.82,15
1751482615,619.82,619.82,619.8,619.82,184
1751482620,619.82,619.82,619.81,619.82,65
1751482625,619.82,619.83,619.8,619.82,166
1751482630,619.81,619.83,619.81,619.82,43
1751482635,619.82,619.83,619.81,619.83,44
1751482640,619.82,619.82,619.81,619.82,65
1751482645,619.82,619.82,619.79,619.79,114
1751482650,619.8,619.8,619.78,619.79,156
1751482655,619.79,619.8,619.78,619.79,92
1751482660,619.79,619.8,619.78,619.8,104
1751482665,619.8,619.81,619.79,619.8,189
1751482670,619.8,619.81,619.77,619.79,1654
1751482675,619.79,619.79,619.76,619.76,192
1751482680,619.76,619.77,619.75,619.76,58
1751482685,619.77,619.79,619.77,619.79,63
1751482690,619.8,619.82,619.8,619.81,118
1751482695,619.81,619.81,619.81,619.81,38
1751482700,619.81,619.82,619.8,619.82,30
1751482705,619.82,619.83,619.82,619.82,55
1751482710,619.83,619.83,619.79,619.79,216
1751482715,619.79,619.8,619.76,619.76,458
1751482720,619.77,619.79,619.76,619.79,338
1751482725,619.79,619.83,619.79,619.83,143
1751482730,619.84,619.85,619.83,619.84,173
1751482735,619.85,619.85,619.83,619.84,159
1751482740,619.83,619.84,619.81,619.84,195
1751482745,619.84,619.85,619.84,619.85,69
1751482750,619.86,619.86,619.8,619.81,289
1751482755,619.8,619.82,619.79,619.82,67
1751482760,619.82,619.83,619.81,619.81,99
1751482765,619.81,619.82,619.81,619.82,56
1751482770,619.82,619.85,619.81,619.84,152
1751482775,619.85,619.87,619.84,619.86,101
1751482780,619.86,619.86,619.85,619.85,72
1751482785,619.85,619.88,619.85,619.86,201
1751482790,619.84,619.85,619.84,619.85,50
1751482795,619.85,619.86,619.84,619.86,73
1751482800,619.86,619.87,619.84,619.84,118
1751482805,619.84,619.86,619.84,619.85,189
1751482810,619.86,619.86,619.82,619.83,243
1751482815,619.83,619.88,619.83,619.85,195
1751482820,619.84,619.86,619.83,619.86,61
1751482825,619.87,619.9,619.87,619.89,139
1751482830,619.9,619.91,619.88,619.91,307
1751482835,619.91,619.93,619.9,619.91,263
1751482840,619.92,619.95,619.91,619.95,88
1751482845,619.95,619.97,619.93,619.95,262
1751482850,619.95,619.95,619.93,619.94,74
1751482855,619.93,619.97,619.93,619.94,339
1751482860,619.94,619.96,619.93,619.96,120
1751482865,619.97,619.99,619.96,619.98,291
1751482870,619.99,620.0,619.97,619.99,155
1751482875,619.99,620.01,619.98,619.99,778
1751482880,619.99,620.01,619.99,620.01,251
1751482885,620.01,620.02,619.99,619.99,205
1751482890,619.99,619.99,619.96,619.98,243
1751482895,619.98,620.01,619.97,620.0,175
1751482900,620.0,620.02,619.98,620.02,283
1751482905,620.01,620.02,619.99,620.01,144
1751482910,620.02,620.02,619.97,619.99,406
1751482915,619.99,620.0,619.98,619.99,189
1751482920,620.0,620.0,619.98,620.0,394
1751482925,619.99,620.01,619.98,620.0,170
1751482930,620.0,620.01,619.97,619.99,136
1751482935,619.98,619.98,619.95,619.95,421
1751482940,619.95,619.97,619.95,619.97,218
1751482945,619.97,619.98,619.96,619.97,115
1751482950,619.97,620.05,619.97,620.04,648
1751482955,620.04,620.04,620.01,620.02,322
1751482960,620.02,620.03,620.01,620.03,151
1751482965,620.02,620.02,620.01,620.01,59
1751482970,620.01,620.01,619.99,620.0,185
1751482975,619.99,620.0,619.99,620.0,42
1751482980,620.0,620.02,620.0,620.02,140
1751482985,620.01,620.03,620.0,620.02,64
1751482990,620.03,620.05,620.03,620.05,113
1751482995,620.05,620.05,620.03,620.04,291
1751483000,620.05,620.06,620.04,620.06,85
1751483005,620.06,620.06,620.05,620.05,421
1751483010,620.06,620.06,620.04,620.05,161
1751483015,620.05,620.08,620.05,620.07,148
1751483020,620.07,620.08,620.06,620.07,105
1751483025,620.07,620.08,620.04,620.04,622
1751483030,620.05,620.05,620.01,620.03,981
1751483035,620.03,620.04,620.02,620.03,202
1751483040,620.04,620.08,620.04,620.07,268
1751483045,620.07,620.07,620.06,620.06,50
1751483050,620.07,620.17,620.07,620.17,3734
1751483055,620.17,620.17,620.09,620.1,1007
1751483060,620.11,620.11,620.07,620.08,293
1751483065,620.08,620.09,620.06,620.06,175
1751483070,620.07,620.07,620.0,620.02,1009
1751483075,620.01,620.02,620.0,620.01,135
1751483080,620.01,620.02,620.0,620.01,129
1751483085,620.01,620.03,620.01,620.01,141
1751483090,620.01,620.06,620.01,620.05,276
1751483095,620.06,620.08,620.05,620.08,75
1751483100,620.07,620.09,620.06,620.08,261
1751483105,620.08,620.08,620.06,620.06,341
1751483110,620.04,620.07,620.04,620.06,226
1751483115,620.06,620.08,620.06,620.07,99
1751483120,620.06,620.08,620.06,620.08,89
1751483125,620.07,620.07,620.04,620.06,158
1751483130,620.06,620.07,620.06,620.06,27
1751483135,620.06,620.07,620.05,620.07,87
1751483140,620.07,620.1,620.07,620.09,182
1751483145,620.08,620.09,620.06,620.09,127
1751483150,620.08,620.09,620.06,620.09,143
1751483155,620.08,620.08,620.05,620.06,128
1751483160,620.07,620.08,620.06,620.08,70
1751483165,620.08,620.08,620.07,620.07,163
1751483170,620.07,620.08,620.04,620.06,120
1751483175,620.05,620.07,620.05,620.07,227
1751483180,620.06,620.06,620.03,620.05,108
1751483185,620.06,620.06,620.02,620.03,100
1751483190,620.03,620.04,620.01,620.04,245
1751483195,620.04,620.06,620.04,620.06,53
1751483200,620.06,620.09,620.05,620.08,178
1751483205,620.09,620.09,620.07,620.08,114
1751483210,620.08,620.08,620.07,620.08,54
1751483215,620.08,620.08,620.03,620.03,142
1751483220,620.04,620.04,620.01,620.01,104
1751483225,620.01,620.02,619.99,620.0,203
1751483230,620.0,620.01,619.98,619.99,25
1751483235,619.99,620.01,619.98,619.99,246
1751483240,619.99,619.99,619.96,619.98,144
1751483245,619.98,620.01,619.98,620.0,91
1751483250,620.01,620.02,620.0,620.0,56
1751483255,619.99,620.0,619.99,619.99,121
1751483260,620.0,620.01,619.99,620.0,147
1751483265,620.0,620.01,619.99,620.01,55
1751483270,620.0,620.0,619.99,620.0,17
1751483275,620.0,620.02,620.0,620.01,43
1751483280,620.02,620.04,620.02,620.02,284
1751483285,620.03,620.04,620.0,620.0,208
1751483290,620.0,620.02,620.0,620.02,94
1751483295,620.02,620.04,620.01,620.04,72
1751483300,620.05,620.08,620.05,620.07,256
1751483305,620.07,620.09,620.07,620.09,105
1751483310,620.09,620.09,620.07,620.08,80
1751483315,620.08,620.08,620.07,620.07,7
1751483320,620.07,620.08,620.06,620.07,65
1751483325,620.07,620.07,620.07,620.07,28
1751483330,620.07,620.08,620.04,620.05,192
1751483335,620.04,620.06,620.04,620.06,65
1751483340,620.06,620.08,620.06,620.06,87
1751483345,620.06,620.07,620.03,620.04,194
1751483350,620.03,620.04,620.02,620.04,201
1751483355,620.04,620.04,620.02,620.04,130
1751483360,620.04,620.06,620.01,620.01,178
1751483365,620.01,620.02,620.0,620.0,152
1751483370,620.0,620.01,620.0,620.0,60
1751483375,620.01,620.05,620.0,620.05,195
1751483380,620.04,620.05,620.04,620.04,31
1751483385,620.03,620.04,620.03,620.04,27
1751483390,620.04,620.05,620.04,620.05,112
1751483395,620.05,620.07,620.05,620.07,58
1751483400,620.06,620.09,620.06,620.09,563
1751483405,620.09,620.09,620.05,620.06,324
1751483410,620.06,620.11,620.06,620.1,1398
1751483415,620.09,620.1,620.05,620.05,332
1751483420,620.05,620.07,620.04,620.06,428
1751483425,620.05,620.06,620.04,620.05,52
1751483430,620.05,620.05,620.02,620.02,207
1751483435,620.02,620.02,619.99,620.01,346
1751483440,620.01,620.03,620.01,620.01,60
1751483445,620.0,620.01,620.0,620.01,24
1751483450,620.01,620.05,620.01,620.04,73
1751483455,620.04,620.06,620.02,620.02,91
1751483460,620.03,620.04,620.02,620.02,224
1751483465,620.01,620.02,619.97,619.98,247
1751483470,619.99,620.0,619.98,619.99,270
1751483475,619.98,620.0,619.97,620.0,68
1751483480,620.01,620.02,620.01,620.02,54
1751483485,620.0,620.01,620.0,620.0,140
1751483490,620.0,620.02,620.0,620.01,35
1751483495,620.01,620.03,620.01,620.02,123
1751483500,620.02,620.03,619.98,619.98,133
1751483505,619.99,619.99,619.98,619.99,215
1751483510,620.0,620.01,619.98,620.01,156
1751483515,620.02,620.02,619.96,619.97,447
1751483520,619.96,619.97,619.93,619.96,322
1751483525,619.96,619.98,619.96,619.96,61
1751483530,619.96,619.97,619.96,619.97,122
1751483535,619.97,619.99,619.96,619.99,74
1751483540,619.99,619.99,619.97,619.97,114
1751483545,619.97,620.02,619.97,620.0,1156
1751483550,620.0,620.03,619.99,620.0,415
1751483555,620.0,620.03,619.99,620.01,159
1751483560,620.0,620.01,619.99,620.0,28
1751483565,620.0,620.06,620.0,620.03,166
1751483570,620.03,620.03,620.01,620.02,48
1751483575,620.04,620.04,620.03,620.03,112
1751483580,620.04,620.05,620.02,620.03,228
1751483585,620.04,620.05,620.03,620.04,89
1751483590,620.04,620.06,620.03,620.03,207
1751483595,620.02,620.04,620.02,620.04,40
1751483600,620.04,620.04,620.02,620.04,36
1751483605,620.02,620.02,620.01,620.01,30
1751483610,620.01,620.03,620.01,620.02,27
1751483615,620.02,620.06,620.02,620.04,364
1751483620,620.02,620.03,620.01,620.01,44
1751483625,620.02,620.02,620.0,620.0,79
1751483630,620.0,620.02,620.0,620.01,51
1751483635,620.01,620.03,620.01,620.02,122
1751483640,620.02,620.05,620.02,620.04,203
1751483645,620.04,620.04,620.02,620.02,44
1751483650,620.01,620.04,620.01,620.02,223
1751483655,620.02,620.04,620.02,620.04,303
1751483660,620.05,620.07,620.04,620.05,82
1751483665,620.05,620.05,620.04,620.04,26
1751483670,620.04,620.04,620.02,620.03,213
1751483675,620.02,620.03,620.0,620.02,110
1751483680,620.02,620.03,620.02,620.02,42
1751483685,620.02,620.03,620.01,620.02,247
1751483690,620.02,620.02,620.01,620.02,142
1751483695,620.01,620.04,620.01,620.04,128
1751483700,620.04,620.05,620.03,620.05,99
1751483705,620.06,620.06,620.03,620.04,150
1751483710,620.04,620.05,620.02,620.02,118
1751483715,620.01,620.04,620.01,620.03,84
1751483720,620.04,620.04,620.03,620.04,289
1751483725,620.05,620.06,620.04,620.06,261
1751483730,620.06,620.07,620.06,620.06,35
1751483735,620.06,620.06,620.01,620.01,179
1751483740,620.02,620.02,620.0,620.01,86
1751483745,620.01,620.02,619.99,620.0,218
1751483750,620.0,620.04,620.0,620.04,146
1751483755,620.04,620.04,620.02,620.03,194
1751483760,620.04,620.06,620.03,620.06,329
1751483765,620.06,620.06,620.01,620.02,215
1751483770,620.03,620.04,620.01,620.01,109
1751483775,620.01,620.02,620.0,620.02,135
1751483780,620.01,620.02,620.01,620.02,45
1751483785,620.01,620.02,619.98,619.99,238
1751483790,619.99,620.02,619.99,620.0,134
1751483795,619.99,620.01,619.99,620.0,98
1751483800,620.0,620.01,619.99,619.99,158
1751483805,619.99,619.99,619.96,619.99,295
1751483810,619.99,620.0,619.99,619.99,140
1751483815,619.97,619.97,619.96,619.96,139
1751483820,619.96,619.97,619.94,619.96,319
1751483825,619.96,619.97,619.95,619.96,181
1751483830,619.96,619.97,619.95,619.96,50
1751483835,619.96,619.97,619.93,619.93,120
1751483840,619.94,619.95,619.93,619.94,131
1751483845,619.94,619.94,619.92,619.92,124
1751483850,619.91,619.97,619.91,619.97,432
1751483855,619.97,619.97,619.96,619.96,75
1751483860,619.96,619.97,619.94,619.97,129
1751483865,619.96,619.97,619.96,619.97,23
1751483870,619.97,619.99,619.96,619.98,82
1751483875,619.98,620.0,619.98,620.0,92
1751483880,619.99,620.0,619.99,619.99,99
1751483885,620.0,620.01,619.98,620.0,178
1751483890,619.99,620.0,619.99,620.0,319
1751483895,620.0,620.01,619.98,619.99,135
1751483900,620.0,620.0,619.96,619.97,115
1751483905,619.96,619.98,619.96,619.96,62
1751483910,619.97,619.97,619.94,619.94,135
1751483915,619.94,619.95,619.94,619.94,83
1751483920,619.95,619.96,619.93,619.94,480
1751483925,619.94,619.95,619.91,619.95,1046
1751483930,619.94,619.96,619.94,619.96,45
1751483935,619.97,619.97,619.96,619.97,27
1751483940,619.97,619.98,619.97,619.97,79
1751483945,619.97,619.98,619.96,619.97,27
1751483950,619.97,619.98,619.96,619.97,252
1751483955,619.96,619.97,619.94,619.95,206
1751483960,619.95,619.95,619.92,619.93,158
1751483965,619.93,619.96,619.93,619.96,115
1751483970,619.95,619.97,619.95,619.95,91
1751483975,619.95,619.96,619.93,619.93,92
1751483980,619.93,619.93,619.89,619.9,335
1751483985,619.89,619.92,619.89,619.92,180
1751483990,619.91,619.91,619.89,619.9,234
1751483995,619.9,619.9,619.87,619.89,119
1751484000,619.89,619.89,619.86,619.88,142
1751484005,619.87,619.9,619.87,619.89,210
1751484010,619.89,619.89,619.86,619.87,88
1751484015,619.87,619.91,619.85,619.9,335
1751484020,619.91,619.91,619.9,619.9,148
1751484025,619.9,619.9,619.88,619.89,301
1751484030,619.89,619.89,619.87,619.88,172
1751484035,619.88,619.89,619.87,619.88,78
1751484040,619.88,619.92,619.87,619.92,263
1751484045,619.92,619.95,619.92,619.94,217
1751484050,619.94,619.95,619.93,619.94,119
1751484055,619.93,619.95,619.93,619.94,76
1751484060,619.94,619.94,619.92,619.94,207
1751484065,619.94,619.94,619.91,619.91,154
1751484070,619.91,619.93,619.91,619.93,110
1751484075,619.94,619.96,619.93,619.95,291
1751484080,619.95,619.95,619.93,619.94,72
1751484085,619.95,619.95,619.94,619.95,37
1751484090,619.95,619.98,619.94,619.96,206
1751484095,619.97,619.99,619.97,619.97,90
1751484100,619.97,620.02,619.97,620.0,209
1751484105,620.0,620.01,619.99,620.0,107
1751484110,619.99,620.01,619.99,620.0,303
1751484115,620.0,620.02,619.98,620.0,140
1751484120,620.0,620.0,619.99,620.0,47
1751484125,620.0,620.03,620.0,620.02,372
1751484130,620.02,620.05,620.0,620.01,219
1751484135,620.01,620.01,619.99,620.0,290
1751484140,619.99,619.99,619.95,619.95,235
1751484145,619.94,619.95,619.93,619.94,95
1751484150,619.94,619.96,619.94,619.95,122
1751484155,619.94,619.95,619.94,619.95,13
1751484160,619.95,619.98,619.95,619.98,175
1751484165,619.97,619.98,619.96,619.96,52
1751484170,619.97,619.97,619.96,619.97,45
1751484175,619.97,619.98,619.97,619.97,155
1751484180,619.97,619.97,619.96,619.97,34
1751484185,619.97,619.97,619.96,619.97,61
1751484190,619.97,619.98,619.97,619.97,126
1751484195,619.97,619.98,619.96,619.97,435
1751484200,619.97,619.97,619.96,619.96,67
1751484205,619.96,619.99,619.96,619.97,303
1751484210,619.97,620.0,619.97,620.0,75
1751484215,620.0,620.0,619.98,619.99,55
1751484220,619.98,619.98,619.96,619.98,139
1751484225,619.98,619.99,619.96,619.99,611
1751484230,619.98,619.99,619.97,619.99,169
1751484235,619.98,620.0,619.98,619.99,114
1751484240,619.99,620.0,619.98,619.98,66
1751484245,619.99,619.99,619.97,619.97,72
1751484250,619.97,619.98,619.96,619.97,141
1751484255,619.97,619.98,619.94,619.94,182
1751484260,619.95,619.95,619.94,619.95,72
1751484265,619.95,619.96,619.92,619.93,196
1751484270,619.92,619.98,619.92,619.98,396
1751484275,619.98,619.99,619.97,619.99,125
1751484280,619.99,619.99,619.94,619.94,103
1751484285,619.93,619.95,619.92,619.95,123
1751484290,619.95,619.95,619.93,619.94,111
1751484295,619.94,619.94,619.93,619.93,64
1751484300,619.93,619.93,619.92,619.92,266
1751484305,619.92,619.93,619.92,619.92,208
1751484310,619.92,619.92,619.9,619.92,160
1751484315,619.92,619.95,619.91,619.94,241
1751484320,619.93,619.95,619.92,619.95,156
1751484325,619.94,619.96,619.93,619.95,227
1751484330,619.95,619.97,619.94,619.96,358
1751484335,619.96,619.97,619.95,619.95,102
1751484340,619.95,619.95,619.94,619.94,78
1751484345,619.95,619.95,619.93,619.94,163
1751484350,619.94,619.95,619.93,619.95,68
1751484355,619.94,619.95,619.93,619.93,179
1751484360,619.92,619.93,619.87,619.88,408
1751484365,619.89,619.9,619.88,619.89,51
1751484370,619.9,619.9,619.89,619.89,276
1751484375,619.9,619.9,619.89,619.89,79
1751484380,619.88,619.89,619.86,619.89,317
1751484385,619.89,619.93,619.88,619.92,296
1751484390,619.9,619.9,619.86,619.87,247
1751484395,619.87,619.87,619.85,619.86,75
1751484400,619.87,619.88,619.86,619.87,410
1751484405,619.87,619.88,619.86,619.87,234
1751484410,619.87,619.89,619.87,619.88,823
1751484415,619.88,619.88,619.87,619.88,135
1751484420,619.88,619.9,619.88,619.88,68
1751484425,619.88,619.89,619.86,619.87,175
1751484430,619.86,619.86,619.83,619.85,1406
1751484435,619.84,619.84,619.77,619.8,719
1751484440,619.8,619.82,619.78,619.79,244
1751484445,619.79,619.79,619.78,619.79,126
1751484450,619.78,619.8,619.78,619.8,214
1751484455,619.79,619.8,619.77,619.78,367
1751484460,619.79,619.8,619.78,619.79,350
1751484465,619.8,619.8,619.78,619.79,105
1751484470,619.78,619.78,619.76,619.76,235
1751484475,619.76,619.76,619.74,619.75,637
1751484480,619.76,619.77,619.72,619.73,255
1751484485,619.73,619.74,619.72,619.74,221
1751484490,619.74,619.77,619.73,619.74,379
1751484495,619.74,619.76,619.74,619.76,263
1751484500,619.76,619.76,619.75,619.76,108
1751484505,619.76,619.78,619.75,619.77,176
1751484510,619.78,619.8,619.75,619.8,622
1751484515,619.79,619.8,619.79,619.8,171
1751484520,619.8,619.82,619.79,619.81,141
1751484525,619.81,619.82,619.8,619.82,148
1751484530,619.82,619.83,619.8,619.82,667
1751484535,619.82,619.82,619.78,619.79,216
1751484540,619.78,619.78,619.76,619.77,197
1751484545,619.77,619.77,619.75,619.76,162
1751484550,619.76,619.77,619.74,619.75,259
1751484555,619.75,619.76,619.75,619.75,134
1751484560,619.75,619.77,619.74,619.75,131
1751484565,619.75,619.76,619.75,619.75,61
1751484570,619.75,619.76,619.75,619.76,130
1751484575,619.76,619.77,619.75,619.76,286
1751484580,619.77,619.77,619.76,619.77,121
1751484585,619.78,619.79,619.75,619.77,216
1751484590,619.76,619.78,619.76,619.77,235
1751484595,619.77,619.79,619.76,619.76,219
1751484600,619.75,619.76,619.73,619.74,853
1751484605,619.73,619.78,619.73,619.75,684
1751484610,619.76,619.82,619.75,619.82,397
1751484615,619.82,619.88,619.82,619.86,275
1751484620,619.86,619.86,619.81,619.84,308
1751484625,619.83,619.85,619.81,619.85,257
1751484630,619.84,619.85,619.8,619.81,418
1751484635,619.82,619.83,619.78,619.78,193
1751484640,619.8,619.8,619.76,619.79,229
1751484645,619.8,619.8,619.78,619.78,110
1751484650,619.79,619.81,619.78,619.79,194
1751484655,619.78,619.84,619.78,619.81,227
1751484660,619.81,619.81,619.79,619.79,246
1751484665,619.79,619.83,619.79,619.82,438
1751484670,619.81,619.82,619.76,619.76,231
1751484675,619.76,619.76,619.74,619.74,163
1751484680,619.75,619.75,619.73,619.73,168
1751484685,619.74,619.75,619.73,619.74,133
1751484690,619.74,619.75,619.71,619.74,570
1751484695,619.74,619.76,619.73,619.76,360
1751484700,619.76,619.76,619.74,619.76,245
1751484705,619.76,619.79,619.76,619.77,363
1751484710,619.77,619.8,619.77,619.78,634
1751484715,619.79,619.81,619.78,619.8,257
1751484720,619.8,619.82,619.79,619.8,276
1751484725,619.79,619.8,619.77,619.77,160
1751484730,619.76,619.77,619.74,619.76,341
1751484735,619.76,619.79,619.75,619.78,388
1751484740,619.78,619.8,619.78,619.79,101
1751484745,619.78,619.8,619.76,619.79,149
1751484750,619.79,619.79,619.78,619.79,90
1751484755,619.79,619.8,619.78,619.78,133
1751484760,619.78,619.78,619.76,619.78,177
1751484765,619.79,619.82,619.79,619.82,368
1751484770,619.82,619.84,619.81,619.83,563
1751484775,619.84,619.85,619.83,619.84,363
1751484780,619.83,619.85,619.83,619.84,205
1751484785,619.84,619.86,619.83,619.84,95
1751484790,619.84,619.87,619.84,619.87,66
1751484795,619.86,619.92,619.85,619.92,357
1751484800,619.91,619.91,619.89,619.91,189
1751484805,619.91,619.92,619.9,619.9,180
1751484810,619.9,619.94,619.89,619.94,389
1751484815,619.94,619.95,619.93,619.94,76
1751484820,619.94,619.95,619.93,619.94,252
1751484825,619.94,619.96,619.93,619.94,292
1751484830,619.94,619.95,619.93,619.93,74
1751484835,619.93,619.94,619.92,619.93,248
1751484840,619.94,619.94,619.91,619.92,284
1751484845,619.92,619.93,619.92,619.93,164
1751484850,619.94,619.95,619.92,619.92,201
1751484855,619.92,619.92,619.91,619.91,81
1751484860,619.91,619.93,619.9,619.93,269
1751484865,619.92,619.93,619.91,619.93,187
1751484870,619.93,619.93,619.88,619.88,423
1751484875,619.88,619.89,619.88,619.88,33
1751484880,619.88,619.89,619.87,619.88,128
1751484885,619.88,619.89,619.87,619.88,195
1751484890,619.89,619.91,619.89,619.91,65
1751484895,619.9,619.92,619.9,619.9,137
1751484900,619.9,619.91,619.88,619.9,220
1751484905,619.89,619.9,619.88,619.89,87
1751484910,619.89,619.91,619.86,619.91,599
1751484915,619.91,619.91,619.89,619.91,136
1751484920,619.91,619.92,619.89,619.89,340
1751484925,619.89,619.89,619.87,619.88,121
1751484930,619.87,619.92,619.87,619.91,274
1751484935,619.9,619.95,619.9,619.95,326
1751484940,619.96,619.97,619.95,619.95,107
1751484945,619.95,619.96,619.93,619.94,153
1751484950,619.94,619.96,619.93,619.96,318
1751484955,619.96,619.99,619.96,619.97,714
1751484960,619.97,619.97,619.95,619.95,299
1751484965,619.95,619.95,619.89,619.9,318
1751484970,619.9,619.91,619.89,619.91,406
1751484975,619.9,619.9,619.86,619.88,751
1751484980,619.88,619.88,619.84,619.85,744
1751484985,619.85,619.89,619.84,619.88,271
1751484990,619.88,619.9,619.87,619.89,857
1751484995,619.88,619.91,619.88,619.9,556
1751485000,619.9,619.9,619.86,619.87,897
1751485005,619.88,619.88,619.85,619.86,224
1751485010,619.86,619.86,619.84,619.85,387
1751485015,619.85,619.86,619.83,619.83,508
1751485020,619.83,619.83,619.82,619.83,256
1751485025,619.83,619.84,619.81,619.83,452
1751485030,619.83,619.84,619.8,619.81,409
1751485035,619.81,619.81,619.78,619.79,457
1751485040,619.79,619.8,619.77,619.8,534
1751485045,619.79,619.81,619.77,619.79,150
1751485050,619.78,619.81,619.78,619.81,82
1751485055,619.8,619.8,619.77,619.78,126
1751485060,619.78,619.78,619.73,619.73,727
1751485065,619.73,619.75,619.72,619.74,1057
1751485070,619.74,619.77,619.74,619.75,190
1751485075,619.75,619.76,619.74,619.75,235
1751485080,619.75,619.77,619.75,619.75,73
1751485085,619.75,619.77,619.74,619.75,223
1751485090,619.76,619.76,619.74,619.75,363
1751485095,619.75,619.76,619.75,619.75,41
1751485100,619.76,619.76,619.74,619.74,122
1751485105,619.74,619.74,619.7,619.73,474
1751485110,619.73,619.74,619.71,619.74,139
1751485115,619.74,619.78,619.74,619.77,505
1751485120,619.78,619.8,619.77,619.79,150
1751485125,619.79,619.79,619.78,619.78,53
1751485130,619.79,619.81,619.77,619.77,307
1751485135,619.78,619.8,619.77,619.8,775
1751485140,619.8,619.81,619.79,619.8,75
1751485145,619.8,619.8,619.78,619.79,276
1751485150,619.78,619.78,619.74,619.75,169
1751485155,619.75,619.75,619.74,619.74,237
1751485160,619.74,619.77,619.73,619.76,164
1751485165,619.77,619.8,619.76,619.79,220
1751485170,619.79,619.8,619.78,619.79,113
1751485175,619.79,619.8,619.79,619.8,73
1751485180,619.79,619.79,619.76,619.76,61
1751485185,619.75,619.75,619.74,619.74,54
1751485190,619.75,619.75,619.73,619.74,183
1751485195,619.75,619.75,619.74,619.74,86
1751485200,619.74,619.74,619.71,619.72,232
1751485205,619.72,619.73,619.71,619.72,156
1751485210,619.72,619.73,619.71,619.72,193
1751485215,619.73,619.74,619.73,619.74,34
1751485220,619.74,619.75,619.73,619.74,214
1751485225,619.73,619.74,619.7,619.74,236
1751485230,619.74,619.74,619.7,619.71,125
1751485235,619.71,619.78,619.71,619.78,340
1751485240,619.78,619.84,619.78,619.81,354
1751485245,619.81,619.82,619.78,619.79,189
1751485250,619.78,619.79,619.77,619.77,398
1751485255,619.78,619.79,619.78,619.78,80
1751485260,619.79,619.81,619.78,619.8,192
1751485265,619.79,619.8,619.77,619.77,168
1751485270,619.77,619.77,619.75,619.77,82
1751485275,619.77,619.78,619.75,619.76,91
1751485280,619.77,619.77,619.76,619.77,35
1751485285,619.77,619.78,619.76,619.77,61
1751485290,619.76,619.77,619.74,619.76,268
1751485295,619.77,619.77,619.76,619.77,136
1751485300,619.77,619.77,619.75,619.77,98
1751485305,619.77,619.77,619.74,619.74,144
1751485310,619.74,619.74,619.72,619.74,412
1751485315,619.75,619.77,619.75,619.77,195
1751485320,619.77,619.77,619.71,619.71,291
1751485325,619.71,619.72,619.67,619.7,550
1751485330,619.7,619.7,619.67,619.69,142
1751485335,619.68,619.7,619.63,619.68,862
1751485340,619.68,619.69,619.66,619.67,161
1751485345,619.67,619.68,619.65,619.67,148
1751485350,619.67,619.68,619.64,619.65,270
1751485355,619.65,619.65,619.64,619.64,246
1751485360,619.63,619.64,619.61,619.62,382
1751485365,619.63,619.68,619.62,619.68,394
1751485370,619.66,619.72,619.66,619.7,421
1751485375,619.7,619.71,619.68,619.71,225
1751485380,619.7,619.7,619.64,619.64,320
1751485385,619.64,619.65,619.62,619.64,160
1751485390,619.62,619.67,619.61,619.66,286
1751485395,619.65,619.69,619.64,619.69,445
1751485400,619.68,619.69,619.65,619.68,750
1751485405,619.69,619.79,619.69,619.79,348
1751485410,619.79,619.81,619.77,619.78,168
1751485415,619.78,619.79,619.77,619.78,341
1751485420,619.78,619.82,619.78,619.81,437
1751485425,619.81,619.81,619.76,619.77,215
1751485430,619.78,619.85,619.78,619.82,308
1751485435,619.83,619.85,619.82,619.83,381
1751485440,619.82,619.85,619.82,619.84,236
1751485445,619.85,619.86,619.82,619.83,311
1751485450,619.83,619.85,619.82,619.84,370
1751485455,619.84,619.85,619.82,619.85,357
1751485460,619.84,619.86,619.83,619.85,321
1751485465,619.85,619.85,619.84,619.84,129
1751485470,619.84,619.88,619.84,619.87,280
1751485475,619.86,619.87,619.84,619.85,209
1751485480,619.85,619.88,619.83,619.88,542
1751485485,619.87,619.88,619.86,619.87,270
1751485490,619.87,619.88,619.86,619.87,306
1751485495,619.87,619.87,619.84,619.85,440
1751485500,619.85,619.9,619.83,619.89,576
1751485505,619.89,619.9,619.85,619.87,415
1751485510,619.87,619.87,619.84,619.87,242
1751485515,619.86,619.87,619.83,619.86,436
1751485520,619.85,619.86,619.85,619.85,46
1751485525,619.85,619.85,619.81,619.84,490
1751485530,619.84,619.88,619.83,619.86,332
1751485535,619.86,619.88,619.86,619.87,233
1751485540,619.88,619.88,619.85,619.87,258
1751485545,619.87,619.88,619.84,619.84,168
1751485550,619.84,619.85,619.83,619.84,240
1751485555,619.84,619.84,619.79,619.83,218
1751485560,619.82,619.84,619.81,619.81,483
1751485565,619.8,619.8,619.76,619.78,195
1751485570,619.79,619.82,619.78,619.78,301
1751485575,619.78,619.79,619.77,619.78,224
1751485580,619.79,619.79,619.76,619.78,197
1751485585,619.78,619.8,619.78,619.78,431
1751485590,619.79,619.79,619.74,619.75,303
1751485595,619.75,619.78,619.75,619.78,172
1751485600,619.77,619.78,619.74,619.75,237
1751485605,619.75,619.75,619.73,619.75,237
1751485610,619.75,619.76,619.73,619.74,227
1751485615,619.74,619.75,619.73,619.75,434
1751485620,619.75,619.78,619.75,619.78,328
1751485625,619.79,619.79,619.74,619.74,210
1751485630,619.74,619.76,619.73,619.76,127
1751485635,619.75,619.76,619.72,619.72,405
1751485640,619.71,619.78,619.71,619.78,283
1751485645,619.78,619.78,619.77,619.78,170
1751485650,619.77,619.79,619.77,619.79,250
1751485655,619.79,619.84,619.78,619.84,451
1751485660,619.84,619.84,619.81,619.81,134
1751485665,619.81,619.83,619.79,619.8,312
1751485670,619.79,619.8,619.79,619.79,496
1751485675,619.8,619.8,619.78,619.79,301
1751485680,619.79,619.81,619.79,619.79,169
1751485685,619.79,619.79,619.77,619.77,157
1751485690,619.77,619.8,619.77,619.78,228
1751485695,619.77,619.81,619.75,619.8,446
1751485700,619.81,619.84,619.8,619.82,370
1751485705,619.83,619.85,619.82,619.83,104
1751485710,619.83,619.83,619.81,619.81,540
1751485715,619.82,619.84,619.82,619.84,79
1751485720,619.83,619.83,619.81,619.81,139
1751485725,619.8,619.83,619.79,619.82,508
1751485730,619.83,619.84,619.81,619.81,135
1751485735,619.81,619.82,619.78,619.81,816
1751485740,619.81,619.82,619.8,619.81,301
1751485745,619.81,619.83,619.8,619.82,198
1751485750,619.81,619.81,619.76,619.77,151
1751485755,619.76,619.79,619.76,619.79,233
1751485760,619.79,619.83,619.78,619.83,341
1751485765,619.83,619.84,619.81,619.82,206
1751485770,619.82,619.83,619.8,619.83,286
1751485775,619.83,619.83,619.81,619.81,309
1751485780,619.81,619.84,619.8,619.82,591
1751485785,619.83,619.86,619.82,619.86,234
1751485790,619.85,619.86,619.84,619.85,186
1751485795,619.85,619.86,619.82,619.82,364
1751485800,619.82,620.07,619.79,619.89,3284
1751485805,619.88,619.94,619.87,619.92,614
1751485810,619.92,619.94,619.87,619.9,452
1751485815,619.91,619.94,619.89,619.91,313
1751485820,619.91,619.92,619.88,619.89,198
1751485825,619.89,619.9,619.81,619.81,262
1751485830,619.8,619.8,619.77,619.79,508
1751485835,619.79,619.79,619.76,619.76,911
1751485840,619.77,619.78,619.72,619.74,2181
1751485845,619.73,619.84,619.72,619.83,640
1751485850,619.83,619.87,619.82,619.87,355
1751485855,619.88,619.91,619.87,619.91,522
1751485860,619.91,619.92,619.89,619.92,564
1751485865,619.92,619.95,619.91,619.95,1079
1751485870,619.96,620.0,619.94,620.0,786
1751485875,619.99,620.01,619.98,620.0,545
1751485880,620.0,620.02,619.98,619.98,443
1751485885,619.99,620.03,619.99,620.01,387
1751485890,620.01,620.04,620.0,620.02,438
1751485895,620.02,620.03,619.99,620.03,466
1751485900,620.03,620.04,620.0,620.03,883
1751485905,620.04,620.06,620.02,620.06,211
1751485910,620.05,620.05,619.95,619.98,904
1751485915,619.99,619.99,619.97,619.98,127
1751485920,619.98,620.06,619.97,620.04,322
1751485925,620.03,620.05,620.03,620.03,175
1751485930,620.04,620.05,620.03,620.04,196
1751485935,620.03,620.05,620.02,620.04,301
1751485940,620.04,620.06,620.04,620.06,228
1751485945,620.05,620.06,620.02,620.04,609
1751485950,620.02,620.04,620.01,620.03,196
1751485955,620.03,620.04,620.02,620.02,214
1751485960,620.03,620.04,620.02,620.03,225
1751485965,620.03,620.04,620.02,620.03,407
1751485970,620.03,620.04,620.0,620.01,244
1751485975,620.01,620.02,619.98,619.99,468
1751485980,619.99,620.01,619.98,620.0,241
1751485985,620.0,620.02,619.99,620.0,148
1751485990,620.0,620.04,620.0,620.01,575
1751485995,620.01,620.02,620.0,620.01,133
1751486000,620.01,620.01,619.97,619.99,190
1751486005,619.99,619.99,619.94,619.95,429
1751486010,619.95,619.99,619.95,619.98,383
1751486015,619.99,620.01,619.97,620.0,624
1751486020,620.0,620.01,619.98,619.98,308
1751486025,619.99,620.0,619.98,620.0,175
1751486030,620.0,620.01,619.99,620.0,167
1751486035,620.0,620.01,619.95,619.97,433
1751486040,619.98,620.03,619.94,619.94,528
1751486045,619.94,619.96,619.93,619.96,169
1751486050,619.96,620.02,619.91,620.02,486
1751486055,620.01,620.02,620.0,620.01,150
1751486060,620.02,620.03,620.01,620.02,225
1751486065,620.02,620.03,620.01,620.02,167
1751486070,620.01,620.05,620.0,620.04,954
1751486075,620.04,620.13,620.03,620.09,517
1751486080,620.09,620.38,620.06,620.21,7199
1751486085,620.21,620.22,620.18,620.18,565
1751486090,620.19,620.31,620.12,620.12,1429
1751486095,620.12,620.18,620.12,620.18,358
1751486100,620.18,620.25,620.14,620.16,1895
1751486105,620.17,620.2,620.15,620.2,1046
1751486110,620.2,620.2,620.16,620.2,1281
1751486115,620.2,620.26,620.19,620.24,1219
1751486120,620.24,620.28,620.24,620.26,844
1751486125,620.27,620.28,620.23,620.27,782
1751486130,620.27,620.39,620.27,620.38,1125
1751486135,620.37,620.38,620.32,620.36,776
1751486140,620.36,620.37,620.31,620.35,792
1751486145,620.35,620.36,620.32,620.35,440
1751486150,620.36,620.37,620.34,620.35,512
1751486155,620.35,620.35,620.32,620.34,498
1751486160,620.33,620.33,620.27,620.27,910
1751486165,620.27,620.33,620.26,620.32,1064
1751486170,620.32,620.32,620.27,620.27,557
1751486175,620.27,620.3,620.27,620.3,460
1751486180,620.29,620.33,620.27,620.31,748
1751486185,620.3,620.33,620.3,620.31,489
1751486190,620.31,620.31,620.24,620.25,886
1751486195,620.25,620.28,620.25,620.27,494
1751486200,620.27,620.3,620.27,620.28,456
1751486205,620.28,620.29,620.27,620.28,321
1751486210,620.28,620.28,620.24,620.25,658
1751486215,620.25,620.26,620.24,620.25,363
1751486220,620.25,620.28,620.22,620.27,1103
1751486225,620.27,620.34,620.27,620.34,925
1751486230,620.34,620.36,620.32,620.35,929
1751486235,620.33,620.38,620.3,620.37,882
1751486240,620.36,620.38,620.34,620.35,921
1751486245,620.36,620.4,620.33,620.38,706
1751486250,620.38,620.42,620.36,620.38,1889
1751486255,620.38,620.41,620.37,620.4,789
1751486260,620.41,620.43,620.4,620.41,510
1751486265,620.41,620.42,620.36,620.37,874
1751486270,620.37,620.38,620.34,620.35,959
1751486275,620.34,620.37,620.34,620.37,794
1751486280,620.36,620.38,620.35,620.37,1628
1751486285,620.36,620.37,620.34,620.34,799
1751486290,620.34,620.36,620.31,620.32,947
1751486295,620.32,620.33,620.31,620.33,1329
1751486300,620.32,620.33,620.29,620.31,1027
1751486305,620.31,620.38,620.29,620.37,1371
1751486310,620.38,620.43,620.36,620.39,1206
1751486315,620.39,620.45,620.39,620.41,1479
1751486320,620.4,620.41,620.33,620.34,1300
1751486325,620.35,620.43,620.35,620.42,1158
1751486330,620.42,620.43,620.36,620.36,1172
1751486335,620.37,620.42,620.36,620.41,882
1751486340,620.4,620.42,620.35,620.36,1890
1751486345,620.35,620.39,620.31,620.38,1312
1751486350,620.39,620.41,620.33,620.33,1039
1751486355,620.34,620.36,620.28,620.36,1244
1751486360,620.36,620.39,620.32,620.33,1616
1751486365,620.34,620.48,620.32,620.45,3387
1751486370,620.45,620.46,620.31,620.32,4421
1751486375,620.32,620.36,620.27,620.36,3783
1751486380,620.35,620.4,620.3,620.33,3447
1751486385,620.32,620.36,620.25,620.35,3198
1751486390,620.35,620.44,620.23,620.24,9605
1751486395,620.24,620.49,620.17,620.37,5187
