Date,Open,High,Low,Close,Volume
1746711000,565.22,565.41,565.18,565.31,5824
1746711005,565.31,565.4,565.23,565.26,567
1746711010,565.28,565.29,564.97,565.06,1437
1746711015,565.11,565.13,564.9,565.06,1253
1746711020,565.07,565.22,565.04,565.22,785
1746711025,565.27,565.45,565.17,565.45,155
1746711030,565.42,565.49,565.37,565.41,314
1746711035,565.42,565.42,565.22,565.23,204
1746711040,565.26,565.4,565.16,565.4,341
1746711045,565.38,565.48,565.37,565.42,604
1746711050,565.42,565.6,565.41,565.55,625
1746711055,565.57,565.62,565.54,565.54,224
1746711060,565.54,565.58,565.4,565.43,454
1746711065,565.47,565.59,565.47,565.49,226
1746711070,565.51,565.64,565.47,565.54,380
1746711075,565.52,565.6,565.47,565.49,119
1746711080,565.51,565.56,565.36,565.37,127
1746711085,565.4,565.41,565.28,565.3,253
1746711090,565.31,565.39,565.26,565.32,113
1746711095,565.29,565.58,565.25,565.25,269
1746711100,565.29,565.34,565.23,565.26,187
1746711105,565.23,565.26,564.99,565.11,564
1746711110,565.1,565.11,564.92,565.02,266
1746711115,565.01,565.1,564.99,565.07,124
1746711120,565.06,565.17,565.06,565.14,247
1746711125,565.08,565.11,565.02,565.02,203
1746711130,565.04,565.1,565.01,565.02,126
1746711135,565.02,565.03,564.89,564.89,56
1746711140,564.9,564.9,564.76,564.81,586
1746711145,564.8,564.84,564.77,564.83,85
1746711150,564.84,564.91,564.83,564.83,215
1746711155,564.8,564.88,564.78,564.82,313
1746711160,564.83,564.83,564.75,564.77,214
1746711165,564.79,564.91,564.75,564.88,146
1746711170,564.85,564.85,564.77,564.77,189
1746711175,564.81,564.89,564.81,564.88,170
1746711180,564.87,564.87,564.78,564.83,252
1746711185,564.81,564.83,564.71,564.76,380
1746711190,564.73,564.74,564.65,564.73,140
1746711195,564.72,564.8,564.71,564.78,163
1746711200,564.77,565.0,564.75,564.96,228
1746711205,565.0,565.08,564.83,564.86,497
1746711210,564.89,564.89,564.69,564.7,187
1746711215,564.72,564.73,564.61,564.66,149
1746711220,564.64,564.65,564.59,564.61,247
1746711225,564.62,564.76,564.59,564.71,455
1746711230,564.71,564.81,564.7,564.8,186
1746711235,564.8,564.87,564.8,564.81,129
1746711240,564.8,564.89,564.76,564.78,131
1746711245,564.76,564.88,564.74,564.8,161
1746711250,564.79,564.84,564.71,564.81,306
1746711255,564.81,564.84,564.77,564.81,136
1746711260,564.83,564.86,564.75,564.82,196
1746711265,564.8,564.85,564.77,564.85,154
1746711270,564.83,564.83,564.74,564.76,127
1746711275,564.76,564.81,564.74,564.79,129
1746711280,564.79,564.8,564.7,564.7,556
1746711285,564.7,564.78,564.68,564.78,880
1746711290,564.79,564.84,564.75,564.84,340
1746711295,564.82,564.82,564.76,564.76,69
1746711300,564.72,564.92,564.66,564.86,529
1746711305,564.86,564.86,564.72,564.8,337
1746711310,564.82,564.93,564.81,564.93,246
1746711315,564.98,565.09,564.96,565.06,442
1746711320,565.05,565.16,565.02,565.05,447
1746711325,565.06,565.06,564.82,564.89,261
1746711330,564.9,565.1,564.84,565.07,187
1746711335,565.0,565.06,564.93,565.02,238
1746711340,565.01,565.03,564.92,564.98,300
1746711345,564.96,564.97,564.87,564.92,159
1746711350,564.91,564.91,564.84,564.87,148
1746711355,564.88,565.0,564.85,564.94,150
1746711360,564.93,565.04,564.9,564.95,121
1746711365,564.97,565.03,564.95,564.96,115
1746711370,564.93,565.01,564.89,564.97,131
1746711375,564.95,565.02,564.94,564.99,483
1746711380,565.05,565.1,565.01,565.08,159
1746711385,565.06,565.06,564.98,564.99,301
1746711390,564.99,564.99,564.87,564.88,111
1746711395,564.9,565.01,564.87,565.01,167
1746711400,565.07,565.07,564.97,564.99,90
1746711405,564.99,565.01,564.92,564.98,164
1746711410,564.97,565.05,564.95,564.95,385
1746711415,564.93,564.93,564.87,564.93,163
1746711420,564.9,564.93,564.86,564.92,116
1746711425,564.9,564.91,564.82,564.82,57
1746711430,564.82,564.82,564.73,564.8,344
1746711435,564.79,564.92,564.79,564.92,147
1746711440,564.9,564.95,564.83,564.89,169
1746711445,564.89,564.9,564.85,564.89,75
1746711450,564.87,564.92,564.87,564.92,51
1746711455,564.93,565.0,564.89,564.9,143
1746711460,564.93,564.95,564.88,564.88,45
1746711465,564.88,564.89,564.78,564.87,125
1746711470,564.9,564.99,564.88,564.99,227
1746711475,564.97,565.05,564.96,565.05,270
1746711480,565.06,565.06,564.89,564.9,397
1746711485,564.89,564.92,564.81,564.85,144
1746711490,564.86,564.89,564.6,564.63,174
1746711495,564.65,564.68,564.58,564.58,1191
1746711500,564.6,564.61,564.42,564.51,627
1746711505,564.51,564.57,564.5,564.51,225
1746711510,564.5,564.53,564.38,564.39,386
1746711515,564.39,564.44,564.3,564.3,134
1746711520,564.33,564.53,564.32,564.48,220
1746711525,564.47,564.54,564.46,564.47,167
1746711530,564.47,564.52,564.43,564.44,170
1746711535,564.45,564.45,564.36,564.39,95
1746711540,564.42,564.48,564.38,564.38,281
1746711545,564.4,564.48,564.39,564.47,102
1746711550,564.46,564.47,564.39,564.39,57
1746711555,564.38,564.38,564.32,564.34,341
1746711560,564.35,564.37,564.3,564.31,723
1746711565,564.28,564.31,564.23,564.3,116
1746711570,564.3,564.32,564.16,564.18,205
1746711575,564.18,564.24,564.17,564.24,84
1746711580,564.26,564.29,564.23,564.23,274
1746711585,564.26,564.29,564.17,564.19,49
1746711590,564.18,564.21,564.14,564.21,179
1746711595,564.21,564.23,564.16,564.23,357
1746711600,564.23,564.37,564.23,564.31,182
1746711605,564.33,564.6,564.32,564.58,470
1746711610,564.58,564.67,564.57,564.58,209
1746711615,564.61,564.61,564.45,564.45,204
1746711620,564.45,564.46,564.26,564.35,215
1746711625,564.36,564.55,564.36,564.51,42
1746711630,564.5,564.54,564.47,564.5,111
1746711635,564.52,564.76,564.52,564.76,318
1746711640,564.74,564.78,564.72,564.77,311
1746711645,564.83,564.86,564.76,564.82,553
1746711650,564.82,564.92,564.82,564.86,209
1746711655,564.82,564.82,564.65,564.7,110
1746711660,564.67,564.75,564.63,564.67,172
1746711665,564.71,564.77,564.71,564.73,74
1746711670,564.79,564.79,564.66,564.68,146
1746711675,564.65,564.65,564.47,564.5,61
1746711680,564.57,564.69,564.56,564.67,119
1746711685,564.69,564.8,564.69,564.79,76
1746711690,564.77,564.83,564.75,564.83,55
1746711695,564.82,564.92,564.82,564.9,112
1746711700,564.92,565.01,564.89,564.91,342
1746711705,564.93,564.96,564.92,564.93,73
1746711710,564.95,564.95,564.8,564.8,198
1746711715,564.78,564.91,564.77,564.87,134
1746711720,564.88,564.97,564.87,564.95,96
1746711725,564.93,565.02,564.92,564.96,341
1746711730,564.92,564.93,564.83,564.84,100
1746711735,564.85,564.85,564.78,564.79,79
1746711740,564.79,564.95,564.78,564.82,172
1746711745,564.78,564.9,564.77,564.86,252
1746711750,564.85,564.92,564.82,564.89,155
1746711755,564.9,564.92,564.87,564.88,157
1746711760,564.89,564.89,564.75,564.78,121
1746711765,564.82,564.82,564.7,564.71,173
1746711770,564.72,564.81,564.64,564.65,262
1746711775,564.64,564.69,564.58,564.58,115
1746711780,564.62,564.69,564.61,564.64,37
1746711785,564.64,564.68,564.59,564.64,240
1746711790,564.63,564.73,564.62,564.71,182
1746711795,564.72,564.74,564.69,564.73,405
1746711800,564.73,564.79,564.69,564.79,274
1746711805,564.78,564.82,564.76,564.76,107
1746711810,564.75,564.77,564.73,564.76,80
1746711815,564.79,564.8,564.7,564.72,113
1746711820,564.78,564.96,564.78,564.93,152
1746711825,564.93,564.93,564.87,564.87,91
1746711830,564.87,564.91,564.85,564.89,45
1746711835,564.89,564.89,564.87,564.88,462
1746711840,564.88,564.93,564.82,564.82,81
1746711845,564.85,564.88,564.81,564.84,45
1746711850,564.86,564.88,564.78,564.79,87
1746711855,564.8,564.83,564.75,564.81,140
1746711860,564.8,564.8,564.74,564.75,53
1746711865,564.76,564.79,564.74,564.78,36
1746711870,564.79,564.87,564.78,564.84,46
1746711875,564.79,564.8,564.73,564.79,41
1746711880,564.76,564.79,564.7,564.75,59
1746711885,564.77,564.86,564.77,564.85,36
1746711890,564.85,564.85,564.75,564.77,66
1746711895,564.81,564.83,564.81,564.82,15
1746711900,564.84,564.84,564.7,564.76,118
1746711905,564.78,564.79,564.7,564.75,124
1746711910,564.76,564.77,564.55,564.59,298
1746711915,564.57,564.68,564.56,564.68,101
1746711920,564.7,564.7,564.63,564.7,94
1746711925,564.68,564.79,564.65,564.79,52
1746711930,564.74,564.74,564.6,564.6,25
1746711935,564.55,564.58,564.51,564.53,37
1746711940,564.58,564.58,564.5,564.5,32
1746711945,564.5,564.52,564.43,564.52,376
1746711950,564.52,564.61,564.5,564.61,103
1746711955,564.58,564.58,564.53,564.56,52
1746711960,564.54,564.58,564.53,564.54,218
1746711965,564.56,564.62,564.53,564.62,183
1746711970,564.63,564.66,564.6,564.6,166
1746711975,564.62,564.66,564.6,564.63,102
1746711980,564.62,564.62,564.57,564.62,42
1746711985,564.62,564.63,564.57,564.58,60
1746711990,564.55,564.58,564.51,564.54,90
1746711995,564.55,564.65,564.55,564.64,74
1746712000,564.64,564.66,564.59,564.61,46
1746712005,564.64,564.66,564.62,564.63,36
1746712010,564.63,564.64,564.51,564.51,227
1746712015,564.52,564.54,564.42,564.45,197
1746712020,564.45,564.46,564.41,564.44,567
1746712025,564.44,564.49,564.38,564.38,184
1746712030,564.38,564.43,564.32,564.32,72
1746712035,564.3,564.31,564.18,564.2,967
1746712040,564.25,564.3,564.24,564.28,521
1746712045,564.29,564.35,564.29,564.35,81
1746712050,564.35,564.35,564.27,564.29,117
1746712055,564.33,564.34,564.27,564.29,49
1746712060,564.3,564.33,564.29,564.3,143
1746712065,564.29,564.33,564.27,564.27,284
1746712070,564.27,564.31,564.24,564.3,71
1746712075,564.3,564.42,564.3,564.42,110
1746712080,564.34,564.39,564.31,564.32,65
1746712085,564.31,564.37,564.3,564.33,86
1746712090,564.34,564.34,564.14,564.14,366
1746712095,564.13,564.19,564.13,564.15,212
1746712100,564.13,564.16,564.06,564.15,409
1746712105,564.18,564.24,564.17,564.19,33
1746712110,564.14,564.16,564.03,564.06,101
1746712115,564.04,564.06,563.89,563.99,383
1746712120,563.99,564.02,563.97,563.98,246
1746712125,563.93,563.95,563.93,563.93,103
1746712130,563.94,563.97,563.94,563.94,114
1746712135,563.95,563.98,563.94,563.98,327
1746712140,563.96,564.03,563.93,563.93,115
1746712145,563.93,563.97,563.93,563.93,121
1746712150,563.94,563.94,563.76,563.77,266
1746712155,563.77,563.78,563.57,563.59,174
1746712160,563.56,563.77,563.56,563.71,315
1746712165,563.75,563.79,563.72,563.72,239
1746712170,563.75,563.78,563.69,563.69,122
1746712175,563.64,563.7,563.61,563.7,211
1746712180,563.69,563.73,563.68,563.73,71
1746712185,563.73,563.74,563.69,563.7,188
1746712190,563.74,563.81,563.74,563.8,95
1746712195,563.77,563.85,563.77,563.85,106
1746712200,563.87,563.87,563.77,563.82,183
1746712205,563.81,563.88,563.67,563.67,148
1746712210,563.67,563.7,563.62,563.63,96
1746712215,563.64,563.73,563.63,563.73,96
1746712220,563.73,563.78,563.67,563.71,252
1746712225,563.71,563.76,563.69,563.7,75
1746712230,563.71,563.77,563.61,563.71,175
1746712235,563.69,563.69,563.63,563.64,347
1746712240,563.63,563.72,563.63,563.66,156
1746712245,563.63,563.7,563.63,563.7,90
1746712250,563.72,563.83,563.72,563.79,192
1746712255,563.77,563.89,563.75,563.88,164
1746712260,563.89,563.97,563.84,563.93,249
1746712265,563.93,564.06,563.93,563.93,471
1746712270,563.94,564.0,563.9,564.0,164
1746712275,563.99,564.04,563.98,563.98,221
1746712280,563.9,564.0,563.88,563.97,1216
1746712285,563.98,564.05,563.95,564.04,150
1746712290,564.06,564.2,564.06,564.12,218
1746712295,564.13,564.21,564.11,564.21,436
1746712300,564.19,564.19,564.11,564.15,71
1746712305,564.16,564.18,564.14,564.17,103
1746712310,564.16,564.17,564.1,564.1,76
1746712315,564.1,564.14,564.09,564.14,259
1746712320,564.13,564.13,564.01,564.06,564
1746712325,564.05,564.09,564.03,564.08,121
1746712330,564.11,564.11,564.05,564.05,104
1746712335,564.04,564.1,564.04,564.1,30
1746712340,564.12,564.13,564.0,564.0,114
1746712345,563.91,563.91,563.67,563.68,155
1746712350,563.66,563.76,563.6,563.73,224
1746712355,563.74,563.85,563.73,563.85,202
1746712360,563.85,563.85,563.75,563.79,463
1746712365,563.82,563.93,563.79,563.85,84
1746712370,563.87,563.87,563.82,563.83,30
1746712375,563.85,563.89,563.85,563.89,16
1746712380,563.88,563.89,563.81,563.83,41
1746712385,563.85,563.85,563.76,563.85,70
1746712390,563.85,564.0,563.85,564.0,55
1746712395,564.0,564.03,563.99,564.02,42
1746712400,564.01,564.02,563.89,563.89,133
1746712405,563.88,563.93,563.86,563.93,51
1746712410,563.93,563.94,563.83,563.84,75
1746712415,563.86,563.9,563.86,563.89,51
1746712420,563.91,563.93,563.82,563.83,835
1746712425,563.83,563.89,563.82,563.89,159
1746712430,563.89,563.9,563.83,563.83,49
1746712435,563.84,563.91,563.84,563.89,36
1746712440,563.88,563.94,563.88,563.92,12
1746712445,563.88,563.89,563.87,563.87,100
1746712450,563.86,563.91,563.86,563.9,43
1746712455,563.97,564.04,563.97,564.0,118
1746712460,564.0,564.0,563.95,563.98,23
1746712465,563.97,563.99,563.85,563.89,37
1746712470,563.89,563.9,563.85,563.89,25
1746712475,563.9,563.91,563.84,563.86,40
1746712480,563.86,563.92,563.86,563.9,29
1746712485,563.92,563.92,563.87,563.89,111
1746712490,563.88,563.93,563.86,563.9,60
1746712495,563.91,563.95,563.91,563.94,62
1746712500,563.91,563.94,563.85,563.89,67
1746712505,563.92,563.92,563.89,563.89,38
1746712510,563.89,563.9,563.83,563.84,82
1746712515,563.84,563.91,563.84,563.88,20
1746712520,563.89,563.89,563.84,563.87,64
1746712525,563.85,563.91,563.85,563.91,10
1746712530,563.91,563.98,563.91,563.98,187
1746712535,563.98,564.15,563.98,564.12,282
1746712540,564.13,564.18,564.12,564.17,84
1746712545,564.17,564.18,564.13,564.13,189
1746712550,564.12,564.16,564.11,564.13,115
1746712555,564.1,564.11,564.08,564.09,62
1746712560,564.09,564.14,564.09,564.12,71
1746712565,564.12,564.18,564.1,564.1,62
1746712570,564.18,564.42,564.18,564.38,381
1746712575,564.39,564.45,564.27,564.44,407
1746712580,564.39,564.45,564.37,564.37,178
1746712585,564.36,564.36,564.27,564.27,457
1746712590,564.32,564.37,564.26,564.26,60
1746712595,564.33,564.38,564.29,564.38,141
1746712600,564.37,564.43,564.37,564.39,422
1746712605,564.37,564.39,564.34,564.34,177
1746712610,564.38,564.45,564.37,564.42,71
1746712615,564.42,564.45,564.37,564.44,91
1746712620,564.46,564.48,564.39,564.41,126
1746712625,564.39,564.48,564.38,564.47,77
1746712630,564.47,564.49,564.36,564.45,110
1746712635,564.45,564.48,564.43,564.48,98
1746712640,564.48,564.58,564.44,564.55,98
1746712645,564.56,564.57,564.49,564.52,126
1746712650,564.5,564.53,564.49,564.52,244
1746712655,564.55,564.58,564.46,564.46,238
1746712660,564.44,564.56,564.42,564.56,68
1746712665,564.56,564.68,564.53,564.62,1493
1746712670,564.61,564.64,564.58,564.6,289
1746712675,564.58,564.63,564.58,564.6,315
1746712680,564.6,564.62,564.57,564.59,589
1746712685,564.59,564.59,564.48,564.52,532
1746712690,564.52,564.55,564.51,564.53,176
1746712695,564.51,564.51,564.41,564.41,87
1746712700,564.4,564.4,564.3,564.3,291
1746712705,564.28,564.29,564.13,564.15,351
1746712710,564.14,564.15,563.93,564.02,678
1746712715,564.01,564.08,563.97,564.07,524
1746712720,564.09,564.12,564.08,564.11,104
1746712725,564.12,564.14,564.04,564.05,108
1746712730,564.03,564.06,564.0,564.05,55
1746712735,564.02,564.03,564.0,564.01,26
1746712740,563.97,564.04,563.93,564.01,107
1746712745,563.97,564.07,563.97,564.05,87
1746712750,564.03,564.06,563.99,564.06,149
1746712755,564.08,564.16,564.08,564.15,93
1746712760,564.13,564.15,564.11,564.14,95
1746712765,564.15,564.16,564.09,564.1,254
1746712770,564.09,564.09,564.02,564.05,82
1746712775,564.05,564.14,564.04,564.06,107
1746712780,564.07,564.12,564.07,564.11,40
1746712785,564.12,564.14,564.06,564.07,77
1746712790,564.06,564.11,564.04,564.1,100
1746712795,564.11,564.14,564.11,564.13,98
1746712800,564.14,564.16,564.0,564.03,216
1746712805,564.05,564.08,564.0,564.05,154
1746712810,564.05,564.12,563.97,564.04,86
1746712815,564.04,564.09,563.91,563.97,57
1746712820,563.95,564.12,563.95,564.1,112
1746712825,564.09,564.13,564.07,564.13,72
1746712830,564.15,564.23,564.15,564.23,201
1746712835,564.23,564.27,564.21,564.26,257
1746712840,564.25,564.36,564.25,564.32,150
1746712845,564.34,564.48,564.32,564.47,112
1746712850,564.48,564.48,564.35,564.41,140
1746712855,564.4,564.41,564.37,564.38,30
1746712860,564.36,564.44,564.36,564.39,95
1746712865,564.4,564.48,564.38,564.43,613
1746712870,564.43,564.45,564.42,564.43,148
1746712875,564.46,564.46,564.42,564.43,91
1746712880,564.43,564.43,564.35,564.4,150
1746712885,564.42,564.47,564.42,564.47,37
1746712890,564.47,564.54,564.46,564.54,1054
1746712895,564.52,564.54,564.43,564.54,154
1746712900,564.53,564.62,564.49,564.62,112
1746712905,564.65,564.67,564.62,564.66,398
1746712910,564.67,564.67,564.63,564.64,67
1746712915,564.65,564.74,564.65,564.73,189
1746712920,564.72,564.83,564.68,564.69,545
1746712925,564.71,564.75,564.66,564.67,191
1746712930,564.69,564.69,564.6,564.66,202
1746712935,564.65,564.65,564.52,564.53,173
1746712940,564.52,564.65,564.52,564.63,125
1746712945,564.67,564.71,564.64,564.66,195
1746712950,564.67,564.7,564.66,564.7,54
1746712955,564.7,564.76,564.69,564.73,405
1746712960,564.73,564.73,564.7,564.71,199
1746712965,564.71,564.72,564.63,564.64,169
1746712970,564.65,564.66,564.57,564.6,82
1746712975,564.62,564.65,564.62,564.63,65
1746712980,564.64,564.65,564.61,564.65,199
1746712985,564.64,564.7,564.62,564.62,142
1746712990,564.63,564.65,564.61,564.64,91
1746712995,564.68,564.7,564.58,564.59,63
1746713000,564.61,564.65,564.61,564.63,45
1746713005,564.61,564.62,564.59,564.62,69
1746713010,564.62,564.62,564.55,564.56,75
1746713015,564.61,564.65,564.61,564.64,116
1746713020,564.64,564.7,564.64,564.64,110
1746713025,564.61,564.7,564.61,564.67,70
1746713030,564.65,564.67,564.63,564.63,190
1746713035,564.61,564.62,564.53,564.53,187
1746713040,564.56,564.67,564.55,564.65,84
1746713045,564.64,564.67,564.63,564.63,77
1746713050,564.63,564.7,564.63,564.67,96
1746713055,564.67,564.69,564.59,564.64,90
1746713060,564.63,564.65,564.6,564.61,283
1746713065,564.6,564.6,564.53,564.54,115
1746713070,564.55,564.55,564.47,564.52,152
1746713075,564.52,564.56,564.51,564.56,97
1746713080,564.6,564.6,564.46,564.48,101
1746713085,564.47,564.47,564.29,564.29,418
1746713090,564.28,564.34,564.27,564.31,177
1746713095,564.32,564.41,564.3,564.39,380
1746713100,564.39,564.43,564.32,564.35,521
1746713105,564.32,564.43,564.32,564.4,149
1746713110,564.4,564.4,564.3,564.3,138
1746713115,564.29,564.34,564.25,564.34,53
1746713120,564.33,564.34,564.23,564.23,100
1746713125,564.25,564.27,564.12,564.23,396
1746713130,564.2,564.28,564.2,564.21,117
1746713135,564.24,564.24,564.2,564.2,55
1746713140,564.22,564.25,564.2,564.23,61
1746713145,564.19,564.25,564.19,564.22,527
1746713150,564.21,564.23,564.15,564.2,148
1746713155,564.24,564.32,564.23,564.3,63
1746713160,564.27,564.28,564.23,564.27,43
1746713165,564.23,564.26,564.23,564.25,60
1746713170,564.25,564.27,564.24,564.26,41
1746713175,564.29,564.29,564.18,564.18,329
1746713180,564.17,564.22,564.16,564.17,71
1746713185,564.22,564.22,564.1,564.12,98
1746713190,564.12,564.12,564.0,564.05,267
1746713195,564.02,564.11,564.02,564.11,129
1746713200,564.1,564.14,564.06,564.09,174
1746713205,564.13,564.15,564.11,564.12,74
1746713210,564.13,564.18,564.11,564.11,567
1746713215,564.14,564.15,564.11,564.12,556
1746713220,564.11,564.12,564.01,564.04,545
1746713225,564.06,564.07,564.0,564.0,81
1746713230,563.92,563.96,563.85,563.91,304
1746713235,563.89,564.02,563.89,563.91,821
1746713240,563.93,564.04,563.9,564.0,63
1746713245,564.06,564.09,564.02,564.08,39
1746713250,564.07,564.22,564.04,564.21,130
1746713255,564.2,564.2,564.1,564.13,46
1746713260,564.11,564.11,563.99,563.99,63
1746713265,563.96,564.07,563.95,564.06,43
1746713270,564.07,564.07,563.92,563.98,356
1746713275,563.99,564.0,563.88,563.88,79
1746713280,563.9,563.95,563.67,563.67,223
1746713285,563.68,563.69,563.55,563.61,315
1746713290,563.66,563.74,563.6,563.6,184
1746713295,563.59,563.61,563.34,563.34,377
1746713300,563.33,563.33,563.22,563.28,202
1746713305,563.28,563.35,563.18,563.31,1003
1746713310,563.28,563.5,563.23,563.5,172
1746713315,563.51,563.52,563.37,563.43,882
1746713320,563.45,563.65,563.45,563.64,213
1746713325,563.64,563.67,563.48,563.48,347
1746713330,563.5,563.57,563.5,563.52,167
1746713335,563.52,563.57,563.49,563.57,67
1746713340,563.56,563.6,563.44,563.45,48
1746713345,563.44,563.48,563.42,563.43,34
1746713350,563.44,563.48,563.39,563.39,60
1746713355,563.43,563.43,563.24,563.24,107
1746713360,563.25,563.41,563.23,563.41,200
1746713365,563.41,563.42,563.2,563.23,366
1746713370,563.23,563.4,563.23,563.26,102
1746713375,563.27,563.4,563.26,563.37,62
1746713380,563.34,563.4,563.34,563.38,176
1746713385,563.38,563.4,563.34,563.37,50
1746713390,563.37,563.43,563.37,563.43,41
1746713395,563.44,563.57,563.44,563.47,205
1746713400,563.46,563.46,563.28,563.31,117
1746713405,563.35,563.38,563.29,563.3,768
1746713410,563.34,563.43,563.34,563.38,185
1746713415,563.4,563.44,563.31,563.31,212
1746713420,563.3,563.32,563.19,563.19,115
1746713425,563.2,563.34,563.16,563.33,93
1746713430,563.36,563.48,563.35,563.48,60
1746713435,563.49,563.53,563.47,563.52,117
1746713440,563.52,563.52,563.43,563.47,119
1746713445,563.48,563.48,563.39,563.41,120
1746713450,563.43,563.43,563.31,563.33,95
1746713455,563.31,563.37,563.31,563.34,70
1746713460,563.36,563.38,563.28,563.29,73
1746713465,563.3,563.34,563.28,563.33,79
1746713470,563.33,563.48,563.3,563.36,106
1746713475,563.39,563.42,563.39,563.42,122
1746713480,563.41,563.41,563.3,563.39,102
1746713485,563.41,563.41,563.26,563.27,66
1746713490,563.25,563.28,563.23,563.27,147
1746713495,563.26,563.26,563.17,563.19,312
1746713500,563.16,563.16,562.93,562.93,846
1746713505,562.94,563.0,562.83,562.92,314
1746713510,562.91,562.91,562.77,562.8,121
1746713515,562.79,562.8,562.7,562.74,282
1746713520,562.74,562.77,562.7,562.72,218
1746713525,562.78,562.85,562.63,562.63,179
1746713530,562.65,562.66,562.6,562.6,551
1746713535,562.63,562.64,562.56,562.6,227
1746713540,562.58,562.59,562.3,562.34,309
1746713545,562.33,562.55,562.32,562.45,263
1746713550,562.43,562.49,562.42,562.46,162
1746713555,562.47,562.66,562.45,562.63,261
1746713560,562.6,562.61,562.52,562.61,210
1746713565,562.58,562.6,562.48,562.52,132
1746713570,562.52,562.57,562.48,562.54,142
1746713575,562.52,562.64,562.48,562.61,151
1746713580,562.61,562.62,562.5,562.52,332
1746713585,562.5,562.79,562.5,562.79,191
1746713590,562.77,562.86,562.75,562.83,209
1746713595,562.83,562.83,562.73,562.78,357
1746713600,562.81,562.81,562.73,562.75,74
1746713605,562.74,562.77,562.73,562.75,38
1746713610,562.78,562.92,562.78,562.91,104
1746713615,562.93,562.96,562.84,562.84,715
1746713620,562.82,562.84,562.76,562.82,832
1746713625,562.77,562.78,562.68,562.68,708
1746713630,562.71,562.78,562.69,562.73,197
1746713635,562.69,562.73,562.66,562.7,400
1746713640,562.71,562.78,562.65,562.76,304
1746713645,562.78,563.05,562.77,563.02,443
1746713650,563.04,563.05,562.93,562.97,194
1746713655,563.0,563.06,562.99,562.99,151
1746713660,563.01,563.02,562.99,562.99,108
1746713665,563.04,563.04,562.97,562.97,96
1746713670,563.0,563.04,563.0,563.02,46
1746713675,563.01,563.02,562.92,562.93,63
1746713680,562.93,562.94,562.86,562.9,41
1746713685,562.88,562.89,562.73,562.75,220
1746713690,562.73,562.79,562.73,562.78,168
1746713695,562.77,562.85,562.77,562.83,78
1746713700,562.87,562.87,562.73,562.77,114
1746713705,562.8,562.81,562.68,562.74,153
1746713710,562.75,562.82,562.75,562.82,56
1746713715,562.82,562.87,562.77,562.79,83
1746713720,562.8,562.82,562.77,562.8,20
1746713725,562.81,562.83,562.78,562.83,17
1746713730,562.82,562.88,562.82,562.85,142
1746713735,562.86,562.97,562.86,562.97,75
1746713740,562.99,563.09,562.97,563.06,294
1746713745,563.06,563.11,563.05,563.09,213
1746713750,563.07,563.14,563.05,563.1,609
1746713755,563.07,563.11,562.97,563.02,255
1746713760,563.01,563.11,563.01,563.03,90
1746713765,563.02,563.03,562.93,563.0,135
1746713770,562.99,563.01,562.9,562.99,113
1746713775,563.0,563.0,562.92,562.96,30
1746713780,562.92,563.04,562.86,563.03,103
1746713785,563.05,563.13,563.03,563.03,110
1746713790,563.03,563.07,563.0,563.06,20
1746713795,563.07,563.2,563.07,563.11,198
1746713800,563.11,563.15,563.09,563.13,46
1746713805,563.17,563.17,563.11,563.13,25
1746713810,563.13,563.19,563.09,563.18,114
1746713815,563.2,563.28,563.18,563.27,374
1746713820,563.28,563.39,563.24,563.35,393
1746713825,563.34,563.4,563.32,563.36,165
1746713830,563.37,563.39,563.3,563.36,170
1746713835,563.37,563.38,563.33,563.35,113
1746713840,563.36,563.36,563.17,563.22,168
1746713845,563.2,563.29,563.19,563.24,162
1746713850,563.25,563.29,563.24,563.29,109
1746713855,563.31,563.31,563.15,563.18,201
1746713860,563.17,563.23,563.16,563.19,103
1746713865,563.21,563.41,563.21,563.37,81
1746713870,563.4,563.42,563.37,563.42,199
1746713875,563.42,563.53,563.42,563.5,271
1746713880,563.55,563.62,563.51,563.59,825
1746713885,563.59,563.61,563.5,563.58,241
1746713890,563.59,563.59,563.51,563.54,277
1746713895,563.55,563.6,563.51,563.53,393
1746713900,563.54,563.57,563.5,563.52,275
1746713905,563.54,563.57,563.51,563.55,134
1746713910,563.55,563.55,563.47,563.51,255
1746713915,563.5,563.53,563.46,563.51,109
1746713920,563.51,563.64,563.51,563.61,272
1746713925,563.61,563.61,563.43,563.44,189
1746713930,563.43,563.49,563.36,563.49,146
1746713935,563.49,563.51,563.41,563.45,70
1746713940,563.43,563.55,563.38,563.55,101
1746713945,563.54,563.54,563.43,563.51,272
1746713950,563.49,563.49,563.29,563.31,149
1746713955,563.3,563.34,563.29,563.3,79
1746713960,563.29,563.32,563.21,563.22,60
1746713965,563.21,563.21,563.13,563.19,209
1746713970,563.19,563.28,563.17,563.26,240
1746713975,563.3,563.39,563.3,563.39,109
1746713980,563.4,563.48,563.4,563.46,55
1746713985,563.47,563.5,563.45,563.47,77
1746713990,563.46,563.52,563.44,563.52,66
1746713995,563.56,563.58,563.5,563.57,76
1746714000,563.56,563.57,563.46,563.46,193
1746714005,563.44,563.47,563.42,563.42,212
1746714010,563.41,563.54,563.38,563.54,102
1746714015,563.51,563.73,563.51,563.71,279
1746714020,563.68,563.72,563.55,563.57,261
1746714025,563.58,563.61,563.51,563.59,682
1746714030,563.59,563.66,563.54,563.54,125
1746714035,563.51,563.62,563.49,563.54,42
1746714040,563.51,563.58,563.47,563.58,65
1746714045,563.64,563.64,563.6,563.6,32
1746714050,563.61,563.63,563.6,563.62,37
1746714055,563.61,563.62,563.57,563.62,113
1746714060,563.61,563.67,563.6,563.65,44
1746714065,563.64,563.66,563.57,563.65,98
1746714070,563.65,563.72,563.62,563.62,72
1746714075,563.63,563.67,563.63,563.67,68
1746714080,563.68,563.68,563.63,563.64,63
1746714085,563.63,563.72,563.63,563.72,35
1746714090,563.7,563.81,563.68,563.81,147
1746714095,563.82,563.93,563.79,563.9,269
1746714100,563.9,563.94,563.88,563.92,141
1746714105,563.95,564.11,563.92,564.08,355
1746714110,564.08,564.08,564.01,564.04,126
1746714115,564.04,564.07,564.03,564.07,155
1746714120,564.07,564.21,564.07,564.14,312
1746714125,564.18,564.5,564.13,564.33,1651
1746714130,564.35,564.39,564.19,564.28,295
1746714135,564.27,564.29,563.96,563.97,606
1746714140,563.99,564.08,563.95,564.08,266
1746714145,564.07,564.12,563.7,563.7,783
1746714150,563.72,563.9,563.7,563.88,753
1746714155,563.86,563.97,563.86,563.94,267
1746714160,563.96,564.08,563.96,563.99,187
1746714165,564.01,564.01,563.94,563.98,57
1746714170,563.95,563.95,563.77,563.78,875
1746714175,563.76,563.78,563.72,563.74,146
1746714180,563.76,563.85,563.76,563.81,254
1746714185,563.84,563.87,563.76,563.8,329
1746714190,563.81,564.09,563.81,564.09,359
1746714195,564.08,564.14,564.06,564.11,347
1746714200,564.1,564.11,563.87,563.9,185
1746714205,563.91,563.92,563.81,563.84,199
1746714210,563.87,563.89,563.6,563.6,552
1746714215,563.6,563.6,563.46,563.5,657
1746714220,563.5,563.56,563.48,563.56,212
1746714225,563.6,563.86,563.55,563.8,701
1746714230,563.78,563.86,563.71,563.71,270
1746714235,563.7,563.73,563.58,563.64,155
1746714240,563.6,563.67,563.5,563.67,304
1746714245,563.68,563.9,563.68,563.9,264
1746714250,563.85,563.91,563.85,563.89,201
1746714255,563.88,563.89,563.82,563.83,93
1746714260,563.81,563.86,563.79,563.83,46
1746714265,563.8,563.86,563.79,563.85,47
1746714270,563.88,563.93,563.87,563.91,238
1746714275,563.88,563.93,563.88,563.89,122
1746714280,563.89,563.89,563.7,563.8,235
1746714285,563.82,563.83,563.77,563.81,34
1746714290,563.77,563.86,563.77,563.85,101
1746714295,563.84,563.88,563.8,563.85,206
1746714300,563.87,563.87,563.75,563.77,194
1746714305,563.77,563.89,563.74,563.85,116
1746714310,563.86,564.11,563.84,564.1,1158
1746714315,564.12,564.21,564.05,564.14,459
1746714320,564.14,564.34,564.13,564.27,638
1746714325,564.28,564.33,564.18,564.21,212
1746714330,564.21,564.21,564.13,564.15,30
1746714335,564.24,564.33,564.23,564.3,199
1746714340,564.26,564.28,564.17,564.23,267
1746714345,564.25,564.25,564.15,564.19,146
1746714350,564.2,564.27,564.17,564.22,155
1746714355,564.24,564.24,564.17,564.19,57
1746714360,564.2,564.23,564.19,564.23,34
1746714365,564.16,564.28,564.16,564.27,62
1746714370,564.26,564.28,564.2,564.2,45
1746714375,564.15,564.24,564.13,564.2,41
1746714380,564.22,564.32,564.22,564.28,57
1746714385,564.31,564.31,564.2,564.21,48
1746714390,564.24,564.31,564.22,564.28,53
1746714395,564.23,564.27,564.22,564.26,115
1746714400,564.25,564.28,564.23,564.28,24
1746714405,564.29,564.29,564.17,564.18,263
1746714410,564.25,564.27,564.24,564.27,15
1746714415,564.24,564.28,564.24,564.28,21
1746714420,564.3,564.39,564.29,564.33,398
1746714425,564.35,564.36,564.27,564.27,50
1746714430,564.29,564.38,564.29,564.38,236
1746714435,564.37,564.4,564.2,564.27,904
1746714440,564.26,564.37,564.26,564.37,308
1746714445,564.4,564.48,564.39,564.44,313
1746714450,564.45,564.55,564.43,564.52,233
1746714455,564.52,564.53,564.45,564.45,231
1746714460,564.44,564.44,564.35,564.37,229
1746714465,564.45,564.45,564.43,564.43,56
1746714470,564.44,564.47,564.36,564.41,79
1746714475,564.4,564.52,564.4,564.52,151
1746714480,564.53,564.61,564.51,564.61,502
1746714485,564.6,564.6,564.45,564.48,166
1746714490,564.49,564.49,564.33,564.33,102
1746714495,564.34,564.44,564.33,564.33,184
1746714500,564.35,564.39,564.35,564.39,82
1746714505,564.36,564.41,564.35,564.36,62
1746714510,564.38,564.39,564.24,564.27,205
1746714515,564.25,564.25,564.21,564.21,115
1746714520,564.2,564.36,564.19,564.35,110
1746714525,564.38,564.5,564.37,564.41,207
1746714530,564.43,564.46,564.38,564.46,63
1746714535,564.4,564.41,564.38,564.38,29
1746714540,564.39,564.4,564.3,564.4,361
1746714545,564.4,564.41,564.33,564.39,82
1746714550,564.41,564.43,564.39,564.42,144
1746714555,564.46,564.48,564.44,564.44,32
1746714560,564.44,564.44,564.38,564.38,47
1746714565,564.36,564.41,564.32,564.32,128
1746714570,564.36,564.43,564.35,564.4,72
1746714575,564.36,564.36,564.3,564.32,41
1746714580,564.34,564.4,564.28,564.37,454
1746714585,564.37,564.51,564.37,564.41,421
1746714590,564.42,564.46,564.4,564.45,144
1746714595,564.43,564.44,564.41,564.43,110
1746714600,564.47,564.6,564.41,564.51,399
1746714605,564.47,564.5,564.36,564.4,259
1746714610,564.37,564.46,564.36,564.37,120
1746714615,564.41,564.41,564.37,564.39,75
1746714620,564.39,564.55,564.39,564.44,204
1746714625,564.45,564.47,564.4,564.44,91
1746714630,564.45,564.47,564.42,564.45,31
1746714635,564.45,564.48,564.44,564.45,61
1746714640,564.47,564.52,564.43,564.52,63
1746714645,564.52,564.52,564.43,564.45,64
1746714650,564.49,564.5,564.38,564.38,94
1746714655,564.32,564.47,564.31,564.45,78
1746714660,564.43,564.53,564.41,564.41,252
1746714665,564.39,564.51,564.39,564.47,260
1746714670,564.46,564.47,564.43,564.44,122
1746714675,564.38,564.41,564.36,564.4,72
1746714680,564.37,564.38,564.26,564.27,150
1746714685,564.27,564.36,564.25,564.25,132
1746714690,564.24,564.38,564.23,564.37,75
1746714695,564.34,564.39,564.34,564.37,48
1746714700,564.35,564.46,564.35,564.46,64
1746714705,564.46,564.51,564.45,564.48,69
1746714710,564.48,564.48,564.37,564.38,93
1746714715,564.37,564.37,564.35,564.37,73
1746714720,564.38,564.45,564.35,564.42,150
1746714725,564.39,564.4,564.31,564.32,364
1746714730,564.32,564.42,564.32,564.4,66
1746714735,564.4,564.45,564.38,564.45,71
1746714740,564.47,564.65,564.47,564.62,192
1746714745,564.62,564.67,564.62,564.67,283
1746714750,564.67,564.69,564.65,564.68,230
1746714755,564.69,564.83,564.69,564.78,383
1746714760,564.79,564.98,564.73,564.77,582
1746714765,564.81,564.92,564.81,564.92,109
1746714770,564.92,564.92,564.86,564.88,112
1746714775,564.89,564.9,564.75,564.76,76
1746714780,564.87,564.93,564.84,564.9,106
1746714785,564.89,564.98,564.87,564.9,189
1746714790,564.88,564.95,564.87,564.95,189
1746714795,564.95,564.98,564.92,564.93,175
1746714800,564.91,564.93,564.85,564.85,199
1746714805,564.85,564.98,564.85,564.95,271
1746714810,564.95,564.96,564.91,564.93,167
1746714815,564.96,564.99,564.93,564.99,140
1746714820,564.98,565.07,564.97,565.0,566
1746714825,564.99,565.04,564.98,565.01,102
1746714830,565.02,565.03,565.01,565.03,180
1746714835,565.02,565.08,565.02,565.05,267
1746714840,565.06,565.16,565.06,565.16,347
1746714845,565.15,565.15,565.06,565.13,176
1746714850,565.12,565.13,565.09,565.09,82
1746714855,565.08,565.14,565.08,565.12,108
1746714860,565.13,565.14,565.12,565.13,89
1746714865,565.13,565.14,564.91,564.91,228
1746714870,564.94,564.95,564.9,564.93,149
1746714875,564.93,564.95,564.91,564.93,103
1746714880,564.94,564.99,564.91,564.95,198
1746714885,564.97,564.97,564.86,564.89,325
1746714890,564.87,564.88,564.81,564.81,185
1746714895,564.82,564.83,564.68,564.7,586
1746714900,564.7,564.92,564.47,564.83,5831
1746714905,564.85,564.89,564.71,564.74,377
1746714910,564.75,564.79,564.72,564.78,72
1746714915,564.76,564.79,564.75,564.76,67
1746714920,564.76,564.83,564.7,564.7,54
1746714925,564.7,564.74,564.66,564.71,215
1746714930,564.69,564.73,564.68,564.73,41
1746714935,564.73,564.8,564.72,564.72,180
1746714940,564.74,564.77,564.57,564.58,418
1746714945,564.55,564.65,564.53,564.63,329
1746714950,564.63,564.63,564.6,564.6,31
1746714955,564.61,564.62,564.55,564.58,66
1746714960,564.57,564.59,564.49,564.49,522
1746714965,564.5,564.51,564.47,564.47,122
1746714970,564.46,564.46,564.27,564.36,342
1746714975,564.37,564.37,564.16,564.16,346
1746714980,564.14,564.17,564.04,564.1,451
1746714985,564.11,564.11,564.04,564.06,94
1746714990,564.06,564.18,564.06,564.18,101
1746714995,564.16,564.19,564.13,564.18,132
1746715000,564.19,564.28,564.16,564.27,95
1746715005,564.29,564.3,564.17,564.22,78
1746715010,564.21,564.24,564.16,564.24,64
1746715015,564.23,564.23,564.14,564.16,98
1746715020,564.13,564.14,564.0,564.03,240
1746715025,564.03,564.09,563.96,564.02,471
1746715030,564.11,564.13,563.96,563.97,260
1746715035,563.98,563.98,563.68,563.68,803
1746715040,563.67,563.74,563.58,563.69,684
1746715045,563.68,563.93,563.66,563.92,95
1746715050,563.94,563.94,563.82,563.89,81
1746715055,563.9,564.07,563.88,564.01,456
1746715060,563.98,563.98,563.84,563.91,166
1746715065,563.95,564.14,563.94,564.06,476
1746715070,564.05,564.08,564.05,564.06,293
1746715075,564.05,564.11,564.05,564.06,39
1746715080,563.99,564.0,563.94,563.94,94
1746715085,563.91,564.01,563.91,563.98,56
1746715090,564.03,564.05,564.01,564.03,153
1746715095,564.14,564.14,564.01,564.07,152
1746715100,564.06,564.09,563.89,563.89,68
1746715105,563.96,563.99,563.92,563.92,56
1746715110,563.88,563.9,563.85,563.86,70
1746715115,563.88,563.88,563.79,563.82,251
1746715120,563.87,563.87,563.83,563.84,8
1746715125,563.88,563.96,563.87,563.9,40
1746715130,563.93,563.93,563.92,563.93,19
1746715135,563.94,563.99,563.93,563.98,27
1746715140,563.97,564.01,563.96,563.97,351
1746715145,564.0,564.06,563.95,564.04,172
1746715150,564.01,564.07,563.98,564.04,82
1746715155,564.02,564.03,563.96,563.97,35
1746715160,564.01,564.08,564.01,564.01,99
1746715165,563.98,563.98,563.93,563.97,91
1746715170,564.0,564.0,563.99,563.99,12
1746715175,563.98,563.98,563.92,563.92,76
1746715180,563.98,563.99,563.86,563.87,95
1746715185,563.89,563.94,563.78,563.78,241
1746715190,563.79,563.8,563.75,563.75,59
1746715195,563.76,563.77,563.66,563.68,50
1746715200,563.7,563.74,563.63,563.64,123
1746715205,563.65,563.65,563.58,563.58,197
1746715210,563.6,563.6,563.5,563.52,252
1746715215,563.53,563.77,563.53,563.76,106
1746715220,563.79,563.79,563.7,563.7,125
1746715225,563.72,563.75,563.7,563.73,49
1746715230,563.63,563.63,563.53,563.58,126
1746715235,563.66,563.77,563.66,563.77,91
1746715240,563.72,563.74,563.67,563.69,95
1746715245,563.7,563.76,563.69,563.74,117
1746715250,563.75,563.81,563.73,563.8,236
1746715255,563.81,564.02,563.8,563.99,640
1746715260,563.99,564.12,563.99,564.06,470
1746715265,564.06,564.1,564.0,564.03,141
1746715270,564.0,564.01,563.92,563.95,55
1746715275,563.98,563.99,563.92,563.92,44
1746715280,563.89,563.93,563.84,563.87,292
1746715285,563.88,563.9,563.8,563.88,78
1746715290,563.93,563.96,563.89,563.89,113
1746715295,563.87,563.91,563.85,563.86,68
1746715300,563.91,564.06,563.91,564.02,170
1746715305,564.0,564.01,563.96,563.98,40
1746715310,564.01,564.01,563.94,563.95,63
1746715315,563.87,563.94,563.84,563.9,73
1746715320,563.9,563.92,563.9,563.91,22
1746715325,563.95,563.98,563.9,563.98,15
1746715330,563.79,563.79,563.62,563.62,118
1746715335,563.62,563.7,563.6,563.68,28
1746715340,563.64,563.66,563.63,563.65,37
1746715345,563.67,563.79,563.66,563.7,41
1746715350,563.69,563.84,563.68,563.77,67
1746715355,563.76,563.82,563.75,563.82,94
1746715360,563.82,563.83,563.78,563.81,24
1746715365,563.83,563.89,563.82,563.89,73
1746715370,563.82,563.84,563.77,563.77,40
1746715375,563.77,563.77,563.77,563.77,0
1746715380,563.82,563.85,563.81,563.84,67
1746715385,563.79,563.83,563.78,563.82,35
1746715390,563.87,563.95,563.87,563.92,93
1746715395,563.89,563.94,563.87,563.87,38
1746715400,563.86,563.87,563.86,563.87,48
1746715405,563.83,563.83,563.78,563.78,25
1746715410,563.76,563.82,563.69,563.82,277
1746715415,563.77,563.77,563.7,563.75,89
1746715420,563.72,563.72,563.62,563.64,140
1746715425,563.65,563.73,563.65,563.67,79
1746715430,563.64,563.7,563.64,563.64,42
1746715435,563.66,563.67,563.6,563.65,31
1746715440,563.7,563.7,563.53,563.53,99
1746715445,563.5,563.54,563.45,563.49,173
1746715450,563.53,563.53,563.47,563.47,30
1746715455,563.37,563.37,563.31,563.33,112
1746715460,563.32,563.44,563.27,563.35,138
1746715465,563.35,563.5,563.35,563.47,18
1746715470,563.62,563.77,563.61,563.67,209
1746715475,563.69,563.78,563.69,563.77,105
1746715480,563.76,563.81,563.76,563.77,67
1746715485,563.8,563.88,563.79,563.86,49
1746715490,563.9,563.92,563.88,563.92,20
1746715495,563.93,564.01,563.93,563.94,540
1746715500,564.0,564.0,563.85,563.85,207
1746715505,563.88,563.91,563.85,563.9,108
1746715510,563.9,564.01,563.9,563.96,217
1746715515,564.0,564.08,563.98,564.04,153
1746715520,563.99,564.05,563.93,563.94,96
1746715525,563.93,563.93,563.74,563.8,299
1746715530,563.81,563.87,563.8,563.87,65
1746715535,563.86,563.87,563.79,563.84,57
1746715540,563.85,563.91,563.84,563.87,120
1746715545,563.85,563.86,563.77,563.8,58
1746715550,563.83,563.85,563.73,563.73,186
1746715555,563.73,563.74,563.67,563.68,66
1746715560,563.68,563.68,563.42,563.46,399
1746715565,563.47,563.5,563.42,563.44,133
1746715570,563.47,563.47,563.39,563.39,76
1746715575,563.37,563.51,563.37,563.46,111
1746715580,563.45,563.55,563.45,563.55,40
1746715585,563.56,563.68,563.56,563.67,89
1746715590,563.66,563.66,563.51,563.53,118
1746715595,563.68,563.69,563.63,563.67,27
1746715600,563.66,563.67,563.59,563.61,27
1746715605,563.58,563.61,563.56,563.61,115
1746715610,563.59,563.59,563.55,563.57,163
1746715615,563.59,563.63,563.56,563.56,74
1746715620,563.55,563.57,563.51,563.54,130
1746715625,563.54,563.69,563.54,563.67,75
1746715630,563.67,563.72,563.6,563.71,114
1746715635,563.71,563.73,563.66,563.72,123
1746715640,563.72,563.72,563.53,563.6,80
1746715645,563.56,563.56,563.47,563.51,47
1746715650,563.52,563.59,563.52,563.54,111
1746715655,563.53,563.63,563.52,563.62,54
1746715660,563.64,563.64,563.59,563.64,67
1746715665,563.64,563.65,563.63,563.64,41
1746715670,563.6,563.63,563.45,563.45,438
1746715675,563.45,563.47,563.43,563.47,108
1746715680,563.47,563.47,563.29,563.3,407
1746715685,563.32,563.33,563.27,563.27,158
1746715690,563.33,563.37,563.29,563.31,67
1746715695,563.32,563.38,563.32,563.37,50
1746715700,563.36,563.41,563.33,563.39,44
1746715705,563.48,563.6,563.47,563.53,113
1746715710,563.5,563.54,563.5,563.53,44
1746715715,563.54,563.59,563.54,563.57,27
1746715720,563.58,563.58,563.56,563.56,10
1746715725,563.57,563.58,563.57,563.58,7
1746715730,563.6,563.63,563.55,563.62,49
1746715735,563.59,563.62,563.41,563.45,619
1746715740,563.42,563.44,563.3,563.32,86
1746715745,563.32,563.34,563.3,563.34,164
1746715750,563.36,563.36,563.24,563.25,43
1746715755,563.27,563.27,563.15,563.2,246
1746715760,563.23,563.28,563.15,563.17,198
1746715765,563.18,563.21,563.15,563.18,132
1746715770,563.17,563.23,563.17,563.2,51
1746715775,563.21,563.26,563.21,563.23,75
1746715780,563.24,563.3,563.19,563.3,69
1746715785,563.29,563.33,563.28,563.28,266
1746715790,563.28,563.35,563.28,563.35,21
1746715795,563.36,563.38,563.33,563.37,164
1746715800,563.36,563.44,563.32,563.4,78
1746715805,563.41,563.41,563.36,563.4,89
1746715810,563.4,563.44,563.36,563.4,147
1746715815,563.34,563.46,563.29,563.35,129
1746715820,563.35,563.36,563.27,563.35,138
1746715825,563.34,563.35,563.25,563.35,90
1746715830,563.34,563.35,563.3,563.35,52
1746715835,563.36,563.58,563.35,563.52,166
1746715840,563.52,563.55,563.49,563.5,306
1746715845,563.52,563.59,563.52,563.59,77
1746715850,563.61,563.67,563.58,563.61,108
1746715855,563.64,563.64,563.56,563.6,76
1746715860,563.59,563.69,563.57,563.69,176
1746715865,563.72,563.72,563.61,563.64,302
1746715870,563.63,563.72,563.61,563.68,213
1746715875,563.72,563.72,563.6,563.62,320
1746715880,563.64,563.7,563.6,563.69,91
1746715885,563.72,563.81,563.72,563.79,113
1746715890,563.77,563.88,563.77,563.88,158
1746715895,563.88,563.88,563.83,563.87,100
1746715900,563.88,563.93,563.87,563.9,285
1746715905,563.89,563.98,563.89,563.96,149
1746715910,563.97,564.08,563.97,564.07,291
1746715915,564.07,564.09,563.99,564.06,211
1746715920,564.09,564.23,564.08,564.14,215
1746715925,564.13,564.24,564.12,564.2,231
1746715930,564.18,564.2,564.13,564.19,127
1746715935,564.19,564.19,564.05,564.05,246
1746715940,564.05,564.06,563.97,564.02,178
1746715945,564.06,564.16,564.05,564.16,127
1746715950,564.17,564.24,564.16,564.24,41
1746715955,564.26,564.28,564.03,564.05,772
1746715960,564.05,564.06,563.95,564.03,445
1746715965,564.05,564.05,563.97,564.04,165
1746715970,564.04,564.07,564.02,564.07,48
1746715975,564.05,564.17,564.05,564.12,80
1746715980,564.11,564.12,564.05,564.12,70
1746715985,564.15,564.25,564.14,564.21,111
1746715990,564.21,564.25,564.15,564.15,237
1746715995,564.15,564.17,564.14,564.17,25
1746716000,564.14,564.17,563.97,564.0,215
1746716005,563.99,563.99,563.91,563.93,97
1746716010,563.93,563.94,563.68,563.68,479
1746716015,563.7,563.7,563.61,563.61,440
1746716020,563.6,563.64,563.21,563.25,913
1746716025,563.23,563.23,562.96,563.09,1459
1746716030,563.05,563.15,562.91,562.93,412
1746716035,562.9,562.98,562.81,562.95,646
1746716040,562.98,563.08,562.43,562.45,1507
1746716045,562.46,562.57,562.36,562.45,897
1746716050,562.35,562.54,562.09,562.34,1025
1746716055,562.36,562.43,562.13,562.24,1599
1746716060,562.28,562.46,562.23,562.46,388
1746716065,562.5,562.71,562.42,562.7,860
1746716070,562.71,562.72,562.55,562.55,300
1746716075,562.52,562.59,562.43,562.54,439
1746716080,562.53,562.56,562.29,562.33,931
1746716085,562.34,562.49,562.33,562.46,256
1746716090,562.52,562.64,562.49,562.62,643
1746716095,562.6,562.76,562.6,562.74,863
1746716100,562.72,562.79,562.65,562.66,308
1746716105,562.66,562.67,562.51,562.55,464
1746716110,562.51,562.55,562.28,562.31,942
1746716115,562.31,562.36,562.26,562.28,1032
1746716120,562.27,562.31,562.01,562.07,1188
1746716125,562.06,562.09,561.88,561.98,1199
1746716130,562.0,562.0,561.7,561.78,868
1746716135,561.77,561.85,561.72,561.79,659
1746716140,561.77,561.99,561.77,561.96,484
1746716145,561.93,561.93,561.76,561.81,282
1746716150,561.8,561.87,561.77,561.84,283
1746716155,561.83,561.93,561.81,561.88,493
1746716160,561.85,561.91,561.72,561.82,407
1746716165,561.79,562.04,561.72,561.97,450
1746716170,561.96,562.18,561.95,562.16,846
1746716175,562.19,562.38,562.16,562.38,841
1746716180,562.35,562.51,562.24,562.51,792
1746716185,562.5,562.79,562.5,562.78,1230
1746716190,562.75,562.77,562.5,562.51,551
1746716195,562.54,562.54,562.36,562.36,361
1746716200,562.37,562.41,562.25,562.38,353
1746716205,562.43,562.46,562.34,562.34,825
1746716210,562.32,562.41,562.28,562.38,492
1746716215,562.41,562.41,562.15,562.22,395
1746716220,562.24,562.28,562.11,562.21,342
1746716225,562.22,562.51,562.18,562.47,325
1746716230,562.5,562.68,562.5,562.64,427
1746716235,562.65,562.74,562.6,562.71,234
1746716240,562.7,562.7,562.39,562.6,177
1746716245,562.56,562.64,562.55,562.63,199
1746716250,562.68,562.96,562.67,562.9,1454
1746716255,562.89,562.91,562.65,562.67,167
1746716260,562.67,562.8,562.66,562.71,104
1746716265,562.75,562.78,562.67,562.69,171
1746716270,562.69,562.84,562.64,562.69,226
1746716275,562.7,562.77,562.68,562.76,86
1746716280,562.78,562.8,562.69,562.71,190
1746716285,562.76,562.85,562.76,562.85,104
1746716290,562.81,562.81,562.7,562.73,240
1746716295,562.72,562.76,562.63,562.72,138
1746716300,562.72,562.79,562.67,562.72,52
1746716305,562.69,562.74,562.67,562.71,234
1746716310,562.69,562.89,562.66,562.81,252
1746716315,562.83,562.85,562.65,562.68,185
1746716320,562.7,562.76,562.56,562.74,575
1746716325,562.77,562.78,562.73,562.73,50
1746716330,562.74,562.76,562.69,562.73,182
1746716335,562.81,562.89,562.71,562.71,237
1746716340,562.74,562.88,562.69,562.87,277
1746716345,562.85,563.07,562.85,562.97,1907
1746716350,562.95,562.98,562.85,562.85,192
1746716355,562.88,562.9,562.72,562.72,403
1746716360,562.73,562.74,561.98,562.18,3280
1746716365,562.2,562.49,562.19,562.44,936
1746716370,562.49,562.55,562.36,562.45,397
1746716375,562.43,562.51,562.4,562.44,237
1746716380,562.42,562.5,562.4,562.45,326
1746716385,562.47,562.64,562.45,562.54,441
1746716390,562.55,562.6,562.51,562.56,80
1746716395,562.5,562.67,562.47,562.6,144
1746716400,562.55,562.56,562.27,562.34,322
1746716405,562.32,562.71,562.32,562.37,642
1746716410,562.35,562.51,562.17,562.17,354
1746716415,562.19,562.26,562.03,562.14,852
1746716420,562.11,562.31,562.11,562.25,221
1746716425,562.27,562.5,562.24,562.46,245
1746716430,562.45,562.73,562.43,562.73,877
1746716435,562.7,562.79,562.65,562.77,926
1746716440,562.79,563.04,562.69,563.01,739
1746716445,563.01,563.06,562.77,562.77,195
1746716450,562.79,562.95,562.78,562.95,157
1746716455,562.96,562.96,562.74,562.74,135
1746716460,562.75,562.81,562.63,562.69,266
1746716465,562.66,562.97,562.65,562.92,92
1746716470,562.87,562.95,562.76,562.82,124
1746716475,562.85,562.99,562.82,562.96,278
1746716480,562.98,562.98,562.9,562.9,69
1746716485,562.85,562.95,562.8,562.81,88
1746716490,562.8,562.94,562.8,562.87,24
1746716495,562.88,562.98,562.88,562.9,81
1746716500,562.93,562.96,562.9,562.93,51
1746716505,562.95,562.97,562.68,562.72,380
1746716510,562.72,562.93,562.71,562.84,212
1746716515,562.93,562.98,562.9,562.97,60
1746716520,562.95,563.14,562.9,563.11,441
1746716525,563.11,563.13,562.77,562.85,331
1746716530,562.89,562.94,562.86,562.87,103
1746716535,562.88,562.88,562.65,562.84,158
1746716540,562.85,562.91,562.84,562.9,61
1746716545,562.86,562.86,562.33,562.53,718
1746716550,562.53,562.66,562.46,562.52,168
1746716555,562.65,562.65,562.57,562.57,194
1746716560,562.55,562.62,562.42,562.57,138
1746716565,562.55,562.63,562.49,562.62,283
1746716570,562.65,562.69,562.63,562.63,52
1746716575,562.66,562.72,562.6,562.7,380
1746716580,562.69,562.77,562.67,562.74,152
1746716585,562.73,562.8,562.64,562.64,104
1746716590,562.65,562.65,562.54,562.54,92
1746716595,562.55,562.64,562.41,562.41,100
1746716600,562.4,562.43,562.21,562.29,646
1746716605,562.31,562.49,562.28,562.37,140
1746716610,562.42,562.49,562.39,562.43,863
1746716615,562.47,562.47,562.42,562.42,42
1746716620,562.4,562.4,562.34,562.34,45
1746716625,562.32,562.39,562.29,562.38,350
1746716630,562.37,562.57,562.34,562.46,351
1746716635,562.46,562.56,562.38,562.38,219
1746716640,562.39,562.41,562.34,562.34,165
1746716645,562.33,562.34,562.18,562.19,316
1746716650,562.18,562.23,562.14,562.18,298
1746716655,562.17,562.28,562.12,562.2,256
1746716660,562.19,562.25,562.15,562.23,167
1746716665,562.21,562.45,562.21,562.41,128
1746716670,562.47,562.48,562.39,562.41,359
1746716675,562.42,562.44,562.41,562.43,24
1746716680,562.41,562.43,562.24,562.31,100
1746716685,562.26,562.33,562.21,562.29,120
1746716690,562.26,562.31,562.22,562.24,186
1746716695,562.23,562.26,562.17,562.25,231
1746716700,562.25,562.35,562.19,562.19,86
1746716705,562.17,562.51,562.17,562.45,252
1746716710,562.47,562.68,562.47,562.65,213
1746716715,562.66,562.7,562.56,562.66,597
1746716720,562.63,562.74,562.61,562.69,483
1746716725,562.69,562.71,562.62,562.62,180
1746716730,562.59,562.64,562.59,562.64,17
1746716735,562.71,562.82,562.68,562.74,136
1746716740,562.75,563.04,562.73,562.99,1344
1746716745,563.0,563.03,562.86,562.96,100
1746716750,562.96,562.98,562.84,562.88,234
1746716755,562.95,562.96,562.9,562.92,175
1746716760,562.93,562.98,562.88,562.93,182
1746716765,562.97,563.03,562.88,562.91,127
1746716770,562.92,562.95,562.81,562.81,65
1746716775,562.83,562.83,562.73,562.8,57
1746716780,562.79,563.0,562.79,563.0,99
1746716785,563.02,563.14,563.02,563.13,294
1746716790,563.11,563.15,563.05,563.14,159
1746716795,563.05,563.11,563.01,563.01,169
1746716800,563.09,563.35,563.08,563.35,535
1746716805,563.36,563.37,563.24,563.25,357
1746716810,563.25,563.28,563.23,563.28,187
1746716815,563.28,563.3,563.15,563.15,149
1746716820,563.18,563.24,563.17,563.23,281
1746716825,563.23,563.3,563.15,563.19,166
1746716830,563.23,563.24,563.13,563.14,248
1746716835,563.12,563.23,563.06,563.2,204
1746716840,563.18,563.28,563.18,563.24,180
1746716845,563.29,563.35,563.29,563.31,138
1746716850,563.35,563.38,563.31,563.34,101
1746716855,563.33,563.5,563.29,563.41,465
1746716860,563.43,563.51,563.42,563.46,201
1746716865,563.46,563.62,563.45,563.62,183
1746716870,563.61,563.61,563.51,563.51,110
1746716875,563.5,563.53,563.48,563.52,136
1746716880,563.56,563.6,563.55,563.6,70
1746716885,563.53,563.6,563.51,563.59,224
1746716890,563.6,563.75,563.56,563.69,424
1746716895,563.64,563.71,563.63,563.7,98
1746716900,563.71,563.74,563.69,563.73,250
1746716905,563.72,563.73,563.64,563.67,160
1746716910,563.64,563.65,563.61,563.64,121
1746716915,563.62,563.68,563.59,563.68,96
1746716920,563.66,563.68,563.65,563.68,15
1746716925,563.7,563.73,563.64,563.64,145
1746716930,563.66,563.77,563.65,563.77,163
1746716935,563.74,563.75,563.7,563.7,60
1746716940,563.64,563.68,563.63,563.68,56
1746716945,563.73,563.79,563.72,563.76,56
1746716950,563.74,563.78,563.71,563.76,38
1746716955,563.78,563.79,563.72,563.73,59
1746716960,563.74,563.76,563.69,563.72,51
1746716965,563.69,563.72,563.69,563.7,19
1746716970,563.71,563.73,563.62,563.62,115
1746716975,563.67,563.78,563.66,563.78,191
1746716980,563.75,563.78,563.72,563.72,49
1746716985,563.72,563.77,563.72,563.74,15
1746716990,563.72,563.72,563.7,563.71,10
1746716995,563.74,563.76,563.72,563.72,156
1746717000,563.73,563.8,563.72,563.74,170
1746717005,563.72,563.77,563.72,563.77,83
1746717010,563.76,563.8,563.76,563.76,46
1746717015,563.8,563.9,563.8,563.82,152
1746717020,563.87,563.89,563.84,563.85,94
1746717025,563.88,563.9,563.78,563.78,86
1746717030,563.78,563.9,563.78,563.87,102
1746717035,563.85,563.85,563.82,563.84,20
1746717040,563.87,563.88,563.86,563.88,163
1746717045,563.88,563.99,563.85,563.99,80
1746717050,563.96,563.99,563.94,563.97,227
1746717055,563.98,563.98,563.87,563.96,222
1746717060,563.96,563.99,563.92,563.95,146
1746717065,563.94,563.97,563.9,563.9,97
1746717070,563.89,563.94,563.88,563.88,247
1746717075,563.92,563.92,563.82,563.87,40
1746717080,563.85,563.85,563.81,563.81,94
1746717085,563.81,563.83,563.73,563.83,440
1746717090,563.82,563.83,563.8,563.8,39
1746717095,563.84,563.88,563.84,563.88,25
1746717100,563.87,563.87,563.81,563.81,39
1746717105,563.83,563.88,563.83,563.87,24
1746717110,563.86,563.86,563.83,563.86,22
1746717115,563.85,563.86,563.83,563.86,20
1746717120,563.83,563.9,563.83,563.87,22
1746717125,563.88,563.97,563.87,563.92,230
1746717130,563.92,563.95,563.92,563.95,43
1746717135,563.94,563.94,563.87,563.89,104
1746717140,563.9,563.9,563.86,563.86,15
1746717145,563.84,563.86,563.79,563.8,163
1746717150,563.77,563.84,563.73,563.83,36
1746717155,563.8,563.86,563.78,563.86,52
1746717160,563.82,563.84,563.81,563.84,42
1746717165,563.8,563.8,563.75,563.75,34
1746717170,563.73,563.73,563.66,563.71,292
1746717175,563.71,563.77,563.66,563.77,53
1746717180,563.75,563.76,563.71,563.74,173
1746717185,563.76,563.81,563.73,563.77,100
1746717190,563.75,563.82,563.72,563.79,114
1746717195,563.82,563.88,563.82,563.87,257
1746717200,563.87,563.88,563.83,563.85,109
1746717205,563.85,563.85,563.82,563.84,109
1746717210,563.84,563.88,563.82,563.83,98
1746717215,563.82,563.87,563.8,563.8,45
1746717220,563.8,563.85,563.77,563.83,184
1746717225,563.84,563.86,563.8,563.85,293
1746717230,563.85,564.04,563.85,564.02,444
1746717235,564.07,564.15,563.97,564.04,1470
1746717240,564.06,564.35,564.06,564.15,1660
1746717245,564.17,564.31,564.12,564.23,216
1746717250,564.2,564.29,564.13,564.28,152
1746717255,564.27,564.29,564.09,564.09,127
1746717260,564.16,564.25,564.16,564.24,27
1746717265,564.21,564.24,564.19,564.22,434
1746717270,564.24,564.3,564.23,564.23,68
1746717275,564.23,564.26,564.17,564.19,81
1746717280,564.21,564.24,564.2,564.24,58
1746717285,564.23,564.45,564.23,564.36,688
1746717290,564.33,564.34,564.19,564.2,87
1746717295,564.22,564.35,564.18,564.35,121
1746717300,564.32,564.35,564.23,564.28,72
1746717305,564.27,564.29,564.23,564.23,223
1746717310,564.22,564.24,564.14,564.14,329
1746717315,564.18,564.24,564.18,564.24,47
1746717320,564.23,564.4,564.22,564.4,92
1746717325,564.38,564.38,564.29,564.3,35
1746717330,564.35,564.36,564.31,564.31,50
1746717335,564.34,564.47,564.34,564.43,267
1746717340,564.43,564.54,564.36,564.36,684
1746717345,564.35,564.39,564.3,564.33,105
1746717350,564.34,564.36,564.3,564.31,49
1746717355,564.3,564.3,564.17,564.19,114
1746717360,564.17,564.22,564.17,564.2,71
1746717365,564.22,564.24,564.17,564.24,83
1746717370,564.28,564.36,564.28,564.34,73
1746717375,564.31,564.31,564.16,564.19,50
1746717380,564.19,564.26,564.19,564.23,47
1746717385,564.24,564.32,564.22,564.27,56
1746717390,564.27,564.31,564.22,564.27,75
1746717395,564.29,564.3,564.27,564.28,15
1746717400,564.26,564.3,564.25,564.25,11
1746717405,564.24,564.28,564.23,564.27,65
1746717410,564.29,564.29,564.21,564.23,83
1746717415,564.22,564.35,564.22,564.32,72
1746717420,564.35,564.38,564.3,564.35,90
1746717425,564.38,564.49,564.38,564.42,314
1746717430,564.42,564.49,564.42,564.48,74
1746717435,564.47,564.51,564.45,564.51,215
1746717440,564.48,564.48,564.45,564.46,20
1746717445,564.44,564.45,564.44,564.44,5
1746717450,564.43,564.45,564.34,564.35,82
1746717455,564.35,564.35,564.26,564.3,381
1746717460,564.33,564.34,564.32,564.34,9
1746717465,564.34,564.4,564.34,564.4,33
1746717470,564.4,564.43,564.39,564.43,22
1746717475,564.42,564.43,564.4,564.4,51
1746717480,564.4,564.4,564.27,564.27,222
1746717485,564.31,564.33,564.31,564.32,28
1746717490,564.37,564.37,564.34,564.36,51
1746717495,564.36,564.37,564.32,564.32,123
1746717500,564.31,564.37,564.31,564.36,33
1746717505,564.36,564.38,564.34,564.36,80
1746717510,564.34,564.37,564.34,564.37,25
1746717515,564.39,564.43,564.39,564.43,27
1746717520,564.5,564.66,564.5,564.64,281
1746717525,564.61,564.65,564.57,564.63,63
1746717530,564.62,564.64,564.58,564.59,61
1746717535,564.59,564.67,564.59,564.67,266
1746717540,564.64,564.64,564.49,564.52,104
1746717545,564.56,564.59,564.56,564.59,35
1746717550,564.61,564.67,564.61,564.67,36
1746717555,564.66,564.66,564.59,564.59,279
1746717560,564.58,564.67,564.54,564.64,153
1746717565,564.61,564.63,564.61,564.62,16
1746717570,564.6,564.65,564.6,564.63,20
1746717575,564.63,564.63,564.58,564.6,37
1746717580,564.58,564.61,564.56,564.6,50
1746717585,564.57,564.57,564.56,564.56,23
1746717590,564.58,564.61,564.53,564.54,177
1746717595,564.56,564.6,564.56,564.6,54
1746717600,564.6,564.68,564.6,564.68,122
1746717605,564.65,564.69,564.61,564.64,96
1746717610,564.63,564.69,564.63,564.68,40
1746717615,564.69,564.73,564.68,564.73,39
1746717620,564.75,564.76,564.68,564.7,76
1746717625,564.69,564.71,564.65,564.68,268
1746717630,564.69,564.7,564.63,564.67,77
1746717635,564.67,564.68,564.65,564.68,48
1746717640,564.7,564.72,564.69,564.7,72
1746717645,564.73,564.75,564.67,564.67,405
1746717650,564.67,565.46,564.64,565.23,2426
1746717655,565.21,565.42,564.91,565.38,1416
1746717660,565.23,565.41,565.15,565.19,788
1746717665,565.15,565.27,565.03,565.26,648
1746717670,565.28,565.42,564.88,565.14,1567
1746717675,565.15,565.16,564.97,564.99,404
1746717680,565.0,565.03,564.76,564.78,615
1746717685,564.8,564.97,564.8,564.97,308
1746717690,565.0,565.09,564.98,565.02,312
1746717695,565.04,565.22,565.03,565.21,218
1746717700,565.21,565.3,565.15,565.2,1326
1746717705,565.16,565.21,565.05,565.1,314
1746717710,565.09,565.09,564.97,565.01,334
1746717715,565.04,565.13,565.04,565.08,94
1746717720,565.07,565.31,565.07,565.27,148
1746717725,565.26,565.36,565.25,565.25,120
1746717730,565.25,565.27,565.21,565.23,103
1746717735,565.22,565.36,565.22,565.34,154
1746717740,565.33,565.35,565.25,565.3,127
1746717745,565.3,565.32,565.28,565.31,94
1746717750,565.3,565.31,565.21,565.27,241
1746717755,565.29,565.4,565.29,565.39,193
1746717760,565.39,565.4,565.35,565.38,309
1746717765,565.38,565.56,565.36,565.54,613
1746717770,565.52,565.54,565.44,565.44,219
1746717775,565.42,565.46,565.31,565.45,297
1746717780,565.44,565.53,565.43,565.46,430
1746717785,565.47,565.54,565.43,565.43,433
1746717790,565.42,565.42,565.34,565.37,183
1746717795,565.38,565.39,565.32,565.38,458
1746717800,565.39,565.47,565.38,565.46,206
1746717805,565.48,565.57,565.48,565.48,65
1746717810,565.52,565.54,565.46,565.47,318
1746717815,565.49,565.51,565.48,565.48,84
1746717820,565.5,565.7,565.47,565.64,858
1746717825,565.64,565.65,565.6,565.61,213
1746717830,565.58,565.64,565.55,565.62,303
1746717835,565.63,565.72,565.62,565.67,287
1746717840,565.67,565.74,565.65,565.66,361
1746717845,565.67,565.69,565.58,565.58,91
1746717850,565.57,565.62,565.54,565.59,215
1746717855,565.62,565.78,565.62,565.75,348
1746717860,565.76,565.77,565.73,565.73,206
1746717865,565.72,565.78,565.71,565.75,427
1746717870,565.75,565.84,565.74,565.79,293
1746717875,565.79,565.84,565.79,565.83,77
1746717880,565.84,565.9,565.83,565.87,477
1746717885,565.87,565.98,565.87,565.93,495
1746717890,565.92,566.05,565.91,566.0,1609
1746717895,565.98,566.01,565.96,565.96,274
1746717900,565.98,566.06,565.98,566.02,409
1746717905,566.06,566.08,566.02,566.02,111
1746717910,566.05,566.09,566.0,566.02,389
1746717915,566.04,566.21,566.04,566.21,726
1746717920,566.2,566.24,566.16,566.17,785
1746717925,566.17,566.17,566.01,566.06,339
1746717930,566.05,566.09,565.95,565.95,141
1746717935,565.94,566.1,565.9,566.09,570
1746717940,566.09,566.12,566.01,566.01,191
1746717945,565.99,566.16,565.99,566.12,236
1746717950,566.11,566.23,566.1,566.22,617
1746717955,566.19,566.25,566.13,566.25,254
1746717960,566.25,566.41,566.22,566.32,1297
1746717965,566.32,566.34,566.28,566.32,209
1746717970,566.32,566.34,566.24,566.31,461
1746717975,566.3,566.34,566.29,566.3,291
1746717980,566.28,566.28,566.21,566.25,563
1746717985,566.26,566.27,566.21,566.25,311
1746717990,566.25,566.35,566.25,566.33,289
1746717995,566.3,566.38,566.2,566.29,868
1746718000,566.3,566.31,566.22,566.25,275
1746718005,566.26,566.3,566.22,566.24,232
1746718010,566.21,566.29,566.21,566.28,174
1746718015,566.3,566.33,566.16,566.27,878
1746718020,566.27,566.31,566.27,566.27,676
1746718025,566.27,566.31,566.24,566.25,511
1746718030,566.27,566.29,566.21,566.23,303
1746718035,566.25,566.27,566.18,566.25,236
1746718040,566.25,566.3,566.21,566.26,576
1746718045,566.25,566.3,566.23,566.25,227
1746718050,566.27,566.3,566.22,566.29,80
1746718055,566.27,566.31,566.26,566.28,606
1746718060,566.27,566.27,566.21,566.22,92
1746718065,566.24,566.3,566.24,566.28,153
1746718070,566.27,566.28,566.16,566.2,508
1746718075,566.22,566.3,566.22,566.28,186
1746718080,566.26,566.38,566.26,566.36,697
1746718085,566.37,566.43,566.34,566.41,625
1746718090,566.41,566.43,566.35,566.43,439
1746718095,566.42,566.44,566.39,566.4,108
1746718100,566.42,566.56,566.42,566.51,574
1746718105,566.49,566.57,566.48,566.55,288
1746718110,566.52,566.57,566.51,566.56,346
1746718115,566.56,566.58,566.54,566.57,231
1746718120,566.57,566.57,566.51,566.55,376
1746718125,566.56,566.61,566.55,566.6,289
1746718130,566.61,566.63,566.59,566.59,498
1746718135,566.61,566.78,566.61,566.72,975
1746718140,566.7,566.91,566.68,566.88,281
1746718145,566.89,566.93,566.84,566.92,232
1746718150,566.94,566.97,566.88,566.94,302
1746718155,566.92,566.93,566.86,566.91,233
1746718160,566.89,566.94,566.86,566.89,222
1746718165,566.88,566.89,566.81,566.87,472
1746718170,566.86,566.86,566.7,566.71,595
1746718175,566.74,566.8,566.74,566.76,140
1746718180,566.75,566.79,566.7,566.7,309
1746718185,566.69,567.05,566.64,566.98,1182
1746718190,566.95,567.07,565.92,566.43,4491
1746718195,566.34,566.46,566.0,566.2,2500
1746718200,566.23,566.29,565.7,565.7,5970
1746718205,565.75,566.08,565.7,565.78,1396
1746718210,565.75,566.07,565.75,565.96,669
1746718215,565.93,565.98,565.63,565.65,1358
1746718220,565.66,565.93,565.46,565.88,2475
1746718225,565.87,565.87,565.54,565.58,1315
1746718230,565.55,565.73,565.43,565.73,1418
1746718235,565.73,565.75,565.56,565.68,380
1746718240,565.69,565.69,565.51,565.65,284
1746718245,565.71,565.95,565.66,565.86,663
1746718250,565.81,565.91,565.79,565.79,732
1746718255,565.8,566.09,565.79,565.96,1420
1746718260,565.99,566.44,565.93,566.39,1218
1746718265,566.4,566.44,566.17,566.29,1480
1746718270,566.3,566.3,566.06,566.08,718
1746718275,566.08,566.1,566.0,566.07,236
1746718280,566.07,566.16,566.03,566.08,477
1746718285,566.12,566.19,566.12,566.17,133
1746718290,566.15,566.15,565.9,565.94,780
1746718295,565.95,565.97,565.77,565.77,1197
1746718300,565.81,565.86,565.74,565.85,436
1746718305,565.86,565.87,565.79,565.79,496
1746718310,565.81,565.96,565.79,565.89,461
1746718315,565.9,566.04,565.9,565.95,206
1746718320,565.93,566.36,565.92,566.36,894
1746718325,566.35,566.36,566.15,566.22,789
1746718330,566.22,566.3,566.18,566.22,254
1746718335,566.22,566.58,566.22,566.5,2311
1746718340,566.5,566.52,566.41,566.48,233
1746718345,566.45,566.51,566.42,566.47,206
1746718350,566.47,566.57,566.46,566.57,143
1746718355,566.53,566.57,566.5,566.5,216
1746718360,566.53,566.53,566.32,566.4,276
1746718365,566.44,566.48,566.37,566.43,132
1746718370,566.37,566.41,566.35,566.36,214
1746718375,566.36,566.41,566.29,566.29,105
1746718380,566.3,566.44,566.3,566.4,227
1746718385,566.36,566.57,566.36,566.56,223
1746718390,566.56,566.72,566.56,566.63,1977
1746718395,566.65,566.69,566.6,566.61,173
1746718400,566.51,566.59,566.4,566.59,117
1746718405,566.59,566.66,566.56,566.63,62
1746718410,566.63,566.64,566.51,566.57,200
1746718415,566.51,566.52,566.42,566.45,203
1746718420,566.46,566.56,566.46,566.56,134
1746718425,566.54,566.54,566.41,566.42,48
1746718430,566.45,566.45,566.35,566.44,375
1746718435,566.44,566.55,566.44,566.47,134
1746718440,566.51,566.52,566.4,566.4,100
1746718445,566.43,566.45,566.39,566.42,175
1746718450,566.42,566.6,566.42,566.58,338
1746718455,566.52,566.54,566.5,566.54,35
1746718460,566.49,566.51,566.48,566.48,124
1746718465,566.44,566.44,566.37,566.37,63
1746718470,566.4,566.4,566.36,566.36,25
1746718475,566.37,566.46,566.36,566.46,103
1746718480,566.47,566.47,566.42,566.45,119
1746718485,566.44,566.5,566.41,566.49,357
1746718490,566.49,566.62,566.49,566.62,187
1746718495,566.64,566.72,566.6,566.61,646
1746718500,566.62,566.71,566.59,566.68,164
1746718505,566.68,566.75,566.65,566.69,157
1746718510,566.74,566.89,566.73,566.85,518
1746718515,566.87,566.92,566.72,566.72,176
1746718520,566.72,566.8,566.72,566.8,112
1746718525,566.81,566.81,566.65,566.65,218
1746718530,566.65,566.8,566.63,566.8,94
1746718535,566.81,566.92,566.81,566.83,498
1746718540,566.82,566.82,566.69,566.71,131
1746718545,566.72,566.76,566.68,566.68,73
1746718550,566.7,566.78,566.68,566.77,255
1746718555,566.76,566.76,566.72,566.72,72
1746718560,566.72,566.78,566.71,566.77,120
1746718565,566.77,566.85,566.77,566.85,88
1746718570,566.85,566.96,566.83,566.94,250
1746718575,566.96,566.98,566.9,566.92,335
1746718580,566.93,566.97,566.84,566.87,277
1746718585,566.87,566.9,566.86,566.87,244
1746718590,566.88,566.88,566.77,566.77,418
1746718595,566.76,566.81,566.73,566.81,433
1746718600,566.8,566.81,566.75,566.78,325
1746718605,566.8,566.8,566.73,566.73,119
1746718610,566.76,566.79,566.75,566.77,85
1746718615,566.76,566.78,566.72,566.72,172
1746718620,566.73,566.8,566.73,566.79,195
1746718625,566.8,566.88,566.8,566.88,114
1746718630,566.88,566.89,566.8,566.84,487
1746718635,566.84,566.85,566.82,566.83,62
1746718640,566.84,566.85,566.73,566.73,355
1746718645,566.7,566.75,566.66,566.73,239
1746718650,566.72,566.86,566.72,566.86,156
1746718655,566.85,566.85,566.79,566.81,81
1746718660,566.81,566.82,566.76,566.8,117
1746718665,566.8,566.82,566.78,566.81,85
1746718670,566.79,566.85,566.79,566.85,84
1746718675,566.85,566.9,566.82,566.9,172
1746718680,566.89,566.91,566.85,566.85,104
1746718685,566.84,566.86,566.77,566.83,35
1746718690,566.8,566.82,566.76,566.77,70
1746718695,566.77,566.8,566.69,566.71,249
1746718700,566.7,566.72,566.6,566.6,173
1746718705,566.61,566.63,566.52,566.62,391
1746718710,566.59,566.63,566.57,566.61,174
1746718715,566.61,566.62,566.59,566.61,289
1746718720,566.62,566.66,566.54,566.55,133
1746718725,566.55,566.58,566.55,566.58,58
1746718730,566.58,566.58,566.49,566.5,264
1746718735,566.5,566.53,566.45,566.51,327
1746718740,566.53,566.69,566.53,566.67,145
1746718745,566.68,566.72,566.64,566.64,322
1746718750,566.64,566.66,566.61,566.63,166
1746718755,566.62,566.63,566.56,566.62,229
1746718760,566.63,566.75,566.62,566.67,1327
1746718765,566.67,566.72,566.64,566.69,413
1746718770,566.69,566.7,566.64,566.66,125
1746718775,566.67,566.72,566.66,566.69,198
1746718780,566.67,567.09,566.67,567.02,1291
1746718785,567.04,567.24,566.99,567.17,1825
1746718790,567.19,567.21,567.09,567.18,690
1746718795,567.18,567.25,567.16,567.25,355
1746718800,567.28,567.57,567.25,567.49,1087
1746718805,567.52,567.62,567.46,567.61,770
1746718810,567.6,567.77,567.57,567.75,919
1746718815,567.73,567.78,567.67,567.71,616
1746718820,567.71,567.73,567.54,567.65,867
1746718825,567.67,567.78,567.66,567.77,442
1746718830,567.76,567.92,567.74,567.9,1226
1746718835,567.87,567.96,567.86,567.87,755
1746718840,567.84,567.86,567.66,567.73,715
1746718845,567.75,567.84,567.72,567.79,480
1746718850,567.76,567.77,567.6,567.6,617
1746718855,567.6,567.71,567.6,567.69,359
1746718860,567.69,567.8,567.69,567.8,307
1746718865,567.81,567.84,567.76,567.81,180
1746718870,567.79,567.84,567.77,567.77,128
1746718875,567.78,567.88,567.76,567.82,661
1746718880,567.82,567.85,567.81,567.83,341
1746718885,567.82,568.15,567.81,568.07,1905
1746718890,568.09,568.14,568.05,568.13,357
1746718895,568.14,568.27,568.07,568.27,799
1746718900,568.28,568.38,568.26,568.35,397
1746718905,568.36,568.48,568.36,568.48,813
1746718910,568.46,568.52,568.36,568.5,576
1746718915,568.51,568.56,568.46,568.51,537
1746718920,568.51,568.87,568.5,568.76,1459
1746718925,568.78,568.83,568.74,568.77,469
1746718930,568.8,569.65,568.8,568.83,2234
1746718935,568.84,569.04,568.82,569.0,841
1746718940,568.99,569.02,568.86,568.92,259
1746718945,568.93,569.18,568.93,568.94,1111
1746718950,568.95,569.0,568.84,568.85,678
1746718955,568.85,568.85,568.74,568.82,1052
1746718960,568.8,568.96,568.75,568.87,1026
1746718965,568.85,568.85,568.72,568.73,660
1746718970,568.73,568.83,568.67,568.78,489
1746718975,568.81,568.96,568.77,568.92,539
1746718980,568.96,568.97,568.64,568.65,713
1746718985,568.64,568.66,568.52,568.52,992
1746718990,568.53,568.57,568.47,568.51,517
1746718995,568.53,568.67,568.52,568.66,531
1746719000,568.63,568.84,568.6,568.83,466
1746719005,568.86,568.94,568.77,568.8,1146
1746719010,568.81,568.83,568.76,568.8,179
1746719015,568.81,569.01,568.81,568.98,504
1746719020,568.97,569.11,568.94,569.1,1643
1746719025,569.12,569.29,569.11,569.24,573
1746719030,569.22,569.25,569.13,569.19,470
1746719035,569.22,569.38,569.14,569.23,1223
1746719040,569.24,569.35,569.22,569.26,1021
1746719045,569.23,569.29,569.15,569.26,287
1746719050,569.27,569.27,569.2,569.24,363
1746719055,569.26,569.28,569.12,569.21,999
1746719060,569.22,569.29,569.17,569.17,357
1746719065,569.15,569.18,569.06,569.11,482
1746719070,569.09,569.18,569.06,569.11,360
1746719075,569.1,569.16,569.04,569.1,997
1746719080,569.08,569.13,569.05,569.08,161
1746719085,569.12,569.12,569.01,569.01,396
1746719090,569.05,569.13,569.04,569.08,630
1746719095,569.09,569.09,569.01,569.04,137
1746719100,569.09,569.23,569.07,569.19,1147
1746719105,569.2,569.28,569.18,569.21,392
1746719110,569.23,569.4,569.18,569.4,848
1746719115,569.39,569.53,569.36,569.49,448
1746719120,569.51,569.51,569.19,569.19,732
1746719125,569.19,569.3,569.14,569.15,368
1746719130,569.17,569.22,569.15,569.16,296
1746719135,569.19,569.2,568.92,568.96,691
1746719140,568.98,569.25,568.98,569.25,237
1746719145,569.23,569.33,569.19,569.26,119
1746719150,569.24,569.26,569.14,569.2,100
1746719155,569.16,569.24,569.1,569.14,568
1746719160,569.14,569.27,569.13,569.19,464
1746719165,569.17,569.21,569.1,569.15,324
1746719170,569.13,569.19,569.13,569.19,264
1746719175,569.2,569.41,569.2,569.41,428
1746719180,569.41,569.61,569.41,569.54,520
1746719185,569.54,569.54,569.37,569.39,500
1746719190,569.39,569.44,569.26,569.32,314
1746719195,569.34,569.41,569.34,569.4,245
1746719200,569.4,569.43,569.34,569.42,320
1746719205,569.39,569.45,569.38,569.41,339
1746719210,569.37,569.41,569.27,569.32,178
1746719215,569.3,569.3,569.07,569.07,455
1746719220,569.07,569.13,569.03,569.06,405
1746719225,569.06,569.07,568.91,569.0,484
1746719230,568.99,569.01,568.9,568.98,268
1746719235,569.0,569.05,568.99,568.99,469
1746719240,569.01,569.24,569.01,569.22,294
1746719245,569.25,569.29,569.11,569.12,653
1746719250,569.12,569.25,569.1,569.2,198
1746719255,569.18,569.2,569.13,569.13,133
1746719260,569.14,569.16,569.04,569.13,257
1746719265,569.15,569.16,568.98,569.04,657
1746719270,569.04,569.2,569.03,569.18,479
1746719275,569.19,569.19,569.06,569.09,365
1746719280,569.09,569.19,569.09,569.16,152
1746719285,569.13,569.22,569.07,569.13,321
1746719290,569.14,569.39,569.14,569.33,440
1746719295,569.34,569.55,569.34,569.47,739
1746719300,569.46,569.46,569.38,569.4,59
1746719305,569.41,569.53,569.39,569.53,171
1746719310,569.53,569.53,569.38,569.43,161
1746719315,569.36,569.44,569.36,569.42,147
1746719320,569.44,569.44,569.28,569.31,297
1746719325,569.32,569.34,569.28,569.28,242
1746719330,569.27,569.31,569.24,569.3,114
1746719335,569.31,569.31,569.23,569.26,259
1746719340,569.28,569.36,569.23,569.33,259
1746719345,569.3,569.37,569.3,569.35,500
1746719350,569.34,569.37,569.28,569.28,251
1746719355,569.29,569.31,569.23,569.24,240
1746719360,569.25,569.25,569.14,569.17,196
1746719365,569.18,569.2,569.09,569.19,482
1746719370,569.2,569.24,569.15,569.23,946
1746719375,569.24,569.34,569.24,569.27,608
1746719380,569.27,569.37,569.18,569.2,1085
1746719385,569.21,569.25,569.14,569.18,886
1746719390,569.18,569.45,569.18,569.35,287
1746719395,569.35,569.44,569.34,569.35,300
1746719400,569.31,569.49,569.31,569.41,152
1746719405,569.38,569.43,569.38,569.4,69
1746719410,569.38,569.38,569.24,569.35,340
1746719415,569.37,569.4,569.35,569.35,111
1746719420,569.35,569.36,569.09,569.11,497
1746719425,569.11,569.14,569.06,569.09,496
1746719430,569.1,569.31,569.09,569.11,388
1746719435,569.12,569.13,569.06,569.13,110
1746719440,569.18,569.18,569.1,569.1,169
1746719445,569.1,569.13,569.09,569.11,101
1746719450,569.13,569.33,569.12,569.25,317
1746719455,569.18,569.26,569.12,569.2,160
1746719460,569.21,569.21,569.08,569.1,168
1746719465,569.12,569.17,569.09,569.17,278
1746719470,569.14,569.16,568.98,569.11,401
1746719475,569.12,569.19,568.82,568.86,926
1746719480,568.83,568.91,568.82,568.87,718
1746719485,568.86,568.95,568.86,568.92,384
1746719490,568.86,568.94,568.84,568.86,482
1746719495,568.83,568.83,568.65,568.75,734
1746719500,568.76,568.84,568.76,568.77,331
1746719505,568.73,568.76,568.61,568.71,771
1746719510,568.72,568.72,568.63,568.65,171
1746719515,568.65,568.76,568.64,568.7,334
1746719520,568.7,568.73,568.56,568.59,412
1746719525,568.62,568.68,568.56,568.57,309
1746719530,568.55,568.62,568.43,568.43,909
1746719535,568.44,568.53,568.42,568.52,517
1746719540,568.48,568.49,568.36,568.4,392
1746719545,568.4,568.42,568.33,568.34,309
1746719550,568.34,568.58,568.3,568.57,658
1746719555,568.57,568.64,568.51,568.55,363
1746719560,568.55,568.6,568.4,568.4,359
1746719565,568.4,568.43,568.35,568.35,561
1746719570,568.35,568.4,568.26,568.36,2050
1746719575,568.36,568.37,568.27,568.28,467
1746719580,568.31,568.42,568.31,568.41,238
1746719585,568.41,568.54,568.41,568.49,213
1746719590,568.48,568.49,568.42,568.43,412
1746719595,568.45,568.48,568.36,568.36,95
1746719600,568.36,568.43,568.33,568.4,303
1746719605,568.42,568.48,568.41,568.48,239
1746719610,568.49,568.54,568.45,568.48,340
1746719615,568.48,568.58,568.47,568.49,134
1746719620,568.51,568.55,568.5,568.52,303
1746719625,568.52,568.61,568.52,568.54,404
1746719630,568.53,568.58,568.53,568.57,21
1746719635,568.59,568.81,568.59,568.67,257
1746719640,568.65,568.74,568.65,568.73,111
1746719645,568.71,568.79,568.69,568.79,73
1746719650,568.77,568.79,568.71,568.75,225
1746719655,568.75,568.84,568.73,568.84,315
1746719660,568.84,568.97,568.84,568.87,146
1746719665,568.89,568.91,568.85,568.9,242
1746719670,568.9,568.91,568.82,568.84,255
1746719675,568.87,568.89,568.83,568.88,280
1746719680,568.88,568.95,568.86,568.91,132
1746719685,568.94,568.96,568.76,568.79,166
1746719690,568.81,568.87,568.81,568.85,204
1746719695,568.85,568.91,568.84,568.84,267
1746719700,568.86,568.91,568.57,568.62,455
1746719705,568.59,568.63,568.46,568.53,615
1746719710,568.53,568.57,568.47,568.52,650
1746719715,568.51,568.53,568.38,568.39,1277
1746719720,568.37,568.43,568.33,568.35,252
1746719725,568.35,568.35,568.27,568.32,603
1746719730,568.29,568.39,568.22,568.22,422
1746719735,568.22,568.32,568.13,568.27,361
1746719740,568.3,568.39,568.3,568.37,41
1746719745,568.38,568.49,568.35,568.43,458
1746719750,568.41,568.43,568.34,568.42,579
1746719755,568.44,568.55,568.42,568.52,377
1746719760,568.5,568.59,568.41,568.58,90
1746719765,568.61,568.61,568.31,568.33,98
1746719770,568.3,568.3,568.11,568.12,268
1746719775,568.17,568.21,568.1,568.1,351
1746719780,568.13,568.22,568.13,568.16,104
1746719785,568.15,568.21,568.13,568.17,105
1746719790,568.15,568.18,568.14,568.15,169
1746719795,568.17,568.26,568.17,568.2,245
1746719800,568.17,568.29,568.17,568.27,56
1746719805,568.32,568.48,568.32,568.42,241
1746719810,568.44,568.49,568.43,568.47,118
1746719815,568.53,568.62,568.53,568.56,184
1746719820,568.61,568.63,568.59,568.61,83
1746719825,568.62,568.7,568.56,568.59,51
1746719830,568.55,568.59,568.51,568.58,257
1746719835,568.61,568.62,568.54,568.59,80
1746719840,568.55,568.58,568.55,568.57,23
1746719845,568.57,568.62,568.53,568.54,163
1746719850,568.58,568.58,568.5,568.57,249
1746719855,568.53,568.57,568.53,568.57,69
1746719860,568.58,568.58,568.46,568.49,98
1746719865,568.51,568.51,568.42,568.44,37
1746719870,568.43,568.46,568.32,568.37,103
1746719875,568.36,568.42,568.35,568.36,82
1746719880,568.4,568.47,568.4,568.43,137
1746719885,568.45,568.49,568.37,568.38,182
1746719890,568.42,568.43,568.34,568.34,181
1746719895,568.37,568.37,568.36,568.36,5
1746719900,568.38,568.48,568.38,568.48,103
1746719905,568.5,568.55,568.49,568.52,74
1746719910,568.51,568.51,568.47,568.5,57
1746719915,568.48,568.49,568.45,568.45,38
1746719920,568.44,568.5,568.43,568.49,42
1746719925,568.5,568.53,568.39,568.39,95
1746719930,568.41,568.42,568.39,568.39,129
1746719935,568.4,568.45,568.37,568.45,149
1746719940,568.43,568.49,568.4,568.42,140
1746719945,568.44,568.51,568.43,568.43,35
1746719950,568.48,568.48,568.3,568.38,240
1746719955,568.37,568.38,568.25,568.28,141
1746719960,568.3,568.33,568.29,568.33,83
1746719965,568.35,568.54,568.35,568.54,220
1746719970,568.52,568.54,568.49,568.54,106
1746719975,568.52,568.52,568.35,568.39,517
1746719980,568.38,568.38,568.32,568.34,90
1746719985,568.36,568.45,568.34,568.42,188
1746719990,568.41,568.41,568.3,568.36,378
1746719995,568.39,568.41,568.38,568.38,96
1746720000,568.4,568.53,568.36,568.44,376
1746720005,568.46,568.51,568.34,568.35,139
1746720010,568.38,568.48,568.38,568.48,114
1746720015,568.47,568.53,568.42,568.53,103
1746720020,568.53,568.69,568.53,568.68,155
1746720025,568.66,568.69,568.57,568.58,204
1746720030,568.59,568.66,568.57,568.63,198
1746720035,568.61,568.63,568.56,568.57,208
1746720040,568.61,568.73,568.61,568.71,141
1746720045,568.71,568.78,568.69,568.77,370
1746720050,568.78,568.79,568.73,568.74,211
1746720055,568.77,568.78,568.75,568.77,78
1746720060,568.76,568.82,568.75,568.81,126
1746720065,568.81,568.82,568.78,568.82,44
1746720070,568.81,568.83,568.79,568.81,58
1746720075,568.81,568.82,568.69,568.76,398
1746720080,568.75,568.75,568.66,568.72,110
1746720085,568.75,568.84,568.74,568.84,76
1746720090,568.85,568.89,568.83,568.86,155
1746720095,568.84,568.86,568.82,568.82,49
1746720100,568.86,568.95,568.86,568.92,103
1746720105,568.91,568.91,568.87,568.88,82
1746720110,568.88,568.88,568.69,568.77,256
1746720115,568.8,568.82,568.73,568.76,90
1746720120,568.79,568.79,568.59,568.63,305
1746720125,568.64,568.74,568.64,568.74,118
1746720130,568.7,568.73,568.66,568.7,52
1746720135,568.7,568.71,568.67,568.68,22
1746720140,568.7,568.75,568.64,568.75,58
1746720145,568.75,568.79,568.73,568.77,47
1746720150,568.77,568.78,568.72,568.72,42
1746720155,568.7,568.74,568.64,568.74,64
1746720160,568.7,568.76,568.63,568.76,108
1746720165,568.77,568.8,568.73,568.73,41
1746720170,568.7,568.78,568.67,568.67,99
1746720175,568.7,568.76,568.7,568.76,42
1746720180,568.74,568.74,568.57,568.57,131
1746720185,568.58,568.58,568.47,568.54,118
1746720190,568.53,568.54,568.46,568.51,69
1746720195,568.48,568.48,568.41,568.44,96
1746720200,568.43,568.52,568.43,568.49,153
1746720205,568.48,568.53,568.47,568.5,527
1746720210,568.53,568.63,568.53,568.61,164
1746720215,568.58,568.61,568.57,568.61,40
1746720220,568.61,568.62,568.61,568.62,15
1746720225,568.61,568.69,568.61,568.69,113
1746720230,568.68,568.78,568.68,568.72,29
1746720235,568.75,568.8,568.74,568.8,68
1746720240,568.77,568.79,568.76,568.78,21
1746720245,568.79,568.85,568.79,568.85,43
1746720250,568.82,568.9,568.8,568.89,41
1746720255,568.85,568.89,568.84,568.88,53
1746720260,568.89,568.89,568.82,568.86,91
1746720265,568.85,568.87,568.85,568.86,25
1746720270,568.87,568.9,568.86,568.9,213
1746720275,568.87,568.9,568.87,568.88,145
1746720280,568.86,568.86,568.86,568.86,2
1746720285,568.82,568.88,568.82,568.87,153
1746720290,568.85,568.86,568.83,568.86,20
1746720295,568.84,568.86,568.84,568.86,20
1746720300,568.83,568.88,568.82,568.86,101
1746720305,568.85,568.89,568.83,568.89,110
1746720310,568.9,568.9,568.82,568.87,144
1746720315,568.86,568.86,568.74,568.74,135
1746720320,568.79,568.85,568.79,568.85,80
1746720325,568.86,568.99,568.85,568.9,357
1746720330,568.9,568.98,568.9,568.94,113
1746720335,568.93,568.93,568.84,568.85,62
1746720340,568.85,568.88,568.83,568.88,37
1746720345,568.89,568.92,568.88,568.88,189
1746720350,568.88,568.88,568.82,568.84,21
1746720355,568.84,568.9,568.83,568.85,168
1746720360,568.87,568.92,568.86,568.91,115
1746720365,568.89,568.91,568.89,568.89,24
1746720370,568.9,568.9,568.87,568.87,11
1746720375,568.89,568.91,568.87,568.91,44
1746720380,568.88,568.89,568.77,568.82,112
1746720385,568.84,568.9,568.83,568.85,33
1746720390,568.84,568.87,568.8,568.83,146
1746720395,568.82,568.85,568.81,568.85,32
1746720400,568.83,568.85,568.79,568.85,63
1746720405,568.83,568.86,568.83,568.84,136
1746720410,568.85,568.9,568.83,568.89,113
1746720415,568.86,568.89,568.86,568.89,15
1746720420,568.89,569.04,568.89,569.0,219
1746720425,569.02,569.08,568.99,569.0,163
1746720430,568.97,569.02,568.96,569.0,68
1746720435,569.0,569.03,568.99,569.0,110
1746720440,569.01,569.03,568.94,568.96,85
1746720445,568.98,569.01,568.97,568.98,120
1746720450,569.0,569.03,569.0,569.02,83
1746720455,569.02,569.03,568.99,569.03,57
1746720460,569.01,569.05,569.01,569.04,193
1746720465,569.03,569.04,569.03,569.04,52
1746720470,569.04,569.04,568.88,568.92,91
1746720475,568.93,569.0,568.92,568.99,81
1746720480,568.98,568.99,568.88,568.97,96
1746720485,568.99,569.03,568.89,568.9,196
1746720490,568.92,568.97,568.92,568.92,64
1746720495,568.94,568.97,568.9,568.97,46
1746720500,568.99,569.01,568.93,568.93,20
1746720505,568.94,568.95,568.93,568.95,11
1746720510,568.95,568.95,568.89,568.89,33
1746720515,568.9,568.9,568.81,568.86,78
1746720520,568.91,568.96,568.89,568.96,20
1746720525,568.94,568.94,568.86,568.88,17
1746720530,568.9,568.9,568.87,568.89,21
1746720535,568.9,568.95,568.9,568.95,61
1746720540,568.97,568.97,568.9,568.94,84
1746720545,568.96,569.01,568.93,569.0,592
1746720550,569.0,569.06,569.0,569.06,578
1746720555,569.07,569.12,569.06,569.12,72
1746720560,569.12,569.17,569.1,569.17,80
1746720565,569.15,569.18,569.15,569.18,27
1746720570,569.19,569.19,569.09,569.15,138
1746720575,569.13,569.15,569.11,569.13,87
1746720580,569.14,569.16,569.14,569.16,28
1746720585,569.16,569.17,569.11,569.15,271
1746720590,569.15,569.17,569.13,569.15,250
1746720595,569.17,569.26,569.17,569.25,86
1746720600,569.26,569.35,569.23,569.25,2123
1746720605,569.27,569.34,569.27,569.3,342
1746720610,569.28,569.33,569.28,569.3,71
1746720615,569.31,569.33,569.27,569.28,59
1746720620,569.29,569.29,569.17,569.18,166
1746720625,569.16,569.16,569.06,569.11,292
1746720630,569.12,569.15,569.07,569.11,700
1746720635,569.11,569.17,569.07,569.16,69
1746720640,569.16,569.16,569.12,569.13,204
1746720645,569.12,569.12,569.08,569.09,227
1746720650,569.08,569.09,569.02,569.07,1115
1746720655,569.07,569.1,569.06,569.07,143
1746720660,569.08,569.11,569.03,569.03,99
1746720665,569.06,569.06,568.95,568.96,194
1746720670,568.96,569.0,568.93,569.0,109
1746720675,569.0,569.02,568.99,569.01,78
1746720680,569.01,569.01,568.99,568.99,27
1746720685,568.98,569.0,568.96,569.0,116
1746720690,568.97,568.97,568.89,568.91,422
1746720695,568.92,568.92,568.81,568.82,144
1746720700,568.82,568.82,568.74,568.77,208
1746720705,568.76,568.79,568.73,568.73,247
1746720710,568.75,568.76,568.71,568.73,75
1746720715,568.72,568.73,568.68,568.69,134
1746720720,568.67,568.72,568.58,568.72,145
1746720725,568.72,568.75,568.7,568.75,43
1746720730,568.78,568.87,568.78,568.87,185
1746720735,568.91,568.91,568.86,568.89,84
1746720740,568.91,569.0,568.91,568.99,275
1746720745,569.0,569.11,569.0,569.11,105
1746720750,569.09,569.18,569.09,569.18,108
1746720755,569.2,569.2,569.16,569.17,58
1746720760,569.18,569.23,569.16,569.23,120
1746720765,569.21,569.24,569.2,569.24,75
1746720770,569.28,569.29,569.25,569.25,66
1746720775,569.24,569.24,569.18,569.2,64
1746720780,569.18,569.27,569.17,569.27,106
1746720785,569.26,569.28,569.24,569.26,118
1746720790,569.26,569.27,569.23,569.27,83
1746720795,569.26,569.27,569.18,569.21,85
1746720800,569.19,569.19,568.87,569.06,712
1746720805,569.1,569.1,569.06,569.1,112
1746720810,569.11,569.13,569.1,569.1,102
1746720815,569.1,569.14,569.08,569.13,66
1746720820,569.12,569.12,569.1,569.11,76
1746720825,569.12,569.14,569.1,569.13,72
1746720830,569.15,569.26,569.15,569.26,49
1746720835,569.26,569.3,569.24,569.24,109
1746720840,569.23,569.23,569.18,569.2,47
1746720845,569.18,569.27,569.16,569.23,4291
1746720850,569.24,569.27,569.24,569.27,46
1746720855,569.25,569.27,569.24,569.26,35
1746720860,569.26,569.28,569.25,569.26,103
1746720865,569.25,569.28,569.24,569.25,94
1746720870,569.24,569.28,569.23,569.27,46
1746720875,569.27,569.29,569.26,569.29,285
1746720880,569.28,569.28,569.23,569.23,137
1746720885,569.23,569.28,569.22,569.22,82
1746720890,569.22,569.26,569.22,569.24,21
1746720895,569.26,569.26,569.21,569.24,38
1746720900,569.23,569.29,569.23,569.23,112
1746720905,569.25,569.29,569.25,569.29,255
1746720910,569.28,569.29,569.26,569.29,52
1746720915,569.27,569.28,569.24,569.24,47
1746720920,569.25,569.28,569.25,569.27,32
1746720925,569.26,569.28,569.25,569.27,83
1746720930,569.26,569.28,569.26,569.28,30
1746720935,569.25,569.33,569.25,569.3,111
1746720940,569.31,569.37,569.31,569.36,45
1746720945,569.35,569.36,569.28,569.31,60
1746720950,569.31,569.31,569.3,569.31,18
1746720955,569.3,569.33,569.27,569.33,40
1746720960,569.35,569.38,569.34,569.34,80
1746720965,569.38,569.4,569.38,569.4,125
1746720970,569.41,569.41,569.38,569.4,111
1746720975,569.42,569.52,569.41,569.52,146
1746720980,569.53,569.54,569.53,569.54,55
1746720985,569.55,569.71,569.54,569.63,890
1746720990,569.63,569.68,569.61,569.64,142
1746720995,569.64,569.67,569.62,569.66,154
1746721000,569.67,569.68,569.63,569.63,60
1746721005,569.64,569.66,569.63,569.66,58
1746721010,569.65,569.67,569.39,569.42,680
1746721015,569.43,569.5,569.42,569.46,276
1746721020,569.46,569.57,569.45,569.57,65
1746721025,569.58,569.63,569.54,569.55,65
1746721030,569.53,569.56,569.51,569.51,199
1746721035,569.49,569.5,569.4,569.4,38
1746721040,569.41,569.42,569.29,569.3,123
1746721045,569.32,569.36,569.3,569.34,136
1746721050,569.34,569.36,569.33,569.33,71
1746721055,569.28,569.37,569.27,569.37,56
1746721060,569.38,569.38,569.3,569.35,72
1746721065,569.3,569.39,569.25,569.39,254
1746721070,569.38,569.41,569.3,569.31,56
1746721075,569.33,569.38,569.33,569.36,67
1746721080,569.37,569.45,569.36,569.38,109
1746721085,569.39,569.46,569.37,569.44,82
1746721090,569.45,569.52,569.45,569.5,75
1746721095,569.44,569.44,569.37,569.38,38
1746721100,569.39,569.44,569.39,569.41,36
1746721105,569.42,569.44,569.41,569.41,24
1746721110,569.42,569.48,569.4,569.48,190
1746721115,569.44,569.44,569.39,569.39,56
1746721120,569.4,569.42,569.34,569.38,78
1746721125,569.38,569.42,569.37,569.4,115
1746721130,569.4,569.4,569.39,569.39,35
1746721135,569.4,569.42,569.38,569.42,73
1746721140,569.41,569.43,569.39,569.43,35
1746721145,569.44,569.44,569.41,569.41,138
1746721150,569.42,569.43,569.41,569.42,82
1746721155,569.41,569.45,569.39,569.45,109
1746721160,569.42,569.44,569.41,569.44,45
1746721165,569.44,569.45,569.42,569.45,35
1746721170,569.45,569.45,569.38,569.44,141
1746721175,569.43,569.5,569.4,569.44,65
1746721180,569.46,569.48,569.46,569.48,20
1746721185,569.45,569.51,569.45,569.5,141
1746721190,569.51,569.52,569.44,569.48,137
1746721195,569.46,569.46,569.41,569.45,120
1746721200,569.44,569.6,569.44,569.6,158
1746721205,569.6,569.6,569.56,569.59,94
1746721210,569.59,569.68,569.59,569.63,164
1746721215,569.66,569.66,569.63,569.63,52
1746721220,569.63,569.65,569.6,569.6,102
1746721225,569.59,569.61,569.57,569.57,111
1746721230,569.56,569.57,569.43,569.56,449
1746721235,569.56,569.61,569.56,569.61,244
1746721240,569.6,569.69,569.6,569.65,124
1746721245,569.65,569.68,569.56,569.56,226
1746721250,569.55,569.55,569.48,569.49,50
1746721255,569.48,569.48,569.38,569.44,128
1746721260,569.45,569.46,569.38,569.45,72
1746721265,569.47,569.5,569.47,569.47,51
1746721270,569.47,569.48,569.45,569.48,76
1746721275,569.48,569.5,569.47,569.47,76
1746721280,569.44,569.48,569.43,569.48,130
1746721285,569.49,569.5,569.48,569.5,12
1746721290,569.5,569.51,569.43,569.43,42
1746721295,569.46,569.46,569.36,569.36,54
1746721300,569.36,569.38,569.34,569.34,208
1746721305,569.3,569.33,569.28,569.28,81
1746721310,569.28,569.29,569.26,569.26,104
1746721315,569.26,569.27,569.08,569.09,539
1746721320,569.1,569.14,569.04,569.09,273
1746721325,569.1,569.15,569.05,569.15,380
1746721330,569.18,569.18,569.09,569.11,389
1746721335,569.09,569.12,569.05,569.08,100
1746721340,569.07,569.08,569.0,569.08,174
1746721345,569.09,569.1,569.02,569.03,285
1746721350,569.04,569.1,569.02,569.07,983
1746721355,569.06,569.12,569.06,569.09,178
1746721360,569.08,569.14,569.05,569.1,133
1746721365,569.08,569.09,569.02,569.06,143
1746721370,569.05,569.05,569.01,569.05,287
1746721375,569.07,569.13,569.05,569.13,180
1746721380,569.1,569.16,569.04,569.06,252
1746721385,569.07,569.13,569.07,569.1,90
1746721390,569.1,569.13,569.08,569.09,73
1746721395,569.1,569.1,569.06,569.06,133
1746721400,569.02,569.13,569.02,569.13,52
1746721405,569.2,569.25,569.18,569.2,72
1746721410,569.2,569.23,569.2,569.23,28
1746721415,569.25,569.3,569.25,569.28,69
1746721420,569.29,569.29,569.26,569.27,22
1746721425,569.26,569.27,569.2,569.24,20
1746721430,569.26,569.3,569.26,569.29,35
1746721435,569.27,569.27,569.18,569.2,22
1746721440,569.21,569.23,569.2,569.22,13
1746721445,569.2,569.21,569.18,569.19,19
1746721450,569.2,569.21,569.14,569.15,125
1746721455,569.14,569.15,569.1,569.11,109
1746721460,569.12,569.16,569.11,569.15,32
1746721465,569.18,569.22,569.18,569.22,140
1746721470,569.2,569.21,569.18,569.21,55
1746721475,569.21,569.22,569.2,569.21,41
1746721480,569.22,569.24,569.22,569.24,17
1746721485,569.22,569.24,569.22,569.24,29
1746721490,569.25,569.28,569.25,569.27,28
1746721495,569.25,569.25,569.21,569.24,46
1746721500,569.22,569.28,569.22,569.27,38
1746721505,569.23,569.23,569.17,569.18,65
1746721510,569.18,569.25,569.18,569.21,36
1746721515,569.21,569.22,569.14,569.18,56
1746721520,569.18,569.18,569.16,569.16,26
1746721525,569.13,569.18,569.11,569.15,67
1746721530,569.14,569.14,569.08,569.1,105
1746721535,569.11,569.16,569.11,569.14,32
1746721540,569.14,569.17,569.12,569.17,144
1746721545,569.18,569.2,569.17,569.2,43
1746721550,569.23,569.28,569.22,569.24,127
1746721555,569.25,569.29,569.25,569.28,78
1746721560,569.28,569.29,569.23,569.23,148
1746721565,569.22,569.23,569.17,569.18,33
1746721570,569.15,569.15,569.0,569.05,142
1746721575,569.06,569.06,568.95,568.97,121
1746721580,568.98,569.13,568.98,569.01,73
1746721585,569.0,569.0,568.87,568.88,141
1746721590,568.89,568.96,568.89,568.96,231
1746721595,568.96,569.0,568.95,569.0,77
1746721600,568.99,568.99,568.94,568.97,66
1746721605,568.95,568.95,568.88,568.91,273
1746721610,568.89,568.91,568.85,568.87,86
1746721615,568.88,568.94,568.87,568.88,97
1746721620,568.91,568.93,568.9,568.93,76
1746721625,568.93,568.99,568.89,568.95,606
1746721630,568.94,568.98,568.9,568.96,69
1746721635,568.95,568.95,568.91,568.91,25
1746721640,568.9,569.01,568.89,568.98,101
1746721645,568.98,569.11,568.97,569.07,75
1746721650,569.11,569.11,569.06,569.07,91
1746721655,569.07,569.07,569.07,569.07,16
1746721660,569.06,569.06,569.05,569.05,13
1746721665,568.97,568.99,568.94,568.95,67
1746721670,568.95,568.95,568.89,568.92,230
1746721675,568.93,568.96,568.87,568.89,173
1746721680,568.86,568.91,568.86,568.91,30
1746721685,568.93,568.98,568.91,568.98,220
1746721690,568.94,568.98,568.92,568.96,68
1746721695,568.99,569.02,568.99,569.02,64
1746721700,569.03,569.09,569.03,569.05,42
1746721705,569.05,569.06,569.04,569.04,35
1746721710,569.01,569.01,568.99,569.01,51
1746721715,568.97,568.98,568.96,568.97,44
1746721720,568.98,568.98,568.87,568.88,88
1746721725,568.86,568.94,568.85,568.92,152
1746721730,568.92,568.92,568.89,568.89,115
1746721735,568.9,568.91,568.89,568.9,74
1746721740,568.91,568.96,568.87,568.87,116
1746721745,568.86,568.89,568.81,568.86,122
1746721750,568.85,568.85,568.8,568.82,144
1746721755,568.82,568.83,568.8,568.81,30
1746721760,568.82,568.82,568.76,568.79,202
1746721765,568.77,568.77,568.74,568.76,45
1746721770,568.76,568.79,568.75,568.75,170
1746721775,568.75,568.85,568.74,568.82,219
1746721780,568.8,568.81,568.77,568.79,41
1746721785,568.78,568.81,568.78,568.78,148
1746721790,568.76,568.83,568.76,568.83,87
1746721795,568.8,568.8,568.75,568.8,76
1746721800,568.8,568.84,568.77,568.82,137
1746721805,568.81,568.85,568.77,568.78,60
1746721810,568.79,568.91,568.79,568.9,55
1746721815,568.91,568.95,568.87,568.88,50
1746721820,568.88,568.9,568.8,568.8,57
1746721825,568.74,568.82,568.71,568.8,61
1746721830,568.78,568.83,568.77,568.82,26
1746721835,568.86,568.89,568.85,568.89,27
1746721840,568.87,568.87,568.85,568.85,63
1746721845,568.84,568.84,568.79,568.82,22
1746721850,568.77,568.77,568.75,568.75,53
1746721855,568.75,568.75,568.71,568.71,23
1746721860,568.73,568.89,568.72,568.86,53
1746721865,568.89,568.9,568.84,568.84,16
1746721870,568.83,568.83,568.77,568.82,45
1746721875,568.83,568.83,568.83,568.83,2
1746721880,568.89,568.93,568.89,568.89,154
1746721885,568.88,568.89,568.83,568.89,32
1746721890,568.89,568.9,568.87,568.9,67
1746721895,568.88,568.89,568.86,568.89,52
1746721900,568.89,568.92,568.87,568.88,46
1746721905,568.88,568.91,568.87,568.91,35
1746721910,568.94,568.94,568.89,568.89,98
1746721915,568.86,568.87,568.85,568.87,90
1746721920,568.89,568.93,568.89,568.91,92
1746721925,568.93,568.93,568.9,568.9,31
1746721930,568.92,568.98,568.89,568.98,83
1746721935,568.98,568.98,568.91,568.92,79
1746721940,568.92,568.95,568.89,568.93,106
1746721945,568.91,568.93,568.91,568.93,39
1746721950,568.95,569.0,568.95,569.0,87
1746721955,569.0,569.08,569.0,569.07,201
1746721960,569.09,569.11,569.02,569.02,393
1746721965,569.04,569.06,569.0,569.01,404
1746721970,569.0,569.02,568.94,568.94,133
1746721975,568.93,568.95,568.91,568.94,30
1746721980,568.96,568.99,568.89,568.9,123
1746721985,568.91,568.92,568.87,568.9,195
1746721990,568.92,568.93,568.83,568.85,72
1746721995,568.84,568.88,568.84,568.84,41
1746722000,568.87,568.93,568.84,568.93,114
1746722005,568.93,569.02,568.93,568.97,41
1746722010,568.97,569.0,568.97,569.0,32
1746722015,569.0,569.06,569.0,569.06,30
1746722020,569.06,569.09,569.03,569.06,47
1746722025,569.04,569.04,569.01,569.01,11
1746722030,569.0,569.0,568.98,569.0,16
1746722035,569.03,569.08,569.03,569.06,14
1746722040,569.04,569.06,569.04,569.04,47
1746722045,569.07,569.13,569.06,569.13,179
1746722050,569.14,569.14,569.1,569.1,143
1746722055,569.11,569.11,569.1,569.1,39
1746722060,569.1,569.11,569.08,569.11,131
1746722065,569.11,569.15,569.1,569.14,76
1746722070,569.17,569.17,569.13,569.16,44
1746722075,569.17,569.18,569.12,569.12,79
1746722080,569.11,569.11,569.02,569.02,125
1746722085,569.02,569.03,568.97,568.97,49
1746722090,568.98,568.98,568.9,568.9,39
1746722095,568.91,569.01,568.91,568.99,46
1746722100,568.98,568.98,568.92,568.95,567
1746722105,568.95,569.01,568.94,569.01,112
1746722110,569.02,569.04,568.95,568.95,129
1746722115,568.96,568.96,568.94,568.95,40
1746722120,568.98,568.98,568.97,568.97,17
1746722125,568.96,569.05,568.96,569.02,84
1746722130,569.02,569.04,568.99,569.0,57
1746722135,569.0,569.02,569.0,569.02,20
1746722140,569.02,569.07,569.02,569.06,52
1746722145,569.07,569.08,569.02,569.03,43
1746722150,569.01,569.04,568.99,569.04,10
1746722155,569.03,569.03,568.97,568.98,41
1746722160,569.03,569.04,568.98,569.01,60
1746722165,569.02,569.13,569.02,569.1,23
1746722170,569.09,569.11,569.05,569.05,61
1746722175,569.03,569.03,568.96,568.96,116
1746722180,569.01,569.01,568.99,568.99,11
1746722185,569.0,569.01,569.0,569.0,7
1746722190,569.01,569.03,568.91,568.93,146
1746722195,568.92,568.97,568.92,568.97,43
1746722200,568.95,568.99,568.93,568.98,86
1746722205,569.0,569.03,568.99,569.01,81
1746722210,569.01,569.05,569.01,569.04,40
1746722215,569.05,569.06,569.02,569.03,40
1746722220,569.05,569.05,569.03,569.04,83
1746722225,569.04,569.05,568.95,568.99,882
1746722230,568.98,568.99,568.91,568.97,169
1746722235,569.01,569.01,568.96,568.98,46
1746722240,568.98,568.98,568.92,568.92,83
1746722245,568.93,568.97,568.92,568.95,53
1746722250,568.97,569.07,568.97,569.05,49
1746722255,569.05,569.08,569.03,569.08,68
1746722260,569.1,569.17,569.09,569.17,104
1746722265,569.15,569.18,569.1,569.12,48
1746722270,569.13,569.14,569.12,569.13,15
1746722275,569.14,569.14,569.11,569.12,51
1746722280,569.14,569.16,569.14,569.14,51
1746722285,569.16,569.17,569.09,569.1,72
1746722290,569.13,569.14,569.12,569.14,49
1746722295,569.14,569.15,569.12,569.14,22
1746722300,569.15,569.15,569.12,569.14,30
1746722305,569.16,569.2,569.15,569.2,87
1746722310,569.19,569.28,569.19,569.27,135
1746722315,569.28,569.32,569.27,569.32,146
1746722320,569.33,569.33,569.31,569.33,27
1746722325,569.33,569.35,569.32,569.34,39
1746722330,569.34,569.38,569.33,569.38,239
1746722335,569.37,569.37,569.33,569.34,55
1746722340,569.35,569.37,569.35,569.36,66
1746722345,569.37,569.4,569.36,569.39,51
1746722350,569.4,569.41,569.4,569.41,26
1746722355,569.41,569.42,569.4,569.4,70
1746722360,569.41,569.47,569.41,569.42,158
1746722365,569.43,569.43,569.33,569.37,107
1746722370,569.39,569.4,569.36,569.4,129
1746722375,569.38,569.41,569.34,569.41,218
1746722380,569.44,569.44,569.35,569.37,40
1746722385,569.4,569.41,569.37,569.38,165
1746722390,569.39,569.39,569.38,569.39,19
1746722395,569.39,569.39,569.37,569.39,38
1746722400,569.38,569.41,569.37,569.39,28
1746722405,569.4,569.4,569.34,569.39,88
1746722410,569.37,569.4,569.34,569.34,87
1746722415,569.36,569.38,569.3,569.38,124
1746722420,569.36,569.37,569.29,569.35,414
1746722425,569.35,569.38,569.35,569.36,21
1746722430,569.36,569.36,569.33,569.33,102
1746722435,569.33,569.33,569.22,569.22,320
1746722440,569.23,569.26,569.18,569.18,436
1746722445,569.17,569.26,569.15,569.26,323
1746722450,569.24,569.24,569.2,569.21,295
1746722455,569.21,569.25,569.15,569.18,539
1746722460,569.19,569.26,569.18,569.26,99
1746722465,569.23,569.23,569.2,569.2,381
1746722470,569.21,569.21,569.15,569.2,110
1746722475,569.19,569.21,569.19,569.2,8
1746722480,569.21,569.22,569.16,569.2,36
1746722485,569.2,569.2,569.18,569.2,87
1746722490,569.21,569.26,569.21,569.23,195
1746722495,569.22,569.23,569.19,569.22,330
1746722500,569.2,569.24,569.2,569.22,236
1746722505,569.23,569.23,569.2,569.22,118
1746722510,569.22,569.26,569.22,569.26,77
1746722515,569.27,569.28,569.27,569.27,70
1746722520,569.3,569.34,569.27,569.33,382
1746722525,569.32,569.34,569.31,569.34,11
1746722530,569.33,569.33,569.3,569.32,40
1746722535,569.32,569.32,569.31,569.32,34
1746722540,569.31,569.34,569.29,569.34,236
1746722545,569.33,569.38,569.32,569.33,55
1746722550,569.33,569.35,569.25,569.25,578
1746722555,569.25,569.34,569.24,569.29,926
1746722560,569.29,569.29,569.27,569.29,59
1746722565,569.3,569.31,569.27,569.28,61
1746722570,569.27,569.28,569.27,569.27,51
1746722575,569.27,569.28,569.25,569.26,104
1746722580,569.26,569.27,569.25,569.25,112
1746722585,569.25,569.35,569.23,569.35,94
1746722590,569.36,569.37,569.35,569.36,79
1746722595,569.37,569.45,569.35,569.45,173
1746722600,569.48,569.52,569.48,569.51,60
1746722605,569.52,569.54,569.51,569.52,44
1746722610,569.54,569.62,569.54,569.62,140
1746722615,569.61,569.64,569.6,569.61,89
1746722620,569.6,569.66,569.6,569.66,76
1746722625,569.64,569.69,569.62,569.69,158
1746722630,569.67,569.73,569.67,569.7,182
1746722635,569.71,569.72,569.69,569.69,92
1746722640,569.7,569.74,569.7,569.7,172
1746722645,569.7,569.72,569.62,569.65,480
1746722650,569.64,569.68,569.57,569.68,1408
1746722655,569.68,569.69,569.67,569.68,42
1746722660,569.69,569.71,569.67,569.7,97
1746722665,569.7,569.72,569.66,569.67,123
1746722670,569.66,569.71,569.66,569.69,83
1746722675,569.7,569.81,569.7,569.78,1002
1746722680,569.75,569.75,569.69,569.72,83
1746722685,569.74,569.74,569.63,569.63,53
1746722690,569.67,569.7,569.66,569.7,47
1746722695,569.67,569.71,569.67,569.71,46
1746722700,569.69,569.69,569.65,569.69,133
1746722705,569.67,569.68,569.61,569.64,120
1746722710,569.66,569.66,569.64,569.66,130
1746722715,569.66,569.66,569.46,569.51,269
1746722720,569.51,569.52,569.46,569.5,105
1746722725,569.5,569.53,569.47,569.53,104
1746722730,569.53,569.6,569.53,569.6,82
1746722735,569.65,569.66,569.62,569.63,75
1746722740,569.64,569.71,569.64,569.71,45
1746722745,569.7,569.73,569.69,569.73,35
1746722750,569.72,569.74,569.7,569.7,31
1746722755,569.71,569.71,569.67,569.67,50
1746722760,569.67,569.67,569.57,569.57,112
1746722765,569.58,569.6,569.44,569.5,96
1746722770,569.55,569.58,569.54,569.56,15
1746722775,569.61,569.65,569.6,569.6,159
1746722780,569.62,569.65,569.62,569.65,12
1746722785,569.65,569.67,569.65,569.66,47
1746722790,569.66,569.69,569.65,569.65,58
1746722795,569.63,569.7,569.63,569.7,36
1746722800,569.68,569.69,569.6,569.6,55
1746722805,569.6,569.62,569.59,569.62,39
1746722810,569.63,569.66,569.62,569.65,25
1746722815,569.65,569.66,569.63,569.63,36
1746722820,569.65,569.65,569.59,569.59,57
1746722825,569.59,569.59,569.56,569.58,82
1746722830,569.58,569.65,569.58,569.65,39
1746722835,569.67,569.68,569.63,569.64,48
1746722840,569.63,569.64,569.55,569.57,82
1746722845,569.57,569.57,569.56,569.56,14
1746722850,569.56,569.62,569.56,569.59,128
1746722855,569.59,569.63,569.59,569.62,70
1746722860,569.62,569.62,569.6,569.61,37
1746722865,569.61,569.63,569.6,569.63,115
1746722870,569.63,569.65,569.63,569.65,25
1746722875,569.67,569.68,569.65,569.65,26
1746722880,569.68,569.72,569.66,569.69,92
1746722885,569.71,569.79,569.71,569.79,52
1746722890,569.78,569.85,569.78,569.8,194
1746722895,569.81,569.86,569.79,569.8,178
1746722900,569.79,569.8,569.79,569.79,7
1746722905,569.83,569.88,569.83,569.86,23
1746722910,569.88,569.89,569.83,569.86,179
1746722915,569.86,569.86,569.8,569.81,77
1746722920,569.82,569.83,569.81,569.82,31
1746722925,569.83,569.87,569.82,569.84,132
1746722930,569.84,569.86,569.82,569.84,155
1746722935,569.87,569.87,569.83,569.83,37
1746722940,569.84,569.86,569.82,569.85,89
1746722945,569.85,569.87,569.85,569.86,211
1746722950,569.86,569.94,569.85,569.94,733
1746722955,569.93,569.99,569.93,569.98,313
1746722960,569.96,569.97,569.93,569.95,540
1746722965,569.95,569.96,569.9,569.9,114
1746722970,569.91,569.97,569.91,569.97,143
1746722975,569.97,569.97,569.95,569.95,26
1746722980,569.96,570.07,569.95,570.01,885
1746722985,570.01,570.07,570.0,570.01,142
1746722990,570.0,570.0,569.95,569.95,101
1746722995,569.96,569.99,569.93,569.94,308
1746723000,569.96,569.97,569.93,569.93,193
1746723005,569.93,569.97,569.9,569.97,235
1746723010,569.97,570.01,569.95,569.96,129
1746723015,569.96,570.0,569.96,569.98,302
1746723020,569.99,570.0,569.95,569.96,871
1746723025,569.96,569.96,569.93,569.95,254
1746723030,569.94,569.94,569.84,569.92,200
1746723035,569.95,569.98,569.93,569.98,77
1746723040,569.99,570.0,569.97,569.97,140
1746723045,569.97,569.99,569.96,569.97,81
1746723050,569.98,569.99,569.97,569.97,95
1746723055,569.97,569.98,569.96,569.96,74
1746723060,569.98,569.99,569.96,569.98,38
1746723065,569.98,570.08,569.98,570.04,109
1746723070,570.06,570.1,570.03,570.08,248
1746723075,570.08,570.26,570.07,570.23,192
1746723080,570.25,570.28,570.24,570.28,125
1746723085,570.25,570.26,570.22,570.26,145
1746723090,570.25,570.25,570.17,570.21,91
1746723095,570.2,570.2,570.12,570.16,127
1746723100,570.15,570.17,570.14,570.17,73
1746723105,570.15,570.28,570.15,570.22,146
1746723110,570.21,570.22,570.21,570.22,61
1746723115,570.23,570.23,570.19,570.19,34
1746723120,570.2,570.23,570.19,570.22,151
1746723125,570.23,570.25,570.19,570.23,210
1746723130,570.22,570.27,570.21,570.26,327
1746723135,570.25,570.29,570.25,570.27,147
1746723140,570.25,570.3,570.25,570.3,62
1746723145,570.31,570.31,570.28,570.3,99
1746723150,570.3,570.31,570.27,570.3,198
1746723155,570.3,570.31,570.27,570.27,38
1746723160,570.28,570.28,570.21,570.22,75
1746723165,570.22,570.22,570.17,570.2,173
1746723170,570.19,570.19,570.14,570.14,56
1746723175,570.13,570.15,570.09,570.09,260
1746723180,570.08,570.08,570.04,570.05,167
1746723185,570.07,570.11,570.05,570.09,611
1746723190,570.1,570.1,570.07,570.08,723
1746723195,570.1,570.15,570.1,570.13,70
1746723200,570.13,570.14,570.1,570.1,77
1746723205,570.1,570.1,570.09,570.1,27
1746723210,570.12,570.15,570.11,570.15,54
1746723215,570.14,570.16,570.13,570.13,38
1746723220,570.12,570.14,570.11,570.14,115
1746723225,570.15,570.18,570.15,570.18,75
1746723230,570.18,570.18,570.15,570.15,69
1746723235,570.15,570.18,570.15,570.18,84
1746723240,570.19,570.2,570.17,570.17,72
1746723245,570.16,570.19,570.16,570.18,72
1746723250,570.18,570.23,570.17,570.23,112
1746723255,570.24,570.24,570.08,570.09,367
1746723260,570.1,570.14,570.09,570.12,60
1746723265,570.12,570.19,570.12,570.19,150
1746723270,570.19,570.22,570.19,570.22,83
1746723275,570.23,570.25,570.19,570.19,88
1746723280,570.2,570.21,570.19,570.2,22
1746723285,570.19,570.22,570.19,570.2,32
1746723290,570.2,570.2,570.17,570.18,73
1746723295,570.17,570.17,570.14,570.15,61
1746723300,570.14,570.19,570.14,570.17,41
1746723305,570.16,570.16,570.1,570.1,160
1746723310,570.08,570.11,570.05,570.05,118
1746723315,570.05,570.1,570.01,570.1,370
1746723320,570.1,570.1,570.07,570.09,34
1746723325,570.09,570.12,570.09,570.12,60
1746723330,570.12,570.13,570.09,570.09,395
1746723335,570.11,570.14,570.11,570.14,58
1746723340,570.14,570.17,570.14,570.17,31
1746723345,570.18,570.18,570.16,570.18,20
1746723350,570.17,570.18,570.14,570.14,57
1746723355,570.14,570.14,570.14,570.14,47
1746723360,570.14,570.17,570.13,570.13,58
1746723365,570.13,570.13,570.11,570.13,46
1746723370,570.13,570.15,570.13,570.13,58
1746723375,570.12,570.12,570.08,570.1,41
1746723380,570.08,570.11,570.03,570.11,88
1746723385,570.11,570.11,570.05,570.07,50
1746723390,570.06,570.11,570.05,570.11,84
1746723395,570.1,570.1,570.06,570.08,77
1746723400,570.08,570.09,570.07,570.07,95
1746723405,570.08,570.09,570.03,570.04,151
1746723410,570.04,570.15,570.04,570.14,245
1746723415,570.16,570.18,570.14,570.15,79
1746723420,570.14,570.18,570.13,570.14,174
1746723425,570.14,570.16,570.09,570.09,96
1746723430,570.08,570.13,570.07,570.13,37
1746723435,570.13,570.13,570.1,570.11,42
1746723440,570.11,570.11,570.1,570.11,17
1746723445,570.11,570.13,570.09,570.11,118
1746723450,570.13,570.13,570.08,570.08,63
1746723455,570.08,570.12,570.06,570.12,63
1746723460,570.11,570.16,570.1,570.16,127
1746723465,570.13,570.14,570.09,570.11,71
1746723470,570.13,570.17,570.12,570.17,22
1746723475,570.18,570.19,570.16,570.17,56
1746723480,570.17,570.18,570.1,570.16,97
1746723485,570.16,570.17,570.16,570.16,72
1746723490,570.16,570.19,570.14,570.15,181
1746723495,570.15,570.15,570.14,570.14,16
1746723500,570.14,570.14,570.12,570.12,27
1746723505,570.11,570.15,570.11,570.15,65
1746723510,570.15,570.18,570.15,570.17,147
1746723515,570.17,570.18,570.16,570.16,85
1746723520,570.17,570.18,570.1,570.13,64
1746723525,570.14,570.14,570.12,570.12,30
1746723530,570.12,570.13,570.09,570.09,29
1746723535,570.08,570.23,570.07,570.22,350
1746723540,570.18,570.24,570.18,570.2,425
1746723545,570.21,570.21,570.16,570.18,41
1746723550,570.19,570.22,570.19,570.2,58
1746723555,570.2,570.2,570.15,570.17,65
1746723560,570.18,570.19,570.14,570.14,100
1746723565,570.14,570.15,570.09,570.09,81
1746723570,570.09,570.11,570.08,570.08,71
1746723575,570.04,570.05,570.03,570.04,70
1746723580,570.05,570.05,570.0,570.02,142
1746723585,570.02,570.1,570.02,570.08,289
1746723590,570.11,570.11,570.05,570.11,292
1746723595,570.11,570.13,570.1,570.12,52
1746723600,570.11,570.21,570.07,570.17,266
1746723605,570.19,570.19,570.12,570.16,83
1746723610,570.14,570.14,570.07,570.07,132
1746723615,570.08,570.08,570.03,570.03,100
1746723620,570.05,570.05,570.02,570.04,85
1746723625,570.02,570.13,570.0,570.12,174
1746723630,570.1,570.1,570.07,570.09,106
1746723635,570.09,570.1,570.09,570.1,45
1746723640,570.08,570.09,570.05,570.08,82
1746723645,570.08,570.09,570.02,570.02,108
1746723650,570.02,570.03,569.97,570.02,286
1746723655,569.97,570.0,569.92,569.96,240
1746723660,569.98,569.98,569.84,569.87,608
1746723665,569.86,569.93,569.86,569.91,202
1746723670,569.88,569.91,569.84,569.88,161
1746723675,569.84,569.85,569.82,569.82,175
1746723680,569.82,569.93,569.81,569.84,129
1746723685,569.83,569.88,569.83,569.88,100
1746723690,569.88,569.92,569.87,569.89,46
1746723695,569.92,569.93,569.9,569.93,17
1746723700,569.93,569.93,569.86,569.86,110
1746723705,569.86,569.91,569.85,569.9,69
1746723710,569.88,569.89,569.85,569.87,86
1746723715,569.86,569.93,569.86,569.91,133
1746723720,569.92,570.0,569.91,569.96,350
1746723725,569.94,569.94,569.67,569.73,1101
1746723730,569.76,569.88,569.76,569.82,363
1746723735,569.84,569.84,569.73,569.74,165
1746723740,569.74,569.78,569.6,569.68,422
1746723745,569.69,569.73,569.65,569.73,120
1746723750,569.73,569.77,569.67,569.74,768
1746723755,569.72,569.73,569.65,569.72,195
1746723760,569.68,569.71,569.67,569.7,147
1746723765,569.68,569.73,569.65,569.72,241
1746723770,569.69,569.74,569.68,569.7,196
1746723775,569.7,569.7,569.61,569.61,90
1746723780,569.63,569.74,569.62,569.71,180
1746723785,569.72,569.73,569.69,569.69,153
1746723790,569.7,569.75,569.69,569.71,78
1746723795,569.72,569.8,569.72,569.75,162
1746723800,569.75,569.79,569.75,569.76,49
1746723805,569.77,569.8,569.76,569.77,74
1746723810,569.77,569.78,569.66,569.66,82
1746723815,569.67,569.73,569.67,569.7,50
1746723820,569.72,569.73,569.68,569.72,93
1746723825,569.7,569.74,569.7,569.73,36
1746723830,569.74,569.77,569.74,569.75,101
1746723835,569.75,569.75,569.71,569.73,43
1746723840,569.74,569.74,569.7,569.72,42
1746723845,569.71,569.71,569.67,569.71,44
1746723850,569.68,569.77,569.68,569.77,47
1746723855,569.7,569.74,569.7,569.74,52
1746723860,569.71,569.75,569.7,569.75,46
1746723865,569.73,569.73,569.7,569.73,22
1746723870,569.71,569.71,569.69,569.7,45
1746723875,569.68,569.7,569.61,569.7,193
1746723880,569.7,569.71,569.67,569.69,171
1746723885,569.68,569.68,569.63,569.65,86
1746723890,569.66,569.66,569.52,569.56,369
1746723895,569.58,569.63,569.57,569.62,21
1746723900,569.59,569.61,569.5,569.52,72
1746723905,569.53,569.55,569.49,569.51,98
1746723910,569.52,569.52,569.4,569.43,380
1746723915,569.41,569.43,569.34,569.42,500
1746723920,569.4,569.41,569.37,569.39,165
1746723925,569.4,569.45,569.37,569.42,177
1746723930,569.41,569.47,569.41,569.46,27
1746723935,569.46,569.46,569.41,569.45,52
1746723940,569.47,569.49,569.42,569.48,191
1746723945,569.47,569.47,569.4,569.41,245
1746723950,569.43,569.43,569.4,569.42,77
1746723955,569.43,569.58,569.43,569.58,104
1746723960,569.61,569.62,569.54,569.56,236
1746723965,569.57,569.57,569.5,569.56,95
1746723970,569.56,569.56,569.43,569.43,58
1746723975,569.43,569.43,569.39,569.4,344
1746723980,569.42,569.56,569.42,569.56,43
1746723985,569.56,569.6,569.54,569.56,277
1746723990,569.55,569.57,569.45,569.47,171
1746723995,569.5,569.52,569.49,569.51,202
1746724000,569.52,569.57,569.5,569.5,95
1746724005,569.51,569.52,569.45,569.46,159
1746724010,569.49,569.5,569.48,569.48,63
1746724015,569.46,569.48,569.45,569.46,78
1746724020,569.48,569.53,569.46,569.53,99
1746724025,569.52,569.56,569.5,569.51,150
1746724030,569.52,569.52,569.52,569.52,2
1746724035,569.55,569.62,569.55,569.61,135
1746724040,569.62,569.7,569.61,569.69,388
1746724045,569.67,569.67,569.65,569.66,46
1746724050,569.65,569.68,569.64,569.68,12
1746724055,569.67,569.67,569.63,569.66,59
1746724060,569.67,569.7,569.66,569.7,135
1746724065,569.71,569.79,569.7,569.79,721
1746724070,569.79,569.81,569.77,569.81,159
1746724075,569.8,569.81,569.77,569.77,50
1746724080,569.8,569.8,569.75,569.75,122
1746724085,569.77,569.77,569.75,569.76,76
1746724090,569.74,569.76,569.74,569.76,41
1746724095,569.74,569.74,569.65,569.66,89
1746724100,569.63,569.69,569.63,569.69,45
1746724105,569.69,569.72,569.69,569.7,71
1746724110,569.71,569.71,569.68,569.68,8
1746724115,569.69,569.71,569.65,569.67,82
1746724120,569.67,569.67,569.59,569.59,140
1746724125,569.62,569.63,569.57,569.57,23
1746724130,569.59,569.6,569.53,569.55,44
1746724135,569.54,569.63,569.5,569.63,319
1746724140,569.61,569.62,569.58,569.61,48
1746724145,569.61,569.61,569.58,569.59,10
1746724150,569.6,569.6,569.5,569.5,57
1746724155,569.49,569.49,569.48,569.48,60
1746724160,569.48,569.48,569.45,569.47,78
1746724165,569.45,569.45,569.41,569.44,210
1746724170,569.44,569.54,569.43,569.52,100
1746724175,569.5,569.51,569.49,569.49,15
1746724180,569.48,569.5,569.43,569.43,68
1746724185,569.44,569.44,569.38,569.39,349
1746724190,569.39,569.4,569.38,569.39,22
1746724195,569.39,569.4,569.33,569.33,54
1746724200,569.34,569.38,569.34,569.36,156
1746724205,569.35,569.35,569.28,569.3,113
1746724210,569.31,569.34,569.26,569.27,44
1746724215,569.28,569.29,569.18,569.21,166
1746724220,569.21,569.29,569.21,569.23,66
1746724225,569.24,569.24,569.2,569.23,98
1746724230,569.23,569.23,569.22,569.22,27
1746724235,569.24,569.39,569.24,569.37,137
1746724240,569.38,569.38,569.35,569.38,175
1746724245,569.38,569.42,569.36,569.39,48
1746724250,569.36,569.37,569.35,569.35,25
1746724255,569.35,569.4,569.35,569.38,30
1746724260,569.37,569.37,569.18,569.19,801
1746724265,569.19,569.25,569.19,569.25,59
1746724270,569.31,569.32,569.28,569.29,35
1746724275,569.3,569.3,569.22,569.24,148
1746724280,569.21,569.24,569.21,569.23,27
1746724285,569.25,569.33,569.24,569.33,178
1746724290,569.33,569.33,569.29,569.29,72
1746724295,569.31,569.35,569.31,569.33,55
1746724300,569.35,569.4,569.35,569.39,132
1746724305,569.4,569.46,569.4,569.46,103
1746724310,569.44,569.44,569.39,569.41,64
1746724315,569.4,569.4,569.34,569.34,77
1746724320,569.35,569.37,569.34,569.36,55
1746724325,569.36,569.36,569.33,569.33,33
1746724330,569.33,569.33,569.31,569.31,30
1746724335,569.28,569.29,569.26,569.26,44
1746724340,569.27,569.27,569.24,569.27,57
1746724345,569.26,569.27,569.24,569.24,136
1746724350,569.25,569.26,569.2,569.2,60
1746724355,569.2,569.2,569.04,569.06,974
1746724360,569.05,569.15,569.04,569.15,195
1746724365,569.14,569.26,569.14,569.26,99
1746724370,569.21,569.26,569.2,569.24,73
1746724375,569.24,569.24,569.21,569.23,60
1746724380,569.21,569.28,569.21,569.27,114
1746724385,569.26,569.27,569.23,569.24,70
1746724390,569.25,569.36,569.25,569.36,214
1746724395,569.33,569.36,569.33,569.36,65
1746724400,569.33,569.34,569.31,569.34,117
1746724405,569.34,569.36,569.33,569.35,66
1746724410,569.36,569.38,569.36,569.38,73
1746724415,569.36,569.38,569.36,569.36,199
1746724420,569.37,569.37,569.35,569.35,25
1746724425,569.34,569.34,569.34,569.34,12
1746724430,569.35,569.42,569.34,569.35,110
1746724435,569.36,569.4,569.36,569.39,68
1746724440,569.4,569.41,569.29,569.3,229
1746724445,569.3,569.34,569.3,569.34,88
1746724450,569.32,569.34,569.28,569.3,157
1746724455,569.31,569.32,569.29,569.3,166
1746724460,569.29,569.29,569.29,569.29,7
1746724465,569.24,569.24,569.21,569.23,203
1746724470,569.21,569.24,569.19,569.24,258
1746724475,569.24,569.24,569.22,569.22,49
1746724480,569.24,569.24,569.17,569.19,194
1746724485,569.2,569.22,569.18,569.22,83
1746724490,569.22,569.25,569.2,569.25,151
1746724495,569.25,569.28,569.25,569.28,95
1746724500,569.29,569.3,569.26,569.26,31
1746724505,569.3,569.34,569.28,569.34,184
1746724510,569.36,569.36,569.33,569.36,66
1746724515,569.34,569.44,569.34,569.4,665
1746724520,569.39,569.4,569.36,569.36,117
1746724525,569.38,569.38,569.26,569.28,187
1746724530,569.27,569.29,569.22,569.23,461
1746724535,569.21,569.22,569.21,569.21,29
1746724540,569.22,569.24,569.22,569.23,58
1746724545,569.21,569.21,569.19,569.21,59
1746724550,569.2,569.23,569.19,569.23,67
1746724555,569.23,569.23,569.21,569.22,21
1746724560,569.22,569.24,569.2,569.2,154
1746724565,569.19,569.19,569.18,569.19,21
1746724570,569.18,569.28,569.18,569.24,82
1746724575,569.23,569.27,569.22,569.27,22
1746724580,569.3,569.35,569.3,569.35,53
1746724585,569.32,569.33,569.24,569.24,61
1746724590,569.24,569.25,569.14,569.14,145
1746724595,569.16,569.17,569.14,569.14,21
1746724600,569.15,569.17,569.15,569.17,28
1746724605,569.15,569.16,569.1,569.11,93
1746724610,569.11,569.19,569.09,569.19,201
1746724615,569.2,569.27,569.19,569.22,25
1746724620,569.22,569.23,569.16,569.17,25
1746724625,569.17,569.19,569.17,569.18,35
1746724630,569.16,569.17,569.15,569.15,10
1746724635,569.18,569.21,569.18,569.21,30
1746724640,569.17,569.22,569.17,569.22,79
1746724645,569.25,569.26,569.25,569.25,23
1746724650,569.24,569.26,569.23,569.23,11
1746724655,569.23,569.24,569.21,569.21,44
1746724660,569.22,569.22,569.14,569.18,39
1746724665,569.17,569.19,569.17,569.19,7
1746724670,569.22,569.22,569.18,569.18,30
1746724675,569.2,569.21,569.2,569.21,9
1746724680,569.23,569.23,569.2,569.2,21
1746724685,569.2,569.2,569.19,569.19,26
1746724690,569.18,569.19,569.18,569.18,34
1746724695,569.18,569.18,569.11,569.13,32
1746724700,569.18,569.19,569.12,569.12,29
1746724705,569.15,569.15,569.14,569.14,9
1746724710,569.14,569.14,569.12,569.13,18
1746724715,569.13,569.13,569.1,569.1,31
1746724720,569.12,569.14,569.1,569.14,27
1746724725,569.13,569.13,569.1,569.1,10
1746724730,569.1,569.15,569.09,569.13,31
1746724735,569.11,569.18,569.11,569.17,20
1746724740,569.19,569.19,569.16,569.16,10
1746724745,569.17,569.18,569.17,569.17,2
1746724750,569.16,569.19,569.16,569.16,61
1746724755,569.2,569.2,569.1,569.12,59
1746724760,569.16,569.19,569.16,569.18,16
1746724765,569.18,569.2,569.17,569.18,16
1746724770,569.17,569.19,569.17,569.19,8
1746724775,569.2,569.2,569.2,569.2,5
1746724780,569.23,569.23,569.21,569.21,5
1746724785,569.2,569.21,569.2,569.21,18
1746724790,569.23,569.23,569.22,569.22,39
1746724795,569.23,569.24,569.21,569.21,37
1746724800,569.22,569.23,569.21,569.21,35
1746724805,569.23,569.23,569.19,569.19,41
1746724810,569.2,569.2,569.12,569.18,51
1746724815,569.17,569.18,569.14,569.18,21
1746724820,569.18,569.2,569.15,569.15,39
1746724825,569.16,569.18,569.16,569.18,7
1746724830,569.15,569.19,569.15,569.19,68
1746724835,569.2,569.2,569.16,569.16,34
1746724840,569.16,569.16,569.02,569.02,207
1746724845,569.02,569.06,569.0,569.02,44
1746724850,569.0,569.01,568.89,568.93,217
1746724855,568.9,568.94,568.9,568.94,88
1746724860,568.94,569.01,568.91,569.0,133
1746724865,568.98,569.02,568.98,569.01,16
1746724870,569.02,569.14,569.02,569.12,104
1746724875,569.12,569.12,569.1,569.12,64
1746724880,569.1,569.14,569.1,569.14,26
1746724885,569.11,569.11,569.04,569.07,32
1746724890,569.08,569.08,569.08,569.08,2
1746724895,569.11,569.13,569.07,569.07,57
1746724900,569.07,569.07,568.99,568.99,64
1746724905,568.97,568.99,568.92,568.95,54
1746724910,568.93,568.95,568.91,568.95,36
1746724915,568.94,569.0,568.93,569.0,166
1746724920,569.0,569.02,569.0,569.01,22
1746724925,569.01,569.09,569.01,569.04,94
1746724930,569.02,569.05,569.02,569.05,28
1746724935,569.06,569.09,569.05,569.05,50
1746724940,569.03,569.08,569.03,569.08,35
1746724945,569.08,569.09,569.07,569.07,12
1746724950,569.06,569.1,569.04,569.1,103
1746724955,569.09,569.21,569.09,569.2,130
1746724960,569.2,569.22,569.18,569.22,89
1746724965,569.24,569.28,569.24,569.26,71
1746724970,569.27,569.3,569.27,569.29,153
1746724975,569.29,569.33,569.29,569.33,98
1746724980,569.3,569.32,569.28,569.29,51
1746724985,569.29,569.35,569.29,569.35,23
1746724990,569.36,569.38,569.35,569.36,52
1746724995,569.35,569.44,569.35,569.43,29
1746725000,569.43,569.45,569.37,569.38,57
1746725005,569.4,569.41,569.38,569.4,47
1746725010,569.39,569.45,569.39,569.44,98
1746725015,569.42,569.47,569.41,569.47,63
1746725020,569.47,569.5,569.44,569.49,218
1746725025,569.47,569.52,569.47,569.52,108
1746725030,569.51,569.53,569.46,569.46,170
1746725035,569.45,569.47,569.44,569.47,48
1746725040,569.48,569.48,569.46,569.47,14
1746725045,569.48,569.49,569.47,569.49,20
1746725050,569.5,569.57,569.5,569.57,201
1746725055,569.56,569.57,569.54,569.54,47
1746725060,569.55,569.55,569.52,569.53,144
1746725065,569.54,569.55,569.53,569.53,75
1746725070,569.53,569.57,569.53,569.57,205
1746725075,569.57,569.59,569.56,569.58,96
1746725080,569.58,569.58,569.51,569.51,110
1746725085,569.5,569.56,569.49,569.53,76
1746725090,569.54,569.56,569.54,569.54,58
1746725095,569.54,569.58,569.54,569.56,66
1746725100,569.55,569.56,569.5,569.52,79
1746725105,569.48,569.48,569.33,569.33,193
1746725110,569.33,569.35,569.29,569.33,87
1746725115,569.3,569.32,569.28,569.31,52
1746725120,569.32,569.35,569.29,569.32,119
1746725125,569.32,569.32,569.27,569.28,49
1746725130,569.24,569.24,569.2,569.21,61
1746725135,569.2,569.22,569.2,569.22,70
1746725140,569.2,569.22,569.19,569.22,45
1746725145,569.24,569.26,569.23,569.26,37
1746725150,569.25,569.27,569.23,569.24,31
1746725155,569.23,569.27,569.23,569.27,149
1746725160,569.28,569.28,569.24,569.24,216
1746725165,569.21,569.24,569.21,569.24,12
1746725170,569.26,569.32,569.26,569.31,26
1746725175,569.32,569.32,569.29,569.3,62
1746725180,569.33,569.34,569.28,569.29,61
1746725185,569.3,569.3,569.28,569.28,181
1746725190,569.3,569.3,569.29,569.29,20
1746725195,569.3,569.35,569.28,569.35,253
1746725200,569.35,569.38,569.35,569.35,43
1746725205,569.36,569.38,569.36,569.37,17
1746725210,569.37,569.38,569.35,569.38,35
1746725215,569.37,569.37,569.35,569.35,42
1746725220,569.33,569.33,569.28,569.33,63
1746725225,569.33,569.33,569.33,569.33,8
1746725230,569.33,569.33,569.28,569.31,41
1746725235,569.31,569.31,569.29,569.29,5
1746725240,569.3,569.3,569.28,569.28,15
1746725245,569.3,569.3,569.29,569.29,10
1746725250,569.28,569.28,569.15,569.18,54
1746725255,569.18,569.2,569.17,569.2,17
1746725260,569.21,569.24,569.2,569.24,15
1746725265,569.22,569.25,569.2,569.2,36
1746725270,569.2,569.2,569.15,569.16,48
1746725275,569.18,569.22,569.18,569.22,17
1746725280,569.19,569.2,569.19,569.19,9
1746725285,569.2,569.2,569.19,569.2,25
1746725290,569.2,569.2,569.17,569.2,44
1746725295,569.2,569.21,569.18,569.21,20
1746725300,569.21,569.21,569.21,569.21,0
1746725305,569.23,569.24,569.23,569.23,20
1746725310,569.26,569.26,569.23,569.23,36
1746725315,569.23,569.25,569.22,569.22,48
1746725320,569.25,569.26,569.25,569.26,20
1746725325,569.28,569.37,569.28,569.37,19
1746725330,569.36,569.4,569.35,569.38,24
1746725335,569.4,569.4,569.38,569.38,25
1746725340,569.4,569.41,569.33,569.33,32
1746725345,569.31,569.32,569.28,569.29,20
1746725350,569.31,569.33,569.25,569.26,42
1746725355,569.26,569.28,569.26,569.26,16
1746725360,569.28,569.28,569.17,569.17,47
1746725365,569.16,569.16,569.09,569.09,59
1746725370,569.1,569.11,569.03,569.03,135
1746725375,569.03,569.11,569.03,569.11,84
1746725380,569.15,569.16,569.14,569.16,8
1746725385,569.19,569.19,569.19,569.19,7
1746725390,569.2,569.21,569.16,569.16,28
1746725395,569.2,569.2,569.18,569.2,307
1746725400,569.2,569.22,569.19,569.22,38
1746725405,569.23,569.24,569.2,569.21,70
1746725410,569.21,569.23,569.17,569.19,204
1746725415,569.19,569.19,569.1,569.1,60
1746725420,569.1,569.15,569.09,569.15,40
1746725425,569.15,569.16,569.09,569.12,31
1746725430,569.1,569.13,569.1,569.1,68
1746725435,569.18,569.19,569.18,569.19,13
1746725440,569.16,569.21,569.15,569.18,41
1746725445,569.18,569.19,569.18,569.18,32
1746725450,569.16,569.16,569.16,569.16,2
1746725455,569.2,569.2,569.18,569.18,17
1746725460,569.16,569.16,569.15,569.15,10
1746725465,569.14,569.25,569.14,569.24,76
1746725470,569.26,569.28,569.26,569.28,92
1746725475,569.26,569.28,569.23,569.28,10
1746725480,569.25,569.25,569.25,569.25,2
1746725485,569.27,569.28,569.23,569.26,58
1746725490,569.21,569.21,569.14,569.16,67
1746725495,569.19,569.31,569.19,569.28,27
1746725500,569.27,569.27,569.26,569.26,9
1746725505,569.24,569.28,569.24,569.25,22
1746725510,569.26,569.33,569.26,569.29,456
1746725515,569.29,569.3,569.27,569.3,16
1746725520,569.32,569.32,569.25,569.27,126
1746725525,569.31,569.33,569.3,569.32,20
1746725530,569.32,569.34,569.32,569.33,148
1746725535,569.33,569.33,569.29,569.29,25
1746725540,569.3,569.3,569.28,569.28,9
1746725545,569.25,569.29,569.25,569.29,26
1746725550,569.29,569.3,569.29,569.29,12
1746725555,569.29,569.38,569.29,569.37,39
1746725560,569.39,569.39,569.37,569.37,51
1746725565,569.37,569.37,569.34,569.34,12
1746725570,569.33,569.34,569.32,569.32,16
1746725575,569.27,569.31,569.27,569.3,105
1746725580,569.31,569.32,569.22,569.23,66
1746725585,569.27,569.29,569.18,569.18,24
1746725590,569.2,569.21,569.16,569.18,164
1746725595,569.15,569.15,569.06,569.06,96
1746725600,569.0,569.0,568.96,568.96,142
1746725605,568.98,568.99,568.88,568.88,294
1746725610,568.89,568.93,568.89,568.91,112
1746725615,568.9,568.9,568.8,568.8,214
1746725620,568.82,568.91,568.82,568.89,72
1746725625,568.89,568.99,568.89,568.96,88
1746725630,568.98,569.0,568.96,568.96,141
1746725635,568.93,568.94,568.89,568.89,51
1746725640,568.92,568.92,568.87,568.89,85
1746725645,568.87,568.87,568.75,568.79,245
1746725650,568.78,568.8,568.77,568.79,68
1746725655,568.81,568.82,568.78,568.78,131
1746725660,568.78,568.78,568.74,568.74,175
1746725665,568.72,568.76,568.65,568.73,280
1746725670,568.78,568.78,568.71,568.73,239
1746725675,568.73,568.75,568.68,568.68,42
1746725680,568.67,568.68,568.65,568.66,65
1746725685,568.67,568.73,568.66,568.67,222
1746725690,568.66,568.69,568.59,568.61,74
1746725695,568.6,568.65,568.56,568.64,168
1746725700,568.64,568.66,568.54,568.56,266
1746725705,568.56,568.6,568.54,568.6,104
1746725710,568.58,568.59,568.54,568.56,61
1746725715,568.58,568.58,568.48,568.48,293
1746725720,568.5,568.5,568.29,568.33,279
1746725725,568.35,568.4,568.34,568.4,132
1746725730,568.44,568.63,568.44,568.59,116
1746725735,568.61,568.62,568.53,568.57,504
1746725740,568.56,568.58,568.55,568.57,65
1746725745,568.55,568.56,568.44,568.46,107
1746725750,568.43,568.48,568.41,568.47,79
1746725755,568.46,568.5,568.43,568.5,78
1746725760,568.51,568.58,568.51,568.55,179
1746725765,568.54,568.64,568.48,568.61,58
1746725770,568.64,568.65,568.58,568.6,63
1746725775,568.6,568.6,568.53,568.56,81
1746725780,568.54,568.55,568.47,568.47,109
1746725785,568.49,568.49,568.37,568.39,709
1746725790,568.41,568.48,568.41,568.48,36
1746725795,568.45,568.52,568.45,568.51,116
1746725800,568.54,568.54,568.5,568.5,57
1746725805,568.49,568.5,568.45,568.47,37
1746725810,568.49,568.54,568.47,568.48,84
1746725815,568.48,568.49,568.43,568.43,237
1746725820,568.48,568.48,568.35,568.43,109
1746725825,568.41,568.44,568.41,568.44,62
1746725830,568.46,568.48,568.45,568.48,59
1746725835,568.49,568.54,568.48,568.54,28
1746725840,568.51,568.57,568.51,568.55,46
1746725845,568.59,568.61,568.57,568.57,25
1746725850,568.56,568.66,568.53,568.66,164
1746725855,568.67,568.78,568.66,568.71,217
1746725860,568.7,568.71,568.65,568.66,58
1746725865,568.7,568.7,568.66,568.69,64
1746725870,568.69,568.7,568.65,568.65,79
1746725875,568.63,568.69,568.61,568.69,39
1746725880,568.65,568.75,568.65,568.75,35
1746725885,568.77,568.78,568.72,568.73,13
1746725890,568.73,568.75,568.71,568.71,46
1746725895,568.73,568.77,568.72,568.77,43
1746725900,568.76,568.82,568.76,568.81,143
1746725905,568.83,568.91,568.83,568.91,231
1746725910,568.9,568.9,568.86,568.86,94
1746725915,568.87,568.87,568.85,568.85,28
1746725920,568.85,568.86,568.78,568.79,53
1746725925,568.83,568.88,568.83,568.86,26
1746725930,568.86,568.88,568.85,568.85,33
1746725935,568.81,568.83,568.8,568.81,52
1746725940,568.84,568.84,568.82,568.83,18
1746725945,568.84,568.86,568.82,568.85,118
1746725950,568.87,568.88,568.85,568.86,10
1746725955,568.87,568.87,568.84,568.85,64
1746725960,568.84,568.84,568.8,568.83,40
1746725965,568.81,568.81,568.71,568.71,70
1746725970,568.7,568.7,568.64,568.64,30
1746725975,568.65,568.7,568.62,568.66,138
1746725980,568.68,568.71,568.65,568.69,117
1746725985,568.71,568.79,568.71,568.79,61
1746725990,568.78,568.78,568.76,568.76,30
1746725995,568.76,568.79,568.74,568.77,90
1746726000,568.78,568.78,568.69,568.69,45
1746726005,568.73,568.81,568.73,568.81,43
1746726010,568.82,568.82,568.76,568.78,44
1746726015,568.75,568.75,568.71,568.71,18
1746726020,568.73,568.73,568.63,568.63,53
1746726025,568.62,568.64,568.61,568.63,38
1746726030,568.63,568.63,568.62,568.63,2
1746726035,568.63,568.63,568.56,568.57,42
1746726040,568.57,568.59,568.56,568.59,123
1746726045,568.61,568.63,568.59,568.59,21
1746726050,568.61,568.61,568.61,568.61,5
1746726055,568.62,568.65,568.62,568.65,9
1746726060,568.66,568.67,568.63,568.63,51
1746726065,568.64,568.64,568.61,568.62,95
1746726070,568.61,568.62,568.6,568.62,27
1746726075,568.6,568.61,568.6,568.61,23
1746726080,568.61,568.62,568.57,568.62,47
1746726085,568.64,568.67,568.62,568.63,35
1746726090,568.63,568.64,568.61,568.61,21
1746726095,568.6,568.6,568.59,568.6,4
1746726100,568.57,568.57,568.54,568.54,50
1746726105,568.54,568.55,568.52,568.54,12
1746726110,568.56,568.57,568.54,568.56,55
1746726115,568.56,568.58,568.55,568.58,107
1746726120,568.57,568.58,568.54,568.57,109
1746726125,568.57,568.58,568.51,568.51,76
1746726130,568.48,568.48,568.43,568.45,129
1746726135,568.45,568.51,568.44,568.5,97
1746726140,568.47,568.5,568.47,568.5,44
1746726145,568.52,568.53,568.51,568.51,20
1746726150,568.49,568.6,568.49,568.56,57
1746726155,568.57,568.57,568.55,568.56,10
1746726160,568.55,568.58,568.54,568.57,66
1746726165,568.58,568.66,568.58,568.64,56
1746726170,568.63,568.71,568.63,568.7,158
1746726175,568.71,568.71,568.67,568.68,41
1746726180,568.69,568.7,568.68,568.68,25
1746726185,568.7,568.76,568.7,568.71,146
1746726190,568.71,568.72,568.68,568.72,90
1746726195,568.72,568.75,568.71,568.74,167
1746726200,568.75,568.75,568.74,568.74,21
1746726205,568.74,568.76,568.74,568.75,26
1746726210,568.8,568.8,568.78,568.78,56
1746726215,568.77,568.78,568.75,568.78,120
1746726220,568.77,568.79,568.77,568.79,38
1746726225,568.79,568.82,568.78,568.81,135
1746726230,568.82,568.82,568.78,568.78,17
1746726235,568.77,568.77,568.75,568.77,35
1746726240,568.69,568.69,568.69,568.69,7
1746726245,568.69,568.69,568.64,568.67,40
1746726250,568.69,568.74,568.69,568.72,10
1746726255,568.75,568.76,568.74,568.75,7
1746726260,568.75,568.75,568.7,568.7,23
1746726265,568.71,568.71,568.68,568.69,27
1746726270,568.71,568.71,568.7,568.71,2
1746726275,568.67,568.68,568.66,568.68,37
1746726280,568.69,568.72,568.69,568.72,71
1746726285,568.7,568.7,568.69,568.7,5
1746726290,568.7,568.7,568.7,568.7,2
1746726295,568.71,568.73,568.7,568.73,14
1746726300,568.75,568.76,568.72,568.76,69
1746726305,568.77,568.8,568.77,568.79,34
1746726310,568.76,568.78,568.67,568.67,227
1746726315,568.68,568.69,568.66,568.67,50
1746726320,568.67,568.67,568.66,568.67,16
1746726325,568.6,568.62,568.59,568.62,61
1746726330,568.63,568.63,568.62,568.63,7
1746726335,568.58,568.59,568.56,568.59,46
1746726340,568.6,568.6,568.59,568.6,19
1746726345,568.59,568.62,568.57,568.62,59
1746726350,568.61,568.61,568.61,568.61,7
1746726355,568.61,568.65,568.61,568.65,11
1746726360,568.63,568.64,568.62,568.63,25
1746726365,568.64,568.64,568.62,568.62,83
1746726370,568.62,568.63,568.55,568.59,115
1746726375,568.59,568.59,568.5,568.5,171
1746726380,568.52,568.54,568.4,568.42,189
1746726385,568.41,568.41,568.36,568.36,289
1746726390,568.36,568.37,568.34,568.36,112
1746726395,568.36,568.37,568.35,568.36,36
1746726400,568.35,568.37,568.34,568.37,115
1746726405,568.37,568.38,568.36,568.36,29
1746726410,568.39,568.4,568.39,568.39,4
1746726415,568.36,568.36,568.31,568.34,192
1746726420,568.32,568.32,568.19,568.24,295
1746726425,568.21,568.3,568.2,568.27,103
1746726430,568.26,568.32,568.26,568.28,113
1746726435,568.28,568.39,568.27,568.36,131
1746726440,568.38,568.43,568.33,568.35,548
1746726445,568.35,568.36,568.34,568.36,45
1746726450,568.37,568.4,568.37,568.38,103
1746726455,568.39,568.39,568.33,568.38,122
1746726460,568.38,568.39,568.38,568.38,35
1746726465,568.38,568.42,568.35,568.4,100
1746726470,568.41,568.44,568.38,568.44,62
1746726475,568.44,568.44,568.4,568.42,85
1746726480,568.4,568.41,568.34,568.39,41
1746726485,568.38,568.39,568.36,568.39,27
1746726490,568.36,568.4,568.35,568.39,195
1746726495,568.41,568.49,568.38,568.46,308
1746726500,568.43,568.45,568.42,568.45,20
1746726505,568.43,568.44,568.43,568.44,37
1746726510,568.44,568.44,568.38,568.39,105
1746726515,568.39,568.39,568.28,568.3,40
1746726520,568.31,568.33,568.25,568.33,68
1746726525,568.34,568.35,568.31,568.32,28
1746726530,568.33,568.34,568.32,568.34,10
1746726535,568.44,568.49,568.44,568.47,17
1746726540,568.51,568.56,568.5,568.53,28
1746726545,568.53,568.55,568.51,568.55,140
1746726550,568.54,568.57,568.54,568.57,76
1746726555,568.58,568.62,568.57,568.6,175
1746726560,568.59,568.59,568.56,568.58,76
1746726565,568.58,568.6,568.55,568.58,115
1746726570,568.61,568.62,568.6,568.62,27
1746726575,568.62,568.65,568.6,568.6,44
1746726580,568.6,568.61,568.57,568.59,61
1746726585,568.59,568.6,568.55,568.6,60
1746726590,568.58,568.58,568.57,568.58,10
1746726595,568.56,568.59,568.56,568.56,43
1746726600,568.56,568.56,568.51,568.52,45
1746726605,568.51,568.56,568.5,568.55,102
1746726610,568.54,568.56,568.47,568.52,217
1746726615,568.54,568.54,568.47,568.49,195
1746726620,568.48,568.49,568.4,568.4,162
1746726625,568.4,568.42,568.31,568.32,92
1746726630,568.34,568.43,568.3,568.4,134
1746726635,568.41,568.54,568.41,568.54,22
1746726640,568.54,568.54,568.49,568.52,49
1746726645,568.53,568.6,568.53,568.6,67
1746726650,568.6,568.6,568.55,568.6,67
1746726655,568.6,568.61,568.58,568.58,62
1746726660,568.58,568.6,568.57,568.57,32
1746726665,568.54,568.55,568.52,568.53,102
1746726670,568.53,568.59,568.53,568.59,34
1746726675,568.57,568.59,568.57,568.59,31
1746726680,568.6,568.6,568.56,568.56,50
1746726685,568.56,568.56,568.52,568.52,69
1746726690,568.53,568.58,568.53,568.55,65
1746726695,568.54,568.57,568.54,568.57,53
1746726700,568.59,568.61,568.59,568.61,5
1746726705,568.62,568.66,568.61,568.63,38
1746726710,568.64,568.66,568.62,568.66,26
1746726715,568.68,568.72,568.67,568.71,162
1746726720,568.7,568.73,568.62,568.65,140
1746726725,568.6,568.67,568.6,568.67,45
1746726730,568.71,568.73,568.7,568.7,45
1746726735,568.71,568.73,568.62,568.65,98
1746726740,568.64,568.66,568.62,568.64,42
1746726745,568.64,568.64,568.64,568.64,5
1746726750,568.64,568.68,568.62,568.68,25
1746726755,568.68,568.72,568.68,568.7,32
1746726760,568.7,568.77,568.7,568.77,122
1746726765,568.72,568.72,568.68,568.69,10
1746726770,568.7,568.72,568.69,568.71,25
1746726775,568.69,568.72,568.69,568.72,50
1746726780,568.73,568.77,568.73,568.75,94
1746726785,568.75,568.82,568.75,568.81,76
1746726790,568.8,568.81,568.76,568.78,67
1746726795,568.76,568.77,568.73,568.74,105
1746726800,568.76,568.78,568.75,568.77,50
1746726805,568.78,568.79,568.74,568.75,80
1746726810,568.77,568.79,568.76,568.79,22
1746726815,568.79,568.81,568.79,568.8,37
1746726820,568.82,568.85,568.81,568.85,145
1746726825,568.86,568.86,568.79,568.79,65
1746726830,568.8,568.83,568.7,568.7,77
1746726835,568.7,568.72,568.66,568.69,117
1746726840,568.67,568.72,568.67,568.68,126
1746726845,568.66,568.66,568.61,568.64,128
1746726850,568.63,568.64,568.48,568.61,298
1746726855,568.63,568.66,568.61,568.61,122
1746726860,568.62,568.64,568.6,568.62,55
1746726865,568.62,568.7,568.62,568.68,38
1746726870,568.7,568.74,568.69,568.72,42
1746726875,568.71,568.74,568.71,568.72,116
1746726880,568.74,568.75,568.71,568.72,202
1746726885,568.73,568.76,568.73,568.74,34
1746726890,568.74,568.74,568.73,568.73,13
1746726895,568.72,568.75,568.7,568.7,106
1746726900,568.7,568.72,568.64,568.71,195
1746726905,568.69,568.69,568.64,568.64,7
1746726910,568.61,568.63,568.56,568.58,55
1746726915,568.57,568.59,568.38,568.38,166
1746726920,568.38,568.43,568.37,568.43,58
1746726925,568.44,568.48,568.44,568.46,49
1746726930,568.44,568.46,568.44,568.46,24
1746726935,568.44,568.46,568.44,568.46,30
1746726940,568.48,568.48,568.44,568.45,40
1746726945,568.45,568.46,568.39,568.39,60
1746726950,568.34,568.39,568.33,568.37,39
1746726955,568.39,568.4,568.38,568.39,22
1746726960,568.4,568.42,568.39,568.42,49
1746726965,568.39,568.42,568.39,568.42,37
1746726970,568.42,568.44,568.42,568.43,12
1746726975,568.42,568.42,568.32,568.32,120
1746726980,568.31,568.33,568.31,568.32,68
1746726985,568.3,568.3,568.21,568.21,92
1746726990,568.22,568.27,568.22,568.24,101
1746726995,568.2,568.2,568.16,568.19,80
1746727000,568.18,568.19,568.06,568.06,245
1746727005,568.07,568.14,568.07,568.08,47
1746727010,568.12,568.14,568.09,568.1,266
1746727015,568.08,568.08,568.03,568.06,143
1746727020,568.07,568.09,568.04,568.06,180
1746727025,568.06,568.19,568.06,568.13,174
1746727030,568.12,568.14,568.05,568.07,91
1746727035,568.07,568.16,568.06,568.14,51
1746727040,568.12,568.19,568.1,568.13,137
1746727045,568.11,568.13,568.06,568.06,55
1746727050,568.06,568.1,568.04,568.09,75
1746727055,568.08,568.08,568.01,568.03,217
1746727060,568.01,568.03,567.96,567.98,309
1746727065,567.96,567.97,567.83,567.84,340
1746727070,567.84,567.91,567.82,567.87,337
1746727075,567.85,567.87,567.82,567.83,153
1746727080,567.84,567.88,567.8,567.84,266
1746727085,567.83,567.93,567.82,567.93,206
1746727090,567.97,567.97,567.93,567.94,104
1746727095,567.95,568.0,567.92,567.95,163
1746727100,567.95,567.97,567.93,567.93,138
1746727105,567.93,567.94,567.9,567.92,182
1746727110,567.94,567.97,567.93,567.94,34
1746727115,567.95,567.98,567.93,567.97,44
1746727120,567.98,568.0,567.86,567.93,88
1746727125,567.91,567.93,567.73,567.76,151
1746727130,567.74,567.79,567.6,567.68,342
1746727135,567.66,567.84,567.66,567.84,67
1746727140,567.81,567.83,567.76,567.78,443
1746727145,567.75,567.77,567.7,567.77,159
1746727150,567.77,567.8,567.76,567.8,76
1746727155,567.81,567.81,567.75,567.76,79
1746727160,567.76,567.81,567.69,567.8,57
1746727165,567.79,567.79,567.73,567.78,70
1746727170,567.76,567.77,567.68,567.68,45
1746727175,567.66,567.7,567.66,567.67,53
1746727180,567.65,567.82,567.65,567.82,39
1746727185,567.83,567.85,567.78,567.79,75
1746727190,567.75,567.75,567.66,567.67,141
1746727195,567.68,567.69,567.67,567.69,186
1746727200,567.68,567.69,567.57,567.6,433
1746727205,567.6,567.68,567.54,567.67,174
1746727210,567.67,567.68,567.49,567.58,384
1746727215,567.58,567.61,567.54,567.55,114
1746727220,567.58,567.61,567.56,567.61,150
1746727225,567.61,567.66,567.59,567.66,262
1746727230,567.66,567.67,567.55,567.56,146
1746727235,567.57,567.63,567.54,567.62,129
1746727240,567.58,567.58,567.54,567.58,79
1746727245,567.59,567.6,567.57,567.57,11
1746727250,567.57,567.7,567.57,567.63,148
1746727255,567.62,567.9,567.62,567.88,274
1746727260,567.89,567.93,567.83,567.89,165
1746727265,567.91,567.98,567.9,567.95,435
1746727270,567.92,567.95,567.89,567.9,145
1746727275,567.95,567.96,567.87,567.95,220
1746727280,567.95,567.95,567.92,567.92,46
1746727285,567.92,567.92,567.74,567.75,458
1746727290,567.75,567.77,567.66,567.7,127
1746727295,567.7,567.78,567.7,567.78,93
1746727300,567.76,567.82,567.75,567.81,277
1746727305,567.78,567.92,567.78,567.91,161
1746727310,567.91,567.91,567.87,567.88,187
1746727315,567.87,567.88,567.86,567.86,668
1746727320,567.87,567.9,567.86,567.9,109
1746727325,567.89,567.93,567.87,567.88,158
1746727330,567.89,567.91,567.88,567.91,34
1746727335,567.9,567.93,567.9,567.91,59
1746727340,567.93,567.94,567.91,567.92,23
1746727345,567.93,567.95,567.9,567.9,73
1746727350,567.89,567.89,567.76,567.79,72
1746727355,567.79,567.8,567.72,567.73,1150
1746727360,567.72,567.74,567.71,567.71,50
1746727365,567.7,567.7,567.64,567.64,90
1746727370,567.66,567.7,567.66,567.7,27
1746727375,567.67,567.68,567.65,567.65,166
1746727380,567.66,567.67,567.6,567.61,217
1746727385,567.61,567.62,567.58,567.61,279
1746727390,567.61,567.74,567.6,567.73,556
1746727395,567.69,567.76,567.68,567.75,233
1746727400,567.76,567.82,567.72,567.74,848
1746727405,567.75,567.77,567.74,567.77,307
1746727410,567.78,567.79,567.76,567.79,131
1746727415,567.79,567.82,567.77,567.78,75
1746727420,567.78,567.78,567.52,567.54,346
1746727425,567.53,567.53,567.47,567.5,162
1746727430,567.5,567.53,567.49,567.53,107
1746727435,567.5,567.52,567.47,567.51,106
1746727440,567.5,567.51,567.44,567.46,1533
1746727445,567.45,567.51,567.45,567.49,114
1746727450,567.48,567.5,567.46,567.47,66
1746727455,567.43,567.51,567.42,567.51,72
1746727460,567.48,567.51,567.47,567.51,93
1746727465,567.5,567.58,567.48,567.57,467
1746727470,567.59,567.61,567.51,567.51,609
1746727475,567.53,567.56,567.52,567.53,374
1746727480,567.5,567.58,567.5,567.58,158
1746727485,567.57,567.67,567.57,567.63,1460
1746727490,567.64,567.68,567.62,567.63,648
1746727495,567.64,567.64,567.62,567.64,480
1746727500,567.65,567.68,567.65,567.67,205
1746727505,567.68,567.7,567.64,567.65,150
1746727510,567.62,567.73,567.62,567.73,71
1746727515,567.72,567.72,567.63,567.68,62
1746727520,567.63,567.63,567.63,567.63,2
1746727525,567.62,567.71,567.6,567.68,179
1746727530,567.66,567.69,567.66,567.68,22
1746727535,567.7,567.8,567.67,567.75,414
1746727540,567.75,567.75,567.71,567.71,62
1746727545,567.69,567.77,567.69,567.77,166
1746727550,567.76,567.79,567.76,567.77,46
1746727555,567.77,567.78,567.76,567.78,27
1746727560,567.79,567.84,567.73,567.75,141
1746727565,567.71,567.75,567.7,567.73,77
1746727570,567.74,567.8,567.74,567.77,66
1746727575,567.75,567.79,567.75,567.78,22
1746727580,567.76,567.79,567.76,567.79,44
1746727585,567.8,567.84,567.79,567.81,105
1746727590,567.8,567.8,567.78,567.79,65
1746727595,567.81,567.81,567.66,567.66,229
1746727600,567.65,567.66,567.62,567.66,214
1746727605,567.68,567.73,567.67,567.73,95
1746727610,567.78,567.78,567.75,567.78,121
1746727615,567.78,567.79,567.77,567.77,30
1746727620,567.76,567.84,567.74,567.84,96
1746727625,567.79,567.8,567.79,567.8,10
1746727630,567.81,567.81,567.78,567.79,85
1746727635,567.76,567.82,567.76,567.81,29
1746727640,567.82,567.88,567.82,567.87,82
1746727645,567.88,567.96,567.88,567.9,172
1746727650,567.89,567.9,567.88,567.88,26
1746727655,567.91,567.95,567.9,567.95,122
1746727660,567.93,567.94,567.9,567.9,60
1746727665,567.92,567.93,567.91,567.93,47
1746727670,567.95,568.03,567.95,568.03,73
1746727675,568.01,568.02,567.96,567.97,124
1746727680,567.97,568.01,567.97,568.0,42
1746727685,568.0,568.09,568.0,568.09,131
1746727690,568.09,568.13,568.03,568.06,128
1746727695,568.12,568.13,568.1,568.1,67
1746727700,568.1,568.1,568.1,568.1,0
1746727705,568.1,568.14,568.1,568.12,81
1746727710,568.11,568.11,568.08,568.1,38
1746727715,568.08,568.1,568.08,568.09,103
1746727720,568.09,568.12,568.08,568.11,28
1746727725,568.12,568.16,568.12,568.13,52
1746727730,568.1,568.17,568.1,568.17,771
1746727735,568.14,568.14,568.09,568.14,65
1746727740,568.15,568.15,568.15,568.15,2
1746727745,568.14,568.14,568.06,568.09,27
1746727750,568.07,568.1,568.06,568.08,26
1746727755,568.13,568.14,568.13,568.13,20
1746727760,568.11,568.13,568.1,568.1,96
1746727765,568.11,568.15,568.1,568.14,23
1746727770,568.12,568.12,568.06,568.1,46
1746727775,568.12,568.15,568.11,568.15,78
1746727780,568.15,568.16,568.13,568.14,39
1746727785,568.15,568.27,568.15,568.27,90
1746727790,568.27,568.28,568.18,568.18,91
1746727795,568.19,568.19,568.17,568.17,66
1746727800,568.16,568.21,568.15,568.19,186
1746727805,568.21,568.26,568.2,568.25,59
1746727810,568.25,568.3,568.25,568.3,90
1746727815,568.29,568.31,568.28,568.29,29
1746727820,568.31,568.38,568.31,568.38,210
1746727825,568.37,568.37,568.29,568.33,63
1746727830,568.31,568.4,568.3,568.37,86
1746727835,568.35,568.38,568.35,568.38,67
1746727840,568.4,568.41,568.35,568.36,110
1746727845,568.36,568.36,568.3,568.3,29
1746727850,568.32,568.32,568.31,568.32,48
1746727855,568.33,568.33,568.31,568.31,104
1746727860,568.32,568.36,568.31,568.32,64
1746727865,568.31,568.36,568.24,568.31,154
1746727870,568.31,568.34,568.3,568.3,31
1746727875,568.28,568.29,568.2,568.2,140
1746727880,568.18,568.21,568.14,568.21,69
1746727885,568.18,568.19,568.17,568.17,50
1746727890,568.12,568.12,568.02,568.02,94
1746727895,568.01,568.02,567.95,567.97,226
1746727900,567.97,567.98,567.89,567.89,88
1746727905,567.92,568.05,567.92,568.05,261
1746727910,568.05,568.06,568.02,568.02,171
1746727915,568.09,568.12,568.08,568.12,19
1746727920,568.13,568.29,568.13,568.26,104
1746727925,568.23,568.3,568.23,568.26,61
1746727930,568.26,568.28,568.24,568.28,65
1746727935,568.27,568.34,568.27,568.32,61
1746727940,568.34,568.34,568.31,568.33,36
1746727945,568.31,568.32,568.29,568.31,267
1746727950,568.31,568.31,568.26,568.26,59
1746727955,568.27,568.34,568.26,568.32,19
1746727960,568.32,568.32,568.27,568.31,25
1746727965,568.31,568.31,568.24,568.24,27
1746727970,568.22,568.24,568.17,568.17,88
1746727975,568.2,568.2,568.19,568.2,13
1746727980,568.18,568.24,568.17,568.22,73
1746727985,568.21,568.26,568.21,568.26,20
1746727990,568.25,568.3,568.25,568.29,194
1746727995,568.31,568.31,568.28,568.28,148
1746728000,568.27,568.29,568.22,568.28,275
1746728005,568.3,568.35,568.29,568.33,107
1746728010,568.35,568.4,568.35,568.39,588
1746728015,568.4,568.42,568.39,568.39,75
1746728020,568.4,568.4,568.34,568.37,69
1746728025,568.37,568.4,568.36,568.38,90
1746728030,568.4,568.4,568.36,568.36,280
1746728035,568.36,568.37,568.28,568.28,78
1746728040,568.29,568.35,568.29,568.35,42
1746728045,568.36,568.37,568.34,568.35,30
1746728050,568.36,568.37,568.33,568.37,34
1746728055,568.37,568.38,568.37,568.38,23
1746728060,568.37,568.38,568.36,568.38,6
1746728065,568.37,568.42,568.37,568.39,70
1746728070,568.39,568.39,568.37,568.37,38
1746728075,568.38,568.38,568.37,568.38,39
1746728080,568.38,568.43,568.37,568.43,32
1746728085,568.42,568.44,568.4,568.4,72
1746728090,568.4,568.4,568.27,568.32,538
1746728095,568.34,568.35,568.28,568.28,157
1746728100,568.28,568.3,568.23,568.3,601
1746728105,568.31,568.31,568.25,568.29,238
1746728110,568.29,568.31,568.2,568.24,528
1746728115,568.21,568.25,568.18,568.25,214
1746728120,568.23,568.3,568.23,568.24,30
1746728125,568.29,568.31,568.27,568.3,52
1746728130,568.3,568.36,568.29,568.36,102
1746728135,568.36,568.41,568.36,568.41,25
1746728140,568.41,568.48,568.4,568.45,515
1746728145,568.46,568.49,568.44,568.47,302
1746728150,568.45,568.48,568.44,568.47,343
1746728155,568.47,568.52,568.47,568.52,86
1746728160,568.5,568.58,568.49,568.56,201
1746728165,568.58,568.62,568.57,568.6,110
1746728170,568.58,568.58,568.56,568.56,30
1746728175,568.58,568.66,568.56,568.65,149
1746728180,568.68,568.69,568.6,568.64,75
1746728185,568.66,568.69,568.65,568.65,83
1746728190,568.67,568.68,568.56,568.57,86
1746728195,568.58,568.64,568.58,568.63,97
1746728200,568.64,568.66,568.63,568.65,97
1746728205,568.64,568.64,568.51,568.51,64
1746728210,568.5,568.56,568.5,568.54,57
1746728215,568.53,568.57,568.53,568.55,42
1746728220,568.56,568.6,568.55,568.6,50
1746728225,568.59,568.62,568.59,568.6,39
1746728230,568.6,568.61,568.59,568.6,30
1746728235,568.6,568.6,568.59,568.6,22
1746728240,568.59,568.66,568.58,568.66,55
1746728245,568.63,568.65,568.62,568.63,133
1746728250,568.63,568.63,568.6,568.6,75
1746728255,568.61,568.61,568.55,568.55,136
1746728260,568.58,568.58,568.46,568.48,181
1746728265,568.47,568.51,568.47,568.51,50
1746728270,568.52,568.57,568.52,568.57,28
1746728275,568.56,568.57,568.51,568.54,454
1746728280,568.54,568.61,568.54,568.61,52
1746728285,568.62,568.62,568.58,568.6,214
1746728290,568.56,568.57,568.55,568.57,27
1746728295,568.58,568.58,568.57,568.58,255
1746728300,568.58,568.58,568.52,568.53,281
1746728305,568.51,568.53,568.49,568.52,86
1746728310,568.51,568.51,568.49,568.5,309
1746728315,568.5,568.51,568.48,568.48,41
1746728320,568.48,568.51,568.48,568.48,39
1746728325,568.5,568.51,568.49,568.51,15
1746728330,568.49,568.52,568.48,568.52,17
1746728335,568.52,568.52,568.49,568.49,57
1746728340,568.49,568.51,568.47,568.5,54
1746728345,568.5,568.5,568.48,568.49,27
1746728350,568.5,568.58,568.5,568.55,60
1746728355,568.52,568.53,568.5,568.52,12
1746728360,568.51,568.52,568.5,568.5,100
1746728365,568.5,568.51,568.43,568.46,224
1746728370,568.49,568.5,568.44,568.46,38
1746728375,568.46,568.47,568.42,568.46,161
1746728380,568.48,568.51,568.46,568.46,41
1746728385,568.44,568.44,568.39,568.44,140
1746728390,568.45,568.49,568.45,568.48,24
1746728395,568.5,568.55,568.49,568.52,279
1746728400,568.5,568.56,568.5,568.55,58
1746728405,568.54,568.58,568.53,568.58,77
1746728410,568.56,568.57,568.56,568.56,5
1746728415,568.6,568.65,568.6,568.64,72
1746728420,568.62,568.64,568.6,568.6,21
1746728425,568.59,568.61,568.59,568.61,21
1746728430,568.62,568.65,568.61,568.64,15
1746728435,568.68,568.68,568.68,568.68,7
1746728440,568.68,568.68,568.63,568.65,94
1746728445,568.67,568.67,568.65,568.67,143
1746728450,568.65,568.65,568.62,568.63,110
1746728455,568.63,568.63,568.62,568.62,32
1746728460,568.63,568.66,568.63,568.64,115
1746728465,568.63,568.66,568.61,568.66,46
1746728470,568.65,568.68,568.65,568.66,135
1746728475,568.65,568.66,568.65,568.65,7
1746728480,568.68,568.69,568.65,568.67,36
1746728485,568.66,568.67,568.63,568.63,30
1746728490,568.65,568.69,568.65,568.69,25
1746728495,568.66,568.66,568.63,568.63,41
1746728500,568.62,568.64,568.62,568.63,31
1746728505,568.64,568.69,568.63,568.67,30
1746728510,568.66,568.67,568.63,568.64,67
1746728515,568.66,568.68,568.66,568.68,56
1746728520,568.66,568.66,568.65,568.66,10
1746728525,568.65,568.66,568.64,568.65,166
1746728530,568.65,568.67,568.61,568.61,80
1746728535,568.62,568.62,568.57,568.57,90
1746728540,568.56,568.57,568.53,568.53,107
1746728545,568.52,568.56,568.5,568.52,46
1746728550,568.51,568.58,568.51,568.58,35
1746728555,568.55,568.57,568.54,568.57,21
1746728560,568.57,568.57,568.5,568.5,67
1746728565,568.47,568.49,568.42,568.43,43
1746728570,568.44,568.49,568.44,568.48,56
1746728575,568.46,568.47,568.46,568.47,10
1746728580,568.46,568.46,568.42,568.46,39
1746728585,568.46,568.46,568.44,568.45,46
1746728590,568.48,568.52,568.48,568.52,76
1746728595,568.51,568.51,568.41,568.43,69
1746728600,568.45,568.49,568.45,568.46,157
1746728605,568.43,568.43,568.29,568.29,152
1746728610,568.26,568.28,568.14,568.15,316
1746728615,568.13,568.24,568.1,568.24,183
1746728620,568.22,568.26,568.18,568.2,339
1746728625,568.21,568.22,568.09,568.09,300
1746728630,568.09,568.11,568.07,568.11,57
1746728635,568.1,568.12,568.03,568.09,721
1746728640,568.05,568.06,568.0,568.0,203
1746728645,568.04,568.13,567.98,568.11,88
1746728650,568.08,568.09,568.0,568.0,47
1746728655,568.0,568.1,567.99,568.1,231
1746728660,568.1,568.11,568.05,568.07,29
1746728665,568.08,568.12,567.99,568.12,170
1746728670,568.14,568.17,568.11,568.11,88
1746728675,568.12,568.16,568.12,568.12,43
1746728680,568.1,568.13,568.08,568.13,61
1746728685,568.14,568.15,568.1,568.11,62
1746728690,568.12,568.19,568.11,568.11,82
1746728695,568.12,568.12,568.09,568.1,47
1746728700,568.12,568.14,568.1,568.1,55
1746728705,568.12,568.12,568.09,568.09,35
1746728710,568.1,568.11,568.1,568.1,162
1746728715,568.1,568.27,568.09,568.24,261
1746728720,568.25,568.39,568.24,568.39,61
1746728725,568.4,568.42,568.36,568.36,82
1746728730,568.34,568.34,568.21,568.27,109
1746728735,568.22,568.3,568.22,568.3,50
1746728740,568.3,568.36,568.29,568.35,28
1746728745,568.34,568.39,568.34,568.34,111
1746728750,568.33,568.35,568.33,568.35,12
1746728755,568.35,568.36,568.33,568.33,237
1746728760,568.34,568.34,568.25,568.28,50
1746728765,568.25,568.28,568.25,568.27,21
1746728770,568.28,568.29,568.28,568.28,19
1746728775,568.29,568.3,568.22,568.22,177
1746728780,568.22,568.3,568.2,568.21,239
1746728785,568.18,568.21,568.11,568.11,134
1746728790,568.12,568.14,568.1,568.14,195
1746728795,568.1,568.11,568.01,568.04,205
1746728800,568.06,568.09,568.02,568.07,68
1746728805,568.05,568.06,568.01,568.01,432
1746728810,568.01,568.02,568.0,568.01,102
1746728815,567.99,568.04,567.98,567.98,85
1746728820,567.98,568.01,567.95,568.0,54
1746728825,568.14,568.14,568.1,568.11,25
1746728830,568.13,568.15,568.08,568.15,33
1746728835,568.17,568.18,568.13,568.18,33
1746728840,568.15,568.15,568.14,568.15,24
1746728845,568.14,568.18,568.14,568.18,12
1746728850,568.17,568.21,568.17,568.18,83
1746728855,568.17,568.22,568.16,568.22,45
1746728860,568.23,568.23,568.18,568.18,37
1746728865,568.18,568.22,568.17,568.21,114
1746728870,568.21,568.21,568.17,568.2,150
1746728875,568.2,568.21,568.2,568.2,18
1746728880,568.2,568.22,568.2,568.21,19
1746728885,568.2,568.22,568.19,568.19,24
1746728890,568.17,568.18,568.15,568.18,49
1746728895,568.18,568.18,568.17,568.18,0
1746728900,568.21,568.21,568.19,568.19,23
1746728905,568.18,568.18,568.14,568.14,29
1746728910,568.15,568.19,568.15,568.19,38
1746728915,568.16,568.16,568.16,568.16,9
1746728920,568.1,568.1,568.03,568.04,42
1746728925,568.05,568.14,568.05,568.1,25
1746728930,568.08,568.1,568.08,568.08,105
1746728935,568.08,568.1,568.07,568.1,19
1746728940,568.1,568.1,568.03,568.04,21
1746728945,568.04,568.09,568.04,568.09,10
1746728950,568.07,568.16,568.05,568.16,40
1746728955,568.13,568.13,568.09,568.1,7
1746728960,568.07,568.07,568.05,568.06,15
1746728965,568.09,568.11,568.06,568.09,84
1746728970,568.08,568.08,568.05,568.06,206
1746728975,568.08,568.08,568.02,568.02,32
1746728980,568.05,568.05,568.02,568.02,32
1746728985,568.02,568.04,568.01,568.04,52
1746728990,568.06,568.08,568.03,568.04,33
1746728995,568.03,568.03,568.02,568.03,11
1746729000,568.03,568.05,568.02,568.05,199
1746729005,568.05,568.12,568.05,568.12,54
1746729010,568.13,568.23,568.12,568.2,72
1746729015,568.23,568.25,568.16,568.16,71
1746729020,568.13,568.2,568.12,568.2,20
1746729025,568.21,568.23,568.18,568.21,25
1746729030,568.21,568.31,568.21,568.31,219
1746729035,568.32,568.36,568.27,568.29,110
1746729040,568.27,568.3,568.25,568.3,81
1746729045,568.27,568.3,568.26,568.3,63
1746729050,568.29,568.3,568.24,568.24,68
1746729055,568.25,568.29,568.25,568.26,34
1746729060,568.23,568.39,568.23,568.32,135
1746729065,568.33,568.33,568.25,568.29,132
1746729070,568.27,568.27,568.26,568.27,15
1746729075,568.3,568.3,568.29,568.3,22
1746729080,568.31,568.32,568.27,568.28,221
1746729085,568.3,568.31,568.29,568.3,12
1746729090,568.31,568.31,568.28,568.28,34
1746729095,568.31,568.37,568.3,568.37,95
1746729100,568.37,568.44,568.36,568.44,89
1746729105,568.45,568.46,568.43,568.43,193
1746729110,568.45,568.48,568.45,568.47,41
1746729115,568.45,568.55,568.45,568.52,264
1746729120,568.53,568.54,568.49,568.53,96
1746729125,568.53,568.54,568.52,568.53,21
1746729130,568.53,568.53,568.46,568.46,35
1746729135,568.46,568.52,568.46,568.51,38
1746729140,568.51,568.55,568.5,568.55,10
1746729145,568.55,568.59,568.55,568.58,88
1746729150,568.57,568.6,568.56,568.59,80
1746729155,568.6,568.69,568.59,568.66,181
1746729160,568.67,568.7,568.64,568.7,107
1746729165,568.7,568.7,568.66,568.68,169
1746729170,568.65,568.7,568.65,568.68,131
1746729175,568.68,568.74,568.68,568.74,83
1746729180,568.73,568.76,568.72,568.76,87
1746729185,568.74,568.74,568.73,568.74,35
1746729190,568.73,568.76,568.73,568.76,31
1746729195,568.76,568.83,568.76,568.83,68
1746729200,568.82,568.82,568.74,568.76,83
1746729205,568.76,568.8,568.76,568.79,32
1746729210,568.82,568.82,568.78,568.82,43
1746729215,568.83,568.84,568.82,568.82,62
1746729220,568.81,568.83,568.81,568.83,5
1746729225,568.82,568.85,568.81,568.85,76
1746729230,568.85,568.89,568.83,568.88,145
1746729235,568.87,568.89,568.84,568.88,412
1746729240,568.88,568.92,568.87,568.91,99
1746729245,568.9,568.94,568.88,568.93,539
1746729250,568.92,568.94,568.89,568.93,300
1746729255,568.93,568.93,568.87,568.91,155
1746729260,568.9,568.9,568.83,568.86,207
1746729265,568.86,568.91,568.86,568.91,144
1746729270,568.9,568.9,568.89,568.89,100
1746729275,568.91,568.91,568.89,568.89,15
1746729280,568.9,568.92,568.87,568.87,149
1746729285,568.87,568.87,568.81,568.85,87
1746729290,568.86,568.88,568.85,568.88,69
1746729295,568.88,568.88,568.84,568.85,140
1746729300,568.85,568.91,568.85,568.91,66
1746729305,568.89,568.9,568.88,568.9,52
1746729310,568.9,568.93,568.9,568.93,22
1746729315,568.9,568.91,568.88,568.89,56
1746729320,568.88,568.95,568.88,568.9,724
1746729325,568.91,568.93,568.9,568.93,45
1746729330,568.95,568.95,568.9,568.91,25
1746729335,568.94,568.95,568.94,568.95,20
1746729340,568.95,568.96,568.93,568.94,54
1746729345,568.93,568.95,568.93,568.95,65
1746729350,568.95,568.95,568.91,568.92,164
1746729355,568.92,568.94,568.88,568.94,132
1746729360,568.94,568.98,568.93,568.98,35
1746729365,568.97,568.99,568.97,568.98,85
1746729370,568.97,568.98,568.91,568.92,41
1746729375,568.94,568.96,568.93,568.96,51
1746729380,569.0,569.02,568.98,569.02,149
1746729385,569.03,569.03,568.98,568.98,22
1746729390,568.98,568.98,568.96,568.97,17
1746729395,568.96,569.0,568.95,569.0,28
1746729400,568.99,569.0,568.95,569.0,39
1746729405,568.99,569.0,568.99,569.0,36
1746729410,569.0,569.01,568.98,568.98,80
1746729415,569.01,569.01,568.96,568.99,493
1746729420,568.97,568.97,568.97,568.97,11
1746729425,568.97,569.01,568.96,569.01,138
1746729430,568.97,568.98,568.94,568.94,112
1746729435,568.94,568.94,568.94,568.94,7
1746729440,568.95,568.95,568.92,568.94,29
1746729445,568.92,568.95,568.92,568.95,27
1746729450,568.93,568.93,568.89,568.92,43
1746729455,569.0,569.02,568.93,568.93,28
1746729460,568.93,568.96,568.93,568.96,15
1746729465,568.93,568.93,568.92,568.93,10
1746729470,568.93,568.94,568.91,568.92,84
1746729475,568.9,568.9,568.89,568.89,10
1746729480,568.97,568.98,568.97,568.98,5
1746729485,568.96,568.96,568.96,568.96,2
1746729490,568.98,569.01,568.96,569.0,53
1746729495,568.99,569.01,568.99,569.0,34
1746729500,569.02,569.02,568.99,568.99,230
1746729505,568.99,569.0,568.98,569.0,60
1746729510,568.97,568.99,568.93,568.94,72
1746729515,568.95,568.96,568.91,568.91,57
1746729520,568.93,568.95,568.93,568.95,25
1746729525,568.95,568.95,568.86,568.89,38
1746729530,568.9,568.92,568.87,568.92,31
1746729535,568.93,568.96,568.93,568.96,24
1746729540,568.92,568.94,568.89,568.89,257
1746729545,568.89,568.95,568.89,568.95,231
1746729550,568.94,568.95,568.8,568.8,123
1746729555,568.79,568.83,568.77,568.79,85
1746729560,568.81,568.83,568.81,568.83,18
1746729565,568.83,568.84,568.82,568.84,64
1746729570,568.81,568.83,568.81,568.82,30
1746729575,568.83,568.83,568.8,568.8,22
1746729580,568.8,568.81,568.71,568.74,78
1746729585,568.74,568.82,568.74,568.77,187
1746729590,568.76,568.8,568.76,568.77,133
1746729595,568.8,568.8,568.79,568.8,30
1746729600,568.82,568.86,568.8,568.86,111
1746729605,568.84,568.87,568.82,568.84,76
1746729610,568.86,568.86,568.81,568.83,51
1746729615,568.84,568.89,568.84,568.89,19
1746729620,568.95,568.97,568.94,568.95,25
1746729625,568.96,568.99,568.95,568.96,275
1746729630,568.97,568.97,568.81,568.84,196
1746729635,568.85,568.91,568.83,568.89,447
1746729640,568.9,568.91,568.89,568.9,30
1746729645,568.89,568.89,568.85,568.85,55
1746729650,568.84,568.84,568.82,568.84,12
1746729655,568.8,568.84,568.8,568.84,67
1746729660,568.85,568.88,568.85,568.85,64
1746729665,568.86,568.86,568.82,568.83,126
1746729670,568.82,568.84,568.82,568.84,41
1746729675,568.83,568.85,568.82,568.85,70
1746729680,568.87,568.89,568.81,568.83,32
1746729685,568.84,568.84,568.83,568.84,11
1746729690,568.85,568.88,568.85,568.87,86
1746729695,568.88,568.94,568.87,568.94,28
1746729700,568.95,568.96,568.93,568.95,92
1746729705,568.93,568.95,568.92,568.93,65
1746729710,568.94,568.94,568.92,568.94,37
1746729715,568.95,568.99,568.95,568.99,25
1746729720,568.97,569.07,568.97,569.05,208
1746729725,569.03,569.03,569.0,569.02,38
1746729730,569.03,569.08,569.02,569.05,56
1746729735,569.08,569.08,569.05,569.07,134
1746729740,569.07,569.1,569.07,569.09,35
1746729745,569.09,569.1,569.06,569.08,112
1746729750,569.08,569.1,569.06,569.06,17
1746729755,569.09,569.1,569.09,569.09,67
1746729760,569.1,569.1,569.0,569.0,95
1746729765,569.02,569.03,569.02,569.02,5
1746729770,569.04,569.04,569.02,569.02,43
1746729775,569.04,569.06,569.02,569.02,12
1746729780,569.07,569.07,569.04,569.05,22
1746729785,569.05,569.09,569.05,569.06,41
1746729790,569.07,569.08,569.04,569.05,45
1746729795,569.06,569.07,569.03,569.04,130
1746729800,569.04,569.04,568.95,568.96,63
1746729805,568.99,569.02,568.98,569.0,201
1746729810,568.98,569.0,568.98,568.99,32
1746729815,568.99,569.06,568.98,569.05,43
1746729820,569.06,569.07,569.03,569.04,55
1746729825,569.06,569.09,569.05,569.09,25
1746729830,569.08,569.08,569.0,569.0,130
1746729835,569.01,569.04,569.0,569.04,102
1746729840,569.03,569.08,569.03,569.08,88
1746729845,569.09,569.09,569.05,569.06,34
1746729850,569.09,569.09,569.09,569.09,11
1746729855,569.08,569.1,569.07,569.09,42
1746729860,569.1,569.13,569.09,569.09,92
1746729865,569.09,569.11,569.06,569.07,42
1746729870,569.01,569.06,569.01,569.06,52
1746729875,569.06,569.09,569.06,569.08,55
1746729880,569.07,569.09,569.07,569.09,17
1746729885,569.08,569.08,569.05,569.07,60
1746729890,569.07,569.07,569.02,569.04,59
1746729895,569.05,569.06,569.05,569.06,46
1746729900,569.05,569.05,568.99,569.0,106
1746729905,568.99,569.03,568.99,569.03,77
1746729910,569.03,569.05,569.01,569.05,77
1746729915,569.05,569.05,568.9,568.92,380
1746729920,568.86,568.93,568.85,568.86,219
1746729925,568.87,568.93,568.87,568.88,55
1746729930,568.88,568.9,568.87,568.9,26
1746729935,568.94,568.99,568.94,568.99,100
1746729940,569.0,569.01,568.98,568.98,22
1746729945,568.97,568.99,568.97,568.98,28
1746729950,568.99,569.01,568.99,568.99,70
1746729955,569.0,569.0,568.95,568.97,59
1746729960,568.98,568.99,568.9,568.91,74
1746729965,568.94,568.96,568.94,568.95,15
1746729970,568.97,568.97,568.96,568.97,10
1746729975,569.01,569.02,568.99,569.01,100
1746729980,568.99,568.99,568.99,568.99,10
1746729985,569.0,569.01,568.97,568.98,31
1746729990,568.97,568.99,568.97,568.99,5
1746729995,568.98,569.0,568.98,569.0,46
1746730000,569.0,569.05,569.0,569.04,158
1746730005,569.02,569.02,569.02,569.02,2
1746730010,569.02,569.02,569.02,569.02,0
1746730015,569.02,569.04,568.99,568.99,67
1746730020,569.01,569.01,568.94,568.95,74
1746730025,568.95,568.99,568.95,568.99,35
1746730030,569.01,569.01,569.01,569.01,4
1746730035,569.0,569.01,568.97,568.99,46
1746730040,568.97,568.97,568.96,568.97,43
1746730045,568.96,568.96,568.84,568.94,232
1746730050,568.93,568.95,568.93,568.95,146
1746730055,568.96,568.96,568.89,568.91,97
1746730060,568.93,568.94,568.91,568.94,38
1746730065,568.92,568.93,568.92,568.93,63
1746730070,568.93,568.94,568.93,568.94,29
1746730075,568.95,568.99,568.95,568.99,40
1746730080,568.97,568.97,568.94,568.97,52
1746730085,568.97,568.97,568.93,568.96,156
1746730090,568.96,568.96,568.92,568.92,37
1746730095,568.92,568.93,568.91,568.92,15
1746730100,568.9,568.91,568.88,568.9,66
1746730105,568.87,568.9,568.87,568.87,97
1746730110,568.86,568.86,568.78,568.8,193
1746730115,568.82,568.84,568.8,568.82,57
1746730120,568.8,568.82,568.76,568.81,139
1746730125,568.77,568.8,568.77,568.78,12
1746730130,568.79,568.8,568.79,568.8,15
1746730135,568.8,568.83,568.8,568.83,103
1746730140,568.82,568.85,568.82,568.84,141
1746730145,568.86,568.9,568.86,568.89,48
1746730150,568.92,568.93,568.85,568.85,243
1746730155,568.86,568.87,568.85,568.87,97
1746730160,568.86,568.86,568.81,568.81,24
1746730165,568.82,568.84,568.82,568.82,27
1746730170,568.84,568.86,568.82,568.83,57
1746730175,568.81,568.84,568.81,568.84,32
1746730180,568.85,568.88,568.85,568.87,25
1746730185,568.87,568.87,568.87,568.87,2
1746730190,568.88,568.88,568.87,568.87,17
1746730195,568.87,568.87,568.75,568.75,127
1746730200,568.76,568.76,568.62,568.63,203
1746730205,568.63,568.72,568.63,568.69,103
1746730210,568.67,568.7,568.63,568.63,84
1746730215,568.63,568.63,568.53,568.57,160
1746730220,568.6,568.61,568.45,568.45,187
1746730225,568.47,568.5,568.44,568.45,292
1746730230,568.45,568.48,568.45,568.45,152
1746730235,568.45,568.62,568.45,568.61,398
1746730240,568.61,568.61,568.55,568.56,66
1746730245,568.55,568.6,568.55,568.6,147
1746730250,568.59,568.59,568.51,568.51,100
1746730255,568.5,568.51,568.5,568.5,30
1746730260,568.48,568.51,568.45,568.51,91
1746730265,568.48,568.5,568.4,568.43,149
1746730270,568.43,568.46,568.4,568.45,115
1746730275,568.41,568.44,568.41,568.44,74
1746730280,568.42,568.44,568.31,568.35,72
1746730285,568.36,568.47,568.35,568.36,89
1746730290,568.34,568.44,568.33,568.44,132
1746730295,568.44,568.47,568.43,568.44,36
1746730300,568.44,568.45,568.43,568.44,7
1746730305,568.46,568.46,568.45,568.46,16
1746730310,568.46,568.46,568.44,568.45,32
1746730315,568.46,568.47,568.43,568.45,259
1746730320,568.42,568.46,568.4,568.46,47
1746730325,568.46,568.49,568.45,568.49,54
1746730330,568.5,568.53,568.46,568.47,66
1746730335,568.46,568.49,568.45,568.49,25
1746730340,568.48,568.48,568.44,568.47,106
1746730345,568.46,568.49,568.45,568.48,81
1746730350,568.49,568.54,568.48,568.52,291
1746730355,568.51,568.63,568.51,568.63,195
1746730360,568.65,568.66,568.59,568.65,243
1746730365,568.63,568.65,568.63,568.65,7
1746730370,568.66,568.74,568.66,568.73,120
1746730375,568.74,568.75,568.71,568.71,141
1746730380,568.72,568.77,568.71,568.75,197
1746730385,568.75,568.76,568.55,568.57,126
1746730390,568.56,568.59,568.54,568.54,72
1746730395,568.55,568.55,568.52,568.55,38
1746730400,568.53,568.67,568.52,568.67,82
1746730405,568.67,568.67,568.65,568.65,205
1746730410,568.64,568.65,568.63,568.64,34
1746730415,568.66,568.72,568.65,568.72,96
1746730420,568.73,568.78,568.73,568.76,117
1746730425,568.77,568.85,568.77,568.83,213
1746730430,568.84,568.87,568.83,568.83,133
1746730435,568.82,568.86,568.82,568.85,69
1746730440,568.84,568.85,568.8,568.81,52
1746730445,568.82,568.85,568.82,568.84,63
1746730450,568.85,568.89,568.78,568.8,199
1746730455,568.81,568.81,568.78,568.78,12
1746730460,568.78,568.78,568.73,568.76,35
1746730465,568.75,568.76,568.7,568.74,102
1746730470,568.75,568.75,568.68,568.69,55
1746730475,568.69,568.7,568.62,568.63,226
1746730480,568.62,568.63,568.52,568.56,162
1746730485,568.56,568.6,568.54,568.6,131
1746730490,568.64,568.68,568.64,568.64,84
1746730495,568.64,568.65,568.62,568.62,21
1746730500,568.62,568.62,568.55,568.56,63
1746730505,568.53,568.54,568.5,568.54,73
1746730510,568.59,568.61,568.53,568.55,142
1746730515,568.56,568.58,568.55,568.58,46
1746730520,568.61,568.66,568.61,568.62,113
1746730525,568.62,568.72,568.62,568.72,388
1746730530,568.72,568.72,568.61,568.62,186
1746730535,568.61,568.61,568.56,568.59,70
1746730540,568.61,568.68,568.61,568.65,75
1746730545,568.64,568.7,568.62,568.65,40
1746730550,568.65,568.71,568.64,568.64,161
1746730555,568.67,568.67,568.56,568.56,304
1746730560,568.56,568.58,568.53,568.57,236
1746730565,568.58,568.62,568.55,568.62,182
1746730570,568.62,568.66,568.62,568.66,57
1746730575,568.67,568.68,568.62,568.62,309
1746730580,568.61,568.64,568.6,568.63,32
1746730585,568.63,568.75,568.63,568.72,27
1746730590,568.73,568.73,568.57,568.58,743
1746730595,568.57,568.58,568.53,568.53,98
1746730600,568.55,568.57,568.41,568.46,670
1746730605,568.43,568.44,568.4,568.42,241
1746730610,568.42,568.44,568.41,568.42,79
1746730615,568.42,568.44,568.34,568.36,664
1746730620,568.37,568.4,568.34,568.38,323
1746730625,568.38,568.45,568.37,568.39,873
1746730630,568.4,568.41,568.39,568.41,63
1746730635,568.41,568.41,568.39,568.4,42
1746730640,568.4,568.4,568.29,568.36,700
1746730645,568.35,568.37,568.33,568.34,117
1746730650,568.34,568.35,568.32,568.34,53
1746730655,568.36,568.4,568.29,568.33,691
1746730660,568.34,568.38,568.32,568.38,49
1746730665,568.36,568.38,568.35,568.38,25
1746730670,568.36,568.39,568.36,568.39,69
1746730675,568.4,568.53,568.4,568.53,160
1746730680,568.54,568.56,568.48,568.52,164
1746730685,568.5,568.53,568.36,568.4,901
1746730690,568.41,568.5,568.41,568.44,87
1746730695,568.47,568.5,568.43,568.46,383
1746730700,568.46,568.49,568.38,568.48,747
1746730705,568.5,568.55,568.49,568.53,158
1746730710,568.53,568.53,568.48,568.51,51
1746730715,568.51,568.52,568.51,568.52,21
1746730720,568.51,568.51,568.5,568.5,55
1746730725,568.5,568.5,568.47,568.47,20
1746730730,568.48,568.48,568.4,568.42,108
1746730735,568.38,568.38,568.33,568.33,50
1746730740,568.35,568.43,568.35,568.41,53
1746730745,568.43,568.43,568.41,568.43,27
1746730750,568.46,568.47,568.44,568.44,41
1746730755,568.44,568.49,568.39,568.47,68
1746730760,568.5,568.56,568.48,568.48,72
1746730765,568.5,568.5,568.45,568.45,56
1746730770,568.47,568.47,568.41,568.42,69
1746730775,568.42,568.44,568.41,568.44,142
1746730780,568.44,568.46,568.42,568.43,43
1746730785,568.42,568.43,568.35,568.35,150
1746730790,568.34,568.38,568.34,568.36,59
1746730795,568.36,568.39,568.35,568.35,68
1746730800,568.34,568.37,568.28,568.35,196
1746730805,568.35,568.38,568.35,568.38,40
1746730810,568.39,568.4,568.32,568.32,115
1746730815,568.31,568.31,568.3,568.3,71
1746730820,568.31,568.31,568.19,568.2,197
1746730825,568.19,568.25,568.16,568.22,225
1746730830,568.2,568.22,568.16,568.2,177
1746730835,568.22,568.22,568.15,568.17,78
1746730840,568.17,568.18,568.14,568.17,216
1746730845,568.13,568.21,568.1,568.14,293
1746730850,568.15,568.15,568.0,568.02,523
1746730855,568.0,568.0,567.87,567.88,617
1746730860,567.88,567.88,567.76,567.83,618
1746730865,567.85,568.03,567.85,568.0,597
1746730870,567.98,568.07,567.94,567.99,1196
1746730875,567.99,568.01,567.85,567.85,620
1746730880,567.86,567.92,567.85,567.86,470
1746730885,567.87,567.91,567.83,567.88,368
1746730890,567.89,567.92,567.88,567.9,459
1746730895,567.95,568.02,567.93,567.96,358
1746730900,567.96,567.99,567.9,567.93,695
1746730905,567.93,567.95,567.85,567.9,391
1746730910,567.89,567.89,567.81,567.82,503
1746730915,567.84,567.95,567.82,567.9,683
1746730920,567.88,567.89,567.82,567.88,448
1746730925,567.88,567.92,567.76,567.77,803
1746730930,567.78,567.89,567.78,567.85,948
1746730935,567.83,567.92,567.82,567.87,530
1746730940,567.88,567.9,567.8,567.82,460
1746730945,567.84,567.9,567.83,567.86,134
1746730950,567.85,567.86,567.78,567.86,82
1746730955,567.82,567.84,567.79,567.8,65
1746730960,567.81,567.85,567.78,567.8,173
1746730965,567.79,567.96,567.79,567.96,189
1746730970,567.91,567.93,567.86,567.86,73
1746730975,567.86,567.92,567.85,567.89,101
1746730980,567.88,567.92,567.87,567.91,132
1746730985,567.89,568.1,567.87,568.1,357
1746730990,568.11,568.19,568.1,568.17,180
1746730995,568.17,568.2,568.16,568.2,58
1746731000,568.19,568.27,568.16,568.16,160
1746731005,568.16,568.21,568.11,568.13,283
1746731010,568.11,568.19,568.1,568.18,118
1746731015,568.18,568.25,568.18,568.21,144
1746731020,568.22,568.31,568.2,568.28,80
1746731025,568.27,568.28,568.25,568.27,165
1746731030,568.26,568.27,568.26,568.27,45
1746731035,568.27,568.28,568.25,568.25,97
1746731040,568.23,568.33,568.22,568.33,96
1746731045,568.28,568.37,568.27,568.36,92
1746731050,568.34,568.39,568.34,568.34,67
1746731055,568.33,568.36,568.33,568.34,33
1746731060,568.35,568.35,568.27,568.3,152
1746731065,568.28,568.32,568.25,568.25,189
1746731070,568.26,568.27,568.23,568.26,62
1746731075,568.29,568.34,568.29,568.3,175
1746731080,568.31,568.33,568.29,568.32,70
1746731085,568.31,568.32,568.28,568.31,67
1746731090,568.32,568.39,568.3,568.31,47
1746731095,568.29,568.31,568.28,568.28,94
1746731100,568.3,568.33,568.28,568.29,96
1746731105,568.29,568.29,568.15,568.16,263
1746731110,568.18,568.35,568.18,568.35,145
1746731115,568.33,568.33,568.29,568.3,222
1746731120,568.3,568.3,568.21,568.25,347
1746731125,568.25,568.25,568.22,568.23,89
1746731130,568.21,568.21,568.18,568.19,159
1746731135,568.16,568.2,568.14,568.2,253
1746731140,568.18,568.24,568.16,568.24,217
1746731145,568.25,568.25,568.19,568.19,159
1746731150,568.18,568.2,568.17,568.19,135
1746731155,568.2,568.21,568.1,568.11,258
1746731160,568.13,568.15,568.09,568.1,373
1746731165,568.11,568.16,568.1,568.11,248
1746731170,568.1,568.1,568.03,568.07,57
1746731175,568.08,568.08,568.02,568.02,32
1746731180,568.03,568.05,567.88,567.92,343
1746731185,567.91,567.91,567.82,567.83,190
1746731190,567.83,567.84,567.79,567.8,401
1746731195,567.81,567.81,567.73,567.76,367
1746731200,567.75,567.83,567.74,567.81,442
1746731205,567.81,567.86,567.78,567.81,349
1746731210,567.8,567.88,567.8,567.85,356
1746731215,567.86,567.94,567.83,567.94,123
1746731220,567.93,568.02,567.92,568.02,393
1746731225,568.02,568.02,567.96,567.98,182
1746731230,567.98,568.01,567.97,568.0,34
1746731235,568.02,568.04,568.0,568.01,66
1746731240,568.0,568.02,567.99,567.99,37
1746731245,568.0,568.0,567.9,567.9,139
1746731250,567.88,567.89,567.74,567.78,264
1746731255,567.76,567.82,567.74,567.81,164
1746731260,567.84,567.88,567.84,567.84,101
1746731265,567.84,567.87,567.81,567.87,111
1746731270,567.84,567.85,567.82,567.83,94
1746731275,567.82,567.82,567.77,567.81,88
1746731280,567.81,567.83,567.72,567.77,288
1746731285,567.79,567.8,567.74,567.75,38
1746731290,567.75,567.84,567.74,567.81,175
1746731295,567.78,567.81,567.76,567.8,123
1746731300,567.81,567.85,567.8,567.85,84
1746731305,567.87,567.92,567.86,567.89,205
1746731310,567.86,567.9,567.86,567.88,158
1746731315,567.87,567.89,567.85,567.88,49
1746731320,567.89,567.9,567.86,567.88,342
1746731325,567.87,567.87,567.78,567.84,466
1746731330,567.84,567.84,567.8,567.8,137
1746731335,567.79,567.79,567.76,567.79,337
1746731340,567.8,567.83,567.78,567.79,168
1746731345,567.79,567.81,567.78,567.81,298
1746731350,567.81,567.97,567.79,567.97,600
1746731355,567.96,567.97,567.94,567.95,120
1746731360,567.95,567.99,567.95,567.98,141
1746731365,567.99,568.03,567.98,567.98,76
1746731370,567.99,567.99,567.96,567.96,70
1746731375,567.97,567.99,567.91,567.92,136
1746731380,567.92,567.92,567.86,567.89,136
1746731385,567.89,567.94,567.86,567.89,765
1746731390,567.9,567.9,567.87,567.88,151
1746731395,567.88,567.88,567.81,567.82,339
1746731400,567.83,567.87,567.82,567.87,153
1746731405,567.88,567.89,567.85,567.88,421
1746731410,567.89,567.89,567.83,567.83,132
1746731415,567.83,567.84,567.74,567.75,182
1746731420,567.76,567.78,567.75,567.77,204
1746731425,567.75,567.75,567.63,567.68,436
1746731430,567.7,567.76,567.69,567.75,220
1746731435,567.73,567.76,567.72,567.76,68
1746731440,567.75,567.78,567.73,567.74,57
1746731445,567.74,567.74,567.73,567.73,19
1746731450,567.78,567.83,567.77,567.81,59
1746731455,567.79,567.79,567.75,567.77,311
1746731460,567.77,567.79,567.77,567.79,52
1746731465,567.79,567.86,567.78,567.8,276
1746731470,567.83,567.83,567.81,567.82,35
1746731475,567.81,567.89,567.81,567.84,145
1746731480,567.83,567.83,567.77,567.77,55
1746731485,567.78,567.81,567.73,567.81,275
1746731490,567.82,567.83,567.75,567.78,199
1746731495,567.82,567.82,567.77,567.77,122
1746731500,567.77,567.88,567.77,567.88,167
1746731505,567.87,567.87,567.76,567.77,69
1746731510,567.76,567.82,567.75,567.81,266
1746731515,567.82,567.84,567.81,567.81,84
1746731520,567.81,567.88,567.8,567.86,235
1746731525,567.87,567.87,567.79,567.86,219
1746731530,567.87,568.03,567.87,568.02,165
1746731535,568.01,568.03,568.0,568.03,98
1746731540,568.02,568.02,568.0,568.0,70
1746731545,568.0,568.01,567.99,567.99,102
1746731550,567.99,568.0,567.97,567.98,82
1746731555,567.99,568.0,567.92,567.93,196
1746731560,567.91,567.94,567.88,567.91,456
1746731565,567.91,567.92,567.88,567.88,397
1746731570,567.87,567.88,567.85,567.87,110
1746731575,567.87,567.88,567.84,567.87,191
1746731580,567.87,567.88,567.84,567.87,188
1746731585,567.88,567.89,567.85,567.88,119
1746731590,567.95,567.95,567.89,567.9,42
1746731595,567.89,567.9,567.87,567.9,27
1746731600,567.88,567.88,567.87,567.88,19
1746731605,567.87,567.87,567.85,567.85,109
1746731610,567.86,567.86,567.84,567.85,33
1746731615,567.83,567.84,567.78,567.84,177
1746731620,567.88,567.88,567.82,567.82,247
1746731625,567.82,567.83,567.77,567.8,176
1746731630,567.81,567.89,567.8,567.86,257
1746731635,567.88,567.92,567.86,567.88,172
1746731640,567.89,567.9,567.84,567.84,187
1746731645,567.86,567.88,567.85,567.85,100
1746731650,567.84,567.86,567.8,567.8,17
1746731655,567.82,567.87,567.82,567.82,178
1746731660,567.8,567.81,567.75,567.75,66
1746731665,567.74,567.77,567.74,567.76,40
1746731670,567.77,567.88,567.77,567.85,217
1746731675,567.88,567.96,567.88,567.91,398
1746731680,567.92,567.93,567.82,567.82,275
1746731685,567.83,567.88,567.83,567.85,132
1746731690,567.86,567.91,567.86,567.9,86
1746731695,567.91,567.94,567.9,567.9,103
1746731700,567.88,567.93,567.86,567.88,951
1746731705,567.89,567.9,567.86,567.89,133
1746731710,567.85,567.87,567.76,567.79,120
1746731715,567.79,567.93,567.79,567.91,89
1746731720,567.91,568.04,567.88,568.01,128
1746731725,568.01,568.06,567.97,568.0,689
1746731730,568.0,568.01,567.91,568.0,507
1746731735,567.99,567.99,567.94,567.95,45
1746731740,567.96,567.97,567.94,567.96,208
1746731745,567.94,568.0,567.93,567.96,202
1746731750,567.94,567.95,567.88,567.95,109
1746731755,567.96,567.99,567.9,567.97,109
1746731760,567.99,568.04,567.99,568.02,254
1746731765,568.01,568.08,567.99,568.08,92
1746731770,568.09,568.12,568.0,568.06,264
1746731775,568.04,568.07,568.04,568.05,100
1746731780,568.03,568.03,567.97,567.99,60
1746731785,567.96,567.96,567.92,567.92,75
1746731790,567.92,568.04,567.92,568.04,144
1746731795,568.02,568.03,568.02,568.02,5
1746731800,568.01,568.01,567.96,567.96,71
1746731805,567.99,567.99,567.96,567.96,40
1746731810,567.95,567.96,567.92,567.93,154
1746731815,567.94,567.94,567.84,567.88,158
1746731820,567.86,567.88,567.83,567.87,183
1746731825,567.87,567.89,567.87,567.87,55
1746731830,567.88,567.88,567.71,567.71,117
1746731835,567.74,567.76,567.73,567.76,70
1746731840,567.76,567.81,567.76,567.81,183
1746731845,567.81,567.82,567.76,567.76,152
1746731850,567.75,567.78,567.73,567.78,88
1746731855,567.79,567.85,567.78,567.83,81
1746731860,567.84,567.86,567.81,567.81,108
1746731865,567.84,567.85,567.82,567.84,30
1746731870,567.84,567.93,567.83,567.88,437
1746731875,567.89,567.89,567.85,567.86,120
1746731880,567.87,567.91,567.86,567.91,97
1746731885,567.93,567.93,567.88,567.92,210
1746731890,567.93,567.93,567.86,567.86,58
1746731895,567.86,567.95,567.84,567.95,221
1746731900,567.93,567.93,567.91,567.92,85
1746731905,567.93,568.01,567.92,568.0,244
1746731910,568.0,568.02,567.88,567.88,204
1746731915,567.9,567.91,567.9,567.91,37
1746731920,567.9,567.91,567.88,567.9,40
1746731925,567.87,567.89,567.84,567.88,132
1746731930,567.89,567.92,567.89,567.9,73
1746731935,567.88,567.93,567.84,567.85,216
1746731940,567.86,567.86,567.84,567.85,10
1746731945,567.85,567.89,567.84,567.88,271
1746731950,567.88,567.93,567.88,567.91,32
1746731955,567.9,567.92,567.84,567.84,107
1746731960,567.82,567.82,567.73,567.73,326
1746731965,567.73,567.76,567.73,567.73,232
1746731970,567.75,567.77,567.72,567.77,338
1746731975,567.77,567.85,567.77,567.79,212
1746731980,567.8,567.8,567.77,567.79,175
1746731985,567.79,568.04,567.78,568.02,2182
1746731990,568.01,568.27,567.88,568.24,4049
1746731995,568.24,568.3,568.22,568.28,1391
1746732000,568.27,568.32,568.12,568.32,2244
1746732005,568.33,568.42,568.29,568.31,671
1746732010,568.33,568.52,568.33,568.48,738
1746732015,568.49,568.72,568.48,568.7,808
1746732020,568.68,568.8,568.63,568.78,1899
1746732025,568.76,569.0,568.67,568.81,2839
1746732030,568.85,568.91,568.82,568.85,1093
1746732035,568.85,568.97,568.75,568.95,815
1746732040,568.93,568.95,568.85,568.85,513
1746732045,568.85,568.91,568.72,568.73,425
1746732050,568.75,568.75,568.61,568.61,360
1746732055,568.61,568.64,568.53,568.53,468
1746732060,568.52,568.65,568.51,568.62,454
1746732065,568.61,568.8,568.61,568.8,626
1746732070,568.75,568.79,568.72,568.79,251
1746732075,568.8,568.83,568.74,568.8,628
1746732080,568.8,568.81,568.67,568.71,971
1746732085,568.7,569.02,568.7,568.97,1129
1746732090,568.96,569.0,568.82,568.88,290
1746732095,568.87,568.97,568.83,568.83,407
1746732100,568.85,569.37,568.85,569.26,2485
1746732105,569.28,569.29,569.17,569.2,251
1746732110,569.21,569.22,569.12,569.17,472
1746732115,569.14,569.21,569.11,569.21,363
1746732120,569.17,569.24,569.07,569.09,786
1746732125,569.12,569.12,568.93,568.95,1252
1746732130,568.95,569.05,568.91,569.03,780
1746732135,569.01,569.1,568.88,568.92,434
1746732140,568.9,568.91,568.73,568.78,786
1746732145,568.8,569.03,568.74,569.0,389
1746732150,569.0,569.17,568.99,569.12,902
1746732155,569.12,569.16,569.02,569.02,586
1746732160,569.05,569.19,569.02,569.11,1243
1746732165,569.11,569.17,569.07,569.17,570
1746732170,569.17,569.19,569.04,569.1,383
1746732175,569.1,569.19,569.07,569.18,342
1746732180,569.15,569.27,569.15,569.26,613
1746732185,569.26,569.27,568.98,568.98,483
1746732190,568.98,569.02,568.93,568.96,248
1746732195,568.96,569.01,568.87,568.87,381
1746732200,568.88,568.92,568.88,568.91,158
1746732205,568.92,569.02,568.91,568.99,400
1746732210,568.98,568.98,568.94,568.96,25
1746732215,568.93,568.93,568.77,568.85,407
1746732220,568.87,569.0,568.87,568.95,702
1746732225,568.93,568.95,568.93,568.94,45
1746732230,568.95,568.96,568.84,568.84,392
1746732235,568.89,568.94,568.88,568.94,87
1746732240,568.9,568.92,568.82,568.85,287
1746732245,568.86,569.02,568.83,568.95,569
1746732250,568.95,568.99,568.87,568.95,278
1746732255,569.0,569.09,569.0,569.07,201
1746732260,569.09,569.11,569.0,569.0,259
1746732265,568.97,568.97,568.93,568.94,141
1746732270,568.92,568.92,568.81,568.91,643
1746732275,568.9,568.96,568.88,568.96,44
1746732280,568.97,569.0,568.95,568.95,110
1746732285,568.94,568.94,568.91,568.91,139
1746732290,568.9,568.93,568.85,568.93,106
1746732295,568.94,568.94,568.86,568.91,112
1746732300,568.91,568.99,568.86,568.87,305
1746732305,568.91,568.92,568.86,568.92,125
1746732310,568.95,569.05,568.95,569.05,276
1746732315,569.05,569.12,569.0,569.1,1439
1746732320,569.11,569.2,569.1,569.17,1255
1746732325,569.19,569.22,569.15,569.16,413
1746732330,569.16,569.18,569.11,569.14,168
1746732335,569.15,569.17,569.1,569.12,215
1746732340,569.09,569.11,569.07,569.08,170
1746732345,569.1,569.15,569.09,569.13,306
1746732350,569.13,569.13,569.08,569.09,425
1746732355,569.09,569.3,569.09,569.24,471
1746732360,569.24,569.37,569.23,569.26,1592
1746732365,569.27,569.28,569.23,569.25,183
1746732370,569.25,569.27,569.2,569.22,314
1746732375,569.22,569.23,569.08,569.08,991
1746732380,569.07,569.07,568.92,569.01,601
1746732385,569.0,569.11,569.0,569.03,189
1746732390,569.06,569.09,569.01,569.09,75
1746732395,569.11,569.11,569.0,569.02,204
1746732400,569.03,569.05,569.0,569.02,304
1746732405,569.03,569.11,569.03,569.06,497
1746732410,569.06,569.08,568.99,569.0,273
1746732415,568.99,569.0,568.79,568.86,1262
1746732420,568.86,568.87,568.69,568.77,535
1746732425,568.76,568.81,568.73,568.81,275
1746732430,568.83,568.95,568.82,568.87,625
1746732435,568.87,568.89,568.74,568.88,298
1746732440,568.87,568.88,568.76,568.77,147
1746732445,568.79,568.83,568.73,568.79,374
1746732450,568.78,568.79,568.75,568.75,83
1746732455,568.75,568.75,568.58,568.61,465
1746732460,568.62,568.68,568.59,568.67,328
1746732465,568.67,568.71,568.66,568.71,319
1746732470,568.69,568.83,568.66,568.83,405
1746732475,568.81,568.83,568.77,568.83,438
1746732480,568.83,568.89,568.77,568.88,295
1746732485,568.87,568.89,568.85,568.88,42
1746732490,568.87,568.89,568.81,568.83,124
1746732495,568.84,568.96,568.83,568.94,209
1746732500,568.93,568.94,568.91,568.92,42
1746732505,568.92,568.94,568.9,568.94,151
1746732510,568.94,568.95,568.93,568.94,259
1746732515,568.93,569.01,568.91,568.99,115
1746732520,569.01,569.05,569.01,569.04,161
1746732525,569.05,569.05,569.01,569.02,212
1746732530,569.04,569.04,569.01,569.04,142
1746732535,569.05,569.05,568.99,568.99,205
1746732540,568.99,569.05,568.97,569.04,166
1746732545,569.04,569.04,569.0,569.0,195
1746732550,569.01,569.02,569.0,569.0,365
1746732555,568.99,569.02,568.99,569.0,165
1746732560,569.02,569.06,569.0,569.01,180
1746732565,569.03,569.07,569.01,569.07,146
1746732570,569.06,569.1,568.99,569.03,254
1746732575,569.04,569.05,568.96,569.02,535
1746732580,569.03,569.03,569.02,569.02,29
1746732585,569.03,569.04,568.97,569.04,376
1746732590,569.02,569.06,568.99,569.0,165
1746732595,569.0,569.02,568.98,569.02,171
1746732600,569.03,569.12,568.99,569.0,390
1746732605,569.01,569.05,568.99,569.04,166
1746732610,569.04,569.05,569.03,569.04,148
1746732615,569.04,569.07,568.97,569.04,408
1746732620,569.0,569.03,568.95,568.96,379
1746732625,568.96,569.01,568.93,568.98,245
1746732630,568.98,569.09,568.98,569.08,332
1746732635,569.08,569.09,569.01,569.02,179
1746732640,569.05,569.11,569.04,569.1,102
1746732645,569.13,569.13,569.06,569.1,226
1746732650,569.11,569.13,569.09,569.11,91
1746732655,569.1,569.12,569.07,569.1,894
1746732660,569.1,569.13,568.99,569.02,243
1746732665,569.02,569.13,569.02,569.05,193
1746732670,569.05,569.06,568.95,568.99,213
1746732675,569.0,569.09,569.0,569.06,54
1746732680,569.05,569.05,569.01,569.03,47
1746732685,569.03,569.04,568.98,568.99,138
1746732690,569.02,569.03,568.89,568.9,361
1746732695,568.91,568.96,568.91,568.96,171
1746732700,568.95,568.96,568.93,568.93,112
1746732705,568.91,568.91,568.86,568.86,270
1746732710,568.85,568.88,568.81,568.87,161
1746732715,568.87,568.93,568.85,568.91,172
1746732720,568.93,568.93,568.91,568.92,125
1746732725,568.92,568.93,568.87,568.93,167
1746732730,568.96,568.98,568.88,568.88,99
1746732735,568.9,568.92,568.89,568.9,123
1746732740,568.88,568.93,568.88,568.93,155
1746732745,568.94,568.96,568.9,568.92,143
1746732750,568.91,568.95,568.89,568.9,195
1746732755,568.91,568.91,568.89,568.91,136
1746732760,568.9,568.95,568.82,568.83,113
1746732765,568.84,568.84,568.75,568.75,277
1746732770,568.75,568.78,568.63,568.7,715
1746732775,568.7,568.74,568.68,568.74,157
1746732780,568.75,568.77,568.71,568.77,185
1746732785,568.78,568.78,568.73,568.74,224
1746732790,568.73,568.74,568.69,568.74,230
1746732795,568.74,568.83,568.73,568.82,554
1746732800,568.84,568.84,568.78,568.79,318
1746732805,568.8,568.83,568.8,568.82,221
1746732810,568.79,568.79,568.76,568.76,52
1746732815,568.75,568.75,568.68,568.68,435
1746732820,568.65,568.65,568.5,568.53,619
1746732825,568.54,568.57,568.5,568.52,162
1746732830,568.52,568.59,568.52,568.59,60
1746732835,568.58,568.6,568.55,568.57,138
1746732840,568.58,568.58,568.51,568.52,364
1746732845,568.54,568.62,568.54,568.61,117
1746732850,568.63,568.66,568.63,568.66,194
1746732855,568.67,568.7,568.63,568.7,189
1746732860,568.71,568.76,568.61,568.62,280
1746732865,568.6,568.64,568.58,568.64,124
1746732870,568.65,568.65,568.6,568.61,99
1746732875,568.61,568.65,568.59,568.62,97
1746732880,568.64,568.71,568.64,568.69,299
1746732885,568.69,568.71,568.66,568.68,67
1746732890,568.7,568.71,568.66,568.66,41
1746732895,568.64,568.7,568.63,568.7,67
1746732900,568.7,568.71,568.62,568.65,167
1746732905,568.65,568.7,568.62,568.63,210
1746732910,568.59,568.62,568.54,568.61,299
1746732915,568.58,568.66,568.57,568.65,146
1746732920,568.65,568.67,568.57,568.59,172
1746732925,568.6,568.6,568.5,568.55,106
1746732930,568.57,568.59,568.53,568.55,216
1746732935,568.52,568.54,568.38,568.39,981
1746732940,568.41,568.43,568.39,568.42,139
1746732945,568.43,568.5,568.43,568.5,160
1746732950,568.49,568.49,568.42,568.42,114
1746732955,568.43,568.43,568.0,568.09,2191
1746732960,568.08,568.09,567.98,567.99,663
1746732965,568.01,568.15,568.0,568.15,664
1746732970,568.14,568.15,568.01,568.04,326
1746732975,568.05,568.12,568.02,568.08,303
1746732980,568.09,568.15,568.05,568.05,394
1746732985,568.03,568.1,567.96,568.06,484
1746732990,568.05,568.19,568.04,568.18,382
1746732995,568.19,568.21,568.14,568.15,200
1746733000,568.14,568.23,568.11,568.23,76
1746733005,568.25,568.26,568.17,568.18,76
1746733010,568.2,568.24,568.18,568.21,177
1746733015,568.19,568.22,568.18,568.21,332
1746733020,568.19,568.24,568.14,568.24,662
1746733025,568.25,568.37,568.25,568.26,372
1746733030,568.26,568.33,568.26,568.31,51
1746733035,568.32,568.36,568.32,568.33,116
1746733040,568.34,568.37,568.3,568.34,162
1746733045,568.34,568.35,568.33,568.35,32
1746733050,568.35,568.36,568.27,568.27,100
1746733055,568.27,568.28,568.15,568.22,153
1746733060,568.24,568.33,568.24,568.26,73
1746733065,568.27,568.31,568.27,568.29,25
1746733070,568.31,568.31,568.2,568.25,313
1746733075,568.28,568.3,568.27,568.27,109
1746733080,568.27,568.28,568.15,568.17,189
1746733085,568.16,568.21,568.16,568.2,96
1746733090,568.18,568.2,568.11,568.12,122
1746733095,568.12,568.14,568.1,568.11,79
1746733100,568.11,568.21,568.11,568.21,64
1746733105,568.22,568.22,568.15,568.22,76
1746733110,568.22,568.25,568.21,568.25,100
1746733115,568.24,568.24,568.16,568.16,282
1746733120,568.18,568.2,568.09,568.12,181
1746733125,568.12,568.13,568.11,568.11,55
1746733130,568.11,568.12,568.09,568.1,121
1746733135,568.1,568.1,567.99,568.0,307
1746733140,567.99,568.02,567.92,567.95,107
1746733145,567.95,567.98,567.94,567.97,136
1746733150,567.97,568.08,567.95,568.08,192
1746733155,568.08,568.1,568.06,568.08,72
1746733160,568.06,568.08,568.06,568.06,114
1746733165,568.06,568.06,567.99,568.05,175
1746733170,568.06,568.06,567.99,568.05,187
1746733175,568.05,568.05,567.85,567.86,504
1746733180,567.88,567.99,567.88,567.98,122
1746733185,567.98,567.99,567.9,567.94,99
1746733190,567.96,567.98,567.92,567.95,82
1746733195,567.95,567.97,567.89,567.91,129
1746733200,567.91,567.94,567.85,567.87,190
1746733205,567.86,567.86,567.67,567.68,406
1746733210,567.68,567.74,567.63,567.69,386
1746733215,567.69,567.86,567.69,567.86,221
1746733220,567.86,567.86,567.76,567.79,195
1746733225,567.77,567.82,567.75,567.81,81
1746733230,567.8,567.86,567.79,567.86,167
1746733235,567.87,567.9,567.84,567.84,262
1746733240,567.83,567.84,567.59,567.62,430
1746733245,567.59,567.69,567.59,567.68,226
1746733250,567.69,567.71,567.67,567.69,213
1746733255,567.69,567.74,567.68,567.74,177
1746733260,567.74,567.78,567.69,567.77,177
1746733265,567.79,567.87,567.74,567.77,521
1746733270,567.76,567.89,567.76,567.88,791
1746733275,567.88,567.99,567.87,567.94,1258
1746733280,567.94,567.96,567.89,567.89,338
1746733285,567.89,567.96,567.88,567.93,345
1746733290,567.92,567.92,567.87,567.89,262
1746733295,567.89,567.89,567.82,567.83,347
1746733300,567.81,567.86,567.77,567.78,248
1746733305,567.78,567.79,567.68,567.7,680
1746733310,567.68,567.7,567.65,567.67,861
1746733315,567.68,567.72,567.66,567.68,271
1746733320,567.7,567.72,567.56,567.59,486
1746733325,567.59,567.74,567.57,567.74,1164
1746733330,567.75,567.86,567.72,567.86,439
1746733335,567.87,567.87,567.69,567.7,878
1746733340,567.7,567.71,567.62,567.67,830
1746733345,567.67,567.67,567.61,567.61,273
1746733350,567.61,567.63,567.58,567.6,192
1746733355,567.57,567.69,567.57,567.67,287
1746733360,567.67,567.72,567.67,567.69,350
1746733365,567.69,567.7,567.61,567.67,255
1746733370,567.65,567.65,567.61,567.62,197
1746733375,567.61,567.65,567.59,567.63,307
1746733380,567.66,567.68,567.61,567.66,592
1746733385,567.65,567.65,567.46,567.53,671
1746733390,567.48,567.69,567.48,567.68,411
1746733395,567.64,567.65,567.58,567.61,127
1746733400,567.61,567.67,567.6,567.67,312
1746733405,567.68,567.69,567.64,567.68,202
1746733410,567.69,567.69,567.6,567.61,329
1746733415,567.6,567.61,567.56,567.59,127
1746733420,567.58,567.58,567.53,567.55,230
1746733425,567.53,567.55,567.52,567.52,81
1746733430,567.54,567.58,567.53,567.57,535
1746733435,567.56,567.61,567.56,567.59,282
1746733440,567.59,567.59,567.54,567.58,230
1746733445,567.59,567.59,567.52,567.55,261
1746733450,567.58,567.58,567.53,567.55,374
1746733455,567.55,567.56,567.51,567.55,165
1746733460,567.55,567.62,567.54,567.59,313
1746733465,567.57,567.7,567.49,567.66,523
1746733470,567.67,567.7,567.6,567.63,240
1746733475,567.62,567.63,567.59,567.63,197
1746733480,567.64,567.67,567.57,567.6,521
1746733485,567.6,567.63,567.55,567.55,304
1746733490,567.56,567.62,567.55,567.6,176
1746733495,567.59,567.62,567.57,567.59,129
1746733500,567.59,567.61,567.4,567.55,276
1746733505,567.54,567.58,567.48,567.54,198
1746733510,567.55,567.57,567.5,567.57,185
1746733515,567.55,567.56,567.45,567.47,231
1746733520,567.48,567.54,567.48,567.52,166
1746733525,567.51,567.51,567.28,567.28,950
1746733530,567.29,567.31,567.05,567.06,846
1746733535,567.07,567.1,566.86,566.88,361
1746733540,566.88,566.89,566.78,566.82,639
1746733545,566.82,567.05,566.81,567.03,241
1746733550,567.03,567.05,566.97,567.0,96
1746733555,566.99,567.08,566.93,567.08,368
1746733560,567.06,567.06,566.81,566.84,374
1746733565,566.84,566.85,566.81,566.85,171
1746733570,566.84,566.86,566.76,566.76,485
1746733575,566.76,566.79,566.69,566.72,335
1746733580,566.74,566.92,566.71,566.92,210
1746733585,566.95,566.99,566.93,566.98,185
1746733590,566.98,566.99,566.97,566.98,84
1746733595,566.98,566.98,566.91,566.98,286
1746733600,566.99,567.06,566.99,567.05,437
1746733605,567.06,567.07,567.02,567.02,133
1746733610,567.03,567.03,566.94,566.97,214
1746733615,566.94,566.98,566.93,566.94,129
1746733620,566.93,566.96,566.76,566.84,307
1746733625,566.79,566.83,566.74,566.76,282
1746733630,566.76,566.93,566.68,566.93,540
1746733635,566.91,567.01,566.88,566.94,410
1746733640,566.96,567.03,566.91,566.91,345
1746733645,566.89,566.89,566.75,566.82,496
1746733650,566.8,566.9,566.79,566.9,115
1746733655,566.9,566.96,566.88,566.9,134
1746733660,566.92,567.02,566.9,567.01,189
1746733665,567.0,567.03,566.97,567.02,244
1746733670,567.05,567.08,567.04,567.07,88
1746733675,567.05,567.12,567.05,567.11,581
1746733680,567.11,567.13,567.07,567.08,595
1746733685,567.07,567.08,566.93,566.98,459
1746733690,566.97,567.08,566.96,567.06,138
1746733695,567.05,567.12,567.01,567.01,363
1746733700,567.0,567.08,567.0,567.02,103
1746733705,567.0,567.07,567.0,567.07,88
1746733710,567.06,567.09,567.01,567.08,285
1746733715,567.09,567.11,567.0,567.02,302
1746733720,567.02,567.03,566.97,566.99,328
1746733725,566.99,566.99,566.89,566.93,330
1746733730,566.94,566.96,566.9,566.9,55
1746733735,566.91,566.95,566.82,566.87,1179
1746733740,566.87,566.89,566.83,566.88,574
1746733745,566.9,566.94,566.84,566.89,296
1746733750,566.89,566.94,566.88,566.92,213
1746733755,566.92,566.94,566.86,566.92,324
1746733760,566.91,566.93,566.9,566.91,42
1746733765,566.91,566.92,566.84,566.86,248
1746733770,566.85,566.87,566.81,566.84,91
1746733775,566.86,566.87,566.81,566.86,298
1746733780,566.87,566.97,566.87,566.93,829
1746733785,566.94,567.01,566.91,566.96,972
1746733790,566.97,567.03,566.95,566.99,809
1746733795,566.99,567.03,566.89,567.02,396
1746733800,567.02,567.22,566.6,566.71,2686
1746733805,566.71,566.71,566.52,566.53,1136
1746733810,566.56,566.64,566.41,566.44,1565
1746733815,566.43,566.43,566.3,566.32,778
1746733820,566.31,566.31,566.09,566.12,747
1746733825,566.13,566.21,566.06,566.09,745
1746733830,566.1,566.14,565.9,565.91,1834
1746733835,565.9,566.18,565.9,566.17,1181
1746733840,566.15,566.16,565.97,565.99,1201
1746733845,565.99,566.05,565.95,566.05,493
1746733850,566.01,566.03,565.97,566.0,1424
1746733855,566.01,566.01,565.89,565.92,970
1746733860,565.93,565.93,565.59,565.67,2979
1746733865,565.68,565.72,565.63,565.68,811
1746733870,565.67,565.71,565.59,565.7,2104
1746733875,565.7,565.7,565.62,565.62,710
1746733880,565.63,565.78,565.61,565.74,393
1746733885,565.77,565.92,565.77,565.92,546
1746733890,565.92,565.96,565.85,565.94,1332
1746733895,565.95,566.0,565.84,565.93,997
1746733900,565.94,566.13,565.94,566.12,1149
1746733905,566.13,566.21,566.05,566.05,553
1746733910,566.05,566.05,565.97,565.98,378
1746733915,565.99,566.02,565.87,565.87,566
1746733920,565.88,565.94,565.87,565.94,875
1746733925,565.96,565.96,565.75,565.82,678
1746733930,565.83,565.9,565.77,565.79,488
1746733935,565.79,565.85,565.75,565.84,453
1746733940,565.84,565.84,565.68,565.74,989
1746733945,565.74,565.75,565.67,565.68,903
1746733950,565.68,565.69,565.49,565.56,928
1746733955,565.55,565.65,565.55,565.63,476
1746733960,565.62,565.63,565.55,565.6,748
1746733965,565.61,565.64,565.57,565.63,1663
1746733970,565.62,565.69,565.58,565.64,436
1746733975,565.65,565.74,565.63,565.69,373
1746733980,565.67,565.67,565.55,565.57,645
1746733985,565.58,565.74,565.53,565.74,659
1746733990,565.7,565.71,565.51,565.53,476
1746733995,565.56,565.69,565.53,565.59,595
1746734000,565.6,565.65,565.57,565.65,973
1746734005,565.63,565.65,565.6,565.63,470
1746734010,565.62,565.75,565.62,565.69,423
1746734015,565.68,565.7,565.63,565.66,487
1746734020,565.64,565.65,565.52,565.6,895
1746734025,565.59,565.59,565.48,565.5,802
1746734030,565.53,565.74,565.53,565.7,506
1746734035,565.7,565.72,565.66,565.72,340
1746734040,565.74,565.78,565.56,565.56,614
1746734045,565.58,565.65,565.56,565.59,439
1746734050,565.57,565.69,565.57,565.64,489
1746734055,565.66,565.66,565.57,565.6,332
1746734060,565.61,565.69,565.58,565.68,462
1746734065,565.67,565.68,565.59,565.64,366
1746734070,565.62,565.73,565.61,565.63,575
1746734075,565.62,565.8,565.62,565.74,191
1746734080,565.75,565.83,565.6,565.74,1859
1746734085,565.72,565.73,565.61,565.65,571
1746734090,565.65,565.65,565.41,565.42,1272
1746734095,565.43,565.49,565.42,565.42,492
1746734100,565.45,565.61,565.01,565.03,1348
1746734105,565.03,565.05,564.91,564.92,696
1746734110,564.92,565.0,564.79,564.99,952
1746734115,564.99,565.09,564.93,564.98,815
1746734120,564.98,565.03,564.83,564.98,735
1746734125,564.98,565.05,564.91,564.92,646
1746734130,564.9,564.95,564.87,564.93,385
1746734135,564.94,564.94,564.8,564.82,611
1746734140,564.81,564.9,564.79,564.85,523
1746734145,564.86,564.86,564.69,564.75,461
1746734150,564.76,564.83,564.62,564.83,471
1746734155,564.84,564.96,564.84,564.93,840
1746734160,564.92,564.93,564.62,564.64,902
1746734165,564.65,564.77,564.64,564.75,647
1746734170,564.74,564.92,564.72,564.91,1108
1746734175,564.92,564.94,564.8,564.88,864
1746734180,564.9,564.95,564.84,564.85,1383
1746734185,564.83,564.96,564.83,564.86,639
1746734190,564.84,564.9,564.81,564.86,982
1746734195,564.85,564.94,564.82,564.83,662
1746734200,564.85,564.87,564.73,564.79,737
1746734205,564.78,564.78,564.65,564.67,360
1746734210,564.67,564.78,564.65,564.76,394
1746734215,564.79,564.93,564.78,564.91,582
1746734220,564.92,564.94,564.75,564.75,547
1746734225,564.77,564.84,564.77,564.81,892
1746734230,564.81,564.81,564.68,564.71,842
1746734235,564.72,564.76,564.65,564.76,951
1746734240,564.76,564.82,564.72,564.76,1776
1746734245,564.76,564.78,564.73,564.74,713
1746734250,564.74,564.83,564.71,564.82,1068
1746734255,564.82,564.9,564.81,564.88,1582
1746734260,564.88,564.94,564.85,564.88,646
1746734265,564.88,564.97,564.85,564.97,1104
1746734270,564.96,565.02,564.92,564.94,1166
1746734275,564.94,564.95,564.85,564.89,429
1746734280,564.89,564.89,564.77,564.85,997
1746734285,564.85,564.93,564.85,564.92,2249
1746734290,564.93,564.96,564.88,564.93,1269
1746734295,564.93,564.99,564.93,564.98,1288
1746734300,564.98,565.04,564.97,565.0,1161
1746734305,565.0,565.01,564.87,564.88,1443
1746734310,564.88,564.95,564.85,564.95,1884
1746734315,564.96,564.98,564.93,564.93,1228
1746734320,564.93,564.96,564.92,564.94,988
1746734325,564.94,564.96,564.92,564.93,2440
1746734330,564.94,564.96,564.87,564.9,1946
1746734335,564.9,564.91,564.85,564.89,1876
1746734340,564.89,564.93,564.76,564.78,2816
1746734345,564.77,564.78,564.64,564.66,3148
1746734350,564.66,564.7,564.62,564.65,1936
1746734355,564.67,564.73,564.64,564.67,2242
1746734360,564.66,564.68,564.61,564.65,3758
1746734365,564.64,564.64,564.56,564.58,1498
1746734370,564.56,564.65,564.56,564.63,1611
1746734375,564.64,564.69,564.59,564.68,1817
1746734380,564.69,564.73,564.65,564.65,3457
1746734385,564.66,564.69,564.54,564.6,3040
1746734390,564.6,564.77,564.58,564.73,1980
1746734395,564.7,564.98,564.64,564.91,8862
