Date,Open,High,Low,Close,Volume
1748592065,641.76,641.76,641.76,641.76,4
1748592070,641.76,641.76,641.76,641.76,0
1748592075,641.76,641.76,641.76,641.76,0
1748592080,641.76,641.76,641.76,641.76,0
1748592085,641.76,641.76,641.76,641.76,7
1748592090,641.76,641.76,641.76,641.76,0
1748592095,641.76,641.76,641.76,641.76,0
1748592100,641.76,641.76,641.76,641.76,0
1748592105,641.76,641.76,641.76,641.76,0
1748592110,641.76,641.76,641.76,641.76,0
1748592115,641.76,641.76,641.76,641.76,0
1748592120,641.76,641.76,641.76,641.76,0
1748592125,641.76,641.76,641.76,641.76,0
1748592130,641.76,641.76,641.76,641.76,0
1748592135,641.76,641.76,641.76,641.76,0
1748592140,641.76,641.76,641.76,641.76,0
1748592145,641.76,641.76,641.76,641.76,0
1748592150,642.0,642.0,642.0,642.0,2
1748592155,641.93,641.93,641.93,641.93,3
1748592160,641.93,641.93,641.93,641.93,0
1748592165,641.93,641.93,641.93,641.93,0
1748592170,641.93,641.93,641.93,641.93,0
1748592175,641.93,641.93,641.93,641.93,0
1748592180,641.93,641.93,641.93,641.93,0
1748592185,641.93,641.93,641.93,641.93,0
1748592190,641.93,641.93,641.93,641.93,0
1748592195,641.93,641.93,641.93,641.93,0
1748592200,641.93,641.93,641.93,641.93,0
1748592205,641.93,641.93,641.93,641.93,0
1748592210,641.93,641.93,641.93,641.93,0
1748592215,641.93,641.93,641.93,641.93,0
1748592220,641.93,641.93,641.93,641.93,0
1748592225,641.93,641.93,641.93,641.93,0
1748592230,641.93,641.93,641.93,641.93,0
1748592235,641.93,641.93,641.93,641.93,0
1748592240,641.93,641.93,641.93,641.93,0
1748592245,641.93,641.93,641.93,641.93,0
1748592250,641.93,641.93,641.93,641.93,0
1748592255,641.93,641.93,641.93,641.93,0
1748592260,641.93,641.93,641.93,641.93,0
1748592265,641.93,641.93,641.93,641.93,0
1748592270,641.93,641.93,641.93,641.93,0
1748592275,641.93,641.93,641.93,641.93,0
1748592280,641.93,641.93,641.93,641.93,0
1748592285,641.93,641.93,641.93,641.93,0
1748592290,641.93,641.93,641.93,641.93,0
1748592295,641.93,641.93,641.93,641.93,0
1748592300,641.93,641.93,641.93,641.93,0
1748592305,641.93,641.93,641.93,641.93,0
1748592310,641.93,641.93,641.93,641.93,0
1748592315,641.93,641.93,641.93,641.93,0
1748592320,641.93,641.93,641.93,641.93,0
1748592325,641.93,641.93,641.93,641.93,0
1748592330,641.93,641.93,641.93,641.93,0
1748592335,641.93,641.93,641.93,641.93,0
1748592340,641.93,641.93,641.93,641.93,0
1748592345,641.93,641.93,641.93,641.93,0
1748592350,641.93,641.93,641.93,641.93,0
1748592355,641.93,641.93,641.93,641.93,0
1748592360,641.93,641.93,641.93,641.93,0
1748592365,641.93,641.93,641.93,641.93,0
1748592370,641.93,641.93,641.93,641.93,0
1748592375,641.93,641.93,641.93,641.93,0
1748592380,641.93,641.93,641.93,641.93,0
1748592385,641.93,641.93,641.93,641.93,0
1748592390,641.93,641.93,641.93,641.93,0
1748592395,641.93,641.93,641.93,641.93,0
1748592400,641.93,641.93,641.93,641.93,0
1748592405,641.93,641.93,641.93,641.93,0
1748592410,641.93,641.93,641.93,641.93,0
1748592415,641.93,641.93,641.93,641.93,0
1748592420,641.93,641.93,641.93,641.93,0
1748592425,641.93,641.93,641.93,641.93,0
1748592430,641.93,641.93,641.93,641.93,0
1748592435,641.93,641.93,641.93,641.93,0
1748592440,641.93,641.93,641.93,641.93,0
1748592445,641.93,641.93,641.93,641.93,0
1748592450,641.93,641.93,641.93,641.93,0
1748592455,641.93,641.93,641.93,641.93,0
1748592460,641.93,641.93,641.93,641.93,0
1748592465,641.93,641.93,641.93,641.93,0
1748592470,641.93,641.93,641.93,641.93,0
1748592475,641.93,641.93,641.93,641.93,0
1748592480,641.93,641.93,641.93,641.93,0
1748592485,641.93,641.93,641.93,641.93,0
1748592490,641.93,641.93,641.93,641.93,0
1748592495,641.93,641.93,641.93,641.93,0
1748592500,641.93,641.93,641.93,641.93,0
1748592505,642.27,642.27,642.27,642.27,3
1748592510,642.27,642.27,642.27,642.27,0
1748592515,642.27,642.27,642.27,642.27,0
1748592520,642.27,642.27,642.27,642.27,0
1748592525,642.27,642.27,642.27,642.27,0
1748592530,642.27,642.27,642.27,642.27,0
1748592535,642.27,642.27,642.27,642.27,0
1748592540,642.27,642.27,642.27,642.27,0
1748592545,642.27,642.27,642.27,642.27,0
1748592550,642.27,642.27,642.27,642.27,0
1748592555,642.27,642.27,642.27,642.27,0
1748592560,642.27,642.27,642.27,642.27,0
1748592565,642.27,642.27,642.27,642.27,0
1748592570,642.27,642.27,642.27,642.27,0
1748592575,642.27,642.27,642.27,642.27,0
1748592580,642.27,642.27,642.27,642.27,0
1748592585,642.27,642.27,642.27,642.27,0
1748592590,642.27,642.27,642.27,642.27,0
1748592595,642.27,642.27,642.27,642.27,0
1748592600,642.27,642.27,642.27,642.27,0
1748592605,642.27,642.27,642.27,642.27,0
1748592610,642.27,642.27,642.27,642.27,0
1748592615,642.27,642.27,642.27,642.27,0
1748592620,642.27,642.27,642.27,642.27,0
1748592625,642.27,642.27,642.27,642.27,0
1748592630,642.27,642.27,642.27,642.27,0
1748592635,642.27,642.27,642.27,642.27,0
1748592640,642.27,642.27,642.27,642.27,0
1748592645,642.27,642.27,642.27,642.27,0
1748592650,642.27,642.27,642.27,642.27,0
1748592655,642.27,642.27,642.27,642.27,0
1748592660,642.27,642.27,642.27,642.27,0
1748592665,642.27,642.27,642.27,642.27,0
1748592670,642.27,642.27,642.27,642.27,0
1748592675,642.27,642.27,642.27,642.27,0
1748592680,642.27,642.27,642.27,642.27,0
1748592685,642.27,642.27,642.27,642.27,0
1748592690,642.27,642.27,642.27,642.27,0
1748592695,642.27,642.27,642.27,642.27,0
1748592700,642.27,642.27,642.27,642.27,0
1748592705,642.27,642.27,642.27,642.27,0
1748592710,642.27,642.27,642.27,642.27,0
1748592715,642.27,642.27,642.27,642.27,0
1748592720,642.27,642.27,642.27,642.27,0
1748592725,642.27,642.27,642.27,642.27,0
1748592730,642.27,642.27,642.27,642.27,0
1748592735,642.27,642.27,642.27,642.27,0
1748592740,642.27,642.27,642.27,642.27,0
1748592745,642.27,642.27,642.27,642.27,0
1748592750,642.27,642.27,642.27,642.27,0
1748592755,642.27,642.27,642.27,642.27,0
1748592760,642.27,642.27,642.27,642.27,0
1748592765,642.27,642.27,642.27,642.27,0
1748592770,642.27,642.27,642.27,642.27,0
1748592775,642.27,642.27,642.27,642.27,0
1748592780,642.27,642.27,642.27,642.27,0
1748592785,642.27,642.27,642.27,642.27,0
1748592790,642.27,642.27,642.27,642.27,0
1748592795,642.27,642.27,642.27,642.27,0
1748592800,642.27,642.27,642.27,642.27,0
1748592805,642.27,642.27,642.27,642.27,0
1748592810,642.27,642.27,642.27,642.27,0
1748592815,642.27,642.27,642.27,642.27,0
1748592820,642.27,642.27,642.27,642.27,0
1748592825,642.27,642.27,642.27,642.27,0
1748592830,642.27,642.27,642.27,642.27,0
1748592835,642.27,642.27,642.27,642.27,0
1748592840,642.27,642.27,642.27,642.27,0
1748592845,642.27,642.27,642.27,642.27,0
1748592850,642.65,642.65,642.65,642.65,2
1748592855,642.65,642.65,642.65,642.65,0
1748592860,642.65,642.65,642.65,642.65,0
1748592865,642.65,642.65,642.65,642.65,0
1748592870,642.65,642.65,642.65,642.65,0
1748592875,642.65,642.65,642.65,642.65,0
1748592880,642.65,642.65,642.65,642.65,0
1748592885,642.65,642.65,642.65,642.65,0
1748592890,642.65,642.65,642.65,642.65,0
1748592895,642.65,642.65,642.65,642.65,0
1748592900,642.65,642.65,642.65,642.65,0
1748592905,642.65,642.65,642.65,642.65,0
1748592910,642.65,642.65,642.65,642.65,0
1748592915,642.65,642.65,642.65,642.65,0
1748592920,642.65,642.65,642.65,642.65,0
1748592925,642.65,642.65,642.65,642.65,0
1748592930,642.65,642.65,642.65,642.65,0
1748592935,642.65,642.65,642.65,642.65,0
1748592940,642.65,642.65,642.65,642.65,0
1748592945,642.65,642.65,642.65,642.65,0
1748592950,642.65,642.65,642.65,642.65,0
1748592955,642.65,642.65,642.65,642.65,0
1748592960,642.65,642.65,642.65,642.65,0
1748592965,642.65,642.65,642.65,642.65,0
1748592970,642.65,642.65,642.65,642.65,0
1748592975,642.65,642.65,642.65,642.65,0
1748592980,642.65,642.65,642.65,642.65,0
1748592985,642.65,642.65,642.65,642.65,0
1748592990,642.65,642.65,642.65,642.65,0
1748592995,642.65,642.65,642.65,642.65,0
1748593000,642.65,642.65,642.65,642.65,0
1748593005,642.65,642.65,642.65,642.65,0
1748593010,642.65,642.65,642.65,642.65,0
1748593015,642.65,642.65,642.65,642.65,0
1748593020,642.65,642.65,642.65,642.65,0
1748593025,642.65,642.65,642.65,642.65,0
1748593030,642.65,642.65,642.65,642.65,0
1748593035,642.65,642.65,642.65,642.65,0
1748593040,642.65,642.65,642.65,642.65,0
1748593045,642.65,642.65,642.65,642.65,0
1748593050,642.65,642.65,642.65,642.65,0
1748593055,642.65,642.65,642.65,642.65,0
1748593060,642.65,642.65,642.65,642.65,0
1748593065,642.65,642.65,642.65,642.65,0
1748593070,642.65,642.65,642.65,642.65,0
1748593075,642.65,642.65,642.65,642.65,0
1748593080,642.65,642.65,642.65,642.65,0
1748593085,642.65,642.65,642.65,642.65,0
1748593090,642.65,642.65,642.65,642.65,0
1748593095,642.65,642.65,642.65,642.65,0
1748593100,642.65,642.65,642.65,642.65,0
1748593105,642.65,642.65,642.65,642.65,0
1748593110,642.65,642.65,642.65,642.65,0
1748593115,642.65,642.65,642.65,642.65,0
1748593120,642.65,642.65,642.65,642.65,0
1748593125,642.65,642.65,642.65,642.65,0
1748593130,642.65,642.65,642.65,642.65,0
1748593135,642.65,642.65,642.65,642.65,0
1748593140,642.65,642.65,642.65,642.65,0
1748593145,642.65,642.65,642.65,642.65,0
1748593150,642.65,642.65,642.65,642.65,0
1748593155,642.65,642.65,642.65,642.65,0
1748593160,642.65,642.65,642.65,642.65,0
1748593165,642.65,642.65,642.65,642.65,0
1748593170,642.65,642.65,642.65,642.65,0
1748593175,642.65,642.65,642.65,642.65,0
1748593180,642.65,642.65,642.65,642.65,0
1748593185,642.65,642.65,642.65,642.65,0
1748593190,642.65,642.65,642.65,642.65,0
1748593195,642.65,642.65,642.65,642.65,0
1748593200,642.65,642.65,642.65,642.65,0
1748593205,642.65,642.65,642.65,642.65,0
1748593210,642.65,642.65,642.65,642.65,0
1748593215,642.65,642.65,642.65,642.65,0
1748593220,642.65,642.65,642.65,642.65,0
1748593225,642.65,642.65,642.65,642.65,0
1748593230,642.65,642.65,642.65,642.65,0
1748593235,642.65,642.65,642.65,642.65,0
1748593240,642.65,642.65,642.65,642.65,0
1748593245,642.65,642.65,642.65,642.65,0
1748593250,642.65,642.65,642.65,642.65,0
1748593255,642.65,642.65,642.65,642.65,0
1748593260,642.65,642.65,642.65,642.65,0
1748593265,642.65,642.65,642.65,642.65,0
1748593270,642.65,642.65,642.65,642.65,0
1748593275,642.65,642.65,642.65,642.65,0
1748593280,642.65,642.65,642.65,642.65,0
1748593285,642.65,642.65,642.65,642.65,0
1748593290,642.65,642.65,642.65,642.65,0
1748593295,642.65,642.65,642.65,642.65,0
1748593300,642.65,642.65,642.65,642.65,0
1748593305,642.65,642.65,642.65,642.65,0
1748593310,642.65,642.65,642.65,642.65,0
1748593315,642.65,642.65,642.65,642.65,0
1748593320,642.65,642.65,642.65,642.65,0
1748593325,642.65,642.65,642.65,642.65,0
1748593330,642.65,642.65,642.65,642.65,0
1748593335,642.65,642.65,642.65,642.65,0
1748593340,642.65,642.65,642.65,642.65,0
1748593345,642.65,642.65,642.65,642.65,0
1748593350,642.65,642.65,642.65,642.65,0
1748593355,642.65,642.65,642.65,642.65,0
1748593360,642.65,642.65,642.65,642.65,0
1748593365,642.65,642.65,642.65,642.65,0
1748593370,642.65,642.65,642.65,642.65,0
1748593375,642.65,642.65,642.65,642.65,0
1748593380,642.65,642.65,642.65,642.65,0
1748593385,642.65,642.65,642.65,642.65,0
1748593390,642.65,642.65,642.65,642.65,0
1748593395,642.65,642.65,642.65,642.65,0
1748593400,642.65,642.65,642.65,642.65,0
1748593405,642.65,642.65,642.65,642.65,0
1748593410,642.65,642.65,642.65,642.65,0
1748593415,642.65,642.65,642.65,642.65,0
1748593420,642.65,642.65,642.65,642.65,0
1748593425,642.65,642.65,642.65,642.65,0
1748593430,642.65,642.65,642.65,642.65,0
1748593435,642.65,642.65,642.65,642.65,0
1748593440,642.65,642.65,642.65,642.65,0
1748593445,642.65,642.65,642.65,642.65,0
1748593450,642.65,642.65,642.65,642.65,0
1748593455,642.65,642.65,642.65,642.65,0
1748593460,642.65,642.65,642.65,642.65,0
1748593465,642.65,642.65,642.65,642.65,0
1748593470,642.65,642.65,642.65,642.65,0
1748593475,642.65,642.65,642.65,642.65,0
1748593480,642.65,642.65,642.65,642.65,0
1748593485,642.65,642.65,642.65,642.65,0
1748593490,642.65,642.65,642.65,642.65,0
1748593495,642.65,642.65,642.65,642.65,0
1748593500,642.65,642.65,642.65,642.65,0
1748593505,642.65,642.65,642.65,642.65,0
1748593510,642.65,642.65,642.65,642.65,0
1748593515,642.0,642.0,642.0,642.0,2
1748593520,642.0,642.0,642.0,642.0,0
1748593525,642.0,642.0,642.0,642.0,0
1748593530,642.0,642.0,642.0,642.0,0
1748593535,642.0,642.0,642.0,642.0,0
1748593540,642.0,642.0,642.0,642.0,0
1748593545,642.0,642.0,642.0,642.0,0
1748593550,642.0,642.0,642.0,642.0,0
1748593555,642.0,642.0,642.0,642.0,0
1748593560,642.0,642.0,642.0,642.0,0
1748593565,642.0,642.0,642.0,642.0,0
1748593570,642.0,642.0,642.0,642.0,0
1748593575,642.0,642.0,642.0,642.0,0
1748593580,642.0,642.0,642.0,642.0,0
1748593585,642.0,642.0,642.0,642.0,0
1748593590,642.0,642.0,642.0,642.0,0
1748593595,642.0,642.0,642.0,642.0,0
1748593600,642.0,642.0,642.0,642.0,0
1748593605,642.0,642.0,642.0,642.0,0
1748593610,642.0,642.0,642.0,642.0,0
1748593615,642.0,642.0,642.0,642.0,0
1748593620,642.0,642.0,642.0,642.0,0
1748593625,642.0,642.0,642.0,642.0,0
1748593630,642.0,642.0,642.0,642.0,0
1748593635,642.0,642.0,642.0,642.0,0
1748593640,642.0,642.0,642.0,642.0,0
1748593645,642.0,642.0,642.0,642.0,0
1748593650,642.0,642.0,642.0,642.0,0
1748593655,642.0,642.0,642.0,642.0,0
1748593660,642.0,642.0,642.0,642.0,0
1748593665,642.0,642.0,642.0,642.0,0
1748593670,642.0,642.0,642.0,642.0,0
1748593675,642.0,642.0,642.0,642.0,0
1748593680,642.0,642.0,642.0,642.0,0
1748593685,642.0,642.0,642.0,642.0,0
1748593690,642.0,642.0,642.0,642.0,0
1748593695,642.0,642.0,642.0,642.0,0
1748593700,642.0,642.0,642.0,642.0,0
1748593705,642.0,642.0,642.0,642.0,0
1748593710,642.0,642.0,642.0,642.0,0
1748593715,642.0,642.0,642.0,642.0,0
1748593720,642.0,642.0,642.0,642.0,0
1748593725,642.0,642.0,642.0,642.0,0
1748593730,642.0,642.0,642.0,642.0,0
1748593735,642.0,642.0,642.0,642.0,0
1748593740,642.0,642.0,642.0,642.0,0
1748593745,642.0,642.0,642.0,642.0,0
1748593750,642.0,642.0,642.0,642.0,0
1748593755,642.0,642.0,642.0,642.0,0
1748593760,642.0,642.0,642.0,642.0,0
1748593765,642.0,642.0,642.0,642.0,0
1748593770,642.0,642.0,642.0,642.0,0
1748593775,642.0,642.0,642.0,642.0,0
1748593780,642.0,642.0,642.0,642.0,0
1748593785,642.0,642.0,642.0,642.0,0
1748593790,642.0,642.0,642.0,642.0,0
1748593795,642.0,642.0,642.0,642.0,0
1748593800,642.0,642.0,642.0,642.0,0
1748593805,642.0,642.0,642.0,642.0,0
1748593810,642.0,642.0,642.0,642.0,0
1748593815,642.0,642.0,642.0,642.0,0
1748593820,642.0,642.0,642.0,642.0,0
1748593825,642.0,642.0,642.0,642.0,0
1748593830,642.0,642.0,642.0,642.0,0
1748593835,642.0,642.0,642.0,642.0,0
1748593840,642.0,642.0,642.0,642.0,0
1748593845,642.0,642.0,642.0,642.0,0
1748593850,642.0,642.0,642.0,642.0,0
1748593855,642.0,642.0,642.0,642.0,0
1748593860,642.0,642.0,642.0,642.0,0
1748593865,642.0,642.0,642.0,642.0,0
1748593870,642.0,642.0,642.0,642.0,0
1748593875,642.0,642.0,642.0,642.0,0
1748593880,642.0,642.0,642.0,642.0,0
1748593885,642.0,642.0,642.0,642.0,0
1748593890,642.0,642.0,642.0,642.0,0
1748593895,642.0,642.0,642.0,642.0,0
1748593900,642.0,642.0,642.0,642.0,0
1748593905,642.0,642.0,642.0,642.0,0
1748593910,642.0,642.0,642.0,642.0,0
1748593915,642.0,642.0,642.0,642.0,0
1748593920,642.0,642.0,642.0,642.0,0
1748593925,642.0,642.0,642.0,642.0,0
1748593930,642.0,642.0,642.0,642.0,0
1748593935,642.0,642.0,642.0,642.0,0
1748593940,642.0,642.0,642.0,642.0,0
1748593945,642.0,642.0,642.0,642.0,0
1748593950,642.0,642.0,642.0,642.0,0
1748593955,642.0,642.0,642.0,642.0,0
1748593960,642.0,642.0,642.0,642.0,0
1748593965,642.0,642.0,642.0,642.0,0
1748593970,642.0,642.0,642.0,642.0,0
1748593975,642.0,642.0,642.0,642.0,0
1748593980,642.0,642.0,642.0,642.0,0
1748593985,642.0,642.0,642.0,642.0,0
1748593990,642.0,642.0,642.0,642.0,0
1748593995,642.0,642.0,642.0,642.0,0
1748594000,642.0,642.0,642.0,642.0,0
1748594005,642.0,642.0,642.0,642.0,0
1748594010,642.0,642.0,642.0,642.0,0
1748594015,642.0,642.0,642.0,642.0,0
1748594020,642.0,642.0,642.0,642.0,0
1748594025,642.0,642.0,642.0,642.0,0
1748594030,642.0,642.0,642.0,642.0,0
1748594035,642.0,642.0,642.0,642.0,0
1748594040,642.0,642.0,642.0,642.0,0
1748594045,642.0,642.0,642.0,642.0,0
1748594050,642.0,642.0,642.0,642.0,0
1748594055,642.0,642.0,642.0,642.0,0
1748594060,642.0,642.0,642.0,642.0,0
1748594065,642.0,642.0,642.0,642.0,0
1748594070,642.0,642.0,642.0,642.0,0
1748594075,642.0,642.0,642.0,642.0,0
1748594080,642.0,642.0,642.0,642.0,0
1748594085,642.0,642.0,642.0,642.0,0
1748594090,642.0,642.0,642.0,642.0,0
1748594095,642.0,642.0,642.0,642.0,0
1748594100,642.0,642.0,642.0,642.0,0
1748594105,642.0,642.0,642.0,642.0,0
1748594110,642.0,642.0,642.0,642.0,0
1748594115,642.0,642.0,642.0,642.0,0
1748594120,642.0,642.0,642.0,642.0,0
1748594125,642.0,642.0,642.0,642.0,0
1748594130,642.0,642.0,642.0,642.0,0
1748594135,642.0,642.0,642.0,642.0,0
1748594140,642.0,642.0,642.0,642.0,0
1748594145,642.0,642.0,642.0,642.0,0
1748594150,642.0,642.0,642.0,642.0,0
1748594155,642.0,642.0,642.0,642.0,0
1748594160,642.0,642.0,642.0,642.0,0
1748594165,642.0,642.0,642.0,642.0,0
1748594170,642.0,642.0,642.0,642.0,0
1748594175,642.0,642.0,642.0,642.0,0
1748594180,642.0,642.0,642.0,642.0,0
1748594185,642.0,642.0,642.0,642.0,0
1748594190,642.0,642.0,642.0,642.0,0
1748594195,642.0,642.0,642.0,642.0,0
1748594200,642.0,642.0,642.0,642.0,0
1748594205,642.0,642.0,642.0,642.0,0
1748594210,642.0,642.0,642.0,642.0,0
1748594215,642.0,642.0,642.0,642.0,0
1748594220,642.0,642.0,642.0,642.0,0
1748594225,642.0,642.0,642.0,642.0,0
1748594230,642.0,642.0,642.0,642.0,0
1748594235,642.0,642.0,642.0,642.0,0
1748594240,642.0,642.0,642.0,642.0,0
1748594245,642.0,642.0,642.0,642.0,0
1748594250,642.0,642.0,642.0,642.0,0
1748594255,642.0,642.0,642.0,642.0,0
1748594260,642.0,642.0,642.0,642.0,0
1748594265,642.0,642.0,642.0,642.0,0
1748594270,642.0,642.0,642.0,642.0,0
1748594275,642.0,642.0,642.0,642.0,0
1748594280,642.0,642.0,642.0,642.0,0
1748594285,642.0,642.0,642.0,642.0,0
1748594290,642.0,642.0,642.0,642.0,0
1748594295,642.0,642.0,642.0,642.0,0
1748594300,642.0,642.0,642.0,642.0,0
1748594305,642.0,642.0,642.0,642.0,0
1748594310,642.0,642.0,642.0,642.0,0
1748594315,642.0,642.0,642.0,642.0,0
1748594320,642.0,642.0,642.0,642.0,0
1748594325,642.0,642.0,642.0,642.0,0
1748594330,642.0,642.0,642.0,642.0,0
1748594335,642.0,642.0,642.0,642.0,0
1748594340,642.0,642.0,642.0,642.0,0
1748594345,642.0,642.0,642.0,642.0,0
1748594350,642.0,642.0,642.0,642.0,0
1748594355,642.0,642.0,642.0,642.0,0
1748594360,642.0,642.0,642.0,642.0,0
1748594365,642.0,642.0,642.0,642.0,0
1748594370,642.0,642.0,642.0,642.0,0
1748594375,642.0,642.0,642.0,642.0,0
1748594380,642.0,642.0,642.0,642.0,0
1748594385,642.0,642.0,642.0,642.0,0
1748594390,642.0,642.0,642.0,642.0,0
1748594395,642.0,642.0,642.0,642.0,0
1748594400,642.0,642.0,642.0,642.0,0
1748594405,642.0,642.0,642.0,642.0,0
1748594410,642.0,642.0,642.0,642.0,0
1748594415,642.0,642.0,642.0,642.0,0
1748594420,642.0,642.0,642.0,642.0,0
1748594425,642.0,642.0,642.0,642.0,0
1748594430,642.0,642.0,642.0,642.0,0
1748594435,642.0,642.0,642.0,642.0,0
1748594440,642.0,642.0,642.0,642.0,0
1748594445,642.0,642.0,642.0,642.0,0
1748594450,642.0,642.0,642.0,642.0,0
1748594455,642.0,642.0,642.0,642.0,0
1748594460,642.0,642.0,642.0,642.0,0
1748594465,642.0,642.0,642.0,642.0,0
1748594470,642.0,642.0,642.0,642.0,0
1748594475,642.0,642.0,642.0,642.0,0
1748594480,642.0,642.0,642.0,642.0,0
1748594485,642.0,642.0,642.0,642.0,0
1748594490,642.0,642.0,642.0,642.0,0
1748594495,642.0,642.0,642.0,642.0,0
1748594500,642.0,642.0,642.0,642.0,0
1748594505,642.0,642.0,642.0,642.0,0
1748594510,642.0,642.0,642.0,642.0,0
1748594515,642.0,642.0,642.0,642.0,0
1748594520,642.0,642.0,642.0,642.0,0
1748594525,642.0,642.0,642.0,642.0,0
1748594530,642.0,642.0,642.0,642.0,0
1748594535,642.0,642.0,642.0,642.0,0
1748594540,642.0,642.0,642.0,642.0,0
1748594545,642.0,642.0,642.0,642.0,0
1748594550,642.0,642.0,642.0,642.0,0
1748594555,642.0,642.0,642.0,642.0,0
1748594560,642.0,642.0,642.0,642.0,0
1748594565,642.0,642.0,642.0,642.0,0
1748594570,642.0,642.0,642.0,642.0,0
1748594575,642.0,642.0,642.0,642.0,0
1748594580,642.0,642.0,642.0,642.0,0
1748594585,642.0,642.0,642.0,642.0,0
1748594590,642.0,642.0,642.0,642.0,0
1748594595,642.0,642.0,642.0,642.0,0
1748594600,642.0,642.0,642.0,642.0,0
1748594605,642.0,642.0,642.0,642.0,0
1748594610,642.0,642.0,642.0,642.0,0
1748594615,642.0,642.0,642.0,642.0,0
1748594620,642.0,642.0,642.0,642.0,0
1748594625,642.0,642.0,642.0,642.0,0
1748594630,642.0,642.0,642.0,642.0,0
1748594635,642.0,642.0,642.0,642.0,0
1748594640,642.0,642.0,642.0,642.0,0
1748594645,642.0,642.0,642.0,642.0,0
1748594650,642.0,642.0,642.0,642.0,0
1748594655,642.0,642.0,642.0,642.0,0
1748594660,642.0,642.0,642.0,642.0,0
1748594665,642.0,642.0,642.0,642.0,0
1748594670,642.0,642.0,642.0,642.0,0
1748594675,642.0,642.0,642.0,642.0,0
1748594680,642.0,642.0,642.0,642.0,0
1748594685,642.0,642.0,642.0,642.0,0
1748594690,642.0,642.0,642.0,642.0,0
1748594695,642.0,642.0,642.0,642.0,0
1748594700,642.0,642.0,642.0,642.0,0
1748594705,642.0,642.0,642.0,642.0,0
1748594710,642.0,642.0,642.0,642.0,0
1748594715,642.0,642.0,642.0,642.0,0
1748594720,642.0,642.0,642.0,642.0,0
1748594725,642.0,642.0,642.0,642.0,0
1748594730,642.0,642.0,642.0,642.0,0
1748594735,642.0,642.0,642.0,642.0,0
1748594740,642.0,642.0,642.0,642.0,0
1748594745,642.0,642.0,642.0,642.0,0
1748594750,642.0,642.0,642.0,642.0,0
1748594755,642.0,642.0,642.0,642.0,0
1748594760,642.0,642.0,642.0,642.0,0
1748594765,642.0,642.0,642.0,642.0,0
1748594770,642.0,642.0,642.0,642.0,0
1748594775,642.0,642.0,642.0,642.0,0
1748594780,642.0,642.0,642.0,642.0,0
1748594785,642.0,642.0,642.0,642.0,0
1748594790,642.0,642.0,642.0,642.0,0
1748594795,642.0,642.0,642.0,642.0,0
1748594800,642.0,642.0,642.0,642.0,0
1748594805,642.0,642.0,642.0,642.0,0
1748594810,642.0,642.0,642.0,642.0,0
1748594815,642.0,642.0,642.0,642.0,0
1748594820,642.0,642.0,642.0,642.0,0
1748594825,642.0,642.0,642.0,642.0,0
1748594830,642.0,642.0,642.0,642.0,0
1748594835,642.0,642.0,642.0,642.0,0
1748594840,642.0,642.0,642.0,642.0,0
1748594845,642.0,642.0,642.0,642.0,0
1748594850,642.0,642.0,642.0,642.0,0
1748594855,642.0,642.0,642.0,642.0,0
1748594860,642.0,642.0,642.0,642.0,0
1748594865,642.0,642.0,642.0,642.0,0
1748594870,642.0,642.0,642.0,642.0,0
1748594875,642.0,642.0,642.0,642.0,0
1748594880,642.0,642.0,642.0,642.0,0
1748594885,642.0,642.0,642.0,642.0,0
1748594890,642.0,642.0,642.0,642.0,0
1748594895,642.0,642.0,642.0,642.0,0
1748594900,642.0,642.0,642.0,642.0,0
1748594905,642.0,642.0,642.0,642.0,0
1748594910,642.0,642.0,642.0,642.0,0
1748594915,642.0,642.0,642.0,642.0,0
1748594920,642.0,642.0,642.0,642.0,0
1748594925,642.0,642.0,642.0,642.0,0
1748594930,642.0,642.0,642.0,642.0,0
1748594935,642.0,642.0,642.0,642.0,0
1748594940,642.0,642.0,642.0,642.0,0
1748594945,642.0,642.0,642.0,642.0,0
1748594950,642.0,642.0,642.0,642.0,0
1748594955,642.0,642.0,642.0,642.0,0
1748594960,642.0,642.0,642.0,642.0,0
1748594965,642.0,642.0,642.0,642.0,0
1748594970,642.0,642.0,642.0,642.0,0
1748594975,642.0,642.0,642.0,642.0,0
1748594980,642.0,642.0,642.0,642.0,0
1748594985,642.0,642.0,642.0,642.0,0
1748594990,642.0,642.0,642.0,642.0,0
1748594995,642.0,642.0,642.0,642.0,0
1748595000,642.0,642.0,642.0,642.0,0
1748595005,642.0,642.0,642.0,642.0,0
1748595010,642.0,642.0,642.0,642.0,0
1748595015,642.0,642.0,642.0,642.0,0
1748595020,642.0,642.0,642.0,642.0,0
1748595025,642.0,642.0,642.0,642.0,0
1748595030,642.0,642.0,642.0,642.0,0
1748595035,642.0,642.0,642.0,642.0,0
1748595040,642.0,642.0,642.0,642.0,0
1748595045,642.0,642.0,642.0,642.0,0
1748595050,642.0,642.0,642.0,642.0,0
1748595055,642.0,642.0,642.0,642.0,0
1748595060,642.0,642.0,642.0,642.0,0
1748595065,642.0,642.0,642.0,642.0,0
1748595070,642.0,642.0,642.0,642.0,0
1748595075,642.0,642.0,642.0,642.0,0
1748595080,642.0,642.0,642.0,642.0,0
1748595085,642.0,642.0,642.0,642.0,0
1748595090,642.0,642.0,642.0,642.0,0
1748595095,642.0,642.0,642.0,642.0,0
1748595100,642.0,642.0,642.0,642.0,0
1748595105,642.0,642.0,642.0,642.0,0
1748595110,642.0,642.0,642.0,642.0,0
1748595115,642.0,642.0,642.0,642.0,0
1748595120,642.0,642.0,642.0,642.0,0
1748595125,642.0,642.0,642.0,642.0,0
1748595130,642.0,642.0,642.0,642.0,0
1748595135,642.0,642.0,642.0,642.0,0
1748595140,642.0,642.0,642.0,642.0,0
1748595145,642.0,642.0,642.0,642.0,0
1748595150,642.0,642.0,642.0,642.0,0
1748595155,642.0,642.0,642.0,642.0,0
1748595160,642.0,642.0,642.0,642.0,0
1748595165,642.0,642.0,642.0,642.0,0
1748595170,642.0,642.0,642.0,642.0,0
1748595175,642.0,642.0,642.0,642.0,0
1748595180,642.0,642.0,642.0,642.0,0
1748595185,642.0,642.0,642.0,642.0,0
1748595190,642.0,642.0,642.0,642.0,0
1748595195,642.0,642.0,642.0,642.0,0
1748595200,642.0,642.0,642.0,642.0,0
1748595205,642.0,642.0,642.0,642.0,0
1748595210,642.0,642.0,642.0,642.0,0
1748595215,642.0,642.0,642.0,642.0,0
1748595220,642.0,642.0,642.0,642.0,0
1748595225,642.0,642.0,642.0,642.0,0
1748595230,642.0,642.0,642.0,642.0,0
1748595235,642.0,642.0,642.0,642.0,0
1748595240,642.0,642.0,642.0,642.0,0
1748595245,642.0,642.0,642.0,642.0,0
1748595250,642.0,642.0,642.0,642.0,0
1748595255,642.0,642.0,642.0,642.0,0
1748595260,642.0,642.0,642.0,642.0,0
1748595265,642.0,642.0,642.0,642.0,0
1748595270,642.0,642.0,642.0,642.0,0
1748595275,642.0,642.0,642.0,642.0,0
1748595280,642.0,642.0,642.0,642.0,0
1748595285,642.0,642.0,642.0,642.0,0
1748595290,642.0,642.0,642.0,642.0,0
1748595295,642.0,642.0,642.0,642.0,0
1748595300,642.0,642.0,642.0,642.0,0
1748595305,642.0,642.0,642.0,642.0,0
1748595310,642.0,642.0,642.0,642.0,0
1748595315,642.0,642.0,642.0,642.0,0
1748595320,642.0,642.0,642.0,642.0,0
1748595325,642.0,642.0,642.0,642.0,0
1748595330,642.0,642.0,642.0,642.0,0
1748595335,642.0,642.0,642.0,642.0,0
1748595340,642.0,642.0,642.0,642.0,0
1748595345,642.0,642.0,642.0,642.0,0
1748595350,642.0,642.0,642.0,642.0,0
1748595355,642.0,642.0,642.0,642.0,0
1748595360,642.0,642.0,642.0,642.0,0
1748595365,642.0,642.0,642.0,642.0,0
1748595370,642.0,642.0,642.0,642.0,0
1748595375,642.0,642.0,642.0,642.0,0
1748595380,642.0,642.0,642.0,642.0,0
1748595385,642.0,642.0,642.0,642.0,0
1748595390,642.04,642.04,642.04,642.04,2
1748595395,642.04,642.04,642.04,642.04,0
1748595400,642.04,642.04,642.04,642.04,0
1748595405,642.04,642.04,642.04,642.04,0
1748595410,642.04,642.04,642.04,642.04,0
1748595415,642.04,642.04,642.04,642.04,0
1748595420,642.04,642.04,642.04,642.04,0
1748595425,642.04,642.04,642.04,642.04,0
1748595430,642.04,642.04,642.04,642.04,0
1748595435,642.04,642.04,642.04,642.04,0
1748595440,642.04,642.04,642.04,642.04,0
1748595445,642.04,642.04,642.04,642.04,0
1748595450,642.04,642.04,642.04,642.04,0
1748595455,642.04,642.04,642.04,642.04,0
1748595460,642.04,642.04,642.04,642.04,0
1748595465,642.04,642.04,642.04,642.04,0
1748595470,642.04,642.04,642.04,642.04,0
1748595475,642.04,642.04,642.04,642.04,0
1748595480,642.04,642.04,642.04,642.04,0
1748595485,642.04,642.04,642.04,642.04,0
1748595490,642.04,642.04,642.04,642.04,0
1748595495,642.04,642.04,642.04,642.04,0
1748595500,642.04,642.04,642.04,642.04,0
1748595505,642.04,642.04,642.04,642.04,0
1748595510,642.04,642.04,642.04,642.04,0
1748595515,642.04,642.04,642.04,642.04,0
1748595520,642.04,642.04,642.04,642.04,0
1748595525,642.04,642.04,642.04,642.04,0
1748595530,642.04,642.04,642.04,642.04,0
1748595535,642.04,642.04,642.04,642.04,0
1748595540,642.04,642.04,642.04,642.04,0
1748595545,642.04,642.04,642.04,642.04,0
1748595550,642.04,642.04,642.04,642.04,0
1748595555,642.04,642.04,642.04,642.04,0
1748595560,642.04,642.04,642.04,642.04,0
1748595565,642.04,642.04,642.04,642.04,0
1748595570,642.04,642.04,642.04,642.04,0
1748595575,642.04,642.04,642.04,642.04,0
1748595580,642.04,642.04,642.04,642.04,0
1748595585,642.04,642.04,642.04,642.04,0
1748595590,642.04,642.04,642.04,642.04,0
1748595595,642.04,642.04,642.04,642.04,0
1748595600,642.04,642.04,642.04,642.04,0
1748595605,642.04,642.04,642.04,642.04,0
1748595610,642.04,642.04,642.04,642.04,0
1748595615,642.04,642.04,642.04,642.04,0
1748595620,642.04,642.04,642.04,642.04,0
1748595625,642.04,642.04,642.04,642.04,0
1748595630,642.04,642.04,642.04,642.04,0
1748595635,642.04,642.04,642.04,642.04,0
1748595640,642.04,642.04,642.04,642.04,0
1748595645,642.04,642.04,642.04,642.04,0
1748595650,642.04,642.04,642.04,642.04,0
1748595655,642.04,642.04,642.04,642.04,0
1748595660,642.04,642.04,642.04,642.04,0
1748595665,642.04,642.04,642.04,642.04,0
1748595670,642.04,642.04,642.04,642.04,0
1748595675,642.04,642.04,642.04,642.04,0
1748595680,642.04,642.04,642.04,642.04,0
1748595685,642.04,642.04,642.04,642.04,0
1748595690,642.04,642.04,642.04,642.04,0
1748595695,642.04,642.04,642.04,642.04,0
1748595700,642.04,642.04,642.04,642.04,0
1748595705,642.04,642.04,642.04,642.04,0
1748595710,642.04,642.04,642.04,642.04,0
1748595715,642.04,642.04,642.04,642.04,0
1748595720,642.04,642.04,642.04,642.04,0
1748595725,642.04,642.04,642.04,642.04,0
1748595730,642.04,642.04,642.04,642.04,0
1748595735,642.04,642.04,642.04,642.04,0
1748595740,642.04,642.04,642.04,642.04,0
1748595745,642.04,642.04,642.04,642.04,0
1748595750,642.04,642.04,642.04,642.04,0
1748595755,642.04,642.04,642.04,642.04,0
1748595760,642.04,642.04,642.04,642.04,0
1748595765,642.04,642.04,642.04,642.04,0
1748595770,642.04,642.04,642.04,642.04,0
1748595775,642.04,642.04,642.04,642.04,0
1748595780,642.04,642.04,642.04,642.04,0
1748595785,642.04,642.04,642.04,642.04,0
1748595790,642.04,642.04,642.04,642.04,0
1748595795,642.04,642.04,642.04,642.04,0
1748595800,642.04,642.04,642.04,642.04,0
1748595805,642.04,642.04,642.04,642.04,0
1748595810,642.04,642.04,642.04,642.04,0
1748595815,642.04,642.04,642.04,642.04,0
1748595820,642.04,642.04,642.04,642.04,0
1748595825,642.04,642.04,642.04,642.04,0
1748595830,642.04,642.04,642.04,642.04,0
1748595835,642.04,642.04,642.04,642.04,0
1748595840,642.04,642.04,642.04,642.04,0
1748595845,642.04,642.04,642.04,642.04,0
1748595850,642.04,642.04,642.04,642.04,0
1748595855,642.04,642.04,642.04,642.04,0
1748595860,642.04,642.04,642.04,642.04,0
1748595865,642.04,642.04,642.04,642.04,0
1748595870,642.04,642.04,642.04,642.04,0
1748595875,642.04,642.04,642.04,642.04,0
1748595880,642.04,642.04,642.04,642.04,0
1748595885,642.04,642.04,642.04,642.04,0
1748595890,642.04,642.04,642.04,642.04,0
1748595895,642.04,642.04,642.04,642.04,0
1748595900,642.04,642.04,642.04,642.04,0
1748595905,642.04,642.04,642.04,642.04,0
1748595910,642.04,642.04,642.04,642.04,0
1748595915,642.04,642.04,642.04,642.04,0
1748595920,642.04,642.04,642.04,642.04,0
1748595925,642.04,642.04,642.04,642.04,0
1748595930,642.04,642.04,642.04,642.04,0
1748595935,642.04,642.04,642.04,642.04,0
1748595940,642.04,642.04,642.04,642.04,0
1748595945,642.04,642.04,642.04,642.04,0
1748595950,642.04,642.04,642.04,642.04,0
1748595955,642.04,642.04,642.04,642.04,0
1748595960,642.04,642.04,642.04,642.04,0
1748595965,642.04,642.04,642.04,642.04,0
1748595970,642.04,642.04,642.04,642.04,0
1748595975,642.04,642.04,642.04,642.04,0
1748595980,642.04,642.04,642.04,642.04,0
1748595985,642.04,642.04,642.04,642.04,0
1748595990,642.04,642.04,642.04,642.04,0
1748595995,642.04,642.04,642.04,642.04,0
1748596000,642.04,642.04,642.04,642.04,0
1748596005,642.04,642.04,642.04,642.04,0
1748596010,642.04,642.04,642.04,642.04,0
1748596015,642.04,642.04,642.04,642.04,0
1748596020,642.04,642.04,642.04,642.04,0
1748596025,642.04,642.04,642.04,642.04,0
1748596030,642.04,642.04,642.04,642.04,0
1748596035,642.04,642.04,642.04,642.04,0
1748596040,642.04,642.04,642.04,642.04,0
1748596045,642.04,642.04,642.04,642.04,0
1748596050,642.04,642.04,642.04,642.04,0
1748596055,642.04,642.04,642.04,642.04,0
1748596060,642.04,642.04,642.04,642.04,0
1748596065,642.04,642.04,642.04,642.04,0
1748596070,642.04,642.04,642.04,642.04,0
1748596075,642.04,642.04,642.04,642.04,0
1748596080,642.04,642.04,642.04,642.04,0
1748596085,642.04,642.04,642.04,642.04,0
1748596090,642.04,642.04,642.04,642.04,0
1748596095,642.04,642.04,642.04,642.04,0
1748596100,642.04,642.04,642.04,642.04,0
1748596105,642.04,642.04,642.04,642.04,0
1748596110,642.04,642.04,642.04,642.04,0
1748596115,642.04,642.04,642.04,642.04,0
1748596120,642.04,642.04,642.04,642.04,0
1748596125,642.04,642.04,642.04,642.04,0
1748596130,642.04,642.04,642.04,642.04,0
1748596135,642.04,642.04,642.04,642.04,0
1748596140,642.04,642.04,642.04,642.04,0
1748596145,642.04,642.04,642.04,642.04,0
1748596150,642.04,642.04,642.04,642.04,0
1748596155,642.04,642.04,642.04,642.04,0
1748596160,642.04,642.04,642.04,642.04,0
1748596165,642.04,642.04,642.04,642.04,0
1748596170,642.04,642.04,642.04,642.04,0
1748596175,642.04,642.04,642.04,642.04,0
1748596180,642.04,642.04,642.04,642.04,0
1748596185,642.04,642.04,642.04,642.04,0
1748596190,642.04,642.04,642.04,642.04,0
1748596195,642.04,642.04,642.04,642.04,0
1748596200,642.04,642.04,642.04,642.04,0
1748596205,642.04,642.04,642.04,642.04,0
1748596210,642.04,642.04,642.04,642.04,0
1748596215,642.04,642.04,642.04,642.04,0
1748596220,642.04,642.04,642.04,642.04,0
1748596225,642.04,642.04,642.04,642.04,0
1748596230,642.04,642.04,642.04,642.04,0
1748596235,642.04,642.04,642.04,642.04,0
1748596240,642.04,642.04,642.04,642.04,0
1748596245,642.04,642.04,642.04,642.04,0
1748596250,642.04,642.04,642.04,642.04,0
1748596255,642.04,642.04,642.04,642.04,0
1748596260,642.04,642.04,642.04,642.04,0
1748596265,642.04,642.04,642.04,642.04,0
1748596270,642.04,642.04,642.04,642.04,0
1748596275,642.04,642.04,642.04,642.04,0
1748596280,642.04,642.04,642.04,642.04,0
1748596285,642.04,642.04,642.04,642.04,0
1748596290,642.04,642.04,642.04,642.04,0
1748596295,642.04,642.04,642.04,642.04,0
1748596300,642.04,642.04,642.04,642.04,0
1748596305,642.04,642.04,642.04,642.04,0
1748596310,642.04,642.04,642.04,642.04,0
1748596315,642.04,642.04,642.04,642.04,0
1748596320,642.04,642.04,642.04,642.04,0
1748596325,642.04,642.04,642.04,642.04,0
1748596330,642.04,642.04,642.04,642.04,0
1748596335,642.04,642.04,642.04,642.04,0
1748596340,642.04,642.04,642.04,642.04,0
1748596345,642.04,642.04,642.04,642.04,0
1748596350,642.04,642.04,642.04,642.04,0
1748596355,642.04,642.04,642.04,642.04,0
1748596360,642.04,642.04,642.04,642.04,0
1748596365,642.04,642.04,642.04,642.04,0
1748596370,642.04,642.04,642.04,642.04,0
1748596375,642.04,642.04,642.04,642.04,0
1748596380,642.04,642.04,642.04,642.04,0
1748596385,642.04,642.04,642.04,642.04,0
1748596390,642.04,642.04,642.04,642.04,0
1748596395,642.04,642.04,642.04,642.04,0
1748596400,642.04,642.04,642.04,642.04,0
1748596405,642.04,642.04,642.04,642.04,0
1748596410,642.04,642.04,642.04,642.04,0
1748596415,642.04,642.04,642.04,642.04,0
1748596420,642.04,642.04,642.04,642.04,0
1748596425,642.04,642.04,642.04,642.04,0
1748596430,642.04,642.04,642.04,642.04,0
1748596435,642.04,642.04,642.04,642.04,0
1748596440,642.04,642.04,642.04,642.04,0
1748596445,642.04,642.04,642.04,642.04,0
1748596450,642.04,642.04,642.04,642.04,0
1748596455,642.04,642.04,642.04,642.04,0
1748596460,642.04,642.04,642.04,642.04,0
1748596465,642.04,642.04,642.04,642.04,0
1748596470,642.04,642.04,642.04,642.04,0
1748596475,642.04,642.04,642.04,642.04,0
1748596480,642.04,642.04,642.04,642.04,0
1748596485,642.04,642.04,642.04,642.04,0
1748596490,642.04,642.04,642.04,642.04,0
1748596495,642.04,642.04,642.04,642.04,0
1748596500,642.04,642.04,642.04,642.04,0
1748596505,642.04,642.04,642.04,642.04,0
1748596510,642.04,642.04,642.04,642.04,0
1748596515,642.04,642.04,642.04,642.04,0
1748596520,642.04,642.04,642.04,642.04,0
1748596525,642.04,642.04,642.04,642.04,0
1748596530,642.04,642.04,642.04,642.04,0
1748596535,642.04,642.04,642.04,642.04,0
1748596540,642.04,642.04,642.04,642.04,0
1748596545,642.04,642.04,642.04,642.04,0
1748596550,642.04,642.04,642.04,642.04,0
1748596555,642.04,642.04,642.04,642.04,0
1748596560,642.04,642.04,642.04,642.04,0
1748596565,642.04,642.04,642.04,642.04,0
1748596570,642.04,642.04,642.04,642.04,0
1748596575,642.04,642.04,642.04,642.04,0
1748596580,642.04,642.04,642.04,642.04,0
1748596585,642.04,642.04,642.04,642.04,0
1748596590,642.04,642.04,642.04,642.04,0
1748596595,642.04,642.04,642.04,642.04,0
1748596600,642.04,642.04,642.04,642.04,0
1748596605,642.04,642.04,642.04,642.04,0
1748596610,642.04,642.04,642.04,642.04,0
1748596615,642.04,642.04,642.04,642.04,0
1748596620,642.04,642.04,642.04,642.04,0
1748596625,642.04,642.04,642.04,642.04,0
1748596630,642.04,642.04,642.04,642.04,0
1748596635,642.04,642.04,642.04,642.04,0
1748596640,642.04,642.04,642.04,642.04,0
1748596645,642.04,642.04,642.04,642.04,0
1748596650,642.04,642.04,642.04,642.04,0
1748596655,642.04,642.04,642.04,642.04,0
1748596660,642.04,642.04,642.04,642.04,0
1748596665,642.04,642.04,642.04,642.04,0
1748596670,642.04,642.04,642.04,642.04,0
1748596675,642.04,642.04,642.04,642.04,0
1748596680,642.04,642.04,642.04,642.04,0
1748596685,642.04,642.04,642.04,642.04,0
1748596690,642.04,642.04,642.04,642.04,0
1748596695,642.04,642.04,642.04,642.04,0
1748596700,642.04,642.04,642.04,642.04,0
1748596705,642.04,642.04,642.04,642.04,0
1748596710,642.04,642.04,642.04,642.04,0
1748596715,642.04,642.04,642.04,642.04,0
1748596720,642.04,642.04,642.04,642.04,0
1748596725,642.04,642.04,642.04,642.04,0
1748596730,642.04,642.04,642.04,642.04,0
1748596735,642.04,642.04,642.04,642.04,0
1748596740,642.04,642.04,642.04,642.04,0
1748596745,642.04,642.04,642.04,642.04,0
1748596750,642.04,642.04,642.04,642.04,0
1748596755,642.04,642.04,642.04,642.04,0
1748596760,642.04,642.04,642.04,642.04,0
1748596765,642.04,642.04,642.04,642.04,0
1748596770,642.04,642.04,642.04,642.04,0
1748596775,642.04,642.04,642.04,642.04,0
1748596780,642.04,642.04,642.04,642.04,0
1748596785,642.04,642.04,642.04,642.04,0
1748596790,642.04,642.04,642.04,642.04,0
1748596795,642.04,642.04,642.04,642.04,0
1748596800,642.04,642.04,642.04,642.04,0
1748596805,642.04,642.04,642.04,642.04,0
1748596810,642.04,642.04,642.04,642.04,0
1748596815,642.04,642.04,642.04,642.04,0
1748596820,642.04,642.04,642.04,642.04,0
1748596825,642.04,642.04,642.04,642.04,0
1748596830,642.04,642.04,642.04,642.04,0
1748596835,642.04,642.04,642.04,642.04,0
1748596840,642.04,642.04,642.04,642.04,0
1748596845,642.04,642.04,642.04,642.04,0
1748596850,642.04,642.04,642.04,642.04,0
1748596855,642.04,642.04,642.04,642.04,0
1748596860,642.04,642.04,642.04,642.04,0
1748596865,642.04,642.04,642.04,642.04,0
1748596870,642.04,642.04,642.04,642.04,0
1748596875,642.04,642.04,642.04,642.04,0
1748596880,642.75,642.75,642.75,642.75,3
1748596885,642.75,642.75,642.75,642.75,0
1748596890,642.75,642.75,642.75,642.75,0
1748596895,642.75,642.75,642.75,642.75,0
1748596900,642.75,642.75,642.75,642.75,0
1748596905,642.75,642.75,642.75,642.75,0
1748596910,642.75,642.75,642.75,642.75,0
1748596915,642.75,642.75,642.75,642.75,0
1748596920,642.75,642.75,642.75,642.75,0
1748596925,642.75,642.75,642.75,642.75,0
1748596930,642.75,642.75,642.75,642.75,0
1748596935,642.75,642.75,642.75,642.75,0
1748596940,642.75,642.75,642.75,642.75,0
1748596945,642.75,642.75,642.75,642.75,0
1748596950,642.75,642.75,642.75,642.75,0
1748596955,642.65,642.65,642.65,642.65,3
1748596960,642.65,642.65,642.65,642.65,0
1748596965,642.65,642.65,642.65,642.65,0
1748596970,642.65,642.65,642.65,642.65,0
1748596975,642.65,642.65,642.65,642.65,0
1748596980,642.65,642.65,642.65,642.65,0
1748596985,642.65,642.65,642.65,642.65,0
1748596990,642.65,642.65,642.65,642.65,0
1748596995,642.65,642.65,642.65,642.65,0
1748597000,642.65,642.65,642.65,642.65,0
1748597005,642.65,642.65,642.65,642.65,0
1748597010,642.65,642.65,642.65,642.65,0
1748597015,642.65,642.65,642.65,642.65,0
1748597020,642.65,642.65,642.65,642.65,0
1748597025,642.65,642.65,642.65,642.65,0
1748597030,642.65,642.65,642.65,642.65,0
1748597035,642.65,642.65,642.65,642.65,0
1748597040,642.65,642.65,642.65,642.65,0
1748597045,642.65,642.65,642.65,642.65,0
1748597050,642.65,642.65,642.65,642.65,0
1748597055,642.65,642.65,642.65,642.65,0
1748597060,642.65,642.65,642.65,642.65,0
1748597065,642.65,642.65,642.65,642.65,0
1748597070,642.65,642.65,642.65,642.65,0
1748597075,642.65,642.65,642.65,642.65,0
1748597080,642.65,642.65,642.65,642.65,0
1748597085,642.65,642.65,642.65,642.65,0
1748597090,642.65,642.65,642.65,642.65,0
1748597095,642.65,642.65,642.65,642.65,0
1748597100,642.65,642.65,642.65,642.65,0
1748597105,642.65,642.65,642.65,642.65,0
1748597110,642.65,642.65,642.65,642.65,0
1748597115,642.65,642.65,642.65,642.65,0
1748597120,642.65,642.65,642.65,642.65,0
1748597125,642.65,642.65,642.65,642.65,0
1748597130,642.65,642.65,642.65,642.65,0
1748597135,642.65,642.65,642.65,642.65,0
1748597140,642.65,642.65,642.65,642.65,0
1748597145,642.65,642.65,642.65,642.65,0
1748597150,642.65,642.65,642.65,642.65,0
1748597155,642.65,642.65,642.65,642.65,0
1748597160,642.65,642.65,642.65,642.65,0
1748597165,642.65,642.65,642.65,642.65,0
1748597170,642.65,642.65,642.65,642.65,0
1748597175,642.65,642.65,642.65,642.65,0
1748597180,642.65,642.65,642.65,642.65,0
1748597185,642.65,642.65,642.65,642.65,0
1748597190,642.65,642.65,642.65,642.65,0
1748597195,642.65,642.65,642.65,642.65,0
1748597200,642.65,642.65,642.65,642.65,0
1748597205,642.65,642.65,642.65,642.65,0
1748597210,642.65,642.65,642.65,642.65,0
1748597215,642.65,642.65,642.65,642.65,0
1748597220,642.65,642.65,642.65,642.65,0
1748597225,642.65,642.65,642.65,642.65,0
1748597230,642.65,642.65,642.65,642.65,0
1748597235,642.65,642.65,642.65,642.65,0
1748597240,642.65,642.65,642.65,642.65,0
1748597245,642.65,642.65,642.65,642.65,0
1748597250,642.65,642.65,642.65,642.65,0
1748597255,642.65,642.65,642.65,642.65,0
1748597260,642.65,642.65,642.65,642.65,0
1748597265,642.65,642.65,642.65,642.65,0
1748597270,642.65,642.65,642.65,642.65,0
1748597275,642.65,642.65,642.65,642.65,0
1748597280,642.65,642.65,642.65,642.65,0
1748597285,642.65,642.65,642.65,642.65,0
1748597290,642.65,642.65,642.65,642.65,0
1748597295,642.65,642.65,642.65,642.65,0
1748597300,642.65,642.65,642.65,642.65,0
1748597305,642.3,642.3,642.3,642.3,2
1748597310,642.3,642.3,642.3,642.3,0
1748597315,642.3,642.3,642.3,642.3,0
1748597320,642.3,642.3,642.3,642.3,0
1748597325,642.3,642.3,642.3,642.3,0
1748597330,642.3,642.3,642.3,642.3,0
1748597335,642.3,642.3,642.3,642.3,0
1748597340,642.3,642.3,642.3,642.3,0
1748597345,642.3,642.3,642.3,642.3,0
1748597350,642.3,642.3,642.3,642.3,0
1748597355,642.3,642.3,642.3,642.3,0
1748597360,642.3,642.3,642.3,642.3,0
1748597365,642.3,642.3,642.3,642.3,0
1748597370,642.3,642.3,642.3,642.3,0
1748597375,642.3,642.3,642.3,642.3,0
1748597380,642.3,642.3,642.3,642.3,0
1748597385,642.3,642.3,642.3,642.3,0
1748597390,642.3,642.3,642.3,642.3,0
1748597395,642.3,642.3,642.3,642.3,0
1748597400,642.3,642.3,642.3,642.3,0
1748597405,642.3,642.3,642.3,642.3,0
1748597410,642.3,642.3,642.3,642.3,0
1748597415,642.3,642.3,642.3,642.3,0
1748597420,642.3,642.3,642.3,642.3,0
1748597425,642.3,642.3,642.3,642.3,0
1748597430,642.3,642.3,642.3,642.3,0
1748597435,642.3,642.3,642.3,642.3,0
1748597440,642.3,642.3,642.3,642.3,0
1748597445,642.3,642.3,642.3,642.3,0
1748597450,642.3,642.3,642.3,642.3,0
1748597455,642.3,642.3,642.3,642.3,0
1748597460,642.3,642.3,642.3,642.3,0
1748597465,642.3,642.3,642.3,642.3,0
1748597470,642.3,642.3,642.3,642.3,0
1748597475,642.3,642.3,642.3,642.3,0
1748597480,642.3,642.3,642.3,642.3,0
1748597485,642.3,642.3,642.3,642.3,0
1748597490,642.3,642.3,642.3,642.3,0
1748597495,642.3,642.3,642.3,642.3,0
1748597500,642.3,642.3,642.3,642.3,0
1748597505,642.3,642.3,642.3,642.3,0
1748597510,642.3,642.3,642.3,642.3,0
1748597515,642.3,642.3,642.3,642.3,0
1748597520,642.3,642.3,642.3,642.3,0
1748597525,642.3,642.3,642.3,642.3,0
1748597530,642.3,642.3,642.3,642.3,0
1748597535,642.3,642.3,642.3,642.3,0
1748597540,642.3,642.3,642.3,642.3,0
1748597545,642.3,642.3,642.3,642.3,0
1748597550,642.3,642.3,642.3,642.3,0
1748597555,642.3,642.3,642.3,642.3,0
1748597560,642.3,642.3,642.3,642.3,0
1748597565,642.3,642.3,642.3,642.3,0
1748597570,642.3,642.3,642.3,642.3,0
1748597575,642.3,642.3,642.3,642.3,0
1748597580,642.3,642.3,642.3,642.3,0
1748597585,642.3,642.3,642.3,642.3,0
1748597590,642.3,642.3,642.3,642.3,0
1748597595,642.3,642.3,642.3,642.3,0
1748597600,642.3,642.3,642.3,642.3,0
1748597605,642.3,642.3,642.3,642.3,0
1748597610,642.3,642.3,642.3,642.3,0
1748597615,642.3,642.3,642.3,642.3,0
1748597620,642.3,642.3,642.3,642.3,0
1748597625,642.3,642.3,642.3,642.3,0
1748597630,642.3,642.3,642.3,642.3,0
1748597635,642.3,642.3,642.3,642.3,0
1748597640,642.3,642.3,642.3,642.3,0
1748597645,642.3,642.3,642.3,642.3,0
1748597650,642.3,642.3,642.3,642.3,0
1748597655,642.3,642.3,642.3,642.3,0
1748597660,642.3,642.3,642.3,642.3,0
1748597665,642.3,642.3,642.3,642.3,0
1748597670,642.3,642.3,642.3,642.3,0
1748597675,642.3,642.3,642.3,642.3,0
1748597680,642.3,642.3,642.3,642.3,0
1748597685,642.3,642.3,642.3,642.3,0
1748597690,642.3,642.3,642.3,642.3,0
1748597695,642.3,642.3,642.3,642.3,0
1748597700,642.3,642.3,642.3,642.3,0
1748597705,642.3,642.3,642.3,642.3,0
1748597710,642.3,642.3,642.3,642.3,0
1748597715,642.3,642.3,642.3,642.3,0
1748597720,642.3,642.3,642.3,642.3,0
1748597725,642.3,642.3,642.3,642.3,0
1748597730,642.3,642.3,642.3,642.3,0
1748597735,642.3,642.3,642.3,642.3,0
1748597740,642.3,642.3,642.3,642.3,0
1748597745,642.3,642.3,642.3,642.3,0
1748597750,642.3,642.3,642.3,642.3,0
1748597755,642.3,642.3,642.3,642.3,0
1748597760,642.3,642.3,642.3,642.3,0
1748597765,642.3,642.3,642.3,642.3,0
1748597770,642.3,642.3,642.3,642.3,0
1748597775,642.3,642.3,642.3,642.3,0
1748597780,642.3,642.3,642.3,642.3,0
1748597785,642.3,642.3,642.3,642.3,0
1748597790,642.3,642.3,642.3,642.3,0
1748597795,642.3,642.3,642.3,642.3,0
1748597800,642.3,642.3,642.3,642.3,0
1748597805,642.3,642.3,642.3,642.3,0
1748597810,642.3,642.3,642.3,642.3,0
1748597815,642.3,642.3,642.3,642.3,0
1748597820,642.3,642.3,642.3,642.3,0
1748597825,642.3,642.3,642.3,642.3,0
1748597830,642.3,642.3,642.3,642.3,0
1748597835,642.3,642.3,642.3,642.3,0
1748597840,642.3,642.3,642.3,642.3,0
1748597845,642.3,642.3,642.3,642.3,0
1748597850,642.3,642.3,642.3,642.3,0
1748597855,642.3,642.3,642.3,642.3,0
1748597860,642.3,642.3,642.3,642.3,0
1748597865,642.3,642.3,642.3,642.3,0
1748597870,642.3,642.3,642.3,642.3,0
1748597875,642.3,642.3,642.3,642.3,0
1748597880,642.3,642.3,642.3,642.3,0
1748597885,642.3,642.3,642.3,642.3,0
1748597890,642.3,642.3,642.3,642.3,0
1748597895,642.3,642.3,642.3,642.3,0
1748597900,642.3,642.3,642.3,642.3,0
1748597905,642.3,642.3,642.3,642.3,0
1748597910,642.3,642.3,642.3,642.3,0
1748597915,642.3,642.3,642.3,642.3,0
1748597920,642.3,642.3,642.3,642.3,0
1748597925,642.3,642.3,642.3,642.3,0
1748597930,642.3,642.3,642.3,642.3,0
1748597935,642.3,642.3,642.3,642.3,0
1748597940,642.3,642.3,642.3,642.3,0
1748597945,642.3,642.3,642.3,642.3,0
1748597950,642.3,642.3,642.3,642.3,0
1748597955,642.3,642.3,642.3,642.3,0
1748597960,642.3,642.3,642.3,642.3,0
1748597965,642.3,642.3,642.3,642.3,0
1748597970,642.3,642.3,642.3,642.3,0
1748597975,642.3,642.3,642.3,642.3,0
1748597980,642.3,642.3,642.3,642.3,0
1748597985,642.3,642.3,642.3,642.3,0
1748597990,642.3,642.3,642.3,642.3,0
1748597995,642.3,642.3,642.3,642.3,0
1748598000,642.3,642.3,642.3,642.3,0
1748598005,642.3,642.3,642.3,642.3,0
1748598010,642.3,642.3,642.3,642.3,0
1748598015,642.3,642.3,642.3,642.3,0
1748598020,642.3,642.3,642.3,642.3,0
1748598025,642.3,642.3,642.3,642.3,0
1748598030,642.3,642.3,642.3,642.3,0
1748598035,642.3,642.3,642.3,642.3,0
1748598040,642.3,642.3,642.3,642.3,0
1748598045,642.3,642.3,642.3,642.3,0
1748598050,642.3,642.3,642.3,642.3,0
1748598055,642.3,642.3,642.3,642.3,0
1748598060,642.3,642.3,642.3,642.3,0
1748598065,642.3,642.3,642.3,642.3,0
1748598070,642.3,642.3,642.3,642.3,0
1748598075,642.3,642.3,642.3,642.3,0
1748598080,642.3,642.3,642.3,642.3,0
1748598085,642.3,642.3,642.3,642.3,0
1748598090,642.3,642.3,642.3,642.3,0
1748598095,642.3,642.3,642.3,642.3,0
1748598100,642.3,642.3,642.3,642.3,0
1748598105,642.3,642.3,642.3,642.3,0
1748598110,642.3,642.3,642.3,642.3,0
1748598115,642.3,642.3,642.3,642.3,0
1748598120,642.3,642.3,642.3,642.3,0
1748598125,642.3,642.3,642.3,642.3,0
1748598130,642.3,642.3,642.3,642.3,0
1748598135,642.3,642.3,642.3,642.3,0
1748598140,642.3,642.3,642.3,642.3,0
1748598145,642.3,642.3,642.3,642.3,0
1748598150,642.3,642.3,642.3,642.3,0
1748598155,642.3,642.3,642.3,642.3,0
1748598160,642.3,642.3,642.3,642.3,0
1748598165,642.3,642.3,642.3,642.3,0
1748598170,642.3,642.3,642.3,642.3,0
1748598175,642.3,642.3,642.3,642.3,0
1748598180,642.3,642.3,642.3,642.3,0
1748598185,642.3,642.3,642.3,642.3,0
1748598190,642.3,642.3,642.3,642.3,0
1748598195,642.3,642.3,642.3,642.3,0
1748598200,642.3,642.3,642.3,642.3,0
1748598205,642.3,642.3,642.3,642.3,0
1748598210,642.3,642.3,642.3,642.3,0
1748598215,642.3,642.3,642.3,642.3,0
1748598220,642.3,642.3,642.3,642.3,0
1748598225,642.3,642.3,642.3,642.3,0
1748598230,642.3,642.3,642.3,642.3,0
1748598235,642.3,642.3,642.3,642.3,0
1748598240,642.3,642.3,642.3,642.3,0
1748598245,642.3,642.3,642.3,642.3,0
1748598250,642.3,642.3,642.3,642.3,0
1748598255,642.3,642.3,642.3,642.3,0
1748598260,642.3,642.3,642.3,642.3,0
1748598265,642.3,642.3,642.3,642.3,0
1748598270,642.3,642.3,642.3,642.3,0
1748598275,642.3,642.3,642.3,642.3,0
1748598280,642.3,642.3,642.3,642.3,0
1748598285,642.3,642.3,642.3,642.3,0
1748598290,642.3,642.3,642.3,642.3,0
1748598295,642.3,642.3,642.3,642.3,0
1748598300,642.3,642.3,642.3,642.3,0
1748598305,642.3,642.3,642.3,642.3,0
1748598310,642.3,642.3,642.3,642.3,0
1748598315,642.3,642.3,642.3,642.3,0
1748598320,642.3,642.3,642.3,642.3,0
1748598325,642.3,642.3,642.3,642.3,0
1748598330,642.3,642.3,642.3,642.3,0
1748598335,642.3,642.3,642.3,642.3,0
1748598340,642.3,642.3,642.3,642.3,0
1748598345,642.3,642.3,642.3,642.3,0
1748598350,642.3,642.3,642.3,642.3,0
1748598355,642.3,642.3,642.3,642.3,0
1748598360,642.3,642.3,642.3,642.3,0
1748598365,642.3,642.3,642.3,642.3,0
1748598370,642.3,642.3,642.3,642.3,0
1748598375,642.3,642.3,642.3,642.3,0
1748598380,642.3,642.3,642.3,642.3,0
1748598385,642.3,642.3,642.3,642.3,0
1748598390,642.3,642.3,642.3,642.3,0
1748598395,642.3,642.3,642.3,642.3,0
1748598400,642.3,642.3,642.3,642.3,0
1748598405,642.3,642.3,642.3,642.3,0
1748598410,642.3,642.3,642.3,642.3,0
1748598415,642.3,642.3,642.3,642.3,0
1748598420,642.3,642.3,642.3,642.3,0
1748598425,642.3,642.3,642.3,642.3,0
1748598430,642.3,642.3,642.3,642.3,0
1748598435,642.3,642.3,642.3,642.3,0
1748598440,642.3,642.3,642.3,642.3,0
1748598445,642.3,642.3,642.3,642.3,0
1748598450,642.3,642.3,642.3,642.3,0
1748598455,642.3,642.3,642.3,642.3,0
1748598460,642.3,642.3,642.3,642.3,0
1748598465,642.3,642.3,642.3,642.3,0
1748598470,642.3,642.3,642.3,642.3,0
1748598475,642.3,642.3,642.3,642.3,0
1748598480,642.3,642.3,642.3,642.3,0
1748598485,642.3,642.3,642.3,642.3,0
1748598490,642.3,642.3,642.3,642.3,0
1748598495,642.3,642.3,642.3,642.3,0
1748598500,642.3,642.3,642.3,642.3,0
1748598505,642.3,642.3,642.3,642.3,0
1748598510,642.3,642.3,642.3,642.3,0
1748598515,642.3,642.3,642.3,642.3,0
1748598520,642.3,642.3,642.3,642.3,0
1748598525,642.3,642.3,642.3,642.3,0
1748598530,642.3,642.3,642.3,642.3,0
1748598535,642.3,642.3,642.3,642.3,0
1748598540,642.3,642.3,642.3,642.3,0
1748598545,642.3,642.3,642.3,642.3,0
1748598550,642.3,642.3,642.3,642.3,0
1748598555,642.3,642.3,642.3,642.3,0
1748598560,642.3,642.3,642.3,642.3,0
1748598565,642.3,642.3,642.3,642.3,0
1748598570,642.3,642.3,642.3,642.3,0
1748598575,642.3,642.3,642.3,642.3,0
1748598580,642.3,642.3,642.3,642.3,0
1748598585,642.3,642.3,642.3,642.3,0
1748598590,642.3,642.3,642.3,642.3,0
1748598595,642.3,642.3,642.3,642.3,0
1748598600,642.3,642.3,642.3,642.3,0
1748598605,642.3,642.3,642.3,642.3,0
1748598610,642.3,642.3,642.3,642.3,0
1748598615,642.3,642.3,642.3,642.3,0
1748598620,642.3,642.3,642.3,642.3,0
1748598625,642.3,642.3,642.3,642.3,0
1748598630,642.3,642.3,642.3,642.3,0
1748598635,642.3,642.3,642.3,642.3,0
1748598640,642.3,642.3,642.3,642.3,0
1748598645,642.3,642.3,642.3,642.3,0
1748598650,642.3,642.3,642.3,642.3,0
1748598655,642.3,642.3,642.3,642.3,0
1748598660,642.3,642.3,642.3,642.3,0
1748598665,642.3,642.3,642.3,642.3,0
1748598670,642.3,642.3,642.3,642.3,0
1748598675,642.3,642.3,642.3,642.3,0
1748598680,642.3,642.3,642.3,642.3,0
1748598685,642.3,642.3,642.3,642.3,0
1748598690,642.3,642.3,642.3,642.3,0
1748598695,642.3,642.3,642.3,642.3,0
1748598700,642.3,642.3,642.3,642.3,0
1748598705,642.3,642.3,642.3,642.3,0
1748598710,642.3,642.3,642.3,642.3,0
1748598715,642.3,642.3,642.3,642.3,0
1748598720,642.3,642.3,642.3,642.3,0
1748598725,642.3,642.3,642.3,642.3,0
1748598730,642.3,642.3,642.3,642.3,0
1748598735,642.3,642.3,642.3,642.3,0
1748598740,642.3,642.3,642.3,642.3,0
1748598745,642.3,642.3,642.3,642.3,0
1748598750,642.3,642.3,642.3,642.3,0
1748598755,642.3,642.3,642.3,642.3,0
1748598760,642.3,642.3,642.3,642.3,0
1748598765,642.3,642.3,642.3,642.3,0
1748598770,642.3,642.3,642.3,642.3,0
1748598775,642.3,642.3,642.3,642.3,0
1748598780,642.3,642.3,642.3,642.3,0
1748598785,642.3,642.3,642.3,642.3,0
1748598790,642.3,642.3,642.3,642.3,0
1748598795,642.3,642.3,642.3,642.3,0
1748598800,642.3,642.3,642.3,642.3,0
1748598805,642.3,642.3,642.3,642.3,0
1748598810,642.3,642.3,642.3,642.3,0
1748598815,642.3,642.3,642.3,642.3,0
1748598820,642.3,642.3,642.3,642.3,0
1748598825,642.3,642.3,642.3,642.3,0
1748598830,642.3,642.3,642.3,642.3,0
1748598835,642.3,642.3,642.3,642.3,0
1748598840,642.3,642.3,642.3,642.3,0
1748598845,642.3,642.3,642.3,642.3,0
1748598850,642.3,642.3,642.3,642.3,0
1748598855,642.3,642.3,642.3,642.3,0
1748598860,642.3,642.3,642.3,642.3,0
1748598865,642.3,642.3,642.3,642.3,0
1748598870,642.3,642.3,642.3,642.3,0
1748598875,642.3,642.3,642.3,642.3,0
1748598880,642.3,642.3,642.3,642.3,0
1748598885,642.3,642.3,642.3,642.3,0
1748598890,642.3,642.3,642.3,642.3,0
1748598895,642.3,642.3,642.3,642.3,0
1748598900,642.3,642.3,642.3,642.3,0
1748598905,642.3,642.3,642.3,642.3,0
1748598910,642.3,642.3,642.3,642.3,0
1748598915,642.3,642.3,642.3,642.3,0
1748598920,642.3,642.3,642.3,642.3,0
1748598925,642.3,642.3,642.3,642.3,0
1748598930,642.3,642.3,642.3,642.3,0
1748598935,642.3,642.3,642.3,642.3,0
1748598940,642.3,642.3,642.3,642.3,0
1748598945,642.3,642.3,642.3,642.3,0
1748598950,642.3,642.3,642.3,642.3,0
1748598955,642.3,642.3,642.3,642.3,0
1748598960,642.3,642.3,642.3,642.3,0
1748598965,642.3,642.3,642.3,642.3,0
1748598970,642.3,642.3,642.3,642.3,0
1748598975,642.3,642.3,642.3,642.3,0
1748598980,642.3,642.3,642.3,642.3,0
1748598985,642.3,642.3,642.3,642.3,0
1748598990,642.3,642.3,642.3,642.3,0
1748598995,642.3,642.3,642.3,642.3,0
1748599000,642.3,642.3,642.3,642.3,0
1748599005,642.3,642.3,642.3,642.3,0
1748599010,642.3,642.3,642.3,642.3,0
1748599015,642.3,642.3,642.3,642.3,0
1748599020,642.3,642.3,642.3,642.3,0
1748599025,642.3,642.3,642.3,642.3,0
1748599030,642.3,642.3,642.3,642.3,0
1748599035,642.3,642.3,642.3,642.3,0
1748599040,642.3,642.3,642.3,642.3,0
1748599045,642.3,642.3,642.3,642.3,0
1748599050,642.3,642.3,642.3,642.3,0
1748599055,642.3,642.3,642.3,642.3,0
1748599060,642.3,642.3,642.3,642.3,0
1748599065,642.3,642.3,642.3,642.3,0
1748599070,642.3,642.3,642.3,642.3,0
1748599075,642.3,642.3,642.3,642.3,0
1748599080,642.3,642.3,642.3,642.3,0
1748599085,642.3,642.3,642.3,642.3,0
1748599090,642.3,642.3,642.3,642.3,0
1748599095,642.3,642.3,642.3,642.3,0
1748599100,642.3,642.3,642.3,642.3,0
1748599105,642.3,642.3,642.3,642.3,0
1748599110,642.3,642.3,642.3,642.3,0
1748599115,642.3,642.3,642.3,642.3,0
1748599120,642.3,642.3,642.3,642.3,0
1748599125,642.3,642.3,642.3,642.3,0
1748599130,642.3,642.3,642.3,642.3,0
1748599135,642.3,642.3,642.3,642.3,0
1748599140,642.3,642.3,642.3,642.3,0
1748599145,642.3,642.3,642.3,642.3,0
1748599150,642.3,642.3,642.3,642.3,0
1748599155,642.3,642.3,642.3,642.3,0
1748599160,642.3,642.3,642.3,642.3,0
1748599165,642.3,642.3,642.3,642.3,0
1748599170,642.3,642.3,642.3,642.3,0
1748599175,642.3,642.3,642.3,642.3,0
1748599180,642.3,642.3,642.3,642.3,0
1748599185,642.3,642.3,642.3,642.3,0
1748599190,642.3,642.3,642.3,642.3,0
1748599195,642.3,642.3,642.3,642.3,0
1748599200,642.3,642.3,642.3,642.3,0
1748599205,642.3,642.3,642.3,642.3,0
1748599210,642.3,642.3,642.3,642.3,0
1748599215,642.3,642.3,642.3,642.3,0
1748599220,642.3,642.3,642.3,642.3,0
1748599225,642.3,642.3,642.3,642.3,0
1748599230,642.3,642.3,642.3,642.3,0
1748599235,642.3,642.3,642.3,642.3,0
1748599240,642.3,642.3,642.3,642.3,0
1748599245,642.3,642.3,642.3,642.3,0
1748599250,642.3,642.3,642.3,642.3,0
1748599255,642.3,642.3,642.3,642.3,0
1748599260,642.3,642.3,642.3,642.3,0
1748599265,642.3,642.3,642.3,642.3,0
1748599270,642.3,642.3,642.3,642.3,0
1748599275,642.3,642.3,642.3,642.3,0
1748599280,642.3,642.3,642.3,642.3,0
1748599285,642.3,642.3,642.3,642.3,0
1748599290,642.3,642.3,642.3,642.3,0
1748599295,642.3,642.3,642.3,642.3,0
1748599300,642.3,642.3,642.3,642.3,0
1748599305,642.3,642.3,642.3,642.3,0
1748599310,642.3,642.3,642.3,642.3,0
1748599315,642.3,642.3,642.3,642.3,0
1748599320,642.3,642.3,642.3,642.3,0
1748599325,642.3,642.3,642.3,642.3,0
1748599330,642.3,642.3,642.3,642.3,0
1748599335,642.3,642.3,642.3,642.3,0
1748599340,642.3,642.3,642.3,642.3,0
1748599345,642.3,642.3,642.3,642.3,0
1748599350,642.3,642.3,642.3,642.3,0
1748599355,642.3,642.3,642.3,642.3,0
1748599360,642.3,642.3,642.3,642.3,0
1748599365,642.3,642.3,642.3,642.3,0
1748599370,642.3,642.3,642.3,642.3,0
1748599375,642.3,642.3,642.3,642.3,0
1748599380,642.3,642.3,642.3,642.3,0
1748599385,642.3,642.3,642.3,642.3,0
1748599390,642.3,642.3,642.3,642.3,0
1748599395,642.3,642.3,642.3,642.3,0
1748599400,642.3,642.3,642.3,642.3,0
1748599405,642.3,642.3,642.3,642.3,0
1748599410,642.3,642.3,642.3,642.3,0
1748599415,642.3,642.3,642.3,642.3,0
1748599420,642.3,642.3,642.3,642.3,0
1748599425,642.3,642.3,642.3,642.3,0
1748599430,642.3,642.3,642.3,642.3,0
1748599435,642.3,642.3,642.3,642.3,0
1748599440,642.3,642.3,642.3,642.3,0
1748599445,642.3,642.3,642.3,642.3,0
1748599450,642.3,642.3,642.3,642.3,0
1748599455,642.3,642.3,642.3,642.3,0
1748599460,642.3,642.3,642.3,642.3,0
1748599465,642.3,642.3,642.3,642.3,0
1748599470,642.3,642.3,642.3,642.3,0
1748599475,642.3,642.3,642.3,642.3,0
1748599480,642.3,642.3,642.3,642.3,0
1748599485,642.3,642.3,642.3,642.3,0
1748599490,642.3,642.3,642.3,642.3,0
1748599495,642.3,642.3,642.3,642.3,0
1748599500,642.3,642.3,642.3,642.3,0
1748599505,642.3,642.3,642.3,642.3,0
1748599510,642.3,642.3,642.3,642.3,0
1748599515,642.3,642.3,642.3,642.3,0
1748599520,642.3,642.3,642.3,642.3,0
1748599525,642.3,642.3,642.3,642.3,0
1748599530,642.3,642.3,642.3,642.3,0
1748599535,642.3,642.3,642.3,642.3,0
1748599540,642.3,642.3,642.3,642.3,0
1748599545,642.3,642.3,642.3,642.3,0
1748599550,642.3,642.3,642.3,642.3,0
1748599555,642.3,642.3,642.3,642.3,0
1748599560,642.3,642.3,642.3,642.3,0
1748599565,642.3,642.3,642.3,642.3,0
1748599570,642.3,642.3,642.3,642.3,0
1748599575,642.3,642.3,642.3,642.3,0
1748599580,642.3,642.3,642.3,642.3,0
1748599585,642.3,642.3,642.3,642.3,0
1748599590,642.3,642.3,642.3,642.3,0
1748599595,642.3,642.3,642.3,642.3,0
1748599600,642.3,642.3,642.3,642.3,0
1748599605,642.3,642.3,642.3,642.3,0
1748599610,642.3,642.3,642.3,642.3,0
1748599615,642.3,642.3,642.3,642.3,0
1748599620,642.3,642.3,642.3,642.3,0
1748599625,642.3,642.3,642.3,642.3,0
1748599630,642.3,642.3,642.3,642.3,0
1748599635,642.3,642.3,642.3,642.3,0
1748599640,642.3,642.3,642.3,642.3,0
1748599645,642.3,642.3,642.3,642.3,0
1748599650,642.3,642.3,642.3,642.3,0
1748599655,642.3,642.3,642.3,642.3,0
1748599660,642.3,642.3,642.3,642.3,0
1748599665,642.3,642.3,642.3,642.3,0
1748599670,642.3,642.3,642.3,642.3,0
1748599675,642.3,642.3,642.3,642.3,0
1748599680,642.3,642.3,642.3,642.3,0
1748599685,642.3,642.3,642.3,642.3,0
1748599690,642.3,642.3,642.3,642.3,0
1748599695,642.3,642.3,642.3,642.3,0
1748599700,642.3,642.3,642.3,642.3,0
1748599705,642.3,642.3,642.3,642.3,0
1748599710,642.3,642.3,642.3,642.3,0
1748599715,642.3,642.3,642.3,642.3,0
1748599720,642.3,642.3,642.3,642.3,0
1748599725,642.3,642.3,642.3,642.3,0
1748599730,642.3,642.3,642.3,642.3,0
1748599735,642.3,642.3,642.3,642.3,0
1748599740,642.3,642.3,642.3,642.3,0
1748599745,642.3,642.3,642.3,642.3,0
1748599750,642.3,642.3,642.3,642.3,0
1748599755,642.3,642.3,642.3,642.3,0
1748599760,642.3,642.3,642.3,642.3,0
1748599765,642.3,642.3,642.3,642.3,0
1748599770,642.3,642.3,642.3,642.3,0
1748599775,642.3,642.3,642.3,642.3,0
1748599780,642.3,642.3,642.3,642.3,0
1748599785,642.3,642.3,642.3,642.3,0
1748599790,642.3,642.3,642.3,642.3,0
1748599795,642.3,642.3,642.3,642.3,0
1748599800,642.3,642.3,642.3,642.3,0
1748599805,642.3,642.3,642.3,642.3,0
1748599810,642.3,642.3,642.3,642.3,0
1748599815,642.3,642.3,642.3,642.3,0
1748599820,642.3,642.3,642.3,642.3,0
1748599825,642.3,642.3,642.3,642.3,0
1748599830,642.3,642.3,642.3,642.3,0
1748599835,642.3,642.3,642.3,642.3,0
1748599840,642.3,642.3,642.3,642.3,0
1748599845,642.3,642.3,642.3,642.3,0
1748599850,642.3,642.3,642.3,642.3,0
1748599855,642.3,642.3,642.3,642.3,0
1748599860,642.3,642.3,642.3,642.3,0
1748599865,642.3,642.3,642.3,642.3,0
1748599870,642.3,642.3,642.3,642.3,0
1748599875,642.3,642.3,642.3,642.3,0
1748599880,642.3,642.3,642.3,642.3,0
1748599885,642.3,642.3,642.3,642.3,0
1748599890,642.3,642.3,642.3,642.3,0
1748599895,642.3,642.3,642.3,642.3,0
1748599900,642.3,642.3,642.3,642.3,0
1748599905,642.3,642.3,642.3,642.3,0
1748599910,642.3,642.3,642.3,642.3,0
1748599915,642.3,642.3,642.3,642.3,0
1748599920,642.3,642.3,642.3,642.3,0
1748599925,642.3,642.3,642.3,642.3,0
1748599930,642.3,642.3,642.3,642.3,0
1748599935,642.3,642.3,642.3,642.3,0
1748599940,642.3,642.3,642.3,642.3,0
1748599945,642.3,642.3,642.3,642.3,0
1748599950,642.3,642.3,642.3,642.3,0
1748599955,642.3,642.3,642.3,642.3,0
1748599960,642.3,642.3,642.3,642.3,0
1748599965,642.3,642.3,642.3,642.3,0
1748599970,642.3,642.3,642.3,642.3,0
1748599975,642.3,642.3,642.3,642.3,0
1748599980,642.3,642.3,642.3,642.3,0
1748599985,642.3,642.3,642.3,642.3,0
1748599990,642.3,642.3,642.3,642.3,0
1748599995,642.3,642.3,642.3,642.3,0
1748600000,642.3,642.3,642.3,642.3,0
1748600005,642.3,642.3,642.3,642.3,0
1748600010,642.3,642.3,642.3,642.3,0
1748600015,642.3,642.3,642.3,642.3,0
1748600020,642.3,642.3,642.3,642.3,0
1748600025,642.3,642.3,642.3,642.3,0
1748600030,642.3,642.3,642.3,642.3,0
1748600035,642.3,642.3,642.3,642.3,0
1748600040,642.3,642.3,642.3,642.3,0
1748600045,642.3,642.3,642.3,642.3,0
1748600050,642.3,642.3,642.3,642.3,0
1748600055,642.3,642.3,642.3,642.3,0
1748600060,642.3,642.3,642.3,642.3,0
1748600065,642.3,642.3,642.3,642.3,0
1748600070,642.3,642.3,642.3,642.3,0
1748600075,642.3,642.3,642.3,642.3,0
1748600080,642.3,642.3,642.3,642.3,0
1748600085,642.3,642.3,642.3,642.3,0
1748600090,642.3,642.3,642.3,642.3,0
1748600095,642.3,642.3,642.3,642.3,0
1748600100,642.3,642.3,642.3,642.3,0
1748600105,642.3,642.3,642.3,642.3,0
1748600110,642.3,642.3,642.3,642.3,0
1748600115,642.3,642.3,642.3,642.3,0
1748600120,642.3,642.3,642.3,642.3,0
1748600125,642.3,642.3,642.3,642.3,0
1748600130,642.3,642.3,642.3,642.3,0
1748600135,642.3,642.3,642.3,642.3,0
1748600140,642.3,642.3,642.3,642.3,0
1748600145,642.3,642.3,642.3,642.3,0
1748600150,642.3,642.3,642.3,642.3,0
1748600155,642.3,642.3,642.3,642.3,0
1748600160,642.3,642.3,642.3,642.3,0
1748600165,642.3,642.3,642.3,642.3,0
1748600170,642.3,642.3,642.3,642.3,0
1748600175,642.3,642.3,642.3,642.3,0
1748600180,642.3,642.3,642.3,642.3,0
1748600185,642.3,642.3,642.3,642.3,0
1748600190,642.3,642.3,642.3,642.3,0
1748600195,642.3,642.3,642.3,642.3,0
1748600200,642.3,642.3,642.3,642.3,0
1748600205,642.3,642.3,642.3,642.3,0
1748600210,642.3,642.3,642.3,642.3,0
1748600215,642.3,642.3,642.3,642.3,0
1748600220,642.3,642.3,642.3,642.3,0
1748600225,642.3,642.3,642.3,642.3,0
1748600230,642.3,642.3,642.3,642.3,0
1748600235,642.3,642.3,642.3,642.3,0
1748600240,642.3,642.3,642.3,642.3,0
1748600245,642.3,642.3,642.3,642.3,0
1748600250,642.3,642.3,642.3,642.3,0
1748600255,642.3,642.3,642.3,642.3,0
1748600260,642.3,642.3,642.3,642.3,0
1748600265,642.3,642.3,642.3,642.3,0
1748600270,642.3,642.3,642.3,642.3,0
1748600275,642.3,642.3,642.3,642.3,0
1748600280,642.3,642.3,642.3,642.3,0
1748600285,642.3,642.3,642.3,642.3,0
1748600290,642.3,642.3,642.3,642.3,0
1748600295,642.3,642.3,642.3,642.3,0
1748600300,642.3,642.3,642.3,642.3,0
1748600305,642.3,642.3,642.3,642.3,0
1748600310,642.3,642.3,642.3,642.3,0
1748600315,642.3,642.3,642.3,642.3,0
1748600320,642.3,642.3,642.3,642.3,0
1748600325,642.3,642.3,642.3,642.3,0
1748600330,642.3,642.3,642.3,642.3,0
1748600335,642.3,642.3,642.3,642.3,0
1748600340,642.3,642.3,642.3,642.3,0
1748600345,642.3,642.3,642.3,642.3,0
1748600350,642.3,642.3,642.3,642.3,0
1748600355,642.3,642.3,642.3,642.3,0
1748600360,642.3,642.3,642.3,642.3,0
1748600365,642.3,642.3,642.3,642.3,0
1748600370,642.3,642.3,642.3,642.3,0
1748600375,642.3,642.3,642.3,642.3,0
1748600380,642.3,642.3,642.3,642.3,0
1748600385,642.3,642.3,642.3,642.3,0
1748600390,642.3,642.3,642.3,642.3,0
1748600395,642.3,642.3,642.3,642.3,0
1748600400,642.3,642.3,642.3,642.3,0
1748600405,642.3,642.3,642.3,642.3,0
1748600410,642.3,642.3,642.3,642.3,0
1748600415,642.3,642.3,642.3,642.3,0
1748600420,642.3,642.3,642.3,642.3,0
1748600425,642.3,642.3,642.3,642.3,0
1748600430,642.3,642.3,642.3,642.3,0
1748600435,642.3,642.3,642.3,642.3,0
1748600440,642.3,642.3,642.3,642.3,0
1748600445,642.3,642.3,642.3,642.3,0
1748600450,642.3,642.3,642.3,642.3,0
1748600455,642.3,642.3,642.3,642.3,0
1748600460,642.3,642.3,642.3,642.3,0
1748600465,642.3,642.3,642.3,642.3,0
1748600470,642.3,642.3,642.3,642.3,0
1748600475,642.3,642.3,642.3,642.3,0
1748600480,642.3,642.3,642.3,642.3,0
1748600485,642.3,642.3,642.3,642.3,0
1748600490,642.3,642.3,642.3,642.3,0
1748600495,642.3,642.3,642.3,642.3,0
1748600500,642.3,642.3,642.3,642.3,0
1748600505,642.3,642.3,642.3,642.3,0
1748600510,642.3,642.3,642.3,642.3,0
1748600515,642.3,642.3,642.3,642.3,0
1748600520,642.3,642.3,642.3,642.3,0
1748600525,642.3,642.3,642.3,642.3,0
1748600530,642.3,642.3,642.3,642.3,0
1748600535,642.3,642.3,642.3,642.3,0
1748600540,642.3,642.3,642.3,642.3,0
1748600545,642.3,642.3,642.3,642.3,0
1748600550,642.3,642.3,642.3,642.3,0
1748600555,642.3,642.3,642.3,642.3,0
1748600560,642.3,642.3,642.3,642.3,0
1748600565,642.3,642.3,642.3,642.3,0
1748600570,642.3,642.3,642.3,642.3,0
1748600575,642.3,642.3,642.3,642.3,0
1748600580,642.3,642.3,642.3,642.3,0
1748600585,642.3,642.3,642.3,642.3,0
1748600590,642.3,642.3,642.3,642.3,0
1748600595,642.3,642.3,642.3,642.3,0
1748600600,642.3,642.3,642.3,642.3,0
1748600605,642.3,642.3,642.3,642.3,0
1748600610,642.3,642.3,642.3,642.3,0
1748600615,642.3,642.3,642.3,642.3,0
1748600620,642.3,642.3,642.3,642.3,0
1748600625,642.3,642.3,642.3,642.3,0
1748600630,642.3,642.3,642.3,642.3,0
1748600635,642.3,642.3,642.3,642.3,0
1748600640,642.3,642.3,642.3,642.3,0
1748600645,642.3,642.3,642.3,642.3,0
1748600650,642.3,642.3,642.3,642.3,0
1748600655,642.3,642.3,642.3,642.3,0
1748600660,642.3,642.3,642.3,642.3,0
1748600665,642.3,642.3,642.3,642.3,0
1748600670,642.3,642.3,642.3,642.3,0
1748600675,642.3,642.3,642.3,642.3,0
1748600680,642.3,642.3,642.3,642.3,0
1748600685,642.3,642.3,642.3,642.3,0
1748600690,642.3,642.3,642.3,642.3,0
1748600695,642.3,642.3,642.3,642.3,0
1748600700,642.3,642.3,642.3,642.3,0
1748600705,642.3,642.3,642.3,642.3,0
1748600710,642.3,642.3,642.3,642.3,0
1748600715,642.3,642.3,642.3,642.3,0
1748600720,642.3,642.3,642.3,642.3,0
1748600725,642.3,642.3,642.3,642.3,0
1748600730,642.3,642.3,642.3,642.3,0
1748600735,642.3,642.3,642.3,642.3,0
1748600740,642.3,642.3,642.3,642.3,0
1748600745,642.3,642.3,642.3,642.3,0
1748600750,642.3,642.3,642.3,642.3,0
1748600755,642.3,642.3,642.3,642.3,0
1748600760,642.3,642.3,642.3,642.3,0
1748600765,642.3,642.3,642.3,642.3,0
1748600770,642.3,642.3,642.3,642.3,0
1748600775,642.3,642.3,642.3,642.3,0
1748600780,642.3,642.3,642.3,642.3,0
1748600785,642.3,642.3,642.3,642.3,0
1748600790,642.3,642.3,642.3,642.3,0
1748600795,642.3,642.3,642.3,642.3,0
1748600800,642.3,642.3,642.3,642.3,0
1748600805,642.3,642.3,642.3,642.3,0
1748600810,642.3,642.3,642.3,642.3,0
1748600815,642.3,642.3,642.3,642.3,0
1748600820,642.3,642.3,642.3,642.3,0
1748600825,642.3,642.3,642.3,642.3,0
1748600830,642.3,642.3,642.3,642.3,0
1748600835,642.3,642.3,642.3,642.3,0
1748600840,642.3,642.3,642.3,642.3,0
1748600845,642.3,642.3,642.3,642.3,0
1748600850,642.3,642.3,642.3,642.3,0
1748600855,642.3,642.3,642.3,642.3,0
1748600860,642.3,642.3,642.3,642.3,0
1748600865,642.3,642.3,642.3,642.3,0
1748600870,642.3,642.3,642.3,642.3,0
1748600875,642.3,642.3,642.3,642.3,0
1748600880,642.3,642.3,642.3,642.3,0
1748600885,642.3,642.3,642.3,642.3,0
1748600890,642.3,642.3,642.3,642.3,0
1748600895,642.3,642.3,642.3,642.3,0
1748600900,642.3,642.3,642.3,642.3,0
1748600905,642.3,642.3,642.3,642.3,0
1748600910,642.3,642.3,642.3,642.3,0
1748600915,642.3,642.3,642.3,642.3,0
1748600920,642.3,642.3,642.3,642.3,0
1748600925,642.3,642.3,642.3,642.3,0
1748600930,642.3,642.3,642.3,642.3,0
1748600935,642.3,642.3,642.3,642.3,0
1748600940,642.3,642.3,642.3,642.3,0
1748600945,642.3,642.3,642.3,642.3,0
1748600950,642.3,642.3,642.3,642.3,0
1748600955,642.3,642.3,642.3,642.3,0
1748600960,642.3,642.3,642.3,642.3,0
1748600965,642.3,642.3,642.3,642.3,0
1748600970,642.3,642.3,642.3,642.3,0
1748600975,642.3,642.3,642.3,642.3,0
1748600980,642.3,642.3,642.3,642.3,0
1748600985,642.3,642.3,642.3,642.3,0
1748600990,642.3,642.3,642.3,642.3,0
1748600995,642.3,642.3,642.3,642.3,0
1748601000,642.3,642.3,642.3,642.3,0
1748601005,642.3,642.3,642.3,642.3,0
1748601010,642.3,642.3,642.3,642.3,0
1748601015,642.3,642.3,642.3,642.3,0
1748601020,642.3,642.3,642.3,642.3,0
1748601025,642.3,642.3,642.3,642.3,0
1748601030,642.3,642.3,642.3,642.3,0
1748601035,642.3,642.3,642.3,642.3,0
1748601040,642.3,642.3,642.3,642.3,0
1748601045,642.3,642.3,642.3,642.3,0
1748601050,642.3,642.3,642.3,642.3,0
1748601055,642.3,642.3,642.3,642.3,0
1748601060,642.3,642.3,642.3,642.3,0
1748601065,642.3,642.3,642.3,642.3,0
1748601070,642.3,642.3,642.3,642.3,0
1748601075,642.3,642.3,642.3,642.3,0
1748601080,642.3,642.3,642.3,642.3,0
1748601085,642.3,642.3,642.3,642.3,0
1748601090,642.3,642.3,642.3,642.3,0
1748601095,642.3,642.3,642.3,642.3,0
1748601100,642.3,642.3,642.3,642.3,0
1748601105,642.3,642.3,642.3,642.3,0
1748601110,642.3,642.3,642.3,642.3,0
1748601115,642.3,642.3,642.3,642.3,0
1748601120,642.3,642.3,642.3,642.3,0
1748601125,642.3,642.3,642.3,642.3,0
1748601130,642.3,642.3,642.3,642.3,0
1748601135,642.3,642.3,642.3,642.3,0
1748601140,642.3,642.3,642.3,642.3,0
1748601145,642.3,642.3,642.3,642.3,0
1748601150,642.3,642.3,642.3,642.3,0
1748601155,642.3,642.3,642.3,642.3,0
1748601160,642.3,642.3,642.3,642.3,0
1748601165,642.3,642.3,642.3,642.3,0
1748601170,642.3,642.3,642.3,642.3,0
1748601175,642.3,642.3,642.3,642.3,0
1748601180,642.3,642.3,642.3,642.3,0
1748601185,642.3,642.3,642.3,642.3,0
1748601190,642.3,642.3,642.3,642.3,0
1748601195,642.3,642.3,642.3,642.3,0
1748601200,642.3,642.3,642.3,642.3,0
1748601205,642.3,642.3,642.3,642.3,0
1748601210,642.3,642.3,642.3,642.3,0
1748601215,642.3,642.3,642.3,642.3,0
1748601220,642.3,642.3,642.3,642.3,0
1748601225,642.3,642.3,642.3,642.3,0
1748601230,642.3,642.3,642.3,642.3,0
1748601235,642.3,642.3,642.3,642.3,0
1748601240,642.3,642.3,642.3,642.3,0
1748601245,642.3,642.3,642.3,642.3,0
1748601250,642.3,642.3,642.3,642.3,0
1748601255,642.3,642.3,642.3,642.3,0
1748601260,642.3,642.3,642.3,642.3,0
1748601265,642.3,642.3,642.3,642.3,0
1748601270,642.3,642.3,642.3,642.3,0
1748601275,642.3,642.3,642.3,642.3,0
1748601280,642.3,642.3,642.3,642.3,0
1748601285,642.3,642.3,642.3,642.3,0
1748601290,642.3,642.3,642.3,642.3,0
1748601295,642.3,642.3,642.3,642.3,0
1748601300,642.3,642.3,642.3,642.3,0
1748601305,642.3,642.3,642.3,642.3,0
1748601310,642.3,642.3,642.3,642.3,0
1748601315,642.3,642.3,642.3,642.3,0
1748601320,642.3,642.3,642.3,642.3,0
1748601325,642.3,642.3,642.3,642.3,0
1748601330,642.3,642.3,642.3,642.3,0
1748601335,642.3,642.3,642.3,642.3,0
1748601340,642.3,642.3,642.3,642.3,0
1748601345,642.3,642.3,642.3,642.3,0
1748601350,642.3,642.3,642.3,642.3,0
1748601355,642.3,642.3,642.3,642.3,0
1748601360,642.3,642.3,642.3,642.3,0
1748601365,642.3,642.3,642.3,642.3,0
1748601370,642.3,642.3,642.3,642.3,0
1748601375,642.3,642.3,642.3,642.3,0
1748601380,642.3,642.3,642.3,642.3,0
1748601385,642.3,642.3,642.3,642.3,0
1748601390,642.3,642.3,642.3,642.3,0
1748601395,642.3,642.3,642.3,642.3,0
1748601400,642.3,642.3,642.3,642.3,0
1748601405,642.3,642.3,642.3,642.3,0
1748601410,642.3,642.3,642.3,642.3,0
1748601415,642.3,642.3,642.3,642.3,0
1748601420,642.3,642.3,642.3,642.3,0
1748601425,642.3,642.3,642.3,642.3,0
1748601430,642.3,642.3,642.3,642.3,0
1748601435,642.3,642.3,642.3,642.3,0
1748601440,642.3,642.3,642.3,642.3,0
1748601445,642.3,642.3,642.3,642.3,0
1748601450,642.3,642.3,642.3,642.3,0
1748601455,642.3,642.3,642.3,642.3,0
1748601460,642.3,642.3,642.3,642.3,0
1748601465,642.3,642.3,642.3,642.3,0
1748601470,642.3,642.3,642.3,642.3,0
1748601475,642.3,642.3,642.3,642.3,0
1748601480,642.3,642.3,642.3,642.3,0
1748601485,642.3,642.3,642.3,642.3,0
1748601490,642.3,642.3,642.3,642.3,0
1748601495,642.3,642.3,642.3,642.3,0
1748601500,642.3,642.3,642.3,642.3,0
1748601505,642.3,642.3,642.3,642.3,0
1748601510,642.3,642.3,642.3,642.3,0
1748601515,642.3,642.3,642.3,642.3,0
1748601520,642.3,642.3,642.3,642.3,0
1748601525,642.3,642.3,642.3,642.3,0
1748601530,642.3,642.3,642.3,642.3,0
1748601535,642.3,642.3,642.3,642.3,0
1748601540,642.3,642.3,642.3,642.3,0
1748601545,642.3,642.3,642.3,642.3,0
1748601550,642.3,642.3,642.3,642.3,0
1748601555,642.3,642.3,642.3,642.3,0
1748601560,642.3,642.3,642.3,642.3,0
1748601565,642.3,642.3,642.3,642.3,0
1748601570,642.3,642.3,642.3,642.3,0
1748601575,642.3,642.3,642.3,642.3,0
1748601580,642.3,642.3,642.3,642.3,0
1748601585,642.3,642.3,642.3,642.3,0
1748601590,642.3,642.3,642.3,642.3,0
1748601595,642.3,642.3,642.3,642.3,0
1748601600,642.3,642.3,642.3,642.3,0
1748601605,642.3,642.3,642.3,642.3,0
1748601610,642.3,642.3,642.3,642.3,0
1748601615,642.3,642.3,642.3,642.3,0
1748601620,642.3,642.3,642.3,642.3,0
1748601625,642.3,642.3,642.3,642.3,0
1748601630,642.3,642.3,642.3,642.3,0
1748601635,642.3,642.3,642.3,642.3,0
1748601640,642.3,642.3,642.3,642.3,0
1748601645,642.3,642.3,642.3,642.3,0
1748601650,642.3,642.3,642.3,642.3,0
1748601655,642.3,642.3,642.3,642.3,0
1748601660,642.3,642.3,642.3,642.3,0
1748601665,642.3,642.3,642.3,642.3,0
1748601670,642.3,642.3,642.3,642.3,0
1748601675,642.3,642.3,642.3,642.3,0
1748601680,642.3,642.3,642.3,642.3,0
1748601685,642.3,642.3,642.3,642.3,0
1748601690,642.3,642.3,642.3,642.3,0
1748601695,642.3,642.3,642.3,642.3,0
1748601700,642.3,642.3,642.3,642.3,0
1748601705,642.3,642.3,642.3,642.3,0
1748601710,642.3,642.3,642.3,642.3,0
1748601715,642.3,642.3,642.3,642.3,0
1748601720,642.3,642.3,642.3,642.3,0
1748601725,642.3,642.3,642.3,642.3,0
1748601730,642.3,642.3,642.3,642.3,0
1748601735,642.3,642.3,642.3,642.3,0
1748601740,642.3,642.3,642.3,642.3,0
1748601745,642.3,642.3,642.3,642.3,0
1748601750,642.3,642.3,642.3,642.3,0
1748601755,642.3,642.3,642.3,642.3,0
1748601760,642.3,642.3,642.3,642.3,0
1748601765,642.3,642.3,642.3,642.3,0
1748601770,642.3,642.3,642.3,642.3,0
1748601775,642.3,642.3,642.3,642.3,0
1748601780,642.3,642.3,642.3,642.3,0
1748601785,642.3,642.3,642.3,642.3,0
1748601790,642.3,642.3,642.3,642.3,0
1748601795,642.3,642.3,642.3,642.3,0
1748601800,642.3,642.3,642.3,642.3,0
1748601805,642.3,642.3,642.3,642.3,0
1748601810,642.3,642.3,642.3,642.3,0
1748601815,642.3,642.3,642.3,642.3,0
1748601820,642.3,642.3,642.3,642.3,0
1748601825,642.3,642.3,642.3,642.3,0
1748601830,642.3,642.3,642.3,642.3,0
1748601835,642.3,642.3,642.3,642.3,0
1748601840,642.3,642.3,642.3,642.3,0
1748601845,642.3,642.3,642.3,642.3,0
1748601850,642.3,642.3,642.3,642.3,0
1748601855,642.3,642.3,642.3,642.3,0
1748601860,642.3,642.3,642.3,642.3,0
1748601865,642.3,642.3,642.3,642.3,0
1748601870,642.3,642.3,642.3,642.3,0
1748601875,642.3,642.3,642.3,642.3,0
1748601880,642.3,642.3,642.3,642.3,0
1748601885,642.3,642.3,642.3,642.3,0
1748601890,642.3,642.3,642.3,642.3,0
1748601895,642.3,642.3,642.3,642.3,0
1748601900,642.3,642.3,642.3,642.3,0
1748601905,642.3,642.3,642.3,642.3,0
1748601910,642.3,642.3,642.3,642.3,0
1748601915,642.3,642.3,642.3,642.3,0
1748601920,642.3,642.3,642.3,642.3,0
1748601925,642.3,642.3,642.3,642.3,0
1748601930,642.3,642.3,642.3,642.3,0
1748601935,642.3,642.3,642.3,642.3,0
1748601940,642.3,642.3,642.3,642.3,0
1748601945,642.3,642.3,642.3,642.3,0
1748601950,642.3,642.3,642.3,642.3,0
1748601955,642.3,642.3,642.3,642.3,0
1748601960,642.3,642.3,642.3,642.3,0
1748601965,642.3,642.3,642.3,642.3,0
1748601970,642.3,642.3,642.3,642.3,0
1748601975,642.3,642.3,642.3,642.3,0
1748601980,642.3,642.3,642.3,642.3,0
1748601985,642.3,642.3,642.3,642.3,0
1748601990,642.3,642.3,642.3,642.3,0
1748601995,642.3,642.3,642.3,642.3,0
1748602000,642.3,642.3,642.3,642.3,0
1748602005,642.3,642.3,642.3,642.3,0
1748602010,642.3,642.3,642.3,642.3,0
1748602015,642.3,642.3,642.3,642.3,0
1748602020,642.3,642.3,642.3,642.3,0
1748602025,642.3,642.3,642.3,642.3,0
1748602030,642.3,642.3,642.3,642.3,0
1748602035,642.3,642.3,642.3,642.3,0
1748602040,642.3,642.3,642.3,642.3,0
1748602045,642.3,642.3,642.3,642.3,0
1748602050,642.3,642.3,642.3,642.3,0
1748602055,642.3,642.3,642.3,642.3,0
1748602060,642.3,642.3,642.3,642.3,0
1748602065,642.3,642.3,642.3,642.3,0
1748602070,642.3,642.3,642.3,642.3,0
1748602075,642.3,642.3,642.3,642.3,0
1748602080,642.3,642.3,642.3,642.3,0
1748602085,642.3,642.3,642.3,642.3,0
1748602090,642.3,642.3,642.3,642.3,0
1748602095,642.3,642.3,642.3,642.3,0
1748602100,642.3,642.3,642.3,642.3,0
1748602105,642.3,642.3,642.3,642.3,0
1748602110,642.3,642.3,642.3,642.3,0
1748602115,642.3,642.3,642.3,642.3,0
1748602120,642.3,642.3,642.3,642.3,0
1748602125,642.3,642.3,642.3,642.3,0
1748602130,642.3,642.3,642.3,642.3,0
1748602135,642.3,642.3,642.3,642.3,0
1748602140,642.3,642.3,642.3,642.3,0
1748602145,642.3,642.3,642.3,642.3,0
1748602150,642.3,642.3,642.3,642.3,0
1748602155,642.3,642.3,642.3,642.3,0
1748602160,642.3,642.3,642.3,642.3,0
1748602165,642.3,642.3,642.3,642.3,0
1748602170,642.3,642.3,642.3,642.3,0
1748602175,642.3,642.3,642.3,642.3,0
1748602180,642.3,642.3,642.3,642.3,0
1748602185,642.3,642.3,642.3,642.3,0
1748602190,642.3,642.3,642.3,642.3,0
1748602195,642.3,642.3,642.3,642.3,0
1748602200,642.3,642.3,642.3,642.3,0
1748602205,642.3,642.3,642.3,642.3,0
1748602210,642.3,642.3,642.3,642.3,0
1748602215,642.3,642.3,642.3,642.3,0
1748602220,642.3,642.3,642.3,642.3,0
1748602225,642.3,642.3,642.3,642.3,0
1748602230,642.3,642.3,642.3,642.3,0
1748602235,642.3,642.3,642.3,642.3,0
1748602240,642.3,642.3,642.3,642.3,0
1748602245,642.3,642.3,642.3,642.3,0
1748602250,642.3,642.3,642.3,642.3,0
1748602255,642.3,642.3,642.3,642.3,0
1748602260,642.3,642.3,642.3,642.3,0
1748602265,642.3,642.3,642.3,642.3,0
1748602270,642.3,642.3,642.3,642.3,0
1748602275,642.3,642.3,642.3,642.3,0
1748602280,642.3,642.3,642.3,642.3,0
1748602285,642.3,642.3,642.3,642.3,0
1748602290,642.3,642.3,642.3,642.3,0
1748602295,642.3,642.3,642.3,642.3,0
1748602300,642.3,642.3,642.3,642.3,0
1748602305,642.3,642.3,642.3,642.3,0
1748602310,642.3,642.3,642.3,642.3,0
1748602315,642.3,642.3,642.3,642.3,0
1748602320,642.3,642.3,642.3,642.3,0
1748602325,642.3,642.3,642.3,642.3,0
1748602330,642.3,642.3,642.3,642.3,0
1748602335,642.3,642.3,642.3,642.3,0
1748602340,642.3,642.3,642.3,642.3,0
1748602345,642.3,642.3,642.3,642.3,0
1748602350,642.3,642.3,642.3,642.3,0
1748602355,642.3,642.3,642.3,642.3,0
1748602360,642.3,642.3,642.3,642.3,0
1748602365,642.3,642.3,642.3,642.3,0
1748602370,642.3,642.3,642.3,642.3,0
1748602375,642.3,642.3,642.3,642.3,0
1748602380,642.3,642.3,642.3,642.3,0
1748602385,642.3,642.3,642.3,642.3,0
1748602390,642.3,642.3,642.3,642.3,0
1748602395,642.3,642.3,642.3,642.3,0
1748602400,642.3,642.3,642.3,642.3,0
1748602405,642.3,642.3,642.3,642.3,0
1748602410,642.3,642.3,642.3,642.3,0
1748602415,642.3,642.3,642.3,642.3,0
1748602420,642.3,642.3,642.3,642.3,0
1748602425,642.3,642.3,642.3,642.3,0
1748602430,642.3,642.3,642.3,642.3,0
1748602435,642.3,642.3,642.3,642.3,0
1748602440,642.3,642.3,642.3,642.3,0
1748602445,642.3,642.3,642.3,642.3,0
1748602450,642.3,642.3,642.3,642.3,0
1748602455,642.3,642.3,642.3,642.3,0
1748602460,642.3,642.3,642.3,642.3,0
1748602465,642.3,642.3,642.3,642.3,0
1748602470,642.3,642.3,642.3,642.3,0
1748602475,642.3,642.3,642.3,642.3,0
1748602480,642.3,642.3,642.3,642.3,0
1748602485,642.3,642.3,642.3,642.3,0
1748602490,642.3,642.3,642.3,642.3,0
1748602495,642.3,642.3,642.3,642.3,0
1748602500,642.3,642.3,642.3,642.3,0
1748602505,642.3,642.3,642.3,642.3,0
1748602510,642.3,642.3,642.3,642.3,0
1748602515,642.3,642.3,642.3,642.3,0
1748602520,642.3,642.3,642.3,642.3,0
1748602525,642.3,642.3,642.3,642.3,0
1748602530,642.3,642.3,642.3,642.3,0
1748602535,642.3,642.3,642.3,642.3,0
1748602540,642.3,642.3,642.3,642.3,0
1748602545,642.3,642.3,642.3,642.3,0
1748602550,642.3,642.3,642.3,642.3,0
1748602555,642.3,642.3,642.3,642.3,0
1748602560,642.3,642.3,642.3,642.3,0
1748602565,642.3,642.3,642.3,642.3,0
1748602570,642.3,642.3,642.3,642.3,0
1748602575,642.3,642.3,642.3,642.3,0
1748602580,642.3,642.3,642.3,642.3,0
1748602585,642.3,642.3,642.3,642.3,0
1748602590,642.3,642.3,642.3,642.3,0
1748602595,642.3,642.3,642.3,642.3,0
1748602600,642.3,642.3,642.3,642.3,0
1748602605,642.3,642.3,642.3,642.3,0
1748602610,642.3,642.3,642.3,642.3,0
1748602615,642.3,642.3,642.3,642.3,0
1748602620,642.3,642.3,642.3,642.3,0
1748602625,642.3,642.3,642.3,642.3,0
1748602630,642.3,642.3,642.3,642.3,0
1748602635,642.3,642.3,642.3,642.3,0
1748602640,642.3,642.3,642.3,642.3,0
1748602645,642.3,642.3,642.3,642.3,0
1748602650,642.3,642.3,642.3,642.3,0
1748602655,642.3,642.3,642.3,642.3,0
1748602660,642.3,642.3,642.3,642.3,0
1748602665,642.3,642.3,642.3,642.3,0
1748602670,642.3,642.3,642.3,642.3,0
1748602675,642.3,642.3,642.3,642.3,0
1748602680,642.3,642.3,642.3,642.3,0
1748602685,642.3,642.3,642.3,642.3,0
1748602690,642.3,642.3,642.3,642.3,0
1748602695,642.3,642.3,642.3,642.3,0
1748602700,642.3,642.3,642.3,642.3,0
1748602705,642.3,642.3,642.3,642.3,0
1748602710,642.3,642.3,642.3,642.3,0
1748602715,642.3,642.3,642.3,642.3,0
1748602720,642.3,642.3,642.3,642.3,0
1748602725,642.3,642.3,642.3,642.3,0
1748602730,642.3,642.3,642.3,642.3,0
1748602735,642.3,642.3,642.3,642.3,0
1748602740,642.3,642.3,642.3,642.3,0
1748602745,642.3,642.3,642.3,642.3,0
1748602750,642.3,642.3,642.3,642.3,0
1748602755,642.3,642.3,642.3,642.3,0
1748602760,642.3,642.3,642.3,642.3,0
1748602765,642.3,642.3,642.3,642.3,0
1748602770,642.3,642.3,642.3,642.3,0
1748602775,642.3,642.3,642.3,642.3,0
1748602780,642.3,642.3,642.3,642.3,0
1748602785,642.3,642.3,642.3,642.3,0
1748602790,642.3,642.3,642.3,642.3,0
1748602795,642.3,642.3,642.3,642.3,0
1748602800,642.3,642.3,642.3,642.3,0
1748602805,642.3,642.3,642.3,642.3,0
1748602810,642.3,642.3,642.3,642.3,0
1748602815,642.3,642.3,642.3,642.3,0
1748602820,642.3,642.3,642.3,642.3,0
1748602825,642.3,642.3,642.3,642.3,0
1748602830,642.3,642.3,642.3,642.3,0
1748602835,642.3,642.3,642.3,642.3,0
1748602840,642.3,642.3,642.3,642.3,0
1748602845,642.3,642.3,642.3,642.3,0
1748602850,642.3,642.3,642.3,642.3,0
1748602855,642.3,642.3,642.3,642.3,0
1748602860,642.3,642.3,642.3,642.3,0
1748602865,642.3,642.3,642.3,642.3,0
1748602870,643.3,643.3,643.3,643.3,2
1748602875,643.3,643.3,643.3,643.3,0
1748602880,643.3,643.3,643.3,643.3,0
1748602885,643.3,643.3,643.3,643.3,0
1748602890,643.3,643.3,643.3,643.3,0
1748602895,643.3,643.3,643.3,643.3,0
1748602900,643.3,643.3,643.3,643.3,0
1748602905,643.3,643.3,643.3,643.3,0
1748602910,643.3,643.3,643.3,643.3,0
1748602915,643.3,643.3,643.3,643.3,0
1748602920,643.3,643.3,643.3,643.3,0
1748602925,643.3,643.3,643.3,643.3,0
1748602930,643.3,643.3,643.3,643.3,0
1748602935,643.3,643.3,643.3,643.3,0
1748602940,643.3,643.3,643.3,643.3,0
1748602945,643.3,643.3,643.3,643.3,0
1748602950,643.3,643.3,643.3,643.3,0
1748602955,643.3,643.3,643.3,643.3,0
1748602960,643.3,643.3,643.3,643.3,0
1748602965,643.3,643.3,643.3,643.3,0
1748602970,643.3,643.3,643.3,643.3,0
1748602975,643.3,643.3,643.3,643.3,0
1748602980,643.3,643.3,643.3,643.3,0
1748602985,643.3,643.3,643.3,643.3,0
1748602990,643.3,643.3,643.3,643.3,0
1748602995,643.3,643.3,643.3,643.3,0
1748603000,643.3,643.3,643.3,643.3,0
1748603005,643.3,643.3,643.3,643.3,0
1748603010,643.3,643.3,643.3,643.3,0
1748603015,643.3,643.3,643.3,643.3,0
1748603020,643.3,643.3,643.3,643.3,0
1748603025,643.3,643.3,643.3,643.3,0
1748603030,643.3,643.3,643.3,643.3,0
1748603035,643.3,643.3,643.3,643.3,0
1748603040,643.3,643.3,643.3,643.3,0
1748603045,643.3,643.3,643.3,643.3,0
1748603050,643.3,643.3,643.3,643.3,0
1748603055,643.3,643.3,643.3,643.3,0
1748603060,643.3,643.3,643.3,643.3,0
1748603065,643.3,643.3,643.3,643.3,0
1748603070,643.3,643.3,643.3,643.3,0
1748603075,643.3,643.3,643.3,643.3,0
1748603080,643.7,643.7,643.7,643.7,2
1748603085,643.7,643.7,643.7,643.7,0
1748603090,643.7,643.7,643.7,643.7,0
1748603095,643.7,643.7,643.7,643.7,0
1748603100,643.7,643.7,643.7,643.7,0
1748603105,643.7,643.7,643.7,643.7,0
1748603110,643.7,643.7,643.7,643.7,0
1748603115,643.7,643.7,643.7,643.7,0
1748603120,643.7,643.7,643.7,643.7,0
1748603125,643.7,643.7,643.7,643.7,0
1748603130,643.7,643.7,643.7,643.7,0
1748603135,643.7,643.7,643.7,643.7,0
1748603140,643.7,643.7,643.7,643.7,0
1748603145,643.7,643.7,643.7,643.7,0
1748603150,643.7,643.7,643.7,643.7,0
1748603155,643.7,643.7,643.7,643.7,0
1748603160,643.7,643.7,643.7,643.7,0
1748603165,643.7,643.7,643.7,643.7,0
1748603170,643.7,643.7,643.7,643.7,0
1748603175,643.7,643.7,643.7,643.7,0
1748603180,643.7,643.7,643.7,643.7,0
1748603185,643.7,643.7,643.7,643.7,0
1748603190,644.04,644.04,644.04,644.04,2
1748603195,644.04,644.04,644.04,644.04,0
1748603200,644.04,644.04,644.04,644.04,0
1748603205,644.04,644.04,644.04,644.04,0
1748603210,644.04,644.04,644.04,644.04,0
1748603215,644.04,644.04,644.04,644.04,0
1748603220,644.04,644.04,644.04,644.04,0
1748603225,644.04,644.04,644.04,644.04,0
1748603230,644.04,644.04,644.04,644.04,0
1748603235,644.04,644.04,644.04,644.04,0
1748603240,644.04,644.04,644.04,644.04,0
1748603245,644.04,644.04,644.04,644.04,0
1748603250,644.04,644.04,644.04,644.04,0
1748603255,644.04,644.04,644.04,644.04,0
1748603260,644.04,644.04,644.04,644.04,0
1748603265,644.04,644.04,644.04,644.04,0
1748603270,644.04,644.04,644.04,644.04,0
1748603275,644.04,644.04,644.04,644.04,0
1748603280,644.04,644.04,644.04,644.04,0
1748603285,644.04,644.04,644.04,644.04,0
1748603290,644.04,644.04,644.04,644.04,0
1748603295,644.04,644.04,644.04,644.04,0
1748603300,644.04,644.04,644.04,644.04,0
1748603305,644.04,644.04,644.04,644.04,0
1748603310,644.04,644.04,644.04,644.04,0
1748603315,644.04,644.04,644.04,644.04,0
1748603320,644.04,644.04,644.04,644.04,0
1748603325,644.04,644.04,644.04,644.04,0
1748603330,644.38,645.0,644.38,645.0,23
1748603335,645.0,645.0,645.0,645.0,0
1748603340,645.0,645.0,645.0,645.0,0
1748603345,645.0,645.0,645.0,645.0,0
1748603350,645.0,645.0,645.0,645.0,0
1748603355,645.0,645.0,645.0,645.0,0
1748603360,645.0,645.0,645.0,645.0,0
1748603365,645.0,645.0,645.0,645.0,0
1748603370,645.0,645.0,645.0,645.0,0
1748603375,645.0,645.0,645.0,645.0,0
1748603380,645.0,645.0,645.0,645.0,0
1748603385,645.0,645.0,645.0,645.0,0
1748603390,645.0,645.0,645.0,645.0,0
1748603395,645.0,645.0,645.0,645.0,0
1748603400,645.0,645.0,645.0,645.0,0
1748603405,645.0,645.0,645.0,645.0,0
1748603410,645.0,645.0,645.0,645.0,0
1748603415,645.0,645.0,645.0,645.0,0
1748603420,645.0,645.0,645.0,645.0,0
1748603425,644.68,644.68,644.68,644.68,7
1748603430,644.68,644.68,644.68,644.68,0
1748603435,644.68,644.68,644.68,644.68,0
1748603440,644.68,644.68,644.68,644.68,0
1748603445,644.68,644.68,644.68,644.68,0
1748603450,644.68,644.68,644.68,644.68,0
1748603455,644.68,644.68,644.68,644.68,0
1748603460,644.68,644.68,644.68,644.68,0
1748603465,644.68,644.68,644.68,644.68,0
1748603470,644.68,644.68,644.68,644.68,0
1748603475,644.68,644.68,644.68,644.68,0
1748603480,644.68,644.68,644.68,644.68,0
1748603485,644.68,644.68,644.68,644.68,0
1748603490,644.68,644.68,644.68,644.68,0
1748603495,644.68,644.68,644.68,644.68,0
1748603500,644.68,644.68,644.68,644.68,0
1748603505,644.68,644.68,644.68,644.68,0
1748603510,644.68,644.68,644.68,644.68,0
1748603515,644.68,644.68,644.68,644.68,0
1748603520,644.68,644.68,644.68,644.68,0
1748603525,644.68,644.68,644.68,644.68,0
1748603530,644.68,644.68,644.68,644.68,0
1748603535,644.68,644.68,644.68,644.68,0
1748603540,644.68,644.68,644.68,644.68,0
1748603545,644.68,644.68,644.68,644.68,0
1748603550,644.68,644.68,644.68,644.68,0
1748603555,644.68,644.68,644.68,644.68,0
1748603560,644.68,644.68,644.68,644.68,0
1748603565,644.68,644.68,644.68,644.68,0
1748603570,644.68,644.68,644.68,644.68,0
1748603575,644.68,644.68,644.68,644.68,0
1748603580,644.68,644.68,644.68,644.68,0
1748603585,644.68,644.68,644.68,644.68,0
1748603590,644.68,644.68,644.68,644.68,0
1748603595,644.68,644.68,644.68,644.68,0
1748603600,644.68,644.68,644.68,644.68,0
1748603605,644.68,644.68,644.68,644.68,0
1748603610,644.68,644.68,644.68,644.68,0
1748603615,644.68,644.68,644.68,644.68,0
1748603620,644.68,644.68,644.68,644.68,0
1748603625,644.68,644.68,644.68,644.68,0
1748603630,645.0,645.0,644.99,644.99,8
1748603635,644.99,644.99,644.99,644.99,0
1748603640,644.99,644.99,644.99,644.99,0
1748603645,644.99,644.99,644.99,644.99,0
1748603650,644.99,644.99,644.99,644.99,0
1748603655,644.99,644.99,644.99,644.99,0
1748603660,644.99,644.99,644.99,644.99,0
1748603665,644.99,644.99,644.99,644.99,0
1748603670,644.99,644.99,644.99,644.99,0
1748603675,644.99,644.99,644.99,644.99,0
1748603680,644.99,644.99,644.99,644.99,0
1748603685,644.99,644.99,644.99,644.99,0
1748603690,644.99,644.99,644.99,644.99,0
1748603695,644.99,644.99,644.99,644.99,0
1748603700,644.99,644.99,644.99,644.99,0
1748603705,644.99,644.99,644.99,644.99,0
1748603710,644.99,644.99,644.99,644.99,0
1748603715,644.99,644.99,644.99,644.99,0
1748603720,644.99,644.99,644.99,644.99,0
1748603725,644.99,644.99,644.99,644.99,0
1748603730,644.99,644.99,644.99,644.99,0
1748603735,644.99,644.99,644.99,644.99,0
1748603740,644.68,644.69,644.68,644.69,7
1748603745,644.69,644.69,644.69,644.69,0
1748603750,644.69,644.69,644.69,644.69,0
1748603755,644.68,644.68,644.68,644.68,10
1748603760,644.68,644.68,644.68,644.68,0
1748603765,644.68,644.68,644.68,644.68,0
1748603770,644.68,644.68,644.68,644.68,0
1748603775,644.68,644.68,644.68,644.68,0
1748603780,644.68,644.68,644.68,644.68,0
1748603785,644.68,644.68,644.68,644.68,0
1748603790,644.68,644.68,644.68,644.68,0
1748603795,644.68,644.68,644.68,644.68,0
1748603800,644.68,644.68,644.68,644.68,0
1748603805,644.68,644.68,644.68,644.68,0
1748603810,644.68,644.68,644.68,644.68,0
1748603815,644.68,644.68,644.68,644.68,0
1748603820,644.68,644.68,644.68,644.68,0
1748603825,644.68,644.68,644.68,644.68,0
1748603830,644.68,644.68,644.68,644.68,0
1748603835,644.68,644.68,644.68,644.68,0
1748603840,644.68,644.68,644.68,644.68,0
1748603845,644.68,644.68,644.68,644.68,0
1748603850,644.68,644.68,644.68,644.68,0
1748603855,644.68,644.68,644.68,644.68,0
1748603860,644.68,644.68,644.68,644.68,0
1748603865,644.68,644.68,644.68,644.68,0
1748603870,644.68,644.68,644.68,644.68,0
1748603875,644.68,644.68,644.68,644.68,0
1748603880,644.68,644.68,644.68,644.68,0
1748603885,644.68,644.68,644.68,644.68,0
1748603890,644.68,644.68,644.68,644.68,0
1748603895,644.68,644.68,644.68,644.68,0
1748603900,644.68,644.68,644.68,644.68,0
1748603905,644.68,644.68,644.68,644.68,0
1748603910,644.68,644.68,644.68,644.68,0
1748603915,644.68,644.68,644.68,644.68,0
1748603920,644.68,644.68,644.68,644.68,0
1748603925,644.68,644.68,644.68,644.68,0
1748603930,644.68,644.68,644.68,644.68,0
1748603935,644.68,644.68,644.68,644.68,0
1748603940,644.68,644.68,644.68,644.68,0
1748603945,644.68,644.68,644.68,644.68,0
1748603950,644.68,644.68,644.68,644.68,0
1748603955,644.68,644.68,644.68,644.68,0
1748603960,644.68,644.68,644.68,644.68,0
1748603965,644.68,644.68,644.68,644.68,0
1748603970,644.68,644.68,644.68,644.68,0
1748603975,644.68,644.68,644.68,644.68,0
1748603980,644.68,644.68,644.68,644.68,0
1748603985,644.68,644.68,644.68,644.68,0
1748603990,644.68,644.68,644.68,644.68,0
1748603995,644.68,644.68,644.68,644.68,0
1748604000,644.68,644.68,644.68,644.68,0
1748604005,644.68,644.68,644.68,644.68,0
1748604010,645.0,645.0,645.0,645.0,2
1748604015,645.0,645.0,645.0,645.0,0
1748604020,645.0,645.0,645.0,645.0,0
1748604025,645.0,645.0,645.0,645.0,0
1748604030,645.0,645.0,645.0,645.0,0
1748604035,645.0,645.0,645.0,645.0,0
1748604040,645.0,645.0,645.0,645.0,0
1748604045,645.0,645.0,645.0,645.0,0
1748604050,645.0,645.0,645.0,645.0,0
1748604055,645.0,645.0,645.0,645.0,0
1748604060,645.0,645.0,645.0,645.0,0
1748604065,645.0,645.0,645.0,645.0,0
1748604070,645.0,645.0,645.0,645.0,0
1748604075,645.0,645.0,645.0,645.0,0
1748604080,645.0,645.0,645.0,645.0,0
1748604085,645.0,645.0,645.0,645.0,0
1748604090,645.0,645.0,645.0,645.0,0
1748604095,645.0,645.0,645.0,645.0,0
1748604100,645.0,645.0,645.0,645.0,0
1748604105,645.0,645.0,645.0,645.0,0
1748604110,645.0,645.0,645.0,645.0,0
1748604115,645.0,645.0,645.0,645.0,0
1748604120,645.0,645.0,645.0,645.0,0
1748604125,645.0,645.0,645.0,645.0,0
1748604130,645.0,645.0,645.0,645.0,0
1748604135,645.0,645.0,645.0,645.0,0
1748604140,645.0,645.0,645.0,645.0,0
1748604145,645.0,645.0,645.0,645.0,0
1748604150,645.0,645.0,645.0,645.0,0
1748604155,645.0,645.0,645.0,645.0,0
1748604160,645.0,645.0,645.0,645.0,0
1748604165,645.0,645.0,645.0,645.0,0
1748604170,645.0,645.0,645.0,645.0,0
1748604175,645.0,645.0,645.0,645.0,0
1748604180,645.0,645.0,645.0,645.0,0
1748604185,645.0,645.0,645.0,645.0,0
1748604190,645.0,645.0,645.0,645.0,0
1748604195,645.0,645.0,645.0,645.0,0
1748604200,645.0,645.0,645.0,645.0,0
1748604205,645.0,645.0,645.0,645.0,0
1748604210,645.0,645.0,645.0,645.0,0
1748604215,645.0,645.0,645.0,645.0,0
1748604220,645.0,645.0,645.0,645.0,0
1748604225,645.0,645.0,645.0,645.0,0
1748604230,645.0,645.0,645.0,645.0,0
1748604235,645.0,645.0,645.0,645.0,0
1748604240,645.0,645.0,645.0,645.0,0
1748604245,645.0,645.0,645.0,645.0,0
1748604250,645.0,645.0,645.0,645.0,0
1748604255,645.0,645.0,645.0,645.0,0
1748604260,645.0,645.0,645.0,645.0,0
1748604265,645.0,645.0,645.0,645.0,0
1748604270,645.0,645.0,645.0,645.0,0
1748604275,645.0,645.0,645.0,645.0,0
1748604280,645.0,645.0,645.0,645.0,0
1748604285,645.0,645.0,645.0,645.0,0
1748604290,645.0,645.0,645.0,645.0,0
1748604295,645.0,645.0,645.0,645.0,0
1748604300,645.0,645.0,645.0,645.0,0
1748604305,645.0,645.0,645.0,645.0,0
1748604310,645.0,645.0,645.0,645.0,0
1748604315,645.0,645.0,645.0,645.0,0
1748604320,645.0,645.0,645.0,645.0,0
1748604325,645.0,645.0,645.0,645.0,0
1748604330,645.0,645.0,645.0,645.0,0
1748604335,645.0,645.0,645.0,645.0,0
1748604340,645.0,645.0,645.0,645.0,0
1748604345,645.0,645.0,645.0,645.0,0
1748604350,645.0,645.0,645.0,645.0,0
1748604355,645.0,645.0,645.0,645.0,0
1748604360,645.0,645.0,645.0,645.0,0
1748604365,645.0,645.0,645.0,645.0,0
1748604370,645.0,645.0,645.0,645.0,0
1748604375,645.0,645.0,645.0,645.0,0
1748604380,645.0,645.0,645.0,645.0,0
1748604385,645.0,645.0,645.0,645.0,0
1748604390,645.0,645.0,645.0,645.0,0
1748604395,645.0,645.0,645.0,645.0,0
1748604400,645.0,645.0,645.0,645.0,0
1748604405,645.0,645.0,645.0,645.0,0
1748604410,645.0,645.0,645.0,645.0,0
1748604415,645.0,645.0,645.0,645.0,0
1748604420,645.0,645.0,645.0,645.0,0
1748604425,645.0,645.0,645.0,645.0,0
1748604430,645.0,645.0,645.0,645.0,0
1748604435,645.0,645.0,645.0,645.0,0
1748604440,645.0,645.0,645.0,645.0,0
1748604445,645.0,645.0,645.0,645.0,0
1748604450,645.0,645.0,645.0,645.0,0
1748604455,645.0,645.0,645.0,645.0,0
1748604460,645.0,645.0,645.0,645.0,0
1748604465,645.0,645.0,645.0,645.0,0
1748604470,645.0,645.0,645.0,645.0,0
1748604475,645.0,645.0,645.0,645.0,0
1748604480,645.0,645.0,645.0,645.0,0
1748604485,645.0,645.0,645.0,645.0,0
1748604490,645.0,645.0,645.0,645.0,0
1748604495,645.0,645.0,645.0,645.0,0
1748604500,645.0,645.0,645.0,645.0,0
1748604505,645.0,645.0,645.0,645.0,0
1748604510,645.0,645.0,645.0,645.0,0
1748604515,645.0,645.0,645.0,645.0,0
1748604520,645.0,645.0,645.0,645.0,0
1748604525,645.0,645.0,645.0,645.0,0
1748604530,645.0,645.0,645.0,645.0,0
1748604535,645.0,645.0,645.0,645.0,0
1748604540,645.0,645.0,645.0,645.0,0
1748604545,645.0,645.0,645.0,645.0,0
1748604550,645.0,645.0,645.0,645.0,0
1748604555,645.0,645.0,645.0,645.0,0
1748604560,645.0,645.0,645.0,645.0,0
1748604565,645.0,645.0,645.0,645.0,0
1748604570,645.0,645.0,645.0,645.0,0
1748604575,645.0,645.0,645.0,645.0,0
1748604580,645.0,645.0,645.0,645.0,0
1748604585,645.0,645.0,645.0,645.0,0
1748604590,645.0,645.0,645.0,645.0,0
1748604595,645.0,645.0,645.0,645.0,0
1748604600,645.0,645.0,645.0,645.0,0
1748604605,645.0,645.0,645.0,645.0,0
1748604610,645.0,645.0,645.0,645.0,0
1748604615,645.0,645.0,645.0,645.0,0
1748604620,645.0,645.0,645.0,645.0,0
1748604625,645.0,645.0,645.0,645.0,0
1748604630,645.0,645.0,645.0,645.0,0
1748604635,645.0,645.0,645.0,645.0,0
1748604640,645.0,645.0,645.0,645.0,0
1748604645,645.0,645.0,645.0,645.0,0
1748604650,645.0,645.0,645.0,645.0,0
1748604655,645.0,645.0,645.0,645.0,0
1748604660,645.0,645.0,645.0,645.0,0
1748604665,645.0,645.0,645.0,645.0,0
1748604670,645.0,645.0,645.0,645.0,0
1748604675,645.0,645.0,645.0,645.0,0
1748604680,645.0,645.0,645.0,645.0,0
1748604685,645.0,645.0,645.0,645.0,0
1748604690,645.0,645.0,645.0,645.0,0
1748604695,645.0,645.0,645.0,645.0,0
1748604700,645.0,645.0,645.0,645.0,0
1748604705,645.0,645.0,645.0,645.0,0
1748604710,645.0,645.0,645.0,645.0,0
1748604715,645.0,645.0,645.0,645.0,0
1748604720,645.0,645.0,645.0,645.0,0
1748604725,645.0,645.0,645.0,645.0,0
1748604730,645.0,645.0,645.0,645.0,0
1748604735,645.0,645.0,645.0,645.0,0
1748604740,645.0,645.0,645.0,645.0,0
1748604745,645.0,645.0,645.0,645.0,0
1748604750,645.0,645.0,645.0,645.0,0
1748604755,645.0,645.0,645.0,645.0,0
1748604760,645.0,645.0,645.0,645.0,0
1748604765,645.0,645.0,645.0,645.0,0
1748604770,645.0,645.0,645.0,645.0,0
1748604775,645.0,645.0,645.0,645.0,0
1748604780,645.0,645.0,645.0,645.0,0
1748604785,645.0,645.0,645.0,645.0,0
1748604790,645.0,645.0,645.0,645.0,0
1748604795,645.0,645.0,645.0,645.0,0
1748604800,645.0,645.0,645.0,645.0,0
1748604805,645.0,645.0,645.0,645.0,0
1748604810,645.0,645.0,645.0,645.0,0
1748604815,645.0,645.0,645.0,645.0,0
1748604820,645.0,645.0,645.0,645.0,0
1748604825,645.0,645.0,645.0,645.0,0
1748604830,645.0,645.0,645.0,645.0,0
1748604835,645.0,645.0,645.0,645.0,0
1748604840,645.0,645.0,645.0,645.0,0
1748604845,645.0,645.0,645.0,645.0,0
1748604850,645.0,645.0,645.0,645.0,0
1748604855,645.0,645.0,645.0,645.0,0
1748604860,645.0,645.0,645.0,645.0,0
1748604865,645.0,645.0,645.0,645.0,0
1748604870,645.0,645.0,645.0,645.0,0
1748604875,645.0,645.0,645.0,645.0,0
1748604880,645.0,645.0,645.0,645.0,0
1748604885,645.0,645.0,645.0,645.0,0
1748604890,645.0,645.0,645.0,645.0,0
1748604895,645.0,645.0,645.0,645.0,0
1748604900,645.0,645.0,645.0,645.0,0
1748604905,645.0,645.0,645.0,645.0,0
1748604910,645.0,645.0,645.0,645.0,0
1748604915,645.0,645.0,645.0,645.0,0
1748604920,645.0,645.0,645.0,645.0,0
1748604925,645.0,645.0,645.0,645.0,0
1748604930,645.0,645.0,645.0,645.0,0
1748604935,645.0,645.0,645.0,645.0,0
1748604940,645.0,645.0,645.0,645.0,0
1748604945,645.0,645.0,645.0,645.0,0
1748604950,645.0,645.0,645.0,645.0,0
1748604955,645.0,645.0,645.0,645.0,0
1748604960,645.0,645.0,645.0,645.0,0
1748604965,645.0,645.0,645.0,645.0,0
1748604970,645.0,645.0,645.0,645.0,0
1748604975,645.0,645.0,645.0,645.0,0
1748604980,645.0,645.0,645.0,645.0,0
1748604985,645.0,645.0,645.0,645.0,0
1748604990,645.0,645.0,645.0,645.0,0
1748604995,645.0,645.0,645.0,645.0,0
1748605000,645.0,645.0,645.0,645.0,0
1748605005,645.0,645.0,645.0,645.0,0
1748605010,645.0,645.0,645.0,645.0,0
1748605015,645.0,645.0,645.0,645.0,0
1748605020,645.0,645.0,645.0,645.0,0
1748605025,645.0,645.0,645.0,645.0,0
1748605030,645.0,645.0,645.0,645.0,0
1748605035,645.0,645.0,645.0,645.0,0
1748605040,645.0,645.0,645.0,645.0,0
1748605045,645.0,645.0,645.0,645.0,0
1748605050,645.0,645.0,645.0,645.0,0
1748605055,645.0,645.0,645.0,645.0,0
1748605060,645.0,645.0,645.0,645.0,0
1748605065,645.0,645.0,645.0,645.0,0
1748605070,645.0,645.0,645.0,645.0,0
1748605075,645.0,645.0,645.0,645.0,0
1748605080,645.0,645.0,645.0,645.0,0
1748605085,645.0,645.0,645.0,645.0,0
1748605090,645.0,645.0,645.0,645.0,0
1748605095,645.0,645.0,645.0,645.0,0
1748605100,645.0,645.0,645.0,645.0,0
1748605105,645.0,645.0,645.0,645.0,0
1748605110,645.0,645.0,645.0,645.0,0
1748605115,645.0,645.0,645.0,645.0,0
1748605120,645.0,645.0,645.0,645.0,0
1748605125,645.0,645.0,645.0,645.0,0
1748605130,645.0,645.0,645.0,645.0,0
1748605135,645.0,645.0,645.0,645.0,0
1748605140,645.0,645.0,645.0,645.0,0
1748605145,645.0,645.0,645.0,645.0,0
1748605150,645.0,645.0,645.0,645.0,0
1748605155,645.0,645.0,645.0,645.0,0
1748605160,645.0,645.0,645.0,645.0,0
1748605165,645.0,645.0,645.0,645.0,0
1748605170,645.0,645.0,645.0,645.0,0
1748605175,645.0,645.0,645.0,645.0,0
1748605180,645.0,645.0,645.0,645.0,0
1748605185,645.0,645.0,645.0,645.0,0
1748605190,645.0,645.0,645.0,645.0,0
1748605195,645.0,645.0,645.0,645.0,0
1748605200,645.0,645.0,645.0,645.0,0
1748605205,645.0,645.0,645.0,645.0,0
1748605210,645.0,645.0,645.0,645.0,0
1748605215,645.0,645.0,645.0,645.0,0
1748605220,645.0,645.0,645.0,645.0,0
1748605225,645.0,645.0,645.0,645.0,0
1748605230,645.0,645.0,645.0,645.0,0
1748605235,645.0,645.0,645.0,645.0,0
1748605240,645.0,645.0,645.0,645.0,0
1748605245,645.0,645.0,645.0,645.0,0
1748605250,645.0,645.0,645.0,645.0,0
1748605255,645.0,645.0,645.0,645.0,0
1748605260,645.0,645.0,645.0,645.0,0
1748605265,645.0,645.0,645.0,645.0,0
1748605270,645.0,645.0,645.0,645.0,0
1748605275,645.0,645.0,645.0,645.0,0
1748605280,645.0,645.0,645.0,645.0,0
1748605285,645.0,645.0,645.0,645.0,0
1748605290,645.0,645.0,645.0,645.0,0
1748605295,645.0,645.0,645.0,645.0,0
1748605300,645.0,645.0,645.0,645.0,0
1748605305,645.0,645.0,645.0,645.0,0
1748605310,645.0,645.0,645.0,645.0,0
1748605315,645.0,645.0,645.0,645.0,0
1748605320,645.0,645.0,645.0,645.0,0
1748605325,645.0,645.0,645.0,645.0,0
1748605330,645.0,645.0,645.0,645.0,0
1748605335,645.0,645.0,645.0,645.0,0
1748605340,645.0,645.0,645.0,645.0,0
1748605345,645.0,645.0,645.0,645.0,0
1748605350,645.0,645.0,645.0,645.0,0
1748605355,645.0,645.0,645.0,645.0,0
1748605360,645.0,645.0,645.0,645.0,0
1748605365,645.0,645.0,645.0,645.0,0
1748605370,645.0,645.0,645.0,645.0,0
1748605375,645.0,645.0,645.0,645.0,0
1748605380,645.0,645.0,645.0,645.0,0
1748605385,645.0,645.0,645.0,645.0,0
1748605390,645.0,645.0,645.0,645.0,0
1748605395,645.0,645.0,645.0,645.0,0
1748605400,645.0,645.0,645.0,645.0,0
1748605405,645.0,645.0,645.0,645.0,0
1748605410,645.0,645.0,645.0,645.0,0
1748605415,645.0,645.0,645.0,645.0,0
1748605420,645.0,645.0,645.0,645.0,0
1748605425,645.0,645.0,645.0,645.0,0
1748605430,645.0,645.0,645.0,645.0,0
1748605435,645.0,645.0,645.0,645.0,0
1748605440,645.0,645.0,645.0,645.0,0
1748605445,645.0,645.0,645.0,645.0,0
1748605450,645.0,645.0,645.0,645.0,0
1748605455,645.0,645.0,645.0,645.0,0
1748605460,645.0,645.0,645.0,645.0,0
1748605465,645.0,645.0,645.0,645.0,0
1748605470,645.0,645.0,645.0,645.0,0
1748605475,645.0,645.0,645.0,645.0,0
1748605480,645.0,645.0,645.0,645.0,0
1748605485,645.0,645.0,645.0,645.0,0
1748605490,645.0,645.0,645.0,645.0,0
1748605495,645.0,645.0,645.0,645.0,0
1748605500,645.0,645.0,645.0,645.0,0
1748605505,645.0,645.0,645.0,645.0,0
1748605510,645.0,645.0,645.0,645.0,0
1748605515,645.0,645.0,645.0,645.0,0
1748605520,645.0,645.0,645.0,645.0,0
1748605525,645.0,645.0,645.0,645.0,0
1748605530,645.0,645.0,645.0,645.0,0
1748605535,645.0,645.0,645.0,645.0,0
1748605540,645.0,645.0,645.0,645.0,0
1748605545,645.0,645.0,645.0,645.0,0
1748605550,645.0,645.0,645.0,645.0,0
1748605555,645.0,645.0,645.0,645.0,0
1748605560,645.0,645.0,645.0,645.0,0
1748605565,645.0,645.0,645.0,645.0,0
1748605570,645.0,645.0,645.0,645.0,0
1748605575,645.0,645.0,645.0,645.0,0
1748605580,645.0,645.0,645.0,645.0,0
1748605585,645.0,645.0,645.0,645.0,0
1748605590,645.0,645.0,645.0,645.0,0
1748605595,645.0,645.0,645.0,645.0,0
1748605600,645.0,645.0,645.0,645.0,0
1748605605,645.0,645.0,645.0,645.0,0
1748605610,645.0,645.0,645.0,645.0,0
1748605615,645.0,645.0,645.0,645.0,0
1748605620,645.0,645.0,645.0,645.0,0
1748605625,645.0,645.0,645.0,645.0,0
1748605630,645.0,645.0,645.0,645.0,0
1748605635,645.0,645.0,645.0,645.0,0
1748605640,645.0,645.0,645.0,645.0,0
1748605645,645.0,645.0,645.0,645.0,0
1748605650,645.0,645.0,645.0,645.0,0
1748605655,645.0,645.0,645.0,645.0,0
1748605660,644.5,644.5,644.5,644.5,6
1748605665,644.5,644.5,644.5,644.5,0
1748605670,644.5,644.5,644.5,644.5,0
1748605675,644.5,644.5,644.5,644.5,0
1748605680,644.5,644.5,644.5,644.5,0
1748605685,644.5,644.5,644.5,644.5,0
1748605690,644.5,644.5,644.5,644.5,0
1748605695,644.5,644.5,644.5,644.5,0
1748605700,644.5,644.5,644.5,644.5,0
1748605705,644.5,644.5,644.5,644.5,0
1748605710,644.5,644.5,644.5,644.5,0
1748605715,644.5,644.5,644.5,644.5,0
1748605720,644.5,644.5,644.5,644.5,0
1748605725,644.5,644.5,644.5,644.5,0
1748605730,644.5,644.5,644.5,644.5,0
1748605735,644.5,644.5,644.5,644.5,0
1748605740,644.5,644.5,644.5,644.5,0
1748605745,644.5,644.5,644.5,644.5,0
1748605750,644.5,644.5,644.5,644.5,0
1748605755,644.5,644.5,644.5,644.5,0
1748605760,644.5,644.5,644.5,644.5,0
1748605765,644.5,644.5,644.5,644.5,0
1748605770,644.5,644.5,644.5,644.5,0
1748605775,644.5,644.5,644.5,644.5,0
1748605780,644.5,644.5,644.5,644.5,0
1748605785,644.5,644.5,644.5,644.5,0
1748605790,644.5,644.5,644.5,644.5,0
1748605795,644.5,644.5,644.5,644.5,0
1748605800,644.5,644.5,644.5,644.5,0
1748605805,644.5,644.5,644.5,644.5,0
1748605810,644.5,644.5,644.5,644.5,0
1748605815,644.5,644.5,644.5,644.5,0
1748605820,644.5,644.5,644.5,644.5,0
1748605825,644.5,644.5,644.5,644.5,0
1748605830,644.5,644.5,644.5,644.5,0
1748605835,644.5,644.5,644.5,644.5,0
1748605840,644.5,644.5,644.5,644.5,0
1748605845,644.5,644.5,644.5,644.5,0
1748605850,644.5,644.5,644.5,644.5,0
1748605855,644.5,644.5,644.5,644.5,0
1748605860,644.5,644.5,644.5,644.5,0
1748605865,644.5,644.5,644.5,644.5,0
1748605870,644.5,644.5,644.5,644.5,0
1748605875,644.5,644.5,644.5,644.5,0
1748605880,644.5,644.5,644.5,644.5,0
1748605885,644.5,644.5,644.5,644.5,0
1748605890,644.5,644.5,644.5,644.5,0
1748605895,644.5,644.5,644.5,644.5,0
1748605900,644.5,644.5,644.5,644.5,0
1748605905,644.5,644.5,644.5,644.5,0
1748605910,644.5,644.5,644.5,644.5,0
1748605915,644.5,644.5,644.5,644.5,0
1748605920,644.5,644.5,644.5,644.5,0
1748605925,644.5,644.5,644.5,644.5,0
1748605930,644.5,644.5,644.5,644.5,0
1748605935,644.5,644.5,644.5,644.5,0
1748605940,644.5,644.5,644.5,644.5,0
1748605945,644.5,644.5,644.5,644.5,0
1748605950,644.5,644.5,644.5,644.5,0
1748605955,644.5,644.5,644.5,644.5,0
1748605960,644.5,644.5,644.5,644.5,0
1748605965,644.5,644.5,644.5,644.5,0
1748605970,644.5,644.5,644.5,644.5,0
1748605975,644.5,644.5,644.5,644.5,0
1748605980,644.5,644.5,644.5,644.5,0
1748605985,644.5,644.5,644.5,644.5,0
1748605990,644.5,644.5,644.5,644.5,0
1748605995,644.5,644.5,644.5,644.5,0
1748606000,644.5,644.5,644.5,644.5,0
1748606005,644.5,644.5,644.5,644.5,0
1748606010,644.5,644.5,644.5,644.5,0
1748606015,644.5,644.5,644.5,644.5,0
1748606020,644.5,644.5,644.5,644.5,0
1748606025,644.5,644.5,644.5,644.5,0
1748606030,644.5,644.5,644.5,644.5,0
1748606035,644.5,644.5,644.5,644.5,0
1748606040,644.5,644.5,644.5,644.5,0
1748606045,644.5,644.5,644.5,644.5,0
1748606050,644.5,644.5,644.5,644.5,0
1748606055,644.5,644.5,644.5,644.5,0
1748606060,644.5,644.5,644.5,644.5,0
1748606065,644.5,644.5,644.5,644.5,0
1748606070,644.5,644.5,644.5,644.5,0
1748606075,644.5,644.5,644.5,644.5,0
1748606080,644.5,644.5,644.5,644.5,0
1748606085,644.5,644.5,644.5,644.5,0
1748606090,644.5,644.5,644.5,644.5,0
1748606095,644.5,644.5,644.5,644.5,0
1748606100,644.5,644.5,644.5,644.5,0
1748606105,644.5,644.5,644.5,644.5,0
1748606110,644.5,644.5,644.5,644.5,0
1748606115,644.5,644.5,644.5,644.5,0
1748606120,644.5,644.5,644.5,644.5,0
1748606125,644.5,644.5,644.5,644.5,0
1748606130,644.5,644.5,644.5,644.5,0
1748606135,644.5,644.5,644.5,644.5,0
1748606140,644.5,644.5,644.5,644.5,0
1748606145,644.5,644.5,644.5,644.5,0
1748606150,644.5,644.5,644.5,644.5,0
1748606155,644.5,644.5,644.5,644.5,0
1748606160,644.5,644.5,644.5,644.5,0
1748606165,644.5,644.5,644.5,644.5,0
1748606170,644.5,644.5,644.5,644.5,0
1748606175,644.5,644.5,644.5,644.5,0
1748606180,644.5,644.5,644.5,644.5,0
1748606185,644.5,644.5,644.5,644.5,0
1748606190,644.5,644.5,644.5,644.5,0
1748606195,644.5,644.5,644.5,644.5,0
1748606200,644.5,644.5,644.5,644.5,0
1748606205,644.5,644.5,644.5,644.5,0
1748606210,644.5,644.5,644.5,644.5,0
1748606215,644.5,644.5,644.5,644.5,0
1748606220,644.5,644.5,644.5,644.5,0
1748606225,644.5,644.5,644.5,644.5,0
1748606230,644.5,644.5,644.5,644.5,0
1748606235,644.5,644.5,644.5,644.5,0
1748606240,644.5,644.5,644.5,644.5,0
1748606245,644.5,644.5,644.5,644.5,0
1748606250,644.5,644.5,644.5,644.5,0
1748606255,644.5,644.5,644.5,644.5,0
1748606260,644.5,644.5,644.5,644.5,0
1748606265,644.5,644.5,644.5,644.5,0
1748606270,644.5,644.5,644.5,644.5,0
1748606275,644.5,644.5,644.5,644.5,0
1748606280,644.5,644.5,644.5,644.5,0
1748606285,644.5,644.5,644.5,644.5,0
1748606290,644.5,644.5,644.5,644.5,0
1748606295,644.5,644.5,644.5,644.5,0
1748606300,644.5,644.5,644.5,644.5,0
1748606305,644.5,644.5,644.5,644.5,5
1748606310,644.5,644.5,644.5,644.5,0
1748606315,644.5,644.5,644.5,644.5,0
1748606320,644.5,644.5,644.5,644.5,0
1748606325,644.5,644.5,644.5,644.5,0
1748606330,644.5,644.5,644.5,644.5,0
1748606335,644.5,644.5,644.5,644.5,0
1748606340,644.5,644.5,644.5,644.5,0
1748606345,644.5,644.5,644.5,644.5,0
1748606350,644.5,644.5,644.5,644.5,0
1748606355,644.5,644.5,644.5,644.5,0
1748606360,644.5,644.5,644.5,644.5,0
1748606365,644.5,644.5,644.5,644.5,0
1748606370,644.5,644.5,644.5,644.5,0
1748606375,644.5,644.5,644.5,644.5,0
1748606380,644.5,644.5,644.5,644.5,0
1748606385,644.5,644.5,644.5,644.5,0
1748606390,644.5,644.5,644.5,644.5,0
1748606395,644.5,644.5,644.5,644.5,0
1748606400,643.14,645.05,643.14,644.85,70
1748606405,644.85,644.85,644.85,644.85,0
1748606410,644.85,644.85,644.85,644.85,0
1748606415,644.85,644.85,644.85,644.85,0
1748606420,640.95,642.45,640.95,641.2,11
1748606425,641.2,641.2,641.2,641.2,0
1748606430,641.2,641.2,641.2,641.2,0
1748606435,641.2,641.2,641.2,641.2,0
1748606440,641.2,641.2,641.2,641.2,0
1748606445,641.2,641.2,641.2,641.2,0
1748606450,641.2,641.2,641.2,641.2,0
1748606455,641.2,641.2,641.2,641.2,0
1748606460,641.2,641.2,641.2,641.2,0
1748606465,641.2,641.2,641.2,641.2,0
1748606470,641.2,641.2,641.2,641.2,0
1748606475,641.2,641.2,641.2,641.2,0
1748606480,641.2,641.2,641.2,641.2,0
1748606485,641.2,641.2,641.2,641.2,0
1748606490,641.2,641.2,641.2,641.2,0
1748606495,641.2,641.2,641.2,641.2,0
1748606500,641.2,641.2,641.2,641.2,0
1748606505,641.2,641.2,641.2,641.2,0
1748606510,641.2,641.2,641.2,641.2,0
1748606515,641.2,641.2,641.2,641.2,0
1748606520,641.2,641.2,641.2,641.2,0
1748606525,641.2,641.2,641.2,641.2,0
1748606530,641.2,641.2,641.2,641.2,0
1748606535,641.2,641.2,641.2,641.2,0
1748606540,641.2,641.2,641.2,641.2,0
1748606545,641.2,641.2,641.2,641.2,0
1748606550,641.2,641.2,641.2,641.2,0
1748606555,641.2,641.2,641.2,641.2,0
1748606560,641.2,641.2,641.2,641.2,0
1748606565,641.2,641.2,641.2,641.2,0
1748606570,641.2,641.2,641.2,641.2,0
1748606575,641.2,641.2,641.2,641.2,0
1748606580,641.2,641.2,641.2,641.2,0
1748606585,641.2,641.2,641.2,641.2,0
1748606590,641.2,641.2,641.2,641.2,0
1748606595,641.2,641.2,641.2,641.2,0
1748606600,641.2,641.2,641.2,641.2,0
1748606605,641.2,641.2,641.2,641.2,0
1748606610,641.2,641.2,641.2,641.2,0
1748606615,641.2,641.2,641.2,641.2,0
1748606620,641.2,641.2,641.2,641.2,0
1748606625,645.2,645.2,645.2,645.2,6
1748606630,645.2,645.2,645.2,645.2,0
1748606635,645.2,645.2,645.2,645.2,0
1748606640,645.2,645.2,645.2,645.2,0
1748606645,645.2,645.2,645.2,645.2,0
1748606650,645.2,645.2,645.2,645.2,0
1748606655,645.2,645.2,645.2,645.2,0
1748606660,645.2,645.2,645.2,645.2,0
1748606665,645.2,645.2,645.2,645.2,0
1748606670,645.2,645.2,645.2,645.2,0
1748606675,645.2,645.2,645.2,645.2,0
1748606680,645.2,645.2,645.2,645.2,0
1748606685,645.2,645.2,645.2,645.2,0
1748606690,645.2,645.2,645.2,645.2,0
1748606695,645.2,645.2,645.2,645.2,0
1748606700,645.2,645.2,645.2,645.2,0
1748606705,645.2,645.2,645.2,645.2,0
1748606710,645.2,645.2,645.2,645.2,0
1748606715,645.2,645.2,645.2,645.2,0
1748606720,645.2,645.2,645.2,645.2,0
1748606725,645.2,645.2,645.2,645.2,0
1748606730,645.2,645.2,645.2,645.2,0
1748606735,645.2,645.2,645.2,645.2,0
1748606740,645.2,645.2,645.2,645.2,0
1748606745,645.2,645.2,645.2,645.2,0
1748606750,645.2,645.2,645.2,645.2,0
1748606755,645.2,645.2,645.2,645.2,0
1748606760,645.2,645.2,645.2,645.2,0
1748606765,645.2,645.2,645.2,645.2,0
1748606770,645.2,645.2,645.2,645.2,0
1748606775,645.2,645.2,645.2,645.2,0
1748606780,645.2,645.2,645.2,645.2,0
1748606785,645.2,645.2,645.2,645.2,0
1748606790,645.2,645.2,645.2,645.2,0
1748606795,645.2,645.2,645.2,645.2,0
1748606800,645.2,645.2,645.2,645.2,0
1748606805,645.2,645.2,645.2,645.2,0
1748606810,645.2,645.2,645.2,645.2,0
1748606815,645.2,645.2,645.2,645.2,0
1748606820,645.2,645.2,645.2,645.2,0
1748606825,645.2,645.2,645.2,645.2,0
1748606830,645.2,645.2,645.2,645.2,0
1748606835,645.2,645.2,645.2,645.2,0
1748606840,645.2,645.2,645.2,645.2,0
1748606845,645.2,645.2,645.2,645.2,0
1748606850,645.2,645.2,645.2,645.2,0
1748606855,645.2,645.2,645.2,645.2,0
1748606860,645.2,645.2,645.2,645.2,0
1748606865,645.2,645.2,645.2,645.2,0
1748606870,645.2,645.2,645.2,645.2,0
1748606875,645.2,645.2,645.2,645.2,0
1748606880,645.2,645.2,645.2,645.2,0
1748606885,645.2,645.2,645.2,645.2,0
1748606890,645.2,645.2,645.2,645.2,0
1748606895,645.2,645.2,645.2,645.2,0
1748606900,645.2,645.2,645.2,645.2,0
1748606905,645.2,645.2,645.2,645.2,0
1748606910,645.2,645.2,645.2,645.2,0
1748606915,645.2,645.2,645.2,645.2,0
1748606920,645.2,645.2,645.2,645.2,0
1748606925,645.2,645.2,645.2,645.2,0
1748606930,645.2,645.2,645.2,645.2,0
1748606935,645.2,645.2,645.2,645.2,0
1748606940,645.2,645.2,645.2,645.2,0
1748606945,645.2,645.2,645.2,645.2,0
1748606950,645.2,645.2,645.2,645.2,0
1748606955,645.2,645.2,645.2,645.2,0
1748606960,644.0,644.0,644.0,644.0,22
1748606965,643.22,643.22,643.22,643.22,3
1748606970,643.22,643.22,643.22,643.22,0
1748606975,642.02,642.02,642.02,642.02,2
1748606980,642.02,642.02,642.02,642.02,0
1748606985,642.02,642.02,642.02,642.02,0
1748606990,642.02,642.02,642.02,642.02,0
1748606995,642.02,642.02,642.02,642.02,0
1748607000,642.02,642.02,642.02,642.02,0
1748607005,642.02,642.02,642.02,642.02,0
1748607010,642.02,642.02,642.02,642.02,0
1748607015,642.02,642.02,642.02,642.02,0
1748607020,642.02,642.02,642.02,642.02,0
1748607025,642.02,642.02,642.02,642.02,0
1748607030,642.02,642.02,642.02,642.02,0
1748607035,642.02,642.02,642.02,642.02,0
1748607040,642.02,642.02,642.02,642.02,0
1748607045,642.02,642.02,642.02,642.02,0
1748607050,642.02,642.02,642.02,642.02,0
1748607055,642.02,642.02,642.02,642.02,0
1748607060,642.02,642.02,642.02,642.02,0
1748607065,642.02,642.02,642.02,642.02,0
1748607070,641.54,641.54,641.01,641.01,6
1748607075,640.52,640.52,640.44,640.44,20
1748607080,640.04,640.04,640.02,640.02,5
1748607085,640.0,640.0,640.0,640.0,18
1748607090,640.0,640.0,640.0,640.0,0
1748607095,640.0,640.0,640.0,640.0,0
1748607100,640.0,640.0,640.0,640.0,0
1748607105,640.0,640.0,640.0,640.0,0
1748607110,640.0,640.0,640.0,640.0,0
1748607115,640.0,640.0,640.0,640.0,0
1748607120,640.0,640.0,640.0,640.0,0
1748607125,640.0,640.0,640.0,640.0,0
1748607130,640.0,640.0,640.0,640.0,0
1748607135,641.8,641.8,641.8,641.8,62
1748607140,641.8,641.8,641.8,641.8,0
1748607145,641.8,641.8,641.8,641.8,0
1748607150,641.8,641.8,641.8,641.8,0
1748607155,641.8,641.8,641.8,641.8,0
1748607160,641.8,641.8,641.8,641.8,0
1748607165,641.8,641.8,641.8,641.8,0
1748607170,641.8,641.8,641.8,641.8,0
1748607175,641.8,641.8,641.8,641.8,0
1748607180,641.8,641.8,641.8,641.8,0
1748607185,641.8,641.8,641.8,641.8,0
1748607190,641.8,641.8,641.8,641.8,0
1748607195,641.8,641.8,641.8,641.8,0
1748607200,641.8,641.8,641.8,641.8,0
1748607205,641.8,641.8,641.8,641.8,0
1748607210,640.02,640.03,640.0,640.0,8
1748607215,639.67,639.67,639.67,639.67,2
1748607220,639.67,639.67,639.66,639.66,32
1748607225,639.66,639.66,639.66,639.66,8
1748607230,639.72,639.72,639.66,639.66,113
1748607235,639.66,639.66,639.66,639.66,0
1748607240,639.66,639.66,639.66,639.66,0
1748607245,639.51,639.51,639.1,639.1,16
1748607250,639.1,639.1,639.1,639.1,0
1748607255,639.1,639.1,639.1,639.1,0
1748607260,639.1,639.1,639.1,639.1,0
1748607265,639.1,639.1,639.1,639.1,0
1748607270,639.1,639.1,639.1,639.1,0
1748607275,639.1,639.1,639.1,639.1,0
1748607280,639.1,639.1,639.1,639.1,0
1748607285,639.1,639.1,639.1,639.1,0
1748607290,639.1,639.1,639.1,639.1,0
1748607295,639.1,639.1,639.1,639.1,0
1748607300,639.1,639.1,639.1,639.1,0
1748607305,639.1,639.1,639.1,639.1,0
1748607310,639.1,639.1,639.1,639.1,0
1748607315,639.1,639.1,639.1,639.1,0
1748607320,639.1,639.1,639.1,639.1,0
1748607325,641.0,641.0,641.0,641.0,3
1748607330,641.0,641.0,641.0,641.0,0
1748607335,641.0,641.0,641.0,641.0,0
1748607340,641.0,641.0,641.0,641.0,0
1748607345,641.0,641.0,641.0,641.0,0
1748607350,641.0,641.0,641.0,641.0,0
1748607355,641.0,641.0,641.0,641.0,0
1748607360,641.0,641.0,641.0,641.0,0
1748607365,641.0,641.0,641.0,641.0,0
1748607370,641.0,641.0,641.0,641.0,0
1748607375,641.0,641.0,641.0,641.0,0
1748607380,641.0,641.0,641.0,641.0,0
1748607385,641.0,641.0,641.0,641.0,0
1748607390,640.57,640.57,640.57,640.57,3
1748607395,640.57,640.57,640.57,640.57,0
1748607400,640.57,640.57,640.57,640.57,0
1748607405,640.57,640.57,640.57,640.57,0
1748607410,640.57,640.57,640.57,640.57,0
1748607415,640.57,640.57,640.57,640.57,0
1748607420,640.57,640.57,640.57,640.57,0
1748607425,640.57,640.57,640.57,640.57,0
1748607430,640.57,640.57,640.57,640.57,0
1748607435,640.57,640.57,640.57,640.57,0
1748607440,640.61,640.61,640.6,640.61,2
1748607445,640.61,640.61,640.6,640.61,0
1748607450,640.61,640.61,640.6,640.61,0
1748607455,640.61,640.61,640.6,640.61,0
1748607460,640.5,640.5,640.5,640.5,2
1748607465,640.2,640.2,640.2,640.2,5
1748607470,640.2,640.2,640.2,640.2,0
1748607475,640.2,640.2,640.2,640.2,0
1748607480,640.2,640.2,640.2,640.2,0
1748607485,640.2,640.2,640.2,640.2,0
1748607490,640.2,640.2,640.2,640.2,0
1748607495,640.2,640.2,640.2,640.2,0
1748607500,640.51,640.51,640.51,640.51,2
1748607505,640.99,641.0,640.99,641.0,10
1748607510,641.0,641.0,641.0,641.0,0
1748607515,641.0,641.0,641.0,641.0,0
1748607520,641.0,641.0,641.0,641.0,0
1748607525,641.0,641.0,641.0,641.0,0
1748607530,640.25,640.25,640.25,640.25,2
1748607535,640.25,640.25,640.25,640.25,0
1748607540,640.25,640.25,640.25,640.25,0
1748607545,640.25,640.25,640.25,640.25,0
1748607550,640.25,640.25,640.25,640.25,0
1748607555,640.25,640.25,640.25,640.25,0
1748607560,641.69,641.69,641.69,641.69,2
1748607565,641.69,641.69,641.69,641.69,0
1748607570,641.69,641.69,641.69,641.69,0
1748607575,641.69,641.69,641.69,641.69,0
1748607580,641.69,641.69,641.69,641.69,0
1748607585,641.69,641.69,641.69,641.69,0
1748607590,641.69,641.69,641.69,641.69,0
1748607595,641.69,641.69,641.69,641.69,0
1748607600,641.69,641.69,641.69,641.69,0
1748607605,641.15,641.15,641.15,641.15,4
1748607610,641.15,641.15,641.15,641.15,0
1748607615,641.15,641.15,641.15,641.15,0
1748607620,641.15,641.15,641.15,641.15,0
1748607625,641.15,641.15,641.15,641.15,0
1748607630,641.15,641.15,641.15,641.15,0
1748607635,641.15,641.15,641.15,641.15,0
1748607640,641.15,641.15,641.15,641.15,0
1748607645,641.15,641.15,641.15,641.15,0
1748607650,641.15,641.15,641.15,641.15,0
1748607655,641.15,641.15,641.15,641.15,0
1748607660,641.15,641.15,641.15,641.15,0
1748607665,641.15,641.15,641.15,641.15,0
1748607670,641.15,641.15,641.15,641.15,0
1748607675,641.15,641.15,641.15,641.15,0
1748607680,641.15,641.15,641.15,641.15,0
1748607685,641.15,641.15,641.15,641.15,0
1748607690,641.15,641.15,641.15,641.15,0
1748607695,641.15,641.15,641.15,641.15,0
1748607700,641.15,641.15,641.15,641.15,0
1748607705,641.15,641.15,641.15,641.15,0
1748607710,641.15,641.15,641.15,641.15,0
1748607715,641.6,641.6,641.6,641.6,7
1748607720,641.65,641.65,641.65,641.65,12
1748607725,641.65,641.65,641.65,641.65,0
1748607730,641.65,641.65,641.65,641.65,0
1748607735,641.65,641.65,641.65,641.65,0
1748607740,641.65,641.65,641.65,641.65,0
1748607745,641.65,641.65,641.65,641.65,0
1748607750,641.65,641.65,641.65,641.65,0
1748607755,641.65,641.65,641.65,641.65,0
1748607760,641.65,641.65,641.65,641.65,0
1748607765,641.65,641.65,641.65,641.65,0
1748607770,641.65,641.65,641.65,641.65,0
1748607775,641.65,641.65,641.65,641.65,0
1748607780,641.65,641.65,641.65,641.65,0
1748607785,641.65,641.65,641.65,641.65,0
1748607790,641.65,641.65,641.65,641.65,0
1748607795,641.65,641.65,641.65,641.65,0
1748607800,641.65,641.65,641.65,641.65,0
1748607805,641.65,641.65,641.65,641.65,0
1748607810,641.65,641.65,641.65,641.65,0
1748607815,641.65,641.65,641.65,641.65,0
1748607820,641.65,641.65,641.65,641.65,0
1748607825,641.65,641.65,641.65,641.65,0
1748607830,641.11,641.11,641.11,641.11,2
1748607835,641.11,641.11,641.11,641.11,0
1748607840,641.11,641.11,641.11,641.11,0
1748607845,640.6,640.6,640.6,640.6,122
1748607850,640.6,640.6,640.6,640.6,0
1748607855,640.6,640.6,640.6,640.6,0
1748607860,640.6,640.6,640.6,640.6,2
1748607865,640.6,640.6,640.6,640.6,0
1748607870,640.6,640.6,640.6,640.6,0
1748607875,640.6,640.6,640.6,640.6,0
1748607880,640.6,640.6,640.6,640.6,0
1748607885,640.6,640.6,640.6,640.6,0
1748607890,640.6,640.6,640.6,640.6,0
1748607895,640.6,640.6,640.6,640.6,0
1748607900,640.6,640.6,640.6,640.6,0
1748607905,640.6,640.6,640.6,640.6,0
1748607910,640.6,640.6,640.6,640.6,0
1748607915,640.6,640.6,640.6,640.6,0
1748607920,640.6,640.6,640.6,640.6,0
1748607925,640.6,640.6,640.6,640.6,0
1748607930,640.6,640.6,640.6,640.6,0
1748607935,640.6,640.6,640.6,640.6,0
1748607940,640.6,640.6,640.6,640.6,0
1748607945,640.6,640.6,640.6,640.6,0
1748607950,640.6,640.6,640.6,640.6,0
1748607955,640.6,640.6,640.6,640.6,0
1748607960,640.6,640.6,640.6,640.6,0
1748607965,640.6,640.6,640.6,640.6,0
1748607970,640.6,640.6,640.6,640.6,0
1748607975,640.6,640.6,640.6,640.6,0
1748607980,640.6,640.6,640.6,640.6,0
1748607985,640.6,640.6,640.6,640.6,0
1748607990,640.6,640.6,640.6,640.6,0
1748607995,640.6,640.6,640.6,640.6,0
1748608000,640.6,640.6,640.6,640.6,7
1748608005,640.6,640.6,640.6,640.6,0
1748608010,640.6,640.6,640.6,640.6,0
1748608015,640.6,640.6,640.6,640.6,0
1748608020,640.6,640.6,640.6,640.6,0
1748608025,640.6,640.6,640.6,640.6,0
1748608030,640.6,640.6,640.6,640.6,0
1748608035,640.11,640.11,640.1,640.11,2
1748608040,640.11,640.11,640.1,640.11,0
1748608045,640.11,640.11,640.1,640.11,0
1748608050,640.11,640.11,640.1,640.11,0
1748608055,640.11,640.11,640.1,640.11,0
1748608060,640.11,640.11,640.1,640.11,0
1748608065,640.11,640.11,640.1,640.11,0
1748608070,640.11,640.11,640.1,640.11,0
1748608075,640.11,640.11,640.1,640.11,0
1748608080,640.11,640.11,640.1,640.11,0
1748608085,640.11,640.11,640.1,640.11,0
1748608090,640.02,640.03,640.02,640.02,129
1748608095,640.02,640.03,640.02,640.02,0
1748608100,640.02,640.03,640.02,640.02,0
1748608105,640.02,640.03,640.02,640.02,0
1748608110,640.02,640.03,640.02,640.02,0
1748608115,640.02,640.03,640.02,640.02,0
1748608120,640.02,640.03,640.02,640.02,0
1748608125,640.02,640.03,640.02,640.02,0
1748608130,640.02,640.03,640.02,640.02,0
1748608135,640.02,640.03,640.02,640.02,0
1748608140,640.02,640.03,640.02,640.02,0
1748608145,640.02,640.03,640.02,640.02,0
1748608150,640.02,640.03,640.02,640.02,0
1748608155,640.5,640.5,640.5,640.5,2
1748608160,640.5,640.5,640.5,640.5,0
1748608165,640.5,640.5,640.5,640.5,0
1748608170,640.67,640.67,640.67,640.67,7
1748608175,640.67,640.67,640.67,640.67,0
1748608180,640.67,640.67,640.67,640.67,0
1748608185,640.67,640.67,640.67,640.67,0
1748608190,640.67,640.67,640.67,640.67,9
1748608195,640.8,640.8,640.8,640.8,2
1748608200,641.0,641.0,641.0,641.0,4
1748608205,641.0,641.0,640.7,640.7,5
1748608210,640.7,640.7,640.7,640.7,0
1748608215,640.7,640.7,640.7,640.7,0
1748608220,640.7,640.7,640.7,640.7,0
1748608225,640.7,640.7,640.7,640.7,0
1748608230,640.7,640.7,640.7,640.7,0
1748608235,640.7,640.7,640.7,640.7,0
1748608240,640.7,640.7,640.7,640.7,0
1748608245,641.0,641.0,641.0,641.0,2
1748608250,641.0,641.0,641.0,641.0,0
1748608255,641.0,641.0,641.0,641.0,0
1748608260,641.0,641.0,641.0,641.0,0
1748608265,641.0,641.0,641.0,641.0,0
1748608270,641.0,641.0,641.0,641.0,0
1748608275,641.0,641.0,641.0,641.0,0
1748608280,641.0,641.0,641.0,641.0,0
1748608285,641.0,641.0,641.0,641.0,0
1748608290,641.0,641.0,641.0,641.0,0
1748608295,642.0,642.0,641.43,641.43,7
1748608300,641.43,641.43,641.43,641.43,0
1748608305,641.43,641.43,641.43,641.43,0
1748608310,641.43,641.43,641.43,641.43,0
1748608315,641.43,641.43,641.43,641.43,0
1748608320,641.43,641.43,641.43,641.43,0
1748608325,642.0,642.0,642.0,642.0,4
1748608330,642.0,642.0,642.0,642.0,0
1748608335,642.0,642.0,642.0,642.0,0
1748608340,642.0,642.0,642.0,642.0,0
1748608345,642.0,642.0,642.0,642.0,0
1748608350,642.0,642.0,642.0,642.0,0
1748608355,642.0,642.0,642.0,642.0,0
1748608360,642.0,642.0,642.0,642.0,0
1748608365,642.0,642.0,642.0,642.0,0
1748608370,642.0,642.0,642.0,642.0,0
1748608375,642.0,642.0,642.0,642.0,0
1748608380,642.0,642.0,642.0,642.0,0
1748608385,642.0,642.0,642.0,642.0,0
1748608390,642.0,642.0,642.0,642.0,0
1748608395,642.0,642.0,642.0,642.0,0
1748608400,642.0,642.0,642.0,642.0,0
1748608405,642.0,642.0,642.0,642.0,0
1748608410,642.0,642.0,642.0,642.0,0
1748608415,642.0,642.0,642.0,642.0,0
1748608420,642.0,642.0,642.0,642.0,0
1748608425,642.0,642.0,642.0,642.0,0
1748608430,642.0,642.0,642.0,642.0,0
1748608435,642.5,642.5,642.5,642.5,7
1748608440,642.5,642.5,642.5,642.5,0
1748608445,642.5,642.5,642.5,642.5,0
1748608450,642.5,642.5,642.5,642.5,0
1748608455,642.5,642.5,642.5,642.5,0
1748608460,643.0,643.0,642.25,642.25,13
1748608465,642.25,642.25,642.25,642.25,0
1748608470,642.25,642.25,642.25,642.25,0
1748608475,642.25,642.25,642.25,642.25,0
1748608480,642.25,642.25,642.25,642.25,0
1748608485,642.25,642.25,642.25,642.25,0
1748608490,642.25,642.25,642.25,642.25,0
1748608495,642.0,642.0,642.0,642.0,3
1748608500,642.0,642.0,642.0,642.0,0
1748608505,642.0,642.0,642.0,642.0,0
1748608510,642.0,642.0,642.0,642.0,0
1748608515,642.0,642.0,642.0,642.0,0
1748608520,642.0,642.0,642.0,642.0,0
1748608525,642.0,642.0,642.0,642.0,0
1748608530,642.0,642.0,642.0,642.0,0
1748608535,642.0,642.0,642.0,642.0,0
1748608540,642.0,642.0,642.0,642.0,0
1748608545,642.0,642.0,642.0,642.0,0
1748608550,642.0,642.0,642.0,642.0,0
1748608555,642.0,642.0,642.0,642.0,0
1748608560,642.0,642.0,642.0,642.0,0
1748608565,642.0,642.0,642.0,642.0,2
1748608570,642.0,642.0,642.0,642.0,0
1748608575,642.0,642.0,642.0,642.0,0
1748608580,642.0,642.0,642.0,642.0,0
1748608585,642.0,642.0,642.0,642.0,0
1748608590,642.0,642.0,642.0,642.0,0
1748608595,642.0,642.0,642.0,642.0,0
1748608600,642.0,642.0,642.0,642.0,0
1748608605,642.0,642.0,642.0,642.0,0
1748608610,642.0,642.0,642.0,642.0,0
1748608615,642.0,642.0,642.0,642.0,0
1748608620,642.0,642.0,642.0,642.0,0
1748608625,642.0,642.0,642.0,642.0,0
1748608630,642.0,642.0,642.0,642.0,0
1748608635,642.0,642.0,642.0,642.0,0
1748608640,642.0,642.0,642.0,642.0,0
1748608645,642.0,642.0,642.0,642.0,0
1748608650,642.0,642.0,642.0,642.0,0
1748608655,642.0,642.0,642.0,642.0,0
1748608660,642.0,642.0,642.0,642.0,0
1748608665,642.0,642.0,642.0,642.0,0
1748608670,642.0,642.0,642.0,642.0,0
1748608675,642.0,642.0,642.0,642.0,0
1748608680,642.0,642.0,642.0,642.0,0
1748608685,642.0,642.0,642.0,642.0,0
1748608690,642.0,642.0,642.0,642.0,0
1748608695,642.0,642.0,642.0,642.0,0
1748608700,642.5,642.5,642.5,642.5,3
1748608705,642.5,642.5,642.5,642.5,0
1748608710,642.5,642.5,642.5,642.5,0
1748608715,642.5,642.5,642.5,642.5,0
1748608720,642.5,642.5,642.5,642.5,0
1748608725,642.5,642.5,642.5,642.5,0
1748608730,642.5,642.5,642.5,642.5,0
1748608735,642.5,642.5,642.5,642.5,0
1748608740,642.5,642.5,642.5,642.5,0
1748608745,642.5,642.5,642.5,642.5,0
1748608750,642.45,642.45,642.45,642.45,2
1748608755,642.45,642.45,642.45,642.45,0
1748608760,642.45,642.45,642.45,642.45,0
1748608765,642.45,642.45,642.45,642.45,0
1748608770,642.45,642.45,642.45,642.45,0
1748608775,642.45,642.45,642.45,642.45,0
1748608780,642.45,642.45,642.45,642.45,0
1748608785,642.45,642.45,642.45,642.45,0
1748608790,642.45,642.45,642.45,642.45,0
1748608795,642.45,642.45,642.45,642.45,0
1748608800,642.45,642.45,642.45,642.45,0
1748608805,642.45,642.45,642.45,642.45,0
1748608810,642.45,642.45,642.45,642.45,0
1748608815,642.45,642.45,642.45,642.45,0
1748608820,642.45,642.45,642.45,642.45,0
1748608825,642.45,642.45,642.45,642.45,0
1748608830,642.45,642.45,642.45,642.45,0
1748608835,642.45,642.45,642.45,642.45,0
1748608840,642.45,642.45,642.45,642.45,0
1748608845,642.96,642.96,642.96,642.96,7
1748608850,642.96,642.96,642.96,642.96,0
1748608855,642.0,642.67,642.0,642.0,33
1748608860,642.0,642.0,642.0,642.0,0
1748608865,642.0,642.0,642.0,642.0,0
1748608870,642.0,642.0,642.0,642.0,0
1748608875,642.0,642.0,642.0,642.0,0
1748608880,642.0,642.0,642.0,642.0,0
1748608885,642.0,642.0,642.0,642.0,0
1748608890,642.0,642.0,642.0,642.0,0
1748608895,642.0,642.0,642.0,642.0,0
1748608900,642.0,642.0,642.0,642.0,0
1748608905,642.0,642.0,642.0,642.0,0
1748608910,642.0,642.0,642.0,642.0,0
1748608915,642.0,642.0,642.0,642.0,0
1748608920,642.0,642.0,642.0,642.0,0
1748608925,642.0,642.0,642.0,642.0,0
1748608930,642.0,642.0,642.0,642.0,0
1748608935,642.0,642.0,642.0,642.0,0
1748608940,642.0,642.0,642.0,642.0,0
1748608945,642.0,642.0,642.0,642.0,0
1748608950,642.0,642.0,642.0,642.0,0
1748608955,642.0,642.0,642.0,642.0,0
1748608960,642.0,642.0,642.0,642.0,0
1748608965,642.0,642.0,642.0,642.0,0
1748608970,642.0,642.0,642.0,642.0,0
1748608975,642.0,642.0,642.0,642.0,0
1748608980,642.0,642.0,642.0,642.0,0
1748608985,642.0,642.0,642.0,642.0,0
1748608990,642.0,642.0,642.0,642.0,0
1748608995,642.0,642.0,642.0,642.0,0
1748609000,642.0,642.0,642.0,642.0,0
1748609005,642.0,642.0,642.0,642.0,0
1748609010,642.0,642.0,642.0,642.0,0
1748609015,642.0,642.0,642.0,642.0,0
1748609020,642.0,642.0,642.0,642.0,0
1748609025,642.0,642.0,642.0,642.0,0
1748609030,642.0,642.0,642.0,642.0,0
1748609035,642.0,642.0,642.0,642.0,0
1748609040,642.0,642.0,642.0,642.0,0
1748609045,642.0,642.0,642.0,642.0,0
1748609050,643.5,643.5,643.5,643.5,5
1748609055,643.5,643.5,643.5,643.5,0
1748609060,643.5,643.5,643.5,643.5,0
1748609065,643.06,643.06,643.06,643.06,3
1748609070,643.06,643.06,643.06,643.06,0
1748609075,643.06,643.06,643.06,643.06,0
1748609080,643.06,643.06,643.06,643.06,0
1748609085,643.06,643.06,643.06,643.06,0
1748609090,643.06,643.06,643.06,643.06,0
1748609095,643.06,643.06,643.06,643.06,0
1748609100,643.06,643.06,643.06,643.06,0
1748609105,643.06,643.06,643.06,643.06,0
1748609110,643.06,643.06,643.06,643.06,0
1748609115,643.06,643.06,643.06,643.06,0
1748609120,643.06,643.06,643.06,643.06,0
1748609125,643.06,643.06,643.06,643.06,0
1748609130,643.06,643.06,643.06,643.06,0
1748609135,643.06,643.06,643.06,643.06,0
1748609140,643.06,643.06,643.06,643.06,0
1748609145,643.06,643.06,643.06,643.06,0
1748609150,643.06,643.06,643.06,643.06,0
1748609155,643.06,643.06,643.06,643.06,0
1748609160,643.06,643.06,643.06,643.06,0
1748609165,643.06,643.06,643.06,643.06,0
1748609170,643.06,643.06,643.06,643.06,0
1748609175,643.06,643.06,643.06,643.06,0
1748609180,643.06,643.06,643.06,643.06,0
1748609185,643.06,643.06,643.06,643.06,0
1748609190,643.06,643.06,643.06,643.06,0
1748609195,643.06,643.06,643.06,643.06,0
1748609200,643.06,643.06,643.06,643.06,0
1748609205,643.06,643.06,643.06,643.06,0
1748609210,643.06,643.06,643.06,643.06,0
1748609215,643.06,643.06,643.06,643.06,0
1748609220,643.06,643.06,643.06,643.06,0
1748609225,642.6,642.6,642.6,642.6,2
1748609230,642.6,642.6,642.6,642.6,0
1748609235,642.6,642.6,642.6,642.6,0
1748609240,642.6,642.6,642.6,642.6,0
1748609245,642.6,642.6,642.6,642.6,0
1748609250,642.6,642.6,642.6,642.6,0
1748609255,642.6,642.6,642.6,642.6,0
1748609260,642.6,642.6,642.6,642.6,0
1748609265,642.6,642.6,642.6,642.6,0
1748609270,642.6,642.6,642.6,642.6,0
1748609275,642.6,642.6,642.6,642.6,0
1748609280,642.6,642.6,642.6,642.6,0
1748609285,642.6,642.6,642.6,642.6,0
1748609290,642.6,642.6,642.6,642.6,0
1748609295,643.0,643.0,643.0,643.0,6
1748609300,643.0,643.0,643.0,643.0,0
1748609305,643.0,643.0,643.0,643.0,0
1748609310,643.0,643.0,643.0,643.0,0
1748609315,643.0,643.0,643.0,643.0,0
1748609320,643.0,643.0,643.0,643.0,0
1748609325,643.0,643.0,643.0,643.0,0
1748609330,643.0,643.0,643.0,643.0,0
1748609335,643.0,643.0,643.0,643.0,0
1748609340,643.0,643.0,643.0,643.0,0
1748609345,643.0,643.0,643.0,643.0,0
1748609350,643.0,643.0,643.0,643.0,0
1748609355,643.0,643.0,643.0,643.0,0
1748609360,643.0,643.0,643.0,643.0,0
1748609365,643.0,643.0,643.0,643.0,0
1748609370,643.0,643.0,643.0,643.0,0
1748609375,643.0,643.0,643.0,643.0,0
1748609380,643.0,643.0,643.0,643.0,0
1748609385,643.0,643.0,643.0,643.0,0
1748609390,643.56,643.56,643.56,643.56,2
1748609395,643.56,643.56,643.56,643.56,0
1748609400,643.56,643.56,643.56,643.56,0
1748609405,643.56,643.56,643.56,643.56,0
1748609410,643.56,643.56,643.56,643.56,0
1748609415,643.56,643.56,643.56,643.56,0
1748609420,643.56,643.56,643.56,643.56,0
1748609425,643.56,643.56,643.56,643.56,0
1748609430,643.56,643.56,643.56,643.56,0
1748609435,643.56,643.56,643.56,643.56,0
1748609440,643.56,643.56,643.56,643.56,0
1748609445,643.56,643.56,643.56,643.56,0
1748609450,643.56,643.56,643.56,643.56,0
1748609455,643.56,643.56,643.56,643.56,0
1748609460,643.56,643.56,643.56,643.56,0
1748609465,643.56,643.56,643.56,643.56,0
1748609470,643.56,643.56,643.56,643.56,0
1748609475,643.56,643.56,643.56,643.56,0
1748609480,643.56,643.56,643.56,643.56,0
1748609485,643.56,643.56,643.56,643.56,0
1748609490,643.56,643.56,643.56,643.56,0
1748609495,643.56,643.56,643.56,643.56,0
1748609500,643.56,643.56,643.56,643.56,0
1748609505,643.56,643.56,643.56,643.56,0
1748609510,643.56,643.56,643.56,643.56,0
1748609515,643.56,643.56,643.56,643.56,0
1748609520,643.56,643.56,643.56,643.56,0
1748609525,643.56,643.56,643.56,643.56,0
1748609530,643.56,643.56,643.56,643.56,0
1748609535,643.56,643.56,643.56,643.56,0
1748609540,643.56,643.56,643.56,643.56,0
1748609545,643.56,643.56,643.56,643.56,0
1748609550,643.56,643.56,643.56,643.56,0
1748609555,643.56,643.56,643.56,643.56,0
1748609560,643.56,643.56,643.56,643.56,0
1748609565,643.56,643.56,643.56,643.56,0
1748609570,643.56,643.56,643.56,643.56,0
1748609575,643.56,643.56,643.56,643.56,0
1748609580,643.56,643.56,643.56,643.56,0
1748609585,643.56,643.56,643.56,643.56,0
1748609590,643.0,643.0,643.0,643.0,2
1748609595,643.0,643.0,643.0,643.0,0
1748609600,643.0,643.0,643.0,643.0,0
1748609605,643.0,643.0,643.0,643.0,0
1748609610,643.0,643.0,643.0,643.0,0
1748609615,643.0,643.0,643.0,643.0,0
1748609620,643.0,643.0,643.0,643.0,0
1748609625,643.0,643.0,643.0,643.0,0
1748609630,643.0,643.0,643.0,643.0,0
1748609635,643.0,643.0,643.0,643.0,0
1748609640,643.0,643.0,643.0,643.0,0
1748609645,643.0,643.0,643.0,643.0,0
1748609650,643.0,643.0,643.0,643.0,0
1748609655,643.0,643.0,643.0,643.0,0
1748609660,643.0,643.0,643.0,643.0,0
1748609665,643.0,643.0,643.0,643.0,0
1748609670,643.0,643.0,643.0,643.0,0
1748609675,643.0,643.0,643.0,643.0,0
1748609680,643.0,643.0,643.0,643.0,0
1748609685,643.0,643.0,643.0,643.0,0
1748609690,643.0,643.0,643.0,643.0,0
1748609695,643.0,643.0,643.0,643.0,0
1748609700,643.0,643.0,643.0,643.0,0
1748609705,643.0,643.0,643.0,643.0,0
1748609710,643.0,643.0,643.0,643.0,0
1748609715,643.0,643.0,643.0,643.0,0
1748609720,643.0,643.0,643.0,643.0,0
1748609725,643.0,643.0,643.0,643.0,0
1748609730,643.0,643.0,643.0,643.0,0
1748609735,643.0,643.0,643.0,643.0,0
1748609740,643.0,643.0,643.0,643.0,0
1748609745,643.0,643.0,643.0,643.0,0
1748609750,643.0,643.0,643.0,643.0,0
1748609755,643.0,643.0,643.0,643.0,0
1748609760,643.0,643.0,643.0,643.0,0
1748609765,643.0,643.0,643.0,643.0,0
1748609770,642.5,642.66,642.5,642.5,16
1748609775,642.5,642.5,642.5,642.5,0
1748609780,642.5,642.5,642.5,642.5,0
1748609785,642.39,642.39,642.39,642.39,2
1748609790,642.39,642.39,642.39,642.39,0
1748609795,642.39,642.39,642.39,642.39,0
1748609800,642.39,642.39,642.39,642.39,0
1748609805,642.39,642.39,642.39,642.39,0
1748609810,642.39,642.39,642.39,642.39,0
1748609815,642.39,642.39,642.39,642.39,0
1748609820,642.39,642.39,642.39,642.39,0
1748609825,642.39,642.39,642.39,642.39,0
1748609830,642.39,642.39,642.39,642.39,0
1748609835,642.39,642.39,642.39,642.39,0
1748609840,642.39,642.39,642.39,642.39,0
1748609845,642.39,642.39,642.39,642.39,0
1748609850,642.39,642.39,642.39,642.39,0
1748609855,642.39,642.39,642.39,642.39,0
1748609860,642.39,642.39,642.39,642.39,0
1748609865,642.39,642.39,642.39,642.39,0
1748609870,642.39,642.39,642.39,642.39,0
1748609875,642.39,642.39,642.39,642.39,0
1748609880,642.39,642.39,642.39,642.39,0
1748609885,642.39,642.39,642.39,642.39,0
1748609890,642.39,642.39,642.39,642.39,0
1748609895,642.39,642.39,642.39,642.39,0
1748609900,642.39,642.39,642.39,642.39,0
1748609905,642.39,642.39,642.39,642.39,0
1748609910,642.39,642.39,642.39,642.39,0
1748609915,642.39,642.39,642.39,642.39,0
1748609920,642.39,642.39,642.39,642.39,0
1748609925,642.39,642.39,642.39,642.39,0
1748609930,642.39,642.39,642.39,642.39,0
1748609935,642.39,642.39,642.39,642.39,0
1748609940,642.39,642.39,642.39,642.39,0
1748609945,642.39,642.39,642.39,642.39,0
1748609950,642.0,642.0,642.0,642.0,23
1748609955,642.0,642.0,642.0,642.0,0
1748609960,642.0,642.0,642.0,642.0,0
1748609965,642.0,642.0,642.0,642.0,0
1748609970,642.0,642.0,642.0,642.0,0
1748609975,642.0,642.0,642.0,642.0,0
1748609980,642.0,642.0,642.0,642.0,0
1748609985,642.0,642.0,642.0,642.0,0
1748609990,642.0,642.0,642.0,642.0,0
1748609995,642.0,642.0,642.0,642.0,0
1748610000,642.0,642.0,642.0,642.0,0
1748610005,642.0,642.0,642.0,642.0,0
1748610010,642.0,642.0,642.0,642.0,0
1748610015,642.0,642.0,642.0,642.0,0
1748610020,642.0,642.0,642.0,642.0,0
1748610025,642.0,642.0,642.0,642.0,0
1748610030,642.0,642.0,642.0,642.0,0
1748610035,642.0,642.0,642.0,642.0,0
1748610040,642.0,642.0,642.0,642.0,0
1748610045,642.0,642.0,642.0,642.0,0
1748610050,642.0,642.0,642.0,642.0,0
1748610055,642.0,642.0,642.0,642.0,0
1748610060,642.0,642.0,642.0,642.0,0
1748610065,642.0,642.0,642.0,642.0,0
1748610070,642.5,642.5,642.5,642.5,110
1748610075,642.5,642.5,642.5,642.5,0
1748610080,642.5,642.5,642.5,642.5,0
1748610085,642.5,642.5,642.5,642.5,0
1748610090,642.5,642.5,642.5,642.5,0
1748610095,642.5,642.5,642.5,642.5,0
1748610100,642.5,642.5,642.5,642.5,0
1748610105,642.5,642.5,642.5,642.5,0
1748610110,642.5,642.5,642.5,642.5,0
1748610115,642.5,642.5,642.5,642.5,0
1748610120,642.5,642.5,642.5,642.5,0
1748610125,642.5,642.5,642.5,642.5,0
1748610130,641.72,641.72,641.72,641.72,37
1748610135,641.72,641.72,641.72,641.72,0
1748610140,641.72,641.72,641.72,641.72,0
1748610145,641.72,641.72,641.72,641.72,0
1748610150,641.72,641.72,641.72,641.72,0
1748610155,641.72,641.72,641.72,641.72,0
1748610160,641.72,641.72,641.72,641.72,0
1748610165,641.72,641.72,641.72,641.72,0
1748610170,641.72,641.72,641.72,641.72,0
1748610175,641.72,641.72,641.72,641.72,0
1748610180,641.72,641.72,641.72,641.72,0
1748610185,641.72,641.72,641.72,641.72,0
1748610190,641.72,641.72,641.72,641.72,0
1748610195,641.72,641.72,641.72,641.72,0
1748610200,642.1,642.1,642.1,642.1,2
1748610205,642.0,642.0,642.0,642.0,5
1748610210,642.0,642.0,642.0,642.0,0
1748610215,642.0,642.0,642.0,642.0,0
1748610220,642.5,642.5,642.5,642.5,5
1748610225,642.5,642.5,642.5,642.5,0
1748610230,642.5,642.5,642.5,642.5,0
1748610235,642.5,642.5,642.5,642.5,0
1748610240,642.5,642.5,642.5,642.5,0
1748610245,642.5,642.5,642.5,642.5,0
1748610250,642.5,642.5,642.5,642.5,0
1748610255,642.5,642.5,642.5,642.5,0
1748610260,642.5,642.5,642.5,642.5,0
1748610265,642.5,642.5,642.5,642.5,0
1748610270,642.5,642.5,642.5,642.5,0
1748610275,642.5,642.5,642.5,642.5,0
1748610280,642.5,642.5,642.5,642.5,0
1748610285,642.5,642.5,642.5,642.5,0
1748610290,642.5,642.5,642.5,642.5,0
1748610295,642.5,642.5,642.5,642.5,0
1748610300,642.5,642.5,642.5,642.5,0
1748610305,642.5,642.5,642.5,642.5,0
1748610310,642.5,642.5,642.5,642.5,0
1748610315,642.5,642.5,642.5,642.5,0
1748610320,642.5,642.5,642.5,642.5,0
1748610325,642.5,642.5,642.5,642.5,0
1748610330,642.5,642.5,642.5,642.5,0
1748610335,642.5,642.5,642.5,642.5,0
1748610340,642.5,642.5,642.5,642.5,0
1748610345,642.5,642.5,642.5,642.5,0
1748610350,642.5,642.5,642.5,642.5,0
1748610355,642.5,642.5,642.5,642.5,0
1748610360,642.5,642.5,642.5,642.5,0
1748610365,642.5,642.5,642.5,642.5,0
1748610370,642.5,642.5,642.5,642.5,0
1748610375,642.5,642.5,642.5,642.5,0
1748610380,642.75,642.75,642.75,642.75,8
1748610385,642.75,642.75,642.7,642.73,12
1748610390,642.73,642.73,642.73,642.73,0
1748610395,642.73,642.73,642.73,642.73,0
1748610400,642.73,642.73,642.73,642.73,0
1748610405,642.73,642.73,642.73,642.73,0
1748610410,642.73,642.73,642.73,642.73,0
1748610415,642.73,642.73,642.73,642.73,0
1748610420,642.75,642.75,642.75,642.75,2
1748610425,642.75,642.75,642.75,642.75,0
1748610430,642.75,642.75,642.7,642.7,114
1748610435,642.7,642.7,642.7,642.7,0
1748610440,642.7,642.7,642.7,642.7,0
1748610445,642.7,642.7,642.7,642.7,0
1748610450,642.7,642.7,642.7,642.7,0
1748610455,642.7,642.7,642.7,642.7,0
1748610460,642.7,642.7,642.7,642.7,0
1748610465,642.7,642.7,642.7,642.7,0
1748610470,642.7,642.7,642.7,642.7,0
1748610475,642.7,642.7,642.7,642.7,0
1748610480,642.7,642.7,642.7,642.7,0
1748610485,642.7,642.7,642.7,642.7,0
1748610490,642.7,642.7,642.7,642.7,0
1748610495,642.7,642.7,642.7,642.7,0
1748610500,642.7,642.7,642.7,642.7,0
1748610505,642.7,642.7,642.7,642.7,0
1748610510,642.7,642.7,642.7,642.7,0
1748610515,642.7,642.7,642.7,642.7,0
1748610520,642.7,642.7,642.7,642.7,0
1748610525,642.7,642.7,642.7,642.7,0
1748610530,642.7,642.7,642.7,642.7,0
1748610535,642.7,642.7,642.7,642.7,0
1748610540,642.7,642.7,642.7,642.7,0
1748610545,642.7,642.7,642.7,642.7,0
1748610550,642.7,642.7,642.7,642.7,0
1748610555,642.7,642.7,642.7,642.7,0
1748610560,642.7,642.7,642.7,642.7,0
1748610565,642.7,642.7,642.7,642.7,0
1748610570,642.7,642.7,642.7,642.7,0
1748610575,642.7,642.7,642.7,642.7,0
1748610580,642.7,642.7,642.7,642.7,0
1748610585,642.7,642.7,642.7,642.7,0
1748610590,642.7,642.7,642.7,642.7,0
1748610595,642.7,642.7,642.7,642.7,0
1748610600,642.7,642.7,642.7,642.7,0
1748610605,642.7,642.7,642.7,642.7,0
1748610610,642.7,642.7,642.7,642.7,0
1748610615,642.7,642.7,642.7,642.7,0
1748610620,642.7,642.7,642.7,642.7,0
1748610625,642.7,642.7,642.7,642.7,0
1748610630,642.7,642.7,642.7,642.7,0
1748610635,642.7,642.7,642.7,642.7,0
1748610640,642.7,642.7,642.7,642.7,0
1748610645,642.7,642.7,642.7,642.7,0
1748610650,642.7,642.7,642.7,642.7,0
1748610655,642.7,642.7,642.7,642.7,0
1748610660,642.7,642.7,642.7,642.7,0
1748610665,642.7,642.7,642.7,642.7,0
1748610670,642.7,642.7,642.7,642.7,0
1748610675,642.7,642.7,642.7,642.7,0
1748610680,642.7,642.7,642.7,642.7,0
1748610685,642.7,642.7,642.7,642.7,0
1748610690,642.7,642.7,642.7,642.7,0
1748610695,642.7,642.7,642.7,642.7,0
1748610700,642.7,642.7,642.7,642.7,0
1748610705,642.0,642.0,642.0,642.0,2
1748610710,642.0,642.0,642.0,642.0,0
1748610715,642.0,642.0,642.0,642.0,0
1748610720,642.0,642.0,642.0,642.0,0
1748610725,642.0,642.0,642.0,642.0,0
1748610730,642.0,642.0,642.0,642.0,0
1748610735,642.0,642.0,642.0,642.0,5
1748610740,642.0,642.0,642.0,642.0,0
1748610745,642.0,642.0,642.0,642.0,0
1748610750,642.0,642.0,642.0,642.0,0
1748610755,642.0,642.0,642.0,642.0,0
1748610760,642.0,642.0,642.0,642.0,0
1748610765,642.0,642.0,642.0,642.0,0
1748610770,642.0,642.0,642.0,642.0,0
1748610775,642.0,642.0,642.0,642.0,0
1748610780,642.0,642.0,642.0,642.0,0
1748610785,642.0,642.0,642.0,642.0,0
1748610790,642.0,642.0,642.0,642.0,0
1748610795,642.0,642.0,642.0,642.0,0
1748610800,642.0,642.0,642.0,642.0,0
1748610805,642.0,642.0,642.0,642.0,0
1748610810,642.0,642.0,642.0,642.0,0
1748610815,642.0,642.0,642.0,642.0,0
1748610820,642.0,642.0,642.0,642.0,0
1748610825,642.0,642.0,642.0,642.0,0
1748610830,642.0,642.0,642.0,642.0,0
1748610835,642.0,642.0,642.0,642.0,0
1748610840,642.0,642.0,642.0,642.0,0
1748610845,642.0,642.0,642.0,642.0,0
1748610850,642.0,642.0,642.0,642.0,0
1748610855,642.0,642.0,642.0,642.0,0
1748610860,642.0,642.0,642.0,642.0,0
1748610865,642.0,642.0,642.0,642.0,0
1748610870,642.0,642.0,642.0,642.0,0
1748610875,642.0,642.0,642.0,642.0,0
1748610880,642.0,642.0,642.0,642.0,0
1748610885,642.0,642.0,642.0,642.0,0
1748610890,642.0,642.0,642.0,642.0,0
1748610895,642.0,642.0,642.0,642.0,0
1748610900,642.0,642.0,642.0,642.0,0
1748610905,642.0,642.0,642.0,642.0,0
1748610910,642.0,642.0,642.0,642.0,0
1748610915,642.0,642.0,642.0,642.0,0
1748610920,642.0,642.0,642.0,642.0,0
1748610925,642.0,642.0,642.0,642.0,0
1748610930,642.0,642.0,642.0,642.0,0
1748610935,642.0,642.0,642.0,642.0,0
1748610940,642.0,642.0,642.0,642.0,0
1748610945,642.0,642.0,642.0,642.0,0
1748610950,642.0,642.0,642.0,642.0,0
1748610955,642.45,642.45,642.45,642.45,2
1748610960,642.45,642.45,642.45,642.45,0
1748610965,642.03,642.04,642.01,642.04,7
1748610970,642.04,642.04,642.04,642.04,0
1748610975,642.04,642.04,642.04,642.04,0
1748610980,642.04,642.04,642.04,642.04,0
1748610985,642.04,642.04,642.04,642.04,0
1748610990,642.04,642.04,642.04,642.04,0
1748610995,642.04,642.04,642.04,642.04,0
1748611000,642.04,642.04,642.04,642.04,0
1748611005,642.02,642.02,642.02,642.02,13
1748611010,642.02,642.02,642.02,642.02,0
1748611015,642.02,642.02,642.02,642.02,0
1748611020,642.02,642.02,642.02,642.02,0
1748611025,642.02,642.02,642.02,642.02,0
1748611030,642.02,642.02,642.02,642.02,0
1748611035,642.02,642.02,642.02,642.02,0
1748611040,642.02,642.02,642.02,642.02,0
1748611045,642.02,642.02,642.02,642.02,0
1748611050,642.02,642.02,642.02,642.02,0
1748611055,642.02,642.02,642.02,642.02,0
1748611060,643.0,643.0,643.0,643.0,5
1748611065,643.0,643.0,643.0,643.0,0
1748611070,643.0,643.0,643.0,643.0,0
1748611075,643.0,643.0,643.0,643.0,0
1748611080,643.0,643.0,643.0,643.0,0
1748611085,643.0,643.0,643.0,643.0,0
1748611090,643.0,643.0,643.0,643.0,0
1748611095,643.0,643.0,643.0,643.0,0
1748611100,643.0,643.0,643.0,643.0,0
1748611105,643.0,643.0,643.0,643.0,0
1748611110,643.0,643.0,643.0,643.0,0
1748611115,643.0,643.0,643.0,643.0,0
1748611120,643.0,643.0,643.0,643.0,0
1748611125,643.0,643.0,643.0,643.0,0
1748611130,643.0,643.0,643.0,643.0,0
1748611135,643.0,643.0,643.0,643.0,0
1748611140,643.0,643.0,643.0,643.0,0
1748611145,643.0,643.0,643.0,643.0,0
1748611150,643.0,643.0,643.0,643.0,0
1748611155,643.0,643.0,643.0,643.0,0
1748611160,643.0,643.0,643.0,643.0,0
1748611165,643.0,643.0,643.0,643.0,0
1748611170,643.0,643.0,643.0,643.0,0
1748611175,643.0,643.0,643.0,643.0,0
1748611180,643.0,643.0,643.0,643.0,0
1748611185,643.0,643.0,643.0,643.0,0
1748611190,643.0,643.0,643.0,643.0,0
1748611195,643.0,643.0,643.0,643.0,0
1748611200,643.0,643.0,643.0,643.0,0
1748611205,643.9,643.91,643.9,643.9,2
1748611210,643.9,643.91,643.9,643.9,0
1748611215,643.9,643.91,643.9,643.9,0
1748611220,643.9,643.91,643.9,643.9,0
1748611225,643.9,643.91,643.9,643.9,0
1748611230,643.9,643.91,643.9,643.9,0
1748611235,643.9,643.91,643.9,643.9,0
1748611240,643.9,643.91,643.9,643.9,0
1748611245,643.9,643.91,643.9,643.9,0
1748611250,643.9,643.91,643.9,643.9,0
1748611255,643.9,643.91,643.9,643.9,0
1748611260,643.9,643.91,643.9,643.9,0
1748611265,643.9,643.91,643.9,643.9,0
1748611270,643.9,643.91,643.9,643.9,0
1748611275,643.9,643.91,643.9,643.9,0
1748611280,643.9,643.91,643.9,643.9,0
1748611285,643.9,643.91,643.9,643.9,0
1748611290,643.9,643.91,643.9,643.9,0
1748611295,643.9,643.91,643.9,643.9,0
1748611300,643.9,643.91,643.9,643.9,0
1748611305,643.9,643.91,643.9,643.9,0
1748611310,643.9,643.91,643.9,643.9,0
1748611315,643.9,643.91,643.9,643.9,0
1748611320,643.9,643.91,643.9,643.9,0
1748611325,643.9,643.91,643.9,643.9,0
1748611330,643.9,643.91,643.9,643.9,0
1748611335,643.9,643.91,643.9,643.9,0
1748611340,643.9,643.91,643.9,643.9,0
1748611345,643.9,643.91,643.9,643.9,0
1748611350,643.9,643.91,643.9,643.9,0
1748611355,643.9,643.91,643.9,643.9,0
1748611360,643.9,643.91,643.9,643.9,0
1748611365,643.9,643.91,643.9,643.9,0
1748611370,643.9,643.91,643.9,643.9,0
1748611375,643.54,643.54,643.54,643.54,7
1748611380,643.54,643.54,643.54,643.54,0
1748611385,642.76,642.77,642.76,642.76,2
1748611390,642.76,642.77,642.76,642.76,0
1748611395,642.76,642.77,642.76,642.76,0
1748611400,642.76,642.77,642.76,642.76,0
1748611405,642.76,642.77,642.76,642.76,0
1748611410,642.76,642.77,642.76,642.76,0
1748611415,642.76,642.77,642.76,642.76,0
1748611420,642.76,642.77,642.76,642.76,0
1748611425,642.76,642.77,642.76,642.76,0
1748611430,642.76,642.77,642.76,642.76,0
1748611435,642.76,642.77,642.76,642.76,0
1748611440,642.76,642.77,642.76,642.76,0
1748611445,642.76,642.77,642.76,642.76,0
1748611450,642.76,642.77,642.76,642.76,0
1748611455,642.76,642.77,642.76,642.76,0
1748611460,642.76,642.77,642.76,642.76,0
1748611465,642.76,642.77,642.76,642.76,0
1748611470,642.76,642.77,642.76,642.76,0
1748611475,642.76,642.77,642.76,642.76,0
1748611480,642.01,642.01,641.82,641.82,20
1748611485,641.82,641.82,641.82,641.82,0
1748611490,642.68,642.68,642.68,642.68,2
1748611495,642.68,642.68,642.68,642.68,0
1748611500,642.0,642.0,641.3,641.3,19
1748611505,641.3,641.3,641.3,641.3,0
1748611510,641.3,641.3,641.3,641.3,0
1748611515,641.3,641.3,641.3,641.3,0
1748611520,641.3,641.3,641.3,641.3,0
1748611525,641.3,641.3,641.3,641.3,0
1748611530,641.3,641.3,641.3,641.3,0
1748611535,641.3,641.3,641.3,641.3,0
1748611540,641.3,641.3,641.3,641.3,0
1748611545,641.3,641.3,641.3,641.3,0
1748611550,641.3,641.3,641.3,641.3,0
1748611555,641.3,641.3,641.3,641.3,0
1748611560,641.3,641.3,641.3,641.3,0
1748611565,641.3,641.3,641.3,641.3,0
1748611570,641.3,641.3,641.3,641.3,0
1748611575,641.3,641.3,641.3,641.3,0
1748611580,641.3,641.3,641.3,641.3,0
1748611585,641.3,641.3,641.3,641.3,0
1748611590,641.3,641.3,641.3,641.3,0
1748611595,641.3,641.3,641.3,641.3,0
1748611600,641.3,641.3,641.3,641.3,0
1748611605,641.3,641.3,641.3,641.3,0
1748611610,641.3,641.3,641.3,641.3,0
1748611615,641.3,641.3,641.3,641.3,0
1748611620,641.3,641.3,641.3,641.3,0
1748611625,641.3,641.3,641.3,641.3,0
1748611630,641.3,641.3,641.3,641.3,0
1748611635,641.3,641.3,641.3,641.3,0
1748611640,641.3,641.3,641.3,641.3,0
1748611645,641.3,641.3,641.3,641.3,0
1748611650,641.3,641.3,641.3,641.3,0
1748611655,641.3,641.3,641.3,641.3,0
1748611660,641.89,642.3,641.89,642.3,18
1748611665,642.3,642.3,642.3,642.3,0
1748611670,641.95,641.96,641.95,641.96,16
1748611675,641.96,641.96,641.96,641.96,0
1748611680,641.96,641.96,641.96,641.96,0
1748611685,641.96,641.96,641.96,641.96,0
1748611690,641.96,641.96,641.96,641.96,0
1748611695,641.96,641.96,641.96,641.96,0
1748611700,641.96,641.96,641.96,641.96,0
1748611705,641.96,641.96,641.96,641.96,0
1748611710,641.96,641.96,641.96,641.96,0
1748611715,641.96,641.96,641.96,641.96,0
1748611720,641.96,641.96,641.96,641.96,0
1748611725,641.96,641.96,641.96,641.96,0
1748611730,641.96,641.96,641.96,641.96,0
1748611735,641.96,641.96,641.96,641.96,0
1748611740,641.96,641.96,641.96,641.96,0
1748611745,641.96,641.96,641.96,641.96,0
1748611750,641.96,641.96,641.96,641.96,0
1748611755,641.96,641.96,641.96,641.96,0
1748611760,641.96,641.96,641.96,641.96,0
1748611765,641.96,641.96,641.96,641.96,0
1748611770,641.96,641.96,641.96,641.96,0
1748611775,641.96,641.96,641.96,641.96,0
1748611780,641.96,641.96,641.96,641.96,0
1748611785,641.96,641.96,641.96,641.96,0
1748611790,641.96,641.96,641.96,641.96,0
1748611795,641.96,641.96,641.96,641.96,0
1748611800,642.5,644.04,642.5,643.38,3054
1748611805,643.45,643.45,643.02,643.27,54
1748611810,643.32,643.32,642.61,643.01,204
1748611815,642.43,642.75,642.0,642.34,42
1748611820,641.85,641.85,641.76,641.76,5
1748611825,642.03,642.03,640.33,640.99,313
1748611830,641.05,641.22,641.04,641.05,48
1748611835,641.05,641.07,640.73,640.93,82
1748611840,640.77,640.77,640.33,640.6,84
1748611845,640.6,640.71,640.23,640.51,64
1748611850,640.58,640.59,640.27,640.39,230
1748611855,640.56,640.56,639.79,639.79,365
1748611860,639.97,640.06,639.22,639.35,377
1748611865,639.22,639.46,639.22,639.37,8
1748611870,639.59,639.75,639.45,639.69,68
1748611875,639.88,639.88,639.14,639.88,200
1748611880,639.41,639.57,639.26,639.57,151
1748611885,639.57,640.38,639.52,639.63,328
1748611890,639.72,640.95,639.62,640.66,77
1748611895,640.71,640.71,639.86,639.94,51
1748611900,640.17,640.32,640.16,640.19,65
1748611905,639.83,640.21,639.77,640.21,37
1748611910,640.43,640.46,640.26,640.41,112
1748611915,640.41,640.41,639.9,640.08,77
1748611920,640.5,640.76,640.27,640.36,68
1748611925,640.6,640.82,640.47,640.5,93
1748611930,640.5,640.78,640.36,640.36,28
1748611935,640.17,640.52,640.17,640.51,66
1748611940,640.51,640.51,640.51,640.51,0
1748611945,640.56,640.88,640.34,640.87,35
1748611950,640.91,640.91,640.49,640.5,32
1748611955,640.5,640.52,640.02,640.35,78
1748611960,640.78,640.79,640.34,640.35,21
1748611965,640.0,640.13,639.71,639.91,121
1748611970,639.92,639.98,639.85,639.98,25
1748611975,639.89,639.89,639.89,639.89,2
1748611980,639.96,640.19,639.66,639.82,103
1748611985,640.0,640.25,639.91,640.0,44
1748611990,639.88,640.37,639.71,640.24,24
1748611995,640.44,640.83,640.44,640.83,98
1748612000,640.96,641.34,640.45,641.34,50
1748612005,640.97,640.98,640.21,640.55,46
1748612010,640.55,640.95,640.53,640.53,33
1748612015,640.69,641.01,640.31,640.32,351
1748612020,640.51,641.14,640.5,640.68,112
1748612025,640.62,640.67,640.62,640.67,29
1748612030,640.67,640.71,640.46,640.71,25
1748612035,640.76,640.76,640.76,640.76,4
1748612040,640.98,641.17,640.88,641.13,60
1748612045,641.08,641.08,640.99,641.08,27
1748612050,641.01,641.02,640.92,641.01,7
1748612055,641.22,641.5,641.22,641.36,10
1748612060,641.26,641.5,641.22,641.38,37
1748612065,641.38,641.38,641.0,641.26,51
1748612070,641.34,641.34,641.33,641.34,27
1748612075,641.32,641.33,640.81,641.09,251
1748612080,641.21,641.38,641.21,641.37,150
1748612085,641.21,641.21,641.09,641.1,12
1748612090,641.48,641.48,641.27,641.31,55
1748612095,641.1,641.26,641.1,641.17,10
1748612100,641.05,641.45,641.04,641.44,37
1748612105,641.16,641.16,640.82,640.83,38
1748612110,641.02,641.24,640.78,640.92,47
1748612115,640.92,641.0,640.8,640.92,30
1748612120,641.02,641.12,640.67,640.92,63
1748612125,641.15,641.15,640.47,640.48,20
1748612130,640.51,640.64,640.51,640.64,19
1748612135,641.0,641.06,640.73,640.73,69
1748612140,640.96,640.96,640.92,640.96,7
1748612145,640.83,641.25,640.83,641.02,23
1748612150,641.11,641.11,640.86,640.86,228
1748612155,641.19,641.35,641.17,641.35,69
1748612160,641.35,641.35,641.14,641.14,25
1748612165,641.09,641.2,641.01,641.01,69
1748612170,641.25,641.25,641.0,641.05,20
1748612175,641.02,641.02,640.94,640.97,25
1748612180,640.99,641.2,640.99,641.1,45
1748612185,641.09,641.17,641.09,641.17,12
1748612190,641.31,641.31,640.87,641.01,38
1748612195,641.31,641.31,641.02,641.11,20
1748612200,641.11,641.11,640.86,641.0,27
1748612205,641.0,641.03,640.99,641.03,5
1748612210,641.15,641.47,641.13,641.28,50
1748612215,641.35,641.56,641.35,641.56,31
1748612220,641.34,641.48,640.99,640.99,16
1748612225,641.65,641.65,641.14,641.14,35
1748612230,641.05,641.16,641.05,641.12,15
1748612235,641.23,641.23,641.07,641.07,10
1748612240,641.02,641.26,641.0,641.26,22
1748612245,641.48,641.48,641.21,641.21,20
1748612250,641.29,641.29,641.1,641.1,7
1748612255,641.03,641.31,641.03,641.3,18
1748612260,641.21,641.41,641.2,641.41,12
1748612265,641.46,641.46,641.46,641.46,2
1748612270,641.49,641.6,641.38,641.6,12
1748612275,641.6,641.72,641.43,641.44,49
1748612280,641.85,641.86,641.85,641.85,2
1748612285,641.68,642.2,641.66,641.84,69
1748612290,641.87,641.97,641.87,641.97,7
1748612295,641.88,641.97,641.86,641.87,10
1748612300,641.66,641.67,641.66,641.66,2
1748612305,641.8,641.85,641.62,641.85,25
1748612310,641.77,641.9,641.77,641.9,13
1748612315,641.66,641.66,641.6,641.61,12
1748612320,641.68,641.8,641.68,641.79,9
1748612325,641.79,641.79,641.78,641.79,25
1748612330,641.81,642.2,641.81,641.96,48
1748612335,641.92,641.92,641.63,641.69,20
1748612340,641.74,641.74,641.73,641.73,27
1748612345,641.87,641.87,641.72,641.77,15
1748612350,641.71,641.72,641.71,641.72,5
1748612355,642.0,642.5,642.0,642.41,28
1748612360,642.73,643.19,642.68,643.18,35
1748612365,643.01,643.25,642.94,642.94,59
1748612370,642.94,642.94,642.94,642.94,0
1748612375,642.86,642.86,642.61,642.77,30
1748612380,642.95,642.95,642.95,642.95,2
1748612385,643.13,643.15,642.97,642.97,35
1748612390,643.02,643.03,642.9,642.95,7
1748612395,642.75,642.75,642.72,642.74,10
1748612400,642.78,642.86,642.07,642.29,180
1748612405,642.07,642.4,642.06,642.4,55
1748612410,642.63,642.74,642.4,642.41,12
1748612415,642.31,642.59,642.3,642.59,7
1748612420,642.54,642.63,642.52,642.52,10
1748612425,642.53,642.93,642.53,642.93,20
1748612430,642.8,642.8,642.55,642.61,52
1748612435,642.91,642.91,642.53,642.53,12
1748612440,642.69,642.69,642.56,642.57,7
1748612445,642.38,642.59,642.31,642.45,18
1748612450,642.47,642.55,642.47,642.55,7
1748612455,642.52,642.52,642.45,642.46,7
1748612460,642.23,642.95,642.22,642.5,61
1748612465,642.71,642.71,642.71,642.71,2
1748612470,642.47,642.71,642.21,642.36,57
1748612475,642.21,642.35,642.21,642.34,7
1748612480,642.26,642.37,642.21,642.3,53
1748612485,642.37,642.4,642.11,642.11,28
1748612490,642.09,642.23,642.06,642.16,30
1748612495,642.05,642.17,642.05,642.17,12
1748612500,642.12,642.22,642.03,642.14,41
1748612505,642.16,642.16,642.15,642.16,5
1748612510,642.16,642.3,642.16,642.25,15
1748612515,642.25,642.46,642.24,642.25,12
1748612520,642.24,642.24,642.07,642.16,12
1748612525,642.24,642.24,641.9,642.08,122
1748612530,642.16,642.29,642.15,642.17,15
1748612535,642.16,642.16,641.87,641.96,45
1748612540,642.11,642.11,641.98,641.98,12
1748612545,641.98,642.1,641.96,642.03,31
1748612550,642.17,642.18,642.04,642.18,17
1748612555,642.05,642.1,642.05,642.1,5
1748612560,642.05,642.05,641.9,641.91,32
1748612565,642.04,642.04,641.79,641.79,63
1748612570,641.7,641.88,641.5,641.51,61
1748612575,641.5,641.66,641.5,641.66,10
1748612580,641.73,641.73,641.39,641.45,37
1748612585,641.46,641.6,641.28,641.57,52
1748612590,641.67,641.67,641.54,641.58,21
1748612595,641.5,641.5,641.5,641.5,2
1748612600,641.81,642.03,641.81,642.0,41
1748612605,642.03,642.03,642.03,642.03,2
1748612610,641.72,642.0,641.71,641.76,24
1748612615,641.75,642.15,641.71,642.15,75
1748612620,642.13,642.2,642.07,642.12,47
1748612625,641.96,642.1,641.62,641.62,15
1748612630,641.88,641.88,641.87,641.88,5
1748612635,641.88,641.88,641.87,641.88,5
1748612640,641.89,641.89,641.7,641.89,20
1748612645,641.82,641.89,641.82,641.89,7
1748612650,641.89,641.89,641.45,641.48,324
1748612655,641.66,641.89,641.48,641.48,22
1748612660,641.26,641.45,641.17,641.36,37
1748612665,641.23,641.44,640.89,641.21,103
1748612670,641.05,641.05,640.77,640.92,17
1748612675,640.92,640.99,640.78,640.83,32
1748612680,640.89,641.06,640.77,641.06,96
1748612685,640.99,641.06,640.77,641.06,40
1748612690,640.78,641.06,640.68,640.77,54
1748612695,640.9,640.99,640.74,640.77,62
1748612700,640.77,641.06,640.77,640.9,55
1748612705,640.92,640.98,640.72,640.78,52
1748612710,640.78,640.89,640.71,640.78,54
1748612715,640.67,640.78,640.38,640.59,92
1748612720,640.35,640.75,640.35,640.7,35
1748612725,640.64,640.77,640.36,640.58,92
1748612730,640.58,640.65,640.4,640.44,22
1748612735,640.4,640.77,640.4,640.73,124
1748612740,640.56,640.6,640.56,640.6,12
1748612745,640.6,640.88,640.59,640.82,20
1748612750,641.0,641.45,640.87,641.23,54
1748612755,641.23,641.55,641.22,641.55,34
1748612760,641.52,641.8,641.52,641.57,15
1748612765,641.59,641.59,641.59,641.59,2
1748612770,641.74,641.74,641.52,641.6,25
1748612775,641.74,641.8,641.59,641.76,16
1748612780,641.6,641.6,641.39,641.39,47
1748612785,641.41,641.7,641.13,641.19,47
1748612790,641.19,641.19,641.18,641.19,0
1748612795,641.0,641.04,640.85,640.86,17
1748612800,640.86,641.14,640.85,641.14,21
1748612805,641.17,641.17,640.95,640.99,15
1748612810,641.06,641.06,641.05,641.06,2
1748612815,641.05,641.05,640.69,640.69,87
1748612820,640.88,640.88,640.69,640.71,17
1748612825,640.83,640.83,640.39,640.5,115
1748612830,640.46,640.59,640.27,640.3,79
1748612835,640.44,640.46,640.29,640.46,19
1748612840,640.49,640.64,640.4,640.64,15
1748612845,640.93,641.0,640.7,640.76,15
1748612850,641.0,641.0,640.64,640.64,16
1748612855,640.54,640.6,640.46,640.6,36
1748612860,640.6,641.0,640.58,640.73,48
1748612865,640.73,641.0,640.73,641.0,26
1748612870,640.82,640.82,640.73,640.82,7
1748612875,640.63,640.71,640.48,640.5,131
1748612880,640.41,640.52,640.41,640.51,9
1748612885,640.49,640.79,640.49,640.59,28
1748612890,640.79,640.82,640.63,640.73,52
1748612895,640.71,641.0,640.71,640.8,30
1748612900,640.8,640.8,640.32,640.5,50
1748612905,640.53,640.58,640.53,640.58,7
1748612910,640.46,640.56,640.46,640.56,15
1748612915,640.62,640.65,640.62,640.65,12
1748612920,640.62,640.84,640.51,640.51,32
1748612925,640.56,640.77,640.53,640.77,20
1748612930,640.59,640.83,640.49,640.62,70
1748612935,640.84,641.37,640.72,641.15,77
1748612940,641.13,641.23,640.7,640.73,276
1748612945,640.69,640.69,640.39,640.41,25
1748612950,640.54,640.54,640.39,640.53,15
1748612955,640.56,640.68,640.56,640.68,7
1748612960,640.81,640.9,640.77,640.77,12
1748612965,640.75,641.06,640.74,641.03,62
1748612970,641.02,641.02,641.01,641.01,7
1748612975,640.9,640.9,640.72,640.74,22
1748612980,640.71,640.71,640.65,640.66,10
1748612985,640.66,640.72,640.59,640.59,17
1748612990,640.66,640.66,640.65,640.66,5
1748612995,640.53,640.53,640.53,640.53,5
1748613000,640.66,640.66,640.6,640.6,12
1748613005,640.51,640.51,640.49,640.49,20
1748613010,640.42,640.42,640.27,640.36,47
1748613015,640.56,640.87,640.35,640.87,57
1748613020,640.81,640.81,640.75,640.75,5
1748613025,640.86,640.86,640.84,640.86,7
1748613030,640.68,640.68,640.53,640.57,62
1748613035,640.7,640.76,640.7,640.75,17
1748613040,640.75,640.78,640.75,640.75,10
1748613045,640.75,640.75,640.75,640.75,2
1748613050,640.5,640.58,640.14,640.15,52
1748613055,640.16,640.25,640.05,640.25,24
1748613060,640.19,640.44,639.75,639.75,395
1748613065,640.01,640.26,639.84,639.84,62
1748613070,639.75,640.0,639.75,639.84,24
1748613075,639.89,639.94,639.89,639.94,7
1748613080,639.89,639.91,639.83,639.89,31
1748613085,639.92,639.92,639.91,639.92,5
1748613090,640.03,640.04,639.74,639.75,172
1748613095,639.75,639.75,639.5,639.5,23
1748613100,639.58,639.7,639.4,639.65,195
1748613105,639.63,639.87,639.51,639.87,79
1748613110,639.51,639.96,639.51,639.96,23
1748613115,639.5,639.52,639.5,639.52,5
1748613120,639.6,639.6,639.18,639.18,79
1748613125,639.26,639.39,639.26,639.39,35
1748613130,639.56,639.56,639.38,639.4,25
1748613135,639.48,639.62,639.41,639.41,21
1748613140,639.39,639.47,639.33,639.44,100
1748613145,639.36,639.45,639.36,639.36,15
1748613150,639.32,639.34,639.32,639.34,10
1748613155,639.23,639.51,639.23,639.39,74
1748613160,639.38,639.4,639.37,639.39,12
1748613165,639.29,639.4,639.21,639.4,39
1748613170,639.4,639.44,639.4,639.43,11
1748613175,639.44,639.58,639.31,639.58,25
1748613180,639.58,639.59,639.4,639.54,37
1748613185,639.49,639.58,639.3,639.3,20
1748613190,639.25,639.6,639.25,639.43,55
1748613195,639.55,639.55,639.31,639.37,22
1748613200,639.74,639.74,639.74,639.74,7
1748613205,639.74,639.74,639.73,639.74,2
1748613210,639.86,639.87,639.66,639.66,25
1748613215,639.85,639.85,639.77,639.77,17
1748613220,639.71,639.71,639.66,639.71,12
1748613225,639.76,639.78,639.69,639.72,22
1748613230,639.72,639.88,639.72,639.76,17
1748613235,639.67,640.04,639.66,640.04,33
1748613240,640.15,640.16,640.06,640.06,16
1748613245,640.15,640.29,640.14,640.26,94
1748613250,640.17,640.17,640.16,640.17,3
1748613255,640.39,640.45,640.2,640.34,97
1748613260,640.29,640.45,640.28,640.34,27
1748613265,640.31,640.7,640.3,640.69,28
1748613270,640.57,640.81,640.55,640.56,91
1748613275,640.71,640.89,640.66,640.89,73
1748613280,640.77,640.78,640.72,640.77,15
1748613285,640.84,640.84,640.77,640.77,10
1748613290,640.67,641.0,640.67,641.0,35
1748613295,641.0,641.0,640.99,640.99,50
1748613300,640.96,640.96,640.95,640.95,5
1748613305,640.88,641.12,640.88,641.12,20
1748613310,640.99,641.04,640.93,641.04,14
1748613315,641.0,641.0,641.0,641.0,7
1748613320,641.19,641.19,641.11,641.12,15
1748613325,641.12,641.12,641.11,641.12,0
1748613330,641.09,641.09,640.91,641.07,37
1748613335,641.0,641.25,641.0,641.2,165
1748613340,641.38,641.41,641.35,641.41,22
1748613345,641.28,641.4,641.23,641.4,88
1748613350,641.06,641.14,641.01,641.01,27
1748613355,641.02,641.24,641.0,641.23,30
1748613360,641.16,641.16,641.01,641.15,25
1748613365,641.3,641.59,641.28,641.59,50
1748613370,641.35,641.48,641.35,641.48,20
1748613375,641.47,641.47,641.34,641.35,22
1748613380,641.38,641.38,641.22,641.27,25
1748613385,641.11,641.36,641.11,641.36,62
1748613390,641.36,641.36,641.36,641.36,0
1748613395,641.4,641.4,641.4,641.4,2
1748613400,641.41,641.44,641.38,641.38,10
1748613405,641.38,641.38,641.38,641.38,0
1748613410,641.37,641.75,641.32,641.37,57
1748613415,641.37,641.38,641.37,641.37,0
1748613420,641.86,641.86,641.75,641.78,12
1748613425,641.86,641.87,641.8,641.8,5
1748613430,641.53,642.0,641.53,641.97,35
1748613435,641.81,641.81,641.66,641.79,25
1748613440,641.82,641.86,641.82,641.86,7
1748613445,641.71,641.79,641.64,641.64,8
1748613450,641.64,641.72,641.64,641.64,21
1748613455,641.73,641.77,641.72,641.76,6
1748613460,642.0,642.14,642.0,642.14,94
1748613465,642.12,642.22,642.12,642.22,6
1748613470,642.12,642.12,642.07,642.07,7
1748613475,642.07,642.07,641.87,641.87,24
1748613480,641.87,641.87,641.87,641.87,0
1748613485,641.87,641.87,641.87,641.87,0
1748613490,641.97,642.2,641.97,642.2,53
1748613495,642.2,642.2,642.19,642.2,0
1748613500,642.2,642.2,642.02,642.02,5
1748613505,642.02,642.02,642.02,642.02,2
1748613510,642.1,642.17,642.1,642.17,10
1748613515,642.06,642.06,642.05,642.06,2
1748613520,642.1,642.1,642.09,642.1,5
1748613525,642.25,642.31,641.94,642.21,73
1748613530,642.36,642.36,641.94,641.95,19
1748613535,641.95,642.11,641.85,642.11,36
1748613540,642.09,642.09,641.85,641.95,43
1748613545,641.84,642.05,641.84,642.05,12
1748613550,642.05,642.05,641.9,642.05,11
1748613555,641.93,641.93,641.92,641.92,7
1748613560,641.8,641.81,641.8,641.8,27
1748613565,641.99,642.05,641.91,642.04,29
1748613570,641.95,642.06,641.8,641.88,30
1748613575,641.83,641.83,641.83,641.83,2
1748613580,641.68,641.84,641.64,641.64,17
1748613585,641.71,641.71,641.56,641.71,37
1748613590,641.85,641.85,641.77,641.77,18
1748613595,641.75,641.75,641.74,641.75,2
1748613600,641.87,642.5,641.87,642.3,73
1748613605,642.31,642.58,642.3,642.58,16
1748613610,642.36,642.51,642.17,642.5,23
1748613615,642.36,642.36,642.35,642.36,21
1748613620,642.39,642.39,642.39,642.39,5
1748613625,642.4,643.0,642.4,642.87,80
1748613630,642.87,642.87,642.72,642.74,42
1748613635,642.78,642.78,642.62,642.68,38
1748613640,642.52,642.88,642.44,642.88,26
1748613645,642.87,642.87,642.44,642.44,20
1748613650,642.89,643.0,642.8,642.8,142
1748613655,642.86,643.36,642.84,643.36,111
1748613660,643.48,643.72,643.48,643.58,33
1748613665,643.49,643.56,643.35,643.5,36
1748613670,643.5,643.51,643.29,643.41,17
1748613675,643.41,643.41,643.18,643.29,15
1748613680,643.43,643.46,643.3,643.45,22
1748613685,643.54,643.74,643.41,643.68,303
1748613690,643.73,643.97,643.69,643.97,58
1748613695,643.89,644.25,643.83,644.25,91
1748613700,644.03,644.35,644.0,644.33,67
1748613705,644.04,644.15,644.03,644.14,14
1748613710,644.0,644.3,644.0,644.12,23
1748613715,644.12,644.12,644.07,644.07,14
1748613720,644.25,644.25,644.12,644.14,12
1748613725,644.09,644.1,644.08,644.08,7
1748613730,644.11,644.12,644.0,644.07,47
1748613735,644.0,644.07,643.89,643.89,43
1748613740,643.89,643.95,643.88,643.88,11
1748613745,643.76,643.77,643.43,643.64,35
1748613750,643.43,643.59,643.43,643.59,30
1748613755,643.73,643.73,643.73,643.73,6
1748613760,643.54,643.59,643.3,643.3,62
1748613765,643.39,643.52,643.39,643.52,27
1748613770,643.54,643.54,643.53,643.54,5
1748613775,643.54,643.54,643.54,643.54,5
1748613780,643.77,643.77,643.63,643.63,10
1748613785,643.74,643.81,643.51,643.51,15
1748613790,643.72,643.72,643.71,643.72,2
1748613795,643.75,643.91,643.75,643.84,21
1748613800,643.84,643.84,643.79,643.84,15
1748613805,643.83,644.0,643.83,644.0,30
1748613810,643.88,643.88,643.88,643.88,2
1748613815,643.76,643.92,643.67,643.92,27
1748613820,643.9,643.9,643.69,643.7,98
1748613825,643.79,643.79,643.62,643.63,37
1748613830,643.63,643.65,643.59,643.6,15
1748613835,643.65,643.65,643.47,643.47,61
1748613840,643.49,643.49,643.49,643.49,10
1748613845,643.44,643.51,643.31,643.31,23
1748613850,643.36,643.49,643.24,643.41,33
1748613855,643.57,643.79,643.54,643.62,42
1748613860,643.62,643.78,643.55,643.68,101
1748613865,643.78,643.92,643.78,643.91,33
1748613870,643.81,643.81,643.73,643.74,16
1748613875,643.81,643.81,643.75,643.75,11
1748613880,643.75,643.86,643.75,643.81,33
1748613885,643.84,643.84,643.84,643.84,2
1748613890,643.85,644.0,643.75,643.75,106
1748613895,643.67,643.67,643.66,643.67,37
1748613900,643.56,643.88,643.56,643.84,22
1748613905,643.89,644.17,643.89,644.17,37
1748613910,644.12,644.12,643.85,643.85,10
1748613915,643.79,644.0,643.78,643.79,18
1748613920,643.79,643.79,643.78,643.79,0
1748613925,644.0,644.34,643.89,644.34,30
1748613930,644.37,644.4,644.14,644.17,177
1748613935,644.19,644.22,644.19,644.22,5
1748613940,644.33,644.33,644.0,644.09,22
1748613945,644.09,644.22,643.87,644.22,18
1748613950,644.35,644.35,644.18,644.19,11
1748613955,644.2,644.42,644.16,644.24,72
1748613960,644.22,644.24,644.21,644.24,12
1748613965,644.15,644.36,644.15,644.24,15
1748613970,644.22,644.44,644.21,644.29,16
1748613975,644.46,644.46,644.18,644.18,21
1748613980,644.33,644.4,644.12,644.26,47
1748613985,644.26,644.26,644.22,644.25,10
1748613990,644.18,644.35,644.0,644.35,39
1748613995,644.44,644.44,644.12,644.12,45
1748614000,644.35,644.4,644.22,644.4,23
1748614005,644.24,644.4,644.24,644.4,6
1748614010,644.22,644.39,644.22,644.37,12
1748614015,644.4,644.4,644.15,644.17,41
1748614020,644.29,644.29,644.29,644.29,34
1748614025,644.27,644.44,644.27,644.44,6
1748614030,644.48,644.53,644.4,644.4,52
1748614035,644.41,644.62,644.41,644.6,21
1748614040,644.38,644.5,644.35,644.5,12
1748614045,644.59,644.88,644.59,644.8,122
1748614050,644.9,644.9,644.59,644.59,31
1748614055,644.61,644.77,644.61,644.77,7
1748614060,644.68,644.9,644.67,644.69,24
1748614065,644.69,644.69,644.69,644.69,23
1748614070,644.77,644.93,644.77,644.81,24
1748614075,644.83,644.89,644.76,644.78,24
1748614080,644.95,644.96,644.81,644.96,98
1748614085,644.96,645.11,644.81,644.84,533
1748614090,644.89,644.94,644.64,644.82,23
1748614095,644.93,644.93,644.85,644.85,5
1748614100,644.88,645.09,644.87,645.09,26
1748614105,644.95,644.95,644.84,644.88,12
1748614110,644.99,645.0,644.77,644.78,22
1748614115,645.0,645.0,644.63,644.78,48
1748614120,644.74,644.94,644.74,644.8,32
1748614125,644.89,644.97,644.83,644.84,137
1748614130,644.84,644.89,644.83,644.89,10
1748614135,644.84,644.84,644.66,644.73,31
1748614140,644.78,644.99,644.78,644.82,15
1748614145,644.75,644.75,644.75,644.75,2
1748614150,644.82,644.82,644.75,644.75,10
1748614155,644.65,644.71,644.5,644.58,48
1748614160,644.67,644.67,644.67,644.67,2
1748614165,644.82,644.9,644.78,644.78,25
1748614170,644.78,644.87,644.78,644.87,14
1748614175,644.87,644.87,644.69,644.69,15
1748614180,644.95,645.13,644.95,645.13,138
1748614185,645.06,645.14,645.0,645.05,63
1748614190,644.96,645.03,644.92,644.92,22
1748614195,644.97,644.98,644.65,644.65,25
1748614200,644.75,644.75,644.75,644.75,6
1748614205,644.86,644.9,644.6,644.74,21
1748614210,644.63,644.79,644.46,644.5,78
1748614215,644.48,644.48,644.04,644.34,65
1748614220,644.24,644.27,644.23,644.24,10
1748614225,644.15,644.28,644.13,644.19,50
1748614230,644.15,644.34,644.15,644.16,15
1748614235,644.25,644.25,644.25,644.25,2
1748614240,644.27,644.65,644.27,644.65,21
1748614245,644.52,644.71,644.52,644.67,27
1748614250,644.72,645.08,644.71,644.94,39
1748614255,644.94,645.1,644.77,645.1,27
1748614260,644.91,645.06,644.91,645.06,27
1748614265,644.92,645.07,644.92,645.07,47
1748614270,645.1,645.15,645.06,645.1,24
1748614275,644.93,645.01,644.92,645.01,32
1748614280,645.08,645.08,644.92,644.93,25
1748614285,644.93,644.93,644.88,644.88,15
1748614290,644.86,644.86,644.81,644.82,8
1748614295,644.86,644.88,644.84,644.84,17
1748614300,644.86,644.95,644.86,644.94,23
1748614305,644.79,644.8,644.77,644.79,20
1748614310,644.79,644.8,644.79,644.8,5
1748614315,645.0,645.0,644.8,644.8,18
1748614320,644.86,644.86,644.86,644.86,5
1748614325,644.86,644.86,644.68,644.74,133
1748614330,644.75,644.76,644.75,644.75,6
1748614335,644.97,645.08,644.97,645.08,14
1748614340,645.08,645.14,644.99,644.99,12
1748614345,644.99,645.0,644.84,644.91,111
1748614350,644.92,644.92,644.78,644.78,7
1748614355,644.79,644.79,644.79,644.79,2
1748614360,644.92,644.93,644.87,644.92,12
1748614365,645.1,645.75,645.1,645.74,146
1748614370,645.58,645.88,645.46,645.87,62
1748614375,645.85,645.86,645.67,645.72,68
1748614380,645.83,645.93,645.79,645.93,53
1748614385,645.88,645.89,645.64,645.64,164
1748614390,645.73,646.0,645.73,645.81,128
1748614395,645.87,645.97,645.84,645.84,26
1748614400,645.74,645.85,645.74,645.78,17
1748614405,645.83,645.83,645.63,645.71,25
1748614410,645.8,645.85,645.51,645.54,48
1748614415,645.62,645.64,645.49,645.62,182
1748614420,645.85,645.85,645.85,645.85,2
1748614425,645.77,645.97,645.77,645.83,23
1748614430,645.83,645.83,645.75,645.75,7
1748614435,645.96,646.07,645.89,646.07,110
1748614440,646.01,646.22,645.94,646.22,27
1748614445,646.27,646.3,646.13,646.15,16
1748614450,646.2,646.3,646.15,646.24,39
1748614455,646.4,646.48,646.17,646.17,33
1748614460,646.29,646.32,646.12,646.18,29
1748614465,646.1,646.4,646.04,646.15,20
1748614470,646.15,646.22,646.04,646.15,43
1748614475,646.11,646.16,646.11,646.16,14
1748614480,646.06,646.15,646.01,646.14,72
1748614485,646.18,646.3,646.18,646.27,14
1748614490,646.27,646.29,646.19,646.29,76
1748614495,646.4,646.4,646.34,646.35,5
1748614500,646.31,646.31,645.88,645.89,41
1748614505,645.84,646.0,645.76,645.79,27
1748614510,645.79,645.79,645.77,645.77,7
1748614515,645.79,645.89,645.74,645.89,46
1748614520,645.89,645.89,645.88,645.89,0
1748614525,645.58,645.73,645.55,645.67,22
1748614530,645.67,645.67,645.67,645.67,0
1748614535,645.86,645.86,645.86,645.86,4
1748614540,646.04,646.04,645.89,645.91,23
1748614545,646.0,646.0,645.99,646.0,20
1748614550,646.04,646.04,646.03,646.04,5
1748614555,646.04,646.04,646.03,646.04,2
1748614560,646.41,646.41,646.27,646.27,7
1748614565,646.42,646.42,646.22,646.35,25
1748614570,646.35,646.44,646.34,646.44,8
1748614575,646.48,646.66,646.33,646.59,160
1748614580,646.52,646.53,646.32,646.32,30
1748614585,646.32,646.32,646.32,646.32,0
1748614590,646.4,646.4,645.92,645.95,70
1748614595,645.93,645.97,645.92,645.97,12
1748614600,646.0,646.02,646.0,646.02,5
1748614605,646.06,646.06,645.9,645.9,5
1748614610,645.78,645.91,645.62,645.9,9
1748614615,645.74,645.74,645.73,645.74,5
1748614620,645.74,645.74,645.73,645.74,0
1748614625,645.73,645.84,645.73,645.73,15
1748614630,645.62,645.77,645.62,645.7,32
1748614635,645.69,645.78,645.69,645.7,23
1748614640,645.78,646.01,645.78,646.01,31
1748614645,645.77,645.95,645.76,645.95,13
1748614650,645.95,645.95,645.95,645.95,0
1748614655,645.82,645.94,645.81,645.86,10
1748614660,645.86,645.86,645.85,645.86,0
1748614665,645.86,645.92,645.77,645.92,25
1748614670,645.8,645.9,645.78,645.79,12
1748614675,645.91,645.91,645.8,645.81,7
1748614680,645.81,645.82,645.81,645.82,10
1748614685,645.8,645.8,645.78,645.79,10
1748614690,645.76,645.76,645.76,645.76,2
1748614695,645.79,645.8,645.79,645.79,2
1748614700,645.79,645.8,645.79,645.79,0
1748614705,645.8,645.8,645.61,645.68,64
1748614710,645.73,645.73,645.72,645.73,28
1748614715,645.73,645.84,645.72,645.75,12
1748614720,645.74,645.74,645.26,645.41,56
1748614725,645.41,645.41,645.41,645.41,0
1748614730,645.38,645.38,645.38,645.38,2
1748614735,645.37,645.48,645.36,645.4,20
1748614740,645.4,645.4,645.4,645.4,0
1748614745,645.39,645.39,645.21,645.27,20
1748614750,645.36,645.37,645.36,645.37,6
1748614755,645.16,645.35,645.01,645.29,15
1748614760,645.29,645.29,645.29,645.29,0
1748614765,645.01,645.2,645.01,645.18,36
1748614770,645.19,645.25,645.18,645.25,7
1748614775,645.25,645.25,645.24,645.25,0
1748614780,645.35,645.35,645.35,645.35,2
1748614785,645.37,645.5,645.36,645.41,12
1748614790,645.56,645.56,645.56,645.56,2
1748614795,645.52,645.71,645.52,645.71,31
1748614800,645.95,645.96,645.9,645.95,7
1748614805,645.95,645.95,645.95,645.95,0
1748614810,645.95,645.95,645.95,645.95,2
1748614815,645.67,645.68,645.67,645.67,5
1748614820,645.67,645.68,645.67,645.67,0
1748614825,645.98,645.99,645.86,645.87,14
1748614830,645.87,645.87,645.74,645.74,20
1748614835,645.89,645.89,645.53,645.53,35
1748614840,645.79,645.79,645.66,645.66,5
1748614845,645.66,645.66,645.66,645.66,0
1748614850,645.72,645.73,645.72,645.73,5
1748614855,645.84,645.84,645.49,645.49,35
1748614860,645.71,645.71,645.7,645.7,7
1748614865,645.6,645.6,645.55,645.55,7
1748614870,645.7,645.7,645.7,645.7,5
1748614875,645.63,645.63,645.62,645.63,5
1748614880,645.75,645.8,645.71,645.78,12
1748614885,645.74,645.74,645.74,645.74,2
1748614890,645.76,645.77,645.76,645.76,150
1748614895,645.71,645.71,645.71,645.71,2
1748614900,645.56,645.73,645.55,645.73,25
1748614905,645.73,645.91,645.73,645.91,12
1748614910,645.83,645.83,645.83,645.83,2
1748614915,645.89,645.89,645.78,645.81,22
1748614920,645.8,645.87,645.74,645.84,35
1748614925,645.82,645.82,645.82,645.82,2
1748614930,645.74,645.74,645.7,645.74,18
1748614935,645.74,645.74,645.54,645.54,15
1748614940,645.68,645.85,645.68,645.85,14
1748614945,645.69,645.69,645.68,645.68,7
1748614950,645.65,645.65,645.65,645.65,2
1748614955,645.6,645.6,645.59,645.6,19
1748614960,645.6,645.64,645.59,645.63,13
1748614965,645.73,645.76,645.73,645.76,7
1748614970,645.84,645.84,645.84,645.84,2
1748614975,645.84,645.84,645.7,645.79,17
1748614980,645.79,645.79,645.55,645.56,45
1748614985,645.55,645.66,645.41,645.41,50
1748614990,645.66,645.66,645.65,645.66,2
1748614995,645.7,645.7,645.69,645.7,16
1748615000,645.79,645.79,645.79,645.79,7
1748615005,645.79,645.93,645.73,645.73,43
1748615010,645.85,645.85,645.7,645.77,35
1748615015,645.8,645.92,645.79,645.8,40
1748615020,645.8,645.8,645.79,645.8,0
1748615025,645.93,645.96,645.93,645.95,22
1748615030,645.98,646.0,645.82,645.82,102
1748615035,645.74,645.74,645.71,645.72,15
1748615040,645.71,645.75,645.67,645.67,12
1748615045,645.67,645.67,645.67,645.67,0
1748615050,645.83,645.83,645.82,645.83,5
1748615055,645.82,646.0,645.64,645.79,57
1748615060,645.81,645.81,645.81,645.81,2
1748615065,645.82,645.82,645.82,645.82,2
1748615070,645.82,645.98,645.81,645.83,19
1748615075,645.85,646.14,645.85,646.14,67
1748615080,646.15,646.3,646.15,646.24,41
1748615085,646.24,646.25,646.11,646.11,31
1748615090,646.04,646.04,645.76,645.88,35
1748615095,645.88,646.03,645.64,646.02,13
1748615100,645.85,645.87,645.83,645.83,7
1748615105,645.74,645.74,645.72,645.72,8
1748615110,645.63,645.84,645.56,645.75,15
1748615115,645.77,645.77,645.77,645.77,7
1748615120,645.77,645.77,645.77,645.77,0
1748615125,645.73,645.73,645.5,645.54,44
1748615130,645.33,645.47,645.3,645.47,16
1748615135,645.34,645.4,645.3,645.39,49
1748615140,645.39,645.4,645.39,645.39,0
1748615145,645.58,645.78,645.58,645.78,52
1748615150,645.76,645.97,645.76,645.79,38
1748615155,645.75,645.76,645.72,645.76,14
1748615160,645.76,645.76,645.76,645.76,0
1748615165,645.76,645.76,645.76,645.76,0
1748615170,645.86,645.86,645.8,645.8,7
1748615175,645.87,645.87,645.74,645.8,11
1748615180,645.8,645.8,645.73,645.74,5
1748615185,645.8,645.92,645.79,645.92,5
1748615190,645.81,645.81,645.71,645.81,27
1748615195,645.81,645.81,645.81,645.81,0
1748615200,645.67,645.79,645.67,645.79,18
1748615205,645.79,645.79,645.79,645.79,5
1748615210,645.79,645.91,645.7,645.91,21
1748615215,645.66,645.67,645.3,645.34,39
1748615220,645.34,645.34,645.33,645.34,0
1748615225,645.48,645.48,645.48,645.48,2
1748615230,645.49,645.49,645.43,645.45,7
1748615235,645.45,645.45,645.07,645.07,15
1748615240,645.26,645.26,645.26,645.26,5
1748615245,645.2,645.28,645.2,645.28,12
1748615250,645.28,645.28,645.28,645.28,9
1748615255,645.45,645.63,645.44,645.63,12
1748615260,645.72,645.72,645.71,645.71,5
1748615265,645.88,645.88,645.88,645.88,2
1748615270,645.9,645.9,645.81,645.81,9
1748615275,645.75,645.82,645.75,645.82,17
1748615280,645.9,645.9,645.88,645.88,5
1748615285,645.88,646.0,645.85,645.99,50
1748615290,646.0,646.0,645.99,645.99,12
1748615295,646.06,646.06,646.06,646.06,2
1748615300,646.06,646.06,646.06,646.06,0
1748615305,646.07,646.07,646.06,646.07,2
1748615310,646.19,646.39,646.18,646.39,6
1748615315,646.4,646.67,646.36,646.37,60
1748615320,646.37,646.37,646.34,646.34,17
1748615325,646.37,646.37,646.18,646.18,17
1748615330,646.31,646.37,646.3,646.32,11
1748615335,646.18,646.18,646.06,646.06,37
1748615340,646.06,646.22,646.06,646.22,11
1748615345,646.22,646.22,646.22,646.22,0
1748615350,646.07,646.07,645.9,645.9,8
1748615355,645.9,645.9,645.9,645.9,0
1748615360,645.89,645.92,645.89,645.9,7
1748615365,645.63,645.63,645.63,645.63,2
1748615370,645.75,645.77,645.57,645.57,7
1748615375,645.7,645.7,645.34,645.37,21
1748615380,645.48,645.48,645.45,645.45,43
1748615385,645.45,645.64,645.45,645.64,25
1748615390,645.42,645.57,645.42,645.54,7
1748615395,645.5,645.7,645.5,645.7,12
1748615400,645.56,645.56,645.5,645.5,5
1748615405,645.58,645.58,645.26,645.38,16
1748615410,645.29,645.29,645.17,645.21,7
1748615415,645.3,645.35,645.01,645.21,28
1748615420,645.08,645.29,645.08,645.14,15
1748615425,645.49,645.49,645.08,645.08,15
1748615430,645.08,645.08,645.08,645.08,0
1748615435,645.38,645.39,645.38,645.38,2
1748615440,645.38,645.39,645.38,645.38,0
1748615445,645.38,645.39,645.38,645.38,0
1748615450,645.39,645.39,645.39,645.39,5
1748615455,645.39,645.39,645.39,645.39,0
1748615460,645.34,645.4,645.31,645.39,7
1748615465,645.61,645.61,645.58,645.58,16
1748615470,645.68,645.7,645.68,645.7,9
1748615475,645.7,645.7,645.7,645.7,0
1748615480,645.61,645.61,645.47,645.47,5
1748615485,645.57,645.57,645.3,645.45,16
1748615490,645.21,645.27,645.14,645.14,39
1748615495,645.17,645.17,645.17,645.17,3
1748615500,645.2,645.43,645.06,645.36,43
1748615505,645.43,645.6,645.43,645.6,19
1748615510,645.74,645.75,645.34,645.34,22
1748615515,645.34,645.34,645.22,645.22,5
1748615520,645.22,645.22,645.22,645.22,0
1748615525,645.4,645.43,645.4,645.43,7
1748615530,645.42,645.42,645.42,645.42,2
1748615535,645.39,645.73,645.39,645.73,7
1748615540,645.73,645.73,645.72,645.73,0
1748615545,645.5,645.62,645.41,645.62,29
1748615550,645.77,645.84,645.77,645.84,10
1748615555,645.84,645.84,645.84,645.84,0
1748615560,645.68,645.69,645.68,645.69,8
1748615565,645.57,645.57,645.43,645.43,17
1748615570,645.51,645.52,645.44,645.44,15
1748615575,645.37,645.37,645.16,645.36,7
1748615580,645.35,645.35,645.35,645.35,12
1748615585,645.35,645.35,645.16,645.16,10
1748615590,645.13,645.4,645.13,645.39,12
1748615595,645.22,645.22,645.0,645.04,137
1748615600,644.91,645.03,644.91,645.03,15
1748615605,645.0,645.17,644.83,644.96,26
1748615610,645.09,645.09,644.63,644.79,40
1748615615,644.74,644.84,644.68,644.84,15
1748615620,645.03,645.06,645.03,645.06,32
1748615625,645.06,645.06,645.05,645.06,2
1748615630,645.1,645.1,645.08,645.09,7
1748615635,645.12,645.2,645.12,645.19,12
1748615640,645.24,645.24,645.24,645.24,3
1748615645,645.13,645.29,645.12,645.25,32
1748615650,645.25,645.29,645.25,645.29,12
1748615655,645.29,645.29,645.29,645.29,0
1748615660,645.24,645.29,645.23,645.29,9
1748615665,645.51,645.51,645.51,645.51,2
1748615670,645.55,645.55,645.55,645.55,9
1748615675,645.58,645.7,645.39,645.39,55
1748615680,645.61,645.66,645.59,645.66,42
1748615685,645.8,645.81,645.67,645.68,5
1748615690,645.68,645.68,645.67,645.68,0
1748615695,645.67,645.7,645.67,645.7,12
1748615700,645.65,645.65,645.59,645.59,19
1748615705,645.5,645.5,645.5,645.5,3
1748615710,645.69,645.69,645.69,645.69,5
1748615715,645.77,645.77,645.77,645.77,2
1748615720,645.73,645.73,645.69,645.71,7
1748615725,645.69,645.77,645.65,645.71,55
1748615730,645.78,645.8,645.78,645.8,37
1748615735,645.76,645.77,645.76,645.76,2
1748615740,645.76,645.77,645.76,645.76,0
1748615745,645.71,645.88,645.71,645.74,22
1748615750,645.83,645.83,645.66,645.75,19
1748615755,645.88,645.88,645.87,645.88,25
1748615760,645.8,645.8,645.75,645.79,10
1748615765,645.75,645.79,645.66,645.79,54
1748615770,645.89,645.92,645.77,645.77,25
1748615775,645.77,645.89,645.77,645.82,34
1748615780,645.95,645.95,645.7,645.7,12
1748615785,645.79,645.83,645.61,645.82,86
1748615790,645.77,645.78,645.77,645.77,5
1748615795,645.83,646.07,645.82,646.07,95
1748615800,646.18,646.37,646.16,646.28,88
1748615805,646.29,646.29,646.18,646.28,50
1748615810,646.28,646.28,646.27,646.28,0
1748615815,646.25,646.42,646.25,646.42,12
1748615820,646.13,646.5,646.13,646.5,37
1748615825,646.38,646.5,646.38,646.49,38
1748615830,646.49,646.56,646.28,646.41,46
1748615835,646.5,646.5,646.38,646.5,20
1748615840,646.59,646.65,646.58,646.59,47
1748615845,646.61,646.67,646.61,646.65,27
1748615850,646.62,646.62,646.61,646.61,5
1748615855,646.67,646.7,646.61,646.62,33
1748615860,646.51,646.64,646.51,646.61,15
1748615865,646.74,647.09,646.73,647.09,203
1748615870,647.1,647.1,647.01,647.01,10
1748615875,647.03,647.07,646.96,647.07,46
1748615880,647.07,647.07,647.01,647.02,72
1748615885,647.1,647.1,646.93,646.93,51
1748615890,646.89,647.03,646.77,646.89,39
1748615895,646.75,646.86,646.69,646.86,43
1748615900,646.7,646.78,646.68,646.68,15
1748615905,646.61,646.78,646.56,646.67,23
1748615910,646.66,646.66,646.66,646.66,2
1748615915,646.66,646.79,646.66,646.7,15
1748615920,646.88,646.98,646.82,646.98,40
1748615925,646.73,647.0,646.73,646.9,54
1748615930,646.89,646.94,646.89,646.94,7
1748615935,647.04,647.07,647.0,647.0,69
1748615940,646.91,646.98,646.72,646.82,91
1748615945,646.84,647.0,646.78,646.79,32
1748615950,646.8,646.81,646.78,646.81,7
1748615955,646.75,646.82,646.73,646.73,24
1748615960,646.77,646.96,646.77,646.84,31
1748615965,646.84,646.84,646.63,646.63,44
1748615970,646.51,646.57,646.43,646.51,26
1748615975,646.51,646.59,646.51,646.59,17
1748615980,646.52,646.52,646.49,646.49,12
1748615985,646.56,646.56,646.56,646.56,2
1748615990,646.55,646.61,646.47,646.49,15
1748615995,646.66,646.66,646.48,646.48,7
1748616000,646.43,646.47,646.21,646.36,66
1748616005,646.36,646.36,646.36,646.36,8
1748616010,646.37,646.37,646.37,646.37,2
1748616015,646.37,646.37,646.13,646.19,22
1748616020,646.19,646.19,646.19,646.19,0
1748616025,646.06,646.19,646.05,646.19,15
1748616030,646.16,646.28,646.05,646.07,124
1748616035,645.89,645.89,645.84,645.84,13
1748616040,645.83,645.83,645.57,645.76,29
1748616045,645.57,645.63,645.5,645.63,20
1748616050,645.79,645.84,645.78,645.84,21
1748616055,645.95,645.95,645.95,645.95,5
1748616060,645.95,645.95,645.75,645.75,15
1748616065,645.69,645.69,645.69,645.69,2
1748616070,645.69,645.69,645.69,645.69,0
1748616075,645.62,645.62,645.62,645.62,2
1748616080,645.73,645.73,645.64,645.64,5
1748616085,645.64,645.64,645.64,645.64,0
1748616090,645.64,645.64,645.64,645.64,0
1748616095,645.64,645.64,645.64,645.64,0
1748616100,645.64,645.64,645.64,645.64,0
1748616105,645.78,645.78,645.78,645.78,2
1748616110,645.78,645.78,645.78,645.78,0
1748616115,645.93,645.93,645.64,645.78,11
1748616120,645.78,645.78,645.78,645.78,0
1748616125,645.78,645.78,645.78,645.78,0
1748616130,645.78,645.78,645.77,645.78,5
1748616135,645.84,645.84,645.82,645.83,5
1748616140,645.83,645.83,645.82,645.83,0
1748616145,645.83,645.83,645.82,645.82,7
1748616150,645.83,645.83,645.82,645.83,10
1748616155,645.68,645.84,645.68,645.77,11
1748616160,645.68,645.81,645.65,645.65,21
1748616165,645.72,645.72,645.57,645.67,15
1748616170,645.75,645.77,645.65,645.65,52
1748616175,645.56,645.56,645.54,645.54,15
1748616180,645.69,645.69,645.69,645.69,2
1748616185,645.8,645.88,645.57,645.74,58
1748616190,645.74,645.74,645.73,645.74,0
1748616195,645.74,645.74,645.74,645.74,5
1748616200,645.74,645.74,645.74,645.74,0
1748616205,646.01,646.01,646.01,646.01,15
1748616210,646.01,646.01,646.01,646.01,7
1748616215,646.12,646.12,646.11,646.12,2
1748616220,646.12,646.12,645.84,645.84,10
1748616225,645.76,645.77,645.76,645.76,6
1748616230,645.84,645.84,645.84,645.84,5
1748616235,645.8,645.8,645.8,645.8,2
1748616240,645.83,645.83,645.71,645.71,6
1748616245,645.83,645.83,645.77,645.77,5
1748616250,645.72,645.73,645.58,645.7,39
1748616255,645.73,645.73,645.73,645.73,2
1748616260,645.73,645.74,645.73,645.74,5
1748616265,645.84,645.85,645.63,645.8,11
1748616270,645.57,645.66,645.57,645.66,15
1748616275,645.66,645.66,645.66,645.66,0
1748616280,645.56,645.56,645.56,645.56,2
1748616285,645.66,645.8,645.66,645.66,9
1748616290,645.6,645.6,645.55,645.55,8
1748616295,645.65,645.65,645.65,645.65,5
1748616300,645.78,645.85,645.65,645.65,14
1748616305,645.68,645.68,645.59,645.59,7
1748616310,645.52,645.57,645.5,645.57,15
1748616315,645.6,645.6,645.6,645.6,2
1748616320,645.54,645.54,645.54,645.54,5
1748616325,645.44,645.44,645.42,645.42,6
1748616330,645.58,645.58,645.21,645.31,116
1748616335,645.29,645.29,644.86,644.86,50
1748616340,644.71,645.27,644.56,645.04,84
1748616345,644.58,644.81,644.58,644.81,9
1748616350,644.66,644.91,644.42,644.42,53
1748616355,644.63,644.63,644.62,644.63,2
1748616360,644.63,644.82,644.62,644.63,12
1748616365,644.66,644.7,644.5,644.65,46
1748616370,644.64,644.82,644.64,644.72,25
1748616375,644.72,644.84,644.71,644.72,14
1748616380,644.7,644.83,644.69,644.83,32
1748616385,644.73,644.83,644.68,644.81,20
1748616390,644.64,644.88,644.64,644.83,23
1748616395,644.93,644.95,644.79,644.93,44
1748616400,644.91,644.92,644.91,644.92,15
1748616405,644.92,645.0,644.84,645.0,13
1748616410,645.01,645.02,645.01,645.01,10
1748616415,645.01,645.42,645.01,645.22,23
1748616420,645.13,645.22,645.13,645.22,12
1748616425,645.22,645.22,645.22,645.22,0
1748616430,645.22,645.22,645.22,645.22,2
1748616435,645.02,645.22,645.02,645.22,35
1748616440,645.22,645.22,645.22,645.22,0
1748616445,645.2,645.28,645.2,645.28,10
1748616450,645.26,645.38,645.18,645.33,53
1748616455,645.35,645.35,645.34,645.35,2
1748616460,645.35,645.57,645.34,645.48,35
1748616465,645.48,645.48,645.47,645.48,5
1748616470,645.45,645.48,645.45,645.48,10
1748616475,645.48,645.48,645.48,645.48,0
1748616480,645.48,645.48,645.48,645.48,0
1748616485,645.59,645.59,645.51,645.56,29
1748616490,645.64,645.64,645.64,645.64,2
1748616495,645.67,645.67,645.61,645.63,9
1748616500,645.63,645.63,645.47,645.53,35
1748616505,645.47,645.47,645.37,645.37,10
1748616510,645.31,645.43,645.14,645.14,36
1748616515,645.35,645.55,645.35,645.4,34
1748616520,645.52,645.53,645.42,645.42,18
1748616525,645.42,645.44,645.39,645.39,25
1748616530,645.39,645.52,645.39,645.52,10
1748616535,645.43,645.6,645.43,645.59,10
1748616540,645.59,645.6,645.33,645.33,12
1748616545,645.42,645.42,645.42,645.42,3
1748616550,645.39,645.39,645.39,645.39,2
1748616555,645.39,645.39,645.39,645.39,5
1748616560,645.41,645.51,645.33,645.51,75
1748616565,645.38,645.45,645.37,645.41,7
1748616570,645.35,645.35,645.35,645.35,2
1748616575,645.38,645.38,645.24,645.24,10
1748616580,645.34,645.34,645.33,645.34,5
1748616585,645.2,645.23,645.2,645.23,6
1748616590,645.24,645.24,645.12,645.12,30
1748616595,645.05,645.29,645.05,645.19,34
1748616600,645.06,645.07,645.06,645.06,12
1748616605,645.06,645.07,645.06,645.07,5
1748616610,645.03,645.03,644.85,644.9,80
1748616615,644.83,644.83,644.83,644.83,2
1748616620,644.83,644.92,644.79,644.84,21
1748616625,644.69,644.75,644.6,644.68,84
1748616630,644.64,644.64,644.31,644.47,49
1748616635,644.5,644.54,644.33,644.33,18
1748616640,644.4,644.56,644.4,644.54,18
1748616645,644.53,644.53,644.53,644.53,22
1748616650,644.62,644.62,644.61,644.61,7
1748616655,644.64,644.65,644.61,644.61,14
1748616660,644.52,644.61,644.44,644.48,98
1748616665,644.57,644.57,644.37,644.46,12
1748616670,644.47,644.56,644.45,644.46,28
1748616675,644.55,644.55,644.44,644.44,17
1748616680,644.57,644.6,644.56,644.6,11
1748616685,644.72,644.73,644.66,644.67,20
1748616690,644.79,644.8,644.71,644.71,39
1748616695,644.72,644.72,644.72,644.72,12
1748616700,644.57,644.59,644.57,644.59,5
1748616705,644.62,644.62,644.61,644.62,5
1748616710,644.44,644.45,644.43,644.45,20
1748616715,644.45,644.5,644.37,644.5,8
1748616720,644.4,644.4,644.36,644.37,20
1748616725,644.22,644.35,644.11,644.35,10
1748616730,644.35,644.35,644.34,644.35,0
1748616735,644.36,644.36,644.33,644.33,42
1748616740,644.33,644.33,644.21,644.33,12
1748616745,644.32,644.32,644.31,644.32,6
1748616750,644.25,644.25,644.05,644.07,82
1748616755,644.11,644.11,643.94,644.01,238
1748616760,644.0,644.0,643.98,643.98,5
1748616765,643.98,643.98,643.98,643.98,5
1748616770,643.98,643.98,643.98,643.98,7
1748616775,643.88,643.91,643.84,643.91,40
1748616780,643.79,643.88,643.62,643.71,44
1748616785,643.64,643.69,643.62,643.69,7
1748616790,643.73,643.85,643.72,643.73,40
1748616795,643.79,643.97,643.79,643.89,23
1748616800,644.0,644.0,643.86,643.86,55
1748616805,643.86,643.86,643.61,643.76,42
1748616810,643.61,643.61,643.44,643.44,92
1748616815,643.38,643.39,643.38,643.38,2
1748616820,643.38,643.43,643.28,643.28,88
1748616825,643.44,643.44,643.43,643.44,5
1748616830,643.48,643.48,643.37,643.43,25
1748616835,643.57,643.57,643.57,643.57,2
1748616840,643.58,643.73,643.51,643.63,41
1748616845,643.63,643.63,643.62,643.63,2
1748616850,643.63,643.77,643.6,643.74,77
1748616855,643.74,643.74,643.74,643.74,6
1748616860,643.78,643.91,643.77,643.9,73
1748616865,643.8,643.84,643.8,643.84,5
1748616870,643.72,643.82,643.72,643.82,15
1748616875,643.75,643.76,643.62,643.71,47
1748616880,643.75,643.87,643.75,643.86,5
1748616885,643.86,643.87,643.86,643.86,0
1748616890,643.78,643.88,643.74,643.8,63
1748616895,643.85,643.85,643.76,643.76,12
1748616900,643.76,643.76,643.76,643.76,5
1748616905,643.83,643.83,643.82,643.83,15
1748616910,643.91,644.24,643.9,644.24,56
1748616915,644.25,644.25,644.24,644.25,2
1748616920,644.29,644.3,644.28,644.3,5
1748616925,644.24,644.35,644.19,644.24,58
1748616930,644.27,644.34,644.27,644.34,7
1748616935,644.39,644.54,644.39,644.53,23
1748616940,644.5,644.54,644.49,644.54,17
1748616945,644.31,644.43,644.31,644.31,30
1748616950,644.25,644.25,644.25,644.25,2
1748616955,644.39,644.4,644.39,644.39,2
1748616960,644.27,644.3,644.26,644.26,10
1748616965,644.24,644.39,644.24,644.3,16
1748616970,644.31,644.34,644.31,644.34,13
1748616975,644.45,644.5,644.45,644.5,20
1748616980,644.56,644.56,644.55,644.56,2
1748616985,644.59,644.81,644.59,644.81,11
1748616990,644.69,644.7,644.56,644.56,7
1748616995,644.67,644.67,644.67,644.67,2
1748617000,644.82,644.87,644.7,644.73,53
1748617005,644.6,644.69,644.55,644.6,53
1748617010,644.54,644.55,644.54,644.54,3
1748617015,644.64,644.64,644.42,644.44,19
1748617020,644.21,644.34,644.21,644.21,12
1748617025,644.3,644.38,644.3,644.31,12
1748617030,644.14,644.18,644.0,644.0,37
1748617035,643.92,643.93,643.84,643.92,17
1748617040,643.88,643.88,643.76,643.76,6
1748617045,643.57,643.58,643.4,643.41,10
1748617050,643.45,643.45,643.25,643.25,23
1748617055,643.34,643.44,643.18,643.29,184
1748617060,643.33,643.36,643.33,643.36,35
1748617065,643.52,643.52,643.42,643.51,22
1748617070,643.48,643.48,643.48,643.48,10
1748617075,643.48,643.48,643.47,643.48,2
1748617080,643.39,643.57,643.39,643.5,24
1748617085,643.64,643.64,643.64,643.64,4
1748617090,643.48,643.48,643.47,643.47,10
1748617095,643.64,643.64,643.64,643.64,2
1748617100,643.56,643.56,643.47,643.47,10
1748617105,643.3,643.47,643.3,643.46,95
1748617110,643.46,643.46,643.45,643.46,0
1748617115,643.46,643.46,643.45,643.46,0
1748617120,643.64,643.64,643.64,643.64,2
1748617125,643.49,643.49,643.49,643.49,5
1748617130,643.49,643.49,643.49,643.49,0
1748617135,643.48,643.48,643.48,643.48,2
1748617140,643.48,643.61,643.47,643.49,30
1748617145,643.5,643.5,643.37,643.49,40
1748617150,643.49,643.49,643.37,643.4,43
1748617155,643.34,643.35,643.31,643.31,7
1748617160,643.48,643.64,643.39,643.64,85
1748617165,643.51,643.75,643.5,643.74,23
1748617170,643.62,643.62,643.62,643.62,2
1748617175,643.77,643.8,643.55,643.63,35
1748617180,643.6,643.63,643.55,643.6,15
1748617185,643.64,643.64,643.64,643.64,10
1748617190,643.64,643.64,643.64,643.64,0
1748617195,643.7,643.7,643.69,643.69,5
1748617200,643.69,643.69,643.69,643.69,0
1748617205,643.77,643.8,643.63,643.76,26
1748617210,643.85,643.85,643.78,643.79,12
1748617215,643.93,644.01,643.83,644.01,43
1748617220,644.04,644.13,643.95,644.13,46
1748617225,644.13,644.31,644.13,644.3,10
1748617230,644.18,644.29,644.11,644.28,41
1748617235,644.28,644.29,644.28,644.28,0
1748617240,644.06,644.06,644.06,644.06,7
1748617245,644.1,644.12,644.1,644.11,6
1748617250,644.1,644.13,644.1,644.12,7
1748617255,644.11,644.11,644.1,644.11,2
1748617260,644.23,644.23,644.19,644.19,7
1748617265,644.02,644.13,644.02,644.13,5
1748617270,644.14,644.2,644.04,644.2,7
1748617275,644.27,644.36,644.27,644.36,24
1748617280,644.26,644.3,644.26,644.3,12
1748617285,644.3,644.3,644.11,644.11,29
1748617290,644.14,644.15,644.14,644.14,11
1748617295,644.02,644.12,644.02,644.12,6
1748617300,644.12,644.23,644.12,644.23,18
1748617305,644.12,644.12,643.89,644.04,65
1748617310,644.01,644.02,644.01,644.01,2
1748617315,644.0,644.01,644.0,644.0,16
1748617320,644.11,644.12,644.05,644.09,22
1748617325,644.19,644.2,644.18,644.2,16
1748617330,644.23,644.23,644.23,644.23,25
1748617335,644.23,644.23,644.23,644.23,2
1748617340,644.23,644.23,644.23,644.23,0
1748617345,644.23,644.23,644.23,644.23,0
1748617350,644.22,644.22,644.0,644.0,25
1748617355,644.0,644.01,644.0,644.0,0
1748617360,644.33,644.33,644.14,644.14,18
1748617365,644.14,644.14,644.14,644.14,0
1748617370,644.14,644.14,643.9,644.0,57
1748617375,644.09,644.09,644.07,644.08,15
1748617380,644.08,644.08,644.07,644.08,6
1748617385,644.11,644.31,644.11,644.29,10
1748617390,644.29,644.29,644.29,644.29,0
1748617395,644.29,644.29,644.29,644.29,0
1748617400,644.25,644.25,644.18,644.19,21
1748617405,644.31,644.31,644.31,644.31,5
1748617410,644.29,644.29,644.28,644.29,2
1748617415,644.31,644.31,644.2,644.2,12
1748617420,644.2,644.21,644.2,644.2,0
1748617425,644.27,644.28,644.25,644.26,5
1748617430,644.26,644.26,644.25,644.26,0
1748617435,644.23,644.34,644.23,644.25,13
1748617440,644.25,644.25,644.25,644.25,0
1748617445,644.25,644.25,644.25,644.25,0
1748617450,644.12,644.12,644.07,644.07,21
1748617455,644.21,644.21,644.2,644.21,20
1748617460,644.37,644.37,644.31,644.32,52
1748617465,644.23,644.23,644.23,644.23,2
1748617470,644.31,644.31,644.31,644.31,11
1748617475,644.27,644.27,644.26,644.26,13
1748617480,644.35,644.35,644.28,644.29,10
1748617485,644.37,644.39,644.37,644.39,11
1748617490,644.3,644.3,644.29,644.3,2
1748617495,644.21,644.34,644.21,644.34,7
1748617500,644.24,644.24,644.24,644.24,5
1748617505,644.21,644.24,644.2,644.24,17
1748617510,644.15,644.35,644.15,644.35,12
1748617515,644.37,644.55,644.37,644.55,62
1748617520,644.7,644.71,644.39,644.39,9
1748617525,644.39,644.39,644.39,644.39,0
1748617530,644.47,644.47,644.46,644.47,3
1748617535,644.61,644.72,644.6,644.72,21
1748617540,644.65,644.65,644.65,644.65,2
1748617545,644.69,644.69,644.68,644.69,3
1748617550,644.55,644.79,644.55,644.69,30
1748617555,644.6,644.78,644.5,644.5,32
1748617560,644.5,644.5,644.5,644.5,0
1748617565,644.5,644.5,644.5,644.5,0
1748617570,644.53,644.54,644.42,644.42,24
1748617575,644.44,644.44,644.44,644.44,2
1748617580,644.44,644.51,644.44,644.51,23
1748617585,644.51,644.51,644.51,644.51,0
1748617590,644.51,644.51,644.51,644.51,0
1748617595,644.47,644.47,644.46,644.47,3
1748617600,644.46,644.46,644.28,644.44,35
1748617605,644.21,644.33,644.21,644.33,21
1748617610,644.21,644.21,644.21,644.21,5
1748617615,644.22,644.22,644.21,644.21,7
1748617620,644.24,644.24,644.23,644.24,2
1748617625,644.24,644.24,644.23,644.24,0
1748617630,644.2,644.2,644.18,644.19,5
1748617635,644.19,644.19,644.19,644.19,9
1748617640,644.19,644.19,644.19,644.19,0
1748617645,644.05,644.05,643.99,644.0,62
1748617650,643.96,643.96,643.95,643.96,7
1748617655,643.98,643.98,643.74,643.74,7
1748617660,644.21,644.26,644.21,644.25,13
1748617665,644.14,644.56,644.13,644.55,35
1748617670,644.55,644.65,644.54,644.55,20
1748617675,644.55,644.55,644.55,644.55,0
1748617680,644.72,644.73,644.72,644.73,17
1748617685,644.87,645.01,644.87,645.01,178
1748617690,645.08,645.1,644.99,645.01,25
1748617695,645.05,645.15,645.04,645.15,12
1748617700,645.18,645.34,645.16,645.16,38
1748617705,645.16,645.16,645.16,645.16,0
1748617710,645.24,645.24,645.14,645.14,24
1748617715,645.01,645.12,645.01,645.01,15
1748617720,644.88,644.88,644.88,644.88,2
1748617725,644.99,644.99,644.89,644.89,10
1748617730,644.78,644.78,644.73,644.74,15
1748617735,644.9,644.9,644.8,644.8,7
1748617740,644.8,644.8,644.8,644.8,0
1748617745,644.85,644.85,644.84,644.85,5
1748617750,644.85,644.85,644.84,644.85,7
1748617755,644.85,644.85,644.84,644.85,2
1748617760,644.98,644.98,644.98,644.98,46
1748617765,644.88,644.88,644.88,644.88,2
1748617770,644.84,644.84,644.84,644.84,7
1748617775,644.84,644.84,644.84,644.84,0
1748617780,644.84,644.84,644.69,644.69,33
1748617785,644.69,644.69,644.69,644.69,0
1748617790,644.69,644.69,644.69,644.69,0
1748617795,644.69,644.69,644.69,644.69,0
1748617800,644.69,644.69,644.69,644.69,0
1748617805,644.69,644.69,644.69,644.69,0
1748617810,644.6,644.69,644.6,644.69,12
1748617815,644.6,644.6,644.5,644.5,7
1748617820,644.42,644.42,644.41,644.41,8
1748617825,644.41,644.41,644.4,644.41,2
1748617830,644.41,644.41,644.4,644.41,0
1748617835,644.39,644.4,644.39,644.39,3
1748617840,644.26,644.26,644.26,644.26,3
1748617845,644.23,644.38,644.23,644.3,16
1748617850,644.38,644.38,644.38,644.38,27
1748617855,644.33,644.33,644.33,644.33,2
1748617860,644.34,644.34,644.33,644.33,12
1748617865,644.33,644.33,644.33,644.33,3
1748617870,644.33,644.33,644.22,644.24,67
1748617875,644.15,644.2,644.11,644.2,28
1748617880,644.25,644.25,644.25,644.25,3
1748617885,644.08,644.08,644.08,644.08,2
1748617890,644.13,644.13,644.13,644.13,3
1748617895,644.0,644.0,643.86,643.88,12
1748617900,643.88,643.88,643.87,643.88,0
1748617905,643.86,643.86,643.86,643.86,5
1748617910,643.86,643.86,643.86,643.86,0
1748617915,643.92,643.92,643.91,643.92,2
1748617920,643.85,643.85,643.85,643.85,4
1748617925,643.86,643.86,643.85,643.86,2
1748617930,643.86,643.86,643.85,643.86,2
1748617935,644.0,644.17,644.0,644.17,37
1748617940,644.0,644.13,643.97,644.09,57
1748617945,644.18,644.2,644.08,644.2,7
1748617950,644.09,644.09,644.08,644.09,17
1748617955,644.09,644.09,644.08,644.09,0
1748617960,644.04,644.04,643.97,643.97,26
1748617965,644.03,644.04,643.87,644.0,27
1748617970,644.13,644.13,644.0,644.13,61
1748617975,644.13,644.14,644.12,644.14,16
1748617980,644.1,644.14,644.06,644.13,17
1748617985,644.14,644.14,644.14,644.14,2
1748617990,644.11,644.25,644.11,644.24,10
1748617995,644.1,644.29,644.0,644.27,16
1748618000,644.56,644.64,644.56,644.63,37
1748618005,644.63,644.63,644.41,644.56,32
1748618010,644.56,644.56,644.55,644.56,2
1748618015,644.56,644.56,644.55,644.56,0
1748618020,644.35,644.35,644.35,644.35,5
1748618025,644.63,644.63,644.63,644.63,10
1748618030,644.63,644.63,644.63,644.63,0
1748618035,644.48,644.48,644.42,644.45,7
1748618040,644.43,644.43,644.42,644.43,5
1748618045,644.43,644.43,644.3,644.34,16
1748618050,644.17,644.17,644.17,644.17,2
1748618055,644.16,644.16,644.16,644.16,11
1748618060,644.16,644.16,644.16,644.16,0
1748618065,644.11,644.11,644.11,644.11,2
1748618070,644.19,644.19,644.09,644.18,13
1748618075,644.18,644.18,644.17,644.18,2
1748618080,644.18,644.18,644.17,644.18,7
1748618085,644.18,644.18,644.17,644.18,2
1748618090,644.16,644.16,644.14,644.15,5
1748618095,644.15,644.15,644.14,644.15,0
1748618100,644.23,644.23,644.15,644.19,20
1748618105,644.27,644.27,644.11,644.14,24
1748618110,644.14,644.15,644.14,644.14,0
1748618115,644.14,644.15,644.07,644.08,8
1748618120,644.16,644.26,644.15,644.15,87
1748618125,644.15,644.15,644.15,644.15,2
1748618130,644.14,644.15,644.14,644.14,2
1748618135,644.15,644.15,644.15,644.15,2
1748618140,644.16,644.16,644.15,644.15,19
1748618145,644.25,644.3,644.18,644.27,25
1748618150,644.33,644.33,644.33,644.33,10
1748618155,644.43,644.43,644.42,644.43,4
1748618160,644.36,644.36,644.33,644.34,12
1748618165,644.34,644.45,644.33,644.37,24
1748618170,644.37,644.37,644.37,644.37,0
1748618175,644.37,644.37,644.37,644.37,5
1748618180,644.5,644.5,644.37,644.37,7
1748618185,644.25,644.25,644.2,644.2,41
1748618190,644.2,644.2,644.2,644.2,0
1748618195,644.22,644.22,644.0,644.0,49
1748618200,644.02,644.02,643.7,643.96,36
1748618205,643.71,643.87,643.71,643.87,70
1748618210,643.87,643.87,643.86,643.87,2
1748618215,643.71,643.75,643.68,643.7,45
1748618220,643.71,643.71,643.61,643.62,5
1748618225,643.53,643.71,643.53,643.71,5
1748618230,643.44,643.45,643.44,643.44,19
1748618235,643.56,643.56,643.44,643.44,7
1748618240,643.42,643.44,643.42,643.44,7
1748618245,643.44,643.6,643.43,643.57,59
1748618250,643.57,643.57,643.56,643.57,8
1748618255,643.57,643.57,643.56,643.57,0
1748618260,643.46,643.69,643.45,643.65,86
1748618265,643.65,643.65,643.65,643.65,10
1748618270,643.65,643.65,643.65,643.65,0
1748618275,643.65,643.65,643.65,643.65,0
1748618280,643.75,643.75,643.64,643.64,22
1748618285,643.65,643.65,643.62,643.64,20
1748618290,643.64,643.64,643.64,643.64,0
1748618295,643.74,643.74,643.54,643.54,84
1748618300,643.64,643.64,643.55,643.55,6
1748618305,643.54,643.57,643.53,643.57,25
1748618310,643.5,643.5,643.5,643.5,3
1748618315,643.51,643.51,643.5,643.5,7
1748618320,643.37,643.5,643.37,643.5,15
1748618325,643.38,643.38,643.37,643.37,7
1748618330,643.37,643.37,643.37,643.37,0
1748618335,643.37,643.37,643.33,643.33,25
1748618340,643.33,643.33,643.02,643.2,76
1748618345,643.2,643.2,643.2,643.2,0
1748618350,643.23,643.23,643.1,643.1,11
1748618355,643.31,643.31,643.31,643.31,5
1748618360,643.19,643.19,643.09,643.09,7
1748618365,643.15,643.27,643.15,643.2,82
1748618370,643.2,643.2,643.2,643.2,2
1748618375,643.16,643.19,643.05,643.05,30
1748618380,643.09,643.16,643.08,643.08,32
1748618385,643.08,643.08,643.08,643.08,0
1748618390,643.18,643.18,643.18,643.18,2
1748618395,643.18,643.18,643.18,643.18,0
1748618400,643.11,643.11,643.11,643.11,5
1748618405,643.14,643.14,643.12,643.12,10
1748618410,643.13,643.17,643.11,643.14,35
1748618415,643.19,643.25,643.12,643.18,37
1748618420,643.06,643.09,642.91,643.08,159
1748618425,643.24,643.32,643.24,643.32,21
1748618430,643.33,643.33,643.33,643.33,5
1748618435,643.27,643.51,643.27,643.5,130
1748618440,643.31,643.31,643.31,643.31,2
1748618445,643.31,643.31,643.31,643.31,0
1748618450,643.29,643.3,643.29,643.29,3
1748618455,643.27,643.27,643.27,643.27,2
1748618460,643.27,643.27,643.27,643.27,2
1748618465,643.19,643.19,643.19,643.19,2
1748618470,643.12,643.22,643.12,643.22,16
1748618475,643.31,643.31,643.31,643.31,7
1748618480,643.28,643.41,643.2,643.2,10
1748618485,643.2,643.2,643.2,643.2,0
1748618490,643.31,643.31,643.31,643.31,2
1748618495,643.41,643.41,643.41,643.41,3
1748618500,643.77,643.77,643.77,643.77,2
1748618505,643.54,643.54,643.53,643.54,2
1748618510,643.76,643.76,643.7,643.7,5
1748618515,643.63,643.72,643.44,643.44,23
1748618520,643.49,643.53,643.49,643.53,5
1748618525,643.53,643.53,643.53,643.53,0
1748618530,643.31,643.31,643.21,643.21,5
1748618535,643.6,643.6,643.54,643.55,26
1748618540,643.59,643.59,643.59,643.59,52
1748618545,643.6,643.6,643.6,643.6,14
1748618550,643.54,643.54,643.53,643.54,10
1748618555,643.54,643.67,643.53,643.67,5
1748618560,643.54,643.69,643.53,643.69,5
1748618565,643.86,643.87,643.86,643.87,5
1748618570,643.9,643.92,643.9,643.92,10
1748618575,643.76,643.76,643.75,643.76,3
1748618580,643.82,643.82,643.7,643.82,23
1748618585,643.88,643.94,643.87,643.94,21
1748618590,643.94,643.94,643.94,643.94,0
1748618595,643.94,643.94,643.94,643.94,0
1748618600,643.94,643.94,643.94,643.94,0
1748618605,644.18,644.2,644.18,644.2,10
1748618610,644.2,644.2,644.2,644.2,5
1748618615,644.17,644.17,644.05,644.05,32
1748618620,644.02,644.12,644.02,644.02,28
1748618625,644.1,644.1,643.94,643.94,19
1748618630,643.94,643.95,643.94,643.95,6
1748618635,643.94,643.98,643.9,643.91,15
1748618640,644.05,644.05,643.87,643.96,21
1748618645,643.96,643.96,643.87,643.87,16
1748618650,643.88,643.88,643.81,643.81,20
1748618655,643.78,643.83,643.77,643.83,9
1748618660,643.78,643.79,643.78,643.78,2
1748618665,643.9,643.9,643.9,643.9,5
1748618670,643.9,643.9,643.9,643.9,0
1748618675,643.78,643.78,643.78,643.78,2
1748618680,643.79,643.79,643.78,643.79,2
1748618685,643.76,643.76,643.71,643.71,24
1748618690,643.66,643.9,643.66,643.9,17
1748618695,643.77,643.79,643.66,643.79,16
1748618700,643.73,643.79,643.72,643.79,32
1748618705,643.81,643.81,643.77,643.77,6
1748618710,643.78,643.8,643.66,643.66,22
1748618715,643.64,643.77,643.64,643.77,25
1748618720,643.75,643.85,643.72,643.85,12
1748618725,643.49,643.63,643.46,643.63,10
1748618730,643.63,643.63,643.63,643.63,2
1748618735,643.63,643.63,643.63,643.63,5
1748618740,643.63,643.63,643.63,643.63,2
1748618745,643.46,643.47,643.46,643.46,5
1748618750,643.51,643.51,643.5,643.5,7
1748618755,643.6,643.81,643.6,643.78,42
1748618760,643.78,643.9,643.78,643.9,32
1748618765,643.94,644.01,643.94,644.01,8
1748618770,644.0,644.1,643.93,643.93,20
1748618775,644.03,644.03,644.02,644.03,2
1748618780,644.03,644.03,644.02,644.03,0
1748618785,643.99,643.99,643.99,643.99,13
1748618790,643.99,643.99,643.99,643.99,0
1748618795,643.83,644.11,643.83,644.11,7
1748618800,644.05,644.05,643.93,643.93,6
1748618805,644.05,644.05,644.04,644.05,2
1748618810,644.05,644.05,644.04,644.05,0
1748618815,644.16,644.21,644.16,644.21,33
1748618820,644.32,644.5,644.32,644.5,121
1748618825,644.41,644.58,644.41,644.5,20
1748618830,644.5,644.58,644.5,644.51,7
1748618835,644.51,644.52,644.51,644.51,5
1748618840,644.51,644.52,644.51,644.51,0
1748618845,644.54,644.54,644.53,644.54,5
1748618850,644.55,644.56,644.55,644.55,2
1748618855,644.38,644.54,644.38,644.54,22
1748618860,644.54,644.54,644.53,644.54,5
1748618865,644.54,644.54,644.53,644.54,0
1748618870,644.54,644.54,644.54,644.54,2
1748618875,644.62,644.62,644.62,644.62,2
1748618880,644.62,644.73,644.62,644.73,25
1748618885,644.63,644.63,644.63,644.63,5
1748618890,644.63,644.63,644.49,644.49,22
1748618895,644.51,644.51,644.5,644.51,2
1748618900,644.57,644.57,644.56,644.57,5
1748618905,644.44,644.76,644.44,644.76,17
1748618910,644.76,644.76,644.76,644.76,0
1748618915,644.77,644.84,644.77,644.81,47
1748618920,644.77,644.77,644.76,644.76,16
1748618925,644.76,644.76,644.76,644.76,0
1748618930,644.78,644.78,644.77,644.78,3
1748618935,644.78,644.78,644.77,644.78,0
1748618940,644.78,644.78,644.77,644.78,0
1748618945,644.78,644.78,644.77,644.78,0
1748618950,644.81,644.81,644.69,644.69,29
1748618955,644.69,644.69,644.69,644.69,2
1748618960,644.7,644.7,644.7,644.7,6
1748618965,644.68,644.69,644.59,644.59,22
1748618970,644.61,644.61,644.55,644.55,7
1748618975,644.54,644.54,644.54,644.54,2
1748618980,644.56,644.56,644.56,644.56,2
1748618985,644.56,644.56,644.56,644.56,0
1748618990,644.48,644.53,644.47,644.53,11
1748618995,644.41,644.41,644.39,644.4,16
1748619000,644.51,644.64,644.38,644.64,107
1748619005,644.51,644.65,644.51,644.51,12
1748619010,644.65,644.65,644.63,644.65,13
1748619015,644.65,644.65,644.65,644.65,0
1748619020,644.65,644.65,644.65,644.65,0
1748619025,644.89,645.07,644.89,645.07,139
1748619030,645.01,645.01,644.87,644.87,15
1748619035,645.01,645.01,644.99,644.99,7
1748619040,645.09,645.09,645.08,645.09,2
1748619045,645.11,645.15,644.88,645.15,13
1748619050,645.16,645.3,645.16,645.25,33
1748619055,645.23,645.23,645.22,645.23,2
1748619060,645.27,645.33,645.27,645.33,12
1748619065,645.28,645.29,645.18,645.29,45
1748619070,645.21,645.4,645.2,645.32,22
1748619075,645.4,645.4,645.28,645.28,12
1748619080,645.28,645.28,645.1,645.18,47
1748619085,645.22,645.22,645.2,645.2,7
1748619090,645.29,645.35,645.25,645.25,25
1748619095,645.26,645.29,645.25,645.29,38
1748619100,645.2,645.2,645.2,645.2,2
1748619105,645.15,645.15,645.08,645.08,9
1748619110,645.08,645.08,645.04,645.05,15
1748619115,645.05,645.19,644.96,645.18,22
1748619120,645.1,645.1,645.09,645.09,5
1748619125,645.0,645.09,644.98,645.09,34
1748619130,644.95,644.99,644.75,644.75,91
1748619135,644.75,644.76,644.62,644.73,7
1748619140,644.41,644.63,644.41,644.61,8
1748619145,644.6,644.6,644.4,644.4,13
1748619150,644.64,644.64,644.0,644.0,18
1748619155,644.0,644.0,644.0,644.0,2
1748619160,643.86,644.01,643.84,643.85,23
1748619165,643.8,643.85,643.7,643.85,16
1748619170,643.96,644.0,643.79,643.97,19
1748619175,643.97,643.97,643.97,643.97,0
1748619180,643.97,643.97,643.97,643.97,0
1748619185,643.74,643.74,643.67,643.67,44
1748619190,643.67,643.67,643.67,643.67,2
1748619195,643.83,644.08,643.83,644.08,11
1748619200,644.11,644.11,644.11,644.11,2
1748619205,644.09,644.09,644.08,644.09,7
1748619210,644.17,644.17,644.17,644.17,6
1748619215,644.17,644.17,644.17,644.17,0
1748619220,644.13,644.13,644.13,644.13,2
1748619225,643.91,643.91,643.9,643.9,15
1748619230,643.87,643.9,643.74,643.74,24
1748619235,643.74,643.76,643.52,643.52,13
1748619240,643.88,643.88,643.88,643.88,2
1748619245,643.88,643.88,643.88,643.88,0
1748619250,643.71,643.71,643.64,643.64,12
1748619255,643.52,643.52,643.12,643.12,110
1748619260,643.12,643.23,643.12,643.21,19
1748619265,643.22,643.42,643.21,643.42,15
1748619270,643.26,643.26,643.26,643.26,19
1748619275,643.26,643.26,643.26,643.26,2
1748619280,643.26,643.26,643.26,643.26,0
1748619285,643.26,643.26,643.26,643.26,0
1748619290,643.21,643.26,643.06,643.06,20
1748619295,643.06,643.07,643.06,643.06,0
1748619300,643.19,643.3,643.19,643.3,30
1748619305,643.25,643.34,643.11,643.34,56
1748619310,643.34,643.34,643.33,643.34,0
1748619315,643.25,643.25,643.25,643.25,5
1748619320,643.31,643.31,643.18,643.19,8
1748619325,643.27,643.29,643.15,643.15,11
1748619330,643.06,643.15,643.03,643.03,32
1748619335,643.03,643.04,643.03,643.03,0
1748619340,643.19,643.29,643.19,643.28,22
1748619345,643.39,643.52,643.39,643.5,10
1748619350,643.42,643.59,643.42,643.59,5
1748619355,643.59,643.59,643.59,643.59,0
1748619360,643.59,643.59,643.59,643.59,0
1748619365,643.46,643.65,643.46,643.5,10
1748619370,643.5,643.5,643.5,643.5,7
1748619375,643.61,643.61,643.47,643.5,13
1748619380,643.5,643.51,643.5,643.5,2
1748619385,643.5,643.51,643.5,643.5,2
1748619390,643.31,643.34,643.31,643.34,5
1748619395,643.41,643.42,643.32,643.33,13
1748619400,643.28,643.32,643.28,643.32,17
1748619405,643.24,643.24,643.12,643.14,13
1748619410,643.14,643.14,643.14,643.14,0
1748619415,643.14,643.24,643.14,643.24,6
1748619420,643.27,643.27,643.26,643.27,2
1748619425,643.0,643.03,643.0,643.02,123
1748619430,643.15,643.15,643.1,643.1,5
1748619435,642.96,642.96,642.85,642.86,12
1748619440,642.92,642.98,642.83,642.93,40
1748619445,642.93,642.95,642.93,642.95,8
1748619450,642.95,642.95,642.95,642.95,0
1748619455,643.13,643.13,643.13,643.13,2
1748619460,643.0,643.24,643.0,643.24,21
1748619465,643.25,643.25,643.25,643.25,4
1748619470,643.17,643.2,643.0,643.2,44
1748619475,643.14,643.15,642.98,642.98,11
1748619480,642.99,642.99,642.9,642.91,7
1748619485,643.0,643.01,642.85,642.86,19
1748619490,642.86,642.86,642.85,642.86,0
1748619495,642.86,642.86,642.85,642.86,0
1748619500,642.81,642.82,642.81,642.81,3
1748619505,642.9,642.96,642.81,642.96,20
1748619510,642.97,643.15,642.95,643.04,32
1748619515,642.98,643.04,642.97,643.01,9
1748619520,642.98,642.99,642.98,642.98,2
1748619525,642.85,643.0,642.85,643.0,9
1748619530,642.99,643.1,642.99,643.1,21
1748619535,643.12,643.12,643.11,643.12,2
1748619540,643.23,643.25,643.11,643.11,20
1748619545,643.23,643.23,643.22,643.23,2
1748619550,643.23,643.23,643.22,643.23,0
1748619555,643.23,643.23,643.23,643.23,3
1748619560,643.1,643.14,643.09,643.14,20
1748619565,643.16,643.16,643.16,643.16,2
1748619570,643.16,643.31,643.16,643.17,12
1748619575,643.18,643.18,643.17,643.18,2
1748619580,643.18,643.18,643.17,643.18,0
1748619585,643.15,643.18,643.15,643.18,33
1748619590,643.18,643.18,643.17,643.18,5
1748619595,643.18,643.18,643.17,643.18,0
1748619600,643.26,643.27,643.24,643.25,6
1748619605,643.24,643.25,643.24,643.25,12
1748619610,643.27,643.27,643.26,643.27,2
1748619615,643.04,643.11,642.98,643.06,66
1748619620,643.04,643.04,642.88,642.88,5
1748619625,643.05,643.05,642.95,642.97,10
1748619630,642.81,643.0,642.81,642.82,39
1748619635,642.97,642.97,642.96,642.97,7
1748619640,642.88,642.88,642.88,642.88,2
1748619645,642.85,643.01,642.85,643.01,10
1748619650,643.11,643.14,642.82,642.82,33
1748619655,642.98,643.01,642.98,643.01,10
1748619660,642.82,642.97,642.81,642.96,58
1748619665,642.96,643.01,642.83,642.84,18
1748619670,642.97,642.98,642.69,642.69,107
1748619675,642.68,642.8,642.6,642.77,28
1748619680,642.75,642.89,642.75,642.8,10
1748619685,642.8,642.8,642.8,642.8,0
1748619690,642.8,642.8,642.8,642.8,5
1748619695,642.92,642.97,642.92,642.97,8
1748619700,643.0,643.24,642.85,643.13,61
1748619705,643.29,643.3,643.16,643.16,8
1748619710,643.16,643.16,643.16,643.16,0
1748619715,643.3,643.31,643.3,643.31,18
1748619720,643.33,643.4,643.33,643.4,11
1748619725,643.33,643.33,643.31,643.31,7
1748619730,643.33,643.33,643.33,643.33,5
1748619735,643.33,643.34,643.25,643.33,25
1748619740,643.33,643.34,643.33,643.34,5
1748619745,643.33,643.33,643.33,643.33,2
1748619750,643.43,643.45,643.33,643.45,11
1748619755,643.51,643.51,643.51,643.51,5
1748619760,643.51,643.54,643.51,643.54,10
1748619765,643.51,643.55,643.51,643.55,10
1748619770,643.5,643.5,643.5,643.5,2
1748619775,643.51,643.51,643.51,643.51,2
1748619780,643.51,643.51,643.51,643.51,2
1748619785,643.51,643.62,643.51,643.62,15
1748619790,643.49,643.49,643.48,643.49,5
1748619795,643.49,643.49,643.48,643.49,0
1748619800,643.62,643.63,643.62,643.63,8
1748619805,643.55,643.55,643.55,643.55,2
1748619810,643.68,643.68,643.68,643.68,2
1748619815,643.68,643.68,643.68,643.68,0
1748619820,643.71,643.72,643.56,643.56,20
1748619825,643.55,643.56,643.54,643.56,5
1748619830,643.57,643.57,643.57,643.57,2
1748619835,643.42,643.57,643.4,643.56,33
1748619840,643.56,643.56,643.51,643.51,6
1748619845,643.56,643.56,643.39,643.5,10
1748619850,643.57,643.57,643.57,643.57,2
1748619855,643.57,643.57,643.57,643.57,0
1748619860,643.51,643.52,643.49,643.49,5
1748619865,643.4,643.4,643.3,643.3,83
1748619870,643.2,643.2,643.19,643.2,2
1748619875,643.0,643.0,643.0,643.0,5
1748619880,642.95,643.2,642.95,643.2,34
1748619885,643.11,643.11,643.11,643.11,2
1748619890,643.01,643.15,643.01,643.14,12
1748619895,643.28,643.39,643.28,643.39,7
1748619900,643.1,643.2,643.1,643.2,7
1748619905,643.2,643.2,643.19,643.2,0
1748619910,643.2,643.2,643.19,643.2,0
1748619915,643.2,643.25,643.19,643.25,5
1748619920,643.25,643.25,643.25,643.25,0
1748619925,643.33,643.33,643.33,643.33,2
1748619930,643.32,643.32,643.32,643.32,2
1748619935,643.32,643.32,643.32,643.32,0
1748619940,643.3,643.3,643.22,643.22,10
1748619945,643.22,643.22,643.22,643.22,0
1748619950,643.43,643.45,643.43,643.45,8
1748619955,643.58,643.58,643.56,643.57,9
1748619960,643.48,643.48,643.35,643.35,17
1748619965,643.35,643.35,643.35,643.35,0
1748619970,643.31,643.31,643.18,643.18,26
1748619975,643.3,643.39,643.3,643.39,10
1748619980,643.31,643.31,643.17,643.17,9
1748619985,643.17,643.17,643.17,643.17,0
1748619990,643.02,643.12,643.02,643.12,5
1748619995,643.23,643.23,643.23,643.23,11
1748620000,643.25,643.3,643.25,643.3,5
1748620005,643.26,643.26,643.26,643.26,2
1748620010,643.26,643.26,643.26,643.26,0
1748620015,643.31,643.31,643.3,643.31,7
1748620020,643.31,643.31,643.3,643.31,0
1748620025,643.13,643.13,643.13,643.13,6
1748620030,643.14,643.15,643.01,643.1,27
1748620035,643.09,643.19,643.02,643.18,68
1748620040,643.1,643.1,643.1,643.1,2
1748620045,643.19,643.2,643.19,643.2,20
1748620050,643.2,643.2,643.2,643.2,0
1748620055,643.2,643.2,643.2,643.2,0
1748620060,643.2,643.2,643.2,643.2,0
1748620065,643.19,643.19,643.19,643.19,3
1748620070,643.07,643.07,643.06,643.07,14
1748620075,643.37,643.54,643.37,643.54,15
1748620080,643.5,643.5,643.5,643.5,2
1748620085,643.5,643.5,643.5,643.5,7
1748620090,643.5,643.5,643.5,643.5,0
1748620095,643.66,643.66,643.65,643.66,7
1748620100,643.67,643.67,643.67,643.67,3
1748620105,643.66,643.66,643.66,643.66,2
1748620110,643.72,643.78,643.72,643.77,16
1748620115,643.75,643.77,643.62,643.63,12
1748620120,643.66,643.79,643.66,643.79,7
1748620125,643.75,643.8,643.75,643.8,9
1748620130,643.85,643.95,643.85,643.85,21
1748620135,643.86,643.86,643.85,643.86,5
1748620140,644.0,644.0,644.0,644.0,22
1748620145,644.15,644.15,644.14,644.15,18
1748620150,644.03,644.03,644.03,644.03,5
1748620155,643.92,644.0,643.9,643.9,27
1748620160,644.01,644.06,644.0,644.06,5
1748620165,644.1,644.1,644.1,644.1,3
1748620170,644.01,644.01,644.01,644.01,3
1748620175,644.01,644.01,644.01,644.01,2
1748620180,644.01,644.01,644.01,644.01,0
1748620185,644.02,644.22,644.02,644.22,12
1748620190,644.23,644.23,644.22,644.23,5
1748620195,644.23,644.32,644.22,644.31,7
1748620200,644.31,644.31,644.3,644.31,0
1748620205,644.21,644.35,644.21,644.29,39
1748620210,644.29,644.29,644.28,644.29,2
1748620215,644.33,644.33,644.32,644.33,2
1748620220,644.38,644.42,644.38,644.42,11
1748620225,644.48,644.5,644.44,644.44,32
1748620230,644.38,644.5,644.38,644.39,92
1748620235,644.38,644.39,644.24,644.33,56
1748620240,644.2,644.2,644.05,644.14,43
1748620245,644.14,644.17,644.14,644.17,7
1748620250,644.16,644.16,644.16,644.16,2
1748620255,644.16,644.16,644.16,644.16,0
1748620260,644.16,644.16,644.16,644.16,0
1748620265,644.14,644.15,644.03,644.05,132
1748620270,644.27,644.28,644.27,644.27,12
1748620275,644.27,644.28,644.27,644.27,0
1748620280,644.13,644.13,644.05,644.13,17
1748620285,644.0,644.01,643.97,643.98,37
1748620290,643.91,643.91,643.91,643.91,12
1748620295,644.01,644.07,643.72,643.85,53
1748620300,643.85,643.85,643.84,643.85,12
1748620305,643.95,643.95,643.95,643.95,5
1748620310,643.84,643.96,643.84,643.96,8
1748620315,644.1,644.1,644.1,644.1,2
1748620320,644.1,644.1,644.1,644.1,0
1748620325,644.32,644.37,643.99,644.31,38
1748620330,644.15,644.21,644.06,644.07,10
1748620335,644.02,644.02,644.02,644.02,2
1748620340,644.03,644.11,643.98,644.1,7
1748620345,643.99,643.99,643.98,643.99,2
1748620350,644.12,644.12,644.12,644.12,7
1748620355,644.18,644.22,644.18,644.21,47
1748620360,644.2,644.32,644.2,644.32,8
1748620365,644.32,644.32,644.32,644.32,0
1748620370,644.15,644.15,644.15,644.15,72
1748620375,644.15,644.15,644.02,644.15,25
1748620380,644.15,644.15,644.11,644.14,49
1748620385,644.14,644.14,644.14,644.14,0
1748620390,644.02,644.02,644.01,644.02,12
1748620395,644.02,644.02,644.02,644.02,2
1748620400,644.06,644.07,644.06,644.07,5
1748620405,644.05,644.05,644.0,644.0,8
1748620410,644.19,644.25,644.07,644.13,20
1748620415,643.94,643.94,643.93,643.93,10
1748620420,644.05,644.05,644.05,644.05,2
1748620425,643.99,643.99,643.99,643.99,5
1748620430,643.99,643.99,643.99,643.99,0
1748620435,643.78,643.78,643.78,643.78,5
1748620440,643.72,643.78,643.59,643.78,22
1748620445,643.85,643.89,643.85,643.89,8
1748620450,643.99,643.99,643.78,643.78,21
1748620455,643.94,643.95,643.81,643.81,25
1748620460,643.81,643.82,643.81,643.81,0
1748620465,644.16,644.16,644.16,644.16,13
1748620470,644.23,644.23,644.23,644.23,2
1748620475,644.16,644.17,644.13,644.17,12
1748620480,644.24,644.3,644.19,644.3,37
1748620485,644.16,644.16,644.15,644.16,8
1748620490,644.16,644.16,644.15,644.16,0
1748620495,644.16,644.16,644.15,644.16,0
1748620500,644.16,644.16,644.15,644.16,0
1748620505,644.16,644.16,644.15,644.16,0
1748620510,644.24,644.24,644.23,644.24,2
1748620515,644.34,644.38,644.3,644.3,36
1748620520,644.36,644.37,644.3,644.34,22
1748620525,644.34,644.35,644.29,644.33,20
1748620530,644.44,644.52,644.35,644.47,156
1748620535,644.42,644.5,644.42,644.5,9
1748620540,644.5,644.5,644.5,644.5,0
1748620545,644.62,644.63,644.62,644.62,2
1748620550,644.62,644.63,644.62,644.62,0
1748620555,644.62,644.63,644.62,644.62,0
1748620560,644.64,644.67,644.54,644.67,31
1748620565,644.77,644.78,644.68,644.77,12
1748620570,644.72,644.8,644.58,644.58,50
1748620575,644.58,644.59,644.58,644.58,0
1748620580,644.74,644.75,644.7,644.7,5
1748620585,644.7,644.7,644.7,644.7,0
1748620590,644.64,644.65,644.64,644.64,4
1748620595,644.6,644.63,644.55,644.63,154
1748620600,644.61,644.61,644.6,644.61,15
1748620605,644.7,644.7,644.7,644.7,7
1748620610,644.6,644.6,644.57,644.57,10
1748620615,644.57,644.57,644.57,644.57,5
1748620620,644.6,644.61,644.6,644.61,5
1748620625,644.58,644.58,644.55,644.56,30
1748620630,644.56,644.7,644.5,644.5,41
1748620635,644.7,644.7,644.63,644.7,44
1748620640,644.74,644.74,644.63,644.63,27
1748620645,644.63,644.64,644.52,644.6,64
1748620650,644.63,644.67,644.63,644.67,21
1748620655,644.57,644.67,644.57,644.67,18
1748620660,644.68,644.71,644.41,644.41,41
1748620665,644.41,644.41,644.41,644.41,0
1748620670,644.48,644.57,644.47,644.56,10
1748620675,644.56,644.57,644.56,644.56,0
1748620680,644.56,644.57,644.56,644.56,0
1748620685,644.43,644.43,644.42,644.43,2
1748620690,644.46,644.53,644.46,644.46,38
1748620695,644.33,644.33,644.32,644.32,12
1748620700,644.38,644.47,644.37,644.37,17
1748620705,644.39,644.42,644.35,644.39,27
1748620710,644.39,644.39,644.39,644.39,0
1748620715,644.29,644.32,644.22,644.22,79
1748620720,644.22,644.22,644.22,644.22,0
1748620725,644.23,644.23,644.23,644.23,7
1748620730,644.38,644.39,644.29,644.3,11
1748620735,644.46,644.5,644.43,644.43,34
1748620740,644.45,644.45,644.44,644.45,5
1748620745,644.45,644.45,644.44,644.45,0
1748620750,644.31,644.31,644.24,644.24,7
1748620755,644.42,644.42,644.41,644.42,2
1748620760,644.42,644.42,644.41,644.42,0
1748620765,644.09,644.2,644.08,644.2,19
1748620770,644.2,644.2,644.19,644.2,2
1748620775,644.31,644.31,644.24,644.24,5
1748620780,644.24,644.25,644.24,644.24,0
1748620785,644.24,644.25,644.24,644.24,0
1748620790,644.2,644.2,644.2,644.2,3
1748620795,644.2,644.2,644.2,644.2,0
1748620800,644.2,644.2,644.2,644.2,0
1748620805,644.34,644.34,644.34,644.34,2
1748620810,644.34,644.34,644.34,644.34,0
1748620815,644.34,644.34,644.25,644.25,6
1748620820,644.2,644.2,644.08,644.08,10
1748620825,644.19,644.19,644.09,644.19,8
1748620830,644.19,644.19,644.19,644.19,8
1748620835,644.19,644.19,644.19,644.19,6
1748620840,644.19,644.19,644.19,644.19,0
1748620845,644.17,644.17,643.9,644.07,12
1748620850,644.01,644.02,643.91,643.91,5
1748620855,643.91,643.91,643.91,643.91,0
1748620860,643.98,643.98,643.98,643.98,2
1748620865,643.9,643.9,643.85,643.86,12
1748620870,643.7,643.86,643.69,643.71,12
1748620875,643.8,643.8,643.8,643.8,2
1748620880,643.88,643.89,643.87,643.88,20
1748620885,643.77,643.78,643.77,643.77,2
1748620890,643.95,643.95,643.87,643.88,13
1748620895,643.88,643.92,643.87,643.87,10
1748620900,643.8,643.92,643.79,643.79,29
1748620905,643.79,643.79,643.77,643.79,10
1748620910,643.81,643.81,643.81,643.81,7
1748620915,643.81,643.81,643.81,643.81,0
1748620920,643.78,643.82,643.78,643.82,10
1748620925,643.88,643.89,643.68,643.72,11
1748620930,643.63,643.63,643.62,643.63,6
1748620935,643.63,643.63,643.62,643.63,2
1748620940,643.63,643.63,643.62,643.63,0
1748620945,643.6,643.6,643.35,643.35,10
1748620950,643.51,643.68,643.45,643.45,29
1748620955,643.45,643.46,643.45,643.45,0
1748620960,643.62,643.62,643.59,643.59,12
1748620965,643.6,643.6,643.59,643.59,5
1748620970,643.63,643.64,643.63,643.64,5
1748620975,643.74,643.74,643.58,643.58,7
1748620980,643.58,643.58,643.58,643.58,0
1748620985,643.56,643.56,643.56,643.56,2
1748620990,643.56,643.56,643.56,643.56,0
1748620995,643.5,643.52,643.5,643.52,25
1748621000,643.44,643.44,643.43,643.44,2
1748621005,643.57,643.59,643.54,643.59,31
1748621010,643.59,643.59,643.58,643.59,0
1748621015,643.69,644.0,643.69,644.0,12
1748621020,643.93,644.06,643.93,644.03,26
1748621025,644.17,644.17,644.06,644.06,11
1748621030,644.07,644.13,644.06,644.13,20
1748621035,644.13,644.13,644.12,644.13,0
1748621040,644.12,644.19,644.11,644.19,45
1748621045,644.04,644.04,644.04,644.04,7
1748621050,644.02,644.17,644.02,644.02,14
1748621055,644.04,644.04,644.04,644.04,2
1748621060,644.03,644.04,643.88,644.04,7
1748621065,643.88,644.0,643.88,644.0,17
1748621070,644.04,644.04,643.86,643.87,25
1748621075,643.78,644.0,643.78,644.0,5
1748621080,643.96,643.96,643.96,643.96,7
1748621085,643.93,643.93,643.92,643.93,2
1748621090,643.89,643.9,643.89,643.89,2
1748621095,644.0,644.04,644.0,644.0,39
1748621100,644.0,644.0,644.0,644.0,0
1748621105,643.96,644.09,643.9,644.05,43
1748621110,644.06,644.08,644.06,644.08,5
1748621115,644.19,644.19,644.18,644.19,2
1748621120,644.12,644.12,644.12,644.12,2
1748621125,644.19,644.34,644.19,644.33,73
1748621130,644.33,644.33,644.21,644.22,16
1748621135,644.31,644.34,644.21,644.21,20
1748621140,644.27,644.27,644.27,644.27,5
1748621145,644.34,644.48,644.34,644.48,26
1748621150,644.42,644.42,644.2,644.31,20
1748621155,644.31,644.31,644.3,644.31,0
1748621160,644.31,644.49,644.31,644.39,46
1748621165,644.39,644.39,644.39,644.39,0
1748621170,644.48,644.66,644.37,644.66,112
1748621175,644.81,644.82,644.81,644.81,3
1748621180,644.74,644.74,644.74,644.74,5
1748621185,644.74,644.74,644.74,644.74,0
1748621190,644.75,644.75,644.6,644.6,14
1748621195,644.82,644.82,644.68,644.68,38
1748621200,644.87,645.0,644.87,644.97,184
1748621205,645.0,645.06,644.96,645.0,22
1748621210,645.0,645.06,644.94,645.01,41
1748621215,644.98,644.98,644.78,644.78,51
1748621220,644.9,645.02,644.83,645.01,49
1748621225,644.95,644.95,644.95,644.95,5
1748621230,644.95,644.95,644.93,644.94,5
1748621235,645.05,645.06,645.05,645.06,5
1748621240,645.04,645.04,644.99,645.0,7
1748621245,645.06,645.06,645.0,645.0,5
1748621250,644.97,644.97,644.97,644.97,3
1748621255,644.97,644.97,644.84,644.84,12
1748621260,644.82,644.82,644.68,644.68,7
1748621265,644.68,644.68,644.68,644.68,2
1748621270,644.68,644.68,644.68,644.68,0
1748621275,644.68,644.68,644.68,644.68,0
1748621280,644.77,644.78,644.7,644.7,14
1748621285,644.96,644.96,644.95,644.96,22
1748621290,644.77,644.77,644.77,644.77,2
1748621295,644.77,644.77,644.77,644.77,0
1748621300,644.95,645.18,644.95,645.05,49
1748621305,645.04,645.04,645.04,645.04,2
1748621310,645.04,645.04,645.04,645.04,0
1748621315,645.19,645.19,645.19,645.19,2
1748621320,645.28,645.28,645.07,645.1,25
1748621325,645.12,645.21,645.03,645.21,15
1748621330,645.1,645.18,645.09,645.17,5
1748621335,645.02,645.02,644.91,644.96,17
1748621340,644.96,644.96,644.96,644.96,0
1748621345,645.09,645.09,645.08,645.09,12
1748621350,645.09,645.16,645.08,645.16,5
1748621355,645.08,645.08,645.08,645.08,2
1748621360,645.01,645.01,644.99,644.99,18
1748621365,645.0,645.0,645.0,645.0,10
1748621370,644.95,645.05,644.91,644.91,17
1748621375,644.91,644.91,644.91,644.91,2
1748621380,645.0,645.0,645.0,645.0,17
1748621385,644.95,645.18,644.86,645.02,31
1748621390,645.02,645.02,645.02,645.02,0
1748621395,645.02,645.02,645.02,645.02,0
1748621400,645.13,645.13,645.13,645.13,2
1748621405,645.13,645.13,645.13,645.13,0
1748621410,645.0,645.03,644.95,645.02,10
1748621415,644.91,644.92,644.91,644.92,5
1748621420,644.92,644.92,644.92,644.92,0
1748621425,644.83,644.83,644.83,644.83,2
1748621430,644.86,644.86,644.85,644.86,5
1748621435,644.86,644.86,644.85,644.86,0
1748621440,644.83,644.92,644.76,644.76,37
1748621445,644.92,644.92,644.92,644.92,5
1748621450,644.92,644.92,644.92,644.92,0
1748621455,644.95,644.95,644.94,644.95,2
1748621460,644.82,644.95,644.82,644.95,10
1748621465,644.95,644.95,644.85,644.85,14
1748621470,644.85,644.85,644.85,644.85,0
1748621475,644.84,644.84,644.69,644.81,24
1748621480,644.81,644.81,644.81,644.81,0
1748621485,644.81,644.81,644.81,644.81,0
1748621490,644.62,644.62,644.56,644.56,70
1748621495,644.56,644.68,644.51,644.6,26
1748621500,644.53,644.62,644.5,644.62,22
1748621505,644.62,644.62,644.61,644.62,0
1748621510,644.63,644.7,644.63,644.7,15
1748621515,644.78,644.8,644.78,644.78,10
1748621520,644.81,644.82,644.81,644.82,7
1748621525,644.87,644.87,644.86,644.87,2
1748621530,644.87,644.87,644.86,644.87,0
1748621535,644.87,644.87,644.86,644.87,0
1748621540,644.87,644.87,644.86,644.87,0
1748621545,644.62,644.62,644.61,644.62,7
1748621550,644.53,644.53,644.53,644.53,3
1748621555,644.74,644.74,644.61,644.61,6
1748621560,644.46,644.61,644.45,644.5,17
1748621565,644.47,644.48,644.47,644.47,2
1748621570,644.35,644.5,644.35,644.37,26
1748621575,644.37,644.37,644.12,644.12,7
1748621580,644.25,644.26,644.25,644.25,2
1748621585,644.24,644.24,644.24,644.24,2
1748621590,644.34,644.35,644.34,644.34,25
1748621595,644.34,644.34,644.34,644.34,2
1748621600,644.34,644.34,644.34,644.34,0
1748621605,644.34,644.34,644.34,644.34,0
1748621610,644.55,644.55,644.55,644.55,10
1748621615,644.55,644.55,644.55,644.55,0
1748621620,644.55,644.55,644.55,644.55,0
1748621625,644.55,644.55,644.55,644.55,0
1748621630,644.52,644.52,644.52,644.52,3
1748621635,644.52,644.52,644.52,644.52,0
1748621640,644.52,644.52,644.52,644.52,0
1748621645,644.29,644.35,644.29,644.35,10
1748621650,644.35,644.35,644.34,644.35,0
1748621655,644.35,644.35,644.34,644.35,0
1748621660,644.48,644.48,644.48,644.48,2
1748621665,644.48,644.48,644.34,644.35,5
1748621670,644.22,644.35,644.22,644.35,8
1748621675,644.35,644.35,644.35,644.35,0
1748621680,644.28,644.35,644.27,644.35,5
1748621685,644.35,644.35,644.22,644.22,7
1748621690,644.22,644.22,644.22,644.22,0
1748621695,644.22,644.22,644.22,644.22,0
1748621700,644.5,644.5,644.49,644.5,18
1748621705,644.36,644.36,644.36,644.36,2
1748621710,644.21,644.36,644.2,644.2,15
1748621715,644.32,644.32,644.32,644.32,17
1748621720,644.43,644.5,644.37,644.49,17
1748621725,644.49,644.5,644.49,644.49,0
1748621730,644.5,644.5,644.41,644.41,12
1748621735,644.48,644.48,644.48,644.48,2
1748621740,644.5,644.5,644.5,644.5,5
1748621745,644.55,644.67,644.54,644.67,5
1748621750,644.57,644.57,644.54,644.55,5
1748621755,644.66,644.66,644.52,644.52,61
1748621760,644.45,644.58,644.22,644.22,136
1748621765,644.45,644.46,644.45,644.45,2
1748621770,644.35,644.35,644.14,644.18,15
1748621775,644.01,644.01,643.88,643.88,7
1748621780,644.03,644.06,643.9,644.05,19
1748621785,643.9,643.94,643.63,643.79,116
1748621790,643.77,643.88,643.77,643.78,132
1748621795,643.78,643.78,643.72,643.72,5
1748621800,643.72,643.72,643.72,643.72,0
1748621805,643.72,643.72,643.72,643.72,0
1748621810,643.49,643.49,643.37,643.37,25
1748621815,643.38,643.38,643.37,643.38,5
1748621820,643.38,643.38,643.37,643.38,0
1748621825,643.25,643.25,643.08,643.08,25
1748621830,643.08,643.08,643.08,643.08,8
1748621835,643.16,643.16,643.07,643.12,109
1748621840,643.12,643.12,643.11,643.12,5
1748621845,643.22,643.26,643.17,643.26,12
1748621850,643.26,643.26,643.23,643.23,16
1748621855,643.14,643.33,642.89,642.89,179
1748621860,642.89,642.9,642.89,642.89,0
1748621865,643.0,643.12,642.79,642.79,29
1748621870,643.1,643.12,642.96,642.96,18
1748621875,642.96,642.96,642.96,642.96,0
1748621880,642.87,642.9,642.83,642.88,12
1748621885,642.97,643.0,642.97,643.0,7
1748621890,642.99,642.99,642.99,642.99,10
1748621895,643.09,643.1,643.09,643.09,2
1748621900,642.96,642.99,642.96,642.99,13
1748621905,642.9,642.91,642.85,642.91,15
1748621910,642.91,642.91,642.91,642.91,0
1748621915,642.95,642.95,642.94,642.95,2
1748621920,643.07,643.07,642.78,642.79,82
1748621925,642.75,642.76,642.75,642.75,7
1748621930,642.75,642.78,642.75,642.76,15
1748621935,642.7,642.71,642.67,642.71,13
1748621940,642.68,642.71,642.67,642.67,29
1748621945,642.67,642.85,642.58,642.85,69
1748621950,642.75,642.75,642.7,642.71,22
1748621955,642.87,642.87,642.77,642.79,10
1748621960,642.93,642.95,642.77,642.88,45
1748621965,642.94,642.95,642.94,642.94,2
1748621970,642.92,643.0,642.85,642.85,36
1748621975,642.69,642.71,642.69,642.71,5
1748621980,642.76,642.76,642.62,642.62,5
1748621985,642.62,642.63,642.62,642.62,0
1748621990,642.7,642.75,642.61,642.75,27
1748621995,642.7,642.78,642.7,642.78,5
1748622000,642.78,642.79,642.78,642.79,7
1748622005,642.62,642.62,642.61,642.62,12
1748622010,642.66,642.74,642.62,642.74,35
1748622015,642.74,642.74,642.73,642.74,2
1748622020,642.74,642.74,642.71,642.71,6
1748622025,642.85,642.97,642.85,642.92,22
1748622030,642.94,642.97,642.94,642.97,5
1748622035,643.0,643.0,643.0,643.0,3
1748622040,643.0,643.0,642.92,642.93,16
1748622045,642.93,642.93,642.92,642.93,0
1748622050,643.22,643.22,643.2,643.21,5
1748622055,643.13,643.19,643.12,643.19,10
1748622060,643.14,643.21,643.14,643.21,5
1748622065,643.03,643.03,643.0,643.0,10
1748622070,643.01,643.04,643.01,643.04,19
1748622075,643.16,643.25,643.07,643.25,25
1748622080,643.07,643.2,643.07,643.2,58
1748622085,643.2,643.2,643.2,643.2,12
1748622090,643.2,643.2,643.2,643.2,0
1748622095,642.9,642.9,642.9,642.9,5
1748622100,642.91,642.91,642.91,642.91,15
1748622105,642.8,642.81,642.6,642.61,36
1748622110,642.58,642.58,642.45,642.53,54
1748622115,642.53,642.53,642.53,642.53,0
1748622120,642.53,642.53,642.53,642.53,0
1748622125,642.61,642.61,642.55,642.55,10
1748622130,642.34,642.47,642.31,642.47,24
1748622135,642.25,642.25,641.91,641.99,151
1748622140,641.91,641.91,641.79,641.79,36
1748622145,641.72,641.88,641.72,641.87,14
1748622150,641.93,641.93,641.92,641.93,5
1748622155,641.75,641.82,641.75,641.79,9
1748622160,641.84,642.0,641.83,642.0,70
1748622165,642.0,642.03,641.96,642.03,10
1748622170,642.07,642.08,642.07,642.08,17
1748622175,641.97,642.05,641.97,642.05,5
1748622180,641.8,641.91,641.8,641.91,19
1748622185,641.97,641.97,641.77,641.77,32
1748622190,642.0,642.0,641.95,641.95,10
1748622195,641.92,641.92,641.92,641.92,4
1748622200,641.92,642.08,641.92,642.08,17
1748622205,641.93,641.93,641.92,641.93,6
1748622210,641.93,641.93,641.67,641.68,25
1748622215,641.76,641.86,641.76,641.86,26
1748622220,641.95,641.95,641.81,641.87,15
1748622225,641.88,641.89,641.88,641.88,3
1748622230,641.89,641.91,641.89,641.91,5
1748622235,641.86,641.86,641.84,641.85,21
1748622240,641.8,641.85,641.77,641.85,22
1748622245,641.88,641.88,641.84,641.85,7
1748622250,641.85,641.85,641.84,641.85,0
1748622255,641.85,641.85,641.84,641.85,2
1748622260,641.85,641.85,641.84,641.85,0
1748622265,641.85,641.85,641.6,641.6,17
1748622270,641.69,641.69,641.61,641.63,17
1748622275,641.66,641.66,641.66,641.66,3
1748622280,641.66,641.76,641.66,641.66,78
1748622285,641.66,641.77,641.66,641.77,16
1748622290,641.92,641.92,641.92,641.92,2
1748622295,641.76,641.8,641.76,641.8,5
1748622300,641.76,641.77,641.76,641.77,13
1748622305,641.73,641.82,641.71,641.81,44
1748622310,641.77,641.77,641.77,641.77,18
1748622315,641.76,641.77,641.76,641.76,3
1748622320,641.62,641.69,641.6,641.69,74
1748622325,641.69,641.69,641.69,641.69,16
1748622330,641.73,641.73,641.72,641.73,2
1748622335,641.73,641.73,641.73,641.73,12
1748622340,641.64,641.65,641.64,641.64,3
1748622345,641.72,641.87,641.72,641.84,55
1748622350,641.73,641.81,641.73,641.81,10
1748622355,641.85,641.85,641.85,641.85,2
1748622360,641.87,642.0,641.87,641.98,28
1748622365,641.94,641.96,641.94,641.96,15
1748622370,641.94,642.02,641.94,642.02,5
1748622375,642.0,642.08,642.0,642.08,7
1748622380,642.13,642.13,641.99,642.07,15
1748622385,642.08,642.18,642.04,642.18,30
1748622390,642.01,642.04,641.89,641.89,10
1748622395,641.8,641.81,641.8,641.81,30
1748622400,641.78,641.93,641.78,641.93,5
1748622405,641.96,641.97,641.92,641.92,5
1748622410,641.74,641.86,641.74,641.76,31
1748622415,641.78,641.78,641.76,641.76,7
1748622420,641.76,641.76,641.76,641.76,0
1748622425,641.77,641.77,641.76,641.76,7
1748622430,641.76,641.78,641.68,641.74,36
1748622435,641.65,641.65,641.55,641.55,34
1748622440,641.67,641.67,641.0,641.0,173
1748622445,641.0,641.05,640.88,640.88,37
1748622450,640.65,640.87,640.65,640.75,51
1748622455,640.88,641.08,640.79,640.82,70
1748622460,640.82,640.93,640.65,640.8,88
1748622465,640.72,640.88,640.58,640.88,20
1748622470,640.75,640.86,640.75,640.8,12
1748622475,640.97,640.97,640.82,640.83,8
1748622480,640.65,640.9,640.58,640.58,29
1748622485,640.5,640.5,640.33,640.33,7
1748622490,640.69,640.69,640.45,640.46,8
1748622495,640.57,640.58,640.33,640.33,57
1748622500,640.5,640.55,640.46,640.52,57
1748622505,640.58,640.58,640.49,640.54,46
1748622510,640.39,640.58,640.33,640.58,17
1748622515,640.34,640.49,640.34,640.49,32
1748622520,640.49,640.49,638.71,638.71,653
1748622525,638.88,639.65,638.88,639.19,163
1748622530,639.32,639.74,639.31,639.56,66
1748622535,639.59,639.75,639.59,639.75,7
1748622540,639.55,639.57,638.98,639.19,97
1748622545,639.12,639.12,638.93,638.94,60
1748622550,639.1,639.13,638.96,639.09,80
1748622555,639.23,639.41,639.23,639.41,5
1748622560,639.32,639.47,639.19,639.32,46
1748622565,639.33,639.48,639.25,639.47,17
1748622570,639.38,639.38,638.96,639.07,37
1748622575,639.0,639.35,638.9,638.9,144
1748622580,638.9,639.09,638.88,638.99,101
1748622585,638.97,639.01,638.86,638.86,28
1748622590,638.77,639.0,638.76,639.0,8
1748622595,639.08,639.08,638.93,639.07,78
1748622600,639.25,639.34,638.58,638.77,107
1748622605,638.5,638.69,638.36,638.37,52
1748622610,638.26,638.3,638.08,638.22,102
1748622615,638.27,638.28,638.14,638.15,17
1748622620,638.08,638.16,638.08,638.16,10
1748622625,638.31,638.4,638.2,638.4,55
1748622630,638.56,638.56,638.07,638.25,30
1748622635,638.01,638.04,637.9,638.0,56
1748622640,637.78,638.06,637.78,638.03,181
1748622645,637.94,638.33,637.94,638.05,58
1748622650,638.04,638.41,638.04,638.41,20
1748622655,638.79,638.88,638.64,638.67,65
1748622660,638.44,638.44,638.16,638.2,7
1748622665,638.28,638.28,637.73,637.74,108
1748622670,637.68,637.88,637.57,637.88,67
1748622675,637.88,637.88,637.88,637.88,0
1748622680,637.76,637.76,637.57,637.57,20
1748622685,637.57,637.82,637.5,637.82,80
1748622690,637.72,637.97,637.71,637.97,11
1748622695,637.68,638.0,637.66,637.86,45
1748622700,638.0,638.09,638.0,638.04,37
1748622705,638.12,638.12,637.88,637.88,7
1748622710,638.0,638.0,637.57,637.58,61
1748622715,637.72,637.72,637.72,637.72,5
1748622720,637.8,637.81,636.9,636.9,74
1748622725,637.04,637.1,637.02,637.02,12
1748622730,637.29,637.3,637.13,637.22,50
1748622735,637.1,637.1,636.87,636.87,54
1748622740,636.91,637.0,636.62,637.0,36
1748622745,636.95,636.95,636.79,636.8,5
1748622750,636.99,637.05,636.67,636.84,96
1748622755,636.94,637.0,636.8,636.89,45
1748622760,636.85,636.86,636.7,636.73,69
1748622765,636.69,636.81,636.53,636.79,59
1748622770,636.79,636.9,636.71,636.82,61
1748622775,636.82,636.82,636.82,636.82,3
1748622780,636.71,636.71,636.33,636.46,104
1748622785,636.63,636.63,636.3,636.52,57
1748622790,636.34,636.5,636.0,636.33,69
1748622795,636.33,636.64,636.25,636.25,117
1748622800,636.1,636.27,636.09,636.27,38
1748622805,636.02,636.27,636.02,636.14,9
1748622810,636.05,636.26,636.02,636.25,28
1748622815,636.26,636.44,636.0,636.0,43
1748622820,636.28,636.29,636.0,636.0,124
1748622825,636.0,636.18,635.87,636.18,109
1748622830,636.16,636.16,635.95,636.09,29
1748622835,636.07,636.1,636.0,636.1,25
1748622840,636.02,636.11,635.59,635.59,146
1748622845,635.74,636.05,635.7,635.79,114
1748622850,635.81,635.98,635.76,635.95,78
1748622855,635.93,635.93,635.92,635.93,5
1748622860,635.74,635.75,635.66,635.67,80
1748622865,635.87,636.13,635.86,636.13,38
1748622870,636.12,636.28,635.91,636.2,78
1748622875,636.4,636.77,636.14,636.75,84
1748622880,636.54,636.7,636.54,636.57,50
1748622885,636.67,636.87,636.58,636.61,153
1748622890,636.48,636.48,636.48,636.48,2
1748622895,636.59,636.68,636.11,636.23,205
1748622900,636.27,636.5,636.13,636.32,163
1748622905,636.32,636.32,636.15,636.18,38
1748622910,636.17,636.2,636.15,636.19,61
1748622915,636.26,636.35,636.17,636.25,346
1748622920,636.08,636.17,635.95,636.05,29
1748622925,636.05,636.13,635.96,636.08,140
1748622930,635.9,635.94,635.79,635.79,41
1748622935,635.79,636.1,635.79,636.09,76
1748622940,636.0,636.17,635.67,635.82,121
1748622945,635.7,635.81,635.5,635.5,69
1748622950,635.41,635.65,635.41,635.58,185
1748622955,635.62,635.69,635.47,635.62,180
1748622960,635.62,635.96,635.62,635.8,53
1748622965,635.64,635.75,635.45,635.5,45
1748622970,635.72,635.89,635.72,635.89,9
1748622975,635.89,635.89,635.83,635.83,7
1748622980,635.75,635.96,635.71,635.71,16
1748622985,635.62,635.62,635.43,635.43,37
1748622990,635.58,635.58,635.12,635.12,108
1748622995,635.39,635.65,635.39,635.64,16
1748623000,635.31,635.68,635.31,635.63,27
1748623005,635.86,636.14,635.76,635.83,140
1748623010,635.98,636.09,635.85,636.02,85
1748623015,635.9,636.62,635.9,636.25,567
1748623020,636.27,636.59,636.23,636.59,463
1748623025,636.37,636.57,636.3,636.43,241
1748623030,636.3,636.34,635.69,635.77,302
1748623035,635.59,635.75,635.59,635.74,15
1748623040,635.62,635.63,635.5,635.59,37
1748623045,635.54,635.72,635.41,635.57,187
1748623050,635.57,635.66,635.41,635.43,39
1748623055,635.42,635.45,635.28,635.44,37
1748623060,635.45,635.45,635.14,635.16,46
1748623065,635.36,635.38,635.35,635.37,15
1748623070,635.5,635.61,635.44,635.52,28
1748623075,635.66,635.76,635.63,635.63,36
1748623080,635.62,635.72,635.42,635.56,45
1748623085,635.46,635.5,635.3,635.3,34
1748623090,635.17,635.31,635.03,635.25,182
1748623095,635.25,635.34,635.15,635.15,55
1748623100,635.29,635.33,635.14,635.23,21
1748623105,635.18,635.18,635.17,635.18,10
1748623110,635.24,635.24,635.07,635.07,27
1748623115,635.23,635.32,635.23,635.32,12
1748623120,635.41,635.53,635.36,635.52,28
1748623125,635.62,635.69,635.61,635.69,7
1748623130,635.81,635.87,635.76,635.76,52
1748623135,635.8,636.0,635.8,636.0,59
1748623140,635.96,636.0,635.95,635.95,19
1748623145,635.9,636.07,635.85,636.01,91
1748623150,636.19,636.19,635.96,636.01,218
1748623155,636.04,636.25,635.95,636.1,181
1748623160,636.1,636.19,636.1,636.16,24
1748623165,636.21,636.38,636.13,636.27,266
1748623170,636.3,636.32,636.15,636.2,37
1748623175,636.28,636.46,636.26,636.39,93
1748623180,636.4,636.77,636.39,636.63,212
1748623185,636.77,636.77,636.5,636.51,50
1748623190,636.8,636.8,636.65,636.71,36
1748623195,636.71,636.77,636.44,636.44,57
1748623200,636.49,636.74,636.48,636.57,37
1748623205,636.6,636.84,636.59,636.76,100
1748623210,636.74,637.01,636.74,636.93,293
1748623215,637.05,637.11,636.89,637.07,206
1748623220,637.07,637.13,637.06,637.13,30
1748623225,637.0,637.03,636.9,637.0,17
1748623230,637.08,637.08,636.97,636.97,15
1748623235,637.04,637.04,636.87,637.0,88
1748623240,637.0,637.03,636.81,636.89,49
1748623245,636.84,637.05,636.77,636.87,23
1748623250,636.95,637.0,636.71,636.71,15
1748623255,636.68,636.74,636.53,636.53,342
1748623260,636.61,636.73,636.5,636.5,105
1748623265,636.47,636.6,636.19,636.19,51
1748623270,636.38,636.48,636.34,636.37,195
1748623275,636.4,636.56,636.38,636.42,88
1748623280,636.5,636.61,636.49,636.54,81
1748623285,636.56,636.56,636.56,636.56,6
1748623290,636.56,636.72,636.55,636.72,70
1748623295,636.57,636.57,636.42,636.56,20
1748623300,636.53,636.53,636.35,636.35,47
1748623305,636.44,636.55,636.29,636.29,12
1748623310,636.29,636.29,636.29,636.29,0
1748623315,636.3,636.3,636.23,636.24,24
1748623320,636.24,636.25,636.1,636.1,13
1748623325,636.19,636.19,636.18,636.19,11
1748623330,636.19,636.23,635.8,636.05,361
1748623335,636.04,636.06,635.85,636.05,36
1748623340,635.98,636.08,635.96,636.08,65
1748623345,636.04,636.1,635.96,636.08,152
1748623350,636.06,636.13,636.02,636.08,43
1748623355,636.11,636.11,636.1,636.11,11
1748623360,636.11,636.42,636.1,636.42,195
1748623365,636.17,636.24,636.16,636.24,37
1748623370,636.23,636.24,636.04,636.24,25
1748623375,636.02,636.09,636.02,636.08,7
1748623380,636.18,636.18,636.01,636.01,30
1748623385,636.01,636.01,636.01,636.01,0
1748623390,636.24,636.24,636.24,636.24,5
1748623395,636.24,636.24,636.23,636.24,2
1748623400,636.23,636.23,636.0,636.2,48
1748623405,636.19,636.19,636.09,636.09,22
1748623410,636.0,636.01,635.85,635.91,110
1748623415,635.99,636.08,635.97,636.0,48
1748623420,636.0,636.0,636.0,636.0,0
1748623425,635.99,636.25,635.73,635.74,367
1748623430,635.68,635.68,635.5,635.54,100
1748623435,635.67,635.89,635.59,635.7,112
1748623440,635.62,635.62,635.4,635.55,36
1748623445,635.5,635.57,635.5,635.52,30
1748623450,635.51,635.54,635.44,635.49,75
1748623455,635.48,635.63,635.48,635.63,55
1748623460,635.65,635.68,635.55,635.55,33
1748623465,635.67,635.79,635.61,635.61,61
1748623470,635.79,635.79,635.76,635.79,15
1748623475,635.76,635.76,635.57,635.62,66
1748623480,635.59,635.59,635.49,635.54,16
1748623485,635.46,635.57,635.44,635.57,65
1748623490,635.65,635.72,635.6,635.6,20
1748623495,635.67,635.67,635.66,635.67,10
1748623500,635.65,635.65,635.65,635.65,5
1748623505,635.62,635.62,635.61,635.62,7
1748623510,635.75,635.75,635.68,635.68,24
1748623515,635.7,635.7,635.69,635.7,2
1748623520,635.68,635.68,635.68,635.68,11
1748623525,635.62,635.63,635.45,635.6,62
1748623530,635.84,635.84,635.65,635.67,21
1748623535,635.61,635.76,635.61,635.65,45
1748623540,635.44,635.44,635.44,635.44,9
1748623545,635.39,635.56,635.38,635.46,32
1748623550,635.55,635.55,635.38,635.46,38
1748623555,635.54,635.55,635.47,635.55,35
1748623560,635.56,635.56,635.37,635.46,46
1748623565,635.38,635.39,635.38,635.38,2
1748623570,635.39,635.43,635.23,635.26,67
1748623575,635.38,635.39,635.26,635.26,5
1748623580,635.29,635.29,635.05,635.26,20
1748623585,635.09,635.1,634.8,635.06,248
1748623590,635.06,635.23,635.0,635.1,42
1748623595,635.0,635.07,634.8,634.94,53
1748623600,634.9,634.97,634.89,634.89,17
1748623605,634.97,635.1,634.94,634.98,86
1748623610,635.15,635.15,635.14,635.15,16
1748623615,635.08,635.27,635.08,635.27,39
1748623620,635.44,635.61,635.44,635.55,39
1748623625,635.6,635.61,635.48,635.48,26
1748623630,635.61,635.86,635.57,635.86,56
1748623635,635.75,635.8,635.66,635.66,11
1748623640,635.55,635.55,635.54,635.55,7
1748623645,635.4,635.44,635.33,635.33,34
1748623650,635.33,635.33,635.3,635.31,5
1748623655,635.2,635.4,635.2,635.4,20
1748623660,635.19,635.19,634.81,634.81,42
1748623665,634.77,634.85,634.59,634.73,118
1748623670,634.74,634.8,634.74,634.8,6
1748623675,635.0,635.01,635.0,635.0,17
1748623680,634.98,635.0,634.98,635.0,16
1748623685,635.18,635.19,634.98,634.98,5
1748623690,635.14,635.31,635.14,635.29,49
1748623695,635.38,635.38,635.37,635.38,2
1748623700,635.25,635.3,635.18,635.29,23
1748623705,635.29,635.37,635.21,635.33,30
1748623710,635.33,635.33,635.33,635.33,0
1748623715,635.33,635.33,635.33,635.33,0
1748623720,635.34,635.34,635.33,635.34,2
1748623725,635.34,635.58,635.33,635.36,30
1748623730,635.36,635.43,635.35,635.35,8
1748623735,635.43,635.43,635.42,635.43,13
1748623740,635.3,635.58,635.29,635.29,30
1748623745,635.2,635.28,635.14,635.28,52
1748623750,635.29,635.33,635.28,635.33,11
1748623755,635.44,635.44,634.9,634.91,79
1748623760,634.8,634.8,634.65,634.76,47
1748623765,634.76,634.77,634.69,634.69,26
1748623770,634.79,634.83,634.65,634.79,124
1748623775,634.75,634.93,634.65,634.83,51
1748623780,635.0,635.14,635.0,635.14,12
1748623785,635.14,635.14,635.14,635.14,0
1748623790,634.87,634.88,634.83,634.84,41
1748623795,634.97,635.0,634.97,635.0,13
1748623800,634.95,634.95,634.59,634.69,34
1748623805,634.69,634.69,634.69,634.69,0
1748623810,634.56,634.58,634.52,634.52,28
1748623815,634.64,634.71,634.64,634.71,7
1748623820,634.63,634.66,634.48,634.66,64
1748623825,634.64,634.65,634.45,634.45,18
1748623830,634.43,634.54,634.33,634.54,52
1748623835,634.3,634.38,634.3,634.36,90
1748623840,634.42,634.43,634.27,634.27,8
1748623845,634.4,634.41,634.29,634.41,47
1748623850,634.46,634.72,634.35,634.63,77
1748623855,634.59,634.59,634.58,634.59,2
1748623860,634.55,634.6,634.42,634.6,16
1748623865,634.48,634.72,634.42,634.42,16
1748623870,634.3,634.53,634.3,634.43,27
1748623875,634.43,634.58,634.35,634.35,30
1748623880,634.3,634.45,634.21,634.45,22
1748623885,634.42,634.51,634.27,634.28,82
1748623890,634.13,634.23,634.1,634.23,92
1748623895,634.1,634.1,633.77,633.88,84
1748623900,633.82,633.83,633.57,633.57,302
1748623905,633.57,633.66,633.52,633.52,100
1748623910,633.59,633.6,633.44,633.44,30
1748623915,633.52,633.65,633.23,633.23,168
1748623920,633.24,633.43,633.2,633.42,73
1748623925,633.43,633.55,633.43,633.55,15
1748623930,633.43,633.53,633.43,633.51,7
1748623935,633.54,633.55,633.42,633.55,32
1748623940,633.55,633.55,633.54,633.55,10
1748623945,633.51,633.51,633.22,633.22,79
1748623950,633.34,633.34,633.29,633.3,15
1748623955,633.31,633.32,633.3,633.31,5
1748623960,633.31,633.43,633.3,633.39,125
1748623965,633.39,633.57,633.39,633.55,162
1748623970,633.46,633.46,633.32,633.32,8
1748623975,633.41,633.41,633.32,633.32,20
1748623980,633.41,633.54,633.4,633.47,92
1748623985,633.43,633.69,633.41,633.6,84
1748623990,633.66,633.67,633.3,633.3,80
1748623995,633.22,633.22,632.78,633.0,108
1748624000,633.0,633.17,632.82,632.91,50
1748624005,632.89,632.98,632.85,632.85,27
1748624010,632.99,633.16,632.98,633.05,46
1748624015,633.12,633.5,633.11,633.34,124
1748624020,633.34,633.34,633.16,633.31,25
1748624025,633.44,633.63,633.3,633.59,53
1748624030,633.43,633.43,633.09,633.09,47
1748624035,633.14,633.14,633.1,633.1,7
1748624040,633.13,633.31,633.11,633.26,56
1748624045,633.57,633.57,633.57,633.57,12
1748624050,633.4,633.74,633.4,633.67,81
1748624055,633.54,633.55,633.4,633.49,14
1748624060,633.24,633.43,633.24,633.32,54
1748624065,633.32,633.33,633.31,633.32,43
1748624070,633.11,633.18,633.11,633.17,17
1748624075,633.06,633.47,633.01,633.47,74
1748624080,633.29,633.29,633.08,633.2,17
1748624085,633.23,633.23,633.23,633.23,15
1748624090,633.07,633.08,633.07,633.07,32
1748624095,633.09,633.09,633.07,633.07,6
1748624100,633.14,633.16,633.14,633.14,20
1748624105,633.17,633.22,633.0,633.04,66
1748624110,633.19,633.57,633.18,633.57,69
1748624115,633.55,633.93,633.55,633.93,220
1748624120,633.67,633.67,633.46,633.52,31
1748624125,633.31,633.54,633.31,633.54,25
1748624130,633.37,633.37,633.37,633.37,2
1748624135,633.37,633.51,633.37,633.51,9
1748624140,633.51,633.51,633.5,633.51,0
1748624145,633.41,633.59,633.41,633.56,19
1748624150,633.58,633.58,633.51,633.58,10
1748624155,633.42,633.42,633.33,633.33,15
1748624160,633.43,633.48,633.43,633.48,15
1748624165,633.55,633.7,633.47,633.58,17
1748624170,633.58,633.77,633.44,633.77,107
1748624175,633.94,633.94,633.7,633.7,16
1748624180,633.85,633.93,633.75,633.75,33
1748624185,633.73,633.85,633.72,633.81,22
1748624190,633.96,634.08,633.83,634.01,44
1748624195,634.0,634.0,633.89,633.9,8
1748624200,633.9,633.9,633.9,633.9,0
1748624205,633.9,633.9,633.9,633.9,0
1748624210,633.94,633.96,633.94,633.95,7
1748624215,633.91,634.02,633.87,633.9,32
1748624220,633.97,633.97,633.74,633.82,308
1748624225,633.92,634.04,633.86,633.88,73
1748624230,633.88,633.89,633.88,633.88,0
1748624235,633.88,633.91,633.88,633.9,7
1748624240,634.05,634.1,633.85,633.85,35
1748624245,634.02,634.03,634.02,634.02,2
1748624250,634.05,634.24,634.03,634.24,23
1748624255,634.19,634.19,633.96,633.96,10
1748624260,634.12,634.12,634.01,634.01,20
1748624265,634.14,634.15,634.14,634.14,6
1748624270,634.08,634.08,634.0,634.0,18
1748624275,634.0,634.0,634.0,634.0,0
1748624280,634.12,634.12,634.12,634.12,2
1748624285,634.16,634.18,634.08,634.13,18
1748624290,634.07,634.14,633.98,633.98,43
1748624295,634.11,634.11,633.85,633.94,22
1748624300,633.85,633.99,633.84,633.86,28
1748624305,633.89,633.98,633.84,633.97,41
1748624310,633.97,634.13,633.97,634.13,26
1748624315,634.12,634.32,634.12,634.22,140
1748624320,634.15,634.15,634.11,634.12,10
1748624325,634.14,634.15,633.95,633.96,34
1748624330,634.0,634.03,633.91,634.03,17
1748624335,634.14,634.14,634.01,634.04,25
1748624340,634.19,634.38,634.18,634.26,151
1748624345,634.17,634.17,634.11,634.11,7
1748624350,634.2,634.24,634.2,634.24,7
1748624355,634.17,634.17,634.16,634.16,12
1748624360,634.42,634.43,634.41,634.42,7
1748624365,634.42,634.46,634.41,634.45,5
1748624370,634.55,634.55,634.55,634.55,5
1748624375,634.54,634.58,634.54,634.58,8
1748624380,634.58,634.65,634.58,634.63,7
1748624385,634.62,634.63,634.49,634.56,43
1748624390,634.67,634.71,634.67,634.7,28
1748624395,634.81,634.84,634.7,634.79,83
1748624400,634.74,634.74,634.24,634.48,62
1748624405,634.61,634.85,634.6,634.68,21
1748624410,634.33,634.33,634.33,634.33,2
1748624415,634.19,634.27,634.12,634.13,12
1748624420,634.23,634.23,634.18,634.22,10
1748624425,634.22,634.22,634.22,634.22,0
1748624430,634.47,634.47,634.46,634.47,4
1748624435,634.43,634.44,634.43,634.43,2
1748624440,634.43,634.44,634.43,634.43,0
1748624445,634.49,634.55,634.36,634.44,19
1748624450,634.62,634.63,634.54,634.54,19
1748624455,634.51,634.74,634.45,634.74,16
1748624460,634.38,634.67,634.38,634.67,35
1748624465,634.74,634.95,634.68,634.85,97
1748624470,634.96,634.96,634.81,634.9,44
1748624475,634.87,635.0,634.87,634.98,121
1748624480,634.86,635.07,634.86,634.98,7
1748624485,635.09,635.17,635.06,635.13,211
1748624490,635.1,635.21,635.08,635.21,52
1748624495,635.18,635.36,635.12,635.36,63
1748624500,635.2,635.27,635.2,635.26,37
1748624505,635.27,635.27,634.88,634.88,30
1748624510,634.92,635.02,634.84,634.84,37
1748624515,634.78,634.9,634.75,634.9,59
1748624520,634.82,634.82,634.82,634.82,7
1748624525,634.85,634.99,634.81,634.93,25
1748624530,634.89,634.9,634.82,634.85,10
1748624535,634.82,634.98,634.82,634.98,15
1748624540,634.98,634.98,634.97,634.98,0
1748624545,634.85,634.85,634.7,634.78,21
1748624550,634.82,634.82,634.82,634.82,5
1748624555,634.9,635.11,634.82,635.11,48
1748624560,635.2,635.23,635.14,635.18,136
1748624565,635.23,635.32,635.19,635.31,61
1748624570,635.29,635.5,635.28,635.5,74
1748624575,635.49,635.76,635.49,635.66,37
1748624580,635.56,635.69,635.55,635.59,79
1748624585,635.52,635.66,635.48,635.49,31
1748624590,635.47,635.58,635.46,635.51,10
1748624595,635.5,635.57,635.5,635.57,7
1748624600,635.5,635.62,635.49,635.55,15
1748624605,635.49,635.49,635.49,635.49,2
1748624610,635.33,635.49,635.24,635.34,59
1748624615,635.35,635.35,635.24,635.31,19
1748624620,635.31,635.38,635.31,635.38,37
1748624625,635.55,635.56,635.4,635.41,5
1748624630,635.41,635.41,635.4,635.41,152
1748624635,635.3,635.41,635.3,635.41,59
1748624640,635.51,635.51,635.45,635.48,18
1748624645,635.47,635.5,635.41,635.5,22
1748624650,635.5,635.58,635.49,635.52,29
1748624655,635.42,635.53,635.36,635.37,17
1748624660,635.41,635.57,635.4,635.5,22
1748624665,635.44,635.5,635.42,635.5,7
1748624670,635.5,635.5,635.5,635.5,0
1748624675,635.5,635.5,635.45,635.5,10
1748624680,635.4,635.4,635.39,635.39,17
1748624685,635.63,635.65,635.57,635.58,25
1748624690,635.65,635.65,635.5,635.6,41
1748624695,635.6,635.6,635.6,635.6,2
1748624700,635.59,635.59,635.58,635.59,2
1748624705,635.69,635.7,635.61,635.61,18
1748624710,635.64,635.75,635.64,635.68,12
1748624715,635.65,635.65,635.37,635.42,69
1748624720,635.48,635.68,635.46,635.56,28
1748624725,635.56,635.56,635.55,635.56,0
1748624730,635.61,635.62,635.55,635.62,12
1748624735,635.71,635.71,635.67,635.68,12
1748624740,635.56,635.56,635.56,635.56,6
1748624745,635.5,635.53,635.5,635.5,11
1748624750,635.57,635.74,635.57,635.74,7
1748624755,635.63,635.8,635.62,635.8,27
1748624760,635.75,635.93,635.75,635.93,10
1748624765,635.8,635.91,635.79,635.85,31
1748624770,635.92,636.04,635.88,636.04,232
1748624775,635.92,636.02,635.82,635.92,58
1748624780,635.98,636.08,635.84,635.99,164
1748624785,635.97,636.14,635.97,636.09,77
1748624790,636.09,636.14,635.95,635.95,96
1748624795,636.04,636.04,636.04,636.04,2
1748624800,636.01,636.07,635.99,636.04,94
1748624805,636.03,636.11,635.95,636.0,56
1748624810,635.96,636.06,635.95,635.96,12
1748624815,635.96,636.15,635.95,636.0,52
1748624820,636.0,636.07,635.91,636.0,60
1748624825,636.09,636.16,636.02,636.09,75
1748624830,635.93,635.98,635.9,635.98,12
1748624835,636.0,636.03,635.99,636.01,29
1748624840,636.01,636.01,636.01,636.01,0
1748624845,635.99,635.99,635.92,635.92,24
1748624850,635.93,636.0,635.93,635.99,30
1748624855,636.02,636.11,635.91,636.01,98
1748624860,636.01,636.01,636.01,636.01,7
1748624865,636.0,636.02,635.99,636.01,377
1748624870,635.99,636.11,635.99,636.01,31
1748624875,636.01,636.01,636.01,636.01,0
1748624880,636.01,636.06,635.9,636.05,231
1748624885,636.0,636.08,635.95,636.08,58
1748624890,636.0,636.01,635.96,635.98,44
1748624895,635.84,635.92,635.84,635.92,14
1748624900,635.84,635.89,635.71,635.76,32
1748624905,635.72,635.91,635.65,635.71,23
1748624910,635.72,635.78,635.7,635.71,12
1748624915,635.89,635.89,635.59,635.71,12
1748624920,635.71,635.71,635.71,635.71,2
1748624925,635.87,635.88,635.87,635.88,7
1748624930,635.73,635.73,635.72,635.73,35
1748624935,635.76,635.92,635.74,635.92,106
1748624940,635.92,636.08,635.89,636.07,56
1748624945,636.1,636.1,635.95,635.96,32
1748624950,635.92,636.01,635.89,635.97,31
1748624955,636.01,636.15,636.0,636.01,242
1748624960,636.06,636.36,636.04,636.36,286
1748624965,636.36,636.4,636.31,636.31,50
1748624970,636.25,636.45,636.15,636.34,31
1748624975,636.13,636.24,636.13,636.24,7
1748624980,636.2,636.2,636.19,636.2,13
1748624985,636.21,636.29,636.2,636.23,104
1748624990,636.23,636.31,636.21,636.21,43
1748624995,636.22,636.22,636.1,636.12,31
1748625000,636.12,636.13,635.97,635.98,83
1748625005,635.98,635.98,635.94,635.94,11
1748625010,635.96,635.96,635.56,635.56,81
1748625015,635.65,635.77,635.65,635.69,15
1748625020,635.64,635.66,635.53,635.6,20
1748625025,635.7,635.79,635.64,635.72,23
1748625030,635.91,635.94,635.88,635.94,26
1748625035,635.93,635.93,635.93,635.93,2
1748625040,636.0,636.09,635.92,635.94,25
1748625045,635.94,635.94,635.94,635.94,0
1748625050,636.1,636.1,635.99,635.99,45
1748625055,636.05,636.11,635.95,636.1,64
1748625060,636.1,636.1,636.02,636.02,25
1748625065,636.02,636.03,635.9,635.93,35
1748625070,636.01,636.08,635.88,635.93,31
1748625075,635.96,636.0,635.9,636.0,42
1748625080,635.91,636.04,635.88,635.98,159
1748625085,635.97,636.14,635.97,636.13,84
1748625090,636.01,636.11,635.99,636.0,18
1748625095,635.92,636.0,635.85,636.0,44
1748625100,636.03,636.03,635.92,635.96,31
1748625105,635.89,635.89,635.89,635.89,2
1748625110,635.89,635.9,635.77,635.79,24
1748625115,635.77,635.78,635.77,635.77,6
1748625120,635.76,635.95,635.76,635.95,49
1748625125,635.89,635.9,635.86,635.87,11
1748625130,635.87,635.87,635.86,635.87,2
1748625135,635.91,635.92,635.91,635.91,2
1748625140,635.91,635.92,635.91,635.91,0
1748625145,635.87,635.87,635.86,635.87,2
1748625150,635.87,635.87,635.86,635.87,15
1748625155,635.87,636.0,635.86,635.86,11
1748625160,635.79,636.0,635.79,635.99,6
1748625165,635.99,636.0,635.99,635.99,0
1748625170,635.88,636.03,635.88,636.03,10
1748625175,635.99,635.99,635.99,635.99,2
1748625180,635.84,635.84,635.84,635.84,8
1748625185,636.04,636.04,636.04,636.04,2
1748625190,636.04,636.16,636.0,636.16,105
1748625195,636.12,636.15,636.01,636.03,10
1748625200,636.03,636.03,636.03,636.03,0
1748625205,636.13,636.13,636.1,636.1,12
1748625210,636.12,636.19,636.1,636.1,31
1748625215,636.2,636.2,636.08,636.11,41
1748625220,636.1,636.11,636.1,636.1,59
1748625225,636.1,636.1,636.1,636.1,10
1748625230,636.1,636.1,636.0,636.03,55
1748625235,635.88,635.9,635.83,635.83,20
1748625240,635.88,635.89,635.88,635.89,26
1748625245,635.89,635.97,635.89,635.97,5
1748625250,635.93,635.93,635.78,635.8,12
1748625255,635.8,635.8,635.8,635.8,0
1748625260,635.71,635.75,635.64,635.75,26
1748625265,635.75,635.75,635.75,635.75,0
1748625270,635.85,635.85,635.85,635.85,5
1748625275,635.86,635.86,635.62,635.74,12
1748625280,635.58,635.58,635.57,635.58,12
1748625285,635.79,635.79,635.78,635.78,8
1748625290,635.7,635.73,635.7,635.73,11
1748625295,635.72,635.72,635.71,635.72,5
1748625300,635.6,635.65,635.6,635.65,7
1748625305,635.7,635.7,635.7,635.7,5
1748625310,635.84,635.84,635.55,635.62,22
1748625315,635.5,635.5,635.44,635.49,46
1748625320,635.49,635.49,635.48,635.49,0
1748625325,635.49,635.49,635.48,635.49,0
1748625330,635.67,635.86,635.47,635.86,41
1748625335,636.0,636.01,636.0,636.01,10
1748625340,636.01,636.1,636.01,636.1,12
1748625345,636.19,636.19,636.0,636.0,22
1748625350,635.99,635.99,635.98,635.99,5
1748625355,636.0,636.01,636.0,636.0,2
1748625360,636.0,636.01,635.82,635.82,5
1748625365,636.0,636.0,636.0,636.0,2
1748625370,636.02,636.04,635.95,635.96,22
1748625375,635.97,635.97,635.93,635.94,8
1748625380,635.94,635.94,635.71,635.71,25
1748625385,635.71,635.72,635.71,635.71,0
1748625390,635.71,635.72,635.71,635.71,0
1748625395,635.88,635.88,635.71,635.76,12
1748625400,635.72,635.72,635.72,635.72,2
1748625405,635.72,635.72,635.72,635.72,0
1748625410,635.72,635.72,635.72,635.72,0
1748625415,635.61,635.63,635.61,635.63,22
1748625420,635.51,635.55,635.49,635.55,12
1748625425,635.58,635.63,635.49,635.49,34
1748625430,635.54,635.56,635.49,635.56,29
1748625435,635.54,635.54,635.51,635.51,5
1748625440,635.57,635.57,635.52,635.52,15
1748625445,635.51,635.63,635.51,635.63,13
1748625450,635.63,635.73,635.5,635.63,85
1748625455,635.63,635.63,635.63,635.63,2
1748625460,635.51,635.51,635.49,635.51,262
1748625465,635.51,635.51,635.51,635.51,0
1748625470,635.39,635.48,635.35,635.47,21
1748625475,635.35,635.56,635.35,635.56,15
1748625480,635.4,635.48,635.4,635.47,7
1748625485,635.47,635.7,635.39,635.54,172
1748625490,635.36,635.46,635.36,635.46,6
1748625495,635.5,635.56,635.49,635.49,72
1748625500,635.49,635.52,635.49,635.49,73
1748625505,635.49,636.1,635.49,636.0,121
1748625510,636.0,636.18,635.99,636.18,12
1748625515,636.2,636.3,636.02,636.06,68
1748625520,636.06,636.06,636.06,636.06,0
1748625525,636.3,636.55,636.3,636.55,62
1748625530,636.49,636.49,636.49,636.49,2
1748625535,636.54,636.56,636.54,636.56,7
1748625540,636.62,636.71,636.57,636.7,36
1748625545,636.71,636.71,636.7,636.7,10
1748625550,636.51,636.68,636.51,636.59,70
1748625555,636.59,636.63,636.49,636.63,30
1748625560,636.72,636.78,636.71,636.78,24
1748625565,636.8,636.8,636.49,636.67,11
1748625570,636.7,636.8,636.59,636.67,311
1748625575,636.71,636.72,636.68,636.68,23
1748625580,636.64,636.65,636.64,636.64,5
1748625585,636.78,636.82,636.71,636.72,25
1748625590,636.78,636.88,636.78,636.88,39
1748625595,636.79,636.94,636.78,636.79,12
1748625600,636.82,636.83,636.81,636.83,15
1748625605,636.79,636.82,636.79,636.82,6
1748625610,636.84,636.84,636.82,636.83,14
1748625615,636.72,636.73,636.72,636.72,2
1748625620,636.83,636.83,636.83,636.83,9
1748625625,636.83,636.83,636.83,636.83,0
1748625630,636.81,636.81,636.63,636.77,44
1748625635,636.76,636.77,636.62,636.62,21
1748625640,636.5,636.5,636.36,636.37,13
1748625645,636.08,636.24,636.0,636.24,141
1748625650,635.93,636.25,635.93,636.01,47
1748625655,636.01,636.02,635.92,635.92,10
1748625660,635.9,636.01,635.79,635.8,74
1748625665,635.82,635.82,635.7,635.78,11
1748625670,635.8,636.01,635.8,635.96,34
1748625675,635.69,635.7,635.69,635.69,3
1748625680,635.94,635.94,635.94,635.94,2
1748625685,635.94,635.94,635.94,635.94,0
1748625690,636.01,636.01,636.01,636.01,2
1748625695,636.01,636.01,636.01,636.01,0
1748625700,636.01,636.01,636.01,636.01,0
1748625705,636.1,636.1,636.1,636.1,7
1748625710,636.1,636.1,636.0,636.07,10
1748625715,636.1,636.2,636.1,636.2,58
1748625720,636.19,636.31,636.18,636.27,10
1748625725,636.54,636.7,636.52,636.52,26
1748625730,636.52,636.53,636.52,636.52,0
1748625735,636.73,636.73,636.56,636.57,15
1748625740,636.57,636.76,636.56,636.75,10
1748625745,636.76,636.76,636.76,636.76,3
1748625750,636.76,636.76,636.76,636.76,0
1748625755,636.99,637.05,636.98,637.05,114
1748625760,637.11,637.18,637.07,637.09,34
1748625765,637.08,637.22,637.08,637.22,50
1748625770,637.25,637.25,637.18,637.21,7
1748625775,637.21,637.3,637.2,637.3,8
1748625780,637.37,637.37,637.15,637.16,36
1748625785,637.2,637.2,637.19,637.19,5
1748625790,637.13,637.25,637.11,637.23,38
1748625795,637.28,637.28,637.28,637.28,2
1748625800,637.2,637.2,637.19,637.2,7
1748625805,637.2,637.4,637.19,637.37,16
1748625810,637.48,637.48,637.34,637.35,6
1748625815,637.5,637.5,637.49,637.5,22
1748625820,637.34,637.34,637.34,637.34,5
1748625825,637.34,637.34,637.34,637.34,0
1748625830,637.41,637.5,637.4,637.5,80
1748625835,637.32,637.4,637.26,637.26,14
1748625840,637.17,637.23,637.17,637.23,5
1748625845,637.24,637.24,637.2,637.24,15
1748625850,637.11,637.24,636.91,636.91,57
1748625855,636.87,636.87,636.87,636.87,14
1748625860,636.87,636.97,636.69,636.69,21
1748625865,636.97,636.97,636.69,636.69,6
1748625870,636.69,636.69,636.69,636.69,0
1748625875,636.69,636.69,636.69,636.69,0
1748625880,637.05,637.05,637.05,637.05,5
1748625885,637.0,637.1,636.98,637.1,10
1748625890,637.1,637.1,637.1,637.1,0
1748625895,637.1,637.1,637.1,637.1,0
1748625900,636.9,636.9,636.9,636.9,2
1748625905,636.92,636.92,636.89,636.89,7
1748625910,636.99,636.99,636.62,636.62,61
1748625915,636.55,636.58,636.55,636.57,17
1748625920,636.83,636.83,636.82,636.83,2
1748625925,636.83,636.83,636.82,636.83,0
1748625930,636.81,636.81,636.75,636.75,5
1748625935,636.74,636.88,636.74,636.81,26
1748625940,636.85,637.1,636.85,637.1,49
1748625945,637.05,637.17,636.99,637.17,100
1748625950,637.16,637.32,637.16,637.22,35
1748625955,637.33,637.33,637.21,637.22,8
1748625960,637.21,637.28,637.21,637.28,10
1748625965,637.07,637.07,637.02,637.06,23
1748625970,637.06,637.06,637.06,637.06,0
1748625975,637.0,637.0,637.0,637.0,2
1748625980,637.1,637.1,637.02,637.02,8
1748625985,636.95,636.95,636.94,636.95,7
1748625990,637.0,637.0,636.98,636.98,5
1748625995,636.89,636.89,636.78,636.82,17
1748626000,636.88,636.88,636.7,636.71,10
1748626005,636.5,636.51,636.5,636.5,2
1748626010,636.6,636.7,636.6,636.67,27
1748626015,636.67,636.67,636.67,636.67,0
1748626020,636.61,636.67,636.61,636.67,7
1748626025,636.67,636.67,636.66,636.67,2
1748626030,636.71,636.99,636.7,636.99,7
1748626035,636.91,636.94,636.91,636.94,5
1748626040,636.97,637.19,636.96,637.19,15
1748626045,637.19,637.19,637.15,637.15,5
1748626050,637.1,637.19,637.09,637.09,7
1748626055,637.24,637.24,636.7,636.7,44
1748626060,636.7,636.71,636.7,636.7,0
1748626065,637.0,637.0,637.0,637.0,2
1748626070,637.16,637.17,637.16,637.16,3
1748626075,636.99,637.21,636.9,637.21,17
1748626080,637.21,637.21,637.21,637.21,0
1748626085,637.01,637.03,637.01,637.03,5
1748626090,637.03,637.03,637.03,637.03,0
1748626095,637.03,637.03,637.03,637.03,0
1748626100,637.15,637.2,637.14,637.2,5
1748626105,637.2,637.2,637.17,637.17,5
1748626110,637.19,637.19,637.1,637.11,17
1748626115,637.11,637.11,637.1,637.11,0
1748626120,637.15,637.15,637.15,637.15,2
1748626125,637.2,637.22,637.2,637.2,23
1748626130,637.29,637.31,637.19,637.27,35
1748626135,637.27,637.28,637.27,637.27,2
1748626140,637.27,637.28,637.27,637.27,0
1748626145,637.28,637.33,637.15,637.19,13
1748626150,637.19,637.19,637.18,637.19,0
1748626155,637.19,637.19,637.18,637.19,0
1748626160,637.48,637.48,637.47,637.48,7
1748626165,637.38,637.38,637.36,637.36,22
1748626170,637.5,637.5,637.5,637.5,2
1748626175,637.42,637.45,637.41,637.42,15
1748626180,637.47,637.49,637.46,637.49,6
1748626185,637.46,637.46,637.38,637.38,35
1748626190,637.38,637.39,637.38,637.38,0
1748626195,637.38,637.39,637.38,637.38,0
1748626200,637.49,637.51,637.35,637.35,62
1748626205,637.45,637.56,637.44,637.56,27
1748626210,637.47,637.47,637.47,637.47,5
1748626215,637.44,637.47,637.35,637.36,21
1748626220,637.39,637.4,637.27,637.34,18
1748626225,637.34,637.35,637.2,637.21,7
1748626230,637.0,637.26,637.0,637.25,7
1748626235,637.41,637.47,637.35,637.35,37
1748626240,637.6,637.6,637.49,637.49,12
1748626245,637.39,637.47,637.39,637.47,11
1748626250,637.47,637.47,637.47,637.47,0
1748626255,637.39,637.59,637.39,637.56,24
1748626260,637.69,637.78,637.69,637.77,32
1748626265,637.8,637.8,637.76,637.76,7
1748626270,637.62,637.65,637.59,637.63,11
1748626275,637.6,637.6,637.6,637.6,2
1748626280,637.6,637.6,637.6,637.6,0
1748626285,637.6,637.6,637.6,637.6,0
1748626290,637.6,637.6,637.6,637.6,0
1748626295,637.6,637.6,637.6,637.6,0
1748626300,637.6,637.6,637.6,637.6,0
1748626305,637.6,637.6,637.55,637.55,6
1748626310,637.5,637.5,637.5,637.5,5
1748626315,637.5,637.5,637.5,637.5,5
1748626320,637.6,637.6,637.6,637.6,17
1748626325,637.6,637.6,637.6,637.6,0
1748626330,637.68,637.73,637.57,637.73,24
1748626335,637.72,637.72,637.72,637.72,2
1748626340,637.72,637.72,637.72,637.72,0
1748626345,637.72,637.72,637.72,637.72,0
1748626350,637.71,637.8,637.71,637.73,87
1748626355,637.62,637.62,637.56,637.59,23
1748626360,637.73,637.8,637.73,637.8,7
1748626365,637.63,637.63,637.63,637.63,7
1748626370,637.63,637.64,637.63,637.63,2
1748626375,637.63,637.9,637.63,637.9,23
1748626380,637.83,637.99,637.83,637.98,15
1748626385,637.88,637.89,637.82,637.82,10
1748626390,637.73,637.73,637.58,637.58,19
1748626395,637.58,637.58,637.58,637.58,0
1748626400,637.58,637.58,637.58,637.58,0
1748626405,637.77,637.77,637.77,637.77,2
1748626410,637.77,637.77,637.77,637.77,0
1748626415,637.77,637.77,637.77,637.77,0
1748626420,637.82,637.82,637.81,637.82,2
1748626425,637.82,637.82,637.81,637.82,0
1748626430,637.82,637.82,637.81,637.82,0
1748626435,637.82,637.82,637.82,637.82,2
1748626440,637.84,638.0,637.82,637.83,7
1748626445,637.94,638.06,637.92,637.93,97
1748626450,638.04,638.04,637.81,637.92,33
1748626455,637.92,637.92,637.8,637.8,7
1748626460,637.97,637.97,637.85,637.85,12
1748626465,638.03,638.05,638.02,638.05,10
1748626470,638.11,638.11,638.11,638.11,3
1748626475,638.03,638.11,637.91,637.94,42
1748626480,637.87,637.87,637.87,637.87,2
1748626485,637.75,637.93,637.75,637.84,17
1748626490,637.84,637.84,637.84,637.84,7
1748626495,637.91,637.91,637.91,637.91,5
1748626500,637.91,637.91,637.91,637.91,0
1748626505,637.93,638.0,637.93,638.0,16
1748626510,638.12,638.15,638.12,638.15,13
1748626515,638.22,638.34,638.21,638.21,31
1748626520,638.22,638.22,638.21,638.22,2
1748626525,638.3,638.39,638.3,638.39,12
1748626530,638.28,638.62,638.28,638.62,10
1748626535,638.75,638.76,638.74,638.74,7
1748626540,638.72,638.72,638.71,638.72,3
1748626545,638.73,638.88,638.73,638.88,37
1748626550,638.82,638.82,638.63,638.75,31
1748626555,638.74,638.75,638.59,638.75,73
1748626560,638.64,638.66,638.64,638.66,32
1748626565,638.67,638.86,638.61,638.86,21
1748626570,638.89,638.94,638.8,638.83,274
1748626575,638.87,638.98,638.86,638.98,31
1748626580,638.8,638.81,638.8,638.8,5
1748626585,639.0,639.03,639.0,639.03,6
1748626590,639.12,639.18,639.12,639.16,16
1748626595,639.03,639.16,639.03,639.16,28
1748626600,639.16,639.16,639.16,639.16,5
1748626605,639.18,639.22,639.18,639.18,12
1748626610,639.19,639.27,639.06,639.26,66
1748626615,639.14,639.23,639.14,639.15,14
1748626620,639.23,639.32,639.17,639.31,169
1748626625,639.28,639.41,639.24,639.37,41
1748626630,639.37,639.37,639.37,639.37,0
1748626635,639.36,639.5,639.26,639.36,63
1748626640,639.36,639.36,639.11,639.2,320
1748626645,639.19,639.3,638.92,639.0,76
1748626650,638.87,639.06,638.8,638.97,35
1748626655,639.09,639.09,638.93,638.93,5
1748626660,639.15,639.16,638.95,639.16,27
1748626665,638.94,638.94,638.93,638.94,7
1748626670,638.79,638.8,638.79,638.79,6
1748626675,638.85,638.85,638.71,638.71,15
1748626680,638.85,639.05,638.85,639.04,28
1748626685,639.23,639.23,639.03,639.03,32
1748626690,639.0,639.0,638.95,638.95,5
1748626695,638.96,638.96,638.96,638.96,2
1748626700,638.96,638.96,638.96,638.96,2
1748626705,638.96,639.0,638.96,639.0,5
1748626710,638.96,638.96,638.96,638.96,5
1748626715,638.96,638.96,638.96,638.96,5
1748626720,638.96,639.02,638.96,639.0,17
1748626725,639.02,639.02,639.02,639.02,3
1748626730,638.93,638.93,638.93,638.93,7
1748626735,638.89,638.9,638.78,638.79,17
1748626740,638.71,638.71,638.56,638.63,39
1748626745,638.49,638.71,638.49,638.63,20
1748626750,638.61,638.63,638.47,638.63,48
1748626755,638.53,638.68,638.53,638.62,10
1748626760,638.61,638.62,638.61,638.61,4
1748626765,638.61,638.62,638.61,638.61,0
1748626770,638.61,638.62,638.61,638.61,0
1748626775,638.61,638.82,638.61,638.82,46
1748626780,638.82,638.82,638.69,638.69,12
1748626785,638.69,638.69,638.69,638.69,0
1748626790,638.64,638.65,638.64,638.65,6
1748626795,638.8,639.05,638.8,639.01,54
1748626800,638.94,638.94,638.93,638.94,2
1748626805,638.72,638.8,638.72,638.78,17
1748626810,638.98,638.98,638.98,638.98,2
1748626815,638.77,638.93,638.77,638.93,5
1748626820,638.93,638.93,638.92,638.93,9
1748626825,638.92,639.0,638.91,638.92,18
1748626830,638.84,638.88,638.77,638.77,22
1748626835,639.0,639.0,639.0,639.0,2
1748626840,639.0,639.0,639.0,639.0,0
1748626845,639.02,639.02,639.02,639.02,5
1748626850,639.02,639.02,639.02,639.02,0
1748626855,639.02,639.02,639.02,639.02,0
1748626860,639.25,639.36,639.25,639.36,12
1748626865,639.36,639.37,639.36,639.36,7
1748626870,639.36,639.37,639.36,639.36,0
1748626875,639.4,639.4,639.15,639.16,27
1748626880,639.16,639.16,639.15,639.16,0
1748626885,639.4,639.4,639.18,639.18,46
1748626890,639.35,639.36,639.19,639.19,12
1748626895,639.17,639.17,638.98,638.98,27
1748626900,639.3,639.32,639.18,639.19,27
1748626905,639.32,639.32,639.18,639.19,10
1748626910,639.04,639.31,639.04,639.29,17
1748626915,639.28,639.28,639.28,639.28,3
1748626920,639.3,639.6,639.3,639.44,62
1748626925,639.58,639.59,639.58,639.59,7
1748626930,639.46,639.46,639.45,639.46,3
1748626935,639.31,639.43,639.29,639.31,25
1748626940,639.25,639.25,639.25,639.25,2
1748626945,639.1,639.2,639.1,639.2,23
1748626950,639.2,639.21,639.13,639.13,10
1748626955,639.17,639.17,639.14,639.14,5
1748626960,639.12,639.36,639.12,639.3,21
1748626965,639.27,639.28,639.16,639.16,18
1748626970,639.19,639.28,639.19,639.24,7
1748626975,639.36,639.36,639.35,639.36,5
1748626980,639.5,639.59,639.39,639.39,36
1748626985,639.27,639.5,639.27,639.5,9
1748626990,639.5,639.5,639.49,639.5,0
1748626995,639.38,639.43,639.37,639.43,5
1748627000,639.4,639.4,639.4,639.4,3
1748627005,639.4,639.4,639.4,639.4,0
1748627010,639.34,639.34,639.34,639.34,2
1748627015,639.25,639.25,639.22,639.23,22
1748627020,639.27,639.28,639.27,639.28,20
1748627025,639.29,639.3,639.29,639.3,25
1748627030,639.07,639.08,639.07,639.07,7
1748627035,639.16,639.21,639.16,639.2,15
1748627040,639.13,639.18,639.12,639.17,30
1748627045,639.16,639.16,639.16,639.16,2
1748627050,639.07,639.15,639.04,639.13,21
1748627055,639.04,639.07,638.99,639.04,15
1748627060,639.02,639.09,638.98,639.0,13
1748627065,638.98,638.98,638.98,638.98,2
1748627070,638.91,638.98,638.91,638.93,56
1748627075,638.86,638.86,638.86,638.86,2
1748627080,638.86,638.86,638.86,638.86,0
1748627085,638.83,638.85,638.76,638.76,58
1748627090,638.83,638.83,638.83,638.83,2
1748627095,638.75,638.75,638.6,638.61,20
1748627100,638.6,638.67,638.59,638.6,10
1748627105,638.6,638.6,638.59,638.6,0
1748627110,638.58,638.58,638.47,638.47,11
1748627115,638.47,638.47,638.47,638.47,6
1748627120,638.6,638.6,638.6,638.6,2
1748627125,638.56,638.72,638.55,638.72,24
1748627130,638.85,638.86,638.8,638.8,21
1748627135,638.8,638.8,638.8,638.8,0
1748627140,638.62,638.62,638.61,638.62,2
1748627145,638.62,638.62,638.61,638.62,0
1748627150,638.71,638.71,638.71,638.71,4
1748627155,638.71,638.71,638.71,638.71,0
1748627160,638.51,638.7,638.51,638.7,7
1748627165,638.66,638.66,638.64,638.65,10
1748627170,638.65,638.65,638.64,638.65,0
1748627175,638.67,638.67,638.66,638.67,7
1748627180,638.5,638.5,638.5,638.5,5
1748627185,638.42,638.43,638.41,638.42,21
1748627190,638.48,638.63,638.48,638.63,7
1748627195,638.51,638.52,638.51,638.51,4
1748627200,638.5,638.52,638.5,638.52,29
1748627205,638.37,638.37,638.36,638.37,20
1748627210,638.6,638.6,638.23,638.23,20
1748627215,638.23,638.23,638.23,638.23,0
1748627220,638.33,638.35,638.33,638.35,13
1748627225,638.35,638.35,638.35,638.35,0
1748627230,638.34,638.35,638.34,638.35,5
1748627235,638.42,638.43,638.41,638.43,7
1748627240,638.42,638.42,638.2,638.2,26
1748627245,638.1,638.1,637.96,637.96,22
1748627250,638.01,638.23,637.98,638.22,43
1748627255,638.21,638.46,638.2,638.46,36
1748627260,638.49,638.66,638.25,638.43,20
1748627265,638.43,638.43,638.43,638.43,0
1748627270,638.43,638.43,638.43,638.43,0
1748627275,638.65,638.98,638.61,638.89,356
1748627280,638.9,639.0,638.8,638.81,30
1748627285,638.8,638.8,638.79,638.8,2
1748627290,638.86,638.86,638.6,638.6,32
1748627295,638.69,638.69,638.69,638.69,8
1748627300,638.69,638.69,638.5,638.5,15
1748627305,638.57,638.57,638.5,638.57,12
1748627310,638.57,638.57,638.57,638.57,0
1748627315,638.57,638.57,638.57,638.57,11
1748627320,638.59,638.59,638.58,638.59,2
1748627325,638.72,638.82,638.71,638.8,20
1748627330,638.8,639.0,638.65,638.76,27
1748627335,638.76,638.77,638.76,638.76,0
1748627340,638.97,638.98,638.97,638.97,5
1748627345,639.0,639.0,638.88,638.88,47
1748627350,638.87,638.87,638.86,638.87,7
1748627355,638.87,638.87,638.86,638.87,2
1748627360,639.07,639.19,639.07,639.19,6
1748627365,639.19,639.19,639.18,639.19,0
1748627370,639.09,639.32,639.08,639.23,14
1748627375,639.31,639.33,639.31,639.33,5
1748627380,639.33,639.33,639.21,639.21,25
1748627385,639.18,639.35,639.18,639.35,9
1748627390,639.23,639.27,639.23,639.26,5
1748627395,639.27,639.27,639.24,639.25,5
1748627400,639.25,639.27,639.15,639.25,26
1748627405,639.22,639.23,639.13,639.21,29
1748627410,639.18,639.21,639.18,639.21,6
1748627415,639.34,639.47,639.34,639.47,38
1748627420,639.5,639.6,639.5,639.6,269
1748627425,639.58,639.58,639.58,639.58,2
1748627430,639.66,639.66,639.65,639.66,5
1748627435,639.68,639.77,639.68,639.77,5
1748627440,639.64,639.8,639.64,639.8,81
1748627445,639.85,639.85,639.85,639.85,10
1748627450,639.99,640.01,639.99,640.01,116
1748627455,640.04,640.04,639.96,640.0,11
1748627460,639.97,640.05,639.96,640.01,17
1748627465,640.04,640.12,640.04,640.12,71
1748627470,640.03,640.05,640.03,640.05,36
1748627475,640.11,640.11,639.89,640.0,16
1748627480,639.89,639.89,639.78,639.78,55
1748627485,639.77,639.77,639.68,639.77,10
1748627490,639.8,639.8,639.8,639.8,2
1748627495,639.71,639.71,639.71,639.71,7
1748627500,639.71,639.71,639.71,639.71,0
1748627505,639.77,639.77,639.72,639.72,5
1748627510,639.72,639.81,639.72,639.81,51
1748627515,639.89,639.9,639.85,639.85,12
1748627520,639.82,640.13,639.82,640.13,51
1748627525,640.0,640.04,639.93,639.93,28
1748627530,639.91,639.94,639.88,639.94,41
1748627535,639.94,639.94,639.94,639.94,0
1748627540,639.95,639.95,639.79,639.82,14
1748627545,639.89,639.89,639.89,639.89,2
1748627550,639.89,639.89,639.89,639.89,0
1748627555,639.98,640.05,639.89,640.05,20
1748627560,640.0,640.01,639.88,639.88,7
1748627565,639.98,639.98,639.98,639.98,2
1748627570,639.88,639.91,639.84,639.85,31
1748627575,639.74,639.74,639.72,639.72,13
1748627580,639.72,639.72,639.72,639.72,0
1748627585,639.72,639.72,639.72,639.72,0
1748627590,639.76,639.76,639.76,639.76,2
1748627595,639.76,639.76,639.76,639.76,0
1748627600,639.76,639.76,639.76,639.76,0
1748627605,639.83,639.83,639.82,639.83,4
1748627610,639.82,639.82,639.82,639.82,5
1748627615,639.82,639.82,639.82,639.82,7
1748627620,639.85,639.85,639.84,639.85,22
1748627625,639.85,639.98,639.82,639.82,12
1748627630,639.84,639.96,639.84,639.96,10
1748627635,639.96,640.01,639.96,640.01,31
1748627640,640.09,640.09,640.08,640.09,4
1748627645,640.1,640.1,640.1,640.1,5
1748627650,640.1,640.1,640.1,640.1,0
1748627655,640.07,640.07,639.89,639.89,27
1748627660,639.89,639.89,639.89,639.89,0
1748627665,640.01,640.01,640.01,640.01,5
1748627670,640.05,640.05,640.04,640.05,2
1748627675,640.07,640.08,640.05,640.05,5
1748627680,639.89,639.95,639.88,639.88,15
1748627685,639.83,640.01,639.83,639.98,40
1748627690,640.0,640.0,639.98,639.98,16
1748627695,640.05,640.11,640.05,640.11,8
1748627700,640.01,640.01,640.0,640.0,5
1748627705,640.0,640.01,640.0,640.0,5
1748627710,640.0,640.13,640.0,640.12,157
1748627715,640.13,640.13,640.0,640.0,27
1748627720,640.1,640.22,640.1,640.22,71
1748627725,640.22,640.22,640.21,640.22,0
1748627730,640.0,640.01,640.0,640.01,7
1748627735,639.94,639.94,639.94,639.94,5
1748627740,640.07,640.07,640.06,640.07,2
1748627745,639.97,640.01,639.96,640.01,5
1748627750,640.06,640.06,639.91,639.91,5
1748627755,639.91,639.91,639.83,639.83,10
1748627760,639.83,639.83,639.83,639.83,0
1748627765,639.88,639.89,639.88,639.89,10
1748627770,639.93,639.93,639.59,639.63,57
1748627775,639.63,639.63,639.63,639.63,0
1748627780,639.51,639.51,639.5,639.5,7
1748627785,639.56,639.56,639.55,639.56,5
1748627790,639.54,639.55,639.49,639.49,10
1748627795,639.49,639.49,639.49,639.49,0
1748627800,639.56,639.56,639.56,639.56,2
1748627805,639.55,639.55,639.55,639.55,2
1748627810,639.55,639.55,639.55,639.55,0
1748627815,639.46,639.55,639.45,639.55,7
1748627820,639.55,639.55,639.36,639.36,5
1748627825,639.36,639.38,639.34,639.38,12
1748627830,639.38,639.38,639.38,639.38,0
1748627835,639.18,639.18,639.11,639.18,10
1748627840,639.23,639.24,639.0,639.11,17
1748627845,639.11,639.12,639.01,639.1,51
1748627850,639.2,639.21,639.05,639.05,23
1748627855,639.05,639.05,639.05,639.05,0
1748627860,639.2,639.2,639.2,639.2,2
1748627865,639.29,639.45,639.29,639.45,47
1748627870,639.45,639.45,639.45,639.45,0
1748627875,639.52,639.52,639.52,639.52,2
1748627880,639.52,639.52,639.52,639.52,0
1748627885,639.52,639.52,639.52,639.52,0
1748627890,639.52,639.52,639.52,639.52,0
1748627895,639.55,639.55,639.38,639.39,8
1748627900,639.52,639.55,639.38,639.38,43
1748627905,639.27,639.36,639.18,639.35,11
1748627910,639.35,639.36,639.35,639.35,0
1748627915,639.33,639.33,639.2,639.21,33
1748627920,639.31,639.31,639.21,639.22,8
1748627925,639.24,639.24,639.23,639.24,2
1748627930,639.24,639.24,639.23,639.24,0
1748627935,639.19,639.19,639.19,639.19,2
1748627940,639.25,639.26,639.11,639.12,19
1748627945,639.04,639.08,639.04,639.04,10
1748627950,639.05,639.19,639.05,639.08,17
1748627955,639.13,639.13,638.93,638.94,27
1748627960,638.94,638.94,638.86,638.86,42
1748627965,639.01,639.11,638.87,639.05,22
1748627970,639.05,639.05,639.05,639.05,2
1748627975,638.86,638.87,638.86,638.86,10
1748627980,639.05,639.05,638.86,638.86,7
1748627985,638.87,638.87,638.87,638.87,3
1748627990,638.87,638.87,638.87,638.87,0
1748627995,638.87,638.87,638.87,638.87,0
1748628000,639.04,639.34,639.04,639.11,33
1748628005,639.14,639.14,639.14,639.14,3
1748628010,639.21,639.36,639.2,639.36,49
1748628015,639.36,639.36,639.36,639.36,0
1748628020,639.5,639.89,639.33,639.75,58
1748628025,639.76,639.76,639.76,639.76,2
1748628030,639.76,639.76,639.76,639.76,2
1748628035,640.0,640.0,640.0,640.0,21
1748628040,639.86,639.99,639.86,639.99,12
1748628045,640.05,640.05,639.88,639.88,22
1748628050,639.95,639.99,639.95,639.99,12
1748628055,639.99,640.18,639.98,640.17,7
1748628060,640.07,640.07,640.07,640.07,2
1748628065,640.12,640.13,640.12,640.12,2
1748628070,639.91,640.14,639.91,639.94,15
1748628075,639.87,639.95,639.82,639.95,15
1748628080,639.99,640.09,639.97,639.97,23
1748628085,639.74,639.75,639.74,639.74,9
1748628090,639.74,639.75,639.74,639.74,0
1748628095,639.74,639.75,639.74,639.74,0
1748628100,640.03,640.1,640.03,640.1,10
1748628105,640.1,640.1,640.1,640.1,0
1748628110,639.87,639.88,639.81,639.81,37
1748628115,639.81,639.81,639.81,639.81,0
1748628120,639.98,639.98,639.98,639.98,2
1748628125,639.98,639.98,639.98,639.98,5
1748628130,639.98,639.98,639.98,639.98,0
1748628135,640.12,640.14,639.99,640.09,10
1748628140,640.08,640.2,640.07,640.2,62
1748628145,640.08,640.2,640.07,640.18,12
1748628150,640.2,640.3,640.17,640.3,18
1748628155,640.33,640.38,640.26,640.32,24
1748628160,640.29,640.38,640.16,640.22,35
1748628165,640.22,640.22,640.08,640.21,13
1748628170,640.05,640.05,640.05,640.05,10
1748628175,640.05,640.1,640.05,640.1,93
1748628180,640.24,640.24,640.24,640.24,5
1748628185,640.24,640.24,640.24,640.24,0
1748628190,640.11,640.11,640.11,640.11,2
1748628195,640.11,640.24,640.11,640.24,5
1748628200,640.14,640.14,639.96,639.97,20
1748628205,639.99,639.99,639.99,639.99,2
1748628210,639.95,640.0,639.95,639.96,10
1748628215,639.96,639.96,639.96,639.96,0
1748628220,639.96,639.96,639.96,639.96,0
1748628225,640.0,640.01,640.0,640.0,5
1748628230,640.04,640.21,640.04,640.21,21
1748628235,640.1,640.1,640.1,640.1,2
1748628240,640.29,640.29,640.16,640.29,12
1748628245,640.39,640.43,640.28,640.28,42
1748628250,640.12,640.12,640.12,640.12,5
1748628255,640.12,640.12,640.12,640.12,0
1748628260,640.12,640.12,640.12,640.12,0
1748628265,640.02,640.26,640.02,640.26,13
1748628270,640.3,640.3,640.22,640.23,31
1748628275,640.42,640.42,640.42,640.42,2
1748628280,640.26,640.26,640.26,640.26,7
1748628285,640.26,640.26,640.26,640.26,0
1748628290,640.28,640.28,640.28,640.28,5
1748628295,640.38,640.4,640.32,640.33,11
1748628300,640.36,640.43,640.28,640.35,15
1748628305,640.36,640.51,640.35,640.5,24
1748628310,640.45,640.45,640.35,640.4,45
1748628315,640.28,640.4,640.27,640.4,38
1748628320,640.27,640.27,640.13,640.13,20
1748628325,640.13,640.13,640.13,640.13,0
1748628330,640.14,640.23,640.14,640.23,6
1748628335,640.23,640.23,640.22,640.23,2
1748628340,640.11,640.11,640.11,640.11,2
1748628345,640.11,640.11,640.11,640.11,0
1748628350,640.29,640.3,640.29,640.3,23
1748628355,640.3,640.3,640.3,640.3,0
1748628360,640.1,640.28,640.1,640.23,26
1748628365,640.18,640.18,640.0,640.02,38
1748628370,640.07,640.07,640.06,640.07,2
1748628375,640.08,640.09,640.02,640.06,41
1748628380,639.92,639.93,639.92,639.92,5
1748628385,640.1,640.24,640.1,640.24,32
1748628390,640.31,640.43,640.31,640.38,35
1748628395,640.35,640.38,640.35,640.38,5
1748628400,640.38,640.38,640.38,640.38,2
1748628405,640.37,640.48,640.37,640.48,12
1748628410,640.35,640.41,640.34,640.34,30
1748628415,640.49,640.53,640.35,640.36,69
1748628420,640.52,640.53,640.29,640.3,42
1748628425,640.34,640.36,640.25,640.25,27
1748628430,640.36,640.36,640.29,640.3,17
1748628435,640.26,640.27,640.14,640.14,23
1748628440,640.14,640.14,640.14,640.14,0
1748628445,640.2,640.23,640.19,640.2,27
1748628450,640.39,640.41,640.37,640.4,33
1748628455,640.6,640.65,640.56,640.62,59
1748628460,640.57,640.77,640.57,640.77,50
1748628465,640.69,640.69,640.56,640.57,45
1748628470,640.58,640.7,640.58,640.59,25
1748628475,640.58,640.58,640.36,640.51,122
1748628480,640.51,640.51,640.51,640.51,0
1748628485,640.68,640.68,640.45,640.45,7
1748628490,640.65,640.7,640.61,640.62,28
1748628495,640.62,640.62,640.61,640.62,0
1748628500,640.7,640.77,640.57,640.57,56
1748628505,640.64,640.64,640.64,640.64,2
1748628510,640.54,640.54,640.49,640.49,25
1748628515,640.48,640.48,640.48,640.48,2
1748628520,640.46,640.54,640.43,640.54,18
1748628525,640.59,640.75,640.59,640.75,42
1748628530,640.75,640.75,640.75,640.75,0
1748628535,640.75,640.75,640.75,640.75,0
1748628540,640.78,640.86,640.76,640.76,45
1748628545,640.76,640.76,640.76,640.76,0
1748628550,640.9,641.05,640.82,641.05,141
1748628555,640.94,640.94,640.88,640.88,22
1748628560,641.01,641.16,640.96,640.96,26
1748628565,641.08,641.18,641.04,641.04,20
1748628570,641.08,641.08,641.07,641.08,5
1748628575,641.19,641.19,641.19,641.19,2
1748628580,641.07,641.08,641.07,641.08,5
1748628585,641.19,641.2,641.18,641.18,13
1748628590,641.18,641.18,641.18,641.18,0
1748628595,641.19,641.19,641.19,641.19,2
1748628600,641.02,641.19,641.01,641.19,65
1748628605,641.18,641.19,640.94,640.95,59
1748628610,640.93,641.19,640.92,641.19,19
1748628615,641.04,641.19,640.88,640.88,33
1748628620,640.88,640.88,640.88,640.88,0
1748628625,641.0,641.01,641.0,641.0,2
1748628630,641.08,641.16,641.08,641.1,17
1748628635,641.12,641.12,641.12,641.12,8
1748628640,641.12,641.12,641.12,641.12,0
1748628645,641.19,641.25,641.18,641.25,49
1748628650,641.24,641.35,641.0,641.35,30
1748628655,641.37,641.46,641.37,641.46,10
1748628660,641.41,641.42,641.23,641.24,16
1748628665,641.3,641.3,641.3,641.3,5
1748628670,641.3,641.44,641.13,641.15,67
1748628675,641.12,641.19,641.06,641.19,13
1748628680,641.19,641.19,641.19,641.19,0
1748628685,641.24,641.24,641.24,641.24,2
1748628690,641.29,641.32,641.29,641.32,14
1748628695,641.29,641.29,641.29,641.29,2
1748628700,641.4,641.4,641.4,641.4,2
1748628705,641.31,641.43,641.29,641.43,32
1748628710,641.36,641.38,641.36,641.38,5
1748628715,641.4,641.4,641.4,641.4,14
1748628720,641.5,641.59,641.5,641.59,18
1748628725,641.52,641.52,641.38,641.38,42
1748628730,641.38,641.38,641.38,641.38,6
1748628735,641.25,641.51,641.25,641.51,38
1748628740,641.5,641.55,641.5,641.55,10
1748628745,641.48,641.59,641.47,641.59,15
1748628750,641.5,641.6,641.44,641.45,10
1748628755,641.55,641.55,641.45,641.46,10
1748628760,641.47,641.51,641.44,641.51,7
1748628765,641.45,641.45,641.31,641.35,18
1748628770,641.38,641.39,641.35,641.38,9
1748628775,641.38,641.5,641.38,641.5,10
1748628780,641.48,641.48,641.38,641.4,11
1748628785,641.4,641.4,641.4,641.4,0
1748628790,641.38,641.5,641.38,641.5,10
1748628795,641.5,641.5,641.5,641.5,0
1748628800,641.38,641.39,641.38,641.38,7
1748628805,641.5,641.5,641.5,641.5,2
1748628810,641.45,641.47,641.37,641.47,22
1748628815,641.38,641.39,641.38,641.38,2
1748628820,641.47,641.47,641.39,641.39,9
1748628825,641.35,641.48,641.35,641.48,5
1748628830,641.3,641.31,641.23,641.25,47
1748628835,641.25,641.25,641.24,641.25,0
1748628840,641.41,641.41,641.2,641.25,41
1748628845,641.16,641.25,641.16,641.25,16
1748628850,641.2,641.21,641.19,641.21,12
1748628855,641.21,641.21,641.2,641.21,0
1748628860,641.21,641.21,641.2,641.21,0
1748628865,641.21,641.21,641.2,641.21,5
1748628870,641.21,641.21,641.2,641.21,0
1748628875,641.21,641.21,641.19,641.19,8
1748628880,641.21,641.33,641.2,641.33,13
1748628885,641.36,641.37,641.24,641.25,5
1748628890,641.22,641.22,641.09,641.15,25
1748628895,641.13,641.23,641.13,641.23,7
1748628900,641.15,641.19,641.15,641.19,5
1748628905,641.19,641.19,641.19,641.19,0
1748628910,641.23,641.23,641.23,641.23,2
1748628915,641.23,641.23,641.23,641.23,5
1748628920,641.26,641.26,641.16,641.26,15
1748628925,641.26,641.4,641.26,641.4,5
1748628930,641.22,641.5,641.22,641.5,65
1748628935,641.48,641.48,641.48,641.48,7
1748628940,641.48,641.48,641.38,641.43,20
1748628945,641.5,641.57,641.5,641.57,5
1748628950,641.48,641.58,641.47,641.58,74
1748628955,641.58,641.6,641.58,641.59,17
1748628960,641.52,641.52,641.46,641.47,54
1748628965,641.36,641.37,641.36,641.37,6
1748628970,641.23,641.37,641.23,641.33,13
1748628975,641.32,641.32,641.16,641.18,55
1748628980,641.26,641.28,641.18,641.27,57
1748628985,641.09,641.09,641.08,641.08,8
1748628990,641.1,641.14,641.08,641.13,17
1748628995,641.28,641.28,641.28,641.28,3
1748629000,641.28,641.28,641.28,641.28,0
1748629005,641.38,641.38,641.37,641.38,22
1748629010,641.38,641.38,641.28,641.29,6
1748629015,641.29,641.29,641.28,641.29,0
1748629020,641.29,641.39,641.29,641.39,13
1748629025,641.47,641.58,641.47,641.5,20
1748629030,641.65,641.66,641.56,641.64,27
1748629035,641.55,641.57,641.43,641.43,30
1748629040,641.43,641.43,641.35,641.37,17
1748629045,641.35,641.35,641.35,641.35,2
1748629050,641.35,641.35,641.35,641.35,2
1748629055,641.28,641.29,641.28,641.28,2
1748629060,641.28,641.29,641.28,641.28,0
1748629065,641.34,641.34,641.19,641.2,35
1748629070,641.11,641.15,641.08,641.08,12
1748629075,641.13,641.23,641.12,641.14,13
1748629080,641.17,641.17,641.16,641.17,2
1748629085,641.3,641.3,641.15,641.15,6
1748629090,641.29,641.29,641.29,641.29,2
1748629095,641.29,641.29,641.29,641.29,0
1748629100,641.14,641.15,641.14,641.14,10
1748629105,641.21,641.21,640.97,640.97,79
1748629110,641.0,642.38,641.0,641.67,387
1748629115,642.1,642.21,642.02,642.21,10
1748629120,642.21,642.21,642.21,642.21,0
1748629125,642.3,642.43,642.22,642.22,20
1748629130,642.31,642.33,642.0,642.25,144
1748629135,642.19,642.19,641.92,641.98,23
1748629140,641.84,642.1,641.84,642.08,19
1748629145,642.16,642.16,641.96,641.97,13
1748629150,641.95,642.05,641.87,642.03,50
1748629155,642.06,642.1,642.06,642.1,19
1748629160,641.83,641.88,641.83,641.85,10
1748629165,642.07,642.28,642.07,642.11,22
1748629170,642.3,642.58,642.09,642.32,73
1748629175,642.32,642.7,642.32,642.69,56
1748629180,642.58,642.98,642.58,642.85,45
1748629185,642.73,642.76,642.53,642.57,70
1748629190,642.62,642.63,642.62,642.63,6
1748629195,642.67,642.85,642.66,642.84,15
1748629200,642.83,642.99,642.74,642.99,8
1748629205,642.81,642.99,642.79,642.87,119
1748629210,642.86,642.98,642.72,642.98,135
1748629215,642.95,642.95,642.95,642.95,2
1748629220,642.88,643.0,642.87,642.93,67
1748629225,642.75,643.06,642.75,643.06,10
1748629230,642.93,642.93,642.75,642.84,19
1748629235,642.84,642.84,642.83,642.84,0
1748629240,642.8,642.8,642.8,642.8,4
1748629245,642.94,642.97,642.94,642.97,8
1748629250,643.0,643.0,642.79,642.79,55
1748629255,642.77,642.85,642.69,642.74,21
1748629260,642.66,642.78,642.66,642.77,8
1748629265,642.57,642.7,642.57,642.7,46
1748629270,642.53,642.7,642.53,642.69,20
1748629275,642.69,642.69,642.69,642.69,0
1748629280,642.73,642.73,642.72,642.73,10
1748629285,642.68,642.98,642.54,642.98,15
1748629290,642.98,642.98,642.97,642.98,0
1748629295,642.7,642.7,642.52,642.62,64
1748629300,642.81,642.81,642.81,642.81,2
1748629305,642.9,643.0,642.9,642.93,41
1748629310,643.05,643.1,642.8,642.98,38
1748629315,643.18,643.36,643.15,643.36,43
1748629320,643.19,643.19,643.02,643.02,26
1748629325,643.0,643.15,643.0,643.15,12
1748629330,643.24,643.3,643.15,643.17,48
1748629335,643.07,643.17,643.06,643.16,35
1748629340,643.15,643.16,643.15,643.16,5
1748629345,643.16,643.16,642.98,642.99,26
1748629350,642.97,642.97,642.73,642.73,23
1748629355,642.81,642.89,642.8,642.86,14
1748629360,642.86,642.87,642.86,642.86,0
1748629365,642.62,642.68,642.4,642.4,83
1748629370,642.4,642.41,642.4,642.4,0
1748629375,642.4,642.41,642.4,642.4,0
1748629380,642.42,642.6,642.42,642.6,10
1748629385,642.65,642.84,642.65,642.74,56
1748629390,642.84,642.84,642.83,642.84,2
1748629395,643.0,643.02,643.0,643.02,37
1748629400,643.0,643.0,642.85,642.85,7
1748629405,642.79,642.79,642.72,642.74,10
1748629410,642.65,642.69,642.5,642.64,89
1748629415,642.57,642.69,642.56,642.65,18
1748629420,642.65,642.65,642.65,642.65,0
1748629425,642.81,642.82,642.63,642.63,10
1748629430,642.56,642.68,642.56,642.68,8
1748629435,642.68,642.68,642.5,642.6,40
1748629440,642.61,642.64,642.61,642.64,7
1748629445,642.57,642.57,642.56,642.57,19
1748629450,642.62,642.72,642.62,642.72,30
1748629455,642.72,642.76,642.71,642.76,6
1748629460,642.72,642.73,642.57,642.72,20
1748629465,642.83,642.83,642.72,642.72,7
1748629470,642.72,642.72,642.72,642.72,2
1748629475,642.6,642.6,642.52,642.54,84
1748629480,642.54,642.54,642.53,642.54,0
1748629485,642.64,642.65,642.64,642.64,2
1748629490,642.64,642.65,642.64,642.64,0
1748629495,642.7,642.7,642.7,642.7,5
1748629500,642.7,642.7,642.7,642.7,0
1748629505,642.92,642.92,642.82,642.82,5
1748629510,642.84,642.95,642.83,642.93,40
1748629515,642.93,642.98,642.84,642.98,46
1748629520,642.88,642.88,642.88,642.88,2
1748629525,642.94,642.94,642.91,642.92,12
1748629530,642.94,643.0,642.76,642.76,70
1748629535,642.79,642.79,642.71,642.71,11
1748629540,642.54,642.7,642.54,642.7,22
1748629545,642.87,642.87,642.87,642.87,4
1748629550,642.97,643.0,642.85,642.88,33
1748629555,642.88,642.89,642.88,642.88,0
1748629560,642.92,642.92,642.91,642.92,2
1748629565,642.88,642.89,642.88,642.88,5
1748629570,642.95,642.95,642.88,642.88,22
1748629575,642.9,642.9,642.9,642.9,5
1748629580,642.94,642.94,642.93,642.94,2
1748629585,642.93,642.93,642.93,642.93,8
1748629590,642.95,642.95,642.8,642.8,10
1748629595,642.96,643.0,642.83,642.9,123
1748629600,642.89,642.9,642.89,642.9,5
1748629605,643.0,643.0,642.8,642.8,42
1748629610,642.82,642.82,642.71,642.81,17
1748629615,642.81,642.81,642.73,642.81,33
1748629620,642.81,643.15,642.72,643.15,89
1748629625,642.74,643.28,642.74,643.15,500
1748629630,643.01,643.01,642.93,642.94,10
1748629635,642.94,642.94,642.79,642.79,20
1748629640,643.02,643.02,643.0,643.0,7
1748629645,642.9,642.96,642.85,642.85,9
1748629650,642.83,642.84,642.77,642.82,40
1748629655,642.82,642.92,642.79,642.79,22
1748629660,642.86,642.98,642.82,642.86,13
1748629665,642.79,642.79,642.79,642.79,2
1748629670,642.82,642.86,642.67,642.7,37
1748629675,642.79,642.79,642.79,642.79,5
1748629680,642.76,642.79,642.76,642.79,7
1748629685,642.8,642.86,642.8,642.86,25
1748629690,642.79,642.99,642.79,642.99,17
1748629695,642.98,642.98,642.97,642.98,2
1748629700,642.98,642.98,642.97,642.98,2
1748629705,642.86,643.06,642.84,642.84,29
1748629710,642.89,642.9,642.88,642.89,48
1748629715,643.0,643.0,642.79,642.79,30
1748629720,642.82,642.82,642.82,642.82,2
1748629725,642.82,642.82,642.82,642.82,0
1748629730,642.77,642.86,642.76,642.76,29
1748629735,642.75,642.83,642.61,642.61,20
1748629740,642.67,642.67,642.63,642.63,5
1748629745,642.63,642.63,642.62,642.63,2
1748629750,642.7,642.7,642.44,642.47,58
1748629755,642.34,642.47,642.33,642.38,13
1748629760,642.3,642.48,642.3,642.3,17
1748629765,642.3,642.31,642.3,642.3,0
1748629770,642.3,642.3,642.16,642.3,29
1748629775,642.46,642.48,642.25,642.26,16
1748629780,642.32,642.32,642.25,642.27,20
1748629785,642.39,642.47,642.1,642.1,153
1748629790,642.12,642.17,642.11,642.16,69
1748629795,642.16,642.23,642.08,642.16,29
1748629800,642.16,642.54,642.16,642.49,76
1748629805,642.6,642.6,642.6,642.6,7
1748629810,642.28,642.35,642.0,642.21,81
1748629815,642.36,642.36,642.36,642.36,2
1748629820,642.37,642.37,642.07,642.23,28
1748629825,642.23,642.23,642.15,642.23,36
1748629830,642.23,642.23,642.23,642.23,0
1748629835,642.24,642.24,642.24,642.24,2
1748629840,642.27,642.27,642.13,642.13,27
1748629845,642.05,642.38,642.05,642.38,13
1748629850,642.38,642.38,642.38,642.38,0
1748629855,642.28,642.28,642.1,642.1,10
1748629860,642.33,642.4,642.21,642.4,14
1748629865,642.47,642.5,642.47,642.5,17
1748629870,642.25,642.4,642.25,642.35,15
1748629875,642.21,642.34,642.17,642.2,60
1748629880,642.16,642.16,642.04,642.04,24
1748629885,642.19,642.19,642.05,642.05,6
1748629890,642.12,642.12,642.08,642.08,5
1748629895,642.08,642.16,642.08,642.16,28
1748629900,642.23,642.5,642.23,642.33,15
1748629905,642.4,642.41,642.4,642.4,7
1748629910,642.39,642.39,642.32,642.38,7
1748629915,642.5,642.71,642.5,642.67,87
1748629920,642.61,642.61,642.48,642.48,19
1748629925,642.65,642.65,642.52,642.52,27
1748629930,642.52,642.53,642.52,642.52,0
1748629935,642.59,642.59,642.58,642.59,6
1748629940,642.89,642.9,642.89,642.89,19
1748629945,642.77,642.89,642.77,642.83,26
1748629950,642.76,642.81,642.76,642.76,20
1748629955,642.89,642.89,642.89,642.89,5
1748629960,642.89,642.89,642.85,642.86,20
1748629965,642.78,642.81,642.76,642.76,14
1748629970,642.76,642.8,642.76,642.8,6
1748629975,642.8,642.8,642.8,642.8,2
1748629980,642.84,642.99,642.84,642.99,7
1748629985,642.84,642.84,642.83,642.84,11
1748629990,642.9,642.9,642.69,642.71,42
1748629995,642.64,642.68,642.64,642.67,28
1748630000,642.67,642.67,642.66,642.67,0
1748630005,642.55,642.65,642.55,642.65,21
1748630010,642.65,642.65,642.65,642.65,0
1748630015,642.51,642.53,642.5,642.53,23
1748630020,642.53,642.53,642.53,642.53,0
1748630025,642.5,642.5,642.5,642.5,2
1748630030,642.6,642.6,642.4,642.49,33
1748630035,642.48,642.51,642.47,642.5,10
1748630040,642.45,642.5,642.45,642.48,19
1748630045,642.46,642.46,642.38,642.38,32
1748630050,642.38,642.38,642.38,642.38,0
1748630055,642.45,642.45,642.3,642.3,12
1748630060,642.35,642.4,642.35,642.4,7
1748630065,642.3,642.38,642.29,642.38,8
1748630070,642.5,642.5,642.5,642.5,6
1748630075,642.41,642.42,642.31,642.42,37
1748630080,642.42,642.42,642.42,642.42,0
1748630085,642.53,642.54,642.27,642.27,7
1748630090,642.38,642.39,642.23,642.23,12
1748630095,642.24,642.25,642.1,642.1,36
1748630100,642.03,642.06,641.99,642.06,17
1748630105,642.15,642.18,642.15,642.18,7
1748630110,642.35,642.37,642.18,642.2,18
1748630115,642.4,642.41,642.36,642.41,20
1748630120,642.34,642.34,642.33,642.34,17
1748630125,642.34,642.34,642.33,642.34,0
1748630130,642.34,642.34,642.33,642.34,0
1748630135,642.38,642.38,642.38,642.38,2
1748630140,642.38,642.38,642.38,642.38,0
1748630145,642.37,642.37,642.36,642.37,5
1748630150,642.38,642.56,642.38,642.55,14
1748630155,642.61,642.61,642.61,642.61,7
1748630160,642.45,642.45,642.45,642.45,4
1748630165,642.45,642.45,642.45,642.45,0
1748630170,642.33,642.46,642.32,642.45,17
1748630175,642.45,642.45,642.45,642.45,0
1748630180,642.45,642.45,642.45,642.45,5
1748630185,642.45,642.45,642.45,642.45,0
1748630190,642.45,642.45,642.45,642.45,0
1748630195,642.45,642.45,642.45,642.45,2
1748630200,642.64,642.64,642.4,642.4,7
1748630205,642.52,642.53,642.51,642.52,5
1748630210,642.52,642.52,642.51,642.52,0
1748630215,642.55,642.63,642.55,642.63,5
1748630220,642.64,642.69,642.64,642.69,32
1748630225,642.69,642.69,642.69,642.69,0
1748630230,642.75,642.75,642.56,642.56,14
1748630235,642.61,642.76,642.6,642.76,11
1748630240,642.8,642.88,642.77,642.88,21
1748630245,642.55,642.91,642.55,642.91,22
1748630250,642.9,642.9,642.9,642.9,2
1748630255,642.83,642.83,642.82,642.83,3
1748630260,642.89,642.9,642.83,642.83,12
1748630265,643.0,643.01,642.9,643.0,102
1748630270,642.79,642.91,642.78,642.78,18
1748630275,642.77,643.0,642.77,643.0,25
1748630280,643.0,643.16,643.0,643.16,25
1748630285,643.1,643.21,643.1,643.13,15
1748630290,643.13,643.21,643.06,643.2,10
1748630295,643.14,643.22,643.05,643.05,49
1748630300,643.17,643.17,643.13,643.13,5
1748630305,643.22,643.22,643.14,643.14,5
1748630310,643.05,643.05,643.05,643.05,3
1748630315,643.07,643.14,642.99,643.07,44
1748630320,642.98,643.02,642.98,642.98,15
1748630325,642.96,642.96,642.96,642.96,6
1748630330,642.91,642.96,642.86,642.95,21
1748630335,642.88,642.89,642.87,642.88,7
1748630340,642.87,642.87,642.87,642.87,2
1748630345,643.03,643.04,642.9,642.9,13
1748630350,642.9,642.9,642.9,642.9,0
1748630355,642.88,642.89,642.88,642.88,2
1748630360,642.89,642.89,642.89,642.89,2
1748630365,642.89,642.89,642.89,642.89,0
1748630370,642.85,642.85,642.8,642.8,7
1748630375,642.8,642.8,642.8,642.8,2
1748630380,642.78,642.78,642.5,642.64,180
1748630385,642.76,642.88,642.64,642.88,28
1748630390,642.71,642.9,642.71,642.9,8
1748630395,643.0,643.19,643.0,643.04,62
1748630400,643.2,643.2,643.06,643.06,20
1748630405,643.03,643.03,643.03,643.03,10
1748630410,643.03,643.03,643.03,643.03,0
1748630415,643.02,643.08,643.02,643.08,7
1748630420,643.18,643.2,643.17,643.19,7
1748630425,643.2,643.2,643.19,643.19,10
1748630430,643.07,643.07,642.86,642.88,99
1748630435,642.81,642.81,642.81,642.81,3
1748630440,642.72,642.72,642.6,642.6,18
1748630445,642.73,642.79,642.72,642.79,12
1748630450,642.9,642.9,642.7,642.71,15
1748630455,642.75,642.76,642.75,642.75,5
1748630460,642.75,642.75,642.75,642.75,2
1748630465,642.71,642.75,642.67,642.68,13
1748630470,642.79,642.79,642.66,642.66,7
1748630475,642.61,642.67,642.6,642.67,13
1748630480,642.56,642.56,642.56,642.56,2
1748630485,642.51,642.65,642.51,642.64,7
1748630490,642.52,642.54,642.43,642.43,48
1748630495,642.43,642.44,642.43,642.43,0
1748630500,642.57,642.64,642.57,642.57,22
1748630505,642.57,642.57,642.57,642.57,2
1748630510,642.49,642.53,642.46,642.53,16
1748630515,642.53,642.53,642.53,642.53,0
1748630520,642.53,642.53,642.53,642.53,0
1748630525,642.57,642.69,642.37,642.37,53
1748630530,642.53,642.62,642.53,642.54,18
1748630535,642.54,642.54,642.42,642.42,7
1748630540,642.4,642.4,642.34,642.35,23
1748630545,642.34,642.38,642.33,642.35,10
1748630550,642.34,642.34,642.33,642.34,5
1748630555,642.26,642.26,642.19,642.19,7
1748630560,642.22,642.34,642.22,642.34,28
1748630565,642.3,642.3,642.3,642.3,2
1748630570,642.25,642.25,642.25,642.25,2
1748630575,642.16,642.16,642.07,642.1,17
1748630580,642.13,642.13,642.12,642.12,7
1748630585,642.12,642.12,642.12,642.12,0
1748630590,642.12,642.12,642.12,642.12,0
1748630595,642.12,642.12,642.12,642.12,0
1748630600,642.12,642.12,642.12,642.12,5
1748630605,642.04,642.04,642.04,642.04,2
1748630610,642.2,642.21,642.06,642.06,10
1748630615,642.0,642.0,642.0,642.0,2
1748630620,641.93,641.99,641.91,641.99,15
1748630625,641.99,642.01,641.93,641.98,33
1748630630,641.99,641.99,641.87,641.98,77
1748630635,641.98,642.23,641.97,642.23,146
1748630640,642.25,642.25,642.13,642.14,17
1748630645,642.13,642.13,642.13,642.13,6
1748630650,642.18,642.18,642.18,642.18,4
1748630655,642.17,642.18,642.1,642.18,7
1748630660,642.16,642.23,642.07,642.23,16
1748630665,642.07,642.2,642.07,642.2,12
1748630670,642.33,642.35,642.33,642.35,5
1748630675,642.35,642.35,642.35,642.35,0
1748630680,642.34,642.36,642.13,642.14,24
1748630685,642.14,642.14,642.14,642.14,2
1748630690,642.14,642.14,642.14,642.14,0
1748630695,642.26,642.26,642.23,642.24,5
1748630700,642.27,642.27,642.27,642.27,7
1748630705,642.39,642.39,642.36,642.37,5
1748630710,642.37,642.37,642.36,642.37,2
1748630715,642.27,642.48,642.27,642.48,246
1748630720,642.38,642.38,642.26,642.27,31
1748630725,642.15,642.15,642.13,642.13,5
1748630730,642.09,642.09,642.0,642.0,50
1748630735,642.28,642.31,642.28,642.28,23
1748630740,642.32,642.32,642.32,642.32,13
1748630745,642.29,642.48,642.27,642.48,76
1748630750,642.48,642.48,642.48,642.48,2
1748630755,642.48,642.48,642.27,642.27,248
1748630760,642.27,642.27,642.27,642.27,2
1748630765,642.34,642.34,642.33,642.34,2
1748630770,642.2,642.22,642.16,642.17,27
1748630775,642.17,642.18,642.17,642.17,0
1748630780,642.19,642.19,642.09,642.09,5
1748630785,642.01,642.07,642.01,642.07,9
1748630790,642.03,642.16,642.03,642.16,14
1748630795,642.34,642.34,642.24,642.24,6
1748630800,642.24,642.45,642.01,642.32,27
1748630805,642.32,642.32,642.31,642.32,51
1748630810,642.34,642.34,642.34,642.34,3
1748630815,642.34,642.34,642.34,642.34,0
1748630820,642.33,642.48,642.32,642.48,107
1748630825,642.48,642.58,642.48,642.58,141
1748630830,642.68,642.91,642.68,642.83,36
1748630835,642.83,642.83,642.74,642.78,12
1748630840,642.85,642.86,642.78,642.78,6
1748630845,642.78,642.78,642.6,642.61,41
1748630850,642.5,642.6,642.5,642.6,5
1748630855,642.57,642.57,642.57,642.57,6
1748630860,642.57,642.57,642.57,642.57,2
1748630865,642.57,642.57,642.5,642.5,8
1748630870,642.55,642.55,642.53,642.53,5
1748630875,642.53,642.53,642.53,642.53,0
1748630880,642.55,642.55,642.53,642.54,5
1748630885,642.54,642.54,642.53,642.54,0
1748630890,642.5,642.51,642.5,642.5,2
1748630895,642.53,642.53,642.45,642.45,12
1748630900,642.39,642.39,642.39,642.39,3
1748630905,642.26,642.27,642.26,642.26,18
1748630910,642.26,642.27,642.26,642.26,0
1748630915,642.26,642.27,642.26,642.26,0
1748630920,642.45,642.45,642.4,642.4,7
1748630925,642.4,642.4,642.4,642.4,2
1748630930,642.4,642.4,642.4,642.4,3
1748630935,642.35,642.35,642.35,642.35,2
1748630940,642.36,642.4,642.35,642.4,8
1748630945,642.4,642.4,642.4,642.4,5
1748630950,642.28,642.28,642.17,642.18,53
1748630955,642.09,642.26,642.0,642.0,12
1748630960,642.08,642.08,642.08,642.08,12
1748630965,642.08,642.1,642.04,642.05,35
1748630970,642.16,642.16,642.15,642.16,6
1748630975,642.03,642.03,642.03,642.03,2
1748630980,642.39,642.39,642.22,642.22,10
1748630985,642.34,642.48,642.34,642.42,12
1748630990,642.26,642.26,642.26,642.26,2
1748630995,642.26,642.26,642.26,642.26,0
1748631000,642.47,642.47,642.27,642.27,11
1748631005,642.27,642.27,642.27,642.27,0
1748631010,642.27,642.27,642.27,642.27,0
1748631015,642.44,642.44,642.43,642.44,2
1748631020,642.44,642.44,642.31,642.32,14
1748631025,642.5,642.5,642.35,642.35,5
1748631030,642.71,642.72,642.71,642.71,3
1748631035,642.56,642.56,642.56,642.56,5
1748631040,642.63,642.63,642.63,642.63,3
1748631045,642.69,642.75,642.68,642.69,22
1748631050,642.66,642.66,642.61,642.62,70
1748631055,642.63,642.7,642.47,642.7,20
1748631060,642.7,642.7,642.4,642.4,13
1748631065,642.66,642.66,642.57,642.57,6
1748631070,642.55,642.55,642.5,642.5,10
1748631075,642.5,642.51,642.5,642.5,0
1748631080,642.65,642.69,642.65,642.67,20
1748631085,642.8,642.8,642.79,642.8,22
1748631090,642.78,642.78,642.68,642.68,5
1748631095,642.68,642.81,642.67,642.8,55
1748631100,642.68,642.81,642.67,642.81,10
1748631105,642.83,642.85,642.8,642.8,17
1748631110,642.79,642.8,642.78,642.8,10
1748631115,642.8,642.8,642.8,642.8,0
1748631120,642.88,642.96,642.83,642.96,15
1748631125,642.96,642.97,642.87,642.97,15
1748631130,642.92,642.97,642.76,642.78,66
1748631135,642.78,642.78,642.78,642.78,0
1748631140,642.85,642.85,642.59,642.59,5
1748631145,642.61,642.61,642.59,642.59,22
1748631150,642.59,642.59,642.59,642.59,0
1748631155,642.8,642.82,642.8,642.82,7
1748631160,642.77,642.78,642.7,642.7,10
1748631165,642.66,642.83,642.58,642.83,18
1748631170,642.83,642.83,642.83,642.83,0
1748631175,642.59,642.65,642.59,642.63,22
1748631180,642.64,642.78,642.58,642.58,27
1748631185,642.81,642.83,642.71,642.72,17
1748631190,642.83,642.83,642.83,642.83,2
1748631195,642.88,642.88,642.88,642.88,5
1748631200,642.88,642.88,642.88,642.88,0
1748631205,642.97,643.05,642.97,642.99,246
1748631210,643.0,643.07,642.99,643.07,16
1748631215,643.04,643.04,642.9,642.91,15
1748631220,642.99,643.1,642.89,643.1,15
1748631225,643.1,643.1,643.1,643.1,24
1748631230,643.1,643.12,643.07,643.07,36
1748631235,643.02,643.08,643.02,643.08,10
1748631240,643.12,643.19,643.12,643.19,7
1748631245,643.11,643.11,643.11,643.11,2
1748631250,643.2,643.2,643.2,643.2,3
1748631255,643.18,643.18,643.18,643.18,2
1748631260,643.14,643.15,643.11,643.11,10
1748631265,643.11,643.11,643.07,643.11,10
1748631270,643.11,643.12,643.11,643.11,2
1748631275,643.19,643.19,643.08,643.09,27
1748631280,643.1,643.11,643.1,643.1,2
1748631285,643.19,643.2,643.19,643.2,12
1748631290,643.03,643.03,642.98,642.99,18
1748631295,642.99,643.01,642.83,642.83,19
1748631300,642.91,642.91,642.91,642.91,2
1748631305,642.93,642.93,642.93,642.93,10
1748631310,642.83,642.84,642.83,642.83,22
1748631315,642.84,642.84,642.73,642.78,32
1748631320,642.76,642.84,642.76,642.84,18
1748631325,642.88,642.88,642.88,642.88,2
1748631330,642.88,642.88,642.88,642.88,0
1748631335,642.88,642.88,642.88,642.88,0
1748631340,642.79,642.84,642.77,642.84,10
1748631345,642.76,642.77,642.66,642.66,46
1748631350,642.66,642.66,642.66,642.66,0
1748631355,642.54,642.54,642.43,642.43,95
1748631360,642.36,642.36,642.36,642.36,6
1748631365,642.3,642.3,642.3,642.3,2
1748631370,642.27,642.35,642.27,642.35,11
1748631375,642.22,642.27,642.22,642.27,5
1748631380,642.27,642.27,642.27,642.27,0
1748631385,642.32,642.33,642.32,642.33,6
1748631390,642.33,642.41,642.33,642.41,19
1748631395,642.5,642.6,642.5,642.6,14
1748631400,642.66,642.66,642.66,642.66,5
1748631405,642.66,642.66,642.66,642.66,0
1748631410,642.67,642.68,642.64,642.68,16
1748631415,642.68,642.68,642.68,642.68,0
1748631420,642.47,642.47,642.47,642.47,3
1748631425,642.58,642.59,642.58,642.58,2
1748631430,642.63,642.63,642.63,642.63,5
1748631435,642.63,642.63,642.63,642.63,8
1748631440,642.63,642.63,642.63,642.63,0
1748631445,642.8,642.8,642.79,642.79,5
1748631450,642.92,642.99,642.9,642.98,39
1748631455,642.87,642.97,642.84,642.96,108
1748631460,642.96,642.96,642.96,642.96,5
1748631465,642.88,643.03,642.88,643.01,33
1748631470,643.01,643.01,643.01,643.01,0
1748631475,642.96,643.0,642.95,643.0,15
1748631480,642.98,642.98,642.95,642.95,8
1748631485,642.85,642.94,642.82,642.83,28
1748631490,642.83,642.84,642.83,642.84,5
1748631495,642.85,642.86,642.85,642.85,2
1748631500,642.85,642.86,642.85,642.85,0
1748631505,642.85,642.86,642.85,642.85,0
1748631510,642.85,642.86,642.85,642.85,0
1748631515,642.85,642.85,642.7,642.7,13
1748631520,642.7,642.7,642.7,642.7,0
1748631525,642.7,642.7,642.7,642.7,0
1748631530,642.75,642.75,642.75,642.75,2
1748631535,642.77,642.78,642.61,642.78,116
1748631540,642.75,642.76,642.75,642.75,2
1748631545,642.75,642.76,642.75,642.75,0
1748631550,642.95,642.95,642.94,642.95,2
1748631555,642.95,642.95,642.94,642.95,0
1748631560,642.81,642.81,642.8,642.81,2
1748631565,642.87,642.87,642.87,642.87,2
1748631570,642.62,642.63,642.62,642.62,100
1748631575,642.62,642.63,642.62,642.62,0
1748631580,642.8,642.8,642.65,642.67,21
1748631585,642.7,642.7,642.69,642.7,2
1748631590,642.67,642.67,642.67,642.67,3
1748631595,642.72,642.75,642.72,642.75,39
1748631600,642.67,642.68,642.39,642.4,137
1748631605,642.4,642.4,642.39,642.4,0
1748631610,642.56,642.56,642.55,642.56,3
1748631615,642.57,642.58,642.34,642.43,92
1748631620,642.46,642.47,642.46,642.46,10
1748631625,642.52,642.74,642.52,642.74,12
1748631630,642.68,642.8,642.68,642.74,10
1748631635,642.74,642.74,642.73,642.74,0
1748631640,642.7,642.7,642.69,642.7,5
1748631645,642.72,642.72,642.71,642.72,2
1748631650,642.72,642.72,642.71,642.72,0
1748631655,642.71,642.73,642.58,642.68,62
1748631660,642.83,642.85,642.52,642.68,22
1748631665,642.65,642.8,642.65,642.8,5
1748631670,642.9,643.0,642.68,642.68,32
1748631675,642.7,642.91,642.7,642.83,11
1748631680,642.99,643.0,642.97,643.0,147
1748631685,643.0,643.0,643.0,643.0,0
1748631690,642.95,643.05,642.95,643.02,10
1748631695,642.92,642.99,642.92,642.99,5
1748631700,642.99,642.99,642.99,642.99,0
1748631705,642.99,642.99,642.99,642.99,0
1748631710,642.99,642.99,642.99,642.99,0
1748631715,643.09,643.11,643.09,643.11,17
1748631720,643.15,643.21,643.14,643.15,28
1748631725,643.25,643.25,643.11,643.17,13
1748631730,643.19,643.2,642.94,643.2,95
1748631735,643.08,643.08,642.8,643.01,37
1748631740,643.0,643.0,643.0,643.0,19
1748631745,642.99,642.99,642.98,642.99,2
1748631750,642.99,642.99,642.98,642.99,0
1748631755,643.16,643.17,643.12,643.12,14
1748631760,643.0,643.05,643.0,643.05,7
1748631765,643.15,643.15,643.15,643.15,2
1748631770,643.09,643.09,643.04,643.04,5
1748631775,643.17,643.17,643.17,643.17,2
1748631780,643.12,643.12,643.12,643.12,3
1748631785,643.22,643.24,643.22,643.24,10
1748631790,643.24,643.24,643.24,643.24,0
1748631795,643.22,643.34,643.11,643.11,54
1748631800,643.29,643.62,643.29,643.61,119
1748631805,643.63,643.63,643.39,643.57,33
1748631810,643.6,643.67,643.6,643.6,45
1748631815,643.73,643.73,643.72,643.73,5
1748631820,643.49,643.73,643.49,643.73,13
1748631825,643.66,643.69,643.53,643.63,61
1748631830,643.63,643.63,643.63,643.63,0
1748631835,643.75,643.75,643.66,643.7,35
1748631840,643.75,643.77,643.75,643.77,5
1748631845,643.79,643.79,643.68,643.68,15
1748631850,643.79,643.98,643.79,643.9,56
1748631855,643.99,644.0,643.93,643.93,84
1748631860,643.93,644.06,643.93,644.06,22
1748631865,644.04,644.2,644.03,644.08,90
1748631870,644.08,644.08,644.07,644.08,2
1748631875,644.08,644.08,644.07,644.08,0
1748631880,643.96,644.16,643.85,643.9,71
1748631885,643.83,643.88,643.81,643.81,10
1748631890,643.8,643.89,643.79,643.88,21
1748631895,643.87,643.87,643.74,643.81,37
1748631900,643.81,643.81,643.8,643.81,3
1748631905,643.93,643.94,643.93,643.94,12
1748631910,643.94,643.94,643.94,643.94,0
1748631915,644.21,644.23,644.21,644.23,7
1748631920,644.15,644.15,644.0,644.13,28
1748631925,644.0,644.01,643.95,643.95,21
1748631930,643.95,643.95,643.95,643.95,0
1748631935,643.95,643.95,643.95,643.95,0
1748631940,644.09,644.09,643.91,643.96,57
1748631945,644.1,644.1,643.93,644.01,23
1748631950,644.06,644.06,644.05,644.06,7
1748631955,644.07,644.09,644.03,644.09,23
1748631960,643.93,644.17,643.93,644.01,13
1748631965,644.05,644.05,644.05,644.05,10
1748631970,644.21,644.21,644.2,644.21,6
1748631975,644.25,644.25,644.15,644.15,66
1748631980,644.11,644.25,644.11,644.25,7
1748631985,644.25,644.25,643.99,643.99,39
1748631990,643.94,644.15,643.93,644.15,15
1748631995,643.92,643.92,643.91,643.92,11
1748632000,644.13,644.21,644.13,644.14,285
1748632005,644.1,644.27,644.1,644.17,40
1748632010,644.17,644.17,644.17,644.17,0
1748632015,644.27,644.27,644.26,644.27,10
1748632020,644.24,644.24,644.24,644.24,2
1748632025,644.13,644.14,644.1,644.1,7
1748632030,644.13,644.13,643.9,644.07,53
1748632035,644.0,644.0,644.0,644.0,10
1748632040,644.06,644.06,644.0,644.0,24
1748632045,644.0,644.0,644.0,644.0,0
1748632050,644.18,644.18,644.18,644.18,12
1748632055,644.18,644.18,644.18,644.18,0
1748632060,644.06,644.06,644.04,644.04,13
1748632065,643.91,644.17,643.91,644.17,27
1748632070,644.04,644.08,644.04,644.05,94
1748632075,644.11,644.12,644.11,644.11,2
1748632080,644.17,644.24,644.17,644.24,35
1748632085,644.16,644.16,644.11,644.11,7
1748632090,644.07,644.16,644.07,644.16,5
1748632095,644.05,644.15,644.03,644.15,20
1748632100,644.15,644.15,644.15,644.15,0
1748632105,644.25,644.25,643.97,644.19,24
1748632110,644.27,644.28,644.18,644.19,40
1748632115,644.19,644.19,644.07,644.07,5
1748632120,644.3,644.3,644.18,644.25,10
1748632125,644.2,644.2,644.18,644.19,12
1748632130,644.28,644.3,644.12,644.21,26
1748632135,644.21,644.21,644.21,644.21,5
1748632140,644.29,644.29,644.29,644.29,2
1748632145,644.3,644.3,644.21,644.21,19
1748632150,644.3,644.3,644.07,644.08,38
1748632155,644.08,644.08,644.07,644.08,0
1748632160,644.18,644.18,644.18,644.18,7
1748632165,644.3,644.35,644.3,644.35,35
1748632170,644.36,644.4,644.24,644.32,35
1748632175,644.31,644.31,644.3,644.31,2
1748632180,644.37,644.39,643.56,643.79,222
1748632185,643.97,644.02,643.72,643.73,63
1748632190,643.7,643.7,643.7,643.7,5
1748632195,643.64,643.67,643.51,643.54,47
1748632200,643.49,643.84,643.49,643.7,80
1748632205,643.83,643.83,643.82,643.83,2
1748632210,643.86,644.1,643.86,644.1,51
1748632215,643.91,643.91,643.72,643.91,69
1748632220,644.01,644.02,644.01,644.01,11
1748632225,644.07,644.09,644.07,644.09,6
1748632230,643.98,644.0,643.95,644.0,18
1748632235,643.96,643.96,643.96,643.96,6
1748632240,643.94,643.94,643.82,643.83,35
1748632245,643.78,643.83,643.78,643.83,10
1748632250,643.71,643.71,643.59,643.59,22
1748632255,643.65,643.83,643.65,643.73,31
1748632260,643.76,643.76,643.73,643.73,7
1748632265,643.73,643.73,643.73,643.73,0
1748632270,643.66,643.68,643.56,643.62,11
1748632275,643.53,643.62,643.5,643.6,15
1748632280,643.66,643.66,643.49,643.53,87
1748632285,643.5,643.51,643.45,643.45,29
1748632290,643.43,643.47,643.39,643.39,9
1748632295,643.35,643.46,643.35,643.39,10
1748632300,643.35,643.46,643.35,643.46,10
1748632305,643.61,643.61,643.54,643.54,11
1748632310,643.55,643.55,643.55,643.55,3
1748632315,643.55,643.55,643.36,643.36,6
1748632320,643.39,643.39,643.35,643.35,18
1748632325,643.35,643.35,643.35,643.35,0
1748632330,643.41,643.41,643.36,643.36,5
1748632335,643.59,643.59,643.58,643.59,11
1748632340,643.38,643.38,643.27,643.36,15
1748632345,643.38,643.47,643.38,643.47,22
1748632350,643.47,643.47,643.47,643.47,0
1748632355,643.72,643.74,643.55,643.74,40
1748632360,643.74,643.81,643.74,643.81,21
1748632365,643.79,643.93,643.78,643.93,40
1748632370,643.94,643.94,643.92,643.92,10
1748632375,643.88,643.88,643.79,643.79,47
1748632380,643.74,643.74,643.65,643.66,26
1748632385,643.81,643.81,643.51,643.51,11
1748632390,643.8,643.8,643.75,643.75,5
1748632395,643.75,643.75,643.75,643.75,2
1748632400,643.9,643.9,643.9,643.9,3
1748632405,643.6,643.61,643.6,643.6,10
1748632410,643.82,643.83,643.75,643.75,9
1748632415,643.75,643.75,643.75,643.75,2
1748632420,643.87,643.9,643.86,643.86,35
1748632425,643.86,643.86,643.83,643.85,16
1748632430,643.94,643.95,643.94,643.95,10
1748632435,644.0,644.0,643.92,643.92,12
1748632440,644.0,644.07,643.92,644.06,119
1748632445,644.0,644.01,643.91,643.91,15
1748632450,643.91,643.91,643.91,643.91,0
1748632455,644.13,644.14,644.13,644.13,2
1748632460,644.01,644.1,644.01,644.1,21
1748632465,644.1,644.1,644.03,644.04,7
1748632470,644.0,644.01,643.92,644.0,67
1748632475,643.91,643.91,643.86,643.86,12
1748632480,643.98,643.98,643.97,643.98,7
1748632485,643.83,643.91,643.72,643.72,65
1748632490,643.74,643.85,643.74,643.85,7
1748632495,643.74,643.74,643.74,643.74,2
1748632500,643.82,643.84,643.82,643.84,6
1748632505,643.82,643.91,643.82,643.84,41
1748632510,643.85,643.85,643.85,643.85,3
1748632515,643.85,644.01,643.85,644.01,18
1748632520,644.02,644.02,644.02,644.02,2
1748632525,644.0,644.04,644.0,644.04,11
1748632530,644.09,644.16,644.09,644.14,57
1748632535,644.11,644.11,643.93,643.93,40
1748632540,643.97,644.02,643.96,644.0,32
1748632545,644.06,644.06,643.93,643.97,28
1748632550,644.0,644.0,643.86,643.86,33
1748632555,643.89,643.9,643.81,643.82,8
1748632560,643.9,643.91,643.9,643.9,7
1748632565,643.85,643.85,643.85,643.85,2
1748632570,643.77,643.77,643.77,643.77,3
1748632575,643.82,643.83,643.73,643.75,12
1748632580,643.7,643.72,643.7,643.72,5
1748632585,643.74,643.74,643.68,643.68,7
1748632590,643.68,643.74,643.68,643.73,17
1748632595,643.74,643.84,643.73,643.84,7
1748632600,643.83,643.89,643.82,643.89,26
1748632605,643.82,643.89,643.81,643.87,22
1748632610,643.74,643.74,643.73,643.73,21
1748632615,643.89,643.89,643.89,643.89,2
1748632620,643.75,643.89,643.74,643.89,5
1748632625,643.91,643.92,643.8,643.8,33
1748632630,643.8,643.8,643.8,643.8,0
1748632635,643.8,643.8,643.69,643.69,9
1748632640,643.81,643.81,643.81,643.81,7
1748632645,643.91,643.93,643.9,643.93,13
1748632650,643.75,644.17,643.75,644.14,63
1748632655,644.2,644.36,644.19,644.27,33
1748632660,644.2,644.49,644.19,644.49,88
1748632665,644.5,644.6,644.49,644.6,198
1748632670,644.59,644.62,644.59,644.62,7
1748632675,644.5,644.5,644.44,644.44,36
1748632680,644.51,644.69,644.51,644.69,17
1748632685,644.82,644.86,644.68,644.74,77
1748632690,644.7,644.78,644.67,644.78,16
1748632695,644.73,644.73,644.71,644.71,9
1748632700,644.69,644.71,644.69,644.71,7
1748632705,644.78,644.81,644.78,644.81,10
1748632710,644.78,644.78,644.78,644.78,3
1748632715,644.72,644.72,644.72,644.72,2
1748632720,644.71,644.75,644.7,644.75,5
1748632725,644.66,644.71,644.62,644.62,53
1748632730,644.72,644.72,644.71,644.72,2
1748632735,644.6,644.83,644.6,644.72,36
1748632740,644.83,644.93,644.83,644.93,57
1748632745,644.91,644.96,644.79,644.95,65
1748632750,644.96,644.96,644.89,644.89,8
1748632755,644.97,644.97,644.89,644.9,40
1748632760,644.9,644.9,644.9,644.9,2
1748632765,644.9,644.9,644.72,644.73,52
1748632770,644.57,644.57,644.47,644.47,41
1748632775,644.54,644.54,644.38,644.38,15
1748632780,644.52,644.52,644.44,644.44,11
1748632785,644.45,644.45,644.38,644.45,36
1748632790,644.29,644.29,644.29,644.29,2
1748632795,644.58,644.6,644.45,644.6,82
1748632800,644.43,644.43,644.43,644.43,4
1748632805,644.31,644.33,644.29,644.3,38
1748632810,644.31,644.31,644.31,644.31,2
1748632815,644.22,644.3,644.22,644.3,27
1748632820,644.3,644.36,644.24,644.24,15
1748632825,644.37,644.38,644.37,644.38,5
1748632830,644.4,644.48,644.4,644.48,6
1748632835,644.4,644.53,644.3,644.3,7
1748632840,644.41,644.53,644.26,644.26,35
1748632845,644.32,644.35,644.31,644.35,7
1748632850,644.26,644.26,644.15,644.15,28
1748632855,644.2,644.27,644.15,644.15,46
1748632860,644.27,644.27,644.13,644.13,8
1748632865,644.21,644.21,644.21,644.21,10
1748632870,644.11,644.15,644.1,644.15,8
1748632875,644.15,644.15,644.15,644.15,5
1748632880,644.16,644.16,644.16,644.16,5
1748632885,644.16,644.16,644.03,644.16,12
1748632890,644.04,644.04,644.0,644.02,38
1748632895,644.02,644.17,644.02,644.07,20
1748632900,643.94,644.14,643.94,644.14,8
1748632905,644.15,644.21,644.15,644.21,36
1748632910,644.17,644.17,644.07,644.07,37
1748632915,644.16,644.16,644.16,644.16,7
1748632920,644.14,644.15,644.11,644.12,5
1748632925,644.02,644.11,643.99,644.11,28
1748632930,644.15,644.15,644.15,644.15,2
1748632935,643.96,644.04,643.96,644.04,11
1748632940,644.0,644.0,643.99,644.0,13
1748632945,644.0,644.0,643.93,643.96,26
1748632950,643.89,643.91,643.86,643.86,34
1748632955,643.86,643.86,643.86,643.86,0
1748632960,643.77,643.78,643.77,643.77,2
1748632965,643.9,643.91,643.9,643.91,5
1748632970,644.06,644.22,644.05,644.18,38
1748632975,644.13,644.13,644.12,644.13,2
1748632980,644.36,644.38,644.29,644.32,22
1748632985,644.32,644.32,644.32,644.32,2
1748632990,644.32,644.32,644.32,644.32,2
1748632995,644.32,644.32,644.32,644.32,0
1748633000,644.48,644.65,644.48,644.65,29
1748633005,644.65,644.66,644.51,644.51,10
1748633010,644.54,644.67,644.53,644.66,7
1748633015,644.65,644.65,644.54,644.55,21
1748633020,644.66,644.69,644.57,644.69,13
1748633025,644.62,644.62,644.55,644.57,17
1748633030,644.59,644.59,644.59,644.59,8
1748633035,644.53,644.69,644.53,644.69,12
1748633040,644.65,644.73,644.65,644.73,15
1748633045,644.58,644.67,644.57,644.67,28
1748633050,644.56,644.56,644.49,644.5,22
1748633055,644.57,644.57,644.57,644.57,6
1748633060,644.43,644.58,644.43,644.58,13
1748633065,644.58,644.58,644.58,644.58,0
1748633070,644.57,644.57,644.57,644.57,5
1748633075,644.57,644.57,644.57,644.57,3
1748633080,644.73,644.74,644.73,644.74,5
1748633085,644.8,644.8,644.8,644.8,2
1748633090,644.71,644.71,644.56,644.56,20
1748633095,644.7,644.7,644.7,644.7,2
1748633100,644.56,644.67,644.55,644.67,7
1748633105,644.62,644.77,644.54,644.77,59
1748633110,644.78,644.81,644.69,644.72,200
1748633115,644.85,645.0,644.82,644.82,60
1748633120,644.98,644.99,644.74,644.87,32
1748633125,644.87,644.87,644.86,644.87,0
1748633130,644.9,644.98,644.9,644.98,5
1748633135,645.0,645.15,645.0,645.11,353
1748633140,645.11,645.2,645.04,645.2,14
1748633145,645.06,645.06,645.01,645.02,30
1748633150,645.0,645.0,644.99,645.0,2
1748633155,645.01,645.01,644.87,644.99,142
1748633160,645.0,645.02,645.0,645.01,10
1748633165,645.0,645.22,645.0,645.22,18
1748633170,645.07,645.15,645.07,645.14,35
1748633175,645.3,645.4,645.24,645.33,105
1748633180,645.31,645.39,645.31,645.32,17
1748633185,645.4,645.51,645.36,645.42,96
1748633190,645.53,645.55,645.41,645.54,55
1748633195,645.45,645.54,645.43,645.43,62
1748633200,645.45,645.55,645.45,645.55,39
1748633205,645.45,645.52,645.44,645.51,40
1748633210,645.51,645.61,645.49,645.54,118
1748633215,645.54,645.61,645.25,645.27,214
1748633220,645.3,645.44,645.27,645.43,66
1748633225,645.43,645.47,645.3,645.46,48
1748633230,645.37,645.46,645.24,645.3,13
1748633235,645.22,645.28,645.11,645.11,11
1748633240,645.17,645.2,645.17,645.19,18
1748633245,645.08,645.1,644.94,644.94,38
1748633250,644.94,644.94,644.94,644.94,0
1748633255,645.0,645.0,644.99,645.0,2
1748633260,644.97,644.97,644.96,644.97,12
1748633265,644.89,644.95,644.87,644.92,23
1748633270,644.92,644.92,644.91,644.92,17
1748633275,644.85,644.85,644.83,644.85,17
1748633280,644.84,644.84,644.84,644.84,27
1748633285,644.79,644.79,644.68,644.72,30
1748633290,644.77,644.77,644.77,644.77,2
1748633295,644.77,644.77,644.77,644.77,0
1748633300,644.94,645.0,644.91,644.92,34
1748633305,645.0,645.07,645.0,645.07,7
1748633310,644.94,644.94,644.94,644.94,2
1748633315,644.94,644.94,644.94,644.94,2
1748633320,645.0,645.1,645.0,645.09,16
1748633325,645.11,645.11,644.96,644.97,8
1748633330,645.06,645.07,645.04,645.07,43
1748633335,645.09,645.09,645.0,645.09,10
1748633340,645.09,645.16,645.0,645.02,31
1748633345,645.09,645.1,644.97,644.97,83
1748633350,644.97,645.0,644.95,645.0,35
1748633355,645.0,645.01,645.0,645.01,28
1748633360,645.01,645.02,645.01,645.01,6
1748633365,644.93,645.01,644.91,644.91,17
1748633370,644.99,644.99,644.91,644.91,7
1748633375,645.0,645.0,645.0,645.0,2
1748633380,644.91,644.91,644.82,644.84,7
1748633385,644.87,644.87,644.85,644.86,15
1748633390,644.98,644.98,644.97,644.98,7
1748633395,644.91,644.91,644.86,644.87,5
1748633400,644.91,645.09,644.82,644.82,109
1748633405,644.73,644.82,644.62,644.63,55
1748633410,644.58,644.68,644.58,644.68,10
1748633415,644.57,644.64,644.5,644.55,92
1748633420,644.55,644.8,644.55,644.63,56
1748633425,644.51,644.67,644.5,644.67,37
1748633430,644.48,644.6,644.43,644.51,52
1748633435,644.47,644.6,644.46,644.6,24
1748633440,644.47,644.62,644.47,644.62,8
1748633445,644.5,644.56,644.36,644.56,28
1748633450,644.56,644.56,644.55,644.56,5
1748633455,644.39,644.59,644.39,644.51,37
1748633460,644.59,644.59,644.51,644.51,5
1748633465,644.61,644.67,644.61,644.67,7
1748633470,644.73,644.73,644.56,644.64,19
1748633475,644.51,644.53,644.44,644.52,41
1748633480,644.41,644.46,644.31,644.32,41
1748633485,644.32,644.32,644.31,644.32,0
1748633490,644.32,644.39,644.24,644.28,62
1748633495,644.19,644.24,644.17,644.24,60
1748633500,644.26,644.26,644.26,644.26,3
1748633505,644.26,644.27,644.1,644.1,128
1748633510,644.05,644.16,644.05,644.16,41
1748633515,644.16,644.32,644.14,644.2,120
1748633520,644.2,644.2,644.11,644.11,5
1748633525,644.2,644.2,644.12,644.13,5
1748633530,644.35,644.35,644.26,644.26,12
1748633535,644.26,644.26,644.26,644.26,0
1748633540,644.2,644.23,644.11,644.21,39
1748633545,644.21,644.21,644.2,644.21,8
1748633550,644.22,644.22,644.0,644.01,84
1748633555,644.12,644.14,644.12,644.14,10
1748633560,644.1,644.3,644.1,644.3,91
1748633565,644.27,644.28,644.25,644.25,7
1748633570,644.01,644.41,644.01,644.38,209
1748633575,644.43,644.45,644.34,644.44,47
1748633580,644.34,644.44,644.34,644.44,5
1748633585,644.45,644.56,644.4,644.56,82
1748633590,644.58,644.71,644.58,644.67,12
1748633595,644.67,644.67,644.66,644.67,17
1748633600,644.67,644.68,644.66,644.68,15
1748633605,644.78,644.78,644.7,644.78,16
1748633610,644.65,644.71,644.43,644.43,60
1748633615,644.36,644.36,644.31,644.35,37
1748633620,644.35,644.35,644.35,644.35,0
1748633625,644.35,644.35,644.35,644.35,0
1748633630,644.33,644.33,644.32,644.33,5
1748633635,644.3,644.3,644.3,644.3,6
1748633640,644.4,644.4,644.15,644.16,39
1748633645,644.16,644.16,644.16,644.16,0
1748633650,644.38,644.41,644.38,644.41,7
1748633655,644.5,644.58,644.5,644.55,20
1748633660,644.49,644.71,644.39,644.7,30
1748633665,644.56,644.56,644.55,644.56,4
1748633670,644.39,644.73,644.39,644.73,23
1748633675,644.73,644.73,644.59,644.6,12
1748633680,644.72,644.72,644.72,644.72,11
1748633685,644.61,644.7,644.61,644.61,40
1748633690,644.61,644.61,644.53,644.54,5
1748633695,644.7,644.72,644.57,644.59,38
1748633700,644.62,644.62,644.5,644.5,31
1748633705,644.66,644.66,644.51,644.51,10
1748633710,644.69,644.76,644.6,644.76,27
1748633715,644.66,644.66,644.66,644.66,10
1748633720,644.77,644.8,644.77,644.8,40
1748633725,644.8,644.81,644.8,644.81,17
1748633730,644.8,644.9,644.8,644.82,62
1748633735,644.83,644.83,644.65,644.65,38
1748633740,644.83,644.85,644.77,644.77,27
1748633745,644.71,644.79,644.71,644.79,12
1748633750,644.79,644.79,644.79,644.79,0
1748633755,644.78,644.79,644.64,644.66,30
1748633760,644.68,644.68,644.68,644.68,2
1748633765,644.8,644.8,644.8,644.8,2
1748633770,644.88,644.94,644.88,644.93,47
1748633775,644.99,645.09,644.93,645.02,190
1748633780,644.96,645.15,644.95,645.15,65
1748633785,645.0,645.08,644.97,644.98,49
1748633790,644.98,644.98,644.98,644.98,0
1748633795,644.88,644.97,644.84,644.87,16
1748633800,644.86,644.87,644.81,644.85,23
1748633805,644.83,644.92,644.83,644.92,5
1748633810,644.92,644.92,644.92,644.92,2
1748633815,645.04,645.09,645.0,645.09,23
1748633820,645.03,645.03,644.93,644.93,16
1748633825,644.94,645.15,644.94,645.15,12
1748633830,645.0,645.13,645.0,645.13,6
1748633835,645.12,645.17,645.04,645.16,54
1748633840,645.24,645.25,645.14,645.22,39
1748633845,645.03,645.21,645.03,645.14,54
1748633850,645.15,645.38,645.15,645.26,171
1748633855,645.35,645.44,645.24,645.44,54
1748633860,645.45,645.45,645.25,645.3,15
1748633865,645.24,645.32,645.24,645.32,17
1748633870,645.2,645.21,645.11,645.18,182
1748633875,645.18,645.25,645.17,645.18,42
1748633880,645.18,645.28,645.12,645.28,40
1748633885,645.12,645.13,645.12,645.12,8
1748633890,645.25,645.32,645.13,645.13,31
1748633895,645.12,645.21,645.11,645.17,17
1748633900,645.16,645.23,645.08,645.13,35
1748633905,645.06,645.06,645.01,645.01,25
1748633910,644.92,645.02,644.78,644.78,30
1748633915,644.77,644.78,644.42,644.42,89
1748633920,644.47,644.59,644.42,644.43,13
1748633925,644.42,644.5,644.4,644.41,18
1748633930,644.58,644.58,644.56,644.58,11
1748633935,644.53,644.53,644.41,644.41,5
1748633940,644.49,644.64,644.48,644.64,6
1748633945,644.64,644.64,644.64,644.64,0
1748633950,644.6,644.6,644.6,644.6,2
1748633955,644.49,644.51,644.45,644.45,32
1748633960,644.45,644.45,644.45,644.45,0
1748633965,644.52,644.52,644.37,644.52,14
1748633970,644.65,644.67,644.63,644.63,12
1748633975,644.67,644.74,644.66,644.67,15
1748633980,644.67,644.67,644.55,644.67,31
1748633985,644.69,644.69,644.52,644.52,7
1748633990,644.53,644.71,644.46,644.56,39
1748633995,644.71,644.75,644.67,644.68,47
1748634000,644.75,644.75,644.6,644.61,45
1748634005,644.71,644.71,644.59,644.59,12
1748634010,644.64,644.64,644.48,644.57,48
1748634015,644.35,644.36,644.35,644.35,17
1748634020,644.54,644.69,644.53,644.59,27
1748634025,644.64,644.65,644.39,644.53,56
1748634030,644.47,644.47,644.47,644.47,5
1748634035,644.47,644.47,644.47,644.47,0
1748634040,644.69,644.69,644.57,644.6,45
1748634045,644.52,644.65,644.52,644.59,22
1748634050,644.5,644.58,644.49,644.58,15
1748634055,644.56,644.56,644.55,644.56,2
1748634060,644.66,644.68,644.4,644.4,74
1748634065,644.38,644.48,644.38,644.46,58
1748634070,644.6,644.6,644.41,644.41,5
1748634075,644.6,644.6,644.59,644.6,3
1748634080,644.6,645.0,644.55,644.83,199
1748634085,645.0,645.05,644.92,644.96,46
1748634090,645.05,645.24,645.04,645.24,15
1748634095,645.26,645.27,644.99,645.02,105
1748634100,644.99,644.99,644.89,644.89,27
1748634105,644.89,644.89,644.89,644.89,0
1748634110,644.82,644.82,644.72,644.73,25
1748634115,644.61,644.68,644.58,644.67,15
1748634120,644.58,644.65,644.57,644.6,15
1748634125,644.6,644.6,644.6,644.6,0
1748634130,644.75,644.75,644.75,644.75,3
1748634135,644.62,644.62,644.49,644.49,12
1748634140,644.47,644.47,644.18,644.18,45
1748634145,644.25,644.25,644.23,644.24,11
1748634150,644.22,644.22,644.04,644.18,11
1748634155,644.31,644.32,644.27,644.27,38
1748634160,644.57,644.57,644.47,644.47,10
1748634165,644.6,644.6,644.51,644.51,7
1748634170,644.44,644.44,644.36,644.36,13
1748634175,644.34,644.38,644.2,644.38,77
1748634180,644.3,644.41,644.23,644.23,42
1748634185,644.26,644.31,644.26,644.29,16
1748634190,644.14,644.41,644.14,644.41,15
1748634195,644.35,644.68,644.35,644.68,23
1748634200,644.77,645.0,644.77,645.0,219
1748634205,644.99,645.0,644.81,644.92,35
1748634210,644.84,644.97,644.78,644.88,23
1748634215,644.76,644.9,644.76,644.89,13
1748634220,644.99,645.04,644.99,645.04,79
1748634225,645.1,645.11,645.1,645.11,6
1748634230,645.1,645.1,644.99,644.99,35
1748634235,645.05,645.05,644.95,645.0,12
1748634240,644.98,644.98,644.9,644.94,48
1748634245,644.9,644.99,644.8,644.99,63
1748634250,644.99,644.99,644.99,644.99,2
1748634255,644.93,644.93,644.81,644.81,11
1748634260,644.94,645.01,644.86,644.86,49
1748634265,644.86,644.86,644.86,644.86,0
1748634270,644.85,644.85,644.84,644.85,2
1748634275,644.85,644.85,644.84,644.85,0
1748634280,644.99,644.99,644.88,644.94,32
1748634285,644.87,644.94,644.85,644.85,24
1748634290,644.85,644.85,644.8,644.8,7
1748634295,644.79,644.79,644.74,644.75,28
1748634300,644.72,644.8,644.7,644.8,15
1748634305,644.77,644.93,644.77,644.87,23
1748634310,644.87,644.87,644.74,644.78,31
1748634315,644.83,644.86,644.83,644.86,6
1748634320,644.86,645.0,644.86,644.98,148
1748634325,644.93,644.93,644.76,644.83,32
1748634330,644.87,644.87,644.7,644.73,32
1748634335,644.68,644.9,644.68,644.69,22
1748634340,644.68,644.76,644.68,644.76,17
1748634345,644.74,644.74,644.73,644.74,5
1748634350,644.76,644.76,644.59,644.63,22
1748634355,644.63,644.63,644.63,644.63,0
1748634360,644.6,644.64,644.48,644.48,55
1748634365,644.39,644.49,644.28,644.29,28
1748634370,644.4,644.4,644.23,644.23,35
1748634375,644.37,644.37,644.36,644.37,2
1748634380,644.18,644.28,644.17,644.17,15
1748634385,644.32,644.32,644.15,644.19,34
1748634390,644.24,644.27,644.13,644.27,29
1748634395,644.27,644.28,644.17,644.23,29
1748634400,644.03,644.45,644.03,644.4,42
1748634405,644.32,644.34,644.31,644.31,15
1748634410,644.24,644.24,644.23,644.23,5
1748634415,644.32,644.32,644.32,644.32,44
1748634420,644.34,644.42,644.31,644.32,24
1748634425,644.35,644.37,644.27,644.27,14
1748634430,644.3,644.3,644.3,644.3,2
1748634435,644.48,644.57,644.48,644.57,12
1748634440,644.57,644.57,644.57,644.57,0
1748634445,644.68,644.68,644.45,644.55,31
1748634450,644.55,644.55,644.55,644.55,6
1748634455,644.51,644.68,644.5,644.68,6
1748634460,644.57,644.7,644.56,644.69,17
1748634465,644.69,644.69,644.59,644.6,5
1748634470,644.73,644.73,644.55,644.57,52
1748634475,644.51,644.59,644.5,644.59,13
1748634480,644.59,644.59,644.59,644.59,0
1748634485,644.58,644.64,644.48,644.58,24
1748634490,644.53,644.69,644.53,644.66,27
1748634495,644.71,644.71,644.7,644.71,2
1748634500,644.58,644.86,644.58,644.86,17
1748634505,644.86,644.86,644.86,644.86,0
1748634510,644.82,644.82,644.65,644.77,61
1748634515,644.78,644.8,644.77,644.79,7
1748634520,644.79,645.0,644.68,644.99,48
1748634525,644.93,645.05,644.92,644.98,118
1748634530,645.0,645.1,645.0,645.05,42
1748634535,645.09,645.09,645.02,645.02,7
1748634540,644.95,645.16,644.93,645.16,95
1748634545,645.19,645.25,645.19,645.25,66
1748634550,645.26,645.34,645.18,645.19,62
1748634555,645.09,645.25,645.05,645.25,35
1748634560,644.99,645.1,644.99,645.1,95
1748634565,645.05,645.17,645.04,645.17,39
1748634570,645.07,645.14,645.0,645.13,37
1748634575,645.08,645.1,645.0,645.1,11
1748634580,645.12,645.15,645.0,645.0,13
1748634585,645.0,645.02,644.92,644.98,70
1748634590,644.96,645.0,644.91,644.92,55
1748634595,645.1,645.1,644.91,644.93,30
1748634600,645.1,647.99,644.9,647.2,1342
1748634605,647.17,647.67,646.94,647.24,189
1748634610,647.33,647.34,647.12,647.28,284
1748634615,647.27,647.51,646.99,647.41,242
1748634620,647.42,647.59,647.23,647.24,83
1748634625,647.38,647.54,647.31,647.46,99
1748634630,647.5,647.59,647.0,647.08,227
1748634635,647.11,647.25,647.07,647.25,40
1748634640,647.22,647.62,647.17,647.49,50
1748634645,647.37,647.41,647.31,647.34,58
1748634650,647.67,647.67,647.46,647.56,10
1748634655,647.64,647.66,647.45,647.66,56
1748634660,647.73,647.77,647.32,647.32,120
1748634665,647.44,647.63,647.32,647.58,180
1748634670,647.55,647.55,647.34,647.44,28
1748634675,647.34,647.43,646.97,647.08,130
1748634680,647.12,647.27,646.98,647.01,111
1748634685,646.92,646.95,646.75,646.88,86
1748634690,646.73,646.86,646.73,646.85,49
1748634695,646.86,647.05,646.74,647.05,54
1748634700,646.93,646.93,646.59,646.74,125
1748634705,646.75,646.82,646.62,646.71,106
1748634710,646.78,647.12,646.78,647.04,146
1748634715,647.01,647.12,647.01,647.12,10
1748634720,647.02,647.15,646.74,646.74,313
1748634725,646.81,646.81,646.76,646.76,5
1748634730,646.91,646.91,646.71,646.86,17
1748634735,646.88,646.98,646.85,646.89,10
1748634740,646.98,646.98,646.76,646.93,63
1748634745,646.96,647.16,646.87,647.16,81
1748634750,647.33,647.5,647.09,647.41,33
1748634755,647.41,647.5,647.39,647.5,42
1748634760,647.51,647.52,647.24,647.3,150
1748634765,647.39,647.4,647.29,647.3,64
1748634770,647.22,647.31,647.09,647.09,127
1748634775,647.18,647.18,647.08,647.08,7
1748634780,647.0,647.2,646.89,646.89,92
1748634785,646.89,646.89,646.69,646.71,46
1748634790,646.71,646.81,646.59,646.62,61
1748634795,646.6,646.6,646.24,646.57,56
1748634800,646.54,646.59,646.3,646.3,68
1748634805,646.34,646.34,646.24,646.24,10
1748634810,646.24,646.38,646.18,646.38,76
1748634815,646.38,646.38,646.24,646.24,61
1748634820,646.26,646.26,645.89,645.96,88
1748634825,646.02,646.03,645.98,646.0,20
1748634830,646.09,646.41,646.09,646.41,67
1748634835,646.37,646.48,646.36,646.38,67
1748634840,646.45,646.76,646.26,646.31,363
1748634845,646.38,646.61,646.38,646.61,39
1748634850,646.26,646.39,646.18,646.24,92
1748634855,646.34,646.35,645.97,646.05,81
1748634860,645.96,646.08,645.91,646.01,85
1748634865,646.07,646.07,645.9,645.96,50
1748634870,645.91,646.02,645.78,646.02,142
1748634875,645.93,645.93,645.87,645.88,7
1748634880,645.72,645.75,645.02,645.03,223
1748634885,645.25,645.25,645.21,645.21,5
1748634890,645.4,646.08,645.4,645.87,88
1748634895,645.77,645.84,645.47,645.79,173
1748634900,645.95,647.75,645.79,647.14,765
1748634905,647.14,647.57,647.14,647.5,277
1748634910,647.48,647.63,647.28,647.63,140
1748634915,647.78,647.93,647.61,647.89,117
1748634920,647.9,648.21,647.83,648.13,235
1748634925,648.18,648.34,648.12,648.27,73
1748634930,648.29,648.57,648.21,648.56,142
1748634935,648.55,648.88,648.52,648.88,247
1748634940,648.87,649.13,648.79,648.94,356
1748634945,649.02,649.11,648.86,648.86,121
1748634950,648.89,648.97,648.63,648.68,262
1748634955,648.63,648.92,648.46,648.7,116
1748634960,648.79,648.88,648.76,648.86,143
1748634965,648.85,649.0,648.85,648.98,78
1748634970,648.98,649.07,648.88,649.01,209
1748634975,649.01,649.13,649.01,649.12,140
1748634980,649.12,649.23,649.0,649.17,130
1748634985,649.17,649.24,649.04,649.12,114
1748634990,649.15,649.25,648.99,649.08,234
1748634995,649.16,649.34,649.03,649.34,149
1748635000,649.31,649.41,649.28,649.35,172
1748635005,649.34,649.34,649.17,649.25,218
1748635010,649.25,649.33,649.18,649.33,120
1748635015,649.32,649.33,649.19,649.19,221
1748635020,649.21,649.29,649.02,649.05,316
1748635025,649.0,649.13,648.89,649.04,138
1748635030,649.0,649.1,648.92,648.96,53
1748635035,648.89,648.97,648.89,648.91,96
1748635040,648.97,648.97,648.79,648.8,175
1748635045,648.87,648.93,648.78,648.84,97
1748635050,648.85,649.07,648.85,649.04,213
1748635055,648.96,649.07,648.65,648.73,224
1748635060,648.68,648.84,648.68,648.77,143
1748635065,648.74,648.75,648.54,648.58,188
1748635070,648.59,648.74,648.46,648.66,133
1748635075,648.72,648.72,648.37,648.58,427
1748635080,648.47,648.79,648.47,648.7,176
1748635085,648.79,648.91,648.77,648.82,107
1748635090,648.83,648.87,648.6,648.73,248
1748635095,648.71,648.71,648.5,648.53,178
1748635100,648.59,648.67,648.43,648.52,423
1748635105,648.46,648.58,648.42,648.58,56
1748635110,648.48,648.6,648.48,648.48,113
1748635115,648.48,648.61,648.41,648.54,421
1748635120,648.55,648.55,648.34,648.34,188
1748635125,648.39,648.43,648.33,648.38,156
1748635130,648.38,648.38,648.2,648.3,513
1748635135,648.21,648.29,648.11,648.17,234
1748635140,648.17,648.24,647.61,647.8,766
1748635145,647.8,647.88,647.65,647.81,227
1748635150,647.76,647.89,647.48,647.57,420
1748635155,647.57,647.94,647.47,647.91,426
1748635160,647.94,648.01,647.77,647.9,422
1748635165,647.88,647.99,647.76,647.96,428
1748635170,647.95,648.02,647.79,647.89,587
1748635175,647.96,647.97,647.69,647.86,1023
1748635180,647.8,647.86,647.57,647.6,730
1748635185,647.7,647.83,647.53,647.83,288
1748635190,647.71,647.82,647.46,647.69,422
1748635195,647.55,647.66,646.73,646.88,1283
