Date,Open,High,Low,Close,Volume
1763649000,19.59,19.59,19.59,19.59,0
1763649005,19.59,19.59,19.59,19.59,0
1763649010,19.59,19.59,19.59,19.59,0
1763649015,19.59,19.59,19.59,19.59,0
1763649020,19.59,19.59,19.59,19.59,0
1763649025,19.59,19.59,19.59,19.59,0
1763649030,19.59,19.59,19.59,19.59,0
1763649035,19.59,19.59,19.59,19.59,0
1763649040,19.59,19.59,19.59,19.59,0
1763649045,19.59,19.59,19.59,19.59,0
1763649050,19.59,19.59,19.59,19.59,0
1763649055,19.59,19.59,19.59,19.59,0
1763649060,19.5,19.5,19.5,19.5,0
1763649065,19.5,19.5,19.5,19.5,0
1763649070,19.5,19.5,19.5,19.5,0
1763649075,19.36,19.36,19.36,19.36,0
1763649080,19.36,19.36,19.36,19.36,0
1763649085,19.36,19.36,19.36,19.36,0
1763649090,19.37,19.37,19.37,19.37,0
1763649095,19.37,19.37,19.37,19.37,0
1763649100,19.37,19.37,19.37,19.37,0
1763649105,19.38,19.38,19.38,19.38,0
1763649110,19.38,19.38,19.38,19.38,0
1763649115,19.38,19.38,19.38,19.38,0
1763649120,19.35,19.35,19.35,19.35,0
1763649125,19.35,19.35,19.35,19.35,0
1763649130,19.35,19.35,19.35,19.35,0
1763649135,19.33,19.33,19.33,19.33,0
1763649140,19.33,19.33,19.33,19.33,0
1763649145,19.33,19.33,19.33,19.33,0
1763649150,19.35,19.35,19.35,19.35,0
1763649155,19.35,19.35,19.35,19.35,0
1763649160,19.35,19.35,19.35,19.35,0
1763649165,19.4,19.4,19.4,19.4,0
1763649170,19.4,19.4,19.4,19.4,0
1763649175,19.4,19.4,19.4,19.4,0
1763649180,19.31,19.31,19.31,19.31,0
1763649185,19.31,19.31,19.31,19.31,0
1763649190,19.31,19.31,19.31,19.31,0
1763649195,19.37,19.37,19.37,19.37,0
1763649200,19.37,19.37,19.37,19.37,0
1763649205,19.37,19.37,19.37,19.37,0
1763649210,19.39,19.39,19.39,19.39,0
1763649215,19.39,19.39,19.39,19.39,0
1763649220,19.39,19.39,19.39,19.39,0
1763649225,19.42,19.42,19.42,19.42,0
1763649230,19.42,19.42,19.42,19.42,0
1763649235,19.42,19.42,19.42,19.42,0
1763649240,19.4,19.4,19.4,19.4,0
1763649245,19.4,19.4,19.4,19.4,0
1763649250,19.4,19.4,19.4,19.4,0
1763649255,19.38,19.38,19.38,19.38,0
1763649260,19.38,19.38,19.38,19.38,0
1763649265,19.38,19.38,19.38,19.38,0
1763649270,19.39,19.39,19.39,19.39,0
1763649275,19.39,19.39,19.39,19.39,0
1763649280,19.39,19.39,19.39,19.39,0
1763649285,19.34,19.34,19.34,19.34,0
1763649290,19.34,19.34,19.34,19.34,0
1763649295,19.34,19.34,19.34,19.34,0
1763649300,19.39,19.39,19.39,19.39,0
1763649305,19.39,19.39,19.39,19.39,0
1763649310,19.39,19.39,19.39,19.39,0
1763649315,19.31,19.31,19.31,19.31,0
1763649320,19.31,19.31,19.31,19.31,0
1763649325,19.31,19.31,19.31,19.31,0
1763649330,19.32,19.32,19.32,19.32,0
1763649335,19.32,19.32,19.32,19.32,0
1763649340,19.32,19.32,19.32,19.32,0
1763649345,19.36,19.36,19.36,19.36,0
1763649350,19.36,19.36,19.36,19.36,0
1763649355,19.36,19.36,19.36,19.36,0
1763649360,19.37,19.37,19.37,19.37,0
1763649365,19.37,19.37,19.37,19.37,0
1763649370,19.37,19.37,19.37,19.37,0
1763649375,19.41,19.41,19.41,19.41,0
1763649380,19.41,19.41,19.41,19.41,0
1763649385,19.41,19.41,19.41,19.41,0
1763649390,19.34,19.34,19.34,19.34,0
1763649395,19.34,19.34,19.34,19.34,0
1763649400,19.34,19.34,19.34,19.34,0
1763649405,19.35,19.35,19.35,19.35,0
1763649410,19.35,19.35,19.35,19.35,0
1763649415,19.35,19.35,19.35,19.35,0
1763649420,19.35,19.35,19.35,19.35,0
1763649425,19.35,19.35,19.35,19.35,0
1763649430,19.35,19.35,19.35,19.35,0
1763649435,19.28,19.28,19.28,19.28,0
1763649440,19.28,19.28,19.28,19.28,0
1763649445,19.28,19.28,19.28,19.28,0
1763649450,19.33,19.33,19.33,19.33,0
1763649455,19.33,19.33,19.33,19.33,0
1763649460,19.33,19.33,19.33,19.33,0
1763649465,19.34,19.34,19.34,19.34,0
1763649470,19.34,19.34,19.34,19.34,0
1763649475,19.34,19.34,19.34,19.34,0
1763649480,19.34,19.34,19.34,19.34,0
1763649485,19.34,19.34,19.34,19.34,0
1763649490,19.34,19.34,19.34,19.34,0
1763649495,19.31,19.31,19.31,19.31,0
1763649500,19.31,19.31,19.31,19.31,0
1763649505,19.31,19.31,19.31,19.31,0
1763649510,19.36,19.36,19.36,19.36,0
1763649515,19.36,19.36,19.36,19.36,0
1763649520,19.36,19.36,19.36,19.36,0
1763649525,19.38,19.38,19.38,19.38,0
1763649530,19.38,19.38,19.38,19.38,0
1763649535,19.38,19.38,19.38,19.38,0
1763649540,19.39,19.39,19.39,19.39,0
1763649545,19.39,19.39,19.39,19.39,0
1763649550,19.39,19.39,19.39,19.39,0
1763649555,19.37,19.37,19.37,19.37,0
1763649560,19.37,19.37,19.37,19.37,0
1763649565,19.37,19.37,19.37,19.37,0
1763649570,19.41,19.41,19.41,19.41,0
1763649575,19.41,19.41,19.41,19.41,0
1763649580,19.41,19.41,19.41,19.41,0
1763649585,19.4,19.4,19.4,19.4,0
1763649590,19.4,19.4,19.4,19.4,0
1763649595,19.4,19.4,19.4,19.4,0
1763649600,19.39,19.39,19.39,19.39,0
1763649605,19.39,19.39,19.39,19.39,0
1763649610,19.39,19.39,19.39,19.39,0
1763649615,19.35,19.35,19.35,19.35,0
1763649620,19.35,19.35,19.35,19.35,0
1763649625,19.35,19.35,19.35,19.35,0
1763649630,19.4,19.4,19.4,19.4,0
1763649635,19.4,19.4,19.4,19.4,0
1763649640,19.4,19.4,19.4,19.4,0
1763649645,19.44,19.44,19.44,19.44,0
1763649650,19.44,19.44,19.44,19.44,0
1763649655,19.44,19.44,19.44,19.44,0
1763649660,19.5,19.5,19.5,19.5,0
1763649665,19.5,19.5,19.5,19.5,0
1763649670,19.5,19.5,19.5,19.5,0
1763649675,19.45,19.45,19.45,19.45,0
1763649680,19.45,19.45,19.45,19.45,0
1763649685,19.45,19.45,19.45,19.45,0
1763649690,19.54,19.54,19.54,19.54,0
1763649695,19.54,19.54,19.54,19.54,0
1763649700,19.54,19.54,19.54,19.54,0
1763649705,19.64,19.64,19.64,19.64,0
1763649710,19.64,19.64,19.64,19.64,0
1763649715,19.64,19.64,19.64,19.64,0
1763649720,19.64,19.64,19.64,19.64,0
1763649725,19.64,19.64,19.64,19.64,0
1763649730,19.64,19.64,19.64,19.64,0
1763649735,19.58,19.58,19.58,19.58,0
1763649740,19.58,19.58,19.58,19.58,0
1763649745,19.58,19.58,19.58,19.58,0
1763649750,19.56,19.56,19.56,19.56,0
1763649755,19.56,19.56,19.56,19.56,0
1763649760,19.56,19.56,19.56,19.56,0
1763649765,19.59,19.59,19.59,19.59,0
1763649770,19.59,19.59,19.59,19.59,0
1763649775,19.59,19.59,19.59,19.59,0
1763649780,19.63,19.63,19.63,19.63,0
1763649785,19.63,19.63,19.63,19.63,0
1763649790,19.63,19.63,19.63,19.63,0
1763649795,19.57,19.57,19.57,19.57,0
1763649800,19.57,19.57,19.57,19.57,0
1763649805,19.57,19.57,19.57,19.57,0
1763649810,19.47,19.47,19.47,19.47,0
1763649815,19.47,19.47,19.47,19.47,0
1763649820,19.47,19.47,19.47,19.47,0
1763649825,19.42,19.42,19.42,19.42,0
1763649830,19.42,19.42,19.42,19.42,0
1763649835,19.42,19.42,19.42,19.42,0
1763649840,19.45,19.45,19.45,19.45,0
1763649845,19.45,19.45,19.45,19.45,0
1763649850,19.45,19.45,19.45,19.45,0
1763649855,19.5,19.5,19.5,19.5,0
1763649860,19.5,19.5,19.5,19.5,0
1763649865,19.5,19.5,19.5,19.5,0
1763649870,19.49,19.49,19.49,19.49,0
1763649875,19.49,19.49,19.49,19.49,0
1763649880,19.49,19.49,19.49,19.49,0
1763649885,19.49,19.49,19.49,19.49,0
1763649890,19.49,19.49,19.49,19.49,0
1763649895,19.49,19.49,19.49,19.49,0
1763649900,19.52,19.52,19.52,19.52,0
1763649905,19.52,19.52,19.52,19.52,0
1763649910,19.52,19.52,19.52,19.52,0
1763649915,19.54,19.54,19.54,19.54,0
1763649920,19.54,19.54,19.54,19.54,0
1763649925,19.54,19.54,19.54,19.54,0
1763649930,19.6,19.6,19.6,19.6,0
1763649935,19.6,19.6,19.6,19.6,0
1763649940,19.6,19.6,19.6,19.6,0
1763649945,19.65,19.65,19.65,19.65,0
1763649950,19.65,19.65,19.65,19.65,0
1763649955,19.65,19.65,19.65,19.65,0
1763649960,19.57,19.57,19.57,19.57,0
1763649965,19.57,19.57,19.57,19.57,0
1763649970,19.57,19.57,19.57,19.57,0
1763649975,19.59,19.59,19.59,19.59,0
1763649980,19.59,19.59,19.59,19.59,0
1763649985,19.59,19.59,19.59,19.59,0
1763649990,19.55,19.55,19.55,19.55,0
1763649995,19.55,19.55,19.55,19.55,0
1763650000,19.55,19.55,19.55,19.55,0
1763650005,19.56,19.56,19.56,19.56,0
1763650010,19.56,19.56,19.56,19.56,0
1763650015,19.56,19.56,19.56,19.56,0
1763650020,19.53,19.53,19.53,19.53,0
1763650025,19.53,19.53,19.53,19.53,0
1763650030,19.53,19.53,19.53,19.53,0
1763650035,19.48,19.48,19.48,19.48,0
1763650040,19.48,19.48,19.48,19.48,0
1763650045,19.48,19.48,19.48,19.48,0
1763650050,19.47,19.47,19.47,19.47,0
1763650055,19.47,19.47,19.47,19.47,0
1763650060,19.47,19.47,19.47,19.47,0
1763650065,19.45,19.45,19.45,19.45,0
1763650070,19.45,19.45,19.45,19.45,0
1763650075,19.45,19.45,19.45,19.45,0
1763650080,19.4,19.4,19.4,19.4,0
1763650085,19.4,19.4,19.4,19.4,0
1763650090,19.4,19.4,19.4,19.4,0
1763650095,19.42,19.42,19.42,19.42,0
1763650100,19.42,19.42,19.42,19.42,0
1763650105,19.42,19.42,19.42,19.42,0
1763650110,19.41,19.41,19.41,19.41,0
1763650115,19.41,19.41,19.41,19.41,0
1763650120,19.41,19.41,19.41,19.41,0
1763650125,19.43,19.43,19.43,19.43,0
1763650130,19.43,19.43,19.43,19.43,0
1763650135,19.43,19.43,19.43,19.43,0
1763650140,19.42,19.42,19.42,19.42,0
1763650145,19.42,19.42,19.42,19.42,0
1763650150,19.42,19.42,19.42,19.42,0
1763650155,19.42,19.42,19.42,19.42,0
1763650160,19.42,19.42,19.42,19.42,0
1763650165,19.42,19.42,19.42,19.42,0
1763650170,19.43,19.43,19.43,19.43,0
1763650175,19.43,19.43,19.43,19.43,0
1763650180,19.43,19.43,19.43,19.43,0
1763650185,19.51,19.51,19.51,19.51,0
1763650190,19.51,19.51,19.51,19.51,0
1763650195,19.51,19.51,19.51,19.51,0
1763650200,19.51,19.51,19.51,19.51,0
1763650205,19.51,19.51,19.51,19.51,0
1763650210,19.51,19.51,19.51,19.51,0
1763650215,19.43,19.43,19.43,19.43,0
1763650220,19.43,19.43,19.43,19.43,0
1763650225,19.43,19.43,19.43,19.43,0
1763650230,19.45,19.45,19.45,19.45,0
1763650235,19.45,19.45,19.45,19.45,0
1763650240,19.45,19.45,19.45,19.45,0
1763650245,19.48,19.48,19.48,19.48,0
1763650250,19.48,19.48,19.48,19.48,0
1763650255,19.48,19.48,19.48,19.48,0
1763650260,19.47,19.47,19.47,19.47,0
1763650265,19.47,19.47,19.47,19.47,0
1763650270,19.47,19.47,19.47,19.47,0
1763650275,19.48,19.48,19.48,19.48,0
1763650280,19.48,19.48,19.48,19.48,0
1763650285,19.48,19.48,19.48,19.48,0
1763650290,19.51,19.51,19.51,19.51,0
1763650295,19.51,19.51,19.51,19.51,0
1763650300,19.51,19.51,19.51,19.51,0
1763650305,19.44,19.44,19.44,19.44,0
1763650310,19.44,19.44,19.44,19.44,0
1763650315,19.44,19.44,19.44,19.44,0
1763650320,19.44,19.44,19.44,19.44,0
1763650325,19.44,19.44,19.44,19.44,0
1763650330,19.44,19.44,19.44,19.44,0
1763650335,19.49,19.49,19.49,19.49,0
1763650340,19.49,19.49,19.49,19.49,0
1763650345,19.49,19.49,19.49,19.49,0
1763650350,19.47,19.47,19.47,19.47,0
1763650355,19.47,19.47,19.47,19.47,0
1763650360,19.47,19.47,19.47,19.47,0
1763650365,19.51,19.51,19.51,19.51,0
1763650370,19.51,19.51,19.51,19.51,0
1763650375,19.51,19.51,19.51,19.51,0
1763650380,19.5,19.5,19.5,19.5,0
1763650385,19.5,19.5,19.5,19.5,0
1763650390,19.5,19.5,19.5,19.5,0
1763650395,19.5,19.5,19.5,19.5,0
1763650400,19.5,19.5,19.5,19.5,0
1763650405,19.5,19.5,19.5,19.5,0
1763650410,19.5,19.5,19.5,19.5,0
1763650415,19.5,19.5,19.5,19.5,0
1763650420,19.5,19.5,19.5,19.5,0
1763650425,19.48,19.48,19.48,19.48,0
1763650430,19.48,19.48,19.48,19.48,0
1763650435,19.48,19.48,19.48,19.48,0
1763650440,19.51,19.51,19.51,19.51,0
1763650445,19.51,19.51,19.51,19.51,0
1763650450,19.51,19.51,19.51,19.51,0
1763650455,19.54,19.54,19.54,19.54,0
1763650460,19.54,19.54,19.54,19.54,0
1763650465,19.54,19.54,19.54,19.54,0
1763650470,19.59,19.59,19.59,19.59,0
1763650475,19.59,19.59,19.59,19.59,0
1763650480,19.59,19.59,19.59,19.59,0
1763650485,19.57,19.57,19.57,19.57,0
1763650490,19.57,19.57,19.57,19.57,0
1763650495,19.57,19.57,19.57,19.57,0
1763650500,19.6,19.6,19.6,19.6,0
1763650505,19.6,19.6,19.6,19.6,0
1763650510,19.6,19.6,19.6,19.6,0
1763650515,19.63,19.63,19.63,19.63,0
1763650520,19.63,19.63,19.63,19.63,0
1763650525,19.63,19.63,19.63,19.63,0
1763650530,19.61,19.61,19.61,19.61,0
1763650535,19.61,19.61,19.61,19.61,0
1763650540,19.61,19.61,19.61,19.61,0
1763650545,19.57,19.57,19.57,19.57,0
1763650550,19.57,19.57,19.57,19.57,0
1763650555,19.57,19.57,19.57,19.57,0
1763650560,19.57,19.57,19.57,19.57,0
1763650565,19.57,19.57,19.57,19.57,0
1763650570,19.57,19.57,19.57,19.57,0
1763650575,19.52,19.52,19.52,19.52,0
1763650580,19.52,19.52,19.52,19.52,0
1763650585,19.52,19.52,19.52,19.52,0
1763650590,19.51,19.51,19.51,19.51,0
1763650595,19.51,19.51,19.51,19.51,0
1763650600,19.51,19.51,19.51,19.51,0
1763650605,19.51,19.51,19.51,19.51,0
1763650610,19.51,19.51,19.51,19.51,0
1763650615,19.51,19.51,19.51,19.51,0
1763650620,19.5,19.5,19.5,19.5,0
1763650625,19.5,19.5,19.5,19.5,0
1763650630,19.5,19.5,19.5,19.5,0
1763650635,19.51,19.51,19.51,19.51,0
1763650640,19.51,19.51,19.51,19.51,0
1763650645,19.51,19.51,19.51,19.51,0
1763650650,19.52,19.52,19.52,19.52,0
1763650655,19.52,19.52,19.52,19.52,0
1763650660,19.52,19.52,19.52,19.52,0
1763650665,19.56,19.56,19.56,19.56,0
1763650670,19.56,19.56,19.56,19.56,0
1763650675,19.56,19.56,19.56,19.56,0
1763650680,19.53,19.53,19.53,19.53,0
1763650685,19.53,19.53,19.53,19.53,0
1763650690,19.53,19.53,19.53,19.53,0
1763650695,19.51,19.51,19.51,19.51,0
1763650700,19.51,19.51,19.51,19.51,0
1763650705,19.51,19.51,19.51,19.51,0
1763650710,19.52,19.52,19.52,19.52,0
1763650715,19.52,19.52,19.52,19.52,0
1763650720,19.52,19.52,19.52,19.52,0
1763650725,19.53,19.53,19.53,19.53,0
1763650730,19.53,19.53,19.53,19.53,0
1763650735,19.53,19.53,19.53,19.53,0
1763650740,19.5,19.5,19.5,19.5,0
1763650745,19.5,19.5,19.5,19.5,0
1763650750,19.5,19.5,19.5,19.5,0
1763650755,19.51,19.51,19.51,19.51,0
1763650760,19.51,19.51,19.51,19.51,0
1763650765,19.51,19.51,19.51,19.51,0
1763650770,19.5,19.5,19.5,19.5,0
1763650775,19.5,19.5,19.5,19.5,0
1763650780,19.5,19.5,19.5,19.5,0
1763650785,19.54,19.54,19.54,19.54,0
1763650790,19.54,19.54,19.54,19.54,0
1763650795,19.54,19.54,19.54,19.54,0
1763650800,19.54,19.54,19.54,19.54,0
1763650805,19.54,19.54,19.54,19.54,0
1763650810,19.54,19.54,19.54,19.54,0
1763650815,19.47,19.47,19.47,19.47,0
1763650820,19.47,19.47,19.47,19.47,0
1763650825,19.47,19.47,19.47,19.47,0
1763650830,19.48,19.48,19.48,19.48,0
1763650835,19.48,19.48,19.48,19.48,0
1763650840,19.48,19.48,19.48,19.48,0
1763650845,19.54,19.54,19.54,19.54,0
1763650850,19.54,19.54,19.54,19.54,0
1763650855,19.54,19.54,19.54,19.54,0
1763650860,19.54,19.54,19.54,19.54,0
1763650865,19.54,19.54,19.54,19.54,0
1763650870,19.54,19.54,19.54,19.54,0
1763650875,19.53,19.53,19.53,19.53,0
1763650880,19.53,19.53,19.53,19.53,0
1763650885,19.53,19.53,19.53,19.53,0
1763650890,19.54,19.54,19.54,19.54,0
1763650895,19.54,19.54,19.54,19.54,0
1763650900,19.54,19.54,19.54,19.54,0
1763650905,19.53,19.53,19.53,19.53,0
1763650910,19.53,19.53,19.53,19.53,0
1763650915,19.53,19.53,19.53,19.53,0
1763650920,19.53,19.53,19.53,19.53,0
1763650925,19.53,19.53,19.53,19.53,0
1763650930,19.53,19.53,19.53,19.53,0
1763650935,19.55,19.55,19.55,19.55,0
1763650940,19.55,19.55,19.55,19.55,0
1763650945,19.55,19.55,19.55,19.55,0
1763650950,19.59,19.59,19.59,19.59,0
1763650955,19.59,19.59,19.59,19.59,0
1763650960,19.59,19.59,19.59,19.59,0
1763650965,19.64,19.64,19.64,19.64,0
1763650970,19.64,19.64,19.64,19.64,0
1763650975,19.64,19.64,19.64,19.64,0
1763650980,19.61,19.61,19.61,19.61,0
1763650985,19.61,19.61,19.61,19.61,0
1763650990,19.61,19.61,19.61,19.61,0
1763650995,19.6,19.6,19.6,19.6,0
1763651000,19.6,19.6,19.6,19.6,0
1763651005,19.6,19.6,19.6,19.6,0
1763651010,19.65,19.65,19.65,19.65,0
1763651015,19.65,19.65,19.65,19.65,0
1763651020,19.65,19.65,19.65,19.65,0
1763651025,19.61,19.61,19.61,19.61,0
1763651030,19.61,19.61,19.61,19.61,0
1763651035,19.61,19.61,19.61,19.61,0
1763651040,19.62,19.62,19.62,19.62,0
1763651045,19.62,19.62,19.62,19.62,0
1763651050,19.62,19.62,19.62,19.62,0
1763651055,19.62,19.62,19.62,19.62,0
1763651060,19.62,19.62,19.62,19.62,0
1763651065,19.62,19.62,19.62,19.62,0
1763651070,19.6,19.6,19.6,19.6,0
1763651075,19.6,19.6,19.6,19.6,0
1763651080,19.6,19.6,19.6,19.6,0
1763651085,19.64,19.64,19.64,19.64,0
1763651090,19.64,19.64,19.64,19.64,0
1763651095,19.64,19.64,19.64,19.64,0
1763651100,19.63,19.63,19.63,19.63,0
1763651105,19.63,19.63,19.63,19.63,0
1763651110,19.63,19.63,19.63,19.63,0
1763651115,19.68,19.68,19.68,19.68,0
1763651120,19.68,19.68,19.68,19.68,0
1763651125,19.68,19.68,19.68,19.68,0
1763651130,19.72,19.72,19.72,19.72,0
1763651135,19.72,19.72,19.72,19.72,0
1763651140,19.72,19.72,19.72,19.72,0
1763651145,19.73,19.73,19.73,19.73,0
1763651150,19.73,19.73,19.73,19.73,0
1763651155,19.73,19.73,19.73,19.73,0
1763651160,19.71,19.71,19.71,19.71,0
1763651165,19.71,19.71,19.71,19.71,0
1763651170,19.71,19.71,19.71,19.71,0
1763651175,19.75,19.75,19.75,19.75,0
1763651180,19.75,19.75,19.75,19.75,0
1763651185,19.75,19.75,19.75,19.75,0
1763651190,19.81,19.81,19.81,19.81,0
1763651195,19.81,19.81,19.81,19.81,0
1763651200,19.81,19.81,19.81,19.81,0
1763651205,19.81,19.81,19.81,19.81,0
1763651210,19.81,19.81,19.81,19.81,0
1763651215,19.81,19.81,19.81,19.81,0
1763651220,19.79,19.79,19.79,19.79,0
1763651225,19.79,19.79,19.79,19.79,0
1763651230,19.79,19.79,19.79,19.79,0
1763651235,19.86,19.86,19.86,19.86,0
1763651240,19.86,19.86,19.86,19.86,0
1763651245,19.86,19.86,19.86,19.86,0
1763651250,19.87,19.87,19.87,19.87,0
1763651255,19.87,19.87,19.87,19.87,0
1763651260,19.87,19.87,19.87,19.87,0
1763651265,19.88,19.88,19.88,19.88,0
1763651270,19.88,19.88,19.88,19.88,0
1763651275,19.88,19.88,19.88,19.88,0
1763651280,19.85,19.85,19.85,19.85,0
1763651285,19.85,19.85,19.85,19.85,0
1763651290,19.85,19.85,19.85,19.85,0
1763651295,19.92,19.92,19.92,19.92,0
1763651300,19.92,19.92,19.92,19.92,0
1763651305,19.92,19.92,19.92,19.92,0
1763651310,19.88,19.88,19.88,19.88,0
1763651315,19.88,19.88,19.88,19.88,0
1763651320,19.88,19.88,19.88,19.88,0
1763651325,19.89,19.89,19.89,19.89,0
1763651330,19.89,19.89,19.89,19.89,0
1763651335,19.89,19.89,19.89,19.89,0
1763651340,19.91,19.91,19.91,19.91,0
1763651345,19.91,19.91,19.91,19.91,0
1763651350,19.91,19.91,19.91,19.91,0
1763651355,19.9,19.9,19.9,19.9,0
1763651360,19.9,19.9,19.9,19.9,0
1763651365,19.9,19.9,19.9,19.9,0
1763651370,19.9,19.9,19.9,19.9,0
1763651375,19.9,19.9,19.9,19.9,0
1763651380,19.9,19.9,19.9,19.9,0
1763651385,19.91,19.91,19.91,19.91,0
1763651390,19.91,19.91,19.91,19.91,0
1763651395,19.91,19.91,19.91,19.91,0
1763651400,19.91,19.91,19.91,19.91,0
1763651405,19.91,19.91,19.91,19.91,0
1763651410,19.91,19.91,19.91,19.91,0
1763651415,19.91,19.91,19.91,19.91,0
1763651420,19.91,19.91,19.91,19.91,0
1763651425,19.91,19.91,19.91,19.91,0
1763651430,19.85,19.85,19.85,19.85,0
1763651435,19.85,19.85,19.85,19.85,0
1763651440,19.85,19.85,19.85,19.85,0
1763651445,19.85,19.85,19.85,19.85,0
1763651450,19.85,19.85,19.85,19.85,0
1763651455,19.85,19.85,19.85,19.85,0
1763651460,19.88,19.88,19.88,19.88,0
1763651465,19.88,19.88,19.88,19.88,0
1763651470,19.88,19.88,19.88,19.88,0
1763651475,19.86,19.86,19.86,19.86,0
1763651480,19.86,19.86,19.86,19.86,0
1763651485,19.86,19.86,19.86,19.86,0
1763651490,19.83,19.83,19.83,19.83,0
1763651495,19.83,19.83,19.83,19.83,0
1763651500,19.83,19.83,19.83,19.83,0
1763651505,19.87,19.87,19.87,19.87,0
1763651510,19.87,19.87,19.87,19.87,0
1763651515,19.87,19.87,19.87,19.87,0
1763651520,19.86,19.86,19.86,19.86,0
1763651525,19.86,19.86,19.86,19.86,0
1763651530,19.86,19.86,19.86,19.86,0
1763651535,19.86,19.86,19.86,19.86,0
1763651540,19.86,19.86,19.86,19.86,0
1763651545,19.86,19.86,19.86,19.86,0
1763651550,19.8,19.8,19.8,19.8,0
1763651555,19.8,19.8,19.8,19.8,0
1763651560,19.8,19.8,19.8,19.8,0
1763651565,19.81,19.81,19.81,19.81,0
1763651570,19.81,19.81,19.81,19.81,0
1763651575,19.81,19.81,19.81,19.81,0
1763651580,19.83,19.83,19.83,19.83,0
1763651585,19.83,19.83,19.83,19.83,0
1763651590,19.83,19.83,19.83,19.83,0
1763651595,19.8,19.8,19.8,19.8,0
1763651600,19.8,19.8,19.8,19.8,0
1763651605,19.8,19.8,19.8,19.8,0
1763651610,19.79,19.79,19.79,19.79,0
1763651615,19.79,19.79,19.79,19.79,0
1763651620,19.79,19.79,19.79,19.79,0
1763651625,19.81,19.81,19.81,19.81,0
1763651630,19.81,19.81,19.81,19.81,0
1763651635,19.81,19.81,19.81,19.81,0
1763651640,19.8,19.8,19.8,19.8,0
1763651645,19.8,19.8,19.8,19.8,0
1763651650,19.8,19.8,19.8,19.8,0
1763651655,19.85,19.85,19.85,19.85,0
1763651660,19.85,19.85,19.85,19.85,0
1763651665,19.85,19.85,19.85,19.85,0
1763651670,19.9,19.9,19.9,19.9,0
1763651675,19.9,19.9,19.9,19.9,0
1763651680,19.9,19.9,19.9,19.9,0
1763651685,19.89,19.89,19.89,19.89,0
1763651690,19.89,19.89,19.89,19.89,0
1763651695,19.89,19.89,19.89,19.89,0
1763651700,19.86,19.86,19.86,19.86,0
1763651705,19.86,19.86,19.86,19.86,0
1763651710,19.86,19.86,19.86,19.86,0
1763651715,19.88,19.88,19.88,19.88,0
1763651720,19.88,19.88,19.88,19.88,0
1763651725,19.88,19.88,19.88,19.88,0
1763651730,19.92,19.92,19.92,19.92,0
1763651735,19.92,19.92,19.92,19.92,0
1763651740,19.92,19.92,19.92,19.92,0
1763651745,19.91,19.91,19.91,19.91,0
1763651750,19.91,19.91,19.91,19.91,0
1763651755,19.91,19.91,19.91,19.91,0
1763651760,19.89,19.89,19.89,19.89,0
1763651765,19.89,19.89,19.89,19.89,0
1763651770,19.89,19.89,19.89,19.89,0
1763651775,19.87,19.87,19.87,19.87,0
1763651780,19.87,19.87,19.87,19.87,0
1763651785,19.87,19.87,19.87,19.87,0
1763651790,19.93,19.93,19.93,19.93,0
1763651795,19.93,19.93,19.93,19.93,0
1763651800,19.93,19.93,19.93,19.93,0
1763651805,19.9,19.9,19.9,19.9,0
1763651810,19.9,19.9,19.9,19.9,0
1763651815,19.9,19.9,19.9,19.9,0
1763651820,19.92,19.92,19.92,19.92,0
1763651825,19.92,19.92,19.92,19.92,0
1763651830,19.92,19.92,19.92,19.92,0
1763651835,19.88,19.88,19.88,19.88,0
1763651840,19.88,19.88,19.88,19.88,0
1763651845,19.88,19.88,19.88,19.88,0
1763651850,19.86,19.86,19.86,19.86,0
1763651855,19.86,19.86,19.86,19.86,0
1763651860,19.86,19.86,19.86,19.86,0
1763651865,19.83,19.83,19.83,19.83,0
1763651870,19.83,19.83,19.83,19.83,0
1763651875,19.83,19.83,19.83,19.83,0
1763651880,19.78,19.78,19.78,19.78,0
1763651885,19.78,19.78,19.78,19.78,0
1763651890,19.78,19.78,19.78,19.78,0
1763651895,19.74,19.74,19.74,19.74,0
1763651900,19.74,19.74,19.74,19.74,0
1763651905,19.74,19.74,19.74,19.74,0
1763651910,19.71,19.71,19.71,19.71,0
1763651915,19.71,19.71,19.71,19.71,0
1763651920,19.71,19.71,19.71,19.71,0
1763651925,19.74,19.74,19.74,19.74,0
1763651930,19.74,19.74,19.74,19.74,0
1763651935,19.74,19.74,19.74,19.74,0
1763651940,19.74,19.74,19.74,19.74,0
1763651945,19.74,19.74,19.74,19.74,0
1763651950,19.74,19.74,19.74,19.74,0
1763651955,19.71,19.71,19.71,19.71,0
1763651960,19.71,19.71,19.71,19.71,0
1763651965,19.71,19.71,19.71,19.71,0
1763651970,19.73,19.73,19.73,19.73,0
1763651975,19.73,19.73,19.73,19.73,0
1763651980,19.73,19.73,19.73,19.73,0
1763651985,19.75,19.75,19.75,19.75,0
1763651990,19.75,19.75,19.75,19.75,0
1763651995,19.75,19.75,19.75,19.75,0
1763652000,19.72,19.72,19.72,19.72,0
1763652005,19.72,19.72,19.72,19.72,0
1763652010,19.72,19.72,19.72,19.72,0
1763652015,19.73,19.73,19.73,19.73,0
1763652020,19.73,19.73,19.73,19.73,0
1763652025,19.73,19.73,19.73,19.73,0
1763652030,19.74,19.74,19.74,19.74,0
1763652035,19.74,19.74,19.74,19.74,0
1763652040,19.74,19.74,19.74,19.74,0
1763652045,19.71,19.71,19.71,19.71,0
1763652050,19.71,19.71,19.71,19.71,0
1763652055,19.71,19.71,19.71,19.71,0
1763652060,19.7,19.7,19.7,19.7,0
1763652065,19.7,19.7,19.7,19.7,0
1763652070,19.7,19.7,19.7,19.7,0
1763652075,19.73,19.73,19.73,19.73,0
1763652080,19.73,19.73,19.73,19.73,0
1763652085,19.73,19.73,19.73,19.73,0
1763652090,19.75,19.75,19.75,19.75,0
1763652095,19.75,19.75,19.75,19.75,0
1763652100,19.75,19.75,19.75,19.75,0
1763652105,19.79,19.79,19.79,19.79,0
1763652110,19.79,19.79,19.79,19.79,0
1763652115,19.79,19.79,19.79,19.79,0
1763652120,19.74,19.74,19.74,19.74,0
1763652125,19.74,19.74,19.74,19.74,0
1763652130,19.74,19.74,19.74,19.74,0
1763652135,19.69,19.69,19.69,19.69,0
1763652140,19.69,19.69,19.69,19.69,0
1763652145,19.69,19.69,19.69,19.69,0
1763652150,19.7,19.7,19.7,19.7,0
1763652155,19.7,19.7,19.7,19.7,0
1763652160,19.7,19.7,19.7,19.7,0
1763652165,19.69,19.69,19.69,19.69,0
1763652170,19.69,19.69,19.69,19.69,0
1763652175,19.69,19.69,19.69,19.69,0
1763652180,19.68,19.68,19.68,19.68,0
1763652185,19.68,19.68,19.68,19.68,0
1763652190,19.68,19.68,19.68,19.68,0
1763652195,19.64,19.64,19.64,19.64,0
1763652200,19.64,19.64,19.64,19.64,0
1763652205,19.64,19.64,19.64,19.64,0
1763652210,19.59,19.59,19.59,19.59,0
1763652215,19.59,19.59,19.59,19.59,0
1763652220,19.59,19.59,19.59,19.59,0
1763652225,19.59,19.59,19.59,19.59,0
1763652230,19.59,19.59,19.59,19.59,0
1763652235,19.59,19.59,19.59,19.59,0
1763652240,19.65,19.65,19.65,19.65,0
1763652245,19.65,19.65,19.65,19.65,0
1763652250,19.65,19.65,19.65,19.65,0
1763652255,19.65,19.65,19.65,19.65,0
1763652260,19.65,19.65,19.65,19.65,0
1763652265,19.65,19.65,19.65,19.65,0
1763652270,19.65,19.65,19.65,19.65,0
1763652275,19.65,19.65,19.65,19.65,0
1763652280,19.65,19.65,19.65,19.65,0
1763652285,19.66,19.66,19.66,19.66,0
1763652290,19.66,19.66,19.66,19.66,0
1763652295,19.66,19.66,19.66,19.66,0
1763652300,19.69,19.69,19.69,19.69,0
1763652305,19.69,19.69,19.69,19.69,0
1763652310,19.69,19.69,19.69,19.69,0
1763652315,19.73,19.73,19.73,19.73,0
1763652320,19.73,19.73,19.73,19.73,0
1763652325,19.73,19.73,19.73,19.73,0
1763652330,19.75,19.75,19.75,19.75,0
1763652335,19.75,19.75,19.75,19.75,0
1763652340,19.75,19.75,19.75,19.75,0
1763652345,19.73,19.73,19.73,19.73,0
1763652350,19.73,19.73,19.73,19.73,0
1763652355,19.73,19.73,19.73,19.73,0
1763652360,19.74,19.74,19.74,19.74,0
1763652365,19.74,19.74,19.74,19.74,0
1763652370,19.74,19.74,19.74,19.74,0
1763652375,19.77,19.77,19.77,19.77,0
1763652380,19.77,19.77,19.77,19.77,0
1763652385,19.77,19.77,19.77,19.77,0
1763652390,19.74,19.74,19.74,19.74,0
1763652395,19.74,19.74,19.74,19.74,0
1763652400,19.74,19.74,19.74,19.74,0
1763652405,19.71,19.71,19.71,19.71,0
1763652410,19.71,19.71,19.71,19.71,0
1763652415,19.71,19.71,19.71,19.71,0
1763652420,19.74,19.74,19.74,19.74,0
1763652425,19.74,19.74,19.74,19.74,0
1763652430,19.74,19.74,19.74,19.74,0
1763652435,19.8,19.8,19.8,19.8,0
1763652440,19.8,19.8,19.8,19.8,0
1763652445,19.8,19.8,19.8,19.8,0
1763652450,19.81,19.81,19.81,19.81,0
1763652455,19.81,19.81,19.81,19.81,0
1763652460,19.81,19.81,19.81,19.81,0
1763652465,19.77,19.77,19.77,19.77,0
1763652470,19.77,19.77,19.77,19.77,0
1763652475,19.77,19.77,19.77,19.77,0
1763652480,19.76,19.76,19.76,19.76,0
1763652485,19.76,19.76,19.76,19.76,0
1763652490,19.76,19.76,19.76,19.76,0
1763652495,19.78,19.78,19.78,19.78,0
1763652500,19.78,19.78,19.78,19.78,0
1763652505,19.78,19.78,19.78,19.78,0
1763652510,19.74,19.74,19.74,19.74,0
1763652515,19.74,19.74,19.74,19.74,0
1763652520,19.74,19.74,19.74,19.74,0
1763652525,19.76,19.76,19.76,19.76,0
1763652530,19.76,19.76,19.76,19.76,0
1763652535,19.76,19.76,19.76,19.76,0
1763652540,19.71,19.71,19.71,19.71,0
1763652545,19.71,19.71,19.71,19.71,0
1763652550,19.71,19.71,19.71,19.71,0
1763652555,19.68,19.68,19.68,19.68,0
1763652560,19.68,19.68,19.68,19.68,0
1763652565,19.68,19.68,19.68,19.68,0
1763652570,19.68,19.68,19.68,19.68,0
1763652575,19.68,19.68,19.68,19.68,0
1763652580,19.68,19.68,19.68,19.68,0
1763652585,19.72,19.72,19.72,19.72,0
1763652590,19.72,19.72,19.72,19.72,0
1763652595,19.72,19.72,19.72,19.72,0
1763652600,19.7,19.7,19.7,19.7,0
1763652605,19.7,19.7,19.7,19.7,0
1763652610,19.7,19.7,19.7,19.7,0
1763652615,19.69,19.69,19.69,19.69,0
1763652620,19.69,19.69,19.69,19.69,0
1763652625,19.69,19.69,19.69,19.69,0
1763652630,19.69,19.69,19.69,19.69,0
1763652635,19.69,19.69,19.69,19.69,0
1763652640,19.69,19.69,19.69,19.69,0
1763652645,19.68,19.68,19.68,19.68,0
1763652650,19.68,19.68,19.68,19.68,0
1763652655,19.68,19.68,19.68,19.68,0
1763652660,19.68,19.68,19.68,19.68,0
1763652665,19.68,19.68,19.68,19.68,0
1763652670,19.68,19.68,19.68,19.68,0
1763652675,19.71,19.71,19.71,19.71,0
1763652680,19.71,19.71,19.71,19.71,0
1763652685,19.71,19.71,19.71,19.71,0
1763652690,19.69,19.69,19.69,19.69,0
1763652695,19.69,19.69,19.69,19.69,0
1763652700,19.69,19.69,19.69,19.69,0
1763652705,19.7,19.7,19.7,19.7,0
1763652710,19.7,19.7,19.7,19.7,0
1763652715,19.7,19.7,19.7,19.7,0
1763652720,19.68,19.68,19.68,19.68,0
1763652725,19.68,19.68,19.68,19.68,0
1763652730,19.68,19.68,19.68,19.68,0
1763652735,19.67,19.67,19.67,19.67,0
1763652740,19.67,19.67,19.67,19.67,0
1763652745,19.67,19.67,19.67,19.67,0
1763652750,19.66,19.66,19.66,19.66,0
1763652755,19.66,19.66,19.66,19.66,0
1763652760,19.66,19.66,19.66,19.66,0
1763652765,19.68,19.68,19.68,19.68,0
1763652770,19.68,19.68,19.68,19.68,0
1763652775,19.68,19.68,19.68,19.68,0
1763652780,19.69,19.69,19.69,19.69,0
1763652785,19.69,19.69,19.69,19.69,0
1763652790,19.69,19.69,19.69,19.69,0
1763652795,19.77,19.77,19.77,19.77,0
1763652800,19.77,19.77,19.77,19.77,0
1763652805,19.77,19.77,19.77,19.77,0
1763652810,19.77,19.77,19.77,19.77,0
1763652815,19.77,19.77,19.77,19.77,0
1763652820,19.77,19.77,19.77,19.77,0
1763652825,19.8,19.8,19.8,19.8,0
1763652830,19.8,19.8,19.8,19.8,0
1763652835,19.8,19.8,19.8,19.8,0
1763652840,19.79,19.79,19.79,19.79,0
1763652845,19.79,19.79,19.79,19.79,0
1763652850,19.79,19.79,19.79,19.79,0
1763652855,19.78,19.78,19.78,19.78,0
1763652860,19.78,19.78,19.78,19.78,0
1763652865,19.78,19.78,19.78,19.78,0
1763652870,19.76,19.76,19.76,19.76,0
1763652875,19.76,19.76,19.76,19.76,0
1763652880,19.76,19.76,19.76,19.76,0
1763652885,19.78,19.78,19.78,19.78,0
1763652890,19.78,19.78,19.78,19.78,0
1763652895,19.78,19.78,19.78,19.78,0
1763652900,19.81,19.81,19.81,19.81,0
1763652905,19.81,19.81,19.81,19.81,0
1763652910,19.81,19.81,19.81,19.81,0
1763652915,19.8,19.8,19.8,19.8,0
1763652920,19.8,19.8,19.8,19.8,0
1763652925,19.8,19.8,19.8,19.8,0
1763652930,19.79,19.79,19.79,19.79,0
1763652935,19.79,19.79,19.79,19.79,0
1763652940,19.79,19.79,19.79,19.79,0
1763652945,19.78,19.78,19.78,19.78,0
1763652950,19.78,19.78,19.78,19.78,0
1763652955,19.78,19.78,19.78,19.78,0
1763652960,19.79,19.79,19.79,19.79,0
1763652965,19.79,19.79,19.79,19.79,0
1763652970,19.79,19.79,19.79,19.79,0
1763652975,19.76,19.76,19.76,19.76,0
1763652980,19.76,19.76,19.76,19.76,0
1763652985,19.76,19.76,19.76,19.76,0
1763652990,19.76,19.76,19.76,19.76,0
1763652995,19.76,19.76,19.76,19.76,0
1763653000,19.76,19.76,19.76,19.76,0
1763653005,19.76,19.76,19.76,19.76,0
1763653010,19.76,19.76,19.76,19.76,0
1763653015,19.76,19.76,19.76,19.76,0
1763653020,19.75,19.75,19.75,19.75,0
1763653025,19.75,19.75,19.75,19.75,0
1763653030,19.75,19.75,19.75,19.75,0
1763653035,19.76,19.76,19.76,19.76,0
1763653040,19.76,19.76,19.76,19.76,0
1763653045,19.76,19.76,19.76,19.76,0
1763653050,19.71,19.71,19.71,19.71,0
1763653055,19.71,19.71,19.71,19.71,0
1763653060,19.71,19.71,19.71,19.71,0
1763653065,19.71,19.71,19.71,19.71,0
1763653070,19.71,19.71,19.71,19.71,0
1763653075,19.71,19.71,19.71,19.71,0
1763653080,19.72,19.72,19.72,19.72,0
1763653085,19.72,19.72,19.72,19.72,0
1763653090,19.72,19.72,19.72,19.72,0
1763653095,19.73,19.73,19.73,19.73,0
1763653100,19.73,19.73,19.73,19.73,0
1763653105,19.73,19.73,19.73,19.73,0
1763653110,19.75,19.75,19.75,19.75,0
1763653115,19.75,19.75,19.75,19.75,0
1763653120,19.75,19.75,19.75,19.75,0
1763653125,19.78,19.78,19.78,19.78,0
1763653130,19.78,19.78,19.78,19.78,0
1763653135,19.78,19.78,19.78,19.78,0
1763653140,19.77,19.77,19.77,19.77,0
1763653145,19.77,19.77,19.77,19.77,0
1763653150,19.77,19.77,19.77,19.77,0
1763653155,19.78,19.78,19.78,19.78,0
1763653160,19.78,19.78,19.78,19.78,0
1763653165,19.78,19.78,19.78,19.78,0
1763653170,19.77,19.77,19.77,19.77,0
1763653175,19.77,19.77,19.77,19.77,0
1763653180,19.77,19.77,19.77,19.77,0
1763653185,19.75,19.75,19.75,19.75,0
1763653190,19.75,19.75,19.75,19.75,0
1763653195,19.75,19.75,19.75,19.75,0
1763653200,19.76,19.76,19.76,19.76,0
1763653205,19.76,19.76,19.76,19.76,0
1763653210,19.76,19.76,19.76,19.76,0
1763653215,19.77,19.77,19.77,19.77,0
1763653220,19.77,19.77,19.77,19.77,0
1763653225,19.77,19.77,19.77,19.77,0
1763653230,19.79,19.79,19.79,19.79,0
1763653235,19.79,19.79,19.79,19.79,0
1763653240,19.79,19.79,19.79,19.79,0
1763653245,19.82,19.82,19.82,19.82,0
1763653250,19.82,19.82,19.82,19.82,0
1763653255,19.82,19.82,19.82,19.82,0
1763653260,19.82,19.82,19.82,19.82,0
1763653265,19.82,19.82,19.82,19.82,0
1763653270,19.82,19.82,19.82,19.82,0
1763653275,19.8,19.8,19.8,19.8,0
1763653280,19.8,19.8,19.8,19.8,0
1763653285,19.8,19.8,19.8,19.8,0
1763653290,19.83,19.83,19.83,19.83,0
1763653295,19.83,19.83,19.83,19.83,0
1763653300,19.83,19.83,19.83,19.83,0
1763653305,19.81,19.81,19.81,19.81,0
1763653310,19.81,19.81,19.81,19.81,0
1763653315,19.81,19.81,19.81,19.81,0
1763653320,19.81,19.81,19.81,19.81,0
1763653325,19.81,19.81,19.81,19.81,0
1763653330,19.81,19.81,19.81,19.81,0
1763653335,19.81,19.81,19.81,19.81,0
1763653340,19.81,19.81,19.81,19.81,0
1763653345,19.81,19.81,19.81,19.81,0
1763653350,19.83,19.83,19.83,19.83,0
1763653355,19.83,19.83,19.83,19.83,0
1763653360,19.83,19.83,19.83,19.83,0
1763653365,19.86,19.86,19.86,19.86,0
1763653370,19.86,19.86,19.86,19.86,0
1763653375,19.86,19.86,19.86,19.86,0
1763653380,19.83,19.83,19.83,19.83,0
1763653385,19.83,19.83,19.83,19.83,0
1763653390,19.83,19.83,19.83,19.83,0
1763653395,19.81,19.81,19.81,19.81,0
1763653400,19.81,19.81,19.81,19.81,0
1763653405,19.81,19.81,19.81,19.81,0
1763653410,19.8,19.8,19.8,19.8,0
1763653415,19.8,19.8,19.8,19.8,0
1763653420,19.8,19.8,19.8,19.8,0
1763653425,19.79,19.79,19.79,19.79,0
1763653430,19.79,19.79,19.79,19.79,0
1763653435,19.79,19.79,19.79,19.79,0
1763653440,19.8,19.8,19.8,19.8,0
1763653445,19.8,19.8,19.8,19.8,0
1763653450,19.8,19.8,19.8,19.8,0
1763653455,19.78,19.78,19.78,19.78,0
1763653460,19.78,19.78,19.78,19.78,0
1763653465,19.78,19.78,19.78,19.78,0
1763653470,19.78,19.78,19.78,19.78,0
1763653475,19.78,19.78,19.78,19.78,0
1763653480,19.78,19.78,19.78,19.78,0
1763653485,19.78,19.78,19.78,19.78,0
1763653490,19.78,19.78,19.78,19.78,0
1763653495,19.78,19.78,19.78,19.78,0
1763653500,19.79,19.79,19.79,19.79,0
1763653505,19.79,19.79,19.79,19.79,0
1763653510,19.79,19.79,19.79,19.79,0
1763653515,19.81,19.81,19.81,19.81,0
1763653520,19.81,19.81,19.81,19.81,0
1763653525,19.81,19.81,19.81,19.81,0
1763653530,19.82,19.82,19.82,19.82,0
1763653535,19.82,19.82,19.82,19.82,0
1763653540,19.82,19.82,19.82,19.82,0
1763653545,19.81,19.81,19.81,19.81,0
1763653550,19.81,19.81,19.81,19.81,0
1763653555,19.81,19.81,19.81,19.81,0
1763653560,19.8,19.8,19.8,19.8,0
1763653565,19.8,19.8,19.8,19.8,0
1763653570,19.8,19.8,19.8,19.8,0
1763653575,19.85,19.85,19.85,19.85,0
1763653580,19.85,19.85,19.85,19.85,0
1763653585,19.85,19.85,19.85,19.85,0
1763653590,19.89,19.89,19.89,19.89,0
1763653595,19.89,19.89,19.89,19.89,0
1763653600,19.89,19.89,19.89,19.89,0
1763653605,19.89,19.89,19.89,19.89,0
1763653610,19.89,19.89,19.89,19.89,0
1763653615,19.89,19.89,19.89,19.89,0
1763653620,19.88,19.88,19.88,19.88,0
1763653625,19.88,19.88,19.88,19.88,0
1763653630,19.88,19.88,19.88,19.88,0
1763653635,19.87,19.87,19.87,19.87,0
1763653640,19.87,19.87,19.87,19.87,0
1763653645,19.87,19.87,19.87,19.87,0
1763653650,19.88,19.88,19.88,19.88,0
1763653655,19.88,19.88,19.88,19.88,0
1763653660,19.88,19.88,19.88,19.88,0
1763653665,19.87,19.87,19.87,19.87,0
1763653670,19.87,19.87,19.87,19.87,0
1763653675,19.87,19.87,19.87,19.87,0
1763653680,19.89,19.89,19.89,19.89,0
1763653685,19.89,19.89,19.89,19.89,0
1763653690,19.89,19.89,19.89,19.89,0
1763653695,19.92,19.92,19.92,19.92,0
1763653700,19.92,19.92,19.92,19.92,0
1763653705,19.92,19.92,19.92,19.92,0
1763653710,19.99,19.99,19.99,19.99,0
1763653715,19.99,19.99,19.99,19.99,0
1763653720,19.99,19.99,19.99,19.99,0
1763653725,20.01,20.01,20.01,20.01,0
1763653730,20.01,20.01,20.01,20.01,0
1763653735,20.01,20.01,20.01,20.01,0
1763653740,19.99,19.99,19.99,19.99,0
1763653745,19.99,19.99,19.99,19.99,0
1763653750,19.99,19.99,19.99,19.99,0
1763653755,19.98,19.98,19.98,19.98,0
1763653760,19.98,19.98,19.98,19.98,0
1763653765,19.98,19.98,19.98,19.98,0
1763653770,19.99,19.99,19.99,19.99,0
1763653775,19.99,19.99,19.99,19.99,0
1763653780,19.99,19.99,19.99,19.99,0
1763653785,20.0,20.0,20.0,20.0,0
1763653790,20.0,20.0,20.0,20.0,0
1763653795,20.0,20.0,20.0,20.0,0
1763653800,20.01,20.01,20.01,20.01,0
1763653805,20.01,20.01,20.01,20.01,0
1763653810,20.01,20.01,20.01,20.01,0
1763653815,20.04,20.04,20.04,20.04,0
1763653820,20.04,20.04,20.04,20.04,0
1763653825,20.04,20.04,20.04,20.04,0
1763653830,20.03,20.03,20.03,20.03,0
1763653835,20.03,20.03,20.03,20.03,0
1763653840,20.03,20.03,20.03,20.03,0
1763653845,20.0,20.0,20.0,20.0,0
1763653850,20.0,20.0,20.0,20.0,0
1763653855,20.0,20.0,20.0,20.0,0
1763653860,19.99,19.99,19.99,19.99,0
1763653865,19.99,19.99,19.99,19.99,0
1763653870,19.99,19.99,19.99,19.99,0
1763653875,20.05,20.05,20.05,20.05,0
1763653880,20.05,20.05,20.05,20.05,0
1763653885,20.05,20.05,20.05,20.05,0
1763653890,20.03,20.03,20.03,20.03,0
1763653895,20.03,20.03,20.03,20.03,0
1763653900,20.03,20.03,20.03,20.03,0
1763653905,20.03,20.03,20.03,20.03,0
1763653910,20.03,20.03,20.03,20.03,0
1763653915,20.03,20.03,20.03,20.03,0
1763653920,20.05,20.05,20.05,20.05,0
1763653925,20.05,20.05,20.05,20.05,0
1763653930,20.05,20.05,20.05,20.05,0
1763653935,20.03,20.03,20.03,20.03,0
1763653940,20.03,20.03,20.03,20.03,0
1763653945,20.03,20.03,20.03,20.03,0
1763653950,20.05,20.05,20.05,20.05,0
1763653955,20.05,20.05,20.05,20.05,0
1763653960,20.05,20.05,20.05,20.05,0
1763653965,20.07,20.07,20.07,20.07,0
1763653970,20.07,20.07,20.07,20.07,0
1763653975,20.07,20.07,20.07,20.07,0
1763653980,20.1,20.1,20.1,20.1,0
1763653985,20.1,20.1,20.1,20.1,0
1763653990,20.1,20.1,20.1,20.1,0
1763653995,20.14,20.14,20.14,20.14,0
1763654000,20.14,20.14,20.14,20.14,0
1763654005,20.14,20.14,20.14,20.14,0
1763654010,20.15,20.15,20.15,20.15,0
1763654015,20.15,20.15,20.15,20.15,0
1763654020,20.15,20.15,20.15,20.15,0
1763654025,20.16,20.16,20.16,20.16,0
1763654030,20.16,20.16,20.16,20.16,0
1763654035,20.16,20.16,20.16,20.16,0
1763654040,20.15,20.15,20.15,20.15,0
1763654045,20.15,20.15,20.15,20.15,0
1763654050,20.15,20.15,20.15,20.15,0
1763654055,20.16,20.16,20.16,20.16,0
1763654060,20.16,20.16,20.16,20.16,0
1763654065,20.16,20.16,20.16,20.16,0
1763654070,20.15,20.15,20.15,20.15,0
1763654075,20.15,20.15,20.15,20.15,0
1763654080,20.15,20.15,20.15,20.15,0
1763654085,20.17,20.17,20.17,20.17,0
1763654090,20.17,20.17,20.17,20.17,0
1763654095,20.17,20.17,20.17,20.17,0
1763654100,20.24,20.24,20.24,20.24,0
1763654105,20.24,20.24,20.24,20.24,0
1763654110,20.24,20.24,20.24,20.24,0
1763654115,20.27,20.27,20.27,20.27,0
1763654120,20.27,20.27,20.27,20.27,0
1763654125,20.27,20.27,20.27,20.27,0
1763654130,20.26,20.26,20.26,20.26,0
1763654135,20.26,20.26,20.26,20.26,0
1763654140,20.26,20.26,20.26,20.26,0
1763654145,20.28,20.28,20.28,20.28,0
1763654150,20.28,20.28,20.28,20.28,0
1763654155,20.28,20.28,20.28,20.28,0
1763654160,20.3,20.3,20.3,20.3,0
1763654165,20.3,20.3,20.3,20.3,0
1763654170,20.3,20.3,20.3,20.3,0
1763654175,20.29,20.29,20.29,20.29,0
1763654180,20.29,20.29,20.29,20.29,0
1763654185,20.29,20.29,20.29,20.29,0
1763654190,20.3,20.3,20.3,20.3,0
1763654195,20.3,20.3,20.3,20.3,0
1763654200,20.3,20.3,20.3,20.3,0
1763654205,20.33,20.33,20.33,20.33,0
1763654210,20.33,20.33,20.33,20.33,0
1763654215,20.33,20.33,20.33,20.33,0
1763654220,20.33,20.33,20.33,20.33,0
1763654225,20.33,20.33,20.33,20.33,0
1763654230,20.33,20.33,20.33,20.33,0
1763654235,20.31,20.31,20.31,20.31,0
1763654240,20.31,20.31,20.31,20.31,0
1763654245,20.31,20.31,20.31,20.31,0
1763654250,20.27,20.27,20.27,20.27,0
1763654255,20.27,20.27,20.27,20.27,0
1763654260,20.27,20.27,20.27,20.27,0
1763654265,20.23,20.23,20.23,20.23,0
1763654270,20.23,20.23,20.23,20.23,0
1763654275,20.23,20.23,20.23,20.23,0
1763654280,20.26,20.26,20.26,20.26,0
1763654285,20.26,20.26,20.26,20.26,0
1763654290,20.26,20.26,20.26,20.26,0
1763654295,20.33,20.33,20.33,20.33,0
1763654300,20.33,20.33,20.33,20.33,0
1763654305,20.33,20.33,20.33,20.33,0
1763654310,20.34,20.34,20.34,20.34,0
1763654315,20.34,20.34,20.34,20.34,0
1763654320,20.34,20.34,20.34,20.34,0
1763654325,20.39,20.39,20.39,20.39,0
1763654330,20.39,20.39,20.39,20.39,0
1763654335,20.39,20.39,20.39,20.39,0
1763654340,20.36,20.36,20.36,20.36,0
1763654345,20.36,20.36,20.36,20.36,0
1763654350,20.36,20.36,20.36,20.36,0
1763654355,20.41,20.41,20.41,20.41,0
1763654360,20.41,20.41,20.41,20.41,0
1763654365,20.41,20.41,20.41,20.41,0
1763654370,20.43,20.43,20.43,20.43,0
1763654375,20.43,20.43,20.43,20.43,0
1763654380,20.43,20.43,20.43,20.43,0
1763654385,20.46,20.46,20.46,20.46,0
1763654390,20.46,20.46,20.46,20.46,0
1763654395,20.46,20.46,20.46,20.46,0
1763654400,20.47,20.47,20.47,20.47,0
1763654405,20.47,20.47,20.47,20.47,0
1763654410,20.47,20.47,20.47,20.47,0
1763654415,20.54,20.54,20.54,20.54,0
1763654420,20.54,20.54,20.54,20.54,0
1763654425,20.54,20.54,20.54,20.54,0
1763654430,20.55,20.55,20.55,20.55,0
1763654435,20.55,20.55,20.55,20.55,0
1763654440,20.55,20.55,20.55,20.55,0
1763654445,20.63,20.63,20.63,20.63,0
1763654450,20.63,20.63,20.63,20.63,0
1763654455,20.63,20.63,20.63,20.63,0
1763654460,20.61,20.61,20.61,20.61,0
1763654465,20.61,20.61,20.61,20.61,0
1763654470,20.61,20.61,20.61,20.61,0
1763654475,20.68,20.68,20.68,20.68,0
1763654480,20.68,20.68,20.68,20.68,0
1763654485,20.68,20.68,20.68,20.68,0
1763654490,20.64,20.64,20.64,20.64,0
1763654495,20.64,20.64,20.64,20.64,0
1763654500,20.64,20.64,20.64,20.64,0
1763654505,20.66,20.66,20.66,20.66,0
1763654510,20.66,20.66,20.66,20.66,0
1763654515,20.66,20.66,20.66,20.66,0
1763654520,20.67,20.67,20.67,20.67,0
1763654525,20.67,20.67,20.67,20.67,0
1763654530,20.67,20.67,20.67,20.67,0
1763654535,20.68,20.68,20.68,20.68,0
1763654540,20.68,20.68,20.68,20.68,0
1763654545,20.68,20.68,20.68,20.68,0
1763654550,20.69,20.69,20.69,20.69,0
1763654555,20.69,20.69,20.69,20.69,0
1763654560,20.69,20.69,20.69,20.69,0
1763654565,20.68,20.68,20.68,20.68,0
1763654570,20.68,20.68,20.68,20.68,0
1763654575,20.68,20.68,20.68,20.68,0
1763654580,20.69,20.69,20.69,20.69,0
1763654585,20.69,20.69,20.69,20.69,0
1763654590,20.69,20.69,20.69,20.69,0
1763654595,20.71,20.71,20.71,20.71,0
1763654600,20.71,20.71,20.71,20.71,0
1763654605,20.71,20.71,20.71,20.71,0
1763654610,20.71,20.71,20.71,20.71,0
1763654615,20.71,20.71,20.71,20.71,0
1763654620,20.71,20.71,20.71,20.71,0
1763654625,20.72,20.72,20.72,20.72,0
1763654630,20.72,20.72,20.72,20.72,0
1763654635,20.72,20.72,20.72,20.72,0
1763654640,20.72,20.72,20.72,20.72,0
1763654645,20.72,20.72,20.72,20.72,0
1763654650,20.72,20.72,20.72,20.72,0
1763654655,20.78,20.78,20.78,20.78,0
1763654660,20.78,20.78,20.78,20.78,0
1763654665,20.78,20.78,20.78,20.78,0
1763654670,20.82,20.82,20.82,20.82,0
1763654675,20.82,20.82,20.82,20.82,0
1763654680,20.82,20.82,20.82,20.82,0
1763654685,20.84,20.84,20.84,20.84,0
1763654690,20.84,20.84,20.84,20.84,0
1763654695,20.84,20.84,20.84,20.84,0
1763654700,20.85,20.85,20.85,20.85,0
1763654705,20.85,20.85,20.85,20.85,0
1763654710,20.85,20.85,20.85,20.85,0
1763654715,20.93,20.93,20.93,20.93,0
1763654720,20.93,20.93,20.93,20.93,0
1763654725,20.93,20.93,20.93,20.93,0
1763654730,20.9,20.9,20.9,20.9,0
1763654735,20.9,20.9,20.9,20.9,0
1763654740,20.9,20.9,20.9,20.9,0
1763654745,20.85,20.85,20.85,20.85,0
1763654750,20.85,20.85,20.85,20.85,0
1763654755,20.85,20.85,20.85,20.85,0
1763654760,20.82,20.82,20.82,20.82,0
1763654765,20.82,20.82,20.82,20.82,0
1763654770,20.82,20.82,20.82,20.82,0
1763654775,20.76,20.76,20.76,20.76,0
1763654780,20.76,20.76,20.76,20.76,0
1763654785,20.76,20.76,20.76,20.76,0
1763654790,20.76,20.76,20.76,20.76,0
1763654795,20.76,20.76,20.76,20.76,0
1763654800,20.76,20.76,20.76,20.76,0
1763654805,20.75,20.75,20.75,20.75,0
1763654810,20.75,20.75,20.75,20.75,0
1763654815,20.75,20.75,20.75,20.75,0
1763654820,20.75,20.75,20.75,20.75,0
1763654825,20.75,20.75,20.75,20.75,0
1763654830,20.75,20.75,20.75,20.75,0
1763654835,20.78,20.78,20.78,20.78,0
1763654840,20.78,20.78,20.78,20.78,0
1763654845,20.78,20.78,20.78,20.78,0
1763654850,20.77,20.77,20.77,20.77,0
1763654855,20.77,20.77,20.77,20.77,0
1763654860,20.77,20.77,20.77,20.77,0
1763654865,20.83,20.83,20.83,20.83,0
1763654870,20.83,20.83,20.83,20.83,0
1763654875,20.83,20.83,20.83,20.83,0
1763654880,20.82,20.82,20.82,20.82,0
1763654885,20.82,20.82,20.82,20.82,0
1763654890,20.82,20.82,20.82,20.82,0
1763654895,20.85,20.85,20.85,20.85,0
1763654900,20.85,20.85,20.85,20.85,0
1763654905,20.85,20.85,20.85,20.85,0
1763654910,20.81,20.81,20.81,20.81,0
1763654915,20.81,20.81,20.81,20.81,0
1763654920,20.81,20.81,20.81,20.81,0
1763654925,20.84,20.84,20.84,20.84,0
1763654930,20.84,20.84,20.84,20.84,0
1763654935,20.84,20.84,20.84,20.84,0
1763654940,20.85,20.85,20.85,20.85,0
1763654945,20.85,20.85,20.85,20.85,0
1763654950,20.85,20.85,20.85,20.85,0
1763654955,20.87,20.87,20.87,20.87,0
1763654960,20.87,20.87,20.87,20.87,0
1763654965,20.87,20.87,20.87,20.87,0
1763654970,20.88,20.88,20.88,20.88,0
1763654975,20.88,20.88,20.88,20.88,0
1763654980,20.88,20.88,20.88,20.88,0
1763654985,20.89,20.89,20.89,20.89,0
1763654990,20.89,20.89,20.89,20.89,0
1763654995,20.89,20.89,20.89,20.89,0
1763655000,20.94,20.94,20.94,20.94,0
1763655005,20.94,20.94,20.94,20.94,0
1763655010,20.94,20.94,20.94,20.94,0
1763655015,20.96,20.96,20.96,20.96,0
1763655020,20.96,20.96,20.96,20.96,0
1763655025,20.96,20.96,20.96,20.96,0
1763655030,21.0,21.0,21.0,21.0,0
1763655035,21.0,21.0,21.0,21.0,0
1763655040,21.0,21.0,21.0,21.0,0
1763655045,21.0,21.0,21.0,21.0,0
1763655050,21.0,21.0,21.0,21.0,0
1763655055,21.0,21.0,21.0,21.0,0
1763655060,20.98,20.98,20.98,20.98,0
1763655065,20.98,20.98,20.98,20.98,0
1763655070,20.98,20.98,20.98,20.98,0
1763655075,21.02,21.02,21.02,21.02,0
1763655080,21.02,21.02,21.02,21.02,0
1763655085,21.02,21.02,21.02,21.02,0
1763655090,21.05,21.05,21.05,21.05,0
1763655095,21.05,21.05,21.05,21.05,0
1763655100,21.05,21.05,21.05,21.05,0
1763655105,21.03,21.03,21.03,21.03,0
1763655110,21.03,21.03,21.03,21.03,0
1763655115,21.03,21.03,21.03,21.03,0
1763655120,21.01,21.01,21.01,21.01,0
1763655125,21.01,21.01,21.01,21.01,0
1763655130,21.01,21.01,21.01,21.01,0
1763655135,21.05,21.05,21.05,21.05,0
1763655140,21.05,21.05,21.05,21.05,0
1763655145,21.05,21.05,21.05,21.05,0
1763655150,21.13,21.13,21.13,21.13,0
1763655155,21.13,21.13,21.13,21.13,0
1763655160,21.13,21.13,21.13,21.13,0
1763655165,21.16,21.16,21.16,21.16,0
1763655170,21.16,21.16,21.16,21.16,0
1763655175,21.16,21.16,21.16,21.16,0
1763655180,21.18,21.18,21.18,21.18,0
1763655185,21.18,21.18,21.18,21.18,0
1763655190,21.18,21.18,21.18,21.18,0
1763655195,21.12,21.12,21.12,21.12,0
1763655200,21.12,21.12,21.12,21.12,0
1763655205,21.12,21.12,21.12,21.12,0
1763655210,21.13,21.13,21.13,21.13,0
1763655215,21.13,21.13,21.13,21.13,0
1763655220,21.13,21.13,21.13,21.13,0
1763655225,21.14,21.14,21.14,21.14,0
1763655230,21.14,21.14,21.14,21.14,0
1763655235,21.14,21.14,21.14,21.14,0
1763655240,21.11,21.11,21.11,21.11,0
1763655245,21.11,21.11,21.11,21.11,0
1763655250,21.11,21.11,21.11,21.11,0
1763655255,21.14,21.14,21.14,21.14,0
1763655260,21.14,21.14,21.14,21.14,0
1763655265,21.14,21.14,21.14,21.14,0
1763655270,21.22,21.22,21.22,21.22,0
1763655275,21.22,21.22,21.22,21.22,0
1763655280,21.22,21.22,21.22,21.22,0
1763655285,21.25,21.25,21.25,21.25,0
1763655290,21.25,21.25,21.25,21.25,0
1763655295,21.25,21.25,21.25,21.25,0
1763655300,21.31,21.31,21.31,21.31,0
1763655305,21.31,21.31,21.31,21.31,0
1763655310,21.31,21.31,21.31,21.31,0
1763655315,21.43,21.43,21.43,21.43,0
1763655320,21.43,21.43,21.43,21.43,0
1763655325,21.43,21.43,21.43,21.43,0
1763655330,21.4,21.4,21.4,21.4,0
1763655335,21.4,21.4,21.4,21.4,0
1763655340,21.4,21.4,21.4,21.4,0
1763655345,21.37,21.37,21.37,21.37,0
1763655350,21.37,21.37,21.37,21.37,0
1763655355,21.37,21.37,21.37,21.37,0
1763655360,21.41,21.41,21.41,21.41,0
1763655365,21.41,21.41,21.41,21.41,0
1763655370,21.41,21.41,21.41,21.41,0
1763655375,21.61,21.61,21.61,21.61,0
1763655380,21.61,21.61,21.61,21.61,0
1763655385,21.61,21.61,21.61,21.61,0
1763655390,21.55,21.55,21.55,21.55,0
1763655395,21.55,21.55,21.55,21.55,0
1763655400,21.55,21.55,21.55,21.55,0
1763655405,21.53,21.53,21.53,21.53,0
1763655410,21.53,21.53,21.53,21.53,0
1763655415,21.53,21.53,21.53,21.53,0
1763655420,21.54,21.54,21.54,21.54,0
1763655425,21.54,21.54,21.54,21.54,0
1763655430,21.54,21.54,21.54,21.54,0
1763655435,21.65,21.65,21.65,21.65,0
1763655440,21.65,21.65,21.65,21.65,0
1763655445,21.65,21.65,21.65,21.65,0
1763655450,21.58,21.58,21.58,21.58,0
1763655455,21.58,21.58,21.58,21.58,0
1763655460,21.58,21.58,21.58,21.58,0
1763655465,21.52,21.52,21.52,21.52,0
1763655470,21.52,21.52,21.52,21.52,0
1763655475,21.52,21.52,21.52,21.52,0
1763655480,21.52,21.52,21.52,21.52,0
1763655485,21.52,21.52,21.52,21.52,0
1763655490,21.52,21.52,21.52,21.52,0
1763655495,21.58,21.58,21.58,21.58,0
1763655500,21.58,21.58,21.58,21.58,0
1763655505,21.58,21.58,21.58,21.58,0
1763655510,21.5,21.5,21.5,21.5,0
1763655515,21.5,21.5,21.5,21.5,0
1763655520,21.5,21.5,21.5,21.5,0
1763655525,21.59,21.59,21.59,21.59,0
1763655530,21.59,21.59,21.59,21.59,0
1763655535,21.59,21.59,21.59,21.59,0
1763655540,21.7,21.7,21.7,21.7,0
1763655545,21.7,21.7,21.7,21.7,0
1763655550,21.7,21.7,21.7,21.7,0
1763655555,21.77,21.77,21.77,21.77,0
1763655560,21.77,21.77,21.77,21.77,0
1763655565,21.77,21.77,21.77,21.77,0
1763655570,21.85,21.85,21.85,21.85,0
1763655575,21.85,21.85,21.85,21.85,0
1763655580,21.85,21.85,21.85,21.85,0
1763655585,21.79,21.79,21.79,21.79,0
1763655590,21.79,21.79,21.79,21.79,0
1763655595,21.79,21.79,21.79,21.79,0
1763655600,21.81,21.81,21.81,21.81,0
1763655605,21.81,21.81,21.81,21.81,0
1763655610,21.81,21.81,21.81,21.81,0
1763655615,21.74,21.74,21.74,21.74,0
1763655620,21.74,21.74,21.74,21.74,0
1763655625,21.74,21.74,21.74,21.74,0
1763655630,21.79,21.79,21.79,21.79,0
1763655635,21.79,21.79,21.79,21.79,0
1763655640,21.79,21.79,21.79,21.79,0
1763655645,21.69,21.69,21.69,21.69,0
1763655650,21.69,21.69,21.69,21.69,0
1763655655,21.69,21.69,21.69,21.69,0
1763655660,21.7,21.7,21.7,21.7,0
1763655665,21.7,21.7,21.7,21.7,0
1763655670,21.7,21.7,21.7,21.7,0
1763655675,21.68,21.68,21.68,21.68,0
1763655680,21.68,21.68,21.68,21.68,0
1763655685,21.68,21.68,21.68,21.68,0
1763655690,21.78,21.78,21.78,21.78,0
1763655695,21.78,21.78,21.78,21.78,0
1763655700,21.78,21.78,21.78,21.78,0
1763655705,21.68,21.68,21.68,21.68,0
1763655710,21.68,21.68,21.68,21.68,0
1763655715,21.68,21.68,21.68,21.68,0
1763655720,21.73,21.73,21.73,21.73,0
1763655725,21.73,21.73,21.73,21.73,0
1763655730,21.73,21.73,21.73,21.73,0
1763655735,21.79,21.79,21.79,21.79,0
1763655740,21.79,21.79,21.79,21.79,0
1763655745,21.79,21.79,21.79,21.79,0
1763655750,22.03,22.03,22.03,22.03,0
1763655755,22.03,22.03,22.03,22.03,0
1763655760,22.03,22.03,22.03,22.03,0
1763655765,21.94,21.94,21.94,21.94,0
1763655770,21.94,21.94,21.94,21.94,0
1763655775,21.94,21.94,21.94,21.94,0
1763655780,22.0,22.0,22.0,22.0,0
1763655785,22.0,22.0,22.0,22.0,0
1763655790,22.0,22.0,22.0,22.0,0
1763655795,22.02,22.02,22.02,22.02,0
1763655800,22.02,22.02,22.02,22.02,0
1763655805,22.02,22.02,22.02,22.02,0
1763655810,21.96,21.96,21.96,21.96,0
1763655815,21.96,21.96,21.96,21.96,0
1763655820,21.96,21.96,21.96,21.96,0
1763655825,21.88,21.88,21.88,21.88,0
1763655830,21.88,21.88,21.88,21.88,0
1763655835,21.88,21.88,21.88,21.88,0
1763655840,21.88,21.88,21.88,21.88,0
1763655845,21.88,21.88,21.88,21.88,0
1763655850,21.88,21.88,21.88,21.88,0
1763655855,21.91,21.91,21.91,21.91,0
1763655860,21.91,21.91,21.91,21.91,0
1763655865,21.91,21.91,21.91,21.91,0
1763655870,21.85,21.85,21.85,21.85,0
1763655875,21.85,21.85,21.85,21.85,0
1763655880,21.85,21.85,21.85,21.85,0
1763655885,21.86,21.86,21.86,21.86,0
1763655890,21.86,21.86,21.86,21.86,0
1763655895,21.86,21.86,21.86,21.86,0
1763655900,21.9,21.9,21.9,21.9,0
1763655905,21.9,21.9,21.9,21.9,0
1763655910,21.9,21.9,21.9,21.9,0
1763655915,21.99,21.99,21.99,21.99,0
1763655920,21.99,21.99,21.99,21.99,0
1763655925,21.99,21.99,21.99,21.99,0
1763655930,21.98,21.98,21.98,21.98,0
1763655935,21.98,21.98,21.98,21.98,0
1763655940,21.98,21.98,21.98,21.98,0
1763655945,21.78,21.78,21.78,21.78,0
1763655950,21.78,21.78,21.78,21.78,0
1763655955,21.78,21.78,21.78,21.78,0
1763655960,21.8,21.8,21.8,21.8,0
1763655965,21.8,21.8,21.8,21.8,0
1763655970,21.8,21.8,21.8,21.8,0
1763655975,21.78,21.78,21.78,21.78,0
1763655980,21.78,21.78,21.78,21.78,0
1763655985,21.78,21.78,21.78,21.78,0
1763655990,21.75,21.75,21.75,21.75,0
1763655995,21.75,21.75,21.75,21.75,0
1763656000,21.75,21.75,21.75,21.75,0
1763656005,21.82,21.82,21.82,21.82,0
1763656010,21.82,21.82,21.82,21.82,0
1763656015,21.82,21.82,21.82,21.82,0
1763656020,21.8,21.8,21.8,21.8,0
1763656025,21.8,21.8,21.8,21.8,0
1763656030,21.8,21.8,21.8,21.8,0
1763656035,21.66,21.66,21.66,21.66,0
1763656040,21.66,21.66,21.66,21.66,0
1763656045,21.66,21.66,21.66,21.66,0
1763656050,21.65,21.65,21.65,21.65,0
1763656055,21.65,21.65,21.65,21.65,0
1763656060,21.65,21.65,21.65,21.65,0
1763656065,21.54,21.54,21.54,21.54,0
1763656070,21.54,21.54,21.54,21.54,0
1763656075,21.54,21.54,21.54,21.54,0
1763656080,21.48,21.48,21.48,21.48,0
1763656085,21.48,21.48,21.48,21.48,0
1763656090,21.48,21.48,21.48,21.48,0
1763656095,21.49,21.49,21.49,21.49,0
1763656100,21.49,21.49,21.49,21.49,0
1763656105,21.49,21.49,21.49,21.49,0
1763656110,21.5,21.5,21.5,21.5,0
1763656115,21.5,21.5,21.5,21.5,0
1763656120,21.5,21.5,21.5,21.5,0
1763656125,21.44,21.44,21.44,21.44,0
1763656130,21.44,21.44,21.44,21.44,0
1763656135,21.44,21.44,21.44,21.44,0
1763656140,21.5,21.5,21.5,21.5,0
1763656145,21.5,21.5,21.5,21.5,0
1763656150,21.5,21.5,21.5,21.5,0
1763656155,21.73,21.73,21.73,21.73,0
1763656160,21.73,21.73,21.73,21.73,0
1763656165,21.73,21.73,21.73,21.73,0
1763656170,21.84,21.84,21.84,21.84,0
1763656175,21.84,21.84,21.84,21.84,0
1763656180,21.84,21.84,21.84,21.84,0
1763656185,21.81,21.81,21.81,21.81,0
1763656190,21.81,21.81,21.81,21.81,0
1763656195,21.81,21.81,21.81,21.81,0
1763656200,21.84,21.84,21.84,21.84,0
1763656205,21.84,21.84,21.84,21.84,0
1763656210,21.84,21.84,21.84,21.84,0
1763656215,22.03,22.03,22.03,22.03,0
1763656220,22.03,22.03,22.03,22.03,0
1763656225,22.03,22.03,22.03,22.03,0
1763656230,22.03,22.03,22.03,22.03,0
1763656235,22.03,22.03,22.03,22.03,0
1763656240,22.03,22.03,22.03,22.03,0
1763656245,21.99,21.99,21.99,21.99,0
1763656250,21.99,21.99,21.99,21.99,0
1763656255,21.99,21.99,21.99,21.99,0
1763656260,21.95,21.95,21.95,21.95,0
1763656265,21.95,21.95,21.95,21.95,0
1763656270,21.95,21.95,21.95,21.95,0
1763656275,22.0,22.0,22.0,22.0,0
1763656280,22.0,22.0,22.0,22.0,0
1763656285,22.0,22.0,22.0,22.0,0
1763656290,22.1,22.1,22.1,22.1,0
1763656295,22.1,22.1,22.1,22.1,0
1763656300,22.1,22.1,22.1,22.1,0
1763656305,22.31,22.31,22.31,22.31,0
1763656310,22.31,22.31,22.31,22.31,0
1763656315,22.31,22.31,22.31,22.31,0
1763656320,22.26,22.26,22.26,22.26,0
1763656325,22.26,22.26,22.26,22.26,0
1763656330,22.26,22.26,22.26,22.26,0
1763656335,22.22,22.22,22.22,22.22,0
1763656340,22.22,22.22,22.22,22.22,0
1763656345,22.22,22.22,22.22,22.22,0
1763656350,22.18,22.18,22.18,22.18,0
1763656355,22.18,22.18,22.18,22.18,0
1763656360,22.18,22.18,22.18,22.18,0
1763656365,22.24,22.24,22.24,22.24,0
1763656370,22.24,22.24,22.24,22.24,0
1763656375,22.24,22.24,22.24,22.24,0
1763656380,22.27,22.27,22.27,22.27,0
1763656385,22.27,22.27,22.27,22.27,0
1763656390,22.27,22.27,22.27,22.27,0
1763656395,22.27,22.27,22.27,22.27,0
1763656400,22.27,22.27,22.27,22.27,0
1763656405,22.27,22.27,22.27,22.27,0
1763656410,22.29,22.29,22.29,22.29,0
1763656415,22.29,22.29,22.29,22.29,0
1763656420,22.29,22.29,22.29,22.29,0
1763656425,22.25,22.25,22.25,22.25,0
1763656430,22.25,22.25,22.25,22.25,0
1763656435,22.25,22.25,22.25,22.25,0
1763656440,22.29,22.29,22.29,22.29,0
1763656445,22.29,22.29,22.29,22.29,0
1763656450,22.29,22.29,22.29,22.29,0
1763656455,22.3,22.3,22.3,22.3,0
1763656460,22.3,22.3,22.3,22.3,0
1763656465,22.3,22.3,22.3,22.3,0
1763656470,22.3,22.3,22.3,22.3,0
1763656475,22.3,22.3,22.3,22.3,0
1763656480,22.3,22.3,22.3,22.3,0
1763656485,22.41,22.41,22.41,22.41,0
1763656490,22.41,22.41,22.41,22.41,0
1763656495,22.41,22.41,22.41,22.41,0
1763656500,22.35,22.35,22.35,22.35,0
1763656505,22.35,22.35,22.35,22.35,0
1763656510,22.35,22.35,22.35,22.35,0
1763656515,22.36,22.36,22.36,22.36,0
1763656520,22.36,22.36,22.36,22.36,0
1763656525,22.36,22.36,22.36,22.36,0
1763656530,22.55,22.55,22.55,22.55,0
1763656535,22.55,22.55,22.55,22.55,0
1763656540,22.55,22.55,22.55,22.55,0
1763656545,22.56,22.56,22.56,22.56,0
1763656550,22.56,22.56,22.56,22.56,0
1763656555,22.56,22.56,22.56,22.56,0
1763656560,22.52,22.52,22.52,22.52,0
1763656565,22.52,22.52,22.52,22.52,0
1763656570,22.52,22.52,22.52,22.52,0
1763656575,22.55,22.55,22.55,22.55,0
1763656580,22.55,22.55,22.55,22.55,0
1763656585,22.55,22.55,22.55,22.55,0
1763656590,22.49,22.49,22.49,22.49,0
1763656595,22.49,22.49,22.49,22.49,0
1763656600,22.49,22.49,22.49,22.49,0
1763656605,22.53,22.53,22.53,22.53,0
1763656610,22.53,22.53,22.53,22.53,0
1763656615,22.53,22.53,22.53,22.53,0
1763656620,22.57,22.57,22.57,22.57,0
1763656625,22.57,22.57,22.57,22.57,0
1763656630,22.57,22.57,22.57,22.57,0
1763656635,22.61,22.61,22.61,22.61,0
1763656640,22.61,22.61,22.61,22.61,0
1763656645,22.61,22.61,22.61,22.61,0
1763656650,22.61,22.61,22.61,22.61,0
1763656655,22.61,22.61,22.61,22.61,0
1763656660,22.61,22.61,22.61,22.61,0
1763656665,22.6,22.6,22.6,22.6,0
1763656670,22.6,22.6,22.6,22.6,0
1763656675,22.6,22.6,22.6,22.6,0
1763656680,22.74,22.74,22.74,22.74,0
1763656685,22.74,22.74,22.74,22.74,0
1763656690,22.74,22.74,22.74,22.74,0
1763656695,22.86,22.86,22.86,22.86,0
1763656700,22.86,22.86,22.86,22.86,0
1763656705,22.86,22.86,22.86,22.86,0
1763656710,23.0,23.0,23.0,23.0,0
1763656715,23.0,23.0,23.0,23.0,0
1763656720,23.0,23.0,23.0,23.0,0
1763656725,23.17,23.17,23.17,23.17,0
1763656730,23.17,23.17,23.17,23.17,0
1763656735,23.17,23.17,23.17,23.17,0
1763656740,23.19,23.19,23.19,23.19,0
1763656745,23.19,23.19,23.19,23.19,0
1763656750,23.19,23.19,23.19,23.19,0
1763656755,23.13,23.13,23.13,23.13,0
1763656760,23.13,23.13,23.13,23.13,0
1763656765,23.13,23.13,23.13,23.13,0
1763656770,23.02,23.02,23.02,23.02,0
1763656775,23.02,23.02,23.02,23.02,0
1763656780,23.02,23.02,23.02,23.02,0
1763656785,22.95,22.95,22.95,22.95,0
1763656790,22.95,22.95,22.95,22.95,0
1763656795,22.95,22.95,22.95,22.95,0
1763656800,23.0,23.0,23.0,23.0,0
1763656805,23.0,23.0,23.0,23.0,0
1763656810,23.0,23.0,23.0,23.0,0
1763656815,23.24,23.24,23.24,23.24,0
1763656820,23.24,23.24,23.24,23.24,0
1763656825,23.24,23.24,23.24,23.24,0
1763656830,23.24,23.24,23.24,23.24,0
1763656835,23.24,23.24,23.24,23.24,0
1763656840,23.24,23.24,23.24,23.24,0
1763656845,23.26,23.26,23.26,23.26,0
1763656850,23.26,23.26,23.26,23.26,0
1763656855,23.26,23.26,23.26,23.26,0
1763656860,23.32,23.32,23.32,23.32,0
1763656865,23.32,23.32,23.32,23.32,0
1763656870,23.32,23.32,23.32,23.32,0
1763656875,23.24,23.24,23.24,23.24,0
1763656880,23.24,23.24,23.24,23.24,0
1763656885,23.24,23.24,23.24,23.24,0
1763656890,23.33,23.33,23.33,23.33,0
1763656895,23.33,23.33,23.33,23.33,0
1763656900,23.33,23.33,23.33,23.33,0
1763656905,23.47,23.47,23.47,23.47,0
1763656910,23.47,23.47,23.47,23.47,0
1763656915,23.47,23.47,23.47,23.47,0
1763656920,23.41,23.41,23.41,23.41,0
1763656925,23.41,23.41,23.41,23.41,0
1763656930,23.41,23.41,23.41,23.41,0
1763656935,23.57,23.57,23.57,23.57,0
1763656940,23.57,23.57,23.57,23.57,0
1763656945,23.57,23.57,23.57,23.57,0
1763656950,23.57,23.57,23.57,23.57,0
1763656955,23.57,23.57,23.57,23.57,0
1763656960,23.57,23.57,23.57,23.57,0
1763656965,23.58,23.58,23.58,23.58,0
1763656970,23.58,23.58,23.58,23.58,0
1763656975,23.58,23.58,23.58,23.58,0
1763656980,23.62,23.62,23.62,23.62,0
1763656985,23.62,23.62,23.62,23.62,0
1763656990,23.62,23.62,23.62,23.62,0
1763656995,23.37,23.37,23.37,23.37,0
1763657000,23.37,23.37,23.37,23.37,0
1763657005,23.37,23.37,23.37,23.37,0
1763657010,23.33,23.33,23.33,23.33,0
1763657015,23.33,23.33,23.33,23.33,0
1763657020,23.33,23.33,23.33,23.33,0
1763657025,23.37,23.37,23.37,23.37,0
1763657030,23.37,23.37,23.37,23.37,0
1763657035,23.37,23.37,23.37,23.37,0
1763657040,23.33,23.33,23.33,23.33,0
1763657045,23.33,23.33,23.33,23.33,0
1763657050,23.33,23.33,23.33,23.33,0
1763657055,23.5,23.5,23.5,23.5,0
1763657060,23.5,23.5,23.5,23.5,0
1763657065,23.5,23.5,23.5,23.5,0
1763657070,23.58,23.58,23.58,23.58,0
1763657075,23.58,23.58,23.58,23.58,0
1763657080,23.58,23.58,23.58,23.58,0
1763657085,23.66,23.66,23.66,23.66,0
1763657090,23.66,23.66,23.66,23.66,0
1763657095,23.66,23.66,23.66,23.66,0
1763657100,23.71,23.71,23.71,23.71,0
1763657105,23.71,23.71,23.71,23.71,0
1763657110,23.71,23.71,23.71,23.71,0
1763657115,23.73,23.73,23.73,23.73,0
1763657120,23.73,23.73,23.73,23.73,0
1763657125,23.73,23.73,23.73,23.73,0
1763657130,23.61,23.61,23.61,23.61,0
1763657135,23.61,23.61,23.61,23.61,0
1763657140,23.61,23.61,23.61,23.61,0
1763657145,23.66,23.66,23.66,23.66,0
1763657150,23.66,23.66,23.66,23.66,0
1763657155,23.66,23.66,23.66,23.66,0
1763657160,23.64,23.64,23.64,23.64,0
1763657165,23.64,23.64,23.64,23.64,0
1763657170,23.64,23.64,23.64,23.64,0
1763657175,23.76,23.76,23.76,23.76,0
1763657180,23.76,23.76,23.76,23.76,0
1763657185,23.76,23.76,23.76,23.76,0
1763657190,23.79,23.79,23.79,23.79,0
1763657195,23.79,23.79,23.79,23.79,0
1763657200,23.79,23.79,23.79,23.79,0
1763657205,23.78,23.78,23.78,23.78,0
1763657210,23.78,23.78,23.78,23.78,0
1763657215,23.78,23.78,23.78,23.78,0
1763657220,23.83,23.83,23.83,23.83,0
1763657225,23.83,23.83,23.83,23.83,0
1763657230,23.83,23.83,23.83,23.83,0
1763657235,23.93,23.93,23.93,23.93,0
1763657240,23.93,23.93,23.93,23.93,0
1763657245,23.93,23.93,23.93,23.93,0
1763657250,23.93,23.93,23.93,23.93,0
1763657255,23.93,23.93,23.93,23.93,0
1763657260,23.93,23.93,23.93,23.93,0
1763657265,23.78,23.78,23.78,23.78,0
1763657270,23.78,23.78,23.78,23.78,0
1763657275,23.78,23.78,23.78,23.78,0
1763657280,23.72,23.72,23.72,23.72,0
1763657285,23.72,23.72,23.72,23.72,0
1763657290,23.72,23.72,23.72,23.72,0
1763657295,23.81,23.81,23.81,23.81,0
1763657300,23.81,23.81,23.81,23.81,0
1763657305,23.81,23.81,23.81,23.81,0
1763657310,23.67,23.67,23.67,23.67,0
1763657315,23.67,23.67,23.67,23.67,0
1763657320,23.67,23.67,23.67,23.67,0
1763657325,23.75,23.75,23.75,23.75,0
1763657330,23.75,23.75,23.75,23.75,0
1763657335,23.75,23.75,23.75,23.75,0
1763657340,23.65,23.65,23.65,23.65,0
1763657345,23.65,23.65,23.65,23.65,0
1763657350,23.65,23.65,23.65,23.65,0
1763657355,23.59,23.59,23.59,23.59,0
1763657360,23.59,23.59,23.59,23.59,0
1763657365,23.59,23.59,23.59,23.59,0
1763657370,23.68,23.68,23.68,23.68,0
1763657375,23.68,23.68,23.68,23.68,0
1763657380,23.68,23.68,23.68,23.68,0
1763657385,23.65,23.65,23.65,23.65,0
1763657390,23.65,23.65,23.65,23.65,0
1763657395,23.65,23.65,23.65,23.65,0
1763657400,23.55,23.55,23.55,23.55,0
1763657405,23.55,23.55,23.55,23.55,0
1763657410,23.55,23.55,23.55,23.55,0
1763657415,23.46,23.46,23.46,23.46,0
1763657420,23.46,23.46,23.46,23.46,0
1763657425,23.46,23.46,23.46,23.46,0
1763657430,23.47,23.47,23.47,23.47,0
1763657435,23.47,23.47,23.47,23.47,0
1763657440,23.47,23.47,23.47,23.47,0
1763657445,23.45,23.45,23.45,23.45,0
1763657450,23.45,23.45,23.45,23.45,0
1763657455,23.45,23.45,23.45,23.45,0
1763657460,23.41,23.41,23.41,23.41,0
1763657465,23.41,23.41,23.41,23.41,0
1763657470,23.41,23.41,23.41,23.41,0
1763657475,23.46,23.46,23.46,23.46,0
1763657480,23.46,23.46,23.46,23.46,0
1763657485,23.46,23.46,23.46,23.46,0
1763657490,23.27,23.27,23.27,23.27,0
1763657495,23.27,23.27,23.27,23.27,0
1763657500,23.27,23.27,23.27,23.27,0
1763657505,23.18,23.18,23.18,23.18,0
1763657510,23.18,23.18,23.18,23.18,0
1763657515,23.18,23.18,23.18,23.18,0
1763657520,23.08,23.08,23.08,23.08,0
1763657525,23.08,23.08,23.08,23.08,0
1763657530,23.08,23.08,23.08,23.08,0
1763657535,23.23,23.23,23.23,23.23,0
1763657540,23.23,23.23,23.23,23.23,0
1763657545,23.23,23.23,23.23,23.23,0
1763657550,23.26,23.26,23.26,23.26,0
1763657555,23.26,23.26,23.26,23.26,0
1763657560,23.26,23.26,23.26,23.26,0
1763657565,23.4,23.4,23.4,23.4,0
1763657570,23.4,23.4,23.4,23.4,0
1763657575,23.4,23.4,23.4,23.4,0
1763657580,23.47,23.47,23.47,23.47,0
1763657585,23.47,23.47,23.47,23.47,0
1763657590,23.47,23.47,23.47,23.47,0
1763657595,23.3,23.3,23.3,23.3,0
1763657600,23.3,23.3,23.3,23.3,0
1763657605,23.3,23.3,23.3,23.3,0
1763657610,23.37,23.37,23.37,23.37,0
1763657615,23.37,23.37,23.37,23.37,0
1763657620,23.37,23.37,23.37,23.37,0
1763657625,23.4,23.4,23.4,23.4,0
1763657630,23.4,23.4,23.4,23.4,0
1763657635,23.4,23.4,23.4,23.4,0
1763657640,23.41,23.41,23.41,23.41,0
1763657645,23.41,23.41,23.41,23.41,0
1763657650,23.41,23.41,23.41,23.41,0
1763657655,23.71,23.71,23.71,23.71,0
1763657660,23.71,23.71,23.71,23.71,0
1763657665,23.71,23.71,23.71,23.71,0
1763657670,23.89,23.89,23.89,23.89,0
1763657675,23.89,23.89,23.89,23.89,0
1763657680,23.89,23.89,23.89,23.89,0
1763657685,24.02,24.02,24.02,24.02,0
1763657690,24.02,24.02,24.02,24.02,0
1763657695,24.02,24.02,24.02,24.02,0
1763657700,23.99,23.99,23.99,23.99,0
1763657705,23.99,23.99,23.99,23.99,0
1763657710,23.99,23.99,23.99,23.99,0
1763657715,24.07,24.07,24.07,24.07,0
1763657720,24.07,24.07,24.07,24.07,0
1763657725,24.07,24.07,24.07,24.07,0
1763657730,24.23,24.23,24.23,24.23,0
1763657735,24.23,24.23,24.23,24.23,0
1763657740,24.23,24.23,24.23,24.23,0
1763657745,24.43,24.43,24.43,24.43,0
1763657750,24.43,24.43,24.43,24.43,0
1763657755,24.43,24.43,24.43,24.43,0
1763657760,24.52,24.52,24.52,24.52,0
1763657765,24.52,24.52,24.52,24.52,0
1763657770,24.52,24.52,24.52,24.52,0
1763657775,24.59,24.59,24.59,24.59,0
1763657780,24.59,24.59,24.59,24.59,0
1763657785,24.59,24.59,24.59,24.59,0
1763657790,24.55,24.55,24.55,24.55,0
1763657795,24.55,24.55,24.55,24.55,0
1763657800,24.55,24.55,24.55,24.55,0
1763657805,24.58,24.58,24.58,24.58,0
1763657810,24.58,24.58,24.58,24.58,0
1763657815,24.58,24.58,24.58,24.58,0
1763657820,24.73,24.73,24.73,24.73,0
1763657825,24.73,24.73,24.73,24.73,0
1763657830,24.73,24.73,24.73,24.73,0
1763657835,24.91,24.91,24.91,24.91,0
1763657840,24.91,24.91,24.91,24.91,0
1763657845,24.91,24.91,24.91,24.91,0
1763657850,24.89,24.89,24.89,24.89,0
1763657855,24.89,24.89,24.89,24.89,0
1763657860,24.89,24.89,24.89,24.89,0
1763657865,25.04,25.04,25.04,25.04,0
1763657870,25.04,25.04,25.04,25.04,0
1763657875,25.04,25.04,25.04,25.04,0
1763657880,24.94,24.94,24.94,24.94,0
1763657885,24.94,24.94,24.94,24.94,0
1763657890,24.94,24.94,24.94,24.94,0
1763657895,25.08,25.08,25.08,25.08,0
1763657900,25.08,25.08,25.08,25.08,0
1763657905,25.08,25.08,25.08,25.08,0
1763657910,25.32,25.32,25.32,25.32,0
1763657915,25.32,25.32,25.32,25.32,0
1763657920,25.32,25.32,25.32,25.32,0
1763657925,25.4,25.4,25.4,25.4,0
1763657930,25.4,25.4,25.4,25.4,0
1763657935,25.4,25.4,25.4,25.4,0
1763657940,25.23,25.23,25.23,25.23,0
1763657945,25.23,25.23,25.23,25.23,0
1763657950,25.23,25.23,25.23,25.23,0
1763657955,25.58,25.58,25.58,25.58,0
1763657960,25.58,25.58,25.58,25.58,0
1763657965,25.58,25.58,25.58,25.58,0
1763657970,25.72,25.72,25.72,25.72,0
1763657975,25.72,25.72,25.72,25.72,0
1763657980,25.72,25.72,25.72,25.72,0
1763657985,25.71,25.71,25.71,25.71,0
1763657990,25.71,25.71,25.71,25.71,0
1763657995,25.71,25.71,25.71,25.71,0
1763658000,25.75,25.75,25.75,25.75,0
1763658005,25.75,25.75,25.75,25.75,0
1763658010,25.75,25.75,25.75,25.75,0
1763658015,25.39,25.39,25.39,25.39,0
1763658020,25.39,25.39,25.39,25.39,0
1763658025,25.39,25.39,25.39,25.39,0
1763658030,25.33,25.33,25.33,25.33,0
1763658035,25.33,25.33,25.33,25.33,0
1763658040,25.33,25.33,25.33,25.33,0
1763658045,25.35,25.35,25.35,25.35,0
1763658050,25.35,25.35,25.35,25.35,0
1763658055,25.35,25.35,25.35,25.35,0
1763658060,25.5,25.5,25.5,25.5,0
1763658065,25.5,25.5,25.5,25.5,0
1763658070,25.5,25.5,25.5,25.5,0
1763658075,25.47,25.47,25.47,25.47,0
1763658080,25.47,25.47,25.47,25.47,0
1763658085,25.47,25.47,25.47,25.47,0
1763658090,25.38,25.38,25.38,25.38,0
1763658095,25.38,25.38,25.38,25.38,0
1763658100,25.38,25.38,25.38,25.38,0
1763658105,25.2,25.2,25.2,25.2,0
1763658110,25.2,25.2,25.2,25.2,0
1763658115,25.2,25.2,25.2,25.2,0
1763658120,25.12,25.12,25.12,25.12,0
1763658125,25.12,25.12,25.12,25.12,0
1763658130,25.12,25.12,25.12,25.12,0
1763658135,25.34,25.34,25.34,25.34,0
1763658140,25.34,25.34,25.34,25.34,0
1763658145,25.34,25.34,25.34,25.34,0
1763658150,25.34,25.34,25.34,25.34,0
1763658155,25.34,25.34,25.34,25.34,0
1763658160,25.34,25.34,25.34,25.34,0
1763658165,25.21,25.21,25.21,25.21,0
1763658170,25.21,25.21,25.21,25.21,0
1763658175,25.21,25.21,25.21,25.21,0
1763658180,25.3,25.3,25.3,25.3,0
1763658185,25.3,25.3,25.3,25.3,0
1763658190,25.3,25.3,25.3,25.3,0
1763658195,25.24,25.24,25.24,25.24,0
1763658200,25.24,25.24,25.24,25.24,0
1763658205,25.24,25.24,25.24,25.24,0
1763658210,25.16,25.16,25.16,25.16,0
1763658215,25.16,25.16,25.16,25.16,0
1763658220,25.16,25.16,25.16,25.16,0
1763658225,25.22,25.22,25.22,25.22,0
1763658230,25.22,25.22,25.22,25.22,0
1763658235,25.22,25.22,25.22,25.22,0
1763658240,25.35,25.35,25.35,25.35,0
1763658245,25.35,25.35,25.35,25.35,0
1763658250,25.35,25.35,25.35,25.35,0
1763658255,25.23,25.23,25.23,25.23,0
1763658260,25.23,25.23,25.23,25.23,0
1763658265,25.23,25.23,25.23,25.23,0
1763658270,25.09,25.09,25.09,25.09,0
1763658275,25.09,25.09,25.09,25.09,0
1763658280,25.09,25.09,25.09,25.09,0
1763658285,25.06,25.06,25.06,25.06,0
1763658290,25.06,25.06,25.06,25.06,0
1763658295,25.06,25.06,25.06,25.06,0
1763658300,25.05,25.05,25.05,25.05,0
1763658305,25.05,25.05,25.05,25.05,0
1763658310,25.05,25.05,25.05,25.05,0
1763658315,25.17,25.17,25.17,25.17,0
1763658320,25.17,25.17,25.17,25.17,0
1763658325,25.17,25.17,25.17,25.17,0
1763658330,25.25,25.25,25.25,25.25,0
1763658335,25.25,25.25,25.25,25.25,0
1763658340,25.25,25.25,25.25,25.25,0
1763658345,25.34,25.34,25.34,25.34,0
1763658350,25.34,25.34,25.34,25.34,0
1763658355,25.34,25.34,25.34,25.34,0
1763658360,25.43,25.43,25.43,25.43,0
1763658365,25.43,25.43,25.43,25.43,0
1763658370,25.43,25.43,25.43,25.43,0
1763658375,25.38,25.38,25.38,25.38,0
1763658380,25.38,25.38,25.38,25.38,0
1763658385,25.38,25.38,25.38,25.38,0
1763658390,25.34,25.34,25.34,25.34,0
1763658395,25.34,25.34,25.34,25.34,0
1763658400,25.34,25.34,25.34,25.34,0
1763658405,25.41,25.41,25.41,25.41,0
1763658410,25.41,25.41,25.41,25.41,0
1763658415,25.41,25.41,25.41,25.41,0
1763658420,25.57,25.57,25.57,25.57,0
1763658425,25.57,25.57,25.57,25.57,0
1763658430,25.57,25.57,25.57,25.57,0
1763658435,25.96,25.96,25.96,25.96,0
1763658440,25.96,25.96,25.96,25.96,0
1763658445,25.96,25.96,25.96,25.96,0
1763658450,25.93,25.93,25.93,25.93,0
1763658455,25.93,25.93,25.93,25.93,0
1763658460,25.93,25.93,25.93,25.93,0
1763658465,25.84,25.84,25.84,25.84,0
1763658470,25.84,25.84,25.84,25.84,0
1763658475,25.84,25.84,25.84,25.84,0
1763658480,25.93,25.93,25.93,25.93,0
1763658485,25.93,25.93,25.93,25.93,0
1763658490,25.93,25.93,25.93,25.93,0
1763658495,25.75,25.75,25.75,25.75,0
1763658500,25.75,25.75,25.75,25.75,0
1763658505,25.75,25.75,25.75,25.75,0
1763658510,25.56,25.56,25.56,25.56,0
1763658515,25.56,25.56,25.56,25.56,0
1763658520,25.56,25.56,25.56,25.56,0
1763658525,25.49,25.49,25.49,25.49,0
1763658530,25.49,25.49,25.49,25.49,0
1763658535,25.49,25.49,25.49,25.49,0
1763658540,25.48,25.48,25.48,25.48,0
1763658545,25.48,25.48,25.48,25.48,0
1763658550,25.48,25.48,25.48,25.48,0
1763658555,25.58,25.58,25.58,25.58,0
1763658560,25.58,25.58,25.58,25.58,0
1763658565,25.58,25.58,25.58,25.58,0
1763658570,25.74,25.74,25.74,25.74,0
1763658575,25.74,25.74,25.74,25.74,0
1763658580,25.74,25.74,25.74,25.74,0
1763658585,25.83,25.83,25.83,25.83,0
1763658590,25.83,25.83,25.83,25.83,0
1763658595,25.83,25.83,25.83,25.83,0
1763658600,25.86,25.86,25.86,25.86,0
1763658605,25.86,25.86,25.86,25.86,0
1763658610,25.86,25.86,25.86,25.86,0
1763658615,26.02,26.02,26.02,26.02,0
1763658620,26.02,26.02,26.02,26.02,0
1763658625,26.02,26.02,26.02,26.02,0
1763658630,26.1,26.1,26.1,26.1,0
1763658635,26.1,26.1,26.1,26.1,0
1763658640,26.1,26.1,26.1,26.1,0
1763658645,26.16,26.16,26.16,26.16,0
1763658650,26.16,26.16,26.16,26.16,0
1763658655,26.16,26.16,26.16,26.16,0
1763658660,26.18,26.18,26.18,26.18,0
1763658665,26.18,26.18,26.18,26.18,0
1763658670,26.18,26.18,26.18,26.18,0
1763658675,26.34,26.34,26.34,26.34,0
1763658680,26.34,26.34,26.34,26.34,0
1763658685,26.34,26.34,26.34,26.34,0
1763658690,26.28,26.28,26.28,26.28,0
1763658695,26.28,26.28,26.28,26.28,0
1763658700,26.28,26.28,26.28,26.28,0
1763658705,26.52,26.52,26.52,26.52,0
1763658710,26.52,26.52,26.52,26.52,0
1763658715,26.52,26.52,26.52,26.52,0
1763658720,26.86,26.86,26.86,26.86,0
1763658725,26.86,26.86,26.86,26.86,0
1763658730,26.86,26.86,26.86,26.86,0
1763658735,27.1,27.1,27.1,27.1,0
1763658740,27.1,27.1,27.1,27.1,0
1763658745,27.1,27.1,27.1,27.1,0
1763658750,27.15,27.15,27.15,27.15,0
1763658755,27.15,27.15,27.15,27.15,0
1763658760,27.15,27.15,27.15,27.15,0
1763658765,27.05,27.05,27.05,27.05,0
1763658770,27.05,27.05,27.05,27.05,0
1763658775,27.05,27.05,27.05,27.05,0
1763658780,26.94,26.94,26.94,26.94,0
1763658785,26.94,26.94,26.94,26.94,0
1763658790,26.94,26.94,26.94,26.94,0
1763658795,27.11,27.11,27.11,27.11,0
1763658800,27.11,27.11,27.11,27.11,0
1763658805,27.11,27.11,27.11,27.11,0
1763658810,27.38,27.38,27.38,27.38,0
1763658815,27.38,27.38,27.38,27.38,0
1763658820,27.38,27.38,27.38,27.38,0
1763658825,27.49,27.49,27.49,27.49,0
1763658830,27.49,27.49,27.49,27.49,0
1763658835,27.49,27.49,27.49,27.49,0
1763658840,27.58,27.58,27.58,27.58,0
1763658845,27.58,27.58,27.58,27.58,0
1763658850,27.58,27.58,27.58,27.58,0
1763658855,27.32,27.32,27.32,27.32,0
1763658860,27.32,27.32,27.32,27.32,0
1763658865,27.32,27.32,27.32,27.32,0
1763658870,27.01,27.01,27.01,27.01,0
1763658875,27.01,27.01,27.01,27.01,0
1763658880,27.01,27.01,27.01,27.01,0
1763658885,26.98,26.98,26.98,26.98,0
1763658890,26.98,26.98,26.98,26.98,0
1763658895,26.98,26.98,26.98,26.98,0
1763658900,26.82,26.82,26.82,26.82,0
1763658905,26.82,26.82,26.82,26.82,0
1763658910,26.82,26.82,26.82,26.82,0
1763658915,26.97,26.97,26.97,26.97,0
1763658920,26.97,26.97,26.97,26.97,0
1763658925,26.97,26.97,26.97,26.97,0
1763658930,27.02,27.02,27.02,27.02,0
1763658935,27.02,27.02,27.02,27.02,0
1763658940,27.02,27.02,27.02,27.02,0
1763658945,27.16,27.16,27.16,27.16,0
1763658950,27.16,27.16,27.16,27.16,0
1763658955,27.16,27.16,27.16,27.16,0
1763658960,26.98,26.98,26.98,26.98,0
1763658965,26.98,26.98,26.98,26.98,0
1763658970,26.98,26.98,26.98,26.98,0
1763658975,27.51,27.51,27.51,27.51,0
1763658980,27.51,27.51,27.51,27.51,0
1763658985,27.51,27.51,27.51,27.51,0
1763658990,27.46,27.46,27.46,27.46,0
1763658995,27.46,27.46,27.46,27.46,0
1763659000,27.46,27.46,27.46,27.46,0
1763659005,27.57,27.57,27.57,27.57,0
1763659010,27.57,27.57,27.57,27.57,0
1763659015,27.57,27.57,27.57,27.57,0
1763659020,27.74,27.74,27.74,27.74,0
1763659025,27.74,27.74,27.74,27.74,0
1763659030,27.74,27.74,27.74,27.74,0
1763659035,27.78,27.78,27.78,27.78,0
1763659040,27.78,27.78,27.78,27.78,0
1763659045,27.78,27.78,27.78,27.78,0
1763659050,27.83,27.83,27.83,27.83,0
1763659055,27.83,27.83,27.83,27.83,0
1763659060,27.83,27.83,27.83,27.83,0
1763659065,27.83,27.83,27.83,27.83,0
1763659070,27.83,27.83,27.83,27.83,0
1763659075,27.83,27.83,27.83,27.83,0
1763659080,27.91,27.91,27.91,27.91,0
1763659085,27.91,27.91,27.91,27.91,0
1763659090,27.91,27.91,27.91,27.91,0
1763659095,28.02,28.02,28.02,28.02,0
1763659100,28.02,28.02,28.02,28.02,0
1763659105,28.02,28.02,28.02,28.02,0
1763659110,28.12,28.12,28.12,28.12,0
1763659115,28.12,28.12,28.12,28.12,0
1763659120,28.12,28.12,28.12,28.12,0
1763659125,27.96,27.96,27.96,27.96,0
1763659130,27.96,27.96,27.96,27.96,0
1763659135,27.96,27.96,27.96,27.96,0
1763659140,28.1,28.1,28.1,28.1,0
1763659145,28.1,28.1,28.1,28.1,0
1763659150,28.1,28.1,28.1,28.1,0
1763659155,28.02,28.02,28.02,28.02,0
1763659160,28.02,28.02,28.02,28.02,0
1763659165,28.02,28.02,28.02,28.02,0
1763659170,27.84,27.84,27.84,27.84,0
1763659175,27.84,27.84,27.84,27.84,0
1763659180,27.84,27.84,27.84,27.84,0
1763659185,27.79,27.79,27.79,27.79,0
1763659190,27.79,27.79,27.79,27.79,0
1763659195,27.79,27.79,27.79,27.79,0
1763659200,27.78,27.78,27.78,27.78,0
1763659205,27.78,27.78,27.78,27.78,0
1763659210,27.78,27.78,27.78,27.78,0
1763659215,27.81,27.81,27.81,27.81,0
1763659220,27.81,27.81,27.81,27.81,0
1763659225,27.81,27.81,27.81,27.81,0
1763659230,27.77,27.77,27.77,27.77,0
1763659235,27.77,27.77,27.77,27.77,0
1763659240,27.77,27.77,27.77,27.77,0
1763659245,28.27,28.27,28.27,28.27,0
1763659250,28.27,28.27,28.27,28.27,0
1763659255,28.27,28.27,28.27,28.27,0
1763659260,28.23,28.23,28.23,28.23,0
1763659265,28.23,28.23,28.23,28.23,0
1763659270,28.23,28.23,28.23,28.23,0
1763659275,28.14,28.14,28.14,28.14,0
1763659280,28.14,28.14,28.14,28.14,0
1763659285,28.14,28.14,28.14,28.14,0
1763659290,27.88,27.88,27.88,27.88,0
1763659295,27.88,27.88,27.88,27.88,0
1763659300,27.88,27.88,27.88,27.88,0
1763659305,27.74,27.74,27.74,27.74,0
1763659310,27.74,27.74,27.74,27.74,0
1763659315,27.74,27.74,27.74,27.74,0
1763659320,27.45,27.45,27.45,27.45,0
1763659325,27.45,27.45,27.45,27.45,0
1763659330,27.45,27.45,27.45,27.45,0
1763659335,27.29,27.29,27.29,27.29,0
1763659340,27.29,27.29,27.29,27.29,0
1763659345,27.29,27.29,27.29,27.29,0
1763659350,27.56,27.56,27.56,27.56,0
1763659355,27.56,27.56,27.56,27.56,0
1763659360,27.56,27.56,27.56,27.56,0
1763659365,27.29,27.29,27.29,27.29,0
1763659370,27.29,27.29,27.29,27.29,0
1763659375,27.29,27.29,27.29,27.29,0
1763659380,27.33,27.33,27.33,27.33,0
1763659385,27.33,27.33,27.33,27.33,0
1763659390,27.33,27.33,27.33,27.33,0
1763659395,27.22,27.22,27.22,27.22,0
1763659400,27.22,27.22,27.22,27.22,0
1763659405,27.22,27.22,27.22,27.22,0
1763659410,27.15,27.15,27.15,27.15,0
1763659415,27.15,27.15,27.15,27.15,0
1763659420,27.15,27.15,27.15,27.15,0
1763659425,27.18,27.18,27.18,27.18,0
1763659430,27.18,27.18,27.18,27.18,0
1763659435,27.18,27.18,27.18,27.18,0
1763659440,27.14,27.14,27.14,27.14,0
1763659445,27.14,27.14,27.14,27.14,0
1763659450,27.14,27.14,27.14,27.14,0
1763659455,26.96,26.96,26.96,26.96,0
1763659460,26.96,26.96,26.96,26.96,0
1763659465,26.96,26.96,26.96,26.96,0
1763659470,27.14,27.14,27.14,27.14,0
1763659475,27.14,27.14,27.14,27.14,0
1763659480,27.14,27.14,27.14,27.14,0
1763659485,27.19,27.19,27.19,27.19,0
1763659490,27.19,27.19,27.19,27.19,0
1763659495,27.19,27.19,27.19,27.19,0
1763659500,27.26,27.26,27.26,27.26,0
1763659505,27.26,27.26,27.26,27.26,0
1763659510,27.26,27.26,27.26,27.26,0
1763659515,27.45,27.45,27.45,27.45,0
1763659520,27.45,27.45,27.45,27.45,0
1763659525,27.45,27.45,27.45,27.45,0
1763659530,27.45,27.45,27.45,27.45,0
1763659535,27.45,27.45,27.45,27.45,0
1763659540,27.45,27.45,27.45,27.45,0
1763659545,27.66,27.66,27.66,27.66,0
1763659550,27.66,27.66,27.66,27.66,0
1763659555,27.66,27.66,27.66,27.66,0
1763659560,27.69,27.69,27.69,27.69,0
1763659565,27.69,27.69,27.69,27.69,0
1763659570,27.69,27.69,27.69,27.69,0
1763659575,27.5,27.5,27.5,27.5,0
1763659580,27.5,27.5,27.5,27.5,0
1763659585,27.5,27.5,27.5,27.5,0
1763659590,27.4,27.4,27.4,27.4,0
1763659595,27.4,27.4,27.4,27.4,0
1763659600,27.4,27.4,27.4,27.4,0
1763659605,27.28,27.28,27.28,27.28,0
1763659610,27.28,27.28,27.28,27.28,0
1763659615,27.28,27.28,27.28,27.28,0
1763659620,27.13,27.13,27.13,27.13,0
1763659625,27.13,27.13,27.13,27.13,0
1763659630,27.13,27.13,27.13,27.13,0
1763659635,27.06,27.06,27.06,27.06,0
1763659640,27.06,27.06,27.06,27.06,0
1763659645,27.06,27.06,27.06,27.06,0
1763659650,26.77,26.77,26.77,26.77,0
1763659655,26.77,26.77,26.77,26.77,0
1763659660,26.77,26.77,26.77,26.77,0
1763659665,26.97,26.97,26.97,26.97,0
1763659670,26.97,26.97,26.97,26.97,0
1763659675,26.97,26.97,26.97,26.97,0
1763659680,26.86,26.86,26.86,26.86,0
1763659685,26.86,26.86,26.86,26.86,0
1763659690,26.86,26.86,26.86,26.86,0
1763659695,26.75,26.75,26.75,26.75,0
1763659700,26.75,26.75,26.75,26.75,0
1763659705,26.75,26.75,26.75,26.75,0
1763659710,26.67,26.67,26.67,26.67,0
1763659715,26.67,26.67,26.67,26.67,0
1763659720,26.67,26.67,26.67,26.67,0
1763659725,26.64,26.64,26.64,26.64,0
1763659730,26.64,26.64,26.64,26.64,0
1763659735,26.64,26.64,26.64,26.64,0
1763659740,26.59,26.59,26.59,26.59,0
1763659745,26.59,26.59,26.59,26.59,0
1763659750,26.59,26.59,26.59,26.59,0
1763659755,26.63,26.63,26.63,26.63,0
1763659760,26.63,26.63,26.63,26.63,0
1763659765,26.63,26.63,26.63,26.63,0
1763659770,26.65,26.65,26.65,26.65,0
1763659775,26.65,26.65,26.65,26.65,0
1763659780,26.65,26.65,26.65,26.65,0
1763659785,26.59,26.59,26.59,26.59,0
1763659790,26.59,26.59,26.59,26.59,0
1763659795,26.59,26.59,26.59,26.59,0
1763659800,26.52,26.52,26.52,26.52,0
1763659805,26.52,26.52,26.52,26.52,0
1763659810,26.52,26.52,26.52,26.52,0
1763659815,26.14,26.14,26.14,26.14,0
1763659820,26.14,26.14,26.14,26.14,0
1763659825,26.14,26.14,26.14,26.14,0
1763659830,26.39,26.39,26.39,26.39,0
1763659835,26.39,26.39,26.39,26.39,0
1763659840,26.39,26.39,26.39,26.39,0
1763659845,26.28,26.28,26.28,26.28,0
1763659850,26.28,26.28,26.28,26.28,0
1763659855,26.28,26.28,26.28,26.28,0
1763659860,26.27,26.27,26.27,26.27,0
1763659865,26.27,26.27,26.27,26.27,0
1763659870,26.27,26.27,26.27,26.27,0
1763659875,26.37,26.37,26.37,26.37,0
1763659880,26.37,26.37,26.37,26.37,0
1763659885,26.37,26.37,26.37,26.37,0
1763659890,26.33,26.33,26.33,26.33,0
1763659895,26.33,26.33,26.33,26.33,0
1763659900,26.33,26.33,26.33,26.33,0
1763659905,26.48,26.48,26.48,26.48,0
1763659910,26.48,26.48,26.48,26.48,0
1763659915,26.48,26.48,26.48,26.48,0
1763659920,26.64,26.64,26.64,26.64,0
1763659925,26.64,26.64,26.64,26.64,0
1763659930,26.64,26.64,26.64,26.64,0
1763659935,26.4,26.4,26.4,26.4,0
1763659940,26.4,26.4,26.4,26.4,0
1763659945,26.4,26.4,26.4,26.4,0
1763659950,26.39,26.39,26.39,26.39,0
1763659955,26.39,26.39,26.39,26.39,0
1763659960,26.39,26.39,26.39,26.39,0
1763659965,26.71,26.71,26.71,26.71,0
1763659970,26.71,26.71,26.71,26.71,0
1763659975,26.71,26.71,26.71,26.71,0
1763659980,26.75,26.75,26.75,26.75,0
1763659985,26.75,26.75,26.75,26.75,0
1763659990,26.75,26.75,26.75,26.75,0
1763659995,26.96,26.96,26.96,26.96,0
1763660000,26.96,26.96,26.96,26.96,0
1763660005,26.96,26.96,26.96,26.96,0
1763660010,26.98,26.98,26.98,26.98,0
1763660015,26.98,26.98,26.98,26.98,0
1763660020,26.98,26.98,26.98,26.98,0
1763660025,26.99,26.99,26.99,26.99,0
1763660030,26.99,26.99,26.99,26.99,0
1763660035,26.99,26.99,26.99,26.99,0
1763660040,27.09,27.09,27.09,27.09,0
1763660045,27.09,27.09,27.09,27.09,0
1763660050,27.09,27.09,27.09,27.09,0
1763660055,27.18,27.18,27.18,27.18,0
1763660060,27.18,27.18,27.18,27.18,0
1763660065,27.18,27.18,27.18,27.18,0
1763660070,27.08,27.08,27.08,27.08,0
1763660075,27.08,27.08,27.08,27.08,0
1763660080,27.08,27.08,27.08,27.08,0
1763660085,27.06,27.06,27.06,27.06,0
1763660090,27.06,27.06,27.06,27.06,0
1763660095,27.06,27.06,27.06,27.06,0
1763660100,27.06,27.06,27.06,27.06,0
1763660105,27.06,27.06,27.06,27.06,0
1763660110,27.06,27.06,27.06,27.06,0
1763660115,27.23,27.23,27.23,27.23,0
1763660120,27.23,27.23,27.23,27.23,0
1763660125,27.23,27.23,27.23,27.23,0
1763660130,27.45,27.45,27.45,27.45,0
1763660135,27.45,27.45,27.45,27.45,0
1763660140,27.45,27.45,27.45,27.45,0
1763660145,27.55,27.55,27.55,27.55,0
1763660150,27.55,27.55,27.55,27.55,0
1763660155,27.55,27.55,27.55,27.55,0
1763660160,27.59,27.59,27.59,27.59,0
1763660165,27.59,27.59,27.59,27.59,0
1763660170,27.59,27.59,27.59,27.59,0
1763660175,27.84,27.84,27.84,27.84,0
1763660180,27.84,27.84,27.84,27.84,0
1763660185,27.84,27.84,27.84,27.84,0
1763660190,27.76,27.76,27.76,27.76,0
1763660195,27.76,27.76,27.76,27.76,0
1763660200,27.76,27.76,27.76,27.76,0
1763660205,27.68,27.68,27.68,27.68,0
1763660210,27.68,27.68,27.68,27.68,0
1763660215,27.68,27.68,27.68,27.68,0
1763660220,27.67,27.67,27.67,27.67,0
1763660225,27.67,27.67,27.67,27.67,0
1763660230,27.67,27.67,27.67,27.67,0
1763660235,27.52,27.52,27.52,27.52,0
1763660240,27.52,27.52,27.52,27.52,0
1763660245,27.52,27.52,27.52,27.52,0
1763660250,27.72,27.72,27.72,27.72,0
1763660255,27.72,27.72,27.72,27.72,0
1763660260,27.72,27.72,27.72,27.72,0
1763660265,27.59,27.59,27.59,27.59,0
1763660270,27.59,27.59,27.59,27.59,0
1763660275,27.59,27.59,27.59,27.59,0
1763660280,27.32,27.32,27.32,27.32,0
1763660285,27.32,27.32,27.32,27.32,0
1763660290,27.32,27.32,27.32,27.32,0
1763660295,27.26,27.26,27.26,27.26,0
1763660300,27.26,27.26,27.26,27.26,0
1763660305,27.26,27.26,27.26,27.26,0
1763660310,27.13,27.13,27.13,27.13,0
1763660315,27.13,27.13,27.13,27.13,0
1763660320,27.13,27.13,27.13,27.13,0
1763660325,27.0,27.0,27.0,27.0,0
1763660330,27.0,27.0,27.0,27.0,0
1763660335,27.0,27.0,27.0,27.0,0
1763660340,26.83,26.83,26.83,26.83,0
1763660345,26.83,26.83,26.83,26.83,0
1763660350,26.83,26.83,26.83,26.83,0
1763660355,26.57,26.57,26.57,26.57,0
1763660360,26.57,26.57,26.57,26.57,0
1763660365,26.57,26.57,26.57,26.57,0
1763660370,26.48,26.48,26.48,26.48,0
1763660375,26.48,26.48,26.48,26.48,0
1763660380,26.48,26.48,26.48,26.48,0
1763660385,26.27,26.27,26.27,26.27,0
1763660390,26.27,26.27,26.27,26.27,0
1763660395,26.27,26.27,26.27,26.27,0
1763660400,26.15,26.15,26.15,26.15,0
1763660405,26.15,26.15,26.15,26.15,0
1763660410,26.15,26.15,26.15,26.15,0
1763660415,26.28,26.28,26.28,26.28,0
1763660420,26.28,26.28,26.28,26.28,0
1763660425,26.28,26.28,26.28,26.28,0
1763660430,26.21,26.21,26.21,26.21,0
1763660435,26.21,26.21,26.21,26.21,0
1763660440,26.21,26.21,26.21,26.21,0
1763660445,26.33,26.33,26.33,26.33,0
1763660450,26.33,26.33,26.33,26.33,0
1763660455,26.33,26.33,26.33,26.33,0
1763660460,26.14,26.14,26.14,26.14,0
1763660465,26.14,26.14,26.14,26.14,0
1763660470,26.14,26.14,26.14,26.14,0
1763660475,26.03,26.03,26.03,26.03,0
1763660480,26.03,26.03,26.03,26.03,0
1763660485,26.03,26.03,26.03,26.03,0
1763660490,26.04,26.04,26.04,26.04,0
1763660495,26.04,26.04,26.04,26.04,0
1763660500,26.04,26.04,26.04,26.04,0
1763660505,26.04,26.04,26.04,26.04,0
1763660510,26.04,26.04,26.04,26.04,0
1763660515,26.04,26.04,26.04,26.04,0
1763660520,26.12,26.12,26.12,26.12,0
1763660525,26.12,26.12,26.12,26.12,0
1763660530,26.12,26.12,26.12,26.12,0
1763660535,26.13,26.13,26.13,26.13,0
1763660540,26.13,26.13,26.13,26.13,0
1763660545,26.13,26.13,26.13,26.13,0
1763660550,26.22,26.22,26.22,26.22,0
1763660555,26.22,26.22,26.22,26.22,0
1763660560,26.22,26.22,26.22,26.22,0
1763660565,26.36,26.36,26.36,26.36,0
1763660570,26.36,26.36,26.36,26.36,0
1763660575,26.36,26.36,26.36,26.36,0
1763660580,26.3,26.3,26.3,26.3,0
1763660585,26.3,26.3,26.3,26.3,0
1763660590,26.3,26.3,26.3,26.3,0
1763660595,26.39,26.39,26.39,26.39,0
1763660600,26.39,26.39,26.39,26.39,0
1763660605,26.39,26.39,26.39,26.39,0
1763660610,26.39,26.39,26.39,26.39,0
1763660615,26.39,26.39,26.39,26.39,0
1763660620,26.39,26.39,26.39,26.39,0
1763660625,26.48,26.48,26.48,26.48,0
1763660630,26.48,26.48,26.48,26.48,0
1763660635,26.48,26.48,26.48,26.48,0
1763660640,26.68,26.68,26.68,26.68,0
1763660645,26.68,26.68,26.68,26.68,0
1763660650,26.68,26.68,26.68,26.68,0
1763660655,26.66,26.66,26.66,26.66,0
1763660660,26.66,26.66,26.66,26.66,0
1763660665,26.66,26.66,26.66,26.66,0
1763660670,26.65,26.65,26.65,26.65,0
1763660675,26.65,26.65,26.65,26.65,0
1763660680,26.65,26.65,26.65,26.65,0
1763660685,26.63,26.63,26.63,26.63,0
1763660690,26.63,26.63,26.63,26.63,0
1763660695,26.63,26.63,26.63,26.63,0
1763660700,26.72,26.72,26.72,26.72,0
1763660705,26.72,26.72,26.72,26.72,0
1763660710,26.72,26.72,26.72,26.72,0
1763660715,26.68,26.68,26.68,26.68,0
1763660720,26.68,26.68,26.68,26.68,0
1763660725,26.68,26.68,26.68,26.68,0
1763660730,26.81,26.81,26.81,26.81,0
1763660735,26.81,26.81,26.81,26.81,0
1763660740,26.81,26.81,26.81,26.81,0
1763660745,26.84,26.84,26.84,26.84,0
1763660750,26.84,26.84,26.84,26.84,0
1763660755,26.84,26.84,26.84,26.84,0
1763660760,26.93,26.93,26.93,26.93,0
1763660765,26.93,26.93,26.93,26.93,0
1763660770,26.93,26.93,26.93,26.93,0
1763660775,27.09,27.09,27.09,27.09,0
1763660780,27.09,27.09,27.09,27.09,0
1763660785,27.09,27.09,27.09,27.09,0
1763660790,27.14,27.14,27.14,27.14,0
1763660795,27.14,27.14,27.14,27.14,0
1763660800,27.14,27.14,27.14,27.14,0
1763660805,27.16,27.16,27.16,27.16,0
1763660810,27.16,27.16,27.16,27.16,0
1763660815,27.16,27.16,27.16,27.16,0
1763660820,27.07,27.07,27.07,27.07,0
1763660825,27.07,27.07,27.07,27.07,0
1763660830,27.07,27.07,27.07,27.07,0
1763660835,26.93,26.93,26.93,26.93,0
1763660840,26.93,26.93,26.93,26.93,0
1763660845,26.93,26.93,26.93,26.93,0
1763660850,27.01,27.01,27.01,27.01,0
1763660855,27.01,27.01,27.01,27.01,0
1763660860,27.01,27.01,27.01,27.01,0
1763660865,27.2,27.2,27.2,27.2,0
1763660870,27.2,27.2,27.2,27.2,0
1763660875,27.2,27.2,27.2,27.2,0
1763660880,27.14,27.14,27.14,27.14,0
1763660885,27.14,27.14,27.14,27.14,0
1763660890,27.14,27.14,27.14,27.14,0
1763660895,26.99,26.99,26.99,26.99,0
1763660900,26.99,26.99,26.99,26.99,0
1763660905,26.99,26.99,26.99,26.99,0
1763660910,27.2,27.2,27.2,27.2,0
1763660915,27.2,27.2,27.2,27.2,0
1763660920,27.2,27.2,27.2,27.2,0
1763660925,27.2,27.2,27.2,27.2,0
1763660930,27.2,27.2,27.2,27.2,0
1763660935,27.2,27.2,27.2,27.2,0
1763660940,27.1,27.1,27.1,27.1,0
1763660945,27.1,27.1,27.1,27.1,0
1763660950,27.1,27.1,27.1,27.1,0
1763660955,27.14,27.14,27.14,27.14,0
1763660960,27.14,27.14,27.14,27.14,0
1763660965,27.14,27.14,27.14,27.14,0
1763660970,26.96,26.96,26.96,26.96,0
1763660975,26.96,26.96,26.96,26.96,0
1763660980,26.96,26.96,26.96,26.96,0
1763660985,26.99,26.99,26.99,26.99,0
1763660990,26.99,26.99,26.99,26.99,0
1763660995,26.99,26.99,26.99,26.99,0
1763661000,27.05,27.05,27.05,27.05,0
1763661005,27.05,27.05,27.05,27.05,0
1763661010,27.05,27.05,27.05,27.05,0
1763661015,26.78,26.78,26.78,26.78,0
1763661020,26.78,26.78,26.78,26.78,0
1763661025,26.78,26.78,26.78,26.78,0
1763661030,27.05,27.05,27.05,27.05,0
1763661035,27.05,27.05,27.05,27.05,0
1763661040,27.05,27.05,27.05,27.05,0
1763661045,26.92,26.92,26.92,26.92,0
1763661050,26.92,26.92,26.92,26.92,0
1763661055,26.92,26.92,26.92,26.92,0
1763661060,26.63,26.63,26.63,26.63,0
1763661065,26.63,26.63,26.63,26.63,0
1763661070,26.63,26.63,26.63,26.63,0
1763661075,26.68,26.68,26.68,26.68,0
1763661080,26.68,26.68,26.68,26.68,0
1763661085,26.68,26.68,26.68,26.68,0
1763661090,26.68,26.68,26.68,26.68,0
1763661095,26.68,26.68,26.68,26.68,0
1763661100,26.68,26.68,26.68,26.68,0
1763661105,26.74,26.74,26.74,26.74,0
1763661110,26.74,26.74,26.74,26.74,0
1763661115,26.74,26.74,26.74,26.74,0
1763661120,26.61,26.61,26.61,26.61,0
1763661125,26.61,26.61,26.61,26.61,0
1763661130,26.61,26.61,26.61,26.61,0
1763661135,26.4,26.4,26.4,26.4,0
1763661140,26.4,26.4,26.4,26.4,0
1763661145,26.4,26.4,26.4,26.4,0
1763661150,26.56,26.56,26.56,26.56,0
1763661155,26.56,26.56,26.56,26.56,0
1763661160,26.56,26.56,26.56,26.56,0
1763661165,26.6,26.6,26.6,26.6,0
1763661170,26.6,26.6,26.6,26.6,0
1763661175,26.6,26.6,26.6,26.6,0
1763661180,26.67,26.67,26.67,26.67,0
1763661185,26.67,26.67,26.67,26.67,0
1763661190,26.67,26.67,26.67,26.67,0
1763661195,26.64,26.64,26.64,26.64,0
1763661200,26.64,26.64,26.64,26.64,0
1763661205,26.64,26.64,26.64,26.64,0
1763661210,26.92,26.92,26.92,26.92,0
1763661215,26.92,26.92,26.92,26.92,0
1763661220,26.92,26.92,26.92,26.92,0
1763661225,26.9,26.9,26.9,26.9,0
1763661230,26.9,26.9,26.9,26.9,0
1763661235,26.9,26.9,26.9,26.9,0
1763661240,26.97,26.97,26.97,26.97,0
1763661245,26.97,26.97,26.97,26.97,0
1763661250,26.97,26.97,26.97,26.97,0
1763661255,26.95,26.95,26.95,26.95,0
1763661260,26.95,26.95,26.95,26.95,0
1763661265,26.95,26.95,26.95,26.95,0
1763661270,26.96,26.96,26.96,26.96,0
1763661275,26.96,26.96,26.96,26.96,0
1763661280,26.96,26.96,26.96,26.96,0
1763661285,26.88,26.88,26.88,26.88,0
1763661290,26.88,26.88,26.88,26.88,0
1763661295,26.88,26.88,26.88,26.88,0
1763661300,26.88,26.88,26.88,26.88,0
1763661305,26.88,26.88,26.88,26.88,0
1763661310,26.88,26.88,26.88,26.88,0
1763661315,26.86,26.86,26.86,26.86,0
1763661320,26.86,26.86,26.86,26.86,0
1763661325,26.86,26.86,26.86,26.86,0
1763661330,26.84,26.84,26.84,26.84,0
1763661335,26.84,26.84,26.84,26.84,0
1763661340,26.84,26.84,26.84,26.84,0
1763661345,26.7,26.7,26.7,26.7,0
1763661350,26.7,26.7,26.7,26.7,0
1763661355,26.7,26.7,26.7,26.7,0
1763661360,26.55,26.55,26.55,26.55,0
1763661365,26.55,26.55,26.55,26.55,0
1763661370,26.55,26.55,26.55,26.55,0
1763661375,26.64,26.64,26.64,26.64,0
1763661380,26.64,26.64,26.64,26.64,0
1763661385,26.64,26.64,26.64,26.64,0
1763661390,26.63,26.63,26.63,26.63,0
1763661395,26.63,26.63,26.63,26.63,0
1763661400,26.63,26.63,26.63,26.63,0
1763661405,26.48,26.48,26.48,26.48,0
1763661410,26.48,26.48,26.48,26.48,0
1763661415,26.48,26.48,26.48,26.48,0
1763661420,26.55,26.55,26.55,26.55,0
1763661425,26.55,26.55,26.55,26.55,0
1763661430,26.55,26.55,26.55,26.55,0
1763661435,26.38,26.38,26.38,26.38,0
1763661440,26.38,26.38,26.38,26.38,0
1763661445,26.38,26.38,26.38,26.38,0
1763661450,26.51,26.51,26.51,26.51,0
1763661455,26.51,26.51,26.51,26.51,0
1763661460,26.51,26.51,26.51,26.51,0
1763661465,26.63,26.63,26.63,26.63,0
1763661470,26.63,26.63,26.63,26.63,0
1763661475,26.63,26.63,26.63,26.63,0
1763661480,26.63,26.63,26.63,26.63,0
1763661485,26.63,26.63,26.63,26.63,0
1763661490,26.63,26.63,26.63,26.63,0
1763661495,26.42,26.42,26.42,26.42,0
1763661500,26.42,26.42,26.42,26.42,0
1763661505,26.42,26.42,26.42,26.42,0
1763661510,26.39,26.39,26.39,26.39,0
1763661515,26.39,26.39,26.39,26.39,0
1763661520,26.39,26.39,26.39,26.39,0
1763661525,26.29,26.29,26.29,26.29,0
1763661530,26.29,26.29,26.29,26.29,0
1763661535,26.29,26.29,26.29,26.29,0
1763661540,26.22,26.22,26.22,26.22,0
1763661545,26.22,26.22,26.22,26.22,0
1763661550,26.22,26.22,26.22,26.22,0
1763661555,26.14,26.14,26.14,26.14,0
1763661560,26.14,26.14,26.14,26.14,0
1763661565,26.14,26.14,26.14,26.14,0
1763661570,26.07,26.07,26.07,26.07,0
1763661575,26.07,26.07,26.07,26.07,0
1763661580,26.07,26.07,26.07,26.07,0
1763661585,26.09,26.09,26.09,26.09,0
1763661590,26.09,26.09,26.09,26.09,0
1763661595,26.09,26.09,26.09,26.09,0
1763661600,26.03,26.03,26.03,26.03,0
1763661605,26.03,26.03,26.03,26.03,0
1763661610,26.03,26.03,26.03,26.03,0
1763661615,26.04,26.04,26.04,26.04,0
1763661620,26.04,26.04,26.04,26.04,0
1763661625,26.04,26.04,26.04,26.04,0
1763661630,26.01,26.01,26.01,26.01,0
1763661635,26.01,26.01,26.01,26.01,0
1763661640,26.01,26.01,26.01,26.01,0
1763661645,25.91,25.91,25.91,25.91,0
1763661650,25.91,25.91,25.91,25.91,0
1763661655,25.91,25.91,25.91,25.91,0
1763661660,25.71,25.71,25.71,25.71,0
1763661665,25.71,25.71,25.71,25.71,0
1763661670,25.71,25.71,25.71,25.71,0
1763661675,25.83,25.83,25.83,25.83,0
1763661680,25.83,25.83,25.83,25.83,0
1763661685,25.83,25.83,25.83,25.83,0
1763661690,25.63,25.63,25.63,25.63,0
1763661695,25.63,25.63,25.63,25.63,0
1763661700,25.63,25.63,25.63,25.63,0
1763661705,25.7,25.7,25.7,25.7,0
1763661710,25.7,25.7,25.7,25.7,0
1763661715,25.7,25.7,25.7,25.7,0
1763661720,25.79,25.79,25.79,25.79,0
1763661725,25.79,25.79,25.79,25.79,0
1763661730,25.79,25.79,25.79,25.79,0
1763661735,25.68,25.68,25.68,25.68,0
1763661740,25.68,25.68,25.68,25.68,0
1763661745,25.68,25.68,25.68,25.68,0
1763661750,25.49,25.49,25.49,25.49,0
1763661755,25.49,25.49,25.49,25.49,0
1763661760,25.49,25.49,25.49,25.49,0
1763661765,25.47,25.47,25.47,25.47,0
1763661770,25.47,25.47,25.47,25.47,0
1763661775,25.47,25.47,25.47,25.47,0
1763661780,25.46,25.46,25.46,25.46,0
1763661785,25.46,25.46,25.46,25.46,0
1763661790,25.46,25.46,25.46,25.46,0
1763661795,25.38,25.38,25.38,25.38,0
1763661800,25.38,25.38,25.38,25.38,0
1763661805,25.38,25.38,25.38,25.38,0
1763661810,25.27,25.27,25.27,25.27,0
1763661815,25.27,25.27,25.27,25.27,0
1763661820,25.27,25.27,25.27,25.27,0
1763661825,25.29,25.29,25.29,25.29,0
1763661830,25.29,25.29,25.29,25.29,0
1763661835,25.29,25.29,25.29,25.29,0
1763661840,25.23,25.23,25.23,25.23,0
1763661845,25.23,25.23,25.23,25.23,0
1763661850,25.23,25.23,25.23,25.23,0
1763661855,25.18,25.18,25.18,25.18,0
1763661860,25.18,25.18,25.18,25.18,0
1763661865,25.18,25.18,25.18,25.18,0
1763661870,25.18,25.18,25.18,25.18,0
1763661875,25.18,25.18,25.18,25.18,0
1763661880,25.18,25.18,25.18,25.18,0
1763661885,25.17,25.17,25.17,25.17,0
1763661890,25.17,25.17,25.17,25.17,0
1763661895,25.17,25.17,25.17,25.17,0
1763661900,25.14,25.14,25.14,25.14,0
1763661905,25.14,25.14,25.14,25.14,0
1763661910,25.14,25.14,25.14,25.14,0
1763661915,25.03,25.03,25.03,25.03,0
1763661920,25.03,25.03,25.03,25.03,0
1763661925,25.03,25.03,25.03,25.03,0
1763661930,25.04,25.04,25.04,25.04,0
1763661935,25.04,25.04,25.04,25.04,0
1763661940,25.04,25.04,25.04,25.04,0
1763661945,24.87,24.87,24.87,24.87,0
1763661950,24.87,24.87,24.87,24.87,0
1763661955,24.87,24.87,24.87,24.87,0
1763661960,24.87,24.87,24.87,24.87,0
1763661965,24.87,24.87,24.87,24.87,0
1763661970,24.87,24.87,24.87,24.87,0
1763661975,24.74,24.74,24.74,24.74,0
1763661980,24.74,24.74,24.74,24.74,0
1763661985,24.74,24.74,24.74,24.74,0
1763661990,24.65,24.65,24.65,24.65,0
1763661995,24.65,24.65,24.65,24.65,0
1763662000,24.65,24.65,24.65,24.65,0
1763662005,24.6,24.6,24.6,24.6,0
1763662010,24.6,24.6,24.6,24.6,0
1763662015,24.6,24.6,24.6,24.6,0
1763662020,24.54,24.54,24.54,24.54,0
1763662025,24.54,24.54,24.54,24.54,0
1763662030,24.54,24.54,24.54,24.54,0
1763662035,24.56,24.56,24.56,24.56,0
1763662040,24.56,24.56,24.56,24.56,0
1763662045,24.56,24.56,24.56,24.56,0
1763662050,24.65,24.65,24.65,24.65,0
1763662055,24.65,24.65,24.65,24.65,0
1763662060,24.65,24.65,24.65,24.65,0
1763662065,24.73,24.73,24.73,24.73,0
1763662070,24.73,24.73,24.73,24.73,0
1763662075,24.73,24.73,24.73,24.73,0
1763662080,24.71,24.71,24.71,24.71,0
1763662085,24.71,24.71,24.71,24.71,0
1763662090,24.71,24.71,24.71,24.71,0
1763662095,24.57,24.57,24.57,24.57,0
1763662100,24.57,24.57,24.57,24.57,0
1763662105,24.57,24.57,24.57,24.57,0
1763662110,24.55,24.55,24.55,24.55,0
1763662115,24.55,24.55,24.55,24.55,0
1763662120,24.55,24.55,24.55,24.55,0
1763662125,24.51,24.51,24.51,24.51,0
1763662130,24.51,24.51,24.51,24.51,0
1763662135,24.51,24.51,24.51,24.51,0
1763662140,24.48,24.48,24.48,24.48,0
1763662145,24.48,24.48,24.48,24.48,0
1763662150,24.48,24.48,24.48,24.48,0
1763662155,24.5,24.5,24.5,24.5,0
1763662160,24.5,24.5,24.5,24.5,0
1763662165,24.5,24.5,24.5,24.5,0
1763662170,24.47,24.47,24.47,24.47,0
1763662175,24.47,24.47,24.47,24.47,0
1763662180,24.47,24.47,24.47,24.47,0
1763662185,24.41,24.41,24.41,24.41,0
1763662190,24.41,24.41,24.41,24.41,0
1763662195,24.41,24.41,24.41,24.41,0
1763662200,24.34,24.34,24.34,24.34,0
1763662205,24.34,24.34,24.34,24.34,0
1763662210,24.34,24.34,24.34,24.34,0
1763662215,24.36,24.36,24.36,24.36,0
1763662220,24.36,24.36,24.36,24.36,0
1763662225,24.36,24.36,24.36,24.36,0
1763662230,24.53,24.53,24.53,24.53,0
1763662235,24.53,24.53,24.53,24.53,0
1763662240,24.53,24.53,24.53,24.53,0
1763662245,24.51,24.51,24.51,24.51,0
1763662250,24.51,24.51,24.51,24.51,0
1763662255,24.51,24.51,24.51,24.51,0
1763662260,24.56,24.56,24.56,24.56,0
1763662265,24.56,24.56,24.56,24.56,0
1763662270,24.56,24.56,24.56,24.56,0
1763662275,24.47,24.47,24.47,24.47,0
1763662280,24.47,24.47,24.47,24.47,0
1763662285,24.47,24.47,24.47,24.47,0
1763662290,24.49,24.49,24.49,24.49,0
1763662295,24.49,24.49,24.49,24.49,0
1763662300,24.49,24.49,24.49,24.49,0
1763662305,24.39,24.39,24.39,24.39,0
1763662310,24.39,24.39,24.39,24.39,0
1763662315,24.39,24.39,24.39,24.39,0
1763662320,24.44,24.44,24.44,24.44,0
1763662325,24.44,24.44,24.44,24.44,0
1763662330,24.44,24.44,24.44,24.44,0
1763662335,24.4,24.4,24.4,24.4,0
1763662340,24.4,24.4,24.4,24.4,0
1763662345,24.4,24.4,24.4,24.4,0
1763662350,24.42,24.42,24.42,24.42,0
1763662355,24.42,24.42,24.42,24.42,0
1763662360,24.42,24.42,24.42,24.42,0
1763662365,24.35,24.35,24.35,24.35,0
1763662370,24.35,24.35,24.35,24.35,0
1763662375,24.35,24.35,24.35,24.35,0
1763662380,24.3,24.3,24.3,24.3,0
1763662385,24.3,24.3,24.3,24.3,0
1763662390,24.3,24.3,24.3,24.3,0
1763662395,24.23,24.23,24.23,24.23,0
1763662400,24.23,24.23,24.23,24.23,0
1763662405,24.23,24.23,24.23,24.23,0
1763662410,24.14,24.14,24.14,24.14,0
1763662415,24.14,24.14,24.14,24.14,0
1763662420,24.14,24.14,24.14,24.14,0
1763662425,24.23,24.23,24.23,24.23,0
1763662430,24.23,24.23,24.23,24.23,0
1763662435,24.23,24.23,24.23,24.23,0
1763662440,24.21,24.21,24.21,24.21,0
1763662445,24.21,24.21,24.21,24.21,0
1763662450,24.21,24.21,24.21,24.21,0
1763662455,24.15,24.15,24.15,24.15,0
1763662460,24.15,24.15,24.15,24.15,0
1763662465,24.15,24.15,24.15,24.15,0
1763662470,23.94,23.94,23.94,23.94,0
1763662475,23.94,23.94,23.94,23.94,0
1763662480,23.94,23.94,23.94,23.94,0
1763662485,23.9,23.9,23.9,23.9,0
1763662490,23.9,23.9,23.9,23.9,0
1763662495,23.9,23.9,23.9,23.9,0
1763662500,23.84,23.84,23.84,23.84,0
1763662505,23.84,23.84,23.84,23.84,0
1763662510,23.84,23.84,23.84,23.84,0
1763662515,23.86,23.86,23.86,23.86,0
1763662520,23.86,23.86,23.86,23.86,0
1763662525,23.86,23.86,23.86,23.86,0
1763662530,23.87,23.87,23.87,23.87,0
1763662535,23.87,23.87,23.87,23.87,0
1763662540,23.87,23.87,23.87,23.87,0
1763662545,24.0,24.0,24.0,24.0,0
1763662550,24.0,24.0,24.0,24.0,0
1763662555,24.0,24.0,24.0,24.0,0
1763662560,24.03,24.03,24.03,24.03,0
1763662565,24.03,24.03,24.03,24.03,0
1763662570,24.03,24.03,24.03,24.03,0
1763662575,24.02,24.02,24.02,24.02,0
1763662580,24.02,24.02,24.02,24.02,0
1763662585,24.02,24.02,24.02,24.02,0
1763662590,24.1,24.1,24.1,24.1,0
1763662595,24.1,24.1,24.1,24.1,0
1763662600,24.1,24.1,24.1,24.1,0
1763662605,24.42,24.42,24.42,24.42,0
1763662610,24.42,24.42,24.42,24.42,0
1763662615,24.42,24.42,24.42,24.42,0
1763662620,24.48,24.48,24.48,24.48,0
1763662625,24.48,24.48,24.48,24.48,0
1763662630,24.48,24.48,24.48,24.48,0
1763662635,24.33,24.33,24.33,24.33,0
1763662640,24.33,24.33,24.33,24.33,0
1763662645,24.33,24.33,24.33,24.33,0
1763662650,24.4,24.4,24.4,24.4,0
1763662655,24.4,24.4,24.4,24.4,0
1763662660,24.4,24.4,24.4,24.4,0
1763662665,24.43,24.43,24.43,24.43,0
1763662670,24.43,24.43,24.43,24.43,0
1763662675,24.43,24.43,24.43,24.43,0
1763662680,24.6,24.6,24.6,24.6,0
1763662685,24.6,24.6,24.6,24.6,0
1763662690,24.6,24.6,24.6,24.6,0
1763662695,24.75,24.75,24.75,24.75,0
1763662700,24.75,24.75,24.75,24.75,0
1763662705,24.75,24.75,24.75,24.75,0
1763662710,24.9,24.9,24.9,24.9,0
1763662715,24.9,24.9,24.9,24.9,0
1763662720,24.9,24.9,24.9,24.9,0
1763662725,24.9,24.9,24.9,24.9,0
1763662730,24.9,24.9,24.9,24.9,0
1763662735,24.9,24.9,24.9,24.9,0
1763662740,24.88,24.88,24.88,24.88,0
1763662745,24.88,24.88,24.88,24.88,0
1763662750,24.88,24.88,24.88,24.88,0
1763662755,24.79,24.79,24.79,24.79,0
1763662760,24.79,24.79,24.79,24.79,0
1763662765,24.79,24.79,24.79,24.79,0
1763662770,24.76,24.76,24.76,24.76,0
1763662775,24.76,24.76,24.76,24.76,0
1763662780,24.76,24.76,24.76,24.76,0
1763662785,24.82,24.82,24.82,24.82,0
1763662790,24.82,24.82,24.82,24.82,0
1763662795,24.82,24.82,24.82,24.82,0
1763662800,24.7,24.7,24.7,24.7,0
1763662805,24.7,24.7,24.7,24.7,0
1763662810,24.7,24.7,24.7,24.7,0
1763662815,24.62,24.62,24.62,24.62,0
1763662820,24.62,24.62,24.62,24.62,0
1763662825,24.62,24.62,24.62,24.62,0
1763662830,24.69,24.69,24.69,24.69,0
1763662835,24.69,24.69,24.69,24.69,0
1763662840,24.69,24.69,24.69,24.69,0
1763662845,24.63,24.63,24.63,24.63,0
1763662850,24.63,24.63,24.63,24.63,0
1763662855,24.63,24.63,24.63,24.63,0
1763662860,24.57,24.57,24.57,24.57,0
1763662865,24.57,24.57,24.57,24.57,0
1763662870,24.57,24.57,24.57,24.57,0
1763662875,24.5,24.5,24.5,24.5,0
1763662880,24.5,24.5,24.5,24.5,0
1763662885,24.5,24.5,24.5,24.5,0
1763662890,24.82,24.82,24.82,24.82,0
1763662895,24.82,24.82,24.82,24.82,0
1763662900,24.82,24.82,24.82,24.82,0
1763662905,24.85,24.85,24.85,24.85,0
1763662910,24.85,24.85,24.85,24.85,0
1763662915,24.85,24.85,24.85,24.85,0
1763662920,24.81,24.81,24.81,24.81,0
1763662925,24.81,24.81,24.81,24.81,0
1763662930,24.81,24.81,24.81,24.81,0
1763662935,24.74,24.74,24.74,24.74,0
1763662940,24.74,24.74,24.74,24.74,0
1763662945,24.74,24.74,24.74,24.74,0
1763662950,24.72,24.72,24.72,24.72,0
1763662955,24.72,24.72,24.72,24.72,0
1763662960,24.72,24.72,24.72,24.72,0
1763662965,24.82,24.82,24.82,24.82,0
1763662970,24.82,24.82,24.82,24.82,0
1763662975,24.82,24.82,24.82,24.82,0
1763662980,24.7,24.7,24.7,24.7,0
1763662985,24.7,24.7,24.7,24.7,0
1763662990,24.7,24.7,24.7,24.7,0
1763662995,24.83,24.83,24.83,24.83,0
1763663000,24.83,24.83,24.83,24.83,0
1763663005,24.83,24.83,24.83,24.83,0
1763663010,24.85,24.85,24.85,24.85,0
1763663015,24.85,24.85,24.85,24.85,0
1763663020,24.85,24.85,24.85,24.85,0
1763663025,24.85,24.85,24.85,24.85,0
1763663030,24.85,24.85,24.85,24.85,0
1763663035,24.85,24.85,24.85,24.85,0
1763663040,24.7,24.7,24.7,24.7,0
1763663045,24.7,24.7,24.7,24.7,0
1763663050,24.7,24.7,24.7,24.7,0
1763663055,24.77,24.77,24.77,24.77,0
1763663060,24.77,24.77,24.77,24.77,0
1763663065,24.77,24.77,24.77,24.77,0
1763663070,24.95,24.95,24.95,24.95,0
1763663075,24.95,24.95,24.95,24.95,0
1763663080,24.95,24.95,24.95,24.95,0
1763663085,24.88,24.88,24.88,24.88,0
1763663090,24.88,24.88,24.88,24.88,0
1763663095,24.88,24.88,24.88,24.88,0
1763663100,25.03,25.03,25.03,25.03,0
1763663105,25.03,25.03,25.03,25.03,0
1763663110,25.03,25.03,25.03,25.03,0
1763663115,25.0,25.0,25.0,25.0,0
1763663120,25.0,25.0,25.0,25.0,0
1763663125,25.0,25.0,25.0,25.0,0
1763663130,24.98,24.98,24.98,24.98,0
1763663135,24.98,24.98,24.98,24.98,0
1763663140,24.98,24.98,24.98,24.98,0
1763663145,24.93,24.93,24.93,24.93,0
1763663150,24.93,24.93,24.93,24.93,0
1763663155,24.93,24.93,24.93,24.93,0
1763663160,24.92,24.92,24.92,24.92,0
1763663165,24.92,24.92,24.92,24.92,0
1763663170,24.92,24.92,24.92,24.92,0
1763663175,24.97,24.97,24.97,24.97,0
1763663180,24.97,24.97,24.97,24.97,0
1763663185,24.97,24.97,24.97,24.97,0
1763663190,25.01,25.01,25.01,25.01,0
1763663195,25.01,25.01,25.01,25.01,0
1763663200,25.01,25.01,25.01,25.01,0
1763663205,25.03,25.03,25.03,25.03,0
1763663210,25.03,25.03,25.03,25.03,0
1763663215,25.03,25.03,25.03,25.03,0
1763663220,25.08,25.08,25.08,25.08,0
1763663225,25.08,25.08,25.08,25.08,0
1763663230,25.08,25.08,25.08,25.08,0
1763663235,25.05,25.05,25.05,25.05,0
1763663240,25.05,25.05,25.05,25.05,0
1763663245,25.05,25.05,25.05,25.05,0
1763663250,25.18,25.18,25.18,25.18,0
1763663255,25.18,25.18,25.18,25.18,0
1763663260,25.18,25.18,25.18,25.18,0
1763663265,25.14,25.14,25.14,25.14,0
1763663270,25.14,25.14,25.14,25.14,0
1763663275,25.14,25.14,25.14,25.14,0
1763663280,25.12,25.12,25.12,25.12,0
1763663285,25.12,25.12,25.12,25.12,0
1763663290,25.12,25.12,25.12,25.12,0
1763663295,25.16,25.16,25.16,25.16,0
1763663300,25.16,25.16,25.16,25.16,0
1763663305,25.16,25.16,25.16,25.16,0
1763663310,24.99,24.99,24.99,24.99,0
1763663315,24.99,24.99,24.99,24.99,0
1763663320,24.99,24.99,24.99,24.99,0
1763663325,24.96,24.96,24.96,24.96,0
1763663330,24.96,24.96,24.96,24.96,0
1763663335,24.96,24.96,24.96,24.96,0
1763663340,25.03,25.03,25.03,25.03,0
1763663345,25.03,25.03,25.03,25.03,0
1763663350,25.03,25.03,25.03,25.03,0
1763663355,25.0,25.0,25.0,25.0,0
1763663360,25.0,25.0,25.0,25.0,0
1763663365,25.0,25.0,25.0,25.0,0
1763663370,24.89,24.89,24.89,24.89,0
1763663375,24.89,24.89,24.89,24.89,0
1763663380,24.89,24.89,24.89,24.89,0
1763663385,25.01,25.01,25.01,25.01,0
1763663390,25.01,25.01,25.01,25.01,0
1763663395,25.01,25.01,25.01,25.01,0
1763663400,25.02,25.02,25.02,25.02,0
1763663405,25.02,25.02,25.02,25.02,0
1763663410,25.02,25.02,25.02,25.02,0
1763663415,25.06,25.06,25.06,25.06,0
1763663420,25.06,25.06,25.06,25.06,0
1763663425,25.06,25.06,25.06,25.06,0
1763663430,25.05,25.05,25.05,25.05,0
1763663435,25.05,25.05,25.05,25.05,0
1763663440,25.05,25.05,25.05,25.05,0
1763663445,25.06,25.06,25.06,25.06,0
1763663450,25.06,25.06,25.06,25.06,0
1763663455,25.06,25.06,25.06,25.06,0
1763663460,25.05,25.05,25.05,25.05,0
1763663465,25.05,25.05,25.05,25.05,0
1763663470,25.05,25.05,25.05,25.05,0
1763663475,25.0,25.0,25.0,25.0,0
1763663480,25.0,25.0,25.0,25.0,0
1763663485,25.0,25.0,25.0,25.0,0
1763663490,25.01,25.01,25.01,25.01,0
1763663495,25.01,25.01,25.01,25.01,0
1763663500,25.01,25.01,25.01,25.01,0
1763663505,25.07,25.07,25.07,25.07,0
1763663510,25.07,25.07,25.07,25.07,0
1763663515,25.07,25.07,25.07,25.07,0
1763663520,25.0,25.0,25.0,25.0,0
1763663525,25.0,25.0,25.0,25.0,0
1763663530,25.0,25.0,25.0,25.0,0
1763663535,24.99,24.99,24.99,24.99,0
1763663540,24.99,24.99,24.99,24.99,0
1763663545,24.99,24.99,24.99,24.99,0
1763663550,25.03,25.03,25.03,25.03,0
1763663555,25.03,25.03,25.03,25.03,0
1763663560,25.03,25.03,25.03,25.03,0
1763663565,25.11,25.11,25.11,25.11,0
1763663570,25.11,25.11,25.11,25.11,0
1763663575,25.11,25.11,25.11,25.11,0
1763663580,25.37,25.37,25.37,25.37,0
1763663585,25.37,25.37,25.37,25.37,0
1763663590,25.37,25.37,25.37,25.37,0
1763663595,25.43,25.43,25.43,25.43,0
1763663600,25.43,25.43,25.43,25.43,0
1763663605,25.43,25.43,25.43,25.43,0
1763663610,25.51,25.51,25.51,25.51,0
1763663615,25.51,25.51,25.51,25.51,0
1763663620,25.51,25.51,25.51,25.51,0
1763663625,25.51,25.51,25.51,25.51,0
1763663630,25.51,25.51,25.51,25.51,0
1763663635,25.51,25.51,25.51,25.51,0
1763663640,25.56,25.56,25.56,25.56,0
1763663645,25.56,25.56,25.56,25.56,0
1763663650,25.56,25.56,25.56,25.56,0
1763663655,25.61,25.61,25.61,25.61,0
1763663660,25.61,25.61,25.61,25.61,0
1763663665,25.61,25.61,25.61,25.61,0
1763663670,25.44,25.44,25.44,25.44,0
1763663675,25.44,25.44,25.44,25.44,0
1763663680,25.44,25.44,25.44,25.44,0
1763663685,25.32,25.32,25.32,25.32,0
1763663690,25.32,25.32,25.32,25.32,0
1763663695,25.32,25.32,25.32,25.32,0
1763663700,25.28,25.28,25.28,25.28,0
1763663705,25.28,25.28,25.28,25.28,0
1763663710,25.28,25.28,25.28,25.28,0
1763663715,25.36,25.36,25.36,25.36,0
1763663720,25.36,25.36,25.36,25.36,0
1763663725,25.36,25.36,25.36,25.36,0
1763663730,25.41,25.41,25.41,25.41,0
1763663735,25.41,25.41,25.41,25.41,0
1763663740,25.41,25.41,25.41,25.41,0
1763663745,25.41,25.41,25.41,25.41,0
1763663750,25.41,25.41,25.41,25.41,0
1763663755,25.41,25.41,25.41,25.41,0
1763663760,25.41,25.41,25.41,25.41,0
1763663765,25.41,25.41,25.41,25.41,0
1763663770,25.41,25.41,25.41,25.41,0
1763663775,25.47,25.47,25.47,25.47,0
1763663780,25.47,25.47,25.47,25.47,0
1763663785,25.47,25.47,25.47,25.47,0
1763663790,25.46,25.46,25.46,25.46,0
1763663795,25.46,25.46,25.46,25.46,0
1763663800,25.46,25.46,25.46,25.46,0
1763663805,25.57,25.57,25.57,25.57,0
1763663810,25.57,25.57,25.57,25.57,0
1763663815,25.57,25.57,25.57,25.57,0
1763663820,25.65,25.65,25.65,25.65,0
1763663825,25.65,25.65,25.65,25.65,0
1763663830,25.65,25.65,25.65,25.65,0
1763663835,25.62,25.62,25.62,25.62,0
1763663840,25.62,25.62,25.62,25.62,0
1763663845,25.62,25.62,25.62,25.62,0
1763663850,25.66,25.66,25.66,25.66,0
1763663855,25.66,25.66,25.66,25.66,0
1763663860,25.66,25.66,25.66,25.66,0
1763663865,25.66,25.66,25.66,25.66,0
1763663870,25.66,25.66,25.66,25.66,0
1763663875,25.66,25.66,25.66,25.66,0
1763663880,25.73,25.73,25.73,25.73,0
1763663885,25.73,25.73,25.73,25.73,0
1763663890,25.73,25.73,25.73,25.73,0
1763663895,25.69,25.69,25.69,25.69,0
1763663900,25.69,25.69,25.69,25.69,0
1763663905,25.69,25.69,25.69,25.69,0
1763663910,25.83,25.83,25.83,25.83,0
1763663915,25.83,25.83,25.83,25.83,0
1763663920,25.83,25.83,25.83,25.83,0
1763663925,25.91,25.91,25.91,25.91,0
1763663930,25.91,25.91,25.91,25.91,0
1763663935,25.91,25.91,25.91,25.91,0
1763663940,25.88,25.88,25.88,25.88,0
1763663945,25.88,25.88,25.88,25.88,0
1763663950,25.88,25.88,25.88,25.88,0
1763663955,25.95,25.95,25.95,25.95,0
1763663960,25.95,25.95,25.95,25.95,0
1763663965,25.95,25.95,25.95,25.95,0
1763663970,25.92,25.92,25.92,25.92,0
1763663975,25.92,25.92,25.92,25.92,0
1763663980,25.92,25.92,25.92,25.92,0
1763663985,25.99,25.99,25.99,25.99,0
1763663990,25.99,25.99,25.99,25.99,0
1763663995,25.99,25.99,25.99,25.99,0
1763664000,25.91,25.91,25.91,25.91,0
1763664005,25.91,25.91,25.91,25.91,0
1763664010,25.91,25.91,25.91,25.91,0
1763664015,25.97,25.97,25.97,25.97,0
1763664020,25.97,25.97,25.97,25.97,0
1763664025,25.97,25.97,25.97,25.97,0
1763664030,25.96,25.96,25.96,25.96,0
1763664035,25.96,25.96,25.96,25.96,0
1763664040,25.96,25.96,25.96,25.96,0
1763664045,26.03,26.03,26.03,26.03,0
1763664050,26.03,26.03,26.03,26.03,0
1763664055,26.03,26.03,26.03,26.03,0
1763664060,26.03,26.03,26.03,26.03,0
1763664065,26.03,26.03,26.03,26.03,0
1763664070,26.03,26.03,26.03,26.03,0
1763664075,25.98,25.98,25.98,25.98,0
1763664080,25.98,25.98,25.98,25.98,0
1763664085,25.98,25.98,25.98,25.98,0
1763664090,26.05,26.05,26.05,26.05,0
1763664095,26.05,26.05,26.05,26.05,0
1763664100,26.05,26.05,26.05,26.05,0
1763664105,26.06,26.06,26.06,26.06,0
1763664110,26.06,26.06,26.06,26.06,0
1763664115,26.06,26.06,26.06,26.06,0
1763664120,26.01,26.01,26.01,26.01,0
1763664125,26.01,26.01,26.01,26.01,0
1763664130,26.01,26.01,26.01,26.01,0
1763664135,26.05,26.05,26.05,26.05,0
1763664140,26.05,26.05,26.05,26.05,0
1763664145,26.05,26.05,26.05,26.05,0
1763664150,25.95,25.95,25.95,25.95,0
1763664155,25.95,25.95,25.95,25.95,0
1763664160,25.95,25.95,25.95,25.95,0
1763664165,26.02,26.02,26.02,26.02,0
1763664170,26.02,26.02,26.02,26.02,0
1763664175,26.02,26.02,26.02,26.02,0
1763664180,26.08,26.08,26.08,26.08,0
1763664185,26.08,26.08,26.08,26.08,0
1763664190,26.08,26.08,26.08,26.08,0
1763664195,26.17,26.17,26.17,26.17,0
1763664200,26.17,26.17,26.17,26.17,0
1763664205,26.17,26.17,26.17,26.17,0
1763664210,26.08,26.08,26.08,26.08,0
1763664215,26.08,26.08,26.08,26.08,0
1763664220,26.08,26.08,26.08,26.08,0
1763664225,26.13,26.13,26.13,26.13,0
1763664230,26.13,26.13,26.13,26.13,0
1763664235,26.13,26.13,26.13,26.13,0
1763664240,26.13,26.13,26.13,26.13,0
1763664245,26.13,26.13,26.13,26.13,0
1763664250,26.13,26.13,26.13,26.13,0
1763664255,26.21,26.21,26.21,26.21,0
1763664260,26.21,26.21,26.21,26.21,0
1763664265,26.21,26.21,26.21,26.21,0
1763664270,26.27,26.27,26.27,26.27,0
1763664275,26.27,26.27,26.27,26.27,0
1763664280,26.27,26.27,26.27,26.27,0
1763664285,26.29,26.29,26.29,26.29,0
1763664290,26.29,26.29,26.29,26.29,0
1763664295,26.29,26.29,26.29,26.29,0
1763664300,26.34,26.34,26.34,26.34,0
1763664305,26.34,26.34,26.34,26.34,0
1763664310,26.34,26.34,26.34,26.34,0
1763664315,26.37,26.37,26.37,26.37,0
1763664320,26.37,26.37,26.37,26.37,0
1763664325,26.37,26.37,26.37,26.37,0
1763664330,26.36,26.36,26.36,26.36,0
1763664335,26.36,26.36,26.36,26.36,0
1763664340,26.36,26.36,26.36,26.36,0
1763664345,26.43,26.43,26.43,26.43,0
1763664350,26.43,26.43,26.43,26.43,0
1763664355,26.43,26.43,26.43,26.43,0
1763664360,26.46,26.46,26.46,26.46,0
1763664365,26.46,26.46,26.46,26.46,0
1763664370,26.46,26.46,26.46,26.46,0
1763664375,26.43,26.43,26.43,26.43,0
1763664380,26.43,26.43,26.43,26.43,0
1763664385,26.43,26.43,26.43,26.43,0
1763664390,26.5,26.5,26.5,26.5,0
1763664395,26.5,26.5,26.5,26.5,0
1763664400,26.5,26.5,26.5,26.5,0
1763664405,26.52,26.52,26.52,26.52,0
1763664410,26.52,26.52,26.52,26.52,0
1763664415,26.52,26.52,26.52,26.52,0
1763664420,26.56,26.56,26.56,26.56,0
1763664425,26.56,26.56,26.56,26.56,0
1763664430,26.56,26.56,26.56,26.56,0
1763664435,26.42,26.42,26.42,26.42,0
1763664440,26.42,26.42,26.42,26.42,0
1763664445,26.42,26.42,26.42,26.42,0
1763664450,26.45,26.45,26.45,26.45,0
1763664455,26.45,26.45,26.45,26.45,0
1763664460,26.45,26.45,26.45,26.45,0
1763664465,26.48,26.48,26.48,26.48,0
1763664470,26.48,26.48,26.48,26.48,0
1763664475,26.48,26.48,26.48,26.48,0
1763664480,26.5,26.5,26.5,26.5,0
1763664485,26.5,26.5,26.5,26.5,0
1763664490,26.5,26.5,26.5,26.5,0
1763664495,26.61,26.61,26.61,26.61,0
1763664500,26.61,26.61,26.61,26.61,0
1763664505,26.61,26.61,26.61,26.61,0
1763664510,26.63,26.63,26.63,26.63,0
1763664515,26.63,26.63,26.63,26.63,0
1763664520,26.63,26.63,26.63,26.63,0
1763664525,26.57,26.57,26.57,26.57,0
1763664530,26.57,26.57,26.57,26.57,0
1763664535,26.57,26.57,26.57,26.57,0
1763664540,26.58,26.58,26.58,26.58,0
1763664545,26.58,26.58,26.58,26.58,0
1763664550,26.58,26.58,26.58,26.58,0
1763664555,26.53,26.53,26.53,26.53,0
1763664560,26.53,26.53,26.53,26.53,0
1763664565,26.53,26.53,26.53,26.53,0
1763664570,26.57,26.57,26.57,26.57,0
1763664575,26.57,26.57,26.57,26.57,0
1763664580,26.57,26.57,26.57,26.57,0
1763664585,26.59,26.59,26.59,26.59,0
1763664590,26.59,26.59,26.59,26.59,0
1763664595,26.59,26.59,26.59,26.59,0
1763664600,26.6,26.6,26.6,26.6,0
1763664605,26.6,26.6,26.6,26.6,0
1763664610,26.6,26.6,26.6,26.6,0
1763664615,26.99,26.99,26.99,26.99,0
1763664620,26.99,26.99,26.99,26.99,0
1763664625,26.99,26.99,26.99,26.99,0
1763664630,27.0,27.0,27.0,27.0,0
1763664635,27.0,27.0,27.0,27.0,0
1763664640,27.0,27.0,27.0,27.0,0
1763664645,27.07,27.07,27.07,27.07,0
1763664650,27.07,27.07,27.07,27.07,0
1763664655,27.07,27.07,27.07,27.07,0
1763664660,27.1,27.1,27.1,27.1,0
1763664665,27.1,27.1,27.1,27.1,0
1763664670,27.1,27.1,27.1,27.1,0
1763664675,27.07,27.07,27.07,27.07,0
1763664680,27.07,27.07,27.07,27.07,0
1763664685,27.07,27.07,27.07,27.07,0
1763664690,27.03,27.03,27.03,27.03,0
1763664695,27.03,27.03,27.03,27.03,0
1763664700,27.03,27.03,27.03,27.03,0
1763664705,27.0,27.0,27.0,27.0,0
1763664710,27.0,27.0,27.0,27.0,0
1763664715,27.0,27.0,27.0,27.0,0
1763664720,27.07,27.07,27.07,27.07,0
1763664725,27.07,27.07,27.07,27.07,0
1763664730,27.07,27.07,27.07,27.07,0
1763664735,27.19,27.19,27.19,27.19,0
1763664740,27.19,27.19,27.19,27.19,0
1763664745,27.19,27.19,27.19,27.19,0
1763664750,27.3,27.3,27.3,27.3,0
1763664755,27.3,27.3,27.3,27.3,0
1763664760,27.3,27.3,27.3,27.3,0
1763664765,27.21,27.21,27.21,27.21,0
1763664770,27.21,27.21,27.21,27.21,0
1763664775,27.21,27.21,27.21,27.21,0
1763664780,27.21,27.21,27.21,27.21,0
1763664785,27.21,27.21,27.21,27.21,0
1763664790,27.21,27.21,27.21,27.21,0
1763664795,27.17,27.17,27.17,27.17,0
1763664800,27.17,27.17,27.17,27.17,0
1763664805,27.17,27.17,27.17,27.17,0
1763664810,27.18,27.18,27.18,27.18,0
1763664815,27.18,27.18,27.18,27.18,0
1763664820,27.18,27.18,27.18,27.18,0
1763664825,27.28,27.28,27.28,27.28,0
1763664830,27.28,27.28,27.28,27.28,0
1763664835,27.28,27.28,27.28,27.28,0
1763664840,27.41,27.41,27.41,27.41,0
1763664845,27.41,27.41,27.41,27.41,0
1763664850,27.41,27.41,27.41,27.41,0
1763664855,27.43,27.43,27.43,27.43,0
1763664860,27.43,27.43,27.43,27.43,0
1763664865,27.43,27.43,27.43,27.43,0
1763664870,27.35,27.35,27.35,27.35,0
1763664875,27.35,27.35,27.35,27.35,0
1763664880,27.35,27.35,27.35,27.35,0
1763664885,27.4,27.4,27.4,27.4,0
1763664890,27.4,27.4,27.4,27.4,0
1763664895,27.4,27.4,27.4,27.4,0
1763664900,27.41,27.41,27.41,27.41,0
1763664905,27.41,27.41,27.41,27.41,0
1763664910,27.41,27.41,27.41,27.41,0
1763664915,27.4,27.4,27.4,27.4,0
1763664920,27.4,27.4,27.4,27.4,0
1763664925,27.4,27.4,27.4,27.4,0
1763664930,27.5,27.5,27.5,27.5,0
1763664935,27.5,27.5,27.5,27.5,0
1763664940,27.5,27.5,27.5,27.5,0
1763664945,27.49,27.49,27.49,27.49,0
1763664950,27.49,27.49,27.49,27.49,0
1763664955,27.49,27.49,27.49,27.49,0
1763664960,27.45,27.45,27.45,27.45,0
1763664965,27.45,27.45,27.45,27.45,0
1763664970,27.45,27.45,27.45,27.45,0
1763664975,27.42,27.42,27.42,27.42,0
1763664980,27.42,27.42,27.42,27.42,0
1763664985,27.42,27.42,27.42,27.42,0
1763664990,27.48,27.48,27.48,27.48,0
1763664995,27.48,27.48,27.48,27.48,0
1763665000,27.48,27.48,27.48,27.48,0
1763665005,27.41,27.41,27.41,27.41,0
1763665010,27.41,27.41,27.41,27.41,0
1763665015,27.41,27.41,27.41,27.41,0
1763665020,27.39,27.39,27.39,27.39,0
1763665025,27.39,27.39,27.39,27.39,0
1763665030,27.39,27.39,27.39,27.39,0
1763665035,27.37,27.37,27.37,27.37,0
1763665040,27.37,27.37,27.37,27.37,0
1763665045,27.37,27.37,27.37,27.37,0
1763665050,27.34,27.34,27.34,27.34,0
1763665055,27.34,27.34,27.34,27.34,0
1763665060,27.34,27.34,27.34,27.34,0
1763665065,27.37,27.37,27.37,27.37,0
1763665070,27.37,27.37,27.37,27.37,0
1763665075,27.37,27.37,27.37,27.37,0
1763665080,27.43,27.43,27.43,27.43,0
1763665085,27.43,27.43,27.43,27.43,0
1763665090,27.43,27.43,27.43,27.43,0
1763665095,27.34,27.34,27.34,27.34,0
1763665100,27.34,27.34,27.34,27.34,0
1763665105,27.34,27.34,27.34,27.34,0
1763665110,27.17,27.17,27.17,27.17,0
1763665115,27.17,27.17,27.17,27.17,0
1763665120,27.17,27.17,27.17,27.17,0
1763665125,27.16,27.16,27.16,27.16,0
1763665130,27.16,27.16,27.16,27.16,0
1763665135,27.16,27.16,27.16,27.16,0
1763665140,27.05,27.05,27.05,27.05,0
1763665145,27.05,27.05,27.05,27.05,0
1763665150,27.05,27.05,27.05,27.05,0
1763665155,26.92,26.92,26.92,26.92,0
1763665160,26.92,26.92,26.92,26.92,0
1763665165,26.92,26.92,26.92,26.92,0
1763665170,27.0,27.0,27.0,27.0,0
1763665175,27.0,27.0,27.0,27.0,0
1763665180,27.0,27.0,27.0,27.0,0
1763665185,26.92,26.92,26.92,26.92,0
1763665190,26.92,26.92,26.92,26.92,0
1763665195,26.92,26.92,26.92,26.92,0
1763665200,27.03,27.03,27.03,27.03,0
1763665205,27.03,27.03,27.03,27.03,0
1763665210,27.03,27.03,27.03,27.03,0
1763665215,27.02,27.02,27.02,27.02,0
1763665220,27.02,27.02,27.02,27.02,0
1763665225,27.02,27.02,27.02,27.02,0
1763665230,27.06,27.06,27.06,27.06,0
1763665235,27.06,27.06,27.06,27.06,0
1763665240,27.06,27.06,27.06,27.06,0
1763665245,27.01,27.01,27.01,27.01,0
1763665250,27.01,27.01,27.01,27.01,0
1763665255,27.01,27.01,27.01,27.01,0
1763665260,27.0,27.0,27.0,27.0,0
1763665265,27.0,27.0,27.0,27.0,0
1763665270,27.0,27.0,27.0,27.0,0
1763665275,27.0,27.0,27.0,27.0,0
1763665280,27.0,27.0,27.0,27.0,0
1763665285,27.0,27.0,27.0,27.0,0
1763665290,26.91,26.91,26.91,26.91,0
1763665295,26.91,26.91,26.91,26.91,0
1763665300,26.91,26.91,26.91,26.91,0
1763665305,26.97,26.97,26.97,26.97,0
1763665310,26.97,26.97,26.97,26.97,0
1763665315,26.97,26.97,26.97,26.97,0
1763665320,26.99,26.99,26.99,26.99,0
1763665325,26.99,26.99,26.99,26.99,0
1763665330,26.99,26.99,26.99,26.99,0
1763665335,26.94,26.94,26.94,26.94,0
1763665340,26.94,26.94,26.94,26.94,0
1763665345,26.94,26.94,26.94,26.94,0
1763665350,27.01,27.01,27.01,27.01,0
1763665355,27.01,27.01,27.01,27.01,0
1763665360,27.01,27.01,27.01,27.01,0
1763665365,27.05,27.05,27.05,27.05,0
1763665370,27.05,27.05,27.05,27.05,0
1763665375,27.05,27.05,27.05,27.05,0
1763665380,27.15,27.15,27.15,27.15,0
1763665385,27.15,27.15,27.15,27.15,0
1763665390,27.15,27.15,27.15,27.15,0
1763665395,27.19,27.19,27.19,27.19,0
1763665400,27.19,27.19,27.19,27.19,0
1763665405,27.19,27.19,27.19,27.19,0
1763665410,27.22,27.22,27.22,27.22,0
1763665415,27.22,27.22,27.22,27.22,0
1763665420,27.22,27.22,27.22,27.22,0
1763665425,27.31,27.31,27.31,27.31,0
1763665430,27.31,27.31,27.31,27.31,0
1763665435,27.31,27.31,27.31,27.31,0
1763665440,27.29,27.29,27.29,27.29,0
1763665445,27.29,27.29,27.29,27.29,0
1763665450,27.29,27.29,27.29,27.29,0
1763665455,27.23,27.23,27.23,27.23,0
1763665460,27.23,27.23,27.23,27.23,0
1763665465,27.23,27.23,27.23,27.23,0
1763665470,27.29,27.29,27.29,27.29,0
1763665475,27.29,27.29,27.29,27.29,0
1763665480,27.29,27.29,27.29,27.29,0
1763665485,27.38,27.38,27.38,27.38,0
1763665490,27.38,27.38,27.38,27.38,0
1763665495,27.38,27.38,27.38,27.38,0
1763665500,27.4,27.4,27.4,27.4,0
1763665505,27.4,27.4,27.4,27.4,0
1763665510,27.4,27.4,27.4,27.4,0
1763665515,27.48,27.48,27.48,27.48,0
1763665520,27.48,27.48,27.48,27.48,0
1763665525,27.48,27.48,27.48,27.48,0
1763665530,27.35,27.35,27.35,27.35,0
1763665535,27.35,27.35,27.35,27.35,0
1763665540,27.35,27.35,27.35,27.35,0
1763665545,27.32,27.32,27.32,27.32,0
1763665550,27.32,27.32,27.32,27.32,0
1763665555,27.32,27.32,27.32,27.32,0
1763665560,27.24,27.24,27.24,27.24,0
1763665565,27.24,27.24,27.24,27.24,0
1763665570,27.24,27.24,27.24,27.24,0
1763665575,27.32,27.32,27.32,27.32,0
1763665580,27.32,27.32,27.32,27.32,0
1763665585,27.32,27.32,27.32,27.32,0
1763665590,27.34,27.34,27.34,27.34,0
1763665595,27.34,27.34,27.34,27.34,0
1763665600,27.34,27.34,27.34,27.34,0
1763665605,27.37,27.37,27.37,27.37,0
1763665610,27.37,27.37,27.37,27.37,0
1763665615,27.37,27.37,27.37,27.37,0
1763665620,27.36,27.36,27.36,27.36,0
1763665625,27.36,27.36,27.36,27.36,0
1763665630,27.36,27.36,27.36,27.36,0
1763665635,27.38,27.38,27.38,27.38,0
1763665640,27.38,27.38,27.38,27.38,0
1763665645,27.38,27.38,27.38,27.38,0
1763665650,27.42,27.42,27.42,27.42,0
1763665655,27.42,27.42,27.42,27.42,0
1763665660,27.42,27.42,27.42,27.42,0
1763665665,27.34,27.34,27.34,27.34,0
1763665670,27.34,27.34,27.34,27.34,0
1763665675,27.34,27.34,27.34,27.34,0
1763665680,27.37,27.37,27.37,27.37,0
1763665685,27.37,27.37,27.37,27.37,0
1763665690,27.37,27.37,27.37,27.37,0
1763665695,27.41,27.41,27.41,27.41,0
1763665700,27.41,27.41,27.41,27.41,0
1763665705,27.41,27.41,27.41,27.41,0
1763665710,27.46,27.46,27.46,27.46,0
1763665715,27.46,27.46,27.46,27.46,0
1763665720,27.46,27.46,27.46,27.46,0
1763665725,27.36,27.36,27.36,27.36,0
1763665730,27.36,27.36,27.36,27.36,0
1763665735,27.36,27.36,27.36,27.36,0
1763665740,27.43,27.43,27.43,27.43,0
1763665745,27.43,27.43,27.43,27.43,0
1763665750,27.43,27.43,27.43,27.43,0
1763665755,27.4,27.4,27.4,27.4,0
1763665760,27.4,27.4,27.4,27.4,0
1763665765,27.4,27.4,27.4,27.4,0
1763665770,27.31,27.31,27.31,27.31,0
1763665775,27.31,27.31,27.31,27.31,0
1763665780,27.31,27.31,27.31,27.31,0
1763665785,27.17,27.17,27.17,27.17,0
1763665790,27.17,27.17,27.17,27.17,0
1763665795,27.17,27.17,27.17,27.17,0
1763665800,27.03,27.03,27.03,27.03,0
1763665805,27.03,27.03,27.03,27.03,0
1763665810,27.03,27.03,27.03,27.03,0
1763665815,26.94,26.94,26.94,26.94,0
1763665820,26.94,26.94,26.94,26.94,0
1763665825,26.94,26.94,26.94,26.94,0
1763665830,27.04,27.04,27.04,27.04,0
1763665835,27.04,27.04,27.04,27.04,0
1763665840,27.04,27.04,27.04,27.04,0
1763665845,26.92,26.92,26.92,26.92,0
1763665850,26.92,26.92,26.92,26.92,0
1763665855,26.92,26.92,26.92,26.92,0
1763665860,26.83,26.83,26.83,26.83,0
1763665865,26.83,26.83,26.83,26.83,0
1763665870,26.83,26.83,26.83,26.83,0
1763665875,26.75,26.75,26.75,26.75,0
1763665880,26.75,26.75,26.75,26.75,0
1763665885,26.75,26.75,26.75,26.75,0
1763665890,26.79,26.79,26.79,26.79,0
1763665895,26.79,26.79,26.79,26.79,0
1763665900,26.79,26.79,26.79,26.79,0
1763665905,26.73,26.73,26.73,26.73,0
1763665910,26.73,26.73,26.73,26.73,0
1763665915,26.73,26.73,26.73,26.73,0
1763665920,26.67,26.67,26.67,26.67,0
1763665925,26.67,26.67,26.67,26.67,0
1763665930,26.67,26.67,26.67,26.67,0
1763665935,26.73,26.73,26.73,26.73,0
1763665940,26.73,26.73,26.73,26.73,0
1763665945,26.73,26.73,26.73,26.73,0
1763665950,26.8,26.8,26.8,26.8,0
1763665955,26.8,26.8,26.8,26.8,0
1763665960,26.8,26.8,26.8,26.8,0
1763665965,26.89,26.89,26.89,26.89,0
1763665970,26.89,26.89,26.89,26.89,0
1763665975,26.89,26.89,26.89,26.89,0
1763665980,26.87,26.87,26.87,26.87,0
1763665985,26.87,26.87,26.87,26.87,0
1763665990,26.87,26.87,26.87,26.87,0
1763665995,26.8,26.8,26.8,26.8,0
1763666000,26.8,26.8,26.8,26.8,0
1763666005,26.8,26.8,26.8,26.8,0
1763666010,26.75,26.75,26.75,26.75,0
1763666015,26.75,26.75,26.75,26.75,0
1763666020,26.75,26.75,26.75,26.75,0
1763666025,26.76,26.76,26.76,26.76,0
1763666030,26.76,26.76,26.76,26.76,0
1763666035,26.76,26.76,26.76,26.76,0
1763666040,26.82,26.82,26.82,26.82,0
1763666045,26.82,26.82,26.82,26.82,0
1763666050,26.82,26.82,26.82,26.82,0
1763666055,26.84,26.84,26.84,26.84,0
1763666060,26.84,26.84,26.84,26.84,0
1763666065,26.84,26.84,26.84,26.84,0
1763666070,26.7,26.7,26.7,26.7,0
1763666075,26.7,26.7,26.7,26.7,0
1763666080,26.7,26.7,26.7,26.7,0
1763666085,26.71,26.71,26.71,26.71,0
1763666090,26.71,26.71,26.71,26.71,0
1763666095,26.71,26.71,26.71,26.71,0
1763666100,26.67,26.67,26.67,26.67,0
1763666105,26.67,26.67,26.67,26.67,0
1763666110,26.67,26.67,26.67,26.67,0
1763666115,26.74,26.74,26.74,26.74,0
1763666120,26.74,26.74,26.74,26.74,0
1763666125,26.74,26.74,26.74,26.74,0
1763666130,26.78,26.78,26.78,26.78,0
1763666135,26.78,26.78,26.78,26.78,0
1763666140,26.78,26.78,26.78,26.78,0
1763666145,26.76,26.76,26.76,26.76,0
1763666150,26.76,26.76,26.76,26.76,0
1763666155,26.76,26.76,26.76,26.76,0
1763666160,26.74,26.74,26.74,26.74,0
1763666165,26.74,26.74,26.74,26.74,0
1763666170,26.74,26.74,26.74,26.74,0
1763666175,26.78,26.78,26.78,26.78,0
1763666180,26.78,26.78,26.78,26.78,0
1763666185,26.78,26.78,26.78,26.78,0
1763666190,26.69,26.69,26.69,26.69,0
1763666195,26.69,26.69,26.69,26.69,0
1763666200,26.69,26.69,26.69,26.69,0
1763666205,26.72,26.72,26.72,26.72,0
1763666210,26.72,26.72,26.72,26.72,0
1763666215,26.72,26.72,26.72,26.72,0
1763666220,26.74,26.74,26.74,26.74,0
1763666225,26.74,26.74,26.74,26.74,0
1763666230,26.74,26.74,26.74,26.74,0
1763666235,26.73,26.73,26.73,26.73,0
1763666240,26.73,26.73,26.73,26.73,0
1763666245,26.73,26.73,26.73,26.73,0
1763666250,26.62,26.62,26.62,26.62,0
1763666255,26.62,26.62,26.62,26.62,0
1763666260,26.62,26.62,26.62,26.62,0
1763666265,26.5,26.5,26.5,26.5,0
1763666270,26.5,26.5,26.5,26.5,0
1763666275,26.5,26.5,26.5,26.5,0
1763666280,26.37,26.37,26.37,26.37,0
1763666285,26.37,26.37,26.37,26.37,0
1763666290,26.37,26.37,26.37,26.37,0
1763666295,26.34,26.34,26.34,26.34,0
1763666300,26.34,26.34,26.34,26.34,0
1763666305,26.34,26.34,26.34,26.34,0
1763666310,26.16,26.16,26.16,26.16,0
1763666315,26.16,26.16,26.16,26.16,0
1763666320,26.16,26.16,26.16,26.16,0
1763666325,26.19,26.19,26.19,26.19,0
1763666330,26.19,26.19,26.19,26.19,0
1763666335,26.19,26.19,26.19,26.19,0
1763666340,26.21,26.21,26.21,26.21,0
1763666345,26.21,26.21,26.21,26.21,0
1763666350,26.21,26.21,26.21,26.21,0
1763666355,26.16,26.16,26.16,26.16,0
1763666360,26.16,26.16,26.16,26.16,0
1763666365,26.16,26.16,26.16,26.16,0
1763666370,26.35,26.35,26.35,26.35,0
1763666375,26.35,26.35,26.35,26.35,0
1763666380,26.35,26.35,26.35,26.35,0
1763666385,26.4,26.4,26.4,26.4,0
1763666390,26.4,26.4,26.4,26.4,0
1763666395,26.4,26.4,26.4,26.4,0
1763666400,26.35,26.35,26.35,26.35,0
1763666405,26.35,26.35,26.35,26.35,0
1763666410,26.35,26.35,26.35,26.35,0
1763666415,26.2,26.2,26.2,26.2,0
1763666420,26.2,26.2,26.2,26.2,0
1763666425,26.2,26.2,26.2,26.2,0
1763666430,26.22,26.22,26.22,26.22,0
1763666435,26.22,26.22,26.22,26.22,0
1763666440,26.22,26.22,26.22,26.22,0
1763666445,26.2,26.2,26.2,26.2,0
1763666450,26.2,26.2,26.2,26.2,0
1763666455,26.2,26.2,26.2,26.2,0
1763666460,26.13,26.13,26.13,26.13,0
1763666465,26.13,26.13,26.13,26.13,0
1763666470,26.13,26.13,26.13,26.13,0
1763666475,26.12,26.12,26.12,26.12,0
1763666480,26.12,26.12,26.12,26.12,0
