Date,Open,High,Low,Close,Volume
1758232875,17.63,17.63,17.63,17.63,1
1758232880,17.63,17.63,17.63,17.63,0
1758232885,17.63,17.63,17.63,17.63,0
1758232890,17.63,17.63,17.63,17.63,0
1758232895,17.63,17.63,17.63,17.63,0
1758232900,17.63,17.63,17.63,17.63,0
1758232905,17.63,17.63,17.63,17.63,0
1758232910,17.63,17.63,17.63,17.63,0
1758232915,17.63,17.63,17.63,17.63,0
1758232920,17.63,17.63,17.63,17.63,0
1758232925,17.63,17.63,17.63,17.63,0
1758232930,17.63,17.63,17.63,17.63,0
1758232935,17.63,17.63,17.63,17.63,0
1758232940,17.63,17.63,17.63,17.63,0
1758232945,17.63,17.63,17.63,17.63,4
1758232950,17.63,17.63,17.63,17.63,0
1758232955,17.63,17.63,17.63,17.63,0
1758232960,17.63,17.63,17.63,17.63,0
1758232965,17.63,17.63,17.63,17.63,0
1758232970,17.63,17.63,17.63,17.63,0
1758232975,17.63,17.63,17.63,17.63,0
1758232980,17.63,17.63,17.63,17.63,0
1758232985,17.63,17.63,17.63,17.63,0
1758232990,17.63,17.63,17.63,17.63,0
1758232995,17.63,17.63,17.63,17.63,0
1758233000,17.63,17.63,17.63,17.63,0
1758233005,17.63,17.63,17.63,17.63,0
1758233010,17.63,17.63,17.63,17.63,0
1758233015,17.63,17.63,17.63,17.63,0
1758233020,17.63,17.63,17.63,17.63,0
1758233025,17.63,17.63,17.63,17.63,0
1758233030,17.63,17.63,17.63,17.63,0
1758233035,17.63,17.63,17.63,17.63,0
1758233040,17.63,17.63,17.63,17.63,0
1758233045,17.63,17.63,17.63,17.63,0
1758233050,17.63,17.63,17.63,17.63,0
1758233055,17.63,17.63,17.63,17.63,0
1758233060,17.63,17.63,17.63,17.63,0
1758233065,17.63,17.63,17.63,17.63,0
1758233070,17.63,17.63,17.63,17.63,0
1758233075,17.63,17.63,17.63,17.63,0
1758233080,17.63,17.63,17.63,17.63,0
1758233085,17.63,17.63,17.63,17.63,0
1758233090,17.63,17.63,17.63,17.63,0
1758233095,17.63,17.63,17.63,17.63,0
1758233100,17.63,17.63,17.63,17.63,0
1758233105,17.63,17.63,17.63,17.63,0
1758233110,17.62,17.62,17.61,17.61,6
1758233115,17.61,17.61,17.61,17.61,0
1758233120,17.61,17.61,17.61,17.61,0
1758233125,17.61,17.61,17.61,17.61,0
1758233130,17.61,17.61,17.61,17.61,0
1758233135,17.61,17.61,17.61,17.61,0
1758233140,17.61,17.61,17.61,17.61,0
1758233145,17.61,17.61,17.61,17.61,0
1758233150,17.61,17.61,17.61,17.61,0
1758233155,17.61,17.61,17.61,17.61,0
1758233160,17.61,17.61,17.61,17.61,0
1758233165,17.61,17.61,17.61,17.61,0
1758233170,17.61,17.61,17.61,17.61,0
1758233175,17.61,17.61,17.61,17.61,0
1758233180,17.61,17.61,17.61,17.61,0
1758233185,17.61,17.61,17.61,17.61,0
1758233190,17.61,17.61,17.61,17.61,0
1758233195,17.61,17.61,17.61,17.61,0
1758233200,17.61,17.61,17.61,17.61,0
1758233205,17.61,17.61,17.61,17.61,0
1758233210,17.61,17.61,17.61,17.61,0
1758233215,17.64,17.64,17.64,17.64,1
1758233220,17.64,17.64,17.64,17.64,0
1758233225,17.64,17.64,17.64,17.64,0
1758233230,17.64,17.64,17.64,17.64,0
1758233235,17.64,17.64,17.64,17.64,0
1758233240,17.64,17.64,17.64,17.64,0
1758233245,17.64,17.64,17.64,17.64,0
1758233250,17.64,17.64,17.64,17.64,0
1758233255,17.64,17.64,17.64,17.64,0
1758233260,17.64,17.64,17.64,17.64,0
1758233265,17.64,17.64,17.64,17.64,0
1758233270,17.64,17.64,17.64,17.64,0
1758233275,17.64,17.64,17.64,17.64,0
1758233280,17.64,17.64,17.64,17.64,0
1758233285,17.64,17.64,17.64,17.64,0
1758233290,17.64,17.64,17.64,17.64,0
1758233295,17.64,17.64,17.64,17.64,0
1758233300,17.64,17.64,17.64,17.64,0
1758233305,17.64,17.64,17.64,17.64,0
1758233310,17.64,17.64,17.64,17.64,0
1758233315,17.64,17.64,17.64,17.64,0
1758233320,17.64,17.64,17.64,17.64,0
1758233325,17.64,17.64,17.64,17.64,0
1758233330,17.64,17.64,17.64,17.64,0
1758233335,17.62,17.62,17.62,17.62,1
1758233340,17.62,17.62,17.62,17.62,0
1758233345,17.62,17.62,17.62,17.62,0
1758233350,17.62,17.62,17.62,17.62,0
1758233355,17.62,17.62,17.62,17.62,0
1758233360,17.62,17.62,17.62,17.62,0
1758233365,17.62,17.62,17.62,17.62,0
1758233370,17.62,17.62,17.62,17.62,0
1758233375,17.62,17.62,17.62,17.62,0
1758233380,17.62,17.62,17.62,17.62,0
1758233385,17.62,17.62,17.62,17.62,0
1758233390,17.62,17.62,17.62,17.62,0
1758233395,17.62,17.62,17.62,17.62,0
1758233400,17.62,17.62,17.62,17.62,0
1758233405,17.62,17.62,17.62,17.62,0
1758233410,17.62,17.62,17.62,17.62,0
1758233415,17.62,17.62,17.62,17.62,0
1758233420,17.62,17.62,17.62,17.62,0
1758233425,17.62,17.62,17.62,17.62,0
1758233430,17.62,17.62,17.62,17.62,0
1758233435,17.62,17.62,17.62,17.62,0
1758233440,17.62,17.62,17.62,17.62,0
1758233445,17.62,17.62,17.62,17.62,0
1758233450,17.62,17.62,17.62,17.62,0
1758233455,17.62,17.62,17.62,17.62,0
1758233460,17.62,17.62,17.62,17.62,0
1758233465,17.62,17.62,17.62,17.62,0
1758233470,17.62,17.62,17.62,17.62,0
1758233475,17.62,17.62,17.62,17.62,0
1758233480,17.6,17.6,17.6,17.6,1
1758233485,17.6,17.6,17.6,17.6,0
1758233490,17.6,17.6,17.6,17.6,0
1758233495,17.6,17.6,17.6,17.6,0
1758233500,17.6,17.6,17.6,17.6,0
1758233505,17.6,17.6,17.6,17.6,0
1758233510,17.6,17.6,17.6,17.6,0
1758233515,17.6,17.6,17.6,17.6,0
1758233520,17.6,17.6,17.6,17.6,0
1758233525,17.6,17.6,17.6,17.6,0
1758233530,17.6,17.6,17.6,17.6,0
1758233535,17.6,17.6,17.6,17.6,0
1758233540,17.6,17.6,17.6,17.6,0
1758233545,17.6,17.6,17.6,17.6,0
1758233550,17.6,17.6,17.6,17.6,0
1758233555,17.6,17.6,17.6,17.6,0
1758233560,17.6,17.6,17.6,17.6,0
1758233565,17.6,17.6,17.6,17.6,0
1758233570,17.6,17.6,17.6,17.6,0
1758233575,17.6,17.6,17.6,17.6,0
1758233580,17.6,17.6,17.6,17.6,0
1758233585,17.6,17.6,17.6,17.6,0
1758233590,17.6,17.6,17.6,17.6,0
1758233595,17.6,17.6,17.6,17.6,0
1758233600,17.6,17.6,17.6,17.6,0
1758233605,17.6,17.6,17.6,17.6,0
1758233610,17.6,17.6,17.6,17.6,0
1758233615,17.6,17.6,17.6,17.6,0
1758233620,17.6,17.6,17.6,17.6,0
1758233625,17.6,17.6,17.6,17.6,0
1758233630,17.6,17.6,17.6,17.6,0
1758233635,17.6,17.6,17.6,17.6,0
1758233640,17.6,17.6,17.6,17.6,0
1758233645,17.6,17.6,17.6,17.6,0
1758233650,17.6,17.6,17.6,17.6,0
1758233655,17.6,17.6,17.6,17.6,0
1758233660,17.6,17.6,17.6,17.6,0
1758233665,17.6,17.6,17.6,17.6,0
1758233670,17.6,17.6,17.6,17.6,0
1758233675,17.6,17.6,17.6,17.6,0
1758233680,17.6,17.6,17.6,17.6,0
1758233685,17.6,17.6,17.6,17.6,0
1758233690,17.6,17.6,17.6,17.6,0
1758233695,17.6,17.6,17.6,17.6,0
1758233700,17.6,17.6,17.6,17.6,0
1758233705,17.6,17.6,17.6,17.6,0
1758233710,17.6,17.6,17.6,17.6,0
1758233715,17.6,17.6,17.6,17.6,0
1758233720,17.6,17.6,17.6,17.6,0
1758233725,17.6,17.6,17.6,17.6,0
1758233730,17.6,17.6,17.6,17.6,0
1758233735,17.6,17.6,17.6,17.6,0
1758233740,17.6,17.6,17.6,17.6,0
1758233745,17.6,17.6,17.6,17.6,0
1758233750,17.6,17.6,17.6,17.6,0
1758233755,17.6,17.6,17.6,17.6,0
1758233760,17.6,17.6,17.6,17.6,0
1758233765,17.6,17.6,17.6,17.6,0
1758233770,17.6,17.6,17.6,17.6,0
1758233775,17.6,17.6,17.6,17.6,0
1758233780,17.6,17.6,17.6,17.6,0
1758233785,17.6,17.6,17.6,17.6,0
1758233790,17.6,17.6,17.6,17.6,0
1758233795,17.6,17.6,17.6,17.6,0
1758233800,17.6,17.6,17.6,17.6,0
1758233805,17.6,17.6,17.6,17.6,0
1758233810,17.6,17.6,17.6,17.6,0
1758233815,17.6,17.6,17.6,17.6,0
1758233820,17.6,17.6,17.6,17.6,0
1758233825,17.6,17.6,17.6,17.6,0
1758233830,17.6,17.6,17.6,17.6,0
1758233835,17.6,17.6,17.6,17.6,0
1758233840,17.6,17.6,17.6,17.6,0
1758233845,17.6,17.6,17.6,17.6,0
1758233850,17.6,17.6,17.6,17.6,0
1758233855,17.6,17.6,17.6,17.6,0
1758233860,17.6,17.6,17.6,17.6,0
1758233865,17.6,17.6,17.6,17.6,0
1758233870,17.6,17.6,17.6,17.6,0
1758233875,17.6,17.6,17.6,17.6,0
1758233880,17.6,17.6,17.6,17.6,0
1758233885,17.6,17.6,17.6,17.6,0
1758233890,17.6,17.6,17.6,17.6,0
1758233895,17.6,17.6,17.6,17.6,0
1758233900,17.6,17.6,17.6,17.6,0
1758233905,17.6,17.6,17.6,17.6,0
1758233910,17.6,17.6,17.6,17.6,0
1758233915,17.6,17.6,17.6,17.6,0
1758233920,17.6,17.6,17.6,17.6,0
1758233925,17.6,17.6,17.6,17.6,0
1758233930,17.6,17.6,17.6,17.6,0
1758233935,17.6,17.6,17.6,17.6,0
1758233940,17.6,17.6,17.6,17.6,0
1758233945,17.6,17.6,17.6,17.6,0
1758233950,17.6,17.6,17.6,17.6,0
1758233955,17.6,17.6,17.6,17.6,0
1758233960,17.6,17.6,17.6,17.6,0
1758233965,17.6,17.6,17.6,17.6,0
1758233970,17.6,17.6,17.6,17.6,0
1758233975,17.6,17.6,17.6,17.6,0
1758233980,17.6,17.6,17.6,17.6,0
1758233985,17.6,17.6,17.6,17.6,0
1758233990,17.6,17.6,17.6,17.6,0
1758233995,17.6,17.6,17.6,17.6,0
1758234000,17.6,17.6,17.6,17.6,0
1758234005,17.6,17.6,17.6,17.6,0
1758234010,17.6,17.6,17.6,17.6,0
1758234015,17.6,17.6,17.6,17.6,0
1758234020,17.6,17.6,17.6,17.6,0
1758234025,17.6,17.6,17.6,17.6,0
1758234030,17.6,17.6,17.6,17.6,0
1758234035,17.6,17.6,17.6,17.6,0
1758234040,17.6,17.6,17.6,17.6,0
1758234045,17.6,17.6,17.6,17.6,0
1758234050,17.6,17.6,17.6,17.6,0
1758234055,17.6,17.6,17.6,17.6,0
1758234060,17.6,17.6,17.6,17.6,0
1758234065,17.6,17.6,17.6,17.6,0
1758234070,17.6,17.6,17.6,17.6,0
1758234075,17.6,17.6,17.6,17.6,0
1758234080,17.6,17.6,17.6,17.6,0
1758234085,17.6,17.6,17.6,17.6,0
1758234090,17.6,17.6,17.6,17.6,0
1758234095,17.6,17.6,17.6,17.6,0
1758234100,17.6,17.6,17.6,17.6,0
1758234105,17.6,17.6,17.6,17.6,0
1758234110,17.6,17.6,17.6,17.6,0
1758234115,17.6,17.6,17.6,17.6,0
1758234120,17.6,17.6,17.6,17.6,0
1758234125,17.6,17.6,17.6,17.6,0
1758234130,17.6,17.6,17.6,17.6,0
1758234135,17.6,17.6,17.6,17.6,0
1758234140,17.6,17.6,17.6,17.6,0
1758234145,17.6,17.6,17.6,17.6,0
1758234150,17.6,17.6,17.6,17.6,0
1758234155,17.6,17.6,17.6,17.6,0
1758234160,17.6,17.6,17.6,17.6,0
1758234165,17.6,17.6,17.6,17.6,0
1758234170,17.6,17.6,17.6,17.6,0
1758234175,17.6,17.6,17.6,17.6,0
1758234180,17.6,17.6,17.6,17.6,0
1758234185,17.6,17.6,17.6,17.6,0
1758234190,17.6,17.6,17.6,17.6,0
1758234195,17.6,17.6,17.6,17.6,0
1758234200,17.6,17.6,17.6,17.6,0
1758234205,17.6,17.6,17.6,17.6,0
1758234210,17.6,17.6,17.6,17.6,0
1758234215,17.6,17.6,17.6,17.6,0
1758234220,17.6,17.6,17.6,17.6,0
1758234225,17.6,17.6,17.6,17.6,0
1758234230,17.6,17.6,17.6,17.6,0
1758234235,17.6,17.6,17.6,17.6,0
1758234240,17.6,17.6,17.6,17.6,0
1758234245,17.6,17.6,17.6,17.6,0
1758234250,17.6,17.6,17.6,17.6,0
1758234255,17.6,17.6,17.6,17.6,0
1758234260,17.6,17.6,17.6,17.6,0
1758234265,17.6,17.6,17.6,17.6,0
1758234270,17.6,17.6,17.6,17.6,0
1758234275,17.6,17.6,17.6,17.6,0
1758234280,17.6,17.6,17.6,17.6,0
1758234285,17.6,17.6,17.6,17.6,0
1758234290,17.6,17.6,17.6,17.6,0
1758234295,17.6,17.6,17.6,17.6,0
1758234300,17.6,17.6,17.6,17.6,0
1758234305,17.6,17.6,17.6,17.6,0
1758234310,17.6,17.6,17.6,17.6,0
1758234315,17.6,17.6,17.6,17.6,0
1758234320,17.6,17.6,17.6,17.6,0
1758234325,17.6,17.6,17.6,17.6,0
1758234330,17.6,17.6,17.6,17.6,0
1758234335,17.6,17.6,17.6,17.6,0
1758234340,17.6,17.6,17.6,17.6,0
1758234345,17.6,17.6,17.6,17.6,0
1758234350,17.6,17.6,17.6,17.6,0
1758234355,17.6,17.6,17.6,17.6,0
1758234360,17.6,17.6,17.6,17.6,0
1758234365,17.6,17.6,17.6,17.6,0
1758234370,17.6,17.6,17.6,17.6,0
1758234375,17.6,17.6,17.6,17.6,0
1758234380,17.6,17.6,17.6,17.6,0
1758234385,17.6,17.6,17.6,17.6,0
1758234390,17.6,17.6,17.6,17.6,0
1758234395,17.6,17.6,17.6,17.6,0
1758234400,17.6,17.6,17.6,17.6,0
1758234405,17.6,17.6,17.6,17.6,0
1758234410,17.6,17.6,17.6,17.6,0
1758234415,17.6,17.6,17.6,17.6,0
1758234420,17.6,17.6,17.6,17.6,0
1758234425,17.6,17.6,17.6,17.6,0
1758234430,17.6,17.6,17.6,17.6,0
1758234435,17.6,17.6,17.6,17.6,0
1758234440,17.6,17.6,17.6,17.6,0
1758234445,17.6,17.6,17.6,17.6,0
1758234450,17.6,17.6,17.6,17.6,0
1758234455,17.6,17.6,17.6,17.6,0
1758234460,17.6,17.6,17.6,17.6,0
1758234465,17.6,17.6,17.6,17.6,0
1758234470,17.6,17.6,17.6,17.6,0
1758234475,17.6,17.6,17.6,17.6,0
1758234480,17.6,17.6,17.6,17.6,0
1758234485,17.6,17.6,17.6,17.6,0
1758234490,17.6,17.6,17.6,17.6,0
1758234495,17.6,17.6,17.6,17.6,0
1758234500,17.6,17.6,17.6,17.6,0
1758234505,17.6,17.6,17.6,17.6,0
1758234510,17.6,17.6,17.6,17.6,0
1758234515,17.6,17.6,17.6,17.6,0
1758234520,17.6,17.6,17.6,17.6,0
1758234525,17.6,17.6,17.6,17.6,0
1758234530,17.6,17.6,17.6,17.6,0
1758234535,17.6,17.6,17.6,17.6,0
1758234540,17.6,17.6,17.6,17.6,0
1758234545,17.6,17.6,17.6,17.6,0
1758234550,17.6,17.6,17.6,17.6,0
1758234555,17.6,17.6,17.6,17.6,0
1758234560,17.6,17.6,17.6,17.6,0
1758234565,17.6,17.6,17.6,17.6,0
1758234570,17.6,17.6,17.6,17.6,0
1758234575,17.6,17.6,17.6,17.6,0
1758234580,17.6,17.6,17.6,17.6,0
1758234585,17.6,17.6,17.6,17.6,0
1758234590,17.6,17.6,17.6,17.6,0
1758234595,17.6,17.6,17.6,17.6,0
1758234600,17.6,17.6,17.6,17.6,0
1758234605,17.6,17.6,17.6,17.6,0
1758234610,17.6,17.6,17.6,17.6,0
1758234615,17.6,17.6,17.6,17.6,0
1758234620,17.6,17.6,17.6,17.6,0
1758234625,17.6,17.6,17.6,17.6,0
1758234630,17.6,17.6,17.6,17.6,0
1758234635,17.6,17.6,17.6,17.6,0
1758234640,17.6,17.6,17.6,17.6,0
1758234645,17.6,17.6,17.6,17.6,0
1758234650,17.6,17.6,17.6,17.6,0
1758234655,17.6,17.6,17.6,17.6,0
1758234660,17.6,17.6,17.6,17.6,0
1758234665,17.6,17.6,17.6,17.6,0
1758234670,17.6,17.6,17.6,17.6,0
1758234675,17.6,17.6,17.6,17.6,0
1758234680,17.6,17.6,17.6,17.6,0
1758234685,17.6,17.6,17.6,17.6,0
1758234690,17.6,17.6,17.6,17.6,0
1758234695,17.6,17.6,17.6,17.6,0
1758234700,17.6,17.6,17.6,17.6,0
1758234705,17.6,17.6,17.6,17.6,0
1758234710,17.6,17.6,17.6,17.6,0
1758234715,17.6,17.6,17.6,17.6,0
1758234720,17.6,17.6,17.6,17.6,0
1758234725,17.6,17.6,17.6,17.6,0
1758234730,17.6,17.6,17.6,17.6,0
1758234735,17.6,17.6,17.6,17.6,0
1758234740,17.6,17.6,17.6,17.6,0
1758234745,17.6,17.6,17.6,17.6,0
1758234750,17.6,17.6,17.6,17.6,0
1758234755,17.6,17.6,17.6,17.6,0
1758234760,17.6,17.6,17.6,17.6,0
1758234765,17.6,17.6,17.6,17.6,0
1758234770,17.6,17.6,17.6,17.6,0
1758234775,17.6,17.6,17.6,17.6,0
1758234780,17.6,17.6,17.6,17.6,0
1758234785,17.6,17.6,17.6,17.6,0
1758234790,17.6,17.6,17.6,17.6,0
1758234795,17.6,17.6,17.6,17.6,0
1758234800,17.6,17.6,17.6,17.6,0
1758234805,17.6,17.6,17.6,17.6,0
1758234810,17.6,17.6,17.6,17.6,0
1758234815,17.6,17.6,17.6,17.6,0
1758234820,17.6,17.6,17.6,17.6,0
1758234825,17.6,17.6,17.6,17.6,0
1758234830,17.6,17.6,17.6,17.6,0
1758234835,17.6,17.6,17.6,17.6,0
1758234840,17.6,17.6,17.6,17.6,0
1758234845,17.6,17.6,17.6,17.6,0
1758234850,17.6,17.6,17.6,17.6,0
1758234855,17.6,17.6,17.6,17.6,0
1758234860,17.6,17.6,17.6,17.6,0
1758234865,17.6,17.6,17.6,17.6,0
1758234870,17.6,17.6,17.6,17.6,0
1758234875,17.6,17.6,17.6,17.6,0
1758234880,17.6,17.6,17.6,17.6,0
1758234885,17.6,17.6,17.6,17.6,0
1758234890,17.6,17.6,17.6,17.6,0
1758234895,17.6,17.6,17.6,17.6,0
1758234900,17.6,17.6,17.6,17.6,0
1758234905,17.6,17.6,17.6,17.6,0
1758234910,17.6,17.6,17.6,17.6,0
1758234915,17.6,17.6,17.6,17.6,0
1758234920,17.6,17.6,17.6,17.6,0
1758234925,17.6,17.6,17.6,17.6,0
1758234930,17.6,17.6,17.6,17.6,0
1758234935,17.6,17.6,17.6,17.6,0
1758234940,17.6,17.6,17.6,17.6,0
1758234945,17.6,17.6,17.6,17.6,0
1758234950,17.6,17.6,17.6,17.6,0
1758234955,17.6,17.6,17.6,17.6,0
1758234960,17.6,17.6,17.6,17.6,0
1758234965,17.6,17.6,17.6,17.6,0
1758234970,17.6,17.6,17.6,17.6,0
1758234975,17.6,17.6,17.6,17.6,0
1758234980,17.6,17.6,17.6,17.6,0
1758234985,17.6,17.6,17.6,17.6,0
1758234990,17.6,17.6,17.6,17.6,0
1758234995,17.6,17.6,17.6,17.6,0
1758235000,17.6,17.6,17.6,17.6,0
1758235005,17.62,17.62,17.62,17.62,1
1758235010,17.62,17.62,17.62,17.62,0
1758235015,17.62,17.62,17.62,17.62,0
1758235020,17.62,17.62,17.62,17.62,0
1758235025,17.62,17.62,17.62,17.62,0
1758235030,17.62,17.62,17.62,17.62,0
1758235035,17.62,17.62,17.62,17.62,0
1758235040,17.62,17.62,17.62,17.62,0
1758235045,17.62,17.62,17.62,17.62,0
1758235050,17.62,17.62,17.62,17.62,0
1758235055,17.62,17.62,17.62,17.62,0
1758235060,17.62,17.62,17.62,17.62,0
1758235065,17.62,17.62,17.62,17.62,0
1758235070,17.62,17.62,17.62,17.62,0
1758235075,17.62,17.62,17.62,17.62,0
1758235080,17.62,17.62,17.62,17.62,0
1758235085,17.62,17.62,17.62,17.62,0
1758235090,17.62,17.62,17.62,17.62,0
1758235095,17.62,17.62,17.62,17.62,0
1758235100,17.62,17.62,17.62,17.62,0
1758235105,17.62,17.62,17.62,17.62,0
1758235110,17.62,17.62,17.62,17.62,0
1758235115,17.62,17.62,17.62,17.62,0
1758235120,17.62,17.62,17.62,17.62,0
1758235125,17.62,17.62,17.62,17.62,0
1758235130,17.62,17.62,17.62,17.62,0
1758235135,17.62,17.62,17.62,17.62,0
1758235140,17.62,17.62,17.62,17.62,0
1758235145,17.62,17.62,17.62,17.62,0
1758235150,17.62,17.62,17.62,17.62,0
1758235155,17.62,17.62,17.62,17.62,0
1758235160,17.62,17.62,17.62,17.62,0
1758235165,17.62,17.62,17.62,17.62,0
1758235170,17.62,17.62,17.62,17.62,0
1758235175,17.62,17.62,17.62,17.62,0
1758235180,17.62,17.62,17.62,17.62,0
1758235185,17.62,17.62,17.62,17.62,0
1758235190,17.62,17.62,17.62,17.62,0
1758235195,17.62,17.62,17.62,17.62,0
1758235200,17.62,17.62,17.62,17.62,0
1758235205,17.62,17.62,17.62,17.62,0
1758235210,17.62,17.62,17.62,17.62,0
1758235215,17.62,17.62,17.62,17.62,0
1758235220,17.62,17.62,17.62,17.62,0
1758235225,17.62,17.62,17.62,17.62,0
1758235230,17.62,17.62,17.62,17.62,0
1758235235,17.62,17.62,17.62,17.62,0
1758235240,17.62,17.62,17.62,17.62,0
1758235245,17.62,17.62,17.62,17.62,0
1758235250,17.62,17.62,17.62,17.62,0
1758235255,17.62,17.62,17.62,17.62,0
1758235260,17.62,17.62,17.62,17.62,0
1758235265,17.62,17.62,17.62,17.62,0
1758235270,17.62,17.62,17.62,17.62,0
1758235275,17.62,17.62,17.62,17.62,0
1758235280,17.62,17.62,17.62,17.62,0
1758235285,17.62,17.62,17.62,17.62,0
1758235290,17.62,17.62,17.62,17.62,0
1758235295,17.62,17.62,17.62,17.62,0
1758235300,17.62,17.62,17.62,17.62,0
1758235305,17.62,17.62,17.62,17.62,0
1758235310,17.62,17.62,17.62,17.62,0
1758235315,17.62,17.62,17.62,17.62,0
1758235320,17.62,17.62,17.62,17.62,0
1758235325,17.62,17.62,17.62,17.62,0
1758235330,17.62,17.62,17.62,17.62,0
1758235335,17.62,17.62,17.62,17.62,0
1758235340,17.62,17.62,17.62,17.62,0
1758235345,17.62,17.62,17.62,17.62,0
1758235350,17.62,17.62,17.62,17.62,0
1758235355,17.62,17.62,17.62,17.62,0
1758235360,17.62,17.62,17.62,17.62,0
1758235365,17.62,17.62,17.62,17.62,0
1758235370,17.62,17.62,17.62,17.62,0
1758235375,17.62,17.62,17.62,17.62,0
1758235380,17.62,17.62,17.62,17.62,0
1758235385,17.62,17.62,17.62,17.62,0
1758235390,17.62,17.62,17.62,17.62,0
1758235395,17.62,17.62,17.62,17.62,0
1758235400,17.62,17.62,17.62,17.62,0
1758235405,17.62,17.62,17.62,17.62,0
1758235410,17.62,17.62,17.62,17.62,0
1758235415,17.62,17.62,17.62,17.62,0
1758235420,17.62,17.62,17.62,17.62,0
1758235425,17.62,17.62,17.62,17.62,0
1758235430,17.62,17.62,17.62,17.62,0
1758235435,17.62,17.62,17.62,17.62,0
1758235440,17.62,17.62,17.62,17.62,0
1758235445,17.62,17.62,17.62,17.62,0
1758235450,17.62,17.62,17.62,17.62,0
1758235455,17.62,17.62,17.62,17.62,0
1758235460,17.62,17.62,17.62,17.62,0
1758235465,17.62,17.62,17.62,17.62,0
1758235470,17.62,17.62,17.62,17.62,0
1758235475,17.62,17.62,17.62,17.62,0
1758235480,17.62,17.62,17.62,17.62,0
1758235485,17.62,17.62,17.62,17.62,0
1758235490,17.62,17.62,17.62,17.62,0
1758235495,17.62,17.62,17.62,17.62,0
1758235500,17.62,17.62,17.62,17.62,0
1758235505,17.62,17.62,17.62,17.62,0
1758235510,17.62,17.62,17.62,17.62,0
1758235515,17.62,17.62,17.62,17.62,0
1758235520,17.62,17.62,17.62,17.62,0
1758235525,17.62,17.62,17.62,17.62,0
1758235530,17.62,17.62,17.62,17.62,0
1758235535,17.62,17.62,17.62,17.62,0
1758235540,17.62,17.62,17.62,17.62,0
1758235545,17.62,17.62,17.62,17.62,0
1758235550,17.62,17.62,17.62,17.62,0
1758235555,17.62,17.62,17.62,17.62,0
1758235560,17.62,17.62,17.62,17.62,0
1758235565,17.62,17.62,17.62,17.62,0
1758235570,17.62,17.62,17.62,17.62,0
1758235575,17.62,17.62,17.62,17.62,0
1758235580,17.62,17.62,17.62,17.62,0
1758235585,17.62,17.62,17.62,17.62,0
1758235590,17.62,17.62,17.62,17.62,0
1758235595,17.62,17.62,17.62,17.62,0
1758235600,17.62,17.62,17.62,17.62,0
1758235605,17.62,17.62,17.62,17.62,0
1758235610,17.62,17.62,17.62,17.62,0
1758235615,17.62,17.62,17.62,17.62,0
1758235620,17.62,17.62,17.62,17.62,0
1758235625,17.62,17.62,17.62,17.62,0
1758235630,17.62,17.62,17.62,17.62,0
1758235635,17.62,17.62,17.62,17.62,0
1758235640,17.62,17.62,17.62,17.62,0
1758235645,17.62,17.62,17.62,17.62,0
1758235650,17.62,17.62,17.62,17.62,0
1758235655,17.62,17.62,17.62,17.62,0
1758235660,17.62,17.62,17.62,17.62,0
1758235665,17.62,17.62,17.62,17.62,0
1758235670,17.62,17.62,17.62,17.62,0
1758235675,17.62,17.62,17.62,17.62,0
1758235680,17.62,17.62,17.62,17.62,0
1758235685,17.62,17.62,17.62,17.62,0
1758235690,17.62,17.62,17.62,17.62,0
1758235695,17.62,17.62,17.62,17.62,0
1758235700,17.62,17.62,17.62,17.62,0
1758235705,17.62,17.62,17.62,17.62,0
1758235710,17.62,17.62,17.62,17.62,0
1758235715,17.62,17.62,17.62,17.62,0
1758235720,17.62,17.62,17.62,17.62,0
1758235725,17.62,17.62,17.62,17.62,0
1758235730,17.62,17.62,17.62,17.62,0
1758235735,17.62,17.62,17.62,17.62,0
1758235740,17.62,17.62,17.62,17.62,0
1758235745,17.62,17.62,17.62,17.62,0
1758235750,17.62,17.62,17.62,17.62,0
1758235755,17.62,17.62,17.62,17.62,0
1758235760,17.62,17.62,17.62,17.62,0
1758235765,17.62,17.62,17.62,17.62,0
1758235770,17.62,17.62,17.62,17.62,0
1758235775,17.62,17.62,17.62,17.62,0
1758235780,17.62,17.62,17.62,17.62,0
1758235785,17.62,17.62,17.62,17.62,0
1758235790,17.62,17.62,17.62,17.62,0
1758235795,17.62,17.62,17.62,17.62,0
1758235800,17.62,17.62,17.62,17.62,0
1758235805,17.62,17.62,17.62,17.62,0
1758235810,17.62,17.62,17.62,17.62,0
1758235815,17.62,17.62,17.62,17.62,0
1758235820,17.62,17.62,17.62,17.62,0
1758235825,17.62,17.62,17.62,17.62,0
1758235830,17.62,17.62,17.62,17.62,0
1758235835,17.62,17.62,17.62,17.62,0
1758235840,17.62,17.62,17.62,17.62,0
1758235845,17.62,17.62,17.62,17.62,0
1758235850,17.62,17.62,17.62,17.62,0
1758235855,17.62,17.62,17.62,17.62,0
1758235860,17.62,17.62,17.62,17.62,0
1758235865,17.62,17.62,17.62,17.62,0
1758235870,17.62,17.62,17.62,17.62,0
1758235875,17.62,17.62,17.62,17.62,0
1758235880,17.62,17.62,17.62,17.62,0
1758235885,17.62,17.62,17.62,17.62,0
1758235890,17.62,17.62,17.62,17.62,0
1758235895,17.62,17.62,17.62,17.62,0
1758235900,17.62,17.62,17.62,17.62,0
1758235905,17.62,17.62,17.62,17.62,0
1758235910,17.62,17.62,17.62,17.62,0
1758235915,17.62,17.62,17.62,17.62,0
1758235920,17.62,17.62,17.62,17.62,0
1758235925,17.62,17.62,17.62,17.62,0
1758235930,17.62,17.62,17.62,17.62,0
1758235935,17.62,17.62,17.62,17.62,0
1758235940,17.62,17.62,17.62,17.62,0
1758235945,17.62,17.62,17.62,17.62,0
1758235950,17.63,17.63,17.63,17.63,1
1758235955,17.63,17.63,17.63,17.63,0
1758235960,17.63,17.63,17.63,17.63,0
1758235965,17.63,17.63,17.63,17.63,0
1758235970,17.63,17.63,17.63,17.63,0
1758235975,17.63,17.63,17.63,17.63,0
1758235980,17.63,17.63,17.63,17.63,0
1758235985,17.63,17.63,17.63,17.63,0
1758235990,17.63,17.63,17.63,17.63,0
1758235995,17.63,17.63,17.63,17.63,0
1758236000,17.63,17.63,17.63,17.63,0
1758236005,17.63,17.63,17.63,17.63,0
1758236010,17.63,17.63,17.63,17.63,0
1758236015,17.63,17.63,17.63,17.63,0
1758236020,17.63,17.63,17.63,17.63,0
1758236025,17.63,17.63,17.63,17.63,0
1758236030,17.63,17.63,17.63,17.63,0
1758236035,17.63,17.63,17.63,17.63,0
1758236040,17.63,17.63,17.63,17.63,0
1758236045,17.63,17.63,17.63,17.63,0
1758236050,17.63,17.63,17.63,17.63,0
1758236055,17.63,17.63,17.63,17.63,0
1758236060,17.63,17.63,17.63,17.63,0
1758236065,17.63,17.63,17.63,17.63,0
1758236070,17.63,17.63,17.63,17.63,0
1758236075,17.63,17.63,17.63,17.63,0
1758236080,17.63,17.63,17.63,17.63,0
1758236085,17.63,17.63,17.63,17.63,0
1758236090,17.63,17.63,17.63,17.63,0
1758236095,17.63,17.63,17.63,17.63,0
1758236100,17.63,17.63,17.63,17.63,0
1758236105,17.63,17.63,17.63,17.63,0
1758236110,17.63,17.63,17.63,17.63,0
1758236115,17.63,17.63,17.63,17.63,0
1758236120,17.63,17.63,17.63,17.63,0
1758236125,17.63,17.63,17.63,17.63,0
1758236130,17.63,17.63,17.63,17.63,0
1758236135,17.63,17.63,17.63,17.63,0
1758236140,17.63,17.63,17.63,17.63,0
1758236145,17.63,17.63,17.63,17.63,0
1758236150,17.63,17.63,17.63,17.63,0
1758236155,17.63,17.63,17.63,17.63,0
1758236160,17.63,17.63,17.63,17.63,0
1758236165,17.63,17.63,17.63,17.63,0
1758236170,17.63,17.63,17.63,17.63,0
1758236175,17.63,17.63,17.63,17.63,0
1758236180,17.63,17.63,17.63,17.63,0
1758236185,17.63,17.63,17.63,17.63,0
1758236190,17.63,17.63,17.63,17.63,0
1758236195,17.63,17.63,17.63,17.63,0
1758236200,17.63,17.63,17.63,17.63,0
1758236205,17.63,17.63,17.63,17.63,0
1758236210,17.63,17.63,17.63,17.63,0
1758236215,17.63,17.63,17.63,17.63,0
1758236220,17.63,17.63,17.63,17.63,0
1758236225,17.63,17.63,17.63,17.63,0
1758236230,17.63,17.63,17.63,17.63,0
1758236235,17.63,17.63,17.63,17.63,0
1758236240,17.63,17.63,17.63,17.63,0
1758236245,17.63,17.63,17.63,17.63,0
1758236250,17.63,17.63,17.63,17.63,0
1758236255,17.63,17.63,17.63,17.63,0
1758236260,17.63,17.63,17.63,17.63,0
1758236265,17.63,17.63,17.63,17.63,0
1758236270,17.63,17.63,17.63,17.63,0
1758236275,17.63,17.63,17.63,17.63,0
1758236280,17.63,17.63,17.63,17.63,0
1758236285,17.63,17.63,17.63,17.63,0
1758236290,17.63,17.63,17.63,17.63,0
1758236295,17.63,17.63,17.63,17.63,0
1758236300,17.63,17.63,17.63,17.63,0
1758236305,17.63,17.63,17.63,17.63,0
1758236310,17.63,17.63,17.63,17.63,0
1758236315,17.63,17.63,17.63,17.63,0
1758236320,17.63,17.63,17.63,17.63,0
1758236325,17.63,17.63,17.63,17.63,0
1758236330,17.63,17.63,17.63,17.63,0
1758236335,17.63,17.63,17.63,17.63,0
1758236340,17.63,17.63,17.63,17.63,0
1758236345,17.63,17.63,17.63,17.63,0
1758236350,17.63,17.63,17.63,17.63,0
1758236355,17.63,17.63,17.63,17.63,0
1758236360,17.63,17.63,17.63,17.63,0
1758236365,17.63,17.63,17.63,17.63,0
1758236370,17.63,17.63,17.63,17.63,0
1758236375,17.63,17.63,17.63,17.63,0
1758236380,17.63,17.63,17.63,17.63,0
1758236385,17.63,17.63,17.63,17.63,0
1758236390,17.63,17.63,17.63,17.63,0
1758236395,17.63,17.63,17.63,17.63,0
1758236400,17.63,17.63,17.63,17.63,0
1758236405,17.63,17.63,17.63,17.63,0
1758236410,17.63,17.63,17.63,17.63,0
1758236415,17.63,17.63,17.63,17.63,0
1758236420,17.63,17.63,17.63,17.63,0
1758236425,17.63,17.63,17.63,17.63,0
1758236430,17.63,17.63,17.63,17.63,0
1758236435,17.63,17.63,17.63,17.63,0
1758236440,17.63,17.63,17.63,17.63,0
1758236445,17.63,17.63,17.63,17.63,0
1758236450,17.63,17.63,17.63,17.63,0
1758236455,17.63,17.63,17.63,17.63,0
1758236460,17.63,17.63,17.63,17.63,0
1758236465,17.63,17.63,17.63,17.63,0
1758236470,17.63,17.63,17.63,17.63,0
1758236475,17.63,17.63,17.63,17.63,0
1758236480,17.63,17.63,17.63,17.63,0
1758236485,17.63,17.63,17.63,17.63,0
1758236490,17.63,17.63,17.63,17.63,0
1758236495,17.63,17.63,17.63,17.63,0
1758236500,17.63,17.63,17.63,17.63,0
1758236505,17.63,17.63,17.63,17.63,0
1758236510,17.63,17.63,17.63,17.63,0
1758236515,17.63,17.63,17.63,17.63,0
1758236520,17.63,17.63,17.63,17.63,0
1758236525,17.63,17.63,17.63,17.63,0
1758236530,17.63,17.63,17.63,17.63,0
1758236535,17.63,17.63,17.63,17.63,0
1758236540,17.63,17.63,17.63,17.63,0
1758236545,17.63,17.63,17.63,17.63,0
1758236550,17.63,17.63,17.63,17.63,0
1758236555,17.63,17.63,17.63,17.63,0
1758236560,17.63,17.63,17.63,17.63,0
1758236565,17.63,17.63,17.63,17.63,0
1758236570,17.63,17.63,17.63,17.63,0
1758236575,17.63,17.63,17.63,17.63,0
1758236580,17.63,17.63,17.63,17.63,0
1758236585,17.63,17.63,17.63,17.63,0
1758236590,17.63,17.63,17.63,17.63,0
1758236595,17.63,17.63,17.63,17.63,0
1758236600,17.63,17.63,17.63,17.63,0
1758236605,17.63,17.63,17.63,17.63,0
1758236610,17.63,17.63,17.63,17.63,0
1758236615,17.63,17.63,17.63,17.63,0
1758236620,17.63,17.63,17.63,17.63,0
1758236625,17.63,17.63,17.63,17.63,0
1758236630,17.63,17.63,17.63,17.63,0
1758236635,17.63,17.63,17.63,17.63,0
1758236640,17.63,17.63,17.63,17.63,0
1758236645,17.63,17.63,17.63,17.63,0
1758236650,17.63,17.63,17.63,17.63,0
1758236655,17.63,17.63,17.63,17.63,0
1758236660,17.63,17.63,17.63,17.63,0
1758236665,17.63,17.63,17.63,17.63,0
1758236670,17.63,17.63,17.63,17.63,0
1758236675,17.63,17.63,17.63,17.63,0
1758236680,17.63,17.63,17.63,17.63,0
1758236685,17.63,17.63,17.63,17.63,0
1758236690,17.63,17.63,17.63,17.63,0
1758236695,17.63,17.63,17.63,17.63,0
1758236700,17.63,17.63,17.63,17.63,0
1758236705,17.63,17.63,17.63,17.63,0
1758236710,17.63,17.63,17.63,17.63,0
1758236715,17.63,17.63,17.63,17.63,0
1758236720,17.63,17.63,17.63,17.63,0
1758236725,17.63,17.63,17.63,17.63,0
1758236730,17.63,17.63,17.63,17.63,0
1758236735,17.63,17.63,17.63,17.63,0
1758236740,17.63,17.63,17.63,17.63,0
1758236745,17.63,17.63,17.63,17.63,0
1758236750,17.63,17.63,17.63,17.63,0
1758236755,17.63,17.63,17.63,17.63,0
1758236760,17.63,17.63,17.63,17.63,0
1758236765,17.63,17.63,17.63,17.63,0
1758236770,17.63,17.63,17.63,17.63,0
1758236775,17.63,17.63,17.63,17.63,0
1758236780,17.63,17.63,17.63,17.63,0
1758236785,17.63,17.63,17.63,17.63,0
1758236790,17.63,17.63,17.63,17.63,0
1758236795,17.63,17.63,17.63,17.63,0
1758236800,17.63,17.63,17.63,17.63,0
1758236805,17.63,17.63,17.63,17.63,0
1758236810,17.63,17.63,17.63,17.63,0
1758236815,17.63,17.63,17.63,17.63,0
1758236820,17.63,17.63,17.63,17.63,0
1758236825,17.63,17.63,17.63,17.63,0
1758236830,17.63,17.63,17.63,17.63,0
1758236835,17.63,17.63,17.63,17.63,0
1758236840,17.63,17.63,17.63,17.63,0
1758236845,17.63,17.63,17.63,17.63,0
1758236850,17.63,17.63,17.63,17.63,0
1758236855,17.63,17.63,17.63,17.63,0
1758236860,17.63,17.63,17.63,17.63,0
1758236865,17.63,17.63,17.63,17.63,0
1758236870,17.63,17.63,17.63,17.63,0
1758236875,17.63,17.63,17.63,17.63,0
1758236880,17.63,17.63,17.63,17.63,0
1758236885,17.63,17.63,17.63,17.63,0
1758236890,17.63,17.63,17.63,17.63,0
1758236895,17.63,17.63,17.63,17.63,0
1758236900,17.63,17.63,17.63,17.63,0
1758236905,17.63,17.63,17.63,17.63,0
1758236910,17.63,17.63,17.63,17.63,0
1758236915,17.63,17.63,17.63,17.63,0
1758236920,17.63,17.63,17.63,17.63,0
1758236925,17.63,17.63,17.63,17.63,0
1758236930,17.63,17.63,17.63,17.63,0
1758236935,17.63,17.63,17.63,17.63,0
1758236940,17.63,17.63,17.63,17.63,0
1758236945,17.63,17.63,17.63,17.63,0
1758236950,17.63,17.63,17.63,17.63,0
1758236955,17.63,17.63,17.63,17.63,0
1758236960,17.63,17.63,17.63,17.63,0
1758236965,17.63,17.63,17.63,17.63,0
1758236970,17.63,17.63,17.63,17.63,0
1758236975,17.63,17.63,17.63,17.63,0
1758236980,17.63,17.63,17.63,17.63,0
1758236985,17.63,17.63,17.63,17.63,0
1758236990,17.63,17.63,17.63,17.63,0
1758236995,17.63,17.63,17.63,17.63,0
1758237000,17.63,17.63,17.63,17.63,0
1758237005,17.63,17.63,17.63,17.63,0
1758237010,17.63,17.63,17.63,17.63,0
1758237015,17.63,17.63,17.63,17.63,0
1758237020,17.63,17.63,17.63,17.63,0
1758237025,17.63,17.63,17.63,17.63,0
1758237030,17.63,17.63,17.63,17.63,0
1758237035,17.63,17.63,17.63,17.63,0
1758237040,17.63,17.63,17.63,17.63,0
1758237045,17.63,17.63,17.63,17.63,0
1758237050,17.63,17.63,17.63,17.63,0
1758237055,17.63,17.63,17.63,17.63,0
1758237060,17.63,17.63,17.63,17.63,0
1758237065,17.63,17.63,17.63,17.63,0
1758237070,17.63,17.63,17.63,17.63,0
1758237075,17.63,17.63,17.63,17.63,0
1758237080,17.63,17.63,17.63,17.63,0
1758237085,17.63,17.63,17.63,17.63,0
1758237090,17.63,17.63,17.63,17.63,0
1758237095,17.63,17.63,17.63,17.63,0
1758237100,17.63,17.63,17.63,17.63,0
1758237105,17.63,17.63,17.63,17.63,0
1758237110,17.63,17.63,17.63,17.63,0
1758237115,17.63,17.63,17.63,17.63,0
1758237120,17.63,17.63,17.63,17.63,0
1758237125,17.63,17.63,17.63,17.63,0
1758237130,17.63,17.63,17.63,17.63,0
1758237135,17.63,17.63,17.63,17.63,0
1758237140,17.63,17.63,17.63,17.63,0
1758237145,17.63,17.63,17.63,17.63,0
1758237150,17.63,17.63,17.63,17.63,0
1758237155,17.63,17.63,17.63,17.63,0
1758237160,17.63,17.63,17.63,17.63,0
1758237165,17.63,17.63,17.63,17.63,0
1758237170,17.63,17.63,17.63,17.63,0
1758237175,17.63,17.63,17.63,17.63,0
1758237180,17.63,17.63,17.63,17.63,0
1758237185,17.63,17.63,17.63,17.63,0
1758237190,17.63,17.63,17.63,17.63,0
1758237195,17.63,17.63,17.63,17.63,0
1758237200,17.63,17.63,17.63,17.63,0
1758237205,17.63,17.63,17.63,17.63,0
1758237210,17.63,17.63,17.63,17.63,0
1758237215,17.63,17.63,17.63,17.63,0
1758237220,17.63,17.63,17.63,17.63,0
1758237225,17.63,17.63,17.63,17.63,0
1758237230,17.63,17.63,17.63,17.63,0
1758237235,17.63,17.63,17.63,17.63,0
1758237240,17.63,17.63,17.63,17.63,0
1758237245,17.63,17.63,17.63,17.63,0
1758237250,17.63,17.63,17.63,17.63,0
1758237255,17.63,17.63,17.63,17.63,0
1758237260,17.63,17.63,17.63,17.63,0
1758237265,17.63,17.63,17.63,17.63,0
1758237270,17.63,17.63,17.63,17.63,0
1758237275,17.63,17.63,17.63,17.63,0
1758237280,17.63,17.63,17.63,17.63,0
1758237285,17.63,17.63,17.63,17.63,0
1758237290,17.63,17.63,17.63,17.63,0
1758237295,17.63,17.63,17.63,17.63,0
1758237300,17.63,17.63,17.63,17.63,0
1758237305,17.63,17.63,17.63,17.63,0
1758237310,17.63,17.63,17.63,17.63,0
1758237315,17.63,17.63,17.63,17.63,0
1758237320,17.63,17.63,17.63,17.63,0
1758237325,17.63,17.63,17.63,17.63,0
1758237330,17.63,17.63,17.63,17.63,0
1758237335,17.63,17.63,17.63,17.63,0
1758237340,17.63,17.63,17.63,17.63,0
1758237345,17.63,17.63,17.63,17.63,0
1758237350,17.63,17.63,17.63,17.63,0
1758237355,17.63,17.63,17.63,17.63,0
1758237360,17.63,17.63,17.63,17.63,0
1758237365,17.63,17.63,17.63,17.63,0
1758237370,17.63,17.63,17.63,17.63,0
1758237375,17.63,17.63,17.63,17.63,0
1758237380,17.63,17.63,17.63,17.63,0
1758237385,17.63,17.63,17.63,17.63,0
1758237390,17.63,17.63,17.63,17.63,0
1758237395,17.63,17.63,17.63,17.63,0
1758237400,17.63,17.63,17.63,17.63,0
1758237405,17.63,17.63,17.63,17.63,0
1758237410,17.63,17.63,17.63,17.63,0
1758237415,17.63,17.63,17.63,17.63,0
1758237420,17.63,17.63,17.63,17.63,0
1758237425,17.63,17.63,17.63,17.63,0
1758237430,17.63,17.63,17.63,17.63,0
1758237435,17.63,17.63,17.63,17.63,0
1758237440,17.63,17.63,17.63,17.63,0
1758237445,17.63,17.63,17.63,17.63,0
1758237450,17.63,17.63,17.63,17.63,0
1758237455,17.63,17.63,17.63,17.63,0
1758237460,17.63,17.63,17.63,17.63,0
1758237465,17.63,17.63,17.63,17.63,0
1758237470,17.63,17.63,17.63,17.63,0
1758237475,17.63,17.63,17.63,17.63,0
1758237480,17.63,17.63,17.63,17.63,0
1758237485,17.63,17.63,17.63,17.63,0
1758237490,17.63,17.63,17.63,17.63,0
1758237495,17.63,17.63,17.63,17.63,0
1758237500,17.63,17.63,17.63,17.63,0
1758237505,17.63,17.63,17.63,17.63,0
1758237510,17.63,17.63,17.63,17.63,0
1758237515,17.63,17.63,17.63,17.63,0
1758237520,17.63,17.63,17.63,17.63,0
1758237525,17.63,17.63,17.63,17.63,0
1758237530,17.63,17.63,17.63,17.63,0
1758237535,17.63,17.63,17.63,17.63,0
1758237540,17.63,17.63,17.63,17.63,0
1758237545,17.63,17.63,17.63,17.63,0
1758237550,17.63,17.63,17.63,17.63,0
1758237555,17.63,17.63,17.63,17.63,0
1758237560,17.63,17.63,17.63,17.63,0
1758237565,17.63,17.63,17.63,17.63,0
1758237570,17.63,17.63,17.63,17.63,0
1758237575,17.63,17.63,17.63,17.63,0
1758237580,17.63,17.63,17.63,17.63,0
1758237585,17.63,17.63,17.63,17.63,0
1758237590,17.63,17.63,17.63,17.63,0
1758237595,17.63,17.63,17.63,17.63,0
1758237600,17.63,17.63,17.63,17.63,0
1758237605,17.63,17.63,17.63,17.63,0
1758237610,17.63,17.63,17.63,17.63,0
1758237615,17.63,17.63,17.63,17.63,0
1758237620,17.63,17.63,17.63,17.63,0
1758237625,17.63,17.63,17.63,17.63,0
1758237630,17.63,17.63,17.63,17.63,0
1758237635,17.63,17.63,17.63,17.63,0
1758237640,17.63,17.63,17.63,17.63,0
1758237645,17.63,17.63,17.63,17.63,0
1758237650,17.63,17.63,17.63,17.63,0
1758237655,17.63,17.63,17.63,17.63,0
1758237660,17.63,17.63,17.63,17.63,0
1758237665,17.63,17.63,17.63,17.63,0
1758237670,17.63,17.63,17.63,17.63,0
1758237675,17.63,17.63,17.63,17.63,0
1758237680,17.58,17.58,17.58,17.58,1
1758237685,17.58,17.58,17.58,17.58,0
1758237690,17.58,17.58,17.58,17.58,0
1758237695,17.58,17.58,17.58,17.58,0
1758237700,17.58,17.58,17.58,17.58,0
1758237705,17.58,17.58,17.58,17.58,0
1758237710,17.58,17.58,17.58,17.58,0
1758237715,17.58,17.58,17.58,17.58,0
1758237720,17.58,17.58,17.58,17.58,0
1758237725,17.58,17.58,17.58,17.58,0
1758237730,17.58,17.58,17.58,17.58,0
1758237735,17.58,17.58,17.58,17.58,0
1758237740,17.58,17.58,17.58,17.58,0
1758237745,17.58,17.58,17.58,17.58,0
1758237750,17.58,17.58,17.58,17.58,0
1758237755,17.58,17.58,17.58,17.58,0
1758237760,17.58,17.58,17.58,17.58,0
1758237765,17.58,17.58,17.58,17.58,0
1758237770,17.58,17.58,17.58,17.58,0
1758237775,17.58,17.58,17.58,17.58,0
1758237780,17.6,17.6,17.6,17.6,1
1758237785,17.6,17.6,17.6,17.6,0
1758237790,17.6,17.6,17.6,17.6,0
1758237795,17.6,17.6,17.6,17.6,0
1758237800,17.6,17.6,17.6,17.6,0
1758237805,17.6,17.6,17.6,17.6,0
1758237810,17.6,17.6,17.6,17.6,0
1758237815,17.6,17.6,17.6,17.6,0
1758237820,17.6,17.6,17.6,17.6,0
1758237825,17.6,17.6,17.6,17.6,0
1758237830,17.6,17.6,17.6,17.6,0
1758237835,17.6,17.6,17.6,17.6,0
1758237840,17.6,17.6,17.6,17.6,0
1758237845,17.6,17.6,17.6,17.6,0
1758237850,17.6,17.6,17.6,17.6,0
1758237855,17.6,17.6,17.6,17.6,0
1758237860,17.6,17.6,17.6,17.6,0
1758237865,17.6,17.6,17.6,17.6,0
1758237870,17.6,17.6,17.6,17.6,0
1758237875,17.6,17.6,17.6,17.6,0
1758237880,17.6,17.6,17.6,17.6,0
1758237885,17.6,17.6,17.6,17.6,0
1758237890,17.6,17.6,17.6,17.6,0
1758237895,17.6,17.6,17.6,17.6,0
1758237900,17.6,17.6,17.6,17.6,0
1758237905,17.6,17.6,17.6,17.6,0
1758237910,17.6,17.6,17.6,17.6,0
1758237915,17.6,17.6,17.6,17.6,0
1758237920,17.6,17.6,17.6,17.6,0
1758237925,17.6,17.6,17.6,17.6,0
1758237930,17.6,17.6,17.6,17.6,0
1758237935,17.6,17.6,17.6,17.6,0
1758237940,17.6,17.6,17.6,17.6,0
1758237945,17.6,17.6,17.6,17.6,0
1758237950,17.6,17.6,17.6,17.6,0
1758237955,17.6,17.6,17.6,17.6,0
1758237960,17.6,17.6,17.6,17.6,0
1758237965,17.6,17.6,17.6,17.6,0
1758237970,17.6,17.6,17.6,17.6,0
1758237975,17.6,17.6,17.6,17.6,0
1758237980,17.6,17.6,17.6,17.6,0
1758237985,17.6,17.6,17.6,17.6,0
1758237990,17.6,17.6,17.6,17.6,0
1758237995,17.6,17.6,17.6,17.6,0
1758238000,17.6,17.6,17.6,17.6,0
1758238005,17.6,17.6,17.6,17.6,0
1758238010,17.6,17.6,17.6,17.6,0
1758238015,17.6,17.6,17.6,17.6,0
1758238020,17.6,17.6,17.6,17.6,0
1758238025,17.6,17.6,17.6,17.6,0
1758238030,17.6,17.6,17.6,17.6,0
1758238035,17.6,17.6,17.6,17.6,0
1758238040,17.6,17.6,17.6,17.6,0
1758238045,17.6,17.6,17.6,17.6,0
1758238050,17.6,17.6,17.6,17.6,0
1758238055,17.6,17.6,17.6,17.6,0
1758238060,17.6,17.6,17.6,17.6,0
1758238065,17.6,17.6,17.6,17.6,0
1758238070,17.6,17.6,17.6,17.6,0
1758238075,17.6,17.6,17.6,17.6,0
1758238080,17.6,17.6,17.6,17.6,0
1758238085,17.6,17.6,17.6,17.6,0
1758238090,17.6,17.6,17.6,17.6,0
1758238095,17.6,17.6,17.6,17.6,0
1758238100,17.6,17.6,17.6,17.6,0
1758238105,17.6,17.6,17.6,17.6,0
1758238110,17.6,17.6,17.6,17.6,0
1758238115,17.6,17.6,17.6,17.6,0
1758238120,17.6,17.6,17.6,17.6,0
1758238125,17.6,17.6,17.6,17.6,0
1758238130,17.6,17.6,17.6,17.6,0
1758238135,17.6,17.6,17.6,17.6,0
1758238140,17.6,17.6,17.6,17.6,0
1758238145,17.6,17.6,17.6,17.6,0
1758238150,17.6,17.6,17.6,17.6,0
1758238155,17.6,17.6,17.6,17.6,0
1758238160,17.6,17.6,17.6,17.6,0
1758238165,17.6,17.6,17.6,17.6,0
1758238170,17.6,17.6,17.6,17.6,0
1758238175,17.6,17.6,17.6,17.6,0
1758238180,17.6,17.6,17.6,17.6,0
1758238185,17.6,17.6,17.6,17.6,0
1758238190,17.6,17.6,17.6,17.6,0
1758238195,17.6,17.6,17.6,17.6,0
1758238200,17.6,17.6,17.6,17.6,0
1758238205,17.6,17.6,17.6,17.6,0
1758238210,17.6,17.6,17.6,17.6,0
1758238215,17.6,17.6,17.6,17.6,0
1758238220,17.6,17.6,17.6,17.6,0
1758238225,17.6,17.6,17.6,17.6,0
1758238230,17.6,17.6,17.6,17.6,0
1758238235,17.6,17.6,17.6,17.6,0
1758238240,17.6,17.6,17.6,17.6,0
1758238245,17.6,17.6,17.6,17.6,0
1758238250,17.6,17.6,17.6,17.6,0
1758238255,17.6,17.6,17.6,17.6,0
1758238260,17.6,17.6,17.6,17.6,0
1758238265,17.6,17.6,17.6,17.6,0
1758238270,17.6,17.6,17.6,17.6,0
1758238275,17.6,17.6,17.6,17.6,0
1758238280,17.6,17.6,17.6,17.6,0
1758238285,17.6,17.6,17.6,17.6,0
1758238290,17.6,17.6,17.6,17.6,0
1758238295,17.6,17.6,17.6,17.6,0
1758238300,17.6,17.6,17.6,17.6,0
1758238305,17.6,17.6,17.6,17.6,0
1758238310,17.6,17.6,17.6,17.6,0
1758238315,17.6,17.6,17.6,17.6,0
1758238320,17.6,17.6,17.6,17.6,0
1758238325,17.6,17.6,17.6,17.6,0
1758238330,17.6,17.6,17.6,17.6,0
1758238335,17.6,17.6,17.6,17.6,0
1758238340,17.6,17.6,17.6,17.6,0
1758238345,17.6,17.6,17.6,17.6,0
1758238350,17.6,17.6,17.6,17.6,0
1758238355,17.6,17.6,17.6,17.6,0
1758238360,17.6,17.6,17.6,17.6,0
1758238365,17.6,17.6,17.6,17.6,0
1758238370,17.6,17.6,17.6,17.6,0
1758238375,17.6,17.6,17.6,17.6,0
1758238380,17.6,17.6,17.6,17.6,0
1758238385,17.6,17.6,17.6,17.6,0
1758238390,17.6,17.6,17.6,17.6,0
1758238395,17.6,17.6,17.6,17.6,0
1758238400,17.6,17.6,17.6,17.6,0
1758238405,17.6,17.6,17.6,17.6,0
1758238410,17.6,17.6,17.6,17.6,0
1758238415,17.6,17.6,17.6,17.6,0
1758238420,17.6,17.6,17.6,17.6,0
1758238425,17.6,17.6,17.6,17.6,0
1758238430,17.6,17.6,17.6,17.6,0
1758238435,17.6,17.6,17.6,17.6,0
1758238440,17.6,17.6,17.6,17.6,0
1758238445,17.6,17.6,17.6,17.6,0
1758238450,17.6,17.6,17.6,17.6,0
1758238455,17.6,17.6,17.6,17.6,0
1758238460,17.6,17.6,17.6,17.6,0
1758238465,17.6,17.6,17.6,17.6,0
1758238470,17.6,17.6,17.6,17.6,0
1758238475,17.6,17.6,17.6,17.6,0
1758238480,17.6,17.6,17.6,17.6,0
1758238485,17.6,17.6,17.6,17.6,0
1758238490,17.6,17.6,17.6,17.6,0
1758238495,17.6,17.6,17.6,17.6,0
1758238500,17.6,17.6,17.6,17.6,0
1758238505,17.6,17.6,17.6,17.6,0
1758238510,17.6,17.6,17.6,17.6,0
1758238515,17.6,17.6,17.6,17.6,0
1758238520,17.6,17.6,17.6,17.6,0
1758238525,17.6,17.6,17.6,17.6,0
1758238530,17.6,17.6,17.6,17.6,0
1758238535,17.6,17.6,17.6,17.6,0
1758238540,17.6,17.6,17.6,17.6,0
1758238545,17.6,17.6,17.6,17.6,0
1758238550,17.6,17.6,17.6,17.6,0
1758238555,17.6,17.6,17.6,17.6,0
1758238560,17.6,17.6,17.6,17.6,0
1758238565,17.6,17.6,17.6,17.6,0
1758238570,17.6,17.6,17.6,17.6,0
1758238575,17.6,17.6,17.6,17.6,0
1758238580,17.6,17.6,17.6,17.6,0
1758238585,17.6,17.6,17.6,17.6,0
1758238590,17.6,17.6,17.6,17.6,0
1758238595,17.6,17.6,17.6,17.6,0
1758238600,17.6,17.6,17.6,17.6,0
1758238605,17.6,17.6,17.6,17.6,0
1758238610,17.6,17.6,17.6,17.6,0
1758238615,17.6,17.6,17.6,17.6,0
1758238620,17.6,17.6,17.6,17.6,0
1758238625,17.6,17.6,17.6,17.6,0
1758238630,17.6,17.6,17.6,17.6,0
1758238635,17.6,17.6,17.6,17.6,0
1758238640,17.6,17.6,17.6,17.6,0
1758238645,17.6,17.6,17.6,17.6,0
1758238650,17.6,17.6,17.6,17.6,0
1758238655,17.6,17.6,17.6,17.6,0
1758238660,17.6,17.6,17.6,17.6,0
1758238665,17.6,17.6,17.6,17.6,0
1758238670,17.6,17.6,17.6,17.6,0
1758238675,17.6,17.6,17.6,17.6,0
1758238680,17.6,17.6,17.6,17.6,0
1758238685,17.6,17.6,17.6,17.6,0
1758238690,17.6,17.6,17.6,17.6,0
1758238695,17.6,17.6,17.6,17.6,0
1758238700,17.6,17.6,17.6,17.6,0
1758238705,17.6,17.6,17.6,17.6,0
1758238710,17.6,17.6,17.6,17.6,0
1758238715,17.6,17.6,17.6,17.6,0
1758238720,17.6,17.6,17.6,17.6,0
1758238725,17.6,17.6,17.6,17.6,0
1758238730,17.6,17.6,17.6,17.6,0
1758238735,17.6,17.6,17.6,17.6,0
1758238740,17.6,17.6,17.6,17.6,0
1758238745,17.6,17.6,17.6,17.6,0
1758238750,17.6,17.6,17.6,17.6,0
1758238755,17.6,17.6,17.6,17.6,0
1758238760,17.6,17.6,17.6,17.6,0
1758238765,17.6,17.6,17.6,17.6,0
1758238770,17.6,17.6,17.6,17.6,0
1758238775,17.6,17.6,17.6,17.6,0
1758238780,17.6,17.6,17.6,17.6,0
1758238785,17.6,17.6,17.6,17.6,0
1758238790,17.6,17.6,17.6,17.6,0
1758238795,17.6,17.6,17.6,17.6,0
1758238800,17.6,17.6,17.6,17.6,0
1758238805,17.6,17.6,17.6,17.6,0
1758238810,17.6,17.6,17.6,17.6,0
1758238815,17.6,17.6,17.6,17.6,0
1758238820,17.6,17.6,17.6,17.6,0
1758238825,17.6,17.6,17.6,17.6,0
1758238830,17.6,17.6,17.6,17.6,0
1758238835,17.6,17.6,17.6,17.6,0
1758238840,17.6,17.6,17.6,17.6,0
1758238845,17.6,17.6,17.6,17.6,0
1758238850,17.6,17.6,17.6,17.6,0
1758238855,17.6,17.6,17.6,17.6,0
1758238860,17.6,17.6,17.6,17.6,0
1758238865,17.6,17.6,17.6,17.6,0
1758238870,17.6,17.6,17.6,17.6,0
1758238875,17.6,17.6,17.6,17.6,0
1758238880,17.6,17.6,17.6,17.6,0
1758238885,17.6,17.6,17.6,17.6,0
1758238890,17.6,17.6,17.6,17.6,0
1758238895,17.6,17.6,17.6,17.6,0
1758238900,17.6,17.6,17.6,17.6,0
1758238905,17.6,17.6,17.6,17.6,0
1758238910,17.6,17.6,17.6,17.6,0
1758238915,17.6,17.6,17.6,17.6,0
1758238920,17.6,17.6,17.6,17.6,0
1758238925,17.6,17.6,17.6,17.6,0
1758238930,17.6,17.6,17.6,17.6,0
1758238935,17.6,17.6,17.6,17.6,0
1758238940,17.6,17.6,17.6,17.6,0
1758238945,17.6,17.6,17.6,17.6,0
1758238950,17.6,17.6,17.6,17.6,0
1758238955,17.6,17.6,17.6,17.6,0
1758238960,17.6,17.6,17.6,17.6,0
1758238965,17.6,17.6,17.6,17.6,0
1758238970,17.6,17.6,17.6,17.6,0
1758238975,17.6,17.6,17.6,17.6,0
1758238980,17.6,17.6,17.6,17.6,0
1758238985,17.6,17.6,17.6,17.6,0
1758238990,17.6,17.6,17.6,17.6,0
1758238995,17.6,17.6,17.6,17.6,0
1758239000,17.6,17.6,17.6,17.6,0
1758239005,17.6,17.6,17.6,17.6,0
1758239010,17.6,17.6,17.6,17.6,0
1758239015,17.6,17.6,17.6,17.6,0
1758239020,17.6,17.6,17.6,17.6,0
1758239025,17.6,17.6,17.6,17.6,0
1758239030,17.6,17.6,17.6,17.6,0
1758239035,17.6,17.6,17.6,17.6,0
1758239040,17.6,17.6,17.6,17.6,0
1758239045,17.6,17.6,17.6,17.6,0
1758239050,17.6,17.6,17.6,17.6,0
1758239055,17.6,17.6,17.6,17.6,0
1758239060,17.6,17.6,17.6,17.6,0
1758239065,17.6,17.6,17.6,17.6,0
1758239070,17.6,17.6,17.6,17.6,0
1758239075,17.6,17.6,17.6,17.6,0
1758239080,17.6,17.6,17.6,17.6,0
1758239085,17.6,17.6,17.6,17.6,0
1758239090,17.6,17.6,17.6,17.6,0
1758239095,17.6,17.6,17.6,17.6,0
1758239100,17.6,17.6,17.6,17.6,0
1758239105,17.6,17.6,17.6,17.6,0
1758239110,17.6,17.6,17.6,17.6,0
1758239115,17.6,17.6,17.6,17.6,0
1758239120,17.6,17.6,17.6,17.6,0
1758239125,17.6,17.6,17.6,17.6,0
1758239130,17.6,17.6,17.6,17.6,0
1758239135,17.6,17.6,17.6,17.6,0
1758239140,17.6,17.6,17.6,17.6,0
1758239145,17.6,17.6,17.6,17.6,0
1758239150,17.6,17.6,17.6,17.6,0
1758239155,17.6,17.6,17.6,17.6,0
1758239160,17.6,17.6,17.6,17.6,0
1758239165,17.6,17.6,17.6,17.6,0
1758239170,17.6,17.6,17.6,17.6,0
1758239175,17.6,17.6,17.6,17.6,0
1758239180,17.6,17.6,17.6,17.6,0
1758239185,17.6,17.6,17.6,17.6,0
1758239190,17.6,17.6,17.6,17.6,0
1758239195,17.6,17.6,17.6,17.6,0
1758239200,17.6,17.6,17.6,17.6,0
1758239205,17.6,17.6,17.6,17.6,0
1758239210,17.6,17.6,17.6,17.6,0
1758239215,17.6,17.6,17.6,17.6,0
1758239220,17.6,17.6,17.6,17.6,0
1758239225,17.6,17.6,17.6,17.6,0
1758239230,17.58,17.58,17.58,17.58,2
1758239235,17.58,17.58,17.58,17.58,0
1758239240,17.58,17.58,17.58,17.58,0
1758239245,17.58,17.58,17.58,17.58,0
1758239250,17.58,17.58,17.58,17.58,0
1758239255,17.58,17.58,17.58,17.58,0
1758239260,17.58,17.58,17.58,17.58,0
1758239265,17.58,17.58,17.58,17.58,0
1758239270,17.58,17.58,17.58,17.58,0
1758239275,17.58,17.58,17.58,17.58,0
1758239280,17.58,17.58,17.58,17.58,0
1758239285,17.58,17.58,17.58,17.58,0
1758239290,17.58,17.58,17.58,17.58,0
1758239295,17.58,17.58,17.58,17.58,0
1758239300,17.58,17.58,17.58,17.58,0
1758239305,17.58,17.58,17.58,17.58,0
1758239310,17.58,17.58,17.58,17.58,0
1758239315,17.58,17.58,17.58,17.58,0
1758239320,17.58,17.58,17.58,17.58,0
1758239325,17.58,17.58,17.58,17.58,0
1758239330,17.58,17.58,17.58,17.58,0
1758239335,17.58,17.58,17.58,17.58,0
1758239340,17.58,17.58,17.58,17.58,0
1758239345,17.58,17.58,17.58,17.58,0
1758239350,17.58,17.58,17.58,17.58,0
1758239355,17.58,17.58,17.58,17.58,0
1758239360,17.58,17.58,17.58,17.58,0
1758239365,17.58,17.58,17.58,17.58,0
1758239370,17.58,17.58,17.58,17.58,0
1758239375,17.58,17.58,17.58,17.58,0
1758239380,17.58,17.58,17.58,17.58,0
1758239385,17.58,17.58,17.58,17.58,0
1758239390,17.58,17.58,17.58,17.58,0
1758239395,17.58,17.58,17.58,17.58,0
1758239400,17.58,17.58,17.58,17.58,0
1758239405,17.58,17.58,17.58,17.58,0
1758239410,17.58,17.58,17.58,17.58,0
1758239415,17.58,17.58,17.58,17.58,0
1758239420,17.58,17.58,17.58,17.58,0
1758239425,17.58,17.58,17.58,17.58,0
1758239430,17.58,17.58,17.58,17.58,0
1758239435,17.58,17.58,17.58,17.58,0
1758239440,17.58,17.58,17.58,17.58,0
1758239445,17.58,17.58,17.58,17.58,0
1758239450,17.58,17.58,17.58,17.58,0
1758239455,17.58,17.58,17.58,17.58,0
1758239460,17.58,17.58,17.58,17.58,0
1758239465,17.58,17.58,17.58,17.58,0
1758239470,17.58,17.58,17.58,17.58,0
1758239475,17.58,17.58,17.58,17.58,0
1758239480,17.58,17.58,17.58,17.58,0
1758239485,17.58,17.58,17.58,17.58,0
1758239490,17.58,17.58,17.58,17.58,0
1758239495,17.58,17.58,17.58,17.58,0
1758239500,17.58,17.58,17.58,17.58,0
1758239505,17.58,17.58,17.58,17.58,0
1758239510,17.58,17.58,17.58,17.58,0
1758239515,17.58,17.58,17.58,17.58,0
1758239520,17.58,17.58,17.58,17.58,0
1758239525,17.58,17.58,17.58,17.58,0
1758239530,17.58,17.58,17.58,17.58,0
1758239535,17.58,17.58,17.58,17.58,0
1758239540,17.58,17.58,17.58,17.58,0
1758239545,17.58,17.58,17.58,17.58,0
1758239550,17.58,17.58,17.58,17.58,0
1758239555,17.58,17.58,17.58,17.58,0
1758239560,17.58,17.58,17.58,17.58,0
1758239565,17.58,17.58,17.58,17.58,0
1758239570,17.58,17.58,17.58,17.58,0
1758239575,17.58,17.58,17.58,17.58,0
1758239580,17.58,17.58,17.58,17.58,0
1758239585,17.6,17.6,17.6,17.6,1
1758239590,17.6,17.6,17.6,17.6,0
1758239595,17.6,17.6,17.6,17.6,0
1758239600,17.6,17.6,17.6,17.6,0
1758239605,17.6,17.6,17.6,17.6,0
1758239610,17.6,17.6,17.6,17.6,0
1758239615,17.6,17.6,17.6,17.6,0
1758239620,17.6,17.6,17.6,17.6,0
1758239625,17.6,17.6,17.6,17.6,0
1758239630,17.6,17.6,17.6,17.6,0
1758239635,17.6,17.6,17.6,17.6,0
1758239640,17.6,17.6,17.6,17.6,0
1758239645,17.6,17.6,17.6,17.6,0
1758239650,17.6,17.6,17.6,17.6,0
1758239655,17.6,17.6,17.6,17.6,0
1758239660,17.6,17.6,17.6,17.6,0
1758239665,17.6,17.6,17.6,17.6,0
1758239670,17.6,17.6,17.6,17.6,0
1758239675,17.6,17.6,17.6,17.6,0
1758239680,17.6,17.6,17.6,17.6,0
1758239685,17.6,17.6,17.6,17.6,0
1758239690,17.6,17.6,17.6,17.6,0
1758239695,17.6,17.6,17.6,17.6,0
1758239700,17.6,17.6,17.6,17.6,0
1758239705,17.6,17.6,17.6,17.6,0
1758239710,17.6,17.6,17.6,17.6,0
1758239715,17.6,17.6,17.6,17.6,0
1758239720,17.6,17.6,17.6,17.6,0
1758239725,17.6,17.6,17.6,17.6,0
1758239730,17.6,17.6,17.6,17.6,0
1758239735,17.6,17.6,17.6,17.6,0
1758239740,17.6,17.6,17.6,17.6,0
1758239745,17.6,17.6,17.6,17.6,0
1758239750,17.6,17.6,17.6,17.6,0
1758239755,17.6,17.6,17.6,17.6,0
1758239760,17.6,17.6,17.6,17.6,0
1758239765,17.6,17.6,17.6,17.6,0
1758239770,17.6,17.6,17.6,17.6,0
1758239775,17.6,17.6,17.6,17.6,0
1758239780,17.6,17.6,17.6,17.6,0
1758239785,17.6,17.6,17.6,17.6,0
1758239790,17.6,17.6,17.6,17.6,0
1758239795,17.6,17.6,17.6,17.6,0
1758239800,17.6,17.6,17.6,17.6,0
1758239805,17.6,17.6,17.6,17.6,0
1758239810,17.6,17.6,17.6,17.6,0
1758239815,17.6,17.6,17.6,17.6,0
1758239820,17.6,17.6,17.6,17.6,0
1758239825,17.6,17.6,17.6,17.6,0
1758239830,17.6,17.6,17.6,17.6,0
1758239835,17.6,17.6,17.6,17.6,0
1758239840,17.6,17.6,17.6,17.6,0
1758239845,17.6,17.6,17.6,17.6,0
1758239850,17.6,17.6,17.6,17.6,0
1758239855,17.6,17.6,17.6,17.6,0
1758239860,17.6,17.6,17.6,17.6,0
1758239865,17.6,17.6,17.6,17.6,0
1758239870,17.6,17.6,17.6,17.6,0
1758239875,17.6,17.6,17.6,17.6,0
1758239880,17.6,17.6,17.6,17.6,0
1758239885,17.6,17.6,17.6,17.6,0
1758239890,17.6,17.6,17.6,17.6,0
1758239895,17.6,17.6,17.6,17.6,0
1758239900,17.6,17.6,17.6,17.6,0
1758239905,17.6,17.6,17.6,17.6,0
1758239910,17.6,17.6,17.6,17.6,0
1758239915,17.6,17.6,17.6,17.6,0
1758239920,17.6,17.6,17.6,17.6,0
1758239925,17.6,17.6,17.6,17.6,0
1758239930,17.6,17.6,17.6,17.6,0
1758239935,17.6,17.6,17.6,17.6,0
1758239940,17.6,17.6,17.6,17.6,0
1758239945,17.6,17.6,17.6,17.6,0
1758239950,17.6,17.6,17.6,17.6,0
1758239955,17.6,17.6,17.6,17.6,0
1758239960,17.6,17.6,17.6,17.6,0
1758239965,17.6,17.6,17.6,17.6,0
1758239970,17.6,17.6,17.6,17.6,0
1758239975,17.6,17.6,17.6,17.6,0
1758239980,17.6,17.6,17.6,17.6,0
1758239985,17.6,17.6,17.6,17.6,0
1758239990,17.6,17.6,17.6,17.6,0
1758239995,17.6,17.6,17.6,17.6,0
1758240000,17.6,17.6,17.6,17.6,0
1758240005,17.6,17.6,17.6,17.6,0
1758240010,17.6,17.6,17.6,17.6,0
1758240015,17.6,17.6,17.6,17.6,0
1758240020,17.6,17.6,17.6,17.6,0
1758240025,17.6,17.6,17.6,17.6,0
1758240030,17.6,17.6,17.6,17.6,0
1758240035,17.6,17.6,17.6,17.6,0
1758240040,17.6,17.6,17.6,17.6,0
1758240045,17.6,17.6,17.6,17.6,0
1758240050,17.6,17.6,17.6,17.6,0
1758240055,17.6,17.6,17.6,17.6,0
1758240060,17.6,17.6,17.6,17.6,0
1758240065,17.6,17.6,17.6,17.6,0
1758240070,17.6,17.6,17.6,17.6,0
1758240075,17.6,17.6,17.6,17.6,0
1758240080,17.6,17.6,17.6,17.6,0
1758240085,17.6,17.6,17.6,17.6,0
1758240090,17.6,17.6,17.6,17.6,0
1758240095,17.6,17.6,17.6,17.6,0
1758240100,17.6,17.6,17.6,17.6,0
1758240105,17.6,17.6,17.6,17.6,0
1758240110,17.6,17.6,17.6,17.6,0
1758240115,17.6,17.6,17.6,17.6,0
1758240120,17.6,17.6,17.6,17.6,0
1758240125,17.6,17.6,17.6,17.6,0
1758240130,17.6,17.6,17.6,17.6,0
1758240135,17.6,17.6,17.6,17.6,0
1758240140,17.6,17.6,17.6,17.6,0
1758240145,17.6,17.6,17.6,17.6,0
1758240150,17.6,17.6,17.6,17.6,0
1758240155,17.6,17.6,17.6,17.6,0
1758240160,17.6,17.6,17.6,17.6,0
1758240165,17.6,17.6,17.6,17.6,0
1758240170,17.6,17.6,17.6,17.6,0
1758240175,17.6,17.6,17.6,17.6,0
1758240180,17.6,17.6,17.6,17.6,0
1758240185,17.6,17.6,17.6,17.6,0
1758240190,17.6,17.6,17.6,17.6,0
1758240195,17.6,17.6,17.6,17.6,0
1758240200,17.6,17.6,17.6,17.6,0
1758240205,17.6,17.6,17.6,17.6,0
1758240210,17.6,17.6,17.6,17.6,0
1758240215,17.6,17.6,17.6,17.6,0
1758240220,17.6,17.6,17.6,17.6,0
1758240225,17.6,17.6,17.6,17.6,0
1758240230,17.6,17.6,17.6,17.6,0
1758240235,17.6,17.6,17.6,17.6,0
1758240240,17.6,17.6,17.6,17.6,0
1758240245,17.6,17.6,17.6,17.6,0
1758240250,17.6,17.6,17.6,17.6,0
1758240255,17.6,17.6,17.6,17.6,0
1758240260,17.6,17.6,17.6,17.6,0
1758240265,17.6,17.6,17.6,17.6,0
1758240270,17.6,17.6,17.6,17.6,0
1758240275,17.6,17.6,17.6,17.6,0
1758240280,17.6,17.6,17.6,17.6,0
1758240285,17.6,17.6,17.6,17.6,0
1758240290,17.6,17.6,17.6,17.6,0
1758240295,17.6,17.6,17.6,17.6,0
1758240300,17.6,17.6,17.6,17.6,0
1758240305,17.6,17.6,17.6,17.6,0
1758240310,17.6,17.6,17.6,17.6,0
1758240315,17.6,17.6,17.6,17.6,0
1758240320,17.6,17.6,17.6,17.6,0
1758240325,17.6,17.6,17.6,17.6,0
1758240330,17.6,17.6,17.6,17.6,0
1758240335,17.6,17.6,17.6,17.6,0
1758240340,17.6,17.6,17.6,17.6,0
1758240345,17.6,17.6,17.6,17.6,0
1758240350,17.6,17.6,17.6,17.6,0
1758240355,17.6,17.6,17.6,17.6,0
1758240360,17.6,17.6,17.6,17.6,0
1758240365,17.6,17.6,17.6,17.6,0
1758240370,17.6,17.6,17.6,17.6,0
1758240375,17.6,17.6,17.6,17.6,0
1758240380,17.6,17.6,17.6,17.6,0
1758240385,17.6,17.6,17.6,17.6,0
1758240390,17.6,17.6,17.6,17.6,0
1758240395,17.6,17.6,17.6,17.6,0
1758240400,17.6,17.6,17.6,17.6,0
1758240405,17.6,17.6,17.6,17.6,0
1758240410,17.6,17.6,17.6,17.6,0
1758240415,17.6,17.6,17.6,17.6,0
1758240420,17.6,17.6,17.6,17.6,0
1758240425,17.6,17.6,17.6,17.6,0
1758240430,17.6,17.6,17.6,17.6,0
1758240435,17.6,17.6,17.6,17.6,0
1758240440,17.6,17.6,17.6,17.6,0
1758240445,17.6,17.6,17.6,17.6,0
1758240450,17.6,17.6,17.6,17.6,0
1758240455,17.6,17.6,17.6,17.6,0
1758240460,17.6,17.6,17.6,17.6,0
1758240465,17.6,17.6,17.6,17.6,0
1758240470,17.6,17.6,17.6,17.6,0
1758240475,17.6,17.6,17.6,17.6,0
1758240480,17.6,17.6,17.6,17.6,0
1758240485,17.6,17.6,17.6,17.6,0
1758240490,17.6,17.6,17.6,17.6,0
1758240495,17.6,17.6,17.6,17.6,0
1758240500,17.6,17.6,17.6,17.6,0
1758240505,17.6,17.6,17.6,17.6,0
1758240510,17.6,17.6,17.6,17.6,0
1758240515,17.6,17.6,17.6,17.6,0
1758240520,17.6,17.6,17.6,17.6,0
1758240525,17.6,17.6,17.6,17.6,0
1758240530,17.6,17.6,17.6,17.6,0
1758240535,17.6,17.6,17.6,17.6,0
1758240540,17.6,17.6,17.6,17.6,0
1758240545,17.6,17.6,17.6,17.6,0
1758240550,17.6,17.6,17.6,17.6,0
1758240555,17.6,17.6,17.6,17.6,0
1758240560,17.6,17.6,17.6,17.6,0
1758240565,17.6,17.6,17.6,17.6,0
1758240570,17.6,17.6,17.6,17.6,0
1758240575,17.6,17.6,17.6,17.6,0
1758240580,17.6,17.6,17.6,17.6,0
1758240585,17.6,17.6,17.6,17.6,0
1758240590,17.6,17.6,17.6,17.6,0
1758240595,17.6,17.6,17.6,17.6,0
1758240600,17.6,17.6,17.6,17.6,0
1758240605,17.6,17.6,17.6,17.6,0
1758240610,17.6,17.6,17.6,17.6,0
1758240615,17.6,17.6,17.6,17.6,0
1758240620,17.6,17.6,17.6,17.6,0
1758240625,17.6,17.6,17.6,17.6,0
1758240630,17.6,17.6,17.6,17.6,0
1758240635,17.6,17.6,17.6,17.6,0
1758240640,17.6,17.6,17.6,17.6,0
1758240645,17.6,17.6,17.6,17.6,0
1758240650,17.6,17.6,17.6,17.6,0
1758240655,17.6,17.6,17.6,17.6,0
1758240660,17.6,17.6,17.6,17.6,0
1758240665,17.6,17.6,17.6,17.6,0
1758240670,17.6,17.6,17.6,17.6,0
1758240675,17.6,17.6,17.6,17.6,0
1758240680,17.6,17.6,17.6,17.6,0
1758240685,17.6,17.6,17.6,17.6,0
1758240690,17.6,17.6,17.6,17.6,0
1758240695,17.6,17.6,17.6,17.6,0
1758240700,17.6,17.6,17.6,17.6,0
1758240705,17.6,17.6,17.6,17.6,0
1758240710,17.6,17.6,17.6,17.6,0
1758240715,17.6,17.6,17.6,17.6,0
1758240720,17.6,17.6,17.6,17.6,0
1758240725,17.6,17.6,17.6,17.6,0
1758240730,17.6,17.6,17.6,17.6,0
1758240735,17.6,17.6,17.6,17.6,0
1758240740,17.6,17.6,17.6,17.6,0
1758240745,17.6,17.6,17.6,17.6,0
1758240750,17.6,17.6,17.6,17.6,0
1758240755,17.6,17.6,17.6,17.6,0
1758240760,17.6,17.6,17.6,17.6,0
1758240765,17.6,17.6,17.6,17.6,0
1758240770,17.6,17.6,17.6,17.6,0
1758240775,17.6,17.6,17.6,17.6,0
1758240780,17.6,17.6,17.6,17.6,0
1758240785,17.6,17.6,17.6,17.6,0
1758240790,17.6,17.6,17.6,17.6,0
1758240795,17.6,17.6,17.6,17.6,0
1758240800,17.6,17.6,17.6,17.6,0
1758240805,17.6,17.6,17.6,17.6,0
1758240810,17.6,17.6,17.6,17.6,0
1758240815,17.6,17.6,17.6,17.6,0
1758240820,17.6,17.6,17.6,17.6,0
1758240825,17.6,17.6,17.6,17.6,0
1758240830,17.6,17.6,17.6,17.6,0
1758240835,17.6,17.6,17.6,17.6,0
1758240840,17.6,17.6,17.6,17.6,0
1758240845,17.6,17.6,17.6,17.6,0
1758240850,17.6,17.6,17.6,17.6,0
1758240855,17.6,17.6,17.6,17.6,0
1758240860,17.6,17.6,17.6,17.6,0
1758240865,17.6,17.6,17.6,17.6,0
1758240870,17.6,17.6,17.6,17.6,0
1758240875,17.6,17.6,17.6,17.6,0
1758240880,17.6,17.6,17.6,17.6,0
1758240885,17.6,17.6,17.6,17.6,0
1758240890,17.6,17.6,17.6,17.6,0
1758240895,17.6,17.6,17.6,17.6,0
1758240900,17.6,17.6,17.6,17.6,0
1758240905,17.6,17.6,17.6,17.6,0
1758240910,17.6,17.6,17.6,17.6,0
1758240915,17.6,17.6,17.6,17.6,0
1758240920,17.6,17.6,17.6,17.6,0
1758240925,17.6,17.6,17.6,17.6,0
1758240930,17.6,17.6,17.6,17.6,0
1758240935,17.6,17.6,17.6,17.6,0
1758240940,17.6,17.6,17.6,17.6,0
1758240945,17.6,17.6,17.6,17.6,0
1758240950,17.6,17.6,17.6,17.6,0
1758240955,17.6,17.6,17.6,17.6,0
1758240960,17.6,17.6,17.6,17.6,0
1758240965,17.6,17.6,17.6,17.6,0
1758240970,17.6,17.6,17.6,17.6,0
1758240975,17.6,17.6,17.6,17.6,0
1758240980,17.6,17.6,17.6,17.6,0
1758240985,17.6,17.6,17.6,17.6,0
1758240990,17.6,17.6,17.6,17.6,0
1758240995,17.6,17.6,17.6,17.6,0
1758241000,17.6,17.6,17.6,17.6,0
1758241005,17.6,17.6,17.6,17.6,0
1758241010,17.6,17.6,17.6,17.6,0
1758241015,17.6,17.6,17.6,17.6,0
1758241020,17.6,17.6,17.6,17.6,0
1758241025,17.6,17.6,17.6,17.6,0
1758241030,17.6,17.6,17.6,17.6,0
1758241035,17.6,17.6,17.6,17.6,0
1758241040,17.6,17.6,17.6,17.6,0
1758241045,17.6,17.6,17.6,17.6,0
1758241050,17.6,17.6,17.6,17.6,0
1758241055,17.6,17.6,17.6,17.6,0
1758241060,17.6,17.6,17.6,17.6,0
1758241065,17.6,17.6,17.6,17.6,0
1758241070,17.6,17.6,17.6,17.6,0
1758241075,17.6,17.6,17.6,17.6,0
1758241080,17.6,17.6,17.6,17.6,0
1758241085,17.6,17.6,17.6,17.6,0
1758241090,17.6,17.6,17.6,17.6,0
1758241095,17.6,17.6,17.6,17.6,0
1758241100,17.6,17.6,17.6,17.6,0
1758241105,17.6,17.6,17.6,17.6,0
1758241110,17.6,17.6,17.6,17.6,0
1758241115,17.6,17.6,17.6,17.6,0
1758241120,17.6,17.6,17.6,17.6,0
1758241125,17.6,17.6,17.6,17.6,0
1758241130,17.6,17.6,17.6,17.6,0
1758241135,17.6,17.6,17.6,17.6,0
1758241140,17.6,17.6,17.6,17.6,0
1758241145,17.6,17.6,17.6,17.6,0
1758241150,17.6,17.6,17.6,17.6,0
1758241155,17.6,17.6,17.6,17.6,0
1758241160,17.6,17.6,17.6,17.6,0
1758241165,17.6,17.6,17.6,17.6,0
1758241170,17.6,17.6,17.6,17.6,0
1758241175,17.6,17.6,17.6,17.6,0
1758241180,17.6,17.6,17.6,17.6,0
1758241185,17.6,17.6,17.6,17.6,0
1758241190,17.6,17.6,17.6,17.6,0
1758241195,17.6,17.6,17.6,17.6,0
1758241200,17.6,17.6,17.6,17.6,0
1758241205,17.6,17.6,17.6,17.6,0
1758241210,17.6,17.6,17.6,17.6,0
1758241215,17.6,17.6,17.6,17.6,0
1758241220,17.6,17.6,17.6,17.6,0
1758241225,17.6,17.6,17.6,17.6,0
1758241230,17.6,17.6,17.6,17.6,0
1758241235,17.6,17.6,17.6,17.6,0
1758241240,17.6,17.6,17.6,17.6,0
1758241245,17.6,17.6,17.6,17.6,0
1758241250,17.6,17.6,17.6,17.6,0
1758241255,17.6,17.6,17.6,17.6,0
1758241260,17.6,17.6,17.6,17.6,0
1758241265,17.6,17.6,17.6,17.6,0
1758241270,17.6,17.6,17.6,17.6,0
1758241275,17.6,17.6,17.6,17.6,0
1758241280,17.6,17.6,17.6,17.6,0
1758241285,17.6,17.6,17.6,17.6,0
1758241290,17.6,17.6,17.6,17.6,0
1758241295,17.6,17.6,17.6,17.6,0
1758241300,17.6,17.6,17.6,17.6,0
1758241305,17.6,17.6,17.6,17.6,0
1758241310,17.6,17.6,17.6,17.6,0
1758241315,17.6,17.6,17.6,17.6,0
1758241320,17.6,17.6,17.6,17.6,0
1758241325,17.6,17.6,17.6,17.6,0
1758241330,17.6,17.6,17.6,17.6,0
1758241335,17.6,17.6,17.6,17.6,0
1758241340,17.6,17.6,17.6,17.6,0
1758241345,17.6,17.6,17.6,17.6,0
1758241350,17.6,17.6,17.6,17.6,0
1758241355,17.6,17.6,17.6,17.6,0
1758241360,17.6,17.6,17.6,17.6,0
1758241365,17.6,17.6,17.6,17.6,0
1758241370,17.6,17.6,17.6,17.6,0
1758241375,17.6,17.6,17.6,17.6,0
1758241380,17.6,17.6,17.6,17.6,0
1758241385,17.6,17.6,17.6,17.6,0
1758241390,17.6,17.6,17.6,17.6,0
1758241395,17.6,17.6,17.6,17.6,0
1758241400,17.6,17.6,17.6,17.6,0
1758241405,17.6,17.6,17.6,17.6,0
1758241410,17.6,17.6,17.6,17.6,0
1758241415,17.6,17.6,17.6,17.6,0
1758241420,17.6,17.6,17.6,17.6,0
1758241425,17.6,17.6,17.6,17.6,0
1758241430,17.6,17.6,17.6,17.6,0
1758241435,17.6,17.6,17.6,17.6,0
1758241440,17.6,17.6,17.6,17.6,0
1758241445,17.6,17.6,17.6,17.6,0
1758241450,17.6,17.6,17.6,17.6,0
1758241455,17.6,17.6,17.6,17.6,0
1758241460,17.6,17.6,17.6,17.6,0
1758241465,17.6,17.6,17.6,17.6,0
1758241470,17.6,17.6,17.6,17.6,0
1758241475,17.6,17.6,17.6,17.6,0
1758241480,17.6,17.6,17.6,17.6,0
1758241485,17.6,17.6,17.6,17.6,0
1758241490,17.6,17.6,17.6,17.6,0
1758241495,17.6,17.6,17.6,17.6,0
1758241500,17.6,17.6,17.6,17.6,0
1758241505,17.6,17.6,17.6,17.6,0
1758241510,17.6,17.6,17.6,17.6,0
1758241515,17.6,17.6,17.6,17.6,0
1758241520,17.6,17.6,17.6,17.6,0
1758241525,17.6,17.6,17.6,17.6,0
1758241530,17.6,17.6,17.6,17.6,0
1758241535,17.6,17.6,17.6,17.6,0
1758241540,17.6,17.6,17.6,17.6,0
1758241545,17.6,17.6,17.6,17.6,0
1758241550,17.6,17.6,17.6,17.6,0
1758241555,17.6,17.6,17.6,17.6,0
1758241560,17.6,17.6,17.6,17.6,0
1758241565,17.6,17.6,17.6,17.6,0
1758241570,17.6,17.6,17.6,17.6,0
1758241575,17.6,17.6,17.6,17.6,0
1758241580,17.6,17.6,17.6,17.6,0
1758241585,17.6,17.6,17.6,17.6,0
1758241590,17.6,17.6,17.6,17.6,0
1758241595,17.6,17.6,17.6,17.6,0
1758241600,17.6,17.6,17.6,17.6,0
1758241605,17.6,17.6,17.6,17.6,0
1758241610,17.6,17.6,17.6,17.6,0
1758241615,17.6,17.6,17.6,17.6,0
1758241620,17.6,17.6,17.6,17.6,0
1758241625,17.6,17.6,17.6,17.6,0
1758241630,17.6,17.6,17.6,17.6,0
1758241635,17.6,17.6,17.6,17.6,0
1758241640,17.6,17.6,17.6,17.6,0
1758241645,17.6,17.6,17.6,17.6,0
1758241650,17.6,17.6,17.6,17.6,0
1758241655,17.6,17.6,17.6,17.6,0
1758241660,17.6,17.6,17.6,17.6,0
1758241665,17.6,17.6,17.6,17.6,0
1758241670,17.6,17.6,17.6,17.6,0
1758241675,17.6,17.6,17.6,17.6,0
1758241680,17.6,17.6,17.6,17.6,0
1758241685,17.6,17.6,17.6,17.6,0
1758241690,17.6,17.6,17.6,17.6,0
1758241695,17.6,17.6,17.6,17.6,0
1758241700,17.6,17.6,17.6,17.6,0
1758241705,17.6,17.6,17.6,17.6,0
1758241710,17.6,17.6,17.6,17.6,0
1758241715,17.6,17.6,17.6,17.6,0
1758241720,17.6,17.6,17.6,17.6,0
1758241725,17.6,17.6,17.6,17.6,0
1758241730,17.6,17.6,17.6,17.6,0
1758241735,17.6,17.6,17.6,17.6,0
1758241740,17.6,17.6,17.6,17.6,0
1758241745,17.6,17.6,17.6,17.6,0
1758241750,17.6,17.6,17.6,17.6,0
1758241755,17.6,17.6,17.6,17.6,0
1758241760,17.6,17.6,17.6,17.6,0
1758241765,17.6,17.6,17.6,17.6,0
1758241770,17.6,17.6,17.6,17.6,0
1758241775,17.6,17.6,17.6,17.6,0
1758241780,17.6,17.6,17.6,17.6,0
1758241785,17.6,17.6,17.6,17.6,0
1758241790,17.6,17.6,17.6,17.6,0
1758241795,17.6,17.6,17.6,17.6,0
1758241800,17.6,17.6,17.6,17.6,0
1758241805,17.6,17.6,17.6,17.6,0
1758241810,17.6,17.6,17.6,17.6,0
1758241815,17.6,17.6,17.6,17.6,0
1758241820,17.6,17.6,17.6,17.6,0
1758241825,17.6,17.6,17.6,17.6,0
1758241830,17.6,17.6,17.6,17.6,0
1758241835,17.6,17.6,17.6,17.6,0
1758241840,17.6,17.6,17.6,17.6,0
1758241845,17.6,17.6,17.6,17.6,0
1758241850,17.6,17.6,17.6,17.6,0
1758241855,17.6,17.6,17.6,17.6,0
1758241860,17.6,17.6,17.6,17.6,0
1758241865,17.6,17.6,17.6,17.6,0
1758241870,17.6,17.6,17.6,17.6,0
1758241875,17.6,17.6,17.6,17.6,0
1758241880,17.6,17.6,17.6,17.6,0
1758241885,17.6,17.6,17.6,17.6,0
1758241890,17.6,17.6,17.6,17.6,0
1758241895,17.6,17.6,17.6,17.6,0
1758241900,17.6,17.6,17.6,17.6,0
1758241905,17.6,17.6,17.6,17.6,0
1758241910,17.6,17.6,17.6,17.6,0
1758241915,17.6,17.6,17.6,17.6,0
1758241920,17.6,17.6,17.6,17.6,0
1758241925,17.6,17.6,17.6,17.6,0
1758241930,17.6,17.6,17.6,17.6,0
1758241935,17.6,17.6,17.6,17.6,0
1758241940,17.6,17.6,17.6,17.6,0
1758241945,17.6,17.6,17.6,17.6,0
1758241950,17.6,17.6,17.6,17.6,0
1758241955,17.6,17.6,17.6,17.6,0
1758241960,17.6,17.6,17.6,17.6,0
1758241965,17.6,17.6,17.6,17.6,0
1758241970,17.6,17.6,17.6,17.6,0
1758241975,17.6,17.6,17.6,17.6,0
1758241980,17.6,17.6,17.6,17.6,0
1758241985,17.6,17.6,17.6,17.6,0
1758241990,17.6,17.6,17.6,17.6,0
1758241995,17.6,17.6,17.6,17.6,0
1758242000,17.6,17.6,17.6,17.6,0
1758242005,17.6,17.6,17.6,17.6,0
1758242010,17.6,17.6,17.6,17.6,0
1758242015,17.6,17.6,17.6,17.6,0
1758242020,17.6,17.6,17.6,17.6,0
1758242025,17.6,17.6,17.6,17.6,0
1758242030,17.6,17.6,17.6,17.6,0
1758242035,17.6,17.6,17.6,17.6,0
1758242040,17.6,17.6,17.6,17.6,0
1758242045,17.6,17.6,17.6,17.6,0
1758242050,17.6,17.6,17.6,17.6,0
1758242055,17.6,17.6,17.6,17.6,0
1758242060,17.6,17.6,17.6,17.6,0
1758242065,17.6,17.6,17.6,17.6,0
1758242070,17.6,17.6,17.6,17.6,0
1758242075,17.6,17.6,17.6,17.6,0
1758242080,17.6,17.6,17.6,17.6,0
1758242085,17.6,17.6,17.6,17.6,0
1758242090,17.6,17.6,17.6,17.6,0
1758242095,17.6,17.6,17.6,17.6,0
1758242100,17.6,17.6,17.6,17.6,0
1758242105,17.6,17.6,17.6,17.6,0
1758242110,17.6,17.6,17.6,17.6,0
1758242115,17.6,17.6,17.6,17.6,0
1758242120,17.6,17.6,17.6,17.6,0
1758242125,17.6,17.6,17.6,17.6,0
1758242130,17.6,17.6,17.6,17.6,0
1758242135,17.6,17.6,17.6,17.6,0
1758242140,17.6,17.6,17.6,17.6,0
1758242145,17.6,17.6,17.6,17.6,0
1758242150,17.6,17.6,17.6,17.6,0
1758242155,17.6,17.6,17.6,17.6,0
1758242160,17.6,17.6,17.6,17.6,0
1758242165,17.6,17.6,17.6,17.6,0
1758242170,17.6,17.6,17.6,17.6,0
1758242175,17.6,17.6,17.6,17.6,0
1758242180,17.6,17.6,17.6,17.6,0
1758242185,17.6,17.6,17.6,17.6,0
1758242190,17.6,17.6,17.6,17.6,0
1758242195,17.6,17.6,17.6,17.6,0
1758242200,17.6,17.6,17.6,17.6,0
1758242205,17.6,17.6,17.6,17.6,0
1758242210,17.6,17.6,17.6,17.6,0
1758242215,17.6,17.6,17.6,17.6,0
1758242220,17.6,17.6,17.6,17.6,0
1758242225,17.6,17.6,17.6,17.6,0
1758242230,17.6,17.6,17.6,17.6,0
1758242235,17.6,17.6,17.6,17.6,0
1758242240,17.6,17.6,17.6,17.6,0
1758242245,17.6,17.6,17.6,17.6,0
1758242250,17.6,17.6,17.6,17.6,0
1758242255,17.6,17.6,17.6,17.6,0
1758242260,17.6,17.6,17.6,17.6,0
1758242265,17.6,17.6,17.6,17.6,0
1758242270,17.6,17.6,17.6,17.6,0
1758242275,17.6,17.6,17.6,17.6,0
1758242280,17.6,17.6,17.6,17.6,0
1758242285,17.6,17.6,17.6,17.6,0
1758242290,17.6,17.6,17.6,17.6,0
1758242295,17.6,17.6,17.6,17.6,0
1758242300,17.6,17.6,17.6,17.6,0
1758242305,17.6,17.6,17.6,17.6,0
1758242310,17.6,17.6,17.6,17.6,0
1758242315,17.6,17.6,17.6,17.6,0
1758242320,17.6,17.6,17.6,17.6,0
1758242325,17.6,17.6,17.6,17.6,0
1758242330,17.6,17.6,17.6,17.6,0
1758242335,17.6,17.6,17.6,17.6,0
1758242340,17.6,17.6,17.6,17.6,0
1758242345,17.6,17.6,17.6,17.6,0
1758242350,17.6,17.6,17.6,17.6,0
1758242355,17.6,17.6,17.6,17.6,0
1758242360,17.6,17.6,17.6,17.6,0
1758242365,17.6,17.6,17.6,17.6,0
1758242370,17.6,17.6,17.6,17.6,0
1758242375,17.6,17.6,17.6,17.6,0
1758242380,17.6,17.6,17.6,17.6,0
1758242385,17.6,17.6,17.6,17.6,0
1758242390,17.6,17.6,17.6,17.6,0
1758242395,17.6,17.6,17.6,17.6,0
1758242400,17.6,17.6,17.6,17.6,0
1758242405,17.6,17.6,17.6,17.6,0
1758242410,17.6,17.6,17.6,17.6,0
1758242415,17.6,17.6,17.6,17.6,0
1758242420,17.6,17.6,17.6,17.6,0
1758242425,17.6,17.6,17.6,17.6,0
1758242430,17.6,17.6,17.6,17.6,0
1758242435,17.6,17.6,17.6,17.6,0
1758242440,17.6,17.6,17.6,17.6,0
1758242445,17.6,17.6,17.6,17.6,0
1758242450,17.6,17.6,17.6,17.6,0
1758242455,17.6,17.6,17.6,17.6,0
1758242460,17.6,17.6,17.6,17.6,0
1758242465,17.6,17.6,17.6,17.6,0
1758242470,17.6,17.6,17.6,17.6,0
1758242475,17.6,17.6,17.6,17.6,0
1758242480,17.6,17.6,17.6,17.6,0
1758242485,17.6,17.6,17.6,17.6,0
1758242490,17.6,17.6,17.6,17.6,0
1758242495,17.6,17.6,17.6,17.6,0
1758242500,17.6,17.6,17.6,17.6,0
1758242505,17.6,17.6,17.6,17.6,0
1758242510,17.6,17.6,17.6,17.6,0
1758242515,17.6,17.6,17.6,17.6,0
1758242520,17.6,17.6,17.6,17.6,0
1758242525,17.6,17.6,17.6,17.6,0
1758242530,17.6,17.6,17.6,17.6,0
1758242535,17.6,17.6,17.6,17.6,0
1758242540,17.6,17.6,17.6,17.6,0
1758242545,17.6,17.6,17.6,17.6,0
1758242550,17.6,17.6,17.6,17.6,0
1758242555,17.6,17.6,17.6,17.6,0
1758242560,17.6,17.6,17.6,17.6,0
1758242565,17.6,17.6,17.6,17.6,0
1758242570,17.6,17.6,17.6,17.6,0
1758242575,17.6,17.6,17.6,17.6,0
1758242580,17.6,17.6,17.6,17.6,0
1758242585,17.6,17.6,17.6,17.6,0
1758242590,17.6,17.6,17.6,17.6,0
1758242595,17.6,17.6,17.6,17.6,0
1758242600,17.6,17.6,17.6,17.6,0
1758242605,17.6,17.6,17.6,17.6,0
1758242610,17.6,17.6,17.6,17.6,0
1758242615,17.6,17.6,17.6,17.6,0
1758242620,17.6,17.6,17.6,17.6,0
1758242625,17.6,17.6,17.6,17.6,0
1758242630,17.6,17.6,17.6,17.6,0
1758242635,17.6,17.6,17.6,17.6,0
1758242640,17.6,17.6,17.6,17.6,0
1758242645,17.6,17.6,17.6,17.6,0
1758242650,17.6,17.6,17.6,17.6,0
1758242655,17.6,17.6,17.6,17.6,0
1758242660,17.6,17.6,17.6,17.6,0
1758242665,17.6,17.6,17.6,17.6,0
1758242670,17.6,17.6,17.6,17.6,0
1758242675,17.6,17.6,17.6,17.6,0
1758242680,17.6,17.6,17.6,17.6,0
1758242685,17.6,17.6,17.6,17.6,0
1758242690,17.6,17.6,17.6,17.6,0
1758242695,17.6,17.6,17.6,17.6,0
1758242700,17.6,17.6,17.6,17.6,0
1758242705,17.6,17.6,17.6,17.6,0
1758242710,17.6,17.6,17.6,17.6,0
1758242715,17.6,17.6,17.6,17.6,0
1758242720,17.6,17.6,17.6,17.6,0
1758242725,17.6,17.6,17.6,17.6,0
1758242730,17.6,17.6,17.6,17.6,0
1758242735,17.6,17.6,17.6,17.6,0
1758242740,17.6,17.6,17.6,17.6,0
1758242745,17.6,17.6,17.6,17.6,0
1758242750,17.6,17.6,17.6,17.6,0
1758242755,17.6,17.6,17.6,17.6,0
1758242760,17.6,17.6,17.6,17.6,0
1758242765,17.6,17.6,17.6,17.6,0
1758242770,17.6,17.6,17.6,17.6,0
1758242775,17.6,17.6,17.6,17.6,0
1758242780,17.6,17.6,17.6,17.6,0
1758242785,17.6,17.6,17.6,17.6,0
1758242790,17.6,17.6,17.6,17.6,0
1758242795,17.6,17.6,17.6,17.6,0
1758242800,17.6,17.6,17.6,17.6,0
1758242805,17.6,17.6,17.6,17.6,0
1758242810,17.6,17.6,17.6,17.6,0
1758242815,17.6,17.6,17.6,17.6,0
1758242820,17.6,17.6,17.6,17.6,0
1758242825,17.6,17.6,17.6,17.6,0
1758242830,17.6,17.6,17.6,17.6,0
1758242835,17.6,17.6,17.6,17.6,0
1758242840,17.6,17.6,17.6,17.6,0
1758242845,17.6,17.6,17.6,17.6,0
1758242850,17.6,17.6,17.6,17.6,0
1758242855,17.6,17.6,17.6,17.6,0
1758242860,17.6,17.6,17.6,17.6,0
1758242865,17.6,17.6,17.6,17.6,0
1758242870,17.6,17.6,17.6,17.6,0
1758242875,17.6,17.6,17.6,17.6,0
1758242880,17.6,17.6,17.6,17.6,0
1758242885,17.6,17.6,17.6,17.6,0
1758242890,17.6,17.6,17.6,17.6,0
1758242895,17.6,17.6,17.6,17.6,0
1758242900,17.6,17.6,17.6,17.6,0
1758242905,17.6,17.6,17.6,17.6,0
1758242910,17.6,17.6,17.6,17.6,0
1758242915,17.6,17.6,17.6,17.6,0
1758242920,17.6,17.6,17.6,17.6,0
1758242925,17.6,17.6,17.6,17.6,0
1758242930,17.6,17.6,17.6,17.6,0
1758242935,17.6,17.6,17.6,17.6,0
1758242940,17.6,17.6,17.6,17.6,0
1758242945,17.6,17.6,17.6,17.6,0
1758242950,17.6,17.6,17.6,17.6,0
1758242955,17.6,17.6,17.6,17.6,0
1758242960,17.6,17.6,17.6,17.6,0
1758242965,17.6,17.6,17.6,17.6,0
1758242970,17.6,17.6,17.6,17.6,0
1758242975,17.6,17.6,17.6,17.6,0
1758242980,17.6,17.6,17.6,17.6,0
1758242985,17.6,17.6,17.6,17.6,0
1758242990,17.6,17.6,17.6,17.6,0
1758242995,17.6,17.6,17.6,17.6,0
1758243000,17.6,17.6,17.6,17.6,0
1758243005,17.6,17.6,17.6,17.6,0
1758243010,17.6,17.6,17.6,17.6,0
1758243015,17.6,17.6,17.6,17.6,0
1758243020,17.6,17.6,17.6,17.6,0
1758243025,17.6,17.6,17.6,17.6,0
1758243030,17.6,17.6,17.6,17.6,0
1758243035,17.6,17.6,17.6,17.6,0
1758243040,17.6,17.6,17.6,17.6,0
1758243045,17.6,17.6,17.6,17.6,0
1758243050,17.6,17.6,17.6,17.6,0
1758243055,17.6,17.6,17.6,17.6,0
1758243060,17.6,17.6,17.6,17.6,0
1758243065,17.6,17.6,17.6,17.6,0
1758243070,17.6,17.6,17.6,17.6,0
1758243075,17.6,17.6,17.6,17.6,0
1758243080,17.6,17.6,17.6,17.6,0
1758243085,17.6,17.6,17.6,17.6,0
1758243090,17.6,17.6,17.6,17.6,0
1758243095,17.6,17.6,17.6,17.6,0
1758243100,17.6,17.6,17.6,17.6,0
1758243105,17.6,17.6,17.6,17.6,0
1758243110,17.6,17.6,17.6,17.6,0
1758243115,17.6,17.6,17.6,17.6,0
1758243120,17.6,17.6,17.6,17.6,0
1758243125,17.6,17.6,17.6,17.6,0
1758243130,17.6,17.6,17.6,17.6,0
1758243135,17.6,17.6,17.6,17.6,0
1758243140,17.6,17.6,17.6,17.6,0
1758243145,17.6,17.6,17.6,17.6,0
1758243150,17.6,17.6,17.6,17.6,0
1758243155,17.6,17.6,17.6,17.6,0
1758243160,17.6,17.6,17.6,17.6,0
1758243165,17.6,17.6,17.6,17.6,0
1758243170,17.6,17.6,17.6,17.6,0
1758243175,17.6,17.6,17.6,17.6,0
1758243180,17.6,17.6,17.6,17.6,0
1758243185,17.6,17.6,17.6,17.6,0
1758243190,17.6,17.6,17.6,17.6,0
1758243195,17.6,17.6,17.6,17.6,0
1758243200,17.6,17.6,17.6,17.6,0
1758243205,17.6,17.6,17.6,17.6,0
1758243210,17.6,17.6,17.6,17.6,0
1758243215,17.6,17.6,17.6,17.6,0
1758243220,17.6,17.6,17.6,17.6,0
1758243225,17.6,17.6,17.6,17.6,0
1758243230,17.6,17.6,17.6,17.6,0
1758243235,17.6,17.6,17.6,17.6,0
1758243240,17.6,17.6,17.6,17.6,0
1758243245,17.6,17.6,17.6,17.6,0
1758243250,17.6,17.6,17.6,17.6,0
1758243255,17.6,17.6,17.6,17.6,0
1758243260,17.6,17.6,17.6,17.6,0
1758243265,17.6,17.6,17.6,17.6,0
1758243270,17.6,17.6,17.6,17.6,0
1758243275,17.6,17.6,17.6,17.6,0
1758243280,17.6,17.6,17.6,17.6,0
1758243285,17.6,17.6,17.6,17.6,0
1758243290,17.6,17.6,17.6,17.6,0
1758243295,17.6,17.6,17.6,17.6,0
1758243300,17.6,17.6,17.6,17.6,0
1758243305,17.6,17.6,17.6,17.6,0
1758243310,17.6,17.6,17.6,17.6,0
1758243315,17.6,17.6,17.6,17.6,0
1758243320,17.6,17.6,17.6,17.6,0
1758243325,17.6,17.6,17.6,17.6,0
1758243330,17.6,17.6,17.6,17.6,0
1758243335,17.6,17.6,17.6,17.6,0
1758243340,17.6,17.6,17.6,17.6,0
1758243345,17.6,17.6,17.6,17.6,0
1758243350,17.6,17.6,17.6,17.6,0
1758243355,17.6,17.6,17.6,17.6,0
1758243360,17.6,17.6,17.6,17.6,0
1758243365,17.6,17.6,17.6,17.6,0
1758243370,17.6,17.6,17.6,17.6,0
1758243375,17.6,17.6,17.6,17.6,0
1758243380,17.6,17.6,17.6,17.6,0
1758243385,17.6,17.6,17.6,17.6,0
1758243390,17.6,17.6,17.6,17.6,0
1758243395,17.6,17.6,17.6,17.6,0
1758243400,17.6,17.6,17.6,17.6,0
1758243405,17.6,17.6,17.6,17.6,0
1758243410,17.6,17.6,17.6,17.6,0
1758243415,17.6,17.6,17.6,17.6,0
1758243420,17.6,17.6,17.6,17.6,0
1758243425,17.6,17.6,17.6,17.6,0
1758243430,17.6,17.6,17.6,17.6,0
1758243435,17.6,17.6,17.6,17.6,0
1758243440,17.6,17.6,17.6,17.6,0
1758243445,17.6,17.6,17.6,17.6,0
1758243450,17.6,17.6,17.6,17.6,0
1758243455,17.6,17.6,17.6,17.6,0
1758243460,17.6,17.6,17.6,17.6,0
1758243465,17.6,17.6,17.6,17.6,0
1758243470,17.6,17.6,17.6,17.6,0
1758243475,17.6,17.6,17.6,17.6,0
1758243480,17.6,17.6,17.6,17.6,0
1758243485,17.6,17.6,17.6,17.6,0
1758243490,17.6,17.6,17.6,17.6,0
1758243495,17.6,17.6,17.6,17.6,0
1758243500,17.6,17.6,17.6,17.6,0
1758243505,17.6,17.6,17.6,17.6,0
1758243510,17.6,17.6,17.6,17.6,0
1758243515,17.6,17.6,17.6,17.6,0
1758243520,17.6,17.6,17.6,17.6,0
1758243525,17.6,17.6,17.6,17.6,0
1758243530,17.6,17.6,17.6,17.6,0
1758243535,17.6,17.6,17.6,17.6,0
1758243540,17.6,17.6,17.6,17.6,0
1758243545,17.6,17.6,17.6,17.6,0
1758243550,17.6,17.6,17.6,17.6,0
1758243555,17.6,17.6,17.6,17.6,0
1758243560,17.6,17.6,17.6,17.6,0
1758243565,17.6,17.6,17.6,17.6,0
1758243570,17.6,17.6,17.6,17.6,0
1758243575,17.6,17.6,17.6,17.6,0
1758243580,17.6,17.6,17.6,17.6,0
1758243585,17.6,17.6,17.6,17.6,0
1758243590,17.6,17.6,17.6,17.6,0
1758243595,17.6,17.6,17.6,17.6,0
1758243600,17.6,17.6,17.6,17.6,0
1758243605,17.6,17.6,17.6,17.6,0
1758243610,17.6,17.6,17.6,17.6,0
1758243615,17.6,17.6,17.6,17.6,0
1758243620,17.6,17.6,17.6,17.6,0
1758243625,17.6,17.6,17.6,17.6,0
1758243630,17.6,17.6,17.6,17.6,0
1758243635,17.6,17.6,17.6,17.6,0
1758243640,17.6,17.6,17.6,17.6,0
1758243645,17.6,17.6,17.6,17.6,0
1758243650,17.6,17.6,17.6,17.6,0
1758243655,17.6,17.6,17.6,17.6,0
1758243660,17.6,17.6,17.6,17.6,0
1758243665,17.6,17.6,17.6,17.6,0
1758243670,17.6,17.6,17.6,17.6,0
1758243675,17.6,17.6,17.6,17.6,0
1758243680,17.6,17.6,17.6,17.6,0
1758243685,17.6,17.6,17.6,17.6,0
1758243690,17.6,17.6,17.6,17.6,0
1758243695,17.6,17.6,17.6,17.6,0
1758243700,17.6,17.6,17.6,17.6,0
1758243705,17.6,17.6,17.6,17.6,0
1758243710,17.6,17.6,17.6,17.6,0
1758243715,17.6,17.6,17.6,17.6,0
1758243720,17.6,17.6,17.6,17.6,0
1758243725,17.6,17.6,17.6,17.6,0
1758243730,17.6,17.6,17.6,17.6,0
1758243735,17.6,17.6,17.6,17.6,0
1758243740,17.6,17.6,17.6,17.6,0
1758243745,17.6,17.6,17.6,17.6,0
1758243750,17.6,17.6,17.6,17.6,0
1758243755,17.6,17.6,17.6,17.6,0
1758243760,17.6,17.6,17.6,17.6,0
1758243765,17.6,17.6,17.6,17.6,0
1758243770,17.6,17.6,17.6,17.6,0
1758243775,17.6,17.6,17.6,17.6,0
1758243780,17.6,17.6,17.6,17.6,0
1758243785,17.6,17.6,17.6,17.6,0
1758243790,17.6,17.6,17.6,17.6,0
1758243795,17.6,17.6,17.6,17.6,0
1758243800,17.6,17.6,17.6,17.6,0
1758243805,17.6,17.6,17.6,17.6,0
1758243810,17.6,17.6,17.6,17.6,0
1758243815,17.6,17.6,17.6,17.6,0
1758243820,17.6,17.6,17.6,17.6,0
1758243825,17.6,17.6,17.6,17.6,0
1758243830,17.6,17.6,17.6,17.6,0
1758243835,17.6,17.6,17.6,17.6,0
1758243840,17.6,17.6,17.6,17.6,0
1758243845,17.6,17.6,17.6,17.6,0
1758243850,17.6,17.6,17.6,17.6,0
1758243855,17.6,17.6,17.6,17.6,0
1758243860,17.6,17.6,17.6,17.6,0
1758243865,17.6,17.6,17.6,17.6,0
1758243870,17.6,17.6,17.6,17.6,0
1758243875,17.6,17.6,17.6,17.6,0
1758243880,17.6,17.6,17.6,17.6,0
1758243885,17.6,17.6,17.6,17.6,0
1758243890,17.6,17.6,17.6,17.6,0
1758243895,17.6,17.6,17.6,17.6,0
1758243900,17.6,17.6,17.6,17.6,0
1758243905,17.6,17.6,17.6,17.6,0
1758243910,17.6,17.6,17.6,17.6,0
1758243915,17.6,17.6,17.6,17.6,0
1758243920,17.6,17.6,17.6,17.6,0
1758243925,17.6,17.6,17.6,17.6,0
1758243930,17.6,17.6,17.6,17.6,0
1758243935,17.6,17.6,17.6,17.6,0
1758243940,17.6,17.6,17.6,17.6,0
1758243945,17.6,17.6,17.6,17.6,0
1758243950,17.6,17.6,17.6,17.6,0
1758243955,17.6,17.6,17.6,17.6,0
1758243960,17.6,17.6,17.6,17.6,0
1758243965,17.6,17.6,17.6,17.6,0
1758243970,17.6,17.6,17.6,17.6,0
1758243975,17.6,17.6,17.6,17.6,0
1758243980,17.6,17.6,17.6,17.6,0
1758243985,17.6,17.6,17.6,17.6,0
1758243990,17.6,17.6,17.6,17.6,0
1758243995,17.6,17.6,17.6,17.6,0
1758244000,17.6,17.6,17.6,17.6,0
1758244005,17.6,17.6,17.6,17.6,0
1758244010,17.6,17.6,17.6,17.6,0
1758244015,17.6,17.6,17.6,17.6,0
1758244020,17.6,17.6,17.6,17.6,0
1758244025,17.6,17.6,17.6,17.6,0
1758244030,17.66,17.66,17.66,17.66,7
1758244035,17.66,17.66,17.66,17.66,0
1758244040,17.66,17.66,17.66,17.66,2
1758244045,17.66,17.66,17.66,17.66,0
1758244050,17.66,17.66,17.66,17.66,0
1758244055,17.66,17.66,17.66,17.66,0
1758244060,17.66,17.66,17.66,17.66,0
1758244065,17.66,17.66,17.66,17.66,0
1758244070,17.66,17.66,17.66,17.66,0
1758244075,17.66,17.66,17.66,17.66,0
1758244080,17.66,17.66,17.66,17.66,0
1758244085,17.66,17.66,17.66,17.66,0
1758244090,17.66,17.66,17.66,17.66,0
1758244095,17.66,17.66,17.66,17.66,0
1758244100,17.66,17.66,17.66,17.66,0
1758244105,17.66,17.66,17.66,17.66,0
1758244110,17.66,17.66,17.66,17.66,0
1758244115,17.66,17.66,17.66,17.66,0
1758244120,17.66,17.66,17.66,17.66,0
1758244125,17.66,17.66,17.66,17.66,0
1758244130,17.66,17.66,17.66,17.66,0
1758244135,17.66,17.66,17.66,17.66,0
1758244140,17.66,17.66,17.66,17.66,0
1758244145,17.66,17.66,17.66,17.66,0
1758244150,17.66,17.66,17.66,17.66,0
1758244155,17.66,17.66,17.66,17.66,0
1758244160,17.66,17.66,17.66,17.66,0
1758244165,17.66,17.66,17.66,17.66,0
1758244170,17.66,17.66,17.66,17.66,0
1758244175,17.66,17.66,17.66,17.66,0
1758244180,17.66,17.66,17.66,17.66,0
1758244185,17.66,17.66,17.66,17.66,0
1758244190,17.66,17.66,17.66,17.66,0
1758244195,17.66,17.66,17.66,17.66,0
1758244200,17.66,17.66,17.66,17.66,0
1758244205,17.66,17.66,17.66,17.66,0
1758244210,17.66,17.66,17.66,17.66,0
1758244215,17.66,17.66,17.66,17.66,0
1758244220,17.66,17.66,17.66,17.66,0
1758244225,17.66,17.66,17.66,17.66,0
1758244230,17.66,17.66,17.66,17.66,0
1758244235,17.66,17.66,17.66,17.66,0
1758244240,17.66,17.66,17.66,17.66,0
1758244245,17.66,17.66,17.66,17.66,0
1758244250,17.66,17.66,17.66,17.66,0
1758244255,17.66,17.66,17.66,17.66,0
1758244260,17.66,17.66,17.66,17.66,0
1758244265,17.66,17.66,17.66,17.66,0
1758244270,17.66,17.66,17.66,17.66,0
1758244275,17.66,17.66,17.66,17.66,0
1758244280,17.66,17.66,17.66,17.66,0
1758244285,17.66,17.66,17.66,17.66,0
1758244290,17.66,17.66,17.66,17.66,0
1758244295,17.66,17.66,17.66,17.66,0
1758244300,17.66,17.66,17.66,17.66,0
1758244305,17.66,17.66,17.66,17.66,0
1758244310,17.66,17.66,17.66,17.66,0
1758244315,17.66,17.66,17.66,17.66,0
1758244320,17.66,17.66,17.66,17.66,0
1758244325,17.66,17.66,17.66,17.66,0
1758244330,17.66,17.66,17.66,17.66,0
1758244335,17.66,17.66,17.66,17.66,0
1758244340,17.66,17.66,17.66,17.66,0
1758244345,17.66,17.66,17.66,17.66,0
1758244350,17.66,17.66,17.66,17.66,0
1758244355,17.66,17.66,17.66,17.66,0
1758244360,17.66,17.66,17.66,17.66,0
1758244365,17.66,17.66,17.66,17.66,0
1758244370,17.66,17.66,17.66,17.66,0
1758244375,17.66,17.66,17.66,17.66,0
1758244380,17.66,17.66,17.66,17.66,0
1758244385,17.66,17.66,17.66,17.66,0
1758244390,17.66,17.66,17.66,17.66,0
1758244395,17.66,17.66,17.66,17.66,0
1758244400,17.66,17.66,17.66,17.66,0
1758244405,17.66,17.66,17.66,17.66,0
1758244410,17.66,17.66,17.66,17.66,0
1758244415,17.66,17.66,17.66,17.66,0
1758244420,17.66,17.66,17.66,17.66,0
1758244425,17.66,17.66,17.66,17.66,0
1758244430,17.66,17.66,17.66,17.66,0
1758244435,17.66,17.66,17.66,17.66,0
1758244440,17.66,17.66,17.66,17.66,0
1758244445,17.66,17.66,17.66,17.66,0
1758244450,17.66,17.66,17.66,17.66,0
1758244455,17.66,17.66,17.66,17.66,0
1758244460,17.66,17.66,17.66,17.66,0
1758244465,17.66,17.66,17.66,17.66,0
1758244470,17.66,17.66,17.66,17.66,0
1758244475,17.66,17.66,17.66,17.66,0
1758244480,17.66,17.66,17.66,17.66,0
1758244485,17.65,17.65,17.65,17.65,1
1758244490,17.65,17.65,17.65,17.65,0
1758244495,17.65,17.65,17.65,17.65,0
1758244500,17.65,17.65,17.65,17.65,0
1758244505,17.65,17.65,17.65,17.65,0
1758244510,17.65,17.65,17.65,17.65,0
1758244515,17.65,17.65,17.65,17.65,0
1758244520,17.65,17.65,17.65,17.65,0
1758244525,17.65,17.65,17.65,17.65,0
1758244530,17.65,17.65,17.65,17.65,0
1758244535,17.65,17.65,17.65,17.65,0
1758244540,17.65,17.65,17.65,17.65,0
1758244545,17.65,17.65,17.65,17.65,0
1758244550,17.65,17.65,17.65,17.65,0
1758244555,17.65,17.65,17.65,17.65,0
1758244560,17.65,17.65,17.65,17.65,0
1758244565,17.65,17.65,17.65,17.65,0
1758244570,17.65,17.65,17.65,17.65,0
1758244575,17.65,17.65,17.65,17.65,0
1758244580,17.65,17.65,17.65,17.65,0
1758244585,17.65,17.65,17.65,17.65,0
1758244590,17.65,17.65,17.65,17.65,0
1758244595,17.65,17.65,17.65,17.65,0
1758244600,17.65,17.65,17.65,17.65,0
1758244605,17.65,17.65,17.65,17.65,0
1758244610,17.65,17.65,17.65,17.65,0
1758244615,17.65,17.65,17.65,17.65,0
1758244620,17.65,17.65,17.65,17.65,0
1758244625,17.65,17.65,17.65,17.65,0
1758244630,17.65,17.65,17.65,17.65,0
1758244635,17.65,17.65,17.65,17.65,0
1758244640,17.65,17.65,17.65,17.65,0
1758244645,17.65,17.65,17.65,17.65,0
1758244650,17.65,17.65,17.65,17.65,0
1758244655,17.65,17.65,17.65,17.65,0
1758244660,17.65,17.65,17.65,17.65,0
1758244665,17.65,17.65,17.65,17.65,0
1758244670,17.65,17.65,17.65,17.65,0
1758244675,17.65,17.65,17.65,17.65,0
1758244680,17.65,17.65,17.65,17.65,0
1758244685,17.65,17.65,17.65,17.65,0
1758244690,17.65,17.65,17.65,17.65,0
1758244695,17.65,17.65,17.65,17.65,0
1758244700,17.65,17.65,17.65,17.65,0
1758244705,17.65,17.65,17.65,17.65,0
1758244710,17.65,17.65,17.65,17.65,0
1758244715,17.65,17.65,17.65,17.65,0
1758244720,17.65,17.65,17.65,17.65,0
1758244725,17.65,17.65,17.65,17.65,0
1758244730,17.65,17.65,17.65,17.65,0
1758244735,17.65,17.65,17.65,17.65,0
1758244740,17.65,17.65,17.65,17.65,0
1758244745,17.65,17.65,17.65,17.65,0
1758244750,17.65,17.65,17.65,17.65,0
1758244755,17.65,17.65,17.65,17.65,0
1758244760,17.65,17.65,17.65,17.65,0
1758244765,17.65,17.65,17.65,17.65,0
1758244770,17.65,17.65,17.65,17.65,0
1758244775,17.65,17.65,17.65,17.65,0
1758244780,17.65,17.65,17.65,17.65,0
1758244785,17.65,17.65,17.65,17.65,0
1758244790,17.65,17.65,17.65,17.65,0
1758244795,17.65,17.65,17.65,17.65,0
1758244800,17.65,17.65,17.65,17.65,0
1758244805,17.65,17.65,17.65,17.65,0
1758244810,17.65,17.65,17.65,17.65,0
1758244815,17.65,17.65,17.65,17.65,0
1758244820,17.65,17.65,17.65,17.65,0
1758244825,17.65,17.65,17.65,17.65,0
1758244830,17.65,17.65,17.65,17.65,0
1758244835,17.65,17.65,17.65,17.65,0
1758244840,17.65,17.65,17.65,17.65,0
1758244845,17.65,17.65,17.65,17.65,0
1758244850,17.65,17.65,17.65,17.65,0
1758244855,17.65,17.65,17.65,17.65,0
1758244860,17.65,17.65,17.65,17.65,0
1758244865,17.65,17.65,17.65,17.65,0
1758244870,17.65,17.65,17.65,17.65,0
1758244875,17.65,17.65,17.65,17.65,0
1758244880,17.65,17.65,17.65,17.65,0
1758244885,17.65,17.65,17.65,17.65,0
1758244890,17.65,17.65,17.65,17.65,0
1758244895,17.65,17.65,17.65,17.65,0
1758244900,17.65,17.65,17.65,17.65,0
1758244905,17.65,17.65,17.65,17.65,0
1758244910,17.65,17.65,17.65,17.65,0
1758244915,17.65,17.65,17.65,17.65,0
1758244920,17.65,17.65,17.65,17.65,0
1758244925,17.65,17.65,17.65,17.65,0
1758244930,17.65,17.65,17.65,17.65,0
1758244935,17.65,17.65,17.65,17.65,0
1758244940,17.65,17.65,17.65,17.65,0
1758244945,17.65,17.65,17.65,17.65,0
1758244950,17.65,17.65,17.65,17.65,0
1758244955,17.65,17.65,17.65,17.65,0
1758244960,17.65,17.65,17.65,17.65,0
1758244965,17.65,17.65,17.65,17.65,0
1758244970,17.65,17.65,17.65,17.65,0
1758244975,17.65,17.65,17.65,17.65,0
1758244980,17.65,17.65,17.65,17.65,0
1758244985,17.65,17.65,17.65,17.65,0
1758244990,17.65,17.65,17.65,17.65,0
1758244995,17.65,17.65,17.65,17.65,0
1758245000,17.65,17.65,17.65,17.65,0
1758245005,17.65,17.65,17.65,17.65,0
1758245010,17.65,17.65,17.65,17.65,0
1758245015,17.65,17.65,17.65,17.65,0
1758245020,17.65,17.65,17.65,17.65,0
1758245025,17.65,17.65,17.65,17.65,0
1758245030,17.65,17.65,17.65,17.65,0
1758245035,17.65,17.65,17.65,17.65,0
1758245040,17.65,17.65,17.65,17.65,0
1758245045,17.65,17.65,17.65,17.65,0
1758245050,17.65,17.65,17.65,17.65,0
1758245055,17.65,17.65,17.65,17.65,0
1758245060,17.65,17.65,17.65,17.65,0
1758245065,17.65,17.65,17.65,17.65,0
1758245070,17.65,17.65,17.65,17.65,0
1758245075,17.65,17.65,17.65,17.65,0
1758245080,17.65,17.65,17.65,17.65,0
1758245085,17.65,17.65,17.65,17.65,0
1758245090,17.65,17.65,17.65,17.65,0
1758245095,17.65,17.65,17.65,17.65,0
1758245100,17.65,17.65,17.65,17.65,0
1758245105,17.65,17.65,17.65,17.65,0
1758245110,17.65,17.65,17.65,17.65,0
1758245115,17.65,17.65,17.65,17.65,0
1758245120,17.65,17.65,17.65,17.65,0
1758245125,17.65,17.65,17.65,17.65,0
1758245130,17.65,17.65,17.65,17.65,0
1758245135,17.65,17.65,17.65,17.65,0
1758245140,17.65,17.65,17.65,17.65,0
1758245145,17.65,17.65,17.65,17.65,0
1758245150,17.65,17.65,17.65,17.65,0
1758245155,17.65,17.65,17.65,17.65,0
1758245160,17.65,17.65,17.65,17.65,0
1758245165,17.65,17.65,17.65,17.65,0
1758245170,17.65,17.65,17.65,17.65,0
1758245175,17.65,17.65,17.65,17.65,0
1758245180,17.65,17.65,17.65,17.65,0
1758245185,17.65,17.65,17.65,17.65,0
1758245190,17.65,17.65,17.65,17.65,0
1758245195,17.65,17.65,17.65,17.65,0
1758245200,17.65,17.65,17.65,17.65,0
1758245205,17.65,17.65,17.65,17.65,0
1758245210,17.65,17.65,17.65,17.65,0
1758245215,17.65,17.65,17.65,17.65,0
1758245220,17.65,17.65,17.65,17.65,0
1758245225,17.65,17.65,17.65,17.65,0
1758245230,17.65,17.65,17.65,17.65,0
1758245235,17.65,17.65,17.65,17.65,0
1758245240,17.65,17.65,17.65,17.65,0
1758245245,17.65,17.65,17.65,17.65,0
1758245250,17.65,17.65,17.65,17.65,0
1758245255,17.65,17.65,17.65,17.65,0
1758245260,17.65,17.65,17.65,17.65,0
1758245265,17.65,17.65,17.65,17.65,0
1758245270,17.65,17.65,17.65,17.65,0
1758245275,17.65,17.65,17.65,17.65,0
1758245280,17.65,17.65,17.65,17.65,0
1758245285,17.65,17.65,17.65,17.65,0
1758245290,17.65,17.65,17.65,17.65,0
1758245295,17.65,17.65,17.65,17.65,0
1758245300,17.65,17.65,17.65,17.65,0
1758245305,17.65,17.65,17.65,17.65,0
1758245310,17.65,17.65,17.65,17.65,0
1758245315,17.65,17.65,17.65,17.65,0
1758245320,17.65,17.65,17.65,17.65,0
1758245325,17.65,17.65,17.65,17.65,0
1758245330,17.65,17.65,17.65,17.65,0
1758245335,17.65,17.65,17.65,17.65,0
1758245340,17.65,17.65,17.65,17.65,0
1758245345,17.65,17.65,17.65,17.65,0
1758245350,17.65,17.65,17.65,17.65,0
1758245355,17.65,17.65,17.65,17.65,0
1758245360,17.65,17.65,17.65,17.65,0
1758245365,17.65,17.65,17.65,17.65,0
1758245370,17.65,17.65,17.65,17.65,0
1758245375,17.65,17.65,17.65,17.65,0
1758245380,17.65,17.65,17.65,17.65,0
1758245385,17.65,17.65,17.65,17.65,0
1758245390,17.65,17.65,17.65,17.65,0
1758245395,17.65,17.65,17.65,17.65,0
1758245400,17.65,17.65,17.65,17.65,0
1758245405,17.65,17.65,17.65,17.65,0
1758245410,17.65,17.65,17.65,17.65,0
1758245415,17.65,17.65,17.65,17.65,0
1758245420,17.65,17.65,17.65,17.65,0
1758245425,17.65,17.65,17.65,17.65,0
1758245430,17.65,17.65,17.65,17.65,0
1758245435,17.65,17.65,17.65,17.65,0
1758245440,17.65,17.65,17.65,17.65,0
1758245445,17.65,17.65,17.65,17.65,0
1758245450,17.65,17.65,17.65,17.65,0
1758245455,17.65,17.65,17.65,17.65,0
1758245460,17.65,17.65,17.65,17.65,0
1758245465,17.65,17.65,17.65,17.65,0
1758245470,17.65,17.65,17.65,17.65,0
1758245475,17.65,17.65,17.65,17.65,0
1758245480,17.65,17.65,17.65,17.65,0
1758245485,17.65,17.65,17.65,17.65,0
1758245490,17.65,17.65,17.65,17.65,0
1758245495,17.65,17.65,17.65,17.65,0
1758245500,17.65,17.65,17.65,17.65,0
1758245505,17.65,17.65,17.65,17.65,0
1758245510,17.65,17.65,17.65,17.65,0
1758245515,17.65,17.65,17.65,17.65,0
1758245520,17.65,17.65,17.65,17.65,0
1758245525,17.65,17.65,17.65,17.65,0
1758245530,17.65,17.65,17.65,17.65,0
1758245535,17.65,17.65,17.65,17.65,0
1758245540,17.65,17.65,17.65,17.65,0
1758245545,17.65,17.65,17.65,17.65,0
1758245550,17.65,17.65,17.65,17.65,0
1758245555,17.65,17.65,17.65,17.65,0
1758245560,17.65,17.65,17.65,17.65,0
1758245565,17.65,17.65,17.65,17.65,0
1758245570,17.65,17.65,17.65,17.65,0
1758245575,17.65,17.65,17.65,17.65,0
1758245580,17.65,17.65,17.65,17.65,0
1758245585,17.65,17.65,17.65,17.65,0
1758245590,17.65,17.65,17.65,17.65,0
1758245595,17.65,17.65,17.65,17.65,0
1758245600,17.65,17.65,17.65,17.65,0
1758245605,17.65,17.65,17.65,17.65,0
1758245610,17.65,17.65,17.65,17.65,0
1758245615,17.65,17.65,17.65,17.65,0
1758245620,17.65,17.65,17.65,17.65,0
1758245625,17.65,17.65,17.65,17.65,0
1758245630,17.65,17.65,17.65,17.65,0
1758245635,17.65,17.65,17.65,17.65,0
1758245640,17.65,17.65,17.65,17.65,0
1758245645,17.65,17.65,17.65,17.65,0
1758245650,17.65,17.65,17.65,17.65,0
1758245655,17.65,17.65,17.65,17.65,0
1758245660,17.65,17.65,17.65,17.65,0
1758245665,17.65,17.65,17.65,17.65,0
1758245670,17.65,17.65,17.65,17.65,0
1758245675,17.65,17.65,17.65,17.65,0
1758245680,17.65,17.65,17.65,17.65,0
1758245685,17.65,17.65,17.65,17.65,0
1758245690,17.65,17.65,17.65,17.65,0
1758245695,17.65,17.65,17.65,17.65,0
1758245700,17.65,17.65,17.65,17.65,0
1758245705,17.65,17.65,17.65,17.65,0
1758245710,17.65,17.65,17.65,17.65,0
1758245715,17.65,17.65,17.65,17.65,0
1758245720,17.65,17.65,17.65,17.65,0
1758245725,17.65,17.65,17.65,17.65,0
1758245730,17.65,17.65,17.65,17.65,0
1758245735,17.65,17.65,17.65,17.65,0
1758245740,17.65,17.65,17.65,17.65,0
1758245745,17.65,17.65,17.65,17.65,0
1758245750,17.65,17.65,17.65,17.65,0
1758245755,17.65,17.65,17.65,17.65,0
1758245760,17.65,17.65,17.65,17.65,0
1758245765,17.65,17.65,17.65,17.65,0
1758245770,17.65,17.65,17.65,17.65,0
1758245775,17.65,17.65,17.65,17.65,0
1758245780,17.65,17.65,17.65,17.65,0
1758245785,17.65,17.65,17.65,17.65,0
1758245790,17.65,17.65,17.65,17.65,0
1758245795,17.65,17.65,17.65,17.65,0
1758245800,17.65,17.65,17.65,17.65,0
1758245805,17.65,17.65,17.65,17.65,0
1758245810,17.65,17.65,17.65,17.65,0
1758245815,17.65,17.65,17.65,17.65,0
1758245820,17.65,17.65,17.65,17.65,0
1758245825,17.65,17.65,17.65,17.65,0
1758245830,17.65,17.65,17.65,17.65,0
1758245835,17.65,17.65,17.65,17.65,0
1758245840,17.65,17.65,17.65,17.65,0
1758245845,17.65,17.65,17.65,17.65,0
1758245850,17.65,17.65,17.65,17.65,0
1758245855,17.65,17.65,17.65,17.65,0
1758245860,17.65,17.65,17.65,17.65,0
1758245865,17.65,17.65,17.65,17.65,0
1758245870,17.65,17.65,17.65,17.65,0
1758245875,17.65,17.65,17.65,17.65,0
1758245880,17.65,17.65,17.65,17.65,0
1758245885,17.65,17.65,17.65,17.65,0
1758245890,17.65,17.65,17.65,17.65,0
1758245895,17.65,17.65,17.65,17.65,0
1758245900,17.65,17.65,17.65,17.65,0
1758245905,17.65,17.65,17.65,17.65,0
1758245910,17.65,17.65,17.65,17.65,0
1758245915,17.65,17.65,17.65,17.65,0
1758245920,17.65,17.65,17.65,17.65,0
1758245925,17.65,17.65,17.65,17.65,0
1758245930,17.65,17.65,17.65,17.65,0
1758245935,17.65,17.65,17.65,17.65,0
1758245940,17.65,17.65,17.65,17.65,0
1758245945,17.65,17.65,17.65,17.65,0
1758245950,17.65,17.65,17.65,17.65,0
1758245955,17.65,17.65,17.65,17.65,0
1758245960,17.65,17.65,17.65,17.65,0
1758245965,17.65,17.65,17.65,17.65,0
1758245970,17.65,17.65,17.65,17.65,0
1758245975,17.65,17.65,17.65,17.65,0
1758245980,17.65,17.65,17.65,17.65,0
1758245985,17.65,17.65,17.65,17.65,0
1758245990,17.65,17.65,17.65,17.65,0
1758245995,17.65,17.65,17.65,17.65,0
1758246000,17.65,17.65,17.65,17.65,0
1758246005,17.65,17.65,17.65,17.65,0
1758246010,17.65,17.65,17.65,17.65,0
1758246015,17.65,17.65,17.65,17.65,0
1758246020,17.65,17.65,17.65,17.65,0
1758246025,17.65,17.65,17.65,17.65,0
1758246030,17.65,17.65,17.65,17.65,0
1758246035,17.65,17.65,17.65,17.65,0
1758246040,17.65,17.65,17.65,17.65,0
1758246045,17.65,17.65,17.65,17.65,0
1758246050,17.65,17.65,17.65,17.65,0
1758246055,17.65,17.65,17.65,17.65,0
1758246060,17.65,17.65,17.65,17.65,0
1758246065,17.65,17.65,17.65,17.65,0
1758246070,17.65,17.65,17.65,17.65,0
1758246075,17.65,17.65,17.65,17.65,0
1758246080,17.65,17.65,17.65,17.65,0
1758246085,17.65,17.65,17.65,17.65,0
1758246090,17.65,17.65,17.65,17.65,0
1758246095,17.65,17.65,17.65,17.65,0
1758246100,17.65,17.65,17.65,17.65,0
1758246105,17.65,17.65,17.65,17.65,0
1758246110,17.65,17.65,17.65,17.65,0
1758246115,17.65,17.65,17.65,17.65,0
1758246120,17.65,17.65,17.65,17.65,0
1758246125,17.65,17.65,17.65,17.65,0
1758246130,17.65,17.65,17.65,17.65,0
1758246135,17.65,17.65,17.65,17.65,0
1758246140,17.65,17.65,17.65,17.65,0
1758246145,17.65,17.65,17.65,17.65,0
1758246150,17.65,17.65,17.65,17.65,0
1758246155,17.65,17.65,17.65,17.65,0
1758246160,17.65,17.65,17.65,17.65,0
1758246165,17.65,17.65,17.65,17.65,0
1758246170,17.65,17.65,17.65,17.65,0
1758246175,17.65,17.65,17.65,17.65,0
1758246180,17.65,17.65,17.65,17.65,0
1758246185,17.65,17.65,17.65,17.65,0
1758246190,17.65,17.65,17.65,17.65,0
1758246195,17.65,17.65,17.65,17.65,0
1758246200,17.65,17.65,17.65,17.65,0
1758246205,17.65,17.65,17.65,17.65,0
1758246210,17.65,17.65,17.65,17.65,0
1758246215,17.65,17.65,17.65,17.65,0
1758246220,17.65,17.65,17.65,17.65,0
1758246225,17.65,17.65,17.65,17.65,0
1758246230,17.65,17.65,17.65,17.65,0
1758246235,17.65,17.65,17.65,17.65,0
1758246240,17.65,17.65,17.65,17.65,0
1758246245,17.65,17.65,17.65,17.65,0
1758246250,17.65,17.65,17.65,17.65,0
1758246255,17.65,17.65,17.65,17.65,0
1758246260,17.65,17.65,17.65,17.65,0
1758246265,17.65,17.65,17.65,17.65,0
1758246270,17.65,17.65,17.65,17.65,0
1758246275,17.65,17.65,17.65,17.65,0
1758246280,17.65,17.65,17.65,17.65,0
1758246285,17.65,17.65,17.65,17.65,0
1758246290,17.65,17.65,17.65,17.65,0
1758246295,17.65,17.65,17.65,17.65,0
1758246300,17.65,17.65,17.65,17.65,0
1758246305,17.65,17.65,17.65,17.65,0
1758246310,17.65,17.65,17.65,17.65,0
1758246315,17.65,17.65,17.65,17.65,0
1758246320,17.65,17.65,17.65,17.65,0
1758246325,17.65,17.65,17.65,17.65,0
1758246330,17.65,17.65,17.65,17.65,0
1758246335,17.65,17.65,17.65,17.65,0
1758246340,17.65,17.65,17.65,17.65,0
1758246345,17.65,17.65,17.65,17.65,0
1758246350,17.65,17.65,17.65,17.65,0
1758246355,17.65,17.65,17.65,17.65,0
1758246360,17.65,17.65,17.65,17.65,0
1758246365,17.65,17.65,17.65,17.65,0
1758246370,17.65,17.65,17.65,17.65,0
1758246375,17.65,17.65,17.65,17.65,0
1758246380,17.65,17.65,17.65,17.65,0
1758246385,17.65,17.65,17.65,17.65,0
1758246390,17.65,17.65,17.65,17.65,0
1758246395,17.65,17.65,17.65,17.65,0
1758246400,17.65,17.65,17.65,17.65,0
1758246405,17.65,17.65,17.65,17.65,0
1758246410,17.65,17.65,17.65,17.65,0
1758246415,17.65,17.65,17.65,17.65,0
1758246420,17.65,17.65,17.65,17.65,0
1758246425,17.65,17.65,17.65,17.65,0
1758246430,17.65,17.65,17.65,17.65,0
1758246435,17.65,17.65,17.65,17.65,0
1758246440,17.65,17.65,17.65,17.65,0
1758246445,17.65,17.65,17.65,17.65,0
1758246450,17.65,17.65,17.65,17.65,0
1758246455,17.65,17.65,17.65,17.65,0
1758246460,17.65,17.65,17.65,17.65,0
1758246465,17.65,17.65,17.65,17.65,0
1758246470,17.65,17.65,17.65,17.65,0
1758246475,17.65,17.65,17.65,17.65,0
1758246480,17.65,17.65,17.65,17.65,0
1758246485,17.65,17.65,17.65,17.65,0
1758246490,17.65,17.65,17.65,17.65,0
1758246495,17.65,17.65,17.65,17.65,0
1758246500,17.65,17.65,17.65,17.65,0
1758246505,17.65,17.65,17.65,17.65,0
1758246510,17.65,17.65,17.65,17.65,0
1758246515,17.65,17.65,17.65,17.65,0
1758246520,17.65,17.65,17.65,17.65,0
1758246525,17.65,17.65,17.65,17.65,0
1758246530,17.65,17.65,17.65,17.65,0
1758246535,17.65,17.65,17.65,17.65,0
1758246540,17.65,17.65,17.65,17.65,0
1758246545,17.65,17.65,17.65,17.65,0
1758246550,17.65,17.65,17.65,17.65,0
1758246555,17.65,17.65,17.65,17.65,0
1758246560,17.65,17.65,17.65,17.65,0
1758246565,17.65,17.65,17.65,17.65,0
1758246570,17.65,17.65,17.65,17.65,0
1758246575,17.65,17.65,17.65,17.65,0
1758246580,17.65,17.65,17.65,17.65,0
1758246585,17.65,17.65,17.65,17.65,0
1758246590,17.65,17.65,17.65,17.65,0
1758246595,17.65,17.65,17.65,17.65,0
1758246600,17.65,17.65,17.65,17.65,0
1758246605,17.65,17.65,17.65,17.65,0
1758246610,17.65,17.65,17.65,17.65,0
1758246615,17.65,17.65,17.65,17.65,0
1758246620,17.65,17.65,17.65,17.65,0
1758246625,17.65,17.65,17.65,17.65,0
1758246630,17.65,17.65,17.65,17.65,0
1758246635,17.65,17.65,17.65,17.65,0
1758246640,17.65,17.65,17.65,17.65,0
1758246645,17.65,17.65,17.65,17.65,0
1758246650,17.65,17.65,17.65,17.65,0
1758246655,17.65,17.65,17.65,17.65,0
1758246660,17.65,17.65,17.65,17.65,0
1758246665,17.65,17.65,17.65,17.65,0
1758246670,17.65,17.65,17.65,17.65,0
1758246675,17.65,17.65,17.65,17.65,0
1758246680,17.65,17.65,17.65,17.65,0
1758246685,17.65,17.65,17.65,17.65,0
1758246690,17.65,17.65,17.65,17.65,0
1758246695,17.65,17.65,17.65,17.65,0
1758246700,17.65,17.65,17.65,17.65,0
1758246705,17.65,17.65,17.65,17.65,0
1758246710,17.65,17.65,17.65,17.65,0
1758246715,17.65,17.65,17.65,17.65,0
1758246720,17.65,17.65,17.65,17.65,0
1758246725,17.65,17.65,17.65,17.65,0
1758246730,17.65,17.65,17.65,17.65,0
1758246735,17.65,17.65,17.65,17.65,0
1758246740,17.65,17.65,17.65,17.65,0
1758246745,17.65,17.65,17.65,17.65,0
1758246750,17.65,17.65,17.65,17.65,0
1758246755,17.65,17.65,17.65,17.65,0
1758246760,17.65,17.65,17.65,17.65,0
1758246765,17.65,17.65,17.65,17.65,0
1758246770,17.65,17.65,17.65,17.65,0
1758246775,17.65,17.65,17.65,17.65,0
1758246780,17.65,17.65,17.65,17.65,0
1758246785,17.65,17.65,17.65,17.65,0
1758246790,17.65,17.65,17.65,17.65,0
1758246795,17.65,17.65,17.65,17.65,0
1758246800,17.65,17.65,17.65,17.65,0
1758246805,17.65,17.65,17.65,17.65,0
1758246810,17.65,17.65,17.65,17.65,0
1758246815,17.65,17.65,17.65,17.65,0
1758246820,17.65,17.65,17.65,17.65,0
1758246825,17.65,17.65,17.65,17.65,0
1758246830,17.65,17.65,17.65,17.65,0
1758246835,17.65,17.65,17.65,17.65,0
1758246840,17.65,17.65,17.65,17.65,0
1758246845,17.65,17.65,17.65,17.65,0
1758246850,17.65,17.65,17.65,17.65,0
1758246855,17.65,17.65,17.65,17.65,0
1758246860,17.65,17.65,17.65,17.65,0
1758246865,17.65,17.65,17.65,17.65,0
1758246870,17.65,17.65,17.65,17.65,0
1758246875,17.65,17.65,17.65,17.65,0
1758246880,17.65,17.65,17.65,17.65,0
1758246885,17.65,17.65,17.65,17.65,0
1758246890,17.65,17.65,17.65,17.65,0
1758246895,17.65,17.65,17.65,17.65,0
1758246900,17.65,17.65,17.65,17.65,0
1758246905,17.65,17.65,17.65,17.65,0
1758246910,17.65,17.65,17.65,17.65,0
1758246915,17.65,17.65,17.65,17.65,0
1758246920,17.65,17.65,17.65,17.65,0
1758246925,17.65,17.65,17.65,17.65,0
1758246930,17.65,17.65,17.65,17.65,0
1758246935,17.65,17.65,17.65,17.65,0
1758246940,17.65,17.65,17.65,17.65,0
1758246945,17.65,17.65,17.65,17.65,0
1758246950,17.65,17.65,17.65,17.65,0
1758246955,17.65,17.65,17.65,17.65,0
1758246960,17.65,17.65,17.65,17.65,0
1758246965,17.65,17.65,17.65,17.65,0
1758246970,17.65,17.65,17.65,17.65,0
1758246975,17.65,17.65,17.65,17.65,0
1758246980,17.65,17.65,17.65,17.65,0
1758246985,17.65,17.65,17.65,17.65,0
1758246990,17.65,17.65,17.65,17.65,0
1758246995,17.65,17.65,17.65,17.65,0
1758247000,17.65,17.65,17.65,17.65,0
1758247005,17.65,17.65,17.65,17.65,0
1758247010,17.65,17.65,17.65,17.65,0
1758247015,17.65,17.65,17.65,17.65,0
1758247020,17.65,17.65,17.65,17.65,0
1758247025,17.65,17.65,17.65,17.65,0
1758247030,17.65,17.65,17.65,17.65,0
1758247035,17.65,17.65,17.65,17.65,0
1758247040,17.65,17.65,17.65,17.65,0
1758247045,17.65,17.65,17.65,17.65,0
1758247050,17.65,17.65,17.65,17.65,0
1758247055,17.65,17.65,17.65,17.65,0
1758247060,17.65,17.65,17.65,17.65,0
1758247065,17.65,17.65,17.65,17.65,0
1758247070,17.65,17.65,17.65,17.65,0
1758247075,17.65,17.65,17.65,17.65,0
1758247080,17.65,17.65,17.65,17.65,0
1758247085,17.65,17.65,17.65,17.65,0
1758247090,17.65,17.65,17.65,17.65,0
1758247095,17.65,17.65,17.65,17.65,0
1758247100,17.65,17.65,17.65,17.65,0
1758247105,17.65,17.65,17.65,17.65,0
1758247110,17.65,17.65,17.65,17.65,0
1758247115,17.65,17.65,17.65,17.65,0
1758247120,17.65,17.65,17.65,17.65,0
1758247125,17.65,17.65,17.65,17.65,0
1758247130,17.65,17.65,17.65,17.65,0
1758247135,17.65,17.65,17.65,17.65,0
1758247140,17.65,17.65,17.65,17.65,0
1758247145,17.65,17.65,17.65,17.65,0
1758247150,17.65,17.65,17.65,17.65,0
1758247155,17.65,17.65,17.65,17.65,0
1758247160,17.65,17.65,17.65,17.65,0
1758247165,17.65,17.65,17.65,17.65,0
1758247170,17.65,17.65,17.65,17.65,0
1758247175,17.65,17.65,17.65,17.65,0
1758247180,17.65,17.65,17.65,17.65,0
1758247185,17.65,17.65,17.65,17.65,0
1758247190,17.65,17.65,17.65,17.65,0
1758247195,17.65,17.65,17.65,17.65,0
1758247200,17.65,17.65,17.65,17.65,0
1758247205,17.65,17.65,17.65,17.65,0
1758247210,17.65,17.65,17.65,17.65,0
1758247215,17.65,17.65,17.65,17.65,0
1758247220,17.65,17.65,17.65,17.65,0
1758247225,17.65,17.65,17.65,17.65,0
1758247230,17.65,17.65,17.65,17.65,0
1758247235,17.65,17.65,17.65,17.65,0
1758247240,17.65,17.65,17.65,17.65,0
1758247245,17.65,17.65,17.65,17.65,0
1758247250,17.65,17.65,17.65,17.65,0
1758247255,17.65,17.65,17.65,17.65,0
1758247260,17.65,17.65,17.65,17.65,0
1758247265,17.65,17.65,17.65,17.65,0
1758247270,17.65,17.65,17.65,17.65,0
1758247275,17.65,17.65,17.65,17.65,0
1758247280,17.65,17.65,17.65,17.65,0
1758247285,17.65,17.65,17.65,17.65,0
1758247290,17.65,17.65,17.65,17.65,0
1758247295,17.65,17.65,17.65,17.65,0
1758247300,17.65,17.65,17.65,17.65,0
1758247305,17.65,17.65,17.65,17.65,0
1758247310,17.65,17.65,17.65,17.65,0
1758247315,17.65,17.65,17.65,17.65,0
1758247320,17.65,17.65,17.65,17.65,0
1758247325,17.65,17.65,17.65,17.65,0
1758247330,17.65,17.65,17.65,17.65,0
1758247335,17.65,17.65,17.65,17.65,0
1758247340,17.65,17.65,17.65,17.65,0
1758247345,17.65,17.65,17.65,17.65,0
1758247350,17.65,17.65,17.65,17.65,0
1758247355,17.65,17.65,17.65,17.65,0
1758247360,17.65,17.65,17.65,17.65,0
1758247365,17.65,17.65,17.65,17.65,0
1758247370,17.65,17.65,17.65,17.65,0
1758247375,17.65,17.65,17.65,17.65,0
1758247380,17.65,17.65,17.65,17.65,0
1758247385,17.65,17.65,17.65,17.65,0
1758247390,17.65,17.65,17.65,17.65,0
1758247395,17.65,17.65,17.65,17.65,0
1758247400,17.65,17.65,17.65,17.65,0
1758247405,17.65,17.65,17.65,17.65,0
1758247410,17.65,17.65,17.65,17.65,0
1758247415,17.65,17.65,17.65,17.65,0
1758247420,17.65,17.65,17.65,17.65,0
1758247425,17.65,17.65,17.65,17.65,0
1758247430,17.65,17.65,17.65,17.65,0
1758247435,17.65,17.65,17.65,17.65,0
1758247440,17.65,17.65,17.65,17.65,0
1758247445,17.65,17.65,17.65,17.65,0
1758247450,17.65,17.65,17.65,17.65,0
1758247455,17.65,17.65,17.65,17.65,0
1758247460,17.65,17.65,17.65,17.65,0
1758247465,17.65,17.65,17.65,17.65,0
1758247470,17.65,17.65,17.65,17.65,0
1758247475,17.65,17.65,17.65,17.65,0
1758247480,17.65,17.65,17.65,17.65,0
1758247485,17.65,17.65,17.65,17.65,0
1758247490,17.65,17.65,17.65,17.65,0
1758247495,17.65,17.65,17.65,17.65,0
1758247500,17.65,17.65,17.65,17.65,0
1758247505,17.65,17.65,17.65,17.65,0
1758247510,17.65,17.65,17.65,17.65,0
1758247515,17.65,17.65,17.65,17.65,0
1758247520,17.65,17.65,17.65,17.65,0
1758247525,17.65,17.65,17.65,17.65,0
1758247530,17.65,17.65,17.65,17.65,0
1758247535,17.65,17.65,17.65,17.65,0
1758247540,17.65,17.65,17.65,17.65,0
1758247545,17.65,17.65,17.65,17.65,0
1758247550,17.65,17.65,17.65,17.65,0
1758247555,17.65,17.65,17.65,17.65,0
1758247560,17.65,17.65,17.65,17.65,0
1758247565,17.65,17.65,17.65,17.65,0
1758247570,17.65,17.65,17.65,17.65,0
1758247575,17.65,17.65,17.65,17.65,0
1758247580,17.65,17.65,17.65,17.65,0
1758247585,17.65,17.65,17.65,17.65,0
1758247590,17.65,17.65,17.65,17.65,0
1758247595,17.65,17.65,17.65,17.65,0
1758247600,17.65,17.65,17.65,17.65,0
1758247605,17.65,17.65,17.65,17.65,0
1758247610,17.65,17.65,17.65,17.65,0
1758247615,17.65,17.65,17.65,17.65,0
1758247620,17.65,17.65,17.65,17.65,0
1758247625,17.65,17.65,17.65,17.65,0
1758247630,17.65,17.65,17.65,17.65,0
1758247635,17.65,17.65,17.65,17.65,0
1758247640,17.65,17.65,17.65,17.65,0
1758247645,17.65,17.65,17.65,17.65,0
1758247650,17.65,17.65,17.65,17.65,0
1758247655,17.65,17.65,17.65,17.65,0
1758247660,17.65,17.65,17.65,17.65,0
1758247665,17.65,17.65,17.65,17.65,0
1758247670,17.65,17.65,17.65,17.65,0
1758247675,17.65,17.65,17.65,17.65,0
1758247680,17.65,17.65,17.65,17.65,0
1758247685,17.65,17.65,17.65,17.65,0
1758247690,17.65,17.65,17.65,17.65,0
1758247695,17.65,17.65,17.65,17.65,0
1758247700,17.65,17.65,17.65,17.65,0
1758247705,17.65,17.65,17.65,17.65,0
1758247710,17.65,17.65,17.65,17.65,0
1758247715,17.65,17.65,17.65,17.65,0
1758247720,17.65,17.65,17.65,17.65,0
1758247725,17.65,17.65,17.65,17.65,0
1758247730,17.65,17.65,17.65,17.65,0
1758247735,17.65,17.65,17.65,17.65,0
1758247740,17.65,17.65,17.65,17.65,0
1758247745,17.65,17.65,17.65,17.65,0
1758247750,17.65,17.65,17.65,17.65,0
1758247755,17.65,17.65,17.65,17.65,0
1758247760,17.65,17.65,17.65,17.65,0
1758247765,17.65,17.65,17.65,17.65,0
1758247770,17.65,17.65,17.65,17.65,0
1758247775,17.65,17.65,17.65,17.65,0
1758247780,17.65,17.65,17.65,17.65,0
1758247785,17.65,17.65,17.65,17.65,0
1758247790,17.65,17.65,17.65,17.65,0
1758247795,17.65,17.65,17.65,17.65,0
1758247800,17.65,17.65,17.65,17.65,0
1758247805,17.65,17.65,17.65,17.65,0
1758247810,17.65,17.65,17.65,17.65,0
1758247815,17.65,17.65,17.65,17.65,0
1758247820,17.65,17.65,17.65,17.65,0
1758247825,17.65,17.65,17.65,17.65,0
1758247830,17.65,17.65,17.65,17.65,0
1758247835,17.65,17.65,17.65,17.65,0
1758247840,17.65,17.65,17.65,17.65,0
1758247845,17.65,17.65,17.65,17.65,0
1758247850,17.65,17.65,17.65,17.65,0
1758247855,17.65,17.65,17.65,17.65,0
1758247860,17.65,17.65,17.65,17.65,0
1758247865,17.65,17.65,17.65,17.65,0
1758247870,17.65,17.65,17.65,17.65,0
1758247875,17.65,17.65,17.65,17.65,0
1758247880,17.65,17.65,17.65,17.65,0
1758247885,17.65,17.65,17.65,17.65,0
1758247890,17.65,17.65,17.65,17.65,0
1758247895,17.65,17.65,17.65,17.65,0
1758247900,17.65,17.65,17.65,17.65,0
1758247905,17.65,17.65,17.65,17.65,0
1758247910,17.65,17.65,17.65,17.65,0
1758247915,17.65,17.65,17.65,17.65,0
1758247920,17.65,17.65,17.65,17.65,0
1758247925,17.65,17.65,17.65,17.65,0
1758247930,17.65,17.65,17.65,17.65,0
1758247935,17.65,17.65,17.65,17.65,0
1758247940,17.65,17.65,17.65,17.65,0
1758247945,17.65,17.65,17.65,17.65,0
1758247950,17.65,17.65,17.65,17.65,0
1758247955,17.65,17.65,17.65,17.65,0
1758247960,17.65,17.65,17.65,17.65,0
1758247965,17.65,17.65,17.65,17.65,0
1758247970,17.65,17.65,17.65,17.65,0
1758247975,17.65,17.65,17.65,17.65,0
1758247980,17.65,17.65,17.65,17.65,0
1758247985,17.65,17.65,17.65,17.65,0
1758247990,17.65,17.65,17.65,17.65,0
1758247995,17.65,17.65,17.65,17.65,0
1758248000,17.65,17.65,17.65,17.65,0
1758248005,17.65,17.65,17.65,17.65,0
1758248010,17.65,17.65,17.65,17.65,0
1758248015,17.65,17.65,17.65,17.65,0
1758248020,17.65,17.65,17.65,17.65,0
1758248025,17.65,17.65,17.65,17.65,0
1758248030,17.65,17.65,17.65,17.65,0
1758248035,17.65,17.65,17.65,17.65,0
1758248040,17.65,17.65,17.65,17.65,0
1758248045,17.65,17.65,17.65,17.65,0
1758248050,17.65,17.65,17.65,17.65,0
1758248055,17.65,17.65,17.65,17.65,0
1758248060,17.65,17.65,17.65,17.65,0
1758248065,17.65,17.65,17.65,17.65,0
1758248070,17.65,17.65,17.65,17.65,0
1758248075,17.65,17.65,17.65,17.65,0
1758248080,17.65,17.65,17.65,17.65,0
1758248085,17.65,17.65,17.65,17.65,0
1758248090,17.65,17.65,17.65,17.65,0
1758248095,17.65,17.65,17.65,17.65,0
1758248100,17.65,17.65,17.65,17.65,0
1758248105,17.65,17.65,17.65,17.65,0
1758248110,17.65,17.65,17.65,17.65,0
1758248115,17.65,17.65,17.65,17.65,0
1758248120,17.65,17.65,17.65,17.65,0
1758248125,17.65,17.65,17.65,17.65,0
1758248130,17.65,17.65,17.65,17.65,0
1758248135,17.65,17.65,17.65,17.65,0
1758248140,17.65,17.65,17.65,17.65,0
1758248145,17.65,17.65,17.65,17.65,0
1758248150,17.65,17.65,17.65,17.65,0
1758248155,17.65,17.65,17.65,17.65,0
1758248160,17.65,17.65,17.65,17.65,0
1758248165,17.65,17.65,17.65,17.65,0
1758248170,17.65,17.65,17.65,17.65,0
1758248175,17.65,17.65,17.65,17.65,0
1758248180,17.65,17.65,17.65,17.65,0
1758248185,17.65,17.65,17.65,17.65,0
1758248190,17.65,17.65,17.65,17.65,0
1758248195,17.65,17.65,17.65,17.65,0
1758248200,17.65,17.65,17.65,17.65,0
1758248205,17.65,17.65,17.65,17.65,0
1758248210,17.65,17.65,17.65,17.65,0
1758248215,17.65,17.65,17.65,17.65,0
1758248220,17.65,17.65,17.65,17.65,0
1758248225,17.65,17.65,17.65,17.65,0
1758248230,17.65,17.65,17.65,17.65,0
1758248235,17.65,17.65,17.65,17.65,0
1758248240,17.65,17.65,17.65,17.65,0
1758248245,17.65,17.65,17.65,17.65,0
1758248250,17.65,17.65,17.65,17.65,0
1758248255,17.65,17.65,17.65,17.65,0
1758248260,17.65,17.65,17.65,17.65,0
1758248265,17.65,17.65,17.65,17.65,0
1758248270,17.65,17.65,17.65,17.65,0
1758248275,17.65,17.65,17.65,17.65,0
1758248280,17.65,17.65,17.65,17.65,0
1758248285,17.65,17.65,17.65,17.65,0
1758248290,17.65,17.65,17.65,17.65,0
1758248295,17.65,17.65,17.65,17.65,0
1758248300,17.65,17.65,17.65,17.65,0
1758248305,17.65,17.65,17.65,17.65,0
1758248310,17.65,17.65,17.65,17.65,0
1758248315,17.65,17.65,17.65,17.65,0
1758248320,17.65,17.65,17.65,17.65,0
1758248325,17.65,17.65,17.65,17.65,0
1758248330,17.65,17.65,17.65,17.65,0
1758248335,17.65,17.65,17.65,17.65,0
1758248340,17.65,17.65,17.65,17.65,0
1758248345,17.65,17.65,17.65,17.65,0
1758248350,17.65,17.65,17.65,17.65,0
1758248355,17.65,17.65,17.65,17.65,0
1758248360,17.65,17.65,17.65,17.65,0
1758248365,17.65,17.65,17.65,17.65,0
1758248370,17.65,17.65,17.65,17.65,0
1758248375,17.65,17.65,17.65,17.65,0
1758248380,17.65,17.65,17.65,17.65,0
1758248385,17.65,17.65,17.65,17.65,0
1758248390,17.65,17.65,17.65,17.65,0
1758248395,17.65,17.65,17.65,17.65,0
1758248400,17.65,17.65,17.65,17.65,0
1758248405,17.65,17.65,17.65,17.65,0
1758248410,17.65,17.65,17.65,17.65,0
1758248415,17.65,17.65,17.65,17.65,0
1758248420,17.65,17.65,17.65,17.65,0
1758248425,17.65,17.65,17.65,17.65,0
1758248430,17.65,17.65,17.65,17.65,0
1758248435,17.65,17.65,17.65,17.65,0
1758248440,17.65,17.65,17.65,17.65,0
1758248445,17.65,17.65,17.65,17.65,0
1758248450,17.65,17.65,17.65,17.65,0
1758248455,17.65,17.65,17.65,17.65,0
1758248460,17.65,17.65,17.65,17.65,0
1758248465,17.65,17.65,17.65,17.65,0
1758248470,17.65,17.65,17.65,17.65,0
1758248475,17.65,17.65,17.65,17.65,0
1758248480,17.65,17.65,17.65,17.65,0
1758248485,17.65,17.65,17.65,17.65,0
1758248490,17.65,17.65,17.65,17.65,0
1758248495,17.65,17.65,17.65,17.65,0
1758248500,17.65,17.65,17.65,17.65,0
1758248505,17.65,17.65,17.65,17.65,0
1758248510,17.65,17.65,17.65,17.65,0
1758248515,17.65,17.65,17.65,17.65,0
1758248520,17.65,17.65,17.65,17.65,0
1758248525,17.65,17.65,17.65,17.65,0
1758248530,17.65,17.65,17.65,17.65,0
1758248535,17.65,17.65,17.65,17.65,0
1758248540,17.65,17.65,17.65,17.65,0
1758248545,17.65,17.65,17.65,17.65,0
1758248550,17.65,17.65,17.65,17.65,0
1758248555,17.65,17.65,17.65,17.65,0
1758248560,17.65,17.65,17.65,17.65,0
1758248565,17.65,17.65,17.65,17.65,0
1758248570,17.65,17.65,17.65,17.65,0
1758248575,17.65,17.65,17.65,17.65,0
1758248580,17.65,17.65,17.65,17.65,0
1758248585,17.65,17.65,17.65,17.65,0
1758248590,17.65,17.65,17.65,17.65,0
1758248595,17.65,17.65,17.65,17.65,0
1758248600,17.65,17.65,17.65,17.65,0
1758248605,17.65,17.65,17.65,17.65,0
1758248610,17.65,17.65,17.65,17.65,0
1758248615,17.65,17.65,17.65,17.65,0
1758248620,17.65,17.65,17.65,17.65,0
1758248625,17.65,17.65,17.65,17.65,0
1758248630,17.65,17.65,17.65,17.65,0
1758248635,17.65,17.65,17.65,17.65,0
1758248640,17.65,17.65,17.65,17.65,0
1758248645,17.65,17.65,17.65,17.65,0
1758248650,17.65,17.65,17.65,17.65,0
1758248655,17.65,17.65,17.65,17.65,0
1758248660,17.65,17.65,17.65,17.65,0
1758248665,17.65,17.65,17.65,17.65,0
1758248670,17.65,17.65,17.65,17.65,0
1758248675,17.65,17.65,17.65,17.65,0
1758248680,17.65,17.65,17.65,17.65,0
1758248685,17.65,17.65,17.65,17.65,0
1758248690,17.65,17.65,17.65,17.65,0
1758248695,17.65,17.65,17.65,17.65,0
1758248700,17.65,17.65,17.65,17.65,0
1758248705,17.65,17.65,17.65,17.65,0
1758248710,17.65,17.65,17.65,17.65,0
1758248715,17.65,17.65,17.65,17.65,0
1758248720,17.65,17.65,17.65,17.65,0
1758248725,17.65,17.65,17.65,17.65,0
1758248730,17.65,17.65,17.65,17.65,0
1758248735,17.65,17.65,17.65,17.65,0
1758248740,17.65,17.65,17.65,17.65,0
1758248745,17.65,17.65,17.65,17.65,0
1758248750,17.65,17.65,17.65,17.65,0
1758248755,17.65,17.65,17.65,17.65,0
1758248760,17.65,17.65,17.65,17.65,0
1758248765,17.65,17.65,17.65,17.65,0
1758248770,17.65,17.65,17.65,17.65,0
1758248775,17.65,17.65,17.65,17.65,0
1758248780,17.65,17.65,17.65,17.65,0
1758248785,17.65,17.65,17.65,17.65,0
1758248790,17.65,17.65,17.65,17.65,0
1758248795,17.65,17.65,17.65,17.65,0
1758248800,17.65,17.65,17.65,17.65,0
1758248805,17.65,17.65,17.65,17.65,0
1758248810,17.65,17.65,17.65,17.65,0
1758248815,17.65,17.65,17.65,17.65,0
1758248820,17.65,17.65,17.65,17.65,0
1758248825,17.65,17.65,17.65,17.65,0
1758248830,17.65,17.65,17.65,17.65,0
1758248835,17.65,17.65,17.65,17.65,0
1758248840,17.65,17.65,17.65,17.65,0
1758248845,17.65,17.65,17.65,17.65,0
1758248850,17.65,17.65,17.65,17.65,0
1758248855,17.65,17.65,17.65,17.65,0
1758248860,17.65,17.65,17.65,17.65,0
1758248865,17.65,17.65,17.65,17.65,0
1758248870,17.65,17.65,17.65,17.65,0
1758248875,17.65,17.65,17.65,17.65,0
1758248880,17.65,17.65,17.65,17.65,0
1758248885,17.65,17.65,17.65,17.65,0
1758248890,17.65,17.65,17.65,17.65,0
1758248895,17.65,17.65,17.65,17.65,0
1758248900,17.65,17.65,17.65,17.65,0
1758248905,17.65,17.65,17.65,17.65,0
1758248910,17.65,17.65,17.65,17.65,0
1758248915,17.65,17.65,17.65,17.65,0
1758248920,17.65,17.65,17.65,17.65,0
1758248925,17.65,17.65,17.65,17.65,0
1758248930,17.65,17.65,17.65,17.65,0
1758248935,17.65,17.65,17.65,17.65,0
1758248940,17.65,17.65,17.65,17.65,0
1758248945,17.65,17.65,17.65,17.65,0
1758248950,17.65,17.65,17.65,17.65,0
1758248955,17.65,17.65,17.65,17.65,0
1758248960,17.65,17.65,17.65,17.65,0
1758248965,17.65,17.65,17.65,17.65,0
1758248970,17.65,17.65,17.65,17.65,0
1758248975,17.65,17.65,17.65,17.65,0
1758248980,17.65,17.65,17.65,17.65,0
1758248985,17.65,17.65,17.65,17.65,0
1758248990,17.65,17.65,17.65,17.65,0
1758248995,17.65,17.65,17.65,17.65,0
1758249000,17.65,17.65,17.65,17.65,0
1758249005,17.65,17.65,17.65,17.65,0
1758249010,17.65,17.65,17.65,17.65,0
1758249015,17.65,17.65,17.65,17.65,0
1758249020,17.65,17.65,17.65,17.65,0
1758249025,17.65,17.65,17.65,17.65,0
1758249030,17.65,17.65,17.65,17.65,0
1758249035,17.65,17.65,17.65,17.65,0
1758249040,17.65,17.65,17.65,17.65,0
1758249045,17.65,17.65,17.65,17.65,0
1758249050,17.65,17.65,17.65,17.65,0
1758249055,17.65,17.65,17.65,17.65,0
1758249060,17.65,17.65,17.65,17.65,0
1758249065,17.65,17.65,17.65,17.65,0
1758249070,17.65,17.65,17.65,17.65,0
1758249075,17.65,17.65,17.65,17.65,0
1758249080,17.65,17.65,17.65,17.65,0
1758249085,17.65,17.65,17.65,17.65,0
1758249090,17.65,17.65,17.65,17.65,0
1758249095,17.65,17.65,17.65,17.65,0
1758249100,17.65,17.65,17.65,17.65,0
1758249105,17.65,17.65,17.65,17.65,0
1758249110,17.65,17.65,17.65,17.65,0
1758249115,17.65,17.65,17.65,17.65,0
1758249120,17.65,17.65,17.65,17.65,0
1758249125,17.65,17.65,17.65,17.65,0
1758249130,17.65,17.65,17.65,17.65,0
1758249135,17.65,17.65,17.65,17.65,0
1758249140,17.65,17.65,17.65,17.65,0
1758249145,17.65,17.65,17.65,17.65,0
1758249150,17.65,17.65,17.65,17.65,0
1758249155,17.65,17.65,17.65,17.65,0
1758249160,17.65,17.65,17.65,17.65,0
1758249165,17.65,17.65,17.65,17.65,0
1758249170,17.65,17.65,17.65,17.65,0
1758249175,17.65,17.65,17.65,17.65,0
1758249180,17.65,17.65,17.65,17.65,0
1758249185,17.65,17.65,17.65,17.65,0
1758249190,17.65,17.65,17.65,17.65,0
1758249195,17.65,17.65,17.65,17.65,0
1758249200,17.65,17.65,17.65,17.65,0
1758249205,17.65,17.65,17.65,17.65,0
1758249210,17.65,17.65,17.65,17.65,0
1758249215,17.65,17.65,17.65,17.65,0
1758249220,17.65,17.65,17.65,17.65,0
1758249225,17.65,17.65,17.65,17.65,0
1758249230,17.65,17.65,17.65,17.65,0
1758249235,17.65,17.65,17.65,17.65,0
1758249240,17.65,17.65,17.65,17.65,0
1758249245,17.65,17.65,17.65,17.65,0
1758249250,17.65,17.65,17.65,17.65,0
1758249255,17.65,17.65,17.65,17.65,0
1758249260,17.65,17.65,17.65,17.65,0
1758249265,17.65,17.65,17.65,17.65,0
1758249270,17.65,17.65,17.65,17.65,0
1758249275,17.65,17.65,17.65,17.65,0
1758249280,17.65,17.65,17.65,17.65,0
1758249285,17.65,17.65,17.65,17.65,0
1758249290,17.65,17.65,17.65,17.65,0
1758249295,17.65,17.65,17.65,17.65,0
1758249300,17.65,17.65,17.65,17.65,0
1758249305,17.65,17.65,17.65,17.65,0
1758249310,17.65,17.65,17.65,17.65,0
1758249315,17.65,17.65,17.65,17.65,0
1758249320,17.65,17.65,17.65,17.65,0
1758249325,17.65,17.65,17.65,17.65,0
1758249330,17.65,17.65,17.65,17.65,0
1758249335,17.65,17.65,17.65,17.65,0
1758249340,17.65,17.65,17.65,17.65,0
1758249345,17.65,17.65,17.65,17.65,0
1758249350,17.65,17.65,17.65,17.65,0
1758249355,17.65,17.65,17.65,17.65,0
1758249360,17.65,17.65,17.65,17.65,0
1758249365,17.65,17.65,17.65,17.65,0
1758249370,17.65,17.65,17.65,17.65,0
1758249375,17.65,17.65,17.65,17.65,0
1758249380,17.65,17.65,17.65,17.65,0
1758249385,17.65,17.65,17.65,17.65,0
1758249390,17.65,17.65,17.65,17.65,0
1758249395,17.65,17.65,17.65,17.65,0
1758249400,17.65,17.65,17.65,17.65,0
1758249405,17.65,17.65,17.65,17.65,0
1758249410,17.65,17.65,17.65,17.65,0
1758249415,17.65,17.65,17.65,17.65,0
1758249420,17.65,17.65,17.65,17.65,0
1758249425,17.65,17.65,17.65,17.65,0
1758249430,17.65,17.65,17.65,17.65,0
1758249435,17.65,17.65,17.65,17.65,0
1758249440,17.65,17.65,17.65,17.65,0
1758249445,17.65,17.65,17.65,17.65,0
1758249450,17.65,17.65,17.65,17.65,0
1758249455,17.65,17.65,17.65,17.65,0
1758249460,17.65,17.65,17.65,17.65,0
1758249465,17.65,17.65,17.65,17.65,0
1758249470,17.65,17.65,17.65,17.65,0
1758249475,17.65,17.65,17.65,17.65,0
1758249480,17.65,17.65,17.65,17.65,0
1758249485,17.65,17.65,17.65,17.65,0
1758249490,17.65,17.65,17.65,17.65,0
1758249495,17.65,17.65,17.65,17.65,0
1758249500,17.65,17.65,17.65,17.65,0
1758249505,17.65,17.65,17.65,17.65,0
1758249510,17.65,17.65,17.65,17.65,0
1758249515,17.65,17.65,17.65,17.65,0
1758249520,17.65,17.65,17.65,17.65,0
1758249525,17.65,17.65,17.65,17.65,0
1758249530,17.65,17.65,17.65,17.65,0
1758249535,17.65,17.65,17.65,17.65,0
1758249540,17.65,17.65,17.65,17.65,0
1758249545,17.65,17.65,17.65,17.65,0
1758249550,17.65,17.65,17.65,17.65,0
1758249555,17.65,17.65,17.65,17.65,0
1758249560,17.65,17.65,17.65,17.65,0
1758249565,17.65,17.65,17.65,17.65,0
1758249570,17.65,17.65,17.65,17.65,0
1758249575,17.65,17.65,17.65,17.65,0
1758249580,17.65,17.65,17.65,17.65,0
1758249585,17.65,17.65,17.65,17.65,0
1758249590,17.65,17.65,17.65,17.65,0
1758249595,17.65,17.65,17.65,17.65,0
1758249600,17.65,17.65,17.65,17.65,0
1758249605,17.65,17.65,17.65,17.65,0
1758249610,17.65,17.65,17.65,17.65,0
1758249615,17.65,17.65,17.65,17.65,0
1758249620,17.65,17.65,17.65,17.65,0
1758249625,17.65,17.65,17.65,17.65,0
1758249630,17.65,17.65,17.65,17.65,0
1758249635,17.65,17.65,17.65,17.65,0
1758249640,17.65,17.65,17.65,17.65,0
1758249645,17.65,17.65,17.65,17.65,0
1758249650,17.65,17.65,17.65,17.65,0
1758249655,17.65,17.65,17.65,17.65,0
1758249660,17.65,17.65,17.65,17.65,0
1758249665,17.65,17.65,17.65,17.65,0
1758249670,17.65,17.65,17.65,17.65,0
1758249675,17.65,17.65,17.65,17.65,0
1758249680,17.65,17.65,17.65,17.65,0
1758249685,17.65,17.65,17.65,17.65,0
1758249690,17.65,17.65,17.65,17.65,0
1758249695,17.65,17.65,17.65,17.65,0
1758249700,17.65,17.65,17.65,17.65,0
1758249705,17.65,17.65,17.65,17.65,0
1758249710,17.65,17.65,17.65,17.65,0
1758249715,17.65,17.65,17.65,17.65,0
1758249720,17.65,17.65,17.65,17.65,0
1758249725,17.65,17.65,17.65,17.65,0
1758249730,17.65,17.65,17.65,17.65,0
1758249735,17.65,17.65,17.65,17.65,0
1758249740,17.65,17.65,17.65,17.65,0
1758249745,17.65,17.65,17.65,17.65,0
1758249750,17.65,17.65,17.65,17.65,0
1758249755,17.65,17.65,17.65,17.65,0
1758249760,17.65,17.65,17.65,17.65,0
1758249765,17.65,17.65,17.65,17.65,0
1758249770,17.65,17.65,17.65,17.65,0
1758249775,17.65,17.65,17.65,17.65,0
1758249780,17.65,17.65,17.65,17.65,0
1758249785,17.65,17.65,17.65,17.65,0
1758249790,17.65,17.65,17.65,17.65,0
1758249795,17.65,17.65,17.65,17.65,0
1758249800,17.65,17.65,17.65,17.65,0
1758249805,17.65,17.65,17.65,17.65,0
1758249810,17.65,17.65,17.65,17.65,0
1758249815,17.65,17.65,17.65,17.65,0
1758249820,17.65,17.65,17.65,17.65,0
1758249825,17.65,17.65,17.65,17.65,0
1758249830,17.65,17.65,17.65,17.65,0
1758249835,17.65,17.65,17.65,17.65,0
1758249840,17.65,17.65,17.65,17.65,0
1758249845,17.65,17.65,17.65,17.65,0
1758249850,17.65,17.65,17.65,17.65,0
1758249855,17.65,17.65,17.65,17.65,0
1758249860,17.65,17.65,17.65,17.65,0
1758249865,17.65,17.65,17.65,17.65,0
1758249870,17.65,17.65,17.65,17.65,0
1758249875,17.65,17.65,17.65,17.65,0
1758249880,17.65,17.65,17.65,17.65,0
1758249885,17.65,17.65,17.65,17.65,0
1758249890,17.65,17.65,17.65,17.65,0
1758249895,17.65,17.65,17.65,17.65,0
1758249900,17.65,17.65,17.65,17.65,0
1758249905,17.65,17.65,17.65,17.65,0
1758249910,17.65,17.65,17.65,17.65,0
1758249915,17.65,17.65,17.65,17.65,0
1758249920,17.65,17.65,17.65,17.65,0
1758249925,17.65,17.65,17.65,17.65,0
1758249930,17.65,17.65,17.65,17.65,0
1758249935,17.65,17.65,17.65,17.65,0
1758249940,17.65,17.65,17.65,17.65,0
1758249945,17.65,17.65,17.65,17.65,0
1758249950,17.65,17.65,17.65,17.65,0
1758249955,17.65,17.65,17.65,17.65,0
1758249960,17.65,17.65,17.65,17.65,0
1758249965,17.65,17.65,17.65,17.65,0
1758249970,17.65,17.65,17.65,17.65,0
1758249975,17.65,17.65,17.65,17.65,0
1758249980,17.65,17.65,17.65,17.65,0
1758249985,17.65,17.65,17.65,17.65,0
1758249990,17.65,17.65,17.65,17.65,0
1758249995,17.65,17.65,17.65,17.65,0
1758250000,17.65,17.65,17.65,17.65,0
1758250005,17.65,17.65,17.65,17.65,0
1758250010,17.65,17.65,17.65,17.65,0
1758250015,17.65,17.65,17.65,17.65,0
1758250020,17.65,17.65,17.65,17.65,0
1758250025,17.65,17.65,17.65,17.65,0
1758250030,17.65,17.65,17.65,17.65,0
1758250035,17.65,17.65,17.65,17.65,0
1758250040,17.65,17.65,17.65,17.65,0
1758250045,17.65,17.65,17.65,17.65,0
1758250050,17.65,17.65,17.65,17.65,0
1758250055,17.65,17.65,17.65,17.65,0
1758250060,17.65,17.65,17.65,17.65,0
1758250065,17.65,17.65,17.65,17.65,0
1758250070,17.65,17.65,17.65,17.65,0
1758250075,17.65,17.65,17.65,17.65,0
1758250080,17.65,17.65,17.65,17.65,0
1758250085,17.65,17.65,17.65,17.65,0
1758250090,17.65,17.65,17.65,17.65,0
1758250095,17.65,17.65,17.65,17.65,0
1758250100,17.65,17.65,17.65,17.65,0
1758250105,17.65,17.65,17.65,17.65,0
1758250110,17.65,17.65,17.65,17.65,0
1758250115,17.65,17.65,17.65,17.65,0
1758250120,17.65,17.65,17.65,17.65,0
1758250125,17.65,17.65,17.65,17.65,0
1758250130,17.65,17.65,17.65,17.65,0
1758250135,17.65,17.65,17.65,17.65,0
1758250140,17.65,17.65,17.65,17.65,0
1758250145,17.65,17.65,17.65,17.65,0
1758250150,17.65,17.65,17.65,17.65,0
1758250155,17.65,17.65,17.65,17.65,0
1758250160,17.65,17.65,17.65,17.65,0
1758250165,17.65,17.65,17.65,17.65,0
1758250170,17.65,17.65,17.65,17.65,0
1758250175,17.65,17.65,17.65,17.65,0
1758250180,17.65,17.65,17.65,17.65,0
1758250185,17.65,17.65,17.65,17.65,0
1758250190,17.65,17.65,17.65,17.65,0
1758250195,17.65,17.65,17.65,17.65,0
1758250200,17.65,17.65,17.65,17.65,0
1758250205,17.65,17.65,17.65,17.65,0
1758250210,17.65,17.65,17.65,17.65,0
1758250215,17.65,17.65,17.65,17.65,0
1758250220,17.65,17.65,17.65,17.65,0
1758250225,17.65,17.65,17.65,17.65,0
1758250230,17.65,17.65,17.65,17.65,0
1758250235,17.65,17.65,17.65,17.65,0
1758250240,17.65,17.65,17.65,17.65,0
1758250245,17.65,17.65,17.65,17.65,0
1758250250,17.65,17.65,17.65,17.65,0
1758250255,17.65,17.65,17.65,17.65,0
1758250260,17.65,17.65,17.65,17.65,0
1758250265,17.65,17.65,17.65,17.65,0
1758250270,17.65,17.65,17.65,17.65,0
1758250275,17.65,17.65,17.65,17.65,0
1758250280,17.65,17.65,17.65,17.65,0
1758250285,17.65,17.65,17.65,17.65,0
1758250290,17.65,17.65,17.65,17.65,0
1758250295,17.65,17.65,17.65,17.65,0
1758250300,17.65,17.65,17.65,17.65,0
1758250305,17.65,17.65,17.65,17.65,0
1758250310,17.65,17.65,17.65,17.65,0
1758250315,17.65,17.65,17.65,17.65,0
1758250320,17.65,17.65,17.65,17.65,0
1758250325,17.65,17.65,17.65,17.65,0
1758250330,17.65,17.65,17.65,17.65,0
1758250335,17.65,17.65,17.65,17.65,0
1758250340,17.65,17.65,17.65,17.65,0
1758250345,17.65,17.65,17.65,17.65,0
1758250350,17.65,17.65,17.65,17.65,0
1758250355,17.65,17.65,17.65,17.65,0
1758250360,17.65,17.65,17.65,17.65,0
1758250365,17.65,17.65,17.65,17.65,0
1758250370,17.65,17.65,17.65,17.65,0
1758250375,17.65,17.65,17.65,17.65,0
1758250380,17.65,17.65,17.65,17.65,0
1758250385,17.65,17.65,17.65,17.65,0
1758250390,17.65,17.65,17.65,17.65,0
1758250395,17.65,17.65,17.65,17.65,0
1758250400,17.65,17.65,17.65,17.65,0
1758250405,17.65,17.65,17.65,17.65,0
1758250410,17.65,17.65,17.65,17.65,0
1758250415,17.65,17.65,17.65,17.65,0
1758250420,17.65,17.65,17.65,17.65,0
1758250425,17.65,17.65,17.65,17.65,0
1758250430,17.65,17.65,17.65,17.65,0
1758250435,17.65,17.65,17.65,17.65,0
1758250440,17.65,17.65,17.65,17.65,0
1758250445,17.65,17.65,17.65,17.65,0
1758250450,17.65,17.65,17.65,17.65,0
1758250455,17.65,17.65,17.65,17.65,0
1758250460,17.65,17.65,17.65,17.65,0
1758250465,17.65,17.65,17.65,17.65,0
1758250470,17.65,17.65,17.65,17.65,0
1758250475,17.65,17.65,17.65,17.65,0
1758250480,17.65,17.65,17.65,17.65,0
1758250485,17.65,17.65,17.65,17.65,0
1758250490,17.65,17.65,17.65,17.65,0
1758250495,17.65,17.65,17.65,17.65,0
1758250500,17.65,17.65,17.65,17.65,0
1758250505,17.65,17.65,17.65,17.65,0
1758250510,17.65,17.65,17.65,17.65,0
1758250515,17.65,17.65,17.65,17.65,0
1758250520,17.65,17.65,17.65,17.65,0
1758250525,17.65,17.65,17.65,17.65,0
1758250530,17.65,17.65,17.65,17.65,0
1758250535,17.65,17.65,17.65,17.65,0
1758250540,17.65,17.65,17.65,17.65,0
1758250545,17.65,17.65,17.65,17.65,0
1758250550,17.65,17.65,17.65,17.65,0
1758250555,17.65,17.65,17.65,17.65,0
1758250560,17.65,17.65,17.65,17.65,0
1758250565,17.65,17.65,17.65,17.65,0
1758250570,17.65,17.65,17.65,17.65,0
1758250575,17.65,17.65,17.65,17.65,0
1758250580,17.65,17.65,17.65,17.65,0
1758250585,17.65,17.65,17.65,17.65,0
1758250590,17.65,17.65,17.65,17.65,0
1758250595,17.65,17.65,17.65,17.65,0
1758250600,17.65,17.65,17.65,17.65,0
1758250605,17.65,17.65,17.65,17.65,0
1758250610,17.65,17.65,17.65,17.65,0
1758250615,17.65,17.65,17.65,17.65,0
1758250620,17.65,17.65,17.65,17.65,0
1758250625,17.65,17.65,17.65,17.65,0
1758250630,17.65,17.65,17.65,17.65,0
1758250635,17.65,17.65,17.65,17.65,0
1758250640,17.65,17.65,17.65,17.65,0
1758250645,17.65,17.65,17.65,17.65,0
1758250650,17.65,17.65,17.65,17.65,0
1758250655,17.65,17.65,17.65,17.65,0
1758250660,17.65,17.65,17.65,17.65,0
1758250665,17.65,17.65,17.65,17.65,0
1758250670,17.65,17.65,17.65,17.65,0
1758250675,17.65,17.65,17.65,17.65,0
1758250680,17.65,17.65,17.65,17.65,0
1758250685,17.65,17.65,17.65,17.65,0
1758250690,17.65,17.65,17.65,17.65,0
1758250695,17.65,17.65,17.65,17.65,0
1758250700,17.65,17.65,17.65,17.65,0
1758250705,17.65,17.65,17.65,17.65,0
1758250710,17.65,17.65,17.65,17.65,0
1758250715,17.65,17.65,17.65,17.65,0
1758250720,17.65,17.65,17.65,17.65,0
1758250725,17.65,17.65,17.65,17.65,0
1758250730,17.65,17.65,17.65,17.65,0
1758250735,17.65,17.65,17.65,17.65,0
1758250740,17.65,17.65,17.65,17.65,0
1758250745,17.65,17.65,17.65,17.65,0
1758250750,17.65,17.65,17.65,17.65,0
1758250755,17.65,17.65,17.65,17.65,0
1758250760,17.65,17.65,17.65,17.65,0
1758250765,17.65,17.65,17.65,17.65,0
1758250770,17.65,17.65,17.65,17.65,0
1758250775,17.65,17.65,17.65,17.65,0
1758250780,17.65,17.65,17.65,17.65,0
1758250785,17.65,17.65,17.65,17.65,0
1758250790,17.65,17.65,17.65,17.65,0
1758250795,17.65,17.65,17.65,17.65,0
1758250800,17.65,17.65,17.65,17.65,0
1758250805,17.65,17.65,17.65,17.65,0
1758250810,17.65,17.65,17.65,17.65,0
1758250815,17.65,17.65,17.65,17.65,0
1758250820,17.65,17.65,17.65,17.65,0
1758250825,17.65,17.65,17.65,17.65,0
1758250830,17.65,17.65,17.65,17.65,0
1758250835,17.65,17.65,17.65,17.65,0
1758250840,17.65,17.65,17.65,17.65,0
1758250845,17.65,17.65,17.65,17.65,0
1758250850,17.65,17.65,17.65,17.65,0
1758250855,17.65,17.65,17.65,17.65,0
1758250860,17.65,17.65,17.65,17.65,0
1758250865,17.65,17.65,17.65,17.65,0
1758250870,17.65,17.65,17.65,17.65,0
1758250875,17.65,17.65,17.65,17.65,0
1758250880,17.65,17.65,17.65,17.65,0
1758250885,17.65,17.65,17.65,17.65,0
1758250890,17.65,17.65,17.65,17.65,0
1758250895,17.65,17.65,17.65,17.65,0
1758250900,17.65,17.65,17.65,17.65,0
1758250905,17.65,17.65,17.65,17.65,0
1758250910,17.65,17.65,17.65,17.65,0
1758250915,17.65,17.65,17.65,17.65,0
1758250920,17.65,17.65,17.65,17.65,0
1758250925,17.65,17.65,17.65,17.65,0
1758250930,17.65,17.65,17.65,17.65,0
1758250935,17.65,17.65,17.65,17.65,0
1758250940,17.65,17.65,17.65,17.65,0
1758250945,17.65,17.65,17.65,17.65,0
1758250950,17.65,17.65,17.65,17.65,0
1758250955,17.65,17.65,17.65,17.65,0
1758250960,17.65,17.65,17.65,17.65,0
1758250965,17.65,17.65,17.65,17.65,0
1758250970,17.65,17.65,17.65,17.65,0
1758250975,17.65,17.65,17.65,17.65,0
1758250980,17.65,17.65,17.65,17.65,0
1758250985,17.65,17.65,17.65,17.65,0
1758250990,17.65,17.65,17.65,17.65,0
1758250995,17.65,17.65,17.65,17.65,0
1758251000,17.65,17.65,17.65,17.65,0
1758251005,17.65,17.65,17.65,17.65,0
1758251010,17.65,17.65,17.65,17.65,0
1758251015,17.65,17.65,17.65,17.65,0
1758251020,17.65,17.65,17.65,17.65,0
1758251025,17.65,17.65,17.65,17.65,0
1758251030,17.65,17.65,17.65,17.65,0
1758251035,17.65,17.65,17.65,17.65,0
1758251040,17.65,17.65,17.65,17.65,0
1758251045,17.65,17.65,17.65,17.65,0
1758251050,17.65,17.65,17.65,17.65,0
1758251055,17.65,17.65,17.65,17.65,0
1758251060,17.65,17.65,17.65,17.65,0
1758251065,17.65,17.65,17.65,17.65,0
1758251070,17.65,17.65,17.65,17.65,0
1758251075,17.65,17.65,17.65,17.65,0
1758251080,17.65,17.65,17.65,17.65,0
1758251085,17.65,17.65,17.65,17.65,0
1758251090,17.65,17.65,17.65,17.65,0
1758251095,17.65,17.65,17.65,17.65,0
1758251100,17.65,17.65,17.65,17.65,0
1758251105,17.65,17.65,17.65,17.65,0
1758251110,17.65,17.65,17.65,17.65,0
1758251115,17.65,17.65,17.65,17.65,0
1758251120,17.65,17.65,17.65,17.65,0
1758251125,17.65,17.65,17.65,17.65,0
1758251130,17.65,17.65,17.65,17.65,0
1758251135,17.65,17.65,17.65,17.65,0
1758251140,17.65,17.65,17.65,17.65,0
1758251145,17.65,17.65,17.65,17.65,0
1758251150,17.65,17.65,17.65,17.65,0
1758251155,17.65,17.65,17.65,17.65,0
1758251160,17.65,17.65,17.65,17.65,0
1758251165,17.65,17.65,17.65,17.65,0
1758251170,17.65,17.65,17.65,17.65,0
1758251175,17.65,17.65,17.65,17.65,0
1758251180,17.65,17.65,17.65,17.65,0
1758251185,17.65,17.65,17.65,17.65,0
1758251190,17.65,17.65,17.65,17.65,0
1758251195,17.65,17.65,17.65,17.65,0
1758251200,17.65,17.65,17.65,17.65,0
1758251205,17.65,17.65,17.65,17.65,0
1758251210,17.65,17.65,17.65,17.65,0
1758251215,17.65,17.65,17.65,17.65,0
1758251220,17.65,17.65,17.65,17.65,0
1758251225,17.65,17.65,17.65,17.65,0
1758251230,17.65,17.65,17.65,17.65,0
1758251235,17.65,17.65,17.65,17.65,0
1758251240,17.65,17.65,17.65,17.65,0
1758251245,17.65,17.65,17.65,17.65,0
1758251250,17.65,17.65,17.65,17.65,0
1758251255,17.65,17.65,17.65,17.65,0
1758251260,17.65,17.65,17.65,17.65,0
1758251265,17.65,17.65,17.65,17.65,0
1758251270,17.65,17.65,17.65,17.65,0
1758251275,17.65,17.65,17.65,17.65,0
1758251280,17.65,17.65,17.65,17.65,0
1758251285,17.65,17.65,17.65,17.65,0
1758251290,17.65,17.65,17.65,17.65,0
1758251295,17.65,17.65,17.65,17.65,0
1758251300,17.65,17.65,17.65,17.65,0
1758251305,17.65,17.65,17.65,17.65,0
1758251310,17.65,17.65,17.65,17.65,0
1758251315,17.65,17.65,17.65,17.65,0
1758251320,17.65,17.65,17.65,17.65,0
1758251325,17.65,17.65,17.65,17.65,0
1758251330,17.65,17.65,17.65,17.65,0
1758251335,17.65,17.65,17.65,17.65,0
1758251340,17.65,17.65,17.65,17.65,0
1758251345,17.65,17.65,17.65,17.65,0
1758251350,17.65,17.65,17.65,17.65,0
1758251355,17.65,17.65,17.65,17.65,0
1758251360,17.65,17.65,17.65,17.65,0
1758251365,17.65,17.65,17.65,17.65,0
1758251370,17.65,17.65,17.65,17.65,0
1758251375,17.65,17.65,17.65,17.65,0
1758251380,17.65,17.65,17.65,17.65,0
1758251385,17.65,17.65,17.65,17.65,0
1758251390,17.65,17.65,17.65,17.65,0
1758251395,17.65,17.65,17.65,17.65,0
1758251400,17.65,17.65,17.65,17.65,0
1758251405,17.65,17.65,17.65,17.65,0
1758251410,17.65,17.65,17.65,17.65,0
1758251415,17.65,17.65,17.65,17.65,0
1758251420,17.65,17.65,17.65,17.65,0
1758251425,17.6,17.6,17.6,17.6,1
1758251430,17.6,17.6,17.6,17.6,0
1758251435,17.6,17.6,17.6,17.6,0
1758251440,17.6,17.6,17.6,17.6,0
1758251445,17.6,17.6,17.6,17.6,0
1758251450,17.6,17.6,17.6,17.6,0
1758251455,17.6,17.6,17.6,17.6,0
1758251460,17.6,17.6,17.6,17.6,0
1758251465,17.6,17.6,17.6,17.6,0
1758251470,17.6,17.6,17.6,17.6,0
1758251475,17.6,17.6,17.6,17.6,0
1758251480,17.6,17.6,17.6,17.6,0
1758251485,17.6,17.6,17.6,17.6,0
1758251490,17.6,17.6,17.6,17.6,0
1758251495,17.6,17.6,17.6,17.6,0
1758251500,17.6,17.6,17.6,17.6,0
1758251505,17.6,17.6,17.6,17.6,0
1758251510,17.6,17.6,17.6,17.6,0
1758251515,17.6,17.6,17.6,17.6,0
1758251520,17.6,17.6,17.6,17.6,0
1758251525,17.6,17.6,17.6,17.6,0
1758251530,17.6,17.6,17.6,17.6,0
1758251535,17.6,17.6,17.6,17.6,0
1758251540,17.6,17.6,17.6,17.6,0
1758251545,17.6,17.6,17.6,17.6,0
1758251550,17.6,17.6,17.6,17.6,0
1758251555,17.6,17.6,17.6,17.6,0
1758251560,17.6,17.6,17.6,17.6,0
1758251565,17.6,17.6,17.6,17.6,0
1758251570,17.6,17.6,17.6,17.6,0
1758251575,17.6,17.6,17.6,17.6,0
1758251580,17.6,17.6,17.6,17.6,0
1758251585,17.6,17.6,17.6,17.6,0
1758251590,17.6,17.6,17.6,17.6,0
1758251595,17.6,17.6,17.6,17.6,0
1758251600,17.6,17.6,17.6,17.6,0
1758251605,17.6,17.6,17.6,17.6,0
1758251610,17.6,17.6,17.6,17.6,0
1758251615,17.6,17.6,17.6,17.6,0
1758251620,17.6,17.6,17.6,17.6,0
1758251625,17.6,17.6,17.6,17.6,0
1758251630,17.6,17.6,17.6,17.6,0
1758251635,17.6,17.6,17.6,17.6,0
1758251640,17.6,17.6,17.6,17.6,0
1758251645,17.6,17.6,17.6,17.6,0
1758251650,17.6,17.6,17.6,17.6,0
1758251655,17.6,17.6,17.6,17.6,0
1758251660,17.6,17.6,17.6,17.6,0
1758251665,17.6,17.6,17.6,17.6,0
1758251670,17.6,17.6,17.6,17.6,0
1758251675,17.6,17.6,17.6,17.6,0
1758251680,17.6,17.6,17.6,17.6,0
1758251685,17.6,17.6,17.6,17.6,0
1758251690,17.6,17.6,17.6,17.6,0
1758251695,17.6,17.6,17.6,17.6,0
1758251700,17.6,17.6,17.6,17.6,0
1758251705,17.6,17.6,17.6,17.6,0
1758251710,17.6,17.6,17.6,17.6,0
1758251715,17.6,17.6,17.6,17.6,0
1758251720,17.6,17.6,17.6,17.6,0
1758251725,17.6,17.6,17.6,17.6,0
1758251730,17.6,17.6,17.6,17.6,0
1758251735,17.6,17.6,17.6,17.6,0
1758251740,17.6,17.6,17.6,17.6,0
1758251745,17.6,17.6,17.6,17.6,0
1758251750,17.6,17.6,17.6,17.6,0
1758251755,17.6,17.6,17.6,17.6,0
1758251760,17.6,17.6,17.6,17.6,0
1758251765,17.6,17.6,17.6,17.6,0
1758251770,17.6,17.6,17.6,17.6,0
1758251775,17.6,17.6,17.6,17.6,0
1758251780,17.6,17.6,17.6,17.6,0
1758251785,17.6,17.6,17.6,17.6,0
1758251790,17.6,17.6,17.6,17.6,0
1758251795,17.6,17.6,17.6,17.6,0
1758251800,17.6,17.6,17.6,17.6,0
1758251805,17.6,17.6,17.6,17.6,0
1758251810,17.6,17.6,17.6,17.6,0
1758251815,17.6,17.6,17.6,17.6,0
1758251820,17.6,17.6,17.6,17.6,0
1758251825,17.6,17.6,17.6,17.6,0
1758251830,17.6,17.6,17.6,17.6,0
1758251835,17.6,17.6,17.6,17.6,0
1758251840,17.6,17.6,17.6,17.6,0
1758251845,17.6,17.6,17.6,17.6,0
1758251850,17.6,17.6,17.6,17.6,0
1758251855,17.6,17.6,17.6,17.6,0
1758251860,17.6,17.6,17.6,17.6,0
1758251865,17.6,17.6,17.6,17.6,0
1758251870,17.6,17.6,17.6,17.6,0
1758251875,17.6,17.6,17.6,17.6,0
1758251880,17.6,17.6,17.6,17.6,0
1758251885,17.6,17.6,17.6,17.6,0
1758251890,17.6,17.6,17.6,17.6,0
1758251895,17.6,17.6,17.6,17.6,0
1758251900,17.6,17.6,17.6,17.6,0
1758251905,17.6,17.6,17.6,17.6,0
1758251910,17.6,17.6,17.6,17.6,0
1758251915,17.6,17.6,17.6,17.6,0
1758251920,17.6,17.6,17.6,17.6,0
1758251925,17.6,17.6,17.6,17.6,0
1758251930,17.6,17.6,17.6,17.6,0
1758251935,17.6,17.6,17.6,17.6,0
1758251940,17.6,17.6,17.6,17.6,0
1758251945,17.6,17.6,17.6,17.6,0
1758251950,17.6,17.6,17.6,17.6,0
1758251955,17.6,17.6,17.6,17.6,0
1758251960,17.6,17.6,17.6,17.6,0
1758251965,17.6,17.6,17.6,17.6,0
1758251970,17.6,17.6,17.6,17.6,0
1758251975,17.6,17.6,17.6,17.6,0
1758251980,17.6,17.6,17.6,17.6,0
1758251985,17.6,17.6,17.6,17.6,0
1758251990,17.6,17.6,17.6,17.6,0
1758251995,17.6,17.6,17.6,17.6,0
1758252000,17.6,17.6,17.6,17.6,0
1758252005,17.6,17.6,17.6,17.6,0
1758252010,17.6,17.6,17.6,17.6,0
1758252015,17.6,17.6,17.6,17.6,0
1758252020,17.6,17.6,17.6,17.6,0
1758252025,17.6,17.6,17.6,17.6,0
1758252030,17.6,17.6,17.6,17.6,0
1758252035,17.6,17.6,17.6,17.6,0
1758252040,17.6,17.6,17.6,17.6,0
1758252045,17.6,17.6,17.6,17.6,0
1758252050,17.6,17.6,17.6,17.6,0
1758252055,17.6,17.6,17.6,17.6,0
1758252060,17.6,17.6,17.6,17.6,0
1758252065,17.6,17.6,17.6,17.6,0
1758252070,17.6,17.6,17.6,17.6,0
1758252075,17.6,17.6,17.6,17.6,0
1758252080,17.6,17.6,17.6,17.6,0
1758252085,17.6,17.6,17.6,17.6,0
1758252090,17.6,17.6,17.6,17.6,0
1758252095,17.6,17.6,17.6,17.6,0
1758252100,17.6,17.6,17.6,17.6,0
1758252105,17.6,17.6,17.6,17.6,0
1758252110,17.6,17.6,17.6,17.6,0
1758252115,17.6,17.6,17.6,17.6,0
1758252120,17.6,17.6,17.6,17.6,0
1758252125,17.6,17.6,17.6,17.6,0
1758252130,17.6,17.6,17.6,17.6,0
1758252135,17.6,17.6,17.6,17.6,0
1758252140,17.6,17.6,17.6,17.6,0
1758252145,17.6,17.6,17.6,17.6,0
1758252150,17.6,17.6,17.6,17.6,0
1758252155,17.6,17.6,17.6,17.6,0
1758252160,17.6,17.6,17.6,17.6,0
1758252165,17.6,17.6,17.6,17.6,0
1758252170,17.6,17.6,17.6,17.6,0
1758252175,17.6,17.6,17.6,17.6,0
1758252180,17.6,17.6,17.6,17.6,0
1758252185,17.6,17.6,17.6,17.6,0
1758252190,17.6,17.6,17.6,17.6,0
1758252195,17.6,17.6,17.6,17.6,0
1758252200,17.6,17.6,17.6,17.6,0
1758252205,17.6,17.6,17.6,17.6,1
1758252210,17.6,17.6,17.6,17.6,0
1758252215,17.6,17.6,17.6,17.6,0
1758252220,17.6,17.6,17.6,17.6,0
1758252225,17.6,17.6,17.6,17.6,0
1758252230,17.6,17.6,17.6,17.6,0
1758252235,17.6,17.6,17.6,17.6,0
1758252240,17.6,17.6,17.6,17.6,0
1758252245,17.6,17.6,17.6,17.6,3
1758252250,17.6,17.6,17.6,17.6,0
1758252255,17.6,17.6,17.6,17.6,0
1758252260,17.6,17.6,17.6,17.6,0
1758252265,17.6,17.6,17.6,17.6,0
1758252270,17.6,17.6,17.6,17.6,0
1758252275,17.6,17.6,17.6,17.6,0
1758252280,17.6,17.6,17.6,17.6,0
1758252285,17.6,17.6,17.6,17.6,0
1758252290,17.6,17.6,17.6,17.6,0
1758252295,17.6,17.6,17.6,17.6,0
1758252300,17.6,17.6,17.6,17.6,0
1758252305,17.6,17.6,17.6,17.6,0
1758252310,17.6,17.6,17.6,17.6,0
1758252315,17.6,17.6,17.6,17.6,0
1758252320,17.6,17.6,17.6,17.6,0
1758252325,17.6,17.6,17.6,17.6,0
1758252330,17.6,17.6,17.6,17.6,0
1758252335,17.6,17.6,17.6,17.6,0
1758252340,17.6,17.6,17.6,17.6,0
1758252345,17.6,17.6,17.6,17.6,0
1758252350,17.6,17.6,17.6,17.6,0
1758252355,17.6,17.6,17.6,17.6,0
1758252360,17.6,17.6,17.6,17.6,0
1758252365,17.6,17.6,17.6,17.6,0
1758252370,17.6,17.6,17.6,17.6,0
1758252375,17.6,17.6,17.6,17.6,0
1758252380,17.6,17.6,17.6,17.6,0
1758252385,17.6,17.6,17.6,17.6,0
1758252390,17.6,17.6,17.6,17.6,0
1758252395,17.6,17.6,17.6,17.6,0
1758252400,17.6,17.6,17.6,17.6,0
1758252405,17.6,17.6,17.6,17.6,0
1758252410,17.6,17.6,17.6,17.6,0
1758252415,17.6,17.6,17.6,17.6,0
1758252420,17.6,17.6,17.6,17.6,0
1758252425,17.6,17.6,17.6,17.6,0
1758252430,17.6,17.6,17.6,17.6,0
1758252435,17.6,17.6,17.6,17.6,0
1758252440,17.6,17.6,17.6,17.6,0
1758252445,17.6,17.6,17.6,17.6,0
1758252450,17.6,17.6,17.6,17.6,0
1758252455,17.6,17.6,17.6,17.6,0
1758252460,17.6,17.6,17.6,17.6,0
1758252465,17.6,17.6,17.6,17.6,0
1758252470,17.6,17.6,17.6,17.6,0
1758252475,17.6,17.6,17.6,17.6,0
1758252480,17.6,17.6,17.6,17.6,0
1758252485,17.6,17.6,17.6,17.6,0
1758252490,17.6,17.6,17.6,17.6,0
1758252495,17.6,17.6,17.6,17.6,0
1758252500,17.6,17.6,17.6,17.6,0
1758252505,17.6,17.6,17.6,17.6,0
1758252510,17.6,17.6,17.6,17.6,0
1758252515,17.6,17.6,17.6,17.6,0
1758252520,17.6,17.6,17.6,17.6,0
1758252525,17.6,17.6,17.6,17.6,0
1758252530,17.6,17.6,17.6,17.6,0
1758252535,17.6,17.6,17.6,17.6,0
1758252540,17.6,17.6,17.6,17.6,0
1758252545,17.6,17.6,17.6,17.6,0
1758252550,17.6,17.6,17.6,17.6,0
1758252555,17.6,17.6,17.6,17.6,0
1758252560,17.6,17.6,17.6,17.6,0
1758252565,17.6,17.6,17.6,17.6,0
1758252570,17.6,17.6,17.6,17.6,0
1758252575,17.6,17.6,17.6,17.6,0
1758252580,17.6,17.6,17.6,17.6,0
1758252585,17.6,17.6,17.6,17.6,0
1758252590,17.6,17.6,17.6,17.6,0
1758252595,17.6,17.6,17.6,17.6,0
1758252600,17.6,17.6,17.6,17.6,0
1758252605,17.6,17.6,17.6,17.6,0
1758252610,17.6,17.6,17.6,17.6,0
1758252615,17.6,17.6,17.6,17.6,0
1758252620,17.6,17.6,17.6,17.6,0
1758252625,17.6,17.6,17.6,17.6,0
1758252630,17.6,17.6,17.6,17.6,0
1758252635,17.6,17.6,17.6,17.6,0
1758252640,17.6,17.6,17.6,17.6,0
1758252645,17.6,17.6,17.6,17.6,0
1758252650,17.6,17.6,17.6,17.6,0
1758252655,17.6,17.6,17.6,17.6,0
1758252660,17.6,17.6,17.6,17.6,0
1758252665,17.6,17.6,17.6,17.6,0
1758252670,17.6,17.6,17.6,17.6,0
1758252675,17.6,17.6,17.6,17.6,0
1758252680,17.6,17.6,17.6,17.6,0
1758252685,17.6,17.6,17.6,17.6,0
1758252690,17.6,17.6,17.6,17.6,0
1758252695,17.6,17.6,17.6,17.6,0
1758252700,17.6,17.6,17.6,17.6,0
1758252705,17.6,17.6,17.6,17.6,0
1758252710,17.6,17.6,17.6,17.6,0
1758252715,17.6,17.6,17.6,17.6,0
1758252720,17.6,17.6,17.6,17.6,0
1758252725,17.6,17.6,17.6,17.6,0
1758252730,17.6,17.6,17.6,17.6,0
1758252735,17.6,17.6,17.6,17.6,0
1758252740,17.6,17.6,17.6,17.6,0
1758252745,17.6,17.6,17.6,17.6,0
1758252750,17.6,17.6,17.6,17.6,0
1758252755,17.6,17.6,17.6,17.6,0
1758252760,17.6,17.6,17.6,17.6,0
1758252765,17.6,17.6,17.6,17.6,0
1758252770,17.6,17.6,17.6,17.6,0
1758252775,17.6,17.6,17.6,17.6,0
1758252780,17.6,17.6,17.6,17.6,0
1758252785,17.6,17.6,17.6,17.6,0
1758252790,17.6,17.6,17.6,17.6,0
1758252795,17.6,17.6,17.6,17.6,0
1758252800,17.6,17.6,17.6,17.6,0
1758252805,17.6,17.6,17.6,17.6,0
1758252810,17.6,17.6,17.6,17.6,0
1758252815,17.6,17.6,17.6,17.6,0
1758252820,17.6,17.6,17.6,17.6,0
1758252825,17.6,17.6,17.6,17.6,0
1758252830,17.6,17.6,17.6,17.6,0
1758252835,17.6,17.6,17.6,17.6,0
1758252840,17.6,17.6,17.6,17.6,0
1758252845,17.6,17.6,17.6,17.6,0
1758252850,17.6,17.6,17.6,17.6,0
1758252855,17.6,17.6,17.6,17.6,0
1758252860,17.6,17.6,17.6,17.6,0
1758252865,17.6,17.6,17.6,17.6,0
1758252870,17.6,17.6,17.6,17.6,0
1758252875,17.6,17.6,17.6,17.6,0
1758252880,17.6,17.6,17.6,17.6,0
1758252885,17.6,17.6,17.6,17.6,0
1758252890,17.6,17.6,17.6,17.6,0
1758252895,17.6,17.6,17.6,17.6,0
1758252900,17.6,17.6,17.6,17.6,0
1758252905,17.6,17.6,17.6,17.6,0
1758252910,17.6,17.6,17.6,17.6,0
1758252915,17.6,17.6,17.6,17.6,0
1758252920,17.6,17.6,17.6,17.6,0
1758252925,17.6,17.6,17.6,17.6,0
1758252930,17.6,17.6,17.6,17.6,0
1758252935,17.6,17.6,17.6,17.6,0
1758252940,17.6,17.6,17.6,17.6,0
1758252945,17.6,17.6,17.6,17.6,0
1758252950,17.6,17.6,17.6,17.6,0
1758252955,17.6,17.6,17.6,17.6,0
1758252960,17.6,17.6,17.6,17.6,0
1758252965,17.6,17.6,17.6,17.6,0
1758252970,17.6,17.6,17.6,17.6,0
1758252975,17.6,17.6,17.6,17.6,0
1758252980,17.6,17.6,17.6,17.6,0
1758252985,17.6,17.6,17.6,17.6,0
1758252990,17.6,17.6,17.6,17.6,0
1758252995,17.6,17.6,17.6,17.6,0
1758253000,17.6,17.6,17.6,17.6,0
1758253005,17.6,17.6,17.6,17.6,0
1758253010,17.6,17.6,17.6,17.6,0
1758253015,17.6,17.6,17.6,17.6,0
1758253020,17.6,17.6,17.6,17.6,0
1758253025,17.6,17.6,17.6,17.6,0
1758253030,17.6,17.6,17.6,17.6,0
1758253035,17.6,17.6,17.6,17.6,0
1758253040,17.6,17.6,17.6,17.6,0
1758253045,17.6,17.6,17.6,17.6,0
1758253050,17.6,17.6,17.6,17.6,0
1758253055,17.6,17.6,17.6,17.6,0
1758253060,17.6,17.6,17.6,17.6,0
1758253065,17.6,17.6,17.6,17.6,0
1758253070,17.6,17.6,17.6,17.6,0
1758253075,17.6,17.6,17.6,17.6,0
1758253080,17.6,17.6,17.6,17.6,0
1758253085,17.6,17.6,17.6,17.6,0
1758253090,17.6,17.6,17.6,17.6,0
1758253095,17.6,17.6,17.6,17.6,0
1758253100,17.6,17.6,17.6,17.6,0
1758253105,17.6,17.6,17.6,17.6,0
1758253110,17.6,17.6,17.6,17.6,0
1758253115,17.6,17.6,17.6,17.6,0
1758253120,17.6,17.6,17.6,17.6,0
1758253125,17.6,17.6,17.6,17.6,0
1758253130,17.6,17.6,17.6,17.6,0
1758253135,17.6,17.6,17.6,17.6,0
1758253140,17.6,17.6,17.6,17.6,0
1758253145,17.6,17.6,17.6,17.6,0
1758253150,17.6,17.6,17.6,17.6,0
1758253155,17.6,17.6,17.6,17.6,0
1758253160,17.6,17.6,17.6,17.6,0
1758253165,17.6,17.6,17.6,17.6,0
1758253170,17.6,17.6,17.6,17.6,0
1758253175,17.6,17.6,17.6,17.6,0
1758253180,17.6,17.6,17.6,17.6,0
1758253185,17.6,17.6,17.6,17.6,0
1758253190,17.6,17.6,17.6,17.6,0
1758253195,17.6,17.6,17.6,17.6,0
1758253200,17.6,17.6,17.6,17.6,0
1758253205,17.6,17.6,17.6,17.6,0
1758253210,17.6,17.6,17.6,17.6,0
1758253215,17.6,17.6,17.6,17.6,0
1758253220,17.6,17.6,17.6,17.6,0
1758253225,17.6,17.6,17.6,17.6,0
1758253230,17.6,17.6,17.6,17.6,0
1758253235,17.6,17.6,17.6,17.6,0
1758253240,17.6,17.6,17.6,17.6,0
1758253245,17.6,17.6,17.6,17.6,0
1758253250,17.6,17.6,17.6,17.6,0
1758253255,17.6,17.6,17.6,17.6,0
1758253260,17.6,17.6,17.6,17.6,0
1758253265,17.6,17.6,17.6,17.6,0
1758253270,17.6,17.6,17.6,17.6,0
1758253275,17.6,17.6,17.6,17.6,0
1758253280,17.6,17.6,17.6,17.6,0
1758253285,17.6,17.6,17.6,17.6,0
1758253290,17.6,17.6,17.6,17.6,0
1758253295,17.6,17.6,17.6,17.6,0
1758253300,17.6,17.6,17.6,17.6,0
1758253305,17.6,17.6,17.6,17.6,0
1758253310,17.6,17.6,17.6,17.6,0
1758253315,17.6,17.6,17.6,17.6,0
1758253320,17.6,17.6,17.6,17.6,0
1758253325,17.6,17.6,17.6,17.6,0
1758253330,17.6,17.6,17.6,17.6,0
1758253335,17.6,17.6,17.6,17.6,0
1758253340,17.6,17.6,17.6,17.6,0
1758253345,17.6,17.6,17.6,17.6,0
1758253350,17.6,17.6,17.6,17.6,0
1758253355,17.6,17.6,17.6,17.6,0
1758253360,17.6,17.6,17.6,17.6,0
1758253365,17.6,17.6,17.6,17.6,0
1758253370,17.6,17.6,17.6,17.6,0
1758253375,17.6,17.6,17.6,17.6,0
1758253380,17.6,17.6,17.6,17.6,0
1758253385,17.6,17.6,17.6,17.6,0
1758253390,17.6,17.6,17.6,17.6,0
1758253395,17.6,17.6,17.6,17.6,0
1758253400,17.6,17.6,17.6,17.6,0
1758253405,17.6,17.6,17.6,17.6,0
1758253410,17.6,17.6,17.6,17.6,0
1758253415,17.6,17.6,17.6,17.6,0
1758253420,17.6,17.6,17.6,17.6,0
1758253425,17.6,17.6,17.6,17.6,0
1758253430,17.6,17.6,17.6,17.6,0
1758253435,17.6,17.6,17.6,17.6,0
1758253440,17.6,17.6,17.6,17.6,0
1758253445,17.6,17.6,17.6,17.6,0
1758253450,17.6,17.6,17.6,17.6,0
1758253455,17.6,17.6,17.6,17.6,0
1758253460,17.6,17.6,17.6,17.6,0
1758253465,17.6,17.6,17.6,17.6,0
1758253470,17.6,17.6,17.6,17.6,0
1758253475,17.6,17.6,17.6,17.6,0
1758253480,17.6,17.6,17.6,17.6,0
1758253485,17.6,17.6,17.6,17.6,0
1758253490,17.6,17.6,17.6,17.6,0
1758253495,17.6,17.6,17.6,17.6,0
1758253500,17.6,17.6,17.6,17.6,0
1758253505,17.6,17.6,17.6,17.6,0
1758253510,17.6,17.6,17.6,17.6,0
1758253515,17.6,17.6,17.6,17.6,0
1758253520,17.6,17.6,17.6,17.6,0
1758253525,17.6,17.6,17.6,17.6,0
1758253530,17.6,17.6,17.6,17.6,0
1758253535,17.6,17.6,17.6,17.6,0
1758253540,17.6,17.6,17.6,17.6,0
1758253545,17.6,17.6,17.6,17.6,0
1758253550,17.6,17.6,17.6,17.6,0
1758253555,17.6,17.6,17.6,17.6,0
1758253560,17.6,17.6,17.6,17.6,0
1758253565,17.6,17.6,17.6,17.6,0
1758253570,17.6,17.6,17.6,17.6,0
1758253575,17.6,17.6,17.6,17.6,0
1758253580,17.6,17.6,17.6,17.6,0
1758253585,17.6,17.6,17.6,17.6,0
1758253590,17.6,17.6,17.6,17.6,0
1758253595,17.6,17.6,17.6,17.6,0
1758253600,17.6,17.6,17.6,17.6,0
1758253605,17.6,17.6,17.6,17.6,0
1758253610,17.6,17.6,17.6,17.6,0
1758253615,17.6,17.6,17.6,17.6,0
1758253620,17.6,17.6,17.6,17.6,0
1758253625,17.6,17.6,17.6,17.6,0
1758253630,17.6,17.6,17.6,17.6,0
1758253635,17.6,17.6,17.6,17.6,0
1758253640,17.6,17.6,17.6,17.6,0
1758253645,17.6,17.6,17.6,17.6,0
1758253650,17.6,17.6,17.6,17.6,0
1758253655,17.6,17.6,17.6,17.6,0
1758253660,17.6,17.6,17.6,17.6,0
1758253665,17.6,17.6,17.6,17.6,0
1758253670,17.6,17.6,17.6,17.6,0
1758253675,17.6,17.6,17.6,17.6,0
1758253680,17.6,17.6,17.6,17.6,0
1758253685,17.6,17.6,17.6,17.6,0
1758253690,17.6,17.6,17.6,17.6,0
1758253695,17.6,17.6,17.6,17.6,0
1758253700,17.6,17.6,17.6,17.6,0
1758253705,17.6,17.6,17.6,17.6,0
1758253710,17.6,17.6,17.6,17.6,0
1758253715,17.6,17.6,17.6,17.6,0
1758253720,17.6,17.6,17.6,17.6,0
1758253725,17.6,17.6,17.6,17.6,0
1758253730,17.6,17.6,17.6,17.6,0
1758253735,17.65,17.65,17.65,17.65,1
1758253740,17.65,17.65,17.65,17.65,0
1758253745,17.65,17.65,17.65,17.65,0
1758253750,17.65,17.65,17.65,17.65,0
1758253755,17.65,17.65,17.65,17.65,0
1758253760,17.65,17.65,17.65,17.65,0
1758253765,17.65,17.65,17.65,17.65,0
1758253770,17.65,17.65,17.65,17.65,0
1758253775,17.65,17.65,17.65,17.65,0
1758253780,17.65,17.65,17.65,17.65,0
1758253785,17.65,17.65,17.65,17.65,0
1758253790,17.65,17.65,17.65,17.65,0
1758253795,17.65,17.65,17.65,17.65,0
1758253800,17.65,17.65,17.65,17.65,0
1758253805,17.65,17.65,17.65,17.65,0
1758253810,17.65,17.65,17.65,17.65,0
1758253815,17.65,17.65,17.65,17.65,0
1758253820,17.65,17.65,17.65,17.65,0
1758253825,17.65,17.65,17.65,17.65,0
1758253830,17.65,17.65,17.65,17.65,0
1758253835,17.65,17.65,17.65,17.65,0
1758253840,17.65,17.65,17.65,17.65,0
1758253845,17.65,17.65,17.65,17.65,0
1758253850,17.65,17.65,17.65,17.65,0
1758253855,17.65,17.65,17.65,17.65,0
1758253860,17.65,17.65,17.65,17.65,0
1758253865,17.65,17.65,17.65,17.65,0
1758253870,17.65,17.65,17.65,17.65,0
1758253875,17.65,17.65,17.65,17.65,0
1758253880,17.65,17.65,17.65,17.65,0
1758253885,17.65,17.65,17.65,17.65,0
1758253890,17.65,17.65,17.65,17.65,0
1758253895,17.65,17.65,17.65,17.65,0
1758253900,17.65,17.65,17.65,17.65,0
1758253905,17.65,17.65,17.65,17.65,0
1758253910,17.65,17.65,17.65,17.65,0
1758253915,17.65,17.65,17.65,17.65,0
1758253920,17.65,17.65,17.65,17.65,0
1758253925,17.65,17.65,17.65,17.65,0
1758253930,17.65,17.65,17.65,17.65,0
1758253935,17.65,17.65,17.65,17.65,0
1758253940,17.65,17.65,17.65,17.65,0
1758253945,17.65,17.65,17.65,17.65,0
1758253950,17.65,17.65,17.65,17.65,0
1758253955,17.65,17.65,17.65,17.65,0
1758253960,17.65,17.65,17.65,17.65,0
1758253965,17.65,17.65,17.65,17.65,0
1758253970,17.65,17.65,17.65,17.65,0
1758253975,17.65,17.65,17.65,17.65,0
1758253980,17.65,17.65,17.65,17.65,0
1758253985,17.65,17.65,17.65,17.65,0
1758253990,17.65,17.65,17.65,17.65,0
1758253995,17.65,17.65,17.65,17.65,0
1758254000,17.65,17.65,17.65,17.65,0
1758254005,17.65,17.65,17.65,17.65,0
1758254010,17.65,17.65,17.65,17.65,0
1758254015,17.65,17.65,17.65,17.65,0
1758254020,17.65,17.65,17.65,17.65,0
1758254025,17.65,17.65,17.65,17.65,0
1758254030,17.65,17.65,17.65,17.65,0
1758254035,17.65,17.65,17.65,17.65,0
1758254040,17.65,17.65,17.65,17.65,0
1758254045,17.65,17.65,17.65,17.65,0
1758254050,17.65,17.65,17.65,17.65,0
1758254055,17.65,17.65,17.65,17.65,1
1758254060,17.65,17.65,17.65,17.65,0
1758254065,17.65,17.65,17.65,17.65,0
1758254070,17.65,17.65,17.65,17.65,0
1758254075,17.65,17.65,17.65,17.65,0
1758254080,17.65,17.65,17.65,17.65,0
1758254085,17.65,17.65,17.65,17.65,0
1758254090,17.65,17.65,17.65,17.65,0
1758254095,17.65,17.65,17.65,17.65,0
1758254100,17.65,17.65,17.65,17.65,0
1758254105,17.65,17.65,17.65,17.65,0
1758254110,17.65,17.65,17.65,17.65,0
1758254115,17.65,17.65,17.65,17.65,0
1758254120,17.65,17.65,17.65,17.65,0
1758254125,17.65,17.65,17.65,17.65,0
1758254130,17.65,17.65,17.65,17.65,0
1758254135,17.65,17.65,17.65,17.65,0
1758254140,17.65,17.65,17.65,17.65,0
1758254145,17.65,17.65,17.65,17.65,0
1758254150,17.65,17.65,17.65,17.65,0
1758254155,17.65,17.65,17.65,17.65,0
1758254160,17.65,17.65,17.65,17.65,0
1758254165,17.65,17.65,17.65,17.65,0
1758254170,17.65,17.65,17.65,17.65,0
1758254175,17.65,17.65,17.65,17.65,0
1758254180,17.65,17.65,17.65,17.65,0
1758254185,17.65,17.65,17.65,17.65,0
1758254190,17.65,17.65,17.65,17.65,0
1758254195,17.65,17.65,17.65,17.65,0
1758254200,17.65,17.65,17.65,17.65,0
1758254205,17.65,17.65,17.65,17.65,0
1758254210,17.65,17.65,17.65,17.65,0
1758254215,17.65,17.65,17.65,17.65,0
1758254220,17.65,17.65,17.65,17.65,0
1758254225,17.65,17.65,17.65,17.65,0
1758254230,17.65,17.65,17.65,17.65,0
1758254235,17.65,17.65,17.65,17.65,0
1758254240,17.65,17.65,17.65,17.65,0
1758254245,17.65,17.65,17.65,17.65,0
1758254250,17.65,17.65,17.65,17.65,0
1758254255,17.65,17.65,17.65,17.65,0
1758254260,17.65,17.65,17.65,17.65,0
1758254265,17.65,17.65,17.65,17.65,0
1758254270,17.65,17.65,17.65,17.65,0
1758254275,17.65,17.65,17.65,17.65,0
1758254280,17.65,17.65,17.65,17.65,0
1758254285,17.65,17.65,17.65,17.65,0
1758254290,17.65,17.65,17.65,17.65,0
1758254295,17.65,17.65,17.65,17.65,0
1758254300,17.65,17.65,17.65,17.65,0
1758254305,17.65,17.65,17.65,17.65,0
1758254310,17.65,17.65,17.65,17.65,0
1758254315,17.65,17.65,17.65,17.65,0
1758254320,17.65,17.65,17.65,17.65,0
1758254325,17.65,17.65,17.65,17.65,0
1758254330,17.65,17.65,17.65,17.65,0
1758254335,17.65,17.65,17.65,17.65,0
1758254340,17.65,17.65,17.65,17.65,0
1758254345,17.65,17.65,17.65,17.65,0
1758254350,17.65,17.65,17.65,17.65,0
1758254355,17.65,17.65,17.65,17.65,0
1758254360,17.65,17.65,17.65,17.65,0
1758254365,17.65,17.65,17.65,17.65,0
1758254370,17.65,17.65,17.65,17.65,0
1758254375,17.65,17.65,17.65,17.65,0
1758254380,17.65,17.65,17.65,17.65,0
1758254385,17.65,17.65,17.65,17.65,0
1758254390,17.65,17.65,17.65,17.65,0
1758254395,17.65,17.65,17.65,17.65,0
1758254400,17.65,17.65,17.65,17.65,0
1758254405,17.65,17.65,17.65,17.65,0
1758254410,17.65,17.65,17.65,17.65,0
1758254415,17.65,17.65,17.65,17.65,0
1758254420,17.65,17.65,17.65,17.65,0
1758254425,17.65,17.65,17.65,17.65,0
1758254430,17.65,17.65,17.65,17.65,0
1758254435,17.65,17.65,17.65,17.65,0
1758254440,17.65,17.65,17.65,17.65,0
1758254445,17.65,17.65,17.65,17.65,0
1758254450,17.65,17.65,17.65,17.65,0
1758254455,17.65,17.65,17.65,17.65,0
1758254460,17.65,17.65,17.65,17.65,0
1758254465,17.65,17.65,17.65,17.65,0
1758254470,17.65,17.65,17.65,17.65,0
1758254475,17.65,17.65,17.65,17.65,0
1758254480,17.65,17.65,17.65,17.65,0
1758254485,17.65,17.65,17.65,17.65,0
1758254490,17.65,17.65,17.65,17.65,0
1758254495,17.65,17.65,17.65,17.65,0
1758254500,17.65,17.65,17.65,17.65,0
1758254505,17.65,17.65,17.65,17.65,0
1758254510,17.65,17.65,17.65,17.65,0
1758254515,17.65,17.65,17.65,17.65,0
1758254520,17.65,17.65,17.65,17.65,0
1758254525,17.65,17.65,17.65,17.65,0
1758254530,17.65,17.65,17.65,17.65,0
1758254535,17.65,17.65,17.65,17.65,0
1758254540,17.65,17.65,17.65,17.65,0
1758254545,17.65,17.65,17.65,17.65,0
1758254550,17.65,17.65,17.65,17.65,0
1758254555,17.65,17.65,17.65,17.65,0
1758254560,17.65,17.65,17.65,17.65,0
1758254565,17.65,17.65,17.65,17.65,0
1758254570,17.65,17.65,17.65,17.65,0
1758254575,17.65,17.65,17.65,17.65,0
1758254580,17.65,17.65,17.65,17.65,0
1758254585,17.65,17.65,17.65,17.65,0
1758254590,17.65,17.65,17.65,17.65,0
1758254595,17.65,17.65,17.65,17.65,0
1758254600,17.65,17.65,17.65,17.65,0
1758254605,17.65,17.65,17.65,17.65,0
1758254610,17.65,17.65,17.65,17.65,0
1758254615,17.65,17.65,17.65,17.65,0
1758254620,17.65,17.65,17.65,17.65,0
1758254625,17.65,17.65,17.65,17.65,0
1758254630,17.65,17.65,17.65,17.65,0
1758254635,17.65,17.65,17.65,17.65,0
1758254640,17.65,17.65,17.65,17.65,0
1758254645,17.65,17.65,17.65,17.65,0
1758254650,17.65,17.65,17.65,17.65,0
1758254655,17.65,17.65,17.65,17.65,0
1758254660,17.65,17.65,17.65,17.65,0
1758254665,17.65,17.65,17.65,17.65,0
1758254670,17.65,17.65,17.65,17.65,0
1758254675,17.65,17.65,17.65,17.65,0
1758254680,17.65,17.65,17.65,17.65,0
1758254685,17.65,17.65,17.65,17.65,0
1758254690,17.65,17.65,17.65,17.65,0
1758254695,17.65,17.65,17.65,17.65,0
1758254700,17.65,17.65,17.65,17.65,0
1758254705,17.65,17.65,17.65,17.65,0
1758254710,17.65,17.65,17.65,17.65,0
1758254715,17.65,17.65,17.65,17.65,0
1758254720,17.65,17.65,17.65,17.65,0
1758254725,17.65,17.65,17.65,17.65,0
1758254730,17.65,17.65,17.65,17.65,0
1758254735,17.65,17.65,17.65,17.65,0
1758254740,17.65,17.65,17.65,17.65,0
1758254745,17.65,17.65,17.65,17.65,0
1758254750,17.65,17.65,17.65,17.65,0
1758254755,17.65,17.65,17.65,17.65,0
1758254760,17.65,17.65,17.65,17.65,0
1758254765,17.65,17.65,17.65,17.65,0
1758254770,17.65,17.65,17.65,17.65,0
1758254775,17.65,17.65,17.65,17.65,0
1758254780,17.65,17.65,17.65,17.65,0
1758254785,17.65,17.65,17.65,17.65,0
1758254790,17.65,17.65,17.65,17.65,0
1758254795,17.65,17.65,17.65,17.65,0
1758254800,17.65,17.65,17.65,17.65,0
1758254805,17.65,17.65,17.65,17.65,0
1758254810,17.65,17.65,17.65,17.65,0
1758254815,17.65,17.65,17.65,17.65,0
1758254820,17.65,17.65,17.65,17.65,0
1758254825,17.65,17.65,17.65,17.65,0
1758254830,17.65,17.65,17.65,17.65,0
1758254835,17.65,17.65,17.65,17.65,0
1758254840,17.65,17.65,17.65,17.65,0
1758254845,17.65,17.65,17.65,17.65,0
1758254850,17.65,17.65,17.65,17.65,0
1758254855,17.65,17.65,17.65,17.65,0
1758254860,17.65,17.65,17.65,17.65,0
1758254865,17.65,17.65,17.65,17.65,0
1758254870,17.65,17.65,17.65,17.65,0
1758254875,17.65,17.65,17.65,17.65,0
1758254880,17.65,17.65,17.65,17.65,0
1758254885,17.65,17.65,17.65,17.65,0
1758254890,17.65,17.65,17.65,17.65,0
1758254895,17.65,17.65,17.65,17.65,0
1758254900,17.65,17.65,17.65,17.65,0
1758254905,17.65,17.65,17.65,17.65,0
1758254910,17.65,17.65,17.65,17.65,0
1758254915,17.65,17.65,17.65,17.65,0
1758254920,17.65,17.65,17.65,17.65,0
1758254925,17.65,17.65,17.65,17.65,0
1758254930,17.65,17.65,17.65,17.65,0
1758254935,17.65,17.65,17.65,17.65,0
1758254940,17.65,17.65,17.65,17.65,0
1758254945,17.65,17.65,17.65,17.65,0
1758254950,17.65,17.65,17.65,17.65,0
1758254955,17.65,17.65,17.65,17.65,0
1758254960,17.65,17.65,17.65,17.65,0
1758254965,17.65,17.65,17.65,17.65,0
1758254970,17.65,17.65,17.65,17.65,0
1758254975,17.65,17.65,17.65,17.65,0
1758254980,17.65,17.65,17.65,17.65,0
1758254985,17.65,17.65,17.65,17.65,0
1758254990,17.65,17.65,17.65,17.65,0
1758254995,17.65,17.65,17.65,17.65,0
1758255000,17.65,17.65,17.65,17.65,0
1758255005,17.65,17.65,17.65,17.65,0
1758255010,17.65,17.65,17.65,17.65,0
1758255015,17.65,17.65,17.65,17.65,0
1758255020,17.65,17.65,17.65,17.65,0
1758255025,17.65,17.65,17.65,17.65,0
1758255030,17.65,17.65,17.65,17.65,0
1758255035,17.65,17.65,17.65,17.65,0
1758255040,17.65,17.65,17.65,17.65,0
1758255045,17.65,17.65,17.65,17.65,0
1758255050,17.65,17.65,17.65,17.65,0
1758255055,17.65,17.65,17.65,17.65,0
1758255060,17.65,17.65,17.65,17.65,0
1758255065,17.65,17.65,17.65,17.65,0
1758255070,17.65,17.65,17.65,17.65,0
1758255075,17.65,17.65,17.65,17.65,0
1758255080,17.65,17.65,17.65,17.65,0
1758255085,17.65,17.65,17.65,17.65,0
1758255090,17.65,17.65,17.65,17.65,0
1758255095,17.65,17.65,17.65,17.65,0
1758255100,17.65,17.65,17.65,17.65,0
1758255105,17.65,17.65,17.65,17.65,0
1758255110,17.65,17.65,17.65,17.65,0
1758255115,17.65,17.65,17.65,17.65,0
1758255120,17.65,17.65,17.65,17.65,0
1758255125,17.65,17.65,17.65,17.65,0
1758255130,17.65,17.65,17.65,17.65,0
1758255135,17.65,17.65,17.65,17.65,0
1758255140,17.65,17.65,17.65,17.65,0
1758255145,17.65,17.65,17.65,17.65,0
1758255150,17.65,17.65,17.65,17.65,0
1758255155,17.65,17.65,17.65,17.65,0
1758255160,17.65,17.65,17.65,17.65,0
1758255165,17.65,17.65,17.65,17.65,0
1758255170,17.65,17.65,17.65,17.65,0
1758255175,17.65,17.65,17.65,17.65,0
1758255180,17.65,17.65,17.65,17.65,0
1758255185,17.65,17.65,17.65,17.65,0
1758255190,17.65,17.65,17.65,17.65,0
1758255195,17.65,17.65,17.65,17.65,0
1758255200,17.65,17.65,17.65,17.65,0
1758255205,17.65,17.65,17.65,17.65,0
1758255210,17.65,17.65,17.65,17.65,0
1758255215,17.65,17.65,17.65,17.65,0
1758255220,17.65,17.65,17.65,17.65,0
1758255225,17.65,17.65,17.65,17.65,0
1758255230,17.65,17.65,17.65,17.65,0
1758255235,17.65,17.65,17.65,17.65,0
1758255240,17.65,17.65,17.65,17.65,0
1758255245,17.65,17.65,17.65,17.65,0
1758255250,17.65,17.65,17.65,17.65,0
1758255255,17.65,17.65,17.65,17.65,0
1758255260,17.65,17.65,17.65,17.65,0
1758255265,17.65,17.65,17.65,17.65,0
1758255270,17.65,17.65,17.65,17.65,0
1758255275,17.65,17.65,17.65,17.65,0
1758255280,17.65,17.65,17.65,17.65,0
1758255285,17.65,17.65,17.65,17.65,0
1758255290,17.65,17.65,17.65,17.65,0
1758255295,17.65,17.65,17.65,17.65,0
1758255300,17.65,17.65,17.65,17.65,0
1758255305,17.65,17.65,17.65,17.65,0
1758255310,17.65,17.65,17.65,17.65,0
1758255315,17.65,17.65,17.65,17.65,0
1758255320,17.65,17.65,17.65,17.65,0
1758255325,17.65,17.65,17.65,17.65,0
1758255330,17.65,17.65,17.65,17.65,0
1758255335,17.65,17.65,17.65,17.65,0
1758255340,17.65,17.65,17.65,17.65,0
1758255345,17.65,17.65,17.65,17.65,0
1758255350,17.65,17.65,17.65,17.65,0
1758255355,17.65,17.65,17.65,17.65,0
1758255360,17.65,17.65,17.65,17.65,0
1758255365,17.65,17.65,17.65,17.65,0
1758255370,17.65,17.65,17.65,17.65,0
1758255375,17.65,17.65,17.65,17.65,0
1758255380,17.65,17.65,17.65,17.65,0
1758255385,17.65,17.65,17.65,17.65,0
1758255390,17.65,17.65,17.65,17.65,0
1758255395,17.65,17.65,17.65,17.65,0
1758255400,17.65,17.65,17.65,17.65,0
1758255405,17.65,17.65,17.65,17.65,0
1758255410,17.65,17.65,17.65,17.65,0
1758255415,17.65,17.65,17.65,17.65,0
1758255420,17.65,17.65,17.65,17.65,0
1758255425,17.65,17.65,17.65,17.65,0
1758255430,17.65,17.65,17.65,17.65,0
1758255435,17.65,17.65,17.65,17.65,0
1758255440,17.65,17.65,17.65,17.65,0
1758255445,17.65,17.65,17.65,17.65,0
1758255450,17.65,17.65,17.65,17.65,0
1758255455,17.65,17.65,17.65,17.65,0
1758255460,17.65,17.65,17.65,17.65,0
1758255465,17.65,17.65,17.65,17.65,0
1758255470,17.65,17.65,17.65,17.65,0
1758255475,17.65,17.65,17.65,17.65,0
1758255480,17.65,17.65,17.65,17.65,0
1758255485,17.65,17.65,17.65,17.65,0
1758255490,17.65,17.65,17.65,17.65,0
1758255495,17.65,17.65,17.65,17.65,0
1758255500,17.65,17.65,17.65,17.65,0
1758255505,17.65,17.65,17.65,17.65,0
1758255510,17.65,17.65,17.65,17.65,0
1758255515,17.65,17.65,17.65,17.65,0
1758255520,17.65,17.65,17.65,17.65,0
1758255525,17.65,17.65,17.65,17.65,0
1758255530,17.65,17.65,17.65,17.65,0
1758255535,17.65,17.65,17.65,17.65,0
1758255540,17.65,17.65,17.65,17.65,0
1758255545,17.65,17.65,17.65,17.65,0
1758255550,17.65,17.65,17.65,17.65,0
1758255555,17.65,17.65,17.65,17.65,0
1758255560,17.65,17.65,17.65,17.65,0
1758255565,17.65,17.65,17.65,17.65,0
1758255570,17.65,17.65,17.65,17.65,0
1758255575,17.65,17.65,17.65,17.65,0
1758255580,17.65,17.65,17.65,17.65,0
1758255585,17.65,17.65,17.65,17.65,0
1758255590,17.65,17.65,17.65,17.65,0
1758255595,17.65,17.65,17.65,17.65,0
1758255600,17.65,17.65,17.65,17.65,0
1758255605,17.65,17.65,17.65,17.65,0
1758255610,17.65,17.65,17.65,17.65,0
1758255615,17.65,17.65,17.65,17.65,0
1758255620,17.65,17.65,17.65,17.65,0
1758255625,17.65,17.65,17.65,17.65,0
1758255630,17.65,17.65,17.65,17.65,0
1758255635,17.65,17.65,17.65,17.65,0
1758255640,17.65,17.65,17.65,17.65,0
1758255645,17.65,17.65,17.65,17.65,0
1758255650,17.65,17.65,17.65,17.65,0
1758255655,17.65,17.65,17.65,17.65,0
1758255660,17.65,17.65,17.65,17.65,0
1758255665,17.65,17.65,17.65,17.65,0
1758255670,17.65,17.65,17.65,17.65,0
1758255675,17.65,17.65,17.65,17.65,0
1758255680,17.65,17.65,17.65,17.65,0
1758255685,17.65,17.65,17.65,17.65,0
1758255690,17.65,17.65,17.65,17.65,0
1758255695,17.65,17.65,17.65,17.65,0
1758255700,17.65,17.65,17.65,17.65,0
1758255705,17.65,17.65,17.65,17.65,0
1758255710,17.65,17.65,17.65,17.65,0
1758255715,17.65,17.65,17.65,17.65,0
1758255720,17.65,17.65,17.65,17.65,0
1758255725,17.65,17.65,17.65,17.65,0
1758255730,17.65,17.65,17.65,17.65,0
1758255735,17.65,17.65,17.65,17.65,0
1758255740,17.65,17.65,17.65,17.65,0
1758255745,17.65,17.65,17.65,17.65,0
1758255750,17.65,17.65,17.65,17.65,0
1758255755,17.65,17.65,17.65,17.65,0
1758255760,17.65,17.65,17.65,17.65,0
1758255765,17.65,17.65,17.65,17.65,0
1758255770,17.65,17.65,17.65,17.65,0
1758255775,17.65,17.65,17.65,17.65,0
1758255780,17.65,17.65,17.65,17.65,0
1758255785,17.65,17.65,17.65,17.65,0
1758255790,17.65,17.65,17.65,17.65,0
1758255795,17.65,17.65,17.65,17.65,0
1758255800,17.65,17.65,17.65,17.65,0
1758255805,17.65,17.65,17.65,17.65,0
1758255810,17.65,17.65,17.65,17.65,0
1758255815,17.65,17.65,17.65,17.65,0
1758255820,17.65,17.65,17.65,17.65,0
1758255825,17.65,17.65,17.65,17.65,0
1758255830,17.65,17.65,17.65,17.65,0
1758255835,17.65,17.65,17.65,17.65,0
1758255840,17.65,17.65,17.65,17.65,0
1758255845,17.65,17.65,17.65,17.65,0
1758255850,17.65,17.65,17.65,17.65,0
1758255855,17.65,17.65,17.65,17.65,0
1758255860,17.65,17.65,17.65,17.65,0
1758255865,17.65,17.65,17.65,17.65,0
1758255870,17.65,17.65,17.65,17.65,0
1758255875,17.65,17.65,17.65,17.65,0
1758255880,17.65,17.65,17.65,17.65,0
1758255885,17.65,17.65,17.65,17.65,0
1758255890,17.65,17.65,17.65,17.65,0
1758255895,17.65,17.65,17.65,17.65,0
1758255900,17.65,17.65,17.65,17.65,0
1758255905,17.65,17.65,17.65,17.65,0
1758255910,17.65,17.65,17.65,17.65,0
1758255915,17.65,17.65,17.65,17.65,0
1758255920,17.65,17.65,17.65,17.65,0
1758255925,17.65,17.65,17.65,17.65,0
1758255930,17.65,17.65,17.65,17.65,0
1758255935,17.65,17.65,17.65,17.65,0
1758255940,17.65,17.65,17.65,17.65,0
1758255945,17.65,17.65,17.65,17.65,0
1758255950,17.65,17.65,17.65,17.65,0
1758255955,17.65,17.65,17.65,17.65,0
1758255960,17.65,17.65,17.65,17.65,0
1758255965,17.65,17.65,17.65,17.65,0
1758255970,17.65,17.65,17.65,17.65,0
1758255975,17.65,17.65,17.65,17.65,0
1758255980,17.65,17.65,17.65,17.65,0
1758255985,17.65,17.65,17.65,17.65,0
1758255990,17.65,17.65,17.65,17.65,0
1758255995,17.65,17.65,17.65,17.65,0
1758256000,17.65,17.65,17.65,17.65,0
1758256005,17.65,17.65,17.65,17.65,0
1758256010,17.65,17.65,17.65,17.65,0
1758256015,17.65,17.65,17.65,17.65,0
1758256020,17.65,17.65,17.65,17.65,0
1758256025,17.65,17.65,17.65,17.65,0
1758256030,17.65,17.65,17.65,17.65,0
1758256035,17.65,17.65,17.65,17.65,0
1758256040,17.65,17.65,17.65,17.65,0
1758256045,17.65,17.65,17.65,17.65,0
1758256050,17.65,17.65,17.65,17.65,0
1758256055,17.65,17.65,17.65,17.65,0
1758256060,17.65,17.65,17.65,17.65,0
1758256065,17.65,17.65,17.65,17.65,0
1758256070,17.65,17.65,17.65,17.65,0
1758256075,17.65,17.65,17.65,17.65,0
1758256080,17.65,17.65,17.65,17.65,0
1758256085,17.65,17.65,17.65,17.65,0
1758256090,17.65,17.65,17.65,17.65,0
1758256095,17.65,17.65,17.65,17.65,0
1758256100,17.65,17.65,17.65,17.65,0
1758256105,17.65,17.65,17.65,17.65,0
1758256110,17.65,17.65,17.65,17.65,0
1758256115,17.65,17.65,17.65,17.65,0
1758256120,17.65,17.65,17.65,17.65,0
1758256125,17.65,17.65,17.65,17.65,0
1758256130,17.65,17.65,17.65,17.65,0
1758256135,17.65,17.65,17.65,17.65,0
1758256140,17.65,17.65,17.65,17.65,0
1758256145,17.65,17.65,17.65,17.65,0
1758256150,17.65,17.65,17.65,17.65,0
1758256155,17.65,17.65,17.65,17.65,0
1758256160,17.65,17.65,17.65,17.65,0
1758256165,17.65,17.65,17.65,17.65,0
1758256170,17.65,17.65,17.65,17.65,0
1758256175,17.65,17.65,17.65,17.65,0
1758256180,17.65,17.65,17.65,17.65,0
1758256185,17.65,17.65,17.65,17.65,0
1758256190,17.65,17.65,17.65,17.65,0
1758256195,17.65,17.65,17.65,17.65,0
1758256200,17.65,17.65,17.65,17.65,0
1758256205,17.65,17.65,17.65,17.65,0
1758256210,17.65,17.65,17.65,17.65,0
1758256215,17.65,17.65,17.65,17.65,0
1758256220,17.65,17.65,17.65,17.65,0
1758256225,17.65,17.65,17.65,17.65,0
1758256230,17.65,17.65,17.65,17.65,0
1758256235,17.65,17.65,17.65,17.65,0
1758256240,17.65,17.65,17.65,17.65,0
1758256245,17.65,17.65,17.65,17.65,0
1758256250,17.65,17.65,17.65,17.65,0
1758256255,17.65,17.65,17.65,17.65,0
1758256260,17.65,17.65,17.65,17.65,0
1758256265,17.65,17.65,17.65,17.65,0
1758256270,17.65,17.65,17.65,17.65,0
1758256275,17.65,17.65,17.65,17.65,0
1758256280,17.65,17.65,17.65,17.65,0
1758256285,17.65,17.65,17.65,17.65,0
1758256290,17.65,17.65,17.65,17.65,0
1758256295,17.65,17.65,17.65,17.65,0
1758256300,17.65,17.65,17.65,17.65,0
1758256305,17.65,17.65,17.65,17.65,0
1758256310,17.65,17.65,17.65,17.65,0
1758256315,17.65,17.65,17.65,17.65,0
1758256320,17.65,17.65,17.65,17.65,0
1758256325,17.65,17.65,17.65,17.65,0
1758256330,17.65,17.65,17.65,17.65,0
1758256335,17.65,17.65,17.65,17.65,0
1758256340,17.65,17.65,17.65,17.65,0
1758256345,17.65,17.65,17.65,17.65,0
1758256350,17.65,17.65,17.65,17.65,0
1758256355,17.65,17.65,17.65,17.65,0
1758256360,17.65,17.65,17.65,17.65,0
1758256365,17.65,17.65,17.65,17.65,0
1758256370,17.65,17.65,17.65,17.65,0
1758256375,17.65,17.65,17.65,17.65,0
1758256380,17.65,17.65,17.65,17.65,0
1758256385,17.65,17.65,17.65,17.65,0
1758256390,17.65,17.65,17.65,17.65,0
1758256395,17.65,17.65,17.65,17.65,0
1758256400,17.65,17.65,17.65,17.65,0
1758256405,17.65,17.65,17.65,17.65,0
1758256410,17.65,17.65,17.65,17.65,0
1758256415,17.65,17.65,17.65,17.65,0
1758256420,17.65,17.65,17.65,17.65,0
1758256425,17.65,17.65,17.65,17.65,0
1758256430,17.65,17.65,17.65,17.65,0
1758256435,17.65,17.65,17.65,17.65,0
1758256440,17.65,17.65,17.65,17.65,0
1758256445,17.65,17.65,17.65,17.65,0
1758256450,17.65,17.65,17.65,17.65,0
1758256455,17.65,17.65,17.65,17.65,0
1758256460,17.65,17.65,17.65,17.65,0
1758256465,17.65,17.65,17.65,17.65,0
1758256470,17.65,17.65,17.65,17.65,0
1758256475,17.65,17.65,17.65,17.65,0
1758256480,17.65,17.65,17.65,17.65,0
1758256485,17.65,17.65,17.65,17.65,0
1758256490,17.65,17.65,17.65,17.65,0
1758256495,17.65,17.65,17.65,17.65,0
1758256500,17.65,17.65,17.65,17.65,0
1758256505,17.65,17.65,17.65,17.65,0
1758256510,17.65,17.65,17.65,17.65,0
1758256515,17.65,17.65,17.65,17.65,0
1758256520,17.65,17.65,17.65,17.65,0
1758256525,17.65,17.65,17.65,17.65,0
1758256530,17.65,17.65,17.65,17.65,0
1758256535,17.65,17.65,17.65,17.65,0
1758256540,17.65,17.65,17.65,17.65,0
1758256545,17.65,17.65,17.65,17.65,0
1758256550,17.65,17.65,17.65,17.65,0
1758256555,17.65,17.65,17.65,17.65,0
1758256560,17.65,17.65,17.65,17.65,0
1758256565,17.65,17.65,17.65,17.65,0
1758256570,17.65,17.65,17.65,17.65,0
1758256575,17.65,17.65,17.65,17.65,0
1758256580,17.65,17.65,17.65,17.65,0
1758256585,17.65,17.65,17.65,17.65,0
1758256590,17.65,17.65,17.65,17.65,0
1758256595,17.65,17.65,17.65,17.65,0
1758256600,17.65,17.65,17.65,17.65,1
1758256605,17.65,17.65,17.65,17.65,0
1758256610,17.65,17.65,17.65,17.65,0
1758256615,17.65,17.65,17.65,17.65,0
1758256620,17.65,17.65,17.65,17.65,0
1758256625,17.65,17.65,17.65,17.65,0
1758256630,17.65,17.65,17.65,17.65,0
1758256635,17.65,17.65,17.65,17.65,0
1758256640,17.65,17.65,17.65,17.65,0
1758256645,17.65,17.65,17.65,17.65,0
1758256650,17.65,17.65,17.65,17.65,0
1758256655,17.65,17.65,17.65,17.65,0
1758256660,17.65,17.65,17.65,17.65,0
1758256665,17.65,17.65,17.65,17.65,0
1758256670,17.65,17.65,17.65,17.65,0
1758256675,17.65,17.65,17.65,17.65,0
1758256680,17.65,17.65,17.65,17.65,0
1758256685,17.65,17.65,17.65,17.65,0
1758256690,17.65,17.65,17.65,17.65,0
1758256695,17.65,17.65,17.65,17.65,0
1758256700,17.65,17.65,17.65,17.65,0
1758256705,17.65,17.65,17.65,17.65,0
1758256710,17.65,17.65,17.65,17.65,0
1758256715,17.65,17.65,17.65,17.65,0
1758256720,17.65,17.65,17.65,17.65,0
1758256725,17.65,17.65,17.65,17.65,0
1758256730,17.65,17.65,17.65,17.65,0
1758256735,17.65,17.65,17.65,17.65,0
1758256740,17.65,17.65,17.65,17.65,0
1758256745,17.65,17.65,17.65,17.65,0
1758256750,17.65,17.65,17.65,17.65,0
1758256755,17.65,17.65,17.65,17.65,0
1758256760,17.65,17.65,17.65,17.65,0
1758256765,17.65,17.65,17.65,17.65,0
1758256770,17.65,17.65,17.65,17.65,0
1758256775,17.64,17.64,17.64,17.64,1
1758256780,17.64,17.64,17.64,17.64,0
1758256785,17.64,17.64,17.64,17.64,0
1758256790,17.64,17.64,17.64,17.64,0
1758256795,17.64,17.64,17.64,17.64,0
1758256800,17.64,17.64,17.64,17.64,0
1758256805,17.64,17.64,17.64,17.64,0
1758256810,17.64,17.64,17.64,17.64,0
1758256815,17.64,17.64,17.64,17.64,0
1758256820,17.64,17.64,17.64,17.64,0
1758256825,17.64,17.64,17.64,17.64,0
1758256830,17.64,17.64,17.64,17.64,0
1758256835,17.64,17.64,17.64,17.64,0
1758256840,17.64,17.64,17.64,17.64,0
1758256845,17.64,17.64,17.64,17.64,0
1758256850,17.64,17.64,17.64,17.64,0
1758256855,17.64,17.64,17.64,17.64,0
1758256860,17.64,17.64,17.64,17.64,0
1758256865,17.64,17.64,17.64,17.64,0
1758256870,17.64,17.64,17.64,17.64,0
1758256875,17.64,17.64,17.64,17.64,0
1758256880,17.64,17.64,17.64,17.64,0
1758256885,17.64,17.64,17.64,17.64,0
1758256890,17.64,17.64,17.64,17.64,0
1758256895,17.64,17.64,17.64,17.64,0
1758256900,17.64,17.64,17.64,17.64,0
1758256905,17.64,17.64,17.64,17.64,0
1758256910,17.64,17.64,17.64,17.64,0
1758256915,17.64,17.64,17.64,17.64,0
1758256920,17.64,17.64,17.64,17.64,0
1758256925,17.64,17.64,17.64,17.64,0
1758256930,17.64,17.64,17.64,17.64,0
1758256935,17.64,17.64,17.64,17.64,0
1758256940,17.64,17.64,17.64,17.64,0
1758256945,17.64,17.64,17.64,17.64,0
1758256950,17.64,17.64,17.64,17.64,0
1758256955,17.64,17.64,17.64,17.64,0
1758256960,17.64,17.64,17.64,17.64,0
1758256965,17.64,17.64,17.64,17.64,0
1758256970,17.64,17.64,17.64,17.64,0
1758256975,17.64,17.64,17.64,17.64,0
1758256980,17.64,17.64,17.64,17.64,0
1758256985,17.64,17.64,17.64,17.64,0
1758256990,17.64,17.64,17.64,17.64,0
1758256995,17.64,17.64,17.64,17.64,0
1758257000,17.64,17.64,17.64,17.64,0
1758257005,17.64,17.64,17.64,17.64,0
1758257010,17.64,17.64,17.64,17.64,0
1758257015,17.64,17.64,17.64,17.64,0
1758257020,17.64,17.64,17.64,17.64,0
1758257025,17.64,17.64,17.64,17.64,0
1758257030,17.64,17.64,17.64,17.64,0
1758257035,17.64,17.64,17.64,17.64,0
1758257040,17.64,17.64,17.64,17.64,0
1758257045,17.64,17.64,17.64,17.64,0
1758257050,17.64,17.64,17.64,17.64,0
1758257055,17.64,17.64,17.64,17.64,0
1758257060,17.64,17.64,17.64,17.64,0
1758257065,17.64,17.64,17.64,17.64,0
1758257070,17.64,17.64,17.64,17.64,0
1758257075,17.64,17.64,17.64,17.64,0
1758257080,17.64,17.64,17.64,17.64,0
1758257085,17.64,17.64,17.64,17.64,0
1758257090,17.64,17.64,17.64,17.64,0
1758257095,17.64,17.64,17.64,17.64,0
1758257100,17.64,17.64,17.64,17.64,0
1758257105,17.64,17.64,17.64,17.64,0
1758257110,17.64,17.64,17.64,17.64,0
1758257115,17.64,17.64,17.64,17.64,0
1758257120,17.64,17.64,17.64,17.64,0
1758257125,17.64,17.64,17.64,17.64,0
1758257130,17.64,17.64,17.64,17.64,0
1758257135,17.64,17.64,17.64,17.64,0
1758257140,17.64,17.64,17.64,17.64,0
1758257145,17.64,17.64,17.64,17.64,0
1758257150,17.64,17.64,17.64,17.64,0
1758257155,17.64,17.64,17.64,17.64,0
1758257160,17.64,17.64,17.64,17.64,0
1758257165,17.64,17.64,17.64,17.64,0
1758257170,17.64,17.64,17.64,17.64,0
1758257175,17.64,17.64,17.64,17.64,0
1758257180,17.64,17.64,17.64,17.64,0
1758257185,17.64,17.64,17.64,17.64,0
1758257190,17.64,17.64,17.64,17.64,0
1758257195,17.64,17.64,17.64,17.64,0
1758257200,17.64,17.64,17.64,17.64,0
1758257205,17.64,17.64,17.64,17.64,0
1758257210,17.64,17.64,17.64,17.64,0
1758257215,17.64,17.64,17.64,17.64,0
1758257220,17.64,17.64,17.64,17.64,0
1758257225,17.64,17.64,17.64,17.64,0
1758257230,17.64,17.64,17.64,17.64,0
1758257235,17.64,17.64,17.64,17.64,0
1758257240,17.64,17.64,17.64,17.64,0
1758257245,17.64,17.64,17.64,17.64,0
1758257250,17.64,17.64,17.64,17.64,0
1758257255,17.64,17.64,17.64,17.64,0
1758257260,17.64,17.64,17.64,17.64,0
1758257265,17.64,17.64,17.64,17.64,0
1758257270,17.64,17.64,17.64,17.64,0
1758257275,17.64,17.64,17.64,17.64,0
1758257280,17.64,17.64,17.64,17.64,0
1758257285,17.64,17.64,17.64,17.64,0
1758257290,17.64,17.64,17.64,17.64,0
1758257295,17.64,17.64,17.64,17.64,0
1758257300,17.64,17.64,17.64,17.64,0
1758257305,17.64,17.64,17.64,17.64,0
1758257310,17.64,17.64,17.64,17.64,0
1758257315,17.64,17.64,17.64,17.64,0
1758257320,17.64,17.64,17.64,17.64,0
1758257325,17.64,17.64,17.64,17.64,0
1758257330,17.64,17.64,17.64,17.64,0
1758257335,17.64,17.64,17.64,17.64,0
1758257340,17.64,17.64,17.64,17.64,0
1758257345,17.64,17.64,17.64,17.64,0
1758257350,17.64,17.64,17.64,17.64,0
1758257355,17.64,17.64,17.64,17.64,0
1758257360,17.64,17.64,17.64,17.64,0
1758257365,17.64,17.64,17.64,17.64,0
1758257370,17.64,17.64,17.64,17.64,0
1758257375,17.64,17.64,17.64,17.64,0
1758257380,17.64,17.64,17.64,17.64,0
1758257385,17.64,17.64,17.64,17.64,0
1758257390,17.64,17.64,17.64,17.64,0
1758257395,17.64,17.64,17.64,17.64,0
1758257400,17.64,17.64,17.64,17.64,0
1758257405,17.64,17.64,17.64,17.64,0
1758257410,17.64,17.64,17.64,17.64,0
1758257415,17.64,17.64,17.64,17.64,0
1758257420,17.64,17.64,17.64,17.64,0
1758257425,17.64,17.64,17.64,17.64,0
1758257430,17.64,17.64,17.64,17.64,0
1758257435,17.64,17.64,17.64,17.64,0
1758257440,17.64,17.64,17.64,17.64,0
1758257445,17.64,17.64,17.64,17.64,0
1758257450,17.64,17.64,17.64,17.64,0
1758257455,17.64,17.64,17.64,17.64,0
1758257460,17.64,17.64,17.64,17.64,0
1758257465,17.64,17.64,17.64,17.64,0
1758257470,17.64,17.64,17.64,17.64,0
1758257475,17.64,17.64,17.64,17.64,0
1758257480,17.64,17.64,17.64,17.64,0
1758257485,17.64,17.64,17.64,17.64,0
1758257490,17.64,17.64,17.64,17.64,0
1758257495,17.64,17.64,17.64,17.64,0
1758257500,17.64,17.64,17.64,17.64,0
1758257505,17.64,17.64,17.64,17.64,0
1758257510,17.64,17.64,17.64,17.64,0
1758257515,17.64,17.64,17.64,17.64,0
1758257520,17.64,17.64,17.64,17.64,0
1758257525,17.64,17.64,17.64,17.64,0
1758257530,17.64,17.64,17.64,17.64,0
1758257535,17.64,17.64,17.64,17.64,0
1758257540,17.64,17.64,17.64,17.64,0
1758257545,17.64,17.64,17.64,17.64,0
1758257550,17.64,17.64,17.64,17.64,0
1758257555,17.64,17.64,17.64,17.64,0
1758257560,17.64,17.64,17.64,17.64,0
1758257565,17.64,17.64,17.64,17.64,0
1758257570,17.64,17.64,17.64,17.64,0
1758257575,17.64,17.64,17.64,17.64,0
1758257580,17.64,17.64,17.64,17.64,0
1758257585,17.64,17.64,17.64,17.64,0
1758257590,17.64,17.64,17.64,17.64,0
1758257595,17.64,17.64,17.64,17.64,0
1758257600,17.64,17.64,17.64,17.64,0
1758257605,17.64,17.64,17.64,17.64,0
1758257610,17.64,17.64,17.64,17.64,0
1758257615,17.64,17.64,17.64,17.64,0
1758257620,17.64,17.64,17.64,17.64,0
1758257625,17.64,17.64,17.64,17.64,0
1758257630,17.64,17.64,17.64,17.64,0
1758257635,17.64,17.64,17.64,17.64,0
1758257640,17.64,17.64,17.64,17.64,0
1758257645,17.64,17.64,17.64,17.64,0
1758257650,17.64,17.64,17.64,17.64,0
1758257655,17.64,17.64,17.64,17.64,0
1758257660,17.64,17.64,17.64,17.64,0
1758257665,17.64,17.64,17.64,17.64,0
1758257670,17.64,17.64,17.64,17.64,0
1758257675,17.64,17.64,17.64,17.64,0
1758257680,17.64,17.64,17.64,17.64,0
1758257685,17.64,17.64,17.64,17.64,0
1758257690,17.64,17.64,17.64,17.64,0
1758257695,17.64,17.64,17.64,17.64,0
1758257700,17.64,17.64,17.64,17.64,0
1758257705,17.64,17.64,17.64,17.64,0
1758257710,17.64,17.64,17.64,17.64,0
1758257715,17.64,17.64,17.64,17.64,0
1758257720,17.64,17.64,17.64,17.64,0
1758257725,17.64,17.64,17.64,17.64,0
1758257730,17.64,17.64,17.64,17.64,0
1758257735,17.64,17.64,17.64,17.64,0
1758257740,17.64,17.64,17.64,17.64,0
1758257745,17.64,17.64,17.64,17.64,0
1758257750,17.64,17.64,17.64,17.64,0
1758257755,17.64,17.64,17.64,17.64,0
1758257760,17.64,17.64,17.64,17.64,0
1758257765,17.64,17.64,17.64,17.64,0
1758257770,17.64,17.64,17.64,17.64,0
1758257775,17.64,17.64,17.64,17.64,0
1758257780,17.64,17.64,17.64,17.64,0
1758257785,17.64,17.64,17.64,17.64,0
1758257790,17.64,17.64,17.64,17.64,0
1758257795,17.64,17.64,17.64,17.64,0
1758257800,17.64,17.64,17.64,17.64,1
1758257805,17.64,17.64,17.64,17.64,0
1758257810,17.64,17.64,17.64,17.64,0
1758257815,17.64,17.64,17.64,17.64,0
1758257820,17.64,17.64,17.64,17.64,0
1758257825,17.64,17.64,17.64,17.64,0
1758257830,17.64,17.64,17.64,17.64,0
1758257835,17.64,17.64,17.64,17.64,0
1758257840,17.64,17.64,17.64,17.64,0
1758257845,17.64,17.64,17.64,17.64,0
1758257850,17.64,17.64,17.64,17.64,0
1758257855,17.64,17.64,17.64,17.64,0
1758257860,17.64,17.64,17.64,17.64,0
1758257865,17.64,17.64,17.64,17.64,0
1758257870,17.64,17.64,17.64,17.64,0
1758257875,17.64,17.64,17.64,17.64,0
1758257880,17.64,17.64,17.64,17.64,0
1758257885,17.64,17.64,17.64,17.64,0
1758257890,17.64,17.64,17.64,17.64,0
1758257895,17.64,17.64,17.64,17.64,0
1758257900,17.64,17.64,17.64,17.64,0
1758257905,17.64,17.64,17.64,17.64,0
1758257910,17.64,17.64,17.64,17.64,0
1758257915,17.64,17.64,17.64,17.64,0
1758257920,17.64,17.64,17.64,17.64,0
1758257925,17.64,17.64,17.64,17.64,0
1758257930,17.64,17.64,17.64,17.64,0
1758257935,17.64,17.64,17.64,17.64,0
1758257940,17.64,17.64,17.64,17.64,0
1758257945,17.64,17.64,17.64,17.64,0
1758257950,17.64,17.64,17.64,17.64,0
1758257955,17.64,17.64,17.64,17.64,0
1758257960,17.64,17.64,17.64,17.64,2
1758257965,17.64,17.64,17.64,17.64,0
1758257970,17.64,17.64,17.64,17.64,0
1758257975,17.64,17.64,17.64,17.64,0
1758257980,17.64,17.64,17.64,17.64,0
1758257985,17.64,17.64,17.64,17.64,0
1758257990,17.64,17.64,17.64,17.64,0
1758257995,17.64,17.64,17.64,17.64,0
1758258000,17.64,17.64,17.64,17.64,0
1758258005,17.64,17.64,17.64,17.64,0
1758258010,17.64,17.64,17.64,17.64,0
1758258015,17.64,17.64,17.64,17.64,0
1758258020,17.64,17.64,17.64,17.64,0
1758258025,17.64,17.64,17.64,17.64,0
1758258030,17.64,17.64,17.64,17.64,0
1758258035,17.64,17.64,17.64,17.64,0
1758258040,17.64,17.64,17.64,17.64,0
1758258045,17.64,17.64,17.64,17.64,0
1758258050,17.64,17.64,17.64,17.64,0
1758258055,17.64,17.64,17.64,17.64,0
1758258060,17.64,17.64,17.64,17.64,0
1758258065,17.64,17.64,17.64,17.64,0
1758258070,17.64,17.64,17.64,17.64,0
1758258075,17.64,17.64,17.64,17.64,0
1758258080,17.64,17.64,17.64,17.64,0
1758258085,17.64,17.64,17.64,17.64,0
1758258090,17.64,17.64,17.64,17.64,0
1758258095,17.64,17.64,17.64,17.64,0
1758258100,17.64,17.64,17.64,17.64,0
1758258105,17.64,17.64,17.64,17.64,0
1758258110,17.64,17.64,17.64,17.64,0
1758258115,17.64,17.64,17.64,17.64,0
1758258120,17.64,17.64,17.64,17.64,0
1758258125,17.64,17.64,17.64,17.64,0
1758258130,17.64,17.64,17.64,17.64,0
1758258135,17.64,17.64,17.64,17.64,0
1758258140,17.64,17.64,17.64,17.64,0
1758258145,17.64,17.64,17.64,17.64,0
1758258150,17.64,17.64,17.64,17.64,0
1758258155,17.64,17.64,17.64,17.64,0
1758258160,17.64,17.64,17.64,17.64,0
1758258165,17.64,17.64,17.64,17.64,0
1758258170,17.64,17.64,17.64,17.64,0
1758258175,17.64,17.64,17.64,17.64,0
1758258180,17.64,17.64,17.64,17.64,0
1758258185,17.64,17.64,17.64,17.64,0
1758258190,17.64,17.64,17.64,17.64,0
1758258195,17.64,17.64,17.64,17.64,0
1758258200,17.64,17.64,17.64,17.64,0
1758258205,17.64,17.64,17.64,17.64,0
1758258210,17.64,17.64,17.64,17.64,0
1758258215,17.64,17.64,17.64,17.64,0
1758258220,17.64,17.64,17.64,17.64,0
1758258225,17.64,17.64,17.64,17.64,0
1758258230,17.64,17.64,17.64,17.64,0
1758258235,17.64,17.64,17.64,17.64,0
1758258240,17.64,17.64,17.64,17.64,0
1758258245,17.64,17.64,17.64,17.64,0
1758258250,17.64,17.64,17.64,17.64,0
1758258255,17.64,17.64,17.64,17.64,0
1758258260,17.64,17.64,17.64,17.64,0
1758258265,17.64,17.64,17.64,17.64,0
1758258270,17.64,17.64,17.64,17.64,0
1758258275,17.64,17.64,17.64,17.64,0
1758258280,17.64,17.64,17.64,17.64,0
1758258285,17.64,17.64,17.64,17.64,0
1758258290,17.64,17.64,17.64,17.64,0
1758258295,17.64,17.64,17.64,17.64,0
1758258300,17.64,17.64,17.64,17.64,0
1758258305,17.64,17.64,17.64,17.64,0
1758258310,17.64,17.64,17.64,17.64,0
1758258315,17.64,17.64,17.64,17.64,0
1758258320,17.64,17.64,17.64,17.64,0
1758258325,17.64,17.64,17.64,17.64,0
1758258330,17.64,17.64,17.64,17.64,0
1758258335,17.64,17.64,17.64,17.64,0
1758258340,17.64,17.64,17.64,17.64,0
1758258345,17.64,17.64,17.64,17.64,0
1758258350,17.64,17.64,17.64,17.64,0
1758258355,17.64,17.64,17.64,17.64,0
1758258360,17.64,17.64,17.64,17.64,0
1758258365,17.64,17.64,17.64,17.64,0
1758258370,17.64,17.64,17.64,17.64,0
1758258375,17.64,17.64,17.64,17.64,0
1758258380,17.64,17.64,17.64,17.64,0
1758258385,17.64,17.64,17.64,17.64,0
1758258390,17.64,17.64,17.64,17.64,0
1758258395,17.64,17.64,17.64,17.64,0
1758258400,17.64,17.64,17.64,17.64,0
1758258405,17.64,17.64,17.64,17.64,0
1758258410,17.64,17.64,17.64,17.64,0
1758258415,17.64,17.64,17.64,17.64,0
1758258420,17.64,17.64,17.64,17.64,0
1758258425,17.64,17.64,17.64,17.64,0
1758258430,17.64,17.64,17.64,17.64,0
1758258435,17.64,17.64,17.64,17.64,0
1758258440,17.64,17.64,17.64,17.64,0
1758258445,17.64,17.64,17.64,17.64,0
1758258450,17.64,17.64,17.64,17.64,0
1758258455,17.64,17.64,17.64,17.64,0
1758258460,17.64,17.64,17.64,17.64,0
1758258465,17.64,17.64,17.64,17.64,0
1758258470,17.64,17.64,17.64,17.64,0
1758258475,17.64,17.64,17.64,17.64,0
1758258480,17.64,17.64,17.64,17.64,0
1758258485,17.64,17.64,17.64,17.64,0
1758258490,17.64,17.64,17.64,17.64,0
1758258495,17.64,17.64,17.64,17.64,0
1758258500,17.64,17.64,17.64,17.64,0
1758258505,17.64,17.64,17.64,17.64,0
1758258510,17.64,17.64,17.64,17.64,0
1758258515,17.64,17.64,17.64,17.64,0
1758258520,17.64,17.64,17.64,17.64,0
1758258525,17.64,17.64,17.64,17.64,0
1758258530,17.64,17.64,17.64,17.64,0
1758258535,17.64,17.64,17.64,17.64,0
1758258540,17.64,17.64,17.64,17.64,0
1758258545,17.64,17.64,17.64,17.64,0
1758258550,17.64,17.64,17.64,17.64,0
1758258555,17.64,17.64,17.64,17.64,0
1758258560,17.64,17.64,17.64,17.64,0
1758258565,17.64,17.64,17.64,17.64,0
1758258570,17.64,17.64,17.64,17.64,0
1758258575,17.64,17.64,17.64,17.64,0
1758258580,17.64,17.64,17.64,17.64,0
1758258585,17.64,17.64,17.64,17.64,0
1758258590,17.64,17.64,17.64,17.64,0
1758258595,17.64,17.64,17.64,17.64,0
1758258600,17.64,17.64,17.64,17.64,0
1758258605,17.64,17.64,17.64,17.64,0
1758258610,17.64,17.64,17.64,17.64,0
1758258615,17.64,17.64,17.64,17.64,0
1758258620,17.64,17.64,17.64,17.64,0
1758258625,17.64,17.64,17.64,17.64,0
1758258630,17.64,17.64,17.64,17.64,0
1758258635,17.64,17.64,17.64,17.64,0
1758258640,17.64,17.64,17.64,17.64,0
1758258645,17.64,17.64,17.64,17.64,0
1758258650,17.64,17.64,17.64,17.64,0
1758258655,17.64,17.64,17.64,17.64,0
1758258660,17.64,17.64,17.64,17.64,0
1758258665,17.64,17.64,17.64,17.64,0
1758258670,17.64,17.64,17.64,17.64,0
1758258675,17.64,17.64,17.64,17.64,0
1758258680,17.64,17.64,17.64,17.64,0
1758258685,17.64,17.64,17.64,17.64,0
1758258690,17.64,17.64,17.64,17.64,0
1758258695,17.64,17.64,17.64,17.64,0
1758258700,17.64,17.64,17.64,17.64,0
1758258705,17.64,17.64,17.64,17.64,0
1758258710,17.64,17.64,17.64,17.64,0
1758258715,17.64,17.64,17.64,17.64,0
1758258720,17.64,17.64,17.64,17.64,0
1758258725,17.64,17.64,17.64,17.64,0
1758258730,17.64,17.64,17.64,17.64,0
1758258735,17.64,17.64,17.64,17.64,0
1758258740,17.64,17.64,17.64,17.64,0
1758258745,17.64,17.64,17.64,17.64,0
1758258750,17.64,17.64,17.64,17.64,0
1758258755,17.64,17.64,17.64,17.64,0
1758258760,17.64,17.64,17.64,17.64,0
1758258765,17.64,17.64,17.64,17.64,0
1758258770,17.64,17.64,17.64,17.64,0
1758258775,17.64,17.64,17.64,17.64,0
1758258780,17.64,17.64,17.64,17.64,0
1758258785,17.64,17.64,17.64,17.64,0
1758258790,17.64,17.64,17.64,17.64,1
1758258795,17.64,17.64,17.64,17.64,0
1758258800,17.64,17.64,17.64,17.64,0
1758258805,17.64,17.64,17.64,17.64,0
1758258810,17.64,17.64,17.64,17.64,0
1758258815,17.64,17.64,17.64,17.64,0
1758258820,17.64,17.64,17.64,17.64,0
1758258825,17.64,17.64,17.64,17.64,0
1758258830,17.64,17.64,17.64,17.64,0
1758258835,17.64,17.64,17.64,17.64,0
1758258840,17.64,17.64,17.64,17.64,0
1758258845,17.64,17.64,17.64,17.64,0
1758258850,17.64,17.64,17.64,17.64,0
1758258855,17.64,17.64,17.64,17.64,0
1758258860,17.64,17.64,17.64,17.64,0
1758258865,17.64,17.64,17.64,17.64,0
1758258870,17.64,17.64,17.64,17.64,0
1758258875,17.64,17.64,17.64,17.64,0
1758258880,17.64,17.64,17.64,17.64,0
1758258885,17.64,17.64,17.64,17.64,0
1758258890,17.64,17.64,17.64,17.64,0
1758258895,17.64,17.64,17.64,17.64,0
1758258900,17.64,17.64,17.64,17.64,0
1758258905,17.64,17.64,17.64,17.64,0
1758258910,17.64,17.64,17.64,17.64,0
1758258915,17.64,17.64,17.64,17.64,0
1758258920,17.64,17.64,17.64,17.64,0
1758258925,17.64,17.64,17.64,17.64,0
1758258930,17.64,17.64,17.64,17.64,0
1758258935,17.64,17.64,17.64,17.64,0
1758258940,17.64,17.64,17.64,17.64,0
1758258945,17.64,17.64,17.64,17.64,0
1758258950,17.64,17.64,17.64,17.64,0
1758258955,17.64,17.64,17.64,17.64,0
1758258960,17.64,17.64,17.64,17.64,0
1758258965,17.64,17.64,17.64,17.64,0
1758258970,17.64,17.64,17.64,17.64,0
1758258975,17.64,17.64,17.64,17.64,0
1758258980,17.64,17.64,17.64,17.64,0
1758258985,17.64,17.64,17.64,17.64,0
1758258990,17.64,17.64,17.64,17.64,0
1758258995,17.64,17.64,17.64,17.64,0
1758259000,17.64,17.64,17.64,17.64,0
1758259005,17.64,17.64,17.64,17.64,0
1758259010,17.64,17.64,17.64,17.64,0
1758259015,17.64,17.64,17.64,17.64,0
1758259020,17.64,17.64,17.64,17.64,0
1758259025,17.64,17.64,17.64,17.64,0
1758259030,17.64,17.64,17.64,17.64,0
1758259035,17.64,17.64,17.64,17.64,0
1758259040,17.64,17.64,17.64,17.64,0
1758259045,17.64,17.64,17.64,17.64,0
1758259050,17.64,17.64,17.64,17.64,0
1758259055,17.64,17.64,17.64,17.64,0
1758259060,17.64,17.64,17.64,17.64,0
1758259065,17.64,17.64,17.64,17.64,0
1758259070,17.64,17.64,17.64,17.64,0
1758259075,17.64,17.64,17.64,17.64,0
1758259080,17.64,17.64,17.64,17.64,0
1758259085,17.64,17.64,17.64,17.64,0
1758259090,17.64,17.64,17.64,17.64,0
1758259095,17.64,17.64,17.64,17.64,0
1758259100,17.64,17.64,17.64,17.64,0
1758259105,17.64,17.64,17.64,17.64,0
1758259110,17.64,17.64,17.64,17.64,0
1758259115,17.64,17.64,17.64,17.64,0
1758259120,17.64,17.64,17.64,17.64,0
1758259125,17.64,17.64,17.64,17.64,0
1758259130,17.64,17.64,17.64,17.64,0
1758259135,17.64,17.64,17.64,17.64,0
1758259140,17.64,17.64,17.64,17.64,0
1758259145,17.64,17.64,17.64,17.64,0
1758259150,17.64,17.64,17.64,17.64,0
1758259155,17.64,17.64,17.64,17.64,0
1758259160,17.64,17.64,17.64,17.64,0
1758259165,17.64,17.64,17.64,17.64,0
1758259170,17.64,17.64,17.64,17.64,0
1758259175,17.64,17.64,17.64,17.64,0
1758259180,17.64,17.64,17.64,17.64,0
1758259185,17.64,17.64,17.64,17.64,0
1758259190,17.64,17.64,17.64,17.64,0
1758259195,17.64,17.64,17.64,17.64,0
1758259200,17.64,17.64,17.64,17.64,0
1758259205,17.64,17.64,17.64,17.64,0
1758259210,17.64,17.64,17.64,17.64,0
1758259215,17.64,17.64,17.64,17.64,0
1758259220,17.64,17.64,17.64,17.64,0
1758259225,17.64,17.64,17.64,17.64,0
1758259230,17.64,17.64,17.64,17.64,0
1758259235,17.64,17.64,17.64,17.64,0
1758259240,17.64,17.64,17.64,17.64,0
1758259245,17.64,17.64,17.64,17.64,0
1758259250,17.64,17.64,17.64,17.64,0
1758259255,17.64,17.64,17.64,17.64,0
1758259260,17.64,17.64,17.64,17.64,0
1758259265,17.64,17.64,17.64,17.64,0
1758259270,17.64,17.64,17.64,17.64,0
1758259275,17.64,17.64,17.64,17.64,0
1758259280,17.64,17.64,17.64,17.64,0
1758259285,17.64,17.64,17.64,17.64,0
1758259290,17.64,17.64,17.64,17.64,0
1758259295,17.64,17.64,17.64,17.64,0
1758259300,17.64,17.64,17.64,17.64,0
1758259305,17.64,17.64,17.64,17.64,0
1758259310,17.64,17.64,17.64,17.64,0
1758259315,17.64,17.64,17.64,17.64,0
1758259320,17.64,17.64,17.64,17.64,0
1758259325,17.64,17.64,17.64,17.64,0
1758259330,17.64,17.64,17.64,17.64,0
1758259335,17.64,17.64,17.64,17.64,0
1758259340,17.64,17.64,17.64,17.64,0
1758259345,17.64,17.64,17.64,17.64,0
1758259350,17.64,17.64,17.64,17.64,0
1758259355,17.64,17.64,17.64,17.64,0
1758259360,17.64,17.64,17.64,17.64,0
1758259365,17.64,17.64,17.64,17.64,0
1758259370,17.64,17.64,17.64,17.64,0
1758259375,17.64,17.64,17.64,17.64,0
1758259380,17.64,17.64,17.64,17.64,0
1758259385,17.64,17.64,17.64,17.64,0
1758259390,17.64,17.64,17.64,17.64,0
1758259395,17.64,17.64,17.64,17.64,0
1758259400,17.64,17.64,17.64,17.64,0
1758259405,17.64,17.64,17.64,17.64,0
1758259410,17.64,17.64,17.64,17.64,0
1758259415,17.64,17.64,17.64,17.64,0
1758259420,17.64,17.64,17.64,17.64,0
1758259425,17.64,17.64,17.64,17.64,0
1758259430,17.64,17.64,17.64,17.64,0
1758259435,17.64,17.64,17.64,17.64,0
1758259440,17.64,17.64,17.64,17.64,0
1758259445,17.64,17.64,17.64,17.64,0
1758259450,17.64,17.64,17.64,17.64,0
1758259455,17.64,17.64,17.64,17.64,0
1758259460,17.64,17.64,17.64,17.64,0
1758259465,17.64,17.64,17.64,17.64,0
1758259470,17.64,17.64,17.64,17.64,0
1758259475,17.64,17.64,17.64,17.64,0
1758259480,17.64,17.64,17.64,17.64,0
1758259485,17.64,17.64,17.64,17.64,0
1758259490,17.64,17.64,17.64,17.64,0
1758259495,17.64,17.64,17.64,17.64,0
1758259500,17.64,17.64,17.64,17.64,0
1758259505,17.64,17.64,17.64,17.64,0
1758259510,17.64,17.64,17.64,17.64,0
1758259515,17.64,17.64,17.64,17.64,0
1758259520,17.64,17.64,17.64,17.64,0
1758259525,17.64,17.64,17.64,17.64,0
1758259530,17.64,17.64,17.64,17.64,0
1758259535,17.64,17.64,17.64,17.64,0
1758259540,17.64,17.64,17.64,17.64,0
1758259545,17.64,17.64,17.64,17.64,0
1758259550,17.64,17.64,17.64,17.64,0
1758259555,17.64,17.64,17.64,17.64,0
1758259560,17.64,17.64,17.64,17.64,0
1758259565,17.64,17.64,17.64,17.64,0
1758259570,17.64,17.64,17.64,17.64,0
1758259575,17.64,17.64,17.64,17.64,0
1758259580,17.64,17.64,17.64,17.64,0
1758259585,17.64,17.64,17.64,17.64,0
1758259590,17.64,17.64,17.64,17.64,0
1758259595,17.64,17.64,17.64,17.64,0
1758259600,17.64,17.64,17.64,17.64,0
1758259605,17.64,17.64,17.64,17.64,0
1758259610,17.64,17.64,17.64,17.64,0
1758259615,17.64,17.64,17.64,17.64,0
1758259620,17.64,17.64,17.64,17.64,0
1758259625,17.64,17.64,17.64,17.64,0
1758259630,17.64,17.64,17.64,17.64,0
1758259635,17.64,17.64,17.64,17.64,0
1758259640,17.64,17.64,17.64,17.64,0
1758259645,17.64,17.64,17.64,17.64,0
1758259650,17.64,17.64,17.64,17.64,0
1758259655,17.64,17.64,17.64,17.64,0
1758259660,17.64,17.64,17.64,17.64,0
1758259665,17.64,17.64,17.64,17.64,0
1758259670,17.64,17.64,17.64,17.64,0
1758259675,17.64,17.64,17.64,17.64,0
1758259680,17.64,17.64,17.64,17.64,0
1758259685,17.64,17.64,17.64,17.64,0
1758259690,17.64,17.64,17.64,17.64,0
1758259695,17.64,17.64,17.64,17.64,0
1758259700,17.64,17.64,17.64,17.64,0
1758259705,17.64,17.64,17.64,17.64,0
1758259710,17.64,17.64,17.64,17.64,0
1758259715,17.64,17.64,17.64,17.64,0
1758259720,17.64,17.64,17.64,17.64,0
1758259725,17.64,17.64,17.64,17.64,0
1758259730,17.64,17.64,17.64,17.64,0
1758259735,17.64,17.64,17.64,17.64,0
1758259740,17.64,17.64,17.64,17.64,0
1758259745,17.64,17.64,17.64,17.64,0
1758259750,17.64,17.64,17.64,17.64,0
1758259755,17.64,17.64,17.64,17.64,0
1758259760,17.64,17.64,17.64,17.64,0
1758259765,17.64,17.64,17.64,17.64,0
1758259770,17.64,17.64,17.64,17.64,0
1758259775,17.64,17.64,17.64,17.64,0
1758259780,17.64,17.64,17.64,17.64,0
1758259785,17.64,17.64,17.64,17.64,0
1758259790,17.64,17.64,17.64,17.64,0
1758259795,17.64,17.64,17.64,17.64,0
1758259800,17.64,17.64,17.64,17.64,0
1758259805,17.64,17.64,17.64,17.64,0
1758259810,17.64,17.64,17.64,17.64,0
1758259815,17.64,17.64,17.64,17.64,0
1758259820,17.64,17.64,17.64,17.64,0
1758259825,17.64,17.64,17.64,17.64,0
1758259830,17.64,17.64,17.64,17.64,0
1758259835,17.64,17.64,17.64,17.64,0
1758259840,17.64,17.64,17.64,17.64,0
1758259845,17.64,17.64,17.64,17.64,0
1758259850,17.64,17.64,17.64,17.64,0
1758259855,17.64,17.64,17.64,17.64,0
1758259860,17.64,17.64,17.64,17.64,0
1758259865,17.64,17.64,17.64,17.64,0
1758259870,17.64,17.64,17.64,17.64,0
1758259875,17.64,17.64,17.64,17.64,0
1758259880,17.64,17.64,17.64,17.64,0
1758259885,17.64,17.64,17.64,17.64,0
1758259890,17.64,17.64,17.64,17.64,0
1758259895,17.64,17.64,17.64,17.64,0
1758259900,17.64,17.64,17.64,17.64,0
1758259905,17.64,17.64,17.64,17.64,0
1758259910,17.64,17.64,17.64,17.64,0
1758259915,17.64,17.64,17.64,17.64,0
1758259920,17.64,17.64,17.64,17.64,0
1758259925,17.64,17.64,17.64,17.64,0
1758259930,17.64,17.64,17.64,17.64,0
1758259935,17.64,17.64,17.64,17.64,0
1758259940,17.64,17.64,17.64,17.64,0
1758259945,17.64,17.64,17.64,17.64,0
1758259950,17.64,17.64,17.64,17.64,0
1758259955,17.64,17.64,17.64,17.64,0
1758259960,17.64,17.64,17.64,17.64,0
1758259965,17.64,17.64,17.64,17.64,0
1758259970,17.64,17.64,17.64,17.64,0
1758259975,17.64,17.64,17.64,17.64,0
1758259980,17.64,17.64,17.64,17.64,0
1758259985,17.64,17.64,17.64,17.64,0
1758259990,17.64,17.64,17.64,17.64,0
1758259995,17.64,17.64,17.64,17.64,0
1758260000,17.64,17.64,17.64,17.64,0
1758260005,17.64,17.64,17.64,17.64,0
1758260010,17.64,17.64,17.64,17.64,0
1758260015,17.64,17.64,17.64,17.64,0
1758260020,17.64,17.64,17.64,17.64,0
1758260025,17.64,17.64,17.64,17.64,0
1758260030,17.64,17.64,17.64,17.64,0
1758260035,17.64,17.64,17.64,17.64,0
1758260040,17.64,17.64,17.64,17.64,0
1758260045,17.64,17.64,17.64,17.64,0
1758260050,17.64,17.64,17.64,17.64,0
1758260055,17.64,17.64,17.64,17.64,0
1758260060,17.64,17.64,17.64,17.64,0
1758260065,17.64,17.64,17.64,17.64,0
1758260070,17.64,17.64,17.64,17.64,0
1758260075,17.64,17.64,17.64,17.64,0
1758260080,17.64,17.64,17.64,17.64,0
1758260085,17.64,17.64,17.64,17.64,0
1758260090,17.64,17.64,17.64,17.64,0
1758260095,17.64,17.64,17.64,17.64,0
1758260100,17.64,17.64,17.64,17.64,0
1758260105,17.64,17.64,17.64,17.64,0
1758260110,17.64,17.64,17.64,17.64,0
1758260115,17.64,17.64,17.64,17.64,0
1758260120,17.64,17.64,17.64,17.64,0
1758260125,17.64,17.64,17.64,17.64,0
1758260130,17.64,17.64,17.64,17.64,0
1758260135,17.64,17.64,17.64,17.64,0
1758260140,17.64,17.64,17.64,17.64,0
1758260145,17.64,17.64,17.64,17.64,0
1758260150,17.64,17.64,17.64,17.64,0
1758260155,17.64,17.64,17.64,17.64,0
1758260160,17.64,17.64,17.64,17.64,0
1758260165,17.64,17.64,17.64,17.64,0
1758260170,17.64,17.64,17.64,17.64,0
1758260175,17.64,17.64,17.64,17.64,0
1758260180,17.64,17.64,17.64,17.64,0
1758260185,17.64,17.64,17.64,17.64,0
1758260190,17.64,17.64,17.64,17.64,0
1758260195,17.64,17.64,17.64,17.64,0
1758260200,17.64,17.64,17.64,17.64,0
1758260205,17.64,17.64,17.64,17.64,0
1758260210,17.64,17.64,17.64,17.64,0
1758260215,17.64,17.64,17.64,17.64,0
1758260220,17.64,17.64,17.64,17.64,0
1758260225,17.64,17.64,17.64,17.64,0
1758260230,17.64,17.64,17.64,17.64,0
1758260235,17.64,17.64,17.64,17.64,0
1758260240,17.64,17.64,17.64,17.64,0
1758260245,17.64,17.64,17.64,17.64,0
1758260250,17.64,17.64,17.64,17.64,0
1758260255,17.64,17.64,17.64,17.64,0
1758260260,17.64,17.64,17.64,17.64,0
1758260265,17.64,17.64,17.64,17.64,0
1758260270,17.64,17.64,17.64,17.64,0
1758260275,17.64,17.64,17.64,17.64,0
1758260280,17.64,17.64,17.64,17.64,0
1758260285,17.64,17.64,17.64,17.64,0
1758260290,17.64,17.64,17.64,17.64,0
1758260295,17.64,17.64,17.64,17.64,0
1758260300,17.64,17.64,17.64,17.64,0
1758260305,17.64,17.64,17.64,17.64,0
1758260310,17.64,17.64,17.64,17.64,0
1758260315,17.64,17.64,17.64,17.64,0
1758260320,17.64,17.64,17.64,17.64,0
1758260325,17.64,17.64,17.64,17.64,0
1758260330,17.64,17.64,17.64,17.64,0
1758260335,17.64,17.64,17.64,17.64,0
1758260340,17.64,17.64,17.64,17.64,0
1758260345,17.64,17.64,17.64,17.64,0
1758260350,17.64,17.64,17.64,17.64,0
1758260355,17.64,17.64,17.64,17.64,0
1758260360,17.64,17.64,17.64,17.64,0
1758260365,17.64,17.64,17.64,17.64,0
1758260370,17.64,17.64,17.64,17.64,0
1758260375,17.64,17.64,17.64,17.64,0
1758260380,17.64,17.64,17.64,17.64,0
1758260385,17.64,17.64,17.64,17.64,0
1758260390,17.64,17.64,17.64,17.64,0
1758260395,17.64,17.64,17.64,17.64,0
1758260400,17.64,17.64,17.64,17.64,0
1758260405,17.64,17.64,17.64,17.64,0
1758260410,17.64,17.64,17.64,17.64,0
1758260415,17.64,17.64,17.64,17.64,0
1758260420,17.64,17.64,17.64,17.64,0
1758260425,17.64,17.64,17.64,17.64,0
1758260430,17.64,17.64,17.64,17.64,0
1758260435,17.64,17.64,17.64,17.64,0
1758260440,17.64,17.64,17.64,17.64,0
1758260445,17.64,17.64,17.64,17.64,0
1758260450,17.64,17.64,17.64,17.64,0
1758260455,17.64,17.64,17.64,17.64,0
1758260460,17.64,17.64,17.64,17.64,0
1758260465,17.64,17.64,17.64,17.64,0
1758260470,17.64,17.64,17.64,17.64,0
1758260475,17.64,17.64,17.64,17.64,0
1758260480,17.64,17.64,17.64,17.64,0
1758260485,17.64,17.64,17.64,17.64,0
1758260490,17.64,17.64,17.64,17.64,0
1758260495,17.64,17.64,17.64,17.64,0
1758260500,17.64,17.64,17.64,17.64,0
1758260505,17.64,17.64,17.64,17.64,0
1758260510,17.64,17.64,17.64,17.64,0
1758260515,17.64,17.64,17.64,17.64,0
1758260520,17.64,17.64,17.64,17.64,0
1758260525,17.64,17.64,17.64,17.64,0
1758260530,17.64,17.64,17.64,17.64,0
1758260535,17.64,17.64,17.64,17.64,0
1758260540,17.64,17.64,17.64,17.64,0
1758260545,17.64,17.64,17.64,17.64,0
1758260550,17.64,17.64,17.64,17.64,0
1758260555,17.64,17.64,17.64,17.64,0
1758260560,17.64,17.64,17.64,17.64,0
1758260565,17.64,17.64,17.64,17.64,0
1758260570,17.64,17.64,17.64,17.64,0
1758260575,17.64,17.64,17.64,17.64,0
1758260580,17.64,17.64,17.64,17.64,0
1758260585,17.64,17.64,17.64,17.64,0
1758260590,17.64,17.64,17.64,17.64,0
1758260595,17.64,17.64,17.64,17.64,0
1758260600,17.64,17.64,17.64,17.64,0
1758260605,17.64,17.64,17.64,17.64,0
1758260610,17.64,17.64,17.64,17.64,0
1758260615,17.64,17.64,17.64,17.64,0
1758260620,17.64,17.64,17.64,17.64,0
1758260625,17.64,17.64,17.64,17.64,0
1758260630,17.64,17.64,17.64,17.64,0
1758260635,17.64,17.64,17.64,17.64,0
1758260640,17.64,17.64,17.64,17.64,0
1758260645,17.64,17.64,17.64,17.64,0
1758260650,17.64,17.64,17.64,17.64,0
1758260655,17.64,17.64,17.64,17.64,0
1758260660,17.64,17.64,17.64,17.64,0
1758260665,17.64,17.64,17.64,17.64,0
1758260670,17.64,17.64,17.64,17.64,0
1758260675,17.64,17.64,17.64,17.64,0
1758260680,17.64,17.64,17.64,17.64,0
1758260685,17.64,17.64,17.64,17.64,0
1758260690,17.64,17.64,17.64,17.64,0
1758260695,17.64,17.64,17.64,17.64,0
1758260700,17.64,17.64,17.64,17.64,0
1758260705,17.64,17.64,17.64,17.64,0
1758260710,17.64,17.64,17.64,17.64,0
1758260715,17.64,17.64,17.64,17.64,0
1758260720,17.64,17.64,17.64,17.64,0
1758260725,17.64,17.64,17.64,17.64,0
1758260730,17.64,17.64,17.64,17.64,0
1758260735,17.64,17.64,17.64,17.64,0
1758260740,17.64,17.64,17.64,17.64,0
1758260745,17.64,17.64,17.64,17.64,0
1758260750,17.64,17.64,17.64,17.64,0
1758260755,17.64,17.64,17.64,17.64,0
1758260760,17.64,17.64,17.64,17.64,0
1758260765,17.64,17.64,17.64,17.64,0
1758260770,17.64,17.64,17.64,17.64,0
1758260775,17.64,17.64,17.64,17.64,0
1758260780,17.64,17.64,17.64,17.64,0
1758260785,17.64,17.64,17.64,17.64,0
1758260790,17.64,17.64,17.64,17.64,0
1758260795,17.64,17.64,17.64,17.64,0
1758260800,17.64,17.64,17.64,17.64,0
1758260805,17.64,17.64,17.64,17.64,0
1758260810,17.64,17.64,17.64,17.64,0
1758260815,17.64,17.64,17.64,17.64,0
1758260820,17.64,17.64,17.64,17.64,0
1758260825,17.64,17.64,17.64,17.64,0
1758260830,17.64,17.64,17.64,17.64,0
1758260835,17.64,17.64,17.64,17.64,0
1758260840,17.64,17.64,17.64,17.64,0
1758260845,17.64,17.64,17.64,17.64,0
1758260850,17.64,17.64,17.64,17.64,0
1758260855,17.64,17.64,17.64,17.64,0
1758260860,17.64,17.64,17.64,17.64,0
1758260865,17.64,17.64,17.64,17.64,0
1758260870,17.64,17.64,17.64,17.64,0
1758260875,17.64,17.64,17.64,17.64,0
1758260880,17.64,17.64,17.64,17.64,0
1758260885,17.64,17.64,17.64,17.64,0
1758260890,17.64,17.64,17.64,17.64,0
1758260895,17.64,17.64,17.64,17.64,0
1758260900,17.64,17.64,17.64,17.64,0
1758260905,17.64,17.64,17.64,17.64,0
1758260910,17.64,17.64,17.64,17.64,0
1758260915,17.64,17.64,17.64,17.64,0
1758260920,17.64,17.64,17.64,17.64,0
1758260925,17.64,17.64,17.64,17.64,0
1758260930,17.64,17.64,17.64,17.64,0
1758260935,17.64,17.64,17.64,17.64,0
1758260940,17.64,17.64,17.64,17.64,0
1758260945,17.64,17.64,17.64,17.64,0
1758260950,17.64,17.64,17.64,17.64,0
1758260955,17.64,17.64,17.64,17.64,0
1758260960,17.64,17.64,17.64,17.64,0
1758260965,17.64,17.64,17.64,17.64,0
1758260970,17.64,17.64,17.64,17.64,0
1758260975,17.64,17.64,17.64,17.64,0
1758260980,17.64,17.64,17.64,17.64,0
1758260985,17.64,17.64,17.64,17.64,0
1758260990,17.64,17.64,17.64,17.64,0
1758260995,17.64,17.64,17.64,17.64,0
1758261000,17.64,17.64,17.64,17.64,0
1758261005,17.64,17.64,17.64,17.64,0
1758261010,17.64,17.64,17.64,17.64,0
1758261015,17.64,17.64,17.64,17.64,0
1758261020,17.64,17.64,17.64,17.64,0
1758261025,17.64,17.64,17.64,17.64,0
1758261030,17.64,17.64,17.64,17.64,0
1758261035,17.64,17.64,17.64,17.64,0
1758261040,17.64,17.64,17.64,17.64,0
1758261045,17.64,17.64,17.64,17.64,0
1758261050,17.64,17.64,17.64,17.64,0
1758261055,17.64,17.64,17.64,17.64,0
1758261060,17.64,17.64,17.64,17.64,0
1758261065,17.64,17.64,17.64,17.64,0
1758261070,17.64,17.64,17.64,17.64,0
1758261075,17.64,17.64,17.64,17.64,0
1758261080,17.64,17.64,17.64,17.64,0
1758261085,17.64,17.64,17.64,17.64,0
1758261090,17.64,17.64,17.64,17.64,0
1758261095,17.64,17.64,17.64,17.64,0
1758261100,17.64,17.64,17.64,17.64,0
1758261105,17.64,17.64,17.64,17.64,0
1758261110,17.64,17.64,17.64,17.64,0
1758261115,17.64,17.64,17.64,17.64,0
1758261120,17.64,17.64,17.64,17.64,0
1758261125,17.64,17.64,17.64,17.64,0
1758261130,17.64,17.64,17.64,17.64,0
1758261135,17.64,17.64,17.64,17.64,0
1758261140,17.64,17.64,17.64,17.64,0
1758261145,17.64,17.64,17.64,17.64,0
1758261150,17.64,17.64,17.64,17.64,0
1758261155,17.64,17.64,17.64,17.64,0
1758261160,17.64,17.64,17.64,17.64,0
1758261165,17.64,17.64,17.64,17.64,0
1758261170,17.64,17.64,17.64,17.64,0
1758261175,17.64,17.64,17.64,17.64,0
1758261180,17.64,17.64,17.64,17.64,0
1758261185,17.64,17.64,17.64,17.64,0
1758261190,17.64,17.64,17.64,17.64,0
1758261195,17.64,17.64,17.64,17.64,0
1758261200,17.64,17.64,17.64,17.64,0
1758261205,17.64,17.64,17.64,17.64,0
1758261210,17.64,17.64,17.64,17.64,0
1758261215,17.64,17.64,17.64,17.64,0
1758261220,17.64,17.64,17.64,17.64,0
1758261225,17.64,17.64,17.64,17.64,0
1758261230,17.64,17.64,17.64,17.64,0
1758261235,17.64,17.64,17.64,17.64,0
1758261240,17.64,17.64,17.64,17.64,0
1758261245,17.64,17.64,17.64,17.64,0
1758261250,17.64,17.64,17.64,17.64,0
1758261255,17.64,17.64,17.64,17.64,0
1758261260,17.64,17.64,17.64,17.64,0
1758261265,17.64,17.64,17.64,17.64,0
1758261270,17.64,17.64,17.64,17.64,0
1758261275,17.64,17.64,17.64,17.64,0
1758261280,17.64,17.64,17.64,17.64,0
1758261285,17.64,17.64,17.64,17.64,0
1758261290,17.64,17.64,17.64,17.64,0
1758261295,17.64,17.64,17.64,17.64,0
1758261300,17.64,17.64,17.64,17.64,0
1758261305,17.64,17.64,17.64,17.64,0
1758261310,17.64,17.64,17.64,17.64,0
1758261315,17.64,17.64,17.64,17.64,0
1758261320,17.64,17.64,17.64,17.64,0
1758261325,17.64,17.64,17.64,17.64,0
1758261330,17.64,17.64,17.64,17.64,0
1758261335,17.64,17.64,17.64,17.64,0
1758261340,17.64,17.64,17.64,17.64,0
1758261345,17.64,17.64,17.64,17.64,0
1758261350,17.64,17.64,17.64,17.64,0
1758261355,17.64,17.64,17.64,17.64,0
1758261360,17.64,17.64,17.64,17.64,0
1758261365,17.64,17.64,17.64,17.64,0
1758261370,17.64,17.64,17.64,17.64,0
1758261375,17.64,17.64,17.64,17.64,0
1758261380,17.64,17.64,17.64,17.64,0
1758261385,17.64,17.64,17.64,17.64,0
1758261390,17.64,17.64,17.64,17.64,0
1758261395,17.64,17.64,17.64,17.64,0
1758261400,17.64,17.64,17.64,17.64,0
1758261405,17.64,17.64,17.64,17.64,0
1758261410,17.64,17.64,17.64,17.64,0
1758261415,17.64,17.64,17.64,17.64,0
1758261420,17.64,17.64,17.64,17.64,0
1758261425,17.64,17.64,17.64,17.64,0
1758261430,17.64,17.64,17.64,17.64,0
1758261435,17.64,17.64,17.64,17.64,0
1758261440,17.64,17.64,17.64,17.64,0
1758261445,17.64,17.64,17.64,17.64,0
1758261450,17.64,17.64,17.64,17.64,0
1758261455,17.64,17.64,17.64,17.64,0
1758261460,17.64,17.64,17.64,17.64,0
1758261465,17.64,17.64,17.64,17.64,0
1758261470,17.64,17.64,17.64,17.64,0
1758261475,17.64,17.64,17.64,17.64,0
1758261480,17.64,17.64,17.64,17.64,0
1758261485,17.64,17.64,17.64,17.64,0
1758261490,17.64,17.64,17.64,17.64,0
1758261495,17.64,17.64,17.64,17.64,0
1758261500,17.64,17.64,17.64,17.64,0
1758261505,17.64,17.64,17.64,17.64,0
1758261510,17.64,17.64,17.64,17.64,0
1758261515,17.64,17.64,17.64,17.64,0
1758261520,17.64,17.64,17.64,17.64,0
1758261525,17.64,17.64,17.64,17.64,0
1758261530,17.64,17.64,17.64,17.64,0
1758261535,17.64,17.64,17.64,17.64,0
1758261540,17.64,17.64,17.64,17.64,0
1758261545,17.64,17.64,17.64,17.64,0
1758261550,17.64,17.64,17.64,17.64,0
1758261555,17.64,17.64,17.64,17.64,0
1758261560,17.64,17.64,17.64,17.64,0
1758261565,17.64,17.64,17.64,17.64,0
1758261570,17.64,17.64,17.64,17.64,0
1758261575,17.64,17.64,17.64,17.64,0
1758261580,17.64,17.64,17.64,17.64,0
1758261585,17.64,17.64,17.64,17.64,0
1758261590,17.64,17.64,17.64,17.64,0
1758261595,17.64,17.64,17.64,17.64,0
1758261600,17.64,17.64,17.64,17.64,0
1758261605,17.64,17.64,17.64,17.64,0
1758261610,17.64,17.64,17.64,17.64,0
1758261615,17.64,17.64,17.64,17.64,0
1758261620,17.64,17.64,17.64,17.64,0
1758261625,17.64,17.64,17.64,17.64,0
1758261630,17.64,17.64,17.64,17.64,0
1758261635,17.64,17.64,17.64,17.64,0
1758261640,17.64,17.64,17.64,17.64,0
1758261645,17.64,17.64,17.64,17.64,0
1758261650,17.64,17.64,17.64,17.64,0
1758261655,17.64,17.64,17.64,17.64,0
1758261660,17.64,17.64,17.64,17.64,0
1758261665,17.64,17.64,17.64,17.64,0
1758261670,17.64,17.64,17.64,17.64,0
1758261675,17.64,17.64,17.64,17.64,0
1758261680,17.64,17.64,17.64,17.64,0
1758261685,17.64,17.64,17.64,17.64,0
1758261690,17.64,17.64,17.64,17.64,0
1758261695,17.64,17.64,17.64,17.64,0
1758261700,17.64,17.64,17.64,17.64,0
1758261705,17.64,17.64,17.64,17.64,0
1758261710,17.64,17.64,17.64,17.64,0
1758261715,17.64,17.64,17.64,17.64,0
1758261720,17.64,17.64,17.64,17.64,0
1758261725,17.64,17.64,17.64,17.64,0
1758261730,17.64,17.64,17.64,17.64,0
1758261735,17.64,17.64,17.64,17.64,0
1758261740,17.64,17.64,17.64,17.64,0
1758261745,17.64,17.64,17.64,17.64,0
1758261750,17.64,17.64,17.64,17.64,0
1758261755,17.64,17.64,17.64,17.64,0
1758261760,17.64,17.64,17.64,17.64,0
1758261765,17.64,17.64,17.64,17.64,0
1758261770,17.64,17.64,17.64,17.64,0
1758261775,17.64,17.64,17.64,17.64,0
1758261780,17.64,17.64,17.64,17.64,0
1758261785,17.64,17.64,17.64,17.64,0
1758261790,17.64,17.64,17.64,17.64,0
1758261795,17.64,17.64,17.64,17.64,0
1758261800,17.64,17.64,17.64,17.64,0
1758261805,17.64,17.64,17.64,17.64,0
1758261810,17.64,17.64,17.64,17.64,0
1758261815,17.64,17.64,17.64,17.64,0
1758261820,17.64,17.64,17.64,17.64,0
1758261825,17.64,17.64,17.64,17.64,0
1758261830,17.64,17.64,17.64,17.64,0
1758261835,17.64,17.64,17.64,17.64,0
1758261840,17.64,17.64,17.64,17.64,0
1758261845,17.64,17.64,17.64,17.64,0
1758261850,17.64,17.64,17.64,17.64,0
1758261855,17.64,17.64,17.64,17.64,0
1758261860,17.64,17.64,17.64,17.64,0
1758261865,17.64,17.64,17.64,17.64,0
1758261870,17.64,17.64,17.64,17.64,0
1758261875,17.64,17.64,17.64,17.64,0
1758261880,17.64,17.64,17.64,17.64,0
1758261885,17.64,17.64,17.64,17.64,0
1758261890,17.64,17.64,17.64,17.64,0
1758261895,17.64,17.64,17.64,17.64,0
1758261900,17.64,17.64,17.64,17.64,0
1758261905,17.64,17.64,17.64,17.64,0
1758261910,17.64,17.64,17.64,17.64,0
1758261915,17.64,17.64,17.64,17.64,0
1758261920,17.64,17.64,17.64,17.64,0
1758261925,17.64,17.64,17.64,17.64,0
1758261930,17.64,17.64,17.64,17.64,0
1758261935,17.64,17.64,17.64,17.64,0
1758261940,17.64,17.64,17.64,17.64,0
1758261945,17.64,17.64,17.64,17.64,0
1758261950,17.64,17.64,17.64,17.64,0
1758261955,17.64,17.64,17.64,17.64,0
1758261960,17.64,17.64,17.64,17.64,0
1758261965,17.64,17.64,17.64,17.64,0
1758261970,17.64,17.64,17.64,17.64,0
1758261975,17.64,17.64,17.64,17.64,0
1758261980,17.64,17.64,17.64,17.64,0
1758261985,17.64,17.64,17.64,17.64,0
1758261990,17.64,17.64,17.64,17.64,0
1758261995,17.64,17.64,17.64,17.64,0
1758262000,17.64,17.64,17.64,17.64,0
1758262005,17.64,17.64,17.64,17.64,0
1758262010,17.64,17.64,17.64,17.64,0
1758262015,17.64,17.64,17.64,17.64,0
1758262020,17.64,17.64,17.64,17.64,0
1758262025,17.64,17.64,17.64,17.64,0
1758262030,17.64,17.64,17.64,17.64,0
1758262035,17.64,17.64,17.64,17.64,0
1758262040,17.64,17.64,17.64,17.64,0
1758262045,17.64,17.64,17.64,17.64,0
1758262050,17.64,17.64,17.64,17.64,0
1758262055,17.64,17.64,17.64,17.64,0
1758262060,17.64,17.64,17.64,17.64,0
1758262065,17.64,17.64,17.64,17.64,0
1758262070,17.64,17.64,17.64,17.64,0
1758262075,17.64,17.64,17.64,17.64,0
1758262080,17.64,17.64,17.64,17.64,0
1758262085,17.64,17.64,17.64,17.64,0
1758262090,17.64,17.64,17.64,17.64,0
1758262095,17.64,17.64,17.64,17.64,0
1758262100,17.64,17.64,17.64,17.64,0
1758262105,17.64,17.64,17.64,17.64,0
1758262110,17.64,17.64,17.64,17.64,0
1758262115,17.64,17.64,17.64,17.64,0
1758262120,17.64,17.64,17.64,17.64,0
1758262125,17.64,17.64,17.64,17.64,0
1758262130,17.64,17.64,17.64,17.64,0
1758262135,17.64,17.64,17.64,17.64,0
1758262140,17.64,17.64,17.64,17.64,0
1758262145,17.64,17.64,17.64,17.64,0
1758262150,17.64,17.64,17.64,17.64,0
1758262155,17.64,17.64,17.64,17.64,0
1758262160,17.64,17.64,17.64,17.64,0
1758262165,17.64,17.64,17.64,17.64,0
1758262170,17.64,17.64,17.64,17.64,0
1758262175,17.64,17.64,17.64,17.64,0
1758262180,17.64,17.64,17.64,17.64,0
1758262185,17.64,17.64,17.64,17.64,0
1758262190,17.64,17.64,17.64,17.64,0
1758262195,17.64,17.64,17.64,17.64,0
1758262200,17.64,17.64,17.64,17.64,0
1758262205,17.64,17.64,17.64,17.64,0
1758262210,17.64,17.64,17.64,17.64,0
1758262215,17.64,17.64,17.64,17.64,0
1758262220,17.64,17.64,17.64,17.64,0
1758262225,17.64,17.64,17.64,17.64,0
1758262230,17.64,17.64,17.64,17.64,0
1758262235,17.64,17.64,17.64,17.64,0
1758262240,17.64,17.64,17.64,17.64,0
1758262245,17.64,17.64,17.64,17.64,0
1758262250,17.64,17.64,17.64,17.64,0
1758262255,17.64,17.64,17.64,17.64,0
1758262260,17.64,17.64,17.64,17.64,0
1758262265,17.64,17.64,17.64,17.64,0
1758262270,17.64,17.64,17.64,17.64,0
1758262275,17.64,17.64,17.64,17.64,0
1758262280,17.64,17.64,17.64,17.64,0
1758262285,17.64,17.64,17.64,17.64,0
1758262290,17.64,17.64,17.64,17.64,0
1758262295,17.64,17.64,17.64,17.64,0
1758262300,17.64,17.64,17.64,17.64,0
1758262305,17.64,17.64,17.64,17.64,0
1758262310,17.64,17.64,17.64,17.64,0
1758262315,17.64,17.64,17.64,17.64,0
1758262320,17.64,17.64,17.64,17.64,0
1758262325,17.64,17.64,17.64,17.64,0
1758262330,17.64,17.64,17.64,17.64,0
1758262335,17.64,17.64,17.64,17.64,0
1758262340,17.64,17.64,17.64,17.64,0
1758262345,17.64,17.64,17.64,17.64,0
1758262350,17.64,17.64,17.64,17.64,0
1758262355,17.64,17.64,17.64,17.64,0
1758262360,17.64,17.64,17.64,17.64,0
1758262365,17.64,17.64,17.64,17.64,0
1758262370,17.64,17.64,17.64,17.64,0
1758262375,17.64,17.64,17.64,17.64,0
1758262380,17.64,17.64,17.64,17.64,0
1758262385,17.64,17.64,17.64,17.64,0
1758262390,17.64,17.64,17.64,17.64,0
1758262395,17.64,17.64,17.64,17.64,0
1758262400,17.64,17.64,17.64,17.64,0
1758262405,17.64,17.64,17.64,17.64,0
1758262410,17.64,17.64,17.64,17.64,0
1758262415,17.64,17.64,17.64,17.64,0
1758262420,17.64,17.64,17.64,17.64,0
1758262425,17.64,17.64,17.64,17.64,0
1758262430,17.64,17.64,17.64,17.64,0
1758262435,17.64,17.64,17.64,17.64,0
1758262440,17.61,17.61,17.6,17.6,3
1758262445,17.6,17.6,17.6,17.6,0
1758262450,17.6,17.6,17.6,17.6,0
1758262455,17.6,17.6,17.6,17.6,0
1758262460,17.6,17.6,17.6,17.6,0
1758262465,17.6,17.6,17.6,17.6,0
1758262470,17.6,17.6,17.6,17.6,0
1758262475,17.6,17.6,17.6,17.6,0
1758262480,17.6,17.6,17.6,17.6,0
1758262485,17.6,17.6,17.6,17.6,0
1758262490,17.6,17.6,17.6,17.6,0
1758262495,17.6,17.6,17.6,17.6,0
1758262500,17.6,17.6,17.6,17.6,0
1758262505,17.6,17.6,17.6,17.6,0
1758262510,17.6,17.6,17.6,17.6,0
1758262515,17.6,17.6,17.6,17.6,0
1758262520,17.6,17.6,17.6,17.6,0
1758262525,17.6,17.6,17.6,17.6,0
1758262530,17.6,17.6,17.6,17.6,0
1758262535,17.6,17.6,17.6,17.6,0
1758262540,17.6,17.6,17.6,17.6,0
1758262545,17.6,17.6,17.6,17.6,0
1758262550,17.6,17.6,17.6,17.6,0
1758262555,17.6,17.6,17.6,17.6,0
1758262560,17.6,17.6,17.6,17.6,0
1758262565,17.6,17.6,17.6,17.6,0
1758262570,17.6,17.6,17.6,17.6,0
1758262575,17.6,17.6,17.6,17.6,0
1758262580,17.6,17.6,17.6,17.6,0
1758262585,17.6,17.6,17.6,17.6,0
1758262590,17.6,17.6,17.6,17.6,0
1758262595,17.6,17.6,17.6,17.6,0
1758262600,17.6,17.6,17.6,17.6,0
1758262605,17.6,17.6,17.6,17.6,0
1758262610,17.6,17.6,17.6,17.6,0
1758262615,17.6,17.6,17.6,17.6,0
1758262620,17.6,17.6,17.6,17.6,0
1758262625,17.6,17.6,17.6,17.6,0
1758262630,17.6,17.6,17.6,17.6,0
1758262635,17.6,17.6,17.6,17.6,0
1758262640,17.6,17.6,17.6,17.6,0
1758262645,17.6,17.6,17.6,17.6,0
1758262650,17.6,17.6,17.6,17.6,0
1758262655,17.6,17.6,17.6,17.6,0
1758262660,17.6,17.6,17.6,17.6,0
1758262665,17.6,17.6,17.6,17.6,0
1758262670,17.6,17.6,17.6,17.6,0
1758262675,17.6,17.6,17.6,17.6,0
1758262680,17.6,17.6,17.6,17.6,0
1758262685,17.6,17.6,17.6,17.6,0
1758262690,17.6,17.6,17.6,17.6,0
1758262695,17.6,17.6,17.6,17.6,0
1758262700,17.6,17.6,17.6,17.6,0
1758262705,17.6,17.6,17.6,17.6,0
1758262710,17.6,17.6,17.6,17.6,0
1758262715,17.6,17.6,17.6,17.6,0
1758262720,17.6,17.6,17.6,17.6,0
1758262725,17.6,17.6,17.6,17.6,0
1758262730,17.6,17.6,17.6,17.6,0
1758262735,17.6,17.6,17.6,17.6,0
1758262740,17.6,17.6,17.6,17.6,0
1758262745,17.6,17.6,17.6,17.6,0
1758262750,17.6,17.6,17.6,17.6,0
1758262755,17.6,17.6,17.6,17.6,0
1758262760,17.6,17.6,17.6,17.6,0
1758262765,17.6,17.6,17.6,17.6,0
1758262770,17.6,17.6,17.6,17.6,0
1758262775,17.6,17.6,17.6,17.6,0
1758262780,17.6,17.6,17.6,17.6,0
1758262785,17.6,17.6,17.6,17.6,0
1758262790,17.6,17.6,17.6,17.6,0
1758262795,17.6,17.6,17.6,17.6,0
1758262800,17.6,17.6,17.6,17.6,0
1758262805,17.6,17.6,17.6,17.6,0
1758262810,17.6,17.6,17.6,17.6,0
1758262815,17.6,17.6,17.6,17.6,0
1758262820,17.6,17.6,17.6,17.6,5
1758262825,17.6,17.6,17.6,17.6,0
1758262830,17.6,17.6,17.6,17.6,0
1758262835,17.6,17.6,17.6,17.6,0
1758262840,17.6,17.6,17.6,17.6,0
1758262845,17.6,17.6,17.6,17.6,0
1758262850,17.6,17.6,17.6,17.6,0
1758262855,17.6,17.6,17.6,17.6,0
1758262860,17.6,17.6,17.6,17.6,0
1758262865,17.6,17.6,17.6,17.6,0
1758262870,17.6,17.6,17.6,17.6,0
1758262875,17.6,17.6,17.6,17.6,0
1758262880,17.6,17.6,17.6,17.6,0
1758262885,17.6,17.6,17.6,17.6,0
1758262890,17.6,17.6,17.6,17.6,0
1758262895,17.6,17.6,17.6,17.6,0
1758262900,17.6,17.6,17.6,17.6,0
1758262905,17.6,17.6,17.6,17.6,0
1758262910,17.6,17.6,17.6,17.6,0
1758262915,17.6,17.6,17.6,17.6,0
1758262920,17.6,17.6,17.6,17.6,0
1758262925,17.6,17.6,17.6,17.6,0
1758262930,17.6,17.6,17.6,17.6,0
1758262935,17.6,17.6,17.6,17.6,0
1758262940,17.6,17.6,17.6,17.6,0
1758262945,17.6,17.6,17.6,17.6,0
1758262950,17.6,17.6,17.6,17.6,0
1758262955,17.6,17.6,17.6,17.6,0
1758262960,17.6,17.6,17.6,17.6,0
1758262965,17.6,17.6,17.6,17.6,0
1758262970,17.6,17.6,17.6,17.6,0
1758262975,17.6,17.6,17.6,17.6,0
1758262980,17.6,17.6,17.6,17.6,0
1758262985,17.6,17.6,17.6,17.6,0
1758262990,17.6,17.6,17.6,17.6,0
1758262995,17.6,17.6,17.6,17.6,0
1758263000,17.6,17.6,17.6,17.6,0
1758263005,17.6,17.6,17.6,17.6,0
1758263010,17.6,17.6,17.6,17.6,0
1758263015,17.6,17.6,17.6,17.6,0
1758263020,17.6,17.6,17.6,17.6,0
1758263025,17.6,17.6,17.6,17.6,0
1758263030,17.6,17.6,17.6,17.6,0
1758263035,17.6,17.6,17.6,17.6,0
1758263040,17.6,17.6,17.6,17.6,0
1758263045,17.6,17.6,17.6,17.6,0
1758263050,17.6,17.6,17.6,17.6,0
1758263055,17.6,17.6,17.6,17.6,0
1758263060,17.6,17.6,17.6,17.6,0
1758263065,17.6,17.6,17.6,17.6,0
1758263070,17.6,17.6,17.6,17.6,0
1758263075,17.6,17.6,17.6,17.6,0
1758263080,17.6,17.6,17.6,17.6,0
1758263085,17.6,17.6,17.6,17.6,0
1758263090,17.6,17.6,17.6,17.6,0
1758263095,17.6,17.6,17.6,17.6,0
1758263100,17.6,17.6,17.6,17.6,0
1758263105,17.6,17.6,17.6,17.6,0
1758263110,17.6,17.6,17.6,17.6,0
1758263115,17.6,17.6,17.6,17.6,0
1758263120,17.6,17.6,17.6,17.6,0
1758263125,17.6,17.6,17.6,17.6,0
1758263130,17.6,17.6,17.6,17.6,0
1758263135,17.6,17.6,17.6,17.6,0
1758263140,17.6,17.6,17.6,17.6,0
1758263145,17.6,17.6,17.6,17.6,0
1758263150,17.6,17.6,17.6,17.6,0
1758263155,17.6,17.6,17.6,17.6,0
1758263160,17.6,17.6,17.6,17.6,0
1758263165,17.6,17.6,17.6,17.6,0
1758263170,17.6,17.6,17.6,17.6,0
1758263175,17.6,17.6,17.6,17.6,0
1758263180,17.6,17.6,17.6,17.6,0
1758263185,17.65,17.66,17.65,17.66,4
1758263190,17.66,17.66,17.66,17.66,0
1758263195,17.66,17.66,17.66,17.66,0
1758263200,17.66,17.66,17.66,17.66,0
1758263205,17.66,17.66,17.66,17.66,0
1758263210,17.66,17.66,17.66,17.66,0
1758263215,17.66,17.66,17.66,17.66,0
1758263220,17.66,17.66,17.66,17.66,0
1758263225,17.66,17.66,17.66,17.66,0
1758263230,17.66,17.66,17.66,17.66,0
1758263235,17.66,17.66,17.66,17.66,0
1758263240,17.66,17.66,17.66,17.66,0
1758263245,17.66,17.66,17.66,17.66,0
1758263250,17.66,17.66,17.66,17.66,0
1758263255,17.66,17.66,17.66,17.66,0
1758263260,17.68,17.68,17.68,17.68,1
1758263265,17.68,17.68,17.68,17.68,0
1758263270,17.65,17.65,17.65,17.65,1
1758263275,17.65,17.65,17.65,17.65,0
1758263280,17.65,17.65,17.65,17.65,0
1758263285,17.65,17.65,17.65,17.65,0
1758263290,17.65,17.65,17.65,17.65,0
1758263295,17.65,17.65,17.65,17.65,0
1758263300,17.65,17.65,17.65,17.65,0
1758263305,17.65,17.65,17.65,17.65,0
1758263310,17.65,17.65,17.65,17.65,0
1758263315,17.65,17.65,17.65,17.65,0
1758263320,17.65,17.65,17.65,17.65,0
1758263325,17.65,17.65,17.65,17.65,0
1758263330,17.65,17.65,17.65,17.65,0
1758263335,17.65,17.65,17.65,17.65,0
1758263340,17.65,17.65,17.65,17.65,0
1758263345,17.65,17.65,17.65,17.65,0
1758263350,17.65,17.65,17.65,17.65,0
1758263355,17.65,17.65,17.65,17.65,0
1758263360,17.65,17.65,17.65,17.65,0
1758263365,17.65,17.65,17.65,17.65,0
1758263370,17.65,17.65,17.65,17.65,0
1758263375,17.65,17.65,17.65,17.65,0
1758263380,17.65,17.65,17.65,17.65,0
1758263385,17.65,17.65,17.65,17.65,0
1758263390,17.65,17.65,17.65,17.65,0
1758263395,17.65,17.65,17.65,17.65,0
1758263400,17.65,17.65,17.65,17.65,0
1758263405,17.65,17.65,17.65,17.65,0
1758263410,17.65,17.65,17.65,17.65,0
1758263415,17.65,17.65,17.65,17.65,0
1758263420,17.65,17.65,17.65,17.65,0
1758263425,17.65,17.65,17.65,17.65,0
1758263430,17.65,17.65,17.65,17.65,0
1758263435,17.65,17.65,17.65,17.65,0
1758263440,17.66,17.66,17.66,17.66,1
1758263445,17.66,17.66,17.66,17.66,0
1758263450,17.66,17.66,17.66,17.66,0
1758263455,17.65,17.65,17.65,17.65,1
1758263460,17.65,17.65,17.65,17.65,0
1758263465,17.65,17.65,17.65,17.65,0
1758263470,17.65,17.65,17.65,17.65,0
1758263475,17.65,17.65,17.65,17.65,0
1758263480,17.65,17.65,17.65,17.65,0
1758263485,17.65,17.65,17.65,17.65,0
1758263490,17.65,17.65,17.65,17.65,0
1758263495,17.65,17.65,17.65,17.65,0
1758263500,17.65,17.65,17.65,17.65,0
1758263505,17.65,17.65,17.65,17.65,0
1758263510,17.65,17.65,17.65,17.65,0
1758263515,17.65,17.65,17.65,17.65,0
1758263520,17.65,17.65,17.65,17.65,0
1758263525,17.65,17.65,17.65,17.65,0
1758263530,17.65,17.65,17.65,17.65,0
1758263535,17.65,17.65,17.65,17.65,0
1758263540,17.65,17.65,17.65,17.65,0
1758263545,17.65,17.65,17.65,17.65,0
1758263550,17.65,17.65,17.65,17.65,0
1758263555,17.65,17.65,17.65,17.65,0
1758263560,17.65,17.65,17.65,17.65,0
1758263565,17.65,17.65,17.65,17.65,0
1758263570,17.65,17.65,17.65,17.65,0
1758263575,17.65,17.65,17.65,17.65,0
1758263580,17.65,17.65,17.65,17.65,0
1758263585,17.65,17.65,17.65,17.65,0
1758263590,17.65,17.65,17.65,17.65,0
1758263595,17.64,17.64,17.64,17.64,1
1758263600,17.64,17.64,17.64,17.64,0
1758263605,17.64,17.64,17.64,17.64,0
1758263610,17.64,17.64,17.64,17.64,0
1758263615,17.64,17.64,17.64,17.64,0
1758263620,17.64,17.64,17.64,17.64,0
1758263625,17.64,17.64,17.64,17.64,0
1758263630,17.64,17.64,17.64,17.64,0
1758263635,17.64,17.64,17.64,17.64,0
1758263640,17.64,17.64,17.64,17.64,0
1758263645,17.64,17.64,17.64,17.64,0
1758263650,17.64,17.64,17.64,17.64,0
1758263655,17.64,17.64,17.64,17.64,0
1758263660,17.64,17.64,17.64,17.64,0
1758263665,17.64,17.64,17.64,17.64,0
1758263670,17.64,17.64,17.64,17.64,0
1758263675,17.64,17.64,17.64,17.64,0
1758263680,17.64,17.64,17.64,17.64,0
1758263685,17.64,17.64,17.64,17.64,0
1758263690,17.64,17.64,17.64,17.64,0
1758263695,17.64,17.64,17.64,17.64,0
1758263700,17.64,17.64,17.64,17.64,0
1758263705,17.64,17.64,17.64,17.64,0
1758263710,17.64,17.64,17.64,17.64,0
1758263715,17.64,17.64,17.64,17.64,0
1758263720,17.64,17.64,17.64,17.64,0
1758263725,17.64,17.64,17.64,17.64,0
1758263730,17.64,17.64,17.64,17.64,0
1758263735,17.64,17.64,17.64,17.64,0
1758263740,17.64,17.64,17.64,17.64,0
1758263745,17.64,17.64,17.64,17.64,0
1758263750,17.64,17.64,17.64,17.64,0
1758263755,17.64,17.64,17.64,17.64,0
1758263760,17.64,17.64,17.64,17.64,0
1758263765,17.64,17.64,17.64,17.64,0
1758263770,17.64,17.64,17.64,17.64,0
1758263775,17.64,17.64,17.64,17.64,0
1758263780,17.64,17.64,17.64,17.64,0
1758263785,17.64,17.64,17.64,17.64,0
1758263790,17.64,17.64,17.64,17.64,0
1758263795,17.64,17.64,17.64,17.64,0
1758263800,17.64,17.64,17.64,17.64,0
1758263805,17.64,17.64,17.64,17.64,0
1758263810,17.64,17.64,17.64,17.64,0
1758263815,17.64,17.64,17.64,17.64,0
1758263820,17.64,17.64,17.64,17.64,0
1758263825,17.64,17.64,17.64,17.64,0
1758263830,17.64,17.64,17.64,17.64,0
1758263835,17.64,17.64,17.64,17.64,0
1758263840,17.64,17.64,17.64,17.64,0
1758263845,17.64,17.64,17.64,17.64,0
1758263850,17.64,17.64,17.64,17.64,0
1758263855,17.64,17.64,17.64,17.64,0
1758263860,17.64,17.64,17.64,17.64,0
1758263865,17.64,17.64,17.64,17.64,0
1758263870,17.64,17.64,17.64,17.64,0
1758263875,17.64,17.64,17.64,17.64,0
1758263880,17.64,17.64,17.64,17.64,0
1758263885,17.64,17.64,17.64,17.64,0
1758263890,17.64,17.64,17.64,17.64,0
1758263895,17.64,17.64,17.64,17.64,0
1758263900,17.64,17.64,17.64,17.64,0
1758263905,17.64,17.64,17.64,17.64,0
1758263910,17.64,17.64,17.64,17.64,0
1758263915,17.64,17.64,17.64,17.64,0
1758263920,17.64,17.64,17.64,17.64,0
1758263925,17.64,17.64,17.64,17.64,0
1758263930,17.64,17.64,17.64,17.64,0
1758263935,17.64,17.64,17.64,17.64,0
1758263940,17.61,17.61,17.61,17.61,1
1758263945,17.61,17.61,17.61,17.61,0
1758263950,17.61,17.61,17.61,17.61,0
1758263955,17.61,17.61,17.61,17.61,0
1758263960,17.61,17.61,17.61,17.61,0
1758263965,17.61,17.61,17.61,17.61,0
1758263970,17.61,17.61,17.61,17.61,0
1758263975,17.61,17.61,17.61,17.61,0
1758263980,17.61,17.61,17.61,17.61,0
1758263985,17.61,17.61,17.61,17.61,0
1758263990,17.6,17.6,17.6,17.6,2
1758263995,17.6,17.6,17.6,17.6,0
1758264000,17.6,17.6,17.6,17.6,0
1758264005,17.6,17.6,17.6,17.6,0
1758264010,17.6,17.6,17.6,17.6,0
1758264015,17.6,17.6,17.6,17.6,0
1758264020,17.6,17.6,17.6,17.6,0
1758264025,17.6,17.6,17.6,17.6,0
1758264030,17.6,17.6,17.6,17.6,0
1758264035,17.6,17.6,17.6,17.6,0
1758264040,17.6,17.6,17.6,17.6,0
1758264045,17.6,17.6,17.6,17.6,0
1758264050,17.6,17.6,17.6,17.6,0
1758264055,17.6,17.6,17.6,17.6,0
1758264060,17.6,17.6,17.6,17.6,0
1758264065,17.6,17.6,17.6,17.6,0
1758264070,17.6,17.6,17.6,17.6,0
1758264075,17.6,17.6,17.6,17.6,0
1758264080,17.6,17.6,17.6,17.6,0
1758264085,17.6,17.6,17.6,17.6,0
1758264090,17.6,17.6,17.6,17.6,0
1758264095,17.6,17.6,17.6,17.6,0
1758264100,17.6,17.6,17.6,17.6,0
1758264105,17.6,17.6,17.6,17.6,0
1758264110,17.6,17.6,17.6,17.6,0
1758264115,17.6,17.6,17.6,17.6,0
1758264120,17.6,17.6,17.6,17.6,0
1758264125,17.6,17.6,17.6,17.6,0
1758264130,17.6,17.6,17.6,17.6,0
1758264135,17.6,17.6,17.6,17.6,0
1758264140,17.6,17.6,17.6,17.6,0
1758264145,17.6,17.6,17.6,17.6,0
1758264150,17.6,17.6,17.6,17.6,0
1758264155,17.6,17.6,17.6,17.6,0
1758264160,17.6,17.6,17.6,17.6,0
1758264165,17.6,17.6,17.6,17.6,0
1758264170,17.6,17.6,17.6,17.6,0
1758264175,17.6,17.6,17.6,17.6,0
1758264180,17.6,17.6,17.6,17.6,0
1758264185,17.6,17.6,17.6,17.6,0
1758264190,17.6,17.6,17.6,17.6,0
1758264195,17.6,17.6,17.6,17.6,0
1758264200,17.6,17.6,17.6,17.6,0
1758264205,17.6,17.6,17.6,17.6,0
1758264210,17.6,17.6,17.6,17.6,0
1758264215,17.6,17.6,17.6,17.6,0
1758264220,17.6,17.6,17.6,17.6,0
1758264225,17.6,17.6,17.6,17.6,0
1758264230,17.6,17.6,17.6,17.6,0
1758264235,17.6,17.6,17.6,17.6,0
1758264240,17.6,17.6,17.6,17.6,0
1758264245,17.6,17.6,17.6,17.6,0
1758264250,17.6,17.6,17.6,17.6,0
1758264255,17.6,17.6,17.6,17.6,0
1758264260,17.6,17.6,17.6,17.6,0
1758264265,17.6,17.6,17.6,17.6,0
1758264270,17.6,17.6,17.6,17.6,0
1758264275,17.6,17.6,17.6,17.6,0
1758264280,17.6,17.6,17.6,17.6,0
1758264285,17.6,17.6,17.6,17.6,0
1758264290,17.6,17.6,17.6,17.6,0
1758264295,17.6,17.6,17.6,17.6,0
1758264300,17.6,17.6,17.6,17.6,0
1758264305,17.6,17.6,17.6,17.6,0
1758264310,17.6,17.6,17.6,17.6,0
1758264315,17.6,17.6,17.6,17.6,0
1758264320,17.6,17.6,17.6,17.6,0
1758264325,17.6,17.6,17.6,17.6,0
1758264330,17.6,17.6,17.6,17.6,0
1758264335,17.6,17.6,17.6,17.6,0
1758264340,17.6,17.6,17.6,17.6,0
1758264345,17.6,17.6,17.6,17.6,0
1758264350,17.6,17.6,17.6,17.6,0
1758264355,17.6,17.6,17.6,17.6,0
1758264360,17.6,17.6,17.6,17.6,0
1758264365,17.6,17.6,17.6,17.6,0
1758264370,17.6,17.6,17.6,17.6,0
1758264375,17.6,17.6,17.6,17.6,0
1758264380,17.6,17.6,17.6,17.6,0
1758264385,17.6,17.6,17.6,17.6,0
1758264390,17.6,17.6,17.6,17.6,0
1758264395,17.6,17.6,17.6,17.6,0
1758264400,17.6,17.6,17.6,17.6,0
1758264405,17.6,17.6,17.6,17.6,0
1758264410,17.6,17.6,17.6,17.6,0
1758264415,17.6,17.6,17.6,17.6,0
1758264420,17.6,17.6,17.6,17.6,0
1758264425,17.6,17.6,17.6,17.6,0
1758264430,17.6,17.6,17.6,17.6,0
1758264435,17.6,17.6,17.6,17.6,0
1758264440,17.6,17.6,17.6,17.6,0
1758264445,17.6,17.6,17.6,17.6,0
1758264450,17.6,17.6,17.6,17.6,0
1758264455,17.6,17.6,17.6,17.6,0
1758264460,17.6,17.6,17.6,17.6,0
1758264465,17.6,17.6,17.6,17.6,0
1758264470,17.6,17.6,17.6,17.6,0
1758264475,17.6,17.6,17.6,17.6,0
1758264480,17.6,17.6,17.6,17.6,0
1758264485,17.6,17.6,17.6,17.6,0
1758264490,17.6,17.6,17.6,17.6,0
1758264495,17.6,17.6,17.6,17.6,0
1758264500,17.6,17.6,17.6,17.6,0
1758264505,17.6,17.6,17.6,17.6,0
1758264510,17.6,17.6,17.6,17.6,0
1758264515,17.6,17.6,17.6,17.6,0
1758264520,17.6,17.6,17.6,17.6,0
1758264525,17.6,17.6,17.6,17.6,0
1758264530,17.6,17.6,17.6,17.6,0
1758264535,17.6,17.6,17.6,17.6,0
1758264540,17.6,17.6,17.6,17.6,0
1758264545,17.6,17.6,17.6,17.6,0
1758264550,17.6,17.6,17.6,17.6,0
1758264555,17.6,17.6,17.6,17.6,0
1758264560,17.6,17.6,17.6,17.6,0
1758264565,17.6,17.6,17.6,17.6,0
1758264570,17.6,17.6,17.6,17.6,0
1758264575,17.6,17.6,17.6,17.6,0
1758264580,17.6,17.6,17.6,17.6,0
1758264585,17.6,17.6,17.6,17.6,0
1758264590,17.6,17.6,17.6,17.6,0
1758264595,17.6,17.6,17.6,17.6,0
1758264600,17.6,17.6,17.6,17.6,0
1758264605,17.6,17.6,17.6,17.6,0
1758264610,17.6,17.6,17.6,17.6,0
1758264615,17.6,17.6,17.6,17.6,0
1758264620,17.6,17.6,17.6,17.6,0
1758264625,17.6,17.6,17.6,17.6,0
1758264630,17.6,17.6,17.6,17.6,0
1758264635,17.6,17.6,17.6,17.6,0
1758264640,17.6,17.6,17.6,17.6,0
1758264645,17.6,17.6,17.6,17.6,0
1758264650,17.6,17.6,17.6,17.6,0
1758264655,17.6,17.6,17.6,17.6,0
1758264660,17.6,17.6,17.6,17.6,0
1758264665,17.6,17.6,17.6,17.6,0
1758264670,17.6,17.6,17.6,17.6,0
1758264675,17.6,17.6,17.6,17.6,0
1758264680,17.6,17.6,17.6,17.6,0
1758264685,17.6,17.6,17.6,17.6,0
1758264690,17.6,17.6,17.6,17.6,0
1758264695,17.6,17.6,17.6,17.6,0
1758264700,17.6,17.6,17.6,17.6,0
1758264705,17.6,17.6,17.6,17.6,0
1758264710,17.6,17.6,17.6,17.6,0
1758264715,17.6,17.6,17.6,17.6,0
1758264720,17.6,17.6,17.6,17.6,0
1758264725,17.6,17.6,17.6,17.6,0
1758264730,17.6,17.6,17.6,17.6,0
1758264735,17.6,17.6,17.6,17.6,0
1758264740,17.6,17.6,17.6,17.6,0
1758264745,17.6,17.6,17.6,17.6,0
1758264750,17.6,17.6,17.6,17.6,0
1758264755,17.6,17.6,17.6,17.6,0
1758264760,17.6,17.6,17.6,17.6,0
1758264765,17.6,17.6,17.6,17.6,0
1758264770,17.6,17.6,17.6,17.6,0
1758264775,17.6,17.6,17.6,17.6,0
1758264780,17.6,17.6,17.6,17.6,0
1758264785,17.6,17.6,17.6,17.6,0
1758264790,17.6,17.6,17.6,17.6,0
1758264795,17.6,17.6,17.6,17.6,0
1758264800,17.6,17.6,17.6,17.6,0
1758264805,17.6,17.6,17.6,17.6,0
1758264810,17.6,17.6,17.6,17.6,0
1758264815,17.6,17.6,17.6,17.6,0
1758264820,17.6,17.6,17.6,17.6,0
1758264825,17.6,17.6,17.6,17.6,0
1758264830,17.6,17.6,17.6,17.6,0
1758264835,17.6,17.6,17.6,17.6,0
1758264840,17.6,17.6,17.6,17.6,0
1758264845,17.6,17.6,17.6,17.6,0
1758264850,17.6,17.6,17.6,17.6,0
1758264855,17.6,17.6,17.6,17.6,0
1758264860,17.6,17.6,17.6,17.6,0
1758264865,17.6,17.6,17.6,17.6,0
1758264870,17.6,17.6,17.6,17.6,0
1758264875,17.6,17.6,17.6,17.6,0
1758264880,17.6,17.6,17.6,17.6,0
1758264885,17.6,17.6,17.6,17.6,0
1758264890,17.6,17.6,17.6,17.6,0
1758264895,17.6,17.6,17.6,17.6,0
1758264900,17.6,17.6,17.6,17.6,0
1758264905,17.6,17.6,17.6,17.6,0
1758264910,17.6,17.6,17.6,17.6,0
1758264915,17.6,17.6,17.6,17.6,0
1758264920,17.6,17.6,17.6,17.6,0
1758264925,17.6,17.6,17.6,17.6,0
1758264930,17.6,17.6,17.6,17.6,0
1758264935,17.6,17.6,17.6,17.6,0
1758264940,17.6,17.6,17.6,17.6,0
1758264945,17.6,17.6,17.6,17.6,0
1758264950,17.6,17.6,17.6,17.6,0
1758264955,17.6,17.6,17.6,17.6,0
1758264960,17.6,17.6,17.6,17.6,0
1758264965,17.6,17.6,17.6,17.6,0
1758264970,17.6,17.6,17.6,17.6,0
1758264975,17.6,17.6,17.6,17.6,0
1758264980,17.6,17.6,17.6,17.6,0
1758264985,17.6,17.6,17.6,17.6,0
1758264990,17.6,17.6,17.6,17.6,0
1758264995,17.6,17.6,17.6,17.6,0
1758265000,17.6,17.6,17.6,17.6,0
1758265005,17.6,17.6,17.6,17.6,0
1758265010,17.6,17.6,17.6,17.6,0
1758265015,17.6,17.6,17.6,17.6,0
1758265020,17.6,17.6,17.6,17.6,0
1758265025,17.6,17.6,17.6,17.6,0
1758265030,17.6,17.6,17.6,17.6,0
1758265035,17.6,17.6,17.6,17.6,0
1758265040,17.6,17.6,17.6,17.6,0
1758265045,17.6,17.6,17.6,17.6,0
1758265050,17.6,17.6,17.6,17.6,0
1758265055,17.6,17.6,17.6,17.6,0
1758265060,17.6,17.6,17.6,17.6,0
1758265065,17.6,17.6,17.6,17.6,0
1758265070,17.6,17.6,17.6,17.6,0
1758265075,17.6,17.6,17.6,17.6,0
1758265080,17.6,17.6,17.6,17.6,0
1758265085,17.6,17.6,17.6,17.6,0
1758265090,17.6,17.6,17.6,17.6,0
1758265095,17.6,17.6,17.6,17.6,0
1758265100,17.6,17.6,17.6,17.6,0
1758265105,17.6,17.6,17.6,17.6,0
1758265110,17.6,17.6,17.6,17.6,0
1758265115,17.6,17.6,17.6,17.6,0
1758265120,17.6,17.6,17.6,17.6,0
1758265125,17.6,17.6,17.6,17.6,0
1758265130,17.6,17.6,17.6,17.6,0
1758265135,17.6,17.6,17.6,17.6,0
1758265140,17.6,17.6,17.6,17.6,0
1758265145,17.6,17.6,17.6,17.6,0
1758265150,17.6,17.6,17.6,17.6,0
1758265155,17.6,17.6,17.6,17.6,0
1758265160,17.6,17.6,17.6,17.6,0
1758265165,17.6,17.6,17.6,17.6,0
1758265170,17.6,17.6,17.6,17.6,0
1758265175,17.6,17.6,17.6,17.6,0
1758265180,17.6,17.6,17.6,17.6,0
1758265185,17.6,17.6,17.6,17.6,0
1758265190,17.6,17.6,17.6,17.6,0
1758265195,17.6,17.6,17.6,17.6,0
1758265200,17.6,17.6,17.6,17.6,0
1758265205,17.6,17.6,17.6,17.6,0
1758265210,17.6,17.6,17.6,17.6,0
1758265215,17.6,17.6,17.6,17.6,0
1758265220,17.6,17.6,17.6,17.6,0
1758265225,17.6,17.6,17.6,17.6,0
1758265230,17.6,17.6,17.6,17.6,0
1758265235,17.6,17.6,17.6,17.6,0
1758265240,17.6,17.6,17.6,17.6,0
1758265245,17.6,17.6,17.6,17.6,0
1758265250,17.6,17.6,17.6,17.6,0
1758265255,17.6,17.6,17.6,17.6,0
1758265260,17.6,17.6,17.6,17.6,0
1758265265,17.6,17.6,17.6,17.6,0
1758265270,17.6,17.6,17.6,17.6,0
1758265275,17.6,17.6,17.6,17.6,0
1758265280,17.6,17.6,17.6,17.6,0
1758265285,17.6,17.6,17.6,17.6,0
1758265290,17.6,17.6,17.6,17.6,0
1758265295,17.6,17.6,17.6,17.6,0
1758265300,17.6,17.6,17.6,17.6,0
1758265305,17.6,17.6,17.6,17.6,0
1758265310,17.6,17.6,17.6,17.6,0
1758265315,17.6,17.6,17.6,17.6,0
1758265320,17.6,17.6,17.6,17.6,0
1758265325,17.6,17.6,17.6,17.6,0
1758265330,17.6,17.6,17.6,17.6,0
1758265335,17.6,17.6,17.6,17.6,0
1758265340,17.6,17.6,17.6,17.6,0
1758265345,17.6,17.6,17.6,17.6,0
1758265350,17.6,17.6,17.6,17.6,0
1758265355,17.6,17.6,17.6,17.6,0
1758265360,17.6,17.6,17.6,17.6,0
1758265365,17.6,17.6,17.6,17.6,0
1758265370,17.6,17.6,17.6,17.6,0
1758265375,17.6,17.6,17.6,17.6,0
1758265380,17.6,17.6,17.6,17.6,0
1758265385,17.6,17.6,17.6,17.6,0
1758265390,17.6,17.6,17.6,17.6,0
1758265395,17.6,17.6,17.6,17.6,0
1758265400,17.6,17.6,17.6,17.6,0
1758265405,17.6,17.6,17.6,17.6,0
1758265410,17.6,17.6,17.6,17.6,0
1758265415,17.6,17.6,17.6,17.6,0
1758265420,17.6,17.6,17.6,17.6,0
1758265425,17.6,17.6,17.6,17.6,0
1758265430,17.6,17.6,17.6,17.6,0
1758265435,17.6,17.6,17.6,17.6,0
1758265440,17.6,17.6,17.6,17.6,0
1758265445,17.6,17.6,17.6,17.6,0
1758265450,17.6,17.6,17.6,17.6,0
1758265455,17.6,17.6,17.6,17.6,0
1758265460,17.6,17.6,17.6,17.6,0
1758265465,17.6,17.6,17.6,17.6,0
1758265470,17.6,17.6,17.6,17.6,0
1758265475,17.6,17.6,17.6,17.6,0
1758265480,17.6,17.6,17.6,17.6,0
1758265485,17.6,17.6,17.6,17.6,0
1758265490,17.6,17.6,17.6,17.6,0
1758265495,17.6,17.6,17.6,17.6,0
1758265500,17.6,17.6,17.6,17.6,0
1758265505,17.6,17.6,17.6,17.6,0
1758265510,17.6,17.6,17.6,17.6,0
1758265515,17.6,17.6,17.6,17.6,0
1758265520,17.6,17.6,17.6,17.6,0
1758265525,17.6,17.6,17.6,17.6,0
1758265530,17.6,17.6,17.6,17.6,0
1758265535,17.6,17.6,17.6,17.6,0
1758265540,17.6,17.6,17.6,17.6,0
1758265545,17.6,17.6,17.6,17.6,0
1758265550,17.6,17.6,17.6,17.6,0
1758265555,17.6,17.6,17.6,17.6,0
1758265560,17.6,17.6,17.6,17.6,0
1758265565,17.6,17.6,17.6,17.6,0
1758265570,17.6,17.6,17.6,17.6,0
1758265575,17.6,17.6,17.6,17.6,0
1758265580,17.6,17.6,17.6,17.6,0
1758265585,17.6,17.6,17.6,17.6,0
1758265590,17.6,17.6,17.6,17.6,0
1758265595,17.6,17.6,17.6,17.6,0
1758265600,17.6,17.6,17.6,17.6,0
1758265605,17.6,17.6,17.6,17.6,0
1758265610,17.6,17.6,17.6,17.6,0
1758265615,17.6,17.6,17.6,17.6,0
1758265620,17.6,17.6,17.6,17.6,0
1758265625,17.6,17.6,17.6,17.6,0
1758265630,17.6,17.6,17.6,17.6,0
1758265635,17.6,17.6,17.6,17.6,0
1758265640,17.6,17.6,17.6,17.6,0
1758265645,17.6,17.6,17.6,17.6,0
1758265650,17.6,17.6,17.6,17.6,0
1758265655,17.6,17.6,17.6,17.6,0
1758265660,17.6,17.6,17.6,17.6,0
1758265665,17.6,17.6,17.6,17.6,0
1758265670,17.6,17.6,17.6,17.6,0
1758265675,17.6,17.6,17.6,17.6,0
1758265680,17.6,17.6,17.6,17.6,0
1758265685,17.6,17.6,17.6,17.6,0
1758265690,17.6,17.6,17.6,17.6,0
1758265695,17.6,17.6,17.6,17.6,0
1758265700,17.6,17.6,17.6,17.6,0
1758265705,17.6,17.6,17.6,17.6,0
1758265710,17.6,17.6,17.6,17.6,0
1758265715,17.6,17.6,17.6,17.6,0
1758265720,17.6,17.6,17.6,17.6,0
1758265725,17.6,17.6,17.6,17.6,0
1758265730,17.6,17.6,17.6,17.6,0
1758265735,17.6,17.6,17.6,17.6,0
1758265740,17.6,17.6,17.6,17.6,0
1758265745,17.6,17.6,17.6,17.6,0
1758265750,17.6,17.6,17.6,17.6,0
1758265755,17.6,17.6,17.6,17.6,0
1758265760,17.6,17.6,17.6,17.6,0
1758265765,17.6,17.6,17.6,17.6,0
1758265770,17.6,17.6,17.6,17.6,0
1758265775,17.6,17.6,17.6,17.6,0
1758265780,17.6,17.6,17.6,17.6,0
1758265785,17.6,17.6,17.6,17.6,0
1758265790,17.6,17.6,17.6,17.6,0
1758265795,17.6,17.6,17.6,17.6,0
1758265800,17.6,17.6,17.6,17.6,0
1758265805,17.6,17.6,17.6,17.6,0
1758265810,17.6,17.6,17.6,17.6,0
1758265815,17.6,17.6,17.6,17.6,0
1758265820,17.6,17.6,17.6,17.6,0
1758265825,17.6,17.6,17.6,17.6,0
1758265830,17.6,17.6,17.6,17.6,0
1758265835,17.6,17.6,17.6,17.6,0
1758265840,17.6,17.6,17.6,17.6,0
1758265845,17.6,17.6,17.6,17.6,0
1758265850,17.6,17.6,17.6,17.6,0
1758265855,17.6,17.6,17.6,17.6,0
1758265860,17.6,17.6,17.6,17.6,0
1758265865,17.6,17.6,17.6,17.6,0
1758265870,17.6,17.6,17.6,17.6,0
1758265875,17.6,17.6,17.6,17.6,0
1758265880,17.6,17.6,17.6,17.6,0
1758265885,17.6,17.6,17.6,17.6,0
1758265890,17.6,17.6,17.6,17.6,0
1758265895,17.6,17.6,17.6,17.6,0
1758265900,17.6,17.6,17.6,17.6,0
1758265905,17.6,17.6,17.6,17.6,0
1758265910,17.6,17.6,17.6,17.6,0
1758265915,17.6,17.6,17.6,17.6,0
1758265920,17.6,17.6,17.6,17.6,0
1758265925,17.6,17.6,17.6,17.6,0
1758265930,17.6,17.6,17.6,17.6,0
1758265935,17.6,17.6,17.6,17.6,0
1758265940,17.6,17.6,17.6,17.6,0
1758265945,17.6,17.6,17.6,17.6,0
1758265950,17.6,17.6,17.6,17.6,0
1758265955,17.6,17.6,17.6,17.6,0
1758265960,17.6,17.6,17.6,17.6,0
1758265965,17.6,17.6,17.6,17.6,0
1758265970,17.6,17.6,17.6,17.6,0
1758265975,17.6,17.6,17.6,17.6,0
1758265980,17.6,17.6,17.6,17.6,0
1758265985,17.6,17.6,17.6,17.6,0
1758265990,17.6,17.6,17.6,17.6,0
1758265995,17.6,17.6,17.6,17.6,0
1758266000,17.6,17.6,17.6,17.6,0
1758266005,17.6,17.6,17.6,17.6,0
1758266010,17.6,17.6,17.6,17.6,0
1758266015,17.6,17.6,17.6,17.6,0
1758266020,17.6,17.6,17.6,17.6,0
1758266025,17.6,17.6,17.6,17.6,0
1758266030,17.6,17.6,17.6,17.6,0
1758266035,17.6,17.6,17.6,17.6,0
1758266040,17.6,17.6,17.6,17.6,0
1758266045,17.6,17.6,17.6,17.6,0
1758266050,17.6,17.6,17.6,17.6,0
1758266055,17.6,17.6,17.6,17.6,0
1758266060,17.6,17.6,17.6,17.6,0
1758266065,17.6,17.6,17.6,17.6,0
1758266070,17.6,17.6,17.6,17.6,0
1758266075,17.6,17.6,17.6,17.6,0
1758266080,17.6,17.6,17.6,17.6,0
1758266085,17.6,17.6,17.6,17.6,0
1758266090,17.6,17.6,17.6,17.6,0
1758266095,17.6,17.6,17.6,17.6,0
1758266100,17.6,17.6,17.6,17.6,0
1758266105,17.6,17.6,17.6,17.6,0
1758266110,17.6,17.6,17.6,17.6,0
1758266115,17.6,17.6,17.6,17.6,0
1758266120,17.6,17.6,17.6,17.6,0
1758266125,17.6,17.6,17.6,17.6,0
1758266130,17.6,17.6,17.6,17.6,0
1758266135,17.6,17.6,17.6,17.6,0
1758266140,17.6,17.6,17.6,17.6,0
1758266145,17.6,17.6,17.6,17.6,0
1758266150,17.6,17.6,17.6,17.6,0
1758266155,17.6,17.6,17.6,17.6,0
1758266160,17.6,17.6,17.6,17.6,0
1758266165,17.6,17.6,17.6,17.6,0
1758266170,17.6,17.6,17.6,17.6,0
1758266175,17.6,17.6,17.6,17.6,0
1758266180,17.6,17.6,17.6,17.6,0
1758266185,17.6,17.6,17.6,17.6,0
1758266190,17.6,17.6,17.6,17.6,0
1758266195,17.6,17.6,17.6,17.6,0
1758266200,17.6,17.6,17.6,17.6,0
1758266205,17.6,17.6,17.6,17.6,0
1758266210,17.6,17.6,17.6,17.6,0
1758266215,17.6,17.6,17.6,17.6,0
1758266220,17.6,17.6,17.6,17.6,0
1758266225,17.6,17.6,17.6,17.6,0
1758266230,17.6,17.6,17.6,17.6,0
1758266235,17.6,17.6,17.6,17.6,0
1758266240,17.6,17.6,17.6,17.6,0
1758266245,17.6,17.6,17.6,17.6,0
1758266250,17.6,17.6,17.6,17.6,0
1758266255,17.6,17.6,17.6,17.6,0
1758266260,17.6,17.6,17.6,17.6,0
1758266265,17.6,17.6,17.6,17.6,0
1758266270,17.6,17.6,17.6,17.6,0
1758266275,17.6,17.6,17.6,17.6,0
1758266280,17.6,17.6,17.6,17.6,0
1758266285,17.6,17.6,17.6,17.6,0
1758266290,17.6,17.6,17.6,17.6,0
1758266295,17.6,17.6,17.6,17.6,0
1758266300,17.6,17.6,17.6,17.6,0
1758266305,17.6,17.6,17.6,17.6,0
1758266310,17.6,17.6,17.6,17.6,0
1758266315,17.6,17.6,17.6,17.6,0
1758266320,17.6,17.6,17.6,17.6,0
1758266325,17.6,17.6,17.6,17.6,0
1758266330,17.6,17.6,17.6,17.6,0
1758266335,17.6,17.6,17.6,17.6,0
1758266340,17.6,17.6,17.6,17.6,0
1758266345,17.6,17.6,17.6,17.6,0
1758266350,17.6,17.6,17.6,17.6,0
1758266355,17.6,17.6,17.6,17.6,0
1758266360,17.6,17.6,17.6,17.6,0
1758266365,17.6,17.6,17.6,17.6,0
1758266370,17.6,17.6,17.6,17.6,0
1758266375,17.6,17.6,17.6,17.6,0
1758266380,17.6,17.6,17.6,17.6,0
1758266385,17.6,17.6,17.6,17.6,0
1758266390,17.6,17.6,17.6,17.6,0
1758266395,17.6,17.6,17.6,17.6,0
1758266400,17.6,17.6,17.6,17.6,0
1758266405,17.6,17.6,17.6,17.6,0
1758266410,17.6,17.6,17.6,17.6,0
1758266415,17.6,17.6,17.6,17.6,0
1758266420,17.6,17.6,17.6,17.6,0
1758266425,17.6,17.6,17.6,17.6,0
1758266430,17.6,17.6,17.6,17.6,0
1758266435,17.6,17.6,17.6,17.6,0
1758266440,17.6,17.6,17.6,17.6,0
1758266445,17.6,17.6,17.6,17.6,0
1758266450,17.6,17.6,17.6,17.6,0
1758266455,17.6,17.6,17.6,17.6,0
1758266460,17.6,17.6,17.6,17.6,0
1758266465,17.6,17.6,17.6,17.6,0
1758266470,17.6,17.6,17.6,17.6,0
1758266475,17.6,17.6,17.6,17.6,0
1758266480,17.6,17.6,17.6,17.6,0
1758266485,17.6,17.6,17.6,17.6,0
1758266490,17.6,17.6,17.6,17.6,0
1758266495,17.6,17.6,17.6,17.6,0
1758266500,17.6,17.6,17.6,17.6,0
1758266505,17.6,17.6,17.6,17.6,0
1758266510,17.6,17.6,17.6,17.6,0
1758266515,17.6,17.6,17.6,17.6,0
1758266520,17.6,17.6,17.6,17.6,0
1758266525,17.6,17.6,17.6,17.6,0
1758266530,17.6,17.6,17.6,17.6,0
1758266535,17.6,17.6,17.6,17.6,0
1758266540,17.6,17.6,17.6,17.6,0
1758266545,17.6,17.6,17.6,17.6,0
1758266550,17.6,17.6,17.6,17.6,0
1758266555,17.6,17.6,17.6,17.6,0
1758266560,17.6,17.6,17.6,17.6,0
1758266565,17.6,17.6,17.6,17.6,0
1758266570,17.6,17.6,17.6,17.6,0
1758266575,17.6,17.6,17.6,17.6,0
1758266580,17.6,17.6,17.6,17.6,0
1758266585,17.6,17.6,17.6,17.6,0
1758266590,17.6,17.6,17.6,17.6,0
1758266595,17.6,17.6,17.6,17.6,0
1758266600,17.6,17.6,17.6,17.6,0
1758266605,17.6,17.6,17.6,17.6,0
1758266610,17.6,17.6,17.6,17.6,0
1758266615,17.6,17.6,17.6,17.6,0
1758266620,17.6,17.6,17.6,17.6,0
1758266625,17.6,17.6,17.6,17.6,0
1758266630,17.6,17.6,17.6,17.6,0
1758266635,17.6,17.6,17.6,17.6,0
1758266640,17.6,17.6,17.6,17.6,0
1758266645,17.6,17.6,17.6,17.6,0
1758266650,17.6,17.6,17.6,17.6,0
1758266655,17.6,17.6,17.6,17.6,0
1758266660,17.6,17.6,17.6,17.6,0
1758266665,17.6,17.6,17.6,17.6,0
1758266670,17.6,17.6,17.6,17.6,0
1758266675,17.6,17.6,17.6,17.6,0
1758266680,17.6,17.6,17.6,17.6,0
1758266685,17.58,17.58,17.58,17.58,2
1758266690,17.58,17.58,17.58,17.58,0
1758266695,17.58,17.58,17.58,17.58,0
1758266700,17.58,17.58,17.58,17.58,0
1758266705,17.58,17.58,17.58,17.58,0
1758266710,17.58,17.58,17.58,17.58,0
1758266715,17.58,17.58,17.58,17.58,0
1758266720,17.58,17.58,17.58,17.58,0
1758266725,17.58,17.58,17.58,17.58,0
1758266730,17.58,17.58,17.58,17.58,0
1758266735,17.58,17.58,17.58,17.58,0
1758266740,17.58,17.58,17.58,17.58,0
1758266745,17.58,17.58,17.58,17.58,0
1758266750,17.58,17.58,17.58,17.58,0
1758266755,17.58,17.58,17.58,17.58,0
1758266760,17.58,17.58,17.58,17.58,0
1758266765,17.58,17.58,17.58,17.58,0
1758266770,17.58,17.58,17.58,17.58,0
1758266775,17.58,17.58,17.58,17.58,0
1758266780,17.58,17.58,17.58,17.58,0
1758266785,17.58,17.58,17.58,17.58,0
1758266790,17.58,17.58,17.58,17.58,0
1758266795,17.58,17.58,17.58,17.58,0
1758266800,17.58,17.58,17.58,17.58,0
1758266805,17.58,17.58,17.58,17.58,0
1758266810,17.58,17.58,17.58,17.58,0
1758266815,17.58,17.58,17.58,17.58,0
1758266820,17.58,17.58,17.58,17.58,0
1758266825,17.58,17.58,17.58,17.58,0
1758266830,17.58,17.58,17.58,17.58,0
1758266835,17.58,17.58,17.58,17.58,0
1758266840,17.58,17.58,17.58,17.58,0
1758266845,17.58,17.58,17.58,17.58,0
1758266850,17.58,17.58,17.58,17.58,0
1758266855,17.58,17.58,17.58,17.58,0
1758266860,17.58,17.58,17.58,17.58,0
1758266865,17.58,17.58,17.58,17.58,0
1758266870,17.58,17.58,17.58,17.58,0
1758266875,17.58,17.58,17.58,17.58,0
1758266880,17.58,17.58,17.58,17.58,0
1758266885,17.58,17.58,17.58,17.58,0
1758266890,17.58,17.58,17.58,17.58,0
1758266895,17.58,17.58,17.58,17.58,0
1758266900,17.58,17.58,17.58,17.58,0
1758266905,17.58,17.58,17.58,17.58,0
1758266910,17.58,17.58,17.58,17.58,0
1758266915,17.58,17.58,17.58,17.58,0
1758266920,17.58,17.58,17.58,17.58,0
1758266925,17.58,17.58,17.58,17.58,0
1758266930,17.58,17.58,17.58,17.58,0
1758266935,17.58,17.58,17.58,17.58,0
1758266940,17.58,17.58,17.58,17.58,0
1758266945,17.58,17.58,17.58,17.58,0
1758266950,17.58,17.58,17.58,17.58,0
1758266955,17.58,17.58,17.58,17.58,0
1758266960,17.58,17.58,17.58,17.58,0
1758266965,17.58,17.58,17.58,17.58,0
1758266970,17.58,17.58,17.58,17.58,0
1758266975,17.58,17.58,17.58,17.58,0
1758266980,17.58,17.58,17.58,17.58,0
1758266985,17.58,17.58,17.58,17.58,0
1758266990,17.58,17.58,17.58,17.58,0
1758266995,17.58,17.58,17.58,17.58,0
1758267000,17.58,17.58,17.58,17.58,0
1758267005,17.58,17.58,17.58,17.58,0
1758267010,17.58,17.58,17.58,17.58,0
1758267015,17.58,17.58,17.58,17.58,0
1758267020,17.58,17.58,17.58,17.58,0
1758267025,17.58,17.58,17.58,17.58,0
1758267030,17.58,17.58,17.58,17.58,0
1758267035,17.58,17.58,17.58,17.58,0
1758267040,17.58,17.58,17.58,17.58,0
1758267045,17.58,17.58,17.58,17.58,0
1758267050,17.58,17.58,17.58,17.58,0
1758267055,17.58,17.58,17.58,17.58,0
1758267060,17.58,17.58,17.58,17.58,0
1758267065,17.58,17.58,17.58,17.58,0
1758267070,17.58,17.58,17.58,17.58,0
1758267075,17.58,17.58,17.58,17.58,0
1758267080,17.58,17.58,17.58,17.58,0
1758267085,17.58,17.58,17.58,17.58,0
1758267090,17.58,17.58,17.58,17.58,0
1758267095,17.58,17.58,17.58,17.58,0
1758267100,17.58,17.58,17.58,17.58,0
1758267105,17.58,17.58,17.58,17.58,0
1758267110,17.58,17.58,17.58,17.58,0
1758267115,17.58,17.58,17.58,17.58,0
1758267120,17.58,17.58,17.58,17.58,0
1758267125,17.58,17.58,17.58,17.58,0
1758267130,17.58,17.58,17.58,17.58,0
1758267135,17.58,17.58,17.58,17.58,0
1758267140,17.58,17.58,17.58,17.58,0
1758267145,17.58,17.58,17.58,17.58,0
1758267150,17.58,17.58,17.58,17.58,0
1758267155,17.58,17.58,17.58,17.58,0
1758267160,17.58,17.58,17.58,17.58,0
1758267165,17.58,17.58,17.58,17.58,0
1758267170,17.58,17.58,17.58,17.58,0
1758267175,17.58,17.58,17.58,17.58,0
1758267180,17.58,17.58,17.58,17.58,0
1758267185,17.58,17.58,17.58,17.58,0
1758267190,17.58,17.58,17.58,17.58,0
1758267195,17.58,17.58,17.58,17.58,0
1758267200,17.58,17.58,17.58,17.58,0
1758267205,17.58,17.58,17.58,17.58,0
1758267210,17.58,17.58,17.58,17.58,0
1758267215,17.58,17.58,17.58,17.58,0
1758267220,17.58,17.58,17.58,17.58,0
1758267225,17.58,17.58,17.58,17.58,0
1758267230,17.58,17.58,17.58,17.58,0
1758267235,17.58,17.58,17.58,17.58,0
1758267240,17.58,17.58,17.58,17.58,0
1758267245,17.58,17.58,17.58,17.58,0
1758267250,17.58,17.58,17.58,17.58,0
1758267255,17.58,17.58,17.58,17.58,0
1758267260,17.58,17.58,17.58,17.58,0
1758267265,17.58,17.58,17.58,17.58,0
1758267270,17.58,17.58,17.58,17.58,0
1758267275,17.58,17.58,17.58,17.58,0
1758267280,17.58,17.58,17.58,17.58,0
1758267285,17.58,17.58,17.58,17.58,0
1758267290,17.58,17.58,17.58,17.58,0
1758267295,17.58,17.58,17.58,17.58,0
1758267300,17.58,17.58,17.58,17.58,0
1758267305,17.58,17.58,17.58,17.58,0
1758267310,17.58,17.58,17.58,17.58,0
1758267315,17.58,17.58,17.58,17.58,0
1758267320,17.58,17.58,17.58,17.58,0
1758267325,17.58,17.58,17.58,17.58,0
1758267330,17.58,17.58,17.58,17.58,0
1758267335,17.58,17.58,17.58,17.58,0
1758267340,17.58,17.58,17.58,17.58,0
1758267345,17.58,17.58,17.58,17.58,0
1758267350,17.58,17.58,17.58,17.58,0
1758267355,17.58,17.58,17.58,17.58,0
1758267360,17.58,17.58,17.58,17.58,0
1758267365,17.58,17.58,17.58,17.58,0
1758267370,17.58,17.58,17.58,17.58,0
1758267375,17.58,17.58,17.58,17.58,0
1758267380,17.58,17.58,17.58,17.58,0
1758267385,17.58,17.58,17.58,17.58,0
1758267390,17.58,17.58,17.58,17.58,0
1758267395,17.58,17.58,17.58,17.58,0
1758267400,17.58,17.58,17.58,17.58,0
1758267405,17.58,17.58,17.58,17.58,0
1758267410,17.58,17.58,17.58,17.58,0
1758267415,17.58,17.58,17.58,17.58,0
1758267420,17.58,17.58,17.58,17.58,0
1758267425,17.58,17.58,17.58,17.58,0
1758267430,17.58,17.58,17.58,17.58,0
1758267435,17.58,17.58,17.58,17.58,0
1758267440,17.58,17.58,17.58,17.58,0
1758267445,17.58,17.58,17.58,17.58,0
1758267450,17.58,17.58,17.58,17.58,0
1758267455,17.58,17.58,17.58,17.58,0
1758267460,17.58,17.58,17.58,17.58,0
1758267465,17.58,17.58,17.58,17.58,0
1758267470,17.58,17.58,17.58,17.58,0
1758267475,17.58,17.58,17.58,17.58,0
1758267480,17.58,17.58,17.58,17.58,0
1758267485,17.58,17.58,17.58,17.58,0
1758267490,17.58,17.58,17.58,17.58,0
1758267495,17.58,17.58,17.58,17.58,0
1758267500,17.58,17.58,17.58,17.58,0
1758267505,17.58,17.58,17.58,17.58,0
1758267510,17.58,17.58,17.58,17.58,0
1758267515,17.58,17.58,17.58,17.58,0
1758267520,17.58,17.58,17.58,17.58,0
1758267525,17.58,17.58,17.58,17.58,0
1758267530,17.58,17.58,17.58,17.58,0
1758267535,17.58,17.58,17.58,17.58,0
1758267540,17.58,17.58,17.58,17.58,0
1758267545,17.58,17.58,17.58,17.58,0
1758267550,17.58,17.58,17.58,17.58,0
1758267555,17.58,17.58,17.58,17.58,0
1758267560,17.58,17.58,17.58,17.58,0
1758267565,17.58,17.58,17.58,17.58,0
1758267570,17.58,17.58,17.58,17.58,0
1758267575,17.58,17.58,17.58,17.58,0
1758267580,17.58,17.58,17.58,17.58,0
1758267585,17.58,17.58,17.58,17.58,0
1758267590,17.58,17.58,17.58,17.58,0
1758267595,17.58,17.58,17.58,17.58,0
1758267600,17.58,17.58,17.58,17.58,0
1758267605,17.58,17.58,17.58,17.58,0
1758267610,17.58,17.58,17.58,17.58,0
1758267615,17.58,17.58,17.58,17.58,0
1758267620,17.58,17.58,17.58,17.58,0
1758267625,17.58,17.58,17.58,17.58,0
1758267630,17.58,17.58,17.58,17.58,0
1758267635,17.58,17.58,17.58,17.58,0
1758267640,17.58,17.58,17.58,17.58,0
1758267645,17.58,17.58,17.58,17.58,0
1758267650,17.58,17.58,17.58,17.58,0
1758267655,17.58,17.58,17.58,17.58,0
1758267660,17.58,17.58,17.58,17.58,0
1758267665,17.58,17.58,17.58,17.58,0
1758267670,17.58,17.58,17.58,17.58,0
1758267675,17.58,17.58,17.58,17.58,0
1758267680,17.58,17.58,17.58,17.58,0
1758267685,17.58,17.58,17.58,17.58,0
1758267690,17.58,17.58,17.58,17.58,0
1758267695,17.58,17.58,17.58,17.58,0
1758267700,17.58,17.58,17.58,17.58,0
1758267705,17.58,17.58,17.58,17.58,0
1758267710,17.58,17.58,17.58,17.58,0
1758267715,17.58,17.58,17.58,17.58,0
1758267720,17.58,17.58,17.58,17.58,0
1758267725,17.58,17.58,17.58,17.58,0
1758267730,17.58,17.58,17.58,17.58,0
1758267735,17.58,17.58,17.58,17.58,0
1758267740,17.58,17.58,17.58,17.58,0
1758267745,17.58,17.58,17.58,17.58,0
1758267750,17.58,17.58,17.58,17.58,0
1758267755,17.58,17.58,17.58,17.58,0
1758267760,17.58,17.58,17.58,17.58,0
1758267765,17.58,17.58,17.58,17.58,0
1758267770,17.58,17.58,17.58,17.58,0
1758267775,17.58,17.58,17.58,17.58,0
1758267780,17.58,17.58,17.58,17.58,0
1758267785,17.58,17.58,17.58,17.58,0
1758267790,17.58,17.58,17.58,17.58,0
1758267795,17.58,17.58,17.58,17.58,0
1758267800,17.58,17.58,17.58,17.58,0
1758267805,17.58,17.58,17.58,17.58,0
1758267810,17.58,17.58,17.58,17.58,0
1758267815,17.58,17.58,17.58,17.58,0
1758267820,17.58,17.58,17.58,17.58,0
1758267825,17.58,17.58,17.58,17.58,0
1758267830,17.58,17.58,17.58,17.58,0
1758267835,17.58,17.58,17.58,17.58,0
1758267840,17.58,17.58,17.58,17.58,0
1758267845,17.58,17.58,17.58,17.58,0
1758267850,17.58,17.58,17.58,17.58,0
1758267855,17.58,17.58,17.58,17.58,0
1758267860,17.58,17.58,17.58,17.58,0
1758267865,17.58,17.58,17.58,17.58,0
1758267870,17.58,17.58,17.58,17.58,0
1758267875,17.58,17.58,17.58,17.58,0
1758267880,17.58,17.58,17.58,17.58,0
1758267885,17.58,17.58,17.58,17.58,0
1758267890,17.58,17.58,17.58,17.58,0
1758267895,17.58,17.58,17.58,17.58,0
1758267900,17.58,17.58,17.58,17.58,0
1758267905,17.58,17.58,17.58,17.58,0
1758267910,17.58,17.58,17.58,17.58,0
1758267915,17.58,17.58,17.58,17.58,0
1758267920,17.58,17.58,17.58,17.58,0
1758267925,17.58,17.58,17.58,17.58,0
1758267930,17.58,17.58,17.58,17.58,0
1758267935,17.58,17.58,17.58,17.58,0
1758267940,17.58,17.58,17.58,17.58,0
1758267945,17.58,17.58,17.58,17.58,0
1758267950,17.58,17.58,17.58,17.58,0
1758267955,17.58,17.58,17.58,17.58,0
1758267960,17.58,17.58,17.58,17.58,0
1758267965,17.58,17.58,17.58,17.58,0
1758267970,17.58,17.58,17.58,17.58,0
1758267975,17.58,17.58,17.58,17.58,0
1758267980,17.58,17.58,17.58,17.58,0
1758267985,17.58,17.58,17.58,17.58,0
1758267990,17.58,17.58,17.58,17.58,0
1758267995,17.58,17.58,17.58,17.58,0
1758268000,17.58,17.58,17.58,17.58,0
1758268005,17.58,17.58,17.58,17.58,0
1758268010,17.58,17.58,17.58,17.58,0
1758268015,17.58,17.58,17.58,17.58,0
1758268020,17.58,17.58,17.58,17.58,0
1758268025,17.58,17.58,17.58,17.58,0
1758268030,17.58,17.58,17.58,17.58,0
1758268035,17.58,17.58,17.58,17.58,0
1758268040,17.58,17.58,17.58,17.58,0
1758268045,17.58,17.58,17.58,17.58,0
1758268050,17.58,17.58,17.58,17.58,0
1758268055,17.58,17.58,17.58,17.58,0
1758268060,17.58,17.58,17.58,17.58,0
1758268065,17.58,17.58,17.58,17.58,0
1758268070,17.58,17.58,17.58,17.58,0
1758268075,17.58,17.58,17.58,17.58,0
1758268080,17.58,17.58,17.58,17.58,0
1758268085,17.58,17.58,17.58,17.58,0
1758268090,17.58,17.58,17.58,17.58,0
1758268095,17.58,17.58,17.58,17.58,0
1758268100,17.58,17.58,17.58,17.58,0
1758268105,17.58,17.58,17.58,17.58,0
1758268110,17.58,17.58,17.58,17.58,0
1758268115,17.58,17.58,17.58,17.58,0
1758268120,17.58,17.58,17.58,17.58,0
1758268125,17.58,17.58,17.58,17.58,0
1758268130,17.58,17.58,17.58,17.58,0
1758268135,17.58,17.58,17.58,17.58,0
1758268140,17.58,17.58,17.58,17.58,0
1758268145,17.58,17.58,17.58,17.58,0
1758268150,17.58,17.58,17.58,17.58,0
1758268155,17.58,17.58,17.58,17.58,0
1758268160,17.58,17.58,17.58,17.58,0
1758268165,17.58,17.58,17.58,17.58,0
1758268170,17.58,17.58,17.58,17.58,0
1758268175,17.58,17.58,17.58,17.58,0
1758268180,17.58,17.58,17.58,17.58,0
1758268185,17.58,17.58,17.58,17.58,0
1758268190,17.58,17.58,17.58,17.58,0
1758268195,17.58,17.58,17.58,17.58,0
1758268200,17.58,17.58,17.58,17.58,0
1758268205,17.58,17.58,17.58,17.58,0
1758268210,17.58,17.58,17.58,17.58,0
1758268215,17.58,17.58,17.58,17.58,0
1758268220,17.58,17.58,17.58,17.58,0
1758268225,17.58,17.58,17.58,17.58,0
1758268230,17.58,17.58,17.58,17.58,0
1758268235,17.58,17.58,17.58,17.58,0
1758268240,17.58,17.58,17.58,17.58,0
1758268245,17.58,17.58,17.58,17.58,0
1758268250,17.58,17.58,17.58,17.58,0
1758268255,17.58,17.58,17.58,17.58,0
1758268260,17.58,17.58,17.58,17.58,0
1758268265,17.58,17.58,17.58,17.58,0
1758268270,17.58,17.58,17.58,17.58,0
1758268275,17.58,17.58,17.58,17.58,0
1758268280,17.58,17.58,17.58,17.58,0
1758268285,17.58,17.58,17.58,17.58,0
1758268290,17.58,17.58,17.58,17.58,0
1758268295,17.58,17.58,17.58,17.58,0
1758268300,17.58,17.58,17.58,17.58,0
1758268305,17.58,17.58,17.58,17.58,0
1758268310,17.58,17.58,17.58,17.58,0
1758268315,17.58,17.58,17.58,17.58,0
1758268320,17.58,17.58,17.58,17.58,0
1758268325,17.58,17.58,17.58,17.58,0
1758268330,17.61,17.61,17.61,17.61,3
1758268335,17.61,17.61,17.61,17.61,0
1758268340,17.61,17.61,17.61,17.61,0
1758268345,17.61,17.61,17.61,17.61,0
1758268350,17.61,17.61,17.61,17.61,0
1758268355,17.61,17.61,17.61,17.61,0
1758268360,17.61,17.61,17.61,17.61,0
1758268365,17.61,17.61,17.61,17.61,0
1758268370,17.61,17.61,17.61,17.61,0
1758268375,17.61,17.61,17.61,17.61,0
1758268380,17.61,17.61,17.61,17.61,0
1758268385,17.61,17.61,17.61,17.61,0
1758268390,17.61,17.61,17.61,17.61,0
1758268395,17.61,17.61,17.61,17.61,0
1758268400,17.61,17.61,17.61,17.61,0
1758268405,17.61,17.61,17.61,17.61,0
1758268410,17.61,17.61,17.61,17.61,0
1758268415,17.61,17.61,17.61,17.61,0
1758268420,17.61,17.61,17.61,17.61,0
1758268425,17.61,17.61,17.61,17.61,0
1758268430,17.61,17.61,17.61,17.61,0
1758268435,17.61,17.61,17.61,17.61,0
1758268440,17.61,17.61,17.61,17.61,0
1758268445,17.61,17.61,17.61,17.61,0
1758268450,17.61,17.61,17.61,17.61,0
1758268455,17.61,17.61,17.61,17.61,0
1758268460,17.61,17.61,17.61,17.61,0
1758268465,17.61,17.61,17.61,17.61,0
1758268470,17.61,17.61,17.61,17.61,0
1758268475,17.61,17.61,17.61,17.61,0
1758268480,17.61,17.61,17.61,17.61,0
1758268485,17.61,17.61,17.61,17.61,0
1758268490,17.61,17.61,17.61,17.61,0
1758268495,17.61,17.61,17.61,17.61,0
1758268500,17.61,17.61,17.61,17.61,0
1758268505,17.61,17.61,17.61,17.61,0
1758268510,17.61,17.61,17.61,17.61,0
1758268515,17.61,17.61,17.61,17.61,0
1758268520,17.61,17.61,17.61,17.61,0
1758268525,17.61,17.61,17.61,17.61,0
1758268530,17.61,17.61,17.61,17.61,0
1758268535,17.61,17.61,17.61,17.61,0
1758268540,17.61,17.61,17.61,17.61,0
1758268545,17.61,17.61,17.61,17.61,0
1758268550,17.61,17.61,17.61,17.61,0
1758268555,17.61,17.61,17.61,17.61,0
1758268560,17.61,17.61,17.61,17.61,0
1758268565,17.61,17.61,17.61,17.61,0
1758268570,17.61,17.61,17.61,17.61,0
1758268575,17.61,17.61,17.61,17.61,0
1758268580,17.61,17.61,17.61,17.61,0
1758268585,17.61,17.61,17.61,17.61,0
1758268590,17.61,17.61,17.61,17.61,0
1758268595,17.61,17.61,17.61,17.61,0
1758268600,17.61,17.61,17.61,17.61,0
1758268605,17.61,17.61,17.61,17.61,0
1758268610,17.61,17.61,17.61,17.61,0
1758268615,17.61,17.61,17.61,17.61,0
1758268620,17.61,17.61,17.61,17.61,0
1758268625,17.61,17.61,17.61,17.61,0
1758268630,17.61,17.61,17.61,17.61,0
1758268635,17.61,17.61,17.61,17.61,0
1758268640,17.61,17.61,17.61,17.61,0
1758268645,17.61,17.61,17.61,17.61,0
1758268650,17.61,17.61,17.61,17.61,0
1758268655,17.61,17.61,17.61,17.61,0
1758268660,17.61,17.61,17.61,17.61,0
1758268665,17.61,17.61,17.61,17.61,0
1758268670,17.61,17.61,17.61,17.61,0
1758268675,17.61,17.61,17.61,17.61,0
1758268680,17.61,17.61,17.61,17.61,0
1758268685,17.61,17.61,17.61,17.61,0
1758268690,17.61,17.61,17.61,17.61,0
1758268695,17.61,17.61,17.61,17.61,0
1758268700,17.61,17.61,17.61,17.61,0
1758268705,17.61,17.61,17.61,17.61,0
1758268710,17.61,17.61,17.61,17.61,0
1758268715,17.61,17.61,17.61,17.61,0
1758268720,17.61,17.61,17.61,17.61,0
1758268725,17.61,17.61,17.61,17.61,0
1758268730,17.61,17.61,17.61,17.61,0
1758268735,17.61,17.61,17.61,17.61,0
1758268740,17.61,17.61,17.61,17.61,0
1758268745,17.61,17.61,17.61,17.61,0
1758268750,17.61,17.61,17.61,17.61,0
1758268755,17.61,17.61,17.61,17.61,0
1758268760,17.61,17.61,17.61,17.61,0
1758268765,17.61,17.61,17.61,17.61,0
1758268770,17.61,17.61,17.61,17.61,0
1758268775,17.61,17.61,17.61,17.61,0
1758268780,17.61,17.61,17.61,17.61,0
1758268785,17.61,17.61,17.61,17.61,0
1758268790,17.61,17.61,17.61,17.61,0
1758268795,17.61,17.61,17.61,17.61,0
1758268800,17.61,17.61,17.61,17.61,0
1758268805,17.61,17.61,17.61,17.61,0
1758268810,17.61,17.61,17.61,17.61,0
1758268815,17.61,17.61,17.61,17.61,0
1758268820,17.61,17.61,17.61,17.61,0
1758268825,17.61,17.61,17.61,17.61,0
1758268830,17.61,17.61,17.61,17.61,0
1758268835,17.61,17.61,17.61,17.61,0
1758268840,17.61,17.61,17.61,17.61,0
1758268845,17.61,17.61,17.61,17.61,0
1758268850,17.61,17.61,17.61,17.61,0
1758268855,17.61,17.61,17.61,17.61,0
1758268860,17.61,17.61,17.61,17.61,0
1758268865,17.61,17.61,17.61,17.61,0
1758268870,17.61,17.61,17.61,17.61,0
1758268875,17.61,17.61,17.61,17.61,0
1758268880,17.61,17.61,17.61,17.61,0
1758268885,17.61,17.61,17.61,17.61,0
1758268890,17.61,17.61,17.61,17.61,0
1758268895,17.61,17.61,17.61,17.61,0
1758268900,17.61,17.61,17.61,17.61,0
1758268905,17.61,17.61,17.61,17.61,0
1758268910,17.61,17.61,17.61,17.61,0
1758268915,17.61,17.61,17.61,17.61,0
1758268920,17.61,17.61,17.61,17.61,0
1758268925,17.61,17.61,17.61,17.61,0
1758268930,17.61,17.61,17.61,17.61,0
1758268935,17.61,17.61,17.61,17.61,0
1758268940,17.61,17.61,17.61,17.61,0
1758268945,17.61,17.61,17.61,17.61,0
1758268950,17.61,17.61,17.61,17.61,0
1758268955,17.61,17.61,17.61,17.61,0
1758268960,17.61,17.61,17.61,17.61,0
1758268965,17.61,17.61,17.61,17.61,0
1758268970,17.61,17.61,17.61,17.61,0
1758268975,17.61,17.61,17.61,17.61,0
1758268980,17.61,17.61,17.61,17.61,0
1758268985,17.61,17.61,17.61,17.61,0
1758268990,17.61,17.61,17.61,17.61,0
1758268995,17.61,17.61,17.61,17.61,0
1758269000,17.61,17.61,17.61,17.61,0
1758269005,17.61,17.61,17.61,17.61,0
1758269010,17.61,17.61,17.61,17.61,0
1758269015,17.61,17.61,17.61,17.61,5
1758269020,17.61,17.61,17.61,17.61,0
1758269025,17.61,17.61,17.61,17.61,0
1758269030,17.61,17.61,17.61,17.61,0
1758269035,17.61,17.61,17.61,17.61,0
1758269040,17.61,17.61,17.61,17.61,0
1758269045,17.61,17.61,17.61,17.61,0
1758269050,17.61,17.61,17.61,17.61,0
1758269055,17.61,17.61,17.61,17.61,0
1758269060,17.61,17.61,17.61,17.61,0
1758269065,17.61,17.61,17.61,17.61,0
1758269070,17.61,17.61,17.61,17.61,0
1758269075,17.61,17.61,17.61,17.61,0
1758269080,17.61,17.61,17.61,17.61,0
1758269085,17.61,17.61,17.61,17.61,0
1758269090,17.61,17.61,17.61,17.61,0
1758269095,17.61,17.61,17.61,17.61,0
1758269100,17.61,17.61,17.61,17.61,0
1758269105,17.61,17.61,17.61,17.61,0
1758269110,17.61,17.61,17.61,17.61,0
1758269115,17.61,17.61,17.61,17.61,0
1758269120,17.61,17.61,17.61,17.61,0
1758269125,17.61,17.61,17.61,17.61,0
1758269130,17.61,17.61,17.61,17.61,0
1758269135,17.61,17.61,17.61,17.61,0
1758269140,17.61,17.61,17.61,17.61,0
1758269145,17.61,17.61,17.61,17.61,0
1758269150,17.61,17.61,17.61,17.61,0
1758269155,17.61,17.61,17.61,17.61,0
1758269160,17.61,17.61,17.61,17.61,0
1758269165,17.61,17.61,17.61,17.61,0
1758269170,17.61,17.61,17.61,17.61,0
1758269175,17.61,17.61,17.61,17.61,0
1758269180,17.61,17.61,17.61,17.61,0
1758269185,17.61,17.61,17.61,17.61,0
1758269190,17.61,17.61,17.61,17.61,0
1758269195,17.61,17.61,17.61,17.61,0
1758269200,17.61,17.61,17.61,17.61,0
1758269205,17.61,17.61,17.61,17.61,0
1758269210,17.61,17.61,17.61,17.61,0
1758269215,17.61,17.61,17.61,17.61,0
1758269220,17.61,17.61,17.61,17.61,0
1758269225,17.61,17.61,17.61,17.61,0
1758269230,17.61,17.61,17.61,17.61,0
1758269235,17.61,17.61,17.61,17.61,0
1758269240,17.61,17.61,17.61,17.61,0
1758269245,17.61,17.61,17.61,17.61,0
1758269250,17.61,17.61,17.61,17.61,0
1758269255,17.61,17.61,17.61,17.61,0
1758269260,17.61,17.61,17.61,17.61,0
1758269265,17.61,17.61,17.61,17.61,0
1758269270,17.61,17.61,17.61,17.61,0
1758269275,17.61,17.61,17.61,17.61,0
1758269280,17.61,17.61,17.61,17.61,0
1758269285,17.61,17.61,17.61,17.61,0
1758269290,17.61,17.61,17.61,17.61,0
1758269295,17.61,17.61,17.61,17.61,0
1758269300,17.61,17.61,17.61,17.61,0
1758269305,17.61,17.61,17.61,17.61,0
1758269310,17.61,17.61,17.61,17.61,0
1758269315,17.61,17.61,17.61,17.61,0
1758269320,17.61,17.61,17.61,17.61,0
1758269325,17.61,17.61,17.61,17.61,0
1758269330,17.61,17.61,17.61,17.61,0
1758269335,17.61,17.61,17.61,17.61,0
1758269340,17.61,17.61,17.61,17.61,0
1758269345,17.61,17.61,17.61,17.61,0
1758269350,17.61,17.61,17.61,17.61,0
1758269355,17.61,17.61,17.61,17.61,0
1758269360,17.61,17.61,17.61,17.61,0
1758269365,17.61,17.61,17.61,17.61,0
1758269370,17.61,17.61,17.61,17.61,0
1758269375,17.61,17.61,17.61,17.61,0
1758269380,17.61,17.61,17.61,17.61,0
1758269385,17.61,17.61,17.61,17.61,0
1758269390,17.61,17.61,17.61,17.61,0
1758269395,17.61,17.61,17.61,17.61,0
1758269400,17.61,17.61,17.61,17.61,0
1758269405,17.61,17.61,17.61,17.61,0
1758269410,17.61,17.61,17.61,17.61,0
1758269415,17.61,17.61,17.61,17.61,0
1758269420,17.61,17.61,17.61,17.61,0
1758269425,17.61,17.61,17.61,17.61,0
1758269430,17.61,17.61,17.61,17.61,0
1758269435,17.61,17.61,17.61,17.61,0
1758269440,17.61,17.61,17.61,17.61,0
1758269445,17.61,17.61,17.61,17.61,0
1758269450,17.61,17.61,17.61,17.61,0
1758269455,17.61,17.61,17.61,17.61,0
1758269460,17.61,17.61,17.61,17.61,0
1758269465,17.61,17.61,17.61,17.61,0
1758269470,17.61,17.61,17.61,17.61,0
1758269475,17.61,17.61,17.61,17.61,0
1758269480,17.61,17.61,17.61,17.61,0
1758269485,17.61,17.61,17.61,17.61,0
1758269490,17.61,17.61,17.61,17.61,0
1758269495,17.61,17.61,17.61,17.61,0
1758269500,17.61,17.61,17.61,17.61,0
1758269505,17.61,17.61,17.61,17.61,0
1758269510,17.61,17.61,17.61,17.61,0
1758269515,17.61,17.61,17.61,17.61,0
1758269520,17.61,17.61,17.61,17.61,0
1758269525,17.61,17.61,17.61,17.61,0
1758269530,17.61,17.61,17.61,17.61,0
1758269535,17.61,17.61,17.61,17.61,0
1758269540,17.61,17.61,17.61,17.61,0
1758269545,17.61,17.61,17.61,17.61,0
1758269550,17.61,17.61,17.61,17.61,0
1758269555,17.61,17.61,17.61,17.61,0
1758269560,17.61,17.61,17.61,17.61,0
1758269565,17.6,17.6,17.6,17.6,1
1758269570,17.6,17.6,17.6,17.6,0
1758269575,17.6,17.6,17.6,17.6,0
1758269580,17.6,17.6,17.6,17.6,0
1758269585,17.6,17.6,17.6,17.6,0
1758269590,17.6,17.6,17.6,17.6,0
1758269595,17.6,17.6,17.6,17.6,0
1758269600,17.6,17.6,17.6,17.6,0
1758269605,17.6,17.6,17.6,17.6,0
1758269610,17.6,17.6,17.6,17.6,0
1758269615,17.6,17.6,17.6,17.6,0
1758269620,17.6,17.6,17.6,17.6,0
1758269625,17.6,17.6,17.6,17.6,0
1758269630,17.6,17.6,17.6,17.6,0
1758269635,17.6,17.6,17.6,17.6,0
1758269640,17.6,17.6,17.6,17.6,0
1758269645,17.6,17.6,17.6,17.6,0
1758269650,17.6,17.6,17.6,17.6,0
1758269655,17.6,17.6,17.6,17.6,0
1758269660,17.6,17.6,17.6,17.6,0
1758269665,17.6,17.6,17.6,17.6,0
1758269670,17.6,17.6,17.6,17.6,0
1758269675,17.6,17.6,17.6,17.6,0
1758269680,17.6,17.6,17.6,17.6,0
1758269685,17.6,17.6,17.6,17.6,0
1758269690,17.6,17.6,17.6,17.6,0
1758269695,17.6,17.6,17.6,17.6,0
1758269700,17.6,17.6,17.6,17.6,0
1758269705,17.6,17.6,17.6,17.6,0
1758269710,17.6,17.6,17.6,17.6,0
1758269715,17.6,17.6,17.6,17.6,0
1758269720,17.6,17.6,17.6,17.6,0
1758269725,17.6,17.6,17.6,17.6,0
1758269730,17.6,17.6,17.6,17.6,0
1758269735,17.6,17.6,17.6,17.6,0
1758269740,17.6,17.6,17.6,17.6,0
1758269745,17.6,17.6,17.6,17.6,0
1758269750,17.6,17.6,17.6,17.6,0
1758269755,17.6,17.6,17.6,17.6,0
1758269760,17.6,17.6,17.6,17.6,0
1758269765,17.6,17.6,17.6,17.6,0
1758269770,17.6,17.6,17.6,17.6,0
1758269775,17.6,17.6,17.6,17.6,0
1758269780,17.6,17.6,17.6,17.6,0
1758269785,17.6,17.6,17.6,17.6,0
1758269790,17.6,17.6,17.6,17.6,0
1758269795,17.6,17.6,17.6,17.6,0
1758269800,17.6,17.6,17.6,17.6,0
1758269805,17.6,17.6,17.6,17.6,0
1758269810,17.6,17.6,17.6,17.6,0
1758269815,17.6,17.6,17.6,17.6,0
1758269820,17.6,17.6,17.6,17.6,0
1758269825,17.6,17.6,17.6,17.6,1
1758269830,17.6,17.6,17.6,17.6,0
1758269835,17.6,17.6,17.6,17.6,0
1758269840,17.6,17.6,17.6,17.6,0
1758269845,17.6,17.6,17.6,17.6,0
1758269850,17.6,17.6,17.6,17.6,0
1758269855,17.6,17.6,17.6,17.6,0
1758269860,17.6,17.6,17.6,17.6,0
1758269865,17.6,17.6,17.6,17.6,0
1758269870,17.6,17.6,17.6,17.6,0
1758269875,17.6,17.6,17.6,17.6,0
1758269880,17.6,17.6,17.6,17.6,0
1758269885,17.6,17.6,17.6,17.6,0
1758269890,17.6,17.6,17.6,17.6,0
1758269895,17.6,17.6,17.6,17.6,0
1758269900,17.6,17.6,17.6,17.6,0
1758269905,17.6,17.6,17.6,17.6,0
1758269910,17.6,17.6,17.6,17.6,0
1758269915,17.6,17.6,17.6,17.6,0
1758269920,17.6,17.6,17.6,17.6,0
1758269925,17.6,17.6,17.6,17.6,0
1758269930,17.6,17.6,17.6,17.6,0
1758269935,17.6,17.6,17.6,17.6,0
1758269940,17.6,17.6,17.6,17.6,0
1758269945,17.6,17.6,17.6,17.6,0
1758269950,17.6,17.6,17.6,17.6,0
1758269955,17.6,17.6,17.6,17.6,0
1758269960,17.6,17.6,17.6,17.6,0
1758269965,17.6,17.6,17.6,17.6,0
1758269970,17.6,17.6,17.6,17.6,0
1758269975,17.6,17.6,17.6,17.6,0
1758269980,17.6,17.6,17.6,17.6,0
1758269985,17.6,17.6,17.6,17.6,0
1758269990,17.6,17.6,17.6,17.6,0
1758269995,17.6,17.6,17.6,17.6,0
1758270000,17.6,17.6,17.6,17.6,0
1758270005,17.6,17.6,17.6,17.6,0
1758270010,17.6,17.6,17.6,17.6,0
1758270015,17.6,17.6,17.6,17.6,0
1758270020,17.6,17.6,17.6,17.6,0
1758270025,17.6,17.6,17.6,17.6,0
1758270030,17.6,17.6,17.6,17.6,0
1758270035,17.6,17.6,17.6,17.6,0
1758270040,17.6,17.6,17.6,17.6,0
1758270045,17.6,17.6,17.6,17.6,0
1758270050,17.6,17.6,17.6,17.6,0
1758270055,17.6,17.6,17.6,17.6,0
1758270060,17.6,17.6,17.6,17.6,0
1758270065,17.6,17.6,17.6,17.6,0
1758270070,17.6,17.6,17.6,17.6,0
1758270075,17.6,17.6,17.6,17.6,0
1758270080,17.6,17.6,17.6,17.6,0
1758270085,17.6,17.6,17.6,17.6,0
1758270090,17.6,17.6,17.6,17.6,0
1758270095,17.6,17.6,17.6,17.6,0
1758270100,17.6,17.6,17.6,17.6,0
1758270105,17.6,17.6,17.6,17.6,0
1758270110,17.6,17.6,17.6,17.6,0
1758270115,17.6,17.6,17.6,17.6,0
1758270120,17.6,17.6,17.6,17.6,0
1758270125,17.6,17.6,17.6,17.6,0
1758270130,17.6,17.6,17.6,17.6,0
1758270135,17.6,17.6,17.6,17.6,0
1758270140,17.6,17.6,17.6,17.6,0
1758270145,17.6,17.6,17.6,17.6,0
1758270150,17.6,17.6,17.6,17.6,0
1758270155,17.6,17.6,17.6,17.6,0
1758270160,17.6,17.6,17.6,17.6,0
1758270165,17.6,17.6,17.6,17.6,0
1758270170,17.6,17.6,17.6,17.6,0
1758270175,17.6,17.6,17.6,17.6,0
1758270180,17.6,17.6,17.6,17.6,0
1758270185,17.6,17.6,17.6,17.6,0
1758270190,17.6,17.6,17.6,17.6,0
1758270195,17.6,17.6,17.6,17.6,0
1758270200,17.6,17.6,17.6,17.6,0
1758270205,17.6,17.6,17.6,17.6,0
1758270210,17.6,17.6,17.6,17.6,0
1758270215,17.6,17.6,17.6,17.6,0
1758270220,17.6,17.6,17.6,17.6,0
1758270225,17.6,17.6,17.6,17.6,0
1758270230,17.6,17.6,17.6,17.6,0
1758270235,17.6,17.6,17.6,17.6,0
1758270240,17.6,17.6,17.6,17.6,0
1758270245,17.6,17.6,17.6,17.6,0
1758270250,17.58,17.58,17.58,17.58,1
1758270255,17.58,17.58,17.58,17.58,0
1758270260,17.58,17.58,17.58,17.58,0
1758270265,17.58,17.58,17.58,17.58,0
1758270270,17.58,17.58,17.58,17.58,0
1758270275,17.58,17.58,17.58,17.58,0
1758270280,17.58,17.58,17.58,17.58,0
1758270285,17.58,17.58,17.58,17.58,0
1758270290,17.58,17.58,17.58,17.58,0
1758270295,17.58,17.58,17.58,17.58,0
1758270300,17.58,17.58,17.58,17.58,0
1758270305,17.58,17.58,17.58,17.58,0
1758270310,17.58,17.58,17.58,17.58,0
1758270315,17.58,17.58,17.58,17.58,0
1758270320,17.58,17.58,17.58,17.58,0
1758270325,17.58,17.58,17.58,17.58,0
1758270330,17.58,17.58,17.58,17.58,0
1758270335,17.58,17.58,17.58,17.58,0
1758270340,17.58,17.58,17.58,17.58,0
1758270345,17.58,17.58,17.58,17.58,0
1758270350,17.58,17.58,17.58,17.58,0
1758270355,17.58,17.58,17.58,17.58,0
1758270360,17.58,17.58,17.58,17.58,0
1758270365,17.58,17.58,17.58,17.58,0
1758270370,17.58,17.58,17.58,17.58,0
1758270375,17.58,17.58,17.58,17.58,0
1758270380,17.58,17.58,17.58,17.58,0
1758270385,17.58,17.58,17.58,17.58,0
1758270390,17.58,17.58,17.58,17.58,0
1758270395,17.58,17.58,17.58,17.58,0
1758270400,17.58,17.58,17.58,17.58,0
1758270405,17.58,17.58,17.58,17.58,0
1758270410,17.58,17.58,17.58,17.58,0
1758270415,17.58,17.58,17.58,17.58,0
1758270420,17.58,17.58,17.58,17.58,0
1758270425,17.58,17.58,17.58,17.58,0
1758270430,17.58,17.58,17.58,17.58,0
1758270435,17.58,17.58,17.58,17.58,0
1758270440,17.58,17.58,17.58,17.58,0
1758270445,17.58,17.58,17.58,17.58,0
1758270450,17.58,17.58,17.58,17.58,0
1758270455,17.61,17.63,17.61,17.63,30
1758270460,17.63,17.63,17.63,17.63,0
1758270465,17.63,17.63,17.63,17.63,0
1758270470,17.63,17.63,17.63,17.63,0
1758270475,17.63,17.63,17.63,17.63,0
1758270480,17.63,17.63,17.63,17.63,0
1758270485,17.63,17.63,17.63,17.63,0
1758270490,17.63,17.63,17.63,17.63,0
1758270495,17.63,17.63,17.63,17.63,0
1758270500,17.63,17.63,17.63,17.63,0
1758270505,17.63,17.63,17.63,17.63,0
1758270510,17.63,17.63,17.63,17.63,0
1758270515,17.63,17.63,17.63,17.63,0
1758270520,17.63,17.63,17.63,17.63,0
1758270525,17.63,17.63,17.63,17.63,0
1758270530,17.63,17.63,17.63,17.63,0
1758270535,17.63,17.63,17.63,17.63,0
1758270540,17.63,17.63,17.63,17.63,0
1758270545,17.63,17.63,17.63,17.63,0
1758270550,17.63,17.63,17.63,17.63,0
1758270555,17.63,17.63,17.63,17.63,0
1758270560,17.63,17.63,17.63,17.63,0
1758270565,17.63,17.63,17.63,17.63,0
1758270570,17.63,17.63,17.63,17.63,0
1758270575,17.63,17.63,17.63,17.63,0
1758270580,17.63,17.63,17.63,17.63,0
1758270585,17.63,17.63,17.63,17.63,0
1758270590,17.63,17.63,17.63,17.63,0
1758270595,17.63,17.63,17.63,17.63,0
1758270600,17.63,17.63,17.63,17.63,0
1758270605,17.63,17.63,17.63,17.63,0
1758270610,17.63,17.63,17.63,17.63,0
1758270615,17.63,17.63,17.63,17.63,0
1758270620,17.63,17.63,17.63,17.63,0
1758270625,17.63,17.63,17.63,17.63,0
1758270630,17.63,17.63,17.63,17.63,0
1758270635,17.63,17.63,17.63,17.63,0
1758270640,17.63,17.63,17.63,17.63,0
1758270645,17.63,17.63,17.63,17.63,0
1758270650,17.63,17.63,17.63,17.63,0
1758270655,17.63,17.63,17.63,17.63,0
1758270660,17.63,17.63,17.63,17.63,0
1758270665,17.63,17.63,17.63,17.63,0
1758270670,17.63,17.63,17.63,17.63,0
1758270675,17.63,17.63,17.63,17.63,0
1758270680,17.63,17.63,17.63,17.63,0
1758270685,17.63,17.63,17.63,17.63,0
1758270690,17.63,17.63,17.63,17.63,0
1758270695,17.63,17.63,17.63,17.63,0
1758270700,17.63,17.63,17.63,17.63,0
1758270705,17.63,17.63,17.63,17.63,0
1758270710,17.63,17.63,17.63,17.63,0
1758270715,17.63,17.63,17.63,17.63,0
1758270720,17.63,17.63,17.63,17.63,0
1758270725,17.63,17.63,17.63,17.63,0
1758270730,17.63,17.63,17.63,17.63,0
1758270735,17.63,17.63,17.63,17.63,0
1758270740,17.63,17.63,17.63,17.63,0
1758270745,17.63,17.63,17.63,17.63,0
1758270750,17.63,17.63,17.63,17.63,0
1758270755,17.63,17.63,17.63,17.63,0
1758270760,17.63,17.63,17.63,17.63,0
1758270765,17.63,17.63,17.63,17.63,0
1758270770,17.63,17.63,17.63,17.63,0
1758270775,17.63,17.63,17.63,17.63,0
1758270780,17.63,17.63,17.63,17.63,0
1758270785,17.63,17.63,17.63,17.63,0
1758270790,17.63,17.63,17.63,17.63,0
1758270795,17.63,17.63,17.63,17.63,0
1758270800,17.63,17.63,17.63,17.63,0
1758270805,17.63,17.63,17.63,17.63,0
1758270810,17.63,17.63,17.63,17.63,0
1758270815,17.63,17.63,17.63,17.63,0
1758270820,17.63,17.63,17.63,17.63,0
1758270825,17.63,17.63,17.63,17.63,0
1758270830,17.63,17.63,17.63,17.63,0
1758270835,17.63,17.63,17.63,17.63,0
1758270840,17.63,17.63,17.63,17.63,0
1758270845,17.63,17.63,17.63,17.63,0
1758270850,17.63,17.63,17.63,17.63,0
1758270855,17.63,17.63,17.63,17.63,0
1758270860,17.63,17.63,17.63,17.63,0
1758270865,17.63,17.63,17.63,17.63,0
1758270870,17.63,17.63,17.63,17.63,0
1758270875,17.63,17.63,17.63,17.63,0
1758270880,17.63,17.63,17.63,17.63,0
1758270885,17.63,17.63,17.63,17.63,0
1758270890,17.63,17.63,17.63,17.63,0
1758270895,17.63,17.63,17.63,17.63,0
1758270900,17.63,17.63,17.63,17.63,0
1758270905,17.63,17.63,17.63,17.63,0
1758270910,17.63,17.63,17.63,17.63,0
1758270915,17.63,17.63,17.63,17.63,0
1758270920,17.63,17.63,17.63,17.63,0
1758270925,17.63,17.63,17.63,17.63,0
1758270930,17.63,17.63,17.63,17.63,0
1758270935,17.63,17.63,17.63,17.63,0
1758270940,17.63,17.63,17.63,17.63,0
1758270945,17.63,17.63,17.63,17.63,0
1758270950,17.63,17.63,17.63,17.63,0
1758270955,17.63,17.63,17.63,17.63,0
1758270960,17.63,17.63,17.63,17.63,0
1758270965,17.63,17.63,17.63,17.63,0
1758270970,17.63,17.63,17.63,17.63,0
1758270975,17.63,17.63,17.63,17.63,0
1758270980,17.63,17.63,17.63,17.63,0
1758270985,17.63,17.63,17.63,17.63,0
1758270990,17.63,17.63,17.63,17.63,0
1758270995,17.63,17.63,17.63,17.63,0
1758271000,17.63,17.63,17.63,17.63,0
1758271005,17.63,17.63,17.63,17.63,0
1758271010,17.63,17.63,17.63,17.63,0
1758271015,17.63,17.63,17.63,17.63,0
1758271020,17.63,17.63,17.63,17.63,0
1758271025,17.63,17.63,17.63,17.63,0
1758271030,17.63,17.63,17.63,17.63,0
1758271035,17.63,17.63,17.63,17.63,0
1758271040,17.63,17.63,17.63,17.63,0
1758271045,17.63,17.63,17.63,17.63,0
1758271050,17.63,17.63,17.63,17.63,0
1758271055,17.63,17.63,17.63,17.63,0
1758271060,17.63,17.63,17.63,17.63,0
1758271065,17.63,17.63,17.63,17.63,0
1758271070,17.63,17.63,17.63,17.63,0
1758271075,17.63,17.63,17.63,17.63,0
1758271080,17.63,17.63,17.63,17.63,0
1758271085,17.63,17.63,17.63,17.63,0
1758271090,17.63,17.63,17.63,17.63,0
1758271095,17.63,17.63,17.63,17.63,0
1758271100,17.63,17.63,17.63,17.63,0
1758271105,17.63,17.63,17.63,17.63,0
1758271110,17.63,17.63,17.63,17.63,0
1758271115,17.63,17.63,17.63,17.63,0
1758271120,17.63,17.63,17.63,17.63,0
1758271125,17.63,17.63,17.63,17.63,0
1758271130,17.63,17.63,17.63,17.63,0
1758271135,17.63,17.63,17.63,17.63,0
1758271140,17.63,17.63,17.63,17.63,0
1758271145,17.63,17.63,17.63,17.63,0
1758271150,17.63,17.63,17.63,17.63,0
1758271155,17.63,17.63,17.63,17.63,0
1758271160,17.63,17.63,17.63,17.63,0
1758271165,17.63,17.63,17.63,17.63,0
1758271170,17.63,17.63,17.63,17.63,0
1758271175,17.63,17.63,17.63,17.63,0
1758271180,17.63,17.63,17.63,17.63,0
1758271185,17.63,17.63,17.63,17.63,0
1758271190,17.63,17.63,17.63,17.63,0
1758271195,17.63,17.63,17.63,17.63,0
1758271200,17.63,17.63,17.63,17.63,0
1758271205,17.63,17.63,17.63,17.63,0
1758271210,17.63,17.63,17.63,17.63,0
1758271215,17.63,17.63,17.63,17.63,0
1758271220,17.63,17.63,17.63,17.63,0
1758271225,17.63,17.63,17.63,17.63,0
1758271230,17.63,17.63,17.63,17.63,0
1758271235,17.63,17.63,17.63,17.63,0
1758271240,17.63,17.63,17.63,17.63,0
1758271245,17.63,17.63,17.63,17.63,0
1758271250,17.63,17.63,17.63,17.63,0
1758271255,17.63,17.63,17.63,17.63,0
1758271260,17.63,17.63,17.63,17.63,0
1758271265,17.63,17.63,17.63,17.63,0
1758271270,17.63,17.63,17.63,17.63,0
1758271275,17.63,17.63,17.63,17.63,0
1758271280,17.63,17.63,17.63,17.63,0
1758271285,17.63,17.63,17.63,17.63,0
1758271290,17.63,17.63,17.63,17.63,0
1758271295,17.63,17.63,17.63,17.63,0
1758271300,17.63,17.63,17.63,17.63,0
1758271305,17.63,17.63,17.63,17.63,0
1758271310,17.63,17.63,17.63,17.63,0
1758271315,17.63,17.63,17.63,17.63,0
1758271320,17.63,17.63,17.63,17.63,0
1758271325,17.63,17.63,17.63,17.63,0
1758271330,17.63,17.63,17.63,17.63,0
1758271335,17.63,17.63,17.63,17.63,0
1758271340,17.63,17.63,17.63,17.63,0
1758271345,17.63,17.63,17.63,17.63,0
1758271350,17.63,17.63,17.63,17.63,0
1758271355,17.63,17.63,17.63,17.63,0
1758271360,17.63,17.63,17.63,17.63,0
1758271365,17.63,17.63,17.63,17.63,0
1758271370,17.63,17.63,17.63,17.63,0
1758271375,17.63,17.63,17.63,17.63,0
1758271380,17.63,17.63,17.63,17.63,0
1758271385,17.63,17.63,17.63,17.63,0
1758271390,17.63,17.63,17.63,17.63,0
1758271395,17.63,17.63,17.63,17.63,0
1758271400,17.63,17.63,17.63,17.63,0
1758271405,17.63,17.63,17.63,17.63,0
1758271410,17.63,17.63,17.63,17.63,0
1758271415,17.63,17.63,17.63,17.63,0
1758271420,17.63,17.63,17.63,17.63,0
1758271425,17.63,17.63,17.63,17.63,0
1758271430,17.63,17.63,17.63,17.63,0
1758271435,17.63,17.63,17.63,17.63,0
1758271440,17.63,17.63,17.63,17.63,0
1758271445,17.63,17.63,17.63,17.63,0
1758271450,17.63,17.63,17.63,17.63,0
1758271455,17.63,17.63,17.63,17.63,0
1758271460,17.63,17.63,17.63,17.63,0
1758271465,17.63,17.63,17.63,17.63,0
1758271470,17.63,17.63,17.63,17.63,0
1758271475,17.63,17.63,17.63,17.63,0
1758271480,17.63,17.63,17.63,17.63,0
1758271485,17.63,17.63,17.63,17.63,0
1758271490,17.63,17.63,17.63,17.63,0
1758271495,17.63,17.63,17.63,17.63,0
1758271500,17.63,17.63,17.63,17.63,0
1758271505,17.63,17.63,17.63,17.63,0
1758271510,17.63,17.63,17.63,17.63,0
1758271515,17.63,17.63,17.63,17.63,0
1758271520,17.63,17.63,17.63,17.63,0
1758271525,17.63,17.63,17.63,17.63,0
1758271530,17.63,17.63,17.63,17.63,0
1758271535,17.63,17.63,17.63,17.63,0
1758271540,17.63,17.63,17.63,17.63,0
1758271545,17.63,17.63,17.63,17.63,0
1758271550,17.63,17.63,17.63,17.63,0
1758271555,17.63,17.63,17.63,17.63,0
1758271560,17.63,17.63,17.63,17.63,0
1758271565,17.63,17.63,17.63,17.63,0
1758271570,17.63,17.63,17.63,17.63,0
1758271575,17.63,17.63,17.63,17.63,0
1758271580,17.63,17.63,17.63,17.63,0
1758271585,17.63,17.63,17.63,17.63,0
1758271590,17.63,17.63,17.63,17.63,0
1758271595,17.63,17.63,17.63,17.63,0
1758271600,17.63,17.63,17.63,17.63,0
1758271605,17.63,17.63,17.63,17.63,0
1758271610,17.63,17.63,17.63,17.63,0
1758271615,17.63,17.63,17.63,17.63,0
1758271620,17.63,17.63,17.63,17.63,0
1758271625,17.63,17.63,17.63,17.63,0
1758271630,17.63,17.63,17.63,17.63,0
1758271635,17.63,17.63,17.63,17.63,0
1758271640,17.63,17.63,17.63,17.63,0
1758271645,17.63,17.63,17.63,17.63,0
1758271650,17.63,17.63,17.63,17.63,0
1758271655,17.63,17.63,17.63,17.63,0
1758271660,17.63,17.63,17.63,17.63,0
1758271665,17.63,17.63,17.63,17.63,0
1758271670,17.63,17.63,17.63,17.63,0
1758271675,17.63,17.63,17.63,17.63,0
1758271680,17.63,17.63,17.63,17.63,0
1758271685,17.63,17.63,17.63,17.63,0
1758271690,17.63,17.63,17.63,17.63,0
1758271695,17.63,17.63,17.63,17.63,0
1758271700,17.63,17.63,17.63,17.63,0
1758271705,17.63,17.63,17.63,17.63,0
1758271710,17.63,17.63,17.63,17.63,0
1758271715,17.63,17.63,17.63,17.63,0
1758271720,17.63,17.63,17.63,17.63,0
1758271725,17.63,17.63,17.63,17.63,0
1758271730,17.63,17.63,17.63,17.63,0
1758271735,17.63,17.63,17.63,17.63,0
1758271740,17.63,17.63,17.63,17.63,0
1758271745,17.63,17.63,17.63,17.63,0
1758271750,17.63,17.63,17.63,17.63,0
1758271755,17.63,17.63,17.63,17.63,0
1758271760,17.63,17.63,17.63,17.63,0
1758271765,17.65,17.65,17.65,17.65,2
1758271770,17.65,17.65,17.65,17.65,0
1758271775,17.65,17.65,17.65,17.65,0
1758271780,17.65,17.65,17.65,17.65,0
1758271785,17.65,17.65,17.65,17.65,0
1758271790,17.65,17.65,17.65,17.65,0
1758271795,17.65,17.65,17.65,17.65,0
1758271800,17.65,17.65,17.65,17.65,0
1758271805,17.65,17.65,17.65,17.65,0
1758271810,17.65,17.65,17.65,17.65,0
1758271815,17.65,17.65,17.65,17.65,0
1758271820,17.65,17.65,17.65,17.65,0
1758271825,17.65,17.65,17.65,17.65,0
1758271830,17.65,17.65,17.65,17.65,0
1758271835,17.65,17.65,17.65,17.65,0
1758271840,17.65,17.65,17.65,17.65,0
1758271845,17.65,17.65,17.65,17.65,0
1758271850,17.65,17.65,17.65,17.65,0
1758271855,17.65,17.65,17.65,17.65,0
1758271860,17.65,17.65,17.65,17.65,0
1758271865,17.65,17.65,17.65,17.65,0
1758271870,17.65,17.65,17.65,17.65,0
1758271875,17.65,17.65,17.65,17.65,0
1758271880,17.65,17.65,17.65,17.65,0
1758271885,17.65,17.65,17.65,17.65,0
1758271890,17.65,17.65,17.65,17.65,0
1758271895,17.65,17.65,17.65,17.65,0
1758271900,17.65,17.65,17.65,17.65,0
1758271905,17.65,17.65,17.65,17.65,0
1758271910,17.65,17.65,17.65,17.65,0
1758271915,17.65,17.65,17.65,17.65,0
1758271920,17.65,17.65,17.65,17.65,0
1758271925,17.65,17.65,17.65,17.65,0
1758271930,17.65,17.65,17.65,17.65,0
1758271935,17.65,17.65,17.65,17.65,0
1758271940,17.65,17.65,17.65,17.65,0
1758271945,17.65,17.65,17.65,17.65,0
1758271950,17.65,17.65,17.65,17.65,0
1758271955,17.65,17.65,17.65,17.65,0
1758271960,17.65,17.65,17.65,17.65,0
1758271965,17.65,17.65,17.65,17.65,0
1758271970,17.65,17.65,17.65,17.65,0
1758271975,17.65,17.65,17.65,17.65,0
1758271980,17.65,17.65,17.65,17.65,0
1758271985,17.65,17.65,17.65,17.65,0
1758271990,17.65,17.65,17.65,17.65,0
1758271995,17.65,17.65,17.65,17.65,0
1758272000,17.65,17.65,17.65,17.65,0
1758272005,17.65,17.65,17.65,17.65,0
1758272010,17.65,17.65,17.65,17.65,0
1758272015,17.65,17.65,17.65,17.65,0
1758272020,17.65,17.65,17.65,17.65,0
1758272025,17.65,17.65,17.65,17.65,0
1758272030,17.65,17.65,17.65,17.65,0
1758272035,17.65,17.65,17.65,17.65,0
1758272040,17.65,17.65,17.65,17.65,0
1758272045,17.65,17.65,17.65,17.65,0
1758272050,17.65,17.65,17.65,17.65,0
1758272055,17.65,17.65,17.65,17.65,0
1758272060,17.65,17.65,17.65,17.65,0
1758272065,17.65,17.65,17.65,17.65,0
1758272070,17.65,17.65,17.65,17.65,0
1758272075,17.65,17.65,17.65,17.65,0
1758272080,17.65,17.65,17.65,17.65,0
1758272085,17.65,17.65,17.65,17.65,0
1758272090,17.65,17.65,17.65,17.65,0
1758272095,17.65,17.65,17.65,17.65,0
1758272100,17.65,17.65,17.65,17.65,0
1758272105,17.65,17.65,17.65,17.65,0
1758272110,17.65,17.65,17.65,17.65,0
1758272115,17.65,17.65,17.65,17.65,0
1758272120,17.65,17.65,17.65,17.65,0
1758272125,17.65,17.65,17.65,17.65,0
1758272130,17.65,17.65,17.65,17.65,0
1758272135,17.65,17.65,17.65,17.65,0
1758272140,17.65,17.65,17.65,17.65,0
1758272145,17.65,17.65,17.65,17.65,0
1758272150,17.65,17.65,17.65,17.65,0
1758272155,17.65,17.65,17.65,17.65,0
1758272160,17.65,17.65,17.65,17.65,0
1758272165,17.65,17.65,17.65,17.65,0
1758272170,17.65,17.65,17.65,17.65,0
1758272175,17.65,17.65,17.65,17.65,0
1758272180,17.65,17.65,17.65,17.65,0
1758272185,17.65,17.65,17.65,17.65,0
1758272190,17.65,17.65,17.65,17.65,0
1758272195,17.65,17.65,17.65,17.65,0
1758272200,17.65,17.65,17.65,17.65,0
1758272205,17.65,17.65,17.65,17.65,0
1758272210,17.65,17.65,17.65,17.65,0
1758272215,17.65,17.65,17.65,17.65,0
1758272220,17.65,17.65,17.65,17.65,0
1758272225,17.65,17.65,17.65,17.65,0
1758272230,17.65,17.65,17.65,17.65,0
1758272235,17.65,17.65,17.65,17.65,0
1758272240,17.65,17.65,17.65,17.65,0
1758272245,17.65,17.65,17.65,17.65,0
1758272250,17.65,17.65,17.65,17.65,0
1758272255,17.65,17.65,17.65,17.65,0
1758272260,17.65,17.65,17.65,17.65,0
1758272265,17.65,17.65,17.65,17.65,0
1758272270,17.65,17.65,17.65,17.65,0
1758272275,17.65,17.65,17.65,17.65,0
1758272280,17.65,17.65,17.65,17.65,0
1758272285,17.65,17.65,17.65,17.65,0
1758272290,17.65,17.65,17.65,17.65,0
1758272295,17.65,17.65,17.65,17.65,0
1758272300,17.65,17.65,17.65,17.65,0
1758272305,17.65,17.65,17.65,17.65,0
1758272310,17.65,17.65,17.65,17.65,0
1758272315,17.65,17.65,17.65,17.65,0
1758272320,17.65,17.65,17.65,17.65,0
1758272325,17.65,17.65,17.65,17.65,0
1758272330,17.65,17.65,17.65,17.65,0
1758272335,17.65,17.65,17.65,17.65,0
1758272340,17.65,17.65,17.65,17.65,0
1758272345,17.65,17.65,17.65,17.65,0
1758272350,17.65,17.65,17.65,17.65,0
1758272355,17.65,17.65,17.65,17.65,0
1758272360,17.65,17.65,17.65,17.65,0
1758272365,17.65,17.65,17.65,17.65,0
1758272370,17.65,17.65,17.65,17.65,0
1758272375,17.65,17.65,17.65,17.65,0
1758272380,17.65,17.65,17.65,17.65,0
1758272385,17.65,17.65,17.65,17.65,0
1758272390,17.65,17.65,17.65,17.65,0
1758272395,17.65,17.65,17.65,17.65,0
1758272400,17.65,17.65,17.65,17.65,0
1758272405,17.65,17.65,17.65,17.65,0
1758272410,17.65,17.65,17.65,17.65,0
1758272415,17.65,17.65,17.65,17.65,0
1758272420,17.65,17.65,17.65,17.65,0
1758272425,17.65,17.65,17.65,17.65,0
1758272430,17.65,17.65,17.65,17.65,0
1758272435,17.65,17.65,17.65,17.65,0
1758272440,17.65,17.65,17.65,17.65,0
1758272445,17.65,17.65,17.65,17.65,0
1758272450,17.65,17.65,17.65,17.65,0
1758272455,17.65,17.65,17.65,17.65,0
1758272460,17.65,17.65,17.65,17.65,0
1758272465,17.65,17.65,17.65,17.65,0
1758272470,17.65,17.65,17.65,17.65,0
1758272475,17.65,17.65,17.65,17.65,0
1758272480,17.65,17.65,17.65,17.65,0
1758272485,17.65,17.65,17.65,17.65,0
1758272490,17.65,17.65,17.65,17.65,0
1758272495,17.65,17.65,17.65,17.65,0
1758272500,17.65,17.65,17.65,17.65,0
1758272505,17.65,17.65,17.65,17.65,0
1758272510,17.65,17.65,17.65,17.65,0
1758272515,17.65,17.65,17.65,17.65,0
1758272520,17.65,17.65,17.65,17.65,0
1758272525,17.65,17.65,17.65,17.65,0
1758272530,17.65,17.65,17.65,17.65,0
1758272535,17.65,17.65,17.65,17.65,0
1758272540,17.65,17.65,17.65,17.65,0
1758272545,17.65,17.65,17.65,17.65,0
1758272550,17.65,17.65,17.65,17.65,0
1758272555,17.65,17.65,17.65,17.65,0
1758272560,17.65,17.65,17.65,17.65,0
1758272565,17.65,17.65,17.65,17.65,0
1758272570,17.65,17.65,17.65,17.65,0
1758272575,17.65,17.65,17.65,17.65,0
1758272580,17.65,17.65,17.65,17.65,0
1758272585,17.65,17.65,17.65,17.65,0
1758272590,17.65,17.65,17.65,17.65,0
1758272595,17.65,17.65,17.65,17.65,0
1758272600,17.65,17.65,17.65,17.65,0
1758272605,17.65,17.65,17.65,17.65,0
1758272610,17.65,17.65,17.65,17.65,0
1758272615,17.65,17.65,17.65,17.65,0
1758272620,17.65,17.65,17.65,17.65,0
1758272625,17.65,17.65,17.65,17.65,0
1758272630,17.65,17.65,17.65,17.65,0
1758272635,17.65,17.65,17.65,17.65,0
1758272640,17.65,17.65,17.65,17.65,0
1758272645,17.65,17.65,17.65,17.65,0
1758272650,17.65,17.65,17.65,17.65,0
1758272655,17.65,17.65,17.65,17.65,0
1758272660,17.65,17.65,17.65,17.65,0
1758272665,17.65,17.65,17.65,17.65,0
1758272670,17.65,17.65,17.65,17.65,0
1758272675,17.65,17.65,17.65,17.65,0
1758272680,17.65,17.65,17.65,17.65,0
1758272685,17.65,17.65,17.65,17.65,0
1758272690,17.65,17.65,17.65,17.65,0
1758272695,17.65,17.65,17.65,17.65,0
1758272700,17.65,17.65,17.65,17.65,0
1758272705,17.65,17.65,17.65,17.65,0
1758272710,17.65,17.65,17.65,17.65,0
1758272715,17.65,17.65,17.65,17.65,0
1758272720,17.65,17.65,17.65,17.65,0
1758272725,17.65,17.65,17.65,17.65,0
1758272730,17.65,17.65,17.65,17.65,0
1758272735,17.65,17.65,17.65,17.65,0
1758272740,17.65,17.65,17.65,17.65,0
1758272745,17.65,17.65,17.65,17.65,0
1758272750,17.65,17.65,17.65,17.65,0
1758272755,17.65,17.65,17.65,17.65,0
1758272760,17.65,17.65,17.65,17.65,0
1758272765,17.65,17.65,17.65,17.65,0
1758272770,17.65,17.65,17.65,17.65,0
1758272775,17.65,17.65,17.65,17.65,0
1758272780,17.65,17.65,17.65,17.65,0
1758272785,17.65,17.65,17.65,17.65,0
1758272790,17.65,17.65,17.65,17.65,0
1758272795,17.65,17.65,17.65,17.65,0
1758272800,17.65,17.65,17.65,17.65,0
1758272805,17.65,17.65,17.65,17.65,0
1758272810,17.65,17.65,17.65,17.65,0
1758272815,17.65,17.65,17.65,17.65,0
1758272820,17.65,17.65,17.65,17.65,0
1758272825,17.65,17.65,17.65,17.65,0
1758272830,17.65,17.65,17.65,17.65,0
1758272835,17.65,17.65,17.65,17.65,0
1758272840,17.65,17.65,17.65,17.65,0
1758272845,17.65,17.65,17.65,17.65,0
1758272850,17.65,17.65,17.65,17.65,0
1758272855,17.65,17.65,17.65,17.65,0
1758272860,17.65,17.65,17.65,17.65,0
1758272865,17.65,17.65,17.65,17.65,0
1758272870,17.65,17.65,17.65,17.65,0
1758272875,17.65,17.65,17.65,17.65,0
1758272880,17.65,17.65,17.65,17.65,0
1758272885,17.65,17.65,17.65,17.65,0
1758272890,17.65,17.65,17.65,17.65,0
1758272895,17.65,17.65,17.65,17.65,0
1758272900,17.65,17.65,17.65,17.65,0
1758272905,17.65,17.65,17.65,17.65,0
1758272910,17.65,17.65,17.65,17.65,0
1758272915,17.65,17.65,17.65,17.65,0
1758272920,17.65,17.65,17.65,17.65,0
1758272925,17.65,17.65,17.65,17.65,0
1758272930,17.65,17.65,17.65,17.65,0
1758272935,17.65,17.65,17.65,17.65,0
1758272940,17.65,17.65,17.65,17.65,0
1758272945,17.65,17.65,17.65,17.65,0
1758272950,17.65,17.65,17.65,17.65,0
1758272955,17.65,17.65,17.65,17.65,0
1758272960,17.65,17.65,17.65,17.65,0
1758272965,17.65,17.65,17.65,17.65,0
1758272970,17.65,17.65,17.65,17.65,0
1758272975,17.65,17.65,17.65,17.65,0
1758272980,17.65,17.65,17.65,17.65,0
1758272985,17.65,17.65,17.65,17.65,0
1758272990,17.65,17.65,17.65,17.65,0
1758272995,17.65,17.65,17.65,17.65,0
1758273000,17.65,17.65,17.65,17.65,0
1758273005,17.65,17.65,17.65,17.65,0
1758273010,17.65,17.65,17.65,17.65,0
1758273015,17.65,17.65,17.65,17.65,0
1758273020,17.65,17.65,17.65,17.65,0
1758273025,17.65,17.65,17.65,17.65,0
1758273030,17.65,17.65,17.65,17.65,0
1758273035,17.65,17.65,17.65,17.65,0
1758273040,17.65,17.65,17.65,17.65,0
1758273045,17.65,17.65,17.65,17.65,0
1758273050,17.65,17.65,17.65,17.65,0
1758273055,17.65,17.65,17.65,17.65,0
1758273060,17.65,17.65,17.65,17.65,0
1758273065,17.65,17.65,17.65,17.65,0
1758273070,17.65,17.65,17.65,17.65,0
1758273075,17.65,17.65,17.65,17.65,0
1758273080,17.65,17.65,17.65,17.65,0
1758273085,17.65,17.65,17.65,17.65,0
1758273090,17.65,17.65,17.65,17.65,0
1758273095,17.65,17.65,17.65,17.65,0
1758273100,17.65,17.65,17.65,17.65,0
1758273105,17.65,17.65,17.65,17.65,0
1758273110,17.65,17.65,17.65,17.65,0
1758273115,17.65,17.65,17.65,17.65,0
1758273120,17.65,17.65,17.65,17.65,0
1758273125,17.65,17.65,17.65,17.65,0
1758273130,17.65,17.65,17.65,17.65,0
1758273135,17.65,17.65,17.65,17.65,0
1758273140,17.65,17.65,17.65,17.65,0
1758273145,17.65,17.65,17.65,17.65,0
1758273150,17.65,17.65,17.65,17.65,0
1758273155,17.65,17.65,17.65,17.65,0
1758273160,17.65,17.65,17.65,17.65,0
1758273165,17.65,17.65,17.65,17.65,0
1758273170,17.65,17.65,17.65,17.65,0
1758273175,17.65,17.65,17.65,17.65,0
1758273180,17.65,17.65,17.65,17.65,0
1758273185,17.65,17.65,17.65,17.65,0
1758273190,17.65,17.65,17.65,17.65,0
1758273195,17.65,17.65,17.65,17.65,0
1758273200,17.65,17.65,17.65,17.65,0
1758273205,17.65,17.65,17.65,17.65,0
1758273210,17.65,17.65,17.65,17.65,0
1758273215,17.65,17.65,17.65,17.65,0
1758273220,17.65,17.65,17.65,17.65,0
1758273225,17.65,17.65,17.65,17.65,0
1758273230,17.65,17.65,17.65,17.65,0
1758273235,17.65,17.65,17.65,17.65,0
1758273240,17.65,17.65,17.65,17.65,0
1758273245,17.65,17.65,17.65,17.65,0
1758273250,17.65,17.65,17.65,17.65,0
1758273255,17.65,17.65,17.65,17.65,0
1758273260,17.65,17.65,17.65,17.65,0
1758273265,17.65,17.65,17.65,17.65,0
1758273270,17.65,17.65,17.65,17.65,0
1758273275,17.65,17.65,17.65,17.65,0
1758273280,17.65,17.65,17.65,17.65,0
1758273285,17.65,17.65,17.65,17.65,0
1758273290,17.65,17.65,17.65,17.65,0
1758273295,17.65,17.65,17.65,17.65,0
1758273300,17.65,17.65,17.65,17.65,0
1758273305,17.65,17.65,17.65,17.65,0
1758273310,17.65,17.65,17.65,17.65,0
1758273315,17.65,17.65,17.65,17.65,0
1758273320,17.65,17.65,17.65,17.65,0
1758273325,17.65,17.65,17.65,17.65,0
1758273330,17.65,17.65,17.65,17.65,0
1758273335,17.65,17.65,17.65,17.65,0
1758273340,17.65,17.65,17.65,17.65,0
1758273345,17.65,17.65,17.65,17.65,0
1758273350,17.65,17.65,17.65,17.65,0
1758273355,17.65,17.65,17.65,17.65,0
1758273360,17.65,17.65,17.65,17.65,0
1758273365,17.65,17.65,17.65,17.65,0
1758273370,17.65,17.65,17.65,17.65,0
1758273375,17.65,17.65,17.65,17.65,0
1758273380,17.65,17.65,17.65,17.65,0
1758273385,17.65,17.65,17.65,17.65,0
1758273390,17.65,17.65,17.65,17.65,0
1758273395,17.65,17.65,17.65,17.65,0
1758273400,17.65,17.65,17.65,17.65,0
1758273405,17.65,17.65,17.65,17.65,0
1758273410,17.65,17.65,17.65,17.65,0
1758273415,17.65,17.65,17.65,17.65,0
1758273420,17.65,17.65,17.65,17.65,0
1758273425,17.65,17.65,17.65,17.65,0
1758273430,17.65,17.65,17.65,17.65,0
1758273435,17.65,17.65,17.65,17.65,0
1758273440,17.65,17.65,17.65,17.65,0
1758273445,17.65,17.65,17.65,17.65,0
1758273450,17.65,17.65,17.65,17.65,0
1758273455,17.65,17.65,17.65,17.65,0
1758273460,17.65,17.65,17.65,17.65,0
1758273465,17.65,17.65,17.65,17.65,0
1758273470,17.65,17.65,17.65,17.65,0
1758273475,17.65,17.65,17.65,17.65,0
1758273480,17.65,17.65,17.65,17.65,0
1758273485,17.65,17.65,17.65,17.65,0
1758273490,17.65,17.65,17.65,17.65,0
1758273495,17.65,17.65,17.65,17.65,0
1758273500,17.65,17.65,17.65,17.65,0
1758273505,17.65,17.65,17.65,17.65,0
1758273510,17.65,17.65,17.65,17.65,0
1758273515,17.65,17.65,17.65,17.65,0
1758273520,17.65,17.65,17.65,17.65,0
1758273525,17.65,17.65,17.65,17.65,0
1758273530,17.65,17.65,17.65,17.65,0
1758273535,17.65,17.65,17.65,17.65,0
1758273540,17.65,17.65,17.65,17.65,0
1758273545,17.65,17.65,17.65,17.65,0
1758273550,17.65,17.65,17.65,17.65,0
1758273555,17.65,17.65,17.65,17.65,0
1758273560,17.65,17.65,17.65,17.65,0
1758273565,17.65,17.65,17.65,17.65,0
1758273570,17.65,17.65,17.65,17.65,0
1758273575,17.65,17.65,17.65,17.65,0
1758273580,17.65,17.65,17.65,17.65,0
1758273585,17.65,17.65,17.65,17.65,0
1758273590,17.65,17.65,17.65,17.65,0
1758273595,17.65,17.65,17.65,17.65,0
1758273600,17.65,17.65,17.65,17.65,0
1758273605,17.65,17.65,17.65,17.65,0
1758273610,17.65,17.65,17.65,17.65,0
1758273615,17.65,17.65,17.65,17.65,0
1758273620,17.65,17.65,17.65,17.65,0
1758273625,17.65,17.65,17.65,17.65,0
1758273630,17.65,17.65,17.65,17.65,0
1758273635,17.65,17.65,17.65,17.65,0
1758273640,17.65,17.65,17.65,17.65,0
1758273645,17.65,17.65,17.65,17.65,0
1758273650,17.65,17.65,17.65,17.65,0
1758273655,17.65,17.65,17.65,17.65,0
1758273660,17.65,17.65,17.65,17.65,0
1758273665,17.65,17.65,17.65,17.65,0
1758273670,17.65,17.65,17.65,17.65,0
1758273675,17.65,17.65,17.65,17.65,0
1758273680,17.65,17.65,17.65,17.65,0
1758273685,17.65,17.65,17.65,17.65,0
1758273690,17.65,17.65,17.65,17.65,0
1758273695,17.65,17.65,17.65,17.65,0
1758273700,17.65,17.65,17.65,17.65,0
1758273705,17.65,17.65,17.65,17.65,0
1758273710,17.65,17.65,17.65,17.65,0
1758273715,17.65,17.65,17.65,17.65,0
1758273720,17.65,17.65,17.65,17.65,0
1758273725,17.65,17.65,17.65,17.65,0
1758273730,17.65,17.65,17.65,17.65,0
1758273735,17.65,17.65,17.65,17.65,0
1758273740,17.65,17.65,17.65,17.65,0
1758273745,17.65,17.65,17.65,17.65,0
1758273750,17.65,17.65,17.65,17.65,0
1758273755,17.65,17.65,17.65,17.65,0
1758273760,17.65,17.65,17.65,17.65,0
1758273765,17.65,17.65,17.65,17.65,0
1758273770,17.65,17.65,17.65,17.65,0
1758273775,17.65,17.65,17.65,17.65,0
1758273780,17.65,17.65,17.65,17.65,0
1758273785,17.65,17.65,17.65,17.65,0
1758273790,17.65,17.65,17.65,17.65,0
1758273795,17.65,17.65,17.65,17.65,0
1758273800,17.65,17.65,17.65,17.65,0
1758273805,17.65,17.65,17.65,17.65,0
1758273810,17.65,17.65,17.65,17.65,0
1758273815,17.65,17.65,17.65,17.65,0
1758273820,17.65,17.65,17.65,17.65,0
1758273825,17.65,17.65,17.65,17.65,0
1758273830,17.65,17.65,17.65,17.65,0
1758273835,17.65,17.65,17.65,17.65,0
1758273840,17.65,17.65,17.65,17.65,0
1758273845,17.65,17.65,17.65,17.65,0
1758273850,17.65,17.65,17.65,17.65,0
1758273855,17.65,17.65,17.65,17.65,0
1758273860,17.65,17.65,17.65,17.65,0
1758273865,17.65,17.65,17.65,17.65,0
1758273870,17.65,17.65,17.65,17.65,0
1758273875,17.65,17.65,17.65,17.65,0
1758273880,17.65,17.65,17.65,17.65,0
1758273885,17.65,17.65,17.65,17.65,0
1758273890,17.65,17.65,17.65,17.65,0
1758273895,17.65,17.65,17.65,17.65,0
1758273900,17.65,17.65,17.65,17.65,0
1758273905,17.65,17.65,17.65,17.65,0
1758273910,17.65,17.65,17.65,17.65,0
1758273915,17.65,17.65,17.65,17.65,0
1758273920,17.65,17.65,17.65,17.65,0
1758273925,17.65,17.65,17.65,17.65,0
1758273930,17.65,17.65,17.65,17.65,0
1758273935,17.65,17.65,17.65,17.65,0
1758273940,17.65,17.65,17.65,17.65,0
1758273945,17.65,17.65,17.65,17.65,0
1758273950,17.65,17.65,17.65,17.65,0
1758273955,17.65,17.65,17.65,17.65,0
1758273960,17.65,17.65,17.65,17.65,0
1758273965,17.65,17.65,17.65,17.65,0
1758273970,17.65,17.65,17.65,17.65,0
1758273975,17.65,17.65,17.65,17.65,0
1758273980,17.65,17.65,17.65,17.65,0
1758273985,17.65,17.65,17.65,17.65,0
1758273990,17.65,17.65,17.65,17.65,0
1758273995,17.65,17.65,17.65,17.65,0
1758274000,17.65,17.65,17.65,17.65,0
1758274005,17.65,17.65,17.65,17.65,0
1758274010,17.65,17.65,17.65,17.65,0
1758274015,17.65,17.65,17.65,17.65,0
1758274020,17.65,17.65,17.65,17.65,0
1758274025,17.65,17.65,17.65,17.65,0
1758274030,17.65,17.65,17.65,17.65,0
1758274035,17.65,17.65,17.65,17.65,0
1758274040,17.65,17.65,17.65,17.65,0
1758274045,17.65,17.65,17.65,17.65,0
1758274050,17.65,17.65,17.65,17.65,0
1758274055,17.65,17.65,17.65,17.65,0
1758274060,17.65,17.65,17.65,17.65,0
1758274065,17.65,17.65,17.65,17.65,0
1758274070,17.65,17.65,17.65,17.65,0
1758274075,17.65,17.65,17.65,17.65,0
1758274080,17.65,17.65,17.65,17.65,0
1758274085,17.65,17.65,17.65,17.65,0
1758274090,17.65,17.65,17.65,17.65,0
1758274095,17.65,17.65,17.65,17.65,0
1758274100,17.65,17.65,17.65,17.65,0
1758274105,17.65,17.65,17.65,17.65,0
1758274110,17.65,17.65,17.65,17.65,0
1758274115,17.65,17.65,17.65,17.65,0
1758274120,17.65,17.65,17.65,17.65,0
1758274125,17.65,17.65,17.65,17.65,0
1758274130,17.65,17.65,17.65,17.65,0
1758274135,17.65,17.65,17.65,17.65,0
1758274140,17.65,17.65,17.65,17.65,0
1758274145,17.65,17.65,17.65,17.65,0
1758274150,17.65,17.65,17.65,17.65,0
1758274155,17.65,17.65,17.65,17.65,0
1758274160,17.65,17.65,17.65,17.65,0
1758274165,17.65,17.65,17.65,17.65,0
1758274170,17.65,17.65,17.65,17.65,0
1758274175,17.65,17.65,17.65,17.65,0
1758274180,17.65,17.65,17.65,17.65,0
1758274185,17.65,17.65,17.65,17.65,0
1758274190,17.65,17.65,17.65,17.65,0
1758274195,17.65,17.65,17.65,17.65,0
1758274200,17.65,17.65,17.65,17.65,0
1758274205,17.65,17.65,17.65,17.65,0
1758274210,17.65,17.65,17.65,17.65,0
1758274215,17.65,17.65,17.65,17.65,0
1758274220,17.65,17.65,17.65,17.65,0
1758274225,17.65,17.65,17.65,17.65,0
1758274230,17.65,17.65,17.65,17.65,0
1758274235,17.65,17.65,17.65,17.65,0
1758274240,17.65,17.65,17.65,17.65,0
1758274245,17.65,17.65,17.65,17.65,0
1758274250,17.65,17.65,17.65,17.65,0
1758274255,17.65,17.65,17.65,17.65,0
1758274260,17.65,17.65,17.65,17.65,0
1758274265,17.65,17.65,17.65,17.65,0
1758274270,17.65,17.65,17.65,17.65,0
1758274275,17.65,17.65,17.65,17.65,0
1758274280,17.65,17.65,17.65,17.65,0
1758274285,17.65,17.65,17.65,17.65,0
1758274290,17.65,17.65,17.65,17.65,0
1758274295,17.65,17.65,17.65,17.65,0
1758274300,17.65,17.65,17.65,17.65,0
1758274305,17.65,17.65,17.65,17.65,0
1758274310,17.65,17.65,17.65,17.65,0
1758274315,17.65,17.65,17.65,17.65,0
1758274320,17.65,17.65,17.65,17.65,0
1758274325,17.65,17.65,17.65,17.65,0
1758274330,17.65,17.65,17.65,17.65,0
1758274335,17.65,17.65,17.65,17.65,0
1758274340,17.65,17.65,17.65,17.65,0
1758274345,17.65,17.65,17.65,17.65,0
1758274350,17.65,17.65,17.65,17.65,0
1758274355,17.65,17.65,17.65,17.65,0
1758274360,17.65,17.65,17.65,17.65,0
1758274365,17.65,17.65,17.65,17.65,0
1758274370,17.65,17.65,17.65,17.65,0
1758274375,17.65,17.65,17.65,17.65,0
1758274380,17.65,17.65,17.65,17.65,0
1758274385,17.65,17.65,17.65,17.65,0
1758274390,17.65,17.65,17.65,17.65,0
1758274395,17.65,17.65,17.65,17.65,0
1758274400,17.65,17.65,17.65,17.65,0
1758274405,17.65,17.65,17.65,17.65,0
1758274410,17.65,17.65,17.65,17.65,0
1758274415,17.65,17.65,17.65,17.65,0
1758274420,17.65,17.65,17.65,17.65,0
1758274425,17.65,17.65,17.65,17.65,0
1758274430,17.65,17.65,17.65,17.65,0
1758274435,17.65,17.65,17.65,17.65,0
1758274440,17.65,17.65,17.65,17.65,0
1758274445,17.65,17.65,17.65,17.65,0
1758274450,17.65,17.65,17.65,17.65,0
1758274455,17.65,17.65,17.65,17.65,0
1758274460,17.65,17.65,17.65,17.65,0
1758274465,17.65,17.65,17.65,17.65,0
1758274470,17.65,17.65,17.65,17.65,0
1758274475,17.65,17.65,17.65,17.65,0
1758274480,17.65,17.65,17.65,17.65,0
1758274485,17.65,17.65,17.65,17.65,0
1758274490,17.65,17.65,17.65,17.65,0
1758274495,17.65,17.65,17.65,17.65,0
1758274500,17.65,17.65,17.65,17.65,0
1758274505,17.65,17.65,17.65,17.65,0
1758274510,17.65,17.65,17.65,17.65,0
1758274515,17.65,17.65,17.65,17.65,0
1758274520,17.65,17.65,17.65,17.65,0
1758274525,17.65,17.65,17.65,17.65,0
1758274530,17.65,17.65,17.65,17.65,0
1758274535,17.65,17.65,17.65,17.65,0
1758274540,17.65,17.65,17.65,17.65,0
1758274545,17.65,17.65,17.65,17.65,0
1758274550,17.65,17.65,17.65,17.65,0
1758274555,17.65,17.65,17.65,17.65,0
1758274560,17.65,17.65,17.65,17.65,0
1758274565,17.65,17.65,17.65,17.65,0
1758274570,17.65,17.65,17.65,17.65,0
1758274575,17.65,17.65,17.65,17.65,0
1758274580,17.65,17.65,17.65,17.65,0
1758274585,17.65,17.65,17.65,17.65,0
1758274590,17.65,17.65,17.65,17.65,0
1758274595,17.65,17.65,17.65,17.65,0
1758274600,17.65,17.65,17.65,17.65,0
1758274605,17.65,17.65,17.65,17.65,0
1758274610,17.65,17.65,17.65,17.65,0
1758274615,17.65,17.65,17.65,17.65,0
1758274620,17.65,17.65,17.65,17.65,0
1758274625,17.65,17.65,17.65,17.65,0
1758274630,17.65,17.65,17.65,17.65,0
1758274635,17.65,17.65,17.65,17.65,0
1758274640,17.65,17.65,17.65,17.65,0
1758274645,17.65,17.65,17.65,17.65,0
1758274650,17.65,17.65,17.65,17.65,0
1758274655,17.65,17.65,17.65,17.65,0
1758274660,17.65,17.65,17.65,17.65,0
1758274665,17.65,17.65,17.65,17.65,0
1758274670,17.65,17.65,17.65,17.65,0
1758274675,17.65,17.65,17.65,17.65,0
1758274680,17.65,17.65,17.65,17.65,0
1758274685,17.65,17.65,17.65,17.65,0
1758274690,17.65,17.65,17.65,17.65,0
1758274695,17.65,17.65,17.65,17.65,0
1758274700,17.65,17.65,17.65,17.65,0
1758274705,17.65,17.65,17.65,17.65,0
1758274710,17.65,17.65,17.65,17.65,0
1758274715,17.65,17.65,17.65,17.65,0
1758274720,17.65,17.65,17.65,17.65,0
1758274725,17.65,17.65,17.65,17.65,0
1758274730,17.65,17.65,17.65,17.65,0
1758274735,17.65,17.65,17.65,17.65,0
1758274740,17.65,17.65,17.65,17.65,0
1758274745,17.65,17.65,17.65,17.65,0
1758274750,17.65,17.65,17.65,17.65,0
1758274755,17.65,17.65,17.65,17.65,0
1758274760,17.65,17.65,17.65,17.65,0
1758274765,17.65,17.65,17.65,17.65,0
1758274770,17.65,17.65,17.65,17.65,0
1758274775,17.65,17.65,17.65,17.65,0
1758274780,17.65,17.65,17.65,17.65,0
1758274785,17.65,17.65,17.65,17.65,0
1758274790,17.65,17.65,17.65,17.65,0
1758274795,17.65,17.65,17.65,17.65,0
1758274800,17.65,17.65,17.65,17.65,0
1758274805,17.65,17.65,17.65,17.65,0
1758274810,17.65,17.65,17.65,17.65,0
1758274815,17.65,17.65,17.65,17.65,0
1758274820,17.65,17.65,17.65,17.65,0
1758274825,17.65,17.65,17.65,17.65,0
1758274830,17.65,17.65,17.65,17.65,0
1758274835,17.65,17.65,17.65,17.65,0
1758274840,17.65,17.65,17.65,17.65,0
1758274845,17.65,17.65,17.65,17.65,0
1758274850,17.65,17.65,17.65,17.65,0
1758274855,17.65,17.65,17.65,17.65,0
1758274860,17.65,17.65,17.65,17.65,0
1758274865,17.65,17.65,17.65,17.65,0
1758274870,17.65,17.65,17.65,17.65,0
1758274875,17.65,17.65,17.65,17.65,0
1758274880,17.65,17.65,17.65,17.65,0
1758274885,17.65,17.65,17.65,17.65,0
1758274890,17.65,17.65,17.65,17.65,0
1758274895,17.65,17.65,17.65,17.65,0
1758274900,17.65,17.65,17.65,17.65,0
1758274905,17.65,17.65,17.65,17.65,0
1758274910,17.65,17.65,17.65,17.65,0
1758274915,17.65,17.65,17.65,17.65,0
1758274920,17.65,17.65,17.65,17.65,0
1758274925,17.65,17.65,17.65,17.65,0
1758274930,17.65,17.65,17.65,17.65,0
1758274935,17.65,17.65,17.65,17.65,0
1758274940,17.65,17.65,17.65,17.65,0
1758274945,17.65,17.65,17.65,17.65,0
1758274950,17.65,17.65,17.65,17.65,0
1758274955,17.65,17.65,17.65,17.65,0
1758274960,17.65,17.65,17.65,17.65,0
1758274965,17.65,17.65,17.65,17.65,0
1758274970,17.65,17.65,17.65,17.65,0
1758274975,17.65,17.65,17.65,17.65,0
1758274980,17.65,17.65,17.65,17.65,0
1758274985,17.65,17.65,17.65,17.65,0
1758274990,17.65,17.65,17.65,17.65,0
1758274995,17.65,17.65,17.65,17.65,0
1758275000,17.65,17.65,17.65,17.65,0
1758275005,17.65,17.65,17.65,17.65,0
1758275010,17.65,17.65,17.65,17.65,0
1758275015,17.65,17.65,17.65,17.65,0
1758275020,17.65,17.65,17.65,17.65,0
1758275025,17.65,17.65,17.65,17.65,0
1758275030,17.65,17.65,17.65,17.65,0
1758275035,17.65,17.65,17.65,17.65,0
1758275040,17.65,17.65,17.65,17.65,0
1758275045,17.65,17.65,17.65,17.65,0
1758275050,17.65,17.65,17.65,17.65,0
1758275055,17.65,17.65,17.65,17.65,0
1758275060,17.65,17.65,17.65,17.65,0
1758275065,17.65,17.65,17.65,17.65,0
1758275070,17.65,17.65,17.65,17.65,0
1758275075,17.65,17.65,17.65,17.65,0
1758275080,17.65,17.65,17.65,17.65,0
1758275085,17.65,17.65,17.65,17.65,0
1758275090,17.65,17.65,17.65,17.65,0
1758275095,17.65,17.65,17.65,17.65,0
1758275100,17.65,17.65,17.65,17.65,0
1758275105,17.65,17.65,17.65,17.65,0
1758275110,17.65,17.65,17.65,17.65,0
1758275115,17.65,17.65,17.65,17.65,0
1758275120,17.65,17.65,17.65,17.65,0
1758275125,17.65,17.65,17.65,17.65,0
1758275130,17.62,17.62,17.62,17.62,1
1758275135,17.62,17.62,17.62,17.62,0
1758275140,17.62,17.62,17.62,17.62,0
1758275145,17.62,17.62,17.62,17.62,0
1758275150,17.62,17.62,17.62,17.62,0
1758275155,17.62,17.62,17.62,17.62,0
1758275160,17.62,17.62,17.62,17.62,0
1758275165,17.62,17.62,17.62,17.62,0
1758275170,17.62,17.62,17.62,17.62,0
1758275175,17.62,17.62,17.62,17.62,0
1758275180,17.62,17.62,17.62,17.62,0
1758275185,17.62,17.62,17.62,17.62,0
1758275190,17.62,17.62,17.62,17.62,0
1758275195,17.62,17.62,17.62,17.62,0
1758275200,17.62,17.62,17.62,17.62,0
1758275205,17.62,17.62,17.62,17.62,0
1758275210,17.62,17.62,17.62,17.62,0
1758275215,17.62,17.62,17.62,17.62,0
1758275220,17.62,17.62,17.62,17.62,0
1758275225,17.62,17.62,17.62,17.62,0
1758275230,17.62,17.62,17.62,17.62,0
1758275235,17.62,17.62,17.62,17.62,0
1758275240,17.62,17.62,17.62,17.62,0
1758275245,17.62,17.62,17.62,17.62,0
1758275250,17.62,17.62,17.62,17.62,0
1758275255,17.62,17.62,17.62,17.62,0
1758275260,17.62,17.62,17.62,17.62,0
1758275265,17.62,17.62,17.62,17.62,0
1758275270,17.62,17.62,17.62,17.62,0
1758275275,17.62,17.62,17.62,17.62,0
1758275280,17.62,17.62,17.62,17.62,0
1758275285,17.62,17.62,17.62,17.62,0
1758275290,17.62,17.62,17.62,17.62,0
1758275295,17.62,17.62,17.62,17.62,0
1758275300,17.62,17.62,17.62,17.62,0
1758275305,17.62,17.62,17.62,17.62,0
1758275310,17.62,17.62,17.62,17.62,0
1758275315,17.62,17.62,17.62,17.62,0
1758275320,17.62,17.62,17.62,17.62,0
1758275325,17.62,17.62,17.62,17.62,0
1758275330,17.62,17.62,17.62,17.62,0
1758275335,17.62,17.62,17.62,17.62,0
1758275340,17.62,17.62,17.62,17.62,0
1758275345,17.62,17.62,17.62,17.62,0
1758275350,17.62,17.62,17.62,17.62,0
1758275355,17.62,17.62,17.62,17.62,0
1758275360,17.62,17.62,17.62,17.62,0
1758275365,17.62,17.62,17.62,17.62,0
1758275370,17.62,17.62,17.62,17.62,0
1758275375,17.62,17.62,17.62,17.62,0
1758275380,17.62,17.62,17.62,17.62,0
1758275385,17.62,17.62,17.62,17.62,0
1758275390,17.62,17.62,17.62,17.62,0
1758275395,17.62,17.62,17.62,17.62,0
1758275400,17.62,17.62,17.62,17.62,0
1758275405,17.62,17.62,17.62,17.62,0
1758275410,17.62,17.62,17.62,17.62,0
1758275415,17.62,17.62,17.62,17.62,0
1758275420,17.62,17.62,17.62,17.62,0
1758275425,17.62,17.62,17.62,17.62,0
1758275430,17.62,17.62,17.62,17.62,0
1758275435,17.62,17.62,17.62,17.62,0
1758275440,17.62,17.62,17.62,17.62,0
1758275445,17.62,17.62,17.62,17.62,0
1758275450,17.62,17.62,17.62,17.62,0
1758275455,17.62,17.62,17.62,17.62,0
1758275460,17.62,17.62,17.62,17.62,0
1758275465,17.62,17.62,17.62,17.62,0
1758275470,17.62,17.62,17.62,17.62,0
1758275475,17.62,17.62,17.62,17.62,0
1758275480,17.62,17.62,17.62,17.62,0
1758275485,17.62,17.62,17.62,17.62,0
1758275490,17.62,17.62,17.62,17.62,0
1758275495,17.62,17.62,17.62,17.62,0
1758275500,17.62,17.62,17.62,17.62,0
1758275505,17.62,17.62,17.62,17.62,0
1758275510,17.62,17.62,17.62,17.62,0
1758275515,17.62,17.62,17.62,17.62,0
1758275520,17.62,17.62,17.62,17.62,0
1758275525,17.62,17.62,17.62,17.62,0
1758275530,17.62,17.62,17.62,17.62,0
1758275535,17.62,17.62,17.62,17.62,0
1758275540,17.62,17.62,17.62,17.62,0
1758275545,17.62,17.62,17.62,17.62,0
1758275550,17.62,17.62,17.62,17.62,0
1758275555,17.62,17.62,17.62,17.62,0
1758275560,17.62,17.62,17.62,17.62,0
1758275565,17.62,17.62,17.62,17.62,0
1758275570,17.62,17.62,17.62,17.62,0
1758275575,17.62,17.62,17.62,17.62,0
1758275580,17.62,17.62,17.62,17.62,0
1758275585,17.62,17.62,17.62,17.62,0
1758275590,17.62,17.62,17.62,17.62,0
1758275595,17.62,17.62,17.62,17.62,0
1758275600,17.62,17.62,17.62,17.62,0
1758275605,17.62,17.62,17.62,17.62,0
1758275610,17.62,17.62,17.62,17.62,0
1758275615,17.62,17.62,17.62,17.62,0
1758275620,17.62,17.62,17.62,17.62,0
1758275625,17.62,17.62,17.62,17.62,0
1758275630,17.62,17.62,17.62,17.62,0
1758275635,17.62,17.62,17.62,17.62,0
1758275640,17.62,17.62,17.62,17.62,0
1758275645,17.62,17.62,17.62,17.62,0
1758275650,17.62,17.62,17.62,17.62,0
1758275655,17.62,17.62,17.62,17.62,0
1758275660,17.62,17.62,17.62,17.62,0
1758275665,17.62,17.62,17.62,17.62,0
1758275670,17.62,17.62,17.62,17.62,0
1758275675,17.62,17.62,17.62,17.62,0
1758275680,17.62,17.62,17.62,17.62,0
1758275685,17.62,17.62,17.62,17.62,0
1758275690,17.62,17.62,17.62,17.62,0
1758275695,17.62,17.62,17.62,17.62,0
1758275700,17.62,17.62,17.62,17.62,0
1758275705,17.62,17.62,17.62,17.62,0
1758275710,17.62,17.62,17.62,17.62,0
1758275715,17.62,17.62,17.62,17.62,0
1758275720,17.62,17.62,17.62,17.62,0
1758275725,17.62,17.62,17.62,17.62,0
1758275730,17.62,17.62,17.62,17.62,0
1758275735,17.62,17.62,17.62,17.62,0
1758275740,17.62,17.62,17.62,17.62,0
1758275745,17.62,17.62,17.62,17.62,0
1758275750,17.62,17.62,17.62,17.62,0
1758275755,17.62,17.62,17.62,17.62,0
1758275760,17.62,17.62,17.62,17.62,0
1758275765,17.62,17.62,17.62,17.62,0
1758275770,17.62,17.62,17.62,17.62,0
1758275775,17.62,17.62,17.62,17.62,0
1758275780,17.62,17.62,17.62,17.62,0
1758275785,17.62,17.62,17.62,17.62,0
1758275790,17.62,17.62,17.62,17.62,0
1758275795,17.62,17.62,17.62,17.62,0
1758275800,17.62,17.62,17.62,17.62,0
1758275805,17.62,17.62,17.62,17.62,0
1758275810,17.62,17.62,17.62,17.62,0
1758275815,17.62,17.62,17.62,17.62,0
1758275820,17.62,17.62,17.62,17.62,0
1758275825,17.62,17.62,17.62,17.62,0
1758275830,17.62,17.62,17.62,17.62,0
1758275835,17.62,17.62,17.62,17.62,0
1758275840,17.62,17.62,17.62,17.62,0
1758275845,17.62,17.62,17.62,17.62,0
1758275850,17.62,17.62,17.62,17.62,0
1758275855,17.62,17.62,17.62,17.62,0
1758275860,17.62,17.62,17.62,17.62,0
1758275865,17.62,17.62,17.62,17.62,0
1758275870,17.62,17.62,17.62,17.62,0
1758275875,17.62,17.62,17.62,17.62,0
1758275880,17.62,17.62,17.62,17.62,0
1758275885,17.62,17.62,17.62,17.62,0
1758275890,17.62,17.62,17.62,17.62,0
1758275895,17.62,17.62,17.62,17.62,0
1758275900,17.62,17.62,17.62,17.62,0
1758275905,17.62,17.62,17.62,17.62,0
1758275910,17.62,17.62,17.62,17.62,0
1758275915,17.62,17.62,17.62,17.62,0
1758275920,17.62,17.62,17.62,17.62,0
1758275925,17.62,17.62,17.62,17.62,0
1758275930,17.62,17.62,17.62,17.62,0
1758275935,17.62,17.62,17.62,17.62,0
1758275940,17.62,17.62,17.62,17.62,0
1758275945,17.62,17.62,17.62,17.62,0
1758275950,17.62,17.62,17.62,17.62,0
1758275955,17.62,17.62,17.62,17.62,0
1758275960,17.62,17.62,17.62,17.62,0
1758275965,17.62,17.62,17.62,17.62,0
1758275970,17.62,17.62,17.62,17.62,0
1758275975,17.62,17.62,17.62,17.62,0
1758275980,17.62,17.62,17.62,17.62,0
1758275985,17.62,17.62,17.62,17.62,0
1758275990,17.62,17.62,17.62,17.62,0
1758275995,17.62,17.62,17.62,17.62,0
1758276000,17.62,17.62,17.62,17.62,0
1758276005,17.62,17.62,17.62,17.62,0
1758276010,17.62,17.62,17.62,17.62,0
1758276015,17.62,17.62,17.62,17.62,0
1758276020,17.62,17.62,17.62,17.62,0
1758276025,17.62,17.62,17.62,17.62,0
1758276030,17.62,17.62,17.62,17.62,0
1758276035,17.62,17.62,17.62,17.62,0
1758276040,17.62,17.62,17.62,17.62,0
1758276045,17.62,17.62,17.62,17.62,0
1758276050,17.62,17.62,17.62,17.62,0
1758276055,17.62,17.62,17.62,17.62,0
1758276060,17.62,17.62,17.62,17.62,0
1758276065,17.62,17.62,17.62,17.62,0
1758276070,17.62,17.62,17.62,17.62,0
1758276075,17.62,17.62,17.62,17.62,0
1758276080,17.62,17.62,17.62,17.62,0
1758276085,17.62,17.62,17.62,17.62,0
1758276090,17.62,17.62,17.62,17.62,0
1758276095,17.62,17.62,17.62,17.62,0
1758276100,17.62,17.62,17.62,17.62,0
1758276105,17.66,17.66,17.66,17.66,2
1758276110,17.66,17.66,17.66,17.66,0
1758276115,17.66,17.66,17.66,17.66,0
1758276120,17.66,17.66,17.66,17.66,0
1758276125,17.66,17.66,17.66,17.66,0
1758276130,17.66,17.66,17.66,17.66,0
1758276135,17.66,17.66,17.66,17.66,0
1758276140,17.66,17.66,17.66,17.66,0
1758276145,17.66,17.66,17.66,17.66,0
1758276150,17.66,17.66,17.66,17.66,0
1758276155,17.66,17.66,17.66,17.66,0
1758276160,17.66,17.66,17.66,17.66,0
1758276165,17.66,17.66,17.66,17.66,0
1758276170,17.66,17.66,17.66,17.66,0
1758276175,17.66,17.66,17.66,17.66,0
1758276180,17.66,17.66,17.66,17.66,0
1758276185,17.66,17.66,17.66,17.66,0
1758276190,17.66,17.66,17.66,17.66,0
1758276195,17.66,17.66,17.66,17.66,0
1758276200,17.66,17.66,17.66,17.66,0
1758276205,17.66,17.66,17.66,17.66,0
1758276210,17.66,17.66,17.66,17.66,0
1758276215,17.66,17.66,17.66,17.66,0
1758276220,17.66,17.66,17.66,17.66,0
1758276225,17.66,17.66,17.66,17.66,0
1758276230,17.66,17.66,17.66,17.66,0
1758276235,17.66,17.66,17.66,17.66,0
1758276240,17.66,17.66,17.66,17.66,0
1758276245,17.66,17.66,17.66,17.66,0
1758276250,17.66,17.66,17.66,17.66,0
1758276255,17.66,17.66,17.66,17.66,0
1758276260,17.66,17.66,17.66,17.66,0
1758276265,17.66,17.66,17.66,17.66,0
1758276270,17.66,17.66,17.66,17.66,0
1758276275,17.66,17.66,17.66,17.66,0
1758276280,17.66,17.66,17.66,17.66,0
1758276285,17.66,17.66,17.66,17.66,0
1758276290,17.66,17.66,17.66,17.66,0
1758276295,17.66,17.66,17.66,17.66,0
1758276300,17.66,17.66,17.66,17.66,0
1758276305,17.66,17.66,17.66,17.66,0
1758276310,17.66,17.66,17.66,17.66,0
1758276315,17.66,17.66,17.66,17.66,0
1758276320,17.66,17.66,17.66,17.66,0
1758276325,17.66,17.66,17.66,17.66,0
1758276330,17.66,17.66,17.66,17.66,0
1758276335,17.66,17.66,17.66,17.66,0
1758276340,17.66,17.66,17.66,17.66,0
1758276345,17.66,17.66,17.66,17.66,0
1758276350,17.66,17.66,17.66,17.66,0
1758276355,17.66,17.66,17.66,17.66,0
1758276360,17.66,17.66,17.66,17.66,0
1758276365,17.66,17.66,17.66,17.66,0
1758276370,17.66,17.66,17.66,17.66,0
1758276375,17.66,17.66,17.66,17.66,0
1758276380,17.66,17.66,17.66,17.66,0
1758276385,17.66,17.66,17.66,17.66,0
1758276390,17.66,17.66,17.66,17.66,0
1758276395,17.66,17.66,17.66,17.66,0
1758276400,17.66,17.66,17.66,17.66,0
1758276405,17.66,17.66,17.66,17.66,0
1758276410,17.66,17.66,17.66,17.66,0
1758276415,17.66,17.66,17.66,17.66,0
1758276420,17.66,17.66,17.66,17.66,0
1758276425,17.66,17.66,17.66,17.66,0
1758276430,17.66,17.66,17.66,17.66,0
1758276435,17.66,17.66,17.66,17.66,0
1758276440,17.66,17.66,17.66,17.66,0
1758276445,17.66,17.66,17.66,17.66,0
1758276450,17.66,17.66,17.66,17.66,0
1758276455,17.66,17.66,17.66,17.66,0
1758276460,17.66,17.66,17.66,17.66,0
1758276465,17.66,17.66,17.66,17.66,0
1758276470,17.66,17.66,17.66,17.66,0
1758276475,17.66,17.66,17.66,17.66,0
1758276480,17.66,17.66,17.66,17.66,0
1758276485,17.66,17.66,17.66,17.66,0
1758276490,17.66,17.66,17.66,17.66,0
1758276495,17.66,17.66,17.66,17.66,0
1758276500,17.66,17.66,17.66,17.66,0
1758276505,17.66,17.66,17.66,17.66,0
1758276510,17.66,17.66,17.66,17.66,0
1758276515,17.66,17.66,17.66,17.66,0
1758276520,17.66,17.66,17.66,17.66,0
1758276525,17.66,17.66,17.66,17.66,0
1758276530,17.66,17.66,17.66,17.66,0
1758276535,17.66,17.66,17.66,17.66,0
1758276540,17.66,17.66,17.66,17.66,0
1758276545,17.66,17.66,17.66,17.66,0
1758276550,17.66,17.66,17.66,17.66,0
1758276555,17.66,17.66,17.66,17.66,0
1758276560,17.66,17.66,17.66,17.66,0
1758276565,17.66,17.66,17.66,17.66,0
1758276570,17.66,17.66,17.66,17.66,0
1758276575,17.66,17.66,17.66,17.66,0
1758276580,17.66,17.66,17.66,17.66,0
1758276585,17.66,17.66,17.66,17.66,0
1758276590,17.66,17.66,17.66,17.66,0
1758276595,17.66,17.66,17.66,17.66,0
1758276600,17.66,17.66,17.66,17.66,0
1758276605,17.66,17.66,17.66,17.66,0
1758276610,17.66,17.66,17.66,17.66,0
1758276615,17.66,17.66,17.66,17.66,0
1758276620,17.66,17.66,17.66,17.66,0
1758276625,17.66,17.66,17.66,17.66,0
1758276630,17.66,17.66,17.66,17.66,0
1758276635,17.66,17.66,17.66,17.66,0
1758276640,17.66,17.66,17.66,17.66,0
1758276645,17.66,17.66,17.66,17.66,0
1758276650,17.66,17.66,17.66,17.66,0
1758276655,17.66,17.66,17.66,17.66,0
1758276660,17.66,17.66,17.66,17.66,0
1758276665,17.66,17.66,17.66,17.66,0
1758276670,17.66,17.66,17.66,17.66,0
1758276675,17.66,17.66,17.66,17.66,0
1758276680,17.66,17.66,17.66,17.66,0
1758276685,17.66,17.66,17.66,17.66,0
1758276690,17.66,17.66,17.66,17.66,0
1758276695,17.66,17.66,17.66,17.66,0
1758276700,17.66,17.66,17.66,17.66,0
1758276705,17.66,17.66,17.66,17.66,0
1758276710,17.66,17.66,17.66,17.66,0
1758276715,17.66,17.66,17.66,17.66,0
1758276720,17.66,17.66,17.66,17.66,0
1758276725,17.66,17.66,17.66,17.66,0
1758276730,17.66,17.66,17.66,17.66,0
1758276735,17.66,17.66,17.66,17.66,0
1758276740,17.66,17.66,17.66,17.66,0
1758276745,17.66,17.66,17.66,17.66,0
1758276750,17.66,17.66,17.66,17.66,0
1758276755,17.66,17.66,17.66,17.66,0
1758276760,17.66,17.66,17.66,17.66,0
1758276765,17.66,17.66,17.66,17.66,0
1758276770,17.66,17.66,17.66,17.66,0
1758276775,17.66,17.66,17.66,17.66,0
1758276780,17.66,17.66,17.66,17.66,0
1758276785,17.66,17.66,17.66,17.66,0
1758276790,17.66,17.66,17.66,17.66,0
1758276795,17.66,17.66,17.66,17.66,0
1758276800,17.66,17.66,17.66,17.66,0
1758276805,17.66,17.66,17.66,17.66,0
1758276810,17.66,17.66,17.66,17.66,0
1758276815,17.66,17.66,17.66,17.66,0
1758276820,17.66,17.66,17.66,17.66,0
1758276825,17.66,17.66,17.66,17.66,0
1758276830,17.66,17.66,17.66,17.66,0
1758276835,17.66,17.66,17.66,17.66,0
1758276840,17.66,17.66,17.66,17.66,0
1758276845,17.66,17.66,17.66,17.66,0
1758276850,17.66,17.66,17.66,17.66,0
1758276855,17.66,17.66,17.66,17.66,0
1758276860,17.66,17.66,17.66,17.66,0
1758276865,17.66,17.66,17.66,17.66,0
1758276870,17.66,17.66,17.66,17.66,0
1758276875,17.66,17.66,17.66,17.66,0
1758276880,17.66,17.66,17.66,17.66,0
1758276885,17.66,17.66,17.66,17.66,0
1758276890,17.66,17.66,17.66,17.66,0
1758276895,17.66,17.66,17.66,17.66,0
1758276900,17.66,17.66,17.66,17.66,0
1758276905,17.66,17.66,17.66,17.66,0
1758276910,17.66,17.66,17.66,17.66,0
1758276915,17.66,17.66,17.66,17.66,0
1758276920,17.66,17.66,17.66,17.66,0
1758276925,17.66,17.66,17.66,17.66,0
1758276930,17.66,17.66,17.66,17.66,0
1758276935,17.66,17.66,17.66,17.66,0
1758276940,17.66,17.66,17.66,17.66,0
1758276945,17.66,17.66,17.66,17.66,0
1758276950,17.66,17.66,17.66,17.66,0
1758276955,17.66,17.66,17.66,17.66,0
1758276960,17.66,17.66,17.66,17.66,0
1758276965,17.66,17.66,17.66,17.66,0
1758276970,17.66,17.66,17.66,17.66,0
1758276975,17.66,17.66,17.66,17.66,0
1758276980,17.66,17.66,17.66,17.66,0
1758276985,17.66,17.66,17.66,17.66,0
1758276990,17.66,17.66,17.66,17.66,0
1758276995,17.66,17.66,17.66,17.66,0
1758277000,17.66,17.66,17.66,17.66,0
1758277005,17.66,17.66,17.66,17.66,0
1758277010,17.66,17.66,17.66,17.66,0
1758277015,17.66,17.66,17.66,17.66,0
1758277020,17.66,17.66,17.66,17.66,0
1758277025,17.66,17.66,17.66,17.66,0
1758277030,17.66,17.66,17.66,17.66,0
1758277035,17.66,17.66,17.66,17.66,0
1758277040,17.66,17.66,17.66,17.66,0
1758277045,17.66,17.66,17.66,17.66,0
1758277050,17.66,17.66,17.66,17.66,0
1758277055,17.66,17.66,17.66,17.66,0
1758277060,17.6,17.6,17.6,17.6,14
1758277065,17.6,17.6,17.6,17.6,0
1758277070,17.6,17.6,17.6,17.6,0
1758277075,17.6,17.6,17.6,17.6,0
1758277080,17.6,17.6,17.6,17.6,0
1758277085,17.6,17.6,17.6,17.6,0
1758277090,17.6,17.6,17.6,17.6,0
1758277095,17.6,17.6,17.6,17.6,0
1758277100,17.6,17.6,17.6,17.6,0
1758277105,17.6,17.6,17.6,17.6,0
1758277110,17.6,17.6,17.6,17.6,0
1758277115,17.6,17.6,17.6,17.6,0
1758277120,17.6,17.6,17.6,17.6,0
1758277125,17.6,17.6,17.6,17.6,0
1758277130,17.6,17.6,17.6,17.6,0
1758277135,17.6,17.6,17.6,17.6,0
1758277140,17.6,17.6,17.6,17.6,0
1758277145,17.6,17.6,17.6,17.6,0
1758277150,17.6,17.6,17.6,17.6,0
1758277155,17.6,17.6,17.6,17.6,0
1758277160,17.6,17.6,17.6,17.6,0
1758277165,17.6,17.6,17.6,17.6,0
1758277170,17.6,17.6,17.6,17.6,0
1758277175,17.6,17.6,17.6,17.6,0
1758277180,17.6,17.6,17.6,17.6,0
1758277185,17.6,17.6,17.6,17.6,0
1758277190,17.6,17.6,17.6,17.6,0
1758277195,17.6,17.6,17.6,17.6,0
1758277200,17.6,17.6,17.6,17.6,0
1758277205,17.6,17.6,17.6,17.6,1
1758277210,17.6,17.6,17.6,17.6,0
1758277215,17.6,17.6,17.6,17.6,0
1758277220,17.6,17.6,17.6,17.6,0
1758277225,17.6,17.6,17.6,17.6,0
1758277230,17.6,17.6,17.6,17.6,0
1758277235,17.6,17.6,17.6,17.6,0
1758277240,17.6,17.6,17.6,17.6,0
1758277245,17.6,17.6,17.6,17.6,0
1758277250,17.6,17.6,17.6,17.6,0
1758277255,17.6,17.6,17.6,17.6,0
1758277260,17.6,17.6,17.6,17.6,0
1758277265,17.6,17.6,17.6,17.6,0
1758277270,17.6,17.6,17.6,17.6,0
1758277275,17.6,17.6,17.6,17.6,0
1758277280,17.6,17.6,17.6,17.6,0
1758277285,17.6,17.6,17.6,17.6,0
1758277290,17.6,17.6,17.6,17.6,0
1758277295,17.6,17.6,17.6,17.6,0
1758277300,17.6,17.6,17.6,17.6,0
1758277305,17.6,17.6,17.6,17.6,0
1758277310,17.6,17.6,17.6,17.6,0
1758277315,17.6,17.6,17.6,17.6,0
1758277320,17.6,17.6,17.6,17.6,0
1758277325,17.6,17.6,17.6,17.6,0
1758277330,17.6,17.6,17.6,17.6,0
1758277335,17.6,17.6,17.6,17.6,0
1758277340,17.6,17.6,17.6,17.6,0
1758277345,17.6,17.6,17.6,17.6,0
1758277350,17.6,17.6,17.6,17.6,0
1758277355,17.6,17.6,17.6,17.6,0
1758277360,17.6,17.6,17.6,17.6,0
1758277365,17.6,17.6,17.6,17.6,0
1758277370,17.6,17.6,17.6,17.6,0
1758277375,17.6,17.6,17.6,17.6,0
1758277380,17.6,17.6,17.6,17.6,0
1758277385,17.6,17.6,17.6,17.6,0
1758277390,17.6,17.6,17.6,17.6,0
1758277395,17.6,17.6,17.6,17.6,0
1758277400,17.6,17.6,17.6,17.6,0
1758277405,17.6,17.6,17.6,17.6,0
1758277410,17.6,17.6,17.6,17.6,0
1758277415,17.6,17.6,17.6,17.6,0
1758277420,17.6,17.6,17.6,17.6,0
1758277425,17.6,17.6,17.6,17.6,0
1758277430,17.6,17.6,17.6,17.6,0
1758277435,17.6,17.6,17.6,17.6,0
1758277440,17.6,17.6,17.6,17.6,0
1758277445,17.6,17.6,17.6,17.6,0
1758277450,17.6,17.6,17.6,17.6,0
1758277455,17.6,17.6,17.6,17.6,0
1758277460,17.6,17.6,17.6,17.6,0
1758277465,17.6,17.6,17.6,17.6,0
1758277470,17.6,17.6,17.6,17.6,0
1758277475,17.6,17.6,17.6,17.6,0
1758277480,17.6,17.6,17.6,17.6,0
1758277485,17.6,17.6,17.6,17.6,0
1758277490,17.6,17.6,17.6,17.6,0
1758277495,17.6,17.6,17.6,17.6,0
1758277500,17.6,17.6,17.6,17.6,0
1758277505,17.6,17.6,17.6,17.6,0
1758277510,17.6,17.6,17.6,17.6,0
1758277515,17.6,17.6,17.6,17.6,0
1758277520,17.6,17.6,17.6,17.6,0
1758277525,17.6,17.6,17.6,17.6,0
1758277530,17.6,17.6,17.6,17.6,0
1758277535,17.6,17.6,17.6,17.6,0
1758277540,17.6,17.6,17.6,17.6,0
1758277545,17.6,17.6,17.6,17.6,0
1758277550,17.6,17.6,17.6,17.6,0
1758277555,17.6,17.6,17.6,17.6,0
1758277560,17.6,17.6,17.6,17.6,0
1758277565,17.6,17.6,17.6,17.6,0
1758277570,17.6,17.6,17.6,17.6,0
1758277575,17.6,17.6,17.6,17.6,0
1758277580,17.6,17.6,17.6,17.6,0
1758277585,17.6,17.6,17.6,17.6,0
1758277590,17.6,17.6,17.6,17.6,0
1758277595,17.6,17.6,17.6,17.6,0
1758277600,17.6,17.6,17.6,17.6,0
1758277605,17.6,17.6,17.6,17.6,0
1758277610,17.6,17.6,17.6,17.6,0
1758277615,17.6,17.6,17.6,17.6,0
1758277620,17.6,17.6,17.6,17.6,0
1758277625,17.6,17.6,17.6,17.6,0
1758277630,17.6,17.6,17.6,17.6,0
1758277635,17.6,17.6,17.6,17.6,0
1758277640,17.6,17.6,17.6,17.6,0
1758277645,17.6,17.6,17.6,17.6,0
1758277650,17.6,17.6,17.6,17.6,0
1758277655,17.6,17.6,17.6,17.6,0
1758277660,17.6,17.6,17.6,17.6,0
1758277665,17.6,17.6,17.6,17.6,0
1758277670,17.6,17.6,17.6,17.6,0
1758277675,17.6,17.6,17.6,17.6,0
1758277680,17.6,17.6,17.6,17.6,0
1758277685,17.6,17.6,17.6,17.6,0
1758277690,17.6,17.6,17.6,17.6,0
1758277695,17.6,17.6,17.6,17.6,0
1758277700,17.6,17.6,17.6,17.6,0
1758277705,17.6,17.6,17.6,17.6,0
1758277710,17.6,17.6,17.6,17.6,0
1758277715,17.6,17.6,17.6,17.6,0
1758277720,17.6,17.6,17.6,17.6,0
1758277725,17.6,17.6,17.6,17.6,0
1758277730,17.6,17.6,17.6,17.6,0
1758277735,17.6,17.6,17.6,17.6,0
1758277740,17.6,17.6,17.6,17.6,0
1758277745,17.6,17.6,17.6,17.6,0
1758277750,17.6,17.6,17.6,17.6,0
1758277755,17.6,17.6,17.6,17.6,0
1758277760,17.6,17.6,17.6,17.6,0
1758277765,17.6,17.6,17.6,17.6,0
1758277770,17.6,17.6,17.6,17.6,0
1758277775,17.6,17.6,17.6,17.6,0
1758277780,17.6,17.6,17.6,17.6,0
1758277785,17.6,17.6,17.6,17.6,0
1758277790,17.6,17.6,17.6,17.6,0
1758277795,17.6,17.6,17.6,17.6,0
1758277800,17.6,17.6,17.6,17.6,0
1758277805,17.6,17.6,17.6,17.6,0
1758277810,17.6,17.6,17.6,17.6,0
1758277815,17.6,17.6,17.6,17.6,0
1758277820,17.6,17.6,17.6,17.6,0
1758277825,17.6,17.6,17.6,17.6,0
1758277830,17.6,17.6,17.6,17.6,0
1758277835,17.6,17.6,17.6,17.6,0
1758277840,17.6,17.6,17.6,17.6,0
1758277845,17.6,17.6,17.6,17.6,0
1758277850,17.6,17.6,17.6,17.6,0
1758277855,17.6,17.6,17.6,17.6,0
1758277860,17.6,17.6,17.6,17.6,0
1758277865,17.6,17.6,17.6,17.6,0
1758277870,17.6,17.6,17.6,17.6,0
1758277875,17.6,17.6,17.6,17.6,0
1758277880,17.6,17.6,17.6,17.6,0
1758277885,17.6,17.6,17.6,17.6,0
1758277890,17.6,17.6,17.6,17.6,0
1758277895,17.6,17.6,17.6,17.6,0
1758277900,17.6,17.6,17.6,17.6,0
1758277905,17.6,17.6,17.6,17.6,0
1758277910,17.6,17.6,17.6,17.6,0
1758277915,17.6,17.6,17.6,17.6,0
1758277920,17.6,17.6,17.6,17.6,0
1758277925,17.6,17.6,17.6,17.6,0
1758277930,17.6,17.6,17.6,17.6,0
1758277935,17.6,17.6,17.6,17.6,0
1758277940,17.6,17.6,17.6,17.6,0
1758277945,17.6,17.6,17.6,17.6,0
1758277950,17.6,17.6,17.6,17.6,0
1758277955,17.6,17.6,17.6,17.6,0
1758277960,17.6,17.6,17.6,17.6,0
1758277965,17.6,17.6,17.6,17.6,0
1758277970,17.6,17.6,17.6,17.6,0
1758277975,17.6,17.6,17.6,17.6,0
1758277980,17.6,17.6,17.6,17.6,0
1758277985,17.6,17.6,17.6,17.6,0
1758277990,17.6,17.6,17.6,17.6,0
1758277995,17.6,17.6,17.6,17.6,0
1758278000,17.6,17.6,17.6,17.6,0
1758278005,17.6,17.6,17.6,17.6,0
1758278010,17.6,17.6,17.6,17.6,0
1758278015,17.6,17.6,17.6,17.6,0
1758278020,17.6,17.6,17.6,17.6,0
1758278025,17.6,17.6,17.6,17.6,0
1758278030,17.6,17.6,17.6,17.6,0
1758278035,17.6,17.6,17.6,17.6,0
1758278040,17.6,17.6,17.6,17.6,0
1758278045,17.6,17.6,17.6,17.6,0
1758278050,17.6,17.6,17.6,17.6,0
1758278055,17.6,17.6,17.6,17.6,0
1758278060,17.6,17.6,17.6,17.6,0
1758278065,17.6,17.6,17.6,17.6,0
1758278070,17.6,17.6,17.6,17.6,0
1758278075,17.6,17.6,17.6,17.6,0
1758278080,17.6,17.6,17.6,17.6,0
1758278085,17.6,17.6,17.6,17.6,0
1758278090,17.6,17.6,17.6,17.6,0
1758278095,17.6,17.6,17.6,17.6,0
1758278100,17.6,17.6,17.6,17.6,0
1758278105,17.6,17.6,17.6,17.6,0
1758278110,17.6,17.6,17.6,17.6,0
1758278115,17.6,17.6,17.6,17.6,0
1758278120,17.6,17.6,17.6,17.6,0
1758278125,17.6,17.6,17.6,17.6,0
1758278130,17.6,17.6,17.6,17.6,0
1758278135,17.6,17.6,17.6,17.6,0
1758278140,17.6,17.6,17.6,17.6,0
1758278145,17.6,17.6,17.6,17.6,0
1758278150,17.6,17.6,17.6,17.6,0
1758278155,17.6,17.6,17.6,17.6,0
1758278160,17.6,17.6,17.6,17.6,1
1758278165,17.6,17.6,17.6,17.6,0
1758278170,17.6,17.6,17.6,17.6,0
1758278175,17.6,17.6,17.6,17.6,0
1758278180,17.6,17.6,17.6,17.6,0
1758278185,17.6,17.6,17.6,17.6,0
1758278190,17.6,17.6,17.6,17.6,0
1758278195,17.6,17.6,17.6,17.6,0
1758278200,17.6,17.6,17.6,17.6,0
1758278205,17.6,17.6,17.6,17.6,0
1758278210,17.6,17.6,17.6,17.6,0
1758278215,17.6,17.6,17.6,17.6,0
1758278220,17.6,17.6,17.6,17.6,0
1758278225,17.6,17.6,17.6,17.6,0
1758278230,17.6,17.6,17.6,17.6,0
1758278235,17.6,17.6,17.6,17.6,0
1758278240,17.6,17.6,17.6,17.6,0
1758278245,17.6,17.6,17.6,17.6,0
1758278250,17.6,17.6,17.6,17.6,0
1758278255,17.6,17.6,17.6,17.6,0
1758278260,17.6,17.6,17.6,17.6,0
1758278265,17.6,17.6,17.6,17.6,0
1758278270,17.6,17.6,17.6,17.6,0
1758278275,17.6,17.6,17.6,17.6,0
1758278280,17.6,17.6,17.6,17.6,0
1758278285,17.6,17.6,17.6,17.6,0
1758278290,17.6,17.6,17.6,17.6,0
1758278295,17.6,17.6,17.6,17.6,0
1758278300,17.6,17.6,17.6,17.6,0
1758278305,17.6,17.6,17.6,17.6,0
1758278310,17.6,17.6,17.6,17.6,0
1758278315,17.6,17.6,17.6,17.6,0
1758278320,17.6,17.6,17.6,17.6,0
1758278325,17.6,17.6,17.6,17.6,0
1758278330,17.6,17.6,17.6,17.6,0
1758278335,17.6,17.6,17.6,17.6,0
1758278340,17.6,17.6,17.6,17.6,0
1758278345,17.6,17.6,17.6,17.6,0
1758278350,17.6,17.6,17.6,17.6,0
1758278355,17.6,17.6,17.6,17.6,0
1758278360,17.6,17.6,17.6,17.6,0
1758278365,17.6,17.6,17.6,17.6,0
1758278370,17.6,17.6,17.6,17.6,0
1758278375,17.6,17.6,17.6,17.6,0
1758278380,17.6,17.6,17.6,17.6,0
1758278385,17.6,17.6,17.6,17.6,0
1758278390,17.6,17.6,17.6,17.6,0
1758278395,17.6,17.6,17.6,17.6,0
1758278400,17.6,17.6,17.6,17.6,0
1758278405,17.6,17.6,17.6,17.6,0
1758278410,17.6,17.6,17.6,17.6,0
1758278415,17.6,17.6,17.6,17.6,0
1758278420,17.6,17.6,17.6,17.6,0
1758278425,17.6,17.6,17.6,17.6,0
1758278430,17.6,17.6,17.6,17.6,0
1758278435,17.6,17.6,17.6,17.6,0
1758278440,17.6,17.6,17.6,17.6,0
1758278445,17.6,17.6,17.6,17.6,0
1758278450,17.6,17.6,17.6,17.6,0
1758278455,17.6,17.6,17.6,17.6,0
1758278460,17.6,17.6,17.6,17.6,0
1758278465,17.6,17.6,17.6,17.6,0
1758278470,17.6,17.6,17.6,17.6,0
1758278475,17.6,17.6,17.6,17.6,0
1758278480,17.6,17.6,17.6,17.6,0
1758278485,17.6,17.6,17.6,17.6,0
1758278490,17.6,17.6,17.6,17.6,0
1758278495,17.6,17.6,17.6,17.6,0
1758278500,17.6,17.6,17.6,17.6,0
1758278505,17.6,17.6,17.6,17.6,0
1758278510,17.6,17.6,17.6,17.6,0
1758278515,17.6,17.6,17.6,17.6,0
1758278520,17.6,17.6,17.6,17.6,0
1758278525,17.6,17.6,17.6,17.6,0
1758278530,17.6,17.6,17.6,17.6,0
1758278535,17.6,17.6,17.6,17.6,0
1758278540,17.6,17.6,17.6,17.6,0
1758278545,17.6,17.6,17.6,17.6,0
1758278550,17.6,17.6,17.6,17.6,0
1758278555,17.6,17.6,17.6,17.6,0
1758278560,17.6,17.6,17.6,17.6,0
1758278565,17.6,17.6,17.6,17.6,0
1758278570,17.6,17.6,17.6,17.6,0
1758278575,17.6,17.6,17.6,17.6,0
1758278580,17.6,17.6,17.6,17.6,0
1758278585,17.6,17.6,17.6,17.6,0
1758278590,17.6,17.6,17.6,17.6,0
1758278595,17.6,17.6,17.6,17.6,0
1758278600,17.6,17.6,17.6,17.6,0
1758278605,17.6,17.6,17.6,17.6,0
1758278610,17.6,17.6,17.6,17.6,0
1758278615,17.6,17.6,17.6,17.6,0
1758278620,17.6,17.6,17.6,17.6,0
1758278625,17.6,17.6,17.6,17.6,0
1758278630,17.6,17.6,17.6,17.6,0
1758278635,17.6,17.6,17.6,17.6,0
1758278640,17.6,17.6,17.6,17.6,0
1758278645,17.6,17.6,17.6,17.6,0
1758278650,17.6,17.6,17.6,17.6,0
1758278655,17.6,17.6,17.6,17.6,0
1758278660,17.6,17.6,17.6,17.6,0
1758278665,17.6,17.6,17.6,17.6,0
1758278670,17.6,17.6,17.6,17.6,0
1758278675,17.6,17.6,17.6,17.6,0
1758278680,17.6,17.6,17.6,17.6,0
1758278685,17.6,17.6,17.6,17.6,0
1758278690,17.6,17.6,17.6,17.6,0
1758278695,17.6,17.6,17.6,17.6,0
1758278700,17.6,17.6,17.6,17.6,0
1758278705,17.6,17.6,17.6,17.6,0
1758278710,17.6,17.6,17.6,17.6,0
1758278715,17.6,17.6,17.6,17.6,0
1758278720,17.6,17.6,17.6,17.6,0
1758278725,17.6,17.6,17.6,17.6,0
1758278730,17.6,17.6,17.6,17.6,0
1758278735,17.6,17.6,17.6,17.6,0
1758278740,17.6,17.6,17.6,17.6,0
1758278745,17.6,17.6,17.6,17.6,0
1758278750,17.6,17.6,17.6,17.6,0
1758278755,17.6,17.6,17.6,17.6,0
1758278760,17.6,17.6,17.6,17.6,0
1758278765,17.6,17.6,17.6,17.6,0
1758278770,17.6,17.6,17.6,17.6,0
1758278775,17.6,17.6,17.6,17.6,0
1758278780,17.6,17.6,17.6,17.6,0
1758278785,17.6,17.6,17.6,17.6,0
1758278790,17.6,17.6,17.6,17.6,0
1758278795,17.6,17.6,17.6,17.6,0
1758278800,17.6,17.6,17.6,17.6,0
1758278805,17.6,17.6,17.6,17.6,0
1758278810,17.6,17.6,17.6,17.6,0
1758278815,17.6,17.6,17.6,17.6,0
1758278820,17.6,17.6,17.6,17.6,0
1758278825,17.6,17.6,17.6,17.6,0
1758278830,17.6,17.6,17.6,17.6,0
1758278835,17.6,17.6,17.6,17.6,0
1758278840,17.6,17.6,17.6,17.6,0
1758278845,17.6,17.6,17.6,17.6,0
1758278850,17.6,17.6,17.6,17.6,0
1758278855,17.6,17.6,17.6,17.6,0
1758278860,17.6,17.6,17.6,17.6,0
1758278865,17.6,17.6,17.6,17.6,0
1758278870,17.6,17.6,17.6,17.6,0
1758278875,17.6,17.6,17.6,17.6,0
1758278880,17.6,17.6,17.6,17.6,0
1758278885,17.6,17.6,17.6,17.6,0
1758278890,17.6,17.6,17.6,17.6,0
1758278895,17.6,17.6,17.6,17.6,0
1758278900,17.6,17.6,17.6,17.6,0
1758278905,17.6,17.6,17.6,17.6,0
1758278910,17.6,17.6,17.6,17.6,0
1758278915,17.6,17.6,17.6,17.6,0
1758278920,17.6,17.6,17.6,17.6,0
1758278925,17.6,17.6,17.6,17.6,0
1758278930,17.6,17.6,17.6,17.6,0
1758278935,17.6,17.6,17.6,17.6,0
1758278940,17.6,17.6,17.6,17.6,0
1758278945,17.6,17.6,17.6,17.6,0
1758278950,17.6,17.6,17.6,17.6,0
1758278955,17.6,17.6,17.6,17.6,0
1758278960,17.6,17.6,17.6,17.6,0
1758278965,17.6,17.6,17.6,17.6,0
1758278970,17.6,17.6,17.6,17.6,0
1758278975,17.6,17.6,17.6,17.6,0
1758278980,17.6,17.6,17.6,17.6,0
1758278985,17.6,17.6,17.6,17.6,0
1758278990,17.6,17.6,17.6,17.6,0
1758278995,17.6,17.6,17.6,17.6,0
1758279000,17.6,17.6,17.6,17.6,0
1758279005,17.6,17.6,17.6,17.6,0
1758279010,17.6,17.6,17.6,17.6,0
1758279015,17.6,17.6,17.6,17.6,0
1758279020,17.6,17.6,17.6,17.6,0
1758279025,17.6,17.6,17.6,17.6,0
1758279030,17.6,17.6,17.6,17.6,0
1758279035,17.6,17.6,17.6,17.6,0
1758279040,17.6,17.6,17.6,17.6,0
1758279045,17.6,17.6,17.6,17.6,0
1758279050,17.6,17.6,17.6,17.6,0
1758279055,17.6,17.6,17.6,17.6,0
1758279060,17.6,17.6,17.6,17.6,0
1758279065,17.6,17.6,17.6,17.6,0
1758279070,17.6,17.6,17.6,17.6,0
1758279075,17.6,17.6,17.6,17.6,0
1758279080,17.6,17.6,17.6,17.6,0
1758279085,17.6,17.6,17.6,17.6,0
1758279090,17.6,17.6,17.6,17.6,0
1758279095,17.6,17.6,17.6,17.6,0
1758279100,17.6,17.6,17.6,17.6,0
1758279105,17.6,17.6,17.6,17.6,0
1758279110,17.6,17.6,17.6,17.6,0
1758279115,17.6,17.6,17.6,17.6,0
1758279120,17.6,17.6,17.6,17.6,0
1758279125,17.6,17.6,17.6,17.6,0
1758279130,17.6,17.6,17.6,17.6,0
1758279135,17.6,17.6,17.6,17.6,0
1758279140,17.6,17.6,17.6,17.6,0
1758279145,17.6,17.6,17.6,17.6,0
1758279150,17.6,17.6,17.6,17.6,0
1758279155,17.6,17.6,17.6,17.6,0
1758279160,17.6,17.6,17.6,17.6,0
1758279165,17.6,17.6,17.6,17.6,0
1758279170,17.6,17.6,17.6,17.6,0
1758279175,17.6,17.6,17.6,17.6,0
1758279180,17.6,17.6,17.6,17.6,0
1758279185,17.6,17.6,17.6,17.6,0
1758279190,17.6,17.6,17.6,17.6,0
1758279195,17.6,17.6,17.6,17.6,0
1758279200,17.6,17.6,17.6,17.6,0
1758279205,17.6,17.6,17.6,17.6,0
1758279210,17.6,17.6,17.6,17.6,0
1758279215,17.6,17.6,17.6,17.6,0
1758279220,17.6,17.6,17.6,17.6,0
1758279225,17.6,17.6,17.6,17.6,0
1758279230,17.6,17.6,17.6,17.6,0
1758279235,17.6,17.6,17.6,17.6,0
1758279240,17.6,17.6,17.6,17.6,0
1758279245,17.6,17.6,17.6,17.6,0
1758279250,17.6,17.6,17.6,17.6,0
1758279255,17.6,17.6,17.6,17.6,0
1758279260,17.6,17.6,17.6,17.6,0
1758279265,17.6,17.6,17.6,17.6,0
1758279270,17.6,17.6,17.6,17.6,0
1758279275,17.6,17.6,17.6,17.6,0
1758279280,17.6,17.6,17.6,17.6,0
1758279285,17.6,17.6,17.6,17.6,0
1758279290,17.6,17.6,17.6,17.6,0
1758279295,17.6,17.6,17.6,17.6,0
1758279300,17.6,17.6,17.6,17.6,0
1758279305,17.6,17.6,17.6,17.6,0
1758279310,17.6,17.6,17.6,17.6,0
1758279315,17.6,17.6,17.6,17.6,0
1758279320,17.6,17.6,17.6,17.6,0
1758279325,17.6,17.6,17.6,17.6,0
1758279330,17.6,17.6,17.6,17.6,0
1758279335,17.6,17.6,17.6,17.6,0
1758279340,17.6,17.6,17.6,17.6,0
1758279345,17.6,17.6,17.6,17.6,0
1758279350,17.6,17.6,17.6,17.6,0
1758279355,17.6,17.6,17.6,17.6,0
1758279360,17.6,17.6,17.6,17.6,0
1758279365,17.6,17.6,17.6,17.6,0
1758279370,17.6,17.6,17.6,17.6,0
1758279375,17.6,17.6,17.6,17.6,0
1758279380,17.6,17.6,17.6,17.6,0
1758279385,17.6,17.6,17.6,17.6,0
1758279390,17.6,17.6,17.6,17.6,0
1758279395,17.6,17.6,17.6,17.6,0
1758279400,17.6,17.6,17.6,17.6,0
1758279405,17.6,17.6,17.6,17.6,0
1758279410,17.6,17.6,17.6,17.6,0
1758279415,17.6,17.6,17.6,17.6,0
1758279420,17.6,17.6,17.6,17.6,0
1758279425,17.6,17.6,17.6,17.6,0
1758279430,17.6,17.6,17.6,17.6,0
1758279435,17.6,17.6,17.6,17.6,0
1758279440,17.6,17.6,17.6,17.6,0
1758279445,17.6,17.6,17.6,17.6,0
1758279450,17.6,17.6,17.6,17.6,0
1758279455,17.6,17.6,17.6,17.6,0
1758279460,17.6,17.6,17.6,17.6,0
1758279465,17.6,17.6,17.6,17.6,0
1758279470,17.6,17.6,17.6,17.6,0
1758279475,17.6,17.6,17.6,17.6,0
1758279480,17.6,17.6,17.6,17.6,0
1758279485,17.6,17.6,17.6,17.6,0
1758279490,17.6,17.6,17.6,17.6,0
1758279495,17.6,17.6,17.6,17.6,0
1758279500,17.6,17.6,17.6,17.6,0
1758279505,17.6,17.6,17.6,17.6,0
1758279510,17.6,17.6,17.6,17.6,0
1758279515,17.6,17.6,17.6,17.6,0
1758279520,17.6,17.6,17.6,17.6,0
1758279525,17.6,17.6,17.6,17.6,0
1758279530,17.6,17.6,17.6,17.6,0
1758279535,17.6,17.6,17.6,17.6,0
1758279540,17.6,17.6,17.6,17.6,0
1758279545,17.6,17.6,17.6,17.6,0
1758279550,17.6,17.6,17.6,17.6,0
1758279555,17.6,17.6,17.6,17.6,0
1758279560,17.6,17.6,17.6,17.6,0
1758279565,17.6,17.6,17.6,17.6,0
1758279570,17.6,17.6,17.6,17.6,0
1758279575,17.6,17.6,17.6,17.6,0
1758279580,17.6,17.6,17.6,17.6,0
1758279585,17.6,17.6,17.6,17.6,0
1758279590,17.6,17.6,17.6,17.6,0
1758279595,17.6,17.6,17.6,17.6,0
1758279600,17.6,17.6,17.6,17.6,0
1758279605,17.6,17.6,17.6,17.6,0
1758279610,17.6,17.6,17.6,17.6,0
1758279615,17.6,17.6,17.6,17.6,0
1758279620,17.6,17.6,17.6,17.6,0
1758279625,17.6,17.6,17.6,17.6,0
1758279630,17.6,17.6,17.6,17.6,0
1758279635,17.6,17.6,17.6,17.6,0
1758279640,17.6,17.6,17.6,17.6,0
1758279645,17.6,17.6,17.6,17.6,0
1758279650,17.6,17.6,17.6,17.6,0
1758279655,17.6,17.6,17.6,17.6,0
1758279660,17.6,17.6,17.6,17.6,0
1758279665,17.6,17.6,17.6,17.6,0
1758279670,17.6,17.6,17.6,17.6,0
1758279675,17.6,17.6,17.6,17.6,0
1758279680,17.6,17.6,17.6,17.6,0
1758279685,17.6,17.6,17.6,17.6,0
1758279690,17.6,17.6,17.6,17.6,0
1758279695,17.6,17.6,17.6,17.6,0
1758279700,17.6,17.6,17.6,17.6,0
1758279705,17.6,17.6,17.6,17.6,0
1758279710,17.6,17.6,17.6,17.6,0
1758279715,17.6,17.6,17.6,17.6,0
1758279720,17.6,17.6,17.6,17.6,0
1758279725,17.6,17.6,17.6,17.6,0
1758279730,17.6,17.6,17.6,17.6,0
1758279735,17.6,17.6,17.6,17.6,0
1758279740,17.6,17.6,17.6,17.6,0
1758279745,17.6,17.6,17.6,17.6,0
1758279750,17.6,17.6,17.6,17.6,0
1758279755,17.6,17.6,17.6,17.6,0
1758279760,17.6,17.6,17.6,17.6,0
1758279765,17.6,17.6,17.6,17.6,0
1758279770,17.6,17.6,17.6,17.6,0
1758279775,17.6,17.6,17.6,17.6,0
1758279780,17.6,17.6,17.6,17.6,0
1758279785,17.6,17.6,17.6,17.6,0
1758279790,17.6,17.6,17.6,17.6,0
1758279795,17.6,17.6,17.6,17.6,0
1758279800,17.6,17.6,17.6,17.6,0
1758279805,17.6,17.6,17.6,17.6,0
1758279810,17.6,17.6,17.6,17.6,0
1758279815,17.6,17.6,17.6,17.6,0
1758279820,17.6,17.6,17.6,17.6,0
1758279825,17.6,17.6,17.6,17.6,0
1758279830,17.6,17.6,17.6,17.6,0
1758279835,17.6,17.6,17.6,17.6,0
1758279840,17.6,17.6,17.6,17.6,0
1758279845,17.6,17.6,17.6,17.6,0
1758279850,17.6,17.6,17.6,17.6,0
1758279855,17.6,17.6,17.6,17.6,0
1758279860,17.6,17.6,17.6,17.6,0
1758279865,17.6,17.6,17.6,17.6,0
1758279870,17.6,17.6,17.6,17.6,0
1758279875,17.6,17.6,17.6,17.6,0
1758279880,17.6,17.6,17.6,17.6,0
1758279885,17.6,17.6,17.6,17.6,0
1758279890,17.6,17.6,17.6,17.6,0
1758279895,17.6,17.6,17.6,17.6,0
1758279900,17.6,17.6,17.6,17.6,0
1758279905,17.6,17.6,17.6,17.6,0
1758279910,17.6,17.6,17.6,17.6,0
1758279915,17.6,17.6,17.6,17.6,0
1758279920,17.6,17.6,17.6,17.6,0
1758279925,17.6,17.6,17.6,17.6,0
1758279930,17.6,17.6,17.6,17.6,0
1758279935,17.6,17.6,17.6,17.6,0
1758279940,17.6,17.6,17.6,17.6,0
1758279945,17.6,17.6,17.6,17.6,0
1758279950,17.6,17.6,17.6,17.6,0
1758279955,17.6,17.6,17.6,17.6,0
1758279960,17.6,17.6,17.6,17.6,0
1758279965,17.6,17.6,17.6,17.6,0
1758279970,17.6,17.6,17.6,17.6,0
1758279975,17.6,17.6,17.6,17.6,0
1758279980,17.6,17.6,17.6,17.6,0
1758279985,17.6,17.6,17.6,17.6,0
1758279990,17.6,17.6,17.6,17.6,0
1758279995,17.6,17.6,17.6,17.6,0
1758280000,17.6,17.6,17.6,17.6,0
1758280005,17.6,17.6,17.6,17.6,0
1758280010,17.6,17.6,17.6,17.6,0
1758280015,17.6,17.6,17.6,17.6,0
1758280020,17.6,17.6,17.6,17.6,0
1758280025,17.6,17.6,17.6,17.6,0
1758280030,17.6,17.6,17.6,17.6,0
1758280035,17.6,17.6,17.6,17.6,0
1758280040,17.6,17.6,17.6,17.6,0
1758280045,17.6,17.6,17.6,17.6,0
1758280050,17.6,17.6,17.6,17.6,0
1758280055,17.6,17.6,17.6,17.6,0
1758280060,17.6,17.6,17.6,17.6,0
1758280065,17.6,17.6,17.6,17.6,0
1758280070,17.6,17.6,17.6,17.6,0
1758280075,17.6,17.6,17.6,17.6,0
1758280080,17.6,17.6,17.6,17.6,0
1758280085,17.6,17.6,17.6,17.6,0
1758280090,17.6,17.6,17.6,17.6,0
1758280095,17.6,17.6,17.6,17.6,0
1758280100,17.6,17.6,17.6,17.6,0
1758280105,17.6,17.6,17.6,17.6,0
1758280110,17.6,17.6,17.6,17.6,0
1758280115,17.6,17.6,17.6,17.6,0
1758280120,17.6,17.6,17.6,17.6,0
1758280125,17.6,17.6,17.6,17.6,0
1758280130,17.6,17.6,17.6,17.6,0
1758280135,17.6,17.6,17.6,17.6,0
1758280140,17.6,17.6,17.6,17.6,0
1758280145,17.6,17.6,17.6,17.6,0
1758280150,17.6,17.6,17.6,17.6,0
1758280155,17.6,17.6,17.6,17.6,0
1758280160,17.6,17.6,17.6,17.6,0
1758280165,17.6,17.6,17.6,17.6,0
1758280170,17.6,17.6,17.6,17.6,0
1758280175,17.6,17.6,17.6,17.6,0
1758280180,17.6,17.6,17.6,17.6,0
1758280185,17.6,17.6,17.6,17.6,0
1758280190,17.6,17.6,17.6,17.6,0
1758280195,17.6,17.6,17.6,17.6,0
1758280200,17.6,17.6,17.6,17.6,0
1758280205,17.6,17.6,17.6,17.6,0
1758280210,17.6,17.6,17.6,17.6,0
1758280215,17.6,17.6,17.6,17.6,0
1758280220,17.6,17.6,17.6,17.6,0
1758280225,17.6,17.6,17.6,17.6,0
1758280230,17.6,17.6,17.6,17.6,0
1758280235,17.6,17.6,17.6,17.6,0
1758280240,17.6,17.6,17.6,17.6,0
1758280245,17.6,17.6,17.6,17.6,0
1758280250,17.6,17.6,17.6,17.6,0
1758280255,17.6,17.6,17.6,17.6,0
1758280260,17.6,17.6,17.6,17.6,0
1758280265,17.6,17.6,17.6,17.6,0
1758280270,17.6,17.6,17.6,17.6,0
1758280275,17.6,17.6,17.6,17.6,0
1758280280,17.6,17.6,17.6,17.6,0
1758280285,17.6,17.6,17.6,17.6,0
1758280290,17.6,17.6,17.6,17.6,0
1758280295,17.6,17.6,17.6,17.6,0
1758280300,17.6,17.6,17.6,17.6,0
1758280305,17.6,17.6,17.6,17.6,0
1758280310,17.6,17.6,17.6,17.6,0
1758280315,17.6,17.6,17.6,17.6,0
1758280320,17.6,17.6,17.6,17.6,0
1758280325,17.6,17.6,17.6,17.6,0
1758280330,17.6,17.6,17.6,17.6,0
1758280335,17.6,17.6,17.6,17.6,0
1758280340,17.6,17.6,17.6,17.6,0
1758280345,17.6,17.6,17.6,17.6,0
1758280350,17.6,17.6,17.6,17.6,0
1758280355,17.6,17.6,17.6,17.6,0
1758280360,17.6,17.6,17.6,17.6,0
1758280365,17.6,17.6,17.6,17.6,0
1758280370,17.6,17.6,17.6,17.6,0
1758280375,17.6,17.6,17.6,17.6,0
1758280380,17.6,17.6,17.6,17.6,0
1758280385,17.6,17.6,17.6,17.6,0
1758280390,17.6,17.6,17.6,17.6,0
1758280395,17.6,17.6,17.6,17.6,0
1758280400,17.6,17.6,17.6,17.6,0
1758280405,17.6,17.6,17.6,17.6,0
1758280410,17.6,17.6,17.6,17.6,0
1758280415,17.6,17.6,17.6,17.6,0
1758280420,17.6,17.6,17.6,17.6,0
1758280425,17.6,17.6,17.6,17.6,0
1758280430,17.6,17.6,17.6,17.6,0
1758280435,17.6,17.6,17.6,17.6,0
1758280440,17.6,17.6,17.6,17.6,0
1758280445,17.6,17.6,17.6,17.6,0
1758280450,17.6,17.6,17.6,17.6,0
1758280455,17.6,17.6,17.6,17.6,0
1758280460,17.6,17.6,17.6,17.6,0
1758280465,17.6,17.6,17.6,17.6,0
1758280470,17.6,17.6,17.6,17.6,0
1758280475,17.6,17.6,17.6,17.6,0
1758280480,17.6,17.6,17.6,17.6,0
1758280485,17.6,17.6,17.6,17.6,0
1758280490,17.6,17.6,17.6,17.6,0
1758280495,17.6,17.6,17.6,17.6,0
1758280500,17.6,17.6,17.6,17.6,0
1758280505,17.6,17.6,17.6,17.6,0
1758280510,17.6,17.6,17.6,17.6,0
1758280515,17.6,17.6,17.6,17.6,0
1758280520,17.6,17.6,17.6,17.6,0
1758280525,17.6,17.6,17.6,17.6,0
1758280530,17.6,17.6,17.6,17.6,0
1758280535,17.6,17.6,17.6,17.6,0
1758280540,17.6,17.6,17.6,17.6,0
1758280545,17.6,17.6,17.6,17.6,0
1758280550,17.6,17.6,17.6,17.6,0
1758280555,17.6,17.6,17.6,17.6,0
1758280560,17.6,17.6,17.6,17.6,0
1758280565,17.6,17.6,17.6,17.6,0
1758280570,17.6,17.6,17.6,17.6,0
1758280575,17.6,17.6,17.6,17.6,0
1758280580,17.6,17.6,17.6,17.6,0
1758280585,17.6,17.6,17.6,17.6,0
1758280590,17.6,17.6,17.6,17.6,0
1758280595,17.6,17.6,17.6,17.6,0
1758280600,17.6,17.6,17.6,17.6,0
1758280605,17.6,17.6,17.6,17.6,0
1758280610,17.64,17.64,17.64,17.64,10
1758280615,17.64,17.64,17.64,17.64,0
1758280620,17.64,17.64,17.64,17.64,0
1758280625,17.64,17.64,17.64,17.64,0
1758280630,17.64,17.64,17.64,17.64,0
1758280635,17.64,17.64,17.64,17.64,0
1758280640,17.64,17.64,17.64,17.64,0
1758280645,17.64,17.64,17.64,17.64,0
1758280650,17.64,17.64,17.64,17.64,0
1758280655,17.63,17.63,17.63,17.63,1
1758280660,17.63,17.63,17.63,17.63,0
1758280665,17.63,17.63,17.63,17.63,0
1758280670,17.63,17.63,17.63,17.63,0
1758280675,17.63,17.63,17.63,17.63,0
1758280680,17.63,17.63,17.63,17.63,0
1758280685,17.63,17.63,17.63,17.63,0
1758280690,17.63,17.63,17.63,17.63,0
1758280695,17.63,17.63,17.63,17.63,0
1758280700,17.63,17.63,17.63,17.63,0
1758280705,17.63,17.63,17.63,17.63,0
1758280710,17.63,17.63,17.63,17.63,0
1758280715,17.63,17.63,17.63,17.63,0
1758280720,17.63,17.63,17.63,17.63,0
1758280725,17.63,17.63,17.63,17.63,0
1758280730,17.63,17.63,17.63,17.63,0
1758280735,17.63,17.63,17.63,17.63,0
1758280740,17.63,17.63,17.63,17.63,0
1758280745,17.63,17.63,17.63,17.63,0
1758280750,17.63,17.63,17.63,17.63,0
1758280755,17.63,17.63,17.63,17.63,0
1758280760,17.63,17.63,17.63,17.63,0
1758280765,17.63,17.63,17.63,17.63,0
1758280770,17.63,17.63,17.63,17.63,0
1758280775,17.63,17.63,17.63,17.63,0
1758280780,17.63,17.63,17.63,17.63,0
1758280785,17.63,17.63,17.63,17.63,0
1758280790,17.63,17.63,17.63,17.63,0
1758280795,17.63,17.63,17.63,17.63,0
1758280800,17.63,17.63,17.63,17.63,0
1758280805,17.63,17.63,17.63,17.63,0
1758280810,17.63,17.63,17.63,17.63,0
1758280815,17.63,17.63,17.63,17.63,1
1758280820,17.63,17.63,17.63,17.63,0
1758280825,17.63,17.63,17.63,17.63,0
1758280830,17.63,17.63,17.63,17.63,0
1758280835,17.63,17.63,17.63,17.63,0
1758280840,17.63,17.63,17.63,17.63,0
1758280845,17.63,17.63,17.63,17.63,0
1758280850,17.63,17.63,17.63,17.63,0
1758280855,17.63,17.63,17.63,17.63,0
1758280860,17.63,17.63,17.63,17.63,0
1758280865,17.63,17.63,17.63,17.63,0
1758280870,17.63,17.63,17.63,17.63,0
1758280875,17.63,17.63,17.63,17.63,0
1758280880,17.63,17.63,17.63,17.63,0
1758280885,17.63,17.63,17.63,17.63,0
1758280890,17.63,17.63,17.63,17.63,1
1758280895,17.63,17.63,17.63,17.63,0
1758280900,17.63,17.63,17.63,17.63,0
1758280905,17.63,17.63,17.63,17.63,0
1758280910,17.63,17.63,17.63,17.63,0
1758280915,17.63,17.63,17.63,17.63,0
1758280920,17.63,17.63,17.63,17.63,0
1758280925,17.63,17.63,17.63,17.63,0
1758280930,17.63,17.63,17.63,17.63,0
1758280935,17.63,17.63,17.63,17.63,0
1758280940,17.63,17.63,17.63,17.63,0
1758280945,17.63,17.63,17.63,17.63,0
1758280950,17.63,17.63,17.63,17.63,0
1758280955,17.63,17.63,17.63,17.63,0
1758280960,17.63,17.63,17.63,17.63,0
1758280965,17.63,17.63,17.63,17.63,0
1758280970,17.63,17.63,17.63,17.63,0
1758280975,17.63,17.63,17.63,17.63,0
1758280980,17.63,17.63,17.63,17.63,0
1758280985,17.63,17.63,17.63,17.63,0
1758280990,17.63,17.63,17.63,17.63,0
1758280995,17.63,17.63,17.63,17.63,0
1758281000,17.63,17.63,17.63,17.63,0
1758281005,17.63,17.63,17.63,17.63,0
1758281010,17.63,17.63,17.63,17.63,0
1758281015,17.63,17.63,17.63,17.63,0
1758281020,17.63,17.63,17.63,17.63,0
1758281025,17.63,17.63,17.63,17.63,0
1758281030,17.63,17.63,17.63,17.63,0
1758281035,17.63,17.63,17.63,17.63,0
1758281040,17.61,17.61,17.61,17.61,2
1758281045,17.61,17.61,17.61,17.61,0
1758281050,17.6,17.6,17.6,17.6,5
1758281055,17.6,17.6,17.6,17.6,0
1758281060,17.6,17.6,17.6,17.6,0
1758281065,17.6,17.6,17.6,17.6,0
1758281070,17.6,17.6,17.6,17.6,0
1758281075,17.6,17.6,17.6,17.6,0
1758281080,17.6,17.6,17.6,17.6,0
1758281085,17.6,17.6,17.6,17.6,0
1758281090,17.6,17.6,17.6,17.6,0
1758281095,17.6,17.6,17.6,17.6,0
1758281100,17.6,17.6,17.6,17.6,0
1758281105,17.6,17.6,17.6,17.6,0
1758281110,17.6,17.6,17.6,17.6,0
1758281115,17.6,17.6,17.6,17.6,0
1758281120,17.6,17.6,17.6,17.6,0
1758281125,17.6,17.6,17.6,17.6,0
1758281130,17.6,17.6,17.6,17.6,0
1758281135,17.6,17.6,17.6,17.6,0
1758281140,17.6,17.6,17.6,17.6,0
1758281145,17.6,17.6,17.6,17.6,0
1758281150,17.6,17.6,17.6,17.6,0
1758281155,17.6,17.6,17.6,17.6,0
1758281160,17.6,17.6,17.6,17.6,0
1758281165,17.6,17.6,17.6,17.6,0
1758281170,17.6,17.6,17.6,17.6,0
1758281175,17.6,17.6,17.6,17.6,0
1758281180,17.6,17.6,17.6,17.6,0
1758281185,17.6,17.6,17.6,17.6,0
1758281190,17.6,17.6,17.6,17.6,0
1758281195,17.6,17.6,17.6,17.6,0
1758281200,17.6,17.6,17.6,17.6,0
1758281205,17.6,17.6,17.6,17.6,0
1758281210,17.6,17.6,17.6,17.6,0
1758281215,17.6,17.6,17.6,17.6,0
1758281220,17.6,17.6,17.6,17.6,0
1758281225,17.6,17.6,17.6,17.6,0
1758281230,17.6,17.6,17.6,17.6,0
1758281235,17.6,17.6,17.6,17.6,0
1758281240,17.6,17.6,17.6,17.6,0
1758281245,17.6,17.6,17.6,17.6,0
1758281250,17.6,17.6,17.6,17.6,0
1758281255,17.6,17.6,17.6,17.6,0
1758281260,17.6,17.6,17.6,17.6,0
1758281265,17.6,17.6,17.6,17.6,0
1758281270,17.6,17.6,17.6,17.6,0
1758281275,17.6,17.6,17.6,17.6,0
1758281280,17.6,17.6,17.6,17.6,0
1758281285,17.6,17.6,17.6,17.6,0
1758281290,17.6,17.6,17.6,17.6,0
1758281295,17.6,17.6,17.6,17.6,0
1758281300,17.6,17.6,17.6,17.6,0
1758281305,17.6,17.6,17.6,17.6,0
1758281310,17.6,17.6,17.6,17.6,0
1758281315,17.6,17.6,17.6,17.6,0
1758281320,17.6,17.6,17.6,17.6,0
1758281325,17.6,17.6,17.6,17.6,0
1758281330,17.6,17.6,17.6,17.6,0
1758281335,17.6,17.6,17.6,17.6,0
1758281340,17.6,17.6,17.6,17.6,0
1758281345,17.6,17.6,17.6,17.6,0
1758281350,17.6,17.6,17.6,17.6,0
1758281355,17.6,17.6,17.6,17.6,0
1758281360,17.6,17.6,17.6,17.6,0
1758281365,17.6,17.6,17.6,17.6,0
1758281370,17.6,17.6,17.6,17.6,0
1758281375,17.6,17.6,17.6,17.6,0
1758281380,17.6,17.6,17.6,17.6,0
1758281385,17.6,17.6,17.6,17.6,0
1758281390,17.6,17.6,17.6,17.6,0
1758281395,17.6,17.6,17.6,17.6,0
1758281400,17.6,17.6,17.6,17.6,0
1758281405,17.6,17.6,17.6,17.6,0
1758281410,17.6,17.6,17.6,17.6,0
1758281415,17.6,17.6,17.6,17.6,0
1758281420,17.6,17.6,17.6,17.6,0
1758281425,17.6,17.6,17.6,17.6,0
1758281430,17.6,17.6,17.6,17.6,0
1758281435,17.6,17.6,17.6,17.6,0
1758281440,17.6,17.6,17.6,17.6,0
1758281445,17.6,17.6,17.6,17.6,0
1758281450,17.6,17.6,17.6,17.6,0
1758281455,17.6,17.6,17.6,17.6,0
1758281460,17.6,17.6,17.6,17.6,0
1758281465,17.6,17.6,17.6,17.6,0
1758281470,17.6,17.6,17.6,17.6,0
1758281475,17.6,17.6,17.6,17.6,0
1758281480,17.6,17.6,17.6,17.6,0
1758281485,17.6,17.6,17.6,17.6,0
1758281490,17.6,17.6,17.6,17.6,0
1758281495,17.6,17.6,17.6,17.6,0
1758281500,17.6,17.6,17.6,17.6,0
1758281505,17.6,17.6,17.6,17.6,0
1758281510,17.6,17.6,17.6,17.6,0
1758281515,17.6,17.6,17.6,17.6,0
1758281520,17.6,17.6,17.6,17.6,0
1758281525,17.6,17.6,17.6,17.6,0
1758281530,17.6,17.6,17.6,17.6,0
1758281535,17.6,17.6,17.6,17.6,0
1758281540,17.6,17.6,17.6,17.6,0
1758281545,17.6,17.6,17.6,17.6,0
1758281550,17.6,17.6,17.6,17.6,0
1758281555,17.6,17.6,17.6,17.6,0
1758281560,17.6,17.6,17.6,17.6,0
1758281565,17.6,17.6,17.6,17.6,0
1758281570,17.6,17.6,17.6,17.6,0
1758281575,17.6,17.6,17.6,17.6,0
1758281580,17.6,17.6,17.6,17.6,0
1758281585,17.6,17.6,17.6,17.6,0
1758281590,17.6,17.6,17.6,17.6,0
1758281595,17.6,17.6,17.6,17.6,0
1758281600,17.6,17.6,17.6,17.6,0
1758281605,17.6,17.6,17.6,17.6,0
1758281610,17.6,17.6,17.6,17.6,0
1758281615,17.6,17.6,17.6,17.6,0
1758281620,17.6,17.6,17.6,17.6,0
1758281625,17.6,17.6,17.6,17.6,0
1758281630,17.6,17.6,17.6,17.6,0
1758281635,17.6,17.6,17.6,17.6,0
1758281640,17.6,17.6,17.6,17.6,0
1758281645,17.6,17.6,17.6,17.6,0
1758281650,17.6,17.6,17.6,17.6,0
1758281655,17.6,17.6,17.6,17.6,0
1758281660,17.6,17.6,17.6,17.6,0
1758281665,17.6,17.6,17.6,17.6,0
1758281670,17.6,17.6,17.6,17.6,0
1758281675,17.6,17.6,17.6,17.6,0
1758281680,17.6,17.6,17.6,17.6,0
1758281685,17.6,17.6,17.6,17.6,0
1758281690,17.6,17.6,17.6,17.6,0
1758281695,17.6,17.6,17.6,17.6,1
1758281700,17.6,17.6,17.6,17.6,0
1758281705,17.6,17.6,17.6,17.6,0
1758281710,17.6,17.6,17.6,17.6,0
1758281715,17.6,17.6,17.6,17.6,0
1758281720,17.6,17.6,17.6,17.6,0
1758281725,17.6,17.6,17.6,17.6,0
1758281730,17.6,17.6,17.6,17.6,0
1758281735,17.6,17.6,17.6,17.6,0
1758281740,17.6,17.6,17.6,17.6,0
1758281745,17.6,17.6,17.6,17.6,0
1758281750,17.6,17.6,17.6,17.6,0
1758281755,17.6,17.6,17.6,17.6,0
1758281760,17.6,17.6,17.6,17.6,0
1758281765,17.6,17.6,17.6,17.6,0
1758281770,17.6,17.6,17.6,17.6,0
1758281775,17.6,17.6,17.6,17.6,0
1758281780,17.6,17.6,17.6,17.6,0
1758281785,17.6,17.6,17.6,17.6,0
1758281790,17.6,17.6,17.6,17.6,0
1758281795,17.6,17.6,17.6,17.6,0
1758281800,17.6,17.6,17.6,17.6,0
1758281805,17.6,17.6,17.6,17.6,0
1758281810,17.6,17.6,17.6,17.6,0
1758281815,17.6,17.6,17.6,17.6,0
1758281820,17.6,17.6,17.6,17.6,0
1758281825,17.6,17.6,17.6,17.6,0
1758281830,17.6,17.6,17.6,17.6,0
1758281835,17.6,17.6,17.6,17.6,0
1758281840,17.6,17.6,17.6,17.6,0
1758281845,17.6,17.6,17.6,17.6,0
1758281850,17.6,17.6,17.6,17.6,0
1758281855,17.6,17.6,17.6,17.6,0
1758281860,17.6,17.6,17.6,17.6,0
1758281865,17.6,17.6,17.6,17.6,0
1758281870,17.6,17.6,17.6,17.6,0
1758281875,17.6,17.6,17.6,17.6,0
1758281880,17.6,17.6,17.6,17.6,0
1758281885,17.6,17.6,17.6,17.6,0
1758281890,17.6,17.6,17.6,17.6,0
1758281895,17.6,17.6,17.6,17.6,0
1758281900,17.6,17.6,17.6,17.6,0
1758281905,17.6,17.6,17.6,17.6,0
1758281910,17.6,17.6,17.6,17.6,0
1758281915,17.6,17.6,17.6,17.6,0
1758281920,17.6,17.6,17.6,17.6,0
1758281925,17.6,17.6,17.6,17.6,0
1758281930,17.6,17.6,17.6,17.6,0
1758281935,17.6,17.6,17.6,17.6,0
1758281940,17.6,17.6,17.6,17.6,0
1758281945,17.6,17.6,17.6,17.6,0
1758281950,17.6,17.6,17.6,17.6,0
1758281955,17.6,17.6,17.6,17.6,0
1758281960,17.6,17.6,17.6,17.6,0
1758281965,17.6,17.6,17.6,17.6,0
1758281970,17.6,17.6,17.6,17.6,0
1758281975,17.6,17.6,17.6,17.6,0
1758281980,17.6,17.6,17.6,17.6,0
1758281985,17.6,17.6,17.6,17.6,0
1758281990,17.6,17.6,17.6,17.6,0
1758281995,17.6,17.6,17.6,17.6,0
1758282000,17.6,17.6,17.6,17.6,0
1758282005,17.6,17.6,17.6,17.6,0
1758282010,17.6,17.6,17.6,17.6,0
1758282015,17.6,17.6,17.6,17.6,0
1758282020,17.6,17.6,17.6,17.6,0
1758282025,17.6,17.6,17.6,17.6,0
1758282030,17.6,17.6,17.6,17.6,0
1758282035,17.6,17.6,17.6,17.6,0
1758282040,17.6,17.6,17.6,17.6,0
1758282045,17.6,17.6,17.6,17.6,0
1758282050,17.6,17.6,17.6,17.6,0
1758282055,17.6,17.6,17.6,17.6,0
1758282060,17.6,17.6,17.6,17.6,0
1758282065,17.6,17.6,17.6,17.6,0
1758282070,17.6,17.6,17.6,17.6,0
1758282075,17.6,17.6,17.6,17.6,0
1758282080,17.6,17.6,17.6,17.6,0
1758282085,17.6,17.6,17.6,17.6,0
1758282090,17.6,17.6,17.6,17.6,0
1758282095,17.6,17.6,17.6,17.6,0
1758282100,17.6,17.6,17.6,17.6,0
1758282105,17.6,17.6,17.6,17.6,0
1758282110,17.6,17.6,17.6,17.6,0
1758282115,17.6,17.6,17.6,17.6,0
1758282120,17.6,17.6,17.6,17.6,0
1758282125,17.6,17.6,17.6,17.6,0
1758282130,17.6,17.6,17.6,17.6,0
1758282135,17.6,17.6,17.6,17.6,0
1758282140,17.6,17.6,17.6,17.6,0
1758282145,17.6,17.6,17.6,17.6,0
1758282150,17.6,17.6,17.6,17.6,0
1758282155,17.6,17.6,17.6,17.6,0
1758282160,17.6,17.6,17.6,17.6,0
1758282165,17.6,17.6,17.6,17.6,0
1758282170,17.6,17.6,17.6,17.6,0
1758282175,17.6,17.6,17.6,17.6,0
1758282180,17.6,17.6,17.6,17.6,0
1758282185,17.6,17.6,17.6,17.6,0
1758282190,17.6,17.6,17.6,17.6,0
1758282195,17.6,17.6,17.6,17.6,0
1758282200,17.6,17.6,17.6,17.6,0
1758282205,17.6,17.6,17.6,17.6,0
1758282210,17.6,17.6,17.6,17.6,0
1758282215,17.6,17.6,17.6,17.6,0
1758282220,17.6,17.6,17.6,17.6,0
1758282225,17.6,17.6,17.6,17.6,0
1758282230,17.6,17.6,17.6,17.6,0
1758282235,17.6,17.6,17.6,17.6,0
1758282240,17.6,17.6,17.6,17.6,0
1758282245,17.6,17.6,17.6,17.6,0
1758282250,17.6,17.6,17.6,17.6,0
1758282255,17.6,17.6,17.6,17.6,0
1758282260,17.6,17.6,17.6,17.6,0
1758282265,17.6,17.6,17.6,17.6,0
1758282270,17.6,17.6,17.6,17.6,0
1758282275,17.6,17.6,17.6,17.6,0
1758282280,17.6,17.6,17.6,17.6,0
1758282285,17.6,17.6,17.6,17.6,0
1758282290,17.6,17.6,17.6,17.6,0
1758282295,17.6,17.6,17.6,17.6,0
1758282300,17.6,17.6,17.6,17.6,0
1758282305,17.6,17.6,17.6,17.6,0
1758282310,17.6,17.6,17.6,17.6,0
1758282315,17.6,17.6,17.6,17.6,0
1758282320,17.6,17.6,17.6,17.6,0
1758282325,17.6,17.6,17.6,17.6,0
1758282330,17.6,17.6,17.6,17.6,0
1758282335,17.6,17.6,17.6,17.6,0
1758282340,17.6,17.6,17.6,17.6,0
1758282345,17.6,17.6,17.6,17.6,0
1758282350,17.6,17.6,17.6,17.6,0
1758282355,17.6,17.6,17.6,17.6,0
1758282360,17.6,17.6,17.6,17.6,0
1758282365,17.6,17.6,17.6,17.6,0
1758282370,17.6,17.6,17.6,17.6,0
1758282375,17.6,17.6,17.6,17.6,0
1758282380,17.6,17.6,17.6,17.6,0
1758282385,17.6,17.6,17.6,17.6,0
1758282390,17.6,17.6,17.6,17.6,0
1758282395,17.6,17.6,17.6,17.6,0
1758282400,17.6,17.6,17.6,17.6,0
1758282405,17.6,17.6,17.6,17.6,0
1758282410,17.6,17.6,17.6,17.6,0
1758282415,17.6,17.6,17.6,17.6,0
1758282420,17.6,17.6,17.6,17.6,0
1758282425,17.6,17.6,17.6,17.6,0
1758282430,17.6,17.6,17.6,17.6,0
1758282435,17.6,17.6,17.6,17.6,0
1758282440,17.6,17.6,17.6,17.6,0
1758282445,17.6,17.6,17.6,17.6,0
1758282450,17.6,17.6,17.6,17.6,0
1758282455,17.6,17.6,17.6,17.6,0
1758282460,17.6,17.6,17.6,17.6,0
1758282465,17.6,17.6,17.6,17.6,0
1758282470,17.6,17.6,17.6,17.6,0
1758282475,17.6,17.6,17.6,17.6,0
1758282480,17.6,17.6,17.6,17.6,0
1758282485,17.6,17.6,17.6,17.6,0
1758282490,17.6,17.6,17.6,17.6,0
1758282495,17.6,17.6,17.6,17.6,0
1758282500,17.6,17.6,17.6,17.6,0
1758282505,17.6,17.6,17.6,17.6,0
1758282510,17.6,17.6,17.6,17.6,0
1758282515,17.6,17.6,17.6,17.6,0
1758282520,17.6,17.6,17.6,17.6,0
1758282525,17.6,17.6,17.6,17.6,0
1758282530,17.6,17.6,17.6,17.6,0
1758282535,17.6,17.6,17.6,17.6,0
1758282540,17.6,17.6,17.6,17.6,0
1758282545,17.6,17.6,17.6,17.6,0
1758282550,17.6,17.6,17.6,17.6,0
1758282555,17.6,17.6,17.6,17.6,0
1758282560,17.6,17.6,17.6,17.6,0
1758282565,17.6,17.6,17.6,17.6,0
1758282570,17.6,17.6,17.6,17.6,0
1758282575,17.6,17.6,17.6,17.6,0
1758282580,17.6,17.6,17.6,17.6,0
1758282585,17.6,17.6,17.6,17.6,0
1758282590,17.6,17.6,17.6,17.6,0
1758282595,17.6,17.6,17.6,17.6,0
1758282600,17.6,17.6,17.6,17.6,0
1758282605,17.6,17.6,17.6,17.6,0
1758282610,17.6,17.6,17.6,17.6,0
1758282615,17.6,17.6,17.6,17.6,0
1758282620,17.6,17.6,17.6,17.6,0
1758282625,17.6,17.6,17.6,17.6,0
1758282630,17.6,17.6,17.6,17.6,0
1758282635,17.6,17.6,17.6,17.6,0
1758282640,17.6,17.6,17.6,17.6,0
1758282645,17.6,17.6,17.6,17.6,0
1758282650,17.6,17.6,17.6,17.6,0
1758282655,17.6,17.6,17.6,17.6,0
1758282660,17.6,17.6,17.6,17.6,0
1758282665,17.6,17.6,17.6,17.6,0
1758282670,17.6,17.6,17.6,17.6,0
1758282675,17.6,17.6,17.6,17.6,0
1758282680,17.6,17.6,17.6,17.6,0
1758282685,17.6,17.6,17.6,17.6,0
1758282690,17.6,17.6,17.6,17.6,0
1758282695,17.6,17.6,17.6,17.6,0
1758282700,17.6,17.6,17.6,17.6,0
1758282705,17.6,17.6,17.6,17.6,0
1758282710,17.6,17.6,17.6,17.6,0
1758282715,17.6,17.6,17.6,17.6,0
1758282720,17.6,17.6,17.6,17.6,0
1758282725,17.6,17.6,17.6,17.6,0
1758282730,17.6,17.6,17.6,17.6,0
1758282735,17.6,17.6,17.6,17.6,0
1758282740,17.6,17.6,17.6,17.6,0
1758282745,17.6,17.6,17.6,17.6,0
1758282750,17.6,17.6,17.6,17.6,0
1758282755,17.6,17.6,17.6,17.6,0
1758282760,17.6,17.6,17.6,17.6,0
1758282765,17.6,17.6,17.6,17.6,0
1758282770,17.6,17.6,17.6,17.6,0
1758282775,17.6,17.6,17.6,17.6,0
1758282780,17.6,17.6,17.6,17.6,0
1758282785,17.6,17.6,17.6,17.6,0
1758282790,17.6,17.6,17.6,17.6,0
1758282795,17.6,17.6,17.6,17.6,0
1758282800,17.6,17.6,17.6,17.6,0
1758282805,17.6,17.6,17.6,17.6,0
1758282810,17.6,17.6,17.6,17.6,0
1758282815,17.6,17.6,17.6,17.6,0
1758282820,17.6,17.6,17.6,17.6,0
1758282825,17.6,17.6,17.6,17.6,0
1758282830,17.6,17.6,17.6,17.6,0
1758282835,17.6,17.6,17.6,17.6,0
1758282840,17.6,17.6,17.6,17.6,0
1758282845,17.6,17.6,17.6,17.6,0
1758282850,17.6,17.6,17.6,17.6,0
1758282855,17.6,17.6,17.6,17.6,0
1758282860,17.6,17.6,17.6,17.6,0
1758282865,17.6,17.6,17.6,17.6,0
1758282870,17.6,17.6,17.6,17.6,0
1758282875,17.6,17.6,17.6,17.6,0
1758282880,17.6,17.6,17.6,17.6,0
1758282885,17.6,17.6,17.6,17.6,0
1758282890,17.6,17.6,17.6,17.6,0
1758282895,17.6,17.6,17.6,17.6,0
1758282900,17.6,17.6,17.6,17.6,0
1758282905,17.6,17.6,17.6,17.6,0
1758282910,17.6,17.6,17.6,17.6,0
1758282915,17.6,17.6,17.6,17.6,0
1758282920,17.6,17.6,17.6,17.6,0
1758282925,17.6,17.6,17.6,17.6,0
1758282930,17.6,17.6,17.6,17.6,0
1758282935,17.6,17.6,17.6,17.6,0
1758282940,17.6,17.6,17.6,17.6,0
1758282945,17.6,17.6,17.6,17.6,0
1758282950,17.6,17.6,17.6,17.6,0
1758282955,17.6,17.6,17.6,17.6,0
1758282960,17.6,17.6,17.6,17.6,0
1758282965,17.6,17.6,17.6,17.6,0
1758282970,17.6,17.6,17.6,17.6,0
1758282975,17.6,17.6,17.6,17.6,0
1758282980,17.6,17.6,17.6,17.6,0
1758282985,17.6,17.6,17.6,17.6,0
1758282990,17.6,17.6,17.6,17.6,0
1758282995,17.6,17.6,17.6,17.6,0
1758283000,17.6,17.6,17.6,17.6,0
1758283005,17.6,17.6,17.6,17.6,0
1758283010,17.6,17.6,17.6,17.6,0
1758283015,17.6,17.6,17.6,17.6,0
1758283020,17.6,17.6,17.6,17.6,0
1758283025,17.6,17.6,17.6,17.6,0
1758283030,17.6,17.6,17.6,17.6,0
1758283035,17.6,17.6,17.6,17.6,0
1758283040,17.6,17.6,17.6,17.6,0
1758283045,17.6,17.6,17.6,17.6,0
1758283050,17.6,17.6,17.6,17.6,0
1758283055,17.6,17.6,17.6,17.6,0
1758283060,17.6,17.6,17.6,17.6,0
1758283065,17.6,17.6,17.6,17.6,0
1758283070,17.6,17.6,17.6,17.6,0
1758283075,17.6,17.6,17.6,17.6,0
1758283080,17.6,17.6,17.6,17.6,0
1758283085,17.6,17.6,17.6,17.6,0
1758283090,17.6,17.6,17.6,17.6,0
1758283095,17.6,17.6,17.6,17.6,0
1758283100,17.6,17.6,17.6,17.6,0
1758283105,17.6,17.6,17.6,17.6,0
1758283110,17.6,17.6,17.6,17.6,0
1758283115,17.6,17.6,17.6,17.6,0
1758283120,17.6,17.6,17.6,17.6,0
1758283125,17.6,17.6,17.6,17.6,0
1758283130,17.6,17.6,17.6,17.6,0
1758283135,17.6,17.6,17.6,17.6,0
1758283140,17.6,17.6,17.6,17.6,0
1758283145,17.6,17.6,17.6,17.6,0
1758283150,17.6,17.6,17.6,17.6,0
1758283155,17.6,17.6,17.6,17.6,0
1758283160,17.6,17.6,17.6,17.6,0
1758283165,17.6,17.6,17.6,17.6,0
1758283170,17.6,17.6,17.6,17.6,0
1758283175,17.6,17.6,17.6,17.6,0
1758283180,17.6,17.6,17.6,17.6,0
1758283185,17.6,17.6,17.6,17.6,0
1758283190,17.6,17.6,17.6,17.6,0
1758283195,17.6,17.6,17.6,17.6,0
1758283200,17.6,17.6,17.6,17.6,0
1758283205,17.6,17.6,17.6,17.6,0
1758283210,17.6,17.6,17.6,17.6,0
1758283215,17.6,17.6,17.6,17.6,0
1758283220,17.6,17.6,17.6,17.6,0
1758283225,17.6,17.6,17.6,17.6,0
1758283230,17.6,17.6,17.6,17.6,0
1758283235,17.6,17.6,17.6,17.6,0
1758283240,17.6,17.6,17.6,17.6,0
1758283245,17.6,17.6,17.6,17.6,0
1758283250,17.6,17.6,17.6,17.6,0
1758283255,17.6,17.6,17.6,17.6,0
1758283260,17.6,17.6,17.6,17.6,0
1758283265,17.6,17.6,17.6,17.6,0
1758283270,17.6,17.6,17.6,17.6,0
1758283275,17.6,17.6,17.6,17.6,0
1758283280,17.6,17.6,17.6,17.6,0
1758283285,17.6,17.6,17.6,17.6,0
1758283290,17.6,17.6,17.6,17.6,0
1758283295,17.6,17.6,17.6,17.6,0
1758283300,17.6,17.6,17.6,17.6,0
1758283305,17.6,17.6,17.6,17.6,0
1758283310,17.6,17.6,17.6,17.6,0
1758283315,17.6,17.6,17.6,17.6,0
1758283320,17.6,17.6,17.6,17.6,0
1758283325,17.57,17.57,17.57,17.57,1
1758283330,17.57,17.57,17.57,17.57,0
1758283335,17.57,17.57,17.57,17.57,0
1758283340,17.57,17.57,17.57,17.57,0
1758283345,17.57,17.57,17.57,17.57,0
1758283350,17.57,17.57,17.57,17.57,0
1758283355,17.57,17.57,17.57,17.57,0
1758283360,17.57,17.57,17.57,17.57,0
1758283365,17.57,17.57,17.57,17.57,0
1758283370,17.57,17.57,17.57,17.57,0
1758283375,17.57,17.57,17.57,17.57,0
1758283380,17.57,17.57,17.57,17.57,0
1758283385,17.57,17.57,17.57,17.57,0
1758283390,17.57,17.57,17.57,17.57,0
1758283395,17.57,17.57,17.57,17.57,0
1758283400,17.57,17.57,17.57,17.57,0
1758283405,17.57,17.57,17.57,17.57,0
1758283410,17.57,17.57,17.57,17.57,0
1758283415,17.57,17.57,17.57,17.57,0
1758283420,17.57,17.57,17.57,17.57,0
1758283425,17.57,17.57,17.57,17.57,0
1758283430,17.57,17.57,17.57,17.57,0
1758283435,17.57,17.57,17.57,17.57,0
1758283440,17.57,17.57,17.57,17.57,0
1758283445,17.57,17.57,17.57,17.57,0
1758283450,17.57,17.57,17.57,17.57,0
1758283455,17.57,17.57,17.57,17.57,0
1758283460,17.57,17.57,17.57,17.57,0
1758283465,17.57,17.57,17.57,17.57,0
1758283470,17.57,17.57,17.57,17.57,0
1758283475,17.57,17.57,17.57,17.57,0
1758283480,17.57,17.57,17.57,17.57,0
1758283485,17.57,17.57,17.57,17.57,0
1758283490,17.57,17.57,17.57,17.57,0
1758283495,17.57,17.57,17.57,17.57,0
1758283500,17.57,17.57,17.57,17.57,0
1758283505,17.57,17.57,17.57,17.57,0
1758283510,17.57,17.57,17.57,17.57,0
1758283515,17.57,17.57,17.57,17.57,0
1758283520,17.57,17.57,17.57,17.57,0
1758283525,17.57,17.57,17.57,17.57,0
1758283530,17.57,17.57,17.57,17.57,0
1758283535,17.57,17.57,17.57,17.57,0
1758283540,17.57,17.57,17.57,17.57,0
1758283545,17.57,17.57,17.57,17.57,0
1758283550,17.57,17.57,17.57,17.57,0
1758283555,17.57,17.57,17.57,17.57,0
1758283560,17.57,17.57,17.57,17.57,0
1758283565,17.57,17.57,17.57,17.57,0
1758283570,17.57,17.57,17.57,17.57,0
1758283575,17.57,17.57,17.57,17.57,0
1758283580,17.57,17.57,17.57,17.57,0
1758283585,17.57,17.57,17.57,17.57,0
1758283590,17.57,17.57,17.57,17.57,0
1758283595,17.57,17.57,17.57,17.57,0
1758283600,17.57,17.57,17.57,17.57,0
1758283605,17.57,17.57,17.57,17.57,0
1758283610,17.57,17.57,17.57,17.57,0
1758283615,17.57,17.57,17.57,17.57,0
1758283620,17.57,17.57,17.57,17.57,0
1758283625,17.57,17.57,17.57,17.57,0
1758283630,17.57,17.57,17.57,17.57,0
1758283635,17.57,17.57,17.57,17.57,0
1758283640,17.57,17.57,17.57,17.57,0
1758283645,17.57,17.57,17.57,17.57,0
1758283650,17.57,17.57,17.57,17.57,0
1758283655,17.57,17.57,17.57,17.57,0
1758283660,17.57,17.57,17.57,17.57,0
1758283665,17.57,17.57,17.57,17.57,0
1758283670,17.57,17.57,17.57,17.57,0
1758283675,17.57,17.57,17.57,17.57,0
1758283680,17.57,17.57,17.57,17.57,0
1758283685,17.57,17.57,17.57,17.57,0
1758283690,17.57,17.57,17.57,17.57,0
1758283695,17.57,17.57,17.57,17.57,0
1758283700,17.57,17.57,17.57,17.57,0
1758283705,17.57,17.57,17.57,17.57,0
1758283710,17.57,17.57,17.57,17.57,0
1758283715,17.57,17.57,17.57,17.57,0
1758283720,17.57,17.57,17.57,17.57,0
1758283725,17.57,17.57,17.57,17.57,0
1758283730,17.57,17.57,17.57,17.57,0
1758283735,17.57,17.57,17.57,17.57,0
1758283740,17.57,17.57,17.57,17.57,0
1758283745,17.57,17.57,17.57,17.57,0
1758283750,17.57,17.57,17.57,17.57,0
1758283755,17.57,17.57,17.57,17.57,0
1758283760,17.57,17.57,17.57,17.57,0
1758283765,17.57,17.57,17.57,17.57,0
1758283770,17.57,17.57,17.57,17.57,0
1758283775,17.57,17.57,17.57,17.57,0
1758283780,17.57,17.57,17.57,17.57,0
1758283785,17.57,17.57,17.57,17.57,0
1758283790,17.57,17.57,17.57,17.57,0
1758283795,17.57,17.57,17.57,17.57,0
1758283800,17.57,17.57,17.57,17.57,0
1758283805,17.57,17.57,17.57,17.57,0
1758283810,17.57,17.57,17.57,17.57,0
1758283815,17.57,17.57,17.57,17.57,0
1758283820,17.57,17.57,17.57,17.57,0
1758283825,17.57,17.57,17.57,17.57,0
1758283830,17.57,17.57,17.57,17.57,0
1758283835,17.57,17.57,17.57,17.57,0
1758283840,17.57,17.57,17.57,17.57,0
1758283845,17.57,17.57,17.57,17.57,0
1758283850,17.57,17.57,17.57,17.57,0
1758283855,17.57,17.57,17.57,17.57,0
1758283860,17.57,17.57,17.57,17.57,0
1758283865,17.57,17.57,17.57,17.57,0
1758283870,17.57,17.57,17.57,17.57,0
1758283875,17.57,17.57,17.57,17.57,0
1758283880,17.57,17.57,17.57,17.57,0
1758283885,17.57,17.57,17.57,17.57,0
1758283890,17.57,17.57,17.57,17.57,0
1758283895,17.57,17.57,17.57,17.57,0
1758283900,17.57,17.57,17.57,17.57,0
1758283905,17.57,17.57,17.57,17.57,0
1758283910,17.57,17.57,17.57,17.57,0
1758283915,17.57,17.57,17.57,17.57,0
1758283920,17.57,17.57,17.57,17.57,0
1758283925,17.57,17.57,17.57,17.57,0
1758283930,17.57,17.57,17.57,17.57,0
1758283935,17.57,17.57,17.57,17.57,0
1758283940,17.57,17.57,17.57,17.57,0
1758283945,17.57,17.57,17.57,17.57,0
1758283950,17.57,17.57,17.57,17.57,0
1758283955,17.57,17.57,17.57,17.57,0
1758283960,17.57,17.57,17.57,17.57,0
1758283965,17.57,17.57,17.57,17.57,0
1758283970,17.57,17.57,17.57,17.57,0
1758283975,17.57,17.57,17.57,17.57,0
1758283980,17.57,17.57,17.57,17.57,0
1758283985,17.57,17.57,17.57,17.57,0
1758283990,17.57,17.57,17.57,17.57,0
1758283995,17.57,17.57,17.57,17.57,0
1758284000,17.57,17.57,17.57,17.57,0
1758284005,17.57,17.57,17.57,17.57,0
1758284010,17.57,17.57,17.57,17.57,0
1758284015,17.57,17.57,17.57,17.57,0
1758284020,17.57,17.57,17.57,17.57,0
1758284025,17.57,17.57,17.57,17.57,0
1758284030,17.57,17.57,17.57,17.57,0
1758284035,17.57,17.57,17.57,17.57,0
1758284040,17.57,17.57,17.57,17.57,0
1758284045,17.57,17.57,17.57,17.57,0
1758284050,17.57,17.57,17.57,17.57,0
1758284055,17.57,17.57,17.57,17.57,0
1758284060,17.57,17.57,17.57,17.57,0
1758284065,17.57,17.57,17.57,17.57,0
1758284070,17.57,17.57,17.57,17.57,0
1758284075,17.57,17.57,17.57,17.57,0
1758284080,17.57,17.57,17.57,17.57,0
1758284085,17.57,17.57,17.57,17.57,0
1758284090,17.57,17.57,17.57,17.57,0
1758284095,17.57,17.57,17.57,17.57,0
1758284100,17.57,17.57,17.57,17.57,0
1758284105,17.57,17.57,17.57,17.57,0
1758284110,17.57,17.57,17.57,17.57,0
1758284115,17.57,17.57,17.57,17.57,0
1758284120,17.57,17.57,17.57,17.57,0
1758284125,17.57,17.57,17.57,17.57,0
1758284130,17.57,17.57,17.57,17.57,0
1758284135,17.57,17.57,17.57,17.57,0
1758284140,17.57,17.57,17.57,17.57,0
1758284145,17.57,17.57,17.57,17.57,0
1758284150,17.57,17.57,17.57,17.57,0
1758284155,17.57,17.57,17.57,17.57,0
1758284160,17.57,17.57,17.57,17.57,0
1758284165,17.57,17.57,17.57,17.57,0
1758284170,17.57,17.57,17.57,17.57,0
1758284175,17.57,17.57,17.57,17.57,0
1758284180,17.57,17.57,17.57,17.57,0
1758284185,17.57,17.57,17.57,17.57,0
1758284190,17.57,17.57,17.57,17.57,0
1758284195,17.57,17.57,17.57,17.57,0
1758284200,17.57,17.57,17.57,17.57,0
1758284205,17.57,17.57,17.57,17.57,0
1758284210,17.57,17.57,17.57,17.57,0
1758284215,17.57,17.57,17.57,17.57,0
1758284220,17.57,17.57,17.57,17.57,0
1758284225,17.57,17.57,17.57,17.57,0
1758284230,17.57,17.57,17.57,17.57,0
1758284235,17.57,17.57,17.57,17.57,0
1758284240,17.57,17.57,17.57,17.57,0
1758284245,17.57,17.57,17.57,17.57,0
1758284250,17.57,17.57,17.57,17.57,0
1758284255,17.57,17.57,17.57,17.57,0
1758284260,17.57,17.57,17.57,17.57,0
1758284265,17.57,17.57,17.57,17.57,0
1758284270,17.57,17.57,17.57,17.57,0
1758284275,17.57,17.57,17.57,17.57,0
1758284280,17.57,17.57,17.57,17.57,1
1758284285,17.57,17.57,17.57,17.57,0
1758284290,17.57,17.57,17.57,17.57,0
1758284295,17.57,17.57,17.57,17.57,0
1758284300,17.57,17.57,17.57,17.57,0
1758284305,17.57,17.57,17.57,17.57,0
1758284310,17.57,17.57,17.57,17.57,0
1758284315,17.57,17.57,17.57,17.57,0
1758284320,17.57,17.57,17.57,17.57,0
1758284325,17.57,17.57,17.57,17.57,0
1758284330,17.57,17.57,17.57,17.57,0
1758284335,17.57,17.57,17.57,17.57,0
1758284340,17.57,17.57,17.57,17.57,0
1758284345,17.57,17.57,17.57,17.57,0
1758284350,17.57,17.57,17.57,17.57,0
1758284355,17.57,17.57,17.57,17.57,0
1758284360,17.57,17.57,17.57,17.57,0
1758284365,17.57,17.57,17.57,17.57,0
1758284370,17.57,17.57,17.57,17.57,0
1758284375,17.57,17.57,17.57,17.57,0
1758284380,17.57,17.57,17.57,17.57,0
1758284385,17.57,17.57,17.57,17.57,0
1758284390,17.57,17.57,17.57,17.57,0
1758284395,17.57,17.57,17.57,17.57,0
1758284400,17.57,17.57,17.57,17.57,0
1758284405,17.57,17.57,17.57,17.57,0
1758284410,17.57,17.57,17.57,17.57,0
1758284415,17.57,17.57,17.57,17.57,0
1758284420,17.57,17.57,17.57,17.57,0
1758284425,17.57,17.57,17.57,17.57,0
1758284430,17.57,17.57,17.57,17.57,0
1758284435,17.57,17.57,17.57,17.57,0
1758284440,17.57,17.57,17.57,17.57,0
1758284445,17.57,17.57,17.57,17.57,0
1758284450,17.57,17.57,17.57,17.57,0
1758284455,17.57,17.57,17.57,17.57,0
1758284460,17.57,17.57,17.57,17.57,0
1758284465,17.57,17.57,17.57,17.57,0
1758284470,17.57,17.57,17.57,17.57,0
1758284475,17.57,17.57,17.57,17.57,0
1758284480,17.57,17.57,17.57,17.57,0
1758284485,17.57,17.57,17.57,17.57,0
1758284490,17.57,17.57,17.57,17.57,0
1758284495,17.57,17.57,17.57,17.57,0
1758284500,17.57,17.57,17.57,17.57,0
1758284505,17.57,17.57,17.57,17.57,0
1758284510,17.57,17.57,17.57,17.57,0
1758284515,17.57,17.57,17.57,17.57,0
1758284520,17.57,17.57,17.57,17.57,0
1758284525,17.57,17.57,17.57,17.57,0
1758284530,17.57,17.57,17.57,17.57,0
1758284535,17.57,17.57,17.57,17.57,0
1758284540,17.57,17.57,17.57,17.57,0
1758284545,17.57,17.57,17.57,17.57,0
1758284550,17.57,17.57,17.57,17.57,0
1758284555,17.57,17.57,17.57,17.57,0
1758284560,17.57,17.57,17.57,17.57,0
1758284565,17.57,17.57,17.57,17.57,0
1758284570,17.57,17.57,17.57,17.57,0
1758284575,17.57,17.57,17.57,17.57,0
1758284580,17.57,17.57,17.57,17.57,0
1758284585,17.57,17.57,17.57,17.57,0
1758284590,17.57,17.57,17.57,17.57,0
1758284595,17.57,17.57,17.57,17.57,0
1758284600,17.57,17.57,17.57,17.57,0
1758284605,17.57,17.57,17.57,17.57,0
1758284610,17.57,17.57,17.57,17.57,0
1758284615,17.57,17.57,17.57,17.57,0
1758284620,17.57,17.57,17.57,17.57,0
1758284625,17.57,17.57,17.57,17.57,0
1758284630,17.57,17.57,17.57,17.57,0
1758284635,17.57,17.57,17.57,17.57,0
1758284640,17.57,17.57,17.57,17.57,0
1758284645,17.57,17.57,17.57,17.57,0
1758284650,17.57,17.57,17.57,17.57,0
1758284655,17.57,17.57,17.57,17.57,0
1758284660,17.57,17.57,17.57,17.57,0
1758284665,17.57,17.57,17.57,17.57,0
1758284670,17.57,17.57,17.57,17.57,0
1758284675,17.57,17.57,17.57,17.57,0
1758284680,17.57,17.57,17.57,17.57,0
1758284685,17.57,17.57,17.57,17.57,0
1758284690,17.57,17.57,17.57,17.57,0
1758284695,17.57,17.57,17.57,17.57,0
1758284700,17.57,17.57,17.57,17.57,0
1758284705,17.57,17.57,17.57,17.57,0
1758284710,17.57,17.57,17.57,17.57,0
1758284715,17.57,17.57,17.57,17.57,0
1758284720,17.57,17.57,17.57,17.57,0
1758284725,17.57,17.57,17.57,17.57,0
1758284730,17.57,17.57,17.57,17.57,0
1758284735,17.57,17.57,17.57,17.57,0
1758284740,17.57,17.57,17.57,17.57,0
1758284745,17.57,17.57,17.57,17.57,0
1758284750,17.57,17.57,17.57,17.57,0
1758284755,17.57,17.57,17.57,17.57,0
1758284760,17.57,17.57,17.57,17.57,0
1758284765,17.57,17.57,17.57,17.57,0
1758284770,17.57,17.57,17.57,17.57,0
1758284775,17.57,17.57,17.57,17.57,0
1758284780,17.57,17.57,17.57,17.57,0
1758284785,17.57,17.57,17.57,17.57,0
1758284790,17.57,17.57,17.57,17.57,0
1758284795,17.57,17.57,17.57,17.57,0
1758284800,17.57,17.57,17.57,17.57,0
1758284805,17.57,17.57,17.57,17.57,0
1758284810,17.57,17.57,17.57,17.57,0
1758284815,17.57,17.57,17.57,17.57,0
1758284820,17.57,17.57,17.57,17.57,0
1758284825,17.57,17.57,17.57,17.57,0
1758284830,17.57,17.57,17.57,17.57,0
1758284835,17.57,17.57,17.57,17.57,0
1758284840,17.57,17.57,17.57,17.57,0
1758284845,17.57,17.57,17.57,17.57,0
1758284850,17.57,17.57,17.57,17.57,0
1758284855,17.57,17.57,17.57,17.57,0
1758284860,17.57,17.57,17.57,17.57,0
1758284865,17.57,17.57,17.57,17.57,0
1758284870,17.57,17.57,17.57,17.57,0
1758284875,17.57,17.57,17.57,17.57,0
1758284880,17.57,17.57,17.57,17.57,0
1758284885,17.57,17.57,17.57,17.57,0
1758284890,17.57,17.57,17.57,17.57,0
1758284895,17.57,17.57,17.57,17.57,0
1758284900,17.57,17.57,17.57,17.57,0
1758284905,17.57,17.57,17.57,17.57,0
1758284910,17.57,17.57,17.57,17.57,0
1758284915,17.57,17.57,17.57,17.57,0
1758284920,17.57,17.57,17.57,17.57,0
1758284925,17.57,17.57,17.57,17.57,0
1758284930,17.57,17.57,17.57,17.57,0
1758284935,17.57,17.57,17.57,17.57,0
1758284940,17.57,17.57,17.57,17.57,0
1758284945,17.57,17.57,17.57,17.57,0
1758284950,17.57,17.57,17.57,17.57,0
1758284955,17.57,17.57,17.57,17.57,0
1758284960,17.57,17.57,17.57,17.57,0
1758284965,17.57,17.57,17.57,17.57,0
1758284970,17.57,17.57,17.57,17.57,0
1758284975,17.57,17.57,17.57,17.57,0
1758284980,17.57,17.57,17.57,17.57,0
1758284985,17.57,17.57,17.57,17.57,0
1758284990,17.57,17.57,17.57,17.57,0
1758284995,17.57,17.57,17.57,17.57,0
1758285000,17.57,17.57,17.57,17.57,0
1758285005,17.57,17.57,17.57,17.57,0
1758285010,17.57,17.57,17.57,17.57,0
1758285015,17.57,17.57,17.57,17.57,0
1758285020,17.57,17.57,17.57,17.57,0
1758285025,17.57,17.57,17.57,17.57,0
1758285030,17.57,17.57,17.57,17.57,0
1758285035,17.57,17.57,17.57,17.57,0
1758285040,17.57,17.57,17.57,17.57,0
1758285045,17.57,17.57,17.57,17.57,0
1758285050,17.57,17.57,17.57,17.57,0
1758285055,17.57,17.57,17.57,17.57,0
1758285060,17.57,17.57,17.57,17.57,0
1758285065,17.57,17.57,17.57,17.57,0
1758285070,17.57,17.57,17.57,17.57,0
1758285075,17.57,17.57,17.57,17.57,0
1758285080,17.57,17.57,17.57,17.57,0
1758285085,17.57,17.57,17.57,17.57,0
1758285090,17.57,17.57,17.57,17.57,0
1758285095,17.57,17.57,17.57,17.57,0
1758285100,17.57,17.57,17.57,17.57,0
1758285105,17.57,17.57,17.57,17.57,0
1758285110,17.57,17.57,17.57,17.57,0
1758285115,17.57,17.57,17.57,17.57,0
1758285120,17.57,17.57,17.57,17.57,0
1758285125,17.57,17.57,17.57,17.57,0
1758285130,17.57,17.57,17.57,17.57,0
1758285135,17.57,17.57,17.57,17.57,0
1758285140,17.57,17.57,17.57,17.57,0
1758285145,17.57,17.57,17.57,17.57,0
1758285150,17.57,17.57,17.57,17.57,0
1758285155,17.57,17.57,17.57,17.57,0
1758285160,17.57,17.57,17.57,17.57,0
1758285165,17.57,17.57,17.57,17.57,0
1758285170,17.57,17.57,17.57,17.57,0
1758285175,17.57,17.57,17.57,17.57,0
1758285180,17.57,17.57,17.57,17.57,0
1758285185,17.57,17.57,17.57,17.57,0
1758285190,17.57,17.57,17.57,17.57,0
1758285195,17.57,17.57,17.57,17.57,0
1758285200,17.57,17.57,17.57,17.57,0
1758285205,17.57,17.57,17.57,17.57,0
1758285210,17.57,17.57,17.57,17.57,0
1758285215,17.57,17.57,17.57,17.57,0
1758285220,17.57,17.57,17.57,17.57,0
1758285225,17.57,17.57,17.57,17.57,0
1758285230,17.57,17.57,17.57,17.57,0
1758285235,17.57,17.57,17.57,17.57,0
1758285240,17.57,17.57,17.57,17.57,0
1758285245,17.57,17.57,17.57,17.57,0
1758285250,17.57,17.57,17.57,17.57,0
1758285255,17.57,17.57,17.57,17.57,0
1758285260,17.57,17.57,17.57,17.57,0
1758285265,17.57,17.57,17.57,17.57,0
1758285270,17.57,17.57,17.57,17.57,0
1758285275,17.57,17.57,17.57,17.57,0
1758285280,17.57,17.57,17.57,17.57,0
1758285285,17.57,17.57,17.57,17.57,0
1758285290,17.57,17.57,17.57,17.57,0
1758285295,17.57,17.57,17.57,17.57,0
1758285300,17.57,17.57,17.57,17.57,0
1758285305,17.57,17.57,17.57,17.57,0
1758285310,17.57,17.57,17.57,17.57,0
1758285315,17.57,17.57,17.57,17.57,0
1758285320,17.57,17.57,17.57,17.57,0
1758285325,17.57,17.57,17.57,17.57,0
1758285330,17.57,17.57,17.57,17.57,0
1758285335,17.57,17.57,17.57,17.57,0
1758285340,17.57,17.57,17.57,17.57,0
1758285345,17.57,17.57,17.57,17.57,0
1758285350,17.57,17.57,17.57,17.57,0
1758285355,17.57,17.57,17.57,17.57,0
1758285360,17.57,17.57,17.57,17.57,0
1758285365,17.57,17.57,17.57,17.57,0
1758285370,17.57,17.57,17.57,17.57,0
1758285375,17.57,17.57,17.57,17.57,0
1758285380,17.57,17.57,17.57,17.57,0
1758285385,17.57,17.57,17.57,17.57,0
1758285390,17.57,17.57,17.57,17.57,0
1758285395,17.57,17.57,17.57,17.57,0
1758285400,17.57,17.57,17.57,17.57,0
1758285405,17.57,17.57,17.57,17.57,0
1758285410,17.57,17.57,17.57,17.57,0
1758285415,17.57,17.57,17.57,17.57,0
1758285420,17.57,17.57,17.57,17.57,0
1758285425,17.57,17.57,17.57,17.57,0
1758285430,17.57,17.57,17.57,17.57,0
1758285435,17.57,17.57,17.57,17.57,0
1758285440,17.57,17.57,17.57,17.57,0
1758285445,17.57,17.57,17.57,17.57,0
1758285450,17.57,17.57,17.57,17.57,0
1758285455,17.57,17.57,17.57,17.57,0
1758285460,17.57,17.57,17.57,17.57,0
1758285465,17.57,17.57,17.57,17.57,0
1758285470,17.57,17.57,17.57,17.57,0
1758285475,17.57,17.57,17.57,17.57,0
1758285480,17.57,17.57,17.57,17.57,0
1758285485,17.57,17.57,17.57,17.57,0
1758285490,17.57,17.57,17.57,17.57,0
1758285495,17.57,17.57,17.57,17.57,0
1758285500,17.57,17.57,17.57,17.57,0
1758285505,17.57,17.57,17.57,17.57,0
1758285510,17.57,17.57,17.57,17.57,0
1758285515,17.57,17.57,17.57,17.57,0
1758285520,17.57,17.57,17.57,17.57,0
1758285525,17.57,17.57,17.57,17.57,0
1758285530,17.57,17.57,17.57,17.57,0
1758285535,17.57,17.57,17.57,17.57,0
1758285540,17.57,17.57,17.57,17.57,0
1758285545,17.57,17.57,17.57,17.57,0
1758285550,17.57,17.57,17.57,17.57,0
1758285555,17.57,17.57,17.57,17.57,0
1758285560,17.57,17.57,17.57,17.57,0
1758285565,17.57,17.57,17.57,17.57,0
1758285570,17.57,17.57,17.57,17.57,0
1758285575,17.57,17.57,17.57,17.57,0
1758285580,17.57,17.57,17.57,17.57,0
1758285585,17.57,17.57,17.57,17.57,0
1758285590,17.57,17.57,17.57,17.57,0
1758285595,17.57,17.57,17.57,17.57,0
1758285600,17.57,17.57,17.57,17.57,0
1758285605,17.57,17.57,17.57,17.57,0
1758285610,17.57,17.57,17.57,17.57,0
1758285615,17.57,17.57,17.57,17.57,0
1758285620,17.57,17.57,17.57,17.57,0
1758285625,17.57,17.57,17.57,17.57,0
1758285630,17.57,17.57,17.57,17.57,0
1758285635,17.57,17.57,17.57,17.57,0
1758285640,17.57,17.57,17.57,17.57,0
1758285645,17.57,17.57,17.57,17.57,0
1758285650,17.57,17.57,17.57,17.57,0
1758285655,17.57,17.57,17.57,17.57,0
1758285660,17.57,17.57,17.57,17.57,0
1758285665,17.57,17.57,17.57,17.57,0
1758285670,17.57,17.57,17.57,17.57,0
1758285675,17.57,17.57,17.57,17.57,0
1758285680,17.57,17.57,17.57,17.57,0
1758285685,17.57,17.57,17.57,17.57,0
1758285690,17.57,17.57,17.57,17.57,0
1758285695,17.57,17.57,17.57,17.57,0
1758285700,17.57,17.57,17.57,17.57,0
1758285705,17.57,17.57,17.57,17.57,0
1758285710,17.57,17.57,17.57,17.57,0
1758285715,17.57,17.57,17.57,17.57,0
1758285720,17.57,17.57,17.57,17.57,0
1758285725,17.57,17.57,17.57,17.57,0
1758285730,17.57,17.57,17.57,17.57,0
1758285735,17.57,17.57,17.57,17.57,0
1758285740,17.57,17.57,17.57,17.57,0
1758285745,17.57,17.57,17.57,17.57,0
1758285750,17.57,17.57,17.57,17.57,0
1758285755,17.57,17.57,17.57,17.57,0
1758285760,17.57,17.57,17.57,17.57,0
1758285765,17.57,17.57,17.57,17.57,0
1758285770,17.57,17.57,17.57,17.57,0
1758285775,17.57,17.57,17.57,17.57,0
1758285780,17.57,17.57,17.57,17.57,0
1758285785,17.57,17.57,17.57,17.57,0
1758285790,17.57,17.57,17.57,17.57,0
1758285795,17.57,17.57,17.57,17.57,0
1758285800,17.57,17.57,17.57,17.57,0
1758285805,17.57,17.57,17.57,17.57,0
1758285810,17.57,17.57,17.57,17.57,0
1758285815,17.57,17.57,17.57,17.57,0
1758285820,17.57,17.57,17.57,17.57,0
1758285825,17.57,17.57,17.57,17.57,0
1758285830,17.57,17.57,17.57,17.57,0
1758285835,17.57,17.57,17.57,17.57,0
1758285840,17.57,17.57,17.57,17.57,0
1758285845,17.57,17.57,17.57,17.57,0
1758285850,17.57,17.57,17.57,17.57,0
1758285855,17.57,17.57,17.57,17.57,0
1758285860,17.57,17.57,17.57,17.57,0
1758285865,17.57,17.57,17.57,17.57,0
1758285870,17.57,17.57,17.57,17.57,0
1758285875,17.57,17.57,17.57,17.57,0
1758285880,17.57,17.57,17.57,17.57,0
1758285885,17.57,17.57,17.57,17.57,0
1758285890,17.57,17.57,17.57,17.57,0
1758285895,17.57,17.57,17.57,17.57,0
1758285900,17.57,17.57,17.57,17.57,0
1758285905,17.57,17.57,17.57,17.57,0
1758285910,17.6,17.6,17.6,17.6,1
1758285915,17.6,17.6,17.6,17.6,0
1758285920,17.6,17.6,17.6,17.6,0
1758285925,17.6,17.6,17.6,17.6,0
1758285930,17.6,17.6,17.6,17.6,0
1758285935,17.6,17.6,17.6,17.6,0
1758285940,17.6,17.6,17.6,17.6,0
1758285945,17.6,17.6,17.6,17.6,0
1758285950,17.6,17.6,17.6,17.6,0
1758285955,17.6,17.6,17.6,17.6,0
1758285960,17.6,17.6,17.6,17.6,0
1758285965,17.6,17.6,17.6,17.6,0
1758285970,17.6,17.6,17.6,17.6,0
1758285975,17.6,17.6,17.6,17.6,0
1758285980,17.6,17.6,17.6,17.6,0
1758285985,17.6,17.6,17.6,17.6,0
1758285990,17.6,17.6,17.6,17.6,0
1758285995,17.6,17.6,17.6,17.6,0
1758286000,17.6,17.6,17.6,17.6,0
1758286005,17.6,17.6,17.6,17.6,0
1758286010,17.6,17.6,17.6,17.6,0
1758286015,17.6,17.6,17.6,17.6,0
1758286020,17.6,17.6,17.6,17.6,0
1758286025,17.6,17.6,17.6,17.6,0
1758286030,17.6,17.6,17.6,17.6,0
1758286035,17.6,17.6,17.6,17.6,0
1758286040,17.6,17.6,17.6,17.6,0
1758286045,17.6,17.6,17.6,17.6,0
1758286050,17.6,17.6,17.6,17.6,0
1758286055,17.6,17.6,17.6,17.6,0
1758286060,17.6,17.6,17.6,17.6,0
1758286065,17.6,17.6,17.6,17.6,0
1758286070,17.6,17.6,17.6,17.6,0
1758286075,17.6,17.6,17.6,17.6,0
1758286080,17.6,17.6,17.6,17.6,0
1758286085,17.6,17.6,17.6,17.6,0
1758286090,17.6,17.6,17.6,17.6,0
1758286095,17.6,17.6,17.6,17.6,0
1758286100,17.6,17.6,17.6,17.6,0
1758286105,17.6,17.6,17.6,17.6,0
1758286110,17.6,17.6,17.6,17.6,0
1758286115,17.6,17.6,17.6,17.6,0
1758286120,17.6,17.6,17.6,17.6,0
1758286125,17.6,17.6,17.6,17.6,0
1758286130,17.6,17.6,17.6,17.6,0
1758286135,17.6,17.6,17.6,17.6,0
1758286140,17.6,17.6,17.6,17.6,0
1758286145,17.6,17.6,17.6,17.6,0
1758286150,17.6,17.6,17.6,17.6,0
1758286155,17.6,17.6,17.6,17.6,0
1758286160,17.6,17.6,17.6,17.6,0
1758286165,17.6,17.6,17.6,17.6,0
1758286170,17.57,17.57,17.57,17.57,3
1758286175,17.59,17.59,17.59,17.59,1
1758286180,17.59,17.59,17.59,17.59,0
1758286185,17.59,17.59,17.59,17.59,0
1758286190,17.59,17.59,17.59,17.59,0
1758286195,17.59,17.59,17.59,17.59,0
1758286200,17.59,17.59,17.59,17.59,0
1758286205,17.59,17.59,17.59,17.59,0
1758286210,17.59,17.59,17.59,17.59,0
1758286215,17.59,17.59,17.59,17.59,0
1758286220,17.59,17.59,17.59,17.59,0
1758286225,17.59,17.59,17.59,17.59,0
1758286230,17.59,17.59,17.59,17.59,0
1758286235,17.59,17.59,17.59,17.59,0
1758286240,17.57,17.57,17.57,17.57,1
1758286245,17.57,17.57,17.57,17.57,0
1758286250,17.58,17.58,17.58,17.58,1
1758286255,17.58,17.58,17.58,17.58,0
1758286260,17.58,17.58,17.58,17.58,0
1758286265,17.58,17.58,17.58,17.58,0
1758286270,17.58,17.58,17.58,17.58,0
1758286275,17.58,17.58,17.58,17.58,0
1758286280,17.58,17.58,17.58,17.58,0
1758286285,17.58,17.58,17.58,17.58,0
1758286290,17.58,17.58,17.58,17.58,0
1758286295,17.58,17.58,17.58,17.58,0
1758286300,17.58,17.58,17.58,17.58,0
1758286305,17.58,17.58,17.58,17.58,0
1758286310,17.58,17.58,17.58,17.58,0
1758286315,17.58,17.58,17.58,17.58,0
1758286320,17.58,17.58,17.58,17.58,0
1758286325,17.58,17.58,17.58,17.58,0
1758286330,17.58,17.58,17.58,17.58,0
1758286335,17.58,17.58,17.58,17.58,0
1758286340,17.58,17.58,17.58,17.58,0
1758286345,17.58,17.58,17.58,17.58,0
1758286350,17.58,17.58,17.58,17.58,0
1758286355,17.58,17.58,17.58,17.58,0
1758286360,17.58,17.58,17.58,17.58,0
1758286365,17.58,17.58,17.58,17.58,0
1758286370,17.58,17.58,17.58,17.58,0
1758286375,17.58,17.58,17.58,17.58,0
1758286380,17.57,17.57,17.57,17.57,3
1758286385,17.57,17.57,17.57,17.57,0
1758286390,17.57,17.57,17.57,17.57,0
1758286395,17.57,17.57,17.57,17.57,0
1758286400,17.57,17.57,17.57,17.57,0
1758286405,17.57,17.57,17.57,17.57,0
1758286410,17.57,17.57,17.57,17.57,0
1758286415,17.57,17.57,17.57,17.57,0
1758286420,17.57,17.57,17.57,17.57,0
1758286425,17.57,17.57,17.57,17.57,0
1758286430,17.57,17.57,17.57,17.57,0
1758286435,17.57,17.57,17.57,17.57,0
1758286440,17.57,17.57,17.57,17.57,0
1758286445,17.57,17.57,17.57,17.57,0
1758286450,17.57,17.57,17.57,17.57,0
1758286455,17.57,17.57,17.57,17.57,0
1758286460,17.57,17.57,17.57,17.57,0
1758286465,17.57,17.57,17.57,17.57,0
1758286470,17.57,17.57,17.57,17.57,0
1758286475,17.57,17.57,17.57,17.57,0
1758286480,17.57,17.57,17.57,17.57,0
1758286485,17.57,17.57,17.57,17.57,0
1758286490,17.57,17.57,17.57,17.57,0
1758286495,17.57,17.57,17.57,17.57,0
1758286500,17.57,17.57,17.57,17.57,0
1758286505,17.57,17.57,17.57,17.57,0
1758286510,17.57,17.57,17.57,17.57,0
1758286515,17.57,17.57,17.57,17.57,0
1758286520,17.57,17.57,17.57,17.57,0
1758286525,17.57,17.57,17.57,17.57,0
1758286530,17.57,17.57,17.57,17.57,0
1758286535,17.57,17.57,17.57,17.57,0
1758286540,17.57,17.57,17.57,17.57,0
1758286545,17.57,17.57,17.57,17.57,0
1758286550,17.57,17.57,17.57,17.57,0
1758286555,17.57,17.57,17.57,17.57,0
1758286560,17.57,17.57,17.57,17.57,0
1758286565,17.57,17.57,17.57,17.57,0
1758286570,17.57,17.57,17.57,17.57,0
1758286575,17.57,17.57,17.57,17.57,0
1758286580,17.57,17.57,17.57,17.57,0
1758286585,17.57,17.57,17.57,17.57,0
1758286590,17.57,17.57,17.57,17.57,0
1758286595,17.57,17.57,17.57,17.57,0
1758286600,17.57,17.57,17.57,17.57,0
1758286605,17.57,17.57,17.57,17.57,0
1758286610,17.57,17.57,17.57,17.57,0
1758286615,17.57,17.57,17.57,17.57,0
1758286620,17.57,17.57,17.57,17.57,0
1758286625,17.57,17.57,17.57,17.57,0
1758286630,17.57,17.57,17.57,17.57,0
1758286635,17.57,17.57,17.57,17.57,0
1758286640,17.57,17.57,17.57,17.57,0
1758286645,17.57,17.57,17.57,17.57,0
1758286650,17.57,17.57,17.57,17.57,0
1758286655,17.57,17.57,17.57,17.57,0
1758286660,17.57,17.57,17.57,17.57,0
1758286665,17.57,17.57,17.57,17.57,0
1758286670,17.57,17.57,17.57,17.57,0
1758286675,17.57,17.57,17.57,17.57,0
1758286680,17.57,17.57,17.57,17.57,0
1758286685,17.57,17.57,17.57,17.57,0
1758286690,17.57,17.57,17.57,17.57,0
1758286695,17.57,17.57,17.57,17.57,0
1758286700,17.57,17.57,17.57,17.57,0
1758286705,17.57,17.57,17.57,17.57,0
1758286710,17.57,17.57,17.57,17.57,0
1758286715,17.57,17.57,17.57,17.57,0
1758286720,17.57,17.57,17.57,17.57,0
1758286725,17.57,17.57,17.57,17.57,0
1758286730,17.57,17.57,17.57,17.57,0
1758286735,17.57,17.57,17.57,17.57,0
1758286740,17.57,17.57,17.57,17.57,0
1758286745,17.57,17.57,17.57,17.57,0
1758286750,17.56,17.56,17.55,17.55,6
1758286755,17.56,17.56,17.54,17.54,20
1758286760,17.54,17.54,17.54,17.54,0
1758286765,17.54,17.54,17.54,17.54,0
1758286770,17.54,17.54,17.54,17.54,0
1758286775,17.54,17.54,17.54,17.54,2
1758286780,17.54,17.54,17.54,17.54,0
1758286785,17.54,17.54,17.54,17.54,0
1758286790,17.54,17.54,17.54,17.54,0
1758286795,17.54,17.54,17.54,17.54,0
1758286800,17.54,17.54,17.54,17.54,0
1758286805,17.54,17.54,17.54,17.54,0
1758286810,17.54,17.54,17.54,17.54,0
1758286815,17.54,17.54,17.54,17.54,0
1758286820,17.54,17.54,17.54,17.54,0
1758286825,17.54,17.54,17.54,17.54,0
1758286830,17.54,17.54,17.54,17.54,0
1758286835,17.54,17.54,17.54,17.54,0
1758286840,17.54,17.54,17.54,17.54,0
1758286845,17.54,17.54,17.54,17.54,0
1758286850,17.54,17.54,17.54,17.54,0
1758286855,17.54,17.54,17.54,17.54,0
1758286860,17.54,17.54,17.54,17.54,0
1758286865,17.54,17.54,17.54,17.54,0
1758286870,17.54,17.54,17.54,17.54,0
1758286875,17.54,17.54,17.54,17.54,0
1758286880,17.54,17.54,17.54,17.54,0
1758286885,17.54,17.54,17.54,17.54,0
1758286890,17.54,17.54,17.54,17.54,0
1758286895,17.54,17.54,17.54,17.54,0
1758286900,17.54,17.54,17.54,17.54,0
1758286905,17.54,17.54,17.54,17.54,0
1758286910,17.54,17.54,17.54,17.54,0
1758286915,17.54,17.54,17.54,17.54,0
1758286920,17.54,17.54,17.54,17.54,0
1758286925,17.54,17.54,17.54,17.54,0
1758286930,17.54,17.54,17.54,17.54,0
1758286935,17.54,17.54,17.54,17.54,0
1758286940,17.54,17.54,17.54,17.54,0
1758286945,17.54,17.54,17.54,17.54,0
1758286950,17.54,17.54,17.54,17.54,0
1758286955,17.54,17.54,17.54,17.54,0
1758286960,17.54,17.54,17.54,17.54,0
1758286965,17.54,17.54,17.54,17.54,0
1758286970,17.54,17.54,17.54,17.54,0
1758286975,17.54,17.54,17.54,17.54,0
1758286980,17.54,17.54,17.54,17.54,0
1758286985,17.54,17.54,17.54,17.54,0
1758286990,17.54,17.54,17.54,17.54,0
1758286995,17.54,17.54,17.54,17.54,0
1758287000,17.54,17.54,17.54,17.54,0
1758287005,17.54,17.54,17.54,17.54,0
1758287010,17.54,17.54,17.54,17.54,0
1758287015,17.54,17.54,17.54,17.54,0
1758287020,17.54,17.54,17.54,17.54,0
1758287025,17.54,17.54,17.54,17.54,0
1758287030,17.54,17.54,17.54,17.54,0
1758287035,17.54,17.54,17.54,17.54,0
1758287040,17.54,17.54,17.54,17.54,0
1758287045,17.54,17.54,17.54,17.54,0
1758287050,17.54,17.54,17.54,17.54,0
1758287055,17.54,17.54,17.54,17.54,0
1758287060,17.54,17.54,17.54,17.54,0
1758287065,17.54,17.54,17.54,17.54,0
1758287070,17.54,17.54,17.54,17.54,0
1758287075,17.54,17.54,17.54,17.54,0
1758287080,17.54,17.54,17.54,17.54,0
1758287085,17.54,17.54,17.54,17.54,0
1758287090,17.54,17.54,17.54,17.54,0
1758287095,17.54,17.54,17.54,17.54,0
1758287100,17.54,17.54,17.54,17.54,0
1758287105,17.54,17.54,17.54,17.54,0
1758287110,17.54,17.54,17.54,17.54,0
1758287115,17.54,17.54,17.54,17.54,0
1758287120,17.54,17.54,17.54,17.54,0
1758287125,17.54,17.54,17.54,17.54,0
1758287130,17.54,17.54,17.54,17.54,0
1758287135,17.54,17.54,17.54,17.54,0
1758287140,17.54,17.54,17.54,17.54,0
1758287145,17.54,17.54,17.54,17.54,0
1758287150,17.54,17.54,17.54,17.54,0
1758287155,17.54,17.54,17.54,17.54,0
1758287160,17.54,17.54,17.54,17.54,0
1758287165,17.54,17.54,17.54,17.54,0
1758287170,17.54,17.54,17.54,17.54,0
1758287175,17.54,17.54,17.54,17.54,0
1758287180,17.54,17.54,17.54,17.54,0
1758287185,17.54,17.54,17.54,17.54,0
1758287190,17.54,17.54,17.54,17.54,0
1758287195,17.54,17.54,17.54,17.54,0
1758287200,17.54,17.54,17.54,17.54,0
1758287205,17.54,17.54,17.54,17.54,0
1758287210,17.54,17.54,17.54,17.54,0
1758287215,17.54,17.54,17.54,17.54,0
1758287220,17.54,17.54,17.54,17.54,0
1758287225,17.54,17.54,17.54,17.54,0
1758287230,17.54,17.54,17.54,17.54,0
1758287235,17.54,17.54,17.54,17.54,0
1758287240,17.54,17.54,17.54,17.54,0
1758287245,17.54,17.54,17.54,17.54,0
1758287250,17.54,17.54,17.54,17.54,0
1758287255,17.54,17.54,17.54,17.54,0
1758287260,17.54,17.54,17.54,17.54,0
1758287265,17.54,17.54,17.54,17.54,0
1758287270,17.54,17.54,17.54,17.54,0
1758287275,17.54,17.54,17.54,17.54,0
1758287280,17.54,17.54,17.54,17.54,0
1758287285,17.54,17.54,17.54,17.54,0
1758287290,17.54,17.54,17.54,17.54,0
1758287295,17.54,17.54,17.54,17.54,0
1758287300,17.54,17.54,17.54,17.54,0
1758287305,17.54,17.54,17.54,17.54,0
1758287310,17.54,17.54,17.54,17.54,0
1758287315,17.54,17.54,17.54,17.54,0
1758287320,17.54,17.54,17.54,17.54,0
1758287325,17.54,17.54,17.54,17.54,0
1758287330,17.54,17.54,17.54,17.54,0
1758287335,17.54,17.54,17.54,17.54,0
1758287340,17.54,17.54,17.54,17.54,0
1758287345,17.54,17.54,17.54,17.54,0
1758287350,17.54,17.54,17.54,17.54,0
1758287355,17.54,17.54,17.54,17.54,0
1758287360,17.54,17.54,17.54,17.54,0
1758287365,17.54,17.54,17.54,17.54,0
1758287370,17.54,17.54,17.54,17.54,0
1758287375,17.54,17.54,17.54,17.54,0
1758287380,17.54,17.54,17.54,17.54,0
1758287385,17.54,17.54,17.54,17.54,0
1758287390,17.54,17.54,17.54,17.54,0
1758287395,17.54,17.54,17.54,17.54,0
1758287400,17.54,17.54,17.54,17.54,0
1758287405,17.54,17.54,17.54,17.54,0
1758287410,17.54,17.54,17.54,17.54,0
1758287415,17.54,17.54,17.54,17.54,0
1758287420,17.54,17.54,17.54,17.54,0
1758287425,17.54,17.54,17.54,17.54,0
1758287430,17.54,17.54,17.54,17.54,0
1758287435,17.54,17.54,17.54,17.54,0
1758287440,17.54,17.54,17.54,17.54,0
1758287445,17.54,17.54,17.54,17.54,0
1758287450,17.54,17.54,17.54,17.54,0
1758287455,17.54,17.54,17.54,17.54,0
1758287460,17.54,17.54,17.54,17.54,0
1758287465,17.54,17.54,17.54,17.54,0
1758287470,17.54,17.54,17.54,17.54,0
1758287475,17.54,17.54,17.54,17.54,0
1758287480,17.54,17.54,17.54,17.54,0
1758287485,17.54,17.54,17.54,17.54,0
1758287490,17.54,17.54,17.54,17.54,0
1758287495,17.54,17.54,17.54,17.54,0
1758287500,17.54,17.54,17.54,17.54,0
1758287505,17.54,17.54,17.54,17.54,0
1758287510,17.54,17.54,17.54,17.54,0
1758287515,17.54,17.54,17.54,17.54,0
1758287520,17.54,17.54,17.54,17.54,0
1758287525,17.54,17.54,17.54,17.54,0
1758287530,17.54,17.54,17.54,17.54,0
1758287535,17.54,17.54,17.54,17.54,0
1758287540,17.54,17.54,17.54,17.54,0
1758287545,17.54,17.54,17.54,17.54,0
1758287550,17.54,17.54,17.54,17.54,0
1758287555,17.54,17.54,17.54,17.54,0
1758287560,17.54,17.54,17.54,17.54,0
1758287565,17.54,17.54,17.54,17.54,0
1758287570,17.54,17.54,17.54,17.54,0
1758287575,17.54,17.54,17.54,17.54,0
1758287580,17.54,17.54,17.54,17.54,0
1758287585,17.54,17.54,17.54,17.54,0
1758287590,17.54,17.54,17.54,17.54,0
1758287595,17.54,17.54,17.54,17.54,0
1758287600,17.54,17.54,17.54,17.54,0
1758287605,17.54,17.54,17.54,17.54,0
1758287610,17.54,17.54,17.54,17.54,0
1758287615,17.54,17.54,17.54,17.54,0
1758287620,17.54,17.54,17.54,17.54,0
1758287625,17.54,17.54,17.54,17.54,0
1758287630,17.54,17.54,17.54,17.54,0
1758287635,17.54,17.54,17.54,17.54,0
1758287640,17.54,17.54,17.54,17.54,0
1758287645,17.54,17.54,17.54,17.54,0
1758287650,17.54,17.54,17.54,17.54,0
1758287655,17.54,17.54,17.54,17.54,0
1758287660,17.54,17.54,17.54,17.54,0
1758287665,17.54,17.54,17.54,17.54,0
1758287670,17.54,17.54,17.54,17.54,0
1758287675,17.54,17.54,17.54,17.54,0
1758287680,17.54,17.54,17.54,17.54,0
1758287685,17.54,17.54,17.54,17.54,0
1758287690,17.54,17.54,17.54,17.54,0
1758287695,17.54,17.54,17.54,17.54,0
1758287700,17.54,17.54,17.54,17.54,0
1758287705,17.54,17.54,17.54,17.54,0
1758287710,17.54,17.54,17.54,17.54,0
1758287715,17.54,17.54,17.54,17.54,0
1758287720,17.54,17.54,17.54,17.54,0
1758287725,17.54,17.54,17.54,17.54,0
1758287730,17.54,17.54,17.54,17.54,0
1758287735,17.54,17.54,17.54,17.54,0
1758287740,17.54,17.54,17.54,17.54,0
1758287745,17.54,17.54,17.54,17.54,0
1758287750,17.54,17.54,17.54,17.54,0
1758287755,17.54,17.54,17.54,17.54,0
1758287760,17.54,17.54,17.54,17.54,0
1758287765,17.54,17.54,17.54,17.54,0
1758287770,17.54,17.54,17.54,17.54,0
1758287775,17.54,17.54,17.54,17.54,0
1758287780,17.54,17.54,17.54,17.54,0
1758287785,17.54,17.54,17.54,17.54,0
1758287790,17.54,17.54,17.54,17.54,0
1758287795,17.54,17.54,17.54,17.54,0
1758287800,17.54,17.54,17.54,17.54,0
1758287805,17.54,17.54,17.54,17.54,0
1758287810,17.54,17.54,17.54,17.54,0
1758287815,17.54,17.54,17.54,17.54,0
1758287820,17.54,17.54,17.54,17.54,0
1758287825,17.54,17.54,17.54,17.54,0
1758287830,17.54,17.54,17.54,17.54,0
1758287835,17.54,17.54,17.54,17.54,0
1758287840,17.54,17.54,17.54,17.54,0
1758287845,17.54,17.54,17.54,17.54,0
1758287850,17.54,17.54,17.54,17.54,0
1758287855,17.54,17.54,17.54,17.54,0
1758287860,17.54,17.54,17.54,17.54,0
1758287865,17.54,17.54,17.54,17.54,0
1758287870,17.54,17.54,17.54,17.54,0
1758287875,17.54,17.54,17.54,17.54,0
1758287880,17.54,17.54,17.54,17.54,0
1758287885,17.54,17.54,17.54,17.54,0
1758287890,17.54,17.54,17.54,17.54,0
1758287895,17.54,17.54,17.54,17.54,0
1758287900,17.54,17.54,17.54,17.54,0
1758287905,17.54,17.54,17.54,17.54,0
1758287910,17.54,17.54,17.54,17.54,0
1758287915,17.54,17.54,17.54,17.54,0
1758287920,17.54,17.54,17.54,17.54,0
1758287925,17.54,17.54,17.54,17.54,0
1758287930,17.54,17.54,17.54,17.54,0
1758287935,17.54,17.54,17.54,17.54,0
1758287940,17.54,17.54,17.54,17.54,0
1758287945,17.54,17.54,17.54,17.54,0
1758287950,17.54,17.54,17.54,17.54,0
1758287955,17.54,17.54,17.54,17.54,0
1758287960,17.54,17.54,17.54,17.54,0
1758287965,17.54,17.54,17.54,17.54,0
1758287970,17.54,17.54,17.54,17.54,0
1758287975,17.54,17.54,17.54,17.54,0
1758287980,17.54,17.54,17.54,17.54,0
1758287985,17.54,17.54,17.54,17.54,0
1758287990,17.54,17.54,17.54,17.54,0
1758287995,17.54,17.54,17.54,17.54,0
1758288000,17.54,17.54,17.54,17.54,0
1758288005,17.54,17.54,17.54,17.54,0
1758288010,17.54,17.54,17.54,17.54,0
1758288015,17.54,17.54,17.54,17.54,0
1758288020,17.54,17.54,17.54,17.54,0
1758288025,17.54,17.54,17.54,17.54,0
1758288030,17.54,17.54,17.54,17.54,0
1758288035,17.54,17.54,17.54,17.54,0
1758288040,17.54,17.54,17.54,17.54,0
1758288045,17.54,17.54,17.54,17.54,0
1758288050,17.54,17.54,17.54,17.54,0
1758288055,17.54,17.54,17.54,17.54,0
1758288060,17.54,17.54,17.54,17.54,0
1758288065,17.54,17.54,17.54,17.54,0
1758288070,17.54,17.54,17.54,17.54,0
1758288075,17.54,17.54,17.54,17.54,0
1758288080,17.54,17.54,17.54,17.54,0
1758288085,17.54,17.54,17.54,17.54,0
1758288090,17.54,17.54,17.54,17.54,0
1758288095,17.54,17.54,17.54,17.54,0
1758288100,17.54,17.54,17.54,17.54,0
1758288105,17.54,17.54,17.54,17.54,0
1758288110,17.54,17.54,17.54,17.54,0
1758288115,17.54,17.54,17.54,17.54,0
1758288120,17.54,17.54,17.54,17.54,0
1758288125,17.54,17.54,17.54,17.54,0
1758288130,17.54,17.54,17.54,17.54,0
1758288135,17.54,17.54,17.54,17.54,0
1758288140,17.54,17.54,17.54,17.54,0
1758288145,17.54,17.54,17.54,17.54,0
1758288150,17.54,17.54,17.54,17.54,0
1758288155,17.54,17.54,17.54,17.54,0
1758288160,17.54,17.54,17.54,17.54,0
1758288165,17.54,17.54,17.54,17.54,0
1758288170,17.54,17.54,17.54,17.54,0
1758288175,17.54,17.54,17.54,17.54,0
1758288180,17.54,17.54,17.54,17.54,0
1758288185,17.54,17.54,17.54,17.54,0
1758288190,17.54,17.54,17.54,17.54,0
1758288195,17.54,17.54,17.54,17.54,0
1758288200,17.54,17.54,17.54,17.54,0
1758288205,17.54,17.54,17.54,17.54,0
1758288210,17.54,17.54,17.54,17.54,0
1758288215,17.54,17.54,17.54,17.54,0
1758288220,17.54,17.54,17.54,17.54,0
1758288225,17.54,17.54,17.54,17.54,0
1758288230,17.54,17.54,17.54,17.54,0
1758288235,17.54,17.54,17.54,17.54,0
1758288240,17.54,17.54,17.54,17.54,0
1758288245,17.54,17.54,17.54,17.54,0
1758288250,17.54,17.54,17.54,17.54,0
1758288255,17.54,17.54,17.54,17.54,0
1758288260,17.54,17.54,17.54,17.54,0
1758288265,17.54,17.54,17.54,17.54,0
1758288270,17.54,17.54,17.54,17.54,0
1758288275,17.54,17.54,17.54,17.54,0
1758288280,17.54,17.54,17.54,17.54,0
1758288285,17.54,17.54,17.54,17.54,0
1758288290,17.54,17.54,17.54,17.54,0
1758288295,17.54,17.54,17.54,17.54,0
1758288300,17.54,17.54,17.54,17.54,3
1758288305,17.54,17.54,17.54,17.54,1
1758288310,17.55,17.55,17.55,17.55,1
1758288315,17.55,17.55,17.55,17.55,0
1758288320,17.55,17.55,17.55,17.55,0
1758288325,17.55,17.55,17.55,17.55,0
1758288330,17.54,17.54,17.54,17.54,2
1758288335,17.54,17.54,17.54,17.54,0
1758288340,17.54,17.54,17.54,17.54,0
1758288345,17.54,17.54,17.54,17.54,0
1758288350,17.54,17.54,17.54,17.54,1
1758288355,17.54,17.54,17.54,17.54,0
1758288360,17.54,17.54,17.54,17.54,1
1758288365,17.54,17.54,17.54,17.54,0
1758288370,17.54,17.54,17.54,17.54,0
1758288375,17.54,17.54,17.54,17.54,0
1758288380,17.54,17.54,17.54,17.54,0
1758288385,17.54,17.54,17.54,17.54,0
1758288390,17.54,17.54,17.54,17.54,0
1758288395,17.54,17.54,17.54,17.54,0
1758288400,17.54,17.54,17.54,17.54,0
1758288405,17.54,17.54,17.54,17.54,0
1758288410,17.54,17.54,17.54,17.54,0
1758288415,17.54,17.54,17.54,17.54,0
1758288420,17.54,17.54,17.54,17.54,0
1758288425,17.54,17.54,17.54,17.54,0
1758288430,17.54,17.54,17.54,17.54,0
1758288435,17.54,17.54,17.54,17.54,0
1758288440,17.54,17.54,17.54,17.54,0
1758288445,17.54,17.54,17.54,17.54,0
1758288450,17.54,17.54,17.54,17.54,0
1758288455,17.54,17.54,17.54,17.54,0
1758288460,17.54,17.54,17.54,17.54,0
1758288465,17.54,17.54,17.54,17.54,0
1758288470,17.54,17.54,17.54,17.54,0
1758288475,17.54,17.54,17.54,17.54,0
1758288480,17.54,17.54,17.54,17.54,0
1758288485,17.54,17.54,17.54,17.54,0
1758288490,17.54,17.54,17.54,17.54,0
1758288495,17.54,17.54,17.54,17.54,0
1758288500,17.54,17.54,17.54,17.54,0
1758288505,17.54,17.54,17.54,17.54,0
1758288510,17.54,17.54,17.54,17.54,0
1758288515,17.54,17.54,17.54,17.54,0
1758288520,17.54,17.54,17.54,17.54,0
1758288525,17.54,17.54,17.54,17.54,0
1758288530,17.54,17.54,17.54,17.54,0
1758288535,17.54,17.54,17.54,17.54,0
1758288540,17.54,17.54,17.54,17.54,0
1758288545,17.54,17.54,17.54,17.54,0
1758288550,17.54,17.54,17.54,17.54,0
1758288555,17.54,17.54,17.54,17.54,0
1758288560,17.54,17.54,17.54,17.54,0
1758288565,17.54,17.54,17.54,17.54,0
1758288570,17.54,17.54,17.54,17.54,0
1758288575,17.54,17.54,17.54,17.54,0
1758288580,17.54,17.54,17.54,17.54,0
1758288585,17.54,17.54,17.54,17.54,0
1758288590,17.56,17.56,17.56,17.56,1
1758288595,17.56,17.56,17.56,17.56,0
1758288600,17.57,17.57,17.57,17.57,1
1758288605,17.57,17.57,17.57,17.57,0
1758288610,17.57,17.57,17.57,17.57,0
1758288615,17.57,17.57,17.57,17.57,0
1758288620,17.57,17.57,17.57,17.57,0
1758288625,17.57,17.57,17.57,17.57,0
1758288630,17.57,17.57,17.57,17.57,0
1758288635,17.57,17.57,17.57,17.57,0
1758288640,17.6,17.6,17.58,17.58,5
1758288645,17.58,17.58,17.58,17.58,0
1758288650,17.58,17.58,17.58,17.58,0
1758288655,17.58,17.58,17.58,17.58,0
1758288660,17.64,17.64,17.64,17.64,1
1758288665,17.64,17.64,17.64,17.64,0
1758288670,17.64,17.64,17.64,17.64,0
1758288675,17.64,17.64,17.64,17.64,0
1758288680,17.64,17.64,17.64,17.64,0
1758288685,17.64,17.64,17.64,17.64,0
1758288690,17.64,17.64,17.64,17.64,0
1758288695,17.64,17.64,17.64,17.64,0
1758288700,17.64,17.64,17.64,17.64,0
1758288705,17.64,17.64,17.64,17.64,0
1758288710,17.64,17.64,17.64,17.64,0
1758288715,17.64,17.64,17.64,17.64,0
1758288720,17.64,17.64,17.64,17.64,0
1758288725,17.64,17.64,17.64,17.64,0
1758288730,17.64,17.64,17.64,17.64,0
1758288735,17.64,17.64,17.64,17.64,0
1758288740,17.64,17.64,17.64,17.64,0
1758288745,17.64,17.64,17.64,17.64,0
1758288750,17.64,17.64,17.64,17.64,0
1758288755,17.64,17.64,17.64,17.64,0
1758288760,17.64,17.64,17.64,17.64,0
1758288765,17.64,17.64,17.64,17.64,0
1758288770,17.64,17.64,17.64,17.64,0
1758288775,17.64,17.64,17.64,17.64,0
1758288780,17.64,17.64,17.64,17.64,0
1758288785,17.64,17.64,17.64,17.64,0
1758288790,17.64,17.64,17.64,17.64,0
1758288795,17.64,17.64,17.64,17.64,0
1758288800,17.64,17.64,17.64,17.64,0
1758288805,17.64,17.64,17.64,17.64,0
1758288810,17.64,17.64,17.64,17.64,0
1758288815,17.64,17.64,17.64,17.64,0
1758288820,17.64,17.64,17.64,17.64,0
1758288825,17.64,17.64,17.64,17.64,0
1758288830,17.64,17.64,17.64,17.64,0
1758288835,17.64,17.64,17.64,17.64,0
1758288840,17.65,17.66,17.65,17.66,3
1758288845,17.66,17.66,17.66,17.66,0
1758288850,17.66,17.66,17.66,17.66,0
1758288855,17.68,17.68,17.68,17.68,3
1758288860,17.68,17.68,17.68,17.68,0
1758288865,17.68,17.68,17.68,17.68,0
1758288870,17.68,17.68,17.68,17.68,0
1758288875,17.68,17.68,17.68,17.68,0
1758288880,17.68,17.68,17.68,17.68,0
1758288885,17.68,17.68,17.68,17.68,0
1758288890,17.68,17.68,17.68,17.68,0
1758288895,17.68,17.68,17.68,17.68,0
1758288900,17.68,17.68,17.68,17.68,0
1758288905,17.68,17.68,17.68,17.68,0
1758288910,17.68,17.68,17.68,17.68,0
1758288915,17.68,17.68,17.68,17.68,0
1758288920,17.68,17.68,17.68,17.68,0
1758288925,17.68,17.68,17.68,17.68,0
1758288930,17.68,17.68,17.68,17.68,0
1758288935,17.68,17.68,17.68,17.68,0
1758288940,17.68,17.68,17.68,17.68,0
1758288945,17.68,17.68,17.68,17.68,0
1758288950,17.68,17.68,17.68,17.68,0
1758288955,17.68,17.68,17.68,17.68,0
1758288960,17.68,17.68,17.68,17.68,0
1758288965,17.68,17.68,17.68,17.68,0
1758288970,17.68,17.68,17.68,17.68,0
1758288975,17.68,17.68,17.68,17.68,0
1758288980,17.68,17.68,17.68,17.68,0
1758288985,17.68,17.68,17.68,17.68,0
1758288990,17.67,17.69,17.67,17.69,10
1758288995,17.69,17.69,17.69,17.69,0
1758289000,17.69,17.69,17.69,17.69,0
1758289005,17.69,17.69,17.69,17.69,0
1758289010,17.69,17.69,17.69,17.69,0
1758289015,17.69,17.69,17.69,17.69,0
1758289020,17.69,17.69,17.69,17.69,0
1758289025,17.69,17.69,17.69,17.69,0
1758289030,17.69,17.69,17.69,17.69,0
1758289035,17.69,17.69,17.69,17.69,0
1758289040,17.69,17.69,17.69,17.69,0
1758289045,17.69,17.69,17.69,17.69,0
1758289050,17.69,17.69,17.69,17.69,0
1758289055,17.69,17.69,17.69,17.69,0
1758289060,17.69,17.69,17.69,17.69,0
1758289065,17.69,17.69,17.69,17.69,0
1758289070,17.68,17.68,17.68,17.68,1
1758289075,17.68,17.68,17.68,17.68,0
1758289080,17.68,17.68,17.68,17.68,1
1758289085,17.68,17.68,17.68,17.68,0
1758289090,17.68,17.68,17.68,17.68,0
1758289095,17.68,17.68,17.68,17.68,0
1758289100,17.68,17.68,17.68,17.68,0
1758289105,17.68,17.68,17.68,17.68,0
1758289110,17.68,17.68,17.68,17.68,0
1758289115,17.68,17.68,17.68,17.68,0
1758289120,17.68,17.68,17.68,17.68,0
1758289125,17.68,17.68,17.68,17.68,0
1758289130,17.68,17.68,17.68,17.68,0
1758289135,17.68,17.68,17.68,17.68,0
1758289140,17.68,17.68,17.68,17.68,0
1758289145,17.67,17.67,17.67,17.67,1
1758289150,17.67,17.67,17.67,17.67,0
1758289155,17.67,17.67,17.67,17.67,0
1758289160,17.67,17.67,17.67,17.67,0
1758289165,17.67,17.67,17.67,17.67,0
1758289170,17.67,17.67,17.67,17.67,0
1758289175,17.67,17.67,17.67,17.67,0
1758289180,17.65,17.65,17.65,17.65,3
1758289185,17.65,17.65,17.65,17.65,0
1758289190,17.64,17.64,17.64,17.64,1
1758289195,17.64,17.64,17.64,17.64,0
1758289200,17.64,17.64,17.64,17.64,0
1758289205,17.64,17.64,17.64,17.64,0
1758289210,17.64,17.64,17.64,17.64,0
1758289215,17.64,17.64,17.64,17.64,0
1758289220,17.64,17.64,17.64,17.64,0
1758289225,17.64,17.64,17.64,17.64,0
1758289230,17.64,17.64,17.64,17.64,0
1758289235,17.64,17.64,17.64,17.64,0
1758289240,17.64,17.64,17.64,17.64,0
1758289245,17.64,17.64,17.64,17.64,0
1758289250,17.64,17.64,17.64,17.64,0
1758289255,17.64,17.64,17.64,17.64,0
1758289260,17.64,17.64,17.64,17.64,0
1758289265,17.64,17.64,17.64,17.64,0
1758289270,17.64,17.64,17.64,17.64,0
1758289275,17.64,17.64,17.64,17.64,0
1758289280,17.64,17.64,17.64,17.64,0
1758289285,17.64,17.64,17.64,17.64,0
1758289290,17.64,17.64,17.64,17.64,0
1758289295,17.64,17.64,17.64,17.64,0
1758289300,17.64,17.64,17.64,17.64,0
1758289305,17.64,17.64,17.64,17.64,0
1758289310,17.64,17.64,17.64,17.64,0
1758289315,17.64,17.64,17.64,17.64,0
1758289320,17.64,17.64,17.64,17.64,0
1758289325,17.64,17.64,17.64,17.64,0
1758289330,17.64,17.64,17.64,17.64,0
1758289335,17.64,17.64,17.64,17.64,0
1758289340,17.64,17.64,17.64,17.64,0
1758289345,17.64,17.64,17.64,17.64,0
1758289350,17.64,17.64,17.64,17.64,0
1758289355,17.64,17.64,17.64,17.64,0
1758289360,17.64,17.64,17.64,17.64,0
1758289365,17.64,17.64,17.64,17.64,0
1758289370,17.64,17.64,17.64,17.64,0
1758289375,17.64,17.64,17.64,17.64,0
1758289380,17.64,17.64,17.64,17.64,0
1758289385,17.64,17.64,17.64,17.64,0
1758289390,17.64,17.64,17.64,17.64,0
1758289395,17.64,17.64,17.64,17.64,0
1758289400,17.64,17.64,17.64,17.64,0
1758289405,17.64,17.64,17.64,17.64,2
1758289410,17.64,17.64,17.64,17.64,0
1758289415,17.68,17.68,17.68,17.68,1
1758289420,17.68,17.68,17.68,17.68,0
1758289425,17.68,17.68,17.68,17.68,0
1758289430,17.68,17.68,17.68,17.68,0
1758289435,17.68,17.68,17.68,17.68,0
1758289440,17.68,17.68,17.68,17.68,0
1758289445,17.68,17.68,17.68,17.68,0
1758289450,17.68,17.68,17.68,17.68,0
1758289455,17.68,17.68,17.68,17.68,0
1758289460,17.68,17.68,17.68,17.68,0
1758289465,17.68,17.68,17.68,17.68,0
1758289470,17.68,17.68,17.68,17.68,0
1758289475,17.68,17.68,17.68,17.68,0
1758289480,17.68,17.68,17.68,17.68,0
1758289485,17.68,17.68,17.68,17.68,0
1758289490,17.68,17.68,17.68,17.68,0
1758289495,17.68,17.68,17.68,17.68,0
1758289500,17.68,17.68,17.68,17.68,0
1758289505,17.68,17.68,17.68,17.68,0
1758289510,17.68,17.68,17.68,17.68,0
1758289515,17.68,17.68,17.68,17.68,0
1758289520,17.68,17.68,17.68,17.68,0
1758289525,17.68,17.68,17.68,17.68,0
1758289530,17.68,17.68,17.68,17.68,0
1758289535,17.68,17.68,17.68,17.68,0
1758289540,17.68,17.68,17.68,17.68,0
1758289545,17.68,17.68,17.68,17.68,0
1758289550,17.68,17.68,17.68,17.68,0
1758289555,17.68,17.68,17.68,17.68,0
1758289560,17.68,17.68,17.68,17.68,0
1758289565,17.68,17.68,17.68,17.68,0
1758289570,17.68,17.68,17.68,17.68,0
1758289575,17.68,17.68,17.68,17.68,0
1758289580,17.68,17.68,17.68,17.68,0
1758289585,17.68,17.68,17.68,17.68,0
1758289590,17.68,17.68,17.68,17.68,0
1758289595,17.68,17.68,17.68,17.68,0
1758289600,17.68,17.68,17.68,17.68,0
1758289605,17.68,17.68,17.68,17.68,0
1758289610,17.68,17.68,17.68,17.68,0
1758289615,17.68,17.68,17.68,17.68,0
1758289620,17.68,17.68,17.68,17.68,0
1758289625,17.68,17.68,17.68,17.68,0
1758289630,17.68,17.68,17.68,17.68,0
1758289635,17.68,17.68,17.68,17.68,0
1758289640,17.68,17.68,17.68,17.68,0
1758289645,17.68,17.68,17.68,17.68,0
1758289650,17.68,17.68,17.68,17.68,0
1758289655,17.68,17.68,17.68,17.68,0
1758289660,17.68,17.68,17.68,17.68,0
1758289665,17.68,17.68,17.68,17.68,0
1758289670,17.68,17.68,17.68,17.68,0
1758289675,17.68,17.68,17.68,17.68,0
1758289680,17.68,17.68,17.68,17.68,0
1758289685,17.68,17.68,17.68,17.68,0
1758289690,17.68,17.68,17.68,17.68,0
1758289695,17.68,17.68,17.68,17.68,0
1758289700,17.68,17.68,17.68,17.68,0
1758289705,17.68,17.68,17.68,17.68,0
1758289710,17.68,17.68,17.68,17.68,0
1758289715,17.68,17.68,17.68,17.68,0
1758289720,17.68,17.68,17.68,17.68,0
1758289725,17.68,17.68,17.68,17.68,0
1758289730,17.68,17.68,17.68,17.68,0
1758289735,17.68,17.68,17.68,17.68,0
1758289740,17.68,17.68,17.68,17.68,0
1758289745,17.68,17.68,17.68,17.68,0
1758289750,17.68,17.68,17.68,17.68,0
1758289755,17.68,17.68,17.68,17.68,0
1758289760,17.68,17.68,17.68,17.68,0
1758289765,17.68,17.68,17.68,17.68,0
1758289770,17.68,17.68,17.68,17.68,0
1758289775,17.68,17.68,17.68,17.68,0
1758289780,17.61,17.61,17.6,17.61,7
1758289785,17.61,17.61,17.61,17.61,0
1758289790,17.61,17.61,17.61,17.61,0
1758289795,17.61,17.61,17.61,17.61,0
1758289800,17.61,17.61,17.61,17.61,5
1758289805,17.61,17.61,17.61,17.61,0
1758289810,17.61,17.61,17.61,17.61,0
1758289815,17.61,17.61,17.61,17.61,0
1758289820,17.61,17.61,17.61,17.61,0
1758289825,17.61,17.61,17.61,17.61,0
1758289830,17.61,17.61,17.61,17.61,0
1758289835,17.61,17.61,17.61,17.61,0
1758289840,17.61,17.61,17.61,17.61,0
1758289845,17.61,17.61,17.61,17.61,0
1758289850,17.61,17.61,17.61,17.61,0
1758289855,17.61,17.61,17.61,17.61,0
1758289860,17.6,17.6,17.6,17.6,1
1758289865,17.6,17.6,17.6,17.6,0
1758289870,17.6,17.6,17.6,17.6,0
1758289875,17.6,17.6,17.6,17.6,0
1758289880,17.6,17.6,17.6,17.6,0
1758289885,17.6,17.6,17.6,17.6,0
1758289890,17.6,17.6,17.6,17.6,0
1758289895,17.6,17.6,17.6,17.6,0
1758289900,17.6,17.6,17.6,17.6,0
1758289905,17.6,17.6,17.6,17.6,0
1758289910,17.6,17.6,17.6,17.6,0
1758289915,17.6,17.6,17.6,17.6,0
1758289920,17.6,17.6,17.6,17.6,0
1758289925,17.6,17.6,17.6,17.6,0
1758289930,17.6,17.6,17.6,17.6,0
1758289935,17.6,17.6,17.6,17.6,0
1758289940,17.6,17.6,17.6,17.6,0
1758289945,17.6,17.6,17.6,17.6,0
1758289950,17.6,17.6,17.6,17.6,0
1758289955,17.6,17.6,17.6,17.6,0
1758289960,17.6,17.6,17.6,17.6,0
1758289965,17.6,17.6,17.6,17.6,0
1758289970,17.6,17.6,17.6,17.6,0
1758289975,17.6,17.6,17.6,17.6,0
1758289980,17.57,17.57,17.57,17.57,3
1758289985,17.57,17.57,17.57,17.57,0
1758289990,17.57,17.57,17.57,17.57,0
1758289995,17.57,17.57,17.57,17.57,0
1758290000,17.57,17.57,17.57,17.57,0
1758290005,17.57,17.57,17.57,17.57,0
1758290010,17.57,17.57,17.57,17.57,0
1758290015,17.57,17.57,17.57,17.57,0
1758290020,17.57,17.57,17.57,17.57,0
1758290025,17.57,17.57,17.57,17.57,0
1758290030,17.57,17.57,17.57,17.57,0
1758290035,17.57,17.57,17.57,17.57,0
1758290040,17.57,17.57,17.57,17.57,0
1758290045,17.57,17.57,17.57,17.57,0
1758290050,17.57,17.57,17.57,17.57,0
1758290055,17.57,17.57,17.57,17.57,0
1758290060,17.57,17.57,17.57,17.57,0
1758290065,17.57,17.57,17.57,17.57,0
1758290070,17.6,17.6,17.6,17.6,3
1758290075,17.6,17.6,17.6,17.6,0
1758290080,17.6,17.6,17.6,17.6,0
1758290085,17.6,17.6,17.6,17.6,0
1758290090,17.6,17.6,17.6,17.6,0
1758290095,17.6,17.6,17.6,17.6,0
1758290100,17.6,17.6,17.6,17.6,0
1758290105,17.6,17.6,17.6,17.6,0
1758290110,17.6,17.6,17.6,17.6,0
1758290115,17.6,17.6,17.6,17.6,0
1758290120,17.6,17.6,17.6,17.6,0
1758290125,17.6,17.6,17.6,17.6,0
1758290130,17.6,17.6,17.6,17.6,0
1758290135,17.6,17.6,17.6,17.6,0
1758290140,17.59,17.59,17.59,17.59,1
1758290145,17.59,17.59,17.59,17.59,0
1758290150,17.59,17.59,17.59,17.59,0
1758290155,17.59,17.59,17.59,17.59,0
1758290160,17.59,17.59,17.59,17.59,0
1758290165,17.6,17.6,17.6,17.6,1
1758290170,17.6,17.6,17.6,17.6,0
1758290175,17.6,17.6,17.6,17.6,0
1758290180,17.6,17.62,17.6,17.62,4
1758290185,17.62,17.62,17.62,17.62,0
1758290190,17.62,17.62,17.62,17.62,0
1758290195,17.62,17.62,17.62,17.62,0
1758290200,17.62,17.62,17.62,17.62,0
1758290205,17.62,17.62,17.62,17.62,0
1758290210,17.62,17.62,17.62,17.62,0
1758290215,17.62,17.62,17.62,17.62,0
1758290220,17.62,17.62,17.62,17.62,0
1758290225,17.62,17.62,17.62,17.62,0
1758290230,17.62,17.62,17.62,17.62,0
1758290235,17.62,17.62,17.62,17.62,0
1758290240,17.62,17.62,17.62,17.62,0
1758290245,17.62,17.62,17.62,17.62,0
1758290250,17.62,17.62,17.62,17.62,0
1758290255,17.62,17.62,17.62,17.62,0
1758290260,17.62,17.62,17.62,17.62,0
1758290265,17.62,17.62,17.62,17.62,0
1758290270,17.62,17.62,17.62,17.62,0
1758290275,17.62,17.62,17.62,17.62,0
1758290280,17.62,17.62,17.62,17.62,0
1758290285,17.62,17.62,17.62,17.62,0
1758290290,17.62,17.62,17.62,17.62,0
1758290295,17.62,17.62,17.62,17.62,0
1758290300,17.62,17.62,17.62,17.62,0
1758290305,17.62,17.62,17.62,17.62,0
1758290310,17.62,17.62,17.62,17.62,0
1758290315,17.62,17.62,17.62,17.62,0
1758290320,17.62,17.62,17.62,17.62,0
1758290325,17.62,17.62,17.62,17.62,0
1758290330,17.67,17.67,17.67,17.67,1
1758290335,17.67,17.67,17.67,17.67,0
1758290340,17.67,17.67,17.67,17.67,0
1758290345,17.67,17.67,17.67,17.67,0
1758290350,17.67,17.67,17.67,17.67,0
1758290355,17.67,17.67,17.67,17.67,0
1758290360,17.67,17.67,17.67,17.67,0
1758290365,17.67,17.67,17.67,17.67,0
1758290370,17.67,17.67,17.67,17.67,0
1758290375,17.67,17.67,17.67,17.67,0
1758290380,17.67,17.67,17.67,17.67,0
1758290385,17.67,17.67,17.67,17.67,0
1758290390,17.64,17.64,17.64,17.64,4
1758290395,17.64,17.64,17.64,17.64,0
1758290400,17.64,17.64,17.64,17.64,0
1758290405,17.64,17.64,17.64,17.64,0
1758290410,17.64,17.64,17.64,17.64,0
1758290415,17.64,17.64,17.64,17.64,0
1758290420,17.64,17.64,17.64,17.64,0
1758290425,17.64,17.64,17.64,17.64,0
1758290430,17.64,17.64,17.64,17.64,0
1758290435,17.64,17.64,17.64,17.64,0
1758290440,17.64,17.64,17.64,17.64,0
1758290445,17.64,17.64,17.64,17.64,0
1758290450,17.64,17.64,17.64,17.64,0
1758290455,17.64,17.64,17.64,17.64,0
1758290460,17.64,17.64,17.64,17.64,0
1758290465,17.64,17.64,17.64,17.64,0
1758290470,17.64,17.64,17.64,17.64,0
1758290475,17.64,17.64,17.64,17.64,0
1758290480,17.64,17.64,17.64,17.64,0
1758290485,17.64,17.64,17.64,17.64,0
1758290490,17.64,17.64,17.64,17.64,0
1758290495,17.64,17.64,17.64,17.64,0
1758290500,17.64,17.64,17.64,17.64,0
1758290505,17.64,17.64,17.64,17.64,0
1758290510,17.64,17.64,17.64,17.64,0
1758290515,17.64,17.64,17.64,17.64,0
1758290520,17.65,17.65,17.65,17.65,1
1758290525,17.65,17.65,17.65,17.65,0
1758290530,17.65,17.65,17.65,17.65,0
1758290535,17.65,17.65,17.65,17.65,0
1758290540,17.65,17.65,17.65,17.65,0
1758290545,17.65,17.65,17.65,17.65,0
1758290550,17.65,17.65,17.65,17.65,2
1758290555,17.65,17.65,17.65,17.65,0
1758290560,17.65,17.65,17.65,17.65,0
1758290565,17.65,17.65,17.65,17.65,0
1758290570,17.65,17.65,17.65,17.65,0
1758290575,17.65,17.65,17.65,17.65,0
1758290580,17.65,17.65,17.65,17.65,0
1758290585,17.65,17.65,17.65,17.65,0
1758290590,17.65,17.65,17.65,17.65,0
1758290595,17.65,17.65,17.65,17.65,0
1758290600,17.65,17.65,17.65,17.65,0
1758290605,17.65,17.65,17.65,17.65,0
1758290610,17.65,17.65,17.65,17.65,0
1758290615,17.65,17.65,17.65,17.65,0
1758290620,17.65,17.65,17.65,17.65,0
1758290625,17.65,17.65,17.65,17.65,0
1758290630,17.65,17.65,17.65,17.65,0
1758290635,17.65,17.65,17.65,17.65,0
1758290640,17.65,17.65,17.65,17.65,0
1758290645,17.65,17.65,17.65,17.65,0
1758290650,17.65,17.65,17.65,17.65,0
1758290655,17.67,17.67,17.67,17.67,2
1758290660,17.67,17.67,17.67,17.67,0
1758290665,17.67,17.67,17.67,17.67,0
1758290670,17.67,17.67,17.67,17.67,0
1758290675,17.67,17.67,17.67,17.67,0
1758290680,17.67,17.67,17.67,17.67,0
1758290685,17.67,17.67,17.67,17.67,0
1758290690,17.67,17.67,17.67,17.67,0
1758290695,17.67,17.67,17.67,17.67,0
1758290700,17.67,17.67,17.67,17.67,0
1758290705,17.67,17.67,17.67,17.67,0
1758290710,17.67,17.67,17.67,17.67,0
1758290715,17.67,17.67,17.67,17.67,0
1758290720,17.67,17.67,17.67,17.67,0
1758290725,17.67,17.67,17.67,17.67,0
1758290730,17.67,17.67,17.67,17.67,0
1758290735,17.67,17.67,17.67,17.67,0
1758290740,17.67,17.67,17.67,17.67,0
1758290745,17.67,17.67,17.67,17.67,0
1758290750,17.67,17.67,17.67,17.67,1
1758290755,17.67,17.67,17.67,17.67,0
1758290760,17.67,17.67,17.67,17.67,0
1758290765,17.67,17.67,17.67,17.67,0
1758290770,17.67,17.67,17.67,17.67,0
1758290775,17.67,17.67,17.67,17.67,0
1758290780,17.67,17.67,17.67,17.67,0
1758290785,17.67,17.67,17.67,17.67,0
1758290790,17.67,17.67,17.67,17.67,0
1758290795,17.67,17.67,17.67,17.67,0
1758290800,17.67,17.67,17.67,17.67,0
1758290805,17.67,17.67,17.67,17.67,0
1758290810,17.67,17.67,17.67,17.67,0
1758290815,17.67,17.67,17.67,17.67,0
1758290820,17.64,17.64,17.64,17.64,3
1758290825,17.64,17.64,17.64,17.64,0
1758290830,17.64,17.64,17.64,17.64,0
1758290835,17.64,17.64,17.64,17.64,0
1758290840,17.64,17.64,17.64,17.64,0
1758290845,17.63,17.65,17.63,17.65,2
1758290850,17.65,17.65,17.65,17.65,0
1758290855,17.65,17.65,17.65,17.65,0
1758290860,17.65,17.65,17.65,17.65,0
1758290865,17.65,17.65,17.65,17.65,0
1758290870,17.65,17.65,17.65,17.65,0
1758290875,17.65,17.65,17.65,17.65,0
1758290880,17.65,17.65,17.65,17.65,0
1758290885,17.65,17.65,17.65,17.65,0
1758290890,17.65,17.65,17.65,17.65,0
1758290895,17.65,17.65,17.65,17.65,0
1758290900,17.65,17.65,17.65,17.65,0
1758290905,17.65,17.65,17.65,17.65,0
1758290910,17.65,17.65,17.65,17.65,0
1758290915,17.63,17.63,17.63,17.63,2
1758290920,17.63,17.63,17.63,17.63,0
1758290925,17.63,17.63,17.63,17.63,0
1758290930,17.61,17.61,17.61,17.61,2
1758290935,17.61,17.61,17.61,17.61,0
1758290940,17.61,17.61,17.61,17.61,0
1758290945,17.61,17.61,17.61,17.61,0
1758290950,17.61,17.61,17.61,17.61,0
1758290955,17.66,17.66,17.66,17.66,3
1758290960,17.66,17.66,17.66,17.66,0
1758290965,17.66,17.66,17.66,17.66,0
1758290970,17.66,17.66,17.66,17.66,0
1758290975,17.66,17.66,17.66,17.66,0
1758290980,17.66,17.66,17.66,17.66,0
1758290985,17.66,17.66,17.66,17.66,0
1758290990,17.66,17.66,17.66,17.66,0
1758290995,17.66,17.66,17.66,17.66,0
1758291000,17.66,17.66,17.66,17.66,0
1758291005,17.66,17.66,17.66,17.66,0
1758291010,17.67,17.67,17.67,17.67,1
1758291015,17.67,17.67,17.67,17.67,0
1758291020,17.67,17.67,17.67,17.67,0
1758291025,17.67,17.67,17.67,17.67,0
1758291030,17.67,17.67,17.67,17.67,0
1758291035,17.67,17.67,17.67,17.67,0
1758291040,17.67,17.67,17.67,17.67,0
1758291045,17.69,17.69,17.69,17.69,2
1758291050,17.7,17.7,17.7,17.7,3
1758291055,17.7,17.7,17.7,17.7,0
1758291060,17.7,17.7,17.7,17.7,0
1758291065,17.7,17.7,17.7,17.7,0
1758291070,17.7,17.7,17.7,17.7,0
1758291075,17.7,17.7,17.7,17.7,0
1758291080,17.7,17.7,17.7,17.7,0
1758291085,17.7,17.7,17.7,17.7,0
1758291090,17.7,17.7,17.7,17.7,0
1758291095,17.7,17.7,17.7,17.7,0
1758291100,17.7,17.7,17.7,17.7,0
1758291105,17.7,17.7,17.7,17.7,0
1758291110,17.7,17.7,17.7,17.7,0
1758291115,17.7,17.7,17.7,17.7,0
1758291120,17.7,17.7,17.7,17.7,0
1758291125,17.7,17.7,17.7,17.7,0
1758291130,17.7,17.7,17.7,17.7,0
1758291135,17.7,17.7,17.7,17.7,0
1758291140,17.7,17.7,17.7,17.7,0
1758291145,17.7,17.7,17.7,17.7,0
1758291150,17.7,17.7,17.7,17.7,0
1758291155,17.7,17.7,17.7,17.7,0
1758291160,17.7,17.7,17.7,17.7,0
1758291165,17.7,17.7,17.7,17.7,0
1758291170,17.7,17.7,17.7,17.7,0
1758291175,17.7,17.7,17.7,17.7,0
1758291180,17.7,17.7,17.7,17.7,0
1758291185,17.7,17.7,17.7,17.7,0
1758291190,17.7,17.7,17.7,17.7,0
1758291195,17.7,17.7,17.7,17.7,0
1758291200,17.7,17.7,17.7,17.7,0
1758291205,17.7,17.7,17.7,17.7,0
1758291210,17.7,17.7,17.7,17.7,0
1758291215,17.7,17.7,17.7,17.7,0
1758291220,17.7,17.7,17.7,17.7,0
1758291225,17.7,17.7,17.7,17.7,0
1758291230,17.7,17.7,17.7,17.7,0
1758291235,17.7,17.7,17.7,17.7,0
1758291240,17.7,17.7,17.7,17.7,0
1758291245,17.7,17.7,17.7,17.7,0
1758291250,17.7,17.7,17.7,17.7,0
1758291255,17.7,17.7,17.7,17.7,0
1758291260,17.7,17.7,17.7,17.7,0
1758291265,17.7,17.7,17.7,17.7,0
1758291270,17.7,17.7,17.7,17.7,0
1758291275,17.75,17.75,17.75,17.75,2
1758291280,17.75,17.75,17.75,17.75,0
1758291285,17.77,17.77,17.76,17.76,4
1758291290,17.76,17.76,17.76,17.76,0
1758291295,17.76,17.76,17.76,17.76,0
1758291300,17.76,17.76,17.76,17.76,0
1758291305,17.76,17.76,17.76,17.76,0
1758291310,17.76,17.76,17.76,17.76,0
1758291315,17.76,17.76,17.76,17.76,0
1758291320,17.76,17.76,17.76,17.76,0
1758291325,17.76,17.76,17.76,17.76,0
1758291330,17.76,17.76,17.76,17.76,0
1758291335,17.76,17.76,17.76,17.76,0
1758291340,17.76,17.76,17.76,17.76,0
1758291345,17.76,17.76,17.76,17.76,0
1758291350,17.76,17.76,17.76,17.76,0
1758291355,17.76,17.76,17.76,17.76,0
1758291360,17.76,17.76,17.76,17.76,0
1758291365,17.76,17.76,17.76,17.76,0
1758291370,17.76,17.76,17.76,17.76,0
1758291375,17.76,17.76,17.76,17.76,0
1758291380,17.76,17.76,17.76,17.76,0
1758291385,17.76,17.76,17.76,17.76,0
1758291390,17.76,17.76,17.76,17.76,0
1758291395,17.76,17.76,17.76,17.76,0
1758291400,17.76,17.76,17.76,17.76,0
1758291405,17.76,17.76,17.76,17.76,0
1758291410,17.76,17.76,17.76,17.76,0
1758291415,17.76,17.76,17.76,17.76,0
1758291420,17.76,17.76,17.76,17.76,0
1758291425,17.76,17.76,17.76,17.76,0
1758291430,17.76,17.76,17.76,17.76,0
1758291435,17.76,17.76,17.76,17.76,0
1758291440,17.76,17.76,17.76,17.76,0
1758291445,17.76,17.76,17.76,17.76,0
1758291450,17.76,17.76,17.76,17.76,0
1758291455,17.76,17.76,17.76,17.76,0
1758291460,17.76,17.76,17.76,17.76,0
1758291465,17.76,17.76,17.76,17.76,0
1758291470,17.76,17.76,17.76,17.76,0
1758291475,17.76,17.76,17.76,17.76,0
1758291480,17.76,17.76,17.76,17.76,0
1758291485,17.76,17.76,17.76,17.76,0
1758291490,17.76,17.76,17.76,17.76,0
1758291495,17.76,17.76,17.76,17.76,0
1758291500,17.76,17.76,17.76,17.76,0
1758291505,17.76,17.76,17.76,17.76,0
1758291510,17.76,17.76,17.76,17.76,0
1758291515,17.76,17.76,17.76,17.76,0
1758291520,17.73,17.73,17.72,17.72,7
1758291525,17.72,17.72,17.72,17.72,0
1758291530,17.72,17.72,17.72,17.72,0
1758291535,17.72,17.72,17.72,17.72,0
1758291540,17.72,17.72,17.72,17.72,0
1758291545,17.72,17.72,17.72,17.72,0
1758291550,17.72,17.72,17.72,17.72,0
1758291555,17.72,17.72,17.72,17.72,0
1758291560,17.72,17.72,17.72,17.72,0
1758291565,17.72,17.72,17.72,17.72,0
1758291570,17.72,17.72,17.72,17.72,0
1758291575,17.72,17.72,17.72,17.72,0
1758291580,17.72,17.72,17.72,17.72,0
1758291585,17.72,17.72,17.72,17.72,0
1758291590,17.72,17.72,17.72,17.72,0
1758291595,17.72,17.72,17.72,17.72,0
1758291600,17.72,17.72,17.72,17.72,0
1758291605,17.72,17.72,17.72,17.72,0
1758291610,17.72,17.72,17.72,17.72,0
1758291615,17.72,17.72,17.72,17.72,0
1758291620,17.72,17.72,17.72,17.72,0
1758291625,17.72,17.72,17.72,17.72,0
1758291630,17.72,17.72,17.72,17.72,0
1758291635,17.75,17.75,17.75,17.75,1
1758291640,17.75,17.75,17.75,17.75,0
1758291645,17.75,17.75,17.75,17.75,0
1758291650,17.75,17.75,17.75,17.75,0
1758291655,17.75,17.75,17.75,17.75,0
1758291660,17.75,17.75,17.75,17.75,0
1758291665,17.75,17.75,17.75,17.75,0
1758291670,17.75,17.75,17.75,17.75,0
1758291675,17.76,17.76,17.76,17.76,2
1758291680,17.76,17.76,17.76,17.76,0
1758291685,17.76,17.76,17.76,17.76,0
1758291690,17.76,17.76,17.76,17.76,0
1758291695,17.76,17.76,17.76,17.76,0
1758291700,17.76,17.76,17.76,17.76,0
1758291705,17.76,17.76,17.76,17.76,0
1758291710,17.76,17.76,17.76,17.76,0
1758291715,17.76,17.76,17.76,17.76,0
1758291720,17.76,17.76,17.76,17.76,0
1758291725,17.76,17.76,17.76,17.76,0
1758291730,17.76,17.76,17.76,17.76,0
1758291735,17.76,17.76,17.76,17.76,0
1758291740,17.76,17.76,17.76,17.76,0
1758291745,17.76,17.76,17.76,17.76,0
1758291750,17.76,17.76,17.76,17.76,0
1758291755,17.76,17.76,17.76,17.76,0
1758291760,17.76,17.76,17.76,17.76,0
1758291765,17.76,17.76,17.76,17.76,0
1758291770,17.75,17.75,17.75,17.75,1
1758291775,17.75,17.75,17.75,17.75,0
1758291780,17.75,17.75,17.75,17.75,0
1758291785,17.75,17.75,17.75,17.75,0
1758291790,17.75,17.75,17.75,17.75,0
1758291795,17.75,17.75,17.75,17.75,0
1758291800,17.74,17.74,17.74,17.74,1
1758291805,17.74,17.74,17.74,17.74,0
1758291810,17.72,17.72,17.72,17.72,1
1758291815,17.72,17.72,17.72,17.72,0
1758291820,17.72,17.72,17.72,17.72,0
1758291825,17.72,17.72,17.72,17.72,0
1758291830,17.72,17.72,17.72,17.72,0
1758291835,17.72,17.72,17.72,17.72,0
1758291840,17.72,17.72,17.72,17.72,0
1758291845,17.72,17.72,17.72,17.72,0
1758291850,17.72,17.72,17.72,17.72,0
1758291855,17.72,17.72,17.72,17.72,0
1758291860,17.72,17.72,17.72,17.72,0
1758291865,17.72,17.72,17.72,17.72,0
1758291870,17.72,17.72,17.72,17.72,0
1758291875,17.72,17.72,17.72,17.72,0
1758291880,17.72,17.72,17.72,17.72,0
1758291885,17.72,17.72,17.72,17.72,0
1758291890,17.72,17.72,17.72,17.72,0
1758291895,17.72,17.72,17.72,17.72,0
1758291900,17.72,17.72,17.72,17.72,0
1758291905,17.72,17.72,17.72,17.72,0
1758291910,17.72,17.72,17.72,17.72,0
1758291915,17.72,17.72,17.72,17.72,0
1758291920,17.72,17.72,17.72,17.72,0
1758291925,17.72,17.72,17.72,17.72,0
1758291930,17.72,17.72,17.72,17.72,0
1758291935,17.72,17.72,17.72,17.72,0
1758291940,17.72,17.72,17.72,17.72,0
1758291945,17.72,17.72,17.72,17.72,0
1758291950,17.72,17.72,17.72,17.72,0
1758291955,17.72,17.72,17.72,17.72,0
1758291960,17.72,17.72,17.72,17.72,0
1758291965,17.72,17.72,17.72,17.72,0
1758291970,17.72,17.72,17.72,17.72,0
1758291975,17.72,17.72,17.72,17.72,0
1758291980,17.72,17.72,17.72,17.72,0
1758291985,17.72,17.72,17.72,17.72,0
1758291990,17.72,17.72,17.72,17.72,0
1758291995,17.72,17.72,17.72,17.72,0
1758292000,17.72,17.72,17.72,17.72,0
1758292005,17.72,17.72,17.72,17.72,0
1758292010,17.72,17.72,17.72,17.72,0
1758292015,17.72,17.72,17.72,17.72,0
1758292020,17.72,17.72,17.72,17.72,0
1758292025,17.72,17.72,17.72,17.72,0
1758292030,17.72,17.72,17.72,17.72,0
1758292035,17.72,17.72,17.72,17.72,0
1758292040,17.72,17.72,17.72,17.72,0
1758292045,17.72,17.72,17.72,17.72,0
1758292050,17.72,17.72,17.72,17.72,0
1758292055,17.72,17.72,17.72,17.72,0
1758292060,17.72,17.72,17.72,17.72,0
1758292065,17.72,17.72,17.72,17.72,0
1758292070,17.72,17.72,17.72,17.72,0
1758292075,17.72,17.72,17.72,17.72,0
1758292080,17.72,17.72,17.72,17.72,0
1758292085,17.72,17.72,17.72,17.72,0
1758292090,17.72,17.72,17.72,17.72,0
1758292095,17.72,17.72,17.72,17.72,0
1758292100,17.72,17.72,17.72,17.72,0
1758292105,17.72,17.72,17.72,17.72,0
1758292110,17.72,17.72,17.72,17.72,0
1758292115,17.72,17.72,17.72,17.72,0
1758292120,17.72,17.72,17.72,17.72,0
1758292125,17.72,17.72,17.72,17.72,0
1758292130,17.72,17.72,17.72,17.72,0
1758292135,17.72,17.72,17.72,17.72,0
1758292140,17.72,17.72,17.72,17.72,0
1758292145,17.76,17.76,17.76,17.76,3
1758292150,17.76,17.76,17.76,17.76,0
1758292155,17.76,17.76,17.76,17.76,0
1758292160,17.76,17.76,17.76,17.76,0
1758292165,17.76,17.76,17.76,17.76,0
1758292170,17.76,17.76,17.76,17.76,0
1758292175,17.76,17.76,17.76,17.76,0
1758292180,17.76,17.76,17.76,17.76,0
1758292185,17.76,17.76,17.76,17.76,0
1758292190,17.76,17.76,17.76,17.76,0
1758292195,17.76,17.76,17.76,17.76,0
1758292200,17.79,17.79,17.79,17.79,1
1758292205,17.79,17.79,17.79,17.79,0
1758292210,17.79,17.79,17.79,17.79,0
1758292215,17.79,17.79,17.79,17.79,0
1758292220,17.79,17.79,17.79,17.79,0
1758292225,17.79,17.79,17.79,17.79,0
1758292230,17.79,17.79,17.79,17.79,0
1758292235,17.79,17.79,17.79,17.79,0
1758292240,17.79,17.79,17.79,17.79,0
1758292245,17.79,17.79,17.79,17.79,0
1758292250,17.79,17.79,17.79,17.79,0
1758292255,17.79,17.79,17.79,17.79,0
1758292260,17.79,17.79,17.79,17.79,0
1758292265,17.78,17.78,17.78,17.78,3
1758292270,17.78,17.78,17.78,17.78,0
1758292275,17.78,17.78,17.78,17.78,0
1758292280,17.78,17.78,17.78,17.78,0
1758292285,17.77,17.77,17.77,17.77,4
1758292290,17.77,17.77,17.77,17.77,0
1758292295,17.77,17.77,17.77,17.77,0
1758292300,17.77,17.77,17.77,17.77,0
1758292305,17.77,17.77,17.77,17.77,0
1758292310,17.77,17.77,17.77,17.77,0
1758292315,17.77,17.77,17.77,17.77,0
1758292320,17.77,17.77,17.77,17.77,0
1758292325,17.77,17.77,17.77,17.77,0
1758292330,17.77,17.77,17.77,17.77,0
1758292335,17.77,17.77,17.77,17.77,0
1758292340,17.77,17.77,17.77,17.77,0
1758292345,17.77,17.77,17.77,17.77,0
1758292350,17.77,17.77,17.77,17.77,0
1758292355,17.77,17.77,17.77,17.77,0
1758292360,17.77,17.77,17.77,17.77,0
1758292365,17.77,17.77,17.77,17.77,0
1758292370,17.77,17.77,17.77,17.77,0
1758292375,17.77,17.77,17.77,17.77,0
1758292380,17.77,17.77,17.77,17.77,0
1758292385,17.77,17.77,17.77,17.77,0
1758292390,17.77,17.77,17.77,17.77,0
1758292395,17.77,17.77,17.77,17.77,0
1758292400,17.77,17.77,17.77,17.77,0
1758292405,17.77,17.77,17.77,17.77,0
1758292410,17.77,17.77,17.77,17.77,0
1758292415,17.77,17.77,17.77,17.77,0
1758292420,17.77,17.77,17.77,17.77,0
1758292425,17.77,17.77,17.77,17.77,0
1758292430,17.77,17.77,17.77,17.77,0
1758292435,17.77,17.77,17.77,17.77,0
1758292440,17.77,17.77,17.77,17.77,0
1758292445,17.77,17.77,17.77,17.77,0
1758292450,17.77,17.77,17.77,17.77,0
1758292455,17.77,17.77,17.77,17.77,0
1758292460,17.77,17.77,17.77,17.77,0
1758292465,17.77,17.77,17.77,17.77,0
1758292470,17.77,17.77,17.77,17.77,0
1758292475,17.77,17.77,17.77,17.77,0
1758292480,17.77,17.77,17.77,17.77,0
1758292485,17.77,17.77,17.77,17.77,0
1758292490,17.77,17.77,17.77,17.77,0
1758292495,17.77,17.77,17.77,17.77,0
1758292500,17.77,17.77,17.77,17.77,0
1758292505,17.77,17.77,17.77,17.77,0
1758292510,17.77,17.77,17.77,17.77,0
1758292515,17.77,17.77,17.77,17.77,0
1758292520,17.77,17.77,17.77,17.77,0
1758292525,17.77,17.77,17.77,17.77,0
1758292530,17.77,17.77,17.77,17.77,0
1758292535,17.77,17.77,17.77,17.77,0
1758292540,17.77,17.77,17.77,17.77,0
1758292545,17.77,17.77,17.77,17.77,0
1758292550,17.77,17.77,17.77,17.77,0
1758292555,17.77,17.77,17.77,17.77,0
1758292560,17.77,17.77,17.77,17.77,0
1758292565,17.77,17.77,17.77,17.77,0
1758292570,17.77,17.77,17.77,17.77,0
1758292575,17.77,17.77,17.77,17.77,1
1758292580,17.77,17.77,17.77,17.77,0
1758292585,17.77,17.77,17.77,17.77,0
1758292590,17.77,17.77,17.77,17.77,0
1758292595,17.77,17.77,17.77,17.77,0
1758292600,17.77,17.77,17.77,17.77,0
1758292605,17.77,17.77,17.77,17.77,0
1758292610,17.77,17.77,17.77,17.77,0
1758292615,17.77,17.77,17.77,17.77,0
1758292620,17.77,17.77,17.77,17.77,0
1758292625,17.77,17.77,17.77,17.77,0
1758292630,17.77,17.77,17.77,17.77,0
1758292635,17.77,17.77,17.77,17.77,0
1758292640,17.77,17.77,17.77,17.77,0
1758292645,17.77,17.77,17.77,17.77,0
1758292650,17.77,17.77,17.77,17.77,0
1758292655,17.77,17.77,17.77,17.77,0
1758292660,17.77,17.77,17.77,17.77,0
1758292665,17.77,17.77,17.77,17.77,0
1758292670,17.77,17.77,17.77,17.77,0
1758292675,17.77,17.77,17.77,17.77,0
1758292680,17.77,17.77,17.77,17.77,0
1758292685,17.75,17.75,17.75,17.75,1
1758292690,17.75,17.75,17.75,17.75,0
1758292695,17.75,17.75,17.75,17.75,0
1758292700,17.75,17.75,17.75,17.75,0
1758292705,17.75,17.75,17.75,17.75,0
1758292710,17.75,17.75,17.75,17.75,0
1758292715,17.75,17.75,17.75,17.75,0
1758292720,17.75,17.75,17.75,17.75,0
1758292725,17.75,17.75,17.75,17.75,0
1758292730,17.75,17.75,17.75,17.75,0
1758292735,17.75,17.75,17.75,17.75,0
1758292740,17.75,17.75,17.75,17.75,0
1758292745,17.75,17.75,17.75,17.75,0
1758292750,17.75,17.75,17.75,17.75,0
1758292755,17.75,17.75,17.75,17.75,0
1758292760,17.75,17.75,17.75,17.75,0
1758292765,17.78,17.78,17.78,17.78,3
1758292770,17.78,17.78,17.78,17.78,0
1758292775,17.78,17.78,17.78,17.78,0
1758292780,17.78,17.78,17.78,17.78,0
1758292785,17.78,17.78,17.78,17.78,0
1758292790,17.78,17.78,17.78,17.78,0
1758292795,17.78,17.78,17.78,17.78,0
1758292800,17.78,17.78,17.78,17.78,0
1758292805,17.78,17.78,17.78,17.78,0
1758292810,17.78,17.78,17.78,17.78,0
1758292815,17.78,17.78,17.78,17.78,0
1758292820,17.78,17.78,17.78,17.78,0
1758292825,17.78,17.78,17.78,17.78,0
1758292830,17.8,17.83,17.8,17.83,34
1758292835,17.83,17.83,17.83,17.83,0
1758292840,17.83,17.83,17.83,17.83,0
1758292845,17.83,17.83,17.83,17.83,0
1758292850,17.83,17.83,17.83,17.83,0
1758292855,17.83,17.83,17.83,17.83,0
1758292860,17.83,17.83,17.83,17.83,1
1758292865,17.82,17.82,17.82,17.82,2
1758292870,17.82,17.82,17.82,17.82,0
1758292875,17.82,17.82,17.82,17.82,0
1758292880,17.82,17.82,17.82,17.82,0
1758292885,17.82,17.82,17.82,17.82,0
1758292890,17.82,17.82,17.82,17.82,0
1758292895,17.83,17.84,17.83,17.84,4
1758292900,17.84,17.84,17.84,17.84,0
1758292905,17.84,17.84,17.84,17.84,0
1758292910,17.84,17.84,17.84,17.84,0
1758292915,17.84,17.84,17.84,17.84,0
1758292920,17.83,17.83,17.83,17.83,1
1758292925,17.83,17.83,17.83,17.83,0
1758292930,17.83,17.83,17.83,17.83,0
1758292935,17.85,17.85,17.85,17.85,2
1758292940,17.85,17.85,17.85,17.85,0
1758292945,17.85,17.85,17.85,17.85,0
1758292950,17.85,17.85,17.85,17.85,0
1758292955,17.85,17.85,17.85,17.85,0
1758292960,17.85,17.85,17.85,17.85,0
1758292965,17.85,17.85,17.85,17.85,0
1758292970,17.85,17.85,17.85,17.85,0
1758292975,17.85,17.85,17.85,17.85,0
1758292980,17.85,17.85,17.85,17.85,0
1758292985,17.85,17.85,17.85,17.85,0
1758292990,17.85,17.85,17.85,17.85,0
1758292995,17.85,17.85,17.85,17.85,0
1758293000,17.85,17.85,17.85,17.85,0
1758293005,17.85,17.85,17.85,17.85,0
1758293010,17.85,17.85,17.85,17.85,0
1758293015,17.85,17.85,17.85,17.85,0
1758293020,17.86,17.86,17.85,17.85,2
1758293025,17.85,17.85,17.85,17.85,0
1758293030,17.85,17.85,17.85,17.85,0
1758293035,17.85,17.85,17.85,17.85,0
1758293040,17.86,17.86,17.86,17.86,1
1758293045,17.86,17.86,17.86,17.86,0
1758293050,17.86,17.86,17.86,17.86,0
1758293055,17.86,17.86,17.86,17.86,0
1758293060,17.86,17.86,17.86,17.86,0
1758293065,17.86,17.86,17.86,17.86,0
1758293070,17.86,17.86,17.86,17.86,0
1758293075,17.86,17.86,17.86,17.86,0
1758293080,17.86,17.86,17.86,17.86,0
1758293085,17.86,17.86,17.86,17.86,0
1758293090,17.86,17.86,17.86,17.86,0
1758293095,17.86,17.86,17.86,17.86,0
1758293100,17.86,17.86,17.86,17.86,0
1758293105,17.86,17.86,17.86,17.86,0
1758293110,17.86,17.86,17.86,17.86,0
1758293115,17.86,17.86,17.86,17.86,0
1758293120,17.86,17.86,17.86,17.86,0
1758293125,17.85,17.86,17.85,17.85,6
1758293130,17.85,17.85,17.85,17.85,0
1758293135,17.85,17.85,17.85,17.85,0
1758293140,17.85,17.85,17.85,17.85,0
1758293145,17.88,17.88,17.88,17.88,3
1758293150,17.88,17.88,17.88,17.88,0
1758293155,17.88,17.88,17.88,17.88,0
1758293160,17.88,17.88,17.88,17.88,0
1758293165,17.88,17.88,17.88,17.88,0
1758293170,17.88,17.88,17.88,17.88,0
1758293175,17.88,17.88,17.88,17.88,0
1758293180,17.88,17.88,17.88,17.88,0
1758293185,17.88,17.88,17.88,17.88,0
1758293190,17.88,17.88,17.88,17.88,0
1758293195,17.88,17.88,17.88,17.88,0
1758293200,17.88,17.88,17.88,17.88,0
1758293205,17.88,17.88,17.88,17.88,0
1758293210,17.88,17.88,17.88,17.88,0
1758293215,17.88,17.88,17.88,17.88,0
1758293220,17.88,17.88,17.88,17.88,0
1758293225,17.88,17.88,17.88,17.88,0
1758293230,17.88,17.88,17.88,17.88,0
1758293235,17.9,17.94,17.9,17.94,9
1758293240,17.94,17.94,17.94,17.94,0
1758293245,17.94,17.94,17.94,17.94,0
1758293250,17.91,17.91,17.91,17.91,1
1758293255,17.91,17.91,17.91,17.91,0
1758293260,17.91,17.91,17.91,17.91,0
1758293265,17.91,17.91,17.91,17.91,0
1758293270,17.91,17.91,17.91,17.91,0
1758293275,17.91,17.91,17.91,17.91,0
1758293280,17.91,17.91,17.91,17.91,0
1758293285,17.91,17.91,17.91,17.91,0
1758293290,17.88,17.88,17.88,17.88,4
1758293295,17.88,17.88,17.88,17.88,3
1758293300,17.88,17.88,17.88,17.88,0
1758293305,17.88,17.88,17.88,17.88,0
1758293310,17.88,17.88,17.88,17.88,1
1758293315,17.88,17.88,17.88,17.88,0
1758293320,17.91,17.91,17.91,17.91,1
1758293325,17.91,17.91,17.91,17.91,0
1758293330,17.91,17.91,17.91,17.91,0
1758293335,17.91,17.91,17.91,17.91,0
1758293340,17.91,17.91,17.91,17.91,0
1758293345,17.91,17.91,17.91,17.91,0
1758293350,17.91,17.91,17.91,17.91,0
1758293355,17.89,17.89,17.89,17.89,1
1758293360,17.89,17.89,17.89,17.89,0
1758293365,17.89,17.89,17.89,17.89,0
1758293370,17.89,17.89,17.89,17.89,0
1758293375,17.89,17.89,17.89,17.89,0
1758293380,17.89,17.89,17.89,17.89,0
1758293385,17.89,17.89,17.89,17.89,0
1758293390,17.89,17.89,17.89,17.89,0
1758293395,17.89,17.89,17.89,17.89,0
1758293400,17.89,17.89,17.89,17.89,0
1758293405,17.89,17.89,17.89,17.89,0
1758293410,17.89,17.89,17.89,17.89,0
1758293415,17.89,17.89,17.89,17.89,0
1758293420,17.89,17.89,17.89,17.89,0
1758293425,17.89,17.89,17.89,17.89,0
1758293430,17.89,17.89,17.89,17.89,0
1758293435,17.9,17.9,17.9,17.9,9
1758293440,17.9,17.9,17.9,17.9,0
1758293445,17.9,17.9,17.9,17.9,0
1758293450,17.9,17.9,17.9,17.9,0
1758293455,17.9,17.9,17.9,17.9,0
1758293460,17.9,17.9,17.9,17.9,0
1758293465,17.9,17.9,17.9,17.9,0
1758293470,17.9,17.9,17.9,17.9,0
1758293475,17.9,17.9,17.9,17.9,0
1758293480,17.9,17.9,17.9,17.9,0
1758293485,17.9,17.9,17.9,17.9,0
1758293490,17.9,17.9,17.9,17.9,0
1758293495,17.9,17.9,17.9,17.9,0
1758293500,17.87,17.87,17.87,17.87,1
1758293505,17.87,17.87,17.87,17.87,0
1758293510,17.87,17.87,17.87,17.87,0
1758293515,17.87,17.87,17.87,17.87,0
1758293520,17.87,17.87,17.87,17.87,0
1758293525,17.87,17.87,17.87,17.87,0
1758293530,17.87,17.87,17.87,17.87,0
1758293535,17.87,17.87,17.87,17.87,0
1758293540,17.87,17.87,17.87,17.87,0
1758293545,17.86,17.86,17.82,17.82,5
1758293550,17.81,17.81,17.81,17.81,3
1758293555,17.81,17.81,17.81,17.81,0
1758293560,17.81,17.81,17.81,17.81,0
1758293565,17.81,17.81,17.81,17.81,0
1758293570,17.83,17.83,17.83,17.83,3
1758293575,17.83,17.83,17.83,17.83,0
1758293580,17.8,17.8,17.8,17.8,10
1758293585,17.8,17.8,17.8,17.8,0
1758293590,17.8,17.8,17.8,17.8,0
1758293595,17.79,17.79,17.79,17.79,1
1758293600,17.79,17.79,17.79,17.79,0
1758293605,17.79,17.79,17.79,17.79,0
1758293610,17.79,17.79,17.79,17.79,0
1758293615,17.79,17.79,17.79,17.79,0
1758293620,17.79,17.79,17.79,17.79,0
1758293625,17.79,17.79,17.79,17.79,0
1758293630,17.79,17.79,17.79,17.79,0
1758293635,17.79,17.79,17.79,17.79,0
1758293640,17.79,17.79,17.79,17.79,0
1758293645,17.79,17.79,17.79,17.79,0
1758293650,17.82,17.82,17.82,17.82,1
1758293655,17.82,17.82,17.82,17.82,0
1758293660,17.79,17.79,17.79,17.79,1
1758293665,17.79,17.79,17.79,17.79,0
1758293670,17.79,17.79,17.79,17.79,0
1758293675,17.79,17.79,17.79,17.79,0
1758293680,17.79,17.79,17.79,17.79,0
1758293685,17.79,17.79,17.79,17.79,0
1758293690,17.79,17.79,17.79,17.79,0
1758293695,17.79,17.79,17.79,17.79,0
1758293700,17.79,17.79,17.79,17.79,0
1758293705,17.79,17.79,17.79,17.79,0
1758293710,17.79,17.79,17.79,17.79,0
1758293715,17.79,17.79,17.79,17.79,0
1758293720,17.79,17.79,17.79,17.79,0
1758293725,17.79,17.79,17.79,17.79,0
1758293730,17.79,17.79,17.79,17.79,0
1758293735,17.79,17.79,17.79,17.79,0
1758293740,17.79,17.79,17.79,17.79,0
1758293745,17.79,17.79,17.79,17.79,0
1758293750,17.79,17.79,17.79,17.79,0
1758293755,17.79,17.79,17.79,17.79,0
1758293760,17.79,17.79,17.79,17.79,0
1758293765,17.79,17.79,17.79,17.79,0
1758293770,17.79,17.79,17.79,17.79,0
1758293775,17.79,17.79,17.79,17.79,0
1758293780,17.79,17.79,17.79,17.79,0
1758293785,17.79,17.79,17.79,17.79,0
1758293790,17.79,17.79,17.79,17.79,0
1758293795,17.79,17.79,17.79,17.79,0
1758293800,17.79,17.79,17.79,17.79,0
1758293805,17.79,17.79,17.79,17.79,0
1758293810,17.79,17.79,17.79,17.79,0
1758293815,17.79,17.79,17.79,17.79,0
1758293820,17.79,17.79,17.79,17.79,0
1758293825,17.79,17.79,17.79,17.79,0
1758293830,17.79,17.79,17.79,17.79,0
1758293835,17.79,17.79,17.79,17.79,0
1758293840,17.79,17.79,17.79,17.79,0
1758293845,17.79,17.79,17.79,17.79,0
1758293850,17.79,17.79,17.79,17.79,0
1758293855,17.79,17.79,17.79,17.79,0
1758293860,17.79,17.79,17.79,17.79,0
1758293865,17.79,17.79,17.79,17.79,0
1758293870,17.79,17.79,17.79,17.79,0
1758293875,17.79,17.79,17.79,17.79,0
1758293880,17.79,17.79,17.79,17.79,0
1758293885,17.79,17.79,17.79,17.79,0
1758293890,17.82,17.82,17.82,17.82,5
1758293895,17.82,17.82,17.82,17.82,0
1758293900,17.82,17.82,17.82,17.82,0
1758293905,17.82,17.82,17.82,17.82,0
1758293910,17.82,17.82,17.82,17.82,0
1758293915,17.82,17.82,17.82,17.82,0
1758293920,17.82,17.82,17.82,17.82,0
1758293925,17.82,17.82,17.82,17.82,0
1758293930,17.82,17.82,17.82,17.82,0
1758293935,17.82,17.82,17.82,17.82,0
1758293940,17.82,17.82,17.82,17.82,0
1758293945,17.82,17.82,17.82,17.82,0
1758293950,17.82,17.82,17.82,17.82,0
1758293955,17.82,17.82,17.82,17.82,0
1758293960,17.81,17.81,17.81,17.81,10
1758293965,17.79,17.79,17.79,17.79,2
1758293970,17.79,17.79,17.79,17.79,0
1758293975,17.79,17.79,17.79,17.79,0
1758293980,17.79,17.79,17.79,17.79,0
1758293985,17.79,17.79,17.79,17.79,0
1758293990,17.79,17.79,17.79,17.79,0
1758293995,17.79,17.79,17.79,17.79,0
1758294000,17.79,17.79,17.79,17.79,0
1758294005,17.79,17.79,17.79,17.79,0
1758294010,17.79,17.79,17.79,17.79,0
1758294015,17.79,17.79,17.79,17.79,0
1758294020,17.79,17.79,17.79,17.79,0
1758294025,17.79,17.79,17.79,17.79,0
1758294030,17.79,17.79,17.79,17.79,0
1758294035,17.79,17.79,17.79,17.79,0
1758294040,17.76,17.76,17.76,17.76,6
1758294045,17.76,17.76,17.76,17.76,0
1758294050,17.76,17.76,17.76,17.76,0
1758294055,17.76,17.76,17.76,17.76,0
1758294060,17.75,17.75,17.75,17.75,25
1758294065,17.75,17.75,17.75,17.75,0
1758294070,17.75,17.75,17.75,17.75,0
1758294075,17.75,17.75,17.75,17.75,0
1758294080,17.75,17.75,17.75,17.75,0
1758294085,17.75,17.75,17.75,17.75,0
1758294090,17.75,17.75,17.75,17.75,0
1758294095,17.75,17.75,17.75,17.75,0
1758294100,17.75,17.75,17.75,17.75,0
1758294105,17.75,17.75,17.75,17.75,0
1758294110,17.75,17.75,17.75,17.75,0
1758294115,17.75,17.75,17.75,17.75,0
1758294120,17.75,17.75,17.75,17.75,0
1758294125,17.75,17.75,17.75,17.75,0
1758294130,17.75,17.75,17.75,17.75,0
1758294135,17.75,17.75,17.75,17.75,0
1758294140,17.75,17.75,17.75,17.75,0
1758294145,17.75,17.75,17.75,17.75,0
1758294150,17.75,17.75,17.75,17.75,0
1758294155,17.75,17.75,17.75,17.75,0
1758294160,17.75,17.75,17.75,17.75,0
1758294165,17.75,17.75,17.75,17.75,0
1758294170,17.75,17.75,17.75,17.75,0
1758294175,17.75,17.75,17.75,17.75,0
1758294180,17.75,17.75,17.75,17.75,0
1758294185,17.75,17.75,17.75,17.75,0
1758294190,17.75,17.75,17.75,17.75,0
1758294195,17.75,17.75,17.75,17.75,0
1758294200,17.8,17.8,17.8,17.8,10
1758294205,17.8,17.8,17.8,17.8,0
1758294210,17.8,17.8,17.8,17.8,0
1758294215,17.8,17.8,17.8,17.8,0
1758294220,17.8,17.8,17.8,17.8,0
1758294225,17.8,17.8,17.8,17.8,0
1758294230,17.8,17.8,17.8,17.8,0
1758294235,17.8,17.8,17.8,17.8,0
1758294240,17.8,17.8,17.8,17.8,0
1758294245,17.8,17.8,17.8,17.8,0
1758294250,17.8,17.8,17.8,17.8,0
1758294255,17.8,17.8,17.8,17.8,0
1758294260,17.8,17.8,17.8,17.8,0
1758294265,17.8,17.8,17.8,17.8,0
1758294270,17.85,17.85,17.85,17.85,69
1758294275,17.85,17.85,17.85,17.85,0
1758294280,17.85,17.85,17.85,17.85,0
1758294285,17.85,17.85,17.85,17.85,0
1758294290,17.85,17.85,17.85,17.85,0
1758294295,17.85,17.85,17.85,17.85,0
1758294300,17.85,17.85,17.85,17.85,0
1758294305,17.84,17.84,17.84,17.84,3
1758294310,17.84,17.84,17.84,17.84,0
1758294315,17.84,17.84,17.84,17.84,0
1758294320,17.84,17.84,17.84,17.84,0
1758294325,17.86,17.86,17.86,17.86,4
1758294330,17.86,17.86,17.86,17.86,0
1758294335,17.86,17.86,17.86,17.86,0
1758294340,17.86,17.86,17.86,17.86,0
1758294345,17.86,17.86,17.86,17.86,0
1758294350,17.86,17.86,17.86,17.86,0
1758294355,17.86,17.86,17.86,17.86,0
1758294360,17.88,17.88,17.88,17.88,1
1758294365,17.88,17.88,17.88,17.88,0
1758294370,17.88,17.88,17.88,17.88,0
1758294375,17.88,17.88,17.88,17.88,0
1758294380,17.88,17.88,17.88,17.88,0
1758294385,17.88,17.88,17.88,17.88,0
1758294390,17.88,17.88,17.88,17.88,0
1758294395,17.88,17.88,17.88,17.88,0
1758294400,17.88,17.88,17.88,17.88,0
1758294405,17.88,17.88,17.88,17.88,0
1758294410,17.88,17.88,17.88,17.88,0
1758294415,17.88,17.88,17.88,17.88,0
1758294420,17.88,17.88,17.88,17.88,0
1758294425,17.88,17.88,17.88,17.88,0
1758294430,17.88,17.88,17.88,17.88,0
1758294435,17.88,17.88,17.88,17.88,0
1758294440,17.88,17.88,17.88,17.88,0
1758294445,17.88,17.88,17.88,17.88,0
1758294450,17.88,17.88,17.88,17.88,0
1758294455,17.84,17.84,17.84,17.84,2
1758294460,17.84,17.84,17.84,17.84,0
1758294465,17.84,17.84,17.84,17.84,0
1758294470,17.84,17.84,17.84,17.84,0
1758294475,17.84,17.84,17.84,17.84,0
1758294480,17.85,17.85,17.85,17.85,3
1758294485,17.85,17.85,17.85,17.85,0
1758294490,17.85,17.85,17.85,17.85,0
1758294495,17.85,17.85,17.85,17.85,0
1758294500,17.85,17.85,17.85,17.85,0
1758294505,17.85,17.85,17.85,17.85,0
1758294510,17.85,17.85,17.85,17.85,0
1758294515,17.85,17.85,17.85,17.85,0
1758294520,17.85,17.85,17.85,17.85,0
1758294525,17.85,17.85,17.85,17.85,0
1758294530,17.85,17.85,17.85,17.85,0
1758294535,17.85,17.85,17.85,17.85,0
1758294540,17.85,17.85,17.85,17.85,0
1758294545,17.85,17.85,17.85,17.85,0
1758294550,17.85,17.85,17.85,17.85,0
1758294555,17.85,17.85,17.85,17.85,75
1758294560,17.85,17.85,17.85,17.85,0
1758294565,17.84,17.84,17.84,17.84,1
1758294570,17.84,17.84,17.84,17.84,0
1758294575,17.84,17.84,17.84,17.84,0
1758294580,17.84,17.84,17.84,17.84,0
1758294585,17.84,17.84,17.84,17.84,0
1758294590,17.84,17.84,17.84,17.84,0
1758294595,17.84,17.84,17.84,17.84,0
1758294600,17.84,17.84,17.84,17.84,0
1758294605,17.84,17.84,17.84,17.84,0
1758294610,17.84,17.84,17.84,17.84,0
1758294615,17.84,17.84,17.84,17.84,0
1758294620,17.84,17.84,17.84,17.84,0
1758294625,17.85,17.85,17.85,17.85,1
1758294630,17.85,17.85,17.85,17.85,0
1758294635,17.85,17.85,17.85,17.85,0
1758294640,17.85,17.85,17.85,17.85,0
1758294645,17.85,17.85,17.85,17.85,0
1758294650,17.85,17.85,17.85,17.85,0
1758294655,17.85,17.85,17.85,17.85,0
1758294660,17.85,17.85,17.85,17.85,0
1758294665,17.85,17.85,17.85,17.85,0
1758294670,17.85,17.85,17.85,17.85,0
1758294675,17.85,17.85,17.85,17.85,0
1758294680,17.85,17.85,17.85,17.85,0
1758294685,17.85,17.85,17.85,17.85,0
1758294690,17.85,17.85,17.85,17.85,0
1758294695,17.85,17.85,17.85,17.85,0
1758294700,17.85,17.85,17.85,17.85,0
1758294705,17.84,17.84,17.84,17.84,1
1758294710,17.84,17.84,17.84,17.84,0
1758294715,17.84,17.84,17.84,17.84,0
1758294720,17.84,17.84,17.84,17.84,0
1758294725,17.84,17.84,17.84,17.84,0
1758294730,17.84,17.84,17.84,17.84,0
1758294735,17.84,17.84,17.84,17.84,0
1758294740,17.84,17.84,17.84,17.84,0
1758294745,17.84,17.84,17.84,17.84,0
1758294750,17.84,17.84,17.84,17.84,0
1758294755,17.84,17.84,17.84,17.84,0
1758294760,17.84,17.84,17.84,17.84,0
1758294765,17.84,17.84,17.84,17.84,0
1758294770,17.84,17.84,17.84,17.84,0
1758294775,17.84,17.84,17.84,17.84,0
1758294780,17.84,17.84,17.84,17.84,0
1758294785,17.84,17.84,17.84,17.84,0
1758294790,17.84,17.84,17.84,17.84,0
1758294795,17.84,17.84,17.84,17.84,3
1758294800,17.84,17.84,17.84,17.84,0
1758294805,17.84,17.84,17.84,17.84,0
1758294810,17.84,17.84,17.84,17.84,0
1758294815,17.84,17.84,17.84,17.84,0
1758294820,17.84,17.84,17.84,17.84,0
1758294825,17.84,17.84,17.84,17.84,0
1758294830,17.85,17.85,17.85,17.85,1
1758294835,17.85,17.85,17.85,17.85,0
1758294840,17.85,17.85,17.85,17.85,0
1758294845,17.85,17.85,17.85,17.85,0
1758294850,17.85,17.85,17.85,17.85,0
1758294855,17.85,17.85,17.85,17.85,0
1758294860,17.85,17.85,17.85,17.85,0
1758294865,17.85,17.85,17.85,17.85,0
1758294870,17.85,17.85,17.85,17.85,0
1758294875,17.85,17.85,17.85,17.85,0
1758294880,17.85,17.85,17.85,17.85,0
1758294885,17.85,17.85,17.85,17.85,0
1758294890,17.85,17.85,17.85,17.85,0
1758294895,17.85,17.85,17.85,17.85,0
1758294900,17.85,17.85,17.85,17.85,0
1758294905,17.85,17.85,17.85,17.85,0
1758294910,17.85,17.85,17.85,17.85,0
1758294915,17.85,17.85,17.85,17.85,0
1758294920,17.85,17.85,17.85,17.85,0
1758294925,17.85,17.85,17.85,17.85,0
1758294930,17.85,17.85,17.85,17.85,0
1758294935,17.85,17.85,17.85,17.85,0
1758294940,17.85,17.85,17.85,17.85,0
1758294945,17.85,17.85,17.85,17.85,0
1758294950,17.85,17.85,17.85,17.85,0
1758294955,17.85,17.85,17.85,17.85,0
1758294960,17.85,17.85,17.85,17.85,0
1758294965,17.85,17.85,17.85,17.85,0
1758294970,17.85,17.85,17.85,17.85,0
1758294975,17.9,17.9,17.9,17.9,6
1758294980,17.9,17.9,17.9,17.9,0
1758294985,17.9,17.9,17.9,17.9,1
1758294990,17.9,17.9,17.9,17.9,0
1758294995,17.9,17.9,17.9,17.9,0
1758295000,17.9,17.9,17.9,17.9,0
1758295005,17.9,17.9,17.9,17.9,5
1758295010,17.9,17.9,17.9,17.9,0
1758295015,17.9,17.9,17.9,17.9,0
1758295020,17.9,17.9,17.9,17.9,0
1758295025,17.9,17.9,17.9,17.9,0
1758295030,17.9,17.9,17.9,17.9,0
1758295035,17.9,17.9,17.9,17.9,0
1758295040,17.9,17.9,17.9,17.9,0
1758295045,17.9,17.9,17.9,17.9,0
1758295050,17.9,17.9,17.9,17.9,0
1758295055,17.9,17.9,17.9,17.9,0
1758295060,17.9,17.9,17.9,17.9,0
1758295065,17.9,17.9,17.9,17.9,0
1758295070,17.9,17.9,17.9,17.9,0
1758295075,17.9,17.9,17.9,17.9,0
1758295080,17.9,17.9,17.9,17.9,0
1758295085,17.9,17.9,17.9,17.9,0
1758295090,17.9,17.9,17.9,17.9,0
1758295095,17.9,17.9,17.9,17.9,0
1758295100,17.9,17.9,17.9,17.9,0
1758295105,17.9,17.9,17.9,17.9,0
1758295110,17.9,17.9,17.9,17.9,0
1758295115,17.9,17.9,17.9,17.9,0
1758295120,17.9,17.9,17.9,17.9,0
1758295125,17.9,17.9,17.9,17.9,0
1758295130,17.9,17.9,17.9,17.9,0
1758295135,17.9,17.9,17.9,17.9,0
1758295140,17.9,17.9,17.9,17.9,0
1758295145,17.9,17.9,17.9,17.9,0
1758295150,17.9,17.9,17.9,17.9,0
1758295155,17.9,17.9,17.9,17.9,0
1758295160,17.9,17.9,17.9,17.9,0
1758295165,17.9,17.9,17.9,17.9,0
1758295170,17.9,17.9,17.9,17.9,0
1758295175,17.9,17.9,17.9,17.9,0
1758295180,17.9,17.9,17.9,17.9,0
1758295185,17.9,17.9,17.9,17.9,0
1758295190,17.9,17.9,17.9,17.9,0
1758295195,17.9,17.9,17.9,17.9,0
1758295200,17.9,17.9,17.9,17.9,0
1758295205,17.9,17.9,17.9,17.9,0
1758295210,17.85,17.85,17.85,17.85,1
1758295215,17.85,17.85,17.85,17.85,0
1758295220,17.85,17.85,17.85,17.85,0
1758295225,17.85,17.85,17.84,17.84,5
1758295230,17.84,17.84,17.84,17.84,0
1758295235,17.84,17.84,17.84,17.84,0
1758295240,17.84,17.84,17.84,17.84,0
1758295245,17.84,17.84,17.84,17.84,0
1758295250,17.84,17.84,17.84,17.84,0
1758295255,17.84,17.84,17.84,17.84,0
1758295260,17.84,17.84,17.84,17.84,0
1758295265,17.84,17.84,17.84,17.84,0
1758295270,17.84,17.84,17.84,17.84,0
1758295275,17.84,17.84,17.84,17.84,0
1758295280,17.84,17.84,17.84,17.84,0
1758295285,17.84,17.84,17.84,17.84,0
1758295290,17.84,17.84,17.84,17.84,0
1758295295,17.88,17.88,17.88,17.88,10
1758295300,17.88,17.88,17.88,17.88,0
1758295305,17.88,17.88,17.88,17.88,0
1758295310,17.85,17.85,17.85,17.85,1
1758295315,17.85,17.85,17.85,17.85,0
1758295320,17.85,17.85,17.85,17.85,0
1758295325,17.85,17.85,17.85,17.85,0
1758295330,17.85,17.85,17.85,17.85,0
1758295335,17.85,17.85,17.85,17.85,0
1758295340,17.85,17.85,17.85,17.85,0
1758295345,17.85,17.85,17.85,17.85,0
1758295350,17.85,17.85,17.85,17.85,0
1758295355,17.85,17.85,17.85,17.85,0
1758295360,17.85,17.85,17.85,17.85,0
1758295365,17.85,17.85,17.85,17.85,0
1758295370,17.85,17.85,17.85,17.85,0
1758295375,17.85,17.85,17.85,17.85,0
1758295380,17.85,17.85,17.85,17.85,0
1758295385,17.85,17.85,17.85,17.85,0
1758295390,17.85,17.85,17.85,17.85,0
1758295395,17.85,17.85,17.85,17.85,0
1758295400,17.85,17.85,17.85,17.85,0
1758295405,17.85,17.85,17.85,17.85,0
1758295410,17.85,17.85,17.85,17.85,0
1758295415,17.85,17.85,17.85,17.85,0
1758295420,17.85,17.85,17.85,17.85,0
1758295425,17.85,17.85,17.85,17.85,0
1758295430,17.85,17.85,17.85,17.85,0
1758295435,17.89,17.89,17.89,17.89,3
1758295440,17.84,17.84,17.84,17.84,1
1758295445,17.84,17.84,17.84,17.84,0
1758295450,17.84,17.84,17.84,17.84,0
1758295455,17.84,17.84,17.84,17.84,0
1758295460,17.84,17.84,17.84,17.84,0
1758295465,17.84,17.84,17.84,17.84,0
1758295470,17.84,17.84,17.84,17.84,0
1758295475,17.84,17.84,17.84,17.84,0
1758295480,17.84,17.84,17.84,17.84,0
1758295485,17.84,17.84,17.84,17.84,0
1758295490,17.84,17.84,17.84,17.84,0
1758295495,17.84,17.84,17.84,17.84,0
1758295500,17.84,17.84,17.84,17.84,0
1758295505,17.84,17.84,17.84,17.84,0
1758295510,17.84,17.84,17.84,17.84,0
1758295515,17.84,17.84,17.84,17.84,0
1758295520,17.84,17.84,17.84,17.84,0
1758295525,17.84,17.84,17.84,17.84,0
1758295530,17.84,17.84,17.84,17.84,0
1758295535,17.84,17.84,17.84,17.84,0
1758295540,17.84,17.84,17.84,17.84,0
1758295545,17.84,17.84,17.84,17.84,0
1758295550,17.84,17.84,17.84,17.84,0
1758295555,17.84,17.84,17.84,17.84,0
1758295560,17.84,17.84,17.84,17.84,0
1758295565,17.84,17.84,17.84,17.84,0
1758295570,17.84,17.84,17.84,17.84,0
1758295575,17.84,17.84,17.84,17.84,0
1758295580,17.84,17.84,17.84,17.84,0
1758295585,17.84,17.84,17.84,17.84,0
1758295590,17.84,17.84,17.84,17.84,0
1758295595,17.84,17.84,17.84,17.84,0
1758295600,17.84,17.84,17.84,17.84,0
1758295605,17.84,17.84,17.84,17.84,0
1758295610,17.84,17.84,17.84,17.84,0
1758295615,17.84,17.84,17.84,17.84,0
1758295620,17.84,17.84,17.84,17.84,0
1758295625,17.84,17.84,17.84,17.84,0
1758295630,17.84,17.84,17.84,17.84,0
1758295635,17.84,17.84,17.84,17.84,0
1758295640,17.84,17.84,17.84,17.84,0
1758295645,17.84,17.84,17.84,17.84,0
1758295650,17.84,17.84,17.84,17.84,0
1758295655,17.84,17.84,17.84,17.84,0
1758295660,17.84,17.84,17.84,17.84,0
1758295665,17.84,17.84,17.84,17.84,0
1758295670,17.9,17.9,17.9,17.9,3
1758295675,17.9,17.9,17.9,17.9,0
1758295680,17.9,17.9,17.9,17.9,0
1758295685,17.9,17.9,17.9,17.9,20
1758295690,17.9,17.9,17.9,17.9,0
1758295695,17.9,17.9,17.9,17.9,0
1758295700,17.9,17.9,17.9,17.9,0
1758295705,17.9,17.9,17.9,17.9,0
1758295710,17.9,17.9,17.9,17.9,0
1758295715,17.9,17.9,17.9,17.9,0
1758295720,17.9,17.9,17.9,17.9,0
1758295725,17.9,17.9,17.9,17.9,0
1758295730,17.9,17.9,17.9,17.9,0
1758295735,17.9,17.9,17.9,17.9,0
1758295740,17.9,17.9,17.9,17.9,0
1758295745,17.89,17.89,17.89,17.89,1
1758295750,17.89,17.89,17.89,17.89,0
1758295755,17.89,17.89,17.89,17.89,0
1758295760,17.89,17.89,17.89,17.89,0
1758295765,17.89,17.89,17.89,17.89,0
1758295770,17.89,17.89,17.89,17.89,0
1758295775,17.9,17.9,17.9,17.9,2
1758295780,17.9,17.9,17.9,17.9,0
1758295785,17.9,17.9,17.9,17.9,0
1758295790,17.89,17.89,17.89,17.89,2
1758295795,17.89,17.89,17.89,17.89,0
1758295800,17.89,17.89,17.89,17.89,0
1758295805,17.89,17.89,17.89,17.89,0
1758295810,17.89,17.89,17.89,17.89,0
1758295815,17.89,17.89,17.89,17.89,0
1758295820,17.89,17.89,17.89,17.89,0
1758295825,17.89,17.89,17.89,17.89,0
1758295830,17.91,17.91,17.91,17.91,97
1758295835,17.91,17.91,17.91,17.91,0
1758295840,17.91,17.91,17.91,17.91,0
1758295845,17.94,17.94,17.93,17.93,13
1758295850,17.94,17.94,17.94,17.94,2
1758295855,17.94,17.94,17.94,17.94,0
1758295860,17.94,17.94,17.94,17.94,0
1758295865,17.95,17.95,17.95,17.95,3
1758295870,17.95,17.95,17.95,17.95,0
1758295875,17.95,17.95,17.95,17.95,0
1758295880,17.95,17.95,17.95,17.95,0
1758295885,17.95,17.95,17.95,17.95,0
1758295890,17.95,17.95,17.95,17.95,0
1758295895,17.94,17.94,17.94,17.94,1
1758295900,17.95,17.95,17.95,17.95,3
1758295905,17.95,17.95,17.95,17.95,0
1758295910,17.95,17.95,17.95,17.95,0
1758295915,17.95,17.95,17.95,17.95,0
1758295920,17.95,17.95,17.95,17.95,0
1758295925,17.95,17.95,17.95,17.95,0
1758295930,17.95,17.95,17.95,17.95,0
1758295935,17.95,17.95,17.95,17.95,0
1758295940,17.95,17.95,17.95,17.95,0
1758295945,17.95,17.95,17.95,17.95,0
1758295950,17.95,17.95,17.95,17.95,0
1758295955,17.95,17.95,17.95,17.95,0
1758295960,17.95,17.95,17.95,17.95,0
1758295965,17.95,17.95,17.95,17.95,0
1758295970,17.95,17.95,17.95,17.95,0
1758295975,17.95,17.95,17.95,17.95,0
1758295980,17.95,17.95,17.95,17.95,0
1758295985,17.94,17.95,17.93,17.95,20
1758295990,17.95,17.95,17.95,17.95,0
1758295995,17.95,17.95,17.95,17.95,0
1758296000,17.95,17.95,17.95,17.95,0
1758296005,17.95,17.95,17.95,17.95,0
1758296010,17.95,17.95,17.95,17.95,0
1758296015,17.95,17.95,17.95,17.95,0
1758296020,17.95,17.95,17.95,17.95,0
1758296025,17.95,17.95,17.95,17.95,0
1758296030,17.95,17.95,17.95,17.95,0
1758296035,17.95,17.95,17.95,17.95,0
1758296040,17.95,17.95,17.95,17.95,0
1758296045,17.95,17.95,17.95,17.95,0
1758296050,17.95,17.95,17.95,17.95,0
1758296055,17.95,17.95,17.95,17.95,0
1758296060,17.95,17.95,17.95,17.95,0
1758296065,17.95,17.95,17.95,17.95,0
1758296070,17.95,17.95,17.95,17.95,0
1758296075,17.95,17.95,17.95,17.95,0
1758296080,17.95,17.95,17.95,17.95,0
1758296085,17.95,17.95,17.95,17.95,0
1758296090,17.95,17.95,17.95,17.95,0
1758296095,17.95,17.95,17.95,17.95,0
1758296100,17.95,17.95,17.95,17.95,0
1758296105,17.95,17.95,17.95,17.95,0
1758296110,17.95,17.95,17.95,17.95,0
1758296115,17.95,17.95,17.95,17.95,0
1758296120,17.95,17.95,17.95,17.95,0
1758296125,17.95,17.95,17.95,17.95,0
1758296130,17.95,17.95,17.95,17.95,0
1758296135,17.95,17.95,17.95,17.95,0
1758296140,17.95,17.95,17.95,17.95,0
1758296145,17.95,17.95,17.95,17.95,0
1758296150,17.95,17.95,17.95,17.95,0
1758296155,17.95,17.95,17.95,17.95,0
1758296160,17.95,17.95,17.95,17.95,0
1758296165,17.95,17.95,17.95,17.95,0
1758296170,17.95,17.95,17.95,17.95,0
1758296175,17.95,17.95,17.95,17.95,0
1758296180,17.93,17.94,17.93,17.94,5
1758296185,17.94,17.94,17.94,17.94,0
1758296190,17.94,17.94,17.94,17.94,0
1758296195,17.94,17.94,17.94,17.94,0
1758296200,17.9,17.9,17.9,17.9,8
1758296205,17.9,17.9,17.9,17.9,0
1758296210,17.9,17.9,17.9,17.9,0
1758296215,17.9,17.9,17.9,17.9,0
1758296220,17.9,17.9,17.9,17.9,0
1758296225,17.9,17.9,17.9,17.9,0
1758296230,17.9,17.9,17.9,17.9,0
1758296235,17.9,17.9,17.9,17.9,0
1758296240,17.9,17.9,17.9,17.9,0
1758296245,17.9,17.9,17.9,17.9,0
1758296250,17.88,17.88,17.88,17.88,1
1758296255,17.88,17.88,17.88,17.88,0
1758296260,17.88,17.88,17.88,17.88,0
1758296265,17.88,17.88,17.88,17.88,0
1758296270,17.88,17.88,17.88,17.88,1
1758296275,17.86,17.86,17.86,17.86,1
1758296280,17.86,17.86,17.86,17.86,0
1758296285,17.86,17.86,17.86,17.86,0
1758296290,17.86,17.86,17.86,17.86,0
1758296295,17.88,17.88,17.88,17.88,2
1758296300,17.88,17.88,17.88,17.88,0
1758296305,17.9,17.9,17.9,17.9,75
1758296310,17.9,17.9,17.9,17.9,0
1758296315,17.9,17.9,17.9,17.9,0
1758296320,17.9,17.9,17.9,17.9,0
1758296325,17.9,17.9,17.9,17.9,0
1758296330,17.9,17.9,17.9,17.9,0
1758296335,17.9,17.9,17.9,17.9,0
1758296340,17.9,17.9,17.9,17.9,0
1758296345,17.9,17.9,17.9,17.9,0
1758296350,17.9,17.9,17.9,17.9,0
1758296355,17.9,17.9,17.9,17.9,0
1758296360,17.9,17.9,17.9,17.9,0
1758296365,17.9,17.9,17.9,17.9,0
1758296370,17.9,17.9,17.9,17.9,0
1758296375,17.9,17.9,17.9,17.9,0
1758296380,17.9,17.9,17.9,17.9,0
1758296385,17.9,17.9,17.9,17.9,0
1758296390,17.9,17.9,17.9,17.9,0
1758296395,17.9,17.9,17.9,17.9,0
1758296400,17.9,17.9,17.9,17.9,0
1758296405,17.9,17.9,17.9,17.9,0
1758296410,17.9,17.9,17.9,17.9,0
1758296415,17.9,17.9,17.9,17.9,0
1758296420,17.9,17.9,17.9,17.9,0
1758296425,17.9,17.9,17.9,17.9,0
1758296430,17.9,17.9,17.9,17.9,0
1758296435,17.9,17.9,17.9,17.9,0
1758296440,17.9,17.9,17.9,17.9,0
1758296445,17.9,17.9,17.9,17.9,0
1758296450,17.9,17.9,17.9,17.9,0
1758296455,17.9,17.9,17.9,17.9,0
1758296460,17.9,17.9,17.9,17.9,0
1758296465,17.9,17.9,17.9,17.9,0
1758296470,17.9,17.9,17.9,17.9,0
1758296475,17.9,17.9,17.9,17.9,0
1758296480,17.9,17.9,17.9,17.9,0
1758296485,17.9,17.9,17.9,17.9,0
1758296490,17.9,17.9,17.9,17.9,0
1758296495,17.9,17.9,17.9,17.9,0
1758296500,17.9,17.9,17.9,17.9,0
1758296505,17.9,17.9,17.9,17.9,0
1758296510,17.9,17.9,17.9,17.9,0
1758296515,17.85,17.85,17.85,17.85,40
1758296520,17.84,17.84,17.84,17.84,1
1758296525,17.84,17.84,17.84,17.84,0
1758296530,17.84,17.84,17.84,17.84,0
1758296535,17.84,17.84,17.84,17.84,0
1758296540,17.84,17.84,17.84,17.84,0
1758296545,17.84,17.84,17.84,17.84,0
1758296550,17.84,17.84,17.84,17.84,0
1758296555,17.84,17.84,17.84,17.84,0
1758296560,17.84,17.84,17.84,17.84,0
1758296565,17.84,17.84,17.84,17.84,0
1758296570,17.85,17.85,17.85,17.85,1
1758296575,17.85,17.85,17.85,17.85,0
1758296580,17.85,17.85,17.85,17.85,0
1758296585,17.85,17.85,17.85,17.85,0
1758296590,17.85,17.85,17.85,17.85,0
1758296595,17.85,17.85,17.85,17.85,0
1758296600,17.85,17.85,17.85,17.85,0
1758296605,17.85,17.85,17.85,17.85,0
1758296610,17.85,17.85,17.85,17.85,0
1758296615,17.85,17.85,17.85,17.85,0
1758296620,17.85,17.85,17.85,17.85,0
1758296625,17.85,17.85,17.85,17.85,0
1758296630,17.85,17.85,17.85,17.85,0
1758296635,17.85,17.85,17.85,17.85,0
1758296640,17.85,17.85,17.85,17.85,0
1758296645,17.85,17.85,17.85,17.85,0
1758296650,17.85,17.85,17.85,17.85,0
1758296655,17.85,17.85,17.85,17.85,0
1758296660,17.85,17.85,17.85,17.85,0
1758296665,17.85,17.85,17.85,17.85,0
1758296670,17.85,17.85,17.85,17.85,0
1758296675,17.85,17.85,17.85,17.85,0
1758296680,17.85,17.85,17.85,17.85,0
1758296685,17.85,17.85,17.85,17.85,0
1758296690,17.85,17.85,17.85,17.85,0
1758296695,17.85,17.85,17.85,17.85,0
1758296700,17.85,17.85,17.85,17.85,0
1758296705,17.85,17.85,17.85,17.85,0
1758296710,17.85,17.85,17.85,17.85,0
1758296715,17.85,17.85,17.85,17.85,0
1758296720,17.85,17.85,17.85,17.85,0
1758296725,17.85,17.85,17.85,17.85,0
1758296730,17.85,17.85,17.85,17.85,0
1758296735,17.85,17.85,17.85,17.85,0
1758296740,17.85,17.85,17.85,17.85,0
1758296745,17.85,17.85,17.85,17.85,0
1758296750,17.85,17.85,17.85,17.85,0
1758296755,17.85,17.85,17.85,17.85,0
1758296760,17.85,17.85,17.85,17.85,0
1758296765,17.85,17.85,17.85,17.85,0
1758296770,17.85,17.85,17.85,17.85,0
1758296775,17.85,17.85,17.85,17.85,0
1758296780,17.85,17.85,17.85,17.85,0
1758296785,17.85,17.85,17.85,17.85,0
1758296790,17.85,17.85,17.85,17.85,0
1758296795,17.85,17.85,17.85,17.85,0
1758296800,17.85,17.85,17.85,17.85,0
1758296805,17.85,17.85,17.85,17.85,0
1758296810,17.85,17.85,17.85,17.85,0
1758296815,17.85,17.85,17.85,17.85,0
1758296820,17.85,17.85,17.85,17.85,0
1758296825,17.85,17.85,17.85,17.85,0
1758296830,17.85,17.85,17.85,17.85,0
1758296835,17.85,17.85,17.85,17.85,0
1758296840,17.85,17.85,17.85,17.85,0
1758296845,17.85,17.85,17.85,17.85,0
1758296850,17.85,17.85,17.85,17.85,0
1758296855,17.85,17.85,17.85,17.85,0
1758296860,17.85,17.85,17.85,17.85,0
1758296865,17.85,17.85,17.85,17.85,0
1758296870,17.85,17.85,17.85,17.85,0
1758296875,17.85,17.85,17.85,17.85,0
1758296880,17.85,17.85,17.85,17.85,0
1758296885,17.85,17.85,17.85,17.85,0
1758296890,17.85,17.85,17.85,17.85,0
1758296895,17.85,17.85,17.85,17.85,0
1758296900,17.85,17.85,17.85,17.85,0
1758296905,17.85,17.85,17.85,17.85,0
1758296910,17.85,17.85,17.85,17.85,0
1758296915,17.85,17.85,17.85,17.85,0
1758296920,17.85,17.85,17.85,17.85,0
1758296925,17.85,17.85,17.85,17.85,0
1758296930,17.85,17.85,17.85,17.85,0
1758296935,17.85,17.85,17.85,17.85,0
1758296940,17.85,17.85,17.85,17.85,0
1758296945,17.85,17.85,17.85,17.85,0
1758296950,17.85,17.85,17.85,17.85,0
1758296955,17.85,17.85,17.85,17.85,0
1758296960,17.85,17.85,17.85,17.85,0
1758296965,17.85,17.85,17.85,17.85,0
1758296970,17.85,17.85,17.85,17.85,1
1758296975,17.85,17.85,17.85,17.85,0
1758296980,17.85,17.85,17.85,17.85,0
1758296985,17.85,17.85,17.85,17.85,0
1758296990,17.85,17.85,17.85,17.85,0
1758296995,17.85,17.85,17.85,17.85,0
1758297000,17.85,17.85,17.85,17.85,0
1758297005,17.85,17.85,17.85,17.85,0
1758297010,17.85,17.85,17.85,17.85,0
1758297015,17.85,17.85,17.85,17.85,1
1758297020,17.85,17.85,17.85,17.85,0
1758297025,17.85,17.85,17.85,17.85,0
1758297030,17.85,17.85,17.85,17.85,0
1758297035,17.85,17.85,17.85,17.85,0
1758297040,17.85,17.85,17.85,17.85,0
1758297045,17.85,17.85,17.85,17.85,0
1758297050,17.85,17.85,17.85,17.85,0
1758297055,17.85,17.85,17.85,17.85,0
1758297060,17.85,17.85,17.85,17.85,0
1758297065,17.85,17.85,17.85,17.85,0
1758297070,17.85,17.85,17.85,17.85,0
1758297075,17.85,17.85,17.85,17.85,0
1758297080,17.85,17.85,17.85,17.85,0
1758297085,17.85,17.85,17.85,17.85,0
1758297090,17.85,17.85,17.85,17.85,0
1758297095,17.85,17.85,17.85,17.85,0
1758297100,17.85,17.85,17.85,17.85,0
1758297105,17.85,17.85,17.85,17.85,0
1758297110,17.85,17.85,17.85,17.85,0
1758297115,17.85,17.85,17.85,17.85,0
1758297120,17.85,17.85,17.85,17.85,0
1758297125,17.85,17.85,17.85,17.85,0
1758297130,17.85,17.85,17.85,17.85,0
1758297135,17.85,17.85,17.85,17.85,0
1758297140,17.85,17.85,17.85,17.85,0
1758297145,17.85,17.85,17.85,17.85,0
1758297150,17.85,17.85,17.85,17.85,0
1758297155,17.85,17.85,17.85,17.85,0
1758297160,17.85,17.85,17.85,17.85,0
1758297165,17.85,17.85,17.85,17.85,0
1758297170,17.85,17.85,17.85,17.85,0
1758297175,17.85,17.85,17.85,17.85,0
1758297180,17.85,17.85,17.85,17.85,0
1758297185,17.85,17.85,17.85,17.85,0
1758297190,17.85,17.85,17.85,17.85,0
1758297195,17.85,17.85,17.85,17.85,0
1758297200,17.85,17.85,17.85,17.85,1
1758297205,17.85,17.85,17.85,17.85,0
1758297210,17.85,17.85,17.85,17.85,0
1758297215,17.85,17.85,17.85,17.85,0
1758297220,17.85,17.85,17.85,17.85,0
1758297225,17.85,17.85,17.85,17.85,0
1758297230,17.85,17.85,17.85,17.85,0
1758297235,17.85,17.85,17.85,17.85,0
1758297240,17.85,17.85,17.85,17.85,0
1758297245,17.85,17.85,17.85,17.85,0
1758297250,17.85,17.85,17.85,17.85,0
1758297255,17.85,17.85,17.85,17.85,0
1758297260,17.85,17.85,17.85,17.85,0
1758297265,17.85,17.85,17.85,17.85,0
1758297270,17.85,17.85,17.85,17.85,0
1758297275,17.85,17.85,17.85,17.85,0
1758297280,17.85,17.85,17.85,17.85,0
1758297285,17.85,17.85,17.85,17.85,0
1758297290,17.85,17.85,17.85,17.85,0
1758297295,17.85,17.85,17.85,17.85,0
1758297300,17.85,17.85,17.85,17.85,0
1758297305,17.85,17.85,17.85,17.85,0
1758297310,17.84,17.84,17.84,17.84,1
1758297315,17.84,17.84,17.84,17.84,0
1758297320,17.84,17.84,17.84,17.84,0
1758297325,17.84,17.84,17.84,17.84,0
1758297330,17.84,17.84,17.84,17.84,0
1758297335,17.84,17.84,17.84,17.84,0
1758297340,17.84,17.84,17.84,17.84,0
1758297345,17.84,17.84,17.84,17.84,0
1758297350,17.84,17.84,17.84,17.84,0
1758297355,17.84,17.84,17.84,17.84,0
1758297360,17.84,17.84,17.84,17.84,0
1758297365,17.84,17.84,17.84,17.84,0
1758297370,17.84,17.84,17.84,17.84,0
1758297375,17.84,17.84,17.84,17.84,0
1758297380,17.84,17.84,17.84,17.84,0
1758297385,17.84,17.84,17.84,17.84,0
1758297390,17.84,17.84,17.84,17.84,0
1758297395,17.84,17.84,17.84,17.84,0
1758297400,17.84,17.84,17.84,17.84,0
1758297405,17.84,17.84,17.84,17.84,0
1758297410,17.84,17.84,17.84,17.84,0
1758297415,17.84,17.84,17.84,17.84,0
1758297420,17.84,17.84,17.84,17.84,0
1758297425,17.84,17.84,17.84,17.84,0
1758297430,17.84,17.84,17.84,17.84,0
1758297435,17.84,17.84,17.84,17.84,0
1758297440,17.84,17.84,17.84,17.84,0
1758297445,17.84,17.84,17.84,17.84,0
1758297450,17.84,17.84,17.84,17.84,0
1758297455,17.86,17.86,17.86,17.86,2
1758297460,17.86,17.86,17.86,17.86,0
1758297465,17.86,17.86,17.86,17.86,0
1758297470,17.85,17.85,17.84,17.84,3
1758297475,17.84,17.84,17.84,17.84,0
1758297480,17.84,17.84,17.84,17.84,0
1758297485,17.84,17.84,17.84,17.84,0
1758297490,17.84,17.84,17.84,17.84,0
1758297495,17.84,17.84,17.84,17.84,0
1758297500,17.84,17.84,17.84,17.84,0
1758297505,17.84,17.84,17.84,17.84,0
1758297510,17.84,17.84,17.84,17.84,0
1758297515,17.84,17.84,17.84,17.84,0
1758297520,17.84,17.84,17.84,17.84,0
1758297525,17.84,17.84,17.84,17.84,0
1758297530,17.84,17.84,17.84,17.84,0
1758297535,17.84,17.84,17.84,17.84,0
1758297540,17.84,17.84,17.84,17.84,0
1758297545,17.84,17.84,17.84,17.84,0
1758297550,17.84,17.84,17.84,17.84,0
1758297555,17.84,17.84,17.84,17.84,0
1758297560,17.84,17.84,17.84,17.84,0
1758297565,17.84,17.84,17.84,17.84,0
1758297570,17.84,17.84,17.84,17.84,0
1758297575,17.84,17.84,17.84,17.84,0
1758297580,17.84,17.84,17.84,17.84,0
1758297585,17.84,17.84,17.84,17.84,0
1758297590,17.84,17.84,17.84,17.84,0
1758297595,17.84,17.84,17.84,17.84,0
1758297600,17.84,17.84,17.84,17.84,0
1758297605,17.84,17.84,17.84,17.84,0
1758297610,17.84,17.84,17.84,17.84,0
1758297615,17.84,17.84,17.84,17.84,0
1758297620,17.84,17.84,17.84,17.84,0
1758297625,17.84,17.84,17.84,17.84,0
1758297630,17.84,17.84,17.84,17.84,0
1758297635,17.84,17.84,17.84,17.84,0
1758297640,17.84,17.84,17.84,17.84,0
1758297645,17.84,17.84,17.84,17.84,0
1758297650,17.84,17.84,17.84,17.84,0
1758297655,17.84,17.84,17.84,17.84,0
1758297660,17.84,17.84,17.84,17.84,0
1758297665,17.84,17.84,17.84,17.84,0
1758297670,17.84,17.84,17.84,17.84,0
1758297675,17.84,17.84,17.84,17.84,0
1758297680,17.84,17.84,17.84,17.84,0
1758297685,17.84,17.84,17.84,17.84,0
1758297690,17.84,17.84,17.84,17.84,0
1758297695,17.84,17.84,17.84,17.84,0
1758297700,17.84,17.84,17.84,17.84,0
1758297705,17.84,17.84,17.84,17.84,0
1758297710,17.84,17.84,17.84,17.84,0
1758297715,17.84,17.84,17.84,17.84,0
1758297720,17.84,17.84,17.84,17.84,0
1758297725,17.84,17.84,17.84,17.84,0
1758297730,17.84,17.84,17.84,17.84,0
1758297735,17.84,17.84,17.84,17.84,0
1758297740,17.84,17.84,17.84,17.84,0
1758297745,17.84,17.84,17.84,17.84,0
1758297750,17.84,17.84,17.84,17.84,0
1758297755,17.84,17.84,17.84,17.84,0
1758297760,17.84,17.84,17.84,17.84,0
1758297765,17.84,17.84,17.84,17.84,0
1758297770,17.8,17.8,17.8,17.8,2
1758297775,17.8,17.8,17.8,17.8,0
1758297780,17.8,17.8,17.8,17.8,0
1758297785,17.8,17.8,17.8,17.8,0
1758297790,17.8,17.8,17.8,17.8,0
1758297795,17.8,17.8,17.8,17.8,0
1758297800,17.8,17.8,17.8,17.8,0
1758297805,17.8,17.8,17.8,17.8,0
1758297810,17.8,17.8,17.8,17.8,0
1758297815,17.8,17.8,17.8,17.8,0
1758297820,17.8,17.8,17.8,17.8,0
1758297825,17.8,17.8,17.8,17.8,0
1758297830,17.8,17.8,17.8,17.8,0
1758297835,17.8,17.8,17.8,17.8,0
1758297840,17.8,17.8,17.8,17.8,0
1758297845,17.8,17.8,17.8,17.8,0
1758297850,17.8,17.8,17.8,17.8,0
1758297855,17.8,17.8,17.8,17.8,0
1758297860,17.8,17.8,17.8,17.8,0
1758297865,17.8,17.8,17.8,17.8,0
1758297870,17.8,17.8,17.8,17.8,0
1758297875,17.8,17.8,17.8,17.8,0
1758297880,17.8,17.8,17.8,17.8,0
1758297885,17.8,17.8,17.8,17.8,0
1758297890,17.8,17.8,17.8,17.8,0
1758297895,17.8,17.8,17.8,17.8,0
1758297900,17.8,17.8,17.8,17.8,0
1758297905,17.8,17.8,17.8,17.8,0
1758297910,17.8,17.8,17.8,17.8,0
1758297915,17.8,17.8,17.8,17.8,0
1758297920,17.8,17.8,17.8,17.8,0
1758297925,17.8,17.8,17.8,17.8,0
1758297930,17.8,17.8,17.8,17.8,0
1758297935,17.8,17.8,17.8,17.8,0
1758297940,17.8,17.8,17.8,17.8,0
1758297945,17.8,17.8,17.8,17.8,0
1758297950,17.8,17.8,17.8,17.8,0
1758297955,17.8,17.8,17.8,17.8,0
1758297960,17.8,17.8,17.8,17.8,0
1758297965,17.8,17.8,17.8,17.8,0
1758297970,17.8,17.8,17.8,17.8,0
1758297975,17.8,17.8,17.8,17.8,0
1758297980,17.8,17.8,17.8,17.8,0
1758297985,17.8,17.8,17.8,17.8,0
1758297990,17.8,17.8,17.8,17.8,0
1758297995,17.8,17.8,17.8,17.8,0
1758298000,17.8,17.8,17.8,17.8,0
1758298005,17.8,17.8,17.8,17.8,0
1758298010,17.8,17.8,17.8,17.8,0
1758298015,17.8,17.8,17.8,17.8,0
1758298020,17.8,17.8,17.8,17.8,0
1758298025,17.8,17.8,17.8,17.8,0
1758298030,17.8,17.8,17.8,17.8,0
1758298035,17.8,17.8,17.8,17.8,0
1758298040,17.8,17.8,17.8,17.8,0
1758298045,17.8,17.8,17.8,17.8,0
1758298050,17.8,17.8,17.8,17.8,0
1758298055,17.8,17.8,17.8,17.8,0
1758298060,17.8,17.8,17.8,17.8,0
1758298065,17.8,17.8,17.8,17.8,0
1758298070,17.8,17.8,17.8,17.8,0
1758298075,17.8,17.8,17.8,17.8,0
1758298080,17.8,17.8,17.8,17.8,0
1758298085,17.8,17.8,17.8,17.8,0
1758298090,17.8,17.8,17.8,17.8,0
1758298095,17.8,17.8,17.8,17.8,0
1758298100,17.8,17.8,17.8,17.8,0
1758298105,17.8,17.8,17.8,17.8,0
1758298110,17.8,17.8,17.8,17.8,0
1758298115,17.8,17.8,17.8,17.8,0
1758298120,17.8,17.8,17.8,17.8,0
1758298125,17.8,17.8,17.8,17.8,0
1758298130,17.8,17.8,17.8,17.8,0
1758298135,17.8,17.8,17.8,17.8,0
1758298140,17.8,17.8,17.8,17.8,0
1758298145,17.8,17.8,17.8,17.8,0
1758298150,17.8,17.8,17.8,17.8,0
1758298155,17.8,17.8,17.8,17.8,0
1758298160,17.8,17.8,17.8,17.8,0
1758298165,17.8,17.8,17.8,17.8,0
1758298170,17.8,17.8,17.8,17.8,0
1758298175,17.8,17.8,17.8,17.8,0
1758298180,17.8,17.8,17.8,17.8,0
1758298185,17.8,17.8,17.8,17.8,0
1758298190,17.8,17.8,17.8,17.8,0
1758298195,17.8,17.8,17.8,17.8,0
1758298200,17.8,17.8,17.8,17.8,0
1758298205,17.8,17.8,17.8,17.8,0
1758298210,17.8,17.8,17.8,17.8,0
1758298215,17.8,17.8,17.8,17.8,0
1758298220,17.8,17.8,17.8,17.8,0
1758298225,17.8,17.8,17.8,17.8,0
1758298230,17.8,17.8,17.8,17.8,0
1758298235,17.8,17.8,17.8,17.8,0
1758298240,17.8,17.8,17.8,17.8,0
1758298245,17.8,17.8,17.8,17.8,0
1758298250,17.8,17.8,17.8,17.8,0
1758298255,17.8,17.8,17.8,17.8,0
1758298260,17.8,17.8,17.8,17.8,0
1758298265,17.8,17.8,17.8,17.8,0
1758298270,17.8,17.8,17.8,17.8,0
1758298275,17.8,17.8,17.8,17.8,0
1758298280,17.8,17.8,17.8,17.8,0
1758298285,17.8,17.8,17.8,17.8,0
1758298290,17.8,17.8,17.8,17.8,0
1758298295,17.8,17.8,17.8,17.8,0
1758298300,17.8,17.8,17.8,17.8,0
1758298305,17.8,17.8,17.8,17.8,0
1758298310,17.8,17.8,17.8,17.8,0
1758298315,17.8,17.8,17.8,17.8,0
1758298320,17.8,17.8,17.8,17.8,0
1758298325,17.8,17.8,17.8,17.8,0
1758298330,17.8,17.8,17.8,17.8,0
1758298335,17.8,17.8,17.8,17.8,0
1758298340,17.8,17.8,17.8,17.8,0
1758298345,17.8,17.8,17.8,17.8,0
1758298350,17.8,17.8,17.8,17.8,0
1758298355,17.8,17.8,17.8,17.8,0
1758298360,17.8,17.8,17.8,17.8,0
1758298365,17.8,17.8,17.8,17.8,0
1758298370,17.8,17.8,17.8,17.8,0
1758298375,17.8,17.8,17.8,17.8,0
1758298380,17.8,17.8,17.8,17.8,0
1758298385,17.8,17.8,17.8,17.8,0
1758298390,17.8,17.8,17.8,17.8,0
1758298395,17.8,17.8,17.8,17.8,0
1758298400,17.8,17.8,17.8,17.8,0
1758298405,17.8,17.8,17.8,17.8,0
1758298410,17.8,17.8,17.8,17.8,0
1758298415,17.8,17.8,17.8,17.8,0
1758298420,17.8,17.8,17.8,17.8,0
1758298425,17.8,17.8,17.8,17.8,0
1758298430,17.8,17.8,17.8,17.8,0
1758298435,17.8,17.8,17.8,17.8,0
1758298440,17.8,17.8,17.8,17.8,0
1758298445,17.8,17.8,17.8,17.8,0
1758298450,17.8,17.8,17.8,17.8,0
1758298455,17.8,17.8,17.8,17.8,0
1758298460,17.8,17.8,17.8,17.8,0
1758298465,17.8,17.8,17.8,17.8,0
1758298470,17.8,17.8,17.8,17.8,0
1758298475,17.8,17.8,17.8,17.8,0
1758298480,17.8,17.8,17.8,17.8,0
1758298485,17.8,17.8,17.8,17.8,0
1758298490,17.8,17.8,17.8,17.8,0
1758298495,17.8,17.8,17.8,17.8,0
1758298500,17.8,17.8,17.8,17.8,0
1758298505,17.8,17.8,17.8,17.8,0
1758298510,17.8,17.8,17.8,17.8,0
1758298515,17.8,17.8,17.8,17.8,0
1758298520,17.8,17.8,17.8,17.8,0
1758298525,17.8,17.8,17.8,17.8,0
1758298530,17.8,17.8,17.8,17.8,0
1758298535,17.8,17.8,17.8,17.8,0
1758298540,17.8,17.8,17.8,17.8,0
1758298545,17.8,17.8,17.8,17.8,0
1758298550,17.8,17.8,17.8,17.8,0
1758298555,17.8,17.8,17.8,17.8,0
1758298560,17.8,17.8,17.8,17.8,0
1758298565,17.8,17.8,17.8,17.8,0
1758298570,17.8,17.8,17.8,17.8,0
1758298575,17.8,17.8,17.8,17.8,0
1758298580,17.8,17.8,17.8,17.8,0
1758298585,17.8,17.8,17.8,17.8,0
1758298590,17.8,17.8,17.8,17.8,0
1758298595,17.8,17.8,17.8,17.8,0
1758298600,17.8,17.8,17.8,17.8,0
1758298605,17.8,17.8,17.8,17.8,0
1758298610,17.8,17.8,17.8,17.8,0
1758298615,17.8,17.8,17.8,17.8,0
1758298620,17.8,17.8,17.8,17.8,0
1758298625,17.8,17.8,17.8,17.8,0
1758298630,17.8,17.8,17.8,17.8,0
1758298635,17.8,17.8,17.8,17.8,0
1758298640,17.8,17.8,17.8,17.8,0
1758298645,17.8,17.8,17.8,17.8,0
1758298650,17.8,17.8,17.8,17.8,0
1758298655,17.8,17.8,17.8,17.8,0
1758298660,17.8,17.8,17.8,17.8,0
1758298665,17.8,17.8,17.8,17.8,0
1758298670,17.8,17.8,17.8,17.8,0
1758298675,17.8,17.8,17.8,17.8,0
1758298680,17.8,17.8,17.8,17.8,0
1758298685,17.8,17.8,17.8,17.8,0
1758298690,17.8,17.8,17.8,17.8,0
1758298695,17.8,17.8,17.8,17.8,0
1758298700,17.8,17.8,17.8,17.8,0
1758298705,17.8,17.8,17.8,17.8,0
1758298710,17.8,17.8,17.8,17.8,0
1758298715,17.8,17.8,17.8,17.8,0
1758298720,17.8,17.8,17.8,17.8,0
1758298725,17.8,17.8,17.8,17.8,0
1758298730,17.8,17.8,17.8,17.8,0
1758298735,17.8,17.8,17.8,17.8,0
1758298740,17.8,17.8,17.8,17.8,0
1758298745,17.8,17.8,17.8,17.8,0
1758298750,17.8,17.8,17.8,17.8,0
1758298755,17.8,17.8,17.8,17.8,0
1758298760,17.8,17.8,17.8,17.8,0
1758298765,17.8,17.8,17.8,17.8,0
1758298770,17.8,17.8,17.8,17.8,0
1758298775,17.8,17.8,17.8,17.8,0
1758298780,17.8,17.8,17.8,17.8,0
1758298785,17.8,17.8,17.8,17.8,0
1758298790,17.8,17.8,17.8,17.8,0
1758298795,17.8,17.8,17.8,17.8,0
1758298800,17.8,17.8,17.8,17.8,0
1758298805,17.8,17.8,17.8,17.8,0
1758298810,17.8,17.8,17.8,17.8,0
1758298815,17.8,17.8,17.8,17.8,0
1758298820,17.8,17.8,17.8,17.8,0
1758298825,17.8,17.8,17.8,17.8,0
1758298830,17.8,17.8,17.8,17.8,0
1758298835,17.8,17.8,17.8,17.8,0
1758298840,17.8,17.8,17.8,17.8,0
1758298845,17.8,17.8,17.8,17.8,0
1758298850,17.8,17.8,17.8,17.8,0
1758298855,17.8,17.8,17.8,17.8,0
1758298860,17.8,17.8,17.8,17.8,0
1758298865,17.8,17.8,17.8,17.8,0
1758298870,17.8,17.8,17.8,17.8,0
1758298875,17.8,17.8,17.8,17.8,0
1758298880,17.8,17.8,17.8,17.8,0
1758298885,17.8,17.8,17.8,17.8,0
1758298890,17.8,17.8,17.8,17.8,0
1758298895,17.8,17.8,17.8,17.8,0
1758298900,17.8,17.8,17.8,17.8,0
1758298905,17.8,17.8,17.8,17.8,0
1758298910,17.8,17.8,17.8,17.8,0
1758298915,17.8,17.8,17.8,17.8,0
1758298920,17.8,17.8,17.8,17.8,0
1758298925,17.77,17.77,17.77,17.77,1
1758298930,17.77,17.77,17.77,17.77,0
1758298935,17.77,17.77,17.77,17.77,0
1758298940,17.77,17.77,17.77,17.77,0
1758298945,17.77,17.77,17.77,17.77,0
1758298950,17.77,17.77,17.77,17.77,0
1758298955,17.77,17.77,17.77,17.77,0
1758298960,17.77,17.77,17.77,17.77,0
1758298965,17.77,17.77,17.77,17.77,0
1758298970,17.77,17.77,17.77,17.77,0
1758298975,17.77,17.77,17.77,17.77,0
1758298980,17.77,17.77,17.77,17.77,0
1758298985,17.77,17.77,17.77,17.77,0
1758298990,17.77,17.77,17.77,17.77,0
1758298995,17.77,17.77,17.77,17.77,0
1758299000,17.77,17.77,17.77,17.77,0
1758299005,17.77,17.77,17.77,17.77,0
1758299010,17.77,17.77,17.77,17.77,0
1758299015,17.77,17.77,17.77,17.77,0
1758299020,17.77,17.77,17.77,17.77,0
1758299025,17.74,17.74,17.74,17.74,6
1758299030,17.72,17.72,17.72,17.72,3
1758299035,17.72,17.72,17.72,17.72,0
1758299040,17.72,17.72,17.72,17.72,0
1758299045,17.72,17.72,17.72,17.72,0
1758299050,17.72,17.72,17.72,17.72,0
1758299055,17.72,17.72,17.72,17.72,0
1758299060,17.72,17.72,17.72,17.72,0
1758299065,17.72,17.72,17.72,17.72,0
1758299070,17.72,17.72,17.72,17.72,0
1758299075,17.72,17.72,17.72,17.72,0
1758299080,17.72,17.72,17.72,17.72,0
1758299085,17.72,17.72,17.72,17.72,0
1758299090,17.74,17.75,17.74,17.75,20
1758299095,17.75,17.75,17.75,17.75,0
1758299100,17.75,17.75,17.75,17.75,0
1758299105,17.75,17.75,17.75,17.75,0
1758299110,17.75,17.75,17.75,17.75,0
1758299115,17.75,17.75,17.75,17.75,0
1758299120,17.75,17.75,17.75,17.75,0
1758299125,17.75,17.75,17.75,17.75,0
1758299130,17.75,17.75,17.75,17.75,0
1758299135,17.75,17.75,17.75,17.75,0
1758299140,17.75,17.75,17.75,17.75,0
1758299145,17.75,17.75,17.75,17.75,0
1758299150,17.75,17.75,17.75,17.75,0
1758299155,17.75,17.75,17.75,17.75,0
1758299160,17.75,17.75,17.74,17.74,5
1758299165,17.74,17.74,17.74,17.74,0
1758299170,17.74,17.74,17.74,17.74,0
1758299175,17.74,17.74,17.74,17.74,0
1758299180,17.74,17.74,17.74,17.74,0
1758299185,17.74,17.74,17.74,17.74,0
1758299190,17.74,17.74,17.74,17.74,0
1758299195,17.74,17.74,17.74,17.74,0
1758299200,17.74,17.74,17.74,17.74,0
1758299205,17.74,17.74,17.74,17.74,0
1758299210,17.72,17.72,17.72,17.72,4
1758299215,17.72,17.72,17.72,17.72,0
1758299220,17.72,17.72,17.72,17.72,0
1758299225,17.72,17.72,17.72,17.72,0
1758299230,17.72,17.72,17.72,17.72,0
1758299235,17.72,17.72,17.72,17.72,0
1758299240,17.72,17.72,17.72,17.72,0
1758299245,17.72,17.72,17.72,17.72,0
1758299250,17.72,17.72,17.72,17.72,0
1758299255,17.72,17.72,17.72,17.72,0
1758299260,17.72,17.72,17.72,17.72,0
1758299265,17.72,17.72,17.72,17.72,0
1758299270,17.72,17.72,17.72,17.72,0
1758299275,17.72,17.72,17.72,17.72,0
1758299280,17.72,17.72,17.72,17.72,0
1758299285,17.72,17.72,17.72,17.72,0
1758299290,17.72,17.72,17.72,17.72,0
1758299295,17.72,17.72,17.72,17.72,0
1758299300,17.72,17.72,17.72,17.72,0
1758299305,17.72,17.72,17.72,17.72,0
1758299310,17.72,17.72,17.72,17.72,0
1758299315,17.72,17.72,17.72,17.72,0
1758299320,17.72,17.72,17.72,17.72,0
1758299325,17.72,17.72,17.72,17.72,0
1758299330,17.72,17.72,17.72,17.72,0
1758299335,17.72,17.72,17.72,17.72,0
1758299340,17.72,17.72,17.72,17.72,0
1758299345,17.72,17.72,17.72,17.72,0
1758299350,17.72,17.72,17.72,17.72,0
1758299355,17.72,17.72,17.72,17.72,0
1758299360,17.72,17.72,17.72,17.72,0
1758299365,17.72,17.72,17.72,17.72,0
1758299370,17.72,17.72,17.72,17.72,0
1758299375,17.72,17.72,17.72,17.72,0
1758299380,17.72,17.72,17.72,17.72,0
1758299385,17.72,17.72,17.72,17.72,0
1758299390,17.72,17.72,17.72,17.72,0
1758299395,17.72,17.72,17.72,17.72,0
1758299400,17.72,17.72,17.72,17.72,0
1758299405,17.72,17.72,17.72,17.72,0
1758299410,17.72,17.72,17.72,17.72,0
1758299415,17.72,17.72,17.72,17.72,0
1758299420,17.72,17.72,17.72,17.72,0
1758299425,17.72,17.72,17.72,17.72,0
1758299430,17.72,17.72,17.72,17.72,0
1758299435,17.72,17.72,17.72,17.72,0
1758299440,17.72,17.72,17.72,17.72,0
1758299445,17.72,17.72,17.72,17.72,0
1758299450,17.72,17.72,17.72,17.72,0
1758299455,17.72,17.72,17.72,17.72,0
1758299460,17.72,17.72,17.72,17.72,0
1758299465,17.72,17.72,17.72,17.72,0
1758299470,17.72,17.72,17.72,17.72,0
1758299475,17.72,17.72,17.72,17.72,0
1758299480,17.72,17.72,17.72,17.72,0
1758299485,17.72,17.72,17.72,17.72,0
1758299490,17.72,17.72,17.72,17.72,0
1758299495,17.72,17.72,17.72,17.72,0
1758299500,17.72,17.72,17.72,17.72,0
1758299505,17.72,17.72,17.72,17.72,0
1758299510,17.72,17.72,17.72,17.72,0
1758299515,17.72,17.72,17.72,17.72,0
1758299520,17.72,17.72,17.72,17.72,0
1758299525,17.72,17.72,17.72,17.72,0
1758299530,17.72,17.72,17.72,17.72,1
1758299535,17.72,17.72,17.72,17.72,0
1758299540,17.72,17.72,17.72,17.72,0
1758299545,17.72,17.72,17.72,17.72,0
1758299550,17.72,17.72,17.72,17.72,0
1758299555,17.73,17.76,17.73,17.76,60
1758299560,17.76,17.76,17.76,17.76,0
1758299565,17.76,17.76,17.76,17.76,0
1758299570,17.76,17.76,17.76,17.76,0
1758299575,17.76,17.76,17.76,17.76,0
1758299580,17.76,17.76,17.76,17.76,0
1758299585,17.76,17.76,17.76,17.76,0
1758299590,17.76,17.76,17.76,17.76,0
1758299595,17.76,17.76,17.76,17.76,0
1758299600,17.76,17.76,17.76,17.76,0
1758299605,17.76,17.76,17.76,17.76,0
1758299610,17.76,17.76,17.76,17.76,0
1758299615,17.76,17.76,17.76,17.76,0
1758299620,17.76,17.76,17.76,17.76,0
1758299625,17.76,17.76,17.76,17.76,0
1758299630,17.76,17.76,17.76,17.76,0
1758299635,17.76,17.76,17.76,17.76,0
1758299640,17.76,17.76,17.76,17.76,0
1758299645,17.76,17.76,17.76,17.76,0
1758299650,17.76,17.76,17.76,17.76,0
1758299655,17.76,17.76,17.76,17.76,0
1758299660,17.76,17.76,17.76,17.76,0
1758299665,17.78,17.78,17.78,17.78,1
1758299670,17.78,17.78,17.78,17.78,0
1758299675,17.78,17.78,17.78,17.78,0
1758299680,17.78,17.78,17.78,17.78,0
1758299685,17.75,17.75,17.75,17.75,4
1758299690,17.75,17.75,17.75,17.75,0
1758299695,17.75,17.75,17.75,17.75,0
1758299700,17.75,17.75,17.75,17.75,0
1758299705,17.75,17.75,17.75,17.75,0
1758299710,17.74,17.74,17.74,17.74,3
1758299715,17.73,17.75,17.73,17.75,10
1758299720,17.75,17.75,17.75,17.75,0
1758299725,17.75,17.75,17.75,17.75,0
1758299730,17.75,17.75,17.75,17.75,0
1758299735,17.75,17.75,17.75,17.75,0
1758299740,17.75,17.75,17.75,17.75,0
1758299745,17.75,17.75,17.75,17.75,0
1758299750,17.75,17.75,17.75,17.75,0
1758299755,17.75,17.75,17.75,17.75,0
1758299760,17.75,17.75,17.75,17.75,0
1758299765,17.75,17.75,17.75,17.75,0
1758299770,17.75,17.75,17.75,17.75,0
1758299775,17.75,17.75,17.75,17.75,0
1758299780,17.74,17.74,17.74,17.74,10
1758299785,17.74,17.74,17.74,17.74,0
1758299790,17.74,17.74,17.74,17.74,0
1758299795,17.74,17.74,17.74,17.74,0
1758299800,17.74,17.74,17.74,17.74,0
1758299805,17.74,17.74,17.74,17.74,0
1758299810,17.73,17.73,17.73,17.73,2
1758299815,17.73,17.73,17.73,17.73,0
1758299820,17.73,17.73,17.73,17.73,0
1758299825,17.73,17.73,17.73,17.73,0
1758299830,17.73,17.73,17.73,17.73,0
1758299835,17.73,17.73,17.73,17.73,0
1758299840,17.73,17.73,17.73,17.73,0
1758299845,17.73,17.73,17.73,17.73,0
1758299850,17.73,17.73,17.73,17.73,0
1758299855,17.73,17.73,17.73,17.73,0
1758299860,17.73,17.73,17.73,17.73,0
1758299865,17.73,17.73,17.73,17.73,0
1758299870,17.73,17.73,17.73,17.73,0
1758299875,17.73,17.73,17.73,17.73,0
1758299880,17.73,17.73,17.73,17.73,0
1758299885,17.73,17.73,17.73,17.73,0
1758299890,17.73,17.73,17.73,17.73,0
1758299895,17.73,17.73,17.73,17.73,0
1758299900,17.73,17.73,17.73,17.73,0
1758299905,17.73,17.73,17.73,17.73,0
1758299910,17.73,17.73,17.73,17.73,0
1758299915,17.73,17.73,17.73,17.73,0
1758299920,17.73,17.73,17.73,17.73,0
1758299925,17.73,17.73,17.73,17.73,0
1758299930,17.73,17.73,17.73,17.73,0
1758299935,17.73,17.73,17.73,17.73,0
1758299940,17.73,17.73,17.73,17.73,0
1758299945,17.73,17.73,17.73,17.73,0
1758299950,17.73,17.73,17.73,17.73,0
1758299955,17.73,17.73,17.73,17.73,0
1758299960,17.73,17.73,17.73,17.73,0
1758299965,17.73,17.73,17.73,17.73,0
1758299970,17.73,17.73,17.73,17.73,0
1758299975,17.73,17.73,17.73,17.73,0
1758299980,17.73,17.73,17.73,17.73,0
1758299985,17.73,17.73,17.73,17.73,0
1758299990,17.73,17.73,17.73,17.73,0
1758299995,17.73,17.73,17.73,17.73,0
1758300000,17.73,17.73,17.73,17.73,0
1758300005,17.73,17.73,17.73,17.73,0
1758300010,17.73,17.73,17.73,17.73,0
1758300015,17.75,17.75,17.75,17.75,6
1758300020,17.75,17.75,17.75,17.75,0
1758300025,17.75,17.75,17.75,17.75,0
1758300030,17.75,17.75,17.75,17.75,0
1758300035,17.75,17.75,17.75,17.75,0
1758300040,17.75,17.75,17.75,17.75,0
1758300045,17.75,17.75,17.75,17.75,0
1758300050,17.75,17.75,17.75,17.75,0
1758300055,17.75,17.75,17.75,17.75,0
1758300060,17.75,17.75,17.75,17.75,0
1758300065,17.75,17.75,17.75,17.75,0
1758300070,17.75,17.75,17.75,17.75,0
1758300075,17.75,17.75,17.75,17.75,0
1758300080,17.75,17.75,17.75,17.75,0
1758300085,17.75,17.75,17.75,17.75,0
1758300090,17.75,17.75,17.75,17.75,0
1758300095,17.75,17.75,17.75,17.75,0
1758300100,17.75,17.75,17.75,17.75,0
1758300105,17.75,17.75,17.75,17.75,0
1758300110,17.75,17.75,17.75,17.75,0
1758300115,17.75,17.75,17.75,17.75,0
1758300120,17.75,17.75,17.75,17.75,0
1758300125,17.75,17.75,17.75,17.75,0
1758300130,17.75,17.75,17.75,17.75,0
1758300135,17.75,17.75,17.75,17.75,0
1758300140,17.75,17.75,17.75,17.75,0
1758300145,17.75,17.75,17.75,17.75,0
1758300150,17.75,17.75,17.75,17.75,0
1758300155,17.75,17.75,17.75,17.75,0
1758300160,17.75,17.75,17.75,17.75,0
1758300165,17.75,17.75,17.75,17.75,0
1758300170,17.75,17.75,17.75,17.75,0
1758300175,17.75,17.75,17.75,17.75,0
1758300180,17.75,17.75,17.75,17.75,0
1758300185,17.75,17.75,17.75,17.75,0
1758300190,17.75,17.75,17.75,17.75,0
1758300195,17.75,17.75,17.75,17.75,0
1758300200,17.75,17.75,17.75,17.75,0
1758300205,17.75,17.75,17.75,17.75,0
1758300210,17.75,17.75,17.75,17.75,0
1758300215,17.75,17.75,17.75,17.75,0
1758300220,17.75,17.75,17.75,17.75,0
1758300225,17.75,17.75,17.75,17.75,0
1758300230,17.75,17.75,17.75,17.75,0
1758300235,17.75,17.75,17.75,17.75,0
1758300240,17.75,17.75,17.75,17.75,0
1758300245,17.75,17.75,17.75,17.75,0
1758300250,17.75,17.75,17.75,17.75,0
1758300255,17.75,17.75,17.75,17.75,0
1758300260,17.75,17.75,17.75,17.75,0
1758300265,17.75,17.75,17.75,17.75,0
1758300270,17.75,17.75,17.75,17.75,0
1758300275,17.75,17.75,17.75,17.75,0
1758300280,17.75,17.75,17.75,17.75,0
1758300285,17.75,17.75,17.75,17.75,0
1758300290,17.75,17.75,17.75,17.75,0
1758300295,17.75,17.75,17.75,17.75,0
1758300300,17.75,17.75,17.75,17.75,0
1758300305,17.75,17.75,17.75,17.75,0
1758300310,17.75,17.75,17.75,17.75,0
1758300315,17.75,17.75,17.75,17.75,0
1758300320,17.75,17.75,17.75,17.75,0
1758300325,17.75,17.75,17.75,17.75,0
1758300330,17.75,17.75,17.75,17.75,0
1758300335,17.75,17.75,17.75,17.75,0
1758300340,17.75,17.75,17.75,17.75,0
1758300345,17.75,17.75,17.75,17.75,0
1758300350,17.75,17.75,17.75,17.75,0
1758300355,17.75,17.75,17.75,17.75,0
1758300360,17.75,17.75,17.75,17.75,0
1758300365,17.75,17.75,17.75,17.75,0
1758300370,17.75,17.75,17.75,17.75,0
1758300375,17.75,17.75,17.75,17.75,0
1758300380,17.75,17.75,17.75,17.75,0
1758300385,17.75,17.75,17.75,17.75,0
1758300390,17.75,17.75,17.75,17.75,0
1758300395,17.75,17.75,17.75,17.75,0
1758300400,17.75,17.75,17.75,17.75,0
1758300405,17.75,17.75,17.75,17.75,0
1758300410,17.75,17.75,17.75,17.75,0
1758300415,17.75,17.75,17.75,17.75,0
1758300420,17.75,17.75,17.75,17.75,0
1758300425,17.75,17.75,17.75,17.75,0
1758300430,17.75,17.75,17.75,17.75,0
1758300435,17.75,17.75,17.75,17.75,0
1758300440,17.75,17.75,17.75,17.75,0
1758300445,17.75,17.75,17.75,17.75,0
1758300450,17.75,17.75,17.75,17.75,0
1758300455,17.75,17.75,17.75,17.75,0
1758300460,17.75,17.75,17.75,17.75,0
1758300465,17.75,17.75,17.75,17.75,0
1758300470,17.75,17.75,17.75,17.75,0
1758300475,17.75,17.75,17.75,17.75,0
1758300480,17.75,17.75,17.75,17.75,0
1758300485,17.75,17.75,17.75,17.75,0
1758300490,17.75,17.75,17.75,17.75,0
1758300495,17.75,17.75,17.75,17.75,0
1758300500,17.75,17.75,17.75,17.75,0
1758300505,17.75,17.75,17.75,17.75,0
1758300510,17.75,17.75,17.75,17.75,0
1758300515,17.75,17.75,17.75,17.75,0
1758300520,17.75,17.75,17.75,17.75,0
1758300525,17.75,17.75,17.75,17.75,0
1758300530,17.75,17.75,17.75,17.75,0
1758300535,17.75,17.75,17.75,17.75,0
1758300540,17.75,17.75,17.75,17.75,0
1758300545,17.75,17.75,17.75,17.75,0
1758300550,17.75,17.75,17.75,17.75,0
1758300555,17.75,17.75,17.75,17.75,0
1758300560,17.75,17.75,17.75,17.75,0
1758300565,17.75,17.75,17.75,17.75,0
1758300570,17.75,17.75,17.75,17.75,0
1758300575,17.75,17.75,17.75,17.75,0
1758300580,17.75,17.75,17.75,17.75,0
1758300585,17.75,17.75,17.75,17.75,0
1758300590,17.75,17.75,17.75,17.75,0
1758300595,17.75,17.75,17.75,17.75,0
1758300600,17.75,17.75,17.75,17.75,0
1758300605,17.75,17.75,17.75,17.75,0
1758300610,17.75,17.75,17.75,17.75,0
1758300615,17.75,17.75,17.75,17.75,0
1758300620,17.75,17.75,17.75,17.75,0
1758300625,17.75,17.75,17.75,17.75,0
1758300630,17.75,17.75,17.75,17.75,0
1758300635,17.75,17.75,17.75,17.75,0
1758300640,17.75,17.75,17.75,17.75,0
1758300645,17.75,17.75,17.75,17.75,0
1758300650,17.75,17.75,17.75,17.75,0
1758300655,17.75,17.75,17.75,17.75,0
1758300660,17.74,17.74,17.73,17.73,6
1758300665,17.73,17.73,17.73,17.73,0
1758300670,17.73,17.73,17.73,17.73,0
1758300675,17.73,17.73,17.73,17.73,0
1758300680,17.73,17.73,17.73,17.73,0
1758300685,17.73,17.73,17.73,17.73,0
1758300690,17.73,17.73,17.73,17.73,0
1758300695,17.73,17.73,17.73,17.73,0
1758300700,17.73,17.73,17.73,17.73,0
1758300705,17.73,17.73,17.73,17.73,0
1758300710,17.73,17.73,17.73,17.73,0
1758300715,17.73,17.73,17.73,17.73,0
1758300720,17.73,17.73,17.73,17.73,0
1758300725,17.73,17.73,17.73,17.73,0
1758300730,17.73,17.73,17.73,17.73,0
1758300735,17.73,17.73,17.73,17.73,0
1758300740,17.73,17.73,17.73,17.73,0
1758300745,17.73,17.73,17.73,17.73,0
1758300750,17.73,17.73,17.73,17.73,0
1758300755,17.73,17.73,17.73,17.73,0
1758300760,17.73,17.73,17.73,17.73,0
1758300765,17.73,17.73,17.73,17.73,0
1758300770,17.73,17.73,17.73,17.73,0
1758300775,17.73,17.73,17.73,17.73,0
1758300780,17.73,17.73,17.73,17.73,0
1758300785,17.73,17.73,17.73,17.73,0
1758300790,17.73,17.73,17.73,17.73,0
1758300795,17.73,17.73,17.73,17.73,0
1758300800,17.73,17.73,17.73,17.73,0
1758300805,17.73,17.73,17.73,17.73,0
1758300810,17.73,17.73,17.73,17.73,0
1758300815,17.73,17.73,17.73,17.73,0
1758300820,17.73,17.73,17.73,17.73,0
1758300825,17.73,17.73,17.73,17.73,0
1758300830,17.73,17.73,17.73,17.73,0
1758300835,17.73,17.73,17.73,17.73,0
1758300840,17.73,17.73,17.73,17.73,0
1758300845,17.73,17.73,17.73,17.73,0
1758300850,17.73,17.73,17.73,17.73,0
1758300855,17.73,17.73,17.73,17.73,0
1758300860,17.73,17.73,17.73,17.73,0
1758300865,17.73,17.73,17.73,17.73,0
1758300870,17.73,17.73,17.73,17.73,0
1758300875,17.73,17.73,17.73,17.73,0
1758300880,17.73,17.73,17.73,17.73,0
1758300885,17.73,17.73,17.73,17.73,0
1758300890,17.73,17.73,17.73,17.73,0
1758300895,17.73,17.73,17.73,17.73,0
1758300900,17.73,17.73,17.73,17.73,0
1758300905,17.73,17.73,17.73,17.73,0
1758300910,17.73,17.73,17.73,17.73,0
1758300915,17.73,17.73,17.73,17.73,0
1758300920,17.73,17.73,17.73,17.73,0
1758300925,17.73,17.73,17.73,17.73,0
1758300930,17.73,17.73,17.73,17.73,0
1758300935,17.73,17.73,17.73,17.73,0
1758300940,17.73,17.73,17.73,17.73,0
1758300945,17.73,17.73,17.73,17.73,0
1758300950,17.73,17.73,17.73,17.73,0
1758300955,17.73,17.73,17.73,17.73,0
1758300960,17.73,17.73,17.73,17.73,0
1758300965,17.73,17.73,17.73,17.73,0
1758300970,17.73,17.73,17.73,17.73,0
1758300975,17.73,17.73,17.73,17.73,0
1758300980,17.73,17.73,17.73,17.73,0
1758300985,17.73,17.73,17.73,17.73,0
1758300990,17.73,17.73,17.73,17.73,0
1758300995,17.73,17.73,17.73,17.73,0
1758301000,17.73,17.73,17.73,17.73,0
1758301005,17.73,17.73,17.73,17.73,0
1758301010,17.73,17.73,17.73,17.73,0
1758301015,17.73,17.73,17.73,17.73,0
1758301020,17.73,17.73,17.73,17.73,0
1758301025,17.73,17.73,17.73,17.73,0
1758301030,17.73,17.73,17.73,17.73,0
1758301035,17.73,17.73,17.73,17.73,0
1758301040,17.73,17.73,17.73,17.73,0
1758301045,17.73,17.73,17.73,17.73,0
1758301050,17.73,17.73,17.73,17.73,0
1758301055,17.73,17.73,17.73,17.73,0
1758301060,17.73,17.73,17.73,17.73,0
1758301065,17.73,17.73,17.73,17.73,0
1758301070,17.73,17.73,17.73,17.73,0
1758301075,17.73,17.73,17.73,17.73,0
1758301080,17.73,17.73,17.73,17.73,0
1758301085,17.73,17.73,17.73,17.73,0
1758301090,17.73,17.73,17.73,17.73,0
1758301095,17.73,17.73,17.73,17.73,0
1758301100,17.73,17.73,17.73,17.73,0
1758301105,17.73,17.73,17.73,17.73,0
1758301110,17.73,17.73,17.73,17.73,0
1758301115,17.73,17.73,17.73,17.73,0
1758301120,17.73,17.73,17.73,17.73,0
1758301125,17.73,17.73,17.73,17.73,0
1758301130,17.73,17.73,17.73,17.73,0
1758301135,17.73,17.73,17.73,17.73,0
1758301140,17.73,17.73,17.73,17.73,0
1758301145,17.73,17.73,17.73,17.73,0
1758301150,17.73,17.73,17.73,17.73,0
1758301155,17.73,17.73,17.73,17.73,0
1758301160,17.73,17.73,17.73,17.73,0
1758301165,17.73,17.73,17.73,17.73,0
1758301170,17.73,17.73,17.73,17.73,0
1758301175,17.73,17.73,17.73,17.73,0
1758301180,17.73,17.73,17.73,17.73,0
1758301185,17.73,17.73,17.73,17.73,0
1758301190,17.73,17.73,17.73,17.73,0
1758301195,17.73,17.73,17.73,17.73,0
1758301200,17.73,17.73,17.73,17.73,0
1758301205,17.73,17.73,17.73,17.73,0
1758301210,17.73,17.73,17.73,17.73,0
1758301215,17.73,17.73,17.73,17.73,0
1758301220,17.73,17.73,17.73,17.73,0
1758301225,17.73,17.73,17.73,17.73,0
1758301230,17.73,17.73,17.73,17.73,0
1758301235,17.73,17.73,17.73,17.73,0
1758301240,17.73,17.73,17.73,17.73,0
1758301245,17.73,17.73,17.73,17.73,0
1758301250,17.73,17.73,17.73,17.73,0
1758301255,17.73,17.73,17.73,17.73,0
1758301260,17.73,17.73,17.73,17.73,0
1758301265,17.73,17.73,17.73,17.73,0
1758301270,17.73,17.73,17.73,17.73,0
1758301275,17.73,17.73,17.73,17.73,0
1758301280,17.72,17.72,17.72,17.72,1
1758301285,17.72,17.72,17.72,17.72,0
1758301290,17.72,17.72,17.72,17.72,0
1758301295,17.72,17.72,17.72,17.72,0
1758301300,17.72,17.72,17.72,17.72,0
1758301305,17.72,17.72,17.72,17.72,0
1758301310,17.72,17.72,17.72,17.72,0
1758301315,17.72,17.72,17.72,17.72,0
1758301320,17.72,17.72,17.72,17.72,0
1758301325,17.72,17.72,17.72,17.72,0
1758301330,17.72,17.72,17.72,17.72,0
1758301335,17.72,17.72,17.72,17.72,0
1758301340,17.72,17.72,17.72,17.72,0
1758301345,17.72,17.72,17.72,17.72,0
1758301350,17.72,17.72,17.72,17.72,0
1758301355,17.72,17.72,17.72,17.72,0
1758301360,17.72,17.72,17.72,17.72,0
1758301365,17.72,17.72,17.72,17.72,0
1758301370,17.72,17.72,17.72,17.72,0
1758301375,17.72,17.72,17.72,17.72,0
1758301380,17.72,17.72,17.72,17.72,0
1758301385,17.72,17.72,17.72,17.72,0
1758301390,17.72,17.72,17.72,17.72,0
1758301395,17.72,17.72,17.72,17.72,0
1758301400,17.72,17.72,17.72,17.72,0
1758301405,17.72,17.72,17.72,17.72,0
1758301410,17.72,17.72,17.72,17.72,0
1758301415,17.72,17.72,17.72,17.72,0
1758301420,17.72,17.72,17.72,17.72,0
1758301425,17.72,17.72,17.72,17.72,0
1758301430,17.72,17.72,17.72,17.72,0
1758301435,17.72,17.72,17.72,17.72,0
1758301440,17.72,17.72,17.72,17.72,0
1758301445,17.72,17.72,17.72,17.72,0
1758301450,17.72,17.72,17.72,17.72,0
1758301455,17.72,17.72,17.72,17.72,0
1758301460,17.72,17.72,17.72,17.72,0
1758301465,17.72,17.72,17.72,17.72,0
1758301470,17.72,17.72,17.72,17.72,0
1758301475,17.72,17.72,17.72,17.72,0
1758301480,17.72,17.72,17.72,17.72,0
1758301485,17.72,17.72,17.72,17.72,0
1758301490,17.72,17.72,17.72,17.72,0
1758301495,17.72,17.72,17.72,17.72,0
1758301500,17.74,17.75,17.74,17.75,5
1758301505,17.75,17.75,17.75,17.75,0
1758301510,17.75,17.75,17.75,17.75,0
1758301515,17.75,17.75,17.75,17.75,0
1758301520,17.75,17.75,17.75,17.75,0
1758301525,17.75,17.75,17.75,17.75,0
1758301530,17.75,17.75,17.75,17.75,0
1758301535,17.75,17.75,17.75,17.75,3
1758301540,17.75,17.75,17.75,17.75,0
1758301545,17.75,17.75,17.75,17.75,4
1758301550,17.75,17.75,17.75,17.75,0
1758301555,17.75,17.75,17.75,17.75,0
1758301560,17.75,17.75,17.75,17.75,0
1758301565,17.75,17.75,17.75,17.75,0
1758301570,17.75,17.75,17.75,17.75,0
1758301575,17.75,17.75,17.75,17.75,0
1758301580,17.75,17.75,17.75,17.75,0
1758301585,17.75,17.75,17.75,17.75,0
1758301590,17.75,17.75,17.75,17.75,0
1758301595,17.75,17.75,17.75,17.75,0
1758301600,17.75,17.75,17.75,17.75,0
1758301605,17.75,17.75,17.75,17.75,0
1758301610,17.75,17.75,17.75,17.75,0
1758301615,17.75,17.75,17.75,17.75,0
1758301620,17.75,17.75,17.75,17.75,0
1758301625,17.75,17.75,17.75,17.75,0
1758301630,17.75,17.75,17.75,17.75,0
1758301635,17.75,17.75,17.75,17.75,0
1758301640,17.75,17.75,17.75,17.75,0
1758301645,17.75,17.75,17.75,17.75,0
1758301650,17.75,17.75,17.75,17.75,0
1758301655,17.75,17.75,17.75,17.75,0
1758301660,17.75,17.75,17.75,17.75,0
1758301665,17.75,17.75,17.75,17.75,0
1758301670,17.75,17.75,17.75,17.75,0
1758301675,17.75,17.75,17.75,17.75,0
1758301680,17.75,17.75,17.75,17.75,0
1758301685,17.75,17.75,17.75,17.75,0
1758301690,17.75,17.75,17.75,17.75,0
1758301695,17.75,17.75,17.75,17.75,0
1758301700,17.75,17.75,17.75,17.75,0
1758301705,17.75,17.75,17.75,17.75,0
1758301710,17.75,17.75,17.75,17.75,0
1758301715,17.75,17.75,17.75,17.75,0
1758301720,17.75,17.75,17.75,17.75,0
1758301725,17.75,17.75,17.75,17.75,0
1758301730,17.75,17.75,17.75,17.75,0
1758301735,17.75,17.75,17.75,17.75,0
1758301740,17.75,17.75,17.75,17.75,0
1758301745,17.75,17.75,17.75,17.75,0
1758301750,17.75,17.75,17.75,17.75,0
1758301755,17.75,17.75,17.75,17.75,0
1758301760,17.75,17.75,17.75,17.75,0
1758301765,17.75,17.75,17.75,17.75,0
1758301770,17.75,17.75,17.75,17.75,0
1758301775,17.76,17.76,17.76,17.76,2
1758301780,17.76,17.76,17.76,17.76,0
1758301785,17.76,17.76,17.76,17.76,0
1758301790,17.76,17.76,17.76,17.76,0
1758301795,17.76,17.76,17.76,17.76,0
1758301800,17.76,17.76,17.76,17.76,0
1758301805,17.76,17.76,17.76,17.76,0
1758301810,17.76,17.76,17.76,17.76,0
1758301815,17.76,17.76,17.76,17.76,0
1758301820,17.76,17.76,17.76,17.76,0
1758301825,17.76,17.76,17.76,17.76,0
1758301830,17.76,17.76,17.76,17.76,0
1758301835,17.76,17.76,17.76,17.76,0
1758301840,17.76,17.76,17.76,17.76,0
1758301845,17.76,17.76,17.76,17.76,0
1758301850,17.76,17.76,17.76,17.76,0
1758301855,17.76,17.76,17.76,17.76,0
1758301860,17.76,17.76,17.76,17.76,0
1758301865,17.76,17.76,17.76,17.76,0
1758301870,17.76,17.76,17.76,17.76,1
1758301875,17.76,17.76,17.76,17.76,0
1758301880,17.76,17.76,17.76,17.76,0
1758301885,17.76,17.76,17.76,17.76,0
1758301890,17.76,17.76,17.76,17.76,0
1758301895,17.76,17.76,17.76,17.76,0
1758301900,17.76,17.76,17.76,17.76,0
1758301905,17.76,17.76,17.76,17.76,0
1758301910,17.76,17.76,17.76,17.76,0
1758301915,17.76,17.76,17.76,17.76,0
1758301920,17.76,17.76,17.76,17.76,0
1758301925,17.76,17.76,17.76,17.76,0
1758301930,17.76,17.76,17.76,17.76,0
1758301935,17.76,17.76,17.76,17.76,0
1758301940,17.76,17.76,17.76,17.76,0
1758301945,17.76,17.76,17.76,17.76,0
1758301950,17.76,17.76,17.76,17.76,0
1758301955,17.76,17.76,17.76,17.76,0
1758301960,17.76,17.76,17.76,17.76,0
1758301965,17.76,17.76,17.76,17.76,0
1758301970,17.76,17.76,17.76,17.76,0
1758301975,17.76,17.76,17.76,17.76,0
1758301980,17.76,17.76,17.76,17.76,0
1758301985,17.76,17.76,17.76,17.76,0
1758301990,17.76,17.76,17.76,17.76,0
1758301995,17.76,17.76,17.76,17.76,0
1758302000,17.76,17.76,17.76,17.76,0
1758302005,17.76,17.76,17.76,17.76,0
1758302010,17.76,17.76,17.76,17.76,0
1758302015,17.76,17.76,17.76,17.76,0
1758302020,17.76,17.76,17.76,17.76,0
1758302025,17.76,17.76,17.76,17.76,0
1758302030,17.76,17.76,17.76,17.76,0
1758302035,17.76,17.76,17.76,17.76,0
1758302040,17.76,17.76,17.76,17.76,0
1758302045,17.76,17.76,17.76,17.76,0
1758302050,17.76,17.76,17.76,17.76,0
1758302055,17.76,17.76,17.76,17.76,0
1758302060,17.76,17.76,17.76,17.76,0
1758302065,17.76,17.76,17.76,17.76,0
1758302070,17.76,17.76,17.76,17.76,0
1758302075,17.76,17.76,17.76,17.76,0
1758302080,17.76,17.76,17.76,17.76,0
1758302085,17.76,17.76,17.76,17.76,0
1758302090,17.73,17.73,17.73,17.73,3
1758302095,17.73,17.73,17.73,17.73,0
1758302100,17.73,17.73,17.73,17.73,1
1758302105,17.73,17.73,17.73,17.73,0
1758302110,17.73,17.73,17.73,17.73,0
1758302115,17.73,17.73,17.73,17.73,0
1758302120,17.73,17.73,17.73,17.73,0
1758302125,17.73,17.73,17.73,17.73,0
1758302130,17.73,17.73,17.73,17.73,0
1758302135,17.73,17.73,17.73,17.73,0
1758302140,17.73,17.73,17.73,17.73,0
1758302145,17.73,17.73,17.73,17.73,0
1758302150,17.73,17.73,17.73,17.73,0
1758302155,17.73,17.73,17.73,17.73,0
1758302160,17.73,17.73,17.73,17.73,1
1758302165,17.73,17.73,17.73,17.73,0
1758302170,17.73,17.73,17.73,17.73,0
1758302175,17.73,17.73,17.73,17.73,0
1758302180,17.73,17.73,17.73,17.73,0
1758302185,17.73,17.73,17.73,17.73,0
1758302190,17.73,17.73,17.73,17.73,0
1758302195,17.72,17.72,17.72,17.72,4
1758302200,17.72,17.72,17.72,17.72,0
1758302205,17.72,17.72,17.72,17.72,0
1758302210,17.72,17.72,17.72,17.72,0
1758302215,17.72,17.72,17.72,17.72,0
1758302220,17.72,17.72,17.72,17.72,0
1758302225,17.72,17.72,17.72,17.72,0
1758302230,17.72,17.72,17.72,17.72,0
1758302235,17.72,17.72,17.72,17.72,0
1758302240,17.72,17.72,17.72,17.72,0
1758302245,17.72,17.72,17.72,17.72,0
1758302250,17.72,17.72,17.72,17.72,0
1758302255,17.72,17.72,17.72,17.72,0
1758302260,17.72,17.72,17.72,17.72,0
1758302265,17.72,17.72,17.72,17.72,0
1758302270,17.72,17.72,17.72,17.72,0
1758302275,17.72,17.72,17.72,17.72,0
1758302280,17.72,17.72,17.72,17.72,0
1758302285,17.72,17.72,17.72,17.72,0
1758302290,17.72,17.72,17.72,17.72,0
1758302295,17.72,17.72,17.72,17.72,0
1758302300,17.72,17.72,17.72,17.72,0
1758302305,17.72,17.72,17.72,17.72,0
1758302310,17.72,17.72,17.72,17.72,0
1758302315,17.72,17.72,17.72,17.72,0
1758302320,17.72,17.72,17.72,17.72,0
1758302325,17.72,17.72,17.72,17.72,0
1758302330,17.72,17.72,17.72,17.72,0
1758302335,17.72,17.72,17.72,17.72,0
1758302340,17.72,17.72,17.72,17.72,0
1758302345,17.72,17.72,17.72,17.72,0
1758302350,17.72,17.72,17.72,17.72,0
1758302355,17.72,17.72,17.72,17.72,0
1758302360,17.72,17.72,17.72,17.72,0
1758302365,17.72,17.72,17.72,17.72,0
1758302370,17.72,17.72,17.72,17.72,0
1758302375,17.72,17.72,17.72,17.72,0
1758302380,17.72,17.72,17.72,17.72,0
1758302385,17.72,17.72,17.72,17.72,0
1758302390,17.72,17.72,17.72,17.72,0
1758302395,17.72,17.72,17.72,17.72,0
1758302400,17.72,17.72,17.72,17.72,0
1758302405,17.72,17.72,17.72,17.72,0
1758302410,17.72,17.72,17.72,17.72,0
1758302415,17.72,17.72,17.72,17.72,0
1758302420,17.72,17.72,17.72,17.72,0
1758302425,17.72,17.72,17.72,17.72,0
1758302430,17.72,17.72,17.72,17.72,0
1758302435,17.72,17.72,17.72,17.72,0
1758302440,17.72,17.72,17.72,17.72,0
1758302445,17.72,17.72,17.72,17.72,0
1758302450,17.72,17.72,17.72,17.72,0
1758302455,17.72,17.72,17.72,17.72,0
1758302460,17.72,17.72,17.72,17.72,0
1758302465,17.72,17.72,17.72,17.72,0
1758302470,17.72,17.72,17.72,17.72,0
1758302475,17.72,17.72,17.72,17.72,0
1758302480,17.72,17.72,17.72,17.72,0
1758302485,17.72,17.72,17.72,17.72,0
1758302490,17.72,17.72,17.72,17.72,0
1758302495,17.72,17.72,17.72,17.72,0
1758302500,17.72,17.72,17.72,17.72,0
1758302505,17.72,17.72,17.72,17.72,0
1758302510,17.72,17.72,17.72,17.72,0
1758302515,17.72,17.72,17.72,17.72,0
1758302520,17.72,17.72,17.72,17.72,0
1758302525,17.71,17.71,17.71,17.71,3
1758302530,17.71,17.71,17.71,17.71,0
1758302535,17.71,17.71,17.71,17.71,0
1758302540,17.71,17.71,17.71,17.71,0
1758302545,17.71,17.71,17.71,17.71,0
1758302550,17.71,17.71,17.71,17.71,0
1758302555,17.71,17.71,17.71,17.71,0
1758302560,17.71,17.71,17.71,17.71,0
1758302565,17.71,17.71,17.71,17.71,0
1758302570,17.71,17.71,17.71,17.71,0
1758302575,17.71,17.71,17.71,17.71,0
1758302580,17.71,17.71,17.71,17.71,0
1758302585,17.71,17.71,17.71,17.71,0
1758302590,17.71,17.71,17.71,17.71,0
1758302595,17.71,17.71,17.71,17.71,0
1758302600,17.71,17.71,17.71,17.71,0
1758302605,17.71,17.71,17.71,17.71,0
1758302610,17.71,17.71,17.71,17.71,0
1758302615,17.71,17.71,17.71,17.71,0
1758302620,17.71,17.71,17.71,17.71,0
1758302625,17.71,17.71,17.71,17.71,0
1758302630,17.71,17.71,17.71,17.71,0
1758302635,17.71,17.71,17.71,17.71,0
1758302640,17.71,17.71,17.71,17.71,0
1758302645,17.71,17.71,17.71,17.71,0
1758302650,17.71,17.71,17.71,17.71,0
1758302655,17.71,17.71,17.71,17.71,0
1758302660,17.71,17.71,17.71,17.71,0
1758302665,17.71,17.71,17.71,17.71,0
1758302670,17.71,17.71,17.71,17.71,0
1758302675,17.71,17.71,17.71,17.71,0
1758302680,17.71,17.71,17.71,17.71,0
1758302685,17.71,17.71,17.71,17.71,0
1758302690,17.71,17.71,17.71,17.71,0
1758302695,17.71,17.71,17.71,17.71,0
1758302700,17.71,17.71,17.71,17.71,0
1758302705,17.71,17.71,17.71,17.71,0
1758302710,17.71,17.71,17.71,17.71,0
1758302715,17.71,17.71,17.71,17.71,0
1758302720,17.71,17.71,17.71,17.71,0
1758302725,17.71,17.71,17.71,17.71,0
1758302730,17.71,17.71,17.71,17.71,0
1758302735,17.71,17.71,17.71,17.71,0
1758302740,17.71,17.71,17.71,17.71,0
1758302745,17.71,17.71,17.71,17.71,0
1758302750,17.71,17.71,17.71,17.71,0
1758302755,17.71,17.71,17.71,17.71,0
1758302760,17.71,17.71,17.71,17.71,0
1758302765,17.71,17.71,17.71,17.71,0
1758302770,17.71,17.71,17.71,17.71,0
1758302775,17.71,17.71,17.71,17.71,0
1758302780,17.71,17.71,17.71,17.71,0
1758302785,17.71,17.71,17.71,17.71,0
1758302790,17.71,17.71,17.71,17.71,0
1758302795,17.71,17.71,17.71,17.71,0
1758302800,17.71,17.71,17.71,17.71,0
1758302805,17.71,17.71,17.71,17.71,0
1758302810,17.71,17.71,17.71,17.71,0
1758302815,17.71,17.71,17.71,17.71,0
1758302820,17.71,17.71,17.71,17.71,0
1758302825,17.71,17.71,17.71,17.71,0
1758302830,17.71,17.71,17.71,17.71,0
1758302835,17.71,17.71,17.71,17.71,0
1758302840,17.71,17.71,17.71,17.71,0
1758302845,17.71,17.71,17.71,17.71,0
1758302850,17.71,17.71,17.71,17.71,0
1758302855,17.71,17.71,17.71,17.71,0
1758302860,17.71,17.71,17.71,17.71,0
1758302865,17.71,17.71,17.71,17.71,0
1758302870,17.71,17.71,17.71,17.71,0
1758302875,17.71,17.71,17.71,17.71,0
1758302880,17.71,17.71,17.71,17.71,0
1758302885,17.71,17.71,17.71,17.71,0
1758302890,17.71,17.71,17.71,17.71,0
1758302895,17.71,17.71,17.71,17.71,0
1758302900,17.71,17.71,17.71,17.71,0
1758302905,17.71,17.71,17.71,17.71,0
1758302910,17.71,17.71,17.71,17.71,0
1758302915,17.71,17.71,17.71,17.71,0
1758302920,17.71,17.71,17.71,17.71,0
1758302925,17.71,17.71,17.71,17.71,0
1758302930,17.71,17.71,17.71,17.71,0
1758302935,17.71,17.71,17.71,17.71,0
1758302940,17.71,17.71,17.71,17.71,0
1758302945,17.71,17.71,17.71,17.71,0
1758302950,17.71,17.71,17.71,17.71,0
1758302955,17.71,17.71,17.71,17.71,0
1758302960,17.71,17.71,17.71,17.71,0
1758302965,17.71,17.71,17.71,17.71,0
1758302970,17.71,17.71,17.71,17.71,0
1758302975,17.71,17.71,17.71,17.71,0
1758302980,17.71,17.71,17.71,17.71,0
1758302985,17.71,17.71,17.71,17.71,1
1758302990,17.71,17.71,17.71,17.71,0
1758302995,17.71,17.71,17.71,17.71,0
1758303000,17.71,17.71,17.71,17.71,0
1758303005,17.71,17.71,17.71,17.71,0
1758303010,17.71,17.71,17.71,17.71,0
1758303015,17.71,17.71,17.71,17.71,0
1758303020,17.71,17.71,17.71,17.71,0
1758303025,17.71,17.71,17.71,17.71,0
1758303030,17.71,17.71,17.71,17.71,0
1758303035,17.71,17.71,17.71,17.71,0
1758303040,17.71,17.71,17.71,17.71,0
1758303045,17.71,17.71,17.71,17.71,0
1758303050,17.71,17.71,17.71,17.71,0
1758303055,17.71,17.71,17.71,17.71,0
1758303060,17.71,17.71,17.71,17.71,0
1758303065,17.71,17.71,17.71,17.71,0
1758303070,17.71,17.71,17.71,17.71,0
1758303075,17.71,17.71,17.71,17.71,0
1758303080,17.71,17.71,17.71,17.71,0
1758303085,17.71,17.71,17.71,17.71,0
1758303090,17.71,17.71,17.71,17.71,0
1758303095,17.71,17.71,17.71,17.71,0
1758303100,17.71,17.71,17.71,17.71,0
1758303105,17.71,17.71,17.71,17.71,0
1758303110,17.71,17.71,17.71,17.71,0
1758303115,17.71,17.71,17.71,17.71,0
1758303120,17.71,17.71,17.71,17.71,0
1758303125,17.71,17.71,17.71,17.71,0
1758303130,17.71,17.71,17.71,17.71,0
1758303135,17.71,17.71,17.71,17.71,0
1758303140,17.71,17.71,17.71,17.71,0
1758303145,17.71,17.71,17.71,17.71,0
1758303150,17.71,17.71,17.71,17.71,0
1758303155,17.71,17.71,17.71,17.71,0
1758303160,17.71,17.71,17.71,17.71,0
1758303165,17.71,17.71,17.71,17.71,0
1758303170,17.71,17.71,17.71,17.71,0
1758303175,17.71,17.71,17.71,17.71,0
1758303180,17.71,17.71,17.71,17.71,0
1758303185,17.71,17.71,17.71,17.71,0
1758303190,17.71,17.71,17.71,17.71,0
1758303195,17.71,17.71,17.71,17.71,0
1758303200,17.71,17.71,17.71,17.71,0
1758303205,17.71,17.71,17.71,17.71,0
1758303210,17.71,17.71,17.71,17.71,0
1758303215,17.71,17.71,17.71,17.71,0
1758303220,17.71,17.71,17.71,17.71,0
1758303225,17.71,17.71,17.71,17.71,0
1758303230,17.71,17.71,17.71,17.71,0
1758303235,17.71,17.71,17.71,17.71,0
1758303240,17.71,17.71,17.71,17.71,0
1758303245,17.71,17.71,17.71,17.71,0
1758303250,17.71,17.71,17.71,17.71,0
1758303255,17.71,17.71,17.71,17.71,0
1758303260,17.71,17.71,17.71,17.71,0
1758303265,17.71,17.71,17.71,17.71,0
1758303270,17.71,17.71,17.71,17.71,0
1758303275,17.71,17.71,17.71,17.71,0
1758303280,17.71,17.71,17.71,17.71,0
1758303285,17.71,17.71,17.71,17.71,0
1758303290,17.71,17.71,17.71,17.71,0
1758303295,17.71,17.71,17.71,17.71,0
1758303300,17.71,17.71,17.71,17.71,0
1758303305,17.71,17.71,17.71,17.71,0
1758303310,17.71,17.71,17.71,17.71,0
1758303315,17.71,17.71,17.71,17.71,0
1758303320,17.71,17.71,17.71,17.71,0
1758303325,17.71,17.71,17.71,17.71,0
1758303330,17.71,17.71,17.71,17.71,0
1758303335,17.71,17.71,17.71,17.71,0
1758303340,17.71,17.71,17.71,17.71,0
1758303345,17.71,17.71,17.71,17.71,0
1758303350,17.71,17.71,17.71,17.71,0
1758303355,17.71,17.71,17.71,17.71,0
1758303360,17.71,17.71,17.71,17.71,0
1758303365,17.71,17.71,17.71,17.71,0
1758303370,17.71,17.71,17.71,17.71,0
1758303375,17.71,17.71,17.71,17.71,0
1758303380,17.71,17.71,17.71,17.71,0
1758303385,17.71,17.71,17.71,17.71,0
1758303390,17.71,17.71,17.71,17.71,0
1758303395,17.71,17.71,17.71,17.71,0
1758303400,17.71,17.71,17.71,17.71,0
1758303405,17.71,17.71,17.71,17.71,0
1758303410,17.71,17.71,17.71,17.71,0
1758303415,17.71,17.71,17.71,17.71,0
1758303420,17.71,17.71,17.71,17.71,0
1758303425,17.71,17.71,17.71,17.71,0
1758303430,17.71,17.71,17.71,17.71,0
1758303435,17.71,17.71,17.71,17.71,0
1758303440,17.71,17.71,17.71,17.71,0
1758303445,17.71,17.71,17.71,17.71,0
1758303450,17.71,17.71,17.71,17.71,0
1758303455,17.71,17.71,17.71,17.71,0
1758303460,17.71,17.71,17.71,17.71,0
1758303465,17.71,17.71,17.71,17.71,0
1758303470,17.71,17.71,17.71,17.71,0
1758303475,17.71,17.71,17.71,17.71,0
1758303480,17.71,17.71,17.71,17.71,0
1758303485,17.71,17.71,17.71,17.71,0
1758303490,17.71,17.71,17.71,17.71,0
1758303495,17.71,17.71,17.71,17.71,0
1758303500,17.71,17.71,17.71,17.71,0
1758303505,17.71,17.71,17.71,17.71,0
1758303510,17.71,17.71,17.71,17.71,0
1758303515,17.71,17.71,17.71,17.71,0
1758303520,17.71,17.71,17.71,17.71,0
1758303525,17.71,17.71,17.71,17.71,0
1758303530,17.71,17.71,17.71,17.71,0
1758303535,17.71,17.71,17.71,17.71,0
1758303540,17.71,17.71,17.71,17.71,0
1758303545,17.71,17.71,17.71,17.71,0
1758303550,17.71,17.71,17.71,17.71,0
1758303555,17.71,17.71,17.71,17.71,0
1758303560,17.71,17.71,17.71,17.71,0
1758303565,17.71,17.71,17.71,17.71,0
1758303570,17.71,17.71,17.71,17.71,0
1758303575,17.71,17.71,17.71,17.71,0
1758303580,17.71,17.71,17.71,17.71,0
1758303585,17.71,17.71,17.71,17.71,0
1758303590,17.71,17.71,17.71,17.71,0
1758303595,17.71,17.71,17.71,17.71,0
1758303600,17.71,17.71,17.71,17.71,0
1758303605,17.71,17.71,17.71,17.71,0
1758303610,17.71,17.71,17.71,17.71,0
1758303615,17.71,17.71,17.71,17.71,0
1758303620,17.71,17.71,17.71,17.71,0
1758303625,17.71,17.71,17.71,17.71,0
1758303630,17.71,17.71,17.71,17.71,0
1758303635,17.71,17.71,17.71,17.71,0
1758303640,17.71,17.71,17.71,17.71,0
1758303645,17.71,17.71,17.71,17.71,0
1758303650,17.71,17.71,17.71,17.71,0
1758303655,17.71,17.71,17.71,17.71,0
1758303660,17.71,17.71,17.71,17.71,0
1758303665,17.71,17.71,17.71,17.71,0
1758303670,17.71,17.71,17.71,17.71,0
1758303675,17.71,17.71,17.71,17.71,0
1758303680,17.71,17.71,17.71,17.71,0
1758303685,17.71,17.71,17.71,17.71,0
1758303690,17.71,17.71,17.71,17.71,0
1758303695,17.71,17.71,17.71,17.71,0
1758303700,17.71,17.71,17.71,17.71,0
1758303705,17.71,17.71,17.71,17.71,0
1758303710,17.71,17.71,17.71,17.71,0
1758303715,17.71,17.71,17.71,17.71,0
1758303720,17.71,17.71,17.71,17.71,0
1758303725,17.71,17.71,17.71,17.71,0
1758303730,17.71,17.71,17.71,17.71,0
1758303735,17.71,17.71,17.71,17.71,0
1758303740,17.71,17.71,17.71,17.71,0
1758303745,17.71,17.71,17.71,17.71,0
1758303750,17.71,17.71,17.71,17.71,0
1758303755,17.71,17.71,17.71,17.71,0
1758303760,17.71,17.71,17.71,17.71,0
1758303765,17.71,17.71,17.71,17.71,0
1758303770,17.71,17.71,17.71,17.71,0
1758303775,17.71,17.71,17.71,17.71,0
1758303780,17.71,17.71,17.71,17.71,0
1758303785,17.71,17.71,17.71,17.71,0
1758303790,17.71,17.71,17.71,17.71,0
1758303795,17.71,17.71,17.71,17.71,0
1758303800,17.71,17.71,17.71,17.71,0
1758303805,17.71,17.71,17.71,17.71,0
1758303810,17.71,17.71,17.71,17.71,0
1758303815,17.71,17.71,17.71,17.71,0
1758303820,17.71,17.71,17.71,17.71,0
1758303825,17.71,17.71,17.71,17.71,0
1758303830,17.71,17.71,17.71,17.71,0
1758303835,17.71,17.71,17.71,17.71,0
1758303840,17.71,17.71,17.71,17.71,0
1758303845,17.71,17.71,17.71,17.71,0
1758303850,17.71,17.71,17.71,17.71,0
1758303855,17.71,17.71,17.71,17.71,0
1758303860,17.71,17.71,17.71,17.71,0
1758303865,17.71,17.71,17.71,17.71,0
1758303870,17.71,17.71,17.71,17.71,0
1758303875,17.71,17.71,17.71,17.71,0
1758303880,17.71,17.71,17.71,17.71,0
1758303885,17.71,17.71,17.71,17.71,0
1758303890,17.71,17.71,17.71,17.71,0
1758303895,17.7,17.7,17.69,17.69,7
1758303900,17.69,17.69,17.69,17.69,0
1758303905,17.69,17.69,17.69,17.69,0
1758303910,17.69,17.69,17.69,17.69,0
1758303915,17.69,17.69,17.69,17.69,0
1758303920,17.69,17.69,17.69,17.69,0
1758303925,17.69,17.69,17.69,17.69,0
1758303930,17.69,17.69,17.69,17.69,0
1758303935,17.69,17.69,17.69,17.69,0
1758303940,17.69,17.69,17.69,17.69,0
1758303945,17.69,17.69,17.69,17.69,0
1758303950,17.69,17.69,17.69,17.69,0
1758303955,17.69,17.69,17.69,17.69,0
1758303960,17.69,17.69,17.69,17.69,0
1758303965,17.69,17.69,17.69,17.69,0
1758303970,17.69,17.69,17.69,17.69,0
1758303975,17.69,17.69,17.69,17.69,0
1758303980,17.69,17.69,17.69,17.69,0
1758303985,17.69,17.7,17.69,17.7,75
1758303990,17.7,17.7,17.7,17.7,0
1758303995,17.7,17.7,17.7,17.7,0
1758304000,17.7,17.7,17.7,17.7,0
1758304005,17.7,17.7,17.7,17.7,0
1758304010,17.7,17.7,17.7,17.7,0
1758304015,17.7,17.7,17.7,17.7,0
1758304020,17.7,17.7,17.7,17.7,0
1758304025,17.7,17.7,17.7,17.7,0
1758304030,17.7,17.7,17.7,17.7,0
1758304035,17.7,17.7,17.7,17.7,0
1758304040,17.7,17.7,17.7,17.7,0
1758304045,17.7,17.7,17.7,17.7,0
1758304050,17.7,17.7,17.7,17.7,0
1758304055,17.7,17.7,17.7,17.7,0
1758304060,17.7,17.7,17.7,17.7,0
1758304065,17.7,17.7,17.7,17.7,0
1758304070,17.7,17.7,17.7,17.7,0
1758304075,17.7,17.7,17.7,17.7,0
1758304080,17.7,17.7,17.7,17.7,0
1758304085,17.7,17.7,17.7,17.7,0
1758304090,17.7,17.7,17.7,17.7,0
1758304095,17.7,17.7,17.7,17.7,0
1758304100,17.7,17.7,17.7,17.7,0
1758304105,17.7,17.7,17.7,17.7,0
1758304110,17.7,17.7,17.7,17.7,0
1758304115,17.7,17.7,17.7,17.7,0
1758304120,17.7,17.7,17.7,17.7,0
1758304125,17.7,17.7,17.7,17.7,0
1758304130,17.7,17.7,17.7,17.7,0
1758304135,17.7,17.7,17.7,17.7,0
1758304140,17.7,17.7,17.7,17.7,0
1758304145,17.7,17.7,17.7,17.7,0
1758304150,17.7,17.7,17.7,17.7,0
1758304155,17.7,17.7,17.7,17.7,0
1758304160,17.7,17.7,17.7,17.7,0
1758304165,17.7,17.7,17.7,17.7,0
1758304170,17.7,17.7,17.7,17.7,0
1758304175,17.7,17.7,17.7,17.7,0
1758304180,17.7,17.7,17.7,17.7,0
1758304185,17.7,17.7,17.7,17.7,0
1758304190,17.7,17.7,17.7,17.7,0
1758304195,17.7,17.7,17.7,17.7,0
1758304200,17.7,17.7,17.7,17.7,0
1758304205,17.7,17.7,17.7,17.7,0
1758304210,17.7,17.7,17.7,17.7,0
1758304215,17.7,17.7,17.7,17.7,0
1758304220,17.7,17.7,17.7,17.7,0
1758304225,17.7,17.7,17.7,17.7,0
1758304230,17.7,17.7,17.7,17.7,0
1758304235,17.7,17.7,17.7,17.7,0
1758304240,17.7,17.7,17.7,17.7,0
1758304245,17.7,17.7,17.7,17.7,0
1758304250,17.7,17.7,17.7,17.7,0
1758304255,17.7,17.7,17.7,17.7,0
1758304260,17.7,17.7,17.7,17.7,0
1758304265,17.7,17.7,17.7,17.7,0
1758304270,17.7,17.7,17.7,17.7,0
1758304275,17.7,17.7,17.7,17.7,0
1758304280,17.7,17.7,17.7,17.7,0
1758304285,17.7,17.7,17.7,17.7,0
1758304290,17.7,17.7,17.7,17.7,0
1758304295,17.7,17.7,17.7,17.7,0
1758304300,17.7,17.7,17.7,17.7,0
1758304305,17.7,17.7,17.7,17.7,0
1758304310,17.7,17.7,17.7,17.7,0
1758304315,17.7,17.7,17.7,17.7,0
1758304320,17.7,17.7,17.7,17.7,0
1758304325,17.7,17.7,17.7,17.7,0
1758304330,17.7,17.7,17.7,17.7,0
1758304335,17.7,17.7,17.7,17.7,0
1758304340,17.7,17.7,17.7,17.7,0
1758304345,17.7,17.7,17.7,17.7,0
1758304350,17.7,17.7,17.7,17.7,0
1758304355,17.7,17.7,17.7,17.7,0
1758304360,17.7,17.7,17.7,17.7,0
1758304365,17.7,17.7,17.7,17.7,0
1758304370,17.7,17.7,17.7,17.7,0
1758304375,17.7,17.7,17.7,17.7,0
1758304380,17.7,17.7,17.7,17.7,0
1758304385,17.7,17.7,17.7,17.7,0
1758304390,17.7,17.7,17.7,17.7,0
1758304395,17.7,17.7,17.7,17.7,0
1758304400,17.7,17.7,17.7,17.7,0
1758304405,17.7,17.7,17.7,17.7,0
1758304410,17.7,17.7,17.7,17.7,0
1758304415,17.7,17.7,17.7,17.7,0
1758304420,17.7,17.7,17.7,17.7,0
1758304425,17.7,17.7,17.7,17.7,0
1758304430,17.7,17.7,17.7,17.7,0
1758304435,17.7,17.7,17.7,17.7,0
1758304440,17.7,17.7,17.7,17.7,0
1758304445,17.7,17.7,17.7,17.7,0
1758304450,17.7,17.7,17.7,17.7,0
1758304455,17.7,17.7,17.7,17.7,0
1758304460,17.7,17.7,17.7,17.7,0
1758304465,17.7,17.7,17.7,17.7,0
1758304470,17.7,17.7,17.7,17.7,0
1758304475,17.7,17.7,17.7,17.7,0
1758304480,17.7,17.7,17.7,17.7,0
1758304485,17.7,17.7,17.7,17.7,0
1758304490,17.7,17.7,17.7,17.7,0
1758304495,17.7,17.7,17.7,17.7,0
1758304500,17.7,17.7,17.7,17.7,0
1758304505,17.7,17.7,17.7,17.7,0
1758304510,17.7,17.7,17.7,17.7,0
1758304515,17.7,17.7,17.7,17.7,0
1758304520,17.7,17.7,17.7,17.7,0
1758304525,17.7,17.7,17.7,17.7,0
1758304530,17.7,17.7,17.7,17.7,0
1758304535,17.7,17.7,17.7,17.7,0
1758304540,17.7,17.7,17.7,17.7,0
1758304545,17.7,17.7,17.7,17.7,0
1758304550,17.7,17.7,17.7,17.7,0
1758304555,17.7,17.7,17.7,17.7,0
1758304560,17.7,17.7,17.7,17.7,0
1758304565,17.7,17.7,17.7,17.7,0
1758304570,17.7,17.7,17.7,17.7,0
1758304575,17.7,17.7,17.7,17.7,0
1758304580,17.7,17.7,17.7,17.7,0
1758304585,17.7,17.7,17.7,17.7,0
1758304590,17.7,17.7,17.7,17.7,0
1758304595,17.7,17.7,17.7,17.7,0
1758304600,17.7,17.7,17.7,17.7,0
1758304605,17.7,17.7,17.7,17.7,0
1758304610,17.7,17.7,17.7,17.7,0
1758304615,17.7,17.7,17.7,17.7,0
1758304620,17.7,17.7,17.7,17.7,0
1758304625,17.7,17.7,17.7,17.7,0
1758304630,17.7,17.7,17.7,17.7,0
1758304635,17.7,17.7,17.7,17.7,0
1758304640,17.7,17.7,17.7,17.7,0
1758304645,17.7,17.7,17.7,17.7,0
1758304650,17.7,17.7,17.7,17.7,0
1758304655,17.7,17.7,17.7,17.7,0
1758304660,17.7,17.7,17.7,17.7,0
1758304665,17.7,17.7,17.7,17.7,0
1758304670,17.7,17.7,17.7,17.7,0
1758304675,17.7,17.7,17.7,17.7,0
1758304680,17.7,17.7,17.7,17.7,0
1758304685,17.7,17.7,17.7,17.7,0
1758304690,17.7,17.7,17.7,17.7,0
1758304695,17.7,17.7,17.7,17.7,0
1758304700,17.7,17.7,17.7,17.7,0
1758304705,17.7,17.7,17.7,17.7,0
1758304710,17.7,17.7,17.7,17.7,0
1758304715,17.7,17.7,17.7,17.7,0
1758304720,17.71,17.71,17.71,17.71,1
1758304725,17.71,17.71,17.71,17.71,0
1758304730,17.71,17.71,17.71,17.71,0
1758304735,17.71,17.71,17.71,17.71,0
1758304740,17.71,17.71,17.71,17.71,0
1758304745,17.71,17.71,17.71,17.71,0
1758304750,17.71,17.71,17.71,17.71,0
1758304755,17.71,17.71,17.71,17.71,0
1758304760,17.71,17.71,17.71,17.71,0
1758304765,17.71,17.71,17.71,17.71,0
1758304770,17.71,17.71,17.71,17.71,0
1758304775,17.71,17.71,17.71,17.71,0
1758304780,17.71,17.71,17.71,17.71,0
1758304785,17.71,17.71,17.71,17.71,0
1758304790,17.71,17.71,17.71,17.71,0
1758304795,17.71,17.71,17.71,17.71,0
1758304800,17.69,17.69,17.69,17.69,1
1758304805,17.69,17.69,17.69,17.69,0
1758304810,17.69,17.69,17.69,17.69,0
1758304815,17.69,17.69,17.69,17.69,0
1758304820,17.69,17.69,17.69,17.69,0
1758304825,17.69,17.69,17.69,17.69,0
1758304830,17.69,17.69,17.69,17.69,0
1758304835,17.69,17.69,17.69,17.69,0
1758304840,17.69,17.69,17.69,17.69,0
1758304845,17.69,17.69,17.69,17.69,0
1758304850,17.69,17.69,17.69,17.69,0
1758304855,17.69,17.69,17.69,17.69,0
1758304860,17.69,17.69,17.69,17.69,0
1758304865,17.69,17.69,17.69,17.69,0
1758304870,17.69,17.69,17.69,17.69,0
1758304875,17.69,17.69,17.69,17.69,0
1758304880,17.69,17.69,17.69,17.69,0
1758304885,17.69,17.69,17.69,17.69,0
1758304890,17.69,17.69,17.69,17.69,0
1758304895,17.69,17.69,17.69,17.69,0
1758304900,17.69,17.69,17.69,17.69,0
1758304905,17.69,17.69,17.69,17.69,0
1758304910,17.69,17.69,17.69,17.69,0
1758304915,17.69,17.69,17.69,17.69,0
1758304920,17.69,17.69,17.69,17.69,0
1758304925,17.69,17.69,17.69,17.69,0
1758304930,17.69,17.69,17.69,17.69,0
1758304935,17.69,17.69,17.69,17.69,0
1758304940,17.69,17.69,17.69,17.69,0
1758304945,17.69,17.69,17.69,17.69,0
1758304950,17.69,17.69,17.69,17.69,0
1758304955,17.69,17.69,17.69,17.69,0
1758304960,17.69,17.69,17.69,17.69,0
1758304965,17.69,17.69,17.69,17.69,0
1758304970,17.69,17.69,17.69,17.69,0
1758304975,17.69,17.69,17.69,17.69,0
1758304980,17.69,17.69,17.69,17.69,0
1758304985,17.69,17.69,17.69,17.69,0
1758304990,17.69,17.69,17.69,17.69,0
1758304995,17.69,17.69,17.69,17.69,0
1758305000,17.69,17.69,17.69,17.69,0
1758305005,17.69,17.69,17.69,17.69,0
1758305010,17.69,17.69,17.69,17.69,0
1758305015,17.69,17.69,17.69,17.69,0
1758305020,17.69,17.69,17.69,17.69,0
1758305025,17.69,17.69,17.69,17.69,0
1758305030,17.69,17.69,17.69,17.69,0
1758305035,17.69,17.69,17.69,17.69,0
1758305040,17.69,17.69,17.69,17.69,0
1758305045,17.69,17.69,17.69,17.69,0
1758305050,17.69,17.69,17.69,17.69,0
1758305055,17.69,17.69,17.69,17.69,0
1758305060,17.69,17.69,17.69,17.69,0
1758305065,17.69,17.69,17.69,17.69,0
1758305070,17.69,17.69,17.69,17.69,0
1758305075,17.69,17.69,17.69,17.69,0
1758305080,17.69,17.69,17.69,17.69,0
1758305085,17.69,17.69,17.69,17.69,0
1758305090,17.69,17.69,17.69,17.69,0
1758305095,17.69,17.69,17.69,17.69,0
1758305100,17.69,17.69,17.69,17.69,0
1758305105,17.69,17.69,17.69,17.69,0
1758305110,17.69,17.69,17.69,17.69,0
1758305115,17.69,17.69,17.69,17.69,0
1758305120,17.69,17.69,17.69,17.69,0
1758305125,17.69,17.69,17.69,17.69,0
1758305130,17.69,17.69,17.69,17.69,0
1758305135,17.69,17.69,17.69,17.69,0
1758305140,17.69,17.69,17.69,17.69,0
1758305145,17.69,17.69,17.69,17.69,0
1758305150,17.69,17.69,17.69,17.69,0
1758305155,17.69,17.69,17.69,17.69,0
1758305160,17.69,17.69,17.69,17.69,0
1758305165,17.69,17.69,17.69,17.69,0
1758305170,17.69,17.69,17.69,17.69,0
1758305175,17.69,17.69,17.69,17.69,0
1758305180,17.69,17.69,17.69,17.69,0
1758305185,17.69,17.69,17.69,17.69,0
1758305190,17.69,17.69,17.69,17.69,0
1758305195,17.69,17.69,17.69,17.69,0
1758305200,17.69,17.69,17.69,17.69,0
1758305205,17.69,17.69,17.69,17.69,0
1758305210,17.69,17.69,17.69,17.69,0
1758305215,17.69,17.69,17.69,17.69,0
1758305220,17.69,17.69,17.69,17.69,0
1758305225,17.69,17.69,17.69,17.69,0
1758305230,17.69,17.69,17.69,17.69,0
1758305235,17.69,17.69,17.69,17.69,0
1758305240,17.69,17.69,17.69,17.69,0
1758305245,17.69,17.69,17.69,17.69,0
1758305250,17.69,17.69,17.69,17.69,0
1758305255,17.69,17.69,17.69,17.69,0
1758305260,17.69,17.69,17.69,17.69,0
1758305265,17.69,17.69,17.69,17.69,0
1758305270,17.69,17.69,17.69,17.69,0
1758305275,17.69,17.69,17.69,17.69,0
1758305280,17.69,17.69,17.69,17.69,0
1758305285,17.69,17.69,17.69,17.69,0
1758305290,17.69,17.69,17.69,17.69,0
1758305295,17.69,17.69,17.69,17.69,0
1758305300,17.69,17.69,17.69,17.69,0
1758305305,17.69,17.69,17.69,17.69,0
1758305310,17.69,17.69,17.69,17.69,0
1758305315,17.69,17.69,17.69,17.69,0
1758305320,17.69,17.69,17.69,17.69,0
1758305325,17.69,17.69,17.69,17.69,0
1758305330,17.69,17.69,17.69,17.69,0
1758305335,17.69,17.69,17.69,17.69,0
1758305340,17.69,17.69,17.69,17.69,0
1758305345,17.69,17.69,17.69,17.69,0
1758305350,17.69,17.69,17.69,17.69,0
1758305355,17.69,17.69,17.69,17.69,0
1758305360,17.69,17.69,17.69,17.69,0
1758305365,17.69,17.69,17.69,17.69,0
1758305370,17.69,17.69,17.69,17.69,0
1758305375,17.69,17.69,17.69,17.69,0
1758305380,17.69,17.69,17.69,17.69,0
1758305385,17.69,17.69,17.69,17.69,0
1758305390,17.69,17.69,17.69,17.69,0
1758305395,17.69,17.69,17.69,17.69,0
1758305400,17.69,17.69,17.69,17.69,0
1758305405,17.69,17.69,17.69,17.69,0
1758305410,17.69,17.69,17.69,17.69,0
1758305415,17.69,17.69,17.69,17.69,0
1758305420,17.69,17.69,17.69,17.69,0
1758305425,17.69,17.69,17.69,17.69,0
1758305430,17.69,17.69,17.69,17.69,0
1758305435,17.69,17.69,17.69,17.69,0
1758305440,17.69,17.69,17.69,17.69,0
1758305445,17.69,17.69,17.69,17.69,0
1758305450,17.69,17.69,17.69,17.69,0
1758305455,17.69,17.69,17.69,17.69,0
1758305460,17.69,17.69,17.69,17.69,0
1758305465,17.69,17.69,17.69,17.69,0
1758305470,17.69,17.69,17.69,17.69,0
1758305475,17.69,17.69,17.69,17.69,0
1758305480,17.69,17.69,17.69,17.69,0
1758305485,17.69,17.69,17.69,17.69,0
1758305490,17.69,17.69,17.69,17.69,0
1758305495,17.69,17.69,17.69,17.69,0
1758305500,17.69,17.69,17.69,17.69,0
1758305505,17.69,17.69,17.69,17.69,0
1758305510,17.69,17.69,17.69,17.69,0
1758305515,17.69,17.69,17.69,17.69,0
1758305520,17.69,17.69,17.69,17.69,0
1758305525,17.69,17.69,17.69,17.69,0
1758305530,17.69,17.69,17.69,17.69,0
1758305535,17.69,17.69,17.69,17.69,0
1758305540,17.69,17.69,17.69,17.69,0
1758305545,17.69,17.69,17.69,17.69,0
1758305550,17.69,17.69,17.69,17.69,0
1758305555,17.69,17.69,17.69,17.69,0
1758305560,17.69,17.69,17.69,17.69,0
1758305565,17.69,17.69,17.69,17.69,0
1758305570,17.69,17.69,17.69,17.69,0
1758305575,17.69,17.69,17.69,17.69,0
1758305580,17.69,17.69,17.69,17.69,0
1758305585,17.69,17.69,17.69,17.69,0
1758305590,17.69,17.69,17.69,17.69,0
1758305595,17.69,17.69,17.69,17.69,0
1758305600,17.69,17.69,17.69,17.69,0
1758305605,17.69,17.69,17.69,17.69,0
1758305610,17.69,17.69,17.69,17.69,0
1758305615,17.69,17.69,17.69,17.69,0
1758305620,17.69,17.69,17.69,17.69,0
1758305625,17.69,17.69,17.69,17.69,0
1758305630,17.69,17.69,17.69,17.69,0
1758305635,17.69,17.69,17.69,17.69,0
1758305640,17.69,17.69,17.69,17.69,0
1758305645,17.69,17.69,17.69,17.69,0
1758305650,17.69,17.69,17.69,17.69,0
1758305655,17.69,17.69,17.69,17.69,0
1758305660,17.69,17.69,17.69,17.69,0
1758305665,17.69,17.69,17.69,17.69,0
1758305670,17.69,17.69,17.69,17.69,0
1758305675,17.69,17.69,17.69,17.69,0
1758305680,17.69,17.69,17.69,17.69,0
1758305685,17.69,17.69,17.69,17.69,0
1758305690,17.69,17.69,17.69,17.69,0
1758305695,17.69,17.69,17.69,17.69,0
1758305700,17.69,17.69,17.69,17.69,0
1758305705,17.69,17.69,17.69,17.69,0
1758305710,17.69,17.69,17.69,17.69,0
1758305715,17.69,17.69,17.69,17.69,0
1758305720,17.69,17.69,17.69,17.69,0
1758305725,17.69,17.69,17.69,17.69,0
1758305730,17.69,17.69,17.69,17.69,0
1758305735,17.69,17.69,17.69,17.69,0
1758305740,17.69,17.69,17.69,17.69,0
1758305745,17.69,17.69,17.69,17.69,0
1758305750,17.69,17.69,17.69,17.69,0
1758305755,17.69,17.69,17.69,17.69,0
1758305760,17.69,17.69,17.69,17.69,0
1758305765,17.69,17.69,17.69,17.69,0
1758305770,17.69,17.69,17.69,17.69,0
1758305775,17.72,17.72,17.72,17.72,1
1758305780,17.72,17.72,17.72,17.72,0
1758305785,17.72,17.72,17.72,17.72,0
1758305790,17.72,17.72,17.72,17.72,0
1758305795,17.72,17.72,17.72,17.72,0
1758305800,17.72,17.72,17.72,17.72,0
1758305805,17.72,17.72,17.72,17.72,0
1758305810,17.72,17.72,17.72,17.72,0
1758305815,17.72,17.72,17.72,17.72,0
1758305820,17.72,17.72,17.72,17.72,0
1758305825,17.72,17.72,17.72,17.72,0
1758305830,17.72,17.72,17.72,17.72,0
1758305835,17.72,17.72,17.72,17.72,0
1758305840,17.72,17.72,17.72,17.72,0
1758305845,17.72,17.72,17.72,17.72,0
1758305850,17.72,17.72,17.72,17.72,0
1758305855,17.72,17.72,17.72,17.72,0
1758305860,17.72,17.72,17.72,17.72,0
1758305865,17.72,17.72,17.72,17.72,0
1758305870,17.72,17.72,17.72,17.72,0
1758305875,17.72,17.72,17.72,17.72,0
1758305880,17.72,17.72,17.72,17.72,0
1758305885,17.72,17.72,17.72,17.72,0
1758305890,17.72,17.72,17.72,17.72,0
1758305895,17.72,17.72,17.72,17.72,0
1758305900,17.72,17.72,17.72,17.72,0
1758305905,17.72,17.72,17.72,17.72,0
1758305910,17.72,17.72,17.72,17.72,0
1758305915,17.72,17.72,17.72,17.72,0
1758305920,17.72,17.72,17.72,17.72,0
1758305925,17.72,17.72,17.72,17.72,0
1758305930,17.72,17.72,17.72,17.72,0
1758305935,17.72,17.72,17.72,17.72,0
1758305940,17.72,17.72,17.72,17.72,0
1758305945,17.72,17.72,17.72,17.72,0
1758305950,17.72,17.72,17.72,17.72,0
1758305955,17.72,17.72,17.72,17.72,0
1758305960,17.72,17.72,17.72,17.72,0
1758305965,17.72,17.72,17.72,17.72,0
1758305970,17.72,17.72,17.72,17.72,0
1758305975,17.72,17.72,17.72,17.72,0
1758305980,17.71,17.71,17.71,17.71,1
1758305985,17.71,17.71,17.71,17.71,0
1758305990,17.71,17.71,17.71,17.71,0
1758305995,17.71,17.71,17.71,17.71,0
1758306000,17.71,17.71,17.71,17.71,0
1758306005,17.71,17.71,17.71,17.71,0
1758306010,17.71,17.71,17.71,17.71,0
1758306015,17.71,17.71,17.71,17.71,0
1758306020,17.71,17.71,17.71,17.71,0
1758306025,17.71,17.71,17.71,17.71,0
1758306030,17.71,17.71,17.71,17.71,0
1758306035,17.71,17.71,17.71,17.71,0
1758306040,17.71,17.71,17.71,17.71,0
1758306045,17.71,17.71,17.71,17.71,0
1758306050,17.71,17.71,17.71,17.71,0
1758306055,17.71,17.71,17.71,17.71,0
1758306060,17.71,17.71,17.71,17.71,0
1758306065,17.71,17.71,17.71,17.71,0
1758306070,17.71,17.71,17.71,17.71,0
1758306075,17.71,17.71,17.71,17.71,0
1758306080,17.71,17.71,17.71,17.71,0
1758306085,17.71,17.71,17.71,17.71,1
1758306090,17.71,17.71,17.71,17.71,0
1758306095,17.71,17.71,17.71,17.71,0
1758306100,17.71,17.71,17.71,17.71,0
1758306105,17.71,17.71,17.71,17.71,0
1758306110,17.71,17.71,17.71,17.71,0
1758306115,17.71,17.71,17.71,17.71,0
1758306120,17.71,17.71,17.71,17.71,0
1758306125,17.71,17.71,17.71,17.71,0
1758306130,17.71,17.71,17.71,17.71,0
1758306135,17.71,17.71,17.71,17.71,0
1758306140,17.71,17.71,17.71,17.71,0
1758306145,17.71,17.71,17.71,17.71,0
1758306150,17.71,17.71,17.71,17.71,0
1758306155,17.71,17.71,17.71,17.71,0
1758306160,17.71,17.71,17.71,17.71,0
1758306165,17.71,17.71,17.71,17.71,0
1758306170,17.71,17.71,17.71,17.71,0
1758306175,17.71,17.71,17.71,17.71,0
1758306180,17.71,17.71,17.71,17.71,0
1758306185,17.71,17.71,17.71,17.71,0
1758306190,17.71,17.71,17.71,17.71,0
1758306195,17.71,17.71,17.71,17.71,0
1758306200,17.71,17.71,17.71,17.71,0
1758306205,17.71,17.71,17.71,17.71,0
1758306210,17.71,17.71,17.71,17.71,0
1758306215,17.71,17.71,17.71,17.71,0
1758306220,17.71,17.71,17.71,17.71,0
1758306225,17.71,17.71,17.71,17.71,0
1758306230,17.71,17.71,17.71,17.71,0
1758306235,17.71,17.71,17.71,17.71,0
1758306240,17.71,17.71,17.71,17.71,0
1758306245,17.71,17.71,17.71,17.71,0
1758306250,17.71,17.71,17.71,17.71,0
1758306255,17.71,17.71,17.71,17.71,0
1758306260,17.71,17.71,17.71,17.71,0
1758306265,17.71,17.71,17.71,17.71,0
1758306270,17.71,17.71,17.71,17.71,0
1758306275,17.71,17.71,17.71,17.71,0
1758306280,17.71,17.71,17.71,17.71,0
1758306285,17.71,17.71,17.71,17.71,0
1758306290,17.71,17.71,17.71,17.71,0
1758306295,17.71,17.71,17.71,17.71,0
1758306300,17.71,17.71,17.71,17.71,0
1758306305,17.71,17.71,17.71,17.71,0
1758306310,17.71,17.71,17.71,17.71,0
1758306315,17.71,17.71,17.71,17.71,0
1758306320,17.71,17.71,17.71,17.71,0
1758306325,17.71,17.71,17.71,17.71,0
1758306330,17.71,17.71,17.71,17.71,0
1758306335,17.71,17.71,17.71,17.71,0
1758306340,17.71,17.71,17.71,17.71,0
1758306345,17.71,17.71,17.71,17.71,0
1758306350,17.71,17.71,17.71,17.71,0
1758306355,17.71,17.71,17.71,17.71,0
1758306360,17.71,17.71,17.71,17.71,0
1758306365,17.71,17.71,17.71,17.71,0
1758306370,17.71,17.71,17.71,17.71,0
1758306375,17.71,17.71,17.71,17.71,0
1758306380,17.71,17.71,17.71,17.71,0
1758306385,17.71,17.71,17.71,17.71,0
1758306390,17.71,17.71,17.71,17.71,0
1758306395,17.71,17.71,17.71,17.71,0
1758306400,17.71,17.71,17.71,17.71,0
1758306405,17.71,17.71,17.71,17.71,0
1758306410,17.71,17.71,17.71,17.71,0
1758306415,17.71,17.71,17.71,17.71,0
1758306420,17.71,17.71,17.71,17.71,0
1758306425,17.71,17.71,17.71,17.71,0
1758306430,17.71,17.71,17.71,17.71,0
1758306435,17.71,17.71,17.71,17.71,0
1758306440,17.71,17.71,17.71,17.71,0
1758306445,17.71,17.71,17.71,17.71,0
1758306450,17.71,17.71,17.71,17.71,0
1758306455,17.71,17.71,17.71,17.71,0
1758306460,17.71,17.71,17.71,17.71,0
1758306465,17.71,17.71,17.71,17.71,0
1758306470,17.71,17.71,17.71,17.71,0
1758306475,17.71,17.71,17.71,17.71,0
1758306480,17.71,17.71,17.71,17.71,0
1758306485,17.71,17.71,17.71,17.71,0
1758306490,17.71,17.71,17.71,17.71,0
1758306495,17.71,17.71,17.71,17.71,0
1758306500,17.71,17.71,17.71,17.71,0
1758306505,17.71,17.71,17.71,17.71,0
1758306510,17.71,17.71,17.71,17.71,0
1758306515,17.71,17.71,17.71,17.71,0
1758306520,17.71,17.71,17.71,17.71,0
1758306525,17.71,17.71,17.71,17.71,0
1758306530,17.71,17.71,17.71,17.71,0
1758306535,17.71,17.71,17.71,17.71,0
1758306540,17.71,17.71,17.71,17.71,0
1758306545,17.71,17.71,17.71,17.71,0
1758306550,17.71,17.71,17.71,17.71,0
1758306555,17.71,17.71,17.71,17.71,0
1758306560,17.71,17.71,17.71,17.71,0
1758306565,17.71,17.71,17.71,17.71,0
1758306570,17.71,17.71,17.71,17.71,0
1758306575,17.71,17.71,17.71,17.71,0
1758306580,17.71,17.71,17.71,17.71,0
1758306585,17.71,17.71,17.71,17.71,0
1758306590,17.71,17.71,17.71,17.71,0
1758306595,17.71,17.71,17.71,17.71,0
1758306600,17.71,17.71,17.71,17.71,0
1758306605,17.71,17.71,17.71,17.71,0
1758306610,17.71,17.71,17.71,17.71,0
1758306615,17.71,17.71,17.71,17.71,0
1758306620,17.71,17.71,17.71,17.71,0
1758306625,17.71,17.71,17.71,17.71,0
1758306630,17.71,17.71,17.71,17.71,0
1758306635,17.71,17.71,17.71,17.71,0
1758306640,17.71,17.71,17.71,17.71,0
1758306645,17.71,17.71,17.71,17.71,0
1758306650,17.71,17.71,17.71,17.71,0
1758306655,17.71,17.71,17.71,17.71,0
1758306660,17.71,17.71,17.71,17.71,0
1758306665,17.71,17.71,17.71,17.71,0
1758306670,17.71,17.71,17.71,17.71,0
1758306675,17.71,17.71,17.71,17.71,0
1758306680,17.71,17.71,17.71,17.71,0
1758306685,17.71,17.71,17.71,17.71,0
1758306690,17.71,17.71,17.71,17.71,0
1758306695,17.71,17.71,17.71,17.71,0
1758306700,17.71,17.71,17.71,17.71,0
1758306705,17.71,17.71,17.71,17.71,0
1758306710,17.71,17.71,17.71,17.71,0
1758306715,17.71,17.71,17.71,17.71,0
1758306720,17.71,17.71,17.71,17.71,0
1758306725,17.71,17.71,17.71,17.71,0
1758306730,17.71,17.71,17.71,17.71,0
1758306735,17.71,17.71,17.71,17.71,0
1758306740,17.71,17.71,17.71,17.71,0
1758306745,17.71,17.71,17.71,17.71,0
1758306750,17.71,17.71,17.71,17.71,0
1758306755,17.71,17.71,17.71,17.71,0
1758306760,17.71,17.71,17.71,17.71,0
1758306765,17.71,17.71,17.71,17.71,0
1758306770,17.71,17.71,17.71,17.71,0
1758306775,17.71,17.71,17.71,17.71,0
1758306780,17.71,17.71,17.71,17.71,0
1758306785,17.71,17.71,17.71,17.71,0
1758306790,17.71,17.71,17.71,17.71,0
1758306795,17.7,17.7,17.68,17.68,15
1758306800,17.68,17.68,17.68,17.68,0
1758306805,17.68,17.68,17.68,17.68,0
1758306810,17.68,17.68,17.68,17.68,0
1758306815,17.68,17.68,17.68,17.68,0
1758306820,17.68,17.68,17.68,17.68,0
1758306825,17.68,17.68,17.68,17.68,0
1758306830,17.68,17.68,17.68,17.68,0
1758306835,17.68,17.68,17.68,17.68,0
1758306840,17.68,17.68,17.68,17.68,0
1758306845,17.68,17.68,17.68,17.68,0
1758306850,17.68,17.68,17.68,17.68,0
1758306855,17.68,17.68,17.68,17.68,0
1758306860,17.68,17.68,17.68,17.68,0
1758306865,17.68,17.68,17.68,17.68,0
1758306870,17.68,17.68,17.68,17.68,0
1758306875,17.68,17.68,17.68,17.68,0
1758306880,17.68,17.68,17.68,17.68,0
1758306885,17.68,17.68,17.68,17.68,0
1758306890,17.68,17.68,17.68,17.68,0
1758306895,17.68,17.68,17.68,17.68,0
1758306900,17.68,17.68,17.68,17.68,0
1758306905,17.68,17.68,17.68,17.68,0
1758306910,17.68,17.68,17.68,17.68,0
1758306915,17.68,17.68,17.68,17.68,0
1758306920,17.68,17.68,17.68,17.68,0
1758306925,17.68,17.68,17.68,17.68,0
1758306930,17.68,17.68,17.68,17.68,0
1758306935,17.68,17.68,17.68,17.68,0
1758306940,17.68,17.68,17.68,17.68,0
1758306945,17.68,17.68,17.68,17.68,0
1758306950,17.68,17.68,17.68,17.68,0
1758306955,17.68,17.68,17.68,17.68,0
1758306960,17.68,17.68,17.68,17.68,0
1758306965,17.68,17.68,17.68,17.68,0
1758306970,17.68,17.68,17.68,17.68,0
1758306975,17.68,17.68,17.68,17.68,0
1758306980,17.68,17.68,17.68,17.68,0
1758306985,17.68,17.68,17.68,17.68,0
1758306990,17.68,17.68,17.68,17.68,0
1758306995,17.68,17.68,17.68,17.68,0
1758307000,17.68,17.68,17.68,17.68,0
1758307005,17.68,17.68,17.68,17.68,0
1758307010,17.68,17.68,17.68,17.68,0
1758307015,17.68,17.68,17.68,17.68,0
1758307020,17.68,17.68,17.68,17.68,0
1758307025,17.68,17.68,17.68,17.68,0
1758307030,17.68,17.68,17.68,17.68,0
1758307035,17.68,17.68,17.68,17.68,0
1758307040,17.68,17.68,17.68,17.68,0
1758307045,17.68,17.68,17.68,17.68,0
1758307050,17.68,17.68,17.68,17.68,0
1758307055,17.68,17.68,17.68,17.68,0
1758307060,17.68,17.68,17.68,17.68,0
1758307065,17.68,17.68,17.68,17.68,0
1758307070,17.68,17.68,17.68,17.68,0
1758307075,17.68,17.68,17.68,17.68,0
1758307080,17.68,17.68,17.68,17.68,0
1758307085,17.68,17.68,17.68,17.68,0
1758307090,17.68,17.68,17.68,17.68,0
1758307095,17.68,17.68,17.68,17.68,0
1758307100,17.68,17.68,17.68,17.68,0
1758307105,17.68,17.68,17.68,17.68,0
1758307110,17.68,17.68,17.68,17.68,0
1758307115,17.68,17.68,17.68,17.68,0
1758307120,17.68,17.68,17.68,17.68,0
1758307125,17.68,17.68,17.68,17.68,0
1758307130,17.68,17.68,17.68,17.68,0
1758307135,17.68,17.68,17.68,17.68,0
1758307140,17.68,17.68,17.68,17.68,0
1758307145,17.68,17.68,17.68,17.68,0
1758307150,17.68,17.68,17.68,17.68,0
1758307155,17.68,17.68,17.68,17.68,0
1758307160,17.68,17.68,17.68,17.68,0
1758307165,17.68,17.68,17.68,17.68,0
1758307170,17.68,17.68,17.68,17.68,0
1758307175,17.68,17.68,17.68,17.68,0
1758307180,17.68,17.68,17.68,17.68,0
1758307185,17.68,17.68,17.68,17.68,0
1758307190,17.68,17.68,17.68,17.68,0
1758307195,17.68,17.68,17.68,17.68,0
1758307200,17.68,17.68,17.68,17.68,0
1758307205,17.68,17.68,17.68,17.68,0
1758307210,17.68,17.68,17.68,17.68,0
1758307215,17.68,17.68,17.68,17.68,0
1758307220,17.68,17.68,17.68,17.68,0
1758307225,17.68,17.68,17.68,17.68,0
1758307230,17.68,17.68,17.68,17.68,0
1758307235,17.68,17.68,17.68,17.68,0
1758307240,17.68,17.68,17.68,17.68,0
1758307245,17.68,17.68,17.68,17.68,0
1758307250,17.68,17.68,17.68,17.68,0
1758307255,17.68,17.68,17.68,17.68,0
1758307260,17.68,17.68,17.68,17.68,0
1758307265,17.68,17.68,17.68,17.68,0
1758307270,17.68,17.68,17.68,17.68,0
1758307275,17.68,17.68,17.68,17.68,0
1758307280,17.68,17.68,17.68,17.68,0
1758307285,17.68,17.68,17.68,17.68,0
1758307290,17.68,17.68,17.68,17.68,0
1758307295,17.68,17.68,17.68,17.68,0
1758307300,17.68,17.68,17.68,17.68,0
1758307305,17.68,17.68,17.68,17.68,0
1758307310,17.68,17.68,17.68,17.68,0
1758307315,17.68,17.68,17.68,17.68,0
1758307320,17.68,17.68,17.68,17.68,0
1758307325,17.68,17.68,17.68,17.68,0
1758307330,17.68,17.68,17.68,17.68,0
1758307335,17.68,17.68,17.68,17.68,0
1758307340,17.68,17.68,17.68,17.68,0
1758307345,17.68,17.68,17.68,17.68,0
1758307350,17.68,17.68,17.68,17.68,0
1758307355,17.68,17.68,17.68,17.68,0
1758307360,17.68,17.68,17.68,17.68,0
1758307365,17.68,17.68,17.68,17.68,0
1758307370,17.68,17.68,17.68,17.68,0
1758307375,17.68,17.68,17.68,17.68,0
1758307380,17.68,17.68,17.68,17.68,0
1758307385,17.68,17.68,17.68,17.68,0
1758307390,17.68,17.68,17.68,17.68,0
1758307395,17.68,17.68,17.68,17.68,0
1758307400,17.68,17.68,17.68,17.68,0
1758307405,17.68,17.68,17.68,17.68,0
1758307410,17.68,17.68,17.68,17.68,0
1758307415,17.68,17.68,17.68,17.68,0
1758307420,17.68,17.68,17.68,17.68,0
1758307425,17.68,17.68,17.68,17.68,0
1758307430,17.68,17.68,17.68,17.68,0
1758307435,17.68,17.68,17.68,17.68,0
1758307440,17.68,17.68,17.68,17.68,0
1758307445,17.68,17.68,17.68,17.68,0
1758307450,17.68,17.68,17.68,17.68,0
1758307455,17.68,17.68,17.68,17.68,0
1758307460,17.68,17.68,17.68,17.68,0
1758307465,17.68,17.68,17.68,17.68,0
1758307470,17.68,17.68,17.68,17.68,0
1758307475,17.68,17.68,17.68,17.68,0
1758307480,17.68,17.68,17.68,17.68,0
1758307485,17.68,17.68,17.68,17.68,0
1758307490,17.68,17.68,17.68,17.68,0
1758307495,17.68,17.68,17.68,17.68,0
1758307500,17.68,17.68,17.68,17.68,0
1758307505,17.68,17.68,17.68,17.68,0
1758307510,17.68,17.68,17.68,17.68,0
1758307515,17.68,17.68,17.68,17.68,0
1758307520,17.68,17.68,17.68,17.68,0
1758307525,17.68,17.68,17.68,17.68,0
1758307530,17.68,17.68,17.68,17.68,0
1758307535,17.68,17.68,17.68,17.68,0
1758307540,17.68,17.68,17.68,17.68,0
1758307545,17.68,17.68,17.68,17.68,0
1758307550,17.68,17.68,17.68,17.68,0
1758307555,17.68,17.68,17.68,17.68,0
1758307560,17.68,17.68,17.68,17.68,0
1758307565,17.68,17.68,17.68,17.68,0
1758307570,17.68,17.68,17.68,17.68,0
1758307575,17.68,17.68,17.68,17.68,0
1758307580,17.68,17.68,17.68,17.68,0
1758307585,17.68,17.68,17.68,17.68,0
1758307590,17.68,17.68,17.68,17.68,0
1758307595,17.68,17.68,17.68,17.68,0
1758307600,17.68,17.68,17.68,17.68,0
1758307605,17.68,17.68,17.68,17.68,0
1758307610,17.68,17.68,17.68,17.68,0
1758307615,17.68,17.68,17.68,17.68,0
1758307620,17.68,17.68,17.68,17.68,0
1758307625,17.68,17.68,17.68,17.68,0
1758307630,17.68,17.68,17.68,17.68,0
1758307635,17.68,17.68,17.68,17.68,0
1758307640,17.68,17.68,17.68,17.68,0
1758307645,17.68,17.68,17.68,17.68,0
1758307650,17.68,17.68,17.68,17.68,0
1758307655,17.68,17.68,17.68,17.68,0
1758307660,17.68,17.68,17.68,17.68,0
1758307665,17.68,17.68,17.68,17.68,0
1758307670,17.68,17.68,17.68,17.68,0
1758307675,17.68,17.68,17.68,17.68,0
1758307680,17.68,17.68,17.68,17.68,0
1758307685,17.68,17.68,17.68,17.68,0
1758307690,17.68,17.68,17.68,17.68,0
1758307695,17.68,17.68,17.68,17.68,0
1758307700,17.68,17.68,17.68,17.68,0
1758307705,17.68,17.68,17.68,17.68,0
1758307710,17.68,17.68,17.68,17.68,0
1758307715,17.68,17.68,17.68,17.68,0
1758307720,17.68,17.68,17.68,17.68,0
1758307725,17.68,17.68,17.68,17.68,0
1758307730,17.68,17.68,17.68,17.68,0
1758307735,17.68,17.68,17.68,17.68,1
1758307740,17.68,17.68,17.68,17.68,0
1758307745,17.69,17.7,17.69,17.7,8
1758307750,17.7,17.7,17.7,17.7,0
1758307755,17.7,17.7,17.7,17.7,0
1758307760,17.7,17.7,17.7,17.7,0
1758307765,17.7,17.7,17.7,17.7,0
1758307770,17.7,17.7,17.7,17.7,0
1758307775,17.7,17.7,17.7,17.7,0
1758307780,17.7,17.7,17.7,17.7,0
1758307785,17.7,17.7,17.7,17.7,0
1758307790,17.69,17.69,17.69,17.69,1
1758307795,17.69,17.69,17.69,17.69,0
1758307800,17.69,17.69,17.69,17.69,0
1758307805,17.69,17.69,17.69,17.69,0
1758307810,17.69,17.69,17.69,17.69,0
1758307815,17.69,17.69,17.69,17.69,0
1758307820,17.68,17.68,17.68,17.68,1
1758307825,17.68,17.68,17.68,17.68,0
1758307830,17.68,17.68,17.68,17.68,0
1758307835,17.68,17.68,17.68,17.68,0
1758307840,17.68,17.68,17.68,17.68,0
1758307845,17.68,17.68,17.68,17.68,0
1758307850,17.68,17.68,17.68,17.68,0
1758307855,17.68,17.68,17.68,17.68,0
1758307860,17.68,17.68,17.68,17.68,0
1758307865,17.68,17.68,17.68,17.68,0
1758307870,17.68,17.68,17.68,17.68,0
1758307875,17.68,17.68,17.68,17.68,0
1758307880,17.68,17.68,17.68,17.68,0
1758307885,17.7,17.7,17.7,17.7,6
1758307890,17.7,17.7,17.7,17.7,0
1758307895,17.7,17.7,17.7,17.7,0
1758307900,17.7,17.7,17.7,17.7,0
1758307905,17.7,17.7,17.7,17.7,0
1758307910,17.7,17.7,17.7,17.7,0
1758307915,17.7,17.7,17.7,17.7,0
1758307920,17.7,17.7,17.7,17.7,0
1758307925,17.7,17.7,17.7,17.7,0
1758307930,17.7,17.7,17.7,17.7,0
1758307935,17.7,17.7,17.7,17.7,0
1758307940,17.7,17.7,17.7,17.7,0
1758307945,17.7,17.7,17.7,17.7,0
1758307950,17.7,17.7,17.7,17.7,0
1758307955,17.7,17.7,17.7,17.7,0
1758307960,17.7,17.7,17.7,17.7,0
1758307965,17.7,17.7,17.7,17.7,0
1758307970,17.72,17.72,17.72,17.72,1
1758307975,17.72,17.72,17.72,17.72,0
1758307980,17.72,17.72,17.72,17.72,0
1758307985,17.72,17.72,17.72,17.72,0
1758307990,17.71,17.71,17.71,17.71,1
1758307995,17.71,17.71,17.71,17.71,0
1758308000,17.71,17.71,17.71,17.71,0
1758308005,17.71,17.71,17.71,17.71,0
1758308010,17.71,17.71,17.71,17.71,0
1758308015,17.71,17.71,17.71,17.71,0
1758308020,17.71,17.71,17.71,17.71,0
1758308025,17.71,17.71,17.71,17.71,0
1758308030,17.71,17.71,17.71,17.71,0
1758308035,17.71,17.71,17.71,17.71,0
1758308040,17.71,17.71,17.71,17.71,0
1758308045,17.71,17.71,17.71,17.71,0
1758308050,17.71,17.71,17.71,17.71,0
1758308055,17.71,17.71,17.71,17.71,0
1758308060,17.71,17.71,17.71,17.71,0
1758308065,17.71,17.71,17.71,17.71,0
1758308070,17.71,17.71,17.71,17.71,0
1758308075,17.71,17.71,17.71,17.71,0
1758308080,17.71,17.71,17.71,17.71,0
1758308085,17.71,17.71,17.71,17.71,0
1758308090,17.71,17.71,17.71,17.71,0
1758308095,17.71,17.71,17.71,17.71,0
1758308100,17.71,17.71,17.71,17.71,0
1758308105,17.71,17.71,17.71,17.71,0
1758308110,17.71,17.71,17.71,17.71,0
1758308115,17.71,17.71,17.71,17.71,0
1758308120,17.71,17.71,17.71,17.71,0
1758308125,17.71,17.71,17.71,17.71,0
1758308130,17.71,17.71,17.71,17.71,0
1758308135,17.71,17.71,17.71,17.71,0
1758308140,17.71,17.71,17.71,17.71,0
1758308145,17.71,17.71,17.71,17.71,0
1758308150,17.71,17.71,17.71,17.71,0
1758308155,17.71,17.71,17.71,17.71,0
1758308160,17.71,17.71,17.71,17.71,0
1758308165,17.71,17.71,17.71,17.71,0
1758308170,17.71,17.71,17.71,17.71,0
1758308175,17.71,17.71,17.71,17.71,0
1758308180,17.71,17.71,17.71,17.71,0
1758308185,17.71,17.71,17.71,17.71,0
1758308190,17.71,17.71,17.71,17.71,0
1758308195,17.71,17.71,17.71,17.71,0
1758308200,17.71,17.71,17.71,17.71,0
1758308205,17.71,17.71,17.71,17.71,0
1758308210,17.71,17.71,17.71,17.71,0
1758308215,17.71,17.71,17.71,17.71,0
1758308220,17.71,17.71,17.71,17.71,0
1758308225,17.71,17.71,17.71,17.71,0
1758308230,17.71,17.71,17.71,17.71,0
1758308235,17.71,17.71,17.71,17.71,0
1758308240,17.71,17.71,17.71,17.71,0
1758308245,17.71,17.71,17.71,17.71,0
1758308250,17.71,17.71,17.71,17.71,0
1758308255,17.71,17.71,17.71,17.71,0
1758308260,17.71,17.71,17.71,17.71,0
1758308265,17.71,17.71,17.71,17.71,0
1758308270,17.71,17.71,17.71,17.71,0
1758308275,17.71,17.71,17.71,17.71,0
1758308280,17.71,17.71,17.71,17.71,0
1758308285,17.71,17.71,17.71,17.71,0
1758308290,17.71,17.71,17.71,17.71,0
1758308295,17.67,17.67,17.67,17.67,1
1758308300,17.67,17.67,17.67,17.67,0
1758308305,17.67,17.67,17.67,17.67,0
1758308310,17.67,17.67,17.67,17.67,0
1758308315,17.67,17.67,17.67,17.67,0
1758308320,17.67,17.67,17.67,17.67,0
1758308325,17.67,17.67,17.67,17.67,0
1758308330,17.67,17.67,17.67,17.67,0
1758308335,17.67,17.67,17.67,17.67,0
1758308340,17.67,17.67,17.67,17.67,0
1758308345,17.67,17.67,17.67,17.67,0
1758308350,17.67,17.67,17.67,17.67,0
1758308355,17.67,17.67,17.67,17.67,0
1758308360,17.67,17.67,17.67,17.67,0
1758308365,17.67,17.67,17.67,17.67,0
1758308370,17.67,17.67,17.67,17.67,0
1758308375,17.67,17.67,17.67,17.67,0
1758308380,17.67,17.67,17.67,17.67,0
1758308385,17.67,17.67,17.67,17.67,0
1758308390,17.67,17.67,17.67,17.67,0
1758308395,17.67,17.67,17.67,17.67,0
1758308400,17.67,17.67,17.67,17.67,0
1758308405,17.67,17.67,17.67,17.67,0
1758308410,17.67,17.67,17.67,17.67,0
1758308415,17.67,17.67,17.67,17.67,0
1758308420,17.67,17.67,17.67,17.67,0
1758308425,17.67,17.67,17.67,17.67,0
1758308430,17.68,17.68,17.68,17.68,2
1758308435,17.68,17.68,17.68,17.68,0
1758308440,17.68,17.68,17.68,17.68,2
1758308445,17.68,17.68,17.68,17.68,0
1758308450,17.68,17.68,17.68,17.68,0
1758308455,17.68,17.68,17.68,17.68,0
1758308460,17.68,17.68,17.68,17.68,0
1758308465,17.68,17.68,17.68,17.68,0
1758308470,17.68,17.68,17.68,17.68,0
1758308475,17.68,17.68,17.68,17.68,0
1758308480,17.68,17.68,17.68,17.68,0
1758308485,17.68,17.68,17.68,17.68,0
1758308490,17.68,17.68,17.68,17.68,0
1758308495,17.68,17.68,17.68,17.68,0
1758308500,17.68,17.68,17.68,17.68,0
1758308505,17.68,17.68,17.68,17.68,0
1758308510,17.68,17.68,17.68,17.68,0
1758308515,17.68,17.68,17.68,17.68,0
1758308520,17.68,17.68,17.68,17.68,0
1758308525,17.68,17.68,17.68,17.68,0
1758308530,17.68,17.68,17.68,17.68,0
1758308535,17.68,17.68,17.68,17.68,0
1758308540,17.68,17.68,17.68,17.68,0
1758308545,17.68,17.68,17.68,17.68,0
1758308550,17.68,17.68,17.68,17.68,0
1758308555,17.68,17.68,17.68,17.68,0
1758308560,17.68,17.68,17.68,17.68,0
1758308565,17.68,17.68,17.68,17.68,0
1758308570,17.68,17.68,17.68,17.68,0
1758308575,17.68,17.68,17.68,17.68,0
1758308580,17.68,17.68,17.68,17.68,0
1758308585,17.68,17.68,17.68,17.68,0
1758308590,17.68,17.68,17.68,17.68,0
1758308595,17.68,17.68,17.68,17.68,0
1758308600,17.68,17.68,17.68,17.68,0
1758308605,17.68,17.68,17.68,17.68,0
1758308610,17.68,17.68,17.68,17.68,0
1758308615,17.68,17.68,17.68,17.68,0
1758308620,17.68,17.68,17.68,17.68,0
1758308625,17.68,17.68,17.68,17.68,0
1758308630,17.68,17.68,17.68,17.68,0
1758308635,17.68,17.68,17.68,17.68,0
1758308640,17.68,17.68,17.68,17.68,0
1758308645,17.68,17.68,17.68,17.68,0
1758308650,17.68,17.68,17.68,17.68,0
1758308655,17.68,17.68,17.68,17.68,0
1758308660,17.68,17.68,17.68,17.68,0
1758308665,17.68,17.68,17.68,17.68,0
1758308670,17.68,17.68,17.68,17.68,0
1758308675,17.68,17.68,17.68,17.68,0
1758308680,17.68,17.68,17.68,17.68,0
1758308685,17.68,17.68,17.68,17.68,0
1758308690,17.68,17.68,17.68,17.68,0
1758308695,17.68,17.68,17.68,17.68,0
1758308700,17.68,17.68,17.68,17.68,0
1758308705,17.68,17.68,17.68,17.68,0
1758308710,17.68,17.68,17.68,17.68,0
1758308715,17.68,17.68,17.68,17.68,0
1758308720,17.68,17.68,17.68,17.68,0
1758308725,17.68,17.68,17.68,17.68,0
1758308730,17.68,17.68,17.68,17.68,0
1758308735,17.68,17.68,17.68,17.68,0
1758308740,17.68,17.68,17.68,17.68,0
1758308745,17.68,17.68,17.68,17.68,0
1758308750,17.68,17.68,17.68,17.68,0
1758308755,17.68,17.68,17.68,17.68,0
1758308760,17.68,17.68,17.68,17.68,0
1758308765,17.68,17.68,17.68,17.68,0
1758308770,17.68,17.68,17.68,17.68,0
1758308775,17.68,17.68,17.68,17.68,0
1758308780,17.68,17.68,17.68,17.68,0
1758308785,17.68,17.68,17.68,17.68,0
1758308790,17.68,17.68,17.68,17.68,0
1758308795,17.68,17.68,17.68,17.68,0
1758308800,17.68,17.68,17.68,17.68,0
1758308805,17.68,17.68,17.68,17.68,0
1758308810,17.68,17.68,17.68,17.68,0
1758308815,17.68,17.68,17.68,17.68,0
1758308820,17.68,17.68,17.68,17.68,0
1758308825,17.68,17.68,17.68,17.68,0
1758308830,17.68,17.68,17.68,17.68,0
1758308835,17.68,17.68,17.68,17.68,0
1758308840,17.68,17.68,17.68,17.68,0
1758308845,17.68,17.68,17.68,17.68,0
1758308850,17.68,17.68,17.68,17.68,0
1758308855,17.68,17.68,17.68,17.68,0
1758308860,17.68,17.68,17.68,17.68,0
1758308865,17.68,17.68,17.68,17.68,0
1758308870,17.68,17.68,17.68,17.68,0
1758308875,17.68,17.68,17.68,17.68,0
1758308880,17.68,17.68,17.68,17.68,0
1758308885,17.68,17.68,17.68,17.68,0
1758308890,17.68,17.68,17.68,17.68,0
1758308895,17.68,17.68,17.68,17.68,0
1758308900,17.68,17.68,17.68,17.68,0
1758308905,17.68,17.68,17.68,17.68,0
1758308910,17.68,17.68,17.68,17.68,0
1758308915,17.68,17.68,17.68,17.68,0
1758308920,17.68,17.68,17.68,17.68,0
1758308925,17.68,17.68,17.68,17.68,0
1758308930,17.68,17.68,17.68,17.68,0
1758308935,17.68,17.68,17.68,17.68,0
1758308940,17.68,17.68,17.68,17.68,0
1758308945,17.68,17.68,17.68,17.68,0
1758308950,17.68,17.68,17.68,17.68,0
1758308955,17.68,17.68,17.68,17.68,0
1758308960,17.68,17.68,17.68,17.68,0
1758308965,17.68,17.68,17.68,17.68,0
1758308970,17.68,17.68,17.68,17.68,0
1758308975,17.68,17.68,17.68,17.68,0
1758308980,17.68,17.68,17.68,17.68,0
1758308985,17.68,17.68,17.68,17.68,0
1758308990,17.68,17.68,17.68,17.68,0
1758308995,17.68,17.68,17.68,17.68,0
1758309000,17.68,17.68,17.68,17.68,0
1758309005,17.68,17.68,17.68,17.68,0
1758309010,17.68,17.68,17.68,17.68,0
1758309015,17.68,17.68,17.68,17.68,0
1758309020,17.68,17.68,17.68,17.68,0
1758309025,17.68,17.68,17.68,17.68,0
1758309030,17.68,17.68,17.68,17.68,0
1758309035,17.68,17.68,17.68,17.68,0
1758309040,17.68,17.68,17.68,17.68,0
1758309045,17.68,17.68,17.68,17.68,0
1758309050,17.68,17.68,17.68,17.68,0
1758309055,17.68,17.68,17.68,17.68,0
1758309060,17.68,17.68,17.68,17.68,0
1758309065,17.68,17.68,17.68,17.68,0
1758309070,17.68,17.68,17.68,17.68,0
1758309075,17.68,17.68,17.68,17.68,0
1758309080,17.68,17.68,17.68,17.68,0
1758309085,17.68,17.68,17.68,17.68,0
1758309090,17.68,17.68,17.68,17.68,0
1758309095,17.68,17.68,17.68,17.68,0
1758309100,17.68,17.68,17.68,17.68,0
1758309105,17.68,17.68,17.68,17.68,0
1758309110,17.68,17.68,17.68,17.68,0
1758309115,17.68,17.68,17.68,17.68,0
1758309120,17.68,17.68,17.68,17.68,0
1758309125,17.68,17.68,17.68,17.68,0
1758309130,17.68,17.68,17.68,17.68,0
1758309135,17.68,17.68,17.68,17.68,0
1758309140,17.68,17.68,17.68,17.68,0
1758309145,17.68,17.68,17.68,17.68,0
1758309150,17.68,17.68,17.68,17.68,0
1758309155,17.68,17.68,17.68,17.68,5
1758309160,17.68,17.68,17.68,17.68,0
1758309165,17.68,17.68,17.68,17.68,0
1758309170,17.68,17.68,17.68,17.68,0
1758309175,17.68,17.68,17.68,17.68,0
1758309180,17.68,17.68,17.68,17.68,0
1758309185,17.68,17.68,17.68,17.68,0
1758309190,17.68,17.68,17.68,17.68,0
1758309195,17.68,17.68,17.68,17.68,0
1758309200,17.68,17.68,17.68,17.68,0
1758309205,17.68,17.68,17.68,17.68,0
1758309210,17.68,17.68,17.68,17.68,0
1758309215,17.68,17.68,17.68,17.68,0
1758309220,17.68,17.68,17.68,17.68,0
1758309225,17.68,17.68,17.68,17.68,0
1758309230,17.68,17.68,17.68,17.68,0
1758309235,17.68,17.68,17.68,17.68,0
1758309240,17.68,17.68,17.68,17.68,0
1758309245,17.68,17.68,17.68,17.68,0
1758309250,17.68,17.68,17.68,17.68,0
1758309255,17.68,17.68,17.68,17.68,0
1758309260,17.68,17.68,17.68,17.68,0
1758309265,17.68,17.68,17.68,17.68,0
1758309270,17.68,17.68,17.68,17.68,0
1758309275,17.68,17.68,17.68,17.68,0
1758309280,17.68,17.68,17.68,17.68,0
1758309285,17.68,17.68,17.68,17.68,0
1758309290,17.68,17.68,17.68,17.68,0
1758309295,17.68,17.68,17.68,17.68,0
1758309300,17.68,17.68,17.68,17.68,0
1758309305,17.68,17.68,17.68,17.68,0
1758309310,17.68,17.68,17.68,17.68,0
1758309315,17.68,17.68,17.68,17.68,0
1758309320,17.68,17.68,17.68,17.68,0
1758309325,17.68,17.68,17.68,17.68,0
1758309330,17.68,17.68,17.68,17.68,0
1758309335,17.68,17.68,17.68,17.68,0
1758309340,17.68,17.68,17.68,17.68,0
1758309345,17.68,17.68,17.68,17.68,0
1758309350,17.68,17.68,17.68,17.68,0
1758309355,17.68,17.68,17.68,17.68,0
1758309360,17.68,17.68,17.68,17.68,0
1758309365,17.68,17.68,17.68,17.68,0
1758309370,17.68,17.68,17.68,17.68,0
1758309375,17.68,17.68,17.68,17.68,0
1758309380,17.68,17.68,17.68,17.68,0
1758309385,17.68,17.68,17.68,17.68,0
1758309390,17.68,17.68,17.68,17.68,0
1758309395,17.68,17.68,17.68,17.68,0
1758309400,17.68,17.68,17.68,17.68,0
1758309405,17.68,17.68,17.68,17.68,0
1758309410,17.68,17.68,17.68,17.68,0
1758309415,17.68,17.68,17.68,17.68,0
1758309420,17.68,17.68,17.68,17.68,0
1758309425,17.68,17.68,17.68,17.68,0
1758309430,17.68,17.68,17.68,17.68,0
1758309435,17.68,17.68,17.68,17.68,0
1758309440,17.68,17.68,17.68,17.68,0
1758309445,17.68,17.68,17.68,17.68,0
1758309450,17.68,17.68,17.68,17.68,1
1758309455,17.68,17.68,17.68,17.68,0
1758309460,17.68,17.68,17.68,17.68,0
1758309465,17.68,17.68,17.68,17.68,0
1758309470,17.68,17.68,17.68,17.68,0
1758309475,17.68,17.68,17.68,17.68,0
1758309480,17.68,17.68,17.68,17.68,0
1758309485,17.68,17.68,17.68,17.68,0
1758309490,17.68,17.68,17.68,17.68,0
1758309495,17.68,17.68,17.68,17.68,0
1758309500,17.68,17.68,17.68,17.68,0
1758309505,17.68,17.68,17.68,17.68,0
1758309510,17.68,17.68,17.68,17.68,0
1758309515,17.68,17.68,17.68,17.68,0
1758309520,17.68,17.68,17.68,17.68,0
1758309525,17.68,17.68,17.68,17.68,0
1758309530,17.68,17.68,17.68,17.68,0
1758309535,17.68,17.68,17.68,17.68,0
1758309540,17.68,17.68,17.68,17.68,0
1758309545,17.68,17.68,17.68,17.68,0
1758309550,17.68,17.68,17.68,17.68,0
1758309555,17.68,17.68,17.68,17.68,0
1758309560,17.68,17.68,17.68,17.68,0
1758309565,17.68,17.68,17.68,17.68,0
1758309570,17.68,17.68,17.68,17.68,0
1758309575,17.68,17.68,17.68,17.68,0
1758309580,17.68,17.68,17.68,17.68,0
1758309585,17.68,17.68,17.68,17.68,0
1758309590,17.68,17.68,17.68,17.68,0
1758309595,17.68,17.68,17.68,17.68,0
1758309600,17.68,17.68,17.68,17.68,0
1758309605,17.68,17.68,17.68,17.68,0
1758309610,17.68,17.68,17.68,17.68,0
1758309615,17.68,17.68,17.68,17.68,0
1758309620,17.68,17.68,17.68,17.68,0
1758309625,17.68,17.68,17.68,17.68,0
1758309630,17.68,17.68,17.68,17.68,0
1758309635,17.68,17.68,17.68,17.68,0
1758309640,17.68,17.68,17.68,17.68,0
1758309645,17.68,17.68,17.68,17.68,0
1758309650,17.68,17.68,17.68,17.68,0
1758309655,17.68,17.68,17.68,17.68,0
1758309660,17.68,17.68,17.68,17.68,0
1758309665,17.68,17.68,17.68,17.68,0
1758309670,17.68,17.68,17.68,17.68,0
1758309675,17.68,17.68,17.68,17.68,0
1758309680,17.68,17.68,17.68,17.68,0
1758309685,17.68,17.68,17.68,17.68,0
1758309690,17.68,17.68,17.68,17.68,0
1758309695,17.68,17.68,17.68,17.68,0
1758309700,17.68,17.68,17.68,17.68,0
1758309705,17.68,17.68,17.68,17.68,0
1758309710,17.68,17.68,17.68,17.68,0
1758309715,17.68,17.68,17.68,17.68,0
1758309720,17.68,17.68,17.68,17.68,0
1758309725,17.68,17.68,17.68,17.68,0
1758309730,17.68,17.68,17.68,17.68,0
1758309735,17.68,17.68,17.68,17.68,0
1758309740,17.68,17.68,17.68,17.68,0
1758309745,17.68,17.68,17.68,17.68,0
1758309750,17.68,17.68,17.68,17.68,0
1758309755,17.68,17.68,17.68,17.68,0
1758309760,17.68,17.68,17.68,17.68,0
1758309765,17.68,17.68,17.68,17.68,0
1758309770,17.68,17.68,17.68,17.68,0
1758309775,17.68,17.68,17.68,17.68,0
1758309780,17.68,17.68,17.68,17.68,0
1758309785,17.68,17.68,17.68,17.68,0
1758309790,17.68,17.68,17.68,17.68,0
1758309795,17.68,17.68,17.68,17.68,0
1758309800,17.68,17.68,17.68,17.68,0
1758309805,17.68,17.68,17.68,17.68,4
1758309810,17.68,17.68,17.68,17.68,0
1758309815,17.68,17.68,17.68,17.68,0
1758309820,17.68,17.68,17.68,17.68,0
1758309825,17.68,17.68,17.68,17.68,0
1758309830,17.68,17.68,17.68,17.68,0
1758309835,17.68,17.68,17.68,17.68,0
1758309840,17.68,17.68,17.68,17.68,0
1758309845,17.68,17.68,17.68,17.68,0
1758309850,17.68,17.68,17.68,17.68,0
1758309855,17.68,17.68,17.68,17.68,0
1758309860,17.68,17.68,17.68,17.68,0
1758309865,17.68,17.68,17.68,17.68,0
1758309870,17.68,17.68,17.68,17.68,0
1758309875,17.68,17.68,17.68,17.68,0
1758309880,17.68,17.68,17.68,17.68,0
1758309885,17.68,17.68,17.68,17.68,0
1758309890,17.68,17.68,17.68,17.68,0
1758309895,17.68,17.68,17.68,17.68,0
1758309900,17.68,17.68,17.68,17.68,0
1758309905,17.68,17.68,17.68,17.68,0
1758309910,17.68,17.68,17.68,17.68,0
1758309915,17.68,17.68,17.68,17.68,0
1758309920,17.68,17.68,17.68,17.68,0
1758309925,17.68,17.68,17.68,17.68,0
1758309930,17.67,17.67,17.67,17.67,1
1758309935,17.67,17.67,17.67,17.67,0
1758309940,17.67,17.67,17.67,17.67,0
1758309945,17.67,17.67,17.67,17.67,0
1758309950,17.67,17.67,17.67,17.67,0
1758309955,17.67,17.67,17.67,17.67,0
1758309960,17.67,17.67,17.67,17.67,0
1758309965,17.67,17.67,17.67,17.67,0
1758309970,17.67,17.67,17.67,17.67,0
1758309975,17.67,17.67,17.67,17.67,0
1758309980,17.67,17.67,17.67,17.67,0
1758309985,17.67,17.67,17.67,17.67,0
1758309990,17.67,17.67,17.67,17.67,7
1758309995,17.67,17.67,17.67,17.67,0
1758310000,17.67,17.67,17.67,17.67,0
1758310005,17.67,17.67,17.67,17.67,0
1758310010,17.67,17.67,17.67,17.67,0
1758310015,17.67,17.67,17.67,17.67,0
1758310020,17.67,17.67,17.67,17.67,0
1758310025,17.67,17.67,17.67,17.67,0
1758310030,17.67,17.67,17.67,17.67,0
1758310035,17.67,17.67,17.67,17.67,0
1758310040,17.67,17.67,17.67,17.67,0
1758310045,17.67,17.67,17.67,17.67,0
1758310050,17.67,17.67,17.67,17.67,0
1758310055,17.67,17.67,17.67,17.67,0
1758310060,17.67,17.67,17.67,17.67,0
1758310065,17.67,17.67,17.67,17.67,0
1758310070,17.67,17.67,17.67,17.67,0
1758310075,17.67,17.67,17.67,17.67,0
1758310080,17.67,17.67,17.67,17.67,0
1758310085,17.67,17.67,17.67,17.67,0
1758310090,17.67,17.67,17.67,17.67,0
1758310095,17.67,17.67,17.67,17.67,0
1758310100,17.67,17.67,17.67,17.67,0
1758310105,17.67,17.67,17.67,17.67,0
1758310110,17.67,17.67,17.67,17.67,0
1758310115,17.67,17.67,17.67,17.67,0
1758310120,17.67,17.67,17.67,17.67,0
1758310125,17.67,17.67,17.67,17.67,0
1758310130,17.67,17.67,17.67,17.67,0
1758310135,17.67,17.67,17.67,17.67,0
1758310140,17.67,17.67,17.67,17.67,0
1758310145,17.67,17.67,17.67,17.67,0
1758310150,17.67,17.67,17.67,17.67,0
1758310155,17.67,17.67,17.67,17.67,0
1758310160,17.67,17.67,17.67,17.67,0
1758310165,17.67,17.67,17.67,17.67,0
1758310170,17.67,17.67,17.67,17.67,0
1758310175,17.67,17.67,17.67,17.67,0
1758310180,17.67,17.67,17.67,17.67,0
1758310185,17.67,17.67,17.67,17.67,0
1758310190,17.67,17.67,17.67,17.67,0
1758310195,17.67,17.67,17.67,17.67,0
1758310200,17.67,17.67,17.67,17.67,0
1758310205,17.68,17.68,17.68,17.68,1
1758310210,17.68,17.68,17.68,17.68,0
1758310215,17.68,17.68,17.68,17.68,0
1758310220,17.68,17.68,17.68,17.68,0
1758310225,17.68,17.68,17.68,17.68,0
1758310230,17.68,17.68,17.68,17.68,0
1758310235,17.68,17.68,17.68,17.68,0
1758310240,17.68,17.68,17.68,17.68,0
1758310245,17.68,17.68,17.68,17.68,0
1758310250,17.68,17.68,17.68,17.68,0
1758310255,17.68,17.68,17.68,17.68,0
1758310260,17.68,17.68,17.68,17.68,0
1758310265,17.68,17.68,17.68,17.68,0
1758310270,17.68,17.68,17.68,17.68,0
1758310275,17.68,17.68,17.68,17.68,0
1758310280,17.68,17.68,17.68,17.68,0
1758310285,17.68,17.68,17.68,17.68,0
1758310290,17.68,17.68,17.68,17.68,0
1758310295,17.68,17.68,17.68,17.68,0
1758310300,17.68,17.68,17.68,17.68,0
1758310305,17.68,17.68,17.68,17.68,0
1758310310,17.68,17.68,17.68,17.68,0
1758310315,17.68,17.68,17.68,17.68,0
1758310320,17.68,17.68,17.68,17.68,0
1758310325,17.68,17.68,17.68,17.68,0
1758310330,17.68,17.68,17.68,17.68,0
1758310335,17.68,17.68,17.68,17.68,0
1758310340,17.68,17.68,17.68,17.68,0
1758310345,17.68,17.68,17.68,17.68,0
1758310350,17.68,17.68,17.68,17.68,0
1758310355,17.68,17.68,17.68,17.68,0
1758310360,17.68,17.68,17.68,17.68,0
1758310365,17.68,17.68,17.68,17.68,0
1758310370,17.68,17.68,17.68,17.68,0
1758310375,17.68,17.68,17.68,17.68,0
1758310380,17.68,17.68,17.68,17.68,0
1758310385,17.68,17.68,17.68,17.68,0
1758310390,17.68,17.68,17.68,17.68,0
1758310395,17.67,17.67,17.67,17.67,4
1758310400,17.67,17.67,17.67,17.67,1
1758310405,17.67,17.67,17.67,17.67,0
1758310410,17.67,17.67,17.67,17.67,0
1758310415,17.67,17.67,17.67,17.67,0
1758310420,17.67,17.67,17.67,17.67,0
1758310425,17.67,17.67,17.67,17.67,0
1758310430,17.67,17.67,17.67,17.67,0
1758310435,17.67,17.67,17.67,17.67,0
1758310440,17.67,17.67,17.67,17.67,0
1758310445,17.67,17.67,17.67,17.67,0
1758310450,17.67,17.67,17.67,17.67,0
1758310455,17.67,17.67,17.67,17.67,0
1758310460,17.67,17.67,17.67,17.67,0
1758310465,17.67,17.67,17.67,17.67,0
1758310470,17.67,17.67,17.67,17.67,0
1758310475,17.67,17.67,17.67,17.67,0
1758310480,17.67,17.67,17.67,17.67,0
1758310485,17.67,17.67,17.67,17.67,0
1758310490,17.67,17.67,17.67,17.67,0
1758310495,17.67,17.67,17.67,17.67,0
1758310500,17.67,17.67,17.67,17.67,0
1758310505,17.67,17.67,17.67,17.67,0
1758310510,17.67,17.67,17.67,17.67,0
1758310515,17.67,17.67,17.67,17.67,0
1758310520,17.67,17.67,17.67,17.67,0
1758310525,17.67,17.67,17.67,17.67,0
1758310530,17.67,17.67,17.67,17.67,0
1758310535,17.67,17.67,17.67,17.67,0
1758310540,17.67,17.67,17.67,17.67,0
1758310545,17.67,17.67,17.67,17.67,0
1758310550,17.67,17.67,17.67,17.67,0
1758310555,17.66,17.66,17.66,17.66,2
1758310560,17.66,17.66,17.66,17.66,0
1758310565,17.66,17.66,17.66,17.66,0
1758310570,17.66,17.66,17.66,17.66,0
1758310575,17.66,17.66,17.66,17.66,0
1758310580,17.66,17.66,17.66,17.66,0
1758310585,17.66,17.66,17.66,17.66,0
1758310590,17.66,17.66,17.66,17.66,0
1758310595,17.66,17.66,17.66,17.66,0
1758310600,17.66,17.66,17.66,17.66,0
1758310605,17.66,17.66,17.66,17.66,0
1758310610,17.66,17.66,17.66,17.66,0
1758310615,17.66,17.7,17.66,17.7,14
1758310620,17.71,17.71,17.71,17.71,2
1758310625,17.71,17.71,17.71,17.71,0
1758310630,17.71,17.71,17.71,17.71,0
1758310635,17.71,17.71,17.71,17.71,0
1758310640,17.71,17.71,17.71,17.71,0
1758310645,17.71,17.71,17.71,17.71,0
1758310650,17.71,17.71,17.71,17.71,0
1758310655,17.71,17.71,17.71,17.71,0
1758310660,17.71,17.71,17.71,17.71,0
1758310665,17.71,17.71,17.71,17.71,0
1758310670,17.71,17.71,17.71,17.71,0
1758310675,17.71,17.71,17.71,17.71,0
1758310680,17.71,17.71,17.71,17.71,0
1758310685,17.71,17.71,17.71,17.71,0
1758310690,17.71,17.71,17.71,17.71,0
1758310695,17.71,17.71,17.71,17.71,1
1758310700,17.71,17.71,17.71,17.71,0
1758310705,17.71,17.71,17.71,17.71,0
1758310710,17.71,17.71,17.71,17.71,0
1758310715,17.71,17.71,17.71,17.71,0
1758310720,17.71,17.71,17.71,17.71,0
1758310725,17.71,17.71,17.71,17.71,0
1758310730,17.71,17.71,17.71,17.71,0
1758310735,17.71,17.71,17.71,17.71,0
1758310740,17.71,17.71,17.71,17.71,0
1758310745,17.71,17.71,17.71,17.71,0
1758310750,17.72,17.72,17.72,17.72,10
1758310755,17.72,17.72,17.72,17.72,0
1758310760,17.72,17.72,17.72,17.72,0
1758310765,17.72,17.72,17.72,17.72,0
1758310770,17.7,17.7,17.68,17.68,17
1758310775,17.68,17.68,17.68,17.68,0
1758310780,17.68,17.68,17.68,17.68,0
1758310785,17.68,17.68,17.68,17.68,0
1758310790,17.68,17.68,17.68,17.68,0
1758310795,17.68,17.68,17.68,17.68,0
1758310800,17.68,17.68,17.68,17.68,0
1758310805,17.68,17.68,17.68,17.68,0
1758310810,17.68,17.68,17.68,17.68,0
1758310815,17.68,17.68,17.68,17.68,0
1758310820,17.68,17.68,17.68,17.68,0
1758310825,17.68,17.68,17.68,17.68,0
1758310830,17.68,17.68,17.68,17.68,0
1758310835,17.68,17.68,17.68,17.68,0
1758310840,17.68,17.68,17.68,17.68,0
1758310845,17.68,17.68,17.68,17.68,0
1758310850,17.68,17.68,17.68,17.68,0
1758310855,17.68,17.68,17.68,17.68,0
1758310860,17.68,17.68,17.68,17.68,0
1758310865,17.68,17.68,17.68,17.68,0
1758310870,17.68,17.68,17.68,17.68,0
1758310875,17.68,17.68,17.68,17.68,0
1758310880,17.68,17.68,17.68,17.68,0
1758310885,17.68,17.68,17.68,17.68,0
1758310890,17.68,17.68,17.68,17.68,0
1758310895,17.68,17.68,17.68,17.68,0
1758310900,17.68,17.68,17.68,17.68,0
1758310905,17.68,17.68,17.68,17.68,0
1758310910,17.68,17.68,17.68,17.68,0
1758310915,17.68,17.68,17.68,17.68,0
1758310920,17.68,17.68,17.68,17.68,0
1758310925,17.68,17.68,17.68,17.68,0
1758310930,17.68,17.68,17.68,17.68,0
1758310935,17.68,17.68,17.68,17.68,0
1758310940,17.68,17.68,17.68,17.68,0
1758310945,17.68,17.68,17.68,17.68,0
1758310950,17.68,17.68,17.68,17.68,0
1758310955,17.68,17.68,17.68,17.68,0
1758310960,17.68,17.68,17.68,17.68,0
1758310965,17.68,17.68,17.68,17.68,0
1758310970,17.68,17.68,17.68,17.68,0
1758310975,17.68,17.68,17.68,17.68,0
1758310980,17.68,17.68,17.68,17.68,0
1758310985,17.68,17.68,17.68,17.68,0
1758310990,17.68,17.68,17.68,17.68,0
1758310995,17.68,17.68,17.68,17.68,0
1758311000,17.68,17.68,17.68,17.68,0
1758311005,17.68,17.68,17.68,17.68,0
1758311010,17.68,17.68,17.68,17.68,0
1758311015,17.68,17.68,17.68,17.68,0
1758311020,17.68,17.68,17.68,17.68,0
1758311025,17.68,17.68,17.68,17.68,0
1758311030,17.68,17.68,17.68,17.68,0
1758311035,17.68,17.68,17.68,17.68,0
1758311040,17.68,17.68,17.68,17.68,0
1758311045,17.68,17.68,17.68,17.68,0
1758311050,17.68,17.68,17.68,17.68,0
1758311055,17.68,17.68,17.68,17.68,0
1758311060,17.68,17.68,17.68,17.68,0
1758311065,17.68,17.68,17.68,17.68,0
1758311070,17.68,17.68,17.68,17.68,0
1758311075,17.68,17.68,17.68,17.68,0
1758311080,17.68,17.68,17.68,17.68,0
1758311085,17.68,17.68,17.68,17.68,0
1758311090,17.68,17.68,17.68,17.68,0
1758311095,17.68,17.68,17.68,17.68,0
1758311100,17.68,17.68,17.68,17.68,0
1758311105,17.69,17.69,17.69,17.69,1
1758311110,17.69,17.69,17.69,17.69,0
1758311115,17.69,17.69,17.69,17.69,0
1758311120,17.69,17.69,17.69,17.69,0
1758311125,17.69,17.69,17.69,17.69,0
1758311130,17.69,17.69,17.69,17.69,0
1758311135,17.69,17.69,17.69,17.69,0
1758311140,17.68,17.68,17.68,17.68,1
1758311145,17.68,17.68,17.68,17.68,0
1758311150,17.68,17.68,17.68,17.68,0
1758311155,17.68,17.68,17.68,17.68,0
1758311160,17.68,17.68,17.68,17.68,0
1758311165,17.68,17.68,17.68,17.68,0
1758311170,17.68,17.68,17.68,17.68,2
1758311175,17.68,17.68,17.68,17.68,0
1758311180,17.68,17.68,17.68,17.68,0
1758311185,17.68,17.68,17.68,17.68,0
1758311190,17.68,17.68,17.68,17.68,0
1758311195,17.68,17.68,17.68,17.68,0
1758311200,17.68,17.68,17.68,17.68,0
1758311205,17.68,17.68,17.68,17.68,1
1758311210,17.68,17.68,17.68,17.68,0
1758311215,17.68,17.68,17.68,17.68,0
1758311220,17.68,17.68,17.68,17.68,0
1758311225,17.68,17.68,17.68,17.68,0
1758311230,17.68,17.68,17.68,17.68,0
1758311235,17.67,17.67,17.67,17.67,9
1758311240,17.67,17.67,17.67,17.67,0
1758311245,17.67,17.67,17.67,17.67,0
1758311250,17.67,17.67,17.67,17.67,0
1758311255,17.67,17.67,17.67,17.67,0
1758311260,17.67,17.67,17.67,17.67,0
1758311265,17.67,17.67,17.67,17.67,0
1758311270,17.67,17.67,17.67,17.67,0
1758311275,17.67,17.67,17.67,17.67,0
1758311280,17.67,17.67,17.67,17.67,0
1758311285,17.67,17.67,17.67,17.67,0
1758311290,17.67,17.67,17.67,17.67,0
1758311295,17.67,17.67,17.67,17.67,0
1758311300,17.67,17.67,17.67,17.67,0
1758311305,17.67,17.67,17.67,17.67,0
1758311310,17.67,17.67,17.67,17.67,0
1758311315,17.67,17.67,17.67,17.67,0
1758311320,17.67,17.67,17.67,17.67,0
1758311325,17.67,17.67,17.67,17.67,0
1758311330,17.67,17.67,17.67,17.67,1
1758311335,17.67,17.67,17.67,17.67,0
1758311340,17.67,17.67,17.67,17.67,0
1758311345,17.67,17.67,17.67,17.67,0
1758311350,17.67,17.67,17.67,17.67,0
1758311355,17.67,17.67,17.67,17.67,0
1758311360,17.67,17.67,17.67,17.67,0
1758311365,17.67,17.67,17.67,17.67,0
1758311370,17.67,17.67,17.67,17.67,0
1758311375,17.67,17.67,17.67,17.67,0
1758311380,17.67,17.67,17.67,17.67,0
1758311385,17.67,17.67,17.67,17.67,0
1758311390,17.67,17.67,17.67,17.67,0
1758311395,17.67,17.67,17.67,17.67,0
1758311400,17.67,17.67,17.67,17.67,1
1758311405,17.67,17.67,17.67,17.67,0
1758311410,17.66,17.66,17.66,17.66,2
1758311415,17.66,17.66,17.66,17.66,0
1758311420,17.66,17.66,17.66,17.66,0
1758311425,17.66,17.66,17.66,17.66,0
1758311430,17.66,17.66,17.66,17.66,0
1758311435,17.66,17.66,17.66,17.66,0
1758311440,17.66,17.66,17.66,17.66,0
1758311445,17.66,17.66,17.66,17.66,0
1758311450,17.66,17.66,17.66,17.66,0
1758311455,17.66,17.66,17.66,17.66,0
1758311460,17.66,17.66,17.66,17.66,1
1758311465,17.66,17.66,17.66,17.66,0
1758311470,17.66,17.66,17.66,17.66,1
1758311475,17.66,17.66,17.66,17.66,0
1758311480,17.66,17.66,17.66,17.66,0
1758311485,17.66,17.66,17.66,17.66,1
1758311490,17.66,17.66,17.66,17.66,0
1758311495,17.66,17.66,17.66,17.66,0
1758311500,17.67,17.67,17.67,17.67,1
1758311505,17.67,17.67,17.67,17.67,0
1758311510,17.67,17.67,17.67,17.67,0
1758311515,17.67,17.67,17.67,17.67,0
1758311520,17.67,17.67,17.67,17.67,0
1758311525,17.67,17.67,17.67,17.67,0
1758311530,17.67,17.67,17.67,17.67,0
1758311535,17.67,17.67,17.67,17.67,0
1758311540,17.67,17.67,17.67,17.67,0
1758311545,17.67,17.67,17.67,17.67,0
1758311550,17.67,17.67,17.67,17.67,0
1758311555,17.67,17.67,17.67,17.67,0
1758311560,17.67,17.67,17.67,17.67,0
1758311565,17.67,17.67,17.67,17.67,0
1758311570,17.67,17.67,17.67,17.67,0
1758311575,17.67,17.67,17.67,17.67,0
1758311580,17.66,17.66,17.66,17.66,2
1758311585,17.66,17.66,17.66,17.66,0
1758311590,17.66,17.66,17.66,17.66,0
1758311595,17.66,17.66,17.66,17.66,0
1758311600,17.66,17.66,17.66,17.66,0
1758311605,17.66,17.66,17.66,17.66,0
1758311610,17.66,17.66,17.66,17.66,0
1758311615,17.66,17.66,17.66,17.66,0
1758311620,17.66,17.66,17.66,17.66,0
1758311625,17.66,17.66,17.66,17.66,0
1758311630,17.67,17.67,17.67,17.67,1
1758311635,17.67,17.67,17.67,17.67,0
1758311640,17.67,17.67,17.67,17.67,0
1758311645,17.67,17.67,17.67,17.67,0
1758311650,17.67,17.67,17.67,17.67,0
1758311655,17.67,17.67,17.67,17.67,0
1758311660,17.67,17.67,17.67,17.67,0
1758311665,17.67,17.67,17.67,17.67,0
1758311670,17.67,17.67,17.67,17.67,0
1758311675,17.67,17.67,17.67,17.67,0
1758311680,17.67,17.67,17.67,17.67,0
1758311685,17.67,17.67,17.67,17.67,0
1758311690,17.67,17.67,17.67,17.67,0
1758311695,17.67,17.67,17.67,17.67,0
1758311700,17.67,17.67,17.67,17.67,17
1758311705,17.67,17.67,17.67,17.67,0
1758311710,17.67,17.67,17.67,17.67,0
1758311715,17.66,17.66,17.66,17.66,1
1758311720,17.66,17.66,17.66,17.66,0
1758311725,17.66,17.66,17.66,17.66,0
1758311730,17.66,17.66,17.66,17.66,0
1758311735,17.66,17.66,17.66,17.66,0
1758311740,17.66,17.66,17.66,17.66,0
1758311745,17.67,17.67,17.67,17.67,1
1758311750,17.67,17.67,17.67,17.67,0
1758311755,17.67,17.67,17.67,17.67,0
1758311760,17.67,17.67,17.67,17.67,0
1758311765,17.67,17.67,17.67,17.67,0
1758311770,17.67,17.67,17.67,17.67,0
1758311775,17.67,17.67,17.67,17.67,0
1758311780,17.67,17.67,17.67,17.67,0
1758311785,17.67,17.67,17.67,17.67,0
1758311790,17.67,17.67,17.67,17.67,0
1758311795,17.67,17.67,17.67,17.67,0
1758311800,17.67,17.67,17.67,17.67,0
1758311805,17.67,17.67,17.67,17.67,0
1758311810,17.67,17.67,17.67,17.67,0
1758311815,17.67,17.67,17.67,17.67,0
1758311820,17.69,17.69,17.69,17.69,5
1758311825,17.69,17.69,17.69,17.69,0
1758311830,17.69,17.69,17.69,17.69,0
1758311835,17.69,17.69,17.69,17.69,0
1758311840,17.69,17.69,17.69,17.69,0
1758311845,17.69,17.69,17.69,17.69,0
1758311850,17.69,17.69,17.69,17.69,0
1758311855,17.69,17.69,17.69,17.69,0
1758311860,17.69,17.69,17.69,17.69,0
1758311865,17.67,17.67,17.67,17.67,3
1758311870,17.67,17.67,17.67,17.67,0
1758311875,17.67,17.67,17.67,17.67,0
1758311880,17.67,17.67,17.67,17.67,0
1758311885,17.67,17.67,17.67,17.67,0
1758311890,17.67,17.67,17.67,17.67,0
1758311895,17.67,17.67,17.67,17.67,0
1758311900,17.67,17.67,17.67,17.67,0
1758311905,17.67,17.67,17.67,17.67,0
1758311910,17.67,17.67,17.67,17.67,0
1758311915,17.67,17.67,17.67,17.67,0
1758311920,17.67,17.67,17.67,17.67,0
1758311925,17.67,17.67,17.67,17.67,1
1758311930,17.67,17.67,17.67,17.67,0
1758311935,17.67,17.67,17.67,17.67,0
1758311940,17.69,17.7,17.69,17.7,7
1758311945,17.7,17.7,17.7,17.7,0
1758311950,17.67,17.67,17.67,17.67,4
1758311955,17.7,17.7,17.7,17.7,2
1758311960,17.7,17.7,17.7,17.7,0
1758311965,17.73,17.73,17.73,17.73,1
1758311970,17.73,17.73,17.73,17.73,0
1758311975,17.73,17.73,17.73,17.73,0
1758311980,17.73,17.73,17.73,17.73,0
1758311985,17.73,17.73,17.73,17.73,0
1758311990,17.73,17.73,17.73,17.73,3
1758311995,17.72,17.74,17.72,17.74,6
