Date,Open,High,Low,Close,Volume
1749074465,19.25,19.25,19.25,19.25,5
1749074470,19.25,19.25,19.25,19.25,0
1749074475,19.25,19.25,19.25,19.25,0
1749074480,19.25,19.25,19.25,19.25,0
1749074485,19.25,19.25,19.25,19.25,0
1749074490,19.25,19.25,19.25,19.25,0
1749074495,19.25,19.25,19.25,19.25,0
1749074500,19.25,19.25,19.25,19.25,0
1749074505,19.25,19.25,19.25,19.25,0
1749074510,19.25,19.25,19.25,19.25,0
1749074515,19.25,19.25,19.25,19.25,0
1749074520,19.25,19.25,19.25,19.25,0
1749074525,19.25,19.25,19.25,19.25,0
1749074530,19.25,19.25,19.25,19.25,0
1749074535,19.25,19.25,19.25,19.25,0
1749074540,19.25,19.25,19.25,19.25,0
1749074545,19.25,19.25,19.25,19.25,0
1749074550,19.25,19.25,19.25,19.25,0
1749074555,19.25,19.25,19.25,19.25,0
1749074560,19.25,19.25,19.25,19.25,0
1749074565,19.25,19.25,19.25,19.25,0
1749074570,19.25,19.25,19.25,19.25,0
1749074575,19.25,19.25,19.25,19.25,0
1749074580,19.25,19.25,19.25,19.25,0
1749074585,19.25,19.25,19.25,19.25,0
1749074590,19.25,19.25,19.25,19.25,0
1749074595,19.25,19.25,19.25,19.25,0
1749074600,19.25,19.25,19.25,19.25,0
1749074605,19.25,19.25,19.25,19.25,0
1749074610,19.25,19.25,19.25,19.25,0
1749074615,19.25,19.25,19.25,19.25,0
1749074620,19.25,19.25,19.25,19.25,0
1749074625,19.25,19.25,19.25,19.25,0
1749074630,19.25,19.25,19.25,19.25,0
1749074635,19.25,19.25,19.25,19.25,0
1749074640,19.25,19.25,19.25,19.25,0
1749074645,19.25,19.25,19.25,19.25,0
1749074650,19.25,19.25,19.25,19.25,0
1749074655,19.25,19.25,19.25,19.25,0
1749074660,19.25,19.25,19.25,19.25,0
1749074665,19.25,19.25,19.25,19.25,0
1749074670,19.25,19.25,19.25,19.25,0
1749074675,19.25,19.25,19.25,19.25,0
1749074680,19.25,19.25,19.25,19.25,0
1749074685,19.25,19.25,19.25,19.25,0
1749074690,19.25,19.25,19.25,19.25,0
1749074695,19.25,19.25,19.25,19.25,0
1749074700,19.25,19.25,19.25,19.25,0
1749074705,19.25,19.25,19.25,19.25,0
1749074710,19.25,19.25,19.25,19.25,0
1749074715,19.25,19.25,19.25,19.25,0
1749074720,19.25,19.25,19.25,19.25,0
1749074725,19.25,19.25,19.25,19.25,0
1749074730,19.25,19.25,19.25,19.25,0
1749074735,19.25,19.25,19.25,19.25,0
1749074740,19.25,19.25,19.25,19.25,0
1749074745,19.25,19.25,19.25,19.25,0
1749074750,19.25,19.25,19.25,19.25,0
1749074755,19.25,19.25,19.25,19.25,0
1749074760,19.25,19.25,19.25,19.25,0
1749074765,19.25,19.25,19.25,19.25,0
1749074770,19.25,19.25,19.25,19.25,0
1749074775,19.25,19.25,19.25,19.25,0
1749074780,19.25,19.25,19.25,19.25,0
1749074785,19.25,19.25,19.25,19.25,0
1749074790,19.25,19.25,19.25,19.25,0
1749074795,19.25,19.25,19.25,19.25,0
1749074800,19.25,19.25,19.25,19.25,0
1749074805,19.25,19.25,19.25,19.25,0
1749074810,19.25,19.25,19.25,19.25,0
1749074815,19.25,19.25,19.25,19.25,0
1749074820,19.25,19.25,19.25,19.25,0
1749074825,19.25,19.25,19.25,19.25,0
1749074830,19.25,19.25,19.25,19.25,0
1749074835,19.25,19.25,19.25,19.25,0
1749074840,19.25,19.25,19.25,19.25,0
1749074845,19.25,19.25,19.25,19.25,0
1749074850,19.25,19.25,19.25,19.25,0
1749074855,19.25,19.25,19.25,19.25,0
1749074860,19.25,19.25,19.25,19.25,0
1749074865,19.25,19.25,19.25,19.25,0
1749074870,19.25,19.25,19.25,19.25,0
1749074875,19.25,19.25,19.25,19.25,0
1749074880,19.25,19.25,19.25,19.25,0
1749074885,19.25,19.25,19.25,19.25,0
1749074890,19.25,19.25,19.25,19.25,0
1749074895,19.25,19.25,19.25,19.25,0
1749074900,19.25,19.25,19.25,19.25,0
1749074905,19.25,19.25,19.25,19.25,0
1749074910,19.25,19.25,19.25,19.25,0
1749074915,19.25,19.25,19.25,19.25,0
1749074920,19.25,19.25,19.25,19.25,0
1749074925,19.25,19.25,19.25,19.25,0
1749074930,19.25,19.25,19.25,19.25,0
1749074935,19.25,19.25,19.25,19.25,0
1749074940,19.25,19.25,19.25,19.25,0
1749074945,19.25,19.25,19.25,19.25,0
1749074950,19.25,19.25,19.25,19.25,0
1749074955,19.25,19.25,19.25,19.25,0
1749074960,19.25,19.25,19.25,19.25,0
1749074965,19.25,19.25,19.25,19.25,0
1749074970,19.25,19.25,19.25,19.25,0
1749074975,19.25,19.25,19.25,19.25,0
1749074980,19.25,19.25,19.25,19.25,0
1749074985,19.25,19.25,19.25,19.25,0
1749074990,19.25,19.25,19.25,19.25,0
1749074995,19.25,19.25,19.25,19.25,0
1749075000,19.25,19.25,19.25,19.25,0
1749075005,19.25,19.25,19.25,19.25,0
1749075010,19.25,19.25,19.25,19.25,0
1749075015,19.25,19.25,19.25,19.25,0
1749075020,19.25,19.25,19.25,19.25,0
1749075025,19.25,19.25,19.25,19.25,0
1749075030,19.25,19.25,19.25,19.25,0
1749075035,19.25,19.25,19.25,19.25,0
1749075040,19.25,19.25,19.25,19.25,0
1749075045,19.25,19.25,19.25,19.25,0
1749075050,19.25,19.25,19.25,19.25,0
1749075055,19.25,19.25,19.25,19.25,0
1749075060,19.25,19.25,19.25,19.25,0
1749075065,19.25,19.25,19.25,19.25,0
1749075070,19.25,19.25,19.25,19.25,0
1749075075,19.25,19.25,19.25,19.25,0
1749075080,19.25,19.25,19.25,19.25,0
1749075085,19.25,19.25,19.25,19.25,0
1749075090,19.25,19.25,19.25,19.25,0
1749075095,19.25,19.25,19.25,19.25,0
1749075100,19.25,19.25,19.25,19.25,0
1749075105,19.25,19.25,19.25,19.25,0
1749075110,19.25,19.25,19.25,19.25,0
1749075115,19.25,19.25,19.25,19.25,0
1749075120,19.25,19.25,19.25,19.25,0
1749075125,19.25,19.25,19.25,19.25,0
1749075130,19.25,19.25,19.25,19.25,0
1749075135,19.25,19.25,19.25,19.25,0
1749075140,19.25,19.25,19.25,19.25,0
1749075145,19.25,19.25,19.25,19.25,0
1749075150,19.25,19.25,19.25,19.25,0
1749075155,19.25,19.25,19.25,19.25,0
1749075160,19.25,19.25,19.25,19.25,0
1749075165,19.25,19.25,19.25,19.25,0
1749075170,19.25,19.25,19.25,19.25,0
1749075175,19.25,19.25,19.25,19.25,0
1749075180,19.25,19.25,19.25,19.25,0
1749075185,19.25,19.25,19.25,19.25,0
1749075190,19.25,19.25,19.25,19.25,0
1749075195,19.25,19.25,19.25,19.25,0
1749075200,19.25,19.25,19.25,19.25,0
1749075205,19.25,19.25,19.25,19.25,0
1749075210,19.25,19.25,19.25,19.25,0
1749075215,19.25,19.25,19.25,19.25,0
1749075220,19.25,19.25,19.25,19.25,0
1749075225,19.25,19.25,19.25,19.25,0
1749075230,19.25,19.25,19.25,19.25,0
1749075235,19.25,19.25,19.25,19.25,0
1749075240,19.25,19.25,19.25,19.25,0
1749075245,19.25,19.25,19.25,19.25,0
1749075250,19.25,19.25,19.25,19.25,0
1749075255,19.25,19.25,19.25,19.25,0
1749075260,19.25,19.25,19.25,19.25,0
1749075265,19.25,19.25,19.25,19.25,0
1749075270,19.25,19.25,19.25,19.25,0
1749075275,19.25,19.25,19.25,19.25,0
1749075280,19.25,19.25,19.25,19.25,0
1749075285,19.25,19.25,19.25,19.25,0
1749075290,19.25,19.25,19.25,19.25,0
1749075295,19.25,19.25,19.25,19.25,0
1749075300,19.25,19.25,19.25,19.25,0
1749075305,19.25,19.25,19.25,19.25,0
1749075310,19.25,19.25,19.25,19.25,0
1749075315,19.25,19.25,19.25,19.25,0
1749075320,19.25,19.25,19.25,19.25,0
1749075325,19.25,19.25,19.25,19.25,0
1749075330,19.25,19.25,19.25,19.25,0
1749075335,19.25,19.25,19.25,19.25,0
1749075340,19.25,19.25,19.25,19.25,0
1749075345,19.25,19.25,19.25,19.25,0
1749075350,19.25,19.25,19.25,19.25,0
1749075355,19.25,19.25,19.25,19.25,0
1749075360,19.25,19.25,19.25,19.25,0
1749075365,19.25,19.25,19.25,19.25,0
1749075370,19.25,19.25,19.25,19.25,0
1749075375,19.25,19.25,19.25,19.25,0
1749075380,19.25,19.25,19.25,19.25,0
1749075385,19.25,19.25,19.25,19.25,0
1749075390,19.25,19.25,19.25,19.25,0
1749075395,19.25,19.25,19.25,19.25,0
1749075400,19.25,19.25,19.25,19.25,0
1749075405,19.25,19.25,19.25,19.25,0
1749075410,19.25,19.25,19.25,19.25,0
1749075415,19.25,19.25,19.25,19.25,0
1749075420,19.25,19.25,19.25,19.25,0
1749075425,19.25,19.25,19.25,19.25,0
1749075430,19.25,19.25,19.25,19.25,0
1749075435,19.25,19.25,19.25,19.25,0
1749075440,19.25,19.25,19.25,19.25,0
1749075445,19.25,19.25,19.25,19.25,0
1749075450,19.25,19.25,19.25,19.25,0
1749075455,19.25,19.25,19.25,19.25,0
1749075460,19.25,19.25,19.25,19.25,0
1749075465,19.25,19.25,19.25,19.25,0
1749075470,19.25,19.25,19.25,19.25,0
1749075475,19.25,19.25,19.25,19.25,0
1749075480,19.25,19.25,19.25,19.25,0
1749075485,19.25,19.25,19.25,19.25,0
1749075490,19.25,19.25,19.25,19.25,0
1749075495,19.25,19.25,19.25,19.25,0
1749075500,19.25,19.25,19.25,19.25,0
1749075505,19.25,19.25,19.25,19.25,0
1749075510,19.25,19.25,19.25,19.25,0
1749075515,19.25,19.25,19.25,19.25,0
1749075520,19.25,19.25,19.25,19.25,0
1749075525,19.25,19.25,19.25,19.25,0
1749075530,19.25,19.25,19.25,19.25,0
1749075535,19.25,19.25,19.25,19.25,0
1749075540,19.25,19.25,19.25,19.25,0
1749075545,19.25,19.25,19.25,19.25,0
1749075550,19.25,19.25,19.25,19.25,0
1749075555,19.25,19.25,19.25,19.25,0
1749075560,19.25,19.25,19.25,19.25,0
1749075565,19.25,19.25,19.25,19.25,0
1749075570,19.25,19.25,19.25,19.25,0
1749075575,19.25,19.25,19.25,19.25,0
1749075580,19.25,19.25,19.25,19.25,0
1749075585,19.25,19.25,19.25,19.25,0
1749075590,19.25,19.25,19.25,19.25,0
1749075595,19.25,19.25,19.25,19.25,0
1749075600,19.25,19.25,19.25,19.25,0
1749075605,19.25,19.25,19.25,19.25,0
1749075610,19.25,19.25,19.25,19.25,0
1749075615,19.25,19.25,19.25,19.25,0
1749075620,19.25,19.25,19.25,19.25,0
1749075625,19.25,19.25,19.25,19.25,0
1749075630,19.25,19.25,19.25,19.25,0
1749075635,19.25,19.25,19.25,19.25,0
1749075640,19.25,19.25,19.25,19.25,0
1749075645,19.25,19.25,19.25,19.25,0
1749075650,19.25,19.25,19.25,19.25,0
1749075655,19.25,19.25,19.25,19.25,0
1749075660,19.25,19.25,19.25,19.25,0
1749075665,19.25,19.25,19.25,19.25,0
1749075670,19.25,19.25,19.25,19.25,0
1749075675,19.25,19.25,19.25,19.25,0
1749075680,19.25,19.25,19.25,19.25,0
1749075685,19.25,19.25,19.25,19.25,0
1749075690,19.25,19.25,19.25,19.25,0
1749075695,19.25,19.25,19.25,19.25,0
1749075700,19.25,19.25,19.25,19.25,0
1749075705,19.25,19.25,19.25,19.25,0
1749075710,19.25,19.25,19.25,19.25,0
1749075715,19.25,19.25,19.25,19.25,0
1749075720,19.25,19.25,19.25,19.25,0
1749075725,19.25,19.25,19.25,19.25,0
1749075730,19.25,19.25,19.25,19.25,0
1749075735,19.25,19.25,19.25,19.25,0
1749075740,19.25,19.25,19.25,19.25,0
1749075745,19.25,19.25,19.25,19.25,0
1749075750,19.25,19.25,19.25,19.25,0
1749075755,19.25,19.25,19.25,19.25,0
1749075760,19.25,19.25,19.25,19.25,0
1749075765,19.25,19.25,19.25,19.25,0
1749075770,19.25,19.25,19.25,19.25,0
1749075775,19.25,19.25,19.25,19.25,0
1749075780,19.25,19.25,19.25,19.25,0
1749075785,19.25,19.25,19.25,19.25,0
1749075790,19.25,19.25,19.25,19.25,0
1749075795,19.25,19.25,19.25,19.25,0
1749075800,19.25,19.25,19.25,19.25,0
1749075805,19.25,19.25,19.25,19.25,0
1749075810,19.25,19.25,19.25,19.25,0
1749075815,19.25,19.25,19.25,19.25,0
1749075820,19.25,19.25,19.25,19.25,0
1749075825,19.25,19.25,19.25,19.25,0
1749075830,19.25,19.25,19.25,19.25,0
1749075835,19.25,19.25,19.25,19.25,0
1749075840,19.25,19.25,19.25,19.25,0
1749075845,19.25,19.25,19.25,19.25,0
1749075850,19.25,19.25,19.25,19.25,0
1749075855,19.25,19.25,19.25,19.25,0
1749075860,19.25,19.25,19.25,19.25,0
1749075865,19.25,19.25,19.25,19.25,0
1749075870,19.25,19.25,19.25,19.25,0
1749075875,19.25,19.25,19.25,19.25,0
1749075880,19.25,19.25,19.25,19.25,0
1749075885,19.25,19.25,19.25,19.25,0
1749075890,19.25,19.25,19.25,19.25,0
1749075895,19.25,19.25,19.25,19.25,0
1749075900,19.25,19.25,19.25,19.25,0
1749075905,19.25,19.25,19.25,19.25,0
1749075910,19.25,19.25,19.25,19.25,0
1749075915,19.25,19.25,19.25,19.25,0
1749075920,19.25,19.25,19.25,19.25,0
1749075925,19.25,19.25,19.25,19.25,0
1749075930,19.25,19.25,19.25,19.25,0
1749075935,19.25,19.25,19.25,19.25,0
1749075940,19.25,19.25,19.25,19.25,0
1749075945,19.25,19.25,19.25,19.25,0
1749075950,19.25,19.25,19.25,19.25,0
1749075955,19.25,19.25,19.25,19.25,0
1749075960,19.25,19.25,19.25,19.25,0
1749075965,19.25,19.25,19.25,19.25,0
1749075970,19.25,19.25,19.25,19.25,0
1749075975,19.25,19.25,19.25,19.25,0
1749075980,19.25,19.25,19.25,19.25,0
1749075985,19.25,19.25,19.25,19.25,0
1749075990,19.25,19.25,19.25,19.25,0
1749075995,19.25,19.25,19.25,19.25,0
1749076000,19.25,19.25,19.25,19.25,0
1749076005,19.25,19.25,19.25,19.25,0
1749076010,19.25,19.25,19.25,19.25,0
1749076015,19.25,19.25,19.25,19.25,0
1749076020,19.25,19.25,19.25,19.25,0
1749076025,19.25,19.25,19.25,19.25,0
1749076030,19.25,19.25,19.25,19.25,0
1749076035,19.25,19.25,19.25,19.25,0
1749076040,19.25,19.25,19.25,19.25,0
1749076045,19.25,19.25,19.25,19.25,0
1749076050,19.25,19.25,19.25,19.25,0
1749076055,19.25,19.25,19.25,19.25,0
1749076060,19.25,19.25,19.25,19.25,0
1749076065,19.25,19.25,19.25,19.25,0
1749076070,19.25,19.25,19.25,19.25,0
1749076075,19.25,19.25,19.25,19.25,0
1749076080,19.25,19.25,19.25,19.25,0
1749076085,19.25,19.25,19.25,19.25,0
1749076090,19.25,19.25,19.25,19.25,0
1749076095,19.25,19.25,19.25,19.25,0
1749076100,19.25,19.25,19.25,19.25,0
1749076105,19.25,19.25,19.25,19.25,0
1749076110,19.25,19.25,19.25,19.25,0
1749076115,19.25,19.25,19.25,19.25,0
1749076120,19.25,19.25,19.25,19.25,0
1749076125,19.25,19.25,19.25,19.25,0
1749076130,19.25,19.25,19.25,19.25,0
1749076135,19.25,19.25,19.25,19.25,0
1749076140,19.25,19.25,19.25,19.25,0
1749076145,19.25,19.25,19.25,19.25,0
1749076150,19.25,19.25,19.25,19.25,0
1749076155,19.25,19.25,19.25,19.25,0
1749076160,19.25,19.25,19.25,19.25,0
1749076165,19.25,19.25,19.25,19.25,0
1749076170,19.25,19.25,19.25,19.25,0
1749076175,19.25,19.25,19.25,19.25,0
1749076180,19.25,19.25,19.25,19.25,0
1749076185,19.25,19.25,19.25,19.25,0
1749076190,19.25,19.25,19.25,19.25,0
1749076195,19.25,19.25,19.25,19.25,0
1749076200,19.25,19.25,19.25,19.25,0
1749076205,19.25,19.25,19.25,19.25,0
1749076210,19.25,19.25,19.25,19.25,0
1749076215,19.25,19.25,19.25,19.25,0
1749076220,19.25,19.25,19.25,19.25,0
1749076225,19.25,19.25,19.25,19.25,0
1749076230,19.25,19.25,19.25,19.25,0
1749076235,19.25,19.25,19.25,19.25,0
1749076240,19.25,19.25,19.25,19.25,0
1749076245,19.25,19.25,19.25,19.25,0
1749076250,19.25,19.25,19.25,19.25,0
1749076255,19.25,19.25,19.25,19.25,0
1749076260,19.25,19.25,19.25,19.25,0
1749076265,19.25,19.25,19.25,19.25,0
1749076270,19.25,19.25,19.25,19.25,0
1749076275,19.25,19.25,19.25,19.25,0
1749076280,19.25,19.25,19.25,19.25,0
1749076285,19.25,19.25,19.25,19.25,0
1749076290,19.25,19.25,19.25,19.25,0
1749076295,19.25,19.25,19.25,19.25,0
1749076300,19.25,19.25,19.25,19.25,0
1749076305,19.25,19.25,19.25,19.25,0
1749076310,19.25,19.25,19.25,19.25,0
1749076315,19.25,19.25,19.25,19.25,0
1749076320,19.25,19.25,19.25,19.25,0
1749076325,19.25,19.25,19.25,19.25,0
1749076330,19.25,19.25,19.25,19.25,0
1749076335,19.25,19.25,19.25,19.25,0
1749076340,19.25,19.25,19.25,19.25,0
1749076345,19.25,19.25,19.25,19.25,0
1749076350,19.25,19.25,19.25,19.25,0
1749076355,19.25,19.25,19.25,19.25,0
1749076360,19.25,19.25,19.25,19.25,0
1749076365,19.25,19.25,19.25,19.25,0
1749076370,19.25,19.25,19.25,19.25,0
1749076375,19.25,19.25,19.25,19.25,0
1749076380,19.25,19.25,19.25,19.25,0
1749076385,19.25,19.25,19.25,19.25,0
1749076390,19.25,19.25,19.25,19.25,0
1749076395,19.25,19.25,19.25,19.25,0
1749076400,19.25,19.25,19.25,19.25,0
1749076405,19.25,19.25,19.25,19.25,0
1749076410,19.25,19.25,19.25,19.25,0
1749076415,19.25,19.25,19.25,19.25,0
1749076420,19.25,19.25,19.25,19.25,0
1749076425,19.25,19.25,19.25,19.25,0
1749076430,19.25,19.25,19.25,19.25,0
1749076435,19.25,19.25,19.25,19.25,0
1749076440,19.25,19.25,19.25,19.25,0
1749076445,19.25,19.25,19.25,19.25,0
1749076450,19.25,19.25,19.25,19.25,0
1749076455,19.25,19.25,19.25,19.25,0
1749076460,19.25,19.25,19.25,19.25,0
1749076465,19.25,19.25,19.25,19.25,0
1749076470,19.25,19.25,19.25,19.25,0
1749076475,19.25,19.25,19.25,19.25,0
1749076480,19.25,19.25,19.25,19.25,0
1749076485,19.25,19.25,19.25,19.25,0
1749076490,19.25,19.25,19.25,19.25,0
1749076495,19.25,19.25,19.25,19.25,0
1749076500,19.25,19.25,19.25,19.25,0
1749076505,19.25,19.25,19.25,19.25,0
1749076510,19.25,19.25,19.25,19.25,0
1749076515,19.25,19.25,19.25,19.25,0
1749076520,19.25,19.25,19.25,19.25,0
1749076525,19.25,19.25,19.25,19.25,0
1749076530,19.25,19.25,19.25,19.25,0
1749076535,19.25,19.25,19.25,19.25,0
1749076540,19.25,19.25,19.25,19.25,0
1749076545,19.25,19.25,19.25,19.25,0
1749076550,19.25,19.25,19.25,19.25,0
1749076555,19.25,19.25,19.25,19.25,0
1749076560,19.25,19.25,19.25,19.25,0
1749076565,19.25,19.25,19.25,19.25,0
1749076570,19.25,19.25,19.25,19.25,0
1749076575,19.25,19.25,19.25,19.25,0
1749076580,19.25,19.25,19.25,19.25,0
1749076585,19.25,19.25,19.25,19.25,0
1749076590,19.25,19.25,19.25,19.25,0
1749076595,19.25,19.25,19.25,19.25,0
1749076600,19.25,19.25,19.25,19.25,0
1749076605,19.25,19.25,19.25,19.25,0
1749076610,19.25,19.25,19.25,19.25,0
1749076615,19.25,19.25,19.25,19.25,0
1749076620,19.25,19.25,19.25,19.25,0
1749076625,19.25,19.25,19.25,19.25,0
1749076630,19.25,19.25,19.25,19.25,0
1749076635,19.25,19.25,19.25,19.25,0
1749076640,19.25,19.25,19.25,19.25,0
1749076645,19.25,19.25,19.25,19.25,0
1749076650,19.25,19.25,19.25,19.25,0
1749076655,19.25,19.25,19.25,19.25,0
1749076660,19.25,19.25,19.25,19.25,0
1749076665,19.25,19.25,19.25,19.25,0
1749076670,19.25,19.25,19.25,19.25,0
1749076675,19.25,19.25,19.25,19.25,0
1749076680,19.25,19.25,19.25,19.25,0
1749076685,19.25,19.25,19.25,19.25,0
1749076690,19.25,19.25,19.25,19.25,0
1749076695,19.25,19.25,19.25,19.25,0
1749076700,19.25,19.25,19.25,19.25,0
1749076705,19.25,19.25,19.25,19.25,0
1749076710,19.25,19.25,19.25,19.25,0
1749076715,19.25,19.25,19.25,19.25,0
1749076720,19.25,19.25,19.25,19.25,0
1749076725,19.25,19.25,19.25,19.25,0
1749076730,19.25,19.25,19.25,19.25,0
1749076735,19.25,19.25,19.25,19.25,0
1749076740,19.25,19.25,19.25,19.25,0
1749076745,19.25,19.25,19.25,19.25,0
1749076750,19.25,19.25,19.25,19.25,0
1749076755,19.25,19.25,19.25,19.25,0
1749076760,19.25,19.25,19.25,19.25,0
1749076765,19.25,19.25,19.25,19.25,0
1749076770,19.25,19.25,19.25,19.25,0
1749076775,19.25,19.25,19.25,19.25,0
1749076780,19.25,19.25,19.25,19.25,0
1749076785,19.25,19.25,19.25,19.25,0
1749076790,19.25,19.25,19.25,19.25,0
1749076795,19.25,19.25,19.25,19.25,0
1749076800,19.25,19.25,19.25,19.25,0
1749076805,19.25,19.25,19.25,19.25,0
1749076810,19.25,19.25,19.25,19.25,0
1749076815,19.25,19.25,19.25,19.25,0
1749076820,19.25,19.25,19.25,19.25,0
1749076825,19.25,19.25,19.25,19.25,0
1749076830,19.25,19.25,19.25,19.25,0
1749076835,19.25,19.25,19.25,19.25,0
1749076840,19.25,19.25,19.25,19.25,0
1749076845,19.25,19.25,19.25,19.25,0
1749076850,19.25,19.25,19.25,19.25,0
1749076855,19.25,19.25,19.25,19.25,0
1749076860,19.25,19.25,19.25,19.25,0
1749076865,19.25,19.25,19.25,19.25,0
1749076870,19.25,19.25,19.25,19.25,0
1749076875,19.25,19.25,19.25,19.25,0
1749076880,19.25,19.25,19.25,19.25,0
1749076885,19.25,19.25,19.25,19.25,0
1749076890,19.25,19.25,19.25,19.25,0
1749076895,19.25,19.25,19.25,19.25,0
1749076900,19.25,19.25,19.25,19.25,0
1749076905,19.25,19.25,19.25,19.25,0
1749076910,19.25,19.25,19.25,19.25,0
1749076915,19.25,19.25,19.25,19.25,0
1749076920,19.25,19.25,19.25,19.25,0
1749076925,19.25,19.25,19.25,19.25,0
1749076930,19.25,19.25,19.25,19.25,0
1749076935,19.25,19.25,19.25,19.25,0
1749076940,19.25,19.25,19.25,19.25,0
1749076945,19.25,19.25,19.25,19.25,0
1749076950,19.25,19.25,19.25,19.25,0
1749076955,19.25,19.25,19.25,19.25,0
1749076960,19.25,19.25,19.25,19.25,0
1749076965,19.25,19.25,19.25,19.25,0
1749076970,19.25,19.25,19.25,19.25,0
1749076975,19.25,19.25,19.25,19.25,0
1749076980,19.25,19.25,19.25,19.25,0
1749076985,19.25,19.25,19.25,19.25,0
1749076990,19.25,19.25,19.25,19.25,0
1749076995,19.25,19.25,19.25,19.25,0
1749077000,19.25,19.25,19.25,19.25,0
1749077005,19.25,19.25,19.25,19.25,0
1749077010,19.25,19.25,19.25,19.25,0
1749077015,19.25,19.25,19.25,19.25,0
1749077020,19.25,19.25,19.25,19.25,0
1749077025,19.25,19.25,19.25,19.25,0
1749077030,19.25,19.25,19.25,19.25,0
1749077035,19.25,19.25,19.25,19.25,0
1749077040,19.25,19.25,19.25,19.25,0
1749077045,19.25,19.25,19.25,19.25,0
1749077050,19.25,19.25,19.25,19.25,0
1749077055,19.25,19.25,19.25,19.25,0
1749077060,19.25,19.25,19.25,19.25,0
1749077065,19.25,19.25,19.25,19.25,0
1749077070,19.25,19.25,19.25,19.25,0
1749077075,19.25,19.25,19.25,19.25,0
1749077080,19.25,19.25,19.25,19.25,0
1749077085,19.25,19.25,19.25,19.25,0
1749077090,19.25,19.25,19.25,19.25,0
1749077095,19.25,19.25,19.25,19.25,0
1749077100,19.25,19.25,19.25,19.25,0
1749077105,19.25,19.25,19.25,19.25,0
1749077110,19.25,19.25,19.25,19.25,0
1749077115,19.25,19.25,19.25,19.25,0
1749077120,19.25,19.25,19.25,19.25,0
1749077125,19.25,19.25,19.25,19.25,0
1749077130,19.25,19.25,19.25,19.25,0
1749077135,19.25,19.25,19.25,19.25,0
1749077140,19.25,19.25,19.25,19.25,0
1749077145,19.25,19.25,19.25,19.25,1
1749077150,19.25,19.25,19.25,19.25,0
1749077155,19.25,19.25,19.25,19.25,0
1749077160,19.25,19.25,19.25,19.25,0
1749077165,19.25,19.25,19.25,19.25,0
1749077170,19.25,19.25,19.25,19.25,0
1749077175,19.25,19.25,19.25,19.25,0
1749077180,19.25,19.25,19.25,19.25,0
1749077185,19.25,19.25,19.25,19.25,0
1749077190,19.25,19.25,19.25,19.25,0
1749077195,19.25,19.25,19.25,19.25,0
1749077200,19.25,19.25,19.25,19.25,0
1749077205,19.25,19.25,19.25,19.25,0
1749077210,19.25,19.25,19.25,19.25,0
1749077215,19.25,19.25,19.25,19.25,0
1749077220,19.25,19.25,19.25,19.25,0
1749077225,19.25,19.25,19.25,19.25,0
1749077230,19.25,19.25,19.25,19.25,0
1749077235,19.25,19.25,19.25,19.25,0
1749077240,19.25,19.25,19.25,19.25,0
1749077245,19.25,19.25,19.25,19.25,0
1749077250,19.25,19.25,19.25,19.25,0
1749077255,19.25,19.25,19.25,19.25,0
1749077260,19.25,19.25,19.25,19.25,0
1749077265,19.25,19.25,19.25,19.25,0
1749077270,19.25,19.25,19.25,19.25,0
1749077275,19.25,19.25,19.25,19.25,0
1749077280,19.25,19.25,19.25,19.25,0
1749077285,19.25,19.25,19.25,19.25,0
1749077290,19.25,19.25,19.25,19.25,0
1749077295,19.25,19.25,19.25,19.25,0
1749077300,19.25,19.25,19.25,19.25,0
1749077305,19.25,19.25,19.25,19.25,0
1749077310,19.25,19.25,19.25,19.25,0
1749077315,19.25,19.25,19.25,19.25,0
1749077320,19.25,19.25,19.25,19.25,0
1749077325,19.25,19.25,19.25,19.25,0
1749077330,19.25,19.25,19.25,19.25,0
1749077335,19.25,19.25,19.25,19.25,0
1749077340,19.25,19.25,19.25,19.25,0
1749077345,19.25,19.25,19.25,19.25,0
1749077350,19.25,19.25,19.25,19.25,0
1749077355,19.25,19.25,19.25,19.25,0
1749077360,19.25,19.25,19.25,19.25,0
1749077365,19.25,19.25,19.25,19.25,0
1749077370,19.25,19.25,19.25,19.25,0
1749077375,19.25,19.25,19.25,19.25,0
1749077380,19.25,19.25,19.25,19.25,0
1749077385,19.25,19.25,19.25,19.25,0
1749077390,19.25,19.25,19.25,19.25,0
1749077395,19.25,19.25,19.25,19.25,0
1749077400,19.25,19.25,19.25,19.25,0
1749077405,19.25,19.25,19.25,19.25,0
1749077410,19.25,19.25,19.25,19.25,0
1749077415,19.25,19.25,19.25,19.25,0
1749077420,19.25,19.25,19.25,19.25,0
1749077425,19.25,19.25,19.25,19.25,0
1749077430,19.25,19.25,19.25,19.25,0
1749077435,19.25,19.25,19.25,19.25,0
1749077440,19.25,19.25,19.25,19.25,0
1749077445,19.25,19.25,19.25,19.25,0
1749077450,19.25,19.25,19.25,19.25,0
1749077455,19.25,19.25,19.25,19.25,0
1749077460,19.25,19.25,19.25,19.25,0
1749077465,19.25,19.25,19.25,19.25,0
1749077470,19.25,19.25,19.25,19.25,0
1749077475,19.25,19.25,19.25,19.25,0
1749077480,19.25,19.25,19.25,19.25,0
1749077485,19.25,19.25,19.25,19.25,0
1749077490,19.25,19.25,19.25,19.25,0
1749077495,19.25,19.25,19.25,19.25,0
1749077500,19.25,19.25,19.25,19.25,0
1749077505,19.25,19.25,19.25,19.25,0
1749077510,19.25,19.25,19.25,19.25,0
1749077515,19.25,19.25,19.25,19.25,0
1749077520,19.25,19.25,19.25,19.25,0
1749077525,19.25,19.25,19.25,19.25,0
1749077530,19.25,19.25,19.25,19.25,0
1749077535,19.25,19.25,19.25,19.25,0
1749077540,19.25,19.25,19.25,19.25,0
1749077545,19.25,19.25,19.25,19.25,0
1749077550,19.25,19.25,19.25,19.25,0
1749077555,19.25,19.25,19.25,19.25,0
1749077560,19.25,19.25,19.25,19.25,0
1749077565,19.25,19.25,19.25,19.25,0
1749077570,19.25,19.25,19.25,19.25,0
1749077575,19.25,19.25,19.25,19.25,0
1749077580,19.25,19.25,19.25,19.25,0
1749077585,19.25,19.25,19.25,19.25,0
1749077590,19.25,19.25,19.25,19.25,0
1749077595,19.25,19.25,19.25,19.25,0
1749077600,19.25,19.25,19.25,19.25,0
1749077605,19.25,19.25,19.25,19.25,0
1749077610,19.25,19.25,19.25,19.25,0
1749077615,19.25,19.25,19.25,19.25,0
1749077620,19.25,19.25,19.25,19.25,0
1749077625,19.25,19.25,19.25,19.25,0
1749077630,19.25,19.25,19.25,19.25,0
1749077635,19.25,19.25,19.25,19.25,0
1749077640,19.25,19.25,19.25,19.25,0
1749077645,19.25,19.25,19.25,19.25,0
1749077650,19.25,19.25,19.25,19.25,0
1749077655,19.25,19.25,19.25,19.25,0
1749077660,19.25,19.25,19.25,19.25,0
1749077665,19.25,19.25,19.25,19.25,0
1749077670,19.25,19.25,19.25,19.25,0
1749077675,19.25,19.25,19.25,19.25,0
1749077680,19.25,19.25,19.25,19.25,0
1749077685,19.25,19.25,19.25,19.25,0
1749077690,19.25,19.25,19.25,19.25,0
1749077695,19.25,19.25,19.25,19.25,0
1749077700,19.25,19.25,19.25,19.25,0
1749077705,19.25,19.25,19.25,19.25,0
1749077710,19.25,19.25,19.25,19.25,0
1749077715,19.25,19.25,19.25,19.25,0
1749077720,19.25,19.25,19.25,19.25,0
1749077725,19.25,19.25,19.25,19.25,0
1749077730,19.25,19.25,19.25,19.25,0
1749077735,19.25,19.25,19.25,19.25,0
1749077740,19.25,19.25,19.25,19.25,0
1749077745,19.25,19.25,19.25,19.25,0
1749077750,19.25,19.25,19.25,19.25,0
1749077755,19.25,19.25,19.25,19.25,0
1749077760,19.25,19.25,19.25,19.25,0
1749077765,19.25,19.25,19.25,19.25,0
1749077770,19.25,19.25,19.25,19.25,0
1749077775,19.25,19.25,19.25,19.25,0
1749077780,19.25,19.25,19.25,19.25,0
1749077785,19.25,19.25,19.25,19.25,0
1749077790,19.25,19.25,19.25,19.25,0
1749077795,19.25,19.25,19.25,19.25,0
1749077800,19.25,19.25,19.25,19.25,0
1749077805,19.25,19.25,19.25,19.25,0
1749077810,19.25,19.25,19.25,19.25,0
1749077815,19.25,19.25,19.25,19.25,0
1749077820,19.25,19.25,19.25,19.25,0
1749077825,19.25,19.25,19.25,19.25,0
1749077830,19.25,19.25,19.25,19.25,0
1749077835,19.25,19.25,19.25,19.25,0
1749077840,19.25,19.25,19.25,19.25,0
1749077845,19.25,19.25,19.25,19.25,0
1749077850,19.25,19.25,19.25,19.25,0
1749077855,19.25,19.25,19.25,19.25,0
1749077860,19.25,19.25,19.25,19.25,0
1749077865,19.25,19.25,19.25,19.25,0
1749077870,19.25,19.25,19.25,19.25,0
1749077875,19.25,19.25,19.25,19.25,0
1749077880,19.25,19.25,19.25,19.25,0
1749077885,19.25,19.25,19.25,19.25,0
1749077890,19.25,19.25,19.25,19.25,0
1749077895,19.25,19.25,19.25,19.25,0
1749077900,19.25,19.25,19.25,19.25,0
1749077905,19.25,19.25,19.25,19.25,0
1749077910,19.25,19.25,19.25,19.25,0
1749077915,19.25,19.25,19.25,19.25,0
1749077920,19.25,19.25,19.25,19.25,0
1749077925,19.25,19.25,19.25,19.25,0
1749077930,19.25,19.25,19.25,19.25,0
1749077935,19.25,19.25,19.25,19.25,0
1749077940,19.25,19.25,19.25,19.25,0
1749077945,19.25,19.25,19.25,19.25,0
1749077950,19.25,19.25,19.25,19.25,0
1749077955,19.25,19.25,19.25,19.25,0
1749077960,19.25,19.25,19.25,19.25,0
1749077965,19.25,19.25,19.25,19.25,0
1749077970,19.25,19.25,19.25,19.25,0
1749077975,19.25,19.25,19.25,19.25,0
1749077980,19.25,19.25,19.25,19.25,0
1749077985,19.25,19.25,19.25,19.25,0
1749077990,19.25,19.25,19.25,19.25,0
1749077995,19.25,19.25,19.25,19.25,0
1749078000,19.25,19.25,19.25,19.25,0
1749078005,19.25,19.25,19.25,19.25,0
1749078010,19.25,19.25,19.25,19.25,0
1749078015,19.25,19.25,19.25,19.25,0
1749078020,19.25,19.25,19.25,19.25,0
1749078025,19.25,19.25,19.25,19.25,0
1749078030,19.25,19.25,19.25,19.25,0
1749078035,19.25,19.25,19.25,19.25,0
1749078040,19.25,19.25,19.25,19.25,0
1749078045,19.25,19.25,19.25,19.25,0
1749078050,19.25,19.25,19.25,19.25,0
1749078055,19.25,19.25,19.25,19.25,0
1749078060,19.25,19.25,19.25,19.25,0
1749078065,19.25,19.25,19.25,19.25,0
1749078070,19.25,19.25,19.25,19.25,0
1749078075,19.25,19.25,19.25,19.25,0
1749078080,19.25,19.25,19.25,19.25,0
1749078085,19.25,19.25,19.25,19.25,0
1749078090,19.25,19.25,19.25,19.25,0
1749078095,19.25,19.25,19.25,19.25,0
1749078100,19.25,19.25,19.25,19.25,0
1749078105,19.25,19.25,19.25,19.25,0
1749078110,19.25,19.25,19.25,19.25,0
1749078115,19.25,19.25,19.25,19.25,0
1749078120,19.25,19.25,19.25,19.25,5
1749078125,19.25,19.25,19.25,19.25,0
1749078130,19.25,19.25,19.25,19.25,0
1749078135,19.25,19.25,19.25,19.25,0
1749078140,19.25,19.25,19.25,19.25,0
1749078145,19.25,19.25,19.25,19.25,0
1749078150,19.25,19.25,19.25,19.25,0
1749078155,19.25,19.25,19.25,19.25,0
1749078160,19.25,19.25,19.25,19.25,0
1749078165,19.25,19.25,19.25,19.25,0
1749078170,19.25,19.25,19.25,19.25,0
1749078175,19.25,19.25,19.25,19.25,0
1749078180,19.25,19.25,19.25,19.25,0
1749078185,19.25,19.25,19.25,19.25,0
1749078190,19.25,19.25,19.25,19.25,0
1749078195,19.25,19.25,19.25,19.25,0
1749078200,19.25,19.25,19.25,19.25,0
1749078205,19.25,19.25,19.25,19.25,0
1749078210,19.25,19.25,19.25,19.25,0
1749078215,19.25,19.25,19.25,19.25,0
1749078220,19.25,19.25,19.25,19.25,0
1749078225,19.25,19.25,19.25,19.25,0
1749078230,19.25,19.25,19.25,19.25,0
1749078235,19.25,19.25,19.25,19.25,0
1749078240,19.25,19.25,19.25,19.25,0
1749078245,19.25,19.25,19.25,19.25,0
1749078250,19.25,19.25,19.25,19.25,0
1749078255,19.25,19.25,19.25,19.25,0
1749078260,19.25,19.25,19.25,19.25,0
1749078265,19.25,19.25,19.25,19.25,0
1749078270,19.25,19.25,19.25,19.25,0
1749078275,19.25,19.25,19.25,19.25,0
1749078280,19.25,19.25,19.25,19.25,0
1749078285,19.25,19.25,19.25,19.25,0
1749078290,19.25,19.25,19.25,19.25,0
1749078295,19.25,19.25,19.25,19.25,0
1749078300,19.25,19.25,19.25,19.25,0
1749078305,19.25,19.25,19.25,19.25,0
1749078310,19.25,19.25,19.25,19.25,0
1749078315,19.25,19.25,19.25,19.25,0
1749078320,19.25,19.25,19.25,19.25,0
1749078325,19.25,19.25,19.25,19.25,0
1749078330,19.25,19.25,19.25,19.25,0
1749078335,19.25,19.25,19.25,19.25,0
1749078340,19.25,19.25,19.25,19.25,0
1749078345,19.25,19.25,19.25,19.25,0
1749078350,19.25,19.25,19.25,19.25,0
1749078355,19.25,19.25,19.25,19.25,0
1749078360,19.25,19.25,19.25,19.25,0
1749078365,19.25,19.25,19.25,19.25,0
1749078370,19.25,19.25,19.25,19.25,0
1749078375,19.25,19.25,19.25,19.25,0
1749078380,19.25,19.25,19.25,19.25,0
1749078385,19.25,19.25,19.25,19.25,0
1749078390,19.24,19.24,19.24,19.24,1
1749078395,19.24,19.24,19.24,19.24,0
1749078400,19.24,19.24,19.24,19.24,0
1749078405,19.24,19.24,19.24,19.24,0
1749078410,19.24,19.24,19.24,19.24,0
1749078415,19.24,19.24,19.24,19.24,0
1749078420,19.24,19.24,19.24,19.24,0
1749078425,19.24,19.24,19.24,19.24,0
1749078430,19.24,19.24,19.24,19.24,0
1749078435,19.24,19.24,19.24,19.24,0
1749078440,19.24,19.24,19.24,19.24,0
1749078445,19.24,19.24,19.24,19.24,0
1749078450,19.24,19.24,19.24,19.24,0
1749078455,19.24,19.24,19.24,19.24,0
1749078460,19.24,19.24,19.24,19.24,0
1749078465,19.24,19.24,19.24,19.24,0
1749078470,19.24,19.24,19.24,19.24,0
1749078475,19.24,19.24,19.24,19.24,0
1749078480,19.24,19.24,19.24,19.24,0
1749078485,19.24,19.24,19.24,19.24,0
1749078490,19.24,19.24,19.24,19.24,0
1749078495,19.24,19.24,19.24,19.24,0
1749078500,19.24,19.24,19.24,19.24,0
1749078505,19.24,19.24,19.24,19.24,0
1749078510,19.24,19.24,19.24,19.24,0
1749078515,19.24,19.24,19.24,19.24,0
1749078520,19.24,19.24,19.24,19.24,0
1749078525,19.24,19.24,19.24,19.24,0
1749078530,19.24,19.24,19.24,19.24,0
1749078535,19.24,19.24,19.24,19.24,0
1749078540,19.24,19.24,19.24,19.24,0
1749078545,19.24,19.24,19.24,19.24,0
1749078550,19.24,19.24,19.24,19.24,0
1749078555,19.24,19.24,19.24,19.24,0
1749078560,19.24,19.24,19.24,19.24,0
1749078565,19.24,19.24,19.24,19.24,0
1749078570,19.24,19.24,19.24,19.24,0
1749078575,19.24,19.24,19.24,19.24,0
1749078580,19.24,19.24,19.24,19.24,0
1749078585,19.24,19.24,19.24,19.24,0
1749078590,19.24,19.24,19.24,19.24,0
1749078595,19.24,19.24,19.24,19.24,0
1749078600,19.24,19.24,19.24,19.24,0
1749078605,19.24,19.24,19.24,19.24,0
1749078610,19.24,19.24,19.24,19.24,0
1749078615,19.24,19.24,19.24,19.24,0
1749078620,19.24,19.24,19.24,19.24,0
1749078625,19.24,19.24,19.24,19.24,0
1749078630,19.24,19.24,19.24,19.24,0
1749078635,19.24,19.24,19.24,19.24,0
1749078640,19.24,19.24,19.24,19.24,0
1749078645,19.24,19.24,19.24,19.24,0
1749078650,19.24,19.24,19.24,19.24,0
1749078655,19.24,19.24,19.24,19.24,0
1749078660,19.24,19.24,19.24,19.24,0
1749078665,19.24,19.24,19.24,19.24,0
1749078670,19.24,19.24,19.24,19.24,0
1749078675,19.24,19.24,19.24,19.24,0
1749078680,19.24,19.24,19.24,19.24,0
1749078685,19.24,19.24,19.24,19.24,0
1749078690,19.24,19.24,19.24,19.24,0
1749078695,19.24,19.24,19.24,19.24,0
1749078700,19.24,19.24,19.24,19.24,0
1749078705,19.24,19.24,19.24,19.24,0
1749078710,19.24,19.24,19.24,19.24,0
1749078715,19.24,19.24,19.24,19.24,0
1749078720,19.24,19.24,19.24,19.24,0
1749078725,19.24,19.24,19.24,19.24,0
1749078730,19.24,19.24,19.24,19.24,0
1749078735,19.24,19.24,19.24,19.24,0
1749078740,19.24,19.24,19.24,19.24,0
1749078745,19.24,19.24,19.24,19.24,0
1749078750,19.24,19.24,19.24,19.24,0
1749078755,19.24,19.24,19.24,19.24,0
1749078760,19.24,19.24,19.24,19.24,0
1749078765,19.24,19.24,19.24,19.24,0
1749078770,19.24,19.24,19.24,19.24,0
1749078775,19.24,19.24,19.24,19.24,0
1749078780,19.24,19.24,19.24,19.24,0
1749078785,19.24,19.24,19.24,19.24,0
1749078790,19.24,19.24,19.24,19.24,0
1749078795,19.24,19.24,19.24,19.24,0
1749078800,19.24,19.24,19.24,19.24,0
1749078805,19.24,19.24,19.24,19.24,0
1749078810,19.24,19.24,19.24,19.24,0
1749078815,19.24,19.24,19.24,19.24,0
1749078820,19.24,19.24,19.24,19.24,0
1749078825,19.24,19.24,19.24,19.24,0
1749078830,19.24,19.24,19.24,19.24,0
1749078835,19.24,19.24,19.24,19.24,0
1749078840,19.24,19.24,19.24,19.24,0
1749078845,19.24,19.24,19.24,19.24,0
1749078850,19.24,19.24,19.24,19.24,0
1749078855,19.24,19.24,19.24,19.24,0
1749078860,19.24,19.24,19.24,19.24,0
1749078865,19.24,19.24,19.24,19.24,0
1749078870,19.24,19.24,19.24,19.24,0
1749078875,19.24,19.24,19.24,19.24,0
1749078880,19.24,19.24,19.24,19.24,0
1749078885,19.24,19.24,19.24,19.24,0
1749078890,19.24,19.24,19.24,19.24,0
1749078895,19.24,19.24,19.24,19.24,0
1749078900,19.24,19.24,19.24,19.24,0
1749078905,19.24,19.24,19.24,19.24,0
1749078910,19.24,19.24,19.24,19.24,0
1749078915,19.24,19.24,19.24,19.24,0
1749078920,19.24,19.24,19.24,19.24,0
1749078925,19.24,19.24,19.24,19.24,0
1749078930,19.24,19.24,19.24,19.24,0
1749078935,19.24,19.24,19.24,19.24,0
1749078940,19.24,19.24,19.24,19.24,0
1749078945,19.24,19.24,19.24,19.24,0
1749078950,19.24,19.24,19.24,19.24,0
1749078955,19.24,19.24,19.24,19.24,0
1749078960,19.24,19.24,19.24,19.24,0
1749078965,19.24,19.24,19.24,19.24,0
1749078970,19.24,19.24,19.24,19.24,0
1749078975,19.24,19.24,19.24,19.24,0
1749078980,19.24,19.24,19.24,19.24,0
1749078985,19.24,19.24,19.24,19.24,0
1749078990,19.24,19.24,19.24,19.24,0
1749078995,19.24,19.24,19.24,19.24,0
1749079000,19.24,19.24,19.24,19.24,0
1749079005,19.24,19.24,19.24,19.24,0
1749079010,19.24,19.24,19.24,19.24,0
1749079015,19.24,19.24,19.24,19.24,0
1749079020,19.24,19.24,19.24,19.24,0
1749079025,19.24,19.24,19.24,19.24,0
1749079030,19.24,19.24,19.24,19.24,0
1749079035,19.24,19.24,19.24,19.24,0
1749079040,19.24,19.24,19.24,19.24,0
1749079045,19.24,19.24,19.24,19.24,0
1749079050,19.24,19.24,19.24,19.24,0
1749079055,19.24,19.24,19.24,19.24,0
1749079060,19.24,19.24,19.24,19.24,0
1749079065,19.24,19.24,19.24,19.24,0
1749079070,19.24,19.24,19.24,19.24,0
1749079075,19.24,19.24,19.24,19.24,0
1749079080,19.24,19.24,19.24,19.24,0
1749079085,19.24,19.24,19.24,19.24,0
1749079090,19.24,19.24,19.24,19.24,0
1749079095,19.24,19.24,19.24,19.24,0
1749079100,19.24,19.24,19.24,19.24,0
1749079105,19.24,19.24,19.24,19.24,0
1749079110,19.24,19.24,19.24,19.24,0
1749079115,19.24,19.24,19.24,19.24,0
1749079120,19.24,19.24,19.24,19.24,0
1749079125,19.24,19.24,19.24,19.24,0
1749079130,19.24,19.24,19.24,19.24,0
1749079135,19.24,19.24,19.24,19.24,0
1749079140,19.24,19.24,19.24,19.24,0
1749079145,19.24,19.24,19.24,19.24,0
1749079150,19.24,19.24,19.24,19.24,0
1749079155,19.24,19.24,19.24,19.24,0
1749079160,19.24,19.24,19.24,19.24,0
1749079165,19.24,19.24,19.24,19.24,0
1749079170,19.24,19.24,19.24,19.24,0
1749079175,19.24,19.24,19.24,19.24,0
1749079180,19.24,19.24,19.24,19.24,0
1749079185,19.24,19.24,19.24,19.24,0
1749079190,19.24,19.24,19.24,19.24,0
1749079195,19.24,19.24,19.24,19.24,0
1749079200,19.24,19.24,19.24,19.24,0
1749079205,19.24,19.24,19.24,19.24,0
1749079210,19.24,19.24,19.24,19.24,0
1749079215,19.24,19.24,19.24,19.24,0
1749079220,19.24,19.24,19.24,19.24,0
1749079225,19.24,19.24,19.24,19.24,0
1749079230,19.24,19.24,19.24,19.24,0
1749079235,19.24,19.24,19.24,19.24,0
1749079240,19.24,19.24,19.24,19.24,0
1749079245,19.24,19.24,19.24,19.24,0
1749079250,19.24,19.24,19.24,19.24,0
1749079255,19.24,19.24,19.24,19.24,0
1749079260,19.24,19.24,19.24,19.24,0
1749079265,19.24,19.24,19.24,19.24,0
1749079270,19.24,19.24,19.24,19.24,0
1749079275,19.24,19.24,19.24,19.24,0
1749079280,19.24,19.24,19.24,19.24,0
1749079285,19.24,19.24,19.24,19.24,0
1749079290,19.24,19.24,19.24,19.24,0
1749079295,19.24,19.24,19.24,19.24,0
1749079300,19.24,19.24,19.24,19.24,0
1749079305,19.24,19.24,19.24,19.24,0
1749079310,19.24,19.24,19.24,19.24,0
1749079315,19.24,19.24,19.24,19.24,0
1749079320,19.24,19.24,19.24,19.24,0
1749079325,19.24,19.24,19.24,19.24,0
1749079330,19.24,19.24,19.24,19.24,0
1749079335,19.24,19.24,19.24,19.24,0
1749079340,19.24,19.24,19.24,19.24,0
1749079345,19.24,19.24,19.24,19.24,0
1749079350,19.24,19.24,19.24,19.24,0
1749079355,19.24,19.24,19.24,19.24,0
1749079360,19.24,19.24,19.24,19.24,0
1749079365,19.24,19.24,19.24,19.24,0
1749079370,19.24,19.24,19.24,19.24,0
1749079375,19.24,19.24,19.24,19.24,0
1749079380,19.24,19.24,19.24,19.24,0
1749079385,19.24,19.24,19.24,19.24,0
1749079390,19.24,19.24,19.24,19.24,0
1749079395,19.24,19.24,19.24,19.24,0
1749079400,19.24,19.24,19.24,19.24,0
1749079405,19.24,19.24,19.24,19.24,0
1749079410,19.24,19.24,19.24,19.24,0
1749079415,19.24,19.24,19.24,19.24,0
1749079420,19.24,19.24,19.24,19.24,0
1749079425,19.24,19.24,19.24,19.24,0
1749079430,19.24,19.24,19.24,19.24,0
1749079435,19.24,19.24,19.24,19.24,0
1749079440,19.24,19.24,19.24,19.24,0
1749079445,19.24,19.24,19.24,19.24,0
1749079450,19.24,19.24,19.24,19.24,0
1749079455,19.24,19.24,19.24,19.24,0
1749079460,19.24,19.24,19.24,19.24,0
1749079465,19.24,19.24,19.24,19.24,0
1749079470,19.24,19.24,19.24,19.24,0
1749079475,19.24,19.24,19.24,19.24,0
1749079480,19.24,19.24,19.24,19.24,0
1749079485,19.24,19.24,19.24,19.24,0
1749079490,19.24,19.24,19.24,19.24,0
1749079495,19.24,19.24,19.24,19.24,0
1749079500,19.24,19.24,19.24,19.24,0
1749079505,19.24,19.24,19.24,19.24,0
1749079510,19.24,19.24,19.24,19.24,0
1749079515,19.24,19.24,19.24,19.24,0
1749079520,19.24,19.24,19.24,19.24,0
1749079525,19.24,19.24,19.24,19.24,0
1749079530,19.24,19.24,19.24,19.24,0
1749079535,19.24,19.24,19.24,19.24,0
1749079540,19.24,19.24,19.24,19.24,0
1749079545,19.24,19.24,19.24,19.24,0
1749079550,19.24,19.24,19.24,19.24,0
1749079555,19.24,19.24,19.24,19.24,0
1749079560,19.24,19.24,19.24,19.24,0
1749079565,19.24,19.24,19.24,19.24,0
1749079570,19.24,19.24,19.24,19.24,0
1749079575,19.24,19.24,19.24,19.24,0
1749079580,19.24,19.24,19.24,19.24,0
1749079585,19.24,19.24,19.24,19.24,0
1749079590,19.24,19.24,19.24,19.24,0
1749079595,19.24,19.24,19.24,19.24,0
1749079600,19.24,19.24,19.24,19.24,0
1749079605,19.24,19.24,19.24,19.24,0
1749079610,19.24,19.24,19.24,19.24,0
1749079615,19.24,19.24,19.24,19.24,0
1749079620,19.24,19.24,19.24,19.24,0
1749079625,19.24,19.24,19.24,19.24,0
1749079630,19.24,19.24,19.24,19.24,0
1749079635,19.24,19.24,19.24,19.24,0
1749079640,19.24,19.24,19.24,19.24,0
1749079645,19.24,19.24,19.24,19.24,0
1749079650,19.24,19.24,19.24,19.24,0
1749079655,19.24,19.24,19.24,19.24,0
1749079660,19.24,19.24,19.24,19.24,0
1749079665,19.22,19.22,19.22,19.22,1
1749079670,19.22,19.22,19.22,19.22,0
1749079675,19.22,19.22,19.22,19.22,0
1749079680,19.22,19.22,19.22,19.22,0
1749079685,19.22,19.22,19.22,19.22,0
1749079690,19.22,19.22,19.22,19.22,0
1749079695,19.22,19.22,19.22,19.22,0
1749079700,19.22,19.22,19.22,19.22,0
1749079705,19.22,19.22,19.22,19.22,0
1749079710,19.22,19.22,19.22,19.22,0
1749079715,19.22,19.22,19.22,19.22,0
1749079720,19.22,19.22,19.22,19.22,0
1749079725,19.22,19.22,19.22,19.22,0
1749079730,19.22,19.22,19.22,19.22,0
1749079735,19.22,19.22,19.22,19.22,0
1749079740,19.22,19.22,19.22,19.22,0
1749079745,19.22,19.22,19.22,19.22,0
1749079750,19.22,19.22,19.22,19.22,0
1749079755,19.22,19.22,19.22,19.22,0
1749079760,19.22,19.22,19.22,19.22,0
1749079765,19.22,19.22,19.22,19.22,0
1749079770,19.22,19.22,19.22,19.22,0
1749079775,19.22,19.22,19.22,19.22,0
1749079780,19.22,19.22,19.22,19.22,0
1749079785,19.22,19.22,19.22,19.22,0
1749079790,19.22,19.22,19.22,19.22,0
1749079795,19.22,19.22,19.22,19.22,0
1749079800,19.22,19.22,19.22,19.22,0
1749079805,19.22,19.22,19.22,19.22,0
1749079810,19.22,19.22,19.22,19.22,0
1749079815,19.22,19.22,19.22,19.22,0
1749079820,19.22,19.22,19.22,19.22,0
1749079825,19.22,19.22,19.22,19.22,0
1749079830,19.22,19.22,19.22,19.22,0
1749079835,19.22,19.22,19.22,19.22,0
1749079840,19.22,19.22,19.22,19.22,0
1749079845,19.22,19.22,19.22,19.22,0
1749079850,19.22,19.22,19.22,19.22,0
1749079855,19.22,19.22,19.22,19.22,0
1749079860,19.22,19.22,19.22,19.22,0
1749079865,19.22,19.22,19.22,19.22,0
1749079870,19.22,19.22,19.22,19.22,0
1749079875,19.22,19.22,19.22,19.22,0
1749079880,19.22,19.22,19.22,19.22,0
1749079885,19.22,19.22,19.22,19.22,0
1749079890,19.22,19.22,19.22,19.22,0
1749079895,19.22,19.22,19.22,19.22,0
1749079900,19.22,19.22,19.22,19.22,0
1749079905,19.24,19.24,19.24,19.24,3
1749079910,19.24,19.24,19.24,19.24,1
1749079915,19.24,19.24,19.24,19.24,0
1749079920,19.25,19.25,19.25,19.25,5
1749079925,19.25,19.25,19.25,19.25,0
1749079930,19.25,19.25,19.25,19.25,0
1749079935,19.25,19.25,19.25,19.25,0
1749079940,19.25,19.25,19.25,19.25,0
1749079945,19.25,19.25,19.25,19.25,0
1749079950,19.25,19.25,19.25,19.25,0
1749079955,19.25,19.25,19.25,19.25,0
1749079960,19.25,19.25,19.25,19.25,0
1749079965,19.25,19.25,19.25,19.25,0
1749079970,19.25,19.25,19.25,19.25,0
1749079975,19.25,19.25,19.25,19.25,0
1749079980,19.25,19.25,19.25,19.25,0
1749079985,19.25,19.25,19.25,19.25,0
1749079990,19.25,19.25,19.25,19.25,0
1749079995,19.25,19.25,19.25,19.25,0
1749080000,19.25,19.25,19.25,19.25,0
1749080005,19.25,19.25,19.25,19.25,0
1749080010,19.25,19.25,19.25,19.25,0
1749080015,19.25,19.25,19.25,19.25,0
1749080020,19.25,19.25,19.25,19.25,0
1749080025,19.25,19.25,19.25,19.25,0
1749080030,19.25,19.25,19.25,19.25,0
1749080035,19.25,19.25,19.25,19.25,0
1749080040,19.25,19.25,19.25,19.25,0
1749080045,19.25,19.25,19.25,19.25,0
1749080050,19.25,19.25,19.25,19.25,0
1749080055,19.25,19.25,19.25,19.25,0
1749080060,19.25,19.25,19.25,19.25,0
1749080065,19.25,19.25,19.25,19.25,0
1749080070,19.25,19.25,19.25,19.25,0
1749080075,19.25,19.25,19.25,19.25,0
1749080080,19.25,19.25,19.25,19.25,0
1749080085,19.25,19.25,19.25,19.25,0
1749080090,19.25,19.25,19.25,19.25,0
1749080095,19.25,19.25,19.25,19.25,0
1749080100,19.25,19.25,19.25,19.25,0
1749080105,19.25,19.25,19.25,19.25,0
1749080110,19.25,19.25,19.25,19.25,0
1749080115,19.25,19.25,19.25,19.25,0
1749080120,19.25,19.25,19.25,19.25,0
1749080125,19.25,19.25,19.25,19.25,0
1749080130,19.25,19.25,19.25,19.25,0
1749080135,19.25,19.25,19.25,19.25,0
1749080140,19.25,19.25,19.25,19.25,0
1749080145,19.25,19.25,19.25,19.25,0
1749080150,19.25,19.25,19.25,19.25,0
1749080155,19.25,19.25,19.25,19.25,0
1749080160,19.25,19.25,19.25,19.25,0
1749080165,19.25,19.25,19.25,19.25,0
1749080170,19.25,19.25,19.25,19.25,0
1749080175,19.25,19.25,19.25,19.25,0
1749080180,19.25,19.25,19.25,19.25,0
1749080185,19.25,19.25,19.25,19.25,0
1749080190,19.25,19.25,19.25,19.25,0
1749080195,19.25,19.25,19.25,19.25,0
1749080200,19.25,19.25,19.25,19.25,0
1749080205,19.25,19.25,19.25,19.25,0
1749080210,19.25,19.25,19.25,19.25,0
1749080215,19.25,19.25,19.25,19.25,0
1749080220,19.25,19.25,19.25,19.25,0
1749080225,19.25,19.25,19.25,19.25,0
1749080230,19.25,19.25,19.25,19.25,0
1749080235,19.25,19.25,19.25,19.25,0
1749080240,19.25,19.25,19.25,19.25,0
1749080245,19.25,19.25,19.25,19.25,0
1749080250,19.25,19.25,19.25,19.25,0
1749080255,19.25,19.25,19.25,19.25,0
1749080260,19.25,19.25,19.25,19.25,0
1749080265,19.25,19.25,19.25,19.25,0
1749080270,19.25,19.25,19.25,19.25,0
1749080275,19.25,19.25,19.25,19.25,0
1749080280,19.25,19.25,19.25,19.25,0
1749080285,19.25,19.25,19.25,19.25,0
1749080290,19.25,19.25,19.25,19.25,0
1749080295,19.25,19.25,19.25,19.25,0
1749080300,19.25,19.25,19.25,19.25,0
1749080305,19.25,19.25,19.25,19.25,0
1749080310,19.25,19.25,19.25,19.25,0
1749080315,19.25,19.25,19.25,19.25,0
1749080320,19.25,19.25,19.25,19.25,0
1749080325,19.25,19.25,19.25,19.25,0
1749080330,19.25,19.25,19.25,19.25,0
1749080335,19.25,19.25,19.25,19.25,0
1749080340,19.25,19.25,19.25,19.25,0
1749080345,19.25,19.25,19.25,19.25,0
1749080350,19.25,19.25,19.25,19.25,0
1749080355,19.25,19.25,19.25,19.25,0
1749080360,19.25,19.25,19.25,19.25,0
1749080365,19.25,19.25,19.25,19.25,0
1749080370,19.25,19.25,19.25,19.25,0
1749080375,19.25,19.25,19.25,19.25,0
1749080380,19.25,19.25,19.25,19.25,0
1749080385,19.25,19.25,19.25,19.25,0
1749080390,19.25,19.25,19.25,19.25,0
1749080395,19.25,19.25,19.25,19.25,0
1749080400,19.25,19.25,19.25,19.25,0
1749080405,19.25,19.25,19.25,19.25,0
1749080410,19.25,19.25,19.25,19.25,0
1749080415,19.25,19.25,19.25,19.25,0
1749080420,19.25,19.25,19.25,19.25,0
1749080425,19.25,19.25,19.25,19.25,0
1749080430,19.25,19.25,19.25,19.25,0
1749080435,19.25,19.25,19.25,19.25,0
1749080440,19.25,19.25,19.25,19.25,0
1749080445,19.25,19.25,19.25,19.25,0
1749080450,19.25,19.25,19.25,19.25,0
1749080455,19.25,19.25,19.25,19.25,0
1749080460,19.25,19.25,19.25,19.25,0
1749080465,19.25,19.25,19.25,19.25,0
1749080470,19.25,19.25,19.25,19.25,0
1749080475,19.25,19.25,19.25,19.25,0
1749080480,19.25,19.25,19.25,19.25,0
1749080485,19.25,19.25,19.25,19.25,0
1749080490,19.25,19.25,19.25,19.25,0
1749080495,19.25,19.25,19.25,19.25,0
1749080500,19.25,19.25,19.25,19.25,0
1749080505,19.25,19.25,19.25,19.25,0
1749080510,19.25,19.25,19.25,19.25,0
1749080515,19.25,19.25,19.25,19.25,0
1749080520,19.25,19.25,19.25,19.25,0
1749080525,19.25,19.25,19.25,19.25,0
1749080530,19.25,19.25,19.25,19.25,0
1749080535,19.25,19.25,19.25,19.25,0
1749080540,19.25,19.25,19.25,19.25,0
1749080545,19.25,19.25,19.25,19.25,0
1749080550,19.25,19.25,19.25,19.25,0
1749080555,19.25,19.25,19.25,19.25,0
1749080560,19.25,19.25,19.25,19.25,0
1749080565,19.25,19.25,19.25,19.25,0
1749080570,19.25,19.25,19.25,19.25,0
1749080575,19.25,19.25,19.25,19.25,0
1749080580,19.25,19.25,19.25,19.25,0
1749080585,19.25,19.25,19.25,19.25,0
1749080590,19.25,19.25,19.25,19.25,0
1749080595,19.25,19.25,19.25,19.25,0
1749080600,19.25,19.25,19.25,19.25,0
1749080605,19.25,19.25,19.25,19.25,0
1749080610,19.25,19.25,19.25,19.25,0
1749080615,19.25,19.25,19.25,19.25,0
1749080620,19.25,19.25,19.25,19.25,0
1749080625,19.25,19.25,19.25,19.25,0
1749080630,19.25,19.25,19.25,19.25,0
1749080635,19.25,19.25,19.25,19.25,0
1749080640,19.25,19.25,19.25,19.25,0
1749080645,19.25,19.25,19.25,19.25,0
1749080650,19.25,19.25,19.25,19.25,0
1749080655,19.25,19.25,19.25,19.25,5
1749080660,19.25,19.25,19.25,19.25,0
1749080665,19.25,19.25,19.25,19.25,0
1749080670,19.25,19.25,19.25,19.25,0
1749080675,19.25,19.25,19.25,19.25,0
1749080680,19.25,19.25,19.25,19.25,0
1749080685,19.25,19.25,19.25,19.25,0
1749080690,19.25,19.25,19.25,19.25,0
1749080695,19.25,19.25,19.25,19.25,0
1749080700,19.25,19.25,19.25,19.25,0
1749080705,19.25,19.25,19.25,19.25,0
1749080710,19.25,19.25,19.25,19.25,0
1749080715,19.25,19.25,19.25,19.25,0
1749080720,19.25,19.25,19.25,19.25,0
1749080725,19.25,19.25,19.25,19.25,0
1749080730,19.25,19.25,19.25,19.25,0
1749080735,19.25,19.25,19.25,19.25,0
1749080740,19.25,19.25,19.25,19.25,0
1749080745,19.25,19.25,19.25,19.25,0
1749080750,19.25,19.25,19.25,19.25,0
1749080755,19.25,19.25,19.25,19.25,0
1749080760,19.25,19.25,19.25,19.25,0
1749080765,19.25,19.25,19.25,19.25,0
1749080770,19.25,19.25,19.25,19.25,0
1749080775,19.25,19.25,19.25,19.25,0
1749080780,19.25,19.25,19.25,19.25,0
1749080785,19.25,19.25,19.25,19.25,0
1749080790,19.25,19.25,19.25,19.25,0
1749080795,19.25,19.25,19.25,19.25,0
1749080800,19.25,19.25,19.25,19.25,0
1749080805,19.25,19.25,19.25,19.25,0
1749080810,19.25,19.25,19.25,19.25,0
1749080815,19.25,19.25,19.25,19.25,0
1749080820,19.25,19.25,19.25,19.25,0
1749080825,19.25,19.25,19.25,19.25,0
1749080830,19.25,19.25,19.25,19.25,0
1749080835,19.25,19.25,19.25,19.25,0
1749080840,19.25,19.25,19.25,19.25,0
1749080845,19.25,19.25,19.25,19.25,0
1749080850,19.25,19.25,19.25,19.25,0
1749080855,19.25,19.25,19.25,19.25,0
1749080860,19.25,19.25,19.25,19.25,0
1749080865,19.25,19.25,19.25,19.25,0
1749080870,19.25,19.25,19.25,19.25,0
1749080875,19.25,19.25,19.25,19.25,0
1749080880,19.25,19.25,19.25,19.25,0
1749080885,19.25,19.25,19.25,19.25,0
1749080890,19.25,19.25,19.25,19.25,0
1749080895,19.25,19.25,19.25,19.25,0
1749080900,19.25,19.25,19.25,19.25,0
1749080905,19.25,19.25,19.25,19.25,0
1749080910,19.25,19.25,19.25,19.25,0
1749080915,19.25,19.25,19.25,19.25,0
1749080920,19.25,19.25,19.25,19.25,0
1749080925,19.25,19.25,19.25,19.25,0
1749080930,19.25,19.25,19.25,19.25,0
1749080935,19.25,19.25,19.25,19.25,0
1749080940,19.25,19.25,19.25,19.25,0
1749080945,19.25,19.25,19.25,19.25,0
1749080950,19.25,19.25,19.25,19.25,0
1749080955,19.25,19.25,19.25,19.25,0
1749080960,19.25,19.25,19.25,19.25,0
1749080965,19.25,19.25,19.25,19.25,0
1749080970,19.25,19.25,19.25,19.25,0
1749080975,19.25,19.25,19.25,19.25,0
1749080980,19.25,19.25,19.25,19.25,0
1749080985,19.25,19.25,19.25,19.25,0
1749080990,19.25,19.25,19.25,19.25,0
1749080995,19.25,19.25,19.25,19.25,0
1749081000,19.25,19.25,19.25,19.25,0
1749081005,19.25,19.25,19.25,19.25,0
1749081010,19.25,19.25,19.25,19.25,0
1749081015,19.25,19.25,19.25,19.25,0
1749081020,19.25,19.25,19.25,19.25,0
1749081025,19.25,19.25,19.25,19.25,0
1749081030,19.25,19.25,19.25,19.25,0
1749081035,19.25,19.25,19.25,19.25,0
1749081040,19.25,19.25,19.25,19.25,0
1749081045,19.25,19.25,19.25,19.25,0
1749081050,19.25,19.25,19.25,19.25,0
1749081055,19.25,19.25,19.25,19.25,0
1749081060,19.25,19.25,19.25,19.25,0
1749081065,19.25,19.25,19.25,19.25,0
1749081070,19.25,19.25,19.25,19.25,0
1749081075,19.25,19.25,19.25,19.25,0
1749081080,19.25,19.25,19.25,19.25,0
1749081085,19.25,19.25,19.25,19.25,0
1749081090,19.25,19.25,19.25,19.25,0
1749081095,19.25,19.25,19.25,19.25,0
1749081100,19.25,19.25,19.25,19.25,0
1749081105,19.25,19.25,19.25,19.25,0
1749081110,19.25,19.25,19.25,19.25,0
1749081115,19.25,19.25,19.25,19.25,0
1749081120,19.25,19.25,19.25,19.25,0
1749081125,19.25,19.25,19.25,19.25,0
1749081130,19.25,19.25,19.25,19.25,0
1749081135,19.25,19.25,19.25,19.25,0
1749081140,19.25,19.25,19.25,19.25,0
1749081145,19.25,19.25,19.25,19.25,0
1749081150,19.25,19.25,19.25,19.25,0
1749081155,19.25,19.25,19.25,19.25,0
1749081160,19.25,19.25,19.25,19.25,0
1749081165,19.25,19.25,19.25,19.25,0
1749081170,19.25,19.25,19.25,19.25,0
1749081175,19.25,19.25,19.25,19.25,0
1749081180,19.25,19.25,19.25,19.25,0
1749081185,19.25,19.25,19.25,19.25,0
1749081190,19.25,19.25,19.25,19.25,0
1749081195,19.25,19.25,19.25,19.25,0
1749081200,19.25,19.25,19.25,19.25,0
1749081205,19.25,19.25,19.25,19.25,0
1749081210,19.25,19.25,19.25,19.25,0
1749081215,19.25,19.25,19.25,19.25,0
1749081220,19.25,19.25,19.25,19.25,0
1749081225,19.25,19.25,19.25,19.25,0
1749081230,19.25,19.25,19.25,19.25,0
1749081235,19.25,19.25,19.25,19.25,0
1749081240,19.25,19.25,19.25,19.25,0
1749081245,19.25,19.25,19.25,19.25,0
1749081250,19.25,19.25,19.25,19.25,0
1749081255,19.25,19.25,19.25,19.25,0
1749081260,19.25,19.25,19.25,19.25,0
1749081265,19.25,19.25,19.25,19.25,0
1749081270,19.25,19.25,19.25,19.25,0
1749081275,19.25,19.25,19.25,19.25,0
1749081280,19.25,19.25,19.25,19.25,0
1749081285,19.25,19.25,19.25,19.25,0
1749081290,19.25,19.25,19.25,19.25,0
1749081295,19.25,19.25,19.25,19.25,0
1749081300,19.25,19.25,19.25,19.25,0
1749081305,19.25,19.25,19.25,19.25,0
1749081310,19.25,19.25,19.25,19.25,0
1749081315,19.25,19.25,19.25,19.25,0
1749081320,19.25,19.25,19.25,19.25,0
1749081325,19.25,19.25,19.25,19.25,0
1749081330,19.25,19.25,19.25,19.25,0
1749081335,19.25,19.25,19.25,19.25,0
1749081340,19.25,19.25,19.25,19.25,0
1749081345,19.25,19.25,19.25,19.25,0
1749081350,19.25,19.25,19.25,19.25,0
1749081355,19.25,19.25,19.25,19.25,0
1749081360,19.25,19.25,19.25,19.25,0
1749081365,19.25,19.25,19.25,19.25,0
1749081370,19.25,19.25,19.25,19.25,0
1749081375,19.25,19.25,19.25,19.25,0
1749081380,19.25,19.25,19.25,19.25,0
1749081385,19.25,19.25,19.25,19.25,0
1749081390,19.25,19.25,19.25,19.25,0
1749081395,19.25,19.25,19.25,19.25,0
1749081400,19.25,19.25,19.25,19.25,0
1749081405,19.25,19.25,19.25,19.25,0
1749081410,19.25,19.25,19.25,19.25,0
1749081415,19.25,19.25,19.25,19.25,0
1749081420,19.25,19.25,19.25,19.25,0
1749081425,19.25,19.25,19.25,19.25,0
1749081430,19.25,19.25,19.25,19.25,0
1749081435,19.25,19.25,19.25,19.25,0
1749081440,19.25,19.25,19.25,19.25,1
1749081445,19.25,19.25,19.25,19.25,0
1749081450,19.25,19.25,19.25,19.25,0
1749081455,19.25,19.25,19.25,19.25,0
1749081460,19.25,19.25,19.25,19.25,0
1749081465,19.25,19.25,19.25,19.25,0
1749081470,19.25,19.25,19.25,19.25,0
1749081475,19.25,19.25,19.25,19.25,0
1749081480,19.25,19.25,19.25,19.25,0
1749081485,19.25,19.25,19.25,19.25,0
1749081490,19.25,19.25,19.25,19.25,0
1749081495,19.25,19.25,19.25,19.25,0
1749081500,19.25,19.25,19.25,19.25,0
1749081505,19.25,19.25,19.25,19.25,0
1749081510,19.25,19.25,19.25,19.25,0
1749081515,19.25,19.25,19.25,19.25,0
1749081520,19.25,19.25,19.25,19.25,0
1749081525,19.25,19.25,19.25,19.25,0
1749081530,19.25,19.25,19.25,19.25,0
1749081535,19.25,19.25,19.25,19.25,0
1749081540,19.25,19.25,19.25,19.25,0
1749081545,19.25,19.25,19.25,19.25,0
1749081550,19.25,19.25,19.25,19.25,0
1749081555,19.25,19.25,19.25,19.25,0
1749081560,19.25,19.25,19.25,19.25,0
1749081565,19.25,19.25,19.25,19.25,0
1749081570,19.25,19.25,19.25,19.25,0
1749081575,19.25,19.25,19.25,19.25,0
1749081580,19.25,19.25,19.25,19.25,0
1749081585,19.25,19.25,19.25,19.25,0
1749081590,19.25,19.25,19.25,19.25,0
1749081595,19.25,19.25,19.25,19.25,0
1749081600,19.25,19.25,19.25,19.25,0
1749081605,19.25,19.25,19.25,19.25,0
1749081610,19.25,19.25,19.25,19.25,0
1749081615,19.25,19.25,19.25,19.25,0
1749081620,19.25,19.25,19.25,19.25,0
1749081625,19.25,19.25,19.25,19.25,0
1749081630,19.25,19.25,19.25,19.25,0
1749081635,19.25,19.25,19.25,19.25,0
1749081640,19.25,19.25,19.25,19.25,0
1749081645,19.25,19.25,19.25,19.25,0
1749081650,19.25,19.25,19.25,19.25,0
1749081655,19.25,19.25,19.25,19.25,0
1749081660,19.25,19.25,19.25,19.25,0
1749081665,19.25,19.25,19.25,19.25,0
1749081670,19.25,19.25,19.25,19.25,0
1749081675,19.25,19.25,19.25,19.25,0
1749081680,19.25,19.25,19.25,19.25,0
1749081685,19.25,19.25,19.25,19.25,0
1749081690,19.25,19.25,19.25,19.25,0
1749081695,19.25,19.25,19.25,19.25,0
1749081700,19.25,19.25,19.25,19.25,0
1749081705,19.25,19.25,19.25,19.25,0
1749081710,19.25,19.25,19.25,19.25,0
1749081715,19.25,19.25,19.25,19.25,0
1749081720,19.25,19.25,19.25,19.25,0
1749081725,19.25,19.25,19.25,19.25,0
1749081730,19.25,19.25,19.25,19.25,0
1749081735,19.25,19.25,19.25,19.25,0
1749081740,19.25,19.25,19.25,19.25,0
1749081745,19.25,19.25,19.25,19.25,0
1749081750,19.25,19.25,19.25,19.25,0
1749081755,19.25,19.25,19.25,19.25,0
1749081760,19.25,19.25,19.25,19.25,0
1749081765,19.25,19.25,19.25,19.25,0
1749081770,19.25,19.25,19.25,19.25,0
1749081775,19.25,19.25,19.25,19.25,0
1749081780,19.25,19.25,19.25,19.25,0
1749081785,19.25,19.25,19.25,19.25,0
1749081790,19.25,19.25,19.25,19.25,0
1749081795,19.25,19.25,19.25,19.25,0
1749081800,19.25,19.25,19.25,19.25,0
1749081805,19.25,19.25,19.25,19.25,0
1749081810,19.25,19.25,19.25,19.25,0
1749081815,19.25,19.25,19.25,19.25,0
1749081820,19.25,19.25,19.25,19.25,0
1749081825,19.25,19.25,19.25,19.25,0
1749081830,19.25,19.25,19.25,19.25,0
1749081835,19.25,19.25,19.25,19.25,0
1749081840,19.25,19.25,19.25,19.25,0
1749081845,19.25,19.25,19.25,19.25,0
1749081850,19.25,19.25,19.25,19.25,0
1749081855,19.25,19.25,19.25,19.25,0
1749081860,19.25,19.25,19.25,19.25,0
1749081865,19.25,19.25,19.25,19.25,0
1749081870,19.25,19.25,19.25,19.25,0
1749081875,19.25,19.25,19.25,19.25,0
1749081880,19.25,19.25,19.25,19.25,0
1749081885,19.25,19.25,19.25,19.25,0
1749081890,19.25,19.25,19.25,19.25,0
1749081895,19.25,19.25,19.25,19.25,0
1749081900,19.25,19.25,19.25,19.25,0
1749081905,19.25,19.25,19.25,19.25,0
1749081910,19.25,19.25,19.25,19.25,0
1749081915,19.25,19.25,19.25,19.25,0
1749081920,19.25,19.25,19.25,19.25,0
1749081925,19.25,19.25,19.25,19.25,0
1749081930,19.25,19.25,19.25,19.25,0
1749081935,19.25,19.25,19.25,19.25,0
1749081940,19.25,19.25,19.25,19.25,0
1749081945,19.25,19.25,19.25,19.25,0
1749081950,19.25,19.25,19.25,19.25,0
1749081955,19.25,19.25,19.25,19.25,0
1749081960,19.25,19.25,19.25,19.25,0
1749081965,19.25,19.25,19.25,19.25,0
1749081970,19.25,19.25,19.25,19.25,0
1749081975,19.25,19.25,19.25,19.25,0
1749081980,19.25,19.25,19.25,19.25,0
1749081985,19.25,19.25,19.25,19.25,0
1749081990,19.25,19.25,19.25,19.25,0
1749081995,19.25,19.25,19.25,19.25,0
1749082000,19.25,19.25,19.25,19.25,0
1749082005,19.25,19.25,19.25,19.25,0
1749082010,19.25,19.25,19.25,19.25,0
1749082015,19.25,19.25,19.25,19.25,0
1749082020,19.25,19.25,19.25,19.25,0
1749082025,19.25,19.25,19.25,19.25,0
1749082030,19.25,19.25,19.25,19.25,0
1749082035,19.25,19.25,19.25,19.25,0
1749082040,19.25,19.25,19.25,19.25,0
1749082045,19.25,19.25,19.25,19.25,0
1749082050,19.25,19.25,19.25,19.25,0
1749082055,19.25,19.25,19.25,19.25,0
1749082060,19.25,19.25,19.25,19.25,0
1749082065,19.25,19.25,19.25,19.25,0
1749082070,19.25,19.25,19.25,19.25,0
1749082075,19.25,19.25,19.25,19.25,0
1749082080,19.25,19.25,19.25,19.25,0
1749082085,19.25,19.25,19.25,19.25,0
1749082090,19.25,19.25,19.25,19.25,0
1749082095,19.25,19.25,19.25,19.25,0
1749082100,19.25,19.25,19.25,19.25,0
1749082105,19.25,19.25,19.25,19.25,0
1749082110,19.25,19.25,19.25,19.25,0
1749082115,19.25,19.25,19.25,19.25,0
1749082120,19.25,19.25,19.25,19.25,0
1749082125,19.25,19.25,19.25,19.25,0
1749082130,19.25,19.25,19.25,19.25,0
1749082135,19.25,19.25,19.25,19.25,0
1749082140,19.25,19.25,19.25,19.25,0
1749082145,19.25,19.25,19.25,19.25,0
1749082150,19.25,19.25,19.25,19.25,0
1749082155,19.25,19.25,19.25,19.25,0
1749082160,19.25,19.25,19.25,19.25,0
1749082165,19.25,19.25,19.25,19.25,0
1749082170,19.25,19.25,19.25,19.25,0
1749082175,19.25,19.25,19.25,19.25,0
1749082180,19.25,19.25,19.25,19.25,0
1749082185,19.25,19.25,19.25,19.25,0
1749082190,19.25,19.25,19.25,19.25,0
1749082195,19.25,19.25,19.25,19.25,0
1749082200,19.25,19.25,19.25,19.25,0
1749082205,19.25,19.25,19.25,19.25,0
1749082210,19.25,19.25,19.25,19.25,0
1749082215,19.25,19.25,19.25,19.25,0
1749082220,19.25,19.25,19.25,19.25,0
1749082225,19.25,19.25,19.25,19.25,0
1749082230,19.25,19.25,19.25,19.25,0
1749082235,19.25,19.25,19.25,19.25,0
1749082240,19.25,19.25,19.25,19.25,0
1749082245,19.25,19.25,19.25,19.25,0
1749082250,19.25,19.25,19.25,19.25,0
1749082255,19.25,19.25,19.25,19.25,0
1749082260,19.25,19.25,19.25,19.25,0
1749082265,19.25,19.25,19.25,19.25,0
1749082270,19.25,19.25,19.25,19.25,0
1749082275,19.25,19.25,19.25,19.25,0
1749082280,19.25,19.25,19.25,19.25,0
1749082285,19.25,19.25,19.25,19.25,0
1749082290,19.25,19.25,19.25,19.25,0
1749082295,19.25,19.25,19.25,19.25,0
1749082300,19.25,19.25,19.25,19.25,0
1749082305,19.25,19.25,19.25,19.25,0
1749082310,19.25,19.25,19.25,19.25,0
1749082315,19.25,19.25,19.25,19.25,0
1749082320,19.25,19.25,19.25,19.25,0
1749082325,19.25,19.25,19.25,19.25,0
1749082330,19.25,19.25,19.25,19.25,0
1749082335,19.25,19.25,19.25,19.25,0
1749082340,19.25,19.25,19.25,19.25,0
1749082345,19.25,19.25,19.25,19.25,0
1749082350,19.25,19.25,19.25,19.25,0
1749082355,19.25,19.25,19.25,19.25,0
1749082360,19.25,19.25,19.25,19.25,0
1749082365,19.25,19.25,19.25,19.25,0
1749082370,19.25,19.25,19.25,19.25,0
1749082375,19.25,19.25,19.25,19.25,0
1749082380,19.25,19.25,19.25,19.25,0
1749082385,19.25,19.25,19.25,19.25,0
1749082390,19.25,19.25,19.25,19.25,0
1749082395,19.25,19.25,19.25,19.25,0
1749082400,19.25,19.25,19.25,19.25,0
1749082405,19.25,19.25,19.25,19.25,0
1749082410,19.25,19.25,19.25,19.25,0
1749082415,19.25,19.25,19.25,19.25,0
1749082420,19.25,19.25,19.25,19.25,0
1749082425,19.25,19.25,19.25,19.25,0
1749082430,19.25,19.25,19.25,19.25,0
1749082435,19.25,19.25,19.25,19.25,0
1749082440,19.25,19.25,19.25,19.25,0
1749082445,19.25,19.25,19.25,19.25,0
1749082450,19.25,19.25,19.25,19.25,0
1749082455,19.25,19.25,19.25,19.25,0
1749082460,19.25,19.25,19.25,19.25,0
1749082465,19.25,19.25,19.25,19.25,0
1749082470,19.25,19.25,19.25,19.25,0
1749082475,19.25,19.25,19.25,19.25,0
1749082480,19.25,19.25,19.25,19.25,0
1749082485,19.25,19.25,19.25,19.25,0
1749082490,19.25,19.25,19.25,19.25,0
1749082495,19.25,19.25,19.25,19.25,0
1749082500,19.25,19.25,19.25,19.25,0
1749082505,19.25,19.25,19.25,19.25,0
1749082510,19.25,19.25,19.25,19.25,0
1749082515,19.25,19.25,19.25,19.25,0
1749082520,19.25,19.25,19.25,19.25,0
1749082525,19.25,19.25,19.25,19.25,0
1749082530,19.25,19.25,19.25,19.25,0
1749082535,19.25,19.25,19.25,19.25,0
1749082540,19.25,19.25,19.25,19.25,0
1749082545,19.25,19.25,19.25,19.25,0
1749082550,19.25,19.25,19.25,19.25,0
1749082555,19.25,19.25,19.25,19.25,0
1749082560,19.25,19.25,19.25,19.25,0
1749082565,19.25,19.25,19.25,19.25,0
1749082570,19.25,19.25,19.25,19.25,0
1749082575,19.25,19.25,19.25,19.25,0
1749082580,19.25,19.25,19.25,19.25,0
1749082585,19.25,19.25,19.25,19.25,0
1749082590,19.25,19.25,19.25,19.25,0
1749082595,19.25,19.25,19.25,19.25,0
1749082600,19.25,19.25,19.25,19.25,0
1749082605,19.25,19.25,19.25,19.25,0
1749082610,19.25,19.25,19.25,19.25,0
1749082615,19.25,19.25,19.25,19.25,0
1749082620,19.25,19.25,19.25,19.25,0
1749082625,19.25,19.25,19.25,19.25,0
1749082630,19.25,19.25,19.25,19.25,0
1749082635,19.25,19.25,19.25,19.25,0
1749082640,19.25,19.25,19.25,19.25,0
1749082645,19.25,19.25,19.25,19.25,0
1749082650,19.25,19.25,19.25,19.25,0
1749082655,19.25,19.25,19.25,19.25,0
1749082660,19.25,19.25,19.25,19.25,0
1749082665,19.25,19.25,19.25,19.25,0
1749082670,19.25,19.25,19.25,19.25,0
1749082675,19.25,19.25,19.25,19.25,0
1749082680,19.25,19.25,19.25,19.25,0
1749082685,19.25,19.25,19.25,19.25,0
1749082690,19.25,19.25,19.25,19.25,0
1749082695,19.25,19.25,19.25,19.25,0
1749082700,19.25,19.25,19.25,19.25,0
1749082705,19.25,19.25,19.25,19.25,0
1749082710,19.25,19.25,19.25,19.25,0
1749082715,19.25,19.25,19.25,19.25,0
1749082720,19.25,19.25,19.25,19.25,0
1749082725,19.25,19.25,19.25,19.25,0
1749082730,19.25,19.25,19.25,19.25,0
1749082735,19.25,19.25,19.25,19.25,0
1749082740,19.25,19.25,19.25,19.25,0
1749082745,19.25,19.25,19.25,19.25,0
1749082750,19.25,19.25,19.25,19.25,0
1749082755,19.25,19.25,19.25,19.25,0
1749082760,19.25,19.25,19.25,19.25,0
1749082765,19.25,19.25,19.25,19.25,0
1749082770,19.25,19.25,19.25,19.25,0
1749082775,19.25,19.25,19.25,19.25,0
1749082780,19.25,19.25,19.25,19.25,0
1749082785,19.25,19.25,19.25,19.25,0
1749082790,19.25,19.25,19.25,19.25,0
1749082795,19.25,19.25,19.25,19.25,0
1749082800,19.25,19.25,19.25,19.25,0
1749082805,19.25,19.25,19.25,19.25,0
1749082810,19.25,19.25,19.25,19.25,0
1749082815,19.25,19.25,19.25,19.25,0
1749082820,19.25,19.25,19.25,19.25,0
1749082825,19.25,19.25,19.25,19.25,0
1749082830,19.25,19.25,19.25,19.25,0
1749082835,19.25,19.25,19.25,19.25,0
1749082840,19.25,19.25,19.25,19.25,0
1749082845,19.25,19.25,19.25,19.25,0
1749082850,19.25,19.25,19.25,19.25,0
1749082855,19.25,19.25,19.25,19.25,0
1749082860,19.25,19.25,19.25,19.25,0
1749082865,19.25,19.25,19.25,19.25,0
1749082870,19.25,19.25,19.25,19.25,0
1749082875,19.25,19.25,19.25,19.25,0
1749082880,19.25,19.25,19.25,19.25,0
1749082885,19.25,19.25,19.25,19.25,0
1749082890,19.25,19.25,19.25,19.25,0
1749082895,19.25,19.25,19.25,19.25,0
1749082900,19.25,19.25,19.25,19.25,0
1749082905,19.25,19.25,19.25,19.25,0
1749082910,19.25,19.25,19.25,19.25,0
1749082915,19.25,19.25,19.25,19.25,0
1749082920,19.25,19.25,19.25,19.25,0
1749082925,19.25,19.25,19.25,19.25,0
1749082930,19.25,19.25,19.25,19.25,0
1749082935,19.25,19.25,19.25,19.25,0
1749082940,19.25,19.25,19.25,19.25,0
1749082945,19.25,19.25,19.25,19.25,0
1749082950,19.25,19.25,19.25,19.25,0
1749082955,19.25,19.25,19.25,19.25,0
1749082960,19.25,19.25,19.25,19.25,0
1749082965,19.25,19.25,19.25,19.25,0
1749082970,19.25,19.25,19.25,19.25,0
1749082975,19.25,19.25,19.25,19.25,0
1749082980,19.25,19.25,19.25,19.25,0
1749082985,19.25,19.25,19.25,19.25,0
1749082990,19.25,19.25,19.25,19.25,0
1749082995,19.25,19.25,19.25,19.25,0
1749083000,19.25,19.25,19.25,19.25,0
1749083005,19.25,19.25,19.25,19.25,0
1749083010,19.25,19.25,19.25,19.25,0
1749083015,19.25,19.25,19.25,19.25,0
1749083020,19.25,19.25,19.25,19.25,0
1749083025,19.25,19.25,19.25,19.25,0
1749083030,19.2,19.2,19.2,19.2,1
1749083035,19.2,19.2,19.2,19.2,0
1749083040,19.2,19.2,19.2,19.2,0
1749083045,19.2,19.2,19.2,19.2,0
1749083050,19.2,19.2,19.2,19.2,0
1749083055,19.2,19.2,19.2,19.2,0
1749083060,19.2,19.2,19.2,19.2,0
1749083065,19.2,19.2,19.2,19.2,0
1749083070,19.2,19.2,19.2,19.2,0
1749083075,19.2,19.2,19.2,19.2,0
1749083080,19.2,19.2,19.2,19.2,0
1749083085,19.2,19.2,19.2,19.2,0
1749083090,19.2,19.2,19.2,19.2,0
1749083095,19.2,19.2,19.2,19.2,0
1749083100,19.2,19.2,19.2,19.2,0
1749083105,19.2,19.2,19.2,19.2,0
1749083110,19.2,19.2,19.2,19.2,0
1749083115,19.2,19.2,19.2,19.2,0
1749083120,19.2,19.2,19.2,19.2,0
1749083125,19.2,19.2,19.2,19.2,0
1749083130,19.2,19.2,19.2,19.2,0
1749083135,19.2,19.2,19.2,19.2,0
1749083140,19.2,19.2,19.2,19.2,0
1749083145,19.2,19.2,19.2,19.2,0
1749083150,19.2,19.2,19.2,19.2,0
1749083155,19.2,19.2,19.2,19.2,0
1749083160,19.2,19.2,19.2,19.2,0
1749083165,19.2,19.2,19.2,19.2,0
1749083170,19.2,19.2,19.2,19.2,0
1749083175,19.2,19.2,19.2,19.2,0
1749083180,19.2,19.2,19.2,19.2,0
1749083185,19.2,19.2,19.2,19.2,0
1749083190,19.2,19.2,19.2,19.2,0
1749083195,19.2,19.2,19.2,19.2,0
1749083200,19.2,19.2,19.2,19.2,0
1749083205,19.2,19.2,19.2,19.2,0
1749083210,19.2,19.2,19.2,19.2,0
1749083215,19.2,19.2,19.2,19.2,0
1749083220,19.2,19.2,19.2,19.2,0
1749083225,19.2,19.2,19.2,19.2,0
1749083230,19.2,19.2,19.2,19.2,0
1749083235,19.2,19.2,19.2,19.2,0
1749083240,19.2,19.2,19.2,19.2,0
1749083245,19.2,19.2,19.2,19.2,0
1749083250,19.2,19.2,19.2,19.2,0
1749083255,19.2,19.2,19.2,19.2,0
1749083260,19.2,19.2,19.2,19.2,0
1749083265,19.2,19.2,19.2,19.2,0
1749083270,19.2,19.2,19.2,19.2,0
1749083275,19.2,19.2,19.2,19.2,0
1749083280,19.2,19.2,19.2,19.2,0
1749083285,19.2,19.2,19.2,19.2,0
1749083290,19.2,19.2,19.2,19.2,0
1749083295,19.2,19.2,19.2,19.2,0
1749083300,19.2,19.2,19.2,19.2,0
1749083305,19.2,19.2,19.2,19.2,0
1749083310,19.2,19.2,19.2,19.2,0
1749083315,19.2,19.2,19.2,19.2,0
1749083320,19.2,19.2,19.2,19.2,0
1749083325,19.2,19.2,19.2,19.2,0
1749083330,19.2,19.2,19.2,19.2,0
1749083335,19.2,19.2,19.2,19.2,0
1749083340,19.2,19.2,19.2,19.2,0
1749083345,19.2,19.2,19.2,19.2,0
1749083350,19.2,19.2,19.2,19.2,0
1749083355,19.2,19.2,19.2,19.2,0
1749083360,19.2,19.2,19.2,19.2,0
1749083365,19.2,19.2,19.2,19.2,0
1749083370,19.2,19.2,19.2,19.2,0
1749083375,19.2,19.2,19.2,19.2,0
1749083380,19.2,19.2,19.2,19.2,0
1749083385,19.2,19.2,19.2,19.2,0
1749083390,19.2,19.2,19.2,19.2,0
1749083395,19.2,19.2,19.2,19.2,0
1749083400,19.2,19.2,19.2,19.2,0
1749083405,19.2,19.2,19.2,19.2,0
1749083410,19.2,19.2,19.2,19.2,0
1749083415,19.2,19.2,19.2,19.2,0
1749083420,19.2,19.2,19.2,19.2,0
1749083425,19.2,19.2,19.2,19.2,0
1749083430,19.2,19.2,19.2,19.2,0
1749083435,19.2,19.2,19.2,19.2,0
1749083440,19.2,19.2,19.2,19.2,0
1749083445,19.2,19.2,19.2,19.2,0
1749083450,19.2,19.2,19.2,19.2,0
1749083455,19.2,19.2,19.2,19.2,0
1749083460,19.2,19.2,19.2,19.2,0
1749083465,19.2,19.2,19.2,19.2,0
1749083470,19.2,19.2,19.2,19.2,0
1749083475,19.2,19.2,19.2,19.2,0
1749083480,19.2,19.2,19.2,19.2,0
1749083485,19.2,19.2,19.2,19.2,0
1749083490,19.2,19.2,19.2,19.2,0
1749083495,19.2,19.2,19.2,19.2,0
1749083500,19.2,19.2,19.2,19.2,0
1749083505,19.2,19.2,19.2,19.2,0
1749083510,19.2,19.2,19.2,19.2,0
1749083515,19.2,19.2,19.2,19.2,0
1749083520,19.2,19.2,19.2,19.2,0
1749083525,19.2,19.2,19.2,19.2,0
1749083530,19.2,19.2,19.2,19.2,0
1749083535,19.2,19.2,19.2,19.2,0
1749083540,19.2,19.2,19.2,19.2,0
1749083545,19.2,19.2,19.2,19.2,0
1749083550,19.2,19.2,19.2,19.2,0
1749083555,19.2,19.2,19.2,19.2,0
1749083560,19.2,19.2,19.2,19.2,0
1749083565,19.2,19.2,19.2,19.2,0
1749083570,19.2,19.2,19.2,19.2,0
1749083575,19.2,19.2,19.2,19.2,0
1749083580,19.2,19.2,19.2,19.2,0
1749083585,19.2,19.2,19.2,19.2,0
1749083590,19.2,19.2,19.2,19.2,0
1749083595,19.2,19.2,19.2,19.2,0
1749083600,19.2,19.2,19.2,19.2,0
1749083605,19.2,19.2,19.2,19.2,0
1749083610,19.2,19.2,19.2,19.2,0
1749083615,19.2,19.2,19.2,19.2,0
1749083620,19.2,19.2,19.2,19.2,0
1749083625,19.2,19.2,19.2,19.2,0
1749083630,19.2,19.2,19.2,19.2,0
1749083635,19.2,19.2,19.2,19.2,0
1749083640,19.2,19.2,19.2,19.2,0
1749083645,19.21,19.21,19.21,19.21,3
1749083650,19.21,19.21,19.21,19.21,0
1749083655,19.21,19.21,19.21,19.21,0
1749083660,19.21,19.21,19.21,19.21,0
1749083665,19.21,19.21,19.21,19.21,0
1749083670,19.21,19.21,19.21,19.21,0
1749083675,19.21,19.21,19.21,19.21,0
1749083680,19.21,19.21,19.21,19.21,0
1749083685,19.21,19.21,19.21,19.21,0
1749083690,19.21,19.21,19.21,19.21,0
1749083695,19.21,19.21,19.21,19.21,0
1749083700,19.21,19.21,19.21,19.21,0
1749083705,19.21,19.21,19.21,19.21,0
1749083710,19.21,19.21,19.21,19.21,0
1749083715,19.21,19.21,19.21,19.21,0
1749083720,19.21,19.21,19.21,19.21,0
1749083725,19.21,19.21,19.21,19.21,0
1749083730,19.21,19.21,19.21,19.21,0
1749083735,19.21,19.21,19.21,19.21,0
1749083740,19.21,19.21,19.21,19.21,0
1749083745,19.21,19.21,19.21,19.21,0
1749083750,19.21,19.21,19.21,19.21,0
1749083755,19.21,19.21,19.21,19.21,0
1749083760,19.21,19.21,19.21,19.21,0
1749083765,19.21,19.21,19.21,19.21,0
1749083770,19.21,19.21,19.21,19.21,0
1749083775,19.21,19.21,19.21,19.21,0
1749083780,19.21,19.21,19.21,19.21,0
1749083785,19.21,19.21,19.21,19.21,0
1749083790,19.21,19.21,19.21,19.21,0
1749083795,19.21,19.21,19.21,19.21,0
1749083800,19.21,19.21,19.21,19.21,0
1749083805,19.21,19.21,19.21,19.21,0
1749083810,19.21,19.21,19.21,19.21,0
1749083815,19.21,19.21,19.21,19.21,0
1749083820,19.21,19.21,19.21,19.21,0
1749083825,19.21,19.21,19.21,19.21,0
1749083830,19.21,19.21,19.21,19.21,0
1749083835,19.21,19.21,19.21,19.21,0
1749083840,19.21,19.21,19.21,19.21,0
1749083845,19.21,19.21,19.21,19.21,0
1749083850,19.21,19.21,19.21,19.21,0
1749083855,19.21,19.21,19.21,19.21,0
1749083860,19.21,19.21,19.21,19.21,0
1749083865,19.21,19.21,19.21,19.21,0
1749083870,19.21,19.21,19.21,19.21,0
1749083875,19.21,19.21,19.21,19.21,0
1749083880,19.21,19.21,19.21,19.21,0
1749083885,19.21,19.21,19.21,19.21,0
1749083890,19.21,19.21,19.21,19.21,0
1749083895,19.21,19.21,19.21,19.21,0
1749083900,19.21,19.21,19.21,19.21,0
1749083905,19.21,19.21,19.21,19.21,0
1749083910,19.21,19.21,19.21,19.21,0
1749083915,19.21,19.21,19.21,19.21,0
1749083920,19.21,19.21,19.21,19.21,0
1749083925,19.21,19.21,19.21,19.21,0
1749083930,19.21,19.21,19.21,19.21,0
1749083935,19.21,19.21,19.21,19.21,0
1749083940,19.21,19.21,19.21,19.21,0
1749083945,19.21,19.21,19.21,19.21,0
1749083950,19.21,19.21,19.21,19.21,0
1749083955,19.21,19.21,19.21,19.21,0
1749083960,19.21,19.21,19.21,19.21,0
1749083965,19.21,19.21,19.21,19.21,0
1749083970,19.21,19.21,19.21,19.21,0
1749083975,19.21,19.21,19.21,19.21,0
1749083980,19.21,19.21,19.21,19.21,0
1749083985,19.21,19.21,19.21,19.21,0
1749083990,19.21,19.21,19.21,19.21,0
1749083995,19.21,19.21,19.21,19.21,0
1749084000,19.21,19.21,19.21,19.21,0
1749084005,19.21,19.21,19.21,19.21,0
1749084010,19.21,19.21,19.21,19.21,0
1749084015,19.21,19.21,19.21,19.21,0
1749084020,19.21,19.21,19.21,19.21,0
1749084025,19.21,19.21,19.21,19.21,0
1749084030,19.21,19.21,19.21,19.21,0
1749084035,19.21,19.21,19.21,19.21,0
1749084040,19.21,19.21,19.21,19.21,0
1749084045,19.21,19.21,19.21,19.21,0
1749084050,19.21,19.21,19.21,19.21,0
1749084055,19.21,19.21,19.21,19.21,0
1749084060,19.21,19.21,19.21,19.21,0
1749084065,19.21,19.21,19.21,19.21,0
1749084070,19.21,19.21,19.21,19.21,0
1749084075,19.21,19.21,19.21,19.21,0
1749084080,19.21,19.21,19.21,19.21,0
1749084085,19.21,19.21,19.21,19.21,0
1749084090,19.21,19.21,19.21,19.21,0
1749084095,19.21,19.21,19.21,19.21,0
1749084100,19.21,19.21,19.21,19.21,0
1749084105,19.21,19.21,19.21,19.21,0
1749084110,19.21,19.21,19.21,19.21,0
1749084115,19.21,19.21,19.21,19.21,0
1749084120,19.21,19.21,19.21,19.21,0
1749084125,19.21,19.21,19.21,19.21,0
1749084130,19.21,19.21,19.21,19.21,0
1749084135,19.21,19.21,19.21,19.21,0
1749084140,19.21,19.21,19.21,19.21,0
1749084145,19.21,19.21,19.21,19.21,0
1749084150,19.21,19.21,19.21,19.21,0
1749084155,19.21,19.21,19.21,19.21,0
1749084160,19.21,19.21,19.21,19.21,0
1749084165,19.21,19.21,19.21,19.21,0
1749084170,19.21,19.21,19.21,19.21,0
1749084175,19.21,19.21,19.21,19.21,0
1749084180,19.21,19.21,19.21,19.21,0
1749084185,19.21,19.21,19.21,19.21,0
1749084190,19.21,19.21,19.21,19.21,0
1749084195,19.21,19.21,19.21,19.21,0
1749084200,19.21,19.21,19.21,19.21,0
1749084205,19.21,19.21,19.21,19.21,0
1749084210,19.21,19.21,19.21,19.21,0
1749084215,19.21,19.21,19.21,19.21,0
1749084220,19.21,19.21,19.21,19.21,0
1749084225,19.21,19.21,19.21,19.21,0
1749084230,19.21,19.21,19.21,19.21,0
1749084235,19.21,19.21,19.21,19.21,0
1749084240,19.21,19.21,19.21,19.21,0
1749084245,19.21,19.21,19.21,19.21,0
1749084250,19.21,19.21,19.21,19.21,0
1749084255,19.21,19.21,19.21,19.21,0
1749084260,19.21,19.21,19.21,19.21,0
1749084265,19.21,19.21,19.21,19.21,0
1749084270,19.21,19.21,19.21,19.21,0
1749084275,19.21,19.21,19.21,19.21,0
1749084280,19.21,19.21,19.21,19.21,0
1749084285,19.21,19.21,19.21,19.21,0
1749084290,19.21,19.21,19.21,19.21,0
1749084295,19.21,19.21,19.21,19.21,0
1749084300,19.21,19.21,19.21,19.21,0
1749084305,19.21,19.21,19.21,19.21,0
1749084310,19.21,19.21,19.21,19.21,0
1749084315,19.21,19.21,19.21,19.21,0
1749084320,19.21,19.21,19.21,19.21,0
1749084325,19.21,19.21,19.21,19.21,0
1749084330,19.21,19.21,19.21,19.21,0
1749084335,19.21,19.21,19.21,19.21,0
1749084340,19.21,19.21,19.21,19.21,0
1749084345,19.21,19.21,19.21,19.21,0
1749084350,19.21,19.21,19.21,19.21,0
1749084355,19.21,19.21,19.21,19.21,0
1749084360,19.21,19.21,19.21,19.21,0
1749084365,19.21,19.21,19.21,19.21,0
1749084370,19.21,19.21,19.21,19.21,0
1749084375,19.21,19.21,19.21,19.21,0
1749084380,19.21,19.21,19.21,19.21,0
1749084385,19.21,19.21,19.21,19.21,0
1749084390,19.21,19.21,19.21,19.21,0
1749084395,19.21,19.21,19.21,19.21,0
1749084400,19.21,19.21,19.21,19.21,0
1749084405,19.21,19.21,19.21,19.21,0
1749084410,19.21,19.21,19.21,19.21,0
1749084415,19.21,19.21,19.21,19.21,0
1749084420,19.21,19.21,19.21,19.21,0
1749084425,19.21,19.21,19.21,19.21,0
1749084430,19.21,19.21,19.21,19.21,0
1749084435,19.21,19.21,19.21,19.21,0
1749084440,19.21,19.21,19.21,19.21,0
1749084445,19.21,19.21,19.21,19.21,0
1749084450,19.21,19.21,19.21,19.21,0
1749084455,19.21,19.21,19.21,19.21,0
1749084460,19.21,19.21,19.21,19.21,0
1749084465,19.21,19.21,19.21,19.21,0
1749084470,19.21,19.21,19.21,19.21,0
1749084475,19.21,19.21,19.21,19.21,0
1749084480,19.21,19.21,19.21,19.21,0
1749084485,19.21,19.21,19.21,19.21,0
1749084490,19.21,19.21,19.21,19.21,0
1749084495,19.21,19.21,19.21,19.21,0
1749084500,19.21,19.21,19.21,19.21,0
1749084505,19.21,19.21,19.21,19.21,0
1749084510,19.21,19.21,19.21,19.21,0
1749084515,19.21,19.21,19.21,19.21,0
1749084520,19.21,19.21,19.21,19.21,0
1749084525,19.21,19.21,19.21,19.21,0
1749084530,19.21,19.21,19.21,19.21,0
1749084535,19.21,19.21,19.21,19.21,0
1749084540,19.21,19.21,19.21,19.21,0
1749084545,19.21,19.21,19.21,19.21,0
1749084550,19.21,19.21,19.21,19.21,0
1749084555,19.21,19.21,19.21,19.21,0
1749084560,19.21,19.21,19.21,19.21,0
1749084565,19.21,19.21,19.21,19.21,0
1749084570,19.21,19.21,19.21,19.21,0
1749084575,19.21,19.21,19.21,19.21,0
1749084580,19.21,19.21,19.21,19.21,0
1749084585,19.21,19.21,19.21,19.21,0
1749084590,19.21,19.21,19.21,19.21,0
1749084595,19.21,19.21,19.21,19.21,0
1749084600,19.21,19.21,19.21,19.21,0
1749084605,19.21,19.21,19.21,19.21,0
1749084610,19.21,19.21,19.21,19.21,0
1749084615,19.21,19.21,19.21,19.21,0
1749084620,19.21,19.21,19.21,19.21,0
1749084625,19.21,19.21,19.21,19.21,0
1749084630,19.21,19.21,19.21,19.21,0
1749084635,19.21,19.21,19.21,19.21,0
1749084640,19.21,19.21,19.21,19.21,0
1749084645,19.21,19.21,19.21,19.21,0
1749084650,19.21,19.21,19.21,19.21,0
1749084655,19.21,19.21,19.21,19.21,0
1749084660,19.21,19.21,19.21,19.21,0
1749084665,19.21,19.21,19.21,19.21,0
1749084670,19.21,19.21,19.21,19.21,0
1749084675,19.21,19.21,19.21,19.21,0
1749084680,19.21,19.21,19.21,19.21,0
1749084685,19.21,19.21,19.21,19.21,0
1749084690,19.21,19.21,19.21,19.21,0
1749084695,19.21,19.21,19.21,19.21,0
1749084700,19.21,19.21,19.21,19.21,0
1749084705,19.21,19.21,19.21,19.21,0
1749084710,19.21,19.21,19.21,19.21,0
1749084715,19.21,19.21,19.21,19.21,0
1749084720,19.21,19.21,19.21,19.21,0
1749084725,19.21,19.21,19.21,19.21,0
1749084730,19.21,19.21,19.21,19.21,0
1749084735,19.21,19.21,19.21,19.21,0
1749084740,19.21,19.21,19.21,19.21,0
1749084745,19.21,19.21,19.21,19.21,0
1749084750,19.21,19.21,19.21,19.21,0
1749084755,19.21,19.21,19.21,19.21,0
1749084760,19.21,19.21,19.21,19.21,0
1749084765,19.21,19.21,19.21,19.21,0
1749084770,19.21,19.21,19.21,19.21,0
1749084775,19.21,19.21,19.21,19.21,0
1749084780,19.21,19.21,19.21,19.21,0
1749084785,19.21,19.21,19.21,19.21,0
1749084790,19.21,19.21,19.21,19.21,0
1749084795,19.21,19.21,19.21,19.21,0
1749084800,19.21,19.21,19.21,19.21,0
1749084805,19.21,19.21,19.21,19.21,0
1749084810,19.21,19.21,19.21,19.21,0
1749084815,19.21,19.21,19.21,19.21,0
1749084820,19.21,19.21,19.21,19.21,0
1749084825,19.21,19.21,19.21,19.21,0
1749084830,19.21,19.21,19.21,19.21,0
1749084835,19.21,19.21,19.21,19.21,0
1749084840,19.21,19.21,19.21,19.21,0
1749084845,19.21,19.21,19.21,19.21,0
1749084850,19.21,19.21,19.21,19.21,0
1749084855,19.21,19.21,19.21,19.21,0
1749084860,19.21,19.21,19.21,19.21,0
1749084865,19.21,19.21,19.21,19.21,0
1749084870,19.21,19.21,19.21,19.21,0
1749084875,19.21,19.21,19.21,19.21,0
1749084880,19.21,19.21,19.21,19.21,0
1749084885,19.21,19.21,19.21,19.21,0
1749084890,19.21,19.21,19.21,19.21,0
1749084895,19.21,19.21,19.21,19.21,0
1749084900,19.21,19.21,19.21,19.21,0
1749084905,19.21,19.21,19.21,19.21,0
1749084910,19.21,19.21,19.21,19.21,0
1749084915,19.21,19.21,19.21,19.21,0
1749084920,19.21,19.21,19.21,19.21,0
1749084925,19.21,19.21,19.21,19.21,0
1749084930,19.21,19.21,19.21,19.21,0
1749084935,19.21,19.21,19.21,19.21,0
1749084940,19.21,19.21,19.21,19.21,0
1749084945,19.21,19.21,19.21,19.21,0
1749084950,19.21,19.21,19.21,19.21,0
1749084955,19.21,19.21,19.21,19.21,0
1749084960,19.21,19.21,19.21,19.21,0
1749084965,19.21,19.21,19.21,19.21,0
1749084970,19.21,19.21,19.21,19.21,0
1749084975,19.21,19.21,19.21,19.21,0
1749084980,19.21,19.21,19.21,19.21,0
1749084985,19.21,19.21,19.21,19.21,0
1749084990,19.21,19.21,19.21,19.21,0
1749084995,19.21,19.21,19.21,19.21,0
1749085000,19.21,19.21,19.21,19.21,0
1749085005,19.21,19.21,19.21,19.21,0
1749085010,19.21,19.21,19.21,19.21,0
1749085015,19.21,19.21,19.21,19.21,0
1749085020,19.21,19.21,19.21,19.21,0
1749085025,19.21,19.21,19.21,19.21,0
1749085030,19.21,19.21,19.21,19.21,0
1749085035,19.21,19.21,19.21,19.21,0
1749085040,19.21,19.21,19.21,19.21,0
1749085045,19.21,19.21,19.21,19.21,0
1749085050,19.21,19.21,19.21,19.21,0
1749085055,19.21,19.21,19.21,19.21,0
1749085060,19.21,19.21,19.21,19.21,0
1749085065,19.21,19.21,19.21,19.21,0
1749085070,19.21,19.21,19.21,19.21,0
1749085075,19.21,19.21,19.21,19.21,0
1749085080,19.21,19.21,19.21,19.21,0
1749085085,19.21,19.21,19.21,19.21,0
1749085090,19.21,19.21,19.21,19.21,0
1749085095,19.21,19.21,19.21,19.21,0
1749085100,19.21,19.21,19.21,19.21,0
1749085105,19.21,19.21,19.21,19.21,0
1749085110,19.21,19.21,19.21,19.21,0
1749085115,19.21,19.21,19.21,19.21,0
1749085120,19.21,19.21,19.21,19.21,0
1749085125,19.21,19.21,19.21,19.21,0
1749085130,19.21,19.21,19.21,19.21,0
1749085135,19.21,19.21,19.21,19.21,0
1749085140,19.21,19.21,19.21,19.21,0
1749085145,19.21,19.21,19.21,19.21,0
1749085150,19.21,19.21,19.21,19.21,0
1749085155,19.21,19.21,19.21,19.21,0
1749085160,19.21,19.21,19.21,19.21,0
1749085165,19.21,19.21,19.21,19.21,0
1749085170,19.21,19.21,19.21,19.21,0
1749085175,19.21,19.21,19.21,19.21,0
1749085180,19.21,19.21,19.21,19.21,0
1749085185,19.21,19.21,19.21,19.21,0
1749085190,19.21,19.21,19.21,19.21,0
1749085195,19.21,19.21,19.21,19.21,0
1749085200,19.21,19.21,19.21,19.21,0
1749085205,19.21,19.21,19.21,19.21,0
1749085210,19.21,19.21,19.21,19.21,0
1749085215,19.21,19.21,19.21,19.21,0
1749085220,19.21,19.21,19.21,19.21,0
1749085225,19.21,19.21,19.21,19.21,0
1749085230,19.21,19.21,19.21,19.21,0
1749085235,19.21,19.21,19.21,19.21,0
1749085240,19.21,19.21,19.21,19.21,0
1749085245,19.21,19.21,19.21,19.21,0
1749085250,19.21,19.21,19.21,19.21,0
1749085255,19.21,19.21,19.21,19.21,0
1749085260,19.21,19.21,19.21,19.21,0
1749085265,19.21,19.21,19.21,19.21,0
1749085270,19.21,19.21,19.21,19.21,0
1749085275,19.21,19.21,19.21,19.21,0
1749085280,19.21,19.21,19.21,19.21,0
1749085285,19.21,19.21,19.21,19.21,0
1749085290,19.21,19.21,19.21,19.21,0
1749085295,19.21,19.21,19.21,19.21,0
1749085300,19.21,19.21,19.21,19.21,0
1749085305,19.21,19.21,19.21,19.21,0
1749085310,19.21,19.21,19.21,19.21,0
1749085315,19.21,19.21,19.21,19.21,0
1749085320,19.21,19.21,19.21,19.21,0
1749085325,19.21,19.21,19.21,19.21,0
1749085330,19.21,19.21,19.21,19.21,0
1749085335,19.21,19.21,19.21,19.21,0
1749085340,19.21,19.21,19.21,19.21,0
1749085345,19.21,19.21,19.21,19.21,0
1749085350,19.21,19.21,19.21,19.21,0
1749085355,19.21,19.21,19.21,19.21,0
1749085360,19.21,19.21,19.21,19.21,0
1749085365,19.21,19.21,19.21,19.21,0
1749085370,19.21,19.21,19.21,19.21,0
1749085375,19.21,19.21,19.21,19.21,0
1749085380,19.21,19.21,19.21,19.21,0
1749085385,19.21,19.21,19.21,19.21,0
1749085390,19.21,19.21,19.21,19.21,0
1749085395,19.21,19.21,19.21,19.21,0
1749085400,19.21,19.21,19.21,19.21,0
1749085405,19.21,19.21,19.21,19.21,0
1749085410,19.21,19.21,19.21,19.21,0
1749085415,19.21,19.21,19.21,19.21,0
1749085420,19.21,19.21,19.21,19.21,0
1749085425,19.21,19.21,19.21,19.21,0
1749085430,19.21,19.21,19.21,19.21,0
1749085435,19.21,19.21,19.21,19.21,0
1749085440,19.21,19.21,19.21,19.21,0
1749085445,19.21,19.21,19.21,19.21,0
1749085450,19.21,19.21,19.21,19.21,0
1749085455,19.21,19.21,19.21,19.21,0
1749085460,19.21,19.21,19.21,19.21,0
1749085465,19.21,19.21,19.21,19.21,0
1749085470,19.21,19.21,19.21,19.21,0
1749085475,19.21,19.21,19.21,19.21,0
1749085480,19.21,19.21,19.21,19.21,0
1749085485,19.21,19.21,19.21,19.21,0
1749085490,19.21,19.21,19.21,19.21,0
1749085495,19.21,19.21,19.21,19.21,0
1749085500,19.21,19.21,19.21,19.21,0
1749085505,19.21,19.21,19.21,19.21,0
1749085510,19.21,19.21,19.21,19.21,0
1749085515,19.21,19.21,19.21,19.21,0
1749085520,19.21,19.21,19.21,19.21,0
1749085525,19.21,19.21,19.21,19.21,0
1749085530,19.21,19.21,19.21,19.21,0
1749085535,19.21,19.21,19.21,19.21,0
1749085540,19.21,19.21,19.21,19.21,0
1749085545,19.21,19.21,19.21,19.21,0
1749085550,19.21,19.21,19.21,19.21,0
1749085555,19.21,19.21,19.21,19.21,0
1749085560,19.21,19.21,19.21,19.21,0
1749085565,19.21,19.21,19.21,19.21,0
1749085570,19.21,19.21,19.21,19.21,0
1749085575,19.21,19.21,19.21,19.21,0
1749085580,19.21,19.21,19.21,19.21,0
1749085585,19.21,19.21,19.21,19.21,0
1749085590,19.21,19.21,19.21,19.21,0
1749085595,19.21,19.21,19.21,19.21,0
1749085600,19.21,19.21,19.21,19.21,0
1749085605,19.21,19.21,19.21,19.21,0
1749085610,19.21,19.21,19.21,19.21,0
1749085615,19.21,19.21,19.21,19.21,0
1749085620,19.21,19.21,19.21,19.21,0
1749085625,19.21,19.21,19.21,19.21,0
1749085630,19.21,19.21,19.21,19.21,0
1749085635,19.21,19.21,19.21,19.21,0
1749085640,19.21,19.21,19.21,19.21,0
1749085645,19.21,19.21,19.21,19.21,0
1749085650,19.21,19.21,19.21,19.21,0
1749085655,19.21,19.21,19.21,19.21,0
1749085660,19.21,19.21,19.21,19.21,0
1749085665,19.21,19.21,19.21,19.21,0
1749085670,19.21,19.21,19.21,19.21,0
1749085675,19.21,19.21,19.21,19.21,0
1749085680,19.21,19.21,19.21,19.21,0
1749085685,19.21,19.21,19.21,19.21,0
1749085690,19.23,19.23,19.23,19.23,1
1749085695,19.23,19.23,19.23,19.23,0
1749085700,19.23,19.23,19.23,19.23,0
1749085705,19.23,19.23,19.23,19.23,0
1749085710,19.23,19.23,19.23,19.23,0
1749085715,19.23,19.23,19.23,19.23,0
1749085720,19.23,19.23,19.23,19.23,0
1749085725,19.23,19.23,19.23,19.23,0
1749085730,19.23,19.23,19.23,19.23,0
1749085735,19.23,19.23,19.23,19.23,0
1749085740,19.23,19.23,19.23,19.23,0
1749085745,19.23,19.23,19.23,19.23,0
1749085750,19.23,19.23,19.23,19.23,0
1749085755,19.23,19.23,19.23,19.23,0
1749085760,19.23,19.23,19.23,19.23,0
1749085765,19.23,19.23,19.23,19.23,0
1749085770,19.23,19.23,19.23,19.23,0
1749085775,19.23,19.23,19.23,19.23,0
1749085780,19.23,19.23,19.23,19.23,0
1749085785,19.23,19.23,19.23,19.23,0
1749085790,19.23,19.23,19.23,19.23,0
1749085795,19.23,19.23,19.23,19.23,0
1749085800,19.23,19.23,19.23,19.23,0
1749085805,19.23,19.23,19.23,19.23,0
1749085810,19.23,19.23,19.23,19.23,0
1749085815,19.23,19.23,19.23,19.23,0
1749085820,19.23,19.23,19.23,19.23,0
1749085825,19.23,19.23,19.23,19.23,0
1749085830,19.23,19.23,19.23,19.23,0
1749085835,19.23,19.23,19.23,19.23,0
1749085840,19.23,19.23,19.23,19.23,0
1749085845,19.23,19.23,19.23,19.23,0
1749085850,19.23,19.23,19.23,19.23,0
1749085855,19.23,19.23,19.23,19.23,0
1749085860,19.23,19.23,19.23,19.23,0
1749085865,19.23,19.23,19.23,19.23,0
1749085870,19.23,19.23,19.23,19.23,0
1749085875,19.23,19.23,19.23,19.23,0
1749085880,19.23,19.23,19.23,19.23,0
1749085885,19.23,19.23,19.23,19.23,0
1749085890,19.23,19.23,19.23,19.23,0
1749085895,19.23,19.23,19.23,19.23,0
1749085900,19.23,19.23,19.23,19.23,0
1749085905,19.23,19.23,19.23,19.23,0
1749085910,19.23,19.23,19.23,19.23,0
1749085915,19.23,19.23,19.23,19.23,0
1749085920,19.23,19.23,19.23,19.23,0
1749085925,19.23,19.23,19.23,19.23,0
1749085930,19.23,19.23,19.23,19.23,0
1749085935,19.23,19.23,19.23,19.23,0
1749085940,19.23,19.23,19.23,19.23,0
1749085945,19.23,19.23,19.23,19.23,0
1749085950,19.23,19.23,19.23,19.23,0
1749085955,19.23,19.23,19.23,19.23,0
1749085960,19.23,19.23,19.23,19.23,0
1749085965,19.23,19.23,19.23,19.23,0
1749085970,19.23,19.23,19.23,19.23,0
1749085975,19.23,19.23,19.23,19.23,0
1749085980,19.23,19.23,19.23,19.23,0
1749085985,19.23,19.23,19.23,19.23,0
1749085990,19.23,19.23,19.23,19.23,0
1749085995,19.23,19.23,19.23,19.23,0
1749086000,19.23,19.23,19.23,19.23,0
1749086005,19.23,19.23,19.23,19.23,0
1749086010,19.23,19.23,19.23,19.23,0
1749086015,19.23,19.23,19.23,19.23,0
1749086020,19.23,19.23,19.23,19.23,0
1749086025,19.23,19.23,19.23,19.23,0
1749086030,19.23,19.23,19.23,19.23,0
1749086035,19.23,19.23,19.23,19.23,0
1749086040,19.23,19.23,19.23,19.23,0
1749086045,19.23,19.23,19.23,19.23,0
1749086050,19.23,19.23,19.23,19.23,0
1749086055,19.23,19.23,19.23,19.23,0
1749086060,19.23,19.23,19.23,19.23,0
1749086065,19.23,19.23,19.23,19.23,0
1749086070,19.23,19.23,19.23,19.23,0
1749086075,19.23,19.23,19.23,19.23,0
1749086080,19.23,19.23,19.23,19.23,0
1749086085,19.23,19.23,19.23,19.23,0
1749086090,19.23,19.23,19.23,19.23,0
1749086095,19.23,19.23,19.23,19.23,0
1749086100,19.23,19.23,19.23,19.23,0
1749086105,19.23,19.23,19.23,19.23,0
1749086110,19.23,19.23,19.23,19.23,0
1749086115,19.23,19.23,19.23,19.23,0
1749086120,19.23,19.23,19.23,19.23,0
1749086125,19.23,19.23,19.23,19.23,0
1749086130,19.23,19.23,19.23,19.23,0
1749086135,19.23,19.23,19.23,19.23,0
1749086140,19.23,19.23,19.23,19.23,0
1749086145,19.23,19.23,19.23,19.23,0
1749086150,19.23,19.23,19.23,19.23,0
1749086155,19.23,19.23,19.23,19.23,0
1749086160,19.23,19.23,19.23,19.23,0
1749086165,19.23,19.23,19.23,19.23,0
1749086170,19.23,19.23,19.23,19.23,0
1749086175,19.23,19.23,19.23,19.23,0
1749086180,19.23,19.23,19.23,19.23,0
1749086185,19.23,19.23,19.23,19.23,0
1749086190,19.23,19.23,19.23,19.23,0
1749086195,19.23,19.23,19.23,19.23,0
1749086200,19.23,19.23,19.23,19.23,0
1749086205,19.23,19.23,19.23,19.23,0
1749086210,19.23,19.23,19.23,19.23,0
1749086215,19.23,19.23,19.23,19.23,0
1749086220,19.23,19.23,19.23,19.23,0
1749086225,19.23,19.23,19.23,19.23,0
1749086230,19.23,19.23,19.23,19.23,0
1749086235,19.23,19.23,19.23,19.23,0
1749086240,19.23,19.23,19.23,19.23,0
1749086245,19.23,19.23,19.23,19.23,0
1749086250,19.23,19.23,19.23,19.23,0
1749086255,19.23,19.23,19.23,19.23,0
1749086260,19.23,19.23,19.23,19.23,0
1749086265,19.23,19.23,19.23,19.23,0
1749086270,19.23,19.23,19.23,19.23,0
1749086275,19.23,19.23,19.23,19.23,0
1749086280,19.23,19.23,19.23,19.23,0
1749086285,19.23,19.23,19.23,19.23,0
1749086290,19.23,19.23,19.23,19.23,0
1749086295,19.23,19.23,19.23,19.23,0
1749086300,19.23,19.23,19.23,19.23,0
1749086305,19.23,19.23,19.23,19.23,0
1749086310,19.23,19.23,19.23,19.23,0
1749086315,19.23,19.23,19.23,19.23,0
1749086320,19.23,19.23,19.23,19.23,0
1749086325,19.23,19.23,19.23,19.23,0
1749086330,19.23,19.23,19.23,19.23,0
1749086335,19.23,19.23,19.23,19.23,0
1749086340,19.23,19.23,19.23,19.23,0
1749086345,19.23,19.23,19.23,19.23,0
1749086350,19.23,19.23,19.23,19.23,0
1749086355,19.23,19.23,19.23,19.23,0
1749086360,19.23,19.23,19.23,19.23,0
1749086365,19.23,19.23,19.23,19.23,0
1749086370,19.23,19.23,19.23,19.23,0
1749086375,19.23,19.23,19.23,19.23,0
1749086380,19.23,19.23,19.23,19.23,0
1749086385,19.23,19.23,19.23,19.23,0
1749086390,19.23,19.23,19.23,19.23,0
1749086395,19.23,19.23,19.23,19.23,0
1749086400,19.23,19.23,19.23,19.23,0
1749086405,19.23,19.23,19.23,19.23,0
1749086410,19.23,19.23,19.23,19.23,0
1749086415,19.23,19.23,19.23,19.23,0
1749086420,19.23,19.23,19.23,19.23,0
1749086425,19.23,19.23,19.23,19.23,0
1749086430,19.23,19.23,19.23,19.23,0
1749086435,19.23,19.23,19.23,19.23,0
1749086440,19.23,19.23,19.23,19.23,0
1749086445,19.23,19.23,19.23,19.23,0
1749086450,19.23,19.23,19.23,19.23,0
1749086455,19.23,19.23,19.23,19.23,0
1749086460,19.23,19.23,19.23,19.23,0
1749086465,19.23,19.23,19.23,19.23,0
1749086470,19.23,19.23,19.23,19.23,0
1749086475,19.23,19.23,19.23,19.23,0
1749086480,19.23,19.23,19.23,19.23,0
1749086485,19.23,19.23,19.23,19.23,0
1749086490,19.23,19.23,19.23,19.23,0
1749086495,19.23,19.23,19.23,19.23,0
1749086500,19.23,19.23,19.23,19.23,0
1749086505,19.23,19.23,19.23,19.23,0
1749086510,19.23,19.23,19.23,19.23,0
1749086515,19.23,19.23,19.23,19.23,0
1749086520,19.23,19.23,19.23,19.23,0
1749086525,19.23,19.23,19.23,19.23,0
1749086530,19.23,19.23,19.23,19.23,0
1749086535,19.23,19.23,19.23,19.23,0
1749086540,19.23,19.23,19.23,19.23,0
1749086545,19.23,19.23,19.23,19.23,0
1749086550,19.23,19.23,19.23,19.23,0
1749086555,19.23,19.23,19.23,19.23,0
1749086560,19.23,19.23,19.23,19.23,0
1749086565,19.23,19.23,19.23,19.23,0
1749086570,19.23,19.23,19.23,19.23,0
1749086575,19.23,19.23,19.23,19.23,0
1749086580,19.23,19.23,19.23,19.23,0
1749086585,19.23,19.23,19.23,19.23,0
1749086590,19.23,19.23,19.23,19.23,0
1749086595,19.23,19.23,19.23,19.23,0
1749086600,19.23,19.23,19.23,19.23,0
1749086605,19.23,19.23,19.23,19.23,0
1749086610,19.23,19.23,19.23,19.23,0
1749086615,19.23,19.23,19.23,19.23,0
1749086620,19.23,19.23,19.23,19.23,0
1749086625,19.23,19.23,19.23,19.23,0
1749086630,19.23,19.23,19.23,19.23,0
1749086635,19.23,19.23,19.23,19.23,0
1749086640,19.23,19.23,19.23,19.23,0
1749086645,19.23,19.23,19.23,19.23,0
1749086650,19.23,19.23,19.23,19.23,0
1749086655,19.23,19.23,19.23,19.23,0
1749086660,19.23,19.23,19.23,19.23,0
1749086665,19.23,19.23,19.23,19.23,0
1749086670,19.23,19.23,19.23,19.23,0
1749086675,19.23,19.23,19.23,19.23,0
1749086680,19.23,19.23,19.23,19.23,0
1749086685,19.23,19.23,19.23,19.23,0
1749086690,19.23,19.23,19.23,19.23,0
1749086695,19.23,19.23,19.23,19.23,0
1749086700,19.23,19.23,19.23,19.23,0
1749086705,19.23,19.23,19.23,19.23,0
1749086710,19.23,19.23,19.23,19.23,0
1749086715,19.23,19.23,19.23,19.23,0
1749086720,19.23,19.23,19.23,19.23,0
1749086725,19.23,19.23,19.23,19.23,0
1749086730,19.23,19.23,19.23,19.23,0
1749086735,19.23,19.23,19.23,19.23,0
1749086740,19.23,19.23,19.23,19.23,0
1749086745,19.23,19.23,19.23,19.23,0
1749086750,19.25,19.25,19.25,19.25,1
1749086755,19.25,19.25,19.25,19.25,0
1749086760,19.25,19.25,19.25,19.25,0
1749086765,19.25,19.25,19.25,19.25,0
1749086770,19.25,19.25,19.25,19.25,0
1749086775,19.25,19.25,19.25,19.25,0
1749086780,19.25,19.25,19.25,19.25,0
1749086785,19.25,19.25,19.25,19.25,0
1749086790,19.25,19.25,19.25,19.25,0
1749086795,19.25,19.25,19.25,19.25,0
1749086800,19.25,19.25,19.25,19.25,0
1749086805,19.25,19.25,19.25,19.25,0
1749086810,19.25,19.25,19.25,19.25,0
1749086815,19.25,19.25,19.25,19.25,0
1749086820,19.25,19.25,19.25,19.25,0
1749086825,19.25,19.25,19.25,19.25,0
1749086830,19.25,19.25,19.25,19.25,0
1749086835,19.25,19.25,19.25,19.25,0
1749086840,19.25,19.25,19.25,19.25,0
1749086845,19.25,19.25,19.25,19.25,0
1749086850,19.25,19.25,19.25,19.25,0
1749086855,19.25,19.25,19.25,19.25,0
1749086860,19.25,19.25,19.25,19.25,0
1749086865,19.25,19.25,19.25,19.25,0
1749086870,19.25,19.25,19.25,19.25,0
1749086875,19.25,19.25,19.25,19.25,0
1749086880,19.25,19.25,19.25,19.25,0
1749086885,19.25,19.25,19.25,19.25,0
1749086890,19.25,19.25,19.25,19.25,0
1749086895,19.25,19.25,19.25,19.25,0
1749086900,19.25,19.25,19.25,19.25,0
1749086905,19.25,19.25,19.25,19.25,0
1749086910,19.25,19.25,19.25,19.25,0
1749086915,19.25,19.25,19.25,19.25,0
1749086920,19.25,19.25,19.25,19.25,0
1749086925,19.25,19.25,19.25,19.25,0
1749086930,19.25,19.25,19.25,19.25,0
1749086935,19.25,19.25,19.25,19.25,0
1749086940,19.25,19.25,19.25,19.25,0
1749086945,19.25,19.25,19.25,19.25,0
1749086950,19.25,19.25,19.25,19.25,0
1749086955,19.25,19.25,19.25,19.25,0
1749086960,19.25,19.25,19.25,19.25,0
1749086965,19.25,19.25,19.25,19.25,0
1749086970,19.25,19.25,19.25,19.25,0
1749086975,19.25,19.25,19.25,19.25,0
1749086980,19.25,19.25,19.25,19.25,0
1749086985,19.25,19.25,19.25,19.25,0
1749086990,19.25,19.25,19.25,19.25,0
1749086995,19.25,19.25,19.25,19.25,0
1749087000,19.25,19.25,19.25,19.25,0
1749087005,19.25,19.25,19.25,19.25,0
1749087010,19.25,19.25,19.25,19.25,0
1749087015,19.25,19.25,19.25,19.25,0
1749087020,19.25,19.25,19.25,19.25,0
1749087025,19.25,19.25,19.25,19.25,0
1749087030,19.25,19.25,19.25,19.25,0
1749087035,19.25,19.25,19.25,19.25,0
1749087040,19.25,19.25,19.25,19.25,0
1749087045,19.25,19.25,19.25,19.25,0
1749087050,19.25,19.25,19.25,19.25,0
1749087055,19.25,19.25,19.25,19.25,0
1749087060,19.25,19.25,19.25,19.25,0
1749087065,19.25,19.25,19.25,19.25,0
1749087070,19.25,19.25,19.25,19.25,0
1749087075,19.25,19.25,19.25,19.25,0
1749087080,19.25,19.25,19.25,19.25,0
1749087085,19.25,19.25,19.25,19.25,0
1749087090,19.25,19.25,19.25,19.25,0
1749087095,19.25,19.25,19.25,19.25,0
1749087100,19.25,19.25,19.25,19.25,0
1749087105,19.25,19.25,19.25,19.25,0
1749087110,19.25,19.25,19.25,19.25,0
1749087115,19.25,19.25,19.25,19.25,0
1749087120,19.25,19.25,19.25,19.25,0
1749087125,19.25,19.25,19.25,19.25,0
1749087130,19.25,19.25,19.25,19.25,0
1749087135,19.25,19.25,19.25,19.25,0
1749087140,19.25,19.25,19.25,19.25,0
1749087145,19.25,19.25,19.25,19.25,0
1749087150,19.25,19.25,19.25,19.25,0
1749087155,19.25,19.25,19.25,19.25,0
1749087160,19.25,19.25,19.25,19.25,0
1749087165,19.25,19.25,19.25,19.25,0
1749087170,19.25,19.25,19.25,19.25,0
1749087175,19.25,19.25,19.25,19.25,0
1749087180,19.25,19.25,19.25,19.25,0
1749087185,19.25,19.25,19.25,19.25,0
1749087190,19.25,19.25,19.25,19.25,0
1749087195,19.25,19.25,19.25,19.25,0
1749087200,19.25,19.25,19.25,19.25,0
1749087205,19.25,19.25,19.25,19.25,0
1749087210,19.25,19.25,19.25,19.25,0
1749087215,19.25,19.25,19.25,19.25,0
1749087220,19.25,19.25,19.25,19.25,0
1749087225,19.25,19.25,19.25,19.25,0
1749087230,19.25,19.25,19.25,19.25,0
1749087235,19.25,19.25,19.25,19.25,0
1749087240,19.25,19.25,19.25,19.25,0
1749087245,19.25,19.25,19.25,19.25,0
1749087250,19.25,19.25,19.25,19.25,0
1749087255,19.25,19.25,19.25,19.25,0
1749087260,19.25,19.25,19.25,19.25,0
1749087265,19.25,19.25,19.25,19.25,0
1749087270,19.25,19.25,19.25,19.25,0
1749087275,19.25,19.25,19.25,19.25,0
1749087280,19.25,19.25,19.25,19.25,0
1749087285,19.25,19.25,19.25,19.25,0
1749087290,19.25,19.25,19.25,19.25,0
1749087295,19.25,19.25,19.25,19.25,0
1749087300,19.25,19.25,19.25,19.25,0
1749087305,19.25,19.25,19.25,19.25,0
1749087310,19.25,19.25,19.25,19.25,0
1749087315,19.25,19.25,19.25,19.25,0
1749087320,19.25,19.25,19.25,19.25,0
1749087325,19.25,19.25,19.25,19.25,0
1749087330,19.25,19.25,19.25,19.25,0
1749087335,19.25,19.25,19.25,19.25,0
1749087340,19.25,19.25,19.25,19.25,0
1749087345,19.25,19.25,19.25,19.25,0
1749087350,19.25,19.25,19.25,19.25,0
1749087355,19.25,19.25,19.25,19.25,0
1749087360,19.25,19.25,19.25,19.25,0
1749087365,19.25,19.25,19.25,19.25,0
1749087370,19.25,19.25,19.25,19.25,0
1749087375,19.25,19.25,19.25,19.25,0
1749087380,19.25,19.25,19.25,19.25,0
1749087385,19.25,19.25,19.25,19.25,0
1749087390,19.25,19.25,19.25,19.25,0
1749087395,19.25,19.25,19.25,19.25,0
1749087400,19.25,19.25,19.25,19.25,0
1749087405,19.25,19.25,19.25,19.25,1
1749087410,19.25,19.25,19.25,19.25,0
1749087415,19.25,19.25,19.25,19.25,0
1749087420,19.25,19.25,19.25,19.25,0
1749087425,19.25,19.25,19.25,19.25,0
1749087430,19.25,19.25,19.25,19.25,0
1749087435,19.25,19.25,19.25,19.25,0
1749087440,19.25,19.25,19.25,19.25,0
1749087445,19.25,19.25,19.25,19.25,0
1749087450,19.25,19.25,19.25,19.25,0
1749087455,19.25,19.25,19.25,19.25,0
1749087460,19.25,19.25,19.25,19.25,0
1749087465,19.25,19.25,19.25,19.25,0
1749087470,19.25,19.25,19.25,19.25,0
1749087475,19.25,19.25,19.25,19.25,0
1749087480,19.25,19.25,19.25,19.25,0
1749087485,19.25,19.25,19.25,19.25,0
1749087490,19.25,19.25,19.25,19.25,0
1749087495,19.25,19.25,19.25,19.25,0
1749087500,19.25,19.25,19.25,19.25,0
1749087505,19.25,19.25,19.25,19.25,0
1749087510,19.25,19.25,19.25,19.25,0
1749087515,19.25,19.25,19.25,19.25,0
1749087520,19.25,19.25,19.25,19.25,0
1749087525,19.25,19.25,19.25,19.25,0
1749087530,19.25,19.25,19.25,19.25,0
1749087535,19.25,19.25,19.25,19.25,0
1749087540,19.25,19.25,19.25,19.25,0
1749087545,19.25,19.25,19.25,19.25,0
1749087550,19.25,19.25,19.25,19.25,0
1749087555,19.25,19.25,19.25,19.25,0
1749087560,19.25,19.25,19.25,19.25,0
1749087565,19.25,19.25,19.25,19.25,0
1749087570,19.25,19.25,19.25,19.25,0
1749087575,19.25,19.25,19.25,19.25,0
1749087580,19.25,19.25,19.25,19.25,0
1749087585,19.25,19.25,19.25,19.25,0
1749087590,19.25,19.25,19.25,19.25,0
1749087595,19.25,19.25,19.25,19.25,0
1749087600,19.25,19.25,19.25,19.25,0
1749087605,19.25,19.25,19.25,19.25,0
1749087610,19.25,19.25,19.25,19.25,0
1749087615,19.25,19.25,19.25,19.25,0
1749087620,19.25,19.25,19.25,19.25,0
1749087625,19.25,19.25,19.25,19.25,0
1749087630,19.25,19.25,19.25,19.25,0
1749087635,19.25,19.25,19.25,19.25,0
1749087640,19.25,19.25,19.25,19.25,0
1749087645,19.25,19.25,19.25,19.25,0
1749087650,19.25,19.25,19.25,19.25,0
1749087655,19.25,19.25,19.25,19.25,0
1749087660,19.25,19.25,19.25,19.25,0
1749087665,19.25,19.25,19.25,19.25,0
1749087670,19.25,19.25,19.25,19.25,0
1749087675,19.25,19.25,19.25,19.25,0
1749087680,19.25,19.25,19.25,19.25,0
1749087685,19.25,19.25,19.25,19.25,0
1749087690,19.25,19.25,19.25,19.25,0
1749087695,19.25,19.25,19.25,19.25,0
1749087700,19.25,19.25,19.25,19.25,0
1749087705,19.25,19.25,19.25,19.25,0
1749087710,19.25,19.25,19.25,19.25,0
1749087715,19.25,19.25,19.25,19.25,0
1749087720,19.25,19.25,19.25,19.25,0
1749087725,19.25,19.25,19.25,19.25,0
1749087730,19.25,19.25,19.25,19.25,0
1749087735,19.25,19.25,19.25,19.25,0
1749087740,19.25,19.25,19.25,19.25,0
1749087745,19.25,19.25,19.25,19.25,0
1749087750,19.25,19.25,19.25,19.25,0
1749087755,19.25,19.25,19.25,19.25,0
1749087760,19.25,19.25,19.25,19.25,0
1749087765,19.25,19.25,19.25,19.25,0
1749087770,19.25,19.25,19.25,19.25,0
1749087775,19.25,19.25,19.25,19.25,0
1749087780,19.25,19.25,19.25,19.25,0
1749087785,19.25,19.25,19.25,19.25,0
1749087790,19.25,19.25,19.25,19.25,0
1749087795,19.25,19.25,19.25,19.25,0
1749087800,19.25,19.25,19.25,19.25,0
1749087805,19.25,19.25,19.25,19.25,0
1749087810,19.25,19.25,19.25,19.25,0
1749087815,19.25,19.25,19.25,19.25,0
1749087820,19.25,19.25,19.25,19.25,0
1749087825,19.25,19.25,19.25,19.25,0
1749087830,19.25,19.25,19.25,19.25,0
1749087835,19.25,19.25,19.25,19.25,0
1749087840,19.25,19.25,19.25,19.25,0
1749087845,19.25,19.25,19.25,19.25,0
1749087850,19.25,19.25,19.25,19.25,0
1749087855,19.25,19.25,19.25,19.25,0
1749087860,19.25,19.25,19.25,19.25,0
1749087865,19.25,19.25,19.25,19.25,0
1749087870,19.25,19.25,19.25,19.25,0
1749087875,19.25,19.25,19.25,19.25,0
1749087880,19.25,19.25,19.25,19.25,0
1749087885,19.25,19.25,19.25,19.25,0
1749087890,19.25,19.25,19.25,19.25,0
1749087895,19.25,19.25,19.25,19.25,0
1749087900,19.25,19.25,19.25,19.25,0
1749087905,19.25,19.25,19.25,19.25,0
1749087910,19.25,19.25,19.25,19.25,0
1749087915,19.25,19.25,19.25,19.25,0
1749087920,19.25,19.25,19.25,19.25,0
1749087925,19.25,19.25,19.25,19.25,0
1749087930,19.25,19.25,19.25,19.25,0
1749087935,19.25,19.25,19.25,19.25,0
1749087940,19.25,19.25,19.25,19.25,0
1749087945,19.25,19.25,19.25,19.25,0
1749087950,19.25,19.25,19.25,19.25,0
1749087955,19.25,19.25,19.25,19.25,0
1749087960,19.25,19.25,19.25,19.25,0
1749087965,19.25,19.25,19.25,19.25,0
1749087970,19.25,19.25,19.25,19.25,0
1749087975,19.25,19.25,19.25,19.25,0
1749087980,19.25,19.25,19.25,19.25,0
1749087985,19.25,19.25,19.25,19.25,0
1749087990,19.25,19.25,19.25,19.25,0
1749087995,19.25,19.25,19.25,19.25,0
1749088000,19.25,19.25,19.25,19.25,0
1749088005,19.25,19.25,19.25,19.25,0
1749088010,19.25,19.25,19.25,19.25,0
1749088015,19.25,19.25,19.25,19.25,0
1749088020,19.25,19.25,19.25,19.25,0
1749088025,19.25,19.25,19.25,19.25,0
1749088030,19.25,19.25,19.25,19.25,0
1749088035,19.25,19.25,19.25,19.25,0
1749088040,19.25,19.25,19.25,19.25,0
1749088045,19.25,19.25,19.25,19.25,0
1749088050,19.25,19.25,19.25,19.25,0
1749088055,19.25,19.25,19.25,19.25,0
1749088060,19.25,19.25,19.25,19.25,0
1749088065,19.25,19.25,19.25,19.25,0
1749088070,19.25,19.25,19.25,19.25,0
1749088075,19.25,19.25,19.25,19.25,0
1749088080,19.25,19.25,19.25,19.25,0
1749088085,19.25,19.25,19.25,19.25,0
1749088090,19.25,19.25,19.25,19.25,0
1749088095,19.25,19.25,19.25,19.25,0
1749088100,19.25,19.25,19.25,19.25,0
1749088105,19.25,19.25,19.25,19.25,0
1749088110,19.25,19.25,19.25,19.25,0
1749088115,19.25,19.25,19.25,19.25,0
1749088120,19.25,19.25,19.25,19.25,0
1749088125,19.25,19.25,19.25,19.25,0
1749088130,19.25,19.25,19.25,19.25,0
1749088135,19.25,19.25,19.25,19.25,0
1749088140,19.25,19.25,19.25,19.25,0
1749088145,19.25,19.25,19.25,19.25,0
1749088150,19.25,19.25,19.25,19.25,0
1749088155,19.25,19.25,19.25,19.25,0
1749088160,19.25,19.25,19.25,19.25,0
1749088165,19.25,19.25,19.25,19.25,0
1749088170,19.25,19.25,19.25,19.25,0
1749088175,19.25,19.25,19.25,19.25,0
1749088180,19.25,19.25,19.25,19.25,0
1749088185,19.25,19.25,19.25,19.25,0
1749088190,19.25,19.25,19.25,19.25,0
1749088195,19.25,19.25,19.25,19.25,0
1749088200,19.25,19.25,19.25,19.25,0
1749088205,19.25,19.25,19.25,19.25,0
1749088210,19.25,19.25,19.25,19.25,0
1749088215,19.25,19.25,19.25,19.25,0
1749088220,19.25,19.25,19.25,19.25,0
1749088225,19.25,19.25,19.25,19.25,0
1749088230,19.25,19.25,19.25,19.25,0
1749088235,19.25,19.25,19.25,19.25,0
1749088240,19.25,19.25,19.25,19.25,0
1749088245,19.25,19.25,19.25,19.25,0
1749088250,19.25,19.25,19.25,19.25,0
1749088255,19.25,19.25,19.25,19.25,0
1749088260,19.25,19.25,19.25,19.25,0
1749088265,19.25,19.25,19.25,19.25,0
1749088270,19.25,19.25,19.25,19.25,0
1749088275,19.25,19.25,19.25,19.25,0
1749088280,19.25,19.25,19.25,19.25,0
1749088285,19.25,19.25,19.25,19.25,0
1749088290,19.25,19.25,19.25,19.25,0
1749088295,19.25,19.25,19.25,19.25,0
1749088300,19.25,19.25,19.25,19.25,0
1749088305,19.25,19.25,19.25,19.25,0
1749088310,19.25,19.25,19.25,19.25,0
1749088315,19.25,19.25,19.25,19.25,0
1749088320,19.25,19.25,19.25,19.25,0
1749088325,19.25,19.25,19.25,19.25,0
1749088330,19.25,19.25,19.25,19.25,0
1749088335,19.25,19.25,19.25,19.25,0
1749088340,19.25,19.25,19.25,19.25,0
1749088345,19.25,19.25,19.25,19.25,0
1749088350,19.25,19.25,19.25,19.25,0
1749088355,19.25,19.25,19.25,19.25,0
1749088360,19.25,19.25,19.25,19.25,0
1749088365,19.25,19.25,19.25,19.25,0
1749088370,19.25,19.25,19.25,19.25,0
1749088375,19.25,19.25,19.25,19.25,0
1749088380,19.25,19.25,19.25,19.25,0
1749088385,19.25,19.25,19.25,19.25,0
1749088390,19.25,19.25,19.25,19.25,0
1749088395,19.25,19.25,19.25,19.25,0
1749088400,19.25,19.25,19.25,19.25,0
1749088405,19.25,19.25,19.25,19.25,0
1749088410,19.25,19.25,19.25,19.25,0
1749088415,19.25,19.25,19.25,19.25,0
1749088420,19.25,19.25,19.25,19.25,0
1749088425,19.25,19.25,19.25,19.25,0
1749088430,19.25,19.25,19.25,19.25,0
1749088435,19.25,19.25,19.25,19.25,0
1749088440,19.25,19.25,19.25,19.25,0
1749088445,19.25,19.25,19.25,19.25,0
1749088450,19.25,19.25,19.25,19.25,0
1749088455,19.25,19.25,19.25,19.25,0
1749088460,19.25,19.25,19.25,19.25,0
1749088465,19.25,19.25,19.25,19.25,0
1749088470,19.25,19.25,19.25,19.25,0
1749088475,19.25,19.25,19.25,19.25,0
1749088480,19.25,19.25,19.25,19.25,0
1749088485,19.25,19.25,19.25,19.25,0
1749088490,19.25,19.25,19.25,19.25,0
1749088495,19.25,19.25,19.25,19.25,0
1749088500,19.25,19.25,19.25,19.25,0
1749088505,19.25,19.25,19.25,19.25,0
1749088510,19.25,19.25,19.25,19.25,0
1749088515,19.25,19.25,19.25,19.25,0
1749088520,19.25,19.25,19.25,19.25,0
1749088525,19.25,19.25,19.25,19.25,0
1749088530,19.25,19.25,19.25,19.25,0
1749088535,19.25,19.25,19.25,19.25,0
1749088540,19.25,19.25,19.25,19.25,0
1749088545,19.25,19.25,19.25,19.25,0
1749088550,19.25,19.25,19.25,19.25,0
1749088555,19.25,19.25,19.25,19.25,0
1749088560,19.25,19.25,19.25,19.25,0
1749088565,19.25,19.25,19.25,19.25,0
1749088570,19.25,19.25,19.25,19.25,0
1749088575,19.25,19.25,19.25,19.25,0
1749088580,19.25,19.25,19.25,19.25,0
1749088585,19.25,19.25,19.25,19.25,0
1749088590,19.25,19.25,19.25,19.25,0
1749088595,19.25,19.25,19.25,19.25,0
1749088600,19.25,19.25,19.25,19.25,0
1749088605,19.25,19.25,19.25,19.25,0
1749088610,19.25,19.25,19.25,19.25,0
1749088615,19.25,19.25,19.25,19.25,0
1749088620,19.25,19.25,19.25,19.25,0
1749088625,19.25,19.25,19.25,19.25,0
1749088630,19.25,19.25,19.25,19.25,0
1749088635,19.25,19.25,19.25,19.25,0
1749088640,19.25,19.25,19.25,19.25,0
1749088645,19.25,19.25,19.25,19.25,0
1749088650,19.25,19.25,19.25,19.25,0
1749088655,19.25,19.25,19.25,19.25,0
1749088660,19.25,19.25,19.25,19.25,0
1749088665,19.25,19.25,19.25,19.25,0
1749088670,19.25,19.25,19.25,19.25,0
1749088675,19.25,19.25,19.25,19.25,0
1749088680,19.25,19.25,19.25,19.25,0
1749088685,19.25,19.25,19.25,19.25,0
1749088690,19.25,19.25,19.25,19.25,0
1749088695,19.25,19.25,19.25,19.25,0
1749088700,19.25,19.25,19.25,19.25,0
1749088705,19.25,19.25,19.25,19.25,0
1749088710,19.25,19.25,19.25,19.25,0
1749088715,19.25,19.25,19.25,19.25,0
1749088720,19.25,19.25,19.25,19.25,0
1749088725,19.25,19.25,19.25,19.25,0
1749088730,19.25,19.25,19.25,19.25,0
1749088735,19.25,19.25,19.25,19.25,0
1749088740,19.25,19.25,19.25,19.25,0
1749088745,19.25,19.25,19.25,19.25,0
1749088750,19.25,19.25,19.25,19.25,0
1749088755,19.25,19.25,19.25,19.25,0
1749088760,19.25,19.25,19.25,19.25,0
1749088765,19.25,19.25,19.25,19.25,0
1749088770,19.25,19.25,19.25,19.25,0
1749088775,19.25,19.25,19.25,19.25,0
1749088780,19.25,19.25,19.25,19.25,0
1749088785,19.25,19.25,19.25,19.25,0
1749088790,19.25,19.25,19.25,19.25,0
1749088795,19.25,19.25,19.25,19.25,0
1749088800,19.25,19.25,19.25,19.25,0
1749088805,19.25,19.25,19.25,19.25,0
1749088810,19.25,19.25,19.25,19.25,0
1749088815,19.25,19.25,19.25,19.25,0
1749088820,19.25,19.25,19.25,19.25,0
1749088825,19.25,19.25,19.25,19.25,0
1749088830,19.25,19.25,19.25,19.25,0
1749088835,19.25,19.25,19.25,19.25,0
1749088840,19.25,19.25,19.25,19.25,0
1749088845,19.25,19.25,19.25,19.25,0
1749088850,19.25,19.25,19.25,19.25,0
1749088855,19.25,19.25,19.25,19.25,0
1749088860,19.25,19.25,19.25,19.25,0
1749088865,19.25,19.25,19.25,19.25,0
1749088870,19.25,19.25,19.25,19.25,0
1749088875,19.25,19.25,19.25,19.25,0
1749088880,19.25,19.25,19.25,19.25,0
1749088885,19.25,19.25,19.25,19.25,0
1749088890,19.25,19.25,19.25,19.25,0
1749088895,19.25,19.25,19.25,19.25,0
1749088900,19.25,19.25,19.25,19.25,0
1749088905,19.25,19.25,19.25,19.25,0
1749088910,19.25,19.25,19.25,19.25,0
1749088915,19.25,19.25,19.25,19.25,0
1749088920,19.25,19.25,19.25,19.25,0
1749088925,19.25,19.25,19.25,19.25,0
1749088930,19.25,19.25,19.25,19.25,0
1749088935,19.25,19.25,19.25,19.25,0
1749088940,19.25,19.25,19.25,19.25,0
1749088945,19.25,19.25,19.25,19.25,0
1749088950,19.25,19.25,19.25,19.25,0
1749088955,19.25,19.25,19.25,19.25,0
1749088960,19.25,19.25,19.25,19.25,0
1749088965,19.25,19.25,19.25,19.25,0
1749088970,19.25,19.25,19.25,19.25,0
1749088975,19.25,19.25,19.25,19.25,0
1749088980,19.25,19.25,19.25,19.25,0
1749088985,19.25,19.25,19.25,19.25,0
1749088990,19.25,19.25,19.25,19.25,0
1749088995,19.25,19.25,19.25,19.25,0
1749089000,19.25,19.25,19.25,19.25,0
1749089005,19.25,19.25,19.25,19.25,0
1749089010,19.25,19.25,19.25,19.25,0
1749089015,19.25,19.25,19.25,19.25,0
1749089020,19.25,19.25,19.25,19.25,0
1749089025,19.25,19.25,19.25,19.25,0
1749089030,19.25,19.25,19.25,19.25,0
1749089035,19.25,19.25,19.25,19.25,0
1749089040,19.25,19.25,19.25,19.25,0
1749089045,19.25,19.25,19.25,19.25,0
1749089050,19.25,19.25,19.25,19.25,0
1749089055,19.25,19.25,19.25,19.25,0
1749089060,19.25,19.25,19.25,19.25,0
1749089065,19.25,19.25,19.25,19.25,0
1749089070,19.25,19.25,19.25,19.25,0
1749089075,19.25,19.25,19.25,19.25,0
1749089080,19.25,19.25,19.25,19.25,0
1749089085,19.25,19.25,19.25,19.25,0
1749089090,19.25,19.25,19.25,19.25,0
1749089095,19.25,19.25,19.25,19.25,0
1749089100,19.25,19.25,19.25,19.25,0
1749089105,19.25,19.25,19.25,19.25,0
1749089110,19.25,19.25,19.25,19.25,0
1749089115,19.25,19.25,19.25,19.25,0
1749089120,19.25,19.25,19.25,19.25,0
1749089125,19.25,19.25,19.25,19.25,0
1749089130,19.25,19.25,19.25,19.25,0
1749089135,19.25,19.25,19.25,19.25,0
1749089140,19.25,19.25,19.25,19.25,0
1749089145,19.25,19.25,19.25,19.25,0
1749089150,19.25,19.25,19.25,19.25,0
1749089155,19.25,19.25,19.25,19.25,0
1749089160,19.25,19.25,19.25,19.25,0
1749089165,19.25,19.25,19.25,19.25,0
1749089170,19.25,19.25,19.25,19.25,0
1749089175,19.25,19.25,19.25,19.25,0
1749089180,19.25,19.25,19.25,19.25,0
1749089185,19.25,19.25,19.25,19.25,0
1749089190,19.25,19.25,19.25,19.25,0
1749089195,19.25,19.25,19.25,19.25,0
1749089200,19.25,19.25,19.25,19.25,0
1749089205,19.25,19.25,19.25,19.25,0
1749089210,19.25,19.25,19.25,19.25,0
1749089215,19.25,19.25,19.25,19.25,0
1749089220,19.25,19.25,19.25,19.25,0
1749089225,19.25,19.25,19.25,19.25,0
1749089230,19.25,19.25,19.25,19.25,0
1749089235,19.25,19.25,19.25,19.25,0
1749089240,19.25,19.25,19.25,19.25,0
1749089245,19.25,19.25,19.25,19.25,0
1749089250,19.25,19.25,19.25,19.25,0
1749089255,19.25,19.25,19.25,19.25,0
1749089260,19.25,19.25,19.25,19.25,0
1749089265,19.25,19.25,19.25,19.25,0
1749089270,19.25,19.25,19.25,19.25,0
1749089275,19.25,19.25,19.25,19.25,0
1749089280,19.25,19.25,19.25,19.25,0
1749089285,19.25,19.25,19.25,19.25,0
1749089290,19.25,19.25,19.25,19.25,0
1749089295,19.25,19.25,19.25,19.25,0
1749089300,19.25,19.25,19.25,19.25,0
1749089305,19.25,19.25,19.25,19.25,0
1749089310,19.25,19.25,19.25,19.25,0
1749089315,19.25,19.25,19.25,19.25,0
1749089320,19.25,19.25,19.25,19.25,0
1749089325,19.25,19.25,19.25,19.25,0
1749089330,19.25,19.25,19.25,19.25,0
1749089335,19.25,19.25,19.25,19.25,0
1749089340,19.25,19.25,19.25,19.25,0
1749089345,19.25,19.25,19.25,19.25,0
1749089350,19.25,19.25,19.25,19.25,0
1749089355,19.25,19.25,19.25,19.25,0
1749089360,19.25,19.25,19.25,19.25,0
1749089365,19.25,19.25,19.25,19.25,0
1749089370,19.25,19.25,19.25,19.25,0
1749089375,19.25,19.25,19.25,19.25,0
1749089380,19.25,19.25,19.25,19.25,0
1749089385,19.25,19.25,19.25,19.25,0
1749089390,19.25,19.25,19.25,19.25,0
1749089395,19.25,19.25,19.25,19.25,0
1749089400,19.25,19.25,19.25,19.25,0
1749089405,19.25,19.25,19.25,19.25,0
1749089410,19.25,19.25,19.25,19.25,0
1749089415,19.25,19.25,19.25,19.25,0
1749089420,19.25,19.25,19.25,19.25,0
1749089425,19.25,19.25,19.25,19.25,0
1749089430,19.25,19.25,19.25,19.25,0
1749089435,19.25,19.25,19.25,19.25,0
1749089440,19.25,19.25,19.25,19.25,0
1749089445,19.25,19.25,19.25,19.25,0
1749089450,19.25,19.25,19.25,19.25,0
1749089455,19.25,19.25,19.25,19.25,0
1749089460,19.25,19.25,19.25,19.25,0
1749089465,19.25,19.25,19.25,19.25,0
1749089470,19.25,19.25,19.25,19.25,0
1749089475,19.25,19.25,19.25,19.25,0
1749089480,19.25,19.25,19.25,19.25,0
1749089485,19.25,19.25,19.25,19.25,0
1749089490,19.25,19.25,19.25,19.25,0
1749089495,19.25,19.25,19.25,19.25,0
1749089500,19.25,19.25,19.25,19.25,0
1749089505,19.25,19.25,19.25,19.25,0
1749089510,19.25,19.25,19.25,19.25,0
1749089515,19.25,19.25,19.25,19.25,0
1749089520,19.25,19.25,19.25,19.25,0
1749089525,19.25,19.25,19.25,19.25,0
1749089530,19.25,19.25,19.25,19.25,0
1749089535,19.25,19.25,19.25,19.25,0
1749089540,19.25,19.25,19.25,19.25,0
1749089545,19.25,19.25,19.25,19.25,0
1749089550,19.25,19.25,19.25,19.25,0
1749089555,19.25,19.25,19.25,19.25,0
1749089560,19.25,19.25,19.25,19.25,0
1749089565,19.25,19.25,19.25,19.25,0
1749089570,19.25,19.25,19.25,19.25,0
1749089575,19.25,19.25,19.25,19.25,0
1749089580,19.25,19.25,19.25,19.25,0
1749089585,19.25,19.25,19.25,19.25,0
1749089590,19.25,19.25,19.25,19.25,0
1749089595,19.25,19.25,19.25,19.25,0
1749089600,19.25,19.25,19.25,19.25,0
1749089605,19.25,19.25,19.25,19.25,0
1749089610,19.25,19.25,19.25,19.25,0
1749089615,19.25,19.25,19.25,19.25,0
1749089620,19.25,19.25,19.25,19.25,0
1749089625,19.25,19.25,19.25,19.25,0
1749089630,19.25,19.25,19.25,19.25,0
1749089635,19.25,19.25,19.25,19.25,0
1749089640,19.25,19.25,19.25,19.25,0
1749089645,19.25,19.25,19.25,19.25,0
1749089650,19.25,19.25,19.25,19.25,0
1749089655,19.25,19.25,19.25,19.25,0
1749089660,19.25,19.25,19.25,19.25,0
1749089665,19.25,19.25,19.25,19.25,0
1749089670,19.25,19.25,19.25,19.25,0
1749089675,19.25,19.25,19.25,19.25,0
1749089680,19.25,19.25,19.25,19.25,0
1749089685,19.25,19.25,19.25,19.25,0
1749089690,19.25,19.25,19.25,19.25,0
1749089695,19.25,19.25,19.25,19.25,0
1749089700,19.25,19.25,19.25,19.25,0
1749089705,19.25,19.25,19.25,19.25,0
1749089710,19.25,19.25,19.25,19.25,0
1749089715,19.25,19.25,19.25,19.25,0
1749089720,19.25,19.25,19.25,19.25,0
1749089725,19.25,19.25,19.25,19.25,0
1749089730,19.25,19.25,19.25,19.25,0
1749089735,19.25,19.25,19.25,19.25,0
1749089740,19.25,19.25,19.25,19.25,0
1749089745,19.25,19.25,19.25,19.25,0
1749089750,19.25,19.25,19.25,19.25,0
1749089755,19.25,19.25,19.25,19.25,0
1749089760,19.25,19.25,19.25,19.25,0
1749089765,19.25,19.25,19.25,19.25,0
1749089770,19.25,19.25,19.25,19.25,0
1749089775,19.25,19.25,19.25,19.25,0
1749089780,19.25,19.25,19.25,19.25,0
1749089785,19.25,19.25,19.25,19.25,0
1749089790,19.25,19.25,19.25,19.25,0
1749089795,19.25,19.25,19.25,19.25,0
1749089800,19.25,19.25,19.25,19.25,0
1749089805,19.25,19.25,19.25,19.25,0
1749089810,19.25,19.25,19.25,19.25,0
1749089815,19.25,19.25,19.25,19.25,0
1749089820,19.25,19.25,19.25,19.25,0
1749089825,19.25,19.25,19.25,19.25,0
1749089830,19.25,19.25,19.25,19.25,0
1749089835,19.25,19.25,19.25,19.25,0
1749089840,19.25,19.25,19.25,19.25,0
1749089845,19.25,19.25,19.25,19.25,0
1749089850,19.25,19.25,19.25,19.25,0
1749089855,19.25,19.25,19.25,19.25,0
1749089860,19.25,19.25,19.25,19.25,0
1749089865,19.25,19.25,19.25,19.25,0
1749089870,19.25,19.25,19.25,19.25,0
1749089875,19.25,19.25,19.25,19.25,0
1749089880,19.25,19.25,19.25,19.25,0
1749089885,19.25,19.25,19.25,19.25,0
1749089890,19.25,19.25,19.25,19.25,0
1749089895,19.25,19.25,19.25,19.25,0
1749089900,19.25,19.25,19.25,19.25,0
1749089905,19.25,19.25,19.25,19.25,0
1749089910,19.25,19.25,19.25,19.25,0
1749089915,19.25,19.25,19.25,19.25,0
1749089920,19.25,19.25,19.25,19.25,0
1749089925,19.25,19.25,19.25,19.25,0
1749089930,19.25,19.25,19.25,19.25,0
1749089935,19.25,19.25,19.25,19.25,0
1749089940,19.25,19.25,19.25,19.25,0
1749089945,19.25,19.25,19.25,19.25,0
1749089950,19.25,19.25,19.25,19.25,0
1749089955,19.25,19.25,19.25,19.25,0
1749089960,19.25,19.25,19.25,19.25,0
1749089965,19.25,19.25,19.25,19.25,0
1749089970,19.25,19.25,19.25,19.25,0
1749089975,19.25,19.25,19.25,19.25,0
1749089980,19.25,19.25,19.25,19.25,0
1749089985,19.25,19.25,19.25,19.25,0
1749089990,19.25,19.25,19.25,19.25,0
1749089995,19.25,19.25,19.25,19.25,0
1749090000,19.25,19.25,19.25,19.25,0
1749090005,19.25,19.25,19.25,19.25,0
1749090010,19.25,19.25,19.25,19.25,0
1749090015,19.25,19.25,19.25,19.25,0
1749090020,19.25,19.25,19.25,19.25,0
1749090025,19.25,19.25,19.25,19.25,0
1749090030,19.25,19.25,19.25,19.25,0
1749090035,19.25,19.25,19.25,19.25,0
1749090040,19.25,19.25,19.25,19.25,0
1749090045,19.25,19.25,19.25,19.25,0
1749090050,19.25,19.25,19.25,19.25,0
1749090055,19.25,19.25,19.25,19.25,0
1749090060,19.25,19.25,19.25,19.25,0
1749090065,19.25,19.25,19.25,19.25,0
1749090070,19.25,19.25,19.25,19.25,0
1749090075,19.25,19.25,19.25,19.25,0
1749090080,19.25,19.25,19.25,19.25,0
1749090085,19.25,19.25,19.25,19.25,0
1749090090,19.25,19.25,19.25,19.25,0
1749090095,19.25,19.25,19.25,19.25,0
1749090100,19.25,19.25,19.25,19.25,0
1749090105,19.25,19.25,19.25,19.25,0
1749090110,19.25,19.25,19.25,19.25,0
1749090115,19.25,19.25,19.25,19.25,0
1749090120,19.25,19.25,19.25,19.25,0
1749090125,19.25,19.25,19.25,19.25,0
1749090130,19.25,19.25,19.25,19.25,0
1749090135,19.25,19.25,19.25,19.25,0
1749090140,19.25,19.25,19.25,19.25,0
1749090145,19.25,19.25,19.25,19.25,0
1749090150,19.25,19.25,19.25,19.25,0
1749090155,19.25,19.25,19.25,19.25,0
1749090160,19.25,19.25,19.25,19.25,0
1749090165,19.25,19.25,19.25,19.25,0
1749090170,19.25,19.25,19.25,19.25,0
1749090175,19.25,19.25,19.25,19.25,0
1749090180,19.25,19.25,19.25,19.25,0
1749090185,19.25,19.25,19.25,19.25,0
1749090190,19.25,19.25,19.25,19.25,0
1749090195,19.25,19.25,19.25,19.25,0
1749090200,19.25,19.25,19.25,19.25,0
1749090205,19.25,19.25,19.25,19.25,0
1749090210,19.25,19.25,19.25,19.25,0
1749090215,19.25,19.25,19.25,19.25,0
1749090220,19.25,19.25,19.25,19.25,0
1749090225,19.25,19.25,19.25,19.25,0
1749090230,19.25,19.25,19.25,19.25,0
1749090235,19.25,19.25,19.25,19.25,0
1749090240,19.25,19.25,19.25,19.25,0
1749090245,19.25,19.25,19.25,19.25,0
1749090250,19.25,19.25,19.25,19.25,0
1749090255,19.25,19.25,19.25,19.25,0
1749090260,19.25,19.25,19.25,19.25,0
1749090265,19.25,19.25,19.25,19.25,0
1749090270,19.25,19.25,19.25,19.25,0
1749090275,19.25,19.25,19.25,19.25,0
1749090280,19.25,19.25,19.25,19.25,0
1749090285,19.25,19.25,19.25,19.25,0
1749090290,19.25,19.25,19.25,19.25,0
1749090295,19.25,19.25,19.25,19.25,0
1749090300,19.25,19.25,19.25,19.25,0
1749090305,19.25,19.25,19.25,19.25,0
1749090310,19.25,19.25,19.25,19.25,0
1749090315,19.25,19.25,19.25,19.25,0
1749090320,19.25,19.25,19.25,19.25,0
1749090325,19.25,19.25,19.25,19.25,0
1749090330,19.25,19.25,19.25,19.25,0
1749090335,19.25,19.25,19.25,19.25,0
1749090340,19.25,19.25,19.25,19.25,0
1749090345,19.25,19.25,19.25,19.25,0
1749090350,19.25,19.25,19.25,19.25,0
1749090355,19.25,19.25,19.25,19.25,0
1749090360,19.25,19.25,19.25,19.25,0
1749090365,19.25,19.25,19.25,19.25,0
1749090370,19.25,19.25,19.25,19.25,0
1749090375,19.25,19.25,19.25,19.25,0
1749090380,19.25,19.25,19.25,19.25,0
1749090385,19.25,19.25,19.25,19.25,0
1749090390,19.25,19.25,19.25,19.25,0
1749090395,19.25,19.25,19.25,19.25,0
1749090400,19.27,19.27,19.27,19.27,1
1749090405,19.27,19.27,19.27,19.27,0
1749090410,19.27,19.27,19.27,19.27,0
1749090415,19.27,19.27,19.27,19.27,0
1749090420,19.27,19.27,19.27,19.27,0
1749090425,19.27,19.27,19.27,19.27,0
1749090430,19.27,19.27,19.27,19.27,0
1749090435,19.27,19.27,19.27,19.27,0
1749090440,19.27,19.27,19.27,19.27,0
1749090445,19.27,19.27,19.27,19.27,0
1749090450,19.27,19.27,19.27,19.27,0
1749090455,19.27,19.27,19.27,19.27,0
1749090460,19.27,19.27,19.27,19.27,0
1749090465,19.27,19.27,19.27,19.27,0
1749090470,19.27,19.27,19.27,19.27,0
1749090475,19.27,19.27,19.27,19.27,0
1749090480,19.27,19.27,19.27,19.27,0
1749090485,19.27,19.27,19.27,19.27,0
1749090490,19.27,19.27,19.27,19.27,0
1749090495,19.27,19.27,19.27,19.27,0
1749090500,19.27,19.27,19.27,19.27,0
1749090505,19.27,19.27,19.27,19.27,0
1749090510,19.27,19.27,19.27,19.27,0
1749090515,19.27,19.27,19.27,19.27,0
1749090520,19.27,19.27,19.27,19.27,0
1749090525,19.27,19.27,19.27,19.27,0
1749090530,19.27,19.27,19.27,19.27,0
1749090535,19.27,19.27,19.27,19.27,0
1749090540,19.27,19.27,19.27,19.27,0
1749090545,19.27,19.27,19.27,19.27,0
1749090550,19.27,19.27,19.27,19.27,0
1749090555,19.27,19.27,19.27,19.27,0
1749090560,19.27,19.27,19.27,19.27,0
1749090565,19.27,19.27,19.27,19.27,0
1749090570,19.27,19.27,19.27,19.27,0
1749090575,19.27,19.27,19.27,19.27,0
1749090580,19.27,19.27,19.27,19.27,0
1749090585,19.27,19.27,19.27,19.27,0
1749090590,19.27,19.27,19.27,19.27,0
1749090595,19.27,19.27,19.27,19.27,0
1749090600,19.27,19.27,19.27,19.27,0
1749090605,19.27,19.27,19.27,19.27,0
1749090610,19.27,19.27,19.27,19.27,0
1749090615,19.27,19.27,19.27,19.27,0
1749090620,19.27,19.27,19.27,19.27,0
1749090625,19.27,19.27,19.27,19.27,0
1749090630,19.27,19.27,19.27,19.27,0
1749090635,19.27,19.27,19.27,19.27,0
1749090640,19.27,19.27,19.27,19.27,0
1749090645,19.27,19.27,19.27,19.27,0
1749090650,19.27,19.27,19.27,19.27,0
1749090655,19.27,19.27,19.27,19.27,0
1749090660,19.27,19.27,19.27,19.27,0
1749090665,19.27,19.27,19.27,19.27,0
1749090670,19.27,19.27,19.27,19.27,0
1749090675,19.27,19.27,19.27,19.27,0
1749090680,19.27,19.27,19.27,19.27,0
1749090685,19.27,19.27,19.27,19.27,0
1749090690,19.27,19.27,19.27,19.27,0
1749090695,19.27,19.27,19.27,19.27,0
1749090700,19.27,19.27,19.27,19.27,0
1749090705,19.27,19.27,19.27,19.27,0
1749090710,19.27,19.27,19.27,19.27,0
1749090715,19.27,19.27,19.27,19.27,0
1749090720,19.27,19.27,19.27,19.27,0
1749090725,19.27,19.27,19.27,19.27,0
1749090730,19.27,19.27,19.27,19.27,0
1749090735,19.27,19.27,19.27,19.27,0
1749090740,19.27,19.27,19.27,19.27,0
1749090745,19.27,19.27,19.27,19.27,0
1749090750,19.27,19.27,19.27,19.27,0
1749090755,19.27,19.27,19.27,19.27,0
1749090760,19.27,19.27,19.27,19.27,0
1749090765,19.27,19.27,19.27,19.27,0
1749090770,19.27,19.27,19.27,19.27,0
1749090775,19.27,19.27,19.27,19.27,0
1749090780,19.27,19.27,19.27,19.27,0
1749090785,19.27,19.27,19.27,19.27,0
1749090790,19.27,19.27,19.27,19.27,0
1749090795,19.27,19.27,19.27,19.27,0
1749090800,19.27,19.27,19.27,19.27,0
1749090805,19.27,19.27,19.27,19.27,0
1749090810,19.27,19.27,19.27,19.27,0
1749090815,19.27,19.27,19.27,19.27,0
1749090820,19.27,19.27,19.27,19.27,0
1749090825,19.27,19.27,19.27,19.27,0
1749090830,19.27,19.27,19.27,19.27,0
1749090835,19.27,19.27,19.27,19.27,0
1749090840,19.27,19.27,19.27,19.27,0
1749090845,19.27,19.27,19.27,19.27,0
1749090850,19.27,19.27,19.27,19.27,0
1749090855,19.27,19.27,19.27,19.27,0
1749090860,19.27,19.27,19.27,19.27,0
1749090865,19.27,19.27,19.27,19.27,0
1749090870,19.27,19.27,19.27,19.27,0
1749090875,19.27,19.27,19.27,19.27,0
1749090880,19.27,19.27,19.27,19.27,0
1749090885,19.27,19.27,19.27,19.27,0
1749090890,19.27,19.27,19.27,19.27,0
1749090895,19.27,19.27,19.27,19.27,0
1749090900,19.27,19.27,19.27,19.27,0
1749090905,19.27,19.27,19.27,19.27,0
1749090910,19.27,19.27,19.27,19.27,0
1749090915,19.27,19.27,19.27,19.27,0
1749090920,19.27,19.27,19.27,19.27,0
1749090925,19.27,19.27,19.27,19.27,0
1749090930,19.27,19.27,19.27,19.27,0
1749090935,19.27,19.27,19.27,19.27,0
1749090940,19.27,19.27,19.27,19.27,0
1749090945,19.27,19.27,19.27,19.27,0
1749090950,19.27,19.27,19.27,19.27,0
1749090955,19.27,19.27,19.27,19.27,0
1749090960,19.27,19.27,19.27,19.27,0
1749090965,19.27,19.27,19.27,19.27,0
1749090970,19.27,19.27,19.27,19.27,0
1749090975,19.27,19.27,19.27,19.27,0
1749090980,19.27,19.27,19.27,19.27,0
1749090985,19.27,19.27,19.27,19.27,0
1749090990,19.27,19.27,19.27,19.27,0
1749090995,19.27,19.27,19.27,19.27,0
1749091000,19.27,19.27,19.27,19.27,0
1749091005,19.27,19.27,19.27,19.27,0
1749091010,19.27,19.27,19.27,19.27,0
1749091015,19.27,19.27,19.27,19.27,0
1749091020,19.27,19.27,19.27,19.27,0
1749091025,19.27,19.27,19.27,19.27,0
1749091030,19.27,19.27,19.27,19.27,0
1749091035,19.27,19.27,19.27,19.27,0
1749091040,19.27,19.27,19.27,19.27,0
1749091045,19.27,19.27,19.27,19.27,0
1749091050,19.27,19.27,19.27,19.27,0
1749091055,19.27,19.27,19.27,19.27,0
1749091060,19.27,19.27,19.27,19.27,0
1749091065,19.27,19.27,19.27,19.27,0
1749091070,19.27,19.27,19.27,19.27,0
1749091075,19.27,19.27,19.27,19.27,0
1749091080,19.27,19.27,19.27,19.27,0
1749091085,19.27,19.27,19.27,19.27,0
1749091090,19.27,19.27,19.27,19.27,0
1749091095,19.27,19.27,19.27,19.27,0
1749091100,19.27,19.27,19.27,19.27,0
1749091105,19.27,19.27,19.27,19.27,0
1749091110,19.27,19.27,19.27,19.27,0
1749091115,19.27,19.27,19.27,19.27,0
1749091120,19.27,19.27,19.27,19.27,0
1749091125,19.27,19.27,19.27,19.27,0
1749091130,19.27,19.27,19.27,19.27,0
1749091135,19.27,19.27,19.27,19.27,0
1749091140,19.27,19.27,19.27,19.27,0
1749091145,19.27,19.27,19.27,19.27,0
1749091150,19.27,19.27,19.27,19.27,0
1749091155,19.27,19.27,19.27,19.27,0
1749091160,19.27,19.27,19.27,19.27,0
1749091165,19.27,19.27,19.27,19.27,0
1749091170,19.27,19.27,19.27,19.27,0
1749091175,19.27,19.27,19.27,19.27,0
1749091180,19.27,19.27,19.27,19.27,0
1749091185,19.27,19.27,19.27,19.27,0
1749091190,19.27,19.27,19.27,19.27,0
1749091195,19.27,19.27,19.27,19.27,0
1749091200,19.27,19.27,19.27,19.27,0
1749091205,19.27,19.27,19.27,19.27,0
1749091210,19.27,19.27,19.27,19.27,0
1749091215,19.27,19.27,19.27,19.27,0
1749091220,19.27,19.27,19.27,19.27,0
1749091225,19.27,19.27,19.27,19.27,0
1749091230,19.27,19.27,19.27,19.27,0
1749091235,19.27,19.27,19.27,19.27,0
1749091240,19.27,19.27,19.27,19.27,0
1749091245,19.27,19.27,19.27,19.27,0
1749091250,19.27,19.27,19.27,19.27,0
1749091255,19.27,19.27,19.27,19.27,0
1749091260,19.27,19.27,19.27,19.27,0
1749091265,19.27,19.27,19.27,19.27,0
1749091270,19.27,19.27,19.27,19.27,0
1749091275,19.27,19.27,19.27,19.27,0
1749091280,19.27,19.27,19.27,19.27,0
1749091285,19.27,19.27,19.27,19.27,0
1749091290,19.27,19.27,19.27,19.27,0
1749091295,19.27,19.27,19.27,19.27,0
1749091300,19.27,19.27,19.27,19.27,0
1749091305,19.27,19.27,19.27,19.27,0
1749091310,19.27,19.27,19.27,19.27,0
1749091315,19.27,19.27,19.27,19.27,0
1749091320,19.27,19.27,19.27,19.27,0
1749091325,19.27,19.27,19.27,19.27,0
1749091330,19.27,19.27,19.27,19.27,0
1749091335,19.27,19.27,19.27,19.27,0
1749091340,19.27,19.27,19.27,19.27,0
1749091345,19.27,19.27,19.27,19.27,0
1749091350,19.27,19.27,19.27,19.27,0
1749091355,19.27,19.27,19.27,19.27,0
1749091360,19.27,19.27,19.27,19.27,0
1749091365,19.27,19.27,19.27,19.27,0
1749091370,19.27,19.27,19.27,19.27,0
1749091375,19.27,19.27,19.27,19.27,0
1749091380,19.27,19.27,19.27,19.27,0
1749091385,19.27,19.27,19.27,19.27,0
1749091390,19.27,19.27,19.27,19.27,0
1749091395,19.27,19.27,19.27,19.27,0
1749091400,19.27,19.27,19.27,19.27,0
1749091405,19.27,19.27,19.27,19.27,0
1749091410,19.27,19.27,19.27,19.27,0
1749091415,19.27,19.27,19.27,19.27,0
1749091420,19.27,19.27,19.27,19.27,0
1749091425,19.27,19.27,19.27,19.27,0
1749091430,19.27,19.27,19.27,19.27,0
1749091435,19.27,19.27,19.27,19.27,0
1749091440,19.27,19.27,19.27,19.27,0
1749091445,19.27,19.27,19.27,19.27,0
1749091450,19.27,19.27,19.27,19.27,0
1749091455,19.27,19.27,19.27,19.27,0
1749091460,19.27,19.27,19.27,19.27,0
1749091465,19.27,19.27,19.27,19.27,0
1749091470,19.27,19.27,19.27,19.27,0
1749091475,19.27,19.27,19.27,19.27,0
1749091480,19.27,19.27,19.27,19.27,0
1749091485,19.27,19.27,19.27,19.27,0
1749091490,19.27,19.27,19.27,19.27,0
1749091495,19.27,19.27,19.27,19.27,0
1749091500,19.27,19.27,19.27,19.27,0
1749091505,19.27,19.27,19.27,19.27,0
1749091510,19.27,19.27,19.27,19.27,0
1749091515,19.27,19.27,19.27,19.27,0
1749091520,19.27,19.27,19.27,19.27,0
1749091525,19.27,19.27,19.27,19.27,0
1749091530,19.27,19.27,19.27,19.27,0
1749091535,19.27,19.27,19.27,19.27,0
1749091540,19.27,19.27,19.27,19.27,0
1749091545,19.27,19.27,19.27,19.27,0
1749091550,19.27,19.27,19.27,19.27,0
1749091555,19.27,19.27,19.27,19.27,0
1749091560,19.27,19.27,19.27,19.27,0
1749091565,19.27,19.27,19.27,19.27,0
1749091570,19.27,19.27,19.27,19.27,0
1749091575,19.27,19.27,19.27,19.27,0
1749091580,19.27,19.27,19.27,19.27,0
1749091585,19.27,19.27,19.27,19.27,0
1749091590,19.27,19.27,19.27,19.27,0
1749091595,19.27,19.27,19.27,19.27,0
1749091600,19.27,19.27,19.27,19.27,0
1749091605,19.27,19.27,19.27,19.27,0
1749091610,19.27,19.27,19.27,19.27,0
1749091615,19.27,19.27,19.27,19.27,0
1749091620,19.27,19.27,19.27,19.27,0
1749091625,19.27,19.27,19.27,19.27,0
1749091630,19.27,19.27,19.27,19.27,0
1749091635,19.27,19.27,19.27,19.27,0
1749091640,19.27,19.27,19.27,19.27,0
1749091645,19.27,19.27,19.27,19.27,0
1749091650,19.27,19.27,19.27,19.27,0
1749091655,19.27,19.27,19.27,19.27,0
1749091660,19.3,19.3,19.3,19.3,1
1749091665,19.3,19.3,19.3,19.3,0
1749091670,19.3,19.3,19.3,19.3,0
1749091675,19.3,19.3,19.3,19.3,0
1749091680,19.3,19.3,19.3,19.3,0
1749091685,19.3,19.3,19.3,19.3,0
1749091690,19.3,19.3,19.3,19.3,0
1749091695,19.3,19.3,19.3,19.3,0
1749091700,19.3,19.3,19.3,19.3,0
1749091705,19.3,19.3,19.3,19.3,0
1749091710,19.3,19.3,19.3,19.3,0
1749091715,19.3,19.3,19.3,19.3,0
1749091720,19.3,19.3,19.3,19.3,0
1749091725,19.3,19.3,19.3,19.3,0
1749091730,19.3,19.3,19.3,19.3,0
1749091735,19.3,19.3,19.3,19.3,0
1749091740,19.3,19.3,19.3,19.3,0
1749091745,19.3,19.3,19.3,19.3,0
1749091750,19.3,19.3,19.3,19.3,0
1749091755,19.3,19.3,19.3,19.3,0
1749091760,19.3,19.3,19.3,19.3,0
1749091765,19.3,19.3,19.3,19.3,0
1749091770,19.3,19.3,19.3,19.3,0
1749091775,19.3,19.3,19.3,19.3,0
1749091780,19.3,19.3,19.3,19.3,0
1749091785,19.3,19.3,19.3,19.3,0
1749091790,19.3,19.3,19.3,19.3,0
1749091795,19.3,19.3,19.3,19.3,0
1749091800,19.3,19.3,19.3,19.3,0
1749091805,19.3,19.3,19.3,19.3,0
1749091810,19.3,19.3,19.3,19.3,0
1749091815,19.3,19.3,19.3,19.3,0
1749091820,19.3,19.3,19.3,19.3,0
1749091825,19.3,19.3,19.3,19.3,0
1749091830,19.3,19.3,19.3,19.3,0
1749091835,19.3,19.3,19.3,19.3,0
1749091840,19.3,19.3,19.3,19.3,0
1749091845,19.3,19.3,19.3,19.3,0
1749091850,19.3,19.3,19.3,19.3,0
1749091855,19.3,19.3,19.3,19.3,0
1749091860,19.3,19.3,19.3,19.3,0
1749091865,19.3,19.3,19.3,19.3,0
1749091870,19.3,19.3,19.3,19.3,0
1749091875,19.3,19.3,19.3,19.3,0
1749091880,19.3,19.3,19.3,19.3,0
1749091885,19.3,19.3,19.3,19.3,0
1749091890,19.3,19.3,19.3,19.3,0
1749091895,19.3,19.3,19.3,19.3,0
1749091900,19.3,19.3,19.3,19.3,0
1749091905,19.3,19.3,19.3,19.3,0
1749091910,19.3,19.3,19.3,19.3,0
1749091915,19.3,19.3,19.3,19.3,0
1749091920,19.3,19.3,19.3,19.3,0
1749091925,19.3,19.3,19.3,19.3,0
1749091930,19.3,19.3,19.3,19.3,0
1749091935,19.3,19.3,19.3,19.3,0
1749091940,19.3,19.3,19.3,19.3,0
1749091945,19.3,19.3,19.3,19.3,0
1749091950,19.3,19.3,19.3,19.3,0
1749091955,19.3,19.3,19.3,19.3,0
1749091960,19.3,19.3,19.3,19.3,0
1749091965,19.3,19.3,19.3,19.3,0
1749091970,19.3,19.3,19.3,19.3,0
1749091975,19.3,19.3,19.3,19.3,0
1749091980,19.3,19.3,19.3,19.3,0
1749091985,19.3,19.3,19.3,19.3,0
1749091990,19.3,19.3,19.3,19.3,0
1749091995,19.3,19.3,19.3,19.3,0
1749092000,19.3,19.3,19.3,19.3,0
1749092005,19.3,19.3,19.3,19.3,0
1749092010,19.3,19.3,19.3,19.3,0
1749092015,19.3,19.3,19.3,19.3,0
1749092020,19.3,19.3,19.3,19.3,0
1749092025,19.3,19.3,19.3,19.3,0
1749092030,19.3,19.3,19.3,19.3,0
1749092035,19.3,19.3,19.3,19.3,0
1749092040,19.3,19.3,19.3,19.3,0
1749092045,19.3,19.3,19.3,19.3,0
1749092050,19.3,19.3,19.3,19.3,0
1749092055,19.3,19.3,19.3,19.3,0
1749092060,19.3,19.3,19.3,19.3,0
1749092065,19.3,19.3,19.3,19.3,0
1749092070,19.3,19.3,19.3,19.3,0
1749092075,19.3,19.3,19.3,19.3,0
1749092080,19.3,19.3,19.3,19.3,0
1749092085,19.3,19.3,19.3,19.3,0
1749092090,19.3,19.3,19.3,19.3,0
1749092095,19.3,19.3,19.3,19.3,0
1749092100,19.3,19.3,19.3,19.3,0
1749092105,19.3,19.3,19.3,19.3,0
1749092110,19.3,19.3,19.3,19.3,0
1749092115,19.3,19.3,19.3,19.3,0
1749092120,19.3,19.3,19.3,19.3,0
1749092125,19.3,19.3,19.3,19.3,0
1749092130,19.3,19.3,19.3,19.3,0
1749092135,19.3,19.3,19.3,19.3,0
1749092140,19.3,19.3,19.3,19.3,0
1749092145,19.3,19.3,19.3,19.3,0
1749092150,19.3,19.3,19.3,19.3,0
1749092155,19.3,19.3,19.3,19.3,0
1749092160,19.3,19.3,19.3,19.3,0
1749092165,19.3,19.3,19.3,19.3,0
1749092170,19.3,19.3,19.3,19.3,0
1749092175,19.3,19.3,19.3,19.3,0
1749092180,19.3,19.3,19.3,19.3,0
1749092185,19.3,19.3,19.3,19.3,0
1749092190,19.3,19.3,19.3,19.3,0
1749092195,19.3,19.3,19.3,19.3,0
1749092200,19.3,19.3,19.3,19.3,0
1749092205,19.3,19.3,19.3,19.3,0
1749092210,19.3,19.3,19.3,19.3,0
1749092215,19.3,19.3,19.3,19.3,0
1749092220,19.3,19.3,19.3,19.3,0
1749092225,19.3,19.3,19.3,19.3,0
1749092230,19.3,19.3,19.3,19.3,0
1749092235,19.3,19.3,19.3,19.3,0
1749092240,19.3,19.3,19.3,19.3,0
1749092245,19.3,19.3,19.3,19.3,0
1749092250,19.3,19.3,19.3,19.3,0
1749092255,19.3,19.3,19.3,19.3,0
1749092260,19.3,19.3,19.3,19.3,0
1749092265,19.3,19.3,19.3,19.3,0
1749092270,19.3,19.3,19.3,19.3,0
1749092275,19.3,19.3,19.3,19.3,0
1749092280,19.3,19.3,19.3,19.3,0
1749092285,19.3,19.3,19.3,19.3,0
1749092290,19.3,19.3,19.3,19.3,0
1749092295,19.3,19.3,19.3,19.3,0
1749092300,19.3,19.3,19.3,19.3,0
1749092305,19.3,19.3,19.3,19.3,0
1749092310,19.3,19.3,19.3,19.3,0
1749092315,19.3,19.3,19.3,19.3,0
1749092320,19.3,19.3,19.3,19.3,0
1749092325,19.3,19.3,19.3,19.3,0
1749092330,19.3,19.3,19.3,19.3,0
1749092335,19.3,19.3,19.3,19.3,0
1749092340,19.3,19.3,19.3,19.3,0
1749092345,19.3,19.3,19.3,19.3,0
1749092350,19.3,19.3,19.3,19.3,0
1749092355,19.3,19.3,19.3,19.3,0
1749092360,19.3,19.3,19.3,19.3,0
1749092365,19.3,19.3,19.3,19.3,0
1749092370,19.3,19.3,19.3,19.3,0
1749092375,19.3,19.3,19.3,19.3,0
1749092380,19.3,19.3,19.3,19.3,0
1749092385,19.3,19.3,19.3,19.3,0
1749092390,19.3,19.3,19.3,19.3,0
1749092395,19.3,19.3,19.3,19.3,0
1749092400,19.3,19.3,19.3,19.3,0
1749092405,19.3,19.3,19.3,19.3,0
1749092410,19.3,19.3,19.3,19.3,0
1749092415,19.3,19.3,19.3,19.3,0
1749092420,19.3,19.3,19.3,19.3,0
1749092425,19.3,19.3,19.3,19.3,0
1749092430,19.3,19.3,19.3,19.3,0
1749092435,19.3,19.3,19.3,19.3,0
1749092440,19.3,19.3,19.3,19.3,0
1749092445,19.3,19.3,19.3,19.3,0
1749092450,19.3,19.3,19.3,19.3,0
1749092455,19.3,19.3,19.3,19.3,0
1749092460,19.3,19.3,19.3,19.3,0
1749092465,19.3,19.3,19.3,19.3,0
1749092470,19.3,19.3,19.3,19.3,0
1749092475,19.3,19.3,19.3,19.3,0
1749092480,19.3,19.3,19.3,19.3,0
1749092485,19.3,19.3,19.3,19.3,0
1749092490,19.3,19.3,19.3,19.3,0
1749092495,19.3,19.3,19.3,19.3,0
1749092500,19.3,19.3,19.3,19.3,0
1749092505,19.3,19.3,19.3,19.3,0
1749092510,19.3,19.3,19.3,19.3,0
1749092515,19.3,19.3,19.3,19.3,0
1749092520,19.29,19.29,19.29,19.29,1
1749092525,19.29,19.29,19.29,19.29,0
1749092530,19.29,19.29,19.29,19.29,0
1749092535,19.29,19.29,19.29,19.29,0
1749092540,19.29,19.29,19.29,19.29,0
1749092545,19.29,19.29,19.29,19.29,0
1749092550,19.29,19.29,19.29,19.29,0
1749092555,19.29,19.29,19.29,19.29,0
1749092560,19.29,19.29,19.29,19.29,0
1749092565,19.29,19.29,19.29,19.29,0
1749092570,19.29,19.29,19.29,19.29,0
1749092575,19.29,19.29,19.29,19.29,0
1749092580,19.29,19.29,19.29,19.29,0
1749092585,19.29,19.29,19.29,19.29,0
1749092590,19.29,19.29,19.29,19.29,0
1749092595,19.29,19.29,19.29,19.29,0
1749092600,19.29,19.29,19.29,19.29,0
1749092605,19.29,19.29,19.29,19.29,0
1749092610,19.29,19.29,19.29,19.29,0
1749092615,19.29,19.29,19.29,19.29,0
1749092620,19.29,19.29,19.29,19.29,0
1749092625,19.29,19.29,19.29,19.29,0
1749092630,19.29,19.29,19.29,19.29,0
1749092635,19.29,19.29,19.29,19.29,0
1749092640,19.29,19.29,19.29,19.29,0
1749092645,19.29,19.29,19.29,19.29,0
1749092650,19.29,19.29,19.29,19.29,0
1749092655,19.29,19.29,19.29,19.29,0
1749092660,19.29,19.29,19.29,19.29,0
1749092665,19.29,19.29,19.29,19.29,0
1749092670,19.29,19.29,19.29,19.29,0
1749092675,19.29,19.29,19.29,19.29,0
1749092680,19.29,19.29,19.29,19.29,0
1749092685,19.29,19.29,19.29,19.29,0
1749092690,19.29,19.29,19.29,19.29,0
1749092695,19.29,19.29,19.29,19.29,0
1749092700,19.29,19.29,19.29,19.29,0
1749092705,19.29,19.29,19.29,19.29,0
1749092710,19.29,19.29,19.29,19.29,0
1749092715,19.29,19.29,19.29,19.29,0
1749092720,19.29,19.29,19.29,19.29,0
1749092725,19.29,19.29,19.29,19.29,0
1749092730,19.29,19.29,19.29,19.29,0
1749092735,19.29,19.29,19.29,19.29,0
1749092740,19.29,19.29,19.29,19.29,0
1749092745,19.29,19.29,19.29,19.29,0
1749092750,19.29,19.29,19.29,19.29,0
1749092755,19.29,19.29,19.29,19.29,0
1749092760,19.29,19.29,19.29,19.29,0
1749092765,19.29,19.29,19.29,19.29,0
1749092770,19.29,19.29,19.29,19.29,0
1749092775,19.29,19.29,19.29,19.29,0
1749092780,19.29,19.29,19.29,19.29,0
1749092785,19.29,19.29,19.29,19.29,0
1749092790,19.29,19.29,19.29,19.29,0
1749092795,19.29,19.29,19.29,19.29,0
1749092800,19.29,19.29,19.29,19.29,0
1749092805,19.29,19.29,19.29,19.29,0
1749092810,19.29,19.29,19.29,19.29,0
1749092815,19.29,19.29,19.29,19.29,0
1749092820,19.29,19.29,19.29,19.29,0
1749092825,19.29,19.29,19.29,19.29,0
1749092830,19.29,19.29,19.29,19.29,0
1749092835,19.29,19.29,19.29,19.29,0
1749092840,19.29,19.29,19.29,19.29,0
1749092845,19.29,19.29,19.29,19.29,0
1749092850,19.29,19.29,19.29,19.29,0
1749092855,19.29,19.29,19.29,19.29,0
1749092860,19.29,19.29,19.29,19.29,0
1749092865,19.29,19.29,19.29,19.29,0
1749092870,19.29,19.29,19.29,19.29,0
1749092875,19.29,19.29,19.29,19.29,0
1749092880,19.29,19.29,19.29,19.29,0
1749092885,19.29,19.29,19.29,19.29,0
1749092890,19.29,19.29,19.29,19.29,0
1749092895,19.29,19.29,19.29,19.29,0
1749092900,19.29,19.29,19.29,19.29,0
1749092905,19.29,19.29,19.29,19.29,0
1749092910,19.29,19.29,19.29,19.29,0
1749092915,19.29,19.29,19.29,19.29,0
1749092920,19.29,19.29,19.29,19.29,0
1749092925,19.29,19.29,19.29,19.29,0
1749092930,19.29,19.29,19.29,19.29,0
1749092935,19.29,19.29,19.29,19.29,0
1749092940,19.29,19.29,19.29,19.29,0
1749092945,19.29,19.29,19.29,19.29,0
1749092950,19.29,19.29,19.29,19.29,0
1749092955,19.29,19.29,19.29,19.29,0
1749092960,19.29,19.29,19.29,19.29,0
1749092965,19.29,19.29,19.29,19.29,0
1749092970,19.29,19.29,19.29,19.29,0
1749092975,19.29,19.29,19.29,19.29,0
1749092980,19.29,19.29,19.29,19.29,0
1749092985,19.29,19.29,19.29,19.29,0
1749092990,19.29,19.29,19.29,19.29,0
1749092995,19.29,19.29,19.29,19.29,0
1749093000,19.29,19.29,19.29,19.29,0
1749093005,19.29,19.29,19.29,19.29,0
1749093010,19.29,19.29,19.29,19.29,0
1749093015,19.29,19.29,19.29,19.29,0
1749093020,19.29,19.29,19.29,19.29,0
1749093025,19.29,19.29,19.29,19.29,0
1749093030,19.29,19.29,19.29,19.29,0
1749093035,19.29,19.29,19.29,19.29,0
1749093040,19.29,19.29,19.29,19.29,0
1749093045,19.29,19.29,19.29,19.29,0
1749093050,19.29,19.29,19.29,19.29,0
1749093055,19.29,19.29,19.29,19.29,0
1749093060,19.29,19.29,19.29,19.29,0
1749093065,19.29,19.29,19.29,19.29,0
1749093070,19.29,19.29,19.29,19.29,0
1749093075,19.29,19.29,19.29,19.29,0
1749093080,19.29,19.29,19.29,19.29,0
1749093085,19.29,19.29,19.29,19.29,0
1749093090,19.29,19.29,19.29,19.29,0
1749093095,19.29,19.29,19.29,19.29,0
1749093100,19.29,19.29,19.29,19.29,0
1749093105,19.29,19.29,19.29,19.29,0
1749093110,19.29,19.29,19.29,19.29,0
1749093115,19.29,19.29,19.29,19.29,0
1749093120,19.29,19.29,19.29,19.29,0
1749093125,19.29,19.29,19.29,19.29,0
1749093130,19.29,19.29,19.29,19.29,0
1749093135,19.29,19.29,19.29,19.29,0
1749093140,19.29,19.29,19.29,19.29,0
1749093145,19.29,19.29,19.29,19.29,0
1749093150,19.29,19.29,19.29,19.29,0
1749093155,19.29,19.29,19.29,19.29,0
1749093160,19.29,19.29,19.29,19.29,0
1749093165,19.29,19.29,19.29,19.29,0
1749093170,19.29,19.29,19.29,19.29,0
1749093175,19.29,19.29,19.29,19.29,0
1749093180,19.29,19.29,19.29,19.29,0
1749093185,19.29,19.29,19.29,19.29,0
1749093190,19.29,19.29,19.29,19.29,0
1749093195,19.29,19.29,19.29,19.29,0
1749093200,19.29,19.29,19.29,19.29,0
1749093205,19.29,19.29,19.29,19.29,0
1749093210,19.29,19.29,19.29,19.29,0
1749093215,19.29,19.29,19.29,19.29,0
1749093220,19.29,19.29,19.29,19.29,0
1749093225,19.29,19.29,19.29,19.29,0
1749093230,19.29,19.29,19.29,19.29,0
1749093235,19.29,19.29,19.29,19.29,0
1749093240,19.29,19.29,19.29,19.29,0
1749093245,19.29,19.29,19.29,19.29,0
1749093250,19.29,19.29,19.29,19.29,0
1749093255,19.29,19.29,19.29,19.29,0
1749093260,19.29,19.29,19.29,19.29,0
1749093265,19.29,19.29,19.29,19.29,0
1749093270,19.29,19.29,19.29,19.29,0
1749093275,19.29,19.29,19.29,19.29,0
1749093280,19.29,19.29,19.29,19.29,0
1749093285,19.29,19.29,19.29,19.29,0
1749093290,19.29,19.29,19.29,19.29,0
1749093295,19.29,19.29,19.29,19.29,0
1749093300,19.29,19.29,19.29,19.29,0
1749093305,19.29,19.29,19.29,19.29,0
1749093310,19.29,19.29,19.29,19.29,0
1749093315,19.29,19.29,19.29,19.29,0
1749093320,19.29,19.29,19.29,19.29,0
1749093325,19.29,19.29,19.29,19.29,0
1749093330,19.29,19.29,19.29,19.29,0
1749093335,19.29,19.29,19.29,19.29,0
1749093340,19.29,19.29,19.29,19.29,0
1749093345,19.29,19.29,19.29,19.29,0
1749093350,19.29,19.29,19.29,19.29,0
1749093355,19.29,19.29,19.29,19.29,0
1749093360,19.29,19.29,19.29,19.29,0
1749093365,19.29,19.29,19.29,19.29,0
1749093370,19.29,19.29,19.29,19.29,0
1749093375,19.29,19.29,19.29,19.29,0
1749093380,19.29,19.29,19.29,19.29,0
1749093385,19.29,19.29,19.29,19.29,0
1749093390,19.29,19.29,19.29,19.29,0
1749093395,19.29,19.29,19.29,19.29,0
1749093400,19.29,19.29,19.29,19.29,0
1749093405,19.29,19.29,19.29,19.29,0
1749093410,19.29,19.29,19.29,19.29,0
1749093415,19.29,19.29,19.29,19.29,0
1749093420,19.29,19.29,19.29,19.29,0
1749093425,19.29,19.29,19.29,19.29,0
1749093430,19.29,19.29,19.29,19.29,0
1749093435,19.29,19.29,19.29,19.29,0
1749093440,19.29,19.29,19.29,19.29,0
1749093445,19.29,19.29,19.29,19.29,0
1749093450,19.29,19.29,19.29,19.29,0
1749093455,19.29,19.29,19.29,19.29,0
1749093460,19.29,19.29,19.29,19.29,0
1749093465,19.29,19.29,19.29,19.29,0
1749093470,19.29,19.29,19.29,19.29,0
1749093475,19.29,19.29,19.29,19.29,0
1749093480,19.29,19.29,19.29,19.29,0
1749093485,19.29,19.29,19.29,19.29,0
1749093490,19.29,19.29,19.29,19.29,0
1749093495,19.29,19.29,19.29,19.29,0
1749093500,19.29,19.29,19.29,19.29,0
1749093505,19.29,19.29,19.29,19.29,0
1749093510,19.29,19.29,19.29,19.29,0
1749093515,19.29,19.29,19.29,19.29,0
1749093520,19.29,19.29,19.29,19.29,0
1749093525,19.29,19.29,19.29,19.29,0
1749093530,19.29,19.29,19.29,19.29,0
1749093535,19.29,19.29,19.29,19.29,0
1749093540,19.29,19.29,19.29,19.29,0
1749093545,19.29,19.29,19.29,19.29,0
1749093550,19.29,19.29,19.29,19.29,0
1749093555,19.29,19.29,19.29,19.29,0
1749093560,19.29,19.29,19.29,19.29,0
1749093565,19.29,19.29,19.29,19.29,0
1749093570,19.29,19.29,19.29,19.29,0
1749093575,19.29,19.29,19.29,19.29,0
1749093580,19.29,19.29,19.29,19.29,0
1749093585,19.29,19.29,19.29,19.29,0
1749093590,19.29,19.29,19.29,19.29,0
1749093595,19.29,19.29,19.29,19.29,0
1749093600,19.29,19.29,19.29,19.29,0
1749093605,19.29,19.29,19.29,19.29,0
1749093610,19.29,19.29,19.29,19.29,0
1749093615,19.29,19.29,19.29,19.29,0
1749093620,19.29,19.29,19.29,19.29,0
1749093625,19.29,19.29,19.29,19.29,0
1749093630,19.29,19.29,19.29,19.29,0
1749093635,19.29,19.29,19.29,19.29,0
1749093640,19.29,19.29,19.29,19.29,0
1749093645,19.29,19.29,19.29,19.29,0
1749093650,19.29,19.29,19.29,19.29,0
1749093655,19.29,19.29,19.29,19.29,0
1749093660,19.29,19.29,19.29,19.29,0
1749093665,19.29,19.29,19.29,19.29,0
1749093670,19.29,19.29,19.29,19.29,0
1749093675,19.29,19.29,19.29,19.29,0
1749093680,19.29,19.29,19.29,19.29,0
1749093685,19.29,19.29,19.29,19.29,0
1749093690,19.29,19.29,19.29,19.29,0
1749093695,19.29,19.29,19.29,19.29,0
1749093700,19.29,19.29,19.29,19.29,0
1749093705,19.29,19.29,19.29,19.29,0
1749093710,19.29,19.29,19.29,19.29,0
1749093715,19.29,19.29,19.29,19.29,0
1749093720,19.29,19.29,19.29,19.29,0
1749093725,19.29,19.29,19.29,19.29,0
1749093730,19.29,19.29,19.29,19.29,0
1749093735,19.29,19.29,19.29,19.29,0
1749093740,19.29,19.29,19.29,19.29,0
1749093745,19.29,19.29,19.29,19.29,0
1749093750,19.29,19.29,19.29,19.29,0
1749093755,19.29,19.29,19.29,19.29,0
1749093760,19.29,19.29,19.29,19.29,0
1749093765,19.29,19.29,19.29,19.29,0
1749093770,19.29,19.29,19.29,19.29,0
1749093775,19.29,19.29,19.29,19.29,0
1749093780,19.29,19.29,19.29,19.29,0
1749093785,19.29,19.29,19.29,19.29,0
1749093790,19.29,19.29,19.29,19.29,0
1749093795,19.29,19.29,19.29,19.29,0
1749093800,19.29,19.29,19.29,19.29,0
1749093805,19.29,19.29,19.29,19.29,0
1749093810,19.29,19.29,19.29,19.29,0
1749093815,19.29,19.29,19.29,19.29,0
1749093820,19.29,19.29,19.29,19.29,0
1749093825,19.29,19.29,19.29,19.29,0
1749093830,19.29,19.29,19.29,19.29,0
1749093835,19.29,19.29,19.29,19.29,0
1749093840,19.29,19.29,19.29,19.29,0
1749093845,19.29,19.29,19.29,19.29,0
1749093850,19.29,19.29,19.29,19.29,0
1749093855,19.29,19.29,19.29,19.29,0
1749093860,19.29,19.29,19.29,19.29,0
1749093865,19.29,19.29,19.29,19.29,0
1749093870,19.29,19.29,19.29,19.29,0
1749093875,19.29,19.29,19.29,19.29,0
1749093880,19.29,19.29,19.29,19.29,0
1749093885,19.29,19.29,19.29,19.29,0
1749093890,19.29,19.29,19.29,19.29,0
1749093895,19.29,19.29,19.29,19.29,0
1749093900,19.29,19.29,19.29,19.29,0
1749093905,19.29,19.29,19.29,19.29,0
1749093910,19.29,19.29,19.29,19.29,0
1749093915,19.29,19.29,19.29,19.29,0
1749093920,19.29,19.29,19.29,19.29,0
1749093925,19.29,19.29,19.29,19.29,0
1749093930,19.29,19.29,19.29,19.29,0
1749093935,19.29,19.29,19.29,19.29,0
1749093940,19.29,19.29,19.29,19.29,0
1749093945,19.29,19.29,19.29,19.29,0
1749093950,19.29,19.29,19.29,19.29,0
1749093955,19.29,19.29,19.29,19.29,0
1749093960,19.29,19.29,19.29,19.29,0
1749093965,19.29,19.29,19.29,19.29,0
1749093970,19.29,19.29,19.29,19.29,0
1749093975,19.29,19.29,19.29,19.29,0
1749093980,19.29,19.29,19.29,19.29,0
1749093985,19.29,19.29,19.29,19.29,0
1749093990,19.29,19.29,19.29,19.29,0
1749093995,19.29,19.29,19.29,19.29,0
1749094000,19.29,19.29,19.29,19.29,0
1749094005,19.29,19.29,19.29,19.29,0
1749094010,19.29,19.29,19.29,19.29,0
1749094015,19.29,19.29,19.29,19.29,0
1749094020,19.29,19.29,19.29,19.29,0
1749094025,19.29,19.29,19.29,19.29,0
1749094030,19.29,19.29,19.29,19.29,0
1749094035,19.29,19.29,19.29,19.29,0
1749094040,19.29,19.29,19.29,19.29,0
1749094045,19.29,19.29,19.29,19.29,0
1749094050,19.29,19.29,19.29,19.29,0
1749094055,19.29,19.29,19.29,19.29,0
1749094060,19.29,19.29,19.29,19.29,0
1749094065,19.29,19.29,19.29,19.29,0
1749094070,19.29,19.29,19.29,19.29,0
1749094075,19.29,19.29,19.29,19.29,0
1749094080,19.29,19.29,19.29,19.29,0
1749094085,19.29,19.29,19.29,19.29,0
1749094090,19.29,19.29,19.29,19.29,0
1749094095,19.29,19.29,19.29,19.29,0
1749094100,19.29,19.29,19.29,19.29,0
1749094105,19.29,19.29,19.29,19.29,0
1749094110,19.29,19.29,19.29,19.29,0
1749094115,19.29,19.29,19.29,19.29,0
1749094120,19.29,19.29,19.29,19.29,0
1749094125,19.29,19.29,19.29,19.29,0
1749094130,19.29,19.29,19.29,19.29,0
1749094135,19.29,19.29,19.29,19.29,0
1749094140,19.29,19.29,19.29,19.29,0
1749094145,19.29,19.29,19.29,19.29,0
1749094150,19.29,19.29,19.29,19.29,0
1749094155,19.29,19.29,19.29,19.29,0
1749094160,19.29,19.29,19.29,19.29,0
1749094165,19.29,19.29,19.29,19.29,0
1749094170,19.29,19.29,19.29,19.29,0
1749094175,19.29,19.29,19.29,19.29,0
1749094180,19.29,19.29,19.29,19.29,0
1749094185,19.29,19.29,19.29,19.29,0
1749094190,19.29,19.29,19.29,19.29,0
1749094195,19.29,19.29,19.29,19.29,0
1749094200,19.29,19.29,19.29,19.29,0
1749094205,19.29,19.29,19.29,19.29,0
1749094210,19.29,19.29,19.29,19.29,0
1749094215,19.29,19.29,19.29,19.29,0
1749094220,19.29,19.29,19.29,19.29,0
1749094225,19.29,19.29,19.29,19.29,0
1749094230,19.29,19.29,19.29,19.29,0
1749094235,19.29,19.29,19.29,19.29,0
1749094240,19.29,19.29,19.29,19.29,0
1749094245,19.29,19.29,19.29,19.29,0
1749094250,19.29,19.29,19.29,19.29,0
1749094255,19.29,19.29,19.29,19.29,0
1749094260,19.29,19.29,19.29,19.29,0
1749094265,19.29,19.29,19.29,19.29,0
1749094270,19.29,19.29,19.29,19.29,0
1749094275,19.29,19.29,19.29,19.29,0
1749094280,19.29,19.29,19.29,19.29,0
1749094285,19.29,19.29,19.29,19.29,0
1749094290,19.29,19.29,19.29,19.29,0
1749094295,19.29,19.29,19.29,19.29,0
1749094300,19.29,19.29,19.29,19.29,0
1749094305,19.29,19.29,19.29,19.29,0
1749094310,19.29,19.29,19.29,19.29,0
1749094315,19.29,19.29,19.29,19.29,0
1749094320,19.29,19.29,19.29,19.29,0
1749094325,19.29,19.29,19.29,19.29,0
1749094330,19.29,19.29,19.29,19.29,0
1749094335,19.29,19.29,19.29,19.29,0
1749094340,19.29,19.29,19.29,19.29,0
1749094345,19.29,19.29,19.29,19.29,0
1749094350,19.29,19.29,19.29,19.29,0
1749094355,19.29,19.29,19.29,19.29,0
1749094360,19.29,19.29,19.29,19.29,0
1749094365,19.29,19.29,19.29,19.29,0
1749094370,19.29,19.29,19.29,19.29,0
1749094375,19.29,19.29,19.29,19.29,0
1749094380,19.29,19.29,19.29,19.29,0
1749094385,19.29,19.29,19.29,19.29,0
1749094390,19.29,19.29,19.29,19.29,0
1749094395,19.29,19.29,19.29,19.29,0
1749094400,19.29,19.29,19.29,19.29,0
1749094405,19.29,19.29,19.29,19.29,0
1749094410,19.29,19.29,19.29,19.29,0
1749094415,19.29,19.29,19.29,19.29,0
1749094420,19.29,19.29,19.29,19.29,0
1749094425,19.29,19.29,19.29,19.29,0
1749094430,19.29,19.29,19.29,19.29,0
1749094435,19.29,19.29,19.29,19.29,0
1749094440,19.29,19.29,19.29,19.29,0
1749094445,19.29,19.29,19.29,19.29,0
1749094450,19.29,19.29,19.29,19.29,0
1749094455,19.29,19.29,19.29,19.29,0
1749094460,19.29,19.29,19.29,19.29,0
1749094465,19.29,19.29,19.29,19.29,0
1749094470,19.29,19.29,19.29,19.29,0
1749094475,19.29,19.29,19.29,19.29,0
1749094480,19.29,19.29,19.29,19.29,0
1749094485,19.29,19.29,19.29,19.29,0
1749094490,19.29,19.29,19.29,19.29,0
1749094495,19.29,19.29,19.29,19.29,0
1749094500,19.29,19.29,19.29,19.29,0
1749094505,19.29,19.29,19.29,19.29,0
1749094510,19.29,19.29,19.29,19.29,0
1749094515,19.29,19.29,19.29,19.29,0
1749094520,19.29,19.29,19.29,19.29,0
1749094525,19.29,19.29,19.29,19.29,0
1749094530,19.29,19.29,19.29,19.29,0
1749094535,19.29,19.29,19.29,19.29,0
1749094540,19.29,19.29,19.29,19.29,0
1749094545,19.29,19.29,19.29,19.29,0
1749094550,19.29,19.29,19.29,19.29,0
1749094555,19.29,19.29,19.29,19.29,0
1749094560,19.29,19.29,19.29,19.29,0
1749094565,19.29,19.29,19.29,19.29,0
1749094570,19.29,19.29,19.29,19.29,0
1749094575,19.29,19.29,19.29,19.29,0
1749094580,19.29,19.29,19.29,19.29,0
1749094585,19.29,19.29,19.29,19.29,0
1749094590,19.29,19.29,19.29,19.29,0
1749094595,19.29,19.29,19.29,19.29,0
1749094600,19.29,19.29,19.29,19.29,0
1749094605,19.29,19.29,19.29,19.29,0
1749094610,19.29,19.29,19.29,19.29,0
1749094615,19.29,19.29,19.29,19.29,0
1749094620,19.29,19.29,19.29,19.29,0
1749094625,19.29,19.29,19.29,19.29,0
1749094630,19.29,19.29,19.29,19.29,0
1749094635,19.29,19.29,19.29,19.29,0
1749094640,19.29,19.29,19.29,19.29,0
1749094645,19.29,19.29,19.29,19.29,0
1749094650,19.29,19.29,19.29,19.29,0
1749094655,19.29,19.29,19.29,19.29,0
1749094660,19.29,19.29,19.29,19.29,0
1749094665,19.29,19.29,19.29,19.29,0
1749094670,19.29,19.29,19.29,19.29,0
1749094675,19.29,19.29,19.29,19.29,0
1749094680,19.29,19.29,19.29,19.29,0
1749094685,19.29,19.29,19.29,19.29,0
1749094690,19.29,19.29,19.29,19.29,0
1749094695,19.29,19.29,19.29,19.29,0
1749094700,19.29,19.29,19.29,19.29,0
1749094705,19.29,19.29,19.29,19.29,0
1749094710,19.29,19.29,19.29,19.29,0
1749094715,19.29,19.29,19.29,19.29,0
1749094720,19.29,19.29,19.29,19.29,0
1749094725,19.29,19.29,19.29,19.29,0
1749094730,19.29,19.29,19.29,19.29,0
1749094735,19.29,19.29,19.29,19.29,0
1749094740,19.29,19.29,19.29,19.29,0
1749094745,19.29,19.29,19.29,19.29,0
1749094750,19.29,19.29,19.29,19.29,0
1749094755,19.29,19.29,19.29,19.29,0
1749094760,19.29,19.29,19.29,19.29,0
1749094765,19.29,19.29,19.29,19.29,0
1749094770,19.29,19.29,19.29,19.29,0
1749094775,19.29,19.29,19.29,19.29,0
1749094780,19.29,19.29,19.29,19.29,0
1749094785,19.29,19.29,19.29,19.29,0
1749094790,19.29,19.29,19.29,19.29,0
1749094795,19.29,19.29,19.29,19.29,0
1749094800,19.29,19.29,19.29,19.29,0
1749094805,19.29,19.29,19.29,19.29,0
1749094810,19.29,19.29,19.29,19.29,0
1749094815,19.29,19.29,19.29,19.29,0
1749094820,19.29,19.29,19.29,19.29,0
1749094825,19.29,19.29,19.29,19.29,0
1749094830,19.29,19.29,19.29,19.29,0
1749094835,19.29,19.29,19.29,19.29,0
1749094840,19.29,19.29,19.29,19.29,0
1749094845,19.29,19.29,19.29,19.29,0
1749094850,19.29,19.29,19.29,19.29,0
1749094855,19.29,19.29,19.29,19.29,0
1749094860,19.29,19.29,19.29,19.29,0
1749094865,19.29,19.29,19.29,19.29,0
1749094870,19.29,19.29,19.29,19.29,0
1749094875,19.29,19.29,19.29,19.29,0
1749094880,19.29,19.29,19.29,19.29,0
1749094885,19.29,19.29,19.29,19.29,0
1749094890,19.29,19.29,19.29,19.29,0
1749094895,19.29,19.29,19.29,19.29,0
1749094900,19.29,19.29,19.29,19.29,0
1749094905,19.29,19.29,19.29,19.29,0
1749094910,19.29,19.29,19.29,19.29,0
1749094915,19.29,19.29,19.29,19.29,0
1749094920,19.29,19.29,19.29,19.29,0
1749094925,19.29,19.29,19.29,19.29,0
1749094930,19.29,19.29,19.29,19.29,0
1749094935,19.29,19.29,19.29,19.29,0
1749094940,19.29,19.29,19.29,19.29,0
1749094945,19.29,19.29,19.29,19.29,0
1749094950,19.29,19.29,19.29,19.29,0
1749094955,19.29,19.29,19.29,19.29,0
1749094960,19.29,19.29,19.29,19.29,0
1749094965,19.29,19.29,19.29,19.29,0
1749094970,19.29,19.29,19.29,19.29,0
1749094975,19.29,19.29,19.29,19.29,0
1749094980,19.29,19.29,19.29,19.29,0
1749094985,19.29,19.29,19.29,19.29,0
1749094990,19.29,19.29,19.29,19.29,0
1749094995,19.29,19.29,19.29,19.29,0
1749095000,19.29,19.29,19.29,19.29,0
1749095005,19.29,19.29,19.29,19.29,0
1749095010,19.29,19.29,19.29,19.29,0
1749095015,19.29,19.29,19.29,19.29,0
1749095020,19.29,19.29,19.29,19.29,0
1749095025,19.29,19.29,19.29,19.29,0
1749095030,19.29,19.29,19.29,19.29,0
1749095035,19.29,19.29,19.29,19.29,0
1749095040,19.29,19.29,19.29,19.29,0
1749095045,19.29,19.29,19.29,19.29,0
1749095050,19.29,19.29,19.29,19.29,0
1749095055,19.29,19.29,19.29,19.29,0
1749095060,19.29,19.29,19.29,19.29,0
1749095065,19.29,19.29,19.29,19.29,0
1749095070,19.29,19.29,19.29,19.29,0
1749095075,19.29,19.29,19.29,19.29,0
1749095080,19.29,19.29,19.29,19.29,0
1749095085,19.29,19.29,19.29,19.29,0
1749095090,19.29,19.29,19.29,19.29,0
1749095095,19.29,19.29,19.29,19.29,0
1749095100,19.29,19.29,19.29,19.29,0
1749095105,19.29,19.29,19.29,19.29,0
1749095110,19.29,19.29,19.29,19.29,0
1749095115,19.29,19.29,19.29,19.29,0
1749095120,19.29,19.29,19.29,19.29,0
1749095125,19.29,19.29,19.29,19.29,0
1749095130,19.29,19.29,19.29,19.29,0
1749095135,19.29,19.29,19.29,19.29,0
1749095140,19.29,19.29,19.29,19.29,0
1749095145,19.29,19.29,19.29,19.29,0
1749095150,19.29,19.29,19.29,19.29,0
1749095155,19.29,19.29,19.29,19.29,0
1749095160,19.29,19.29,19.29,19.29,0
1749095165,19.29,19.29,19.29,19.29,0
1749095170,19.29,19.29,19.29,19.29,0
1749095175,19.29,19.29,19.29,19.29,0
1749095180,19.29,19.29,19.29,19.29,0
1749095185,19.29,19.29,19.29,19.29,0
1749095190,19.29,19.29,19.29,19.29,0
1749095195,19.29,19.29,19.29,19.29,0
1749095200,19.29,19.29,19.29,19.29,0
1749095205,19.29,19.29,19.29,19.29,0
1749095210,19.29,19.29,19.29,19.29,0
1749095215,19.29,19.29,19.29,19.29,0
1749095220,19.29,19.29,19.29,19.29,0
1749095225,19.29,19.29,19.29,19.29,0
1749095230,19.29,19.29,19.29,19.29,0
1749095235,19.29,19.29,19.29,19.29,0
1749095240,19.29,19.29,19.29,19.29,0
1749095245,19.29,19.29,19.29,19.29,0
1749095250,19.29,19.29,19.29,19.29,0
1749095255,19.29,19.29,19.29,19.29,0
1749095260,19.29,19.29,19.29,19.29,0
1749095265,19.29,19.29,19.29,19.29,0
1749095270,19.29,19.29,19.29,19.29,0
1749095275,19.29,19.29,19.29,19.29,0
1749095280,19.29,19.29,19.29,19.29,0
1749095285,19.29,19.29,19.29,19.29,0
1749095290,19.29,19.29,19.29,19.29,0
1749095295,19.29,19.29,19.29,19.29,0
1749095300,19.29,19.29,19.29,19.29,0
1749095305,19.29,19.29,19.29,19.29,0
1749095310,19.29,19.29,19.29,19.29,0
1749095315,19.29,19.29,19.29,19.29,0
1749095320,19.29,19.29,19.29,19.29,0
1749095325,19.29,19.29,19.29,19.29,0
1749095330,19.29,19.29,19.29,19.29,0
1749095335,19.29,19.29,19.29,19.29,0
1749095340,19.29,19.29,19.29,19.29,0
1749095345,19.29,19.29,19.29,19.29,0
1749095350,19.29,19.29,19.29,19.29,0
1749095355,19.29,19.29,19.29,19.29,0
1749095360,19.29,19.29,19.29,19.29,0
1749095365,19.29,19.29,19.29,19.29,0
1749095370,19.29,19.29,19.29,19.29,0
1749095375,19.29,19.29,19.29,19.29,0
1749095380,19.29,19.29,19.29,19.29,0
1749095385,19.29,19.29,19.29,19.29,0
1749095390,19.29,19.29,19.29,19.29,0
1749095395,19.29,19.29,19.29,19.29,0
1749095400,19.29,19.29,19.29,19.29,0
1749095405,19.29,19.29,19.29,19.29,0
1749095410,19.29,19.29,19.29,19.29,0
1749095415,19.29,19.29,19.29,19.29,0
1749095420,19.29,19.29,19.29,19.29,0
1749095425,19.29,19.29,19.29,19.29,0
1749095430,19.29,19.29,19.29,19.29,0
1749095435,19.29,19.29,19.29,19.29,0
1749095440,19.29,19.29,19.29,19.29,0
1749095445,19.29,19.29,19.29,19.29,0
1749095450,19.29,19.29,19.29,19.29,0
1749095455,19.29,19.29,19.29,19.29,0
1749095460,19.29,19.29,19.29,19.29,0
1749095465,19.29,19.29,19.29,19.29,0
1749095470,19.29,19.29,19.29,19.29,0
1749095475,19.29,19.29,19.29,19.29,0
1749095480,19.29,19.29,19.29,19.29,0
1749095485,19.29,19.29,19.29,19.29,0
1749095490,19.29,19.29,19.29,19.29,0
1749095495,19.29,19.29,19.29,19.29,0
1749095500,19.29,19.29,19.29,19.29,0
1749095505,19.29,19.29,19.29,19.29,0
1749095510,19.29,19.29,19.29,19.29,0
1749095515,19.29,19.29,19.29,19.29,0
1749095520,19.29,19.29,19.29,19.29,0
1749095525,19.29,19.29,19.29,19.29,0
1749095530,19.29,19.29,19.29,19.29,0
1749095535,19.29,19.29,19.29,19.29,0
1749095540,19.29,19.29,19.29,19.29,0
1749095545,19.29,19.29,19.29,19.29,0
1749095550,19.29,19.29,19.29,19.29,0
1749095555,19.29,19.29,19.29,19.29,0
1749095560,19.29,19.29,19.29,19.29,0
1749095565,19.29,19.29,19.29,19.29,0
1749095570,19.29,19.29,19.29,19.29,0
1749095575,19.29,19.29,19.29,19.29,0
1749095580,19.29,19.29,19.29,19.29,0
1749095585,19.29,19.29,19.29,19.29,0
1749095590,19.29,19.29,19.29,19.29,0
1749095595,19.29,19.29,19.29,19.29,0
1749095600,19.29,19.29,19.29,19.29,0
1749095605,19.29,19.29,19.29,19.29,0
1749095610,19.29,19.29,19.29,19.29,0
1749095615,19.29,19.29,19.29,19.29,0
1749095620,19.29,19.29,19.29,19.29,0
1749095625,19.29,19.29,19.29,19.29,0
1749095630,19.29,19.29,19.29,19.29,0
1749095635,19.29,19.29,19.29,19.29,0
1749095640,19.29,19.29,19.29,19.29,0
1749095645,19.29,19.29,19.29,19.29,0
1749095650,19.29,19.29,19.29,19.29,0
1749095655,19.29,19.29,19.29,19.29,0
1749095660,19.29,19.29,19.29,19.29,0
1749095665,19.29,19.29,19.29,19.29,0
1749095670,19.29,19.29,19.29,19.29,0
1749095675,19.29,19.29,19.29,19.29,0
1749095680,19.29,19.29,19.29,19.29,0
1749095685,19.29,19.29,19.29,19.29,0
1749095690,19.29,19.29,19.29,19.29,0
1749095695,19.29,19.29,19.29,19.29,0
1749095700,19.29,19.29,19.29,19.29,0
1749095705,19.29,19.29,19.29,19.29,0
1749095710,19.29,19.29,19.29,19.29,0
1749095715,19.29,19.29,19.29,19.29,0
1749095720,19.29,19.29,19.29,19.29,0
1749095725,19.29,19.29,19.29,19.29,0
1749095730,19.29,19.29,19.29,19.29,0
1749095735,19.29,19.29,19.29,19.29,0
1749095740,19.29,19.29,19.29,19.29,0
1749095745,19.29,19.29,19.29,19.29,0
1749095750,19.29,19.29,19.29,19.29,0
1749095755,19.29,19.29,19.29,19.29,0
1749095760,19.29,19.29,19.29,19.29,0
1749095765,19.29,19.29,19.29,19.29,0
1749095770,19.29,19.29,19.29,19.29,0
1749095775,19.29,19.29,19.29,19.29,0
1749095780,19.29,19.29,19.29,19.29,0
1749095785,19.29,19.29,19.29,19.29,0
1749095790,19.29,19.29,19.29,19.29,0
1749095795,19.29,19.29,19.29,19.29,0
1749095800,19.29,19.29,19.29,19.29,0
1749095805,19.29,19.29,19.29,19.29,0
1749095810,19.29,19.29,19.29,19.29,0
1749095815,19.29,19.29,19.29,19.29,0
1749095820,19.29,19.29,19.29,19.29,0
1749095825,19.29,19.29,19.29,19.29,0
1749095830,19.29,19.29,19.29,19.29,0
1749095835,19.28,19.28,19.28,19.28,1
1749095840,19.28,19.28,19.28,19.28,0
1749095845,19.28,19.28,19.28,19.28,0
1749095850,19.28,19.28,19.28,19.28,0
1749095855,19.28,19.28,19.28,19.28,0
1749095860,19.28,19.28,19.28,19.28,0
1749095865,19.28,19.28,19.28,19.28,0
1749095870,19.28,19.28,19.28,19.28,0
1749095875,19.28,19.28,19.28,19.28,0
1749095880,19.28,19.28,19.28,19.28,0
1749095885,19.28,19.28,19.28,19.28,0
1749095890,19.28,19.28,19.28,19.28,0
1749095895,19.28,19.28,19.28,19.28,0
1749095900,19.28,19.28,19.28,19.28,0
1749095905,19.28,19.28,19.28,19.28,0
1749095910,19.28,19.28,19.28,19.28,0
1749095915,19.28,19.28,19.28,19.28,0
1749095920,19.28,19.28,19.28,19.28,0
1749095925,19.28,19.28,19.28,19.28,0
1749095930,19.28,19.28,19.28,19.28,0
1749095935,19.28,19.28,19.28,19.28,0
1749095940,19.28,19.28,19.28,19.28,0
1749095945,19.28,19.28,19.28,19.28,0
1749095950,19.28,19.28,19.28,19.28,0
1749095955,19.28,19.28,19.28,19.28,0
1749095960,19.28,19.28,19.28,19.28,0
1749095965,19.28,19.28,19.28,19.28,0
1749095970,19.28,19.28,19.28,19.28,0
1749095975,19.28,19.28,19.28,19.28,0
1749095980,19.28,19.28,19.28,19.28,0
1749095985,19.28,19.28,19.28,19.28,0
1749095990,19.28,19.28,19.28,19.28,0
1749095995,19.28,19.28,19.28,19.28,0
1749096000,19.28,19.28,19.28,19.28,0
1749096005,19.28,19.28,19.28,19.28,0
1749096010,19.28,19.28,19.28,19.28,0
1749096015,19.28,19.28,19.28,19.28,0
1749096020,19.28,19.28,19.28,19.28,0
1749096025,19.28,19.28,19.28,19.28,0
1749096030,19.28,19.28,19.28,19.28,0
1749096035,19.28,19.28,19.28,19.28,0
1749096040,19.28,19.28,19.28,19.28,0
1749096045,19.28,19.28,19.28,19.28,0
1749096050,19.28,19.28,19.28,19.28,0
1749096055,19.28,19.28,19.28,19.28,0
1749096060,19.28,19.28,19.28,19.28,0
1749096065,19.28,19.28,19.28,19.28,0
1749096070,19.28,19.28,19.28,19.28,0
1749096075,19.28,19.28,19.28,19.28,0
1749096080,19.28,19.28,19.28,19.28,0
1749096085,19.28,19.28,19.28,19.28,0
1749096090,19.28,19.28,19.28,19.28,0
1749096095,19.28,19.28,19.28,19.28,0
1749096100,19.28,19.28,19.28,19.28,0
1749096105,19.28,19.28,19.28,19.28,0
1749096110,19.28,19.28,19.28,19.28,0
1749096115,19.28,19.28,19.28,19.28,0
1749096120,19.28,19.28,19.28,19.28,0
1749096125,19.31,19.31,19.31,19.31,1
1749096130,19.31,19.31,19.31,19.31,0
1749096135,19.31,19.31,19.31,19.31,0
1749096140,19.31,19.31,19.31,19.31,0
1749096145,19.31,19.31,19.31,19.31,0
1749096150,19.31,19.31,19.31,19.31,0
1749096155,19.31,19.31,19.31,19.31,0
1749096160,19.31,19.31,19.31,19.31,0
1749096165,19.31,19.31,19.31,19.31,0
1749096170,19.31,19.31,19.31,19.31,0
1749096175,19.31,19.31,19.31,19.31,0
1749096180,19.31,19.31,19.31,19.31,0
1749096185,19.31,19.31,19.31,19.31,0
1749096190,19.31,19.31,19.31,19.31,0
1749096195,19.31,19.31,19.31,19.31,0
1749096200,19.31,19.31,19.31,19.31,0
1749096205,19.31,19.31,19.31,19.31,0
1749096210,19.31,19.31,19.31,19.31,0
1749096215,19.31,19.31,19.31,19.31,0
1749096220,19.31,19.31,19.31,19.31,0
1749096225,19.31,19.31,19.31,19.31,0
1749096230,19.31,19.31,19.31,19.31,0
1749096235,19.31,19.31,19.31,19.31,0
1749096240,19.31,19.31,19.31,19.31,0
1749096245,19.31,19.31,19.31,19.31,0
1749096250,19.31,19.31,19.31,19.31,0
1749096255,19.31,19.31,19.31,19.31,0
1749096260,19.31,19.31,19.31,19.31,0
1749096265,19.31,19.31,19.31,19.31,0
1749096270,19.31,19.31,19.31,19.31,0
1749096275,19.31,19.31,19.31,19.31,0
1749096280,19.31,19.31,19.31,19.31,0
1749096285,19.31,19.31,19.31,19.31,0
1749096290,19.31,19.31,19.31,19.31,0
1749096295,19.31,19.31,19.31,19.31,0
1749096300,19.31,19.31,19.31,19.31,0
1749096305,19.31,19.31,19.31,19.31,0
1749096310,19.31,19.31,19.31,19.31,0
1749096315,19.31,19.31,19.31,19.31,0
1749096320,19.31,19.31,19.31,19.31,0
1749096325,19.31,19.31,19.31,19.31,0
1749096330,19.31,19.31,19.31,19.31,0
1749096335,19.31,19.31,19.31,19.31,0
1749096340,19.31,19.31,19.31,19.31,0
1749096345,19.31,19.31,19.31,19.31,0
1749096350,19.31,19.31,19.31,19.31,0
1749096355,19.31,19.31,19.31,19.31,0
1749096360,19.31,19.31,19.31,19.31,0
1749096365,19.31,19.31,19.31,19.31,0
1749096370,19.31,19.31,19.31,19.31,0
1749096375,19.31,19.31,19.31,19.31,0
1749096380,19.31,19.31,19.31,19.31,0
1749096385,19.31,19.31,19.31,19.31,0
1749096390,19.31,19.31,19.31,19.31,0
1749096395,19.31,19.31,19.31,19.31,0
1749096400,19.31,19.31,19.31,19.31,0
1749096405,19.31,19.31,19.31,19.31,0
1749096410,19.31,19.31,19.31,19.31,0
1749096415,19.31,19.31,19.31,19.31,0
1749096420,19.31,19.31,19.31,19.31,0
1749096425,19.31,19.31,19.31,19.31,0
1749096430,19.31,19.31,19.31,19.31,0
1749096435,19.31,19.31,19.31,19.31,0
1749096440,19.31,19.31,19.31,19.31,0
1749096445,19.31,19.31,19.31,19.31,0
1749096450,19.31,19.31,19.31,19.31,0
1749096455,19.31,19.31,19.31,19.31,0
1749096460,19.31,19.31,19.31,19.31,0
1749096465,19.31,19.31,19.31,19.31,0
1749096470,19.31,19.31,19.31,19.31,0
1749096475,19.31,19.31,19.31,19.31,0
1749096480,19.31,19.31,19.31,19.31,0
1749096485,19.31,19.31,19.31,19.31,0
1749096490,19.31,19.31,19.31,19.31,0
1749096495,19.31,19.31,19.31,19.31,0
1749096500,19.31,19.31,19.31,19.31,0
1749096505,19.31,19.31,19.31,19.31,0
1749096510,19.31,19.31,19.31,19.31,0
1749096515,19.31,19.31,19.31,19.31,0
1749096520,19.31,19.31,19.31,19.31,0
1749096525,19.31,19.31,19.31,19.31,0
1749096530,19.31,19.31,19.31,19.31,0
1749096535,19.31,19.31,19.31,19.31,0
1749096540,19.31,19.31,19.31,19.31,0
1749096545,19.31,19.31,19.31,19.31,0
1749096550,19.31,19.31,19.31,19.31,0
1749096555,19.31,19.31,19.31,19.31,0
1749096560,19.31,19.31,19.31,19.31,0
1749096565,19.31,19.31,19.31,19.31,0
1749096570,19.31,19.31,19.31,19.31,0
1749096575,19.31,19.31,19.31,19.31,0
1749096580,19.31,19.31,19.31,19.31,0
1749096585,19.31,19.31,19.31,19.31,0
1749096590,19.31,19.31,19.31,19.31,0
1749096595,19.31,19.31,19.31,19.31,0
1749096600,19.31,19.31,19.31,19.31,0
1749096605,19.31,19.31,19.31,19.31,0
1749096610,19.31,19.31,19.31,19.31,0
1749096615,19.31,19.31,19.31,19.31,0
1749096620,19.31,19.31,19.31,19.31,0
1749096625,19.31,19.31,19.31,19.31,0
1749096630,19.31,19.31,19.31,19.31,0
1749096635,19.31,19.31,19.31,19.31,0
1749096640,19.31,19.31,19.31,19.31,0
1749096645,19.31,19.31,19.31,19.31,0
1749096650,19.31,19.31,19.31,19.31,0
1749096655,19.31,19.31,19.31,19.31,0
1749096660,19.31,19.31,19.31,19.31,0
1749096665,19.31,19.31,19.31,19.31,0
1749096670,19.31,19.31,19.31,19.31,0
1749096675,19.31,19.31,19.31,19.31,0
1749096680,19.31,19.31,19.31,19.31,0
1749096685,19.31,19.31,19.31,19.31,0
1749096690,19.31,19.31,19.31,19.31,0
1749096695,19.31,19.31,19.31,19.31,0
1749096700,19.31,19.31,19.31,19.31,0
1749096705,19.31,19.31,19.31,19.31,0
1749096710,19.31,19.31,19.31,19.31,0
1749096715,19.31,19.31,19.31,19.31,0
1749096720,19.31,19.31,19.31,19.31,0
1749096725,19.31,19.31,19.31,19.31,0
1749096730,19.31,19.31,19.31,19.31,0
1749096735,19.31,19.31,19.31,19.31,0
1749096740,19.31,19.31,19.31,19.31,0
1749096745,19.31,19.31,19.31,19.31,0
1749096750,19.31,19.31,19.31,19.31,0
1749096755,19.31,19.31,19.31,19.31,0
1749096760,19.31,19.31,19.31,19.31,0
1749096765,19.31,19.31,19.31,19.31,0
1749096770,19.31,19.31,19.31,19.31,0
1749096775,19.31,19.31,19.31,19.31,0
1749096780,19.31,19.31,19.31,19.31,0
1749096785,19.31,19.31,19.31,19.31,0
1749096790,19.31,19.31,19.31,19.31,0
1749096795,19.31,19.31,19.31,19.31,0
1749096800,19.31,19.31,19.31,19.31,0
1749096805,19.31,19.31,19.31,19.31,0
1749096810,19.31,19.31,19.31,19.31,0
1749096815,19.31,19.31,19.31,19.31,0
1749096820,19.31,19.31,19.31,19.31,0
1749096825,19.31,19.31,19.31,19.31,0
1749096830,19.31,19.31,19.31,19.31,0
1749096835,19.31,19.31,19.31,19.31,0
1749096840,19.31,19.31,19.31,19.31,0
1749096845,19.31,19.31,19.31,19.31,0
1749096850,19.31,19.31,19.31,19.31,0
1749096855,19.31,19.31,19.31,19.31,0
1749096860,19.31,19.31,19.31,19.31,0
1749096865,19.31,19.31,19.31,19.31,0
1749096870,19.31,19.31,19.31,19.31,0
1749096875,19.31,19.31,19.31,19.31,0
1749096880,19.31,19.31,19.31,19.31,0
1749096885,19.31,19.31,19.31,19.31,0
1749096890,19.31,19.31,19.31,19.31,0
1749096895,19.31,19.31,19.31,19.31,0
1749096900,19.31,19.31,19.31,19.31,0
1749096905,19.31,19.31,19.31,19.31,0
1749096910,19.31,19.31,19.31,19.31,0
1749096915,19.31,19.31,19.31,19.31,0
1749096920,19.31,19.31,19.31,19.31,0
1749096925,19.31,19.31,19.31,19.31,0
1749096930,19.31,19.31,19.31,19.31,0
1749096935,19.31,19.31,19.31,19.31,0
1749096940,19.31,19.31,19.31,19.31,0
1749096945,19.31,19.31,19.31,19.31,0
1749096950,19.31,19.31,19.31,19.31,0
1749096955,19.31,19.31,19.31,19.31,0
1749096960,19.31,19.31,19.31,19.31,0
1749096965,19.31,19.31,19.31,19.31,0
1749096970,19.31,19.31,19.31,19.31,0
1749096975,19.31,19.31,19.31,19.31,0
1749096980,19.31,19.31,19.31,19.31,0
1749096985,19.31,19.31,19.31,19.31,0
1749096990,19.31,19.31,19.31,19.31,0
1749096995,19.31,19.31,19.31,19.31,0
1749097000,19.31,19.31,19.31,19.31,0
1749097005,19.31,19.31,19.31,19.31,0
1749097010,19.31,19.31,19.31,19.31,0
1749097015,19.31,19.31,19.31,19.31,0
1749097020,19.31,19.31,19.31,19.31,0
1749097025,19.31,19.31,19.31,19.31,0
1749097030,19.31,19.31,19.31,19.31,0
1749097035,19.31,19.31,19.31,19.31,0
1749097040,19.31,19.31,19.31,19.31,0
1749097045,19.31,19.31,19.31,19.31,0
1749097050,19.31,19.31,19.31,19.31,0
1749097055,19.31,19.31,19.31,19.31,0
1749097060,19.31,19.31,19.31,19.31,0
1749097065,19.31,19.31,19.31,19.31,0
1749097070,19.31,19.31,19.31,19.31,0
1749097075,19.31,19.31,19.31,19.31,0
1749097080,19.31,19.31,19.31,19.31,0
1749097085,19.31,19.31,19.31,19.31,0
1749097090,19.31,19.31,19.31,19.31,0
1749097095,19.31,19.31,19.31,19.31,0
1749097100,19.31,19.31,19.31,19.31,0
1749097105,19.31,19.31,19.31,19.31,0
1749097110,19.31,19.31,19.31,19.31,0
1749097115,19.31,19.31,19.31,19.31,0
1749097120,19.31,19.31,19.31,19.31,0
1749097125,19.31,19.31,19.31,19.31,0
1749097130,19.31,19.31,19.31,19.31,0
1749097135,19.31,19.31,19.31,19.31,0
1749097140,19.31,19.31,19.31,19.31,0
1749097145,19.31,19.31,19.31,19.31,0
1749097150,19.31,19.31,19.31,19.31,0
1749097155,19.31,19.31,19.31,19.31,0
1749097160,19.31,19.31,19.31,19.31,0
1749097165,19.31,19.31,19.31,19.31,0
1749097170,19.31,19.31,19.31,19.31,0
1749097175,19.31,19.31,19.31,19.31,0
1749097180,19.31,19.31,19.31,19.31,0
1749097185,19.31,19.31,19.31,19.31,0
1749097190,19.31,19.31,19.31,19.31,0
1749097195,19.31,19.31,19.31,19.31,0
1749097200,19.31,19.31,19.31,19.31,0
1749097205,19.31,19.31,19.31,19.31,0
1749097210,19.31,19.31,19.31,19.31,0
1749097215,19.31,19.31,19.31,19.31,0
1749097220,19.31,19.31,19.31,19.31,0
1749097225,19.31,19.31,19.31,19.31,0
1749097230,19.31,19.31,19.31,19.31,0
1749097235,19.31,19.31,19.31,19.31,0
1749097240,19.31,19.31,19.31,19.31,0
1749097245,19.31,19.31,19.31,19.31,0
1749097250,19.31,19.31,19.31,19.31,0
1749097255,19.31,19.31,19.31,19.31,0
1749097260,19.31,19.31,19.31,19.31,0
1749097265,19.31,19.31,19.31,19.31,0
1749097270,19.31,19.31,19.31,19.31,0
1749097275,19.31,19.31,19.31,19.31,0
1749097280,19.31,19.31,19.31,19.31,0
1749097285,19.31,19.31,19.31,19.31,0
1749097290,19.31,19.31,19.31,19.31,0
1749097295,19.31,19.31,19.31,19.31,0
1749097300,19.31,19.31,19.31,19.31,0
1749097305,19.31,19.31,19.31,19.31,0
1749097310,19.31,19.31,19.31,19.31,0
1749097315,19.31,19.31,19.31,19.31,0
1749097320,19.31,19.31,19.31,19.31,0
1749097325,19.31,19.31,19.31,19.31,0
1749097330,19.3,19.3,19.3,19.3,1
1749097335,19.3,19.3,19.3,19.3,0
1749097340,19.3,19.3,19.3,19.3,0
1749097345,19.3,19.3,19.3,19.3,0
1749097350,19.3,19.3,19.3,19.3,0
1749097355,19.3,19.3,19.3,19.3,0
1749097360,19.3,19.3,19.3,19.3,0
1749097365,19.3,19.3,19.3,19.3,0
1749097370,19.3,19.3,19.3,19.3,0
1749097375,19.3,19.3,19.3,19.3,0
1749097380,19.3,19.3,19.3,19.3,0
1749097385,19.3,19.3,19.3,19.3,0
1749097390,19.3,19.3,19.3,19.3,0
1749097395,19.3,19.3,19.3,19.3,0
1749097400,19.3,19.3,19.3,19.3,0
1749097405,19.3,19.3,19.3,19.3,0
1749097410,19.3,19.3,19.3,19.3,0
1749097415,19.3,19.3,19.3,19.3,0
1749097420,19.3,19.3,19.3,19.3,0
1749097425,19.3,19.3,19.3,19.3,0
1749097430,19.3,19.3,19.3,19.3,0
1749097435,19.3,19.3,19.3,19.3,0
1749097440,19.3,19.3,19.3,19.3,0
1749097445,19.3,19.3,19.3,19.3,0
1749097450,19.3,19.3,19.3,19.3,0
1749097455,19.3,19.3,19.3,19.3,0
1749097460,19.3,19.3,19.3,19.3,0
1749097465,19.3,19.3,19.3,19.3,0
1749097470,19.3,19.3,19.3,19.3,0
1749097475,19.3,19.3,19.3,19.3,0
1749097480,19.3,19.3,19.3,19.3,0
1749097485,19.3,19.3,19.3,19.3,0
1749097490,19.3,19.3,19.3,19.3,0
1749097495,19.3,19.3,19.3,19.3,0
1749097500,19.3,19.3,19.3,19.3,0
1749097505,19.3,19.3,19.3,19.3,0
1749097510,19.3,19.3,19.3,19.3,0
1749097515,19.3,19.3,19.3,19.3,0
1749097520,19.3,19.3,19.3,19.3,0
1749097525,19.3,19.3,19.3,19.3,0
1749097530,19.3,19.3,19.3,19.3,0
1749097535,19.3,19.3,19.3,19.3,0
1749097540,19.3,19.3,19.3,19.3,0
1749097545,19.3,19.3,19.3,19.3,0
1749097550,19.3,19.3,19.3,19.3,0
1749097555,19.3,19.3,19.3,19.3,0
1749097560,19.3,19.3,19.3,19.3,0
1749097565,19.3,19.3,19.3,19.3,0
1749097570,19.3,19.3,19.3,19.3,0
1749097575,19.3,19.3,19.3,19.3,0
1749097580,19.3,19.3,19.3,19.3,0
1749097585,19.3,19.3,19.3,19.3,0
1749097590,19.3,19.3,19.3,19.3,0
1749097595,19.3,19.3,19.3,19.3,0
1749097600,19.3,19.3,19.3,19.3,0
1749097605,19.3,19.3,19.3,19.3,0
1749097610,19.3,19.3,19.3,19.3,0
1749097615,19.3,19.3,19.3,19.3,0
1749097620,19.3,19.3,19.3,19.3,0
1749097625,19.3,19.3,19.3,19.3,0
1749097630,19.3,19.3,19.3,19.3,0
1749097635,19.3,19.3,19.3,19.3,0
1749097640,19.3,19.3,19.3,19.3,0
1749097645,19.3,19.3,19.3,19.3,0
1749097650,19.3,19.3,19.3,19.3,0
1749097655,19.3,19.3,19.3,19.3,0
1749097660,19.3,19.3,19.3,19.3,0
1749097665,19.3,19.3,19.3,19.3,0
1749097670,19.3,19.3,19.3,19.3,0
1749097675,19.3,19.3,19.3,19.3,0
1749097680,19.3,19.3,19.3,19.3,0
1749097685,19.3,19.3,19.3,19.3,0
1749097690,19.3,19.3,19.3,19.3,0
1749097695,19.3,19.3,19.3,19.3,0
1749097700,19.3,19.3,19.3,19.3,0
1749097705,19.3,19.3,19.3,19.3,0
1749097710,19.3,19.3,19.3,19.3,0
1749097715,19.3,19.3,19.3,19.3,0
1749097720,19.3,19.3,19.3,19.3,0
1749097725,19.3,19.3,19.3,19.3,0
1749097730,19.3,19.3,19.3,19.3,0
1749097735,19.3,19.3,19.3,19.3,0
1749097740,19.3,19.3,19.3,19.3,0
1749097745,19.3,19.3,19.3,19.3,0
1749097750,19.3,19.3,19.3,19.3,0
1749097755,19.3,19.3,19.3,19.3,0
1749097760,19.3,19.3,19.3,19.3,0
1749097765,19.3,19.3,19.3,19.3,0
1749097770,19.3,19.3,19.3,19.3,0
1749097775,19.3,19.3,19.3,19.3,0
1749097780,19.3,19.3,19.3,19.3,0
1749097785,19.3,19.3,19.3,19.3,0
1749097790,19.3,19.3,19.3,19.3,0
1749097795,19.3,19.3,19.3,19.3,0
1749097800,19.3,19.3,19.3,19.3,0
1749097805,19.3,19.3,19.3,19.3,0
1749097810,19.3,19.3,19.3,19.3,0
1749097815,19.3,19.3,19.3,19.3,0
1749097820,19.3,19.3,19.3,19.3,0
1749097825,19.3,19.3,19.3,19.3,0
1749097830,19.3,19.3,19.3,19.3,0
1749097835,19.3,19.3,19.3,19.3,0
1749097840,19.3,19.3,19.3,19.3,0
1749097845,19.3,19.3,19.3,19.3,0
1749097850,19.3,19.3,19.3,19.3,0
1749097855,19.3,19.3,19.3,19.3,0
1749097860,19.3,19.3,19.3,19.3,0
1749097865,19.3,19.3,19.3,19.3,0
1749097870,19.3,19.3,19.3,19.3,0
1749097875,19.3,19.3,19.3,19.3,0
1749097880,19.3,19.3,19.3,19.3,0
1749097885,19.3,19.3,19.3,19.3,0
1749097890,19.3,19.3,19.3,19.3,0
1749097895,19.3,19.3,19.3,19.3,0
1749097900,19.3,19.3,19.3,19.3,0
1749097905,19.3,19.3,19.3,19.3,0
1749097910,19.3,19.3,19.3,19.3,0
1749097915,19.3,19.3,19.3,19.3,0
1749097920,19.3,19.3,19.3,19.3,0
1749097925,19.3,19.3,19.3,19.3,0
1749097930,19.3,19.3,19.3,19.3,0
1749097935,19.3,19.3,19.3,19.3,0
1749097940,19.3,19.3,19.3,19.3,0
1749097945,19.3,19.3,19.3,19.3,0
1749097950,19.3,19.3,19.3,19.3,0
1749097955,19.3,19.3,19.3,19.3,0
1749097960,19.3,19.3,19.3,19.3,0
1749097965,19.3,19.3,19.3,19.3,0
1749097970,19.3,19.3,19.3,19.3,0
1749097975,19.3,19.3,19.3,19.3,0
1749097980,19.3,19.3,19.3,19.3,0
1749097985,19.3,19.3,19.3,19.3,0
1749097990,19.3,19.3,19.3,19.3,0
1749097995,19.3,19.3,19.3,19.3,0
1749098000,19.3,19.3,19.3,19.3,0
1749098005,19.3,19.3,19.3,19.3,0
1749098010,19.3,19.3,19.3,19.3,0
1749098015,19.3,19.3,19.3,19.3,0
1749098020,19.3,19.3,19.3,19.3,0
1749098025,19.3,19.3,19.3,19.3,0
1749098030,19.3,19.3,19.3,19.3,0
1749098035,19.3,19.3,19.3,19.3,0
1749098040,19.3,19.3,19.3,19.3,0
1749098045,19.3,19.3,19.3,19.3,0
1749098050,19.3,19.3,19.3,19.3,0
1749098055,19.3,19.3,19.3,19.3,0
1749098060,19.3,19.3,19.3,19.3,0
1749098065,19.3,19.3,19.3,19.3,0
1749098070,19.3,19.3,19.3,19.3,0
1749098075,19.3,19.3,19.3,19.3,0
1749098080,19.3,19.3,19.3,19.3,0
1749098085,19.3,19.3,19.3,19.3,0
1749098090,19.3,19.3,19.3,19.3,0
1749098095,19.3,19.3,19.3,19.3,0
1749098100,19.3,19.3,19.3,19.3,0
1749098105,19.3,19.3,19.3,19.3,0
1749098110,19.3,19.3,19.3,19.3,0
1749098115,19.3,19.3,19.3,19.3,0
1749098120,19.3,19.3,19.3,19.3,0
1749098125,19.3,19.3,19.3,19.3,0
1749098130,19.3,19.3,19.3,19.3,0
1749098135,19.3,19.3,19.3,19.3,0
1749098140,19.3,19.3,19.3,19.3,0
1749098145,19.3,19.3,19.3,19.3,0
1749098150,19.3,19.3,19.3,19.3,0
1749098155,19.3,19.3,19.3,19.3,0
1749098160,19.3,19.3,19.3,19.3,0
1749098165,19.3,19.3,19.3,19.3,0
1749098170,19.3,19.3,19.3,19.3,0
1749098175,19.3,19.3,19.3,19.3,0
1749098180,19.3,19.3,19.3,19.3,0
1749098185,19.3,19.3,19.3,19.3,0
1749098190,19.3,19.3,19.3,19.3,0
1749098195,19.3,19.3,19.3,19.3,0
1749098200,19.3,19.3,19.3,19.3,0
1749098205,19.3,19.3,19.3,19.3,0
1749098210,19.3,19.3,19.3,19.3,0
1749098215,19.3,19.3,19.3,19.3,0
1749098220,19.3,19.3,19.3,19.3,0
1749098225,19.3,19.3,19.3,19.3,0
1749098230,19.3,19.3,19.3,19.3,0
1749098235,19.3,19.3,19.3,19.3,0
1749098240,19.3,19.3,19.3,19.3,0
1749098245,19.3,19.3,19.3,19.3,0
1749098250,19.3,19.3,19.3,19.3,0
1749098255,19.3,19.3,19.3,19.3,0
1749098260,19.3,19.3,19.3,19.3,0
1749098265,19.3,19.3,19.3,19.3,0
1749098270,19.3,19.3,19.3,19.3,0
1749098275,19.3,19.3,19.3,19.3,0
1749098280,19.3,19.3,19.3,19.3,0
1749098285,19.3,19.3,19.3,19.3,0
1749098290,19.3,19.3,19.3,19.3,0
1749098295,19.3,19.3,19.3,19.3,0
1749098300,19.3,19.3,19.3,19.3,0
1749098305,19.3,19.3,19.3,19.3,0
1749098310,19.3,19.3,19.3,19.3,0
1749098315,19.3,19.3,19.3,19.3,0
1749098320,19.3,19.3,19.3,19.3,0
1749098325,19.3,19.3,19.3,19.3,0
1749098330,19.3,19.3,19.3,19.3,0
1749098335,19.3,19.3,19.3,19.3,0
1749098340,19.3,19.3,19.3,19.3,0
1749098345,19.3,19.3,19.3,19.3,0
1749098350,19.3,19.3,19.3,19.3,0
1749098355,19.3,19.3,19.3,19.3,0
1749098360,19.3,19.3,19.3,19.3,0
1749098365,19.3,19.3,19.3,19.3,0
1749098370,19.3,19.3,19.3,19.3,0
1749098375,19.3,19.3,19.3,19.3,0
1749098380,19.3,19.3,19.3,19.3,0
1749098385,19.3,19.3,19.3,19.3,0
1749098390,19.3,19.3,19.3,19.3,0
1749098395,19.3,19.3,19.3,19.3,0
1749098400,19.3,19.3,19.3,19.3,0
1749098405,19.3,19.3,19.3,19.3,0
1749098410,19.3,19.3,19.3,19.3,0
1749098415,19.3,19.3,19.3,19.3,0
1749098420,19.3,19.3,19.3,19.3,0
1749098425,19.3,19.3,19.3,19.3,0
1749098430,19.3,19.3,19.3,19.3,0
1749098435,19.3,19.3,19.3,19.3,0
1749098440,19.3,19.3,19.3,19.3,0
1749098445,19.3,19.3,19.3,19.3,0
1749098450,19.3,19.3,19.3,19.3,0
1749098455,19.3,19.3,19.3,19.3,0
1749098460,19.3,19.3,19.3,19.3,0
1749098465,19.3,19.3,19.3,19.3,0
1749098470,19.3,19.3,19.3,19.3,0
1749098475,19.3,19.3,19.3,19.3,0
1749098480,19.3,19.3,19.3,19.3,0
1749098485,19.3,19.3,19.3,19.3,0
1749098490,19.3,19.3,19.3,19.3,0
1749098495,19.3,19.3,19.3,19.3,0
1749098500,19.3,19.3,19.3,19.3,0
1749098505,19.3,19.3,19.3,19.3,0
1749098510,19.3,19.3,19.3,19.3,0
1749098515,19.3,19.3,19.3,19.3,0
1749098520,19.3,19.3,19.3,19.3,0
1749098525,19.3,19.3,19.3,19.3,0
1749098530,19.3,19.3,19.3,19.3,0
1749098535,19.3,19.3,19.3,19.3,0
1749098540,19.3,19.3,19.3,19.3,0
1749098545,19.3,19.3,19.3,19.3,0
1749098550,19.3,19.3,19.3,19.3,0
1749098555,19.3,19.3,19.3,19.3,0
1749098560,19.3,19.3,19.3,19.3,0
1749098565,19.3,19.3,19.3,19.3,0
1749098570,19.3,19.3,19.3,19.3,0
1749098575,19.3,19.3,19.3,19.3,0
1749098580,19.3,19.3,19.3,19.3,0
1749098585,19.3,19.3,19.3,19.3,0
1749098590,19.3,19.3,19.3,19.3,0
1749098595,19.3,19.3,19.3,19.3,0
1749098600,19.3,19.3,19.3,19.3,0
1749098605,19.3,19.3,19.3,19.3,0
1749098610,19.3,19.3,19.3,19.3,0
1749098615,19.3,19.3,19.3,19.3,0
1749098620,19.3,19.3,19.3,19.3,0
1749098625,19.3,19.3,19.3,19.3,0
1749098630,19.3,19.3,19.3,19.3,0
1749098635,19.3,19.3,19.3,19.3,0
1749098640,19.3,19.3,19.3,19.3,0
1749098645,19.3,19.3,19.3,19.3,0
1749098650,19.3,19.3,19.3,19.3,0
1749098655,19.3,19.3,19.3,19.3,0
1749098660,19.3,19.3,19.3,19.3,0
1749098665,19.3,19.3,19.3,19.3,0
1749098670,19.3,19.3,19.3,19.3,0
1749098675,19.3,19.3,19.3,19.3,0
1749098680,19.3,19.3,19.3,19.3,0
1749098685,19.3,19.3,19.3,19.3,0
1749098690,19.3,19.3,19.3,19.3,0
1749098695,19.3,19.3,19.3,19.3,0
1749098700,19.3,19.3,19.3,19.3,0
1749098705,19.3,19.3,19.3,19.3,0
1749098710,19.3,19.3,19.3,19.3,0
1749098715,19.3,19.3,19.3,19.3,0
1749098720,19.3,19.3,19.3,19.3,0
1749098725,19.3,19.3,19.3,19.3,0
1749098730,19.3,19.3,19.3,19.3,0
1749098735,19.3,19.3,19.3,19.3,0
1749098740,19.3,19.3,19.3,19.3,0
1749098745,19.3,19.3,19.3,19.3,0
1749098750,19.3,19.3,19.3,19.3,0
1749098755,19.3,19.3,19.3,19.3,0
1749098760,19.3,19.3,19.3,19.3,0
1749098765,19.3,19.3,19.3,19.3,0
1749098770,19.3,19.3,19.3,19.3,0
1749098775,19.3,19.3,19.3,19.3,0
1749098780,19.3,19.3,19.3,19.3,0
1749098785,19.3,19.3,19.3,19.3,0
1749098790,19.3,19.3,19.3,19.3,0
1749098795,19.3,19.3,19.3,19.3,0
1749098800,19.3,19.3,19.3,19.3,0
1749098805,19.3,19.3,19.3,19.3,0
1749098810,19.3,19.3,19.3,19.3,0
1749098815,19.3,19.3,19.3,19.3,0
1749098820,19.3,19.3,19.3,19.3,0
1749098825,19.3,19.3,19.3,19.3,0
1749098830,19.3,19.3,19.3,19.3,0
1749098835,19.3,19.3,19.3,19.3,0
1749098840,19.3,19.3,19.3,19.3,0
1749098845,19.3,19.3,19.3,19.3,0
1749098850,19.3,19.3,19.3,19.3,0
1749098855,19.3,19.3,19.3,19.3,0
1749098860,19.3,19.3,19.3,19.3,0
1749098865,19.3,19.3,19.3,19.3,0
1749098870,19.3,19.3,19.3,19.3,0
1749098875,19.3,19.3,19.3,19.3,0
1749098880,19.3,19.3,19.3,19.3,0
1749098885,19.3,19.3,19.3,19.3,0
1749098890,19.3,19.3,19.3,19.3,0
1749098895,19.3,19.3,19.3,19.3,0
1749098900,19.3,19.3,19.3,19.3,0
1749098905,19.3,19.3,19.3,19.3,0
1749098910,19.3,19.3,19.3,19.3,0
1749098915,19.3,19.3,19.3,19.3,0
1749098920,19.3,19.3,19.3,19.3,0
1749098925,19.3,19.3,19.3,19.3,0
1749098930,19.3,19.3,19.3,19.3,0
1749098935,19.3,19.3,19.3,19.3,0
1749098940,19.3,19.3,19.3,19.3,0
1749098945,19.3,19.3,19.3,19.3,0
1749098950,19.3,19.3,19.3,19.3,0
1749098955,19.3,19.3,19.3,19.3,0
1749098960,19.3,19.3,19.3,19.3,0
1749098965,19.3,19.3,19.3,19.3,0
1749098970,19.3,19.3,19.3,19.3,0
1749098975,19.3,19.3,19.3,19.3,0
1749098980,19.3,19.3,19.3,19.3,0
1749098985,19.3,19.3,19.3,19.3,0
1749098990,19.3,19.3,19.3,19.3,0
1749098995,19.3,19.3,19.3,19.3,0
1749099000,19.3,19.3,19.3,19.3,0
1749099005,19.3,19.3,19.3,19.3,0
1749099010,19.3,19.3,19.3,19.3,0
1749099015,19.3,19.3,19.3,19.3,0
1749099020,19.3,19.3,19.3,19.3,0
1749099025,19.3,19.3,19.3,19.3,0
1749099030,19.3,19.3,19.3,19.3,0
1749099035,19.3,19.3,19.3,19.3,0
1749099040,19.3,19.3,19.3,19.3,0
1749099045,19.3,19.3,19.3,19.3,0
1749099050,19.3,19.3,19.3,19.3,0
1749099055,19.3,19.3,19.3,19.3,0
1749099060,19.3,19.3,19.3,19.3,0
1749099065,19.3,19.3,19.3,19.3,0
1749099070,19.3,19.3,19.3,19.3,0
1749099075,19.3,19.3,19.3,19.3,0
1749099080,19.3,19.3,19.3,19.3,0
1749099085,19.3,19.3,19.3,19.3,0
1749099090,19.3,19.3,19.3,19.3,0
1749099095,19.3,19.3,19.3,19.3,0
1749099100,19.3,19.3,19.3,19.3,0
1749099105,19.3,19.3,19.3,19.3,0
1749099110,19.3,19.3,19.3,19.3,0
1749099115,19.3,19.3,19.3,19.3,0
1749099120,19.3,19.3,19.3,19.3,0
1749099125,19.3,19.3,19.3,19.3,0
1749099130,19.3,19.3,19.3,19.3,0
1749099135,19.3,19.3,19.3,19.3,0
1749099140,19.3,19.3,19.3,19.3,0
1749099145,19.3,19.3,19.3,19.3,0
1749099150,19.3,19.3,19.3,19.3,0
1749099155,19.3,19.3,19.3,19.3,0
1749099160,19.3,19.3,19.3,19.3,0
1749099165,19.3,19.3,19.3,19.3,0
1749099170,19.3,19.3,19.3,19.3,0
1749099175,19.3,19.3,19.3,19.3,0
1749099180,19.3,19.3,19.3,19.3,0
1749099185,19.3,19.3,19.3,19.3,0
1749099190,19.3,19.3,19.3,19.3,0
1749099195,19.3,19.3,19.3,19.3,0
1749099200,19.3,19.3,19.3,19.3,0
1749099205,19.3,19.3,19.3,19.3,0
1749099210,19.3,19.3,19.3,19.3,0
1749099215,19.3,19.3,19.3,19.3,0
1749099220,19.3,19.3,19.3,19.3,0
1749099225,19.3,19.3,19.3,19.3,0
1749099230,19.3,19.3,19.3,19.3,0
1749099235,19.3,19.3,19.3,19.3,0
1749099240,19.3,19.3,19.3,19.3,0
1749099245,19.3,19.3,19.3,19.3,0
1749099250,19.3,19.3,19.3,19.3,0
1749099255,19.3,19.3,19.3,19.3,0
1749099260,19.3,19.3,19.3,19.3,0
1749099265,19.3,19.3,19.3,19.3,0
1749099270,19.3,19.3,19.3,19.3,0
1749099275,19.3,19.3,19.3,19.3,0
1749099280,19.3,19.3,19.3,19.3,0
1749099285,19.3,19.3,19.3,19.3,0
1749099290,19.3,19.3,19.3,19.3,0
1749099295,19.3,19.3,19.3,19.3,0
1749099300,19.3,19.3,19.3,19.3,0
1749099305,19.3,19.3,19.3,19.3,0
1749099310,19.3,19.3,19.3,19.3,0
1749099315,19.3,19.3,19.3,19.3,0
1749099320,19.3,19.3,19.3,19.3,0
1749099325,19.3,19.3,19.3,19.3,0
1749099330,19.3,19.3,19.3,19.3,0
1749099335,19.3,19.3,19.3,19.3,0
1749099340,19.3,19.3,19.3,19.3,0
1749099345,19.3,19.3,19.3,19.3,0
1749099350,19.3,19.3,19.3,19.3,0
1749099355,19.3,19.3,19.3,19.3,0
1749099360,19.3,19.3,19.3,19.3,0
1749099365,19.3,19.3,19.3,19.3,0
1749099370,19.3,19.3,19.3,19.3,0
1749099375,19.3,19.3,19.3,19.3,0
1749099380,19.3,19.3,19.3,19.3,0
1749099385,19.3,19.3,19.3,19.3,0
1749099390,19.3,19.3,19.3,19.3,0
1749099395,19.3,19.3,19.3,19.3,0
1749099400,19.3,19.3,19.3,19.3,0
1749099405,19.3,19.3,19.3,19.3,0
1749099410,19.3,19.3,19.3,19.3,0
1749099415,19.3,19.3,19.3,19.3,0
1749099420,19.3,19.3,19.3,19.3,0
1749099425,19.3,19.3,19.3,19.3,0
1749099430,19.3,19.3,19.3,19.3,0
1749099435,19.3,19.3,19.3,19.3,0
1749099440,19.3,19.3,19.3,19.3,0
1749099445,19.3,19.3,19.3,19.3,0
1749099450,19.3,19.3,19.3,19.3,0
1749099455,19.3,19.3,19.3,19.3,0
1749099460,19.3,19.3,19.3,19.3,0
1749099465,19.3,19.3,19.3,19.3,0
1749099470,19.3,19.3,19.3,19.3,0
1749099475,19.3,19.3,19.3,19.3,0
1749099480,19.3,19.3,19.3,19.3,0
1749099485,19.3,19.3,19.3,19.3,0
1749099490,19.3,19.3,19.3,19.3,0
1749099495,19.3,19.3,19.3,19.3,0
1749099500,19.3,19.3,19.3,19.3,0
1749099505,19.3,19.3,19.3,19.3,0
1749099510,19.3,19.3,19.3,19.3,0
1749099515,19.3,19.3,19.3,19.3,0
1749099520,19.3,19.3,19.3,19.3,0
1749099525,19.3,19.3,19.3,19.3,0
1749099530,19.3,19.3,19.3,19.3,0
1749099535,19.3,19.3,19.3,19.3,0
1749099540,19.3,19.3,19.3,19.3,0
1749099545,19.3,19.3,19.3,19.3,0
1749099550,19.3,19.3,19.3,19.3,0
1749099555,19.3,19.3,19.3,19.3,0
1749099560,19.3,19.3,19.3,19.3,0
1749099565,19.3,19.3,19.3,19.3,0
1749099570,19.3,19.3,19.3,19.3,0
1749099575,19.3,19.3,19.3,19.3,0
1749099580,19.3,19.3,19.3,19.3,0
1749099585,19.3,19.3,19.3,19.3,0
1749099590,19.3,19.3,19.3,19.3,0
1749099595,19.3,19.3,19.3,19.3,0
1749099600,19.3,19.3,19.3,19.3,0
1749099605,19.3,19.3,19.3,19.3,0
1749099610,19.3,19.3,19.3,19.3,0
1749099615,19.3,19.3,19.3,19.3,0
1749099620,19.3,19.3,19.3,19.3,0
1749099625,19.3,19.3,19.3,19.3,0
1749099630,19.3,19.3,19.3,19.3,0
1749099635,19.3,19.3,19.3,19.3,0
1749099640,19.3,19.3,19.3,19.3,0
1749099645,19.3,19.3,19.3,19.3,0
1749099650,19.3,19.3,19.3,19.3,0
1749099655,19.3,19.3,19.3,19.3,0
1749099660,19.3,19.3,19.3,19.3,0
1749099665,19.3,19.3,19.3,19.3,0
1749099670,19.3,19.3,19.3,19.3,0
1749099675,19.3,19.3,19.3,19.3,0
1749099680,19.3,19.3,19.3,19.3,0
1749099685,19.3,19.3,19.3,19.3,0
1749099690,19.3,19.3,19.3,19.3,0
1749099695,19.3,19.3,19.3,19.3,0
1749099700,19.3,19.3,19.3,19.3,0
1749099705,19.3,19.3,19.3,19.3,0
1749099710,19.3,19.3,19.3,19.3,0
1749099715,19.3,19.3,19.3,19.3,0
1749099720,19.3,19.3,19.3,19.3,0
1749099725,19.3,19.3,19.3,19.3,0
1749099730,19.3,19.3,19.3,19.3,0
1749099735,19.3,19.3,19.3,19.3,0
1749099740,19.3,19.3,19.3,19.3,0
1749099745,19.3,19.3,19.3,19.3,0
1749099750,19.3,19.3,19.3,19.3,0
1749099755,19.3,19.3,19.3,19.3,0
1749099760,19.3,19.3,19.3,19.3,0
1749099765,19.3,19.3,19.3,19.3,0
1749099770,19.3,19.3,19.3,19.3,0
1749099775,19.3,19.3,19.3,19.3,0
1749099780,19.3,19.3,19.3,19.3,0
1749099785,19.3,19.3,19.3,19.3,0
1749099790,19.3,19.3,19.3,19.3,0
1749099795,19.32,19.32,19.32,19.32,1
1749099800,19.32,19.32,19.32,19.32,0
1749099805,19.32,19.32,19.32,19.32,0
1749099810,19.32,19.32,19.32,19.32,0
1749099815,19.32,19.32,19.32,19.32,0
1749099820,19.32,19.32,19.32,19.32,0
1749099825,19.32,19.32,19.32,19.32,0
1749099830,19.32,19.32,19.32,19.32,0
1749099835,19.32,19.32,19.32,19.32,0
1749099840,19.32,19.32,19.32,19.32,0
1749099845,19.32,19.32,19.32,19.32,0
1749099850,19.32,19.32,19.32,19.32,0
1749099855,19.32,19.32,19.32,19.32,0
1749099860,19.32,19.32,19.32,19.32,0
1749099865,19.32,19.32,19.32,19.32,0
1749099870,19.32,19.32,19.32,19.32,0
1749099875,19.32,19.32,19.32,19.32,0
1749099880,19.34,19.34,19.34,19.34,1
1749099885,19.34,19.34,19.34,19.34,0
1749099890,19.34,19.34,19.34,19.34,0
1749099895,19.34,19.34,19.34,19.34,0
1749099900,19.34,19.34,19.34,19.34,0
1749099905,19.34,19.34,19.34,19.34,0
1749099910,19.34,19.34,19.34,19.34,0
1749099915,19.34,19.34,19.34,19.34,0
1749099920,19.34,19.34,19.34,19.34,0
1749099925,19.34,19.34,19.34,19.34,0
1749099930,19.34,19.34,19.34,19.34,0
1749099935,19.34,19.34,19.34,19.34,0
1749099940,19.34,19.34,19.34,19.34,0
1749099945,19.34,19.34,19.34,19.34,0
1749099950,19.34,19.34,19.34,19.34,0
1749099955,19.34,19.34,19.34,19.34,0
1749099960,19.34,19.34,19.34,19.34,0
1749099965,19.34,19.34,19.34,19.34,0
1749099970,19.34,19.34,19.34,19.34,0
1749099975,19.34,19.34,19.34,19.34,0
1749099980,19.34,19.34,19.34,19.34,0
1749099985,19.34,19.34,19.34,19.34,0
1749099990,19.34,19.34,19.34,19.34,0
1749099995,19.34,19.34,19.34,19.34,0
1749100000,19.34,19.34,19.34,19.34,0
1749100005,19.34,19.34,19.34,19.34,0
1749100010,19.34,19.34,19.34,19.34,0
1749100015,19.34,19.34,19.34,19.34,0
1749100020,19.34,19.34,19.34,19.34,0
1749100025,19.34,19.34,19.34,19.34,0
1749100030,19.34,19.34,19.34,19.34,0
1749100035,19.34,19.34,19.34,19.34,0
1749100040,19.34,19.34,19.34,19.34,0
1749100045,19.34,19.34,19.34,19.34,0
1749100050,19.34,19.34,19.34,19.34,0
1749100055,19.34,19.34,19.34,19.34,0
1749100060,19.34,19.34,19.34,19.34,0
1749100065,19.34,19.34,19.34,19.34,0
1749100070,19.34,19.34,19.34,19.34,0
1749100075,19.34,19.34,19.34,19.34,0
1749100080,19.34,19.34,19.34,19.34,0
1749100085,19.34,19.34,19.34,19.34,0
1749100090,19.34,19.34,19.34,19.34,0
1749100095,19.34,19.34,19.34,19.34,0
1749100100,19.34,19.34,19.34,19.34,0
1749100105,19.34,19.34,19.34,19.34,0
1749100110,19.34,19.34,19.34,19.34,0
1749100115,19.34,19.34,19.34,19.34,0
1749100120,19.34,19.34,19.34,19.34,0
1749100125,19.34,19.34,19.34,19.34,0
1749100130,19.34,19.34,19.34,19.34,0
1749100135,19.34,19.34,19.34,19.34,0
1749100140,19.34,19.34,19.34,19.34,0
1749100145,19.34,19.34,19.34,19.34,0
1749100150,19.34,19.34,19.34,19.34,0
1749100155,19.34,19.34,19.34,19.34,0
1749100160,19.34,19.34,19.34,19.34,0
1749100165,19.34,19.34,19.34,19.34,0
1749100170,19.34,19.34,19.34,19.34,0
1749100175,19.34,19.34,19.34,19.34,0
1749100180,19.34,19.34,19.34,19.34,0
1749100185,19.34,19.34,19.34,19.34,0
1749100190,19.34,19.34,19.34,19.34,0
1749100195,19.34,19.34,19.34,19.34,0
1749100200,19.34,19.34,19.34,19.34,0
1749100205,19.34,19.34,19.34,19.34,0
1749100210,19.34,19.34,19.34,19.34,0
1749100215,19.34,19.34,19.34,19.34,0
1749100220,19.34,19.34,19.34,19.34,0
1749100225,19.34,19.34,19.34,19.34,0
1749100230,19.34,19.34,19.34,19.34,0
1749100235,19.34,19.34,19.34,19.34,0
1749100240,19.34,19.34,19.34,19.34,0
1749100245,19.34,19.34,19.34,19.34,0
1749100250,19.34,19.34,19.34,19.34,0
1749100255,19.34,19.34,19.34,19.34,0
1749100260,19.34,19.34,19.34,19.34,0
1749100265,19.34,19.34,19.34,19.34,0
1749100270,19.34,19.34,19.34,19.34,0
1749100275,19.34,19.34,19.34,19.34,0
1749100280,19.34,19.34,19.34,19.34,0
1749100285,19.34,19.34,19.34,19.34,0
1749100290,19.34,19.34,19.34,19.34,0
1749100295,19.34,19.34,19.34,19.34,0
1749100300,19.34,19.34,19.34,19.34,0
1749100305,19.34,19.34,19.34,19.34,0
1749100310,19.34,19.34,19.34,19.34,0
1749100315,19.34,19.34,19.34,19.34,0
1749100320,19.34,19.34,19.34,19.34,0
1749100325,19.34,19.34,19.34,19.34,0
1749100330,19.34,19.34,19.34,19.34,0
1749100335,19.34,19.34,19.34,19.34,0
1749100340,19.34,19.34,19.34,19.34,0
1749100345,19.34,19.34,19.34,19.34,0
1749100350,19.34,19.34,19.34,19.34,0
1749100355,19.34,19.34,19.34,19.34,0
1749100360,19.34,19.34,19.34,19.34,0
1749100365,19.34,19.34,19.34,19.34,0
1749100370,19.34,19.34,19.34,19.34,0
1749100375,19.34,19.34,19.34,19.34,0
1749100380,19.34,19.34,19.34,19.34,0
1749100385,19.34,19.34,19.34,19.34,0
1749100390,19.34,19.34,19.34,19.34,0
1749100395,19.34,19.34,19.34,19.34,0
1749100400,19.34,19.34,19.34,19.34,0
1749100405,19.34,19.34,19.34,19.34,0
1749100410,19.34,19.34,19.34,19.34,0
1749100415,19.34,19.34,19.34,19.34,0
1749100420,19.34,19.34,19.34,19.34,0
1749100425,19.34,19.34,19.34,19.34,0
1749100430,19.34,19.34,19.34,19.34,0
1749100435,19.34,19.34,19.34,19.34,0
1749100440,19.34,19.34,19.34,19.34,0
1749100445,19.34,19.34,19.34,19.34,0
1749100450,19.34,19.34,19.34,19.34,0
1749100455,19.34,19.34,19.34,19.34,0
1749100460,19.34,19.34,19.34,19.34,0
1749100465,19.34,19.34,19.34,19.34,0
1749100470,19.34,19.34,19.34,19.34,0
1749100475,19.34,19.34,19.34,19.34,0
1749100480,19.34,19.34,19.34,19.34,0
1749100485,19.34,19.34,19.34,19.34,0
1749100490,19.34,19.34,19.34,19.34,0
1749100495,19.34,19.34,19.34,19.34,0
1749100500,19.34,19.34,19.34,19.34,0
1749100505,19.34,19.34,19.34,19.34,0
1749100510,19.34,19.34,19.34,19.34,0
1749100515,19.34,19.34,19.34,19.34,0
1749100520,19.34,19.34,19.34,19.34,0
1749100525,19.34,19.34,19.34,19.34,0
1749100530,19.34,19.34,19.34,19.34,0
1749100535,19.34,19.34,19.34,19.34,0
1749100540,19.34,19.34,19.34,19.34,0
1749100545,19.34,19.34,19.34,19.34,0
1749100550,19.34,19.34,19.34,19.34,0
1749100555,19.34,19.34,19.34,19.34,0
1749100560,19.34,19.34,19.34,19.34,0
1749100565,19.34,19.34,19.34,19.34,0
1749100570,19.34,19.34,19.34,19.34,0
1749100575,19.34,19.34,19.34,19.34,0
1749100580,19.34,19.34,19.34,19.34,0
1749100585,19.34,19.34,19.34,19.34,0
1749100590,19.34,19.34,19.34,19.34,0
1749100595,19.34,19.34,19.34,19.34,0
1749100600,19.34,19.34,19.34,19.34,0
1749100605,19.34,19.34,19.34,19.34,0
1749100610,19.34,19.34,19.34,19.34,0
1749100615,19.34,19.34,19.34,19.34,0
1749100620,19.34,19.34,19.34,19.34,0
1749100625,19.34,19.34,19.34,19.34,0
1749100630,19.34,19.34,19.34,19.34,0
1749100635,19.34,19.34,19.34,19.34,0
1749100640,19.34,19.34,19.34,19.34,0
1749100645,19.34,19.34,19.34,19.34,0
1749100650,19.34,19.34,19.34,19.34,0
1749100655,19.34,19.34,19.34,19.34,0
1749100660,19.34,19.34,19.34,19.34,0
1749100665,19.34,19.34,19.34,19.34,0
1749100670,19.34,19.34,19.34,19.34,0
1749100675,19.34,19.34,19.34,19.34,0
1749100680,19.34,19.34,19.34,19.34,0
1749100685,19.34,19.34,19.34,19.34,0
1749100690,19.34,19.34,19.34,19.34,0
1749100695,19.34,19.34,19.34,19.34,0
1749100700,19.34,19.34,19.34,19.34,0
1749100705,19.34,19.34,19.34,19.34,0
1749100710,19.34,19.34,19.34,19.34,0
1749100715,19.34,19.34,19.34,19.34,0
1749100720,19.34,19.34,19.34,19.34,0
1749100725,19.34,19.34,19.34,19.34,0
1749100730,19.34,19.34,19.34,19.34,0
1749100735,19.34,19.34,19.34,19.34,0
1749100740,19.34,19.34,19.34,19.34,0
1749100745,19.34,19.34,19.34,19.34,0
1749100750,19.34,19.34,19.34,19.34,0
1749100755,19.34,19.34,19.34,19.34,0
1749100760,19.34,19.34,19.34,19.34,0
1749100765,19.34,19.34,19.34,19.34,0
1749100770,19.34,19.34,19.34,19.34,0
1749100775,19.34,19.34,19.34,19.34,0
1749100780,19.34,19.34,19.34,19.34,0
1749100785,19.34,19.34,19.34,19.34,0
1749100790,19.34,19.34,19.34,19.34,0
1749100795,19.34,19.34,19.34,19.34,0
1749100800,19.34,19.34,19.34,19.34,0
1749100805,19.34,19.34,19.34,19.34,0
1749100810,19.34,19.34,19.34,19.34,0
1749100815,19.34,19.34,19.34,19.34,0
1749100820,19.34,19.34,19.34,19.34,0
1749100825,19.34,19.34,19.34,19.34,0
1749100830,19.34,19.34,19.34,19.34,0
1749100835,19.34,19.34,19.34,19.34,0
1749100840,19.34,19.34,19.34,19.34,0
1749100845,19.34,19.34,19.34,19.34,0
1749100850,19.34,19.34,19.34,19.34,0
1749100855,19.34,19.34,19.34,19.34,0
1749100860,19.34,19.34,19.34,19.34,0
1749100865,19.34,19.34,19.34,19.34,0
1749100870,19.34,19.34,19.34,19.34,0
1749100875,19.34,19.34,19.34,19.34,0
1749100880,19.34,19.34,19.34,19.34,0
1749100885,19.34,19.34,19.34,19.34,0
1749100890,19.34,19.34,19.34,19.34,0
1749100895,19.34,19.34,19.34,19.34,0
1749100900,19.34,19.34,19.34,19.34,0
1749100905,19.34,19.34,19.34,19.34,0
1749100910,19.34,19.34,19.34,19.34,0
1749100915,19.34,19.34,19.34,19.34,0
1749100920,19.34,19.34,19.34,19.34,0
1749100925,19.34,19.34,19.34,19.34,0
1749100930,19.34,19.34,19.34,19.34,0
1749100935,19.34,19.34,19.34,19.34,0
1749100940,19.34,19.34,19.34,19.34,0
1749100945,19.34,19.34,19.34,19.34,0
1749100950,19.34,19.34,19.34,19.34,0
1749100955,19.34,19.34,19.34,19.34,0
1749100960,19.34,19.34,19.34,19.34,0
1749100965,19.34,19.34,19.34,19.34,0
1749100970,19.34,19.34,19.34,19.34,0
1749100975,19.34,19.34,19.34,19.34,0
1749100980,19.34,19.34,19.34,19.34,0
1749100985,19.34,19.34,19.34,19.34,0
1749100990,19.34,19.34,19.34,19.34,0
1749100995,19.34,19.34,19.34,19.34,0
1749101000,19.34,19.34,19.34,19.34,0
1749101005,19.34,19.34,19.34,19.34,0
1749101010,19.34,19.34,19.34,19.34,0
1749101015,19.34,19.34,19.34,19.34,0
1749101020,19.34,19.34,19.34,19.34,0
1749101025,19.34,19.34,19.34,19.34,0
1749101030,19.34,19.34,19.34,19.34,0
1749101035,19.34,19.34,19.34,19.34,0
1749101040,19.34,19.34,19.34,19.34,0
1749101045,19.34,19.34,19.34,19.34,0
1749101050,19.34,19.34,19.34,19.34,0
1749101055,19.34,19.34,19.34,19.34,0
1749101060,19.34,19.34,19.34,19.34,0
1749101065,19.34,19.34,19.34,19.34,0
1749101070,19.34,19.34,19.34,19.34,0
1749101075,19.34,19.34,19.34,19.34,0
1749101080,19.34,19.34,19.34,19.34,0
1749101085,19.34,19.34,19.34,19.34,0
1749101090,19.34,19.34,19.34,19.34,0
1749101095,19.34,19.34,19.34,19.34,0
1749101100,19.34,19.34,19.34,19.34,0
1749101105,19.34,19.34,19.34,19.34,0
1749101110,19.34,19.34,19.34,19.34,0
1749101115,19.34,19.34,19.34,19.34,0
1749101120,19.34,19.34,19.34,19.34,0
1749101125,19.34,19.34,19.34,19.34,0
1749101130,19.34,19.34,19.34,19.34,0
1749101135,19.34,19.34,19.34,19.34,0
1749101140,19.34,19.34,19.34,19.34,0
1749101145,19.34,19.34,19.34,19.34,0
1749101150,19.34,19.34,19.34,19.34,0
1749101155,19.34,19.34,19.34,19.34,0
1749101160,19.34,19.34,19.34,19.34,0
1749101165,19.34,19.34,19.34,19.34,0
1749101170,19.34,19.34,19.34,19.34,0
1749101175,19.34,19.34,19.34,19.34,0
1749101180,19.34,19.34,19.34,19.34,0
1749101185,19.34,19.34,19.34,19.34,0
1749101190,19.34,19.34,19.34,19.34,0
1749101195,19.34,19.34,19.34,19.34,0
1749101200,19.34,19.34,19.34,19.34,0
1749101205,19.34,19.34,19.34,19.34,0
1749101210,19.34,19.34,19.34,19.34,0
1749101215,19.34,19.34,19.34,19.34,0
1749101220,19.34,19.34,19.34,19.34,0
1749101225,19.34,19.34,19.34,19.34,0
1749101230,19.34,19.34,19.34,19.34,0
1749101235,19.34,19.34,19.34,19.34,0
1749101240,19.34,19.34,19.34,19.34,0
1749101245,19.34,19.34,19.34,19.34,0
1749101250,19.34,19.34,19.34,19.34,0
1749101255,19.34,19.34,19.34,19.34,0
1749101260,19.34,19.34,19.34,19.34,0
1749101265,19.34,19.34,19.34,19.34,0
1749101270,19.34,19.34,19.34,19.34,0
1749101275,19.34,19.34,19.34,19.34,0
1749101280,19.34,19.34,19.34,19.34,0
1749101285,19.34,19.34,19.34,19.34,0
1749101290,19.34,19.34,19.34,19.34,0
1749101295,19.34,19.34,19.34,19.34,0
1749101300,19.34,19.34,19.34,19.34,0
1749101305,19.34,19.34,19.34,19.34,0
1749101310,19.34,19.34,19.34,19.34,0
1749101315,19.34,19.34,19.34,19.34,0
1749101320,19.34,19.34,19.34,19.34,0
1749101325,19.34,19.34,19.34,19.34,0
1749101330,19.34,19.34,19.34,19.34,0
1749101335,19.34,19.34,19.34,19.34,0
1749101340,19.34,19.34,19.34,19.34,0
1749101345,19.34,19.34,19.34,19.34,0
1749101350,19.34,19.34,19.34,19.34,0
1749101355,19.34,19.34,19.34,19.34,0
1749101360,19.34,19.34,19.34,19.34,0
1749101365,19.34,19.34,19.34,19.34,0
1749101370,19.34,19.34,19.34,19.34,0
1749101375,19.34,19.34,19.34,19.34,0
1749101380,19.34,19.34,19.34,19.34,0
1749101385,19.34,19.34,19.34,19.34,0
1749101390,19.34,19.34,19.34,19.34,0
1749101395,19.34,19.34,19.34,19.34,0
1749101400,19.34,19.34,19.34,19.34,0
1749101405,19.34,19.34,19.34,19.34,0
1749101410,19.34,19.34,19.34,19.34,0
1749101415,19.34,19.34,19.34,19.34,0
1749101420,19.34,19.34,19.34,19.34,0
1749101425,19.34,19.34,19.34,19.34,0
1749101430,19.34,19.34,19.34,19.34,0
1749101435,19.34,19.34,19.34,19.34,0
1749101440,19.34,19.34,19.34,19.34,0
1749101445,19.34,19.34,19.34,19.34,0
1749101450,19.34,19.34,19.34,19.34,0
1749101455,19.34,19.34,19.34,19.34,0
1749101460,19.34,19.34,19.34,19.34,0
1749101465,19.34,19.34,19.34,19.34,0
1749101470,19.34,19.34,19.34,19.34,0
1749101475,19.34,19.34,19.34,19.34,0
1749101480,19.34,19.34,19.34,19.34,0
1749101485,19.34,19.34,19.34,19.34,0
1749101490,19.34,19.34,19.34,19.34,0
1749101495,19.34,19.34,19.34,19.34,0
1749101500,19.34,19.34,19.34,19.34,0
1749101505,19.34,19.34,19.34,19.34,0
1749101510,19.34,19.34,19.34,19.34,0
1749101515,19.34,19.34,19.34,19.34,0
1749101520,19.34,19.34,19.34,19.34,0
1749101525,19.34,19.34,19.34,19.34,0
1749101530,19.34,19.34,19.34,19.34,0
1749101535,19.34,19.34,19.34,19.34,0
1749101540,19.34,19.34,19.34,19.34,0
1749101545,19.34,19.34,19.34,19.34,0
1749101550,19.34,19.34,19.34,19.34,0
1749101555,19.34,19.34,19.34,19.34,0
1749101560,19.34,19.34,19.34,19.34,0
1749101565,19.34,19.34,19.34,19.34,0
1749101570,19.34,19.34,19.34,19.34,0
1749101575,19.34,19.34,19.34,19.34,0
1749101580,19.34,19.34,19.34,19.34,0
1749101585,19.34,19.34,19.34,19.34,0
1749101590,19.34,19.34,19.34,19.34,0
1749101595,19.34,19.34,19.34,19.34,0
1749101600,19.34,19.34,19.34,19.34,0
1749101605,19.34,19.34,19.34,19.34,0
1749101610,19.34,19.34,19.34,19.34,0
1749101615,19.34,19.34,19.34,19.34,0
1749101620,19.34,19.34,19.34,19.34,0
1749101625,19.34,19.34,19.34,19.34,0
1749101630,19.34,19.34,19.34,19.34,0
1749101635,19.34,19.34,19.34,19.34,0
1749101640,19.34,19.34,19.34,19.34,0
1749101645,19.34,19.34,19.34,19.34,0
1749101650,19.34,19.34,19.34,19.34,0
1749101655,19.34,19.34,19.34,19.34,0
1749101660,19.34,19.34,19.34,19.34,0
1749101665,19.34,19.34,19.34,19.34,0
1749101670,19.34,19.34,19.34,19.34,0
1749101675,19.34,19.34,19.34,19.34,0
1749101680,19.34,19.34,19.34,19.34,0
1749101685,19.34,19.34,19.34,19.34,0
1749101690,19.34,19.34,19.34,19.34,0
1749101695,19.34,19.34,19.34,19.34,0
1749101700,19.34,19.34,19.34,19.34,0
1749101705,19.34,19.34,19.34,19.34,0
1749101710,19.34,19.34,19.34,19.34,0
1749101715,19.34,19.34,19.34,19.34,0
1749101720,19.34,19.34,19.34,19.34,0
1749101725,19.34,19.34,19.34,19.34,0
1749101730,19.34,19.34,19.34,19.34,0
1749101735,19.34,19.34,19.34,19.34,0
1749101740,19.34,19.34,19.34,19.34,0
1749101745,19.34,19.34,19.34,19.34,0
1749101750,19.34,19.34,19.34,19.34,0
1749101755,19.34,19.34,19.34,19.34,0
1749101760,19.34,19.34,19.34,19.34,0
1749101765,19.34,19.34,19.34,19.34,0
1749101770,19.34,19.34,19.34,19.34,0
1749101775,19.34,19.34,19.34,19.34,0
1749101780,19.34,19.34,19.34,19.34,0
1749101785,19.34,19.34,19.34,19.34,0
1749101790,19.34,19.34,19.34,19.34,0
1749101795,19.34,19.34,19.34,19.34,0
1749101800,19.34,19.34,19.34,19.34,0
1749101805,19.34,19.34,19.34,19.34,0
1749101810,19.34,19.34,19.34,19.34,0
1749101815,19.34,19.34,19.34,19.34,0
1749101820,19.34,19.34,19.34,19.34,0
1749101825,19.34,19.34,19.34,19.34,0
1749101830,19.34,19.34,19.34,19.34,0
1749101835,19.34,19.34,19.34,19.34,0
1749101840,19.34,19.34,19.34,19.34,0
1749101845,19.34,19.34,19.34,19.34,0
1749101850,19.34,19.34,19.34,19.34,0
1749101855,19.34,19.34,19.34,19.34,0
1749101860,19.34,19.34,19.34,19.34,0
1749101865,19.34,19.34,19.34,19.34,0
1749101870,19.34,19.34,19.34,19.34,0
1749101875,19.34,19.34,19.34,19.34,0
1749101880,19.34,19.34,19.34,19.34,0
1749101885,19.34,19.34,19.34,19.34,0
1749101890,19.34,19.34,19.34,19.34,0
1749101895,19.34,19.34,19.34,19.34,0
1749101900,19.34,19.34,19.34,19.34,0
1749101905,19.34,19.34,19.34,19.34,0
1749101910,19.34,19.34,19.34,19.34,0
1749101915,19.34,19.34,19.34,19.34,0
1749101920,19.34,19.34,19.34,19.34,0
1749101925,19.34,19.34,19.34,19.34,0
1749101930,19.34,19.34,19.34,19.34,0
1749101935,19.34,19.34,19.34,19.34,0
1749101940,19.34,19.34,19.34,19.34,0
1749101945,19.34,19.34,19.34,19.34,0
1749101950,19.34,19.34,19.34,19.34,0
1749101955,19.34,19.34,19.34,19.34,0
1749101960,19.34,19.34,19.34,19.34,0
1749101965,19.34,19.34,19.34,19.34,0
1749101970,19.34,19.34,19.34,19.34,0
1749101975,19.34,19.34,19.34,19.34,0
1749101980,19.34,19.34,19.34,19.34,0
1749101985,19.34,19.34,19.34,19.34,0
1749101990,19.34,19.34,19.34,19.34,0
1749101995,19.34,19.34,19.34,19.34,0
1749102000,19.34,19.34,19.34,19.34,0
1749102005,19.34,19.34,19.34,19.34,0
1749102010,19.34,19.34,19.34,19.34,0
1749102015,19.34,19.34,19.34,19.34,0
1749102020,19.34,19.34,19.34,19.34,0
1749102025,19.34,19.34,19.34,19.34,0
1749102030,19.34,19.34,19.34,19.34,0
1749102035,19.34,19.34,19.34,19.34,0
1749102040,19.34,19.34,19.34,19.34,0
1749102045,19.34,19.34,19.34,19.34,0
1749102050,19.34,19.34,19.34,19.34,0
1749102055,19.34,19.34,19.34,19.34,0
1749102060,19.34,19.34,19.34,19.34,0
1749102065,19.34,19.34,19.34,19.34,0
1749102070,19.34,19.34,19.34,19.34,0
1749102075,19.34,19.34,19.34,19.34,0
1749102080,19.34,19.34,19.34,19.34,0
1749102085,19.34,19.34,19.34,19.34,0
1749102090,19.34,19.34,19.34,19.34,0
1749102095,19.34,19.34,19.34,19.34,0
1749102100,19.34,19.34,19.34,19.34,0
1749102105,19.34,19.34,19.34,19.34,0
1749102110,19.34,19.34,19.34,19.34,0
1749102115,19.34,19.34,19.34,19.34,0
1749102120,19.34,19.34,19.34,19.34,0
1749102125,19.34,19.34,19.34,19.34,0
1749102130,19.34,19.34,19.34,19.34,0
1749102135,19.34,19.34,19.34,19.34,0
1749102140,19.34,19.34,19.34,19.34,0
1749102145,19.34,19.34,19.34,19.34,0
1749102150,19.34,19.34,19.34,19.34,0
1749102155,19.34,19.34,19.34,19.34,0
1749102160,19.34,19.34,19.34,19.34,0
1749102165,19.34,19.34,19.34,19.34,0
1749102170,19.34,19.34,19.34,19.34,0
1749102175,19.34,19.34,19.34,19.34,0
1749102180,19.34,19.34,19.34,19.34,0
1749102185,19.34,19.34,19.34,19.34,0
1749102190,19.34,19.34,19.34,19.34,0
1749102195,19.34,19.34,19.34,19.34,0
1749102200,19.34,19.34,19.34,19.34,0
1749102205,19.34,19.34,19.34,19.34,0
1749102210,19.34,19.34,19.34,19.34,0
1749102215,19.34,19.34,19.34,19.34,0
1749102220,19.34,19.34,19.34,19.34,0
1749102225,19.34,19.34,19.34,19.34,0
1749102230,19.34,19.34,19.34,19.34,0
1749102235,19.34,19.34,19.34,19.34,0
1749102240,19.34,19.34,19.34,19.34,0
1749102245,19.34,19.34,19.34,19.34,0
1749102250,19.34,19.34,19.34,19.34,0
1749102255,19.34,19.34,19.34,19.34,0
1749102260,19.34,19.34,19.34,19.34,0
1749102265,19.34,19.34,19.34,19.34,0
1749102270,19.34,19.34,19.34,19.34,0
1749102275,19.34,19.34,19.34,19.34,0
1749102280,19.34,19.34,19.34,19.34,0
1749102285,19.34,19.34,19.34,19.34,0
1749102290,19.34,19.34,19.34,19.34,0
1749102295,19.34,19.34,19.34,19.34,0
1749102300,19.34,19.34,19.34,19.34,0
1749102305,19.34,19.34,19.34,19.34,0
1749102310,19.34,19.34,19.34,19.34,0
1749102315,19.34,19.34,19.34,19.34,0
1749102320,19.34,19.34,19.34,19.34,0
1749102325,19.34,19.34,19.34,19.34,0
1749102330,19.34,19.34,19.34,19.34,0
1749102335,19.34,19.34,19.34,19.34,0
1749102340,19.34,19.34,19.34,19.34,0
1749102345,19.34,19.34,19.34,19.34,0
1749102350,19.34,19.34,19.34,19.34,0
1749102355,19.34,19.34,19.34,19.34,0
1749102360,19.34,19.34,19.34,19.34,0
1749102365,19.34,19.34,19.34,19.34,0
1749102370,19.34,19.34,19.34,19.34,0
1749102375,19.34,19.34,19.34,19.34,0
1749102380,19.34,19.34,19.34,19.34,0
1749102385,19.34,19.34,19.34,19.34,0
1749102390,19.34,19.34,19.34,19.34,0
1749102395,19.34,19.34,19.34,19.34,0
1749102400,19.34,19.34,19.34,19.34,0
1749102405,19.34,19.34,19.34,19.34,0
1749102410,19.34,19.34,19.34,19.34,0
1749102415,19.34,19.34,19.34,19.34,0
1749102420,19.34,19.34,19.34,19.34,0
1749102425,19.34,19.34,19.34,19.34,0
1749102430,19.34,19.34,19.34,19.34,0
1749102435,19.34,19.34,19.34,19.34,0
1749102440,19.34,19.34,19.34,19.34,0
1749102445,19.34,19.34,19.34,19.34,0
1749102450,19.34,19.34,19.34,19.34,0
1749102455,19.34,19.34,19.34,19.34,0
1749102460,19.34,19.34,19.34,19.34,0
1749102465,19.34,19.34,19.34,19.34,0
1749102470,19.34,19.34,19.34,19.34,0
1749102475,19.34,19.34,19.34,19.34,0
1749102480,19.34,19.34,19.34,19.34,0
1749102485,19.34,19.34,19.34,19.34,0
1749102490,19.34,19.34,19.34,19.34,0
1749102495,19.34,19.34,19.34,19.34,0
1749102500,19.34,19.34,19.34,19.34,0
1749102505,19.34,19.34,19.34,19.34,0
1749102510,19.34,19.34,19.34,19.34,0
1749102515,19.34,19.34,19.34,19.34,0
1749102520,19.34,19.34,19.34,19.34,0
1749102525,19.34,19.34,19.34,19.34,0
1749102530,19.34,19.34,19.34,19.34,0
1749102535,19.34,19.34,19.34,19.34,0
1749102540,19.34,19.34,19.34,19.34,0
1749102545,19.34,19.34,19.34,19.34,0
1749102550,19.34,19.34,19.34,19.34,0
1749102555,19.34,19.34,19.34,19.34,0
1749102560,19.34,19.34,19.34,19.34,0
1749102565,19.34,19.34,19.34,19.34,0
1749102570,19.34,19.34,19.34,19.34,0
1749102575,19.34,19.34,19.34,19.34,0
1749102580,19.34,19.34,19.34,19.34,0
1749102585,19.34,19.34,19.34,19.34,0
1749102590,19.34,19.34,19.34,19.34,0
1749102595,19.34,19.34,19.34,19.34,0
1749102600,19.34,19.34,19.34,19.34,0
1749102605,19.34,19.34,19.34,19.34,0
1749102610,19.34,19.34,19.34,19.34,0
1749102615,19.34,19.34,19.34,19.34,0
1749102620,19.34,19.34,19.34,19.34,0
1749102625,19.34,19.34,19.34,19.34,0
1749102630,19.34,19.34,19.34,19.34,0
1749102635,19.34,19.34,19.34,19.34,0
1749102640,19.34,19.34,19.34,19.34,0
1749102645,19.34,19.34,19.34,19.34,0
1749102650,19.34,19.34,19.34,19.34,0
1749102655,19.34,19.34,19.34,19.34,0
1749102660,19.34,19.34,19.34,19.34,0
1749102665,19.34,19.34,19.34,19.34,0
1749102670,19.34,19.34,19.34,19.34,0
1749102675,19.34,19.34,19.34,19.34,0
1749102680,19.34,19.34,19.34,19.34,0
1749102685,19.34,19.34,19.34,19.34,0
1749102690,19.34,19.34,19.34,19.34,0
1749102695,19.34,19.34,19.34,19.34,0
1749102700,19.34,19.34,19.34,19.34,0
1749102705,19.34,19.34,19.34,19.34,0
1749102710,19.34,19.34,19.34,19.34,0
1749102715,19.34,19.34,19.34,19.34,0
1749102720,19.34,19.34,19.34,19.34,0
1749102725,19.34,19.34,19.34,19.34,0
1749102730,19.34,19.34,19.34,19.34,0
1749102735,19.34,19.34,19.34,19.34,0
1749102740,19.34,19.34,19.34,19.34,0
1749102745,19.34,19.34,19.34,19.34,0
1749102750,19.34,19.34,19.34,19.34,0
1749102755,19.34,19.34,19.34,19.34,0
1749102760,19.34,19.34,19.34,19.34,0
1749102765,19.34,19.34,19.34,19.34,0
1749102770,19.34,19.34,19.34,19.34,0
1749102775,19.34,19.34,19.34,19.34,0
1749102780,19.34,19.34,19.34,19.34,0
1749102785,19.34,19.34,19.34,19.34,0
1749102790,19.34,19.34,19.34,19.34,0
1749102795,19.34,19.34,19.34,19.34,0
1749102800,19.34,19.34,19.34,19.34,0
1749102805,19.34,19.34,19.34,19.34,0
1749102810,19.34,19.34,19.34,19.34,0
1749102815,19.34,19.34,19.34,19.34,0
1749102820,19.34,19.34,19.34,19.34,0
1749102825,19.34,19.34,19.34,19.34,0
1749102830,19.34,19.34,19.34,19.34,0
1749102835,19.34,19.34,19.34,19.34,0
1749102840,19.34,19.34,19.34,19.34,0
1749102845,19.34,19.34,19.34,19.34,0
1749102850,19.34,19.34,19.34,19.34,0
1749102855,19.34,19.34,19.34,19.34,0
1749102860,19.34,19.34,19.34,19.34,0
1749102865,19.34,19.34,19.34,19.34,0
1749102870,19.34,19.34,19.34,19.34,0
1749102875,19.34,19.34,19.34,19.34,0
1749102880,19.34,19.34,19.34,19.34,0
1749102885,19.34,19.34,19.34,19.34,0
1749102890,19.34,19.34,19.34,19.34,0
1749102895,19.34,19.34,19.34,19.34,0
1749102900,19.34,19.34,19.34,19.34,0
1749102905,19.34,19.34,19.34,19.34,0
1749102910,19.34,19.34,19.34,19.34,0
1749102915,19.34,19.34,19.34,19.34,0
1749102920,19.34,19.34,19.34,19.34,0
1749102925,19.34,19.34,19.34,19.34,0
1749102930,19.34,19.34,19.34,19.34,0
1749102935,19.34,19.34,19.34,19.34,0
1749102940,19.34,19.34,19.34,19.34,0
1749102945,19.34,19.34,19.34,19.34,0
1749102950,19.34,19.34,19.34,19.34,0
1749102955,19.34,19.34,19.34,19.34,0
1749102960,19.34,19.34,19.34,19.34,0
1749102965,19.34,19.34,19.34,19.34,0
1749102970,19.34,19.34,19.34,19.34,0
1749102975,19.34,19.34,19.34,19.34,0
1749102980,19.34,19.34,19.34,19.34,0
1749102985,19.34,19.34,19.34,19.34,0
1749102990,19.34,19.34,19.34,19.34,0
1749102995,19.34,19.34,19.34,19.34,0
1749103000,19.34,19.34,19.34,19.34,0
1749103005,19.34,19.34,19.34,19.34,0
1749103010,19.34,19.34,19.34,19.34,0
1749103015,19.34,19.34,19.34,19.34,0
1749103020,19.34,19.34,19.34,19.34,0
1749103025,19.34,19.34,19.34,19.34,0
1749103030,19.34,19.34,19.34,19.34,0
1749103035,19.34,19.34,19.34,19.34,0
1749103040,19.34,19.34,19.34,19.34,0
1749103045,19.34,19.34,19.34,19.34,0
1749103050,19.34,19.34,19.34,19.34,0
1749103055,19.34,19.34,19.34,19.34,0
1749103060,19.34,19.34,19.34,19.34,0
1749103065,19.34,19.34,19.34,19.34,0
1749103070,19.34,19.34,19.34,19.34,0
1749103075,19.34,19.34,19.34,19.34,0
1749103080,19.34,19.34,19.34,19.34,0
1749103085,19.34,19.34,19.34,19.34,0
1749103090,19.34,19.34,19.34,19.34,0
1749103095,19.34,19.34,19.34,19.34,0
1749103100,19.34,19.34,19.34,19.34,0
1749103105,19.34,19.34,19.34,19.34,0
1749103110,19.34,19.34,19.34,19.34,0
1749103115,19.34,19.34,19.34,19.34,0
1749103120,19.34,19.34,19.34,19.34,0
1749103125,19.34,19.34,19.34,19.34,0
1749103130,19.34,19.34,19.34,19.34,0
1749103135,19.34,19.34,19.34,19.34,0
1749103140,19.34,19.34,19.34,19.34,0
1749103145,19.34,19.34,19.34,19.34,0
1749103150,19.34,19.34,19.34,19.34,0
1749103155,19.34,19.34,19.34,19.34,0
1749103160,19.34,19.34,19.34,19.34,0
1749103165,19.34,19.34,19.34,19.34,0
1749103170,19.34,19.34,19.34,19.34,0
1749103175,19.34,19.34,19.34,19.34,0
1749103180,19.34,19.34,19.34,19.34,0
1749103185,19.34,19.34,19.34,19.34,0
1749103190,19.34,19.34,19.34,19.34,0
1749103195,19.34,19.34,19.34,19.34,0
1749103200,19.34,19.34,19.34,19.34,0
1749103205,19.34,19.34,19.34,19.34,0
1749103210,19.34,19.34,19.34,19.34,0
1749103215,19.34,19.34,19.34,19.34,0
1749103220,19.34,19.34,19.34,19.34,0
1749103225,19.34,19.34,19.34,19.34,0
1749103230,19.34,19.34,19.34,19.34,0
1749103235,19.34,19.34,19.34,19.34,0
1749103240,19.34,19.34,19.34,19.34,0
1749103245,19.34,19.34,19.34,19.34,0
1749103250,19.34,19.34,19.34,19.34,0
1749103255,19.34,19.34,19.34,19.34,0
1749103260,19.34,19.34,19.34,19.34,0
1749103265,19.34,19.34,19.34,19.34,0
1749103270,19.34,19.34,19.34,19.34,0
1749103275,19.34,19.34,19.34,19.34,0
1749103280,19.34,19.34,19.34,19.34,0
1749103285,19.34,19.34,19.34,19.34,0
1749103290,19.34,19.34,19.34,19.34,0
1749103295,19.34,19.34,19.34,19.34,0
1749103300,19.34,19.34,19.34,19.34,0
1749103305,19.34,19.34,19.34,19.34,0
1749103310,19.34,19.34,19.34,19.34,0
1749103315,19.34,19.34,19.34,19.34,0
1749103320,19.34,19.34,19.34,19.34,0
1749103325,19.34,19.34,19.34,19.34,0
1749103330,19.34,19.34,19.34,19.34,0
1749103335,19.34,19.34,19.34,19.34,0
1749103340,19.34,19.34,19.34,19.34,0
1749103345,19.34,19.34,19.34,19.34,0
1749103350,19.34,19.34,19.34,19.34,0
1749103355,19.34,19.34,19.34,19.34,0
1749103360,19.34,19.34,19.34,19.34,0
1749103365,19.34,19.34,19.34,19.34,0
1749103370,19.34,19.34,19.34,19.34,0
1749103375,19.34,19.34,19.34,19.34,0
1749103380,19.34,19.34,19.34,19.34,0
1749103385,19.34,19.34,19.34,19.34,0
1749103390,19.34,19.34,19.34,19.34,0
1749103395,19.34,19.34,19.34,19.34,0
1749103400,19.34,19.34,19.34,19.34,0
1749103405,19.34,19.34,19.34,19.34,0
1749103410,19.34,19.34,19.34,19.34,0
1749103415,19.34,19.34,19.34,19.34,0
1749103420,19.34,19.34,19.34,19.34,0
1749103425,19.34,19.34,19.34,19.34,0
1749103430,19.34,19.34,19.34,19.34,0
1749103435,19.34,19.34,19.34,19.34,0
1749103440,19.34,19.34,19.34,19.34,0
1749103445,19.34,19.34,19.34,19.34,0
1749103450,19.34,19.34,19.34,19.34,0
1749103455,19.34,19.34,19.34,19.34,0
1749103460,19.34,19.34,19.34,19.34,0
1749103465,19.34,19.34,19.34,19.34,0
1749103470,19.34,19.34,19.34,19.34,0
1749103475,19.34,19.34,19.34,19.34,0
1749103480,19.34,19.34,19.34,19.34,0
1749103485,19.34,19.34,19.34,19.34,0
1749103490,19.34,19.34,19.34,19.34,0
1749103495,19.34,19.34,19.34,19.34,0
1749103500,19.34,19.34,19.34,19.34,0
1749103505,19.34,19.34,19.34,19.34,0
1749103510,19.34,19.34,19.34,19.34,0
1749103515,19.34,19.34,19.34,19.34,0
1749103520,19.34,19.34,19.34,19.34,0
1749103525,19.34,19.34,19.34,19.34,0
1749103530,19.34,19.34,19.34,19.34,0
1749103535,19.34,19.34,19.34,19.34,0
1749103540,19.34,19.34,19.34,19.34,0
1749103545,19.34,19.34,19.34,19.34,0
1749103550,19.34,19.34,19.34,19.34,0
1749103555,19.34,19.34,19.34,19.34,0
1749103560,19.34,19.34,19.34,19.34,0
1749103565,19.34,19.34,19.34,19.34,0
1749103570,19.34,19.34,19.34,19.34,0
1749103575,19.34,19.34,19.34,19.34,0
1749103580,19.34,19.34,19.34,19.34,0
1749103585,19.34,19.34,19.34,19.34,0
1749103590,19.34,19.34,19.34,19.34,0
1749103595,19.34,19.34,19.34,19.34,0
1749103600,19.34,19.34,19.34,19.34,0
1749103605,19.34,19.34,19.34,19.34,0
1749103610,19.34,19.34,19.34,19.34,0
1749103615,19.34,19.34,19.34,19.34,0
1749103620,19.34,19.34,19.34,19.34,0
1749103625,19.34,19.34,19.34,19.34,0
1749103630,19.34,19.34,19.34,19.34,0
1749103635,19.34,19.34,19.34,19.34,0
1749103640,19.34,19.34,19.34,19.34,0
1749103645,19.34,19.34,19.34,19.34,0
1749103650,19.34,19.34,19.34,19.34,0
1749103655,19.34,19.34,19.34,19.34,0
1749103660,19.34,19.34,19.34,19.34,0
1749103665,19.34,19.34,19.34,19.34,0
1749103670,19.34,19.34,19.34,19.34,0
1749103675,19.34,19.34,19.34,19.34,0
1749103680,19.34,19.34,19.34,19.34,0
1749103685,19.34,19.34,19.34,19.34,0
1749103690,19.34,19.34,19.34,19.34,0
1749103695,19.34,19.34,19.34,19.34,0
1749103700,19.34,19.34,19.34,19.34,0
1749103705,19.34,19.34,19.34,19.34,0
1749103710,19.34,19.34,19.34,19.34,0
1749103715,19.34,19.34,19.34,19.34,0
1749103720,19.34,19.34,19.34,19.34,0
1749103725,19.34,19.34,19.34,19.34,0
1749103730,19.34,19.34,19.34,19.34,0
1749103735,19.34,19.34,19.34,19.34,0
1749103740,19.34,19.34,19.34,19.34,0
1749103745,19.34,19.34,19.34,19.34,0
1749103750,19.34,19.34,19.34,19.34,0
1749103755,19.34,19.34,19.34,19.34,0
1749103760,19.34,19.34,19.34,19.34,0
1749103765,19.34,19.34,19.34,19.34,0
1749103770,19.34,19.34,19.34,19.34,0
1749103775,19.34,19.34,19.34,19.34,0
1749103780,19.34,19.34,19.34,19.34,0
1749103785,19.34,19.34,19.34,19.34,0
1749103790,19.34,19.34,19.34,19.34,0
1749103795,19.34,19.34,19.34,19.34,0
1749103800,19.34,19.34,19.34,19.34,0
1749103805,19.34,19.34,19.34,19.34,0
1749103810,19.34,19.34,19.34,19.34,0
1749103815,19.34,19.34,19.34,19.34,0
1749103820,19.34,19.34,19.34,19.34,0
1749103825,19.34,19.34,19.34,19.34,0
1749103830,19.34,19.34,19.34,19.34,0
1749103835,19.34,19.34,19.34,19.34,0
1749103840,19.34,19.34,19.34,19.34,0
1749103845,19.34,19.34,19.34,19.34,0
1749103850,19.34,19.34,19.34,19.34,0
1749103855,19.34,19.34,19.34,19.34,0
1749103860,19.34,19.34,19.34,19.34,0
1749103865,19.34,19.34,19.34,19.34,0
1749103870,19.34,19.34,19.34,19.34,0
1749103875,19.34,19.34,19.34,19.34,0
1749103880,19.34,19.34,19.34,19.34,0
1749103885,19.34,19.34,19.34,19.34,0
1749103890,19.34,19.34,19.34,19.34,0
1749103895,19.34,19.34,19.34,19.34,0
1749103900,19.34,19.34,19.34,19.34,0
1749103905,19.34,19.34,19.34,19.34,0
1749103910,19.34,19.34,19.34,19.34,0
1749103915,19.34,19.34,19.34,19.34,0
1749103920,19.34,19.34,19.34,19.34,0
1749103925,19.34,19.34,19.34,19.34,0
1749103930,19.34,19.34,19.34,19.34,0
1749103935,19.34,19.34,19.34,19.34,0
1749103940,19.34,19.34,19.34,19.34,0
1749103945,19.34,19.34,19.34,19.34,0
1749103950,19.34,19.34,19.34,19.34,0
1749103955,19.34,19.34,19.34,19.34,0
1749103960,19.34,19.34,19.34,19.34,0
1749103965,19.34,19.34,19.34,19.34,0
1749103970,19.34,19.34,19.34,19.34,0
1749103975,19.34,19.34,19.34,19.34,0
1749103980,19.34,19.34,19.34,19.34,0
1749103985,19.34,19.34,19.34,19.34,0
1749103990,19.34,19.34,19.34,19.34,0
1749103995,19.34,19.34,19.34,19.34,0
1749104000,19.34,19.34,19.34,19.34,0
1749104005,19.34,19.34,19.34,19.34,0
1749104010,19.34,19.34,19.34,19.34,0
1749104015,19.34,19.34,19.34,19.34,0
1749104020,19.34,19.34,19.34,19.34,0
1749104025,19.34,19.34,19.34,19.34,0
1749104030,19.34,19.34,19.34,19.34,0
1749104035,19.34,19.34,19.34,19.34,0
1749104040,19.34,19.34,19.34,19.34,0
1749104045,19.34,19.34,19.34,19.34,0
1749104050,19.34,19.34,19.34,19.34,0
1749104055,19.34,19.34,19.34,19.34,0
1749104060,19.34,19.34,19.34,19.34,0
1749104065,19.34,19.34,19.34,19.34,0
1749104070,19.34,19.34,19.34,19.34,0
1749104075,19.34,19.34,19.34,19.34,0
1749104080,19.34,19.34,19.34,19.34,0
1749104085,19.34,19.34,19.34,19.34,0
1749104090,19.34,19.34,19.34,19.34,0
1749104095,19.34,19.34,19.34,19.34,0
1749104100,19.34,19.34,19.34,19.34,0
1749104105,19.34,19.34,19.34,19.34,0
1749104110,19.34,19.34,19.34,19.34,0
1749104115,19.34,19.34,19.34,19.34,0
1749104120,19.34,19.34,19.34,19.34,0
1749104125,19.34,19.34,19.34,19.34,0
1749104130,19.34,19.34,19.34,19.34,0
1749104135,19.34,19.34,19.34,19.34,0
1749104140,19.34,19.34,19.34,19.34,0
1749104145,19.34,19.34,19.34,19.34,0
1749104150,19.34,19.34,19.34,19.34,0
1749104155,19.34,19.34,19.34,19.34,0
1749104160,19.34,19.34,19.34,19.34,0
1749104165,19.34,19.34,19.34,19.34,0
1749104170,19.34,19.34,19.34,19.34,0
1749104175,19.34,19.34,19.34,19.34,0
1749104180,19.34,19.34,19.34,19.34,0
1749104185,19.34,19.34,19.34,19.34,0
1749104190,19.34,19.34,19.34,19.34,0
1749104195,19.34,19.34,19.34,19.34,0
1749104200,19.34,19.34,19.34,19.34,0
1749104205,19.34,19.34,19.34,19.34,0
1749104210,19.34,19.34,19.34,19.34,0
1749104215,19.34,19.34,19.34,19.34,0
1749104220,19.34,19.34,19.34,19.34,0
1749104225,19.34,19.34,19.34,19.34,0
1749104230,19.34,19.34,19.34,19.34,0
1749104235,19.34,19.34,19.34,19.34,0
1749104240,19.34,19.34,19.34,19.34,0
1749104245,19.34,19.34,19.34,19.34,0
1749104250,19.34,19.34,19.34,19.34,0
1749104255,19.34,19.34,19.34,19.34,0
1749104260,19.34,19.34,19.34,19.34,0
1749104265,19.34,19.34,19.34,19.34,0
1749104270,19.34,19.34,19.34,19.34,0
1749104275,19.34,19.34,19.34,19.34,0
1749104280,19.34,19.34,19.34,19.34,0
1749104285,19.34,19.34,19.34,19.34,0
1749104290,19.34,19.34,19.34,19.34,0
1749104295,19.34,19.34,19.34,19.34,0
1749104300,19.34,19.34,19.34,19.34,0
1749104305,19.34,19.34,19.34,19.34,0
1749104310,19.34,19.34,19.34,19.34,1
1749104315,19.34,19.34,19.34,19.34,0
1749104320,19.34,19.34,19.34,19.34,0
1749104325,19.34,19.34,19.34,19.34,0
1749104330,19.34,19.34,19.34,19.34,0
1749104335,19.34,19.34,19.34,19.34,0
1749104340,19.34,19.34,19.34,19.34,0
1749104345,19.34,19.34,19.34,19.34,0
1749104350,19.34,19.34,19.34,19.34,0
1749104355,19.34,19.34,19.34,19.34,0
1749104360,19.34,19.34,19.34,19.34,0
1749104365,19.34,19.34,19.34,19.34,0
1749104370,19.34,19.34,19.34,19.34,0
1749104375,19.34,19.34,19.34,19.34,0
1749104380,19.34,19.34,19.34,19.34,0
1749104385,19.34,19.34,19.34,19.34,0
1749104390,19.34,19.34,19.34,19.34,0
1749104395,19.34,19.34,19.34,19.34,0
1749104400,19.34,19.34,19.34,19.34,0
1749104405,19.34,19.34,19.34,19.34,0
1749104410,19.32,19.32,19.32,19.32,2
1749104415,19.32,19.32,19.32,19.32,0
1749104420,19.32,19.32,19.32,19.32,0
1749104425,19.32,19.32,19.32,19.32,0
1749104430,19.32,19.32,19.32,19.32,0
1749104435,19.32,19.32,19.32,19.32,0
1749104440,19.32,19.32,19.32,19.32,0
1749104445,19.32,19.32,19.32,19.32,0
1749104450,19.32,19.32,19.32,19.32,0
1749104455,19.32,19.32,19.32,19.32,0
1749104460,19.32,19.32,19.32,19.32,0
1749104465,19.32,19.32,19.32,19.32,0
1749104470,19.32,19.32,19.32,19.32,0
1749104475,19.32,19.32,19.32,19.32,0
1749104480,19.32,19.32,19.32,19.32,0
1749104485,19.32,19.32,19.32,19.32,0
1749104490,19.32,19.32,19.32,19.32,0
1749104495,19.32,19.32,19.32,19.32,0
1749104500,19.32,19.32,19.32,19.32,0
1749104505,19.32,19.32,19.32,19.32,0
1749104510,19.32,19.32,19.32,19.32,0
1749104515,19.32,19.32,19.32,19.32,0
1749104520,19.32,19.32,19.32,19.32,0
1749104525,19.32,19.32,19.32,19.32,0
1749104530,19.3,19.3,19.3,19.3,1
1749104535,19.3,19.3,19.3,19.3,0
1749104540,19.3,19.3,19.3,19.3,0
1749104545,19.3,19.3,19.3,19.3,0
1749104550,19.3,19.3,19.3,19.3,0
1749104555,19.3,19.3,19.3,19.3,0
1749104560,19.3,19.3,19.3,19.3,0
1749104565,19.3,19.3,19.3,19.3,0
1749104570,19.3,19.3,19.3,19.3,0
1749104575,19.3,19.3,19.3,19.3,0
1749104580,19.3,19.3,19.3,19.3,0
1749104585,19.3,19.3,19.3,19.3,0
1749104590,19.3,19.3,19.3,19.3,0
1749104595,19.3,19.3,19.3,19.3,0
1749104600,19.3,19.3,19.3,19.3,0
1749104605,19.3,19.3,19.3,19.3,0
1749104610,19.3,19.3,19.3,19.3,0
1749104615,19.3,19.3,19.3,19.3,0
1749104620,19.3,19.3,19.3,19.3,0
1749104625,19.3,19.3,19.3,19.3,0
1749104630,19.3,19.3,19.3,19.3,0
1749104635,19.3,19.3,19.3,19.3,0
1749104640,19.3,19.3,19.3,19.3,0
1749104645,19.3,19.3,19.3,19.3,0
1749104650,19.3,19.3,19.3,19.3,0
1749104655,19.3,19.3,19.3,19.3,0
1749104660,19.3,19.3,19.3,19.3,0
1749104665,19.3,19.3,19.3,19.3,0
1749104670,19.3,19.3,19.3,19.3,0
1749104675,19.3,19.3,19.3,19.3,0
1749104680,19.3,19.3,19.3,19.3,0
1749104685,19.3,19.3,19.3,19.3,0
1749104690,19.3,19.3,19.3,19.3,0
1749104695,19.3,19.3,19.3,19.3,0
1749104700,19.3,19.3,19.3,19.3,0
1749104705,19.3,19.3,19.3,19.3,0
1749104710,19.3,19.3,19.3,19.3,0
1749104715,19.3,19.3,19.3,19.3,0
1749104720,19.3,19.3,19.3,19.3,0
1749104725,19.3,19.3,19.3,19.3,0
1749104730,19.3,19.3,19.3,19.3,0
1749104735,19.3,19.3,19.3,19.3,0
1749104740,19.3,19.3,19.3,19.3,0
1749104745,19.3,19.3,19.3,19.3,0
1749104750,19.3,19.3,19.3,19.3,0
1749104755,19.3,19.3,19.3,19.3,0
1749104760,19.3,19.3,19.3,19.3,0
1749104765,19.3,19.3,19.3,19.3,0
1749104770,19.3,19.3,19.3,19.3,0
1749104775,19.3,19.3,19.3,19.3,0
1749104780,19.3,19.3,19.3,19.3,0
1749104785,19.3,19.3,19.3,19.3,0
1749104790,19.3,19.3,19.3,19.3,0
1749104795,19.3,19.3,19.3,19.3,0
1749104800,19.3,19.3,19.3,19.3,0
1749104805,19.3,19.3,19.3,19.3,0
1749104810,19.3,19.3,19.3,19.3,0
1749104815,19.3,19.3,19.3,19.3,0
1749104820,19.3,19.3,19.3,19.3,0
1749104825,19.3,19.3,19.3,19.3,0
1749104830,19.3,19.3,19.3,19.3,0
1749104835,19.3,19.3,19.3,19.3,0
1749104840,19.3,19.3,19.3,19.3,0
1749104845,19.3,19.3,19.3,19.3,0
1749104850,19.3,19.3,19.3,19.3,0
1749104855,19.3,19.3,19.3,19.3,0
1749104860,19.3,19.3,19.3,19.3,0
1749104865,19.3,19.3,19.3,19.3,0
1749104870,19.3,19.3,19.3,19.3,0
1749104875,19.3,19.3,19.3,19.3,0
1749104880,19.3,19.3,19.3,19.3,0
1749104885,19.3,19.3,19.3,19.3,0
1749104890,19.3,19.3,19.3,19.3,0
1749104895,19.3,19.3,19.3,19.3,0
1749104900,19.3,19.3,19.3,19.3,0
1749104905,19.3,19.3,19.3,19.3,0
1749104910,19.3,19.3,19.3,19.3,0
1749104915,19.3,19.3,19.3,19.3,0
1749104920,19.3,19.3,19.3,19.3,0
1749104925,19.3,19.3,19.3,19.3,0
1749104930,19.3,19.3,19.3,19.3,0
1749104935,19.3,19.3,19.3,19.3,0
1749104940,19.3,19.3,19.3,19.3,0
1749104945,19.3,19.3,19.3,19.3,0
1749104950,19.3,19.3,19.3,19.3,0
1749104955,19.3,19.3,19.3,19.3,0
1749104960,19.3,19.3,19.3,19.3,0
1749104965,19.3,19.3,19.3,19.3,0
1749104970,19.3,19.3,19.3,19.3,0
1749104975,19.3,19.3,19.3,19.3,0
1749104980,19.3,19.3,19.3,19.3,0
1749104985,19.3,19.3,19.3,19.3,0
1749104990,19.3,19.3,19.3,19.3,0
1749104995,19.3,19.3,19.3,19.3,0
1749105000,19.3,19.3,19.3,19.3,0
1749105005,19.3,19.3,19.3,19.3,0
1749105010,19.3,19.3,19.3,19.3,0
1749105015,19.3,19.3,19.3,19.3,0
1749105020,19.3,19.3,19.3,19.3,0
1749105025,19.3,19.3,19.3,19.3,0
1749105030,19.3,19.3,19.3,19.3,0
1749105035,19.3,19.3,19.3,19.3,0
1749105040,19.3,19.3,19.3,19.3,0
1749105045,19.3,19.3,19.3,19.3,0
1749105050,19.3,19.3,19.3,19.3,0
1749105055,19.3,19.3,19.3,19.3,0
1749105060,19.3,19.3,19.3,19.3,0
1749105065,19.3,19.3,19.3,19.3,0
1749105070,19.3,19.3,19.3,19.3,0
1749105075,19.3,19.3,19.3,19.3,0
1749105080,19.3,19.3,19.3,19.3,0
1749105085,19.3,19.3,19.3,19.3,0
1749105090,19.3,19.3,19.3,19.3,0
1749105095,19.3,19.3,19.3,19.3,0
1749105100,19.3,19.3,19.3,19.3,0
1749105105,19.3,19.3,19.3,19.3,0
1749105110,19.3,19.3,19.3,19.3,0
1749105115,19.3,19.3,19.3,19.3,0
1749105120,19.3,19.3,19.3,19.3,0
1749105125,19.3,19.3,19.3,19.3,0
1749105130,19.3,19.3,19.3,19.3,0
1749105135,19.3,19.3,19.3,19.3,0
1749105140,19.3,19.3,19.3,19.3,0
1749105145,19.3,19.3,19.3,19.3,0
1749105150,19.3,19.3,19.3,19.3,0
1749105155,19.3,19.3,19.3,19.3,0
1749105160,19.3,19.3,19.3,19.3,0
1749105165,19.3,19.3,19.3,19.3,0
1749105170,19.3,19.3,19.3,19.3,0
1749105175,19.3,19.3,19.3,19.3,0
1749105180,19.3,19.3,19.3,19.3,0
1749105185,19.3,19.3,19.3,19.3,0
1749105190,19.3,19.3,19.3,19.3,0
1749105195,19.3,19.3,19.3,19.3,0
1749105200,19.3,19.3,19.3,19.3,0
1749105205,19.3,19.3,19.3,19.3,0
1749105210,19.3,19.3,19.3,19.3,0
1749105215,19.3,19.3,19.3,19.3,0
1749105220,19.3,19.3,19.3,19.3,0
1749105225,19.3,19.3,19.3,19.3,0
1749105230,19.3,19.3,19.3,19.3,0
1749105235,19.3,19.3,19.3,19.3,0
1749105240,19.3,19.3,19.3,19.3,0
1749105245,19.3,19.3,19.3,19.3,0
1749105250,19.3,19.3,19.3,19.3,0
1749105255,19.3,19.3,19.3,19.3,0
1749105260,19.3,19.3,19.3,19.3,0
1749105265,19.3,19.3,19.3,19.3,0
1749105270,19.3,19.3,19.3,19.3,0
1749105275,19.3,19.3,19.3,19.3,0
1749105280,19.3,19.3,19.3,19.3,0
1749105285,19.3,19.3,19.3,19.3,0
1749105290,19.3,19.3,19.3,19.3,0
1749105295,19.3,19.3,19.3,19.3,0
1749105300,19.3,19.3,19.3,19.3,0
1749105305,19.3,19.3,19.3,19.3,0
1749105310,19.3,19.3,19.3,19.3,0
1749105315,19.3,19.3,19.3,19.3,0
1749105320,19.3,19.3,19.3,19.3,0
1749105325,19.3,19.3,19.3,19.3,0
1749105330,19.3,19.3,19.3,19.3,0
1749105335,19.3,19.3,19.3,19.3,0
1749105340,19.3,19.3,19.3,19.3,0
1749105345,19.3,19.3,19.3,19.3,0
1749105350,19.3,19.3,19.3,19.3,0
1749105355,19.3,19.3,19.3,19.3,0
1749105360,19.3,19.3,19.3,19.3,0
1749105365,19.3,19.3,19.3,19.3,0
1749105370,19.3,19.3,19.3,19.3,0
1749105375,19.3,19.3,19.3,19.3,0
1749105380,19.3,19.3,19.3,19.3,0
1749105385,19.3,19.3,19.3,19.3,0
1749105390,19.3,19.3,19.3,19.3,0
1749105395,19.3,19.3,19.3,19.3,0
1749105400,19.3,19.3,19.3,19.3,0
1749105405,19.3,19.3,19.3,19.3,0
1749105410,19.3,19.3,19.3,19.3,0
1749105415,19.3,19.3,19.3,19.3,0
1749105420,19.3,19.3,19.3,19.3,0
1749105425,19.3,19.3,19.3,19.3,0
1749105430,19.3,19.3,19.3,19.3,0
1749105435,19.3,19.3,19.3,19.3,0
1749105440,19.3,19.3,19.3,19.3,0
1749105445,19.3,19.3,19.3,19.3,0
1749105450,19.3,19.3,19.3,19.3,0
1749105455,19.3,19.3,19.3,19.3,0
1749105460,19.3,19.3,19.3,19.3,0
1749105465,19.3,19.3,19.3,19.3,0
1749105470,19.3,19.3,19.3,19.3,0
1749105475,19.3,19.3,19.3,19.3,0
1749105480,19.3,19.3,19.3,19.3,0
1749105485,19.3,19.3,19.3,19.3,0
1749105490,19.3,19.3,19.3,19.3,0
1749105495,19.3,19.3,19.3,19.3,0
1749105500,19.3,19.3,19.3,19.3,0
1749105505,19.3,19.3,19.3,19.3,0
1749105510,19.3,19.3,19.3,19.3,0
1749105515,19.3,19.3,19.3,19.3,0
1749105520,19.3,19.3,19.3,19.3,0
1749105525,19.3,19.3,19.3,19.3,0
1749105530,19.3,19.3,19.3,19.3,0
1749105535,19.3,19.3,19.3,19.3,0
1749105540,19.3,19.3,19.3,19.3,0
1749105545,19.3,19.3,19.3,19.3,0
1749105550,19.3,19.3,19.3,19.3,0
1749105555,19.3,19.3,19.3,19.3,0
1749105560,19.3,19.3,19.3,19.3,0
1749105565,19.3,19.3,19.3,19.3,0
1749105570,19.3,19.3,19.3,19.3,0
1749105575,19.3,19.3,19.3,19.3,0
1749105580,19.3,19.3,19.3,19.3,0
1749105585,19.3,19.3,19.3,19.3,0
1749105590,19.3,19.3,19.3,19.3,0
1749105595,19.3,19.3,19.3,19.3,0
1749105600,19.3,19.3,19.3,19.3,0
1749105605,19.3,19.3,19.3,19.3,0
1749105610,19.3,19.3,19.3,19.3,0
1749105615,19.3,19.3,19.3,19.3,0
1749105620,19.3,19.3,19.3,19.3,0
1749105625,19.3,19.3,19.3,19.3,0
1749105630,19.3,19.3,19.3,19.3,0
1749105635,19.3,19.3,19.3,19.3,0
1749105640,19.3,19.3,19.3,19.3,0
1749105645,19.3,19.3,19.3,19.3,0
1749105650,19.3,19.3,19.3,19.3,0
1749105655,19.3,19.3,19.3,19.3,0
1749105660,19.3,19.3,19.3,19.3,0
1749105665,19.3,19.3,19.3,19.3,0
1749105670,19.3,19.3,19.3,19.3,0
1749105675,19.3,19.3,19.3,19.3,0
1749105680,19.3,19.3,19.3,19.3,0
1749105685,19.3,19.3,19.3,19.3,0
1749105690,19.3,19.3,19.3,19.3,0
1749105695,19.3,19.3,19.3,19.3,0
1749105700,19.3,19.3,19.3,19.3,0
1749105705,19.3,19.3,19.3,19.3,0
1749105710,19.3,19.3,19.3,19.3,0
1749105715,19.3,19.3,19.3,19.3,0
1749105720,19.3,19.3,19.3,19.3,0
1749105725,19.3,19.3,19.3,19.3,0
1749105730,19.3,19.3,19.3,19.3,0
1749105735,19.3,19.3,19.3,19.3,0
1749105740,19.3,19.3,19.3,19.3,0
1749105745,19.3,19.3,19.3,19.3,0
1749105750,19.3,19.3,19.3,19.3,0
1749105755,19.3,19.3,19.3,19.3,0
1749105760,19.3,19.3,19.3,19.3,0
1749105765,19.3,19.3,19.3,19.3,0
1749105770,19.3,19.3,19.3,19.3,0
1749105775,19.3,19.3,19.3,19.3,0
1749105780,19.3,19.3,19.3,19.3,0
1749105785,19.3,19.3,19.3,19.3,0
1749105790,19.3,19.3,19.3,19.3,0
1749105795,19.3,19.3,19.3,19.3,0
1749105800,19.3,19.3,19.3,19.3,0
1749105805,19.3,19.3,19.3,19.3,0
1749105810,19.3,19.3,19.3,19.3,0
1749105815,19.3,19.3,19.3,19.3,0
1749105820,19.3,19.3,19.3,19.3,0
1749105825,19.3,19.3,19.3,19.3,0
1749105830,19.3,19.3,19.3,19.3,0
1749105835,19.3,19.3,19.3,19.3,0
1749105840,19.3,19.3,19.3,19.3,0
1749105845,19.3,19.3,19.3,19.3,0
1749105850,19.3,19.3,19.3,19.3,0
1749105855,19.3,19.3,19.3,19.3,0
1749105860,19.3,19.3,19.3,19.3,0
1749105865,19.3,19.3,19.3,19.3,0
1749105870,19.3,19.3,19.3,19.3,0
1749105875,19.3,19.3,19.3,19.3,0
1749105880,19.3,19.3,19.3,19.3,0
1749105885,19.3,19.3,19.3,19.3,0
1749105890,19.3,19.3,19.3,19.3,0
1749105895,19.3,19.3,19.3,19.3,0
1749105900,19.3,19.3,19.3,19.3,0
1749105905,19.3,19.3,19.3,19.3,0
1749105910,19.3,19.3,19.3,19.3,0
1749105915,19.3,19.3,19.3,19.3,0
1749105920,19.3,19.3,19.3,19.3,0
1749105925,19.3,19.3,19.3,19.3,0
1749105930,19.3,19.3,19.3,19.3,0
1749105935,19.3,19.3,19.3,19.3,0
1749105940,19.3,19.3,19.3,19.3,0
1749105945,19.3,19.3,19.3,19.3,0
1749105950,19.3,19.3,19.3,19.3,0
1749105955,19.3,19.3,19.3,19.3,0
1749105960,19.3,19.3,19.3,19.3,0
1749105965,19.3,19.3,19.3,19.3,0
1749105970,19.3,19.3,19.3,19.3,0
1749105975,19.3,19.3,19.3,19.3,0
1749105980,19.3,19.3,19.3,19.3,0
1749105985,19.3,19.3,19.3,19.3,0
1749105990,19.3,19.3,19.3,19.3,0
1749105995,19.3,19.3,19.3,19.3,0
1749106000,19.3,19.3,19.3,19.3,0
1749106005,19.3,19.3,19.3,19.3,0
1749106010,19.3,19.3,19.3,19.3,0
1749106015,19.3,19.3,19.3,19.3,0
1749106020,19.3,19.3,19.3,19.3,0
1749106025,19.3,19.3,19.3,19.3,0
1749106030,19.3,19.3,19.3,19.3,0
1749106035,19.3,19.3,19.3,19.3,0
1749106040,19.3,19.3,19.3,19.3,0
1749106045,19.3,19.3,19.3,19.3,0
1749106050,19.3,19.3,19.3,19.3,0
1749106055,19.3,19.3,19.3,19.3,0
1749106060,19.3,19.3,19.3,19.3,0
1749106065,19.3,19.3,19.3,19.3,0
1749106070,19.3,19.3,19.3,19.3,0
1749106075,19.3,19.3,19.3,19.3,0
1749106080,19.3,19.3,19.3,19.3,0
1749106085,19.3,19.3,19.3,19.3,0
1749106090,19.3,19.3,19.3,19.3,0
1749106095,19.3,19.3,19.3,19.3,0
1749106100,19.3,19.3,19.3,19.3,0
1749106105,19.3,19.3,19.3,19.3,0
1749106110,19.3,19.3,19.3,19.3,0
1749106115,19.3,19.3,19.3,19.3,0
1749106120,19.3,19.3,19.3,19.3,0
1749106125,19.3,19.3,19.3,19.3,0
1749106130,19.3,19.3,19.3,19.3,0
1749106135,19.3,19.3,19.3,19.3,0
1749106140,19.3,19.3,19.3,19.3,0
1749106145,19.3,19.3,19.3,19.3,0
1749106150,19.3,19.3,19.3,19.3,0
1749106155,19.3,19.3,19.3,19.3,0
1749106160,19.3,19.3,19.3,19.3,0
1749106165,19.3,19.3,19.3,19.3,0
1749106170,19.3,19.3,19.3,19.3,0
1749106175,19.3,19.3,19.3,19.3,0
1749106180,19.3,19.3,19.3,19.3,0
1749106185,19.3,19.3,19.3,19.3,0
1749106190,19.3,19.3,19.3,19.3,0
1749106195,19.3,19.3,19.3,19.3,0
1749106200,19.3,19.3,19.3,19.3,0
1749106205,19.3,19.3,19.3,19.3,0
1749106210,19.3,19.3,19.3,19.3,0
1749106215,19.3,19.3,19.3,19.3,0
1749106220,19.3,19.3,19.3,19.3,0
1749106225,19.3,19.3,19.3,19.3,0
1749106230,19.3,19.3,19.3,19.3,0
1749106235,19.3,19.3,19.3,19.3,0
1749106240,19.3,19.3,19.3,19.3,0
1749106245,19.3,19.3,19.3,19.3,0
1749106250,19.3,19.3,19.3,19.3,0
1749106255,19.3,19.3,19.3,19.3,0
1749106260,19.3,19.3,19.3,19.3,0
1749106265,19.3,19.3,19.3,19.3,0
1749106270,19.3,19.3,19.3,19.3,0
1749106275,19.3,19.3,19.3,19.3,0
1749106280,19.3,19.3,19.3,19.3,0
1749106285,19.3,19.3,19.3,19.3,0
1749106290,19.3,19.3,19.3,19.3,0
1749106295,19.3,19.3,19.3,19.3,0
1749106300,19.3,19.3,19.3,19.3,0
1749106305,19.3,19.3,19.3,19.3,0
1749106310,19.3,19.3,19.3,19.3,0
1749106315,19.3,19.3,19.3,19.3,0
1749106320,19.3,19.3,19.3,19.3,0
1749106325,19.3,19.3,19.3,19.3,0
1749106330,19.3,19.3,19.3,19.3,0
1749106335,19.3,19.3,19.3,19.3,0
1749106340,19.3,19.3,19.3,19.3,0
1749106345,19.3,19.3,19.3,19.3,0
1749106350,19.3,19.3,19.3,19.3,0
1749106355,19.3,19.3,19.3,19.3,0
1749106360,19.3,19.3,19.3,19.3,0
1749106365,19.3,19.3,19.3,19.3,0
1749106370,19.3,19.3,19.3,19.3,0
1749106375,19.3,19.3,19.3,19.3,0
1749106380,19.3,19.3,19.3,19.3,0
1749106385,19.3,19.3,19.3,19.3,0
1749106390,19.3,19.3,19.3,19.3,0
1749106395,19.3,19.3,19.3,19.3,0
1749106400,19.3,19.3,19.3,19.3,0
1749106405,19.3,19.3,19.3,19.3,0
1749106410,19.3,19.3,19.3,19.3,0
1749106415,19.3,19.3,19.3,19.3,0
1749106420,19.3,19.3,19.3,19.3,0
1749106425,19.3,19.3,19.3,19.3,0
1749106430,19.3,19.3,19.3,19.3,0
1749106435,19.3,19.3,19.3,19.3,0
1749106440,19.3,19.3,19.3,19.3,0
1749106445,19.3,19.3,19.3,19.3,0
1749106450,19.3,19.3,19.3,19.3,0
1749106455,19.3,19.3,19.3,19.3,0
1749106460,19.3,19.3,19.3,19.3,0
1749106465,19.3,19.3,19.3,19.3,0
1749106470,19.3,19.3,19.3,19.3,0
1749106475,19.3,19.3,19.3,19.3,0
1749106480,19.3,19.3,19.3,19.3,0
1749106485,19.3,19.3,19.3,19.3,0
1749106490,19.3,19.3,19.3,19.3,0
1749106495,19.3,19.3,19.3,19.3,0
1749106500,19.3,19.3,19.3,19.3,0
1749106505,19.3,19.3,19.3,19.3,0
1749106510,19.3,19.3,19.3,19.3,0
1749106515,19.3,19.3,19.3,19.3,0
1749106520,19.3,19.3,19.3,19.3,0
1749106525,19.3,19.3,19.3,19.3,0
1749106530,19.3,19.3,19.3,19.3,0
1749106535,19.3,19.3,19.3,19.3,0
1749106540,19.3,19.3,19.3,19.3,0
1749106545,19.3,19.3,19.3,19.3,0
1749106550,19.3,19.3,19.3,19.3,0
1749106555,19.3,19.3,19.3,19.3,0
1749106560,19.3,19.3,19.3,19.3,0
1749106565,19.3,19.3,19.3,19.3,0
1749106570,19.3,19.3,19.3,19.3,0
1749106575,19.3,19.3,19.3,19.3,0
1749106580,19.3,19.3,19.3,19.3,0
1749106585,19.3,19.3,19.3,19.3,0
1749106590,19.3,19.3,19.3,19.3,0
1749106595,19.3,19.3,19.3,19.3,0
1749106600,19.3,19.3,19.3,19.3,0
1749106605,19.3,19.3,19.3,19.3,0
1749106610,19.3,19.3,19.3,19.3,0
1749106615,19.3,19.3,19.3,19.3,0
1749106620,19.3,19.3,19.3,19.3,0
1749106625,19.3,19.3,19.3,19.3,0
1749106630,19.3,19.3,19.3,19.3,0
1749106635,19.3,19.3,19.3,19.3,0
1749106640,19.3,19.3,19.3,19.3,0
1749106645,19.3,19.3,19.3,19.3,0
1749106650,19.3,19.3,19.3,19.3,0
1749106655,19.3,19.3,19.3,19.3,0
1749106660,19.3,19.3,19.3,19.3,0
1749106665,19.3,19.3,19.3,19.3,0
1749106670,19.3,19.3,19.3,19.3,0
1749106675,19.3,19.3,19.3,19.3,0
1749106680,19.3,19.3,19.3,19.3,0
1749106685,19.3,19.3,19.3,19.3,0
1749106690,19.3,19.3,19.3,19.3,0
1749106695,19.3,19.3,19.3,19.3,0
1749106700,19.3,19.3,19.3,19.3,0
1749106705,19.3,19.3,19.3,19.3,0
1749106710,19.3,19.3,19.3,19.3,0
1749106715,19.3,19.3,19.3,19.3,0
1749106720,19.3,19.3,19.3,19.3,0
1749106725,19.3,19.3,19.3,19.3,0
1749106730,19.3,19.3,19.3,19.3,0
1749106735,19.3,19.3,19.3,19.3,0
1749106740,19.3,19.3,19.3,19.3,0
1749106745,19.3,19.3,19.3,19.3,0
1749106750,19.3,19.3,19.3,19.3,0
1749106755,19.3,19.3,19.3,19.3,0
1749106760,19.3,19.3,19.3,19.3,0
1749106765,19.3,19.3,19.3,19.3,0
1749106770,19.3,19.3,19.3,19.3,0
1749106775,19.3,19.3,19.3,19.3,0
1749106780,19.3,19.3,19.3,19.3,0
1749106785,19.3,19.3,19.3,19.3,0
1749106790,19.3,19.3,19.3,19.3,0
1749106795,19.3,19.3,19.3,19.3,0
1749106800,19.3,19.3,19.3,19.3,0
1749106805,19.3,19.3,19.3,19.3,0
1749106810,19.3,19.3,19.3,19.3,0
1749106815,19.3,19.3,19.3,19.3,0
1749106820,19.3,19.3,19.3,19.3,0
1749106825,19.3,19.3,19.3,19.3,0
1749106830,19.3,19.3,19.3,19.3,0
1749106835,19.3,19.3,19.3,19.3,0
1749106840,19.3,19.3,19.3,19.3,0
1749106845,19.3,19.3,19.3,19.3,0
1749106850,19.3,19.3,19.3,19.3,0
1749106855,19.3,19.3,19.3,19.3,0
1749106860,19.27,19.27,19.26,19.26,5
1749106865,19.26,19.26,19.26,19.26,0
1749106870,19.26,19.26,19.26,19.26,0
1749106875,19.26,19.26,19.26,19.26,0
1749106880,19.26,19.26,19.26,19.26,0
1749106885,19.26,19.26,19.26,19.26,0
1749106890,19.26,19.26,19.26,19.26,0
1749106895,19.26,19.26,19.26,19.26,0
1749106900,19.26,19.26,19.26,19.26,0
1749106905,19.26,19.26,19.26,19.26,0
1749106910,19.26,19.26,19.26,19.26,0
1749106915,19.26,19.26,19.26,19.26,0
1749106920,19.26,19.26,19.26,19.26,0
1749106925,19.26,19.26,19.26,19.26,0
1749106930,19.26,19.26,19.26,19.26,0
1749106935,19.26,19.26,19.26,19.26,0
1749106940,19.26,19.26,19.26,19.26,0
1749106945,19.26,19.26,19.26,19.26,0
1749106950,19.26,19.26,19.26,19.26,0
1749106955,19.25,19.25,19.22,19.22,4
1749106960,19.22,19.22,19.22,19.22,0
1749106965,19.22,19.22,19.22,19.22,0
1749106970,19.22,19.22,19.22,19.22,0
1749106975,19.22,19.22,19.22,19.22,0
1749106980,19.22,19.22,19.22,19.22,0
1749106985,19.22,19.22,19.22,19.22,0
1749106990,19.22,19.22,19.22,19.22,0
1749106995,19.22,19.22,19.22,19.22,0
1749107000,19.22,19.22,19.22,19.22,0
1749107005,19.22,19.22,19.22,19.22,0
1749107010,19.22,19.22,19.22,19.22,0
1749107015,19.22,19.22,19.22,19.22,0
1749107020,19.22,19.22,19.22,19.22,0
1749107025,19.22,19.22,19.22,19.22,0
1749107030,19.22,19.22,19.22,19.22,0
1749107035,19.22,19.22,19.22,19.22,0
1749107040,19.22,19.22,19.22,19.22,0
1749107045,19.22,19.22,19.22,19.22,0
1749107050,19.22,19.22,19.22,19.22,0
1749107055,19.22,19.22,19.22,19.22,0
1749107060,19.22,19.22,19.22,19.22,0
1749107065,19.22,19.22,19.22,19.22,0
1749107070,19.22,19.22,19.22,19.22,0
1749107075,19.22,19.22,19.22,19.22,0
1749107080,19.22,19.22,19.22,19.22,0
1749107085,19.22,19.22,19.22,19.22,0
1749107090,19.22,19.22,19.22,19.22,0
1749107095,19.22,19.22,19.22,19.22,0
1749107100,19.22,19.22,19.22,19.22,0
1749107105,19.22,19.22,19.22,19.22,0
1749107110,19.22,19.22,19.22,19.22,0
1749107115,19.22,19.22,19.22,19.22,0
1749107120,19.22,19.22,19.22,19.22,0
1749107125,19.22,19.22,19.22,19.22,0
1749107130,19.22,19.22,19.22,19.22,0
1749107135,19.22,19.22,19.22,19.22,0
1749107140,19.22,19.22,19.22,19.22,0
1749107145,19.22,19.22,19.22,19.22,0
1749107150,19.22,19.22,19.22,19.22,0
1749107155,19.22,19.22,19.22,19.22,0
1749107160,19.22,19.22,19.22,19.22,0
1749107165,19.22,19.22,19.22,19.22,0
1749107170,19.22,19.22,19.22,19.22,0
1749107175,19.22,19.22,19.22,19.22,0
1749107180,19.22,19.22,19.22,19.22,0
1749107185,19.22,19.22,19.22,19.22,0
1749107190,19.22,19.22,19.22,19.22,0
1749107195,19.22,19.22,19.22,19.22,0
1749107200,19.22,19.22,19.22,19.22,0
1749107205,19.22,19.22,19.22,19.22,0
1749107210,19.22,19.22,19.22,19.22,0
1749107215,19.22,19.22,19.22,19.22,0
1749107220,19.22,19.22,19.22,19.22,0
1749107225,19.22,19.22,19.22,19.22,0
1749107230,19.22,19.22,19.22,19.22,0
1749107235,19.22,19.22,19.22,19.22,0
1749107240,19.22,19.22,19.22,19.22,0
1749107245,19.22,19.22,19.22,19.22,0
1749107250,19.22,19.22,19.22,19.22,0
1749107255,19.22,19.22,19.22,19.22,0
1749107260,19.22,19.22,19.22,19.22,0
1749107265,19.22,19.22,19.22,19.22,0
1749107270,19.22,19.22,19.22,19.22,0
1749107275,19.22,19.22,19.22,19.22,0
1749107280,19.22,19.22,19.22,19.22,0
1749107285,19.22,19.22,19.22,19.22,0
1749107290,19.22,19.22,19.22,19.22,0
1749107295,19.22,19.22,19.22,19.22,0
1749107300,19.22,19.22,19.22,19.22,0
1749107305,19.22,19.22,19.22,19.22,0
1749107310,19.22,19.22,19.22,19.22,0
1749107315,19.22,19.22,19.22,19.22,0
1749107320,19.22,19.22,19.22,19.22,0
1749107325,19.22,19.22,19.22,19.22,0
1749107330,19.22,19.22,19.22,19.22,0
1749107335,19.22,19.22,19.22,19.22,0
1749107340,19.22,19.22,19.22,19.22,0
1749107345,19.22,19.22,19.22,19.22,0
1749107350,19.22,19.22,19.22,19.22,0
1749107355,19.22,19.22,19.22,19.22,0
1749107360,19.22,19.22,19.22,19.22,0
1749107365,19.22,19.22,19.22,19.22,0
1749107370,19.22,19.22,19.22,19.22,0
1749107375,19.22,19.22,19.22,19.22,0
1749107380,19.22,19.22,19.22,19.22,0
1749107385,19.22,19.22,19.22,19.22,0
1749107390,19.22,19.22,19.22,19.22,0
1749107395,19.22,19.22,19.22,19.22,0
1749107400,19.22,19.22,19.22,19.22,0
1749107405,19.22,19.22,19.22,19.22,0
1749107410,19.22,19.22,19.22,19.22,0
1749107415,19.22,19.22,19.22,19.22,0
1749107420,19.22,19.22,19.22,19.22,0
1749107425,19.22,19.22,19.22,19.22,0
1749107430,19.22,19.22,19.22,19.22,0
1749107435,19.22,19.22,19.22,19.22,0
1749107440,19.22,19.22,19.22,19.22,0
1749107445,19.22,19.22,19.22,19.22,0
1749107450,19.22,19.22,19.22,19.22,0
1749107455,19.22,19.22,19.22,19.22,0
1749107460,19.22,19.22,19.22,19.22,0
1749107465,19.22,19.22,19.22,19.22,0
1749107470,19.22,19.22,19.22,19.22,0
1749107475,19.28,19.28,19.28,19.28,1
1749107480,19.28,19.28,19.28,19.28,0
1749107485,19.28,19.28,19.28,19.28,0
1749107490,19.28,19.28,19.28,19.28,0
1749107495,19.28,19.28,19.28,19.28,0
1749107500,19.28,19.28,19.28,19.28,0
1749107505,19.28,19.28,19.28,19.28,0
1749107510,19.28,19.28,19.28,19.28,0
1749107515,19.28,19.28,19.28,19.28,0
1749107520,19.28,19.28,19.28,19.28,0
1749107525,19.28,19.28,19.28,19.28,0
1749107530,19.28,19.28,19.28,19.28,0
1749107535,19.28,19.28,19.28,19.28,0
1749107540,19.28,19.28,19.28,19.28,0
1749107545,19.28,19.28,19.28,19.28,0
1749107550,19.28,19.28,19.28,19.28,0
1749107555,19.28,19.28,19.28,19.28,0
1749107560,19.28,19.28,19.28,19.28,0
1749107565,19.28,19.28,19.28,19.28,0
1749107570,19.28,19.28,19.28,19.28,0
1749107575,19.28,19.28,19.28,19.28,0
1749107580,19.28,19.28,19.28,19.28,0
1749107585,19.28,19.28,19.28,19.28,0
1749107590,19.28,19.28,19.28,19.28,0
1749107595,19.28,19.28,19.28,19.28,0
1749107600,19.28,19.28,19.28,19.28,0
1749107605,19.28,19.28,19.28,19.28,0
1749107610,19.28,19.28,19.28,19.28,0
1749107615,19.28,19.28,19.28,19.28,0
1749107620,19.28,19.28,19.28,19.28,0
1749107625,19.28,19.28,19.28,19.28,0
1749107630,19.28,19.28,19.28,19.28,0
1749107635,19.28,19.28,19.28,19.28,0
1749107640,19.28,19.28,19.28,19.28,0
1749107645,19.28,19.28,19.28,19.28,0
1749107650,19.28,19.28,19.28,19.28,0
1749107655,19.28,19.28,19.28,19.28,0
1749107660,19.28,19.28,19.28,19.28,0
1749107665,19.28,19.28,19.28,19.28,0
1749107670,19.28,19.28,19.28,19.28,0
1749107675,19.28,19.28,19.28,19.28,0
1749107680,19.28,19.28,19.28,19.28,0
1749107685,19.28,19.28,19.28,19.28,0
1749107690,19.28,19.28,19.28,19.28,0
1749107695,19.28,19.28,19.28,19.28,0
1749107700,19.28,19.28,19.28,19.28,0
1749107705,19.28,19.28,19.28,19.28,0
1749107710,19.22,19.22,19.22,19.22,1
1749107715,19.22,19.22,19.22,19.22,0
1749107720,19.22,19.22,19.22,19.22,0
1749107725,19.22,19.22,19.22,19.22,0
1749107730,19.22,19.22,19.22,19.22,0
1749107735,19.22,19.22,19.22,19.22,0
1749107740,19.22,19.22,19.22,19.22,0
1749107745,19.22,19.22,19.22,19.22,0
1749107750,19.22,19.22,19.22,19.22,0
1749107755,19.22,19.22,19.22,19.22,0
1749107760,19.22,19.22,19.22,19.22,0
1749107765,19.22,19.22,19.22,19.22,0
1749107770,19.22,19.22,19.22,19.22,0
1749107775,19.22,19.22,19.22,19.22,0
1749107780,19.22,19.22,19.22,19.22,0
1749107785,19.22,19.22,19.22,19.22,0
1749107790,19.22,19.22,19.22,19.22,0
1749107795,19.22,19.22,19.22,19.22,0
1749107800,19.22,19.22,19.22,19.22,0
1749107805,19.22,19.22,19.22,19.22,0
1749107810,19.22,19.22,19.22,19.22,0
1749107815,19.22,19.22,19.22,19.22,0
1749107820,19.22,19.22,19.22,19.22,0
1749107825,19.22,19.22,19.22,19.22,0
1749107830,19.22,19.22,19.22,19.22,0
1749107835,19.22,19.22,19.22,19.22,0
1749107840,19.22,19.22,19.22,19.22,0
1749107845,19.22,19.22,19.22,19.22,0
1749107850,19.22,19.22,19.22,19.22,0
1749107855,19.22,19.22,19.22,19.22,0
1749107860,19.22,19.22,19.22,19.22,0
1749107865,19.22,19.22,19.22,19.22,0
1749107870,19.22,19.22,19.22,19.22,0
1749107875,19.22,19.22,19.22,19.22,0
1749107880,19.22,19.22,19.22,19.22,0
1749107885,19.22,19.22,19.22,19.22,0
1749107890,19.22,19.22,19.22,19.22,0
1749107895,19.22,19.22,19.22,19.22,0
1749107900,19.22,19.22,19.22,19.22,0
1749107905,19.22,19.22,19.22,19.22,0
1749107910,19.22,19.22,19.22,19.22,0
1749107915,19.22,19.22,19.22,19.22,0
1749107920,19.22,19.22,19.22,19.22,0
1749107925,19.22,19.22,19.22,19.22,0
1749107930,19.22,19.22,19.22,19.22,0
1749107935,19.22,19.22,19.22,19.22,0
1749107940,19.22,19.22,19.22,19.22,0
1749107945,19.22,19.22,19.22,19.22,0
1749107950,19.22,19.22,19.22,19.22,0
1749107955,19.22,19.22,19.22,19.22,0
1749107960,19.22,19.22,19.22,19.22,0
1749107965,19.22,19.22,19.22,19.22,0
1749107970,19.22,19.22,19.22,19.22,0
1749107975,19.22,19.22,19.22,19.22,0
1749107980,19.22,19.22,19.22,19.22,0
1749107985,19.22,19.22,19.22,19.22,0
1749107990,19.22,19.22,19.22,19.22,0
1749107995,19.22,19.22,19.22,19.22,0
1749108000,19.22,19.22,19.22,19.22,0
1749108005,19.22,19.22,19.22,19.22,0
1749108010,19.22,19.22,19.22,19.22,0
1749108015,19.22,19.22,19.22,19.22,0
1749108020,19.22,19.22,19.22,19.22,0
1749108025,19.22,19.22,19.22,19.22,0
1749108030,19.22,19.22,19.22,19.22,0
1749108035,19.22,19.22,19.22,19.22,0
1749108040,19.22,19.22,19.22,19.22,0
1749108045,19.22,19.22,19.22,19.22,0
1749108050,19.22,19.22,19.22,19.22,0
1749108055,19.22,19.22,19.22,19.22,0
1749108060,19.22,19.22,19.22,19.22,0
1749108065,19.22,19.22,19.22,19.22,0
1749108070,19.22,19.22,19.22,19.22,0
1749108075,19.22,19.22,19.22,19.22,0
1749108080,19.22,19.22,19.22,19.22,0
1749108085,19.22,19.22,19.22,19.22,0
1749108090,19.22,19.22,19.22,19.22,0
1749108095,19.22,19.22,19.22,19.22,0
1749108100,19.22,19.22,19.22,19.22,0
1749108105,19.22,19.22,19.22,19.22,0
1749108110,19.22,19.22,19.22,19.22,0
1749108115,19.22,19.22,19.22,19.22,0
1749108120,19.22,19.22,19.22,19.22,0
1749108125,19.22,19.22,19.22,19.22,0
1749108130,19.22,19.22,19.22,19.22,0
1749108135,19.22,19.22,19.22,19.22,0
1749108140,19.22,19.22,19.22,19.22,0
1749108145,19.22,19.22,19.22,19.22,0
1749108150,19.22,19.22,19.22,19.22,0
1749108155,19.22,19.22,19.22,19.22,0
1749108160,19.22,19.22,19.22,19.22,0
1749108165,19.22,19.22,19.22,19.22,0
1749108170,19.22,19.22,19.22,19.22,0
1749108175,19.22,19.22,19.22,19.22,0
1749108180,19.22,19.22,19.22,19.22,0
1749108185,19.22,19.22,19.22,19.22,0
1749108190,19.22,19.22,19.22,19.22,0
1749108195,19.22,19.22,19.22,19.22,0
1749108200,19.22,19.22,19.22,19.22,0
1749108205,19.22,19.22,19.22,19.22,0
1749108210,19.22,19.22,19.22,19.22,0
1749108215,19.22,19.22,19.22,19.22,0
1749108220,19.22,19.22,19.22,19.22,0
1749108225,19.22,19.22,19.22,19.22,0
1749108230,19.22,19.22,19.22,19.22,0
1749108235,19.22,19.22,19.22,19.22,0
1749108240,19.22,19.22,19.22,19.22,0
1749108245,19.22,19.22,19.22,19.22,0
1749108250,19.22,19.22,19.22,19.22,0
1749108255,19.22,19.22,19.22,19.22,0
1749108260,19.21,19.21,19.21,19.21,1
1749108265,19.21,19.21,19.21,19.21,0
1749108270,19.21,19.21,19.21,19.21,0
1749108275,19.21,19.21,19.21,19.21,0
1749108280,19.21,19.21,19.21,19.21,0
1749108285,19.21,19.21,19.21,19.21,0
1749108290,19.21,19.21,19.21,19.21,0
1749108295,19.21,19.21,19.21,19.21,0
1749108300,19.21,19.21,19.21,19.21,0
1749108305,19.21,19.21,19.21,19.21,0
1749108310,19.21,19.21,19.21,19.21,0
1749108315,19.21,19.21,19.21,19.21,0
1749108320,19.21,19.21,19.21,19.21,0
1749108325,19.21,19.21,19.21,19.21,0
1749108330,19.21,19.21,19.21,19.21,0
1749108335,19.21,19.21,19.21,19.21,0
1749108340,19.21,19.21,19.21,19.21,0
1749108345,19.21,19.21,19.21,19.21,0
1749108350,19.21,19.21,19.21,19.21,0
1749108355,19.2,19.2,19.2,19.2,3
1749108360,19.2,19.2,19.2,19.2,0
1749108365,19.2,19.2,19.2,19.2,0
1749108370,19.2,19.2,19.2,19.2,0
1749108375,19.2,19.2,19.2,19.2,0
1749108380,19.2,19.2,19.2,19.2,0
1749108385,19.2,19.2,19.2,19.2,0
1749108390,19.2,19.2,19.2,19.2,0
1749108395,19.2,19.2,19.2,19.2,0
1749108400,19.2,19.2,19.2,19.2,0
1749108405,19.2,19.2,19.2,19.2,0
1749108410,19.2,19.2,19.2,19.2,0
1749108415,19.2,19.2,19.2,19.2,0
1749108420,19.2,19.2,19.2,19.2,0
1749108425,19.2,19.2,19.2,19.2,0
1749108430,19.2,19.2,19.2,19.2,0
1749108435,19.2,19.2,19.2,19.2,0
1749108440,19.2,19.2,19.2,19.2,0
1749108445,19.2,19.2,19.2,19.2,0
1749108450,19.2,19.2,19.2,19.2,0
1749108455,19.2,19.2,19.2,19.2,0
1749108460,19.2,19.2,19.2,19.2,0
1749108465,19.2,19.2,19.2,19.2,0
1749108470,19.2,19.2,19.2,19.2,0
1749108475,19.2,19.2,19.2,19.2,0
1749108480,19.2,19.2,19.2,19.2,0
1749108485,19.2,19.2,19.2,19.2,0
1749108490,19.2,19.2,19.2,19.2,0
1749108495,19.2,19.2,19.2,19.2,0
1749108500,19.2,19.2,19.2,19.2,0
1749108505,19.2,19.2,19.2,19.2,0
1749108510,19.2,19.2,19.2,19.2,0
1749108515,19.2,19.2,19.2,19.2,0
1749108520,19.2,19.2,19.2,19.2,0
1749108525,19.2,19.2,19.2,19.2,0
1749108530,19.2,19.2,19.2,19.2,0
1749108535,19.2,19.2,19.2,19.2,0
1749108540,19.2,19.2,19.2,19.2,0
1749108545,19.2,19.2,19.2,19.2,0
1749108550,19.2,19.2,19.2,19.2,0
1749108555,19.2,19.2,19.2,19.2,0
1749108560,19.2,19.2,19.2,19.2,0
1749108565,19.2,19.2,19.2,19.2,0
1749108570,19.2,19.2,19.2,19.2,0
1749108575,19.2,19.2,19.2,19.2,0
1749108580,19.2,19.2,19.2,19.2,0
1749108585,19.2,19.2,19.2,19.2,0
1749108590,19.2,19.2,19.2,19.2,0
1749108595,19.2,19.2,19.2,19.2,0
1749108600,19.2,19.2,19.2,19.2,0
1749108605,19.2,19.2,19.2,19.2,0
1749108610,19.2,19.2,19.2,19.2,0
1749108615,19.2,19.2,19.2,19.2,0
1749108620,19.2,19.2,19.2,19.2,0
1749108625,19.2,19.2,19.2,19.2,0
1749108630,19.2,19.2,19.2,19.2,0
1749108635,19.2,19.2,19.2,19.2,0
1749108640,19.2,19.2,19.2,19.2,0
1749108645,19.2,19.2,19.2,19.2,0
1749108650,19.2,19.2,19.2,19.2,0
1749108655,19.2,19.2,19.2,19.2,0
1749108660,19.2,19.2,19.2,19.2,0
1749108665,19.2,19.2,19.2,19.2,0
1749108670,19.2,19.2,19.2,19.2,0
1749108675,19.2,19.2,19.2,19.2,0
1749108680,19.2,19.2,19.2,19.2,0
1749108685,19.2,19.2,19.2,19.2,0
1749108690,19.2,19.2,19.2,19.2,0
1749108695,19.2,19.2,19.2,19.2,0
1749108700,19.2,19.2,19.2,19.2,0
1749108705,19.2,19.2,19.2,19.2,0
1749108710,19.2,19.2,19.2,19.2,0
1749108715,19.2,19.2,19.2,19.2,0
1749108720,19.2,19.2,19.2,19.2,0
1749108725,19.2,19.2,19.2,19.2,0
1749108730,19.2,19.2,19.2,19.2,0
1749108735,19.2,19.2,19.2,19.2,0
1749108740,19.2,19.2,19.2,19.2,0
1749108745,19.2,19.2,19.2,19.2,0
1749108750,19.2,19.2,19.2,19.2,0
1749108755,19.2,19.2,19.2,19.2,0
1749108760,19.2,19.2,19.2,19.2,0
1749108765,19.2,19.2,19.2,19.2,0
1749108770,19.2,19.2,19.2,19.2,0
1749108775,19.2,19.2,19.2,19.2,0
1749108780,19.2,19.2,19.2,19.2,0
1749108785,19.2,19.2,19.2,19.2,0
1749108790,19.2,19.2,19.2,19.2,0
1749108795,19.2,19.2,19.2,19.2,0
1749108800,19.2,19.2,19.2,19.2,0
1749108805,19.2,19.2,19.2,19.2,0
1749108810,19.2,19.2,19.2,19.2,0
1749108815,19.2,19.2,19.2,19.2,0
1749108820,19.2,19.2,19.2,19.2,0
1749108825,19.2,19.2,19.2,19.2,0
1749108830,19.2,19.2,19.2,19.2,0
1749108835,19.2,19.2,19.2,19.2,0
1749108840,19.2,19.2,19.2,19.2,0
1749108845,19.2,19.2,19.2,19.2,0
1749108850,19.2,19.2,19.2,19.2,0
1749108855,19.2,19.2,19.2,19.2,0
1749108860,19.2,19.2,19.2,19.2,0
1749108865,19.2,19.2,19.2,19.2,0
1749108870,19.2,19.2,19.2,19.2,0
1749108875,19.2,19.2,19.2,19.2,0
1749108880,19.2,19.2,19.2,19.2,0
1749108885,19.2,19.2,19.2,19.2,0
1749108890,19.2,19.2,19.2,19.2,0
1749108895,19.2,19.2,19.2,19.2,0
1749108900,19.2,19.2,19.2,19.2,0
1749108905,19.2,19.2,19.2,19.2,0
1749108910,19.2,19.2,19.2,19.2,0
1749108915,19.2,19.2,19.2,19.2,0
1749108920,19.2,19.2,19.2,19.2,0
1749108925,19.2,19.2,19.2,19.2,0
1749108930,19.2,19.2,19.2,19.2,0
1749108935,19.2,19.2,19.2,19.2,0
1749108940,19.2,19.2,19.2,19.2,0
1749108945,19.2,19.2,19.2,19.2,0
1749108950,19.2,19.2,19.2,19.2,0
1749108955,19.2,19.2,19.2,19.2,0
1749108960,19.2,19.2,19.2,19.2,0
1749108965,19.2,19.2,19.2,19.2,0
1749108970,19.2,19.2,19.2,19.2,0
1749108975,19.2,19.2,19.2,19.2,0
1749108980,19.2,19.2,19.2,19.2,0
1749108985,19.2,19.2,19.2,19.2,0
1749108990,19.2,19.2,19.2,19.2,0
1749108995,19.2,19.2,19.2,19.2,0
1749109000,19.2,19.2,19.2,19.2,0
1749109005,19.2,19.2,19.2,19.2,0
1749109010,19.2,19.2,19.2,19.2,0
1749109015,19.2,19.2,19.2,19.2,0
1749109020,19.2,19.2,19.2,19.2,0
1749109025,19.2,19.2,19.2,19.2,0
1749109030,19.2,19.2,19.2,19.2,0
1749109035,19.2,19.2,19.2,19.2,0
1749109040,19.2,19.2,19.2,19.2,0
1749109045,19.2,19.2,19.2,19.2,0
1749109050,19.2,19.2,19.2,19.2,0
1749109055,19.2,19.2,19.2,19.2,0
1749109060,19.2,19.2,19.2,19.2,0
1749109065,19.2,19.2,19.2,19.2,0
1749109070,19.2,19.2,19.2,19.2,0
1749109075,19.2,19.2,19.2,19.2,0
1749109080,19.2,19.2,19.2,19.2,0
1749109085,19.2,19.2,19.2,19.2,0
1749109090,19.2,19.2,19.2,19.2,0
1749109095,19.2,19.2,19.2,19.2,0
1749109100,19.2,19.2,19.2,19.2,0
1749109105,19.2,19.2,19.2,19.2,0
1749109110,19.2,19.2,19.2,19.2,0
1749109115,19.2,19.2,19.2,19.2,0
1749109120,19.2,19.2,19.2,19.2,0
1749109125,19.2,19.2,19.2,19.2,0
1749109130,19.2,19.2,19.2,19.2,0
1749109135,19.2,19.2,19.2,19.2,0
1749109140,19.2,19.2,19.2,19.2,0
1749109145,19.2,19.2,19.2,19.2,0
1749109150,19.2,19.2,19.2,19.2,0
1749109155,19.2,19.2,19.2,19.2,0
1749109160,19.2,19.2,19.2,19.2,0
1749109165,19.2,19.2,19.2,19.2,0
1749109170,19.2,19.2,19.2,19.2,0
1749109175,19.2,19.2,19.2,19.2,0
1749109180,19.2,19.2,19.2,19.2,0
1749109185,19.2,19.2,19.2,19.2,0
1749109190,19.2,19.2,19.2,19.2,0
1749109195,19.2,19.2,19.2,19.2,0
1749109200,19.2,19.2,19.2,19.2,0
1749109205,19.2,19.2,19.2,19.2,0
1749109210,19.2,19.2,19.2,19.2,0
1749109215,19.2,19.2,19.2,19.2,0
1749109220,19.2,19.2,19.2,19.2,0
1749109225,19.14,19.14,19.14,19.14,1
1749109230,19.14,19.14,19.14,19.14,0
1749109235,19.14,19.14,19.14,19.14,0
1749109240,19.14,19.14,19.14,19.14,0
1749109245,19.14,19.14,19.14,19.14,0
1749109250,19.14,19.14,19.14,19.14,0
1749109255,19.14,19.14,19.14,19.14,0
1749109260,19.14,19.14,19.14,19.14,0
1749109265,19.14,19.14,19.14,19.14,0
1749109270,19.14,19.14,19.14,19.14,0
1749109275,19.14,19.14,19.14,19.14,0
1749109280,19.14,19.14,19.14,19.14,0
1749109285,19.15,19.15,19.15,19.15,1
1749109290,19.15,19.15,19.15,19.15,0
1749109295,19.15,19.15,19.15,19.15,0
1749109300,19.15,19.15,19.15,19.15,0
1749109305,19.15,19.15,19.15,19.15,0
1749109310,19.15,19.15,19.15,19.15,0
1749109315,19.15,19.15,19.15,19.15,0
1749109320,19.15,19.15,19.15,19.15,0
1749109325,19.15,19.15,19.15,19.15,0
1749109330,19.15,19.15,19.15,19.15,0
1749109335,19.15,19.15,19.15,19.15,0
1749109340,19.15,19.15,19.15,19.15,0
1749109345,19.15,19.15,19.15,19.15,0
1749109350,19.15,19.15,19.15,19.15,0
1749109355,19.15,19.15,19.15,19.15,0
1749109360,19.15,19.15,19.15,19.15,0
1749109365,19.15,19.15,19.15,19.15,0
1749109370,19.15,19.15,19.15,19.15,0
1749109375,19.15,19.15,19.15,19.15,0
1749109380,19.15,19.15,19.15,19.15,0
1749109385,19.15,19.15,19.15,19.15,0
1749109390,19.15,19.15,19.15,19.15,0
1749109395,19.15,19.15,19.15,19.15,0
1749109400,19.15,19.15,19.15,19.15,0
1749109405,19.15,19.15,19.15,19.15,0
1749109410,19.15,19.15,19.15,19.15,0
1749109415,19.15,19.15,19.15,19.15,0
1749109420,19.15,19.15,19.15,19.15,0
1749109425,19.15,19.15,19.15,19.15,0
1749109430,19.15,19.15,19.15,19.15,0
1749109435,19.15,19.15,19.15,19.15,0
1749109440,19.13,19.13,19.13,19.13,1
1749109445,19.13,19.13,19.13,19.13,0
1749109450,19.13,19.13,19.13,19.13,0
1749109455,19.13,19.13,19.13,19.13,0
1749109460,19.13,19.13,19.13,19.13,0
1749109465,19.13,19.13,19.13,19.13,0
1749109470,19.13,19.13,19.13,19.13,0
1749109475,19.13,19.13,19.13,19.13,0
1749109480,19.13,19.13,19.13,19.13,0
1749109485,19.13,19.13,19.13,19.13,0
1749109490,19.13,19.13,19.13,19.13,0
1749109495,19.13,19.13,19.13,19.13,0
1749109500,19.13,19.13,19.13,19.13,5
1749109505,19.13,19.13,19.13,19.13,0
1749109510,19.13,19.13,19.13,19.13,0
1749109515,19.13,19.13,19.13,19.13,0
1749109520,19.13,19.13,19.13,19.13,0
1749109525,19.13,19.13,19.13,19.13,0
1749109530,19.13,19.13,19.13,19.13,0
1749109535,19.13,19.13,19.13,19.13,0
1749109540,19.15,19.15,19.15,19.15,1
1749109545,19.15,19.15,19.15,19.15,0
1749109550,19.15,19.15,19.15,19.15,0
1749109555,19.15,19.15,19.15,19.15,0
1749109560,19.15,19.15,19.15,19.15,0
1749109565,19.15,19.15,19.15,19.15,0
1749109570,19.15,19.15,19.15,19.15,0
1749109575,19.15,19.15,19.15,19.15,0
1749109580,19.15,19.15,19.15,19.15,0
1749109585,19.15,19.15,19.15,19.15,0
1749109590,19.15,19.15,19.15,19.15,0
1749109595,19.15,19.15,19.15,19.15,0
1749109600,19.17,19.17,19.17,19.17,1
1749109605,19.17,19.17,19.17,19.17,0
1749109610,19.17,19.17,19.17,19.17,0
1749109615,19.17,19.17,19.17,19.17,0
1749109620,19.17,19.17,19.17,19.17,0
1749109625,19.17,19.17,19.17,19.17,0
1749109630,19.17,19.17,19.17,19.17,0
1749109635,19.17,19.17,19.17,19.17,0
1749109640,19.17,19.17,19.17,19.17,0
1749109645,19.17,19.17,19.17,19.17,0
1749109650,19.17,19.17,19.17,19.17,0
1749109655,19.17,19.17,19.17,19.17,0
1749109660,19.17,19.17,19.17,19.17,0
1749109665,19.17,19.17,19.17,19.17,0
1749109670,19.17,19.17,19.17,19.17,0
1749109675,19.17,19.17,19.17,19.17,0
1749109680,19.17,19.17,19.17,19.17,0
1749109685,19.17,19.17,19.17,19.17,0
1749109690,19.17,19.17,19.17,19.17,0
1749109695,19.17,19.17,19.17,19.17,0
1749109700,19.17,19.17,19.17,19.17,0
1749109705,19.17,19.17,19.17,19.17,0
1749109710,19.17,19.17,19.17,19.17,0
1749109715,19.17,19.17,19.17,19.17,0
1749109720,19.17,19.17,19.17,19.17,0
1749109725,19.17,19.17,19.17,19.17,0
1749109730,19.17,19.17,19.17,19.17,0
1749109735,19.17,19.17,19.17,19.17,0
1749109740,19.17,19.17,19.17,19.17,0
1749109745,19.17,19.17,19.17,19.17,0
1749109750,19.17,19.17,19.17,19.17,0
1749109755,19.17,19.17,19.17,19.17,0
1749109760,19.17,19.17,19.17,19.17,0
1749109765,19.17,19.17,19.17,19.17,0
1749109770,19.17,19.17,19.17,19.17,0
1749109775,19.17,19.17,19.17,19.17,0
1749109780,19.17,19.17,19.17,19.17,0
1749109785,19.17,19.17,19.17,19.17,0
1749109790,19.17,19.17,19.17,19.17,0
1749109795,19.17,19.17,19.17,19.17,0
1749109800,19.17,19.17,19.17,19.17,0
1749109805,19.17,19.17,19.17,19.17,0
1749109810,19.17,19.17,19.17,19.17,0
1749109815,19.17,19.17,19.17,19.17,0
1749109820,19.17,19.17,19.17,19.17,0
1749109825,19.17,19.17,19.17,19.17,0
1749109830,19.17,19.17,19.17,19.17,0
1749109835,19.17,19.17,19.17,19.17,0
1749109840,19.17,19.17,19.17,19.17,0
1749109845,19.17,19.17,19.17,19.17,0
1749109850,19.17,19.17,19.17,19.17,0
1749109855,19.17,19.17,19.17,19.17,0
1749109860,19.17,19.17,19.17,19.17,0
1749109865,19.17,19.17,19.17,19.17,0
1749109870,19.17,19.17,19.17,19.17,0
1749109875,19.17,19.17,19.17,19.17,0
1749109880,19.17,19.17,19.17,19.17,0
1749109885,19.17,19.17,19.17,19.17,0
1749109890,19.17,19.17,19.17,19.17,0
1749109895,19.17,19.17,19.17,19.17,0
1749109900,19.17,19.17,19.17,19.17,0
1749109905,19.17,19.17,19.17,19.17,0
1749109910,19.17,19.17,19.17,19.17,0
1749109915,19.17,19.17,19.17,19.17,0
1749109920,19.17,19.17,19.17,19.17,0
1749109925,19.17,19.17,19.17,19.17,0
1749109930,19.17,19.17,19.17,19.17,0
1749109935,19.17,19.17,19.17,19.17,0
1749109940,19.17,19.17,19.17,19.17,0
1749109945,19.17,19.17,19.17,19.17,0
1749109950,19.17,19.17,19.17,19.17,0
1749109955,19.17,19.17,19.17,19.17,7
1749109960,19.17,19.17,19.17,19.17,0
1749109965,19.17,19.17,19.17,19.17,0
1749109970,19.17,19.17,19.17,19.17,0
1749109975,19.17,19.17,19.17,19.17,0
1749109980,19.17,19.17,19.17,19.17,0
1749109985,19.17,19.17,19.17,19.17,0
1749109990,19.17,19.17,19.17,19.17,0
1749109995,19.17,19.17,19.17,19.17,0
1749110000,19.17,19.17,19.17,19.17,0
1749110005,19.17,19.17,19.17,19.17,0
1749110010,19.17,19.17,19.17,19.17,0
1749110015,19.17,19.17,19.17,19.17,0
1749110020,19.17,19.17,19.17,19.17,0
1749110025,19.17,19.17,19.17,19.17,0
1749110030,19.17,19.17,19.17,19.17,0
1749110035,19.17,19.17,19.17,19.17,0
1749110040,19.17,19.17,19.17,19.17,0
1749110045,19.17,19.17,19.17,19.17,0
1749110050,19.17,19.17,19.17,19.17,0
1749110055,19.17,19.17,19.17,19.17,0
1749110060,19.17,19.17,19.17,19.17,0
1749110065,19.17,19.17,19.17,19.17,0
1749110070,19.17,19.17,19.17,19.17,0
1749110075,19.17,19.17,19.17,19.17,0
1749110080,19.17,19.17,19.17,19.17,0
1749110085,19.17,19.17,19.17,19.17,0
1749110090,19.17,19.17,19.17,19.17,0
1749110095,19.17,19.17,19.17,19.17,0
1749110100,19.17,19.17,19.17,19.17,0
1749110105,19.17,19.17,19.17,19.17,0
1749110110,19.17,19.17,19.17,19.17,0
1749110115,19.17,19.17,19.17,19.17,0
1749110120,19.17,19.17,19.17,19.17,0
1749110125,19.17,19.17,19.17,19.17,0
1749110130,19.17,19.17,19.17,19.17,0
1749110135,19.17,19.17,19.17,19.17,0
1749110140,19.17,19.17,19.17,19.17,0
1749110145,19.17,19.17,19.17,19.17,0
1749110150,19.17,19.17,19.17,19.17,0
1749110155,19.17,19.17,19.17,19.17,0
1749110160,19.17,19.17,19.17,19.17,0
1749110165,19.17,19.17,19.17,19.17,0
1749110170,19.17,19.17,19.17,19.17,0
1749110175,19.17,19.17,19.17,19.17,0
1749110180,19.17,19.17,19.17,19.17,0
1749110185,19.17,19.17,19.17,19.17,0
1749110190,19.17,19.17,19.17,19.17,0
1749110195,19.17,19.17,19.17,19.17,0
1749110200,19.17,19.17,19.17,19.17,0
1749110205,19.17,19.17,19.17,19.17,0
1749110210,19.17,19.17,19.17,19.17,0
1749110215,19.13,19.13,19.13,19.13,2
1749110220,19.13,19.13,19.13,19.13,0
1749110225,19.13,19.13,19.13,19.13,0
1749110230,19.13,19.13,19.13,19.13,0
1749110235,19.13,19.13,19.13,19.13,0
1749110240,19.13,19.13,19.13,19.13,0
1749110245,19.13,19.13,19.13,19.13,0
1749110250,19.13,19.13,19.13,19.13,0
1749110255,19.13,19.13,19.13,19.13,0
1749110260,19.13,19.13,19.13,19.13,0
1749110265,19.13,19.13,19.13,19.13,0
1749110270,19.13,19.13,19.13,19.13,0
1749110275,19.13,19.13,19.13,19.13,0
1749110280,19.13,19.13,19.13,19.13,0
1749110285,19.13,19.13,19.13,19.13,0
1749110290,19.13,19.13,19.13,19.13,0
1749110295,19.13,19.13,19.13,19.13,0
1749110300,19.13,19.13,19.13,19.13,0
1749110305,19.13,19.13,19.13,19.13,0
1749110310,19.13,19.13,19.13,19.13,0
1749110315,19.13,19.13,19.13,19.13,0
1749110320,19.13,19.13,19.13,19.13,0
1749110325,19.13,19.13,19.13,19.13,0
1749110330,19.13,19.13,19.13,19.13,0
1749110335,19.13,19.13,19.13,19.13,0
1749110340,19.13,19.13,19.13,19.13,0
1749110345,19.13,19.13,19.13,19.13,0
1749110350,19.13,19.13,19.13,19.13,0
1749110355,19.13,19.13,19.13,19.13,0
1749110360,19.13,19.13,19.13,19.13,0
1749110365,19.13,19.13,19.13,19.13,0
1749110370,19.13,19.13,19.13,19.13,0
1749110375,19.13,19.13,19.13,19.13,0
1749110380,19.13,19.13,19.13,19.13,0
1749110385,19.13,19.13,19.13,19.13,0
1749110390,19.13,19.13,19.13,19.13,0
1749110395,19.13,19.13,19.13,19.13,0
1749110400,19.13,19.13,19.13,19.13,0
1749110405,19.13,19.13,19.13,19.13,0
1749110410,19.13,19.13,19.13,19.13,0
1749110415,19.12,19.12,19.12,19.12,3
1749110420,19.13,19.13,19.13,19.13,1
1749110425,19.13,19.13,19.13,19.13,0
1749110430,19.13,19.13,19.13,19.13,0
1749110435,19.13,19.13,19.13,19.13,0
1749110440,19.13,19.13,19.13,19.13,0
1749110445,19.13,19.13,19.13,19.13,0
1749110450,19.13,19.13,19.13,19.13,0
1749110455,19.13,19.13,19.13,19.13,0
1749110460,19.13,19.13,19.13,19.13,0
1749110465,19.13,19.13,19.13,19.13,0
1749110470,19.13,19.13,19.13,19.13,0
1749110475,19.13,19.13,19.13,19.13,0
1749110480,19.13,19.13,19.13,19.13,0
1749110485,19.13,19.13,19.13,19.13,0
1749110490,19.13,19.13,19.13,19.13,0
1749110495,19.13,19.13,19.13,19.13,0
1749110500,19.13,19.13,19.13,19.13,0
1749110505,19.13,19.13,19.13,19.13,0
1749110510,19.13,19.13,19.13,19.13,0
1749110515,19.13,19.13,19.13,19.13,0
1749110520,19.13,19.13,19.13,19.13,0
1749110525,19.13,19.13,19.13,19.13,0
1749110530,19.13,19.13,19.13,19.13,0
1749110535,19.13,19.13,19.13,19.13,0
1749110540,19.13,19.13,19.13,19.13,0
1749110545,19.13,19.13,19.13,19.13,0
1749110550,19.13,19.13,19.13,19.13,0
1749110555,19.13,19.13,19.13,19.13,0
1749110560,19.13,19.13,19.13,19.13,0
1749110565,19.13,19.13,19.13,19.13,0
1749110570,19.13,19.13,19.13,19.13,0
1749110575,19.13,19.13,19.13,19.13,0
1749110580,19.13,19.13,19.13,19.13,0
1749110585,19.13,19.13,19.13,19.13,0
1749110590,19.13,19.13,19.13,19.13,0
1749110595,19.13,19.13,19.13,19.13,0
1749110600,19.13,19.13,19.13,19.13,0
1749110605,19.13,19.13,19.13,19.13,0
1749110610,19.13,19.13,19.13,19.13,0
1749110615,19.13,19.13,19.13,19.13,0
1749110620,19.13,19.13,19.13,19.13,0
1749110625,19.13,19.13,19.13,19.13,0
1749110630,19.13,19.13,19.13,19.13,0
1749110635,19.13,19.13,19.13,19.13,0
1749110640,19.13,19.13,19.13,19.13,0
1749110645,19.13,19.13,19.13,19.13,0
1749110650,19.13,19.13,19.13,19.13,0
1749110655,19.13,19.13,19.13,19.13,0
1749110660,19.13,19.13,19.13,19.13,0
1749110665,19.13,19.13,19.13,19.13,0
1749110670,19.13,19.13,19.13,19.13,0
1749110675,19.13,19.13,19.13,19.13,0
1749110680,19.13,19.13,19.13,19.13,0
1749110685,19.13,19.13,19.13,19.13,0
1749110690,19.13,19.13,19.13,19.13,0
1749110695,19.13,19.13,19.13,19.13,0
1749110700,19.13,19.13,19.13,19.13,0
1749110705,19.13,19.13,19.13,19.13,0
1749110710,19.13,19.13,19.13,19.13,0
1749110715,19.13,19.13,19.13,19.13,0
1749110720,19.12,19.12,19.12,19.12,1
1749110725,19.12,19.12,19.12,19.12,0
1749110730,19.12,19.12,19.12,19.12,0
1749110735,19.12,19.12,19.12,19.12,0
1749110740,19.12,19.12,19.12,19.12,0
1749110745,19.12,19.12,19.12,19.12,0
1749110750,19.12,19.12,19.12,19.12,0
1749110755,19.12,19.12,19.12,19.12,0
1749110760,19.12,19.12,19.12,19.12,0
1749110765,19.12,19.12,19.12,19.12,0
1749110770,19.12,19.12,19.12,19.12,0
1749110775,19.12,19.12,19.12,19.12,0
1749110780,19.12,19.12,19.12,19.12,0
1749110785,19.12,19.12,19.12,19.12,0
1749110790,19.12,19.12,19.12,19.12,0
1749110795,19.12,19.12,19.12,19.12,0
1749110800,19.12,19.12,19.12,19.12,0
1749110805,19.12,19.12,19.12,19.12,0
1749110810,19.12,19.12,19.12,19.12,0
1749110815,19.12,19.12,19.12,19.12,0
1749110820,19.12,19.12,19.12,19.12,0
1749110825,19.12,19.12,19.12,19.12,0
1749110830,19.12,19.12,19.12,19.12,0
1749110835,19.12,19.12,19.12,19.12,0
1749110840,19.12,19.12,19.12,19.12,0
1749110845,19.12,19.12,19.12,19.12,0
1749110850,19.12,19.12,19.12,19.12,0
1749110855,19.12,19.12,19.12,19.12,0
1749110860,19.12,19.12,19.12,19.12,0
1749110865,19.12,19.12,19.12,19.12,0
1749110870,19.12,19.12,19.12,19.12,0
1749110875,19.12,19.12,19.12,19.12,0
1749110880,19.12,19.12,19.12,19.12,0
1749110885,19.12,19.12,19.12,19.12,0
1749110890,19.12,19.12,19.12,19.12,0
1749110895,19.12,19.12,19.12,19.12,0
1749110900,19.12,19.12,19.12,19.12,0
1749110905,19.12,19.12,19.12,19.12,0
1749110910,19.12,19.12,19.12,19.12,0
1749110915,19.13,19.13,19.13,19.13,5
1749110920,19.13,19.13,19.13,19.13,0
1749110925,19.13,19.13,19.13,19.13,0
1749110930,19.13,19.13,19.13,19.13,0
1749110935,19.13,19.13,19.13,19.13,2
1749110940,19.13,19.13,19.13,19.13,0
1749110945,19.13,19.13,19.13,19.13,0
1749110950,19.13,19.13,19.13,19.13,0
1749110955,19.13,19.13,19.13,19.13,0
1749110960,19.13,19.13,19.13,19.13,0
1749110965,19.13,19.13,19.13,19.13,0
1749110970,19.13,19.13,19.13,19.13,0
1749110975,19.13,19.13,19.13,19.13,0
1749110980,19.13,19.13,19.13,19.13,0
1749110985,19.13,19.13,19.13,19.13,0
1749110990,19.13,19.13,19.13,19.13,0
1749110995,19.13,19.13,19.13,19.13,0
1749111000,19.13,19.13,19.13,19.13,0
1749111005,19.13,19.13,19.13,19.13,0
1749111010,19.13,19.13,19.13,19.13,0
1749111015,19.13,19.13,19.13,19.13,0
1749111020,19.13,19.13,19.13,19.13,0
1749111025,19.13,19.13,19.13,19.13,0
1749111030,19.13,19.13,19.13,19.13,0
1749111035,19.13,19.13,19.13,19.13,0
1749111040,19.13,19.13,19.13,19.13,0
1749111045,19.13,19.13,19.13,19.13,0
1749111050,19.13,19.13,19.13,19.13,0
1749111055,19.13,19.13,19.13,19.13,0
1749111060,19.13,19.13,19.13,19.13,0
1749111065,19.13,19.13,19.13,19.13,0
1749111070,19.13,19.13,19.13,19.13,0
1749111075,19.13,19.13,19.13,19.13,0
1749111080,19.13,19.13,19.13,19.13,0
1749111085,19.13,19.13,19.13,19.13,0
1749111090,19.13,19.13,19.13,19.13,0
1749111095,19.13,19.13,19.13,19.13,0
1749111100,19.13,19.13,19.13,19.13,0
1749111105,19.13,19.13,19.13,19.13,0
1749111110,19.13,19.13,19.13,19.13,0
1749111115,19.13,19.13,19.13,19.13,0
1749111120,19.13,19.13,19.13,19.13,0
1749111125,19.13,19.13,19.13,19.13,0
1749111130,19.13,19.13,19.13,19.13,0
1749111135,19.13,19.13,19.13,19.13,0
1749111140,19.13,19.13,19.13,19.13,0
1749111145,19.13,19.13,19.13,19.13,0
1749111150,19.13,19.13,19.13,19.13,0
1749111155,19.13,19.13,19.13,19.13,0
1749111160,19.13,19.13,19.13,19.13,0
1749111165,19.13,19.13,19.13,19.13,0
1749111170,19.13,19.13,19.13,19.13,0
1749111175,19.13,19.13,19.13,19.13,0
1749111180,19.13,19.13,19.13,19.13,0
1749111185,19.13,19.13,19.13,19.13,0
1749111190,19.13,19.13,19.13,19.13,0
1749111195,19.13,19.13,19.13,19.13,0
1749111200,19.13,19.13,19.13,19.13,0
1749111205,19.13,19.13,19.13,19.13,0
1749111210,19.13,19.13,19.13,19.13,0
1749111215,19.13,19.13,19.13,19.13,0
1749111220,19.13,19.13,19.13,19.13,0
1749111225,19.13,19.13,19.13,19.13,0
1749111230,19.13,19.13,19.13,19.13,0
1749111235,19.13,19.13,19.13,19.13,0
1749111240,19.13,19.13,19.13,19.13,0
1749111245,19.13,19.13,19.13,19.13,0
1749111250,19.13,19.13,19.13,19.13,0
1749111255,19.13,19.13,19.13,19.13,0
1749111260,19.13,19.13,19.13,19.13,0
1749111265,19.13,19.13,19.13,19.13,0
1749111270,19.13,19.13,19.13,19.13,0
1749111275,19.13,19.13,19.13,19.13,0
1749111280,19.13,19.13,19.13,19.13,0
1749111285,19.13,19.13,19.13,19.13,0
1749111290,19.13,19.13,19.13,19.13,0
1749111295,19.13,19.13,19.13,19.13,0
1749111300,19.13,19.13,19.13,19.13,0
1749111305,19.13,19.13,19.13,19.13,0
1749111310,19.13,19.13,19.13,19.13,0
1749111315,19.13,19.13,19.13,19.13,0
1749111320,19.13,19.13,19.13,19.13,0
1749111325,19.13,19.13,19.13,19.13,0
1749111330,19.13,19.13,19.13,19.13,0
1749111335,19.13,19.13,19.13,19.13,0
1749111340,19.13,19.13,19.13,19.13,0
1749111345,19.13,19.13,19.13,19.13,0
1749111350,19.13,19.13,19.13,19.13,0
1749111355,19.13,19.13,19.13,19.13,0
1749111360,19.13,19.13,19.13,19.13,0
1749111365,19.13,19.13,19.13,19.13,0
1749111370,19.13,19.13,19.13,19.13,0
1749111375,19.13,19.13,19.13,19.13,0
1749111380,19.13,19.13,19.13,19.13,0
1749111385,19.13,19.13,19.13,19.13,0
1749111390,19.13,19.13,19.13,19.13,0
1749111395,19.13,19.13,19.13,19.13,0
1749111400,19.13,19.13,19.13,19.13,0
1749111405,19.13,19.13,19.13,19.13,0
1749111410,19.13,19.13,19.13,19.13,0
1749111415,19.13,19.13,19.13,19.13,0
1749111420,19.13,19.13,19.13,19.13,0
1749111425,19.13,19.13,19.13,19.13,0
1749111430,19.13,19.13,19.13,19.13,0
1749111435,19.13,19.13,19.13,19.13,0
1749111440,19.13,19.13,19.13,19.13,0
1749111445,19.13,19.13,19.13,19.13,0
1749111450,19.13,19.13,19.13,19.13,0
1749111455,19.13,19.13,19.13,19.13,0
1749111460,19.13,19.13,19.13,19.13,0
1749111465,19.16,19.16,19.16,19.16,1
1749111470,19.16,19.16,19.16,19.16,0
1749111475,19.16,19.16,19.16,19.16,0
1749111480,19.16,19.16,19.16,19.16,0
1749111485,19.16,19.16,19.16,19.16,0
1749111490,19.16,19.16,19.16,19.16,0
1749111495,19.16,19.16,19.16,19.16,0
1749111500,19.16,19.16,19.16,19.16,0
1749111505,19.16,19.16,19.16,19.16,0
1749111510,19.16,19.16,19.16,19.16,0
1749111515,19.16,19.16,19.16,19.16,0
1749111520,19.16,19.16,19.16,19.16,0
1749111525,19.16,19.16,19.16,19.16,0
1749111530,19.16,19.16,19.16,19.16,0
1749111535,19.16,19.16,19.16,19.16,0
1749111540,19.16,19.16,19.16,19.16,0
1749111545,19.16,19.16,19.16,19.16,0
1749111550,19.16,19.16,19.16,19.16,0
1749111555,19.16,19.16,19.16,19.16,0
1749111560,19.16,19.16,19.16,19.16,0
1749111565,19.16,19.16,19.16,19.16,0
1749111570,19.16,19.16,19.16,19.16,0
1749111575,19.16,19.16,19.16,19.16,0
1749111580,19.16,19.16,19.16,19.16,0
1749111585,19.16,19.16,19.16,19.16,0
1749111590,19.16,19.16,19.16,19.16,0
1749111595,19.16,19.16,19.16,19.16,0
1749111600,19.16,19.16,19.16,19.16,0
1749111605,19.16,19.16,19.16,19.16,0
1749111610,19.16,19.16,19.16,19.16,0
1749111615,19.16,19.16,19.16,19.16,0
1749111620,19.16,19.16,19.16,19.16,0
1749111625,19.16,19.16,19.16,19.16,0
1749111630,19.16,19.16,19.16,19.16,0
1749111635,19.16,19.16,19.16,19.16,0
1749111640,19.16,19.16,19.16,19.16,0
1749111645,19.16,19.16,19.16,19.16,0
1749111650,19.16,19.16,19.16,19.16,0
1749111655,19.16,19.16,19.16,19.16,0
1749111660,19.16,19.16,19.16,19.16,0
1749111665,19.16,19.16,19.16,19.16,0
1749111670,19.16,19.16,19.16,19.16,0
1749111675,19.16,19.16,19.16,19.16,0
1749111680,19.16,19.16,19.16,19.16,0
1749111685,19.16,19.16,19.16,19.16,0
1749111690,19.16,19.16,19.16,19.16,0
1749111695,19.16,19.16,19.16,19.16,0
1749111700,19.16,19.16,19.16,19.16,0
1749111705,19.16,19.16,19.16,19.16,0
1749111710,19.16,19.16,19.16,19.16,0
1749111715,19.16,19.16,19.16,19.16,0
1749111720,19.16,19.16,19.16,19.16,0
1749111725,19.16,19.16,19.16,19.16,0
1749111730,19.16,19.16,19.16,19.16,0
1749111735,19.16,19.16,19.16,19.16,0
1749111740,19.16,19.16,19.16,19.16,0
1749111745,19.16,19.16,19.16,19.16,0
1749111750,19.16,19.16,19.16,19.16,0
1749111755,19.16,19.16,19.16,19.16,0
1749111760,19.16,19.16,19.16,19.16,0
1749111765,19.16,19.16,19.16,19.16,0
1749111770,19.16,19.16,19.16,19.16,0
1749111775,19.16,19.16,19.16,19.16,0
1749111780,19.16,19.16,19.16,19.16,0
1749111785,19.16,19.16,19.16,19.16,0
1749111790,19.16,19.16,19.16,19.16,0
1749111795,19.16,19.16,19.16,19.16,0
1749111800,19.16,19.16,19.16,19.16,0
1749111805,19.13,19.13,19.13,19.13,1
1749111810,19.13,19.13,19.13,19.13,0
1749111815,19.13,19.13,19.13,19.13,0
1749111820,19.13,19.13,19.13,19.13,0
1749111825,19.13,19.13,19.13,19.13,0
1749111830,19.13,19.13,19.13,19.13,0
1749111835,19.13,19.13,19.13,19.13,0
1749111840,19.13,19.13,19.13,19.13,0
1749111845,19.13,19.13,19.13,19.13,0
1749111850,19.13,19.13,19.13,19.13,0
1749111855,19.13,19.13,19.13,19.13,0
1749111860,19.13,19.13,19.13,19.13,0
1749111865,19.13,19.13,19.13,19.13,0
1749111870,19.13,19.13,19.13,19.13,0
1749111875,19.13,19.13,19.13,19.13,0
1749111880,19.13,19.13,19.13,19.13,0
1749111885,19.13,19.13,19.13,19.13,0
1749111890,19.13,19.13,19.13,19.13,0
1749111895,19.13,19.13,19.13,19.13,0
1749111900,19.13,19.13,19.13,19.13,0
1749111905,19.13,19.13,19.13,19.13,0
1749111910,19.13,19.13,19.13,19.13,0
1749111915,19.13,19.13,19.13,19.13,0
1749111920,19.13,19.13,19.13,19.13,0
1749111925,19.13,19.13,19.13,19.13,0
1749111930,19.13,19.13,19.13,19.13,0
1749111935,19.13,19.13,19.13,19.13,0
1749111940,19.13,19.13,19.13,19.13,0
1749111945,19.13,19.13,19.13,19.13,0
1749111950,19.13,19.13,19.13,19.13,0
1749111955,19.13,19.13,19.13,19.13,0
1749111960,19.13,19.13,19.13,19.13,0
1749111965,19.13,19.13,19.13,19.13,0
1749111970,19.13,19.13,19.13,19.13,0
1749111975,19.13,19.13,19.13,19.13,0
1749111980,19.13,19.13,19.13,19.13,0
1749111985,19.13,19.13,19.13,19.13,0
1749111990,19.13,19.13,19.13,19.13,0
1749111995,19.13,19.13,19.13,19.13,0
1749112000,19.13,19.13,19.13,19.13,0
1749112005,19.13,19.13,19.13,19.13,0
1749112010,19.13,19.13,19.13,19.13,0
1749112015,19.13,19.13,19.13,19.13,0
1749112020,19.13,19.13,19.13,19.13,0
1749112025,19.13,19.13,19.13,19.13,0
1749112030,19.13,19.13,19.13,19.13,0
1749112035,19.13,19.13,19.13,19.13,0
1749112040,19.13,19.13,19.13,19.13,0
1749112045,19.13,19.13,19.13,19.13,0
1749112050,19.13,19.13,19.13,19.13,0
1749112055,19.13,19.13,19.13,19.13,0
1749112060,19.13,19.13,19.13,19.13,0
1749112065,19.13,19.13,19.13,19.13,0
1749112070,19.13,19.13,19.13,19.13,0
1749112075,19.13,19.13,19.13,19.13,0
1749112080,19.13,19.13,19.13,19.13,0
1749112085,19.13,19.13,19.13,19.13,0
1749112090,19.13,19.13,19.13,19.13,0
1749112095,19.13,19.13,19.13,19.13,0
1749112100,19.13,19.13,19.13,19.13,0
1749112105,19.13,19.13,19.13,19.13,0
1749112110,19.13,19.13,19.13,19.13,0
1749112115,19.13,19.13,19.13,19.13,0
1749112120,19.1,19.1,19.1,19.1,4
1749112125,19.1,19.1,19.1,19.1,0
1749112130,19.1,19.1,19.1,19.1,0
1749112135,19.1,19.1,19.1,19.1,0
1749112140,19.1,19.1,19.1,19.1,0
1749112145,19.1,19.1,19.1,19.1,0
1749112150,19.1,19.1,19.1,19.1,0
1749112155,19.1,19.1,19.1,19.1,0
1749112160,19.1,19.1,19.1,19.1,0
1749112165,19.1,19.1,19.1,19.1,0
1749112170,19.1,19.1,19.1,19.1,0
1749112175,19.1,19.1,19.1,19.1,0
1749112180,19.1,19.1,19.1,19.1,0
1749112185,19.1,19.1,19.1,19.1,0
1749112190,19.1,19.1,19.1,19.1,0
1749112195,19.1,19.1,19.1,19.1,0
1749112200,19.1,19.1,19.1,19.1,0
1749112205,19.1,19.1,19.1,19.1,0
1749112210,19.1,19.1,19.1,19.1,0
1749112215,19.1,19.1,19.1,19.1,0
1749112220,19.1,19.1,19.1,19.1,0
1749112225,19.1,19.1,19.1,19.1,0
1749112230,19.1,19.1,19.1,19.1,0
1749112235,19.1,19.1,19.1,19.1,0
1749112240,19.1,19.1,19.1,19.1,0
1749112245,19.1,19.1,19.1,19.1,0
1749112250,19.1,19.1,19.1,19.1,0
1749112255,19.1,19.1,19.1,19.1,0
1749112260,19.1,19.1,19.1,19.1,0
1749112265,19.1,19.1,19.1,19.1,0
1749112270,19.1,19.1,19.1,19.1,0
1749112275,19.1,19.1,19.1,19.1,0
1749112280,19.1,19.1,19.1,19.1,0
1749112285,19.1,19.1,19.1,19.1,0
1749112290,19.1,19.1,19.1,19.1,0
1749112295,19.1,19.1,19.1,19.1,0
1749112300,19.1,19.1,19.1,19.1,0
1749112305,19.1,19.1,19.1,19.1,0
1749112310,19.1,19.1,19.1,19.1,0
1749112315,19.1,19.1,19.1,19.1,0
1749112320,19.1,19.1,19.1,19.1,0
1749112325,19.1,19.1,19.1,19.1,0
1749112330,19.1,19.1,19.1,19.1,0
1749112335,19.1,19.1,19.1,19.1,0
1749112340,19.1,19.1,19.1,19.1,0
1749112345,19.1,19.1,19.1,19.1,0
1749112350,19.1,19.1,19.1,19.1,0
1749112355,19.1,19.1,19.1,19.1,0
1749112360,19.1,19.1,19.1,19.1,0
1749112365,19.1,19.1,19.1,19.1,0
1749112370,19.1,19.1,19.1,19.1,0
1749112375,19.1,19.1,19.1,19.1,0
1749112380,19.1,19.1,19.1,19.1,0
1749112385,19.1,19.1,19.1,19.1,0
1749112390,19.1,19.1,19.1,19.1,0
1749112395,19.1,19.1,19.1,19.1,0
1749112400,19.1,19.1,19.1,19.1,0
1749112405,19.1,19.1,19.1,19.1,0
1749112410,19.1,19.1,19.1,19.1,0
1749112415,19.1,19.1,19.1,19.1,0
1749112420,19.1,19.1,19.1,19.1,0
1749112425,19.1,19.1,19.1,19.1,0
1749112430,19.1,19.1,19.1,19.1,0
1749112435,19.1,19.1,19.1,19.1,0
1749112440,19.1,19.1,19.1,19.1,0
1749112445,19.1,19.1,19.1,19.1,0
1749112450,19.1,19.1,19.1,19.1,0
1749112455,19.1,19.1,19.1,19.1,0
1749112460,19.1,19.1,19.1,19.1,0
1749112465,19.1,19.1,19.1,19.1,0
1749112470,19.1,19.1,19.1,19.1,0
1749112475,19.1,19.1,19.1,19.1,0
1749112480,19.1,19.1,19.1,19.1,0
1749112485,19.1,19.1,19.1,19.1,0
1749112490,19.1,19.1,19.1,19.1,0
1749112495,19.1,19.1,19.1,19.1,0
1749112500,19.1,19.1,19.1,19.1,0
1749112505,19.1,19.1,19.1,19.1,0
1749112510,19.1,19.1,19.1,19.1,0
1749112515,19.1,19.1,19.1,19.1,0
1749112520,19.1,19.1,19.1,19.1,0
1749112525,19.1,19.1,19.1,19.1,0
1749112530,19.1,19.1,19.1,19.1,0
1749112535,19.1,19.1,19.1,19.1,0
1749112540,19.1,19.1,19.1,19.1,0
1749112545,19.1,19.1,19.1,19.1,0
1749112550,19.1,19.1,19.1,19.1,0
1749112555,19.1,19.1,19.1,19.1,0
1749112560,19.1,19.1,19.1,19.1,0
1749112565,19.1,19.1,19.1,19.1,0
1749112570,19.1,19.1,19.1,19.1,0
1749112575,19.1,19.1,19.1,19.1,0
1749112580,19.1,19.1,19.1,19.1,0
1749112585,19.1,19.1,19.1,19.1,0
1749112590,19.1,19.1,19.1,19.1,0
1749112595,19.1,19.1,19.1,19.1,0
1749112600,19.1,19.1,19.1,19.1,0
1749112605,19.1,19.1,19.1,19.1,0
1749112610,19.1,19.1,19.1,19.1,0
1749112615,19.1,19.1,19.1,19.1,0
1749112620,19.1,19.1,19.1,19.1,0
1749112625,19.1,19.1,19.1,19.1,0
1749112630,19.1,19.1,19.1,19.1,0
1749112635,19.1,19.1,19.1,19.1,0
1749112640,19.1,19.1,19.1,19.1,0
1749112645,19.1,19.1,19.1,19.1,0
1749112650,19.1,19.1,19.1,19.1,0
1749112655,19.1,19.1,19.1,19.1,0
1749112660,19.1,19.1,19.1,19.1,0
1749112665,19.1,19.1,19.1,19.1,0
1749112670,19.1,19.1,19.1,19.1,0
1749112675,19.1,19.1,19.1,19.1,0
1749112680,19.1,19.1,19.1,19.1,0
1749112685,19.1,19.1,19.1,19.1,0
1749112690,19.1,19.1,19.1,19.1,0
1749112695,19.1,19.1,19.1,19.1,0
1749112700,19.1,19.1,19.1,19.1,0
1749112705,19.1,19.1,19.1,19.1,0
1749112710,19.1,19.1,19.1,19.1,0
1749112715,19.1,19.1,19.1,19.1,0
1749112720,19.1,19.1,19.1,19.1,0
1749112725,19.1,19.1,19.1,19.1,0
1749112730,19.1,19.1,19.1,19.1,0
1749112735,19.1,19.1,19.1,19.1,0
1749112740,19.1,19.1,19.1,19.1,0
1749112745,19.1,19.1,19.1,19.1,0
1749112750,19.1,19.1,19.1,19.1,0
1749112755,19.1,19.1,19.1,19.1,0
1749112760,19.1,19.1,19.1,19.1,0
1749112765,19.1,19.1,19.1,19.1,0
1749112770,19.1,19.1,19.1,19.1,0
1749112775,19.1,19.1,19.1,19.1,0
1749112780,19.1,19.1,19.1,19.1,0
1749112785,19.1,19.1,19.1,19.1,0
1749112790,19.1,19.1,19.1,19.1,0
1749112795,19.1,19.1,19.1,19.1,0
1749112800,19.1,19.1,19.1,19.1,0
1749112805,19.1,19.1,19.1,19.1,0
1749112810,19.1,19.1,19.1,19.1,0
1749112815,19.1,19.1,19.1,19.1,0
1749112820,19.1,19.1,19.1,19.1,0
1749112825,19.1,19.1,19.1,19.1,0
1749112830,19.1,19.1,19.1,19.1,0
1749112835,19.1,19.1,19.1,19.1,0
1749112840,19.1,19.1,19.1,19.1,0
1749112845,19.1,19.1,19.1,19.1,0
1749112850,19.1,19.1,19.1,19.1,0
1749112855,19.1,19.1,19.1,19.1,0
1749112860,19.1,19.1,19.1,19.1,0
1749112865,19.1,19.1,19.1,19.1,0
1749112870,19.1,19.1,19.1,19.1,0
1749112875,19.1,19.1,19.1,19.1,0
1749112880,19.1,19.1,19.1,19.1,0
1749112885,19.1,19.1,19.1,19.1,0
1749112890,19.1,19.1,19.1,19.1,0
1749112895,19.1,19.1,19.1,19.1,0
1749112900,19.1,19.1,19.1,19.1,0
1749112905,19.1,19.1,19.1,19.1,0
1749112910,19.1,19.1,19.1,19.1,0
1749112915,19.1,19.1,19.1,19.1,0
1749112920,19.1,19.1,19.1,19.1,0
1749112925,19.1,19.1,19.1,19.1,0
1749112930,19.1,19.1,19.1,19.1,0
1749112935,19.1,19.1,19.1,19.1,0
1749112940,19.1,19.1,19.1,19.1,0
1749112945,19.1,19.1,19.1,19.1,0
1749112950,19.1,19.1,19.1,19.1,0
1749112955,19.1,19.1,19.1,19.1,0
1749112960,19.1,19.1,19.1,19.1,0
1749112965,19.1,19.1,19.1,19.1,0
1749112970,19.1,19.1,19.1,19.1,0
1749112975,19.1,19.1,19.1,19.1,0
1749112980,19.1,19.1,19.1,19.1,0
1749112985,19.1,19.1,19.1,19.1,0
1749112990,19.1,19.1,19.1,19.1,0
1749112995,19.1,19.1,19.1,19.1,0
1749113000,19.1,19.1,19.1,19.1,0
1749113005,19.1,19.1,19.1,19.1,0
1749113010,19.1,19.1,19.1,19.1,0
1749113015,19.1,19.1,19.1,19.1,0
1749113020,19.1,19.1,19.1,19.1,0
1749113025,19.1,19.1,19.1,19.1,0
1749113030,19.1,19.1,19.1,19.1,0
1749113035,19.1,19.1,19.1,19.1,0
1749113040,19.1,19.1,19.1,19.1,0
1749113045,19.1,19.1,19.1,19.1,0
1749113050,19.1,19.1,19.1,19.1,0
1749113055,19.1,19.1,19.1,19.1,0
1749113060,19.1,19.1,19.1,19.1,0
1749113065,19.1,19.1,19.1,19.1,0
1749113070,19.1,19.1,19.1,19.1,0
1749113075,19.1,19.1,19.1,19.1,0
1749113080,19.1,19.1,19.1,19.1,0
1749113085,19.1,19.1,19.1,19.1,0
1749113090,19.1,19.1,19.1,19.1,0
1749113095,19.1,19.1,19.1,19.1,0
1749113100,19.1,19.1,19.1,19.1,0
1749113105,19.1,19.1,19.1,19.1,0
1749113110,19.1,19.1,19.1,19.1,0
1749113115,19.1,19.1,19.1,19.1,0
1749113120,19.1,19.1,19.1,19.1,0
1749113125,19.1,19.1,19.1,19.1,0
1749113130,19.1,19.1,19.1,19.1,0
1749113135,19.1,19.1,19.1,19.1,0
1749113140,19.1,19.1,19.1,19.1,0
1749113145,19.1,19.1,19.1,19.1,0
1749113150,19.1,19.1,19.1,19.1,0
1749113155,19.1,19.1,19.1,19.1,0
1749113160,19.1,19.1,19.1,19.1,0
1749113165,19.1,19.1,19.1,19.1,0
1749113170,19.1,19.1,19.1,19.1,0
1749113175,19.1,19.1,19.1,19.1,0
1749113180,19.1,19.1,19.1,19.1,0
1749113185,19.1,19.1,19.1,19.1,0
1749113190,19.1,19.1,19.1,19.1,0
1749113195,19.1,19.1,19.1,19.1,0
1749113200,19.1,19.1,19.1,19.1,0
1749113205,19.1,19.1,19.1,19.1,0
1749113210,19.1,19.1,19.1,19.1,0
1749113215,19.1,19.1,19.1,19.1,0
1749113220,19.1,19.1,19.1,19.1,0
1749113225,19.1,19.1,19.1,19.1,0
1749113230,19.1,19.1,19.1,19.1,0
1749113235,19.1,19.1,19.1,19.1,0
1749113240,19.1,19.1,19.1,19.1,0
1749113245,19.1,19.1,19.1,19.1,0
1749113250,19.1,19.1,19.1,19.1,0
1749113255,19.1,19.1,19.1,19.1,0
1749113260,19.1,19.1,19.1,19.1,0
1749113265,19.1,19.1,19.1,19.1,0
1749113270,19.1,19.1,19.1,19.1,0
1749113275,19.1,19.1,19.1,19.1,0
1749113280,19.1,19.1,19.1,19.1,0
1749113285,19.1,19.1,19.1,19.1,0
1749113290,19.1,19.1,19.1,19.1,0
1749113295,19.1,19.1,19.1,19.1,0
1749113300,19.1,19.1,19.1,19.1,0
1749113305,19.1,19.1,19.1,19.1,0
1749113310,19.1,19.1,19.1,19.1,0
1749113315,19.1,19.1,19.1,19.1,0
1749113320,19.1,19.1,19.1,19.1,0
1749113325,19.1,19.1,19.1,19.1,0
1749113330,19.1,19.1,19.1,19.1,0
1749113335,19.1,19.1,19.1,19.1,0
1749113340,19.1,19.1,19.1,19.1,0
1749113345,19.1,19.1,19.1,19.1,0
1749113350,19.1,19.1,19.1,19.1,0
1749113355,19.1,19.1,19.1,19.1,0
1749113360,19.1,19.1,19.1,19.1,0
1749113365,19.1,19.1,19.1,19.1,0
1749113370,19.1,19.1,19.1,19.1,0
1749113375,19.1,19.1,19.1,19.1,0
1749113380,19.1,19.1,19.1,19.1,0
1749113385,19.1,19.1,19.1,19.1,0
1749113390,19.1,19.1,19.1,19.1,0
1749113395,19.1,19.1,19.1,19.1,0
1749113400,19.1,19.1,19.1,19.1,0
1749113405,19.1,19.1,19.1,19.1,0
1749113410,19.1,19.1,19.1,19.1,0
1749113415,19.1,19.1,19.1,19.1,0
1749113420,19.1,19.1,19.1,19.1,0
1749113425,19.1,19.1,19.1,19.1,0
1749113430,19.1,19.1,19.1,19.1,0
1749113435,19.1,19.1,19.1,19.1,0
1749113440,19.1,19.1,19.1,19.1,0
1749113445,19.1,19.1,19.1,19.1,0
1749113450,19.1,19.1,19.1,19.1,0
1749113455,19.1,19.1,19.1,19.1,0
1749113460,19.1,19.1,19.1,19.1,0
1749113465,19.1,19.1,19.1,19.1,0
1749113470,19.1,19.1,19.1,19.1,0
1749113475,19.1,19.1,19.1,19.1,0
1749113480,19.1,19.1,19.1,19.1,0
1749113485,19.1,19.1,19.1,19.1,0
1749113490,19.1,19.1,19.1,19.1,0
1749113495,19.1,19.1,19.1,19.1,0
1749113500,19.1,19.1,19.1,19.1,0
1749113505,19.1,19.1,19.1,19.1,0
1749113510,19.1,19.1,19.1,19.1,0
1749113515,19.1,19.1,19.1,19.1,0
1749113520,19.1,19.1,19.1,19.1,0
1749113525,19.1,19.1,19.1,19.1,0
1749113530,19.1,19.1,19.1,19.1,0
1749113535,19.1,19.1,19.1,19.1,0
1749113540,19.1,19.1,19.1,19.1,0
1749113545,19.1,19.1,19.1,19.1,0
1749113550,19.1,19.1,19.1,19.1,0
1749113555,19.1,19.1,19.1,19.1,0
1749113560,19.1,19.1,19.1,19.1,0
1749113565,19.1,19.1,19.1,19.1,0
1749113570,19.1,19.1,19.1,19.1,0
1749113575,19.1,19.1,19.1,19.1,0
1749113580,19.1,19.1,19.1,19.1,0
1749113585,19.1,19.1,19.1,19.1,0
1749113590,19.1,19.1,19.1,19.1,0
1749113595,19.1,19.1,19.1,19.1,0
1749113600,19.1,19.1,19.1,19.1,0
1749113605,19.1,19.1,19.1,19.1,0
1749113610,19.1,19.1,19.1,19.1,0
1749113615,19.1,19.1,19.1,19.1,0
1749113620,19.1,19.1,19.1,19.1,0
1749113625,19.1,19.1,19.1,19.1,0
1749113630,19.1,19.1,19.1,19.1,0
1749113635,19.1,19.1,19.1,19.1,0
1749113640,19.1,19.1,19.1,19.1,0
1749113645,19.1,19.1,19.1,19.1,0
1749113650,19.1,19.1,19.1,19.1,0
1749113655,19.1,19.1,19.1,19.1,0
1749113660,19.1,19.1,19.1,19.1,0
1749113665,19.1,19.1,19.1,19.1,0
1749113670,19.1,19.1,19.1,19.1,0
1749113675,19.1,19.1,19.1,19.1,0
1749113680,19.1,19.1,19.1,19.1,0
1749113685,19.1,19.1,19.1,19.1,0
1749113690,19.1,19.1,19.1,19.1,0
1749113695,19.1,19.1,19.1,19.1,0
1749113700,19.1,19.1,19.1,19.1,0
1749113705,19.1,19.1,19.1,19.1,0
1749113710,19.1,19.1,19.1,19.1,0
1749113715,19.1,19.1,19.1,19.1,0
1749113720,19.1,19.1,19.1,19.1,0
1749113725,19.1,19.1,19.1,19.1,0
1749113730,19.1,19.1,19.1,19.1,0
1749113735,19.1,19.1,19.1,19.1,0
1749113740,19.1,19.1,19.1,19.1,0
1749113745,19.1,19.1,19.1,19.1,0
1749113750,19.1,19.1,19.1,19.1,0
1749113755,19.1,19.1,19.1,19.1,0
1749113760,19.1,19.1,19.1,19.1,0
1749113765,19.1,19.1,19.1,19.1,0
1749113770,19.1,19.1,19.1,19.1,0
1749113775,19.1,19.1,19.1,19.1,0
1749113780,19.1,19.1,19.1,19.1,0
1749113785,19.1,19.1,19.1,19.1,0
1749113790,19.1,19.1,19.1,19.1,0
1749113795,19.1,19.1,19.1,19.1,0
1749113800,19.1,19.1,19.1,19.1,0
1749113805,19.1,19.1,19.1,19.1,0
1749113810,19.1,19.1,19.1,19.1,0
1749113815,19.1,19.1,19.1,19.1,0
1749113820,19.1,19.1,19.1,19.1,0
1749113825,19.1,19.1,19.1,19.1,0
1749113830,19.1,19.1,19.1,19.1,0
1749113835,19.1,19.1,19.1,19.1,0
1749113840,19.1,19.1,19.1,19.1,0
1749113845,19.1,19.1,19.1,19.1,0
1749113850,19.1,19.1,19.1,19.1,0
1749113855,19.1,19.1,19.1,19.1,0
1749113860,19.1,19.1,19.1,19.1,0
1749113865,19.1,19.1,19.1,19.1,0
1749113870,19.1,19.1,19.1,19.1,0
1749113875,19.1,19.1,19.1,19.1,0
1749113880,19.1,19.1,19.1,19.1,0
1749113885,19.1,19.1,19.1,19.1,0
1749113890,19.1,19.1,19.1,19.1,0
1749113895,19.1,19.1,19.1,19.1,0
1749113900,19.1,19.1,19.1,19.1,0
1749113905,19.1,19.1,19.1,19.1,0
1749113910,19.1,19.1,19.1,19.1,0
1749113915,19.1,19.1,19.1,19.1,0
1749113920,19.1,19.1,19.1,19.1,0
1749113925,19.1,19.1,19.1,19.1,0
1749113930,19.1,19.1,19.1,19.1,0
1749113935,19.1,19.1,19.1,19.1,0
1749113940,19.1,19.1,19.1,19.1,0
1749113945,19.1,19.1,19.1,19.1,0
1749113950,19.1,19.1,19.1,19.1,0
1749113955,19.1,19.1,19.1,19.1,0
1749113960,19.1,19.1,19.1,19.1,0
1749113965,19.1,19.1,19.1,19.1,0
1749113970,19.1,19.1,19.1,19.1,0
1749113975,19.1,19.1,19.1,19.1,0
1749113980,19.1,19.1,19.1,19.1,0
1749113985,19.1,19.1,19.1,19.1,0
1749113990,19.1,19.1,19.1,19.1,0
1749113995,19.1,19.1,19.1,19.1,0
1749114000,19.1,19.1,19.1,19.1,0
1749114005,19.1,19.1,19.1,19.1,0
1749114010,19.1,19.1,19.1,19.1,0
1749114015,19.1,19.1,19.1,19.1,0
1749114020,19.1,19.1,19.1,19.1,0
1749114025,19.1,19.1,19.1,19.1,0
1749114030,19.1,19.1,19.1,19.1,0
1749114035,19.1,19.1,19.1,19.1,0
1749114040,19.1,19.1,19.1,19.1,0
1749114045,19.1,19.1,19.1,19.1,0
1749114050,19.1,19.1,19.1,19.1,0
1749114055,19.1,19.1,19.1,19.1,0
1749114060,19.1,19.1,19.1,19.1,0
1749114065,19.1,19.1,19.1,19.1,0
1749114070,19.1,19.1,19.1,19.1,0
1749114075,19.1,19.1,19.1,19.1,0
1749114080,19.1,19.1,19.1,19.1,0
1749114085,19.1,19.1,19.1,19.1,0
1749114090,19.1,19.1,19.1,19.1,0
1749114095,19.1,19.1,19.1,19.1,0
1749114100,19.1,19.1,19.1,19.1,0
1749114105,19.1,19.1,19.1,19.1,0
1749114110,19.1,19.1,19.1,19.1,0
1749114115,19.1,19.1,19.1,19.1,0
1749114120,19.1,19.1,19.1,19.1,0
1749114125,19.1,19.1,19.1,19.1,0
1749114130,19.1,19.1,19.1,19.1,0
1749114135,19.1,19.1,19.1,19.1,0
1749114140,19.1,19.1,19.1,19.1,0
1749114145,19.1,19.1,19.1,19.1,0
1749114150,19.1,19.1,19.1,19.1,0
1749114155,19.1,19.1,19.1,19.1,0
1749114160,19.1,19.1,19.1,19.1,0
1749114165,19.1,19.1,19.1,19.1,0
1749114170,19.1,19.1,19.1,19.1,0
1749114175,19.1,19.1,19.1,19.1,0
1749114180,19.1,19.1,19.1,19.1,0
1749114185,19.1,19.1,19.1,19.1,0
1749114190,19.1,19.1,19.1,19.1,0
1749114195,19.1,19.1,19.1,19.1,0
1749114200,19.1,19.1,19.1,19.1,0
1749114205,19.1,19.1,19.1,19.1,0
1749114210,19.1,19.1,19.1,19.1,0
1749114215,19.1,19.1,19.1,19.1,0
1749114220,19.1,19.1,19.1,19.1,0
1749114225,19.1,19.1,19.1,19.1,0
1749114230,19.1,19.1,19.1,19.1,0
1749114235,19.1,19.1,19.1,19.1,0
1749114240,19.1,19.1,19.1,19.1,0
1749114245,19.1,19.1,19.1,19.1,0
1749114250,19.1,19.1,19.1,19.1,0
1749114255,19.1,19.1,19.1,19.1,0
1749114260,19.1,19.1,19.1,19.1,0
1749114265,19.1,19.1,19.1,19.1,0
1749114270,19.1,19.1,19.1,19.1,0
1749114275,19.1,19.1,19.1,19.1,0
1749114280,19.1,19.1,19.1,19.1,0
1749114285,19.1,19.1,19.1,19.1,0
1749114290,19.1,19.1,19.1,19.1,0
1749114295,19.1,19.1,19.1,19.1,0
1749114300,19.1,19.1,19.1,19.1,0
1749114305,19.1,19.1,19.1,19.1,0
1749114310,19.1,19.1,19.1,19.1,0
1749114315,19.1,19.1,19.1,19.1,0
1749114320,19.1,19.1,19.1,19.1,0
1749114325,19.1,19.1,19.1,19.1,0
1749114330,19.1,19.1,19.1,19.1,0
1749114335,19.1,19.1,19.1,19.1,0
1749114340,19.1,19.1,19.1,19.1,0
1749114345,19.1,19.1,19.1,19.1,0
1749114350,19.1,19.1,19.1,19.1,0
1749114355,19.1,19.1,19.1,19.1,0
1749114360,19.1,19.1,19.1,19.1,0
1749114365,19.1,19.1,19.1,19.1,0
1749114370,19.1,19.1,19.1,19.1,0
1749114375,19.1,19.1,19.1,19.1,0
1749114380,19.1,19.1,19.1,19.1,0
1749114385,19.1,19.1,19.1,19.1,0
1749114390,19.1,19.1,19.1,19.1,0
1749114395,19.1,19.1,19.1,19.1,0
1749114400,19.1,19.1,19.1,19.1,0
1749114405,19.1,19.1,19.1,19.1,0
1749114410,19.1,19.1,19.1,19.1,0
1749114415,19.1,19.1,19.1,19.1,0
1749114420,19.1,19.1,19.1,19.1,0
1749114425,19.1,19.1,19.1,19.1,0
1749114430,19.1,19.1,19.1,19.1,0
1749114435,19.1,19.1,19.1,19.1,0
1749114440,19.1,19.1,19.1,19.1,0
1749114445,19.1,19.1,19.1,19.1,0
1749114450,19.1,19.1,19.1,19.1,0
1749114455,19.1,19.1,19.1,19.1,0
1749114460,19.1,19.1,19.1,19.1,0
1749114465,19.1,19.1,19.1,19.1,0
1749114470,19.1,19.1,19.1,19.1,0
1749114475,19.1,19.1,19.1,19.1,0
1749114480,19.1,19.1,19.1,19.1,0
1749114485,19.1,19.1,19.1,19.1,0
1749114490,19.1,19.1,19.1,19.1,0
1749114495,19.1,19.1,19.1,19.1,0
1749114500,19.1,19.1,19.1,19.1,0
1749114505,19.1,19.1,19.1,19.1,0
1749114510,19.1,19.1,19.1,19.1,0
1749114515,19.1,19.1,19.1,19.1,0
1749114520,19.1,19.1,19.1,19.1,0
1749114525,19.1,19.1,19.1,19.1,0
1749114530,19.1,19.1,19.1,19.1,0
1749114535,19.1,19.1,19.1,19.1,0
1749114540,19.1,19.1,19.1,19.1,0
1749114545,19.1,19.1,19.1,19.1,0
1749114550,19.1,19.1,19.1,19.1,0
1749114555,19.1,19.1,19.1,19.1,0
1749114560,19.1,19.1,19.1,19.1,0
1749114565,19.1,19.1,19.1,19.1,0
1749114570,19.1,19.1,19.1,19.1,0
1749114575,19.1,19.1,19.1,19.1,0
1749114580,19.1,19.1,19.1,19.1,0
1749114585,19.1,19.1,19.1,19.1,0
1749114590,19.1,19.1,19.1,19.1,0
1749114595,19.1,19.1,19.1,19.1,0
1749114600,19.1,19.1,19.1,19.1,0
1749114605,19.1,19.1,19.1,19.1,0
1749114610,19.1,19.1,19.1,19.1,0
1749114615,19.1,19.1,19.1,19.1,0
1749114620,19.1,19.1,19.1,19.1,0
1749114625,19.1,19.1,19.1,19.1,0
1749114630,19.1,19.1,19.1,19.1,0
1749114635,19.1,19.1,19.1,19.1,0
1749114640,19.1,19.1,19.1,19.1,0
1749114645,19.1,19.1,19.1,19.1,0
1749114650,19.1,19.1,19.1,19.1,0
1749114655,19.1,19.1,19.1,19.1,0
1749114660,19.1,19.1,19.1,19.1,0
1749114665,19.1,19.1,19.1,19.1,0
1749114670,19.1,19.1,19.1,19.1,0
1749114675,19.1,19.1,19.1,19.1,0
1749114680,19.1,19.1,19.1,19.1,0
1749114685,19.1,19.1,19.1,19.1,0
1749114690,19.1,19.1,19.1,19.1,0
1749114695,19.1,19.1,19.1,19.1,0
1749114700,19.1,19.1,19.1,19.1,0
1749114705,19.1,19.1,19.1,19.1,0
1749114710,19.1,19.1,19.1,19.1,0
1749114715,19.1,19.1,19.1,19.1,0
1749114720,19.1,19.1,19.1,19.1,0
1749114725,19.1,19.1,19.1,19.1,0
1749114730,19.1,19.1,19.1,19.1,0
1749114735,19.1,19.1,19.1,19.1,0
1749114740,19.1,19.1,19.1,19.1,0
1749114745,19.1,19.1,19.1,19.1,0
1749114750,19.1,19.1,19.1,19.1,0
1749114755,19.1,19.1,19.1,19.1,0
1749114760,19.1,19.1,19.1,19.1,0
1749114765,19.1,19.1,19.1,19.1,0
1749114770,19.1,19.1,19.1,19.1,0
1749114775,19.1,19.1,19.1,19.1,0
1749114780,19.1,19.1,19.1,19.1,0
1749114785,19.1,19.1,19.1,19.1,0
1749114790,19.1,19.1,19.1,19.1,0
1749114795,19.1,19.1,19.1,19.1,0
1749114800,19.1,19.1,19.1,19.1,0
1749114805,19.1,19.1,19.1,19.1,0
1749114810,19.1,19.1,19.1,19.1,0
1749114815,19.1,19.1,19.1,19.1,0
1749114820,19.1,19.1,19.1,19.1,0
1749114825,19.1,19.1,19.1,19.1,0
1749114830,19.1,19.1,19.1,19.1,0
1749114835,19.1,19.1,19.1,19.1,0
1749114840,19.1,19.1,19.1,19.1,0
1749114845,19.1,19.1,19.1,19.1,0
1749114850,19.1,19.1,19.1,19.1,0
1749114855,19.12,19.12,19.12,19.12,2
1749114860,19.12,19.12,19.12,19.12,0
1749114865,19.12,19.12,19.12,19.12,0
1749114870,19.12,19.12,19.12,19.12,0
1749114875,19.12,19.12,19.12,19.12,0
1749114880,19.12,19.12,19.12,19.12,0
1749114885,19.12,19.12,19.12,19.12,0
1749114890,19.12,19.12,19.12,19.12,0
1749114895,19.12,19.12,19.12,19.12,0
1749114900,19.12,19.12,19.12,19.12,0
1749114905,19.12,19.12,19.12,19.12,0
1749114910,19.12,19.12,19.12,19.12,0
1749114915,19.12,19.12,19.12,19.12,0
1749114920,19.12,19.12,19.12,19.12,0
1749114925,19.12,19.12,19.12,19.12,0
1749114930,19.12,19.12,19.12,19.12,0
1749114935,19.12,19.12,19.12,19.12,0
1749114940,19.12,19.12,19.12,19.12,0
1749114945,19.12,19.12,19.12,19.12,0
1749114950,19.12,19.12,19.12,19.12,0
1749114955,19.12,19.12,19.12,19.12,0
1749114960,19.12,19.12,19.12,19.12,0
1749114965,19.12,19.12,19.12,19.12,0
1749114970,19.12,19.12,19.12,19.12,0
1749114975,19.12,19.12,19.12,19.12,0
1749114980,19.12,19.12,19.12,19.12,0
1749114985,19.12,19.12,19.12,19.12,0
1749114990,19.12,19.12,19.12,19.12,0
1749114995,19.12,19.12,19.12,19.12,0
1749115000,19.12,19.12,19.12,19.12,0
1749115005,19.12,19.12,19.12,19.12,0
1749115010,19.12,19.12,19.12,19.12,0
1749115015,19.12,19.12,19.12,19.12,0
1749115020,19.12,19.12,19.12,19.12,0
1749115025,19.12,19.12,19.12,19.12,0
1749115030,19.12,19.12,19.12,19.12,0
1749115035,19.12,19.12,19.12,19.12,0
1749115040,19.12,19.12,19.12,19.12,0
1749115045,19.12,19.12,19.12,19.12,0
1749115050,19.12,19.12,19.12,19.12,0
1749115055,19.12,19.12,19.12,19.12,0
1749115060,19.12,19.12,19.12,19.12,0
1749115065,19.12,19.12,19.12,19.12,0
1749115070,19.12,19.12,19.12,19.12,0
1749115075,19.12,19.12,19.12,19.12,0
1749115080,19.12,19.12,19.12,19.12,0
1749115085,19.12,19.12,19.12,19.12,0
1749115090,19.12,19.12,19.12,19.12,0
1749115095,19.12,19.12,19.12,19.12,0
1749115100,19.12,19.12,19.12,19.12,0
1749115105,19.12,19.12,19.12,19.12,0
1749115110,19.12,19.12,19.12,19.12,0
1749115115,19.12,19.12,19.12,19.12,0
1749115120,19.12,19.12,19.12,19.12,0
1749115125,19.12,19.12,19.12,19.12,0
1749115130,19.12,19.12,19.12,19.12,0
1749115135,19.12,19.12,19.12,19.12,0
1749115140,19.12,19.12,19.12,19.12,0
1749115145,19.12,19.12,19.12,19.12,0
1749115150,19.12,19.12,19.12,19.12,0
1749115155,19.12,19.12,19.12,19.12,0
1749115160,19.12,19.12,19.12,19.12,0
1749115165,19.12,19.12,19.12,19.12,0
1749115170,19.12,19.12,19.12,19.12,0
1749115175,19.12,19.12,19.12,19.12,0
1749115180,19.12,19.12,19.12,19.12,0
1749115185,19.12,19.12,19.12,19.12,0
1749115190,19.12,19.12,19.12,19.12,0
1749115195,19.12,19.12,19.12,19.12,0
1749115200,19.12,19.12,19.12,19.12,0
1749115205,19.12,19.12,19.12,19.12,0
1749115210,19.12,19.12,19.12,19.12,0
1749115215,19.12,19.12,19.12,19.12,0
1749115220,19.12,19.12,19.12,19.12,0
1749115225,19.12,19.12,19.12,19.12,0
1749115230,19.12,19.12,19.12,19.12,0
1749115235,19.12,19.12,19.12,19.12,0
1749115240,19.12,19.12,19.12,19.12,0
1749115245,19.12,19.12,19.12,19.12,0
1749115250,19.12,19.12,19.12,19.12,0
1749115255,19.12,19.12,19.12,19.12,0
1749115260,19.12,19.12,19.12,19.12,0
1749115265,19.12,19.12,19.12,19.12,0
1749115270,19.12,19.12,19.12,19.12,0
1749115275,19.12,19.12,19.12,19.12,0
1749115280,19.12,19.12,19.12,19.12,0
1749115285,19.12,19.12,19.12,19.12,0
1749115290,19.12,19.12,19.12,19.12,0
1749115295,19.12,19.12,19.12,19.12,0
1749115300,19.12,19.12,19.12,19.12,0
1749115305,19.12,19.12,19.12,19.12,0
1749115310,19.12,19.12,19.12,19.12,0
1749115315,19.12,19.12,19.12,19.12,0
1749115320,19.12,19.12,19.12,19.12,0
1749115325,19.12,19.12,19.12,19.12,0
1749115330,19.12,19.12,19.12,19.12,0
1749115335,19.12,19.12,19.12,19.12,0
1749115340,19.12,19.12,19.12,19.12,0
1749115345,19.12,19.12,19.12,19.12,0
1749115350,19.12,19.12,19.12,19.12,0
1749115355,19.12,19.12,19.12,19.12,0
1749115360,19.12,19.12,19.12,19.12,0
1749115365,19.12,19.12,19.12,19.12,0
1749115370,19.12,19.12,19.12,19.12,0
1749115375,19.12,19.12,19.12,19.12,0
1749115380,19.12,19.12,19.12,19.12,0
1749115385,19.12,19.12,19.12,19.12,0
1749115390,19.12,19.12,19.12,19.12,0
1749115395,19.12,19.12,19.12,19.12,0
1749115400,19.12,19.12,19.12,19.12,0
1749115405,19.12,19.12,19.12,19.12,0
1749115410,19.12,19.12,19.12,19.12,0
1749115415,19.12,19.12,19.12,19.12,0
1749115420,19.12,19.12,19.12,19.12,0
1749115425,19.12,19.12,19.12,19.12,0
1749115430,19.12,19.12,19.12,19.12,0
1749115435,19.12,19.12,19.12,19.12,0
1749115440,19.12,19.12,19.12,19.12,0
1749115445,19.12,19.12,19.12,19.12,0
1749115450,19.12,19.12,19.12,19.12,0
1749115455,19.12,19.12,19.12,19.12,0
1749115460,19.12,19.12,19.12,19.12,0
1749115465,19.12,19.12,19.12,19.12,0
1749115470,19.12,19.12,19.12,19.12,0
1749115475,19.12,19.12,19.12,19.12,0
1749115480,19.12,19.12,19.12,19.12,0
1749115485,19.12,19.12,19.12,19.12,0
1749115490,19.12,19.12,19.12,19.12,0
1749115495,19.12,19.12,19.12,19.12,0
1749115500,19.12,19.12,19.12,19.12,0
1749115505,19.12,19.12,19.12,19.12,0
1749115510,19.12,19.12,19.12,19.12,0
1749115515,19.12,19.12,19.12,19.12,0
1749115520,19.12,19.12,19.12,19.12,0
1749115525,19.12,19.12,19.12,19.12,0
1749115530,19.12,19.12,19.12,19.12,0
1749115535,19.12,19.12,19.12,19.12,0
1749115540,19.12,19.12,19.12,19.12,0
1749115545,19.12,19.12,19.12,19.12,0
1749115550,19.12,19.12,19.12,19.12,0
1749115555,19.12,19.12,19.12,19.12,0
1749115560,19.12,19.12,19.12,19.12,0
1749115565,19.12,19.12,19.12,19.12,0
1749115570,19.12,19.12,19.12,19.12,0
1749115575,19.12,19.12,19.12,19.12,0
1749115580,19.12,19.12,19.12,19.12,0
1749115585,19.12,19.12,19.12,19.12,0
1749115590,19.12,19.12,19.12,19.12,0
1749115595,19.12,19.12,19.12,19.12,0
1749115600,19.12,19.12,19.12,19.12,0
1749115605,19.12,19.12,19.12,19.12,0
1749115610,19.12,19.12,19.12,19.12,0
1749115615,19.12,19.12,19.12,19.12,0
1749115620,19.12,19.12,19.12,19.12,0
1749115625,19.12,19.12,19.12,19.12,0
1749115630,19.12,19.12,19.12,19.12,0
1749115635,19.12,19.12,19.12,19.12,0
1749115640,19.12,19.12,19.12,19.12,0
1749115645,19.12,19.12,19.12,19.12,0
1749115650,19.12,19.12,19.12,19.12,0
1749115655,19.12,19.12,19.12,19.12,0
1749115660,19.12,19.12,19.12,19.12,0
1749115665,19.12,19.12,19.12,19.12,0
1749115670,19.12,19.12,19.12,19.12,0
1749115675,19.12,19.12,19.12,19.12,0
1749115680,19.12,19.12,19.12,19.12,0
1749115685,19.12,19.12,19.12,19.12,0
1749115690,19.12,19.12,19.12,19.12,0
1749115695,19.12,19.12,19.12,19.12,0
1749115700,19.12,19.12,19.12,19.12,0
1749115705,19.12,19.12,19.12,19.12,0
1749115710,19.12,19.12,19.12,19.12,0
1749115715,19.12,19.12,19.12,19.12,0
1749115720,19.12,19.12,19.12,19.12,0
1749115725,19.12,19.12,19.12,19.12,0
1749115730,19.12,19.12,19.12,19.12,0
1749115735,19.12,19.12,19.12,19.12,0
1749115740,19.12,19.12,19.12,19.12,0
1749115745,19.12,19.12,19.12,19.12,0
1749115750,19.12,19.12,19.12,19.12,0
1749115755,19.12,19.12,19.12,19.12,0
1749115760,19.12,19.12,19.12,19.12,0
1749115765,19.12,19.12,19.12,19.12,0
1749115770,19.12,19.12,19.12,19.12,0
1749115775,19.12,19.12,19.12,19.12,0
1749115780,19.12,19.12,19.12,19.12,0
1749115785,19.12,19.12,19.12,19.12,0
1749115790,19.12,19.12,19.12,19.12,0
1749115795,19.12,19.12,19.12,19.12,0
1749115800,19.12,19.12,19.12,19.12,0
1749115805,19.12,19.12,19.12,19.12,0
1749115810,19.12,19.12,19.12,19.12,0
1749115815,19.12,19.12,19.12,19.12,0
1749115820,19.12,19.12,19.12,19.12,0
1749115825,19.12,19.12,19.12,19.12,0
1749115830,19.12,19.12,19.12,19.12,0
1749115835,19.12,19.12,19.12,19.12,0
1749115840,19.12,19.12,19.12,19.12,0
1749115845,19.12,19.12,19.12,19.12,0
1749115850,19.12,19.12,19.12,19.12,0
1749115855,19.12,19.12,19.12,19.12,0
1749115860,19.12,19.12,19.12,19.12,0
1749115865,19.12,19.12,19.12,19.12,0
1749115870,19.12,19.12,19.12,19.12,0
1749115875,19.12,19.12,19.12,19.12,0
1749115880,19.12,19.12,19.12,19.12,0
1749115885,19.12,19.12,19.12,19.12,0
1749115890,19.12,19.12,19.12,19.12,0
1749115895,19.12,19.12,19.12,19.12,0
1749115900,19.12,19.12,19.12,19.12,0
1749115905,19.12,19.12,19.12,19.12,0
1749115910,19.12,19.12,19.12,19.12,0
1749115915,19.12,19.12,19.12,19.12,0
1749115920,19.12,19.12,19.12,19.12,0
1749115925,19.12,19.12,19.12,19.12,0
1749115930,19.12,19.12,19.12,19.12,0
1749115935,19.12,19.12,19.12,19.12,0
1749115940,19.12,19.12,19.12,19.12,0
1749115945,19.12,19.12,19.12,19.12,0
1749115950,19.12,19.12,19.12,19.12,0
1749115955,19.12,19.12,19.12,19.12,0
1749115960,19.12,19.12,19.12,19.12,0
1749115965,19.12,19.12,19.12,19.12,0
1749115970,19.12,19.12,19.12,19.12,0
1749115975,19.12,19.12,19.12,19.12,0
1749115980,19.12,19.12,19.12,19.12,0
1749115985,19.12,19.12,19.12,19.12,0
1749115990,19.12,19.12,19.12,19.12,0
1749115995,19.12,19.12,19.12,19.12,0
1749116000,19.12,19.12,19.12,19.12,0
1749116005,19.12,19.12,19.12,19.12,0
1749116010,19.12,19.12,19.12,19.12,0
1749116015,19.12,19.12,19.12,19.12,0
1749116020,19.12,19.12,19.12,19.12,0
1749116025,19.12,19.12,19.12,19.12,0
1749116030,19.12,19.12,19.12,19.12,0
1749116035,19.12,19.12,19.12,19.12,0
1749116040,19.12,19.12,19.12,19.12,0
1749116045,19.12,19.12,19.12,19.12,0
1749116050,19.12,19.12,19.12,19.12,0
1749116055,19.12,19.12,19.12,19.12,0
1749116060,19.12,19.12,19.12,19.12,0
1749116065,19.12,19.12,19.12,19.12,0
1749116070,19.12,19.12,19.12,19.12,0
1749116075,19.12,19.12,19.12,19.12,0
1749116080,19.12,19.12,19.12,19.12,0
1749116085,19.12,19.12,19.12,19.12,0
1749116090,19.12,19.12,19.12,19.12,0
1749116095,19.12,19.12,19.12,19.12,0
1749116100,19.12,19.12,19.12,19.12,0
1749116105,19.12,19.12,19.12,19.12,0
1749116110,19.12,19.12,19.12,19.12,0
1749116115,19.12,19.12,19.12,19.12,0
1749116120,19.12,19.12,19.12,19.12,0
1749116125,19.12,19.12,19.12,19.12,0
1749116130,19.12,19.12,19.12,19.12,0
1749116135,19.12,19.12,19.12,19.12,0
1749116140,19.12,19.12,19.12,19.12,0
1749116145,19.12,19.12,19.12,19.12,0
1749116150,19.12,19.12,19.12,19.12,0
1749116155,19.12,19.12,19.12,19.12,0
1749116160,19.12,19.12,19.12,19.12,0
1749116165,19.12,19.12,19.12,19.12,0
1749116170,19.12,19.12,19.12,19.12,0
1749116175,19.12,19.12,19.12,19.12,0
1749116180,19.12,19.12,19.12,19.12,0
1749116185,19.12,19.12,19.12,19.12,0
1749116190,19.12,19.12,19.12,19.12,0
1749116195,19.12,19.12,19.12,19.12,0
1749116200,19.12,19.12,19.12,19.12,0
1749116205,19.12,19.12,19.12,19.12,0
1749116210,19.12,19.12,19.12,19.12,0
1749116215,19.12,19.12,19.12,19.12,0
1749116220,19.12,19.12,19.12,19.12,0
1749116225,19.12,19.12,19.12,19.12,0
1749116230,19.12,19.12,19.12,19.12,0
1749116235,19.12,19.12,19.12,19.12,0
1749116240,19.12,19.12,19.12,19.12,0
1749116245,19.12,19.12,19.12,19.12,0
1749116250,19.12,19.12,19.12,19.12,0
1749116255,19.12,19.12,19.12,19.12,0
1749116260,19.12,19.12,19.12,19.12,0
1749116265,19.12,19.12,19.12,19.12,0
1749116270,19.12,19.12,19.12,19.12,0
1749116275,19.12,19.12,19.12,19.12,0
1749116280,19.12,19.12,19.12,19.12,0
1749116285,19.12,19.12,19.12,19.12,0
1749116290,19.12,19.12,19.12,19.12,0
1749116295,19.12,19.12,19.12,19.12,0
1749116300,19.12,19.12,19.12,19.12,0
1749116305,19.12,19.12,19.12,19.12,0
1749116310,19.12,19.12,19.12,19.12,0
1749116315,19.12,19.12,19.12,19.12,0
1749116320,19.12,19.12,19.12,19.12,0
1749116325,19.12,19.12,19.12,19.12,0
1749116330,19.12,19.12,19.12,19.12,0
1749116335,19.12,19.12,19.12,19.12,0
1749116340,19.12,19.12,19.12,19.12,0
1749116345,19.12,19.12,19.12,19.12,0
1749116350,19.12,19.12,19.12,19.12,0
1749116355,19.12,19.12,19.12,19.12,0
1749116360,19.12,19.12,19.12,19.12,0
1749116365,19.12,19.12,19.12,19.12,0
1749116370,19.12,19.12,19.12,19.12,0
1749116375,19.12,19.12,19.12,19.12,0
1749116380,19.12,19.12,19.12,19.12,0
1749116385,19.12,19.12,19.12,19.12,0
1749116390,19.12,19.12,19.12,19.12,0
1749116395,19.12,19.12,19.12,19.12,0
1749116400,19.12,19.12,19.12,19.12,0
1749116405,19.12,19.12,19.12,19.12,0
1749116410,19.12,19.12,19.12,19.12,0
1749116415,19.12,19.12,19.12,19.12,0
1749116420,19.12,19.12,19.12,19.12,0
1749116425,19.12,19.12,19.12,19.12,0
1749116430,19.12,19.12,19.12,19.12,0
1749116435,19.12,19.12,19.12,19.12,0
1749116440,19.12,19.12,19.12,19.12,0
1749116445,19.12,19.12,19.12,19.12,0
1749116450,19.12,19.12,19.12,19.12,0
1749116455,19.12,19.12,19.12,19.12,0
1749116460,19.12,19.12,19.12,19.12,0
1749116465,19.12,19.12,19.12,19.12,0
1749116470,19.12,19.12,19.12,19.12,0
1749116475,19.12,19.12,19.12,19.12,0
1749116480,19.12,19.12,19.12,19.12,0
1749116485,19.12,19.12,19.12,19.12,0
1749116490,19.12,19.12,19.12,19.12,0
1749116495,19.12,19.12,19.12,19.12,0
1749116500,19.12,19.12,19.12,19.12,0
1749116505,19.12,19.12,19.12,19.12,0
1749116510,19.12,19.12,19.12,19.12,0
1749116515,19.12,19.12,19.12,19.12,0
1749116520,19.12,19.12,19.12,19.12,0
1749116525,19.12,19.12,19.12,19.12,0
1749116530,19.12,19.12,19.12,19.12,0
1749116535,19.12,19.12,19.12,19.12,0
1749116540,19.12,19.12,19.12,19.12,0
1749116545,19.12,19.12,19.12,19.12,0
1749116550,19.12,19.12,19.12,19.12,0
1749116555,19.12,19.12,19.12,19.12,0
1749116560,19.12,19.12,19.12,19.12,0
1749116565,19.12,19.12,19.12,19.12,0
1749116570,19.12,19.12,19.12,19.12,0
1749116575,19.12,19.12,19.12,19.12,0
1749116580,19.12,19.12,19.12,19.12,0
1749116585,19.12,19.12,19.12,19.12,0
1749116590,19.12,19.12,19.12,19.12,0
1749116595,19.12,19.12,19.12,19.12,0
1749116600,19.12,19.12,19.12,19.12,0
1749116605,19.12,19.12,19.12,19.12,0
1749116610,19.12,19.12,19.12,19.12,0
1749116615,19.12,19.12,19.12,19.12,0
1749116620,19.12,19.12,19.12,19.12,0
1749116625,19.12,19.12,19.12,19.12,0
1749116630,19.12,19.12,19.12,19.12,0
1749116635,19.12,19.12,19.12,19.12,0
1749116640,19.12,19.12,19.12,19.12,0
1749116645,19.12,19.12,19.12,19.12,0
1749116650,19.12,19.12,19.12,19.12,0
1749116655,19.12,19.12,19.12,19.12,0
1749116660,19.12,19.12,19.12,19.12,0
1749116665,19.12,19.12,19.12,19.12,0
1749116670,19.12,19.12,19.12,19.12,0
1749116675,19.12,19.12,19.12,19.12,0
1749116680,19.12,19.12,19.12,19.12,0
1749116685,19.12,19.12,19.12,19.12,0
1749116690,19.12,19.12,19.12,19.12,0
1749116695,19.12,19.12,19.12,19.12,0
1749116700,19.12,19.12,19.12,19.12,0
1749116705,19.12,19.12,19.12,19.12,0
1749116710,19.12,19.12,19.12,19.12,0
1749116715,19.12,19.12,19.12,19.12,0
1749116720,19.12,19.12,19.12,19.12,0
1749116725,19.12,19.12,19.12,19.12,0
1749116730,19.12,19.12,19.12,19.12,0
1749116735,19.12,19.12,19.12,19.12,0
1749116740,19.12,19.12,19.12,19.12,0
1749116745,19.12,19.12,19.12,19.12,0
1749116750,19.12,19.12,19.12,19.12,0
1749116755,19.12,19.12,19.12,19.12,0
1749116760,19.12,19.12,19.12,19.12,0
1749116765,19.12,19.12,19.12,19.12,0
1749116770,19.12,19.12,19.12,19.12,0
1749116775,19.12,19.12,19.12,19.12,0
1749116780,19.12,19.12,19.12,19.12,0
1749116785,19.12,19.12,19.12,19.12,0
1749116790,19.12,19.12,19.12,19.12,0
1749116795,19.12,19.12,19.12,19.12,0
1749116800,19.12,19.12,19.12,19.12,0
1749116805,19.12,19.12,19.12,19.12,0
1749116810,19.12,19.12,19.12,19.12,0
1749116815,19.12,19.12,19.12,19.12,0
1749116820,19.12,19.12,19.12,19.12,0
1749116825,19.12,19.12,19.12,19.12,0
1749116830,19.12,19.12,19.12,19.12,0
1749116835,19.12,19.12,19.12,19.12,0
1749116840,19.12,19.12,19.12,19.12,0
1749116845,19.12,19.12,19.12,19.12,0
1749116850,19.12,19.12,19.12,19.12,0
1749116855,19.12,19.12,19.12,19.12,0
1749116860,19.12,19.12,19.12,19.12,0
1749116865,19.12,19.12,19.12,19.12,0
1749116870,19.12,19.12,19.12,19.12,0
1749116875,19.12,19.12,19.12,19.12,0
1749116880,19.12,19.12,19.12,19.12,0
1749116885,19.12,19.12,19.12,19.12,0
1749116890,19.12,19.12,19.12,19.12,0
1749116895,19.12,19.12,19.12,19.12,0
1749116900,19.12,19.12,19.12,19.12,0
1749116905,19.12,19.12,19.12,19.12,0
1749116910,19.12,19.12,19.12,19.12,0
1749116915,19.12,19.12,19.12,19.12,0
1749116920,19.12,19.12,19.12,19.12,0
1749116925,19.12,19.12,19.12,19.12,0
1749116930,19.12,19.12,19.12,19.12,0
1749116935,19.12,19.12,19.12,19.12,0
1749116940,19.12,19.12,19.12,19.12,0
1749116945,19.12,19.12,19.12,19.12,0
1749116950,19.12,19.12,19.12,19.12,0
1749116955,19.12,19.12,19.12,19.12,0
1749116960,19.12,19.12,19.12,19.12,0
1749116965,19.12,19.12,19.12,19.12,0
1749116970,19.12,19.12,19.12,19.12,0
1749116975,19.12,19.12,19.12,19.12,0
1749116980,19.12,19.12,19.12,19.12,0
1749116985,19.12,19.12,19.12,19.12,0
1749116990,19.12,19.12,19.12,19.12,0
1749116995,19.12,19.12,19.12,19.12,0
1749117000,19.12,19.12,19.12,19.12,0
1749117005,19.12,19.12,19.12,19.12,0
1749117010,19.12,19.12,19.12,19.12,0
1749117015,19.12,19.12,19.12,19.12,0
1749117020,19.12,19.12,19.12,19.12,0
1749117025,19.12,19.12,19.12,19.12,0
1749117030,19.12,19.12,19.12,19.12,0
1749117035,19.12,19.12,19.12,19.12,0
1749117040,19.12,19.12,19.12,19.12,0
1749117045,19.12,19.12,19.12,19.12,0
1749117050,19.12,19.12,19.12,19.12,0
1749117055,19.12,19.12,19.12,19.12,0
1749117060,19.12,19.12,19.12,19.12,0
1749117065,19.12,19.12,19.12,19.12,0
1749117070,19.12,19.12,19.12,19.12,0
1749117075,19.12,19.12,19.12,19.12,0
1749117080,19.12,19.12,19.12,19.12,0
1749117085,19.12,19.12,19.12,19.12,0
1749117090,19.12,19.12,19.12,19.12,0
1749117095,19.12,19.12,19.12,19.12,0
1749117100,19.12,19.12,19.12,19.12,0
1749117105,19.12,19.12,19.12,19.12,0
1749117110,19.12,19.12,19.12,19.12,0
1749117115,19.12,19.12,19.12,19.12,0
1749117120,19.12,19.12,19.12,19.12,0
1749117125,19.12,19.12,19.12,19.12,0
1749117130,19.12,19.12,19.12,19.12,0
1749117135,19.12,19.12,19.12,19.12,0
1749117140,19.12,19.12,19.12,19.12,0
1749117145,19.12,19.12,19.12,19.12,0
1749117150,19.12,19.12,19.12,19.12,0
1749117155,19.12,19.12,19.12,19.12,0
1749117160,19.12,19.12,19.12,19.12,0
1749117165,19.12,19.12,19.12,19.12,0
1749117170,19.12,19.12,19.12,19.12,0
1749117175,19.12,19.12,19.12,19.12,0
1749117180,19.12,19.12,19.12,19.12,0
1749117185,19.12,19.12,19.12,19.12,0
1749117190,19.12,19.12,19.12,19.12,0
1749117195,19.12,19.12,19.12,19.12,0
1749117200,19.12,19.12,19.12,19.12,0
1749117205,19.12,19.12,19.12,19.12,0
1749117210,19.12,19.12,19.12,19.12,0
1749117215,19.12,19.12,19.12,19.12,0
1749117220,19.12,19.12,19.12,19.12,0
1749117225,19.12,19.12,19.12,19.12,0
1749117230,19.12,19.12,19.12,19.12,0
1749117235,19.12,19.12,19.12,19.12,0
1749117240,19.12,19.12,19.12,19.12,0
1749117245,19.12,19.12,19.12,19.12,0
1749117250,19.12,19.12,19.12,19.12,0
1749117255,19.12,19.12,19.12,19.12,0
1749117260,19.12,19.12,19.12,19.12,0
1749117265,19.12,19.12,19.12,19.12,0
1749117270,19.12,19.12,19.12,19.12,0
1749117275,19.12,19.12,19.12,19.12,0
1749117280,19.12,19.12,19.12,19.12,0
1749117285,19.12,19.12,19.12,19.12,0
1749117290,19.12,19.12,19.12,19.12,0
1749117295,19.12,19.12,19.12,19.12,0
1749117300,19.12,19.12,19.12,19.12,0
1749117305,19.12,19.12,19.12,19.12,0
1749117310,19.12,19.12,19.12,19.12,0
1749117315,19.12,19.12,19.12,19.12,0
1749117320,19.12,19.12,19.12,19.12,0
1749117325,19.12,19.12,19.12,19.12,0
1749117330,19.12,19.12,19.12,19.12,0
1749117335,19.12,19.12,19.12,19.12,0
1749117340,19.12,19.12,19.12,19.12,0
1749117345,19.12,19.12,19.12,19.12,0
1749117350,19.12,19.12,19.12,19.12,0
1749117355,19.12,19.12,19.12,19.12,0
1749117360,19.12,19.12,19.12,19.12,0
1749117365,19.12,19.12,19.12,19.12,0
1749117370,19.12,19.12,19.12,19.12,0
1749117375,19.12,19.12,19.12,19.12,0
1749117380,19.12,19.12,19.12,19.12,0
1749117385,19.12,19.12,19.12,19.12,0
1749117390,19.12,19.12,19.12,19.12,0
1749117395,19.12,19.12,19.12,19.12,0
1749117400,19.12,19.12,19.12,19.12,0
1749117405,19.12,19.12,19.12,19.12,0
1749117410,19.12,19.12,19.12,19.12,0
1749117415,19.12,19.12,19.12,19.12,0
1749117420,19.12,19.12,19.12,19.12,0
1749117425,19.12,19.12,19.12,19.12,0
1749117430,19.12,19.12,19.12,19.12,0
1749117435,19.12,19.12,19.12,19.12,0
1749117440,19.12,19.12,19.12,19.12,0
1749117445,19.12,19.12,19.12,19.12,0
1749117450,19.12,19.12,19.12,19.12,0
1749117455,19.12,19.12,19.12,19.12,0
1749117460,19.12,19.12,19.12,19.12,0
1749117465,19.12,19.12,19.12,19.12,0
1749117470,19.12,19.12,19.12,19.12,0
1749117475,19.12,19.12,19.12,19.12,0
1749117480,19.12,19.12,19.12,19.12,0
1749117485,19.12,19.12,19.12,19.12,0
1749117490,19.12,19.12,19.12,19.12,0
1749117495,19.12,19.12,19.12,19.12,0
1749117500,19.12,19.12,19.12,19.12,0
1749117505,19.12,19.12,19.12,19.12,0
1749117510,19.12,19.12,19.12,19.12,0
1749117515,19.12,19.12,19.12,19.12,0
1749117520,19.12,19.12,19.12,19.12,0
1749117525,19.12,19.12,19.12,19.12,0
1749117530,19.12,19.12,19.12,19.12,0
1749117535,19.12,19.12,19.12,19.12,0
1749117540,19.12,19.12,19.12,19.12,0
1749117545,19.12,19.12,19.12,19.12,0
1749117550,19.12,19.12,19.12,19.12,0
1749117555,19.12,19.12,19.12,19.12,0
1749117560,19.12,19.12,19.12,19.12,0
1749117565,19.12,19.12,19.12,19.12,0
1749117570,19.12,19.12,19.12,19.12,0
1749117575,19.12,19.12,19.12,19.12,0
1749117580,19.12,19.12,19.12,19.12,0
1749117585,19.12,19.12,19.12,19.12,0
1749117590,19.12,19.12,19.12,19.12,0
1749117595,19.12,19.12,19.12,19.12,0
1749117600,19.12,19.12,19.12,19.12,0
1749117605,19.12,19.12,19.12,19.12,0
1749117610,19.12,19.12,19.12,19.12,0
1749117615,19.12,19.12,19.12,19.12,0
1749117620,19.12,19.12,19.12,19.12,0
1749117625,19.12,19.12,19.12,19.12,0
1749117630,19.12,19.12,19.12,19.12,0
1749117635,19.12,19.12,19.12,19.12,0
1749117640,19.12,19.12,19.12,19.12,0
1749117645,19.12,19.12,19.12,19.12,0
1749117650,19.12,19.12,19.12,19.12,0
1749117655,19.12,19.12,19.12,19.12,0
1749117660,19.12,19.12,19.12,19.12,0
1749117665,19.12,19.12,19.12,19.12,0
1749117670,19.12,19.12,19.12,19.12,0
1749117675,19.12,19.12,19.12,19.12,0
1749117680,19.12,19.12,19.12,19.12,0
1749117685,19.12,19.12,19.12,19.12,0
1749117690,19.12,19.12,19.12,19.12,0
1749117695,19.12,19.12,19.12,19.12,0
1749117700,19.12,19.12,19.12,19.12,0
1749117705,19.12,19.12,19.12,19.12,0
1749117710,19.12,19.12,19.12,19.12,0
1749117715,19.12,19.12,19.12,19.12,0
1749117720,19.12,19.12,19.12,19.12,0
1749117725,19.12,19.12,19.12,19.12,0
1749117730,19.12,19.12,19.12,19.12,0
1749117735,19.12,19.12,19.12,19.12,0
1749117740,19.12,19.12,19.12,19.12,0
1749117745,19.12,19.12,19.12,19.12,0
1749117750,19.12,19.12,19.12,19.12,0
1749117755,19.12,19.12,19.12,19.12,0
1749117760,19.12,19.12,19.12,19.12,0
1749117765,19.12,19.12,19.12,19.12,0
1749117770,19.12,19.12,19.12,19.12,0
1749117775,19.12,19.12,19.12,19.12,0
1749117780,19.12,19.12,19.12,19.12,0
1749117785,19.12,19.12,19.12,19.12,0
1749117790,19.12,19.12,19.12,19.12,0
1749117795,19.12,19.12,19.12,19.12,0
1749117800,19.12,19.12,19.12,19.12,0
1749117805,19.12,19.12,19.12,19.12,0
1749117810,19.12,19.12,19.12,19.12,0
1749117815,19.12,19.12,19.12,19.12,0
1749117820,19.12,19.12,19.12,19.12,0
1749117825,19.12,19.12,19.12,19.12,0
1749117830,19.12,19.12,19.12,19.12,0
1749117835,19.12,19.12,19.12,19.12,0
1749117840,19.12,19.12,19.12,19.12,0
1749117845,19.12,19.12,19.12,19.12,0
1749117850,19.12,19.12,19.12,19.12,0
1749117855,19.12,19.12,19.12,19.12,0
1749117860,19.12,19.12,19.12,19.12,0
1749117865,19.12,19.12,19.12,19.12,0
1749117870,19.12,19.12,19.12,19.12,0
1749117875,19.12,19.12,19.12,19.12,0
1749117880,19.12,19.12,19.12,19.12,0
1749117885,19.12,19.12,19.12,19.12,0
1749117890,19.12,19.12,19.12,19.12,0
1749117895,19.12,19.12,19.12,19.12,0
1749117900,19.12,19.12,19.12,19.12,0
1749117905,19.12,19.12,19.12,19.12,0
1749117910,19.12,19.12,19.12,19.12,0
1749117915,19.12,19.12,19.12,19.12,0
1749117920,19.12,19.12,19.12,19.12,0
1749117925,19.12,19.12,19.12,19.12,0
1749117930,19.12,19.12,19.12,19.12,0
1749117935,19.12,19.12,19.12,19.12,0
1749117940,19.12,19.12,19.12,19.12,0
1749117945,19.12,19.12,19.12,19.12,0
1749117950,19.12,19.12,19.12,19.12,0
1749117955,19.12,19.12,19.12,19.12,0
1749117960,19.12,19.12,19.12,19.12,0
1749117965,19.12,19.12,19.12,19.12,0
1749117970,19.12,19.12,19.12,19.12,0
1749117975,19.12,19.12,19.12,19.12,0
1749117980,19.12,19.12,19.12,19.12,0
1749117985,19.12,19.12,19.12,19.12,0
1749117990,19.12,19.12,19.12,19.12,0
1749117995,19.12,19.12,19.12,19.12,0
1749118000,19.12,19.12,19.12,19.12,0
1749118005,19.12,19.12,19.12,19.12,0
1749118010,19.12,19.12,19.12,19.12,0
1749118015,19.12,19.12,19.12,19.12,0
1749118020,19.12,19.12,19.12,19.12,0
1749118025,19.12,19.12,19.12,19.12,0
1749118030,19.12,19.12,19.12,19.12,0
1749118035,19.12,19.12,19.12,19.12,0
1749118040,19.12,19.12,19.12,19.12,0
1749118045,19.12,19.12,19.12,19.12,0
1749118050,19.12,19.12,19.12,19.12,0
1749118055,19.12,19.12,19.12,19.12,0
1749118060,19.12,19.12,19.12,19.12,0
1749118065,19.12,19.12,19.12,19.12,0
1749118070,19.12,19.12,19.12,19.12,0
1749118075,19.12,19.12,19.12,19.12,0
1749118080,19.12,19.12,19.12,19.12,0
1749118085,19.12,19.12,19.12,19.12,0
1749118090,19.12,19.12,19.12,19.12,0
1749118095,19.12,19.12,19.12,19.12,0
1749118100,19.12,19.12,19.12,19.12,0
1749118105,19.12,19.12,19.12,19.12,0
1749118110,19.12,19.12,19.12,19.12,0
1749118115,19.12,19.12,19.12,19.12,0
1749118120,19.12,19.12,19.12,19.12,0
1749118125,19.12,19.12,19.12,19.12,0
1749118130,19.12,19.12,19.12,19.12,0
1749118135,19.12,19.12,19.12,19.12,0
1749118140,19.12,19.12,19.12,19.12,0
1749118145,19.12,19.12,19.12,19.12,0
1749118150,19.12,19.12,19.12,19.12,0
1749118155,19.12,19.12,19.12,19.12,0
1749118160,19.12,19.12,19.12,19.12,0
1749118165,19.12,19.12,19.12,19.12,0
1749118170,19.12,19.12,19.12,19.12,0
1749118175,19.12,19.12,19.12,19.12,0
1749118180,19.12,19.12,19.12,19.12,0
1749118185,19.12,19.12,19.12,19.12,0
1749118190,19.12,19.12,19.12,19.12,0
1749118195,19.12,19.12,19.12,19.12,0
1749118200,19.12,19.12,19.12,19.12,0
1749118205,19.12,19.12,19.12,19.12,0
1749118210,19.12,19.12,19.12,19.12,0
1749118215,19.12,19.12,19.12,19.12,0
1749118220,19.12,19.12,19.12,19.12,0
1749118225,19.12,19.12,19.12,19.12,0
1749118230,19.12,19.12,19.12,19.12,0
1749118235,19.12,19.12,19.12,19.12,0
1749118240,19.12,19.12,19.12,19.12,0
1749118245,19.12,19.12,19.12,19.12,0
1749118250,19.12,19.12,19.12,19.12,0
1749118255,19.12,19.12,19.12,19.12,0
1749118260,19.12,19.12,19.12,19.12,0
1749118265,19.12,19.12,19.12,19.12,0
1749118270,19.12,19.12,19.12,19.12,0
1749118275,19.12,19.12,19.12,19.12,0
1749118280,19.12,19.12,19.12,19.12,0
1749118285,19.12,19.12,19.12,19.12,0
1749118290,19.12,19.12,19.12,19.12,0
1749118295,19.12,19.12,19.12,19.12,0
1749118300,19.12,19.12,19.12,19.12,0
1749118305,19.12,19.12,19.12,19.12,0
1749118310,19.12,19.12,19.12,19.12,0
1749118315,19.12,19.12,19.12,19.12,0
1749118320,19.12,19.12,19.12,19.12,0
1749118325,19.12,19.12,19.12,19.12,0
1749118330,19.12,19.12,19.12,19.12,0
1749118335,19.12,19.12,19.12,19.12,0
1749118340,19.12,19.12,19.12,19.12,0
1749118345,19.12,19.12,19.12,19.12,0
1749118350,19.12,19.12,19.12,19.12,0
1749118355,19.12,19.12,19.12,19.12,0
1749118360,19.12,19.12,19.12,19.12,0
1749118365,19.12,19.12,19.12,19.12,0
1749118370,19.12,19.12,19.12,19.12,0
1749118375,19.12,19.12,19.12,19.12,0
1749118380,19.12,19.12,19.12,19.12,0
1749118385,19.12,19.12,19.12,19.12,0
1749118390,19.12,19.12,19.12,19.12,0
1749118395,19.12,19.12,19.12,19.12,0
1749118400,19.12,19.12,19.12,19.12,0
1749118405,19.12,19.12,19.12,19.12,0
1749118410,19.12,19.12,19.12,19.12,0
1749118415,19.12,19.12,19.12,19.12,0
1749118420,19.12,19.12,19.12,19.12,0
1749118425,19.12,19.12,19.12,19.12,0
1749118430,19.12,19.12,19.12,19.12,0
1749118435,19.12,19.12,19.12,19.12,0
1749118440,19.12,19.12,19.12,19.12,0
1749118445,19.12,19.12,19.12,19.12,0
1749118450,19.12,19.12,19.12,19.12,0
1749118455,19.12,19.12,19.12,19.12,0
1749118460,19.12,19.12,19.12,19.12,0
1749118465,19.12,19.12,19.12,19.12,0
1749118470,19.12,19.12,19.12,19.12,0
1749118475,19.12,19.12,19.12,19.12,0
1749118480,19.12,19.12,19.12,19.12,0
1749118485,19.12,19.12,19.12,19.12,0
1749118490,19.12,19.12,19.12,19.12,0
1749118495,19.12,19.12,19.12,19.12,0
1749118500,19.12,19.12,19.12,19.12,0
1749118505,19.12,19.12,19.12,19.12,0
1749118510,19.12,19.12,19.12,19.12,0
1749118515,19.12,19.12,19.12,19.12,0
1749118520,19.12,19.12,19.12,19.12,0
1749118525,19.12,19.12,19.12,19.12,0
1749118530,19.12,19.12,19.12,19.12,0
1749118535,19.12,19.12,19.12,19.12,0
1749118540,19.12,19.12,19.12,19.12,0
1749118545,19.12,19.12,19.12,19.12,0
1749118550,19.12,19.12,19.12,19.12,0
1749118555,19.12,19.12,19.12,19.12,0
1749118560,19.12,19.12,19.12,19.12,0
1749118565,19.12,19.12,19.12,19.12,0
1749118570,19.12,19.12,19.12,19.12,0
1749118575,19.12,19.12,19.12,19.12,0
1749118580,19.12,19.12,19.12,19.12,0
1749118585,19.12,19.12,19.12,19.12,0
1749118590,19.12,19.12,19.12,19.12,0
1749118595,19.12,19.12,19.12,19.12,0
1749118600,19.12,19.12,19.12,19.12,0
1749118605,19.12,19.12,19.12,19.12,0
1749118610,19.12,19.12,19.12,19.12,0
1749118615,19.12,19.12,19.12,19.12,0
1749118620,19.12,19.12,19.12,19.12,0
1749118625,19.12,19.12,19.12,19.12,0
1749118630,19.12,19.12,19.12,19.12,0
1749118635,19.12,19.12,19.12,19.12,0
1749118640,19.12,19.12,19.12,19.12,0
1749118645,19.12,19.12,19.12,19.12,0
1749118650,19.12,19.12,19.12,19.12,0
1749118655,19.12,19.12,19.12,19.12,0
1749118660,19.12,19.12,19.12,19.12,0
1749118665,19.12,19.12,19.12,19.12,0
1749118670,19.12,19.12,19.12,19.12,0
1749118675,19.12,19.12,19.12,19.12,0
1749118680,19.12,19.12,19.12,19.12,0
1749118685,19.12,19.12,19.12,19.12,0
1749118690,19.12,19.12,19.12,19.12,0
1749118695,19.12,19.12,19.12,19.12,0
1749118700,19.12,19.12,19.12,19.12,0
1749118705,19.12,19.12,19.12,19.12,0
1749118710,19.12,19.12,19.12,19.12,0
1749118715,19.12,19.12,19.12,19.12,0
1749118720,19.12,19.12,19.12,19.12,0
1749118725,19.12,19.12,19.12,19.12,0
1749118730,19.12,19.12,19.12,19.12,0
1749118735,19.12,19.12,19.12,19.12,0
1749118740,19.12,19.12,19.12,19.12,0
1749118745,19.12,19.12,19.12,19.12,0
1749118750,19.12,19.12,19.12,19.12,0
1749118755,19.12,19.12,19.12,19.12,0
1749118760,19.12,19.12,19.12,19.12,0
1749118765,19.12,19.12,19.12,19.12,0
1749118770,19.12,19.12,19.12,19.12,0
1749118775,19.12,19.12,19.12,19.12,0
1749118780,19.12,19.12,19.12,19.12,0
1749118785,19.12,19.12,19.12,19.12,2
1749118790,19.12,19.12,19.12,19.12,0
1749118795,19.12,19.12,19.12,19.12,0
1749118800,19.12,19.12,19.12,19.12,1
1749118805,19.12,19.12,19.12,19.12,0
1749118810,19.12,19.12,19.12,19.12,0
1749118815,19.12,19.12,19.12,19.12,0
1749118820,19.12,19.12,19.12,19.12,0
1749118825,19.12,19.12,19.12,19.12,0
1749118830,19.12,19.12,19.12,19.12,0
1749118835,19.12,19.12,19.12,19.12,0
1749118840,19.12,19.12,19.12,19.12,0
1749118845,19.12,19.12,19.12,19.12,0
1749118850,19.12,19.12,19.12,19.12,0
1749118855,19.12,19.12,19.12,19.12,0
1749118860,19.12,19.12,19.12,19.12,0
1749118865,19.12,19.12,19.12,19.12,0
1749118870,19.12,19.12,19.12,19.12,0
1749118875,19.12,19.12,19.12,19.12,0
1749118880,19.12,19.12,19.12,19.12,0
1749118885,19.12,19.12,19.12,19.12,0
1749118890,19.12,19.12,19.12,19.12,0
1749118895,19.12,19.12,19.12,19.12,0
1749118900,19.12,19.12,19.12,19.12,0
1749118905,19.12,19.12,19.12,19.12,0
1749118910,19.12,19.12,19.12,19.12,0
1749118915,19.12,19.12,19.12,19.12,0
1749118920,19.12,19.12,19.12,19.12,0
1749118925,19.12,19.12,19.12,19.12,0
1749118930,19.12,19.12,19.12,19.12,0
1749118935,19.12,19.12,19.12,19.12,0
1749118940,19.12,19.12,19.12,19.12,0
1749118945,19.12,19.12,19.12,19.12,0
1749118950,19.12,19.12,19.12,19.12,0
1749118955,19.12,19.12,19.12,19.12,0
1749118960,19.12,19.12,19.12,19.12,0
1749118965,19.12,19.12,19.12,19.12,0
1749118970,19.12,19.12,19.12,19.12,0
1749118975,19.12,19.12,19.12,19.12,0
1749118980,19.12,19.12,19.12,19.12,0
1749118985,19.12,19.12,19.12,19.12,0
1749118990,19.12,19.12,19.12,19.12,0
1749118995,19.12,19.12,19.12,19.12,0
1749119000,19.12,19.12,19.12,19.12,0
1749119005,19.12,19.12,19.12,19.12,0
1749119010,19.12,19.12,19.12,19.12,0
1749119015,19.12,19.12,19.12,19.12,0
1749119020,19.12,19.12,19.12,19.12,0
1749119025,19.12,19.12,19.12,19.12,0
1749119030,19.12,19.12,19.12,19.12,0
1749119035,19.12,19.12,19.12,19.12,0
1749119040,19.12,19.12,19.12,19.12,0
1749119045,19.12,19.12,19.12,19.12,0
1749119050,19.12,19.12,19.12,19.12,0
1749119055,19.12,19.12,19.12,19.12,0
1749119060,19.12,19.12,19.12,19.12,0
1749119065,19.12,19.12,19.12,19.12,0
1749119070,19.12,19.12,19.12,19.12,0
1749119075,19.12,19.12,19.12,19.12,0
1749119080,19.12,19.12,19.12,19.12,0
1749119085,19.12,19.12,19.12,19.12,0
1749119090,19.12,19.12,19.12,19.12,0
1749119095,19.12,19.12,19.12,19.12,0
1749119100,19.12,19.12,19.12,19.12,0
1749119105,19.12,19.12,19.12,19.12,0
1749119110,19.12,19.12,19.12,19.12,0
1749119115,19.12,19.12,19.12,19.12,0
1749119120,19.12,19.12,19.12,19.12,0
1749119125,19.12,19.12,19.12,19.12,0
1749119130,19.12,19.12,19.12,19.12,0
1749119135,19.12,19.12,19.12,19.12,0
1749119140,19.12,19.12,19.12,19.12,0
1749119145,19.12,19.12,19.12,19.12,0
1749119150,19.12,19.12,19.12,19.12,0
1749119155,19.12,19.12,19.12,19.12,0
1749119160,19.12,19.12,19.12,19.12,0
1749119165,19.12,19.12,19.12,19.12,0
1749119170,19.12,19.12,19.12,19.12,0
1749119175,19.12,19.12,19.12,19.12,0
1749119180,19.12,19.12,19.12,19.12,0
1749119185,19.12,19.12,19.12,19.12,0
1749119190,19.12,19.12,19.12,19.12,0
1749119195,19.12,19.12,19.12,19.12,0
1749119200,19.12,19.12,19.12,19.12,0
1749119205,19.12,19.12,19.12,19.12,0
1749119210,19.12,19.12,19.12,19.12,0
1749119215,19.12,19.12,19.12,19.12,0
1749119220,19.12,19.12,19.12,19.12,0
1749119225,19.12,19.12,19.12,19.12,0
1749119230,19.12,19.12,19.12,19.12,0
1749119235,19.12,19.12,19.12,19.12,0
1749119240,19.12,19.12,19.12,19.12,0
1749119245,19.12,19.12,19.12,19.12,0
1749119250,19.12,19.12,19.12,19.12,0
1749119255,19.12,19.12,19.12,19.12,0
1749119260,19.12,19.12,19.12,19.12,0
1749119265,19.12,19.12,19.12,19.12,0
1749119270,19.12,19.12,19.12,19.12,0
1749119275,19.12,19.12,19.12,19.12,0
1749119280,19.12,19.12,19.12,19.12,0
1749119285,19.12,19.12,19.12,19.12,0
1749119290,19.12,19.12,19.12,19.12,0
1749119295,19.12,19.12,19.12,19.12,0
1749119300,19.12,19.12,19.12,19.12,0
1749119305,19.12,19.12,19.12,19.12,0
1749119310,19.12,19.12,19.12,19.12,0
1749119315,19.12,19.12,19.12,19.12,0
1749119320,19.12,19.12,19.12,19.12,0
1749119325,19.12,19.12,19.12,19.12,0
1749119330,19.12,19.12,19.12,19.12,0
1749119335,19.12,19.12,19.12,19.12,0
1749119340,19.12,19.12,19.12,19.12,0
1749119345,19.12,19.12,19.12,19.12,0
1749119350,19.12,19.12,19.12,19.12,0
1749119355,19.12,19.12,19.12,19.12,0
1749119360,19.12,19.12,19.12,19.12,0
1749119365,19.12,19.12,19.12,19.12,0
1749119370,19.12,19.12,19.12,19.12,0
1749119375,19.12,19.12,19.12,19.12,0
1749119380,19.12,19.12,19.12,19.12,0
1749119385,19.12,19.12,19.12,19.12,0
1749119390,19.12,19.12,19.12,19.12,0
1749119395,19.12,19.12,19.12,19.12,0
1749119400,19.12,19.12,19.12,19.12,0
1749119405,19.12,19.12,19.12,19.12,0
1749119410,19.12,19.12,19.12,19.12,0
1749119415,19.12,19.12,19.12,19.12,0
1749119420,19.12,19.12,19.12,19.12,0
1749119425,19.12,19.12,19.12,19.12,0
1749119430,19.12,19.12,19.12,19.12,0
1749119435,19.12,19.12,19.12,19.12,0
1749119440,19.12,19.12,19.12,19.12,0
1749119445,19.12,19.12,19.12,19.12,0
1749119450,19.12,19.12,19.12,19.12,0
1749119455,19.12,19.12,19.12,19.12,0
1749119460,19.12,19.12,19.12,19.12,0
1749119465,19.12,19.12,19.12,19.12,0
1749119470,19.12,19.12,19.12,19.12,0
1749119475,19.12,19.12,19.12,19.12,0
1749119480,19.12,19.12,19.12,19.12,0
1749119485,19.12,19.12,19.12,19.12,0
1749119490,19.12,19.12,19.12,19.12,0
1749119495,19.12,19.12,19.12,19.12,0
1749119500,19.12,19.12,19.12,19.12,0
1749119505,19.12,19.12,19.12,19.12,0
1749119510,19.12,19.12,19.12,19.12,0
1749119515,19.12,19.12,19.12,19.12,0
1749119520,19.12,19.12,19.12,19.12,0
1749119525,19.12,19.12,19.12,19.12,0
1749119530,19.12,19.12,19.12,19.12,0
1749119535,19.12,19.12,19.12,19.12,0
1749119540,19.12,19.12,19.12,19.12,0
1749119545,19.12,19.12,19.12,19.12,0
1749119550,19.12,19.12,19.12,19.12,0
1749119555,19.12,19.12,19.12,19.12,0
1749119560,19.12,19.12,19.12,19.12,0
1749119565,19.12,19.12,19.12,19.12,0
1749119570,19.12,19.12,19.12,19.12,0
1749119575,19.12,19.12,19.12,19.12,0
1749119580,19.12,19.12,19.12,19.12,0
1749119585,19.12,19.12,19.12,19.12,0
1749119590,19.12,19.12,19.12,19.12,0
1749119595,19.12,19.12,19.12,19.12,0
1749119600,19.12,19.12,19.12,19.12,0
1749119605,19.12,19.12,19.12,19.12,0
1749119610,19.12,19.12,19.12,19.12,0
1749119615,19.12,19.12,19.12,19.12,0
1749119620,19.12,19.12,19.12,19.12,0
1749119625,19.12,19.12,19.12,19.12,0
1749119630,19.12,19.12,19.12,19.12,0
1749119635,19.12,19.12,19.12,19.12,0
1749119640,19.12,19.12,19.12,19.12,0
1749119645,19.12,19.12,19.12,19.12,0
1749119650,19.12,19.12,19.12,19.12,0
1749119655,19.12,19.12,19.12,19.12,0
1749119660,19.12,19.12,19.12,19.12,0
1749119665,19.12,19.12,19.12,19.12,0
1749119670,19.12,19.12,19.12,19.12,0
1749119675,19.12,19.12,19.12,19.12,0
1749119680,19.12,19.12,19.12,19.12,0
1749119685,19.12,19.12,19.12,19.12,0
1749119690,19.12,19.12,19.12,19.12,0
1749119695,19.12,19.12,19.12,19.12,0
1749119700,19.12,19.12,19.12,19.12,0
1749119705,19.12,19.12,19.12,19.12,0
1749119710,19.12,19.12,19.12,19.12,0
1749119715,19.12,19.12,19.12,19.12,0
1749119720,19.12,19.12,19.12,19.12,0
1749119725,19.12,19.12,19.12,19.12,0
1749119730,19.12,19.12,19.12,19.12,0
1749119735,19.12,19.12,19.12,19.12,0
1749119740,19.12,19.12,19.12,19.12,0
1749119745,19.12,19.12,19.12,19.12,0
1749119750,19.12,19.12,19.12,19.12,0
1749119755,19.12,19.12,19.12,19.12,0
1749119760,19.12,19.12,19.12,19.12,0
1749119765,19.12,19.12,19.12,19.12,0
1749119770,19.12,19.12,19.12,19.12,0
1749119775,19.12,19.12,19.12,19.12,0
1749119780,19.12,19.12,19.12,19.12,0
1749119785,19.12,19.12,19.12,19.12,0
1749119790,19.12,19.12,19.12,19.12,0
1749119795,19.12,19.12,19.12,19.12,0
1749119800,19.12,19.12,19.12,19.12,0
1749119805,19.12,19.12,19.12,19.12,0
1749119810,19.12,19.12,19.12,19.12,0
1749119815,19.12,19.12,19.12,19.12,0
1749119820,19.12,19.12,19.12,19.12,0
1749119825,19.12,19.12,19.12,19.12,0
1749119830,19.12,19.12,19.12,19.12,0
1749119835,19.12,19.12,19.12,19.12,0
1749119840,19.12,19.12,19.12,19.12,0
1749119845,19.12,19.12,19.12,19.12,0
1749119850,19.12,19.12,19.12,19.12,0
1749119855,19.12,19.12,19.12,19.12,0
1749119860,19.12,19.12,19.12,19.12,0
1749119865,19.12,19.12,19.12,19.12,0
1749119870,19.12,19.12,19.12,19.12,0
1749119875,19.12,19.12,19.12,19.12,0
1749119880,19.12,19.12,19.12,19.12,0
1749119885,19.12,19.12,19.12,19.12,0
1749119890,19.12,19.12,19.12,19.12,0
1749119895,19.12,19.12,19.12,19.12,0
1749119900,19.12,19.12,19.12,19.12,0
1749119905,19.12,19.12,19.12,19.12,0
1749119910,19.12,19.12,19.12,19.12,0
1749119915,19.12,19.12,19.12,19.12,0
1749119920,19.12,19.12,19.12,19.12,0
1749119925,19.12,19.12,19.12,19.12,0
1749119930,19.12,19.12,19.12,19.12,0
1749119935,19.12,19.12,19.12,19.12,0
1749119940,19.12,19.12,19.12,19.12,0
1749119945,19.12,19.12,19.12,19.12,0
1749119950,19.12,19.12,19.12,19.12,0
1749119955,19.12,19.12,19.12,19.12,0
1749119960,19.12,19.12,19.12,19.12,0
1749119965,19.12,19.12,19.12,19.12,0
1749119970,19.12,19.12,19.12,19.12,0
1749119975,19.12,19.12,19.12,19.12,0
1749119980,19.12,19.12,19.12,19.12,0
1749119985,19.12,19.12,19.12,19.12,0
1749119990,19.12,19.12,19.12,19.12,0
1749119995,19.12,19.12,19.12,19.12,0
1749120000,19.12,19.12,19.12,19.12,0
1749120005,19.12,19.12,19.12,19.12,0
1749120010,19.12,19.12,19.12,19.12,0
1749120015,19.12,19.12,19.12,19.12,0
1749120020,19.12,19.12,19.12,19.12,0
1749120025,19.12,19.12,19.12,19.12,0
1749120030,19.12,19.12,19.12,19.12,0
1749120035,19.12,19.12,19.12,19.12,0
1749120040,19.12,19.12,19.12,19.12,0
1749120045,19.12,19.12,19.12,19.12,0
1749120050,19.12,19.12,19.12,19.12,0
1749120055,19.12,19.12,19.12,19.12,0
1749120060,19.12,19.12,19.12,19.12,0
1749120065,19.12,19.12,19.12,19.12,0
1749120070,19.12,19.12,19.12,19.12,0
1749120075,19.12,19.12,19.12,19.12,0
1749120080,19.12,19.12,19.12,19.12,0
1749120085,19.12,19.12,19.12,19.12,0
1749120090,19.12,19.12,19.12,19.12,0
1749120095,19.12,19.12,19.12,19.12,0
1749120100,19.12,19.12,19.12,19.12,0
1749120105,19.12,19.12,19.12,19.12,0
1749120110,19.12,19.12,19.12,19.12,0
1749120115,19.12,19.12,19.12,19.12,0
1749120120,19.12,19.12,19.12,19.12,0
1749120125,19.12,19.12,19.12,19.12,0
1749120130,19.12,19.12,19.12,19.12,0
1749120135,19.19,19.19,19.19,19.19,2
1749120140,19.19,19.19,19.19,19.19,0
1749120145,19.19,19.19,19.19,19.19,0
1749120150,19.19,19.19,19.19,19.19,0
1749120155,19.19,19.19,19.19,19.19,0
1749120160,19.19,19.19,19.19,19.19,0
1749120165,19.19,19.19,19.19,19.19,0
1749120170,19.19,19.19,19.19,19.19,0
1749120175,19.19,19.19,19.19,19.19,0
1749120180,19.19,19.19,19.19,19.19,0
1749120185,19.19,19.19,19.19,19.19,0
1749120190,19.19,19.19,19.19,19.19,0
1749120195,19.19,19.19,19.19,19.19,0
1749120200,19.19,19.19,19.19,19.19,0
1749120205,19.19,19.19,19.19,19.19,0
1749120210,19.19,19.19,19.19,19.19,0
1749120215,19.19,19.19,19.19,19.19,0
1749120220,19.19,19.19,19.19,19.19,0
1749120225,19.19,19.19,19.19,19.19,0
1749120230,19.19,19.19,19.19,19.19,0
1749120235,19.19,19.19,19.19,19.19,0
1749120240,19.19,19.19,19.19,19.19,0
1749120245,19.19,19.19,19.19,19.19,0
1749120250,19.19,19.19,19.19,19.19,0
1749120255,19.19,19.19,19.19,19.19,0
1749120260,19.19,19.19,19.19,19.19,0
1749120265,19.19,19.19,19.19,19.19,0
1749120270,19.19,19.19,19.19,19.19,0
1749120275,19.19,19.19,19.19,19.19,0
1749120280,19.19,19.19,19.19,19.19,0
1749120285,19.19,19.19,19.19,19.19,0
1749120290,19.19,19.19,19.19,19.19,0
1749120295,19.19,19.19,19.19,19.19,0
1749120300,19.19,19.19,19.19,19.19,0
1749120305,19.19,19.19,19.19,19.19,0
1749120310,19.19,19.19,19.19,19.19,0
1749120315,19.19,19.19,19.19,19.19,0
1749120320,19.19,19.19,19.19,19.19,0
1749120325,19.19,19.19,19.19,19.19,0
1749120330,19.19,19.19,19.19,19.19,0
1749120335,19.19,19.19,19.19,19.19,0
1749120340,19.19,19.19,19.19,19.19,0
1749120345,19.19,19.19,19.19,19.19,0
1749120350,19.19,19.19,19.19,19.19,0
1749120355,19.19,19.19,19.19,19.19,0
1749120360,19.19,19.19,19.19,19.19,0
1749120365,19.19,19.19,19.19,19.19,0
1749120370,19.19,19.19,19.19,19.19,0
1749120375,19.19,19.19,19.19,19.19,0
1749120380,19.19,19.19,19.19,19.19,0
1749120385,19.19,19.19,19.19,19.19,0
1749120390,19.19,19.19,19.19,19.19,0
1749120395,19.19,19.19,19.19,19.19,0
1749120400,19.19,19.19,19.19,19.19,0
1749120405,19.19,19.19,19.19,19.19,0
1749120410,19.19,19.19,19.19,19.19,0
1749120415,19.19,19.19,19.19,19.19,0
1749120420,19.19,19.19,19.19,19.19,0
1749120425,19.19,19.19,19.19,19.19,0
1749120430,19.19,19.19,19.19,19.19,0
1749120435,19.19,19.19,19.19,19.19,0
1749120440,19.19,19.19,19.19,19.19,0
1749120445,19.19,19.19,19.19,19.19,0
1749120450,19.19,19.19,19.19,19.19,0
1749120455,19.19,19.19,19.19,19.19,0
1749120460,19.19,19.19,19.19,19.19,0
1749120465,19.19,19.19,19.19,19.19,0
1749120470,19.19,19.19,19.19,19.19,0
1749120475,19.19,19.19,19.19,19.19,0
1749120480,19.19,19.19,19.19,19.19,0
1749120485,19.19,19.19,19.19,19.19,0
1749120490,19.19,19.19,19.19,19.19,0
1749120495,19.19,19.19,19.19,19.19,0
1749120500,19.19,19.19,19.19,19.19,0
1749120505,19.19,19.19,19.19,19.19,0
1749120510,19.19,19.19,19.19,19.19,0
1749120515,19.19,19.19,19.19,19.19,0
1749120520,19.19,19.19,19.19,19.19,0
1749120525,19.19,19.19,19.19,19.19,0
1749120530,19.19,19.19,19.19,19.19,0
1749120535,19.19,19.19,19.19,19.19,0
1749120540,19.19,19.19,19.19,19.19,0
1749120545,19.19,19.19,19.19,19.19,0
1749120550,19.19,19.19,19.19,19.19,0
1749120555,19.19,19.19,19.19,19.19,0
1749120560,19.19,19.19,19.19,19.19,0
1749120565,19.19,19.19,19.19,19.19,0
1749120570,19.19,19.19,19.19,19.19,0
1749120575,19.19,19.19,19.19,19.19,0
1749120580,19.19,19.19,19.19,19.19,0
1749120585,19.19,19.19,19.19,19.19,0
1749120590,19.19,19.19,19.19,19.19,0
1749120595,19.19,19.19,19.19,19.19,0
1749120600,19.19,19.19,19.19,19.19,0
1749120605,19.19,19.19,19.19,19.19,0
1749120610,19.19,19.19,19.19,19.19,0
1749120615,19.19,19.19,19.19,19.19,0
1749120620,19.19,19.19,19.19,19.19,0
1749120625,19.19,19.19,19.19,19.19,0
1749120630,19.19,19.19,19.19,19.19,0
1749120635,19.19,19.19,19.19,19.19,0
1749120640,19.19,19.19,19.19,19.19,0
1749120645,19.19,19.19,19.19,19.19,0
1749120650,19.19,19.19,19.19,19.19,0
1749120655,19.19,19.19,19.19,19.19,0
1749120660,19.19,19.19,19.19,19.19,0
1749120665,19.19,19.19,19.19,19.19,0
1749120670,19.19,19.19,19.19,19.19,0
1749120675,19.19,19.19,19.19,19.19,0
1749120680,19.19,19.19,19.19,19.19,0
1749120685,19.19,19.19,19.19,19.19,0
1749120690,19.19,19.19,19.19,19.19,0
1749120695,19.19,19.19,19.19,19.19,0
1749120700,19.19,19.19,19.19,19.19,0
1749120705,19.19,19.19,19.19,19.19,0
1749120710,19.19,19.19,19.19,19.19,0
1749120715,19.19,19.19,19.19,19.19,0
1749120720,19.19,19.19,19.19,19.19,0
1749120725,19.19,19.19,19.19,19.19,0
1749120730,19.19,19.19,19.19,19.19,0
1749120735,19.19,19.19,19.19,19.19,0
1749120740,19.19,19.19,19.19,19.19,0
1749120745,19.19,19.19,19.19,19.19,0
1749120750,19.19,19.19,19.19,19.19,0
1749120755,19.19,19.19,19.19,19.19,0
1749120760,19.19,19.19,19.19,19.19,0
1749120765,19.19,19.19,19.19,19.19,0
1749120770,19.19,19.19,19.19,19.19,0
1749120775,19.19,19.19,19.19,19.19,1
1749120780,19.19,19.19,19.19,19.19,0
1749120785,19.19,19.19,19.19,19.19,0
1749120790,19.19,19.19,19.19,19.19,0
1749120795,19.19,19.19,19.19,19.19,0
1749120800,19.19,19.19,19.19,19.19,0
1749120805,19.19,19.19,19.19,19.19,0
1749120810,19.19,19.19,19.19,19.19,0
1749120815,19.19,19.19,19.19,19.19,0
1749120820,19.19,19.19,19.19,19.19,0
1749120825,19.19,19.19,19.19,19.19,0
1749120830,19.19,19.19,19.19,19.19,0
1749120835,19.19,19.19,19.19,19.19,0
1749120840,19.19,19.19,19.19,19.19,0
1749120845,19.19,19.19,19.19,19.19,0
1749120850,19.19,19.19,19.19,19.19,0
1749120855,19.19,19.19,19.19,19.19,0
1749120860,19.19,19.19,19.19,19.19,0
1749120865,19.19,19.19,19.19,19.19,0
1749120870,19.19,19.19,19.19,19.19,0
1749120875,19.19,19.19,19.19,19.19,0
1749120880,19.19,19.19,19.19,19.19,0
1749120885,19.19,19.19,19.19,19.19,0
1749120890,19.19,19.19,19.19,19.19,0
1749120895,19.19,19.19,19.19,19.19,0
1749120900,19.19,19.19,19.19,19.19,0
1749120905,19.19,19.19,19.19,19.19,0
1749120910,19.19,19.19,19.19,19.19,0
1749120915,19.19,19.19,19.19,19.19,0
1749120920,19.19,19.19,19.19,19.19,0
1749120925,19.19,19.19,19.19,19.19,0
1749120930,19.19,19.19,19.19,19.19,0
1749120935,19.19,19.19,19.19,19.19,0
1749120940,19.19,19.19,19.19,19.19,0
1749120945,19.19,19.19,19.19,19.19,0
1749120950,19.19,19.19,19.19,19.19,0
1749120955,19.19,19.19,19.19,19.19,0
1749120960,19.19,19.19,19.19,19.19,0
1749120965,19.19,19.19,19.19,19.19,0
1749120970,19.19,19.19,19.19,19.19,0
1749120975,19.19,19.19,19.19,19.19,0
1749120980,19.19,19.19,19.19,19.19,0
1749120985,19.19,19.19,19.19,19.19,0
1749120990,19.19,19.19,19.19,19.19,0
1749120995,19.19,19.19,19.19,19.19,0
1749121000,19.19,19.19,19.19,19.19,0
1749121005,19.19,19.19,19.19,19.19,0
1749121010,19.19,19.19,19.19,19.19,0
1749121015,19.19,19.19,19.19,19.19,0
1749121020,19.19,19.19,19.19,19.19,0
1749121025,19.19,19.19,19.19,19.19,0
1749121030,19.19,19.19,19.19,19.19,0
1749121035,19.19,19.19,19.19,19.19,0
1749121040,19.19,19.19,19.19,19.19,0
1749121045,19.19,19.19,19.19,19.19,0
1749121050,19.19,19.19,19.19,19.19,0
1749121055,19.19,19.19,19.19,19.19,0
1749121060,19.19,19.19,19.19,19.19,0
1749121065,19.19,19.19,19.19,19.19,0
1749121070,19.19,19.19,19.19,19.19,0
1749121075,19.19,19.19,19.19,19.19,0
1749121080,19.19,19.19,19.19,19.19,0
1749121085,19.19,19.19,19.19,19.19,0
1749121090,19.19,19.19,19.19,19.19,0
1749121095,19.19,19.19,19.19,19.19,0
1749121100,19.19,19.19,19.19,19.19,0
1749121105,19.19,19.19,19.19,19.19,0
1749121110,19.19,19.19,19.19,19.19,0
1749121115,19.19,19.19,19.19,19.19,0
1749121120,19.19,19.19,19.19,19.19,0
1749121125,19.19,19.19,19.19,19.19,0
1749121130,19.19,19.19,19.19,19.19,0
1749121135,19.19,19.19,19.19,19.19,0
1749121140,19.19,19.19,19.19,19.19,0
1749121145,19.19,19.19,19.19,19.19,0
1749121150,19.19,19.19,19.19,19.19,0
1749121155,19.19,19.19,19.19,19.19,0
1749121160,19.19,19.19,19.19,19.19,0
1749121165,19.19,19.19,19.19,19.19,0
1749121170,19.19,19.19,19.19,19.19,0
1749121175,19.19,19.19,19.19,19.19,0
1749121180,19.19,19.19,19.19,19.19,0
1749121185,19.19,19.19,19.19,19.19,0
1749121190,19.19,19.19,19.19,19.19,0
1749121195,19.19,19.19,19.19,19.19,0
1749121200,19.19,19.19,19.19,19.19,0
1749121205,19.19,19.19,19.19,19.19,0
1749121210,19.19,19.19,19.19,19.19,0
1749121215,19.19,19.19,19.19,19.19,0
1749121220,19.19,19.19,19.19,19.19,0
1749121225,19.19,19.19,19.19,19.19,0
1749121230,19.19,19.19,19.19,19.19,0
1749121235,19.19,19.19,19.19,19.19,0
1749121240,19.19,19.19,19.19,19.19,0
1749121245,19.19,19.19,19.19,19.19,0
1749121250,19.19,19.19,19.19,19.19,0
1749121255,19.19,19.19,19.19,19.19,0
1749121260,19.19,19.19,19.19,19.19,0
1749121265,19.19,19.19,19.19,19.19,0
1749121270,19.19,19.19,19.19,19.19,0
1749121275,19.19,19.19,19.19,19.19,0
1749121280,19.19,19.19,19.19,19.19,0
1749121285,19.19,19.19,19.19,19.19,0
1749121290,19.19,19.19,19.19,19.19,0
1749121295,19.19,19.19,19.19,19.19,0
1749121300,19.19,19.19,19.19,19.19,0
1749121305,19.19,19.19,19.19,19.19,0
1749121310,19.19,19.19,19.19,19.19,0
1749121315,19.19,19.19,19.19,19.19,0
1749121320,19.19,19.19,19.19,19.19,0
1749121325,19.19,19.19,19.19,19.19,0
1749121330,19.19,19.19,19.19,19.19,0
1749121335,19.19,19.19,19.19,19.19,0
1749121340,19.19,19.19,19.19,19.19,0
1749121345,19.19,19.19,19.19,19.19,0
1749121350,19.19,19.19,19.19,19.19,0
1749121355,19.19,19.19,19.19,19.19,0
1749121360,19.19,19.19,19.19,19.19,0
1749121365,19.19,19.19,19.19,19.19,0
1749121370,19.19,19.19,19.19,19.19,1
1749121375,19.19,19.19,19.19,19.19,0
1749121380,19.19,19.19,19.19,19.19,0
1749121385,19.19,19.19,19.19,19.19,0
1749121390,19.19,19.19,19.19,19.19,0
1749121395,19.19,19.19,19.19,19.19,0
1749121400,19.19,19.19,19.19,19.19,0
1749121405,19.19,19.19,19.19,19.19,0
1749121410,19.19,19.19,19.19,19.19,0
1749121415,19.19,19.19,19.19,19.19,0
1749121420,19.19,19.19,19.19,19.19,0
1749121425,19.19,19.19,19.19,19.19,0
1749121430,19.19,19.19,19.19,19.19,0
1749121435,19.19,19.19,19.19,19.19,0
1749121440,19.19,19.19,19.19,19.19,0
1749121445,19.19,19.19,19.19,19.19,0
1749121450,19.19,19.19,19.19,19.19,0
1749121455,19.19,19.19,19.19,19.19,0
1749121460,19.19,19.19,19.19,19.19,0
1749121465,19.19,19.19,19.19,19.19,0
1749121470,19.19,19.19,19.19,19.19,0
1749121475,19.19,19.19,19.19,19.19,0
1749121480,19.19,19.19,19.19,19.19,0
1749121485,19.19,19.19,19.19,19.19,0
1749121490,19.19,19.19,19.19,19.19,0
1749121495,19.19,19.19,19.19,19.19,0
1749121500,19.19,19.19,19.19,19.19,0
1749121505,19.19,19.19,19.19,19.19,0
1749121510,19.19,19.19,19.19,19.19,0
1749121515,19.19,19.19,19.19,19.19,0
1749121520,19.19,19.19,19.19,19.19,0
1749121525,19.19,19.19,19.19,19.19,0
1749121530,19.19,19.19,19.19,19.19,0
1749121535,19.19,19.19,19.19,19.19,0
1749121540,19.19,19.19,19.19,19.19,0
1749121545,19.19,19.19,19.19,19.19,0
1749121550,19.19,19.19,19.19,19.19,0
1749121555,19.19,19.19,19.19,19.19,0
1749121560,19.19,19.19,19.19,19.19,0
1749121565,19.19,19.19,19.19,19.19,0
1749121570,19.19,19.19,19.19,19.19,0
1749121575,19.19,19.19,19.19,19.19,0
1749121580,19.19,19.19,19.19,19.19,0
1749121585,19.19,19.19,19.19,19.19,0
1749121590,19.19,19.19,19.19,19.19,0
1749121595,19.19,19.19,19.19,19.19,0
1749121600,19.19,19.19,19.19,19.19,0
1749121605,19.19,19.19,19.19,19.19,0
1749121610,19.19,19.19,19.19,19.19,0
1749121615,19.19,19.19,19.19,19.19,0
1749121620,19.19,19.19,19.19,19.19,0
1749121625,19.19,19.19,19.19,19.19,0
1749121630,19.19,19.19,19.19,19.19,0
1749121635,19.19,19.19,19.19,19.19,0
1749121640,19.19,19.19,19.19,19.19,0
1749121645,19.19,19.19,19.19,19.19,0
1749121650,19.19,19.19,19.19,19.19,0
1749121655,19.19,19.19,19.19,19.19,0
1749121660,19.19,19.19,19.19,19.19,0
1749121665,19.19,19.19,19.19,19.19,0
1749121670,19.19,19.19,19.19,19.19,0
1749121675,19.19,19.19,19.19,19.19,0
1749121680,19.19,19.19,19.19,19.19,0
1749121685,19.19,19.19,19.19,19.19,0
1749121690,19.19,19.19,19.19,19.19,0
1749121695,19.19,19.19,19.19,19.19,0
1749121700,19.19,19.19,19.19,19.19,0
1749121705,19.19,19.19,19.19,19.19,0
1749121710,19.19,19.19,19.19,19.19,0
1749121715,19.19,19.19,19.19,19.19,0
1749121720,19.19,19.19,19.19,19.19,0
1749121725,19.19,19.19,19.19,19.19,0
1749121730,19.19,19.19,19.19,19.19,0
1749121735,19.19,19.19,19.19,19.19,0
1749121740,19.19,19.19,19.19,19.19,0
1749121745,19.19,19.19,19.19,19.19,0
1749121750,19.19,19.19,19.19,19.19,0
1749121755,19.19,19.19,19.19,19.19,0
1749121760,19.19,19.19,19.19,19.19,0
1749121765,19.19,19.19,19.19,19.19,0
1749121770,19.19,19.19,19.19,19.19,0
1749121775,19.19,19.19,19.19,19.19,0
1749121780,19.19,19.19,19.19,19.19,0
1749121785,19.19,19.19,19.19,19.19,0
1749121790,19.19,19.19,19.19,19.19,0
1749121795,19.19,19.19,19.19,19.19,0
1749121800,19.19,19.19,19.19,19.19,0
1749121805,19.19,19.19,19.19,19.19,0
1749121810,19.19,19.19,19.19,19.19,0
1749121815,19.19,19.19,19.19,19.19,0
1749121820,19.19,19.19,19.19,19.19,0
1749121825,19.19,19.19,19.19,19.19,0
1749121830,19.19,19.19,19.19,19.19,0
1749121835,19.19,19.19,19.19,19.19,0
1749121840,19.19,19.19,19.19,19.19,0
1749121845,19.19,19.19,19.19,19.19,0
1749121850,19.19,19.19,19.19,19.19,0
1749121855,19.19,19.19,19.19,19.19,0
1749121860,19.19,19.19,19.19,19.19,0
1749121865,19.19,19.19,19.19,19.19,0
1749121870,19.19,19.19,19.19,19.19,0
1749121875,19.19,19.19,19.19,19.19,0
1749121880,19.19,19.19,19.19,19.19,0
1749121885,19.19,19.19,19.19,19.19,0
1749121890,19.19,19.19,19.19,19.19,0
1749121895,19.19,19.19,19.19,19.19,0
1749121900,19.19,19.19,19.19,19.19,0
1749121905,19.19,19.19,19.19,19.19,0
1749121910,19.19,19.19,19.19,19.19,0
1749121915,19.19,19.19,19.19,19.19,0
1749121920,19.19,19.19,19.19,19.19,0
1749121925,19.19,19.19,19.19,19.19,0
1749121930,19.19,19.19,19.19,19.19,0
1749121935,19.19,19.19,19.19,19.19,0
1749121940,19.19,19.19,19.19,19.19,0
1749121945,19.19,19.19,19.19,19.19,0
1749121950,19.19,19.19,19.19,19.19,0
1749121955,19.19,19.19,19.19,19.19,0
1749121960,19.19,19.19,19.19,19.19,0
1749121965,19.19,19.19,19.19,19.19,0
1749121970,19.19,19.19,19.19,19.19,0
1749121975,19.19,19.19,19.19,19.19,0
1749121980,19.19,19.19,19.19,19.19,0
1749121985,19.19,19.19,19.19,19.19,0
1749121990,19.19,19.19,19.19,19.19,0
1749121995,19.19,19.19,19.19,19.19,0
1749122000,19.19,19.19,19.19,19.19,0
1749122005,19.19,19.19,19.19,19.19,0
1749122010,19.19,19.19,19.19,19.19,0
1749122015,19.19,19.19,19.19,19.19,0
1749122020,19.19,19.19,19.19,19.19,0
1749122025,19.19,19.19,19.19,19.19,0
1749122030,19.19,19.19,19.19,19.19,0
1749122035,19.19,19.19,19.19,19.19,0
1749122040,19.19,19.19,19.19,19.19,0
1749122045,19.19,19.19,19.19,19.19,0
1749122050,19.19,19.19,19.19,19.19,0
1749122055,19.19,19.19,19.19,19.19,0
1749122060,19.19,19.19,19.19,19.19,0
1749122065,19.19,19.19,19.19,19.19,0
1749122070,19.19,19.19,19.19,19.19,0
1749122075,19.19,19.19,19.19,19.19,0
1749122080,19.19,19.19,19.19,19.19,0
1749122085,19.19,19.19,19.19,19.19,0
1749122090,19.19,19.19,19.19,19.19,0
1749122095,19.19,19.19,19.19,19.19,0
1749122100,19.19,19.19,19.19,19.19,0
1749122105,19.19,19.19,19.19,19.19,0
1749122110,19.19,19.19,19.19,19.19,0
1749122115,19.19,19.19,19.19,19.19,0
1749122120,19.19,19.19,19.19,19.19,0
1749122125,19.19,19.19,19.19,19.19,0
1749122130,19.19,19.19,19.19,19.19,0
1749122135,19.19,19.19,19.19,19.19,0
1749122140,19.19,19.19,19.19,19.19,0
1749122145,19.19,19.19,19.19,19.19,0
1749122150,19.19,19.19,19.19,19.19,0
1749122155,19.19,19.19,19.19,19.19,0
1749122160,19.19,19.19,19.19,19.19,0
1749122165,19.19,19.19,19.19,19.19,0
1749122170,19.19,19.19,19.19,19.19,0
1749122175,19.19,19.19,19.19,19.19,0
1749122180,19.19,19.19,19.19,19.19,0
1749122185,19.19,19.19,19.19,19.19,0
1749122190,19.19,19.19,19.19,19.19,0
1749122195,19.19,19.19,19.19,19.19,0
1749122200,19.19,19.19,19.19,19.19,0
1749122205,19.19,19.19,19.19,19.19,0
1749122210,19.19,19.19,19.19,19.19,0
1749122215,19.19,19.19,19.19,19.19,0
1749122220,19.19,19.19,19.19,19.19,0
1749122225,19.19,19.19,19.19,19.19,0
1749122230,19.19,19.19,19.19,19.19,0
1749122235,19.19,19.19,19.19,19.19,0
1749122240,19.19,19.19,19.19,19.19,0
1749122245,19.19,19.19,19.19,19.19,0
1749122250,19.19,19.19,19.19,19.19,0
1749122255,19.19,19.19,19.19,19.19,0
1749122260,19.19,19.19,19.19,19.19,0
1749122265,19.19,19.19,19.19,19.19,0
1749122270,19.19,19.19,19.19,19.19,0
1749122275,19.19,19.19,19.19,19.19,0
1749122280,19.19,19.19,19.19,19.19,0
1749122285,19.19,19.19,19.19,19.19,0
1749122290,19.19,19.19,19.19,19.19,0
1749122295,19.19,19.19,19.19,19.19,0
1749122300,19.19,19.19,19.19,19.19,0
1749122305,19.19,19.19,19.19,19.19,0
1749122310,19.19,19.19,19.19,19.19,0
1749122315,19.19,19.19,19.19,19.19,0
1749122320,19.19,19.19,19.19,19.19,0
1749122325,19.19,19.19,19.19,19.19,0
1749122330,19.19,19.19,19.19,19.19,0
1749122335,19.19,19.19,19.19,19.19,0
1749122340,19.19,19.19,19.19,19.19,0
1749122345,19.19,19.19,19.19,19.19,0
1749122350,19.19,19.19,19.19,19.19,0
1749122355,19.19,19.19,19.19,19.19,0
1749122360,19.19,19.19,19.19,19.19,0
1749122365,19.19,19.19,19.19,19.19,0
1749122370,19.19,19.19,19.19,19.19,0
1749122375,19.19,19.19,19.19,19.19,0
1749122380,19.19,19.19,19.19,19.19,0
1749122385,19.19,19.19,19.19,19.19,0
1749122390,19.19,19.19,19.19,19.19,0
1749122395,19.19,19.19,19.19,19.19,0
1749122400,19.19,19.19,19.19,19.19,0
1749122405,19.19,19.19,19.19,19.19,0
1749122410,19.19,19.19,19.19,19.19,0
1749122415,19.19,19.19,19.19,19.19,0
1749122420,19.19,19.19,19.19,19.19,0
1749122425,19.19,19.19,19.19,19.19,0
1749122430,19.19,19.19,19.19,19.19,0
1749122435,19.19,19.19,19.19,19.19,0
1749122440,19.19,19.19,19.19,19.19,0
1749122445,19.19,19.19,19.19,19.19,0
1749122450,19.19,19.19,19.19,19.19,0
1749122455,19.19,19.19,19.19,19.19,0
1749122460,19.19,19.19,19.19,19.19,0
1749122465,19.19,19.19,19.19,19.19,0
1749122470,19.19,19.19,19.19,19.19,0
1749122475,19.19,19.19,19.19,19.19,0
1749122480,19.19,19.19,19.19,19.19,0
1749122485,19.19,19.19,19.19,19.19,0
1749122490,19.19,19.19,19.19,19.19,0
1749122495,19.19,19.19,19.19,19.19,0
1749122500,19.19,19.19,19.19,19.19,0
1749122505,19.19,19.19,19.19,19.19,0
1749122510,19.19,19.19,19.19,19.19,0
1749122515,19.19,19.19,19.19,19.19,0
1749122520,19.19,19.19,19.19,19.19,0
1749122525,19.19,19.19,19.19,19.19,0
1749122530,19.19,19.19,19.19,19.19,0
1749122535,19.19,19.19,19.19,19.19,0
1749122540,19.19,19.19,19.19,19.19,0
1749122545,19.19,19.19,19.19,19.19,0
1749122550,19.19,19.19,19.19,19.19,0
1749122555,19.19,19.19,19.19,19.19,0
1749122560,19.19,19.19,19.19,19.19,0
1749122565,19.19,19.19,19.19,19.19,0
1749122570,19.19,19.19,19.19,19.19,0
1749122575,19.19,19.19,19.19,19.19,0
1749122580,19.19,19.19,19.19,19.19,0
1749122585,19.19,19.19,19.19,19.19,0
1749122590,19.19,19.19,19.19,19.19,0
1749122595,19.19,19.19,19.19,19.19,0
1749122600,19.19,19.19,19.19,19.19,0
1749122605,19.19,19.19,19.19,19.19,0
1749122610,19.19,19.19,19.19,19.19,0
1749122615,19.19,19.19,19.19,19.19,0
1749122620,19.19,19.19,19.19,19.19,0
1749122625,19.19,19.19,19.19,19.19,0
1749122630,19.19,19.19,19.19,19.19,0
1749122635,19.19,19.19,19.19,19.19,0
1749122640,19.19,19.19,19.19,19.19,0
1749122645,19.19,19.19,19.19,19.19,0
1749122650,19.19,19.19,19.19,19.19,0
1749122655,19.19,19.19,19.19,19.19,0
1749122660,19.19,19.19,19.19,19.19,0
1749122665,19.19,19.19,19.19,19.19,0
1749122670,19.19,19.19,19.19,19.19,0
1749122675,19.19,19.19,19.19,19.19,0
1749122680,19.19,19.19,19.19,19.19,0
1749122685,19.19,19.19,19.19,19.19,0
1749122690,19.19,19.19,19.19,19.19,0
1749122695,19.19,19.19,19.19,19.19,0
1749122700,19.19,19.19,19.19,19.19,0
1749122705,19.19,19.19,19.19,19.19,0
1749122710,19.19,19.19,19.19,19.19,0
1749122715,19.19,19.19,19.19,19.19,0
1749122720,19.19,19.19,19.19,19.19,0
1749122725,19.19,19.19,19.19,19.19,0
1749122730,19.19,19.19,19.19,19.19,0
1749122735,19.19,19.19,19.19,19.19,0
1749122740,19.19,19.19,19.19,19.19,0
1749122745,19.19,19.19,19.19,19.19,0
1749122750,19.19,19.19,19.19,19.19,0
1749122755,19.19,19.19,19.19,19.19,0
1749122760,19.19,19.19,19.19,19.19,0
1749122765,19.19,19.19,19.19,19.19,0
1749122770,19.19,19.19,19.19,19.19,0
1749122775,19.19,19.19,19.19,19.19,0
1749122780,19.19,19.19,19.19,19.19,0
1749122785,19.19,19.19,19.19,19.19,0
1749122790,19.19,19.19,19.19,19.19,0
1749122795,19.19,19.19,19.19,19.19,0
1749122800,19.19,19.19,19.19,19.19,0
1749122805,19.19,19.19,19.19,19.19,0
1749122810,19.19,19.19,19.19,19.19,0
1749122815,19.19,19.19,19.19,19.19,0
1749122820,19.19,19.19,19.19,19.19,0
1749122825,19.19,19.19,19.19,19.19,0
1749122830,19.19,19.19,19.19,19.19,0
1749122835,19.19,19.19,19.19,19.19,0
1749122840,19.19,19.19,19.19,19.19,0
1749122845,19.19,19.19,19.19,19.19,0
1749122850,19.19,19.19,19.19,19.19,0
1749122855,19.19,19.19,19.19,19.19,0
1749122860,19.19,19.19,19.19,19.19,0
1749122865,19.19,19.19,19.19,19.19,0
1749122870,19.19,19.19,19.19,19.19,0
1749122875,19.19,19.19,19.19,19.19,0
1749122880,19.19,19.19,19.19,19.19,0
1749122885,19.19,19.19,19.19,19.19,0
1749122890,19.19,19.19,19.19,19.19,0
1749122895,19.19,19.19,19.19,19.19,0
1749122900,19.19,19.19,19.19,19.19,0
1749122905,19.19,19.19,19.19,19.19,0
1749122910,19.19,19.19,19.19,19.19,0
1749122915,19.19,19.19,19.19,19.19,0
1749122920,19.19,19.19,19.19,19.19,0
1749122925,19.19,19.19,19.19,19.19,0
1749122930,19.19,19.19,19.19,19.19,0
1749122935,19.19,19.19,19.19,19.19,0
1749122940,19.19,19.19,19.19,19.19,0
1749122945,19.19,19.19,19.19,19.19,0
1749122950,19.19,19.19,19.19,19.19,0
1749122955,19.19,19.19,19.19,19.19,0
1749122960,19.19,19.19,19.19,19.19,0
1749122965,19.19,19.19,19.19,19.19,0
1749122970,19.19,19.19,19.19,19.19,0
1749122975,19.19,19.19,19.19,19.19,0
1749122980,19.19,19.19,19.19,19.19,0
1749122985,19.19,19.19,19.19,19.19,0
1749122990,19.19,19.19,19.19,19.19,0
1749122995,19.19,19.19,19.19,19.19,0
1749123000,19.19,19.19,19.19,19.19,0
1749123005,19.19,19.19,19.19,19.19,0
1749123010,19.19,19.19,19.19,19.19,0
1749123015,19.19,19.19,19.19,19.19,0
1749123020,19.19,19.19,19.19,19.19,0
1749123025,19.19,19.19,19.19,19.19,0
1749123030,19.19,19.19,19.19,19.19,0
1749123035,19.19,19.19,19.19,19.19,0
1749123040,19.19,19.19,19.19,19.19,0
1749123045,19.19,19.19,19.19,19.19,0
1749123050,19.2,19.2,19.2,19.2,1
1749123055,19.2,19.2,19.2,19.2,0
1749123060,19.2,19.2,19.2,19.2,0
1749123065,19.2,19.2,19.2,19.2,0
1749123070,19.2,19.2,19.2,19.2,0
1749123075,19.2,19.2,19.2,19.2,0
1749123080,19.2,19.2,19.2,19.2,0
1749123085,19.2,19.2,19.2,19.2,0
1749123090,19.2,19.2,19.2,19.2,0
1749123095,19.2,19.2,19.2,19.2,0
1749123100,19.2,19.2,19.2,19.2,0
1749123105,19.2,19.2,19.2,19.2,0
1749123110,19.2,19.2,19.2,19.2,0
1749123115,19.2,19.2,19.2,19.2,0
1749123120,19.2,19.2,19.2,19.2,4
1749123125,19.2,19.2,19.2,19.2,0
1749123130,19.2,19.2,19.2,19.2,0
1749123135,19.2,19.2,19.2,19.2,0
1749123140,19.2,19.2,19.2,19.2,0
1749123145,19.2,19.2,19.2,19.2,0
1749123150,19.2,19.2,19.2,19.2,0
1749123155,19.2,19.2,19.2,19.2,0
1749123160,19.2,19.2,19.2,19.2,0
1749123165,19.2,19.2,19.2,19.2,0
1749123170,19.2,19.2,19.2,19.2,0
1749123175,19.2,19.2,19.2,19.2,0
1749123180,19.2,19.2,19.2,19.2,0
1749123185,19.2,19.2,19.2,19.2,0
1749123190,19.2,19.2,19.2,19.2,0
1749123195,19.2,19.2,19.2,19.2,0
1749123200,19.2,19.2,19.2,19.2,0
1749123205,19.2,19.2,19.2,19.2,0
1749123210,19.2,19.2,19.2,19.2,0
1749123215,19.2,19.2,19.2,19.2,0
1749123220,19.2,19.2,19.2,19.2,0
1749123225,19.2,19.2,19.2,19.2,0
1749123230,19.2,19.2,19.2,19.2,0
1749123235,19.2,19.2,19.2,19.2,0
1749123240,19.2,19.2,19.2,19.2,0
1749123245,19.2,19.2,19.2,19.2,0
1749123250,19.2,19.2,19.2,19.2,0
1749123255,19.2,19.2,19.2,19.2,0
1749123260,19.2,19.2,19.2,19.2,0
1749123265,19.2,19.2,19.2,19.2,0
1749123270,19.2,19.2,19.2,19.2,0
1749123275,19.2,19.2,19.2,19.2,0
1749123280,19.2,19.2,19.2,19.2,0
1749123285,19.2,19.2,19.2,19.2,0
1749123290,19.2,19.2,19.2,19.2,0
1749123295,19.2,19.2,19.2,19.2,0
1749123300,19.2,19.2,19.2,19.2,0
1749123305,19.2,19.2,19.2,19.2,0
1749123310,19.2,19.2,19.2,19.2,0
1749123315,19.2,19.2,19.2,19.2,0
1749123320,19.2,19.2,19.2,19.2,0
1749123325,19.2,19.2,19.2,19.2,0
1749123330,19.2,19.2,19.2,19.2,0
1749123335,19.2,19.2,19.2,19.2,0
1749123340,19.2,19.2,19.2,19.2,0
1749123345,19.2,19.2,19.2,19.2,0
1749123350,19.2,19.2,19.2,19.2,0
1749123355,19.2,19.2,19.2,19.2,0
1749123360,19.2,19.2,19.2,19.2,0
1749123365,19.2,19.2,19.2,19.2,0
1749123370,19.2,19.2,19.2,19.2,0
1749123375,19.2,19.2,19.2,19.2,0
1749123380,19.2,19.2,19.2,19.2,0
1749123385,19.2,19.2,19.2,19.2,0
1749123390,19.2,19.2,19.2,19.2,0
1749123395,19.2,19.2,19.2,19.2,0
1749123400,19.2,19.2,19.2,19.2,0
1749123405,19.2,19.2,19.2,19.2,0
1749123410,19.2,19.2,19.2,19.2,0
1749123415,19.2,19.2,19.2,19.2,0
1749123420,19.2,19.2,19.2,19.2,0
1749123425,19.2,19.2,19.2,19.2,0
1749123430,19.2,19.2,19.2,19.2,0
1749123435,19.2,19.2,19.2,19.2,0
1749123440,19.2,19.2,19.2,19.2,0
1749123445,19.2,19.2,19.2,19.2,0
1749123450,19.2,19.2,19.2,19.2,0
1749123455,19.2,19.2,19.2,19.2,0
1749123460,19.2,19.2,19.2,19.2,0
1749123465,19.2,19.2,19.2,19.2,0
1749123470,19.2,19.2,19.2,19.2,0
1749123475,19.2,19.2,19.2,19.2,0
1749123480,19.21,19.21,19.21,19.21,1
1749123485,19.21,19.21,19.21,19.21,0
1749123490,19.21,19.21,19.21,19.21,0
1749123495,19.21,19.21,19.21,19.21,0
1749123500,19.21,19.21,19.21,19.21,0
1749123505,19.21,19.21,19.21,19.21,0
1749123510,19.21,19.21,19.21,19.21,0
1749123515,19.21,19.21,19.21,19.21,0
1749123520,19.21,19.21,19.21,19.21,0
1749123525,19.21,19.21,19.21,19.21,0
1749123530,19.21,19.21,19.21,19.21,0
1749123535,19.21,19.21,19.21,19.21,0
1749123540,19.21,19.21,19.21,19.21,0
1749123545,19.21,19.21,19.21,19.21,0
1749123550,19.21,19.21,19.21,19.21,0
1749123555,19.21,19.21,19.21,19.21,0
1749123560,19.21,19.21,19.21,19.21,0
1749123565,19.21,19.21,19.21,19.21,0
1749123570,19.21,19.21,19.21,19.21,0
1749123575,19.21,19.21,19.21,19.21,0
1749123580,19.21,19.21,19.21,19.21,0
1749123585,19.21,19.21,19.21,19.21,0
1749123590,19.21,19.21,19.21,19.21,0
1749123595,19.21,19.21,19.21,19.21,0
1749123600,19.21,19.21,19.21,19.21,0
1749123605,19.21,19.21,19.21,19.21,0
1749123610,19.21,19.21,19.21,19.21,0
1749123615,19.21,19.21,19.21,19.21,0
1749123620,19.21,19.21,19.21,19.21,0
1749123625,19.21,19.21,19.21,19.21,0
1749123630,19.21,19.21,19.21,19.21,0
1749123635,19.21,19.21,19.21,19.21,0
1749123640,19.21,19.21,19.21,19.21,0
1749123645,19.21,19.21,19.21,19.21,0
1749123650,19.21,19.21,19.21,19.21,0
1749123655,19.21,19.21,19.21,19.21,0
1749123660,19.21,19.21,19.21,19.21,0
1749123665,19.21,19.21,19.21,19.21,0
1749123670,19.21,19.21,19.21,19.21,0
1749123675,19.21,19.21,19.21,19.21,0
1749123680,19.21,19.21,19.21,19.21,0
1749123685,19.21,19.21,19.21,19.21,0
1749123690,19.21,19.21,19.21,19.21,0
1749123695,19.21,19.21,19.21,19.21,0
1749123700,19.21,19.21,19.21,19.21,0
1749123705,19.21,19.21,19.21,19.21,0
1749123710,19.21,19.21,19.21,19.21,0
1749123715,19.21,19.21,19.21,19.21,0
1749123720,19.21,19.21,19.21,19.21,0
1749123725,19.21,19.21,19.21,19.21,0
1749123730,19.21,19.21,19.21,19.21,0
1749123735,19.21,19.21,19.21,19.21,0
1749123740,19.21,19.21,19.21,19.21,0
1749123745,19.21,19.21,19.21,19.21,0
1749123750,19.21,19.21,19.21,19.21,0
1749123755,19.21,19.21,19.21,19.21,0
1749123760,19.21,19.21,19.21,19.21,0
1749123765,19.21,19.21,19.21,19.21,0
1749123770,19.21,19.21,19.21,19.21,0
1749123775,19.21,19.21,19.21,19.21,0
1749123780,19.21,19.21,19.21,19.21,0
1749123785,19.21,19.21,19.21,19.21,0
1749123790,19.21,19.21,19.21,19.21,0
1749123795,19.21,19.21,19.21,19.21,0
1749123800,19.21,19.21,19.21,19.21,0
1749123805,19.21,19.21,19.21,19.21,0
1749123810,19.21,19.21,19.21,19.21,0
1749123815,19.21,19.21,19.21,19.21,0
1749123820,19.21,19.21,19.21,19.21,0
1749123825,19.21,19.21,19.21,19.21,0
1749123830,19.21,19.21,19.21,19.21,0
1749123835,19.21,19.21,19.21,19.21,0
1749123840,19.21,19.21,19.21,19.21,0
1749123845,19.21,19.21,19.21,19.21,0
1749123850,19.21,19.21,19.21,19.21,0
1749123855,19.21,19.21,19.21,19.21,0
1749123860,19.21,19.21,19.21,19.21,0
1749123865,19.21,19.21,19.21,19.21,0
1749123870,19.21,19.21,19.21,19.21,0
1749123875,19.21,19.21,19.21,19.21,0
1749123880,19.21,19.21,19.21,19.21,0
1749123885,19.21,19.21,19.21,19.21,0
1749123890,19.21,19.21,19.21,19.21,0
1749123895,19.21,19.21,19.21,19.21,0
1749123900,19.21,19.21,19.21,19.21,0
1749123905,19.21,19.21,19.21,19.21,0
1749123910,19.21,19.21,19.21,19.21,0
1749123915,19.21,19.21,19.21,19.21,0
1749123920,19.21,19.21,19.21,19.21,0
1749123925,19.21,19.21,19.21,19.21,0
1749123930,19.21,19.21,19.21,19.21,0
1749123935,19.21,19.21,19.21,19.21,0
1749123940,19.21,19.21,19.21,19.21,0
1749123945,19.21,19.21,19.21,19.21,0
1749123950,19.21,19.21,19.21,19.21,0
1749123955,19.21,19.21,19.21,19.21,0
1749123960,19.21,19.21,19.21,19.21,0
1749123965,19.21,19.21,19.21,19.21,0
1749123970,19.21,19.21,19.21,19.21,0
1749123975,19.21,19.21,19.21,19.21,0
1749123980,19.21,19.21,19.21,19.21,0
1749123985,19.21,19.21,19.21,19.21,0
1749123990,19.21,19.21,19.21,19.21,0
1749123995,19.21,19.21,19.21,19.21,0
1749124000,19.21,19.21,19.21,19.21,0
1749124005,19.21,19.21,19.21,19.21,0
1749124010,19.21,19.21,19.21,19.21,0
1749124015,19.21,19.21,19.21,19.21,0
1749124020,19.21,19.21,19.21,19.21,0
1749124025,19.21,19.21,19.21,19.21,0
1749124030,19.21,19.21,19.21,19.21,0
1749124035,19.21,19.21,19.21,19.21,0
1749124040,19.21,19.21,19.21,19.21,0
1749124045,19.21,19.21,19.21,19.21,0
1749124050,19.21,19.21,19.21,19.21,0
1749124055,19.2,19.2,19.2,19.2,1
1749124060,19.2,19.2,19.2,19.2,0
1749124065,19.2,19.2,19.2,19.2,0
1749124070,19.2,19.2,19.2,19.2,0
1749124075,19.2,19.2,19.2,19.2,0
1749124080,19.2,19.2,19.2,19.2,0
1749124085,19.2,19.2,19.2,19.2,0
1749124090,19.2,19.2,19.2,19.2,0
1749124095,19.2,19.2,19.2,19.2,0
1749124100,19.2,19.2,19.2,19.2,0
1749124105,19.2,19.2,19.2,19.2,0
1749124110,19.2,19.2,19.2,19.2,0
1749124115,19.2,19.2,19.2,19.2,0
1749124120,19.2,19.2,19.2,19.2,0
1749124125,19.2,19.2,19.2,19.2,0
1749124130,19.2,19.2,19.2,19.2,0
1749124135,19.2,19.2,19.2,19.2,0
1749124140,19.2,19.2,19.2,19.2,0
1749124145,19.2,19.2,19.2,19.2,0
1749124150,19.2,19.2,19.2,19.2,0
1749124155,19.2,19.2,19.2,19.2,0
1749124160,19.2,19.2,19.2,19.2,0
1749124165,19.2,19.2,19.2,19.2,1
1749124170,19.2,19.2,19.2,19.2,0
1749124175,19.2,19.2,19.2,19.2,0
1749124180,19.2,19.2,19.2,19.2,0
1749124185,19.2,19.2,19.2,19.2,0
1749124190,19.2,19.2,19.2,19.2,0
1749124195,19.2,19.2,19.2,19.2,0
1749124200,19.2,19.2,19.2,19.2,0
1749124205,19.2,19.2,19.2,19.2,0
1749124210,19.2,19.2,19.2,19.2,0
1749124215,19.2,19.2,19.2,19.2,0
1749124220,19.2,19.2,19.2,19.2,1
1749124225,19.2,19.2,19.2,19.2,0
1749124230,19.2,19.2,19.2,19.2,0
1749124235,19.2,19.2,19.2,19.2,0
1749124240,19.2,19.2,19.2,19.2,0
1749124245,19.2,19.2,19.2,19.2,0
1749124250,19.2,19.2,19.2,19.2,0
1749124255,19.2,19.2,19.2,19.2,0
1749124260,19.2,19.2,19.2,19.2,0
1749124265,19.2,19.2,19.2,19.2,0
1749124270,19.2,19.2,19.2,19.2,0
1749124275,19.2,19.2,19.2,19.2,0
1749124280,19.2,19.2,19.2,19.2,0
1749124285,19.2,19.2,19.2,19.2,0
1749124290,19.2,19.2,19.2,19.2,0
1749124295,19.2,19.2,19.2,19.2,0
1749124300,19.2,19.2,19.2,19.2,0
1749124305,19.2,19.2,19.2,19.2,0
1749124310,19.2,19.2,19.2,19.2,0
1749124315,19.2,19.2,19.2,19.2,0
1749124320,19.2,19.2,19.2,19.2,0
1749124325,19.2,19.2,19.2,19.2,0
1749124330,19.2,19.2,19.2,19.2,0
1749124335,19.2,19.2,19.2,19.2,0
1749124340,19.2,19.2,19.2,19.2,0
1749124345,19.2,19.2,19.2,19.2,0
1749124350,19.2,19.2,19.2,19.2,0
1749124355,19.2,19.2,19.2,19.2,0
1749124360,19.2,19.2,19.2,19.2,0
1749124365,19.2,19.2,19.2,19.2,0
1749124370,19.2,19.2,19.2,19.2,0
1749124375,19.2,19.2,19.2,19.2,0
1749124380,19.2,19.2,19.2,19.2,0
1749124385,19.2,19.2,19.2,19.2,0
1749124390,19.2,19.2,19.2,19.2,0
1749124395,19.2,19.2,19.2,19.2,0
1749124400,19.2,19.2,19.2,19.2,0
1749124405,19.2,19.2,19.2,19.2,0
1749124410,19.2,19.2,19.2,19.2,0
1749124415,19.2,19.2,19.2,19.2,0
1749124420,19.2,19.2,19.2,19.2,0
1749124425,19.2,19.2,19.2,19.2,0
1749124430,19.2,19.2,19.2,19.2,0
1749124435,19.2,19.2,19.2,19.2,0
1749124440,19.2,19.2,19.2,19.2,0
1749124445,19.2,19.2,19.2,19.2,0
1749124450,19.2,19.2,19.2,19.2,0
1749124455,19.2,19.2,19.2,19.2,0
1749124460,19.2,19.2,19.2,19.2,0
1749124465,19.2,19.2,19.2,19.2,0
1749124470,19.2,19.2,19.2,19.2,0
1749124475,19.2,19.2,19.2,19.2,0
1749124480,19.2,19.2,19.2,19.2,0
1749124485,19.2,19.2,19.2,19.2,0
1749124490,19.2,19.2,19.2,19.2,0
1749124495,19.2,19.2,19.2,19.2,0
1749124500,19.2,19.2,19.2,19.2,0
1749124505,19.2,19.2,19.2,19.2,0
1749124510,19.2,19.2,19.2,19.2,0
1749124515,19.2,19.2,19.2,19.2,0
1749124520,19.2,19.2,19.2,19.2,0
1749124525,19.2,19.2,19.2,19.2,0
1749124530,19.2,19.2,19.2,19.2,0
1749124535,19.2,19.2,19.2,19.2,0
1749124540,19.2,19.2,19.2,19.2,0
1749124545,19.2,19.2,19.2,19.2,0
1749124550,19.2,19.2,19.2,19.2,0
1749124555,19.2,19.2,19.2,19.2,0
1749124560,19.2,19.2,19.2,19.2,0
1749124565,19.2,19.2,19.2,19.2,0
1749124570,19.2,19.2,19.2,19.2,0
1749124575,19.2,19.2,19.2,19.2,0
1749124580,19.2,19.2,19.2,19.2,0
1749124585,19.2,19.2,19.2,19.2,0
1749124590,19.2,19.2,19.2,19.2,0
1749124595,19.2,19.2,19.2,19.2,0
1749124600,19.2,19.2,19.2,19.2,0
1749124605,19.2,19.2,19.2,19.2,0
1749124610,19.2,19.2,19.2,19.2,0
1749124615,19.2,19.2,19.2,19.2,0
1749124620,19.2,19.2,19.2,19.2,0
1749124625,19.2,19.2,19.2,19.2,0
1749124630,19.2,19.2,19.2,19.2,0
1749124635,19.2,19.2,19.2,19.2,0
1749124640,19.2,19.2,19.2,19.2,0
1749124645,19.2,19.2,19.2,19.2,0
1749124650,19.2,19.2,19.2,19.2,0
1749124655,19.2,19.2,19.2,19.2,0
1749124660,19.2,19.2,19.2,19.2,0
1749124665,19.2,19.2,19.2,19.2,0
1749124670,19.2,19.2,19.2,19.2,0
1749124675,19.2,19.2,19.2,19.2,0
1749124680,19.2,19.2,19.2,19.2,0
1749124685,19.2,19.2,19.2,19.2,0
1749124690,19.2,19.2,19.2,19.2,0
1749124695,19.2,19.2,19.2,19.2,0
1749124700,19.2,19.2,19.2,19.2,0
1749124705,19.2,19.2,19.2,19.2,0
1749124710,19.2,19.2,19.2,19.2,0
1749124715,19.2,19.2,19.2,19.2,0
1749124720,19.2,19.2,19.2,19.2,0
1749124725,19.2,19.2,19.2,19.2,0
1749124730,19.2,19.2,19.2,19.2,0
1749124735,19.2,19.2,19.2,19.2,0
1749124740,19.2,19.2,19.2,19.2,0
1749124745,19.2,19.2,19.2,19.2,0
1749124750,19.2,19.2,19.2,19.2,0
1749124755,19.2,19.2,19.2,19.2,0
1749124760,19.2,19.2,19.2,19.2,0
1749124765,19.2,19.2,19.2,19.2,0
1749124770,19.2,19.2,19.2,19.2,0
1749124775,19.2,19.2,19.2,19.2,0
1749124780,19.2,19.2,19.2,19.2,0
1749124785,19.2,19.2,19.2,19.2,0
1749124790,19.2,19.2,19.2,19.2,0
1749124795,19.2,19.2,19.2,19.2,0
1749124800,19.2,19.2,19.2,19.2,0
1749124805,19.2,19.2,19.2,19.2,0
1749124810,19.2,19.2,19.2,19.2,0
1749124815,19.2,19.2,19.2,19.2,0
1749124820,19.2,19.2,19.2,19.2,0
1749124825,19.2,19.2,19.2,19.2,0
1749124830,19.2,19.2,19.2,19.2,0
1749124835,19.2,19.2,19.2,19.2,0
1749124840,19.2,19.2,19.2,19.2,0
1749124845,19.2,19.2,19.2,19.2,0
1749124850,19.2,19.2,19.2,19.2,0
1749124855,19.2,19.2,19.2,19.2,0
1749124860,19.2,19.2,19.2,19.2,0
1749124865,19.2,19.2,19.2,19.2,0
1749124870,19.2,19.2,19.2,19.2,0
1749124875,19.2,19.2,19.2,19.2,0
1749124880,19.2,19.2,19.2,19.2,0
1749124885,19.2,19.2,19.2,19.2,0
1749124890,19.2,19.2,19.2,19.2,0
1749124895,19.2,19.2,19.2,19.2,0
1749124900,19.2,19.2,19.2,19.2,0
1749124905,19.2,19.2,19.2,19.2,0
1749124910,19.2,19.2,19.2,19.2,0
1749124915,19.2,19.2,19.2,19.2,0
1749124920,19.2,19.2,19.2,19.2,0
1749124925,19.2,19.2,19.2,19.2,0
1749124930,19.2,19.2,19.2,19.2,0
1749124935,19.2,19.2,19.2,19.2,0
1749124940,19.2,19.2,19.2,19.2,0
1749124945,19.2,19.2,19.2,19.2,0
1749124950,19.2,19.2,19.2,19.2,0
1749124955,19.2,19.2,19.2,19.2,0
1749124960,19.2,19.2,19.2,19.2,0
1749124965,19.2,19.2,19.2,19.2,0
1749124970,19.2,19.2,19.2,19.2,0
1749124975,19.2,19.2,19.2,19.2,0
1749124980,19.2,19.2,19.2,19.2,0
1749124985,19.2,19.2,19.2,19.2,0
1749124990,19.2,19.2,19.2,19.2,0
1749124995,19.2,19.2,19.2,19.2,0
1749125000,19.2,19.2,19.2,19.2,0
1749125005,19.2,19.2,19.2,19.2,0
1749125010,19.2,19.2,19.2,19.2,0
1749125015,19.2,19.2,19.2,19.2,0
1749125020,19.2,19.2,19.2,19.2,0
1749125025,19.2,19.2,19.2,19.2,0
1749125030,19.2,19.2,19.2,19.2,0
1749125035,19.2,19.2,19.2,19.2,0
1749125040,19.2,19.2,19.2,19.2,0
1749125045,19.2,19.2,19.2,19.2,0
1749125050,19.2,19.2,19.2,19.2,0
1749125055,19.2,19.2,19.2,19.2,0
1749125060,19.2,19.2,19.2,19.2,0
1749125065,19.2,19.2,19.2,19.2,0
1749125070,19.2,19.2,19.2,19.2,0
1749125075,19.2,19.2,19.2,19.2,0
1749125080,19.2,19.2,19.2,19.2,0
1749125085,19.2,19.2,19.2,19.2,0
1749125090,19.2,19.2,19.2,19.2,0
1749125095,19.2,19.2,19.2,19.2,0
1749125100,19.2,19.2,19.2,19.2,0
1749125105,19.2,19.2,19.2,19.2,0
1749125110,19.2,19.2,19.2,19.2,0
1749125115,19.2,19.2,19.2,19.2,0
1749125120,19.2,19.2,19.2,19.2,0
1749125125,19.2,19.2,19.2,19.2,0
1749125130,19.2,19.2,19.2,19.2,0
1749125135,19.2,19.2,19.2,19.2,0
1749125140,19.2,19.2,19.2,19.2,0
1749125145,19.2,19.2,19.2,19.2,0
1749125150,19.2,19.2,19.2,19.2,0
1749125155,19.2,19.2,19.2,19.2,0
1749125160,19.2,19.2,19.2,19.2,0
1749125165,19.2,19.2,19.2,19.2,0
1749125170,19.2,19.2,19.2,19.2,0
1749125175,19.2,19.2,19.2,19.2,0
1749125180,19.2,19.2,19.2,19.2,0
1749125185,19.2,19.2,19.2,19.2,0
1749125190,19.2,19.2,19.2,19.2,0
1749125195,19.2,19.2,19.2,19.2,0
1749125200,19.2,19.2,19.2,19.2,0
1749125205,19.2,19.2,19.2,19.2,0
1749125210,19.2,19.2,19.2,19.2,0
1749125215,19.2,19.2,19.2,19.2,0
1749125220,19.2,19.2,19.2,19.2,0
1749125225,19.2,19.2,19.2,19.2,0
1749125230,19.2,19.2,19.2,19.2,0
1749125235,19.2,19.2,19.2,19.2,0
1749125240,19.2,19.2,19.2,19.2,0
1749125245,19.2,19.2,19.2,19.2,0
1749125250,19.2,19.2,19.2,19.2,0
1749125255,19.2,19.2,19.2,19.2,0
1749125260,19.2,19.2,19.2,19.2,0
1749125265,19.2,19.2,19.2,19.2,0
1749125270,19.2,19.2,19.2,19.2,0
1749125275,19.2,19.2,19.2,19.2,0
1749125280,19.2,19.2,19.2,19.2,0
1749125285,19.2,19.2,19.2,19.2,0
1749125290,19.2,19.2,19.2,19.2,0
1749125295,19.2,19.2,19.2,19.2,0
1749125300,19.2,19.2,19.2,19.2,0
1749125305,19.2,19.2,19.2,19.2,0
1749125310,19.2,19.2,19.2,19.2,0
1749125315,19.2,19.2,19.2,19.2,0
1749125320,19.2,19.2,19.2,19.2,0
1749125325,19.2,19.2,19.2,19.2,0
1749125330,19.2,19.2,19.2,19.2,0
1749125335,19.2,19.2,19.2,19.2,0
1749125340,19.2,19.2,19.2,19.2,0
1749125345,19.2,19.2,19.2,19.2,0
1749125350,19.2,19.2,19.2,19.2,0
1749125355,19.2,19.2,19.2,19.2,0
1749125360,19.2,19.2,19.2,19.2,0
1749125365,19.2,19.2,19.2,19.2,0
1749125370,19.2,19.2,19.2,19.2,0
1749125375,19.2,19.2,19.2,19.2,0
1749125380,19.2,19.2,19.2,19.2,0
1749125385,19.2,19.2,19.2,19.2,0
1749125390,19.2,19.2,19.2,19.2,0
1749125395,19.2,19.2,19.2,19.2,0
1749125400,19.2,19.2,19.2,19.2,0
1749125405,19.2,19.2,19.2,19.2,0
1749125410,19.2,19.2,19.2,19.2,0
1749125415,19.2,19.2,19.2,19.2,0
1749125420,19.2,19.2,19.2,19.2,0
1749125425,19.2,19.2,19.2,19.2,0
1749125430,19.2,19.2,19.2,19.2,0
1749125435,19.2,19.2,19.2,19.2,0
1749125440,19.2,19.2,19.2,19.2,0
1749125445,19.2,19.2,19.2,19.2,0
1749125450,19.2,19.2,19.2,19.2,0
1749125455,19.2,19.2,19.2,19.2,0
1749125460,19.2,19.2,19.2,19.2,0
1749125465,19.2,19.2,19.2,19.2,0
1749125470,19.2,19.2,19.2,19.2,0
1749125475,19.2,19.2,19.2,19.2,0
1749125480,19.2,19.2,19.2,19.2,0
1749125485,19.2,19.2,19.2,19.2,0
1749125490,19.2,19.2,19.2,19.2,0
1749125495,19.2,19.2,19.2,19.2,0
1749125500,19.2,19.2,19.2,19.2,0
1749125505,19.2,19.2,19.2,19.2,0
1749125510,19.2,19.2,19.2,19.2,0
1749125515,19.2,19.2,19.2,19.2,0
1749125520,19.2,19.2,19.2,19.2,0
1749125525,19.2,19.2,19.2,19.2,0
1749125530,19.2,19.2,19.2,19.2,0
1749125535,19.2,19.2,19.2,19.2,0
1749125540,19.2,19.2,19.2,19.2,0
1749125545,19.2,19.2,19.2,19.2,0
1749125550,19.2,19.2,19.2,19.2,0
1749125555,19.2,19.2,19.2,19.2,0
1749125560,19.2,19.2,19.2,19.2,0
1749125565,19.2,19.2,19.2,19.2,0
1749125570,19.2,19.2,19.2,19.2,0
1749125575,19.2,19.2,19.2,19.2,0
1749125580,19.2,19.2,19.2,19.2,0
1749125585,19.2,19.2,19.2,19.2,0
1749125590,19.2,19.2,19.2,19.2,0
1749125595,19.2,19.2,19.2,19.2,0
1749125600,19.2,19.2,19.2,19.2,0
1749125605,19.2,19.2,19.2,19.2,0
1749125610,19.2,19.2,19.2,19.2,0
1749125615,19.2,19.2,19.2,19.2,0
1749125620,19.2,19.2,19.2,19.2,0
1749125625,19.2,19.2,19.2,19.2,0
1749125630,19.2,19.2,19.2,19.2,0
1749125635,19.12,19.19,19.12,19.19,2
1749125640,19.19,19.19,19.19,19.19,0
1749125645,19.19,19.19,19.19,19.19,0
1749125650,19.19,19.19,19.19,19.19,0
1749125655,19.19,19.19,19.19,19.19,0
1749125660,19.19,19.19,19.19,19.19,0
1749125665,19.19,19.19,19.19,19.19,0
1749125670,19.19,19.19,19.19,19.19,0
1749125675,19.19,19.19,19.19,19.19,0
1749125680,19.19,19.19,19.19,19.19,0
1749125685,19.19,19.19,19.19,19.19,0
1749125690,19.12,19.12,19.12,19.12,1
1749125695,19.12,19.12,19.12,19.12,0
1749125700,19.12,19.12,19.12,19.12,0
1749125705,19.12,19.12,19.12,19.12,0
1749125710,19.12,19.12,19.12,19.12,0
1749125715,19.12,19.12,19.12,19.12,0
1749125720,19.12,19.12,19.12,19.12,0
1749125725,19.12,19.12,19.12,19.12,0
1749125730,19.12,19.12,19.12,19.12,0
1749125735,19.12,19.12,19.12,19.12,0
1749125740,19.12,19.12,19.12,19.12,0
1749125745,19.12,19.12,19.12,19.12,0
1749125750,19.12,19.12,19.12,19.12,0
1749125755,19.12,19.12,19.12,19.12,0
1749125760,19.12,19.12,19.12,19.12,0
1749125765,19.12,19.12,19.12,19.12,0
1749125770,19.12,19.12,19.12,19.12,0
1749125775,19.12,19.12,19.12,19.12,0
1749125780,19.12,19.12,19.12,19.12,0
1749125785,19.12,19.12,19.12,19.12,0
1749125790,19.12,19.12,19.12,19.12,0
1749125795,19.12,19.12,19.12,19.12,0
1749125800,19.12,19.12,19.12,19.12,0
1749125805,19.12,19.12,19.12,19.12,0
1749125810,19.12,19.12,19.12,19.12,0
1749125815,19.12,19.12,19.12,19.12,0
1749125820,19.12,19.12,19.12,19.12,0
1749125825,19.12,19.12,19.12,19.12,0
1749125830,19.12,19.12,19.12,19.12,0
1749125835,19.12,19.12,19.12,19.12,0
1749125840,19.12,19.12,19.12,19.12,0
1749125845,19.12,19.12,19.12,19.12,0
1749125850,19.12,19.12,19.12,19.12,0
1749125855,19.12,19.12,19.12,19.12,0
1749125860,19.12,19.12,19.12,19.12,0
1749125865,19.12,19.12,19.12,19.12,0
1749125870,19.12,19.12,19.12,19.12,0
1749125875,19.12,19.12,19.12,19.12,0
1749125880,19.12,19.12,19.12,19.12,0
1749125885,19.12,19.12,19.12,19.12,0
1749125890,19.12,19.12,19.12,19.12,0
1749125895,19.12,19.12,19.12,19.12,0
1749125900,19.12,19.12,19.12,19.12,0
1749125905,19.12,19.12,19.12,19.12,0
1749125910,19.12,19.12,19.12,19.12,0
1749125915,19.12,19.12,19.12,19.12,0
1749125920,19.12,19.12,19.12,19.12,0
1749125925,19.12,19.12,19.12,19.12,0
1749125930,19.12,19.12,19.12,19.12,0
1749125935,19.12,19.12,19.12,19.12,0
1749125940,19.12,19.12,19.12,19.12,0
1749125945,19.12,19.12,19.12,19.12,0
1749125950,19.12,19.12,19.12,19.12,0
1749125955,19.12,19.12,19.12,19.12,0
1749125960,19.12,19.12,19.12,19.12,2
1749125965,19.12,19.12,19.12,19.12,0
1749125970,19.12,19.12,19.12,19.12,0
1749125975,19.12,19.12,19.12,19.12,0
1749125980,19.12,19.12,19.12,19.12,0
1749125985,19.12,19.12,19.12,19.12,0
1749125990,19.12,19.12,19.12,19.12,0
1749125995,19.12,19.12,19.12,19.12,0
1749126000,19.12,19.12,19.12,19.12,0
1749126005,19.12,19.12,19.12,19.12,0
1749126010,19.12,19.12,19.12,19.12,0
1749126015,19.12,19.12,19.12,19.12,0
1749126020,19.12,19.12,19.12,19.12,0
1749126025,19.12,19.12,19.12,19.12,0
1749126030,19.12,19.12,19.12,19.12,0
1749126035,19.12,19.12,19.12,19.12,0
1749126040,19.12,19.12,19.12,19.12,0
1749126045,19.12,19.12,19.12,19.12,0
1749126050,19.12,19.12,19.12,19.12,0
1749126055,19.12,19.12,19.12,19.12,0
1749126060,19.12,19.12,19.12,19.12,0
1749126065,19.12,19.12,19.12,19.12,0
1749126070,19.12,19.12,19.12,19.12,0
1749126075,19.12,19.12,19.12,19.12,0
1749126080,19.12,19.12,19.12,19.12,0
1749126085,19.12,19.12,19.12,19.12,0
1749126090,19.12,19.12,19.12,19.12,0
1749126095,19.12,19.12,19.12,19.12,0
1749126100,19.12,19.12,19.12,19.12,0
1749126105,19.12,19.12,19.12,19.12,0
1749126110,19.12,19.12,19.12,19.12,0
1749126115,19.12,19.12,19.12,19.12,0
1749126120,19.12,19.12,19.12,19.12,0
1749126125,19.12,19.12,19.12,19.12,0
1749126130,19.12,19.12,19.12,19.12,0
1749126135,19.12,19.12,19.12,19.12,0
1749126140,19.12,19.12,19.12,19.12,0
1749126145,19.12,19.12,19.12,19.12,0
1749126150,19.12,19.12,19.12,19.12,0
1749126155,19.12,19.12,19.12,19.12,0
1749126160,19.12,19.12,19.12,19.12,0
1749126165,19.12,19.12,19.12,19.12,0
1749126170,19.12,19.12,19.12,19.12,0
1749126175,19.12,19.12,19.12,19.12,0
1749126180,19.12,19.12,19.12,19.12,0
1749126185,19.12,19.12,19.12,19.12,0
1749126190,19.12,19.12,19.12,19.12,0
1749126195,19.12,19.12,19.12,19.12,0
1749126200,19.12,19.12,19.12,19.12,0
1749126205,19.12,19.12,19.12,19.12,0
1749126210,19.12,19.12,19.12,19.12,0
1749126215,19.12,19.12,19.12,19.12,0
1749126220,19.12,19.12,19.12,19.12,0
1749126225,19.12,19.12,19.12,19.12,0
1749126230,19.12,19.12,19.12,19.12,0
1749126235,19.12,19.12,19.12,19.12,0
1749126240,19.12,19.12,19.12,19.12,0
1749126245,19.12,19.12,19.12,19.12,0
1749126250,19.12,19.12,19.12,19.12,0
1749126255,19.12,19.12,19.12,19.12,0
1749126260,19.12,19.12,19.12,19.12,0
1749126265,19.12,19.12,19.12,19.12,0
1749126270,19.12,19.12,19.12,19.12,0
1749126275,19.12,19.12,19.12,19.12,0
1749126280,19.12,19.12,19.12,19.12,0
1749126285,19.12,19.12,19.12,19.12,0
1749126290,19.12,19.12,19.12,19.12,0
1749126295,19.12,19.12,19.12,19.12,0
1749126300,19.12,19.12,19.12,19.12,0
1749126305,19.12,19.12,19.12,19.12,0
1749126310,19.12,19.12,19.12,19.12,0
1749126315,19.12,19.12,19.12,19.12,0
1749126320,19.12,19.12,19.12,19.12,0
1749126325,19.12,19.12,19.12,19.12,0
1749126330,19.12,19.12,19.12,19.12,0
1749126335,19.12,19.12,19.12,19.12,0
1749126340,19.12,19.12,19.12,19.12,0
1749126345,19.12,19.12,19.12,19.12,0
1749126350,19.12,19.12,19.12,19.12,0
1749126355,19.12,19.12,19.12,19.12,0
1749126360,19.12,19.12,19.12,19.12,0
1749126365,19.12,19.12,19.12,19.12,0
1749126370,19.12,19.12,19.12,19.12,0
1749126375,19.12,19.12,19.12,19.12,0
1749126380,19.12,19.12,19.12,19.12,0
1749126385,19.12,19.12,19.12,19.12,0
1749126390,19.12,19.12,19.12,19.12,0
1749126395,19.12,19.12,19.12,19.12,0
1749126400,19.12,19.12,19.12,19.12,0
1749126405,19.12,19.12,19.12,19.12,0
1749126410,19.12,19.12,19.12,19.12,0
1749126415,19.12,19.12,19.12,19.12,0
1749126420,19.12,19.12,19.12,19.12,0
1749126425,19.12,19.12,19.12,19.12,0
1749126430,19.12,19.12,19.12,19.12,0
1749126435,19.12,19.12,19.12,19.12,0
1749126440,19.12,19.12,19.12,19.12,0
1749126445,19.12,19.12,19.12,19.12,0
1749126450,19.12,19.12,19.12,19.12,0
1749126455,19.12,19.12,19.12,19.12,0
1749126460,19.12,19.12,19.12,19.12,0
1749126465,19.12,19.12,19.12,19.12,0
1749126470,19.12,19.12,19.12,19.12,0
1749126475,19.12,19.12,19.12,19.12,0
1749126480,19.12,19.12,19.12,19.12,0
1749126485,19.12,19.12,19.12,19.12,0
1749126490,19.12,19.12,19.12,19.12,0
1749126495,19.12,19.12,19.12,19.12,0
1749126500,19.12,19.12,19.12,19.12,0
1749126505,19.12,19.12,19.12,19.12,0
1749126510,19.12,19.12,19.12,19.12,0
1749126515,19.12,19.12,19.12,19.12,0
1749126520,19.12,19.12,19.12,19.12,0
1749126525,19.12,19.12,19.12,19.12,0
1749126530,19.12,19.12,19.12,19.12,0
1749126535,19.12,19.12,19.12,19.12,0
1749126540,19.12,19.12,19.12,19.12,0
1749126545,19.12,19.12,19.12,19.12,0
1749126550,19.12,19.12,19.12,19.12,0
1749126555,19.12,19.12,19.12,19.12,0
1749126560,19.12,19.12,19.12,19.12,0
1749126565,19.12,19.12,19.12,19.12,0
1749126570,19.12,19.12,19.12,19.12,0
1749126575,19.12,19.12,19.12,19.12,0
1749126580,19.12,19.12,19.12,19.12,0
1749126585,19.12,19.12,19.12,19.12,0
1749126590,19.12,19.12,19.12,19.12,0
1749126595,19.12,19.12,19.12,19.12,0
1749126600,19.12,19.12,19.12,19.12,0
1749126605,19.12,19.12,19.12,19.12,0
1749126610,19.12,19.12,19.12,19.12,0
1749126615,19.21,19.21,19.21,19.21,1
1749126620,19.21,19.21,19.21,19.21,0
1749126625,19.21,19.21,19.21,19.21,0
1749126630,19.21,19.21,19.21,19.21,0
1749126635,19.21,19.21,19.21,19.21,0
1749126640,19.21,19.21,19.21,19.21,0
1749126645,19.21,19.21,19.21,19.21,0
1749126650,19.21,19.21,19.21,19.21,0
1749126655,19.21,19.21,19.21,19.21,0
1749126660,19.21,19.21,19.21,19.21,0
1749126665,19.21,19.21,19.21,19.21,0
1749126670,19.21,19.21,19.21,19.21,0
1749126675,19.21,19.21,19.21,19.21,0
1749126680,19.21,19.21,19.21,19.21,0
1749126685,19.21,19.21,19.21,19.21,0
1749126690,19.21,19.21,19.21,19.21,0
1749126695,19.21,19.21,19.21,19.21,0
1749126700,19.22,19.22,19.22,19.22,3
1749126705,19.22,19.22,19.22,19.22,0
1749126710,19.22,19.22,19.22,19.22,0
1749126715,19.22,19.22,19.22,19.22,0
1749126720,19.22,19.22,19.22,19.22,0
1749126725,19.22,19.22,19.22,19.22,0
1749126730,19.15,19.15,19.15,19.15,1
1749126735,19.19,19.19,19.19,19.19,5
1749126740,19.19,19.19,19.19,19.19,0
1749126745,19.19,19.19,19.19,19.19,2
1749126750,19.19,19.19,19.19,19.19,0
1749126755,19.19,19.19,19.19,19.19,0
1749126760,19.19,19.19,19.19,19.19,0
1749126765,19.19,19.19,19.19,19.19,0
1749126770,19.19,19.19,19.19,19.19,0
1749126775,19.19,19.19,19.19,19.19,0
1749126780,19.19,19.19,19.19,19.19,0
1749126785,19.19,19.19,19.19,19.19,0
1749126790,19.19,19.19,19.19,19.19,0
1749126795,19.19,19.19,19.19,19.19,0
1749126800,19.19,19.19,19.19,19.19,0
1749126805,19.19,19.19,19.19,19.19,0
1749126810,19.19,19.19,19.19,19.19,0
1749126815,19.19,19.19,19.19,19.19,0
1749126820,19.19,19.19,19.19,19.19,0
1749126825,19.19,19.19,19.19,19.19,0
1749126830,19.19,19.19,19.19,19.19,0
1749126835,19.19,19.19,19.19,19.19,0
1749126840,19.19,19.19,19.19,19.19,0
1749126845,19.19,19.19,19.19,19.19,0
1749126850,19.19,19.19,19.19,19.19,0
1749126855,19.19,19.19,19.19,19.19,0
1749126860,19.19,19.19,19.19,19.19,0
1749126865,19.19,19.19,19.19,19.19,0
1749126870,19.19,19.19,19.19,19.19,0
1749126875,19.19,19.19,19.19,19.19,0
1749126880,19.19,19.19,19.19,19.19,0
1749126885,19.19,19.19,19.19,19.19,0
1749126890,19.16,19.16,19.16,19.16,2
1749126895,19.16,19.16,19.16,19.16,0
1749126900,19.16,19.16,19.16,19.16,0
1749126905,19.16,19.16,19.16,19.16,0
1749126910,19.16,19.16,19.16,19.16,0
1749126915,19.16,19.16,19.16,19.16,0
1749126920,19.16,19.16,19.16,19.16,0
1749126925,19.16,19.16,19.16,19.16,0
1749126930,19.16,19.16,19.16,19.16,0
1749126935,19.16,19.16,19.16,19.16,0
1749126940,19.16,19.16,19.16,19.16,0
1749126945,19.16,19.16,19.16,19.16,0
1749126950,19.16,19.16,19.16,19.16,0
1749126955,19.16,19.16,19.16,19.16,0
1749126960,19.16,19.16,19.16,19.16,0
1749126965,19.16,19.16,19.16,19.16,0
1749126970,19.16,19.16,19.16,19.16,0
1749126975,19.16,19.16,19.16,19.16,0
1749126980,19.16,19.16,19.16,19.16,0
1749126985,19.16,19.16,19.16,19.16,0
1749126990,19.16,19.16,19.16,19.16,0
1749126995,19.16,19.16,19.16,19.16,0
1749127000,19.16,19.16,19.16,19.16,0
1749127005,19.16,19.16,19.16,19.16,0
1749127010,19.16,19.16,19.16,19.16,0
1749127015,19.16,19.16,19.16,19.16,0
1749127020,19.16,19.16,19.16,19.16,0
1749127025,19.16,19.16,19.16,19.16,0
1749127030,19.16,19.16,19.16,19.16,0
1749127035,19.16,19.16,19.16,19.16,0
1749127040,19.16,19.16,19.16,19.16,0
1749127045,19.16,19.16,19.16,19.16,0
1749127050,19.16,19.16,19.16,19.16,0
1749127055,19.16,19.16,19.16,19.16,0
1749127060,19.16,19.16,19.16,19.16,0
1749127065,19.16,19.16,19.16,19.16,0
1749127070,19.16,19.16,19.16,19.16,0
1749127075,19.16,19.16,19.16,19.16,0
1749127080,19.16,19.16,19.16,19.16,0
1749127085,19.16,19.16,19.16,19.16,0
1749127090,19.16,19.16,19.16,19.16,0
1749127095,19.16,19.16,19.16,19.16,0
1749127100,19.16,19.16,19.16,19.16,0
1749127105,19.16,19.16,19.16,19.16,0
1749127110,19.16,19.16,19.16,19.16,0
1749127115,19.16,19.16,19.16,19.16,0
1749127120,19.16,19.16,19.16,19.16,0
1749127125,19.16,19.16,19.16,19.16,0
1749127130,19.16,19.16,19.16,19.16,0
1749127135,19.16,19.16,19.16,19.16,0
1749127140,19.16,19.16,19.16,19.16,0
1749127145,19.16,19.16,19.16,19.16,0
1749127150,19.16,19.16,19.16,19.16,0
1749127155,19.16,19.16,19.16,19.16,0
1749127160,19.16,19.16,19.16,19.16,0
1749127165,19.16,19.16,19.16,19.16,0
1749127170,19.16,19.16,19.16,19.16,0
1749127175,19.16,19.16,19.16,19.16,0
1749127180,19.16,19.16,19.16,19.16,0
1749127185,19.16,19.16,19.16,19.16,0
1749127190,19.16,19.16,19.16,19.16,0
1749127195,19.16,19.16,19.16,19.16,0
1749127200,19.16,19.16,19.16,19.16,0
1749127205,19.16,19.16,19.16,19.16,0
1749127210,19.16,19.16,19.16,19.16,0
1749127215,19.16,19.16,19.16,19.16,0
1749127220,19.16,19.16,19.16,19.16,0
1749127225,19.16,19.16,19.16,19.16,0
1749127230,19.16,19.16,19.16,19.16,0
1749127235,19.16,19.16,19.16,19.16,0
1749127240,19.16,19.16,19.16,19.16,0
1749127245,19.16,19.16,19.16,19.16,0
1749127250,19.16,19.16,19.16,19.16,0
1749127255,19.16,19.16,19.16,19.16,0
1749127260,19.16,19.16,19.16,19.16,0
1749127265,19.16,19.16,19.16,19.16,0
1749127270,19.16,19.16,19.16,19.16,0
1749127275,19.16,19.16,19.16,19.16,0
1749127280,19.16,19.16,19.16,19.16,0
1749127285,19.16,19.16,19.16,19.16,0
1749127290,19.16,19.16,19.16,19.16,0
1749127295,19.16,19.16,19.16,19.16,0
1749127300,19.16,19.16,19.16,19.16,0
1749127305,19.16,19.16,19.16,19.16,0
1749127310,19.16,19.16,19.16,19.16,0
1749127315,19.16,19.16,19.16,19.16,0
1749127320,19.16,19.16,19.16,19.16,0
1749127325,19.16,19.16,19.16,19.16,0
1749127330,19.16,19.16,19.16,19.16,0
1749127335,19.16,19.16,19.16,19.16,0
1749127340,19.16,19.16,19.16,19.16,0
1749127345,19.16,19.16,19.16,19.16,0
1749127350,19.16,19.16,19.16,19.16,0
1749127355,19.16,19.16,19.16,19.16,0
1749127360,19.16,19.16,19.16,19.16,0
1749127365,19.16,19.16,19.16,19.16,0
1749127370,19.16,19.16,19.16,19.16,0
1749127375,19.16,19.16,19.16,19.16,0
1749127380,19.16,19.16,19.16,19.16,0
1749127385,19.16,19.16,19.16,19.16,0
1749127390,19.16,19.16,19.16,19.16,0
1749127395,19.16,19.16,19.16,19.16,0
1749127400,19.16,19.16,19.16,19.16,0
1749127405,19.2,19.2,19.2,19.2,1
1749127410,19.2,19.2,19.2,19.2,0
1749127415,19.2,19.2,19.2,19.2,0
1749127420,19.2,19.2,19.2,19.2,0
1749127425,19.2,19.2,19.2,19.2,0
1749127430,19.2,19.2,19.2,19.2,0
1749127435,19.2,19.2,19.2,19.2,0
1749127440,19.2,19.2,19.2,19.2,0
1749127445,19.2,19.2,19.2,19.2,0
1749127450,19.2,19.2,19.2,19.2,0
1749127455,19.2,19.2,19.2,19.2,0
1749127460,19.2,19.2,19.2,19.2,0
1749127465,19.2,19.2,19.2,19.2,0
1749127470,19.2,19.2,19.2,19.2,0
1749127475,19.2,19.2,19.2,19.2,0
1749127480,19.2,19.2,19.2,19.2,0
1749127485,19.2,19.2,19.2,19.2,0
1749127490,19.2,19.2,19.2,19.2,0
1749127495,19.2,19.2,19.2,19.2,0
1749127500,19.2,19.2,19.2,19.2,0
1749127505,19.2,19.2,19.2,19.2,0
1749127510,19.2,19.2,19.2,19.2,0
1749127515,19.2,19.2,19.2,19.2,0
1749127520,19.2,19.2,19.2,19.2,0
1749127525,19.2,19.2,19.2,19.2,0
1749127530,19.2,19.2,19.2,19.2,0
1749127535,19.2,19.2,19.2,19.2,0
1749127540,19.2,19.2,19.2,19.2,0
1749127545,19.2,19.2,19.2,19.2,0
1749127550,19.2,19.2,19.2,19.2,0
1749127555,19.2,19.2,19.2,19.2,0
1749127560,19.2,19.2,19.2,19.2,0
1749127565,19.2,19.2,19.2,19.2,0
1749127570,19.2,19.2,19.2,19.2,0
1749127575,19.2,19.2,19.2,19.2,0
1749127580,19.2,19.2,19.2,19.2,0
1749127585,19.2,19.2,19.2,19.2,0
1749127590,19.2,19.2,19.2,19.2,0
1749127595,19.2,19.2,19.2,19.2,0
1749127600,19.2,19.2,19.2,19.2,0
1749127605,19.2,19.2,19.2,19.2,0
1749127610,19.2,19.2,19.2,19.2,1
1749127615,19.2,19.2,19.2,19.2,0
1749127620,19.2,19.2,19.2,19.2,0
1749127625,19.2,19.2,19.2,19.2,0
1749127630,19.2,19.2,19.2,19.2,0
1749127635,19.2,19.2,19.2,19.2,0
1749127640,19.2,19.2,19.2,19.2,1
1749127645,19.2,19.2,19.2,19.2,0
1749127650,19.2,19.2,19.2,19.2,0
1749127655,19.2,19.2,19.2,19.2,0
1749127660,19.2,19.2,19.2,19.2,0
1749127665,19.2,19.2,19.2,19.2,0
1749127670,19.2,19.2,19.2,19.2,0
1749127675,19.2,19.2,19.2,19.2,0
1749127680,19.2,19.2,19.2,19.2,0
1749127685,19.2,19.2,19.2,19.2,0
1749127690,19.2,19.2,19.2,19.2,0
1749127695,19.2,19.2,19.2,19.2,0
1749127700,19.2,19.2,19.2,19.2,0
1749127705,19.2,19.2,19.2,19.2,0
1749127710,19.2,19.2,19.2,19.2,0
1749127715,19.2,19.2,19.2,19.2,0
1749127720,19.2,19.2,19.2,19.2,0
1749127725,19.2,19.2,19.2,19.2,0
1749127730,19.2,19.2,19.2,19.2,0
1749127735,19.2,19.2,19.2,19.2,0
1749127740,19.2,19.2,19.2,19.2,0
1749127745,19.2,19.2,19.2,19.2,0
1749127750,19.2,19.2,19.2,19.2,0
1749127755,19.11,19.14,19.06,19.06,35
1749127760,19.05,19.05,18.96,18.96,49
1749127765,18.95,18.95,18.75,18.92,89
1749127770,18.92,18.92,18.92,18.92,0
1749127775,18.92,18.92,18.92,18.92,0
1749127780,18.92,18.92,18.92,18.92,0
1749127785,18.92,18.92,18.92,18.92,0
1749127790,18.92,18.92,18.92,18.92,0
1749127795,18.95,18.95,18.95,18.95,1
1749127800,18.95,18.95,18.95,18.95,0
1749127805,18.95,18.95,18.95,18.95,0
1749127810,18.98,18.98,18.98,18.98,1
1749127815,18.98,18.98,18.98,18.98,0
1749127820,18.93,18.93,18.93,18.93,3
1749127825,18.93,18.93,18.93,18.93,0
1749127830,18.93,18.93,18.93,18.93,0
1749127835,18.93,18.93,18.93,18.93,0
1749127840,19.0,19.0,19.0,19.0,3
1749127845,19.0,19.0,19.0,19.0,0
1749127850,19.0,19.0,19.0,19.0,2
1749127855,19.0,19.0,19.0,19.0,0
1749127860,19.0,19.0,19.0,19.0,0
1749127865,19.0,19.0,19.0,19.0,0
1749127870,19.0,19.0,19.0,19.0,0
1749127875,19.0,19.0,19.0,19.0,0
1749127880,19.0,19.0,19.0,19.0,0
1749127885,19.0,19.0,19.0,19.0,0
1749127890,19.0,19.0,19.0,19.0,0
1749127895,19.0,19.0,19.0,19.0,1
1749127900,19.0,19.0,19.0,19.0,0
1749127905,19.0,19.0,19.0,19.0,0
1749127910,19.0,19.0,19.0,19.0,0
1749127915,19.0,19.0,19.0,19.0,0
1749127920,19.0,19.0,19.0,19.0,0
1749127925,19.0,19.0,19.0,19.0,0
1749127930,19.0,19.0,19.0,19.0,0
1749127935,19.0,19.0,19.0,19.0,0
1749127940,19.0,19.0,19.0,19.0,0
1749127945,19.0,19.0,19.0,19.0,0
1749127950,19.0,19.0,19.0,19.0,0
1749127955,19.0,19.0,19.0,19.0,0
1749127960,19.0,19.0,19.0,19.0,0
1749127965,19.0,19.0,19.0,19.0,0
1749127970,19.0,19.0,19.0,19.0,0
1749127975,19.0,19.0,19.0,19.0,0
1749127980,19.0,19.0,19.0,19.0,0
1749127985,19.0,19.0,19.0,19.0,0
1749127990,19.0,19.0,19.0,19.0,0
1749127995,19.0,19.0,19.0,19.0,0
1749128000,19.0,19.0,19.0,19.0,0
1749128005,19.0,19.0,19.0,19.0,0
1749128010,19.0,19.0,19.0,19.0,0
1749128015,19.0,19.0,19.0,19.0,0
1749128020,19.0,19.0,19.0,19.0,0
1749128025,19.0,19.0,19.0,19.0,0
1749128030,19.0,19.0,19.0,19.0,0
1749128035,19.0,19.0,19.0,19.0,0
1749128040,19.0,19.0,19.0,19.0,0
1749128045,19.0,19.0,19.0,19.0,0
1749128050,19.0,19.0,19.0,19.0,0
1749128055,19.0,19.0,19.0,19.0,0
1749128060,19.0,19.0,19.0,19.0,0
1749128065,18.99,18.99,18.99,18.99,50
1749128070,18.99,18.99,18.99,18.99,0
1749128075,18.99,18.99,18.99,18.99,0
1749128080,18.99,18.99,18.99,18.99,0
1749128085,18.95,18.95,18.95,18.95,4
1749128090,18.95,18.95,18.95,18.95,0
1749128095,18.95,18.95,18.95,18.95,0
1749128100,18.95,18.95,18.95,18.95,0
1749128105,18.95,18.95,18.95,18.95,0
1749128110,18.95,18.95,18.95,18.95,0
1749128115,18.95,18.95,18.95,18.95,0
1749128120,18.95,18.95,18.95,18.95,0
1749128125,18.95,18.95,18.95,18.95,0
1749128130,18.95,18.95,18.95,18.95,0
1749128135,18.95,18.95,18.95,18.95,0
1749128140,18.95,18.95,18.95,18.95,0
1749128145,18.95,18.95,18.95,18.95,0
1749128150,18.95,18.95,18.95,18.95,0
1749128155,18.95,18.95,18.95,18.95,0
1749128160,18.95,18.95,18.95,18.95,0
1749128165,18.95,18.95,18.95,18.95,0
1749128170,18.95,18.95,18.95,18.95,0
1749128175,18.95,18.95,18.95,18.95,0
1749128180,18.95,18.95,18.95,18.95,0
1749128185,18.95,18.95,18.95,18.95,0
1749128190,18.95,18.95,18.95,18.95,0
1749128195,18.95,18.95,18.95,18.95,0
1749128200,18.95,18.95,18.95,18.95,2
1749128205,18.95,18.95,18.95,18.95,0
1749128210,18.95,18.95,18.95,18.95,0
1749128215,18.95,18.95,18.95,18.95,0
1749128220,18.95,18.95,18.95,18.95,0
1749128225,18.95,18.95,18.95,18.95,0
1749128230,18.95,18.95,18.95,18.95,0
1749128235,18.95,18.95,18.95,18.95,0
1749128240,18.95,18.95,18.95,18.95,0
1749128245,18.95,18.95,18.95,18.95,0
1749128250,18.95,18.95,18.95,18.95,0
1749128255,18.95,18.95,18.95,18.95,0
1749128260,18.95,18.95,18.95,18.95,0
1749128265,18.95,18.95,18.95,18.95,0
1749128270,18.95,18.95,18.95,18.95,0
1749128275,18.95,18.95,18.95,18.95,0
1749128280,18.95,18.95,18.95,18.95,0
1749128285,18.95,18.95,18.95,18.95,0
1749128290,18.95,18.95,18.95,18.95,0
1749128295,18.95,18.95,18.95,18.95,0
1749128300,18.95,18.95,18.95,18.95,0
1749128305,18.95,18.95,18.95,18.95,0
1749128310,18.95,18.95,18.95,18.95,0
1749128315,18.95,18.95,18.95,18.95,0
1749128320,18.95,18.95,18.95,18.95,0
1749128325,18.95,18.95,18.95,18.95,0
1749128330,18.95,18.95,18.95,18.95,0
1749128335,18.95,18.95,18.95,18.95,0
1749128340,18.95,18.95,18.95,18.95,0
1749128345,18.95,18.95,18.95,18.95,0
1749128350,18.95,18.95,18.95,18.95,0
1749128355,18.95,18.95,18.95,18.95,0
1749128360,18.95,18.95,18.95,18.95,0
1749128365,18.95,18.95,18.95,18.95,0
1749128370,18.95,18.95,18.95,18.95,0
1749128375,18.95,18.95,18.95,18.95,0
1749128380,18.95,18.95,18.95,18.95,0
1749128385,19.04,19.04,19.04,19.04,3
1749128390,19.04,19.04,19.04,19.04,0
1749128395,19.04,19.04,19.04,19.04,0
1749128400,19.04,19.04,19.04,19.04,0
1749128405,19.04,19.04,19.04,19.04,0
1749128410,19.02,19.02,19.02,19.02,1
1749128415,19.02,19.02,19.02,19.02,0
1749128420,19.02,19.02,19.02,19.02,0
1749128425,19.02,19.02,19.02,19.02,0
1749128430,19.02,19.02,19.02,19.02,0
1749128435,19.02,19.02,19.02,19.02,0
1749128440,19.02,19.02,19.02,19.02,0
1749128445,19.02,19.02,19.02,19.02,0
1749128450,19.02,19.02,19.02,19.02,0
1749128455,19.02,19.02,19.02,19.02,0
1749128460,19.02,19.02,19.02,19.02,0
1749128465,19.02,19.02,19.02,19.02,0
1749128470,19.02,19.02,19.02,19.02,0
1749128475,19.02,19.02,19.02,19.02,0
1749128480,19.02,19.02,19.02,19.02,0
1749128485,19.02,19.02,19.02,19.02,0
1749128490,19.02,19.02,19.02,19.02,0
1749128495,19.02,19.02,19.02,19.02,0
1749128500,19.02,19.02,19.02,19.02,0
1749128505,19.02,19.02,19.02,19.02,0
1749128510,19.02,19.02,19.02,19.02,0
1749128515,19.02,19.02,19.02,19.02,0
1749128520,19.02,19.02,19.02,19.02,0
1749128525,19.02,19.02,19.02,19.02,0
1749128530,19.02,19.02,19.02,19.02,0
1749128535,19.02,19.02,19.02,19.02,0
1749128540,19.02,19.02,19.02,19.02,0
1749128545,19.02,19.02,19.02,19.02,0
1749128550,19.02,19.02,19.02,19.02,0
1749128555,19.02,19.02,19.02,19.02,0
1749128560,19.02,19.02,19.02,19.02,0
1749128565,19.02,19.02,19.02,19.02,0
1749128570,19.02,19.02,19.02,19.02,0
1749128575,19.02,19.02,19.02,19.02,0
1749128580,19.02,19.02,19.02,19.02,0
1749128585,19.02,19.02,19.02,19.02,0
1749128590,19.02,19.02,19.02,19.02,0
1749128595,19.02,19.02,19.02,19.02,0
1749128600,19.02,19.02,19.02,19.02,0
1749128605,19.02,19.02,19.02,19.02,0
1749128610,19.02,19.02,19.02,19.02,0
1749128615,19.02,19.02,19.02,19.02,0
1749128620,19.02,19.02,19.02,19.02,0
1749128625,19.02,19.02,19.02,19.02,0
1749128630,19.02,19.02,19.02,19.02,0
1749128635,19.02,19.02,19.02,19.02,0
1749128640,19.02,19.02,19.02,19.02,0
1749128645,19.02,19.02,19.02,19.02,0
1749128650,19.02,19.02,19.02,19.02,0
1749128655,19.02,19.02,19.02,19.02,0
1749128660,19.02,19.02,19.02,19.02,0
1749128665,19.02,19.02,19.02,19.02,0
1749128670,19.02,19.02,19.02,19.02,0
1749128675,19.02,19.02,19.02,19.02,0
1749128680,19.02,19.02,19.02,19.02,0
1749128685,19.02,19.02,19.02,19.02,0
1749128690,19.02,19.02,19.02,19.02,0
1749128695,19.02,19.02,19.02,19.02,0
1749128700,19.02,19.02,19.02,19.02,0
1749128705,19.02,19.02,19.02,19.02,0
1749128710,19.02,19.02,19.02,19.02,0
1749128715,19.02,19.02,19.02,19.02,0
1749128720,19.02,19.02,19.02,19.02,0
1749128725,19.02,19.02,19.02,19.02,0
1749128730,19.02,19.02,19.02,19.02,0
1749128735,19.02,19.02,19.02,19.02,0
1749128740,19.02,19.02,19.02,19.02,0
1749128745,19.02,19.02,19.02,19.02,0
1749128750,19.02,19.02,19.02,19.02,0
1749128755,19.02,19.02,19.02,19.02,0
1749128760,18.99,18.99,18.99,18.99,1
1749128765,18.99,18.99,18.99,18.99,0
1749128770,18.99,18.99,18.99,18.99,0
1749128775,18.99,18.99,18.99,18.99,0
1749128780,18.99,18.99,18.99,18.99,0
1749128785,18.99,18.99,18.99,18.99,0
1749128790,18.99,18.99,18.99,18.99,0
1749128795,18.99,18.99,18.99,18.99,0
1749128800,18.99,18.99,18.99,18.99,0
1749128805,18.99,18.99,18.99,18.99,0
1749128810,18.99,18.99,18.99,18.99,0
1749128815,18.99,18.99,18.99,18.99,0
1749128820,18.99,18.99,18.99,18.99,0
1749128825,18.99,18.99,18.99,18.99,0
1749128830,18.99,18.99,18.99,18.99,0
1749128835,18.99,18.99,18.99,18.99,0
1749128840,18.99,18.99,18.99,18.99,0
1749128845,18.99,18.99,18.99,18.99,0
1749128850,18.99,18.99,18.99,18.99,0
1749128855,18.99,18.99,18.99,18.99,0
1749128860,18.99,18.99,18.99,18.99,0
1749128865,18.99,18.99,18.99,18.99,0
1749128870,18.99,18.99,18.99,18.99,0
1749128875,18.99,18.99,18.99,18.99,0
1749128880,18.99,18.99,18.99,18.99,0
1749128885,18.99,18.99,18.99,18.99,0
1749128890,18.99,18.99,18.99,18.99,0
1749128895,18.99,18.99,18.99,18.99,0
1749128900,18.99,18.99,18.99,18.99,0
1749128905,18.99,18.99,18.99,18.99,0
1749128910,18.99,18.99,18.99,18.99,0
1749128915,18.99,18.99,18.99,18.99,0
1749128920,18.99,18.99,18.99,18.99,0
1749128925,18.99,18.99,18.99,18.99,0
1749128930,18.99,18.99,18.99,18.99,0
1749128935,18.99,18.99,18.99,18.99,0
1749128940,18.99,18.99,18.99,18.99,0
1749128945,18.99,18.99,18.99,18.99,0
1749128950,19.0,19.0,19.0,19.0,1
1749128955,19.0,19.0,19.0,19.0,0
1749128960,19.0,19.0,19.0,19.0,0
1749128965,19.0,19.0,19.0,19.0,0
1749128970,19.0,19.0,19.0,19.0,0
1749128975,19.0,19.0,19.0,19.0,0
1749128980,19.0,19.0,19.0,19.0,0
1749128985,19.0,19.0,19.0,19.0,0
1749128990,19.0,19.0,19.0,19.0,0
1749128995,18.98,18.98,18.98,18.98,2
1749129000,18.98,18.98,18.98,18.98,0
1749129005,18.98,18.98,18.98,18.98,0
1749129010,18.98,18.98,18.98,18.98,0
1749129015,18.98,18.98,18.98,18.98,0
1749129020,18.98,18.98,18.98,18.98,0
1749129025,18.98,18.98,18.98,18.98,4
1749129030,18.98,18.98,18.98,18.98,4
1749129035,18.98,18.98,18.98,18.98,0
1749129040,18.98,18.98,18.98,18.98,13
1749129045,18.98,18.98,18.98,18.98,0
1749129050,18.98,18.98,18.98,18.98,0
1749129055,18.98,18.98,18.98,18.98,0
1749129060,18.98,18.98,18.98,18.98,0
1749129065,18.98,18.98,18.98,18.98,0
1749129070,18.98,18.98,18.98,18.98,0
1749129075,18.97,18.97,18.97,18.97,5
1749129080,18.97,18.97,18.97,18.97,0
1749129085,18.97,18.97,18.97,18.97,0
1749129090,18.97,18.97,18.97,18.97,0
1749129095,18.97,18.97,18.97,18.97,0
1749129100,18.97,18.97,18.97,18.97,0
1749129105,18.97,18.97,18.97,18.97,0
1749129110,18.97,18.97,18.97,18.97,0
1749129115,18.97,18.97,18.97,18.97,0
1749129120,18.97,18.97,18.97,18.97,0
1749129125,18.97,18.97,18.97,18.97,0
1749129130,18.97,18.97,18.97,18.97,0
1749129135,18.97,18.97,18.97,18.97,0
1749129140,18.97,18.97,18.97,18.97,0
1749129145,18.97,18.97,18.97,18.97,0
1749129150,18.97,18.97,18.97,18.97,0
1749129155,18.97,18.97,18.97,18.97,0
1749129160,18.97,18.97,18.97,18.97,0
1749129165,18.97,18.97,18.97,18.97,0
1749129170,18.97,18.97,18.97,18.97,0
1749129175,18.97,18.97,18.97,18.97,0
1749129180,18.97,18.97,18.97,18.97,0
1749129185,18.97,18.97,18.97,18.97,0
1749129190,18.97,18.97,18.97,18.97,0
1749129195,18.97,18.97,18.97,18.97,0
1749129200,18.97,18.97,18.97,18.97,0
1749129205,18.97,18.97,18.97,18.97,0
1749129210,18.97,18.97,18.97,18.97,0
1749129215,18.97,18.97,18.97,18.97,0
1749129220,18.97,18.97,18.97,18.97,0
1749129225,18.97,18.97,18.97,18.97,0
1749129230,18.97,18.97,18.97,18.97,0
1749129235,18.97,18.97,18.97,18.97,0
1749129240,18.97,18.97,18.97,18.97,0
1749129245,18.97,18.97,18.97,18.97,0
1749129250,18.97,18.97,18.97,18.97,0
1749129255,18.97,18.97,18.97,18.97,0
1749129260,18.97,18.97,18.97,18.97,0
1749129265,18.97,18.97,18.97,18.97,0
1749129270,18.97,18.97,18.97,18.97,0
1749129275,18.97,18.97,18.97,18.97,0
1749129280,18.97,18.97,18.97,18.97,0
1749129285,18.97,18.97,18.97,18.97,0
1749129290,18.97,18.97,18.97,18.97,0
1749129295,18.97,18.97,18.97,18.97,0
1749129300,18.97,18.97,18.97,18.97,0
1749129305,18.97,18.97,18.97,18.97,0
1749129310,18.97,18.97,18.97,18.97,0
1749129315,18.97,18.97,18.97,18.97,0
1749129320,18.97,18.97,18.97,18.97,0
1749129325,18.97,18.97,18.97,18.97,0
1749129330,18.97,18.97,18.97,18.97,0
1749129335,19.02,19.02,19.02,19.02,3
1749129340,19.02,19.02,19.02,19.02,0
1749129345,19.02,19.02,19.02,19.02,0
1749129350,19.02,19.02,19.02,19.02,0
1749129355,19.02,19.02,19.02,19.02,0
1749129360,19.02,19.02,19.02,19.02,2
1749129365,19.02,19.02,19.02,19.02,1
1749129370,19.02,19.02,19.02,19.02,0
1749129375,19.02,19.02,19.02,19.02,0
1749129380,19.02,19.02,19.02,19.02,0
1749129385,19.02,19.02,19.02,19.02,0
1749129390,19.02,19.02,19.02,19.02,0
1749129395,19.02,19.02,19.02,19.02,0
1749129400,19.02,19.02,19.02,19.02,0
1749129405,19.02,19.02,19.02,19.02,0
1749129410,19.02,19.02,19.02,19.02,0
1749129415,19.02,19.02,19.02,19.02,0
1749129420,19.02,19.02,19.02,19.02,5
1749129425,19.02,19.02,19.02,19.02,0
1749129430,19.02,19.02,19.02,19.02,0
1749129435,19.02,19.02,19.02,19.02,0
1749129440,19.02,19.02,19.02,19.02,0
1749129445,19.02,19.02,19.02,19.02,0
1749129450,19.02,19.02,19.02,19.02,0
1749129455,19.02,19.02,19.02,19.02,0
1749129460,19.08,19.08,19.08,19.08,10
1749129465,19.08,19.08,19.08,19.08,0
1749129470,19.08,19.08,19.08,19.08,0
1749129475,19.08,19.08,19.08,19.08,0
1749129480,19.08,19.08,19.08,19.08,0
1749129485,19.08,19.08,19.08,19.08,0
1749129490,19.08,19.08,19.08,19.08,0
1749129495,19.08,19.08,19.08,19.08,0
1749129500,19.08,19.08,19.08,19.08,0
1749129505,19.08,19.08,19.08,19.08,0
1749129510,19.08,19.08,19.08,19.08,0
1749129515,19.08,19.08,19.08,19.08,0
1749129520,19.08,19.08,19.08,19.08,0
1749129525,19.08,19.08,19.08,19.08,0
1749129530,19.08,19.08,19.08,19.08,0
1749129535,19.08,19.08,19.08,19.08,0
1749129540,19.08,19.08,19.08,19.08,0
1749129545,19.08,19.08,19.08,19.08,0
1749129550,19.08,19.08,19.08,19.08,0
1749129555,19.08,19.08,19.08,19.08,0
1749129560,19.08,19.08,19.08,19.08,0
1749129565,19.08,19.08,19.08,19.08,0
1749129570,19.08,19.08,19.08,19.08,0
1749129575,19.08,19.08,19.08,19.08,0
1749129580,19.08,19.08,19.08,19.08,0
1749129585,19.08,19.08,19.08,19.08,0
1749129590,19.08,19.08,19.08,19.08,0
1749129595,19.08,19.08,19.08,19.08,0
1749129600,19.08,19.08,19.08,19.08,0
1749129605,19.08,19.08,19.08,19.08,0
1749129610,19.08,19.08,19.08,19.08,0
1749129615,19.08,19.08,19.08,19.08,0
1749129620,19.08,19.08,19.08,19.08,0
1749129625,19.08,19.08,19.08,19.08,0
1749129630,19.0,19.0,19.0,19.0,2
1749129635,19.0,19.0,19.0,19.0,0
1749129640,19.0,19.0,19.0,19.0,0
1749129645,19.0,19.0,19.0,19.0,0
1749129650,19.0,19.0,19.0,19.0,0
1749129655,19.0,19.0,19.0,19.0,0
1749129660,19.0,19.0,19.0,19.0,0
1749129665,19.0,19.0,19.0,19.0,0
1749129670,19.0,19.0,19.0,19.0,0
1749129675,19.0,19.0,19.0,19.0,0
1749129680,19.0,19.0,19.0,19.0,0
1749129685,19.0,19.0,19.0,19.0,0
1749129690,19.0,19.0,19.0,19.0,0
1749129695,19.0,19.0,19.0,19.0,0
1749129700,19.0,19.0,19.0,19.0,0
1749129705,19.0,19.0,19.0,19.0,0
1749129710,19.0,19.0,19.0,19.0,0
1749129715,19.0,19.0,19.0,19.0,0
1749129720,19.0,19.0,19.0,19.0,0
1749129725,19.0,19.0,19.0,19.0,0
1749129730,19.0,19.0,19.0,19.0,0
1749129735,19.0,19.0,19.0,19.0,0
1749129740,19.0,19.0,19.0,19.0,0
1749129745,19.0,19.0,19.0,19.0,0
1749129750,19.0,19.0,19.0,19.0,0
1749129755,19.0,19.0,19.0,19.0,0
1749129760,19.0,19.0,19.0,19.0,0
1749129765,19.0,19.0,19.0,19.0,0
1749129770,19.0,19.0,19.0,19.0,0
1749129775,19.0,19.0,19.0,19.0,0
1749129780,19.0,19.0,19.0,19.0,0
1749129785,19.0,19.0,19.0,19.0,0
1749129790,19.0,19.0,19.0,19.0,0
1749129795,19.0,19.0,19.0,19.0,0
1749129800,19.0,19.0,19.0,19.0,0
1749129805,19.0,19.0,19.0,19.0,0
1749129810,19.0,19.0,19.0,19.0,0
1749129815,19.0,19.0,19.0,19.0,0
1749129820,19.0,19.0,19.0,19.0,0
1749129825,19.0,19.0,19.0,19.0,0
1749129830,19.0,19.0,19.0,19.0,0
1749129835,19.0,19.0,19.0,19.0,0
1749129840,19.0,19.0,19.0,19.0,0
1749129845,19.0,19.0,19.0,19.0,0
1749129850,19.0,19.0,19.0,19.0,0
1749129855,19.0,19.0,19.0,19.0,0
1749129860,19.0,19.0,19.0,19.0,0
1749129865,19.0,19.0,19.0,19.0,0
1749129870,19.0,19.0,19.0,19.0,0
1749129875,19.0,19.0,19.0,19.0,0
1749129880,19.0,19.0,19.0,19.0,0
1749129885,19.0,19.0,19.0,19.0,0
1749129890,19.0,19.0,19.0,19.0,0
1749129895,19.0,19.0,19.0,19.0,0
1749129900,19.0,19.0,19.0,19.0,0
1749129905,19.0,19.0,19.0,19.0,0
1749129910,19.0,19.0,19.0,19.0,0
1749129915,19.0,19.0,19.0,19.0,0
1749129920,19.0,19.0,19.0,19.0,0
1749129925,19.0,19.0,19.0,19.0,0
1749129930,19.0,19.0,19.0,19.0,0
1749129935,19.0,19.0,19.0,19.0,0
1749129940,19.0,19.0,19.0,19.0,0
1749129945,19.0,19.0,19.0,19.0,0
1749129950,19.0,19.0,19.0,19.0,0
1749129955,19.0,19.0,19.0,19.0,0
1749129960,19.0,19.0,19.0,19.0,0
1749129965,19.0,19.0,19.0,19.0,0
1749129970,19.0,19.0,19.0,19.0,0
1749129975,19.0,19.0,19.0,19.0,0
1749129980,19.0,19.0,19.0,19.0,0
1749129985,19.0,19.0,19.0,19.0,0
1749129990,19.0,19.0,19.0,19.0,0
1749129995,19.0,19.0,19.0,19.0,0
1749130000,19.0,19.0,19.0,19.0,0
1749130005,19.0,19.0,19.0,19.0,0
1749130010,19.0,19.0,19.0,19.0,0
1749130015,19.0,19.0,19.0,19.0,0
1749130020,19.0,19.0,19.0,19.0,0
1749130025,19.0,19.0,19.0,19.0,0
1749130030,19.0,19.0,19.0,19.0,0
1749130035,19.0,19.0,19.0,19.0,0
1749130040,19.0,19.0,19.0,19.0,0
1749130045,19.0,19.0,19.0,19.0,0
1749130050,19.0,19.0,19.0,19.0,0
1749130055,19.0,19.0,19.0,19.0,0
1749130060,19.0,19.0,19.0,19.0,0
1749130065,19.0,19.0,19.0,19.0,0
1749130070,19.0,19.0,19.0,19.0,0
1749130075,19.0,19.0,19.0,19.0,0
1749130080,19.0,19.0,19.0,19.0,0
1749130085,19.0,19.0,19.0,19.0,0
1749130090,19.0,19.0,19.0,19.0,0
1749130095,19.0,19.0,19.0,19.0,0
1749130100,19.0,19.0,19.0,19.0,0
1749130105,19.0,19.0,19.0,19.0,0
1749130110,19.0,19.0,19.0,19.0,0
1749130115,19.0,19.0,19.0,19.0,0
1749130120,19.0,19.0,19.0,19.0,0
1749130125,19.0,19.0,19.0,19.0,0
1749130130,19.0,19.0,19.0,19.0,0
1749130135,19.0,19.0,19.0,19.0,0
1749130140,19.0,19.0,19.0,19.0,0
1749130145,19.0,19.0,19.0,19.0,0
1749130150,18.96,18.96,18.96,18.96,1
1749130155,18.96,18.96,18.96,18.96,0
1749130160,18.96,18.96,18.96,18.96,0
1749130165,18.96,18.96,18.96,18.96,0
1749130170,18.96,18.96,18.96,18.96,0
1749130175,18.96,18.96,18.96,18.96,0
1749130180,18.96,18.96,18.96,18.96,0
1749130185,18.96,18.96,18.96,18.96,0
1749130190,18.96,18.96,18.96,18.96,0
1749130195,18.96,18.96,18.96,18.96,0
1749130200,18.96,18.96,18.96,18.96,0
1749130205,18.96,18.96,18.96,18.96,0
1749130210,18.96,18.96,18.96,18.96,0
1749130215,18.96,18.96,18.96,18.96,0
1749130220,18.96,18.96,18.96,18.96,0
1749130225,18.96,18.96,18.96,18.96,0
1749130230,18.96,18.96,18.96,18.96,0
1749130235,18.96,18.96,18.96,18.96,0
1749130240,18.96,18.96,18.96,18.96,0
1749130245,18.96,18.96,18.96,18.96,0
1749130250,18.96,18.96,18.96,18.96,0
1749130255,18.96,18.96,18.96,18.96,0
1749130260,18.95,18.95,18.95,18.95,1
1749130265,18.99,18.99,18.99,18.99,3
1749130270,18.99,18.99,18.99,18.99,0
1749130275,18.99,18.99,18.99,18.99,0
1749130280,18.99,18.99,18.99,18.99,0
1749130285,19.04,19.04,19.04,19.04,1
1749130290,19.04,19.04,19.04,19.04,0
1749130295,19.04,19.04,19.04,19.04,0
1749130300,19.04,19.04,19.04,19.04,0
1749130305,19.04,19.04,19.04,19.04,0
1749130310,19.04,19.04,19.04,19.04,0
1749130315,19.04,19.04,19.04,19.04,0
1749130320,19.05,19.05,19.05,19.05,1
1749130325,19.05,19.05,19.05,19.05,0
1749130330,19.05,19.05,19.05,19.05,0
1749130335,19.13,19.13,19.13,19.13,3
1749130340,19.13,19.13,19.13,19.13,0
1749130345,19.13,19.13,19.13,19.13,0
1749130350,19.13,19.13,19.13,19.13,0
1749130355,19.13,19.13,19.13,19.13,0
1749130360,19.13,19.13,19.13,19.13,0
1749130365,19.13,19.13,19.13,19.13,0
1749130370,19.13,19.13,19.13,19.13,0
1749130375,19.13,19.13,19.13,19.13,0
1749130380,19.13,19.13,19.13,19.13,0
1749130385,19.13,19.13,19.13,19.13,0
1749130390,19.13,19.13,19.13,19.13,0
1749130395,19.13,19.13,19.13,19.13,0
1749130400,19.13,19.13,19.13,19.13,0
1749130405,19.13,19.13,19.13,19.13,0
1749130410,19.13,19.13,19.13,19.13,0
1749130415,19.13,19.13,19.13,19.13,0
1749130420,19.13,19.13,19.13,19.13,0
1749130425,19.13,19.13,19.13,19.13,0
1749130430,19.13,19.13,19.13,19.13,0
1749130435,19.13,19.13,19.13,19.13,0
1749130440,19.13,19.13,19.13,19.13,0
1749130445,19.13,19.13,19.13,19.13,0
1749130450,19.13,19.13,19.13,19.13,0
1749130455,19.13,19.13,19.13,19.13,0
1749130460,19.13,19.13,19.13,19.13,0
1749130465,19.13,19.13,19.13,19.13,0
1749130470,19.13,19.13,19.13,19.13,0
1749130475,19.13,19.13,19.13,19.13,0
1749130480,19.13,19.13,19.13,19.13,0
1749130485,19.13,19.13,19.13,19.13,0
1749130490,19.13,19.13,19.13,19.13,0
1749130495,19.13,19.13,19.13,19.13,0
1749130500,19.13,19.13,19.13,19.13,0
1749130505,19.13,19.13,19.13,19.13,0
1749130510,19.13,19.13,19.13,19.13,0
1749130515,19.13,19.13,19.13,19.13,0
1749130520,19.13,19.13,19.13,19.13,0
1749130525,19.13,19.13,19.13,19.13,0
1749130530,19.13,19.13,19.13,19.13,0
1749130535,19.13,19.13,19.13,19.13,0
1749130540,19.13,19.13,19.13,19.13,0
1749130545,19.13,19.13,19.13,19.13,0
1749130550,19.13,19.13,19.13,19.13,0
1749130555,19.13,19.13,19.13,19.13,0
1749130560,19.13,19.13,19.13,19.13,0
1749130565,19.13,19.13,19.13,19.13,0
1749130570,19.13,19.13,19.13,19.13,0
1749130575,19.13,19.13,19.13,19.13,0
1749130580,19.13,19.13,19.13,19.13,0
1749130585,19.13,19.13,19.13,19.13,0
1749130590,19.13,19.13,19.13,19.13,0
1749130595,19.13,19.13,19.13,19.13,0
1749130600,19.13,19.13,19.13,19.13,0
1749130605,19.13,19.13,19.13,19.13,0
1749130610,19.13,19.13,19.13,19.13,0
1749130615,19.13,19.13,19.13,19.13,0
1749130620,19.13,19.13,19.13,19.13,0
1749130625,19.13,19.13,19.13,19.13,0
1749130630,19.13,19.13,19.13,19.13,0
1749130635,19.13,19.13,19.13,19.13,0
1749130640,19.13,19.13,19.13,19.13,0
1749130645,19.13,19.13,19.13,19.13,0
1749130650,19.15,19.15,19.15,19.15,15
1749130655,19.15,19.15,19.15,19.15,0
1749130660,19.15,19.15,19.15,19.15,0
1749130665,19.15,19.15,19.15,19.15,0
1749130670,19.15,19.15,19.15,19.15,0
1749130675,19.15,19.15,19.15,19.15,0
1749130680,19.15,19.15,19.15,19.15,5
1749130685,19.15,19.15,19.15,19.15,0
1749130690,19.15,19.15,19.15,19.15,0
1749130695,19.15,19.15,19.15,19.15,0
1749130700,19.15,19.15,19.15,19.15,0
1749130705,19.15,19.15,19.15,19.15,0
1749130710,19.15,19.15,19.15,19.15,0
1749130715,19.15,19.15,19.15,19.15,0
1749130720,19.15,19.15,19.15,19.15,0
1749130725,19.15,19.15,19.15,19.15,0
1749130730,19.15,19.15,19.15,19.15,0
1749130735,19.15,19.15,19.15,19.15,0
1749130740,19.15,19.15,19.15,19.15,0
1749130745,19.14,19.14,19.14,19.14,1
1749130750,19.14,19.14,19.14,19.14,0
1749130755,19.15,19.15,19.15,19.15,3
1749130760,19.15,19.15,19.15,19.15,0
1749130765,19.15,19.15,19.15,19.15,0
1749130770,19.15,19.15,19.15,19.15,0
1749130775,19.15,19.15,19.15,19.15,0
1749130780,19.15,19.15,19.15,19.15,0
1749130785,19.15,19.15,19.15,19.15,0
1749130790,19.15,19.15,19.15,19.15,0
1749130795,19.15,19.15,19.15,19.15,0
1749130800,19.15,19.15,19.15,19.15,0
1749130805,19.15,19.15,19.15,19.15,0
1749130810,19.15,19.15,19.15,19.15,0
1749130815,19.15,19.15,19.15,19.15,0
1749130820,19.15,19.15,19.15,19.15,0
1749130825,19.15,19.15,19.15,19.15,0
1749130830,19.15,19.15,19.15,19.15,0
1749130835,19.15,19.15,19.15,19.15,0
1749130840,19.15,19.15,19.15,19.15,0
1749130845,19.15,19.15,19.15,19.15,0
1749130850,19.2,19.2,19.2,19.2,2
1749130855,19.2,19.2,19.2,19.2,0
1749130860,19.17,19.17,19.17,19.17,2
1749130865,19.17,19.17,19.17,19.17,0
1749130870,19.17,19.17,19.17,19.17,0
1749130875,19.17,19.17,19.17,19.17,0
1749130880,19.16,19.16,19.16,19.16,1
1749130885,19.16,19.16,19.16,19.16,0
1749130890,19.16,19.16,19.16,19.16,0
1749130895,19.16,19.16,19.16,19.16,0
1749130900,19.16,19.16,19.16,19.16,0
1749130905,19.16,19.16,19.16,19.16,0
1749130910,19.16,19.16,19.16,19.16,0
1749130915,19.16,19.16,19.16,19.16,0
1749130920,19.16,19.16,19.16,19.16,0
1749130925,19.15,19.15,19.15,19.15,1
1749130930,19.15,19.15,19.15,19.15,0
1749130935,19.15,19.15,19.15,19.15,0
1749130940,19.15,19.15,19.15,19.15,0
1749130945,19.15,19.15,19.15,19.15,0
1749130950,19.15,19.15,19.15,19.15,0
1749130955,19.15,19.15,19.15,19.15,0
1749130960,19.15,19.15,19.15,19.15,0
1749130965,19.15,19.15,19.15,19.15,0
1749130970,19.15,19.15,19.15,19.15,0
1749130975,19.15,19.15,19.15,19.15,0
1749130980,19.15,19.15,19.15,19.15,0
1749130985,19.15,19.15,19.15,19.15,0
1749130990,19.15,19.15,19.15,19.15,0
1749130995,19.15,19.15,19.15,19.15,0
1749131000,19.15,19.15,19.15,19.15,0
1749131005,19.15,19.15,19.15,19.15,0
1749131010,19.23,19.23,19.23,19.23,1
1749131015,19.23,19.23,19.23,19.23,0
1749131020,19.23,19.23,19.23,19.23,0
1749131025,19.23,19.23,19.23,19.23,0
1749131030,19.23,19.23,19.23,19.23,0
1749131035,19.23,19.23,19.23,19.23,0
1749131040,19.23,19.23,19.23,19.23,0
1749131045,19.23,19.23,19.23,19.23,0
1749131050,19.23,19.23,19.23,19.23,0
1749131055,19.23,19.23,19.23,19.23,0
1749131060,19.23,19.23,19.23,19.23,0
1749131065,19.23,19.23,19.23,19.23,0
1749131070,19.23,19.23,19.23,19.23,0
1749131075,19.23,19.23,19.23,19.23,0
1749131080,19.2,19.2,19.2,19.2,6
1749131085,19.2,19.2,19.2,19.2,0
1749131090,19.2,19.2,19.2,19.2,0
1749131095,19.2,19.2,19.2,19.2,0
1749131100,19.2,19.2,19.2,19.2,0
1749131105,19.2,19.2,19.2,19.2,0
1749131110,19.21,19.21,19.21,19.21,1
1749131115,19.21,19.21,19.21,19.21,0
1749131120,19.21,19.21,19.21,19.21,0
1749131125,19.22,19.22,19.22,19.22,1
1749131130,19.22,19.22,19.22,19.22,0
1749131135,19.22,19.22,19.22,19.22,0
1749131140,19.22,19.22,19.22,19.22,0
1749131145,19.22,19.22,19.22,19.22,0
1749131150,19.25,19.27,19.25,19.27,2
1749131155,19.27,19.27,19.27,19.27,0
1749131160,19.3,19.3,19.3,19.3,3
1749131165,19.3,19.3,19.3,19.3,0
1749131170,19.3,19.3,19.3,19.3,0
1749131175,19.3,19.3,19.3,19.3,0
1749131180,19.3,19.3,19.3,19.3,0
1749131185,19.3,19.3,19.3,19.3,0
1749131190,19.3,19.3,19.3,19.3,0
1749131195,19.3,19.3,19.3,19.3,0
1749131200,19.3,19.3,19.3,19.3,0
1749131205,19.36,19.39,19.36,19.39,13
1749131210,19.39,19.39,19.39,19.39,0
1749131215,19.39,19.39,19.39,19.39,0
1749131220,19.39,19.39,19.39,19.39,0
1749131225,19.39,19.39,19.39,19.39,0
1749131230,19.39,19.39,19.39,19.39,0
1749131235,19.39,19.39,19.39,19.39,0
1749131240,19.39,19.39,19.39,19.39,0
1749131245,19.39,19.39,19.39,19.39,0
1749131250,19.39,19.39,19.39,19.39,0
1749131255,19.39,19.39,19.39,19.39,0
1749131260,19.39,19.39,19.39,19.39,0
1749131265,19.35,19.35,19.35,19.35,1
1749131270,19.32,19.32,19.32,19.32,1
1749131275,19.32,19.32,19.32,19.32,0
1749131280,19.32,19.32,19.32,19.32,0
1749131285,19.32,19.32,19.32,19.32,2
1749131290,19.32,19.32,19.32,19.32,0
1749131295,19.32,19.32,19.32,19.32,0
1749131300,19.32,19.32,19.32,19.32,0
1749131305,19.26,19.26,19.26,19.26,3
1749131310,19.26,19.26,19.26,19.26,0
1749131315,19.26,19.26,19.26,19.26,2
1749131320,19.26,19.26,19.26,19.26,0
1749131325,19.26,19.26,19.26,19.26,1
1749131330,19.26,19.26,19.26,19.26,0
1749131335,19.26,19.26,19.26,19.26,0
1749131340,19.26,19.26,19.26,19.26,0
1749131345,19.26,19.26,19.26,19.26,0
1749131350,19.26,19.26,19.26,19.26,0
1749131355,19.23,19.23,19.22,19.22,6
1749131360,19.22,19.22,19.22,19.22,0
1749131365,19.22,19.22,19.22,19.22,0
1749131370,19.22,19.22,19.22,19.22,0
1749131375,19.22,19.22,19.22,19.22,0
1749131380,19.22,19.22,19.22,19.22,0
1749131385,19.22,19.22,19.22,19.22,0
1749131390,19.22,19.22,19.22,19.22,0
1749131395,19.22,19.22,19.22,19.22,0
1749131400,19.22,19.22,19.22,19.22,0
1749131405,19.22,19.22,19.22,19.22,0
1749131410,19.22,19.22,19.22,19.22,0
1749131415,19.22,19.22,19.22,19.22,0
1749131420,19.22,19.22,19.22,19.22,0
1749131425,19.22,19.22,19.22,19.22,0
1749131430,19.22,19.22,19.22,19.22,0
1749131435,19.22,19.22,19.22,19.22,0
1749131440,19.22,19.22,19.22,19.22,0
1749131445,19.22,19.22,19.22,19.22,0
1749131450,19.22,19.22,19.22,19.22,0
1749131455,19.22,19.22,19.22,19.22,0
1749131460,19.22,19.22,19.22,19.22,0
1749131465,19.22,19.22,19.22,19.22,0
1749131470,19.22,19.22,19.22,19.22,0
1749131475,19.22,19.22,19.22,19.22,0
1749131480,19.22,19.22,19.22,19.22,0
1749131485,19.22,19.22,19.22,19.22,0
1749131490,19.22,19.22,19.22,19.22,0
1749131495,19.22,19.22,19.22,19.22,0
1749131500,19.22,19.22,19.22,19.22,0
1749131505,19.22,19.22,19.22,19.22,0
1749131510,19.22,19.22,19.22,19.22,0
1749131515,19.22,19.22,19.22,19.22,0
1749131520,19.22,19.22,19.22,19.22,0
1749131525,19.22,19.22,19.22,19.22,0
1749131530,19.22,19.22,19.22,19.22,0
1749131535,19.22,19.22,19.22,19.22,0
1749131540,19.22,19.22,19.22,19.22,0
1749131545,19.22,19.22,19.22,19.22,0
1749131550,19.22,19.22,19.22,19.22,0
1749131555,19.22,19.22,19.22,19.22,0
1749131560,19.22,19.22,19.22,19.22,0
1749131565,19.22,19.22,19.22,19.22,0
1749131570,19.22,19.22,19.22,19.22,0
1749131575,19.22,19.22,19.22,19.22,0
1749131580,19.22,19.22,19.22,19.22,0
1749131585,19.22,19.22,19.22,19.22,0
1749131590,19.22,19.22,19.22,19.22,0
1749131595,19.22,19.22,19.22,19.22,0
1749131600,19.22,19.22,19.22,19.22,0
1749131605,19.22,19.22,19.22,19.22,0
1749131610,19.22,19.22,19.22,19.22,0
1749131615,19.22,19.22,19.22,19.22,0
1749131620,19.22,19.22,19.22,19.22,0
1749131625,19.22,19.22,19.22,19.22,0
1749131630,19.22,19.22,19.22,19.22,0
1749131635,19.22,19.22,19.22,19.22,0
1749131640,19.22,19.22,19.22,19.22,0
1749131645,19.22,19.22,19.22,19.22,0
1749131650,19.22,19.22,19.22,19.22,0
1749131655,19.22,19.22,19.22,19.22,0
1749131660,19.22,19.22,19.22,19.22,0
1749131665,19.22,19.22,19.22,19.22,0
1749131670,19.22,19.22,19.22,19.22,0
1749131675,19.22,19.22,19.22,19.22,0
1749131680,19.22,19.22,19.22,19.22,0
1749131685,19.22,19.22,19.22,19.22,0
1749131690,19.22,19.22,19.22,19.22,0
1749131695,19.22,19.22,19.22,19.22,0
1749131700,19.22,19.22,19.22,19.22,0
1749131705,19.22,19.22,19.22,19.22,0
1749131710,19.22,19.22,19.22,19.22,0
1749131715,19.22,19.22,19.22,19.22,0
1749131720,19.22,19.22,19.22,19.22,0
1749131725,19.22,19.22,19.22,19.22,0
1749131730,19.22,19.22,19.22,19.22,0
1749131735,19.22,19.22,19.22,19.22,0
1749131740,19.22,19.22,19.22,19.22,0
1749131745,19.22,19.22,19.22,19.22,0
1749131750,19.22,19.22,19.22,19.22,0
1749131755,19.22,19.22,19.22,19.22,0
1749131760,19.22,19.22,19.22,19.22,0
1749131765,19.29,19.29,19.29,19.29,1
1749131770,19.29,19.29,19.29,19.29,0
1749131775,19.29,19.29,19.29,19.29,0
1749131780,19.29,19.29,19.29,19.29,0
1749131785,19.29,19.29,19.29,19.29,0
1749131790,19.29,19.29,19.29,19.29,0
1749131795,19.29,19.29,19.29,19.29,0
1749131800,19.29,19.29,19.29,19.29,0
1749131805,19.29,19.29,19.29,19.29,0
1749131810,19.29,19.29,19.29,19.29,0
1749131815,19.29,19.29,19.29,19.29,0
1749131820,19.29,19.29,19.29,19.29,0
1749131825,19.29,19.29,19.29,19.29,0
1749131830,19.29,19.29,19.29,19.29,0
1749131835,19.29,19.29,19.29,19.29,0
1749131840,19.29,19.29,19.29,19.29,0
1749131845,19.3,19.3,19.3,19.3,1
1749131850,19.3,19.3,19.3,19.3,0
1749131855,19.3,19.3,19.3,19.3,0
1749131860,19.3,19.3,19.3,19.3,0
1749131865,19.3,19.3,19.3,19.3,0
1749131870,19.3,19.3,19.3,19.3,0
1749131875,19.3,19.3,19.3,19.3,0
1749131880,19.3,19.3,19.3,19.3,0
1749131885,19.3,19.3,19.3,19.3,0
1749131890,19.3,19.3,19.3,19.3,0
1749131895,19.3,19.3,19.3,19.3,0
1749131900,19.3,19.3,19.3,19.3,0
1749131905,19.3,19.3,19.3,19.3,0
1749131910,19.3,19.3,19.3,19.3,0
1749131915,19.3,19.3,19.3,19.3,0
1749131920,19.3,19.3,19.3,19.3,0
1749131925,19.3,19.3,19.3,19.3,0
1749131930,19.3,19.3,19.3,19.3,0
1749131935,19.3,19.3,19.3,19.3,0
1749131940,19.3,19.3,19.3,19.3,0
1749131945,19.3,19.3,19.3,19.3,0
1749131950,19.3,19.3,19.3,19.3,0
1749131955,19.3,19.3,19.3,19.3,0
1749131960,19.3,19.3,19.3,19.3,0
1749131965,19.3,19.3,19.3,19.3,0
1749131970,19.3,19.3,19.3,19.3,0
1749131975,19.3,19.3,19.3,19.3,0
1749131980,19.3,19.3,19.3,19.3,0
1749131985,19.3,19.3,19.3,19.3,0
1749131990,19.3,19.3,19.3,19.3,0
1749131995,19.3,19.3,19.3,19.3,0
1749132000,19.3,19.3,19.3,19.3,0
1749132005,19.3,19.3,19.3,19.3,0
1749132010,19.3,19.3,19.3,19.3,0
1749132015,19.3,19.3,19.3,19.3,0
1749132020,19.3,19.3,19.3,19.3,0
1749132025,19.3,19.3,19.3,19.3,0
1749132030,19.3,19.3,19.3,19.3,0
1749132035,19.3,19.3,19.3,19.3,0
1749132040,19.21,19.21,19.21,19.21,1
1749132045,19.21,19.21,19.21,19.21,0
1749132050,19.21,19.21,19.21,19.21,0
1749132055,19.21,19.21,19.21,19.21,0
1749132060,19.21,19.21,19.21,19.21,0
1749132065,19.21,19.21,19.21,19.21,0
1749132070,19.21,19.21,19.21,19.21,0
1749132075,19.21,19.21,19.21,19.21,0
1749132080,19.21,19.21,19.21,19.21,0
1749132085,19.21,19.21,19.21,19.21,0
1749132090,19.21,19.21,19.21,19.21,0
1749132095,19.21,19.21,19.21,19.21,0
1749132100,19.21,19.21,19.21,19.21,0
1749132105,19.21,19.21,19.21,19.21,0
1749132110,19.21,19.21,19.21,19.21,0
1749132115,19.21,19.21,19.21,19.21,0
1749132120,19.21,19.21,19.21,19.21,0
1749132125,19.21,19.21,19.21,19.21,0
1749132130,19.21,19.21,19.21,19.21,0
1749132135,19.21,19.21,19.21,19.21,0
1749132140,19.21,19.21,19.21,19.21,0
1749132145,19.21,19.21,19.21,19.21,0
1749132150,19.21,19.21,19.21,19.21,0
1749132155,19.21,19.21,19.21,19.21,0
1749132160,19.21,19.21,19.21,19.21,0
1749132165,19.21,19.21,19.21,19.21,0
1749132170,19.21,19.21,19.21,19.21,0
1749132175,19.21,19.21,19.21,19.21,0
1749132180,19.21,19.21,19.21,19.21,0
1749132185,19.21,19.21,19.21,19.21,0
1749132190,19.21,19.21,19.21,19.21,0
1749132195,19.21,19.21,19.21,19.21,0
1749132200,19.21,19.21,19.21,19.21,0
1749132205,19.27,19.27,19.27,19.27,1
1749132210,19.27,19.27,19.27,19.27,0
1749132215,19.27,19.27,19.27,19.27,0
1749132220,19.27,19.27,19.27,19.27,0
1749132225,19.27,19.27,19.27,19.27,0
1749132230,19.3,19.3,19.3,19.3,1
1749132235,19.3,19.3,19.3,19.3,0
1749132240,19.3,19.3,19.3,19.3,0
1749132245,19.3,19.3,19.3,19.3,0
1749132250,19.3,19.3,19.3,19.3,0
1749132255,19.3,19.3,19.3,19.3,0
1749132260,19.3,19.3,19.3,19.3,0
1749132265,19.3,19.3,19.3,19.3,0
1749132270,19.3,19.3,19.3,19.3,0
1749132275,19.3,19.3,19.3,19.3,0
1749132280,19.3,19.3,19.3,19.3,0
1749132285,19.3,19.3,19.3,19.3,0
1749132290,19.3,19.3,19.3,19.3,0
1749132295,19.3,19.3,19.3,19.3,0
1749132300,19.3,19.3,19.3,19.3,0
1749132305,19.3,19.3,19.3,19.3,0
1749132310,19.3,19.3,19.3,19.3,0
1749132315,19.2,19.2,19.2,19.2,1
1749132320,19.2,19.2,19.2,19.2,0
1749132325,19.2,19.2,19.2,19.2,0
1749132330,19.2,19.2,19.2,19.2,0
1749132335,19.19,19.19,19.19,19.19,2
1749132340,19.19,19.19,19.19,19.19,0
1749132345,19.19,19.19,19.19,19.19,0
1749132350,19.19,19.19,19.19,19.19,0
1749132355,19.19,19.19,19.19,19.19,0
1749132360,19.19,19.19,19.19,19.19,0
1749132365,19.19,19.19,19.19,19.19,0
1749132370,19.19,19.19,19.19,19.19,0
1749132375,19.19,19.19,19.19,19.19,0
1749132380,19.19,19.19,19.19,19.19,0
1749132385,19.19,19.19,19.19,19.19,0
1749132390,19.19,19.19,19.19,19.19,0
1749132395,19.19,19.19,19.19,19.19,0
1749132400,19.19,19.19,19.19,19.19,0
1749132405,19.19,19.19,19.19,19.19,0
1749132410,19.19,19.19,19.19,19.19,0
1749132415,19.19,19.19,19.19,19.19,0
1749132420,19.19,19.19,19.19,19.19,0
1749132425,19.19,19.19,19.19,19.19,0
1749132430,19.19,19.19,19.19,19.19,0
1749132435,19.19,19.19,19.19,19.19,0
1749132440,19.19,19.19,19.19,19.19,0
1749132445,19.19,19.19,19.19,19.19,0
1749132450,19.19,19.19,19.19,19.19,0
1749132455,19.19,19.19,19.19,19.19,0
1749132460,19.19,19.19,19.19,19.19,0
1749132465,19.19,19.19,19.19,19.19,0
1749132470,19.19,19.19,19.19,19.19,0
1749132475,19.19,19.19,19.19,19.19,0
1749132480,19.19,19.19,19.19,19.19,0
1749132485,19.19,19.19,19.19,19.19,0
1749132490,19.19,19.19,19.19,19.19,0
1749132495,19.19,19.19,19.19,19.19,0
1749132500,19.19,19.19,19.19,19.19,0
1749132505,19.19,19.19,19.19,19.19,0
1749132510,19.19,19.19,19.19,19.19,0
1749132515,19.19,19.19,19.19,19.19,0
1749132520,19.19,19.19,19.19,19.19,0
1749132525,19.19,19.19,19.19,19.19,0
1749132530,19.19,19.19,19.19,19.19,0
1749132535,19.19,19.19,19.19,19.19,0
1749132540,19.19,19.19,19.19,19.19,0
1749132545,19.19,19.19,19.19,19.19,0
1749132550,19.19,19.19,19.19,19.19,0
1749132555,19.19,19.19,19.19,19.19,0
1749132560,19.19,19.19,19.19,19.19,0
1749132565,19.19,19.19,19.19,19.19,0
1749132570,19.19,19.19,19.19,19.19,0
1749132575,19.19,19.19,19.19,19.19,0
1749132580,19.19,19.19,19.19,19.19,0
1749132585,19.19,19.19,19.19,19.19,0
1749132590,19.19,19.19,19.19,19.19,0
1749132595,19.19,19.19,19.19,19.19,0
1749132600,19.19,19.19,19.19,19.19,0
1749132605,19.26,19.26,19.26,19.26,1
1749132610,19.26,19.26,19.26,19.26,0
1749132615,19.26,19.26,19.26,19.26,0
1749132620,19.26,19.26,19.26,19.26,0
1749132625,19.26,19.26,19.26,19.26,0
1749132630,19.26,19.26,19.26,19.26,0
1749132635,19.26,19.26,19.26,19.26,0
1749132640,19.26,19.26,19.26,19.26,0
1749132645,19.26,19.26,19.26,19.26,0
1749132650,19.26,19.26,19.26,19.26,0
1749132655,19.26,19.26,19.26,19.26,0
1749132660,19.26,19.26,19.26,19.26,0
1749132665,19.24,19.24,19.24,19.24,2
1749132670,19.24,19.24,19.24,19.24,0
1749132675,19.24,19.24,19.24,19.24,0
1749132680,19.24,19.24,19.24,19.24,0
1749132685,19.24,19.24,19.24,19.24,0
1749132690,19.24,19.24,19.24,19.24,0
1749132695,19.24,19.24,19.24,19.24,0
1749132700,19.24,19.24,19.24,19.24,0
1749132705,19.24,19.24,19.24,19.24,0
1749132710,19.24,19.24,19.24,19.24,0
1749132715,19.24,19.24,19.24,19.24,0
1749132720,19.24,19.24,19.24,19.24,0
1749132725,19.2,19.2,19.2,19.2,1
1749132730,19.2,19.2,19.2,19.2,0
1749132735,19.2,19.2,19.2,19.2,0
1749132740,19.2,19.2,19.2,19.2,0
1749132745,19.2,19.2,19.2,19.2,0
1749132750,19.19,19.19,19.19,19.19,1
1749132755,19.19,19.19,19.19,19.19,0
1749132760,19.19,19.19,19.19,19.19,0
1749132765,19.21,19.21,19.21,19.21,1
1749132770,19.21,19.21,19.21,19.21,0
1749132775,19.21,19.21,19.21,19.21,0
1749132780,19.21,19.21,19.21,19.21,0
1749132785,19.21,19.21,19.21,19.21,0
1749132790,19.21,19.21,19.21,19.21,0
1749132795,19.21,19.21,19.21,19.21,0
1749132800,19.21,19.21,19.21,19.21,0
1749132805,19.21,19.21,19.21,19.21,0
1749132810,19.21,19.21,19.21,19.21,0
1749132815,19.21,19.21,19.21,19.21,0
1749132820,19.21,19.21,19.21,19.21,0
1749132825,19.21,19.21,19.21,19.21,0
1749132830,19.21,19.21,19.21,19.21,0
1749132835,19.21,19.21,19.21,19.21,0
1749132840,19.21,19.21,19.21,19.21,0
1749132845,19.24,19.24,19.24,19.24,2
1749132850,19.24,19.24,19.24,19.24,0
1749132855,19.24,19.24,19.24,19.24,0
1749132860,19.24,19.24,19.24,19.24,0
1749132865,19.24,19.24,19.24,19.24,0
1749132870,19.24,19.24,19.24,19.24,0
1749132875,19.24,19.24,19.24,19.24,0
1749132880,19.24,19.24,19.24,19.24,0
1749132885,19.24,19.24,19.24,19.24,0
1749132890,19.24,19.24,19.24,19.24,0
1749132895,19.24,19.24,19.24,19.24,0
1749132900,19.24,19.24,19.24,19.24,0
1749132905,19.24,19.24,19.24,19.24,0
1749132910,19.24,19.24,19.24,19.24,0
1749132915,19.24,19.24,19.24,19.24,0
1749132920,19.24,19.24,19.24,19.24,0
1749132925,19.24,19.24,19.24,19.24,0
1749132930,19.24,19.24,19.24,19.24,0
1749132935,19.24,19.24,19.24,19.24,0
1749132940,19.24,19.24,19.24,19.24,0
1749132945,19.24,19.24,19.24,19.24,0
1749132950,19.24,19.24,19.24,19.24,0
1749132955,19.24,19.24,19.24,19.24,0
1749132960,19.24,19.24,19.24,19.24,0
1749132965,19.24,19.24,19.24,19.24,0
1749132970,19.24,19.24,19.24,19.24,0
1749132975,19.24,19.24,19.24,19.24,0
1749132980,19.24,19.24,19.24,19.24,0
1749132985,19.24,19.24,19.24,19.24,0
1749132990,19.24,19.24,19.24,19.24,0
1749132995,19.24,19.24,19.24,19.24,0
1749133000,19.24,19.24,19.24,19.24,0
1749133005,19.24,19.24,19.24,19.24,0
1749133010,19.24,19.24,19.24,19.24,0
1749133015,19.24,19.24,19.24,19.24,0
1749133020,19.24,19.24,19.24,19.24,0
1749133025,19.24,19.24,19.24,19.24,0
1749133030,19.24,19.24,19.24,19.24,0
1749133035,19.24,19.24,19.24,19.24,0
1749133040,19.24,19.24,19.24,19.24,0
1749133045,19.24,19.24,19.24,19.24,0
1749133050,19.24,19.24,19.24,19.24,0
1749133055,19.24,19.24,19.24,19.24,0
1749133060,19.24,19.24,19.24,19.24,0
1749133065,19.24,19.24,19.24,19.24,0
1749133070,19.24,19.24,19.24,19.24,0
1749133075,19.24,19.24,19.24,19.24,0
1749133080,19.24,19.24,19.24,19.24,0
1749133085,19.24,19.24,19.24,19.24,0
1749133090,19.24,19.24,19.24,19.24,0
1749133095,19.24,19.24,19.24,19.24,0
1749133100,19.24,19.24,19.24,19.24,0
1749133105,19.24,19.24,19.24,19.24,0
1749133110,19.24,19.24,19.24,19.24,0
1749133115,19.24,19.24,19.24,19.24,0
1749133120,19.24,19.24,19.24,19.24,0
1749133125,19.24,19.24,19.24,19.24,0
1749133130,19.24,19.24,19.24,19.24,0
1749133135,19.24,19.24,19.24,19.24,0
1749133140,19.24,19.24,19.24,19.24,0
1749133145,19.24,19.24,19.24,19.24,0
1749133150,19.24,19.24,19.24,19.24,0
1749133155,19.24,19.24,19.24,19.24,0
1749133160,19.24,19.24,19.24,19.24,0
1749133165,19.24,19.24,19.24,19.24,0
1749133170,19.24,19.24,19.24,19.24,0
1749133175,19.24,19.24,19.24,19.24,0
1749133180,19.24,19.24,19.24,19.24,0
1749133185,19.24,19.24,19.24,19.24,0
1749133190,19.24,19.24,19.24,19.24,0
1749133195,19.24,19.24,19.24,19.24,0
1749133200,19.24,19.24,19.24,19.24,0
1749133205,19.24,19.24,19.24,19.24,0
1749133210,19.24,19.24,19.24,19.24,0
1749133215,19.24,19.24,19.24,19.24,0
1749133220,19.24,19.24,19.24,19.24,0
1749133225,19.24,19.24,19.24,19.24,0
1749133230,19.24,19.24,19.24,19.24,0
1749133235,19.24,19.24,19.24,19.24,0
1749133240,19.24,19.24,19.24,19.24,0
1749133245,19.29,19.29,19.29,19.29,8
1749133250,19.29,19.29,19.29,19.29,0
1749133255,19.29,19.29,19.29,19.29,0
1749133260,19.29,19.29,19.29,19.29,0
1749133265,19.29,19.29,19.29,19.29,0
1749133270,19.29,19.29,19.29,19.29,0
1749133275,19.29,19.29,19.29,19.29,0
1749133280,19.29,19.29,19.29,19.29,0
1749133285,19.29,19.29,19.29,19.29,0
1749133290,19.29,19.29,19.29,19.29,0
1749133295,19.29,19.29,19.29,19.29,0
1749133300,19.29,19.29,19.29,19.29,0
1749133305,19.29,19.29,19.29,19.29,0
1749133310,19.22,19.22,19.22,19.22,1
1749133315,19.22,19.22,19.22,19.22,0
1749133320,19.22,19.22,19.22,19.22,0
1749133325,19.19,19.19,19.19,19.19,2
1749133330,19.19,19.19,19.19,19.19,0
1749133335,19.19,19.19,19.19,19.19,0
1749133340,19.19,19.19,19.19,19.19,0
1749133345,19.19,19.19,19.19,19.19,0
1749133350,19.19,19.19,19.19,19.19,0
1749133355,19.19,19.19,19.19,19.19,0
1749133360,19.19,19.19,19.19,19.19,0
1749133365,19.15,19.15,19.14,19.14,69
1749133370,19.14,19.14,19.14,19.14,0
1749133375,19.14,19.14,19.14,19.14,0
1749133380,19.14,19.14,19.14,19.14,0
1749133385,19.14,19.14,19.13,19.13,3
1749133390,19.13,19.13,19.13,19.13,0
1749133395,19.13,19.13,19.13,19.13,0
1749133400,19.13,19.13,19.13,19.13,0
1749133405,19.13,19.13,19.13,19.13,0
1749133410,19.13,19.13,19.13,19.13,0
1749133415,19.13,19.13,19.13,19.13,0
1749133420,19.13,19.13,19.13,19.13,0
1749133425,19.13,19.13,19.13,19.13,0
1749133430,19.13,19.13,19.13,19.13,0
1749133435,19.13,19.13,19.13,19.13,0
1749133440,19.13,19.13,19.13,19.13,0
1749133445,19.13,19.13,19.13,19.13,0
1749133450,19.13,19.13,19.13,19.13,0
1749133455,19.13,19.13,19.13,19.13,0
1749133460,19.13,19.13,19.13,19.13,0
1749133465,19.13,19.13,19.13,19.13,0
1749133470,19.13,19.13,19.13,19.13,0
1749133475,19.13,19.13,19.13,19.13,0
1749133480,19.13,19.13,19.13,19.13,0
1749133485,19.13,19.13,19.13,19.13,0
1749133490,19.13,19.13,19.13,19.13,0
1749133495,19.13,19.13,19.13,19.13,0
1749133500,19.15,19.15,19.15,19.15,5
1749133505,19.15,19.15,19.15,19.15,0
1749133510,19.14,19.14,19.14,19.14,1
1749133515,19.14,19.14,19.14,19.14,0
1749133520,19.12,19.13,19.12,19.13,2
1749133525,19.13,19.13,19.13,19.13,0
1749133530,19.13,19.13,19.13,19.13,0
1749133535,19.13,19.13,19.13,19.13,0
1749133540,19.13,19.13,19.13,19.13,0
1749133545,19.13,19.13,19.13,19.13,0
1749133550,19.13,19.13,19.13,19.13,0
1749133555,19.13,19.13,19.13,19.13,0
1749133560,19.13,19.13,19.13,19.13,0
1749133565,19.13,19.13,19.13,19.13,0
1749133570,19.13,19.13,19.13,19.13,0
1749133575,19.12,19.12,19.12,19.12,1
1749133580,19.12,19.12,19.12,19.12,0
1749133585,19.12,19.12,19.12,19.12,0
1749133590,19.12,19.12,19.12,19.12,0
1749133595,19.12,19.12,19.12,19.12,0
1749133600,19.12,19.12,19.12,19.12,0
1749133605,19.12,19.12,19.12,19.12,0
1749133610,19.12,19.12,19.12,19.12,0
1749133615,19.06,19.06,19.06,19.06,8
1749133620,19.06,19.06,19.06,19.06,0
1749133625,19.06,19.06,19.06,19.06,0
1749133630,19.06,19.06,19.06,19.06,0
1749133635,19.06,19.06,19.06,19.06,0
1749133640,19.06,19.06,19.06,19.06,0
1749133645,19.06,19.06,19.06,19.06,0
1749133650,19.06,19.06,19.06,19.06,0
1749133655,19.06,19.06,19.06,19.06,0
1749133660,19.06,19.06,19.06,19.06,0
1749133665,19.06,19.06,19.06,19.06,0
1749133670,19.06,19.06,19.06,19.06,0
1749133675,19.06,19.06,19.06,19.06,0
1749133680,19.06,19.06,19.06,19.06,0
1749133685,19.06,19.06,19.06,19.06,0
1749133690,19.06,19.06,19.06,19.06,0
1749133695,19.06,19.06,19.06,19.06,0
1749133700,19.07,19.07,19.07,19.07,5
1749133705,19.07,19.07,19.07,19.07,0
1749133710,19.07,19.07,19.07,19.07,0
1749133715,19.07,19.07,19.07,19.07,0
1749133720,19.07,19.07,19.07,19.07,0
1749133725,19.07,19.07,19.07,19.07,0
1749133730,19.07,19.07,19.07,19.07,0
1749133735,19.07,19.07,19.07,19.07,0
1749133740,19.07,19.07,19.07,19.07,0
1749133745,19.07,19.07,19.07,19.07,0
1749133750,19.07,19.07,19.07,19.07,0
1749133755,19.07,19.07,19.07,19.07,0
1749133760,19.07,19.07,19.07,19.07,0
1749133765,19.09,19.09,19.09,19.09,1
1749133770,19.09,19.09,19.09,19.09,0
1749133775,19.09,19.09,19.09,19.09,0
1749133780,19.09,19.09,19.09,19.09,0
1749133785,19.09,19.09,19.09,19.09,0
1749133790,19.09,19.09,19.09,19.09,0
1749133795,19.09,19.09,19.09,19.09,0
1749133800,19.09,19.09,19.09,19.09,0
1749133805,19.09,19.09,19.09,19.09,0
1749133810,19.09,19.09,19.09,19.09,0
1749133815,19.09,19.09,19.09,19.09,0
1749133820,19.09,19.09,19.09,19.09,0
1749133825,19.09,19.09,19.09,19.09,0
1749133830,19.09,19.09,19.09,19.09,0
1749133835,19.09,19.09,19.09,19.09,0
1749133840,19.09,19.09,19.09,19.09,0
1749133845,19.09,19.09,19.09,19.09,0
1749133850,19.09,19.09,19.09,19.09,0
1749133855,19.08,19.08,19.08,19.08,3
1749133860,19.08,19.08,19.08,19.08,0
1749133865,19.08,19.08,19.08,19.08,0
1749133870,19.08,19.08,19.08,19.08,0
1749133875,19.08,19.08,19.08,19.08,0
1749133880,19.08,19.08,19.08,19.08,0
1749133885,19.08,19.08,19.08,19.08,0
1749133890,19.08,19.08,19.08,19.08,0
1749133895,19.08,19.08,19.08,19.08,0
1749133900,19.08,19.08,19.08,19.08,0
1749133905,19.08,19.08,19.08,19.08,0
1749133910,19.08,19.08,19.08,19.08,0
1749133915,19.08,19.08,19.08,19.08,0
1749133920,19.08,19.08,19.08,19.08,0
1749133925,19.08,19.08,19.08,19.08,0
1749133930,19.08,19.08,19.08,19.08,0
1749133935,19.08,19.08,19.08,19.08,0
1749133940,19.08,19.08,19.08,19.08,0
1749133945,19.08,19.08,19.08,19.08,0
1749133950,19.08,19.08,19.08,19.08,0
1749133955,19.08,19.08,19.08,19.08,0
1749133960,19.08,19.08,19.08,19.08,0
1749133965,19.08,19.08,19.08,19.08,0
1749133970,19.08,19.08,19.08,19.08,0
1749133975,19.08,19.08,19.08,19.08,0
1749133980,19.08,19.08,19.08,19.08,0
1749133985,19.08,19.08,19.08,19.08,0
1749133990,19.08,19.08,19.08,19.08,0
1749133995,19.08,19.08,19.08,19.08,0
1749134000,19.08,19.08,19.08,19.08,0
1749134005,19.08,19.08,19.08,19.08,0
1749134010,19.08,19.08,19.08,19.08,0
1749134015,19.08,19.08,19.08,19.08,0
1749134020,19.08,19.08,19.08,19.08,0
1749134025,19.08,19.08,19.08,19.08,0
1749134030,19.08,19.08,19.08,19.08,0
1749134035,19.08,19.08,19.08,19.08,0
1749134040,19.08,19.08,19.08,19.08,0
1749134045,19.08,19.08,19.08,19.08,0
1749134050,19.08,19.08,19.08,19.08,0
1749134055,19.08,19.08,19.08,19.08,0
1749134060,19.08,19.08,19.08,19.08,0
1749134065,19.08,19.08,19.08,19.08,0
1749134070,19.08,19.08,19.08,19.08,0
1749134075,19.08,19.08,19.08,19.08,0
1749134080,19.08,19.08,19.08,19.08,0
1749134085,19.08,19.08,19.08,19.08,0
1749134090,19.08,19.08,19.08,19.08,0
1749134095,19.08,19.08,19.08,19.08,0
1749134100,19.08,19.08,19.08,19.08,0
1749134105,19.08,19.08,19.08,19.08,0
1749134110,19.08,19.08,19.08,19.08,0
1749134115,19.08,19.08,19.08,19.08,0
1749134120,19.08,19.08,19.08,19.08,0
1749134125,19.08,19.08,19.08,19.08,0
1749134130,19.08,19.08,19.08,19.08,0
1749134135,19.08,19.08,19.08,19.08,0
1749134140,19.27,19.27,19.27,19.27,3
1749134145,19.34,19.34,19.34,19.34,3
1749134150,19.34,19.34,19.34,19.34,0
1749134155,19.32,19.32,19.32,19.32,3
1749134160,19.32,19.32,19.32,19.32,0
1749134165,19.32,19.32,19.32,19.32,0
1749134170,19.32,19.32,19.32,19.32,0
1749134175,19.32,19.32,19.32,19.32,0
1749134180,19.32,19.32,19.32,19.32,0
1749134185,19.3,19.3,19.3,19.3,3
1749134190,19.3,19.3,19.3,19.3,0
1749134195,19.3,19.3,19.3,19.3,0
1749134200,19.3,19.3,19.3,19.3,0
1749134205,19.3,19.3,19.3,19.3,0
1749134210,19.3,19.3,19.3,19.3,0
1749134215,19.3,19.3,19.3,19.3,0
1749134220,19.3,19.3,19.3,19.3,0
1749134225,19.3,19.3,19.3,19.3,0
1749134230,19.3,19.3,19.3,19.3,0
1749134235,19.3,19.3,19.3,19.3,0
1749134240,19.3,19.3,19.3,19.3,0
1749134245,19.3,19.3,19.3,19.3,0
1749134250,19.3,19.3,19.3,19.3,0
1749134255,19.3,19.3,19.3,19.3,0
1749134260,19.3,19.3,19.3,19.3,0
1749134265,19.21,19.21,19.17,19.17,8
1749134270,19.17,19.18,19.17,19.18,3
1749134275,19.18,19.18,19.18,19.18,0
1749134280,19.18,19.18,19.18,19.18,0
1749134285,19.18,19.18,19.18,19.18,0
1749134290,19.18,19.18,19.18,19.18,0
1749134295,19.18,19.18,19.18,19.18,0
1749134300,19.18,19.18,19.18,19.18,0
1749134305,19.18,19.18,19.18,19.18,0
1749134310,19.18,19.18,19.18,19.18,0
1749134315,19.18,19.18,19.18,19.18,0
1749134320,19.18,19.18,19.18,19.18,0
1749134325,19.18,19.18,19.18,19.18,0
1749134330,19.18,19.18,19.18,19.18,0
1749134335,19.18,19.18,19.18,19.18,0
1749134340,19.18,19.18,19.18,19.18,0
1749134345,19.18,19.18,19.18,19.18,0
1749134350,19.18,19.18,19.18,19.18,0
1749134355,19.08,19.08,19.07,19.07,6
1749134360,19.07,19.07,19.07,19.07,0
1749134365,19.07,19.07,19.07,19.07,0
1749134370,19.07,19.07,19.07,19.07,0
1749134375,19.07,19.07,19.07,19.07,0
1749134380,19.07,19.07,19.07,19.07,0
1749134385,19.07,19.07,19.07,19.07,0
1749134390,19.07,19.07,19.07,19.07,0
1749134395,19.07,19.07,19.07,19.07,0
1749134400,19.07,19.07,19.07,19.07,0
1749134405,19.07,19.07,19.07,19.07,0
1749134410,19.07,19.07,19.07,19.07,0
1749134415,19.07,19.07,19.07,19.07,0
1749134420,19.07,19.07,19.07,19.07,0
1749134425,19.15,19.15,19.15,19.15,1
1749134430,19.15,19.15,19.15,19.15,0
1749134435,19.17,19.17,19.17,19.17,3
1749134440,19.17,19.17,19.17,19.17,0
1749134445,19.17,19.17,19.17,19.17,0
1749134450,19.17,19.17,19.17,19.17,0
1749134455,19.17,19.17,19.17,19.17,0
1749134460,19.17,19.17,19.17,19.17,0
1749134465,19.17,19.17,19.17,19.17,0
1749134470,19.17,19.17,19.17,19.17,0
1749134475,19.17,19.17,19.17,19.17,0
1749134480,19.17,19.17,19.17,19.17,0
1749134485,19.17,19.17,19.17,19.17,0
1749134490,19.17,19.17,19.17,19.17,0
1749134495,19.17,19.17,19.17,19.17,0
1749134500,19.17,19.17,19.17,19.17,0
1749134505,19.02,19.02,18.99,18.99,8
1749134510,18.97,18.97,18.97,18.97,3
1749134515,18.97,18.97,18.97,18.97,0
1749134520,18.97,18.97,18.97,18.97,0
1749134525,18.97,18.97,18.97,18.97,0
1749134530,18.97,18.97,18.97,18.97,0
1749134535,18.94,18.94,18.94,18.94,3
1749134540,18.94,18.94,18.94,18.94,0
1749134545,18.94,18.94,18.94,18.94,5
1749134550,18.94,18.94,18.94,18.94,0
1749134555,18.94,18.94,18.94,18.94,0
1749134560,18.94,18.94,18.94,18.94,0
1749134565,18.94,18.94,18.94,18.94,0
1749134570,18.94,18.94,18.94,18.94,0
1749134575,18.94,18.94,18.94,18.94,0
1749134580,18.94,18.94,18.94,18.94,0
1749134585,18.97,18.97,18.97,18.97,1
1749134590,18.97,18.97,18.97,18.97,0
1749134595,18.97,18.97,18.97,18.97,0
1749134600,18.97,18.97,18.97,18.97,0
1749134605,18.97,18.97,18.97,18.97,0
1749134610,18.97,18.97,18.97,18.97,0
1749134615,18.97,18.97,18.97,18.97,0
1749134620,18.97,18.97,18.97,18.97,0
1749134625,18.97,18.97,18.97,18.97,0
1749134630,18.97,18.97,18.97,18.97,0
1749134635,18.97,18.97,18.97,18.97,0
1749134640,18.97,18.97,18.97,18.97,0
1749134645,18.97,18.97,18.97,18.97,1
1749134650,18.97,18.97,18.97,18.97,0
1749134655,18.97,18.97,18.97,18.97,0
1749134660,18.97,18.97,18.97,18.97,0
1749134665,18.97,18.97,18.97,18.97,0
1749134670,18.97,18.97,18.97,18.97,0
1749134675,18.97,18.97,18.97,18.97,0
1749134680,18.97,18.97,18.97,18.97,3
1749134685,18.97,18.97,18.97,18.97,0
1749134690,18.97,18.97,18.97,18.97,0
1749134695,18.97,18.97,18.97,18.97,0
1749134700,19.02,19.02,19.02,19.02,1
1749134705,19.02,19.02,19.02,19.02,0
1749134710,19.02,19.02,19.02,19.02,0
1749134715,19.02,19.02,19.02,19.02,0
1749134720,19.02,19.02,19.02,19.02,0
1749134725,19.02,19.02,19.02,19.02,0
1749134730,19.02,19.02,19.02,19.02,0
1749134735,19.02,19.02,19.02,19.02,0
1749134740,19.01,19.01,19.01,19.01,1
1749134745,19.01,19.01,19.01,19.01,0
1749134750,19.01,19.01,19.01,19.01,0
1749134755,19.01,19.01,19.01,19.01,0
1749134760,18.95,18.95,18.95,18.95,2
1749134765,18.95,18.95,18.95,18.95,0
1749134770,18.95,18.95,18.95,18.95,0
1749134775,18.95,18.95,18.95,18.95,0
1749134780,18.91,18.91,18.91,18.91,1
1749134785,18.91,18.91,18.91,18.91,0
1749134790,18.9,18.9,18.9,18.9,3
1749134795,18.89,18.89,18.89,18.89,1
1749134800,18.89,18.89,18.89,18.89,0
1749134805,18.89,18.89,18.89,18.89,0
1749134810,18.97,18.97,18.97,18.97,1
1749134815,18.95,18.95,18.95,18.95,2
1749134820,18.95,18.95,18.95,18.95,0
1749134825,18.95,18.95,18.95,18.95,0
1749134830,18.95,18.95,18.95,18.95,0
1749134835,18.95,18.95,18.95,18.95,0
1749134840,18.95,18.95,18.95,18.95,0
1749134845,18.95,18.95,18.95,18.95,0
1749134850,18.95,18.95,18.95,18.95,0
1749134855,18.95,18.95,18.95,18.95,0
1749134860,18.95,18.95,18.95,18.95,0
1749134865,18.95,18.95,18.95,18.95,0
1749134870,18.95,18.95,18.95,18.95,0
1749134875,18.95,18.95,18.95,18.95,0
1749134880,18.95,18.95,18.95,18.95,0
1749134885,18.95,18.95,18.95,18.95,0
1749134890,18.95,18.95,18.95,18.95,0
1749134895,18.95,18.95,18.95,18.95,0
1749134900,18.95,18.95,18.95,18.95,0
1749134905,18.95,18.95,18.95,18.95,0
1749134910,18.95,18.95,18.95,18.95,0
1749134915,18.95,18.95,18.95,18.95,0
1749134920,18.95,18.95,18.95,18.95,0
1749134925,18.95,18.95,18.95,18.95,0
1749134930,18.95,18.95,18.95,18.95,0
1749134935,18.95,18.95,18.95,18.95,0
1749134940,18.95,18.95,18.95,18.95,0
1749134945,18.95,18.95,18.95,18.95,0
1749134950,18.95,18.95,18.95,18.95,0
1749134955,18.95,18.95,18.95,18.95,0
1749134960,18.95,18.95,18.95,18.95,0
1749134965,18.95,18.95,18.95,18.95,0
1749134970,18.95,18.95,18.95,18.95,0
1749134975,18.95,18.95,18.95,18.95,0
1749134980,18.95,18.95,18.95,18.95,0
1749134985,18.95,18.95,18.95,18.95,0
1749134990,18.95,18.95,18.95,18.95,0
1749134995,18.95,18.95,18.95,18.95,0
1749135000,18.95,18.95,18.95,18.95,0
1749135005,18.95,18.95,18.95,18.95,0
1749135010,18.95,18.95,18.95,18.95,0
1749135015,18.95,18.95,18.95,18.95,0
1749135020,18.95,18.95,18.95,18.95,0
1749135025,18.95,18.95,18.95,18.95,0
1749135030,18.95,18.95,18.95,18.95,0
1749135035,18.95,18.95,18.95,18.95,0
1749135040,18.95,18.95,18.95,18.95,0
1749135045,18.95,18.95,18.95,18.95,0
1749135050,18.95,18.95,18.95,18.95,0
1749135055,18.95,18.95,18.95,18.95,0
1749135060,18.95,18.95,18.95,18.95,0
1749135065,18.95,18.95,18.95,18.95,0
1749135070,18.95,18.95,18.95,18.95,0
1749135075,18.95,18.95,18.95,18.95,0
1749135080,18.97,18.97,18.97,18.97,1
1749135085,18.97,18.97,18.97,18.97,0
1749135090,18.97,18.97,18.97,18.97,0
1749135095,18.97,18.97,18.97,18.97,0
1749135100,18.97,18.97,18.97,18.97,0
1749135105,18.97,18.97,18.97,18.97,0
1749135110,18.97,18.97,18.97,18.97,0
1749135115,18.97,18.97,18.97,18.97,0
1749135120,18.97,18.97,18.97,18.97,0
1749135125,18.97,18.97,18.97,18.97,0
1749135130,18.97,18.97,18.97,18.97,0
1749135135,18.97,18.97,18.97,18.97,0
1749135140,18.97,18.97,18.97,18.97,0
1749135145,18.97,18.97,18.97,18.97,0
1749135150,18.97,18.97,18.97,18.97,0
1749135155,18.97,18.97,18.97,18.97,0
1749135160,18.97,18.97,18.97,18.97,0
1749135165,18.97,18.97,18.97,18.97,0
1749135170,18.97,18.97,18.97,18.97,0
1749135175,18.97,18.97,18.97,18.97,0
1749135180,18.97,18.97,18.97,18.97,0
1749135185,18.97,18.97,18.97,18.97,0
1749135190,18.97,18.97,18.97,18.97,0
1749135195,18.97,18.97,18.97,18.97,0
1749135200,18.97,18.97,18.97,18.97,0
1749135205,18.97,18.97,18.97,18.97,0
1749135210,18.97,18.97,18.97,18.97,0
1749135215,18.97,18.97,18.97,18.97,0
1749135220,18.97,18.97,18.97,18.97,0
1749135225,18.97,18.97,18.97,18.97,0
1749135230,18.97,18.97,18.97,18.97,0
1749135235,18.97,18.97,18.97,18.97,0
1749135240,18.97,18.97,18.97,18.97,0
1749135245,18.97,18.97,18.97,18.97,0
1749135250,18.92,18.92,18.92,18.92,1
1749135255,18.92,18.92,18.92,18.92,0
1749135260,18.92,18.92,18.92,18.92,0
1749135265,18.92,18.92,18.92,18.92,0
1749135270,18.89,18.89,18.89,18.89,1
1749135275,18.89,18.89,18.89,18.89,0
1749135280,18.89,18.89,18.89,18.89,0
1749135285,18.89,18.89,18.89,18.89,0
1749135290,18.89,18.89,18.89,18.89,0
1749135295,18.89,18.89,18.89,18.89,0
1749135300,18.89,18.89,18.89,18.89,0
1749135305,18.89,18.89,18.89,18.89,0
1749135310,18.89,18.89,18.89,18.89,0
1749135315,18.89,18.89,18.89,18.89,0
1749135320,18.88,18.88,18.88,18.88,1
1749135325,18.88,18.88,18.88,18.88,0
1749135330,18.88,18.88,18.88,18.88,0
1749135335,18.88,18.88,18.88,18.88,0
1749135340,18.88,18.88,18.88,18.88,0
1749135345,18.88,18.88,18.88,18.88,0
1749135350,18.88,18.88,18.88,18.88,0
1749135355,18.88,18.88,18.88,18.88,0
1749135360,18.88,18.88,18.88,18.88,0
1749135365,18.88,18.88,18.88,18.88,0
1749135370,18.88,18.88,18.88,18.88,0
1749135375,18.88,18.88,18.88,18.88,0
1749135380,18.88,18.88,18.88,18.88,0
1749135385,18.88,18.88,18.88,18.88,0
1749135390,18.88,18.88,18.88,18.88,0
1749135395,18.88,18.88,18.88,18.88,0
1749135400,18.88,18.88,18.88,18.88,0
1749135405,18.88,18.88,18.88,18.88,0
1749135410,18.88,18.88,18.88,18.88,0
1749135415,18.88,18.88,18.88,18.88,0
1749135420,18.88,18.88,18.88,18.88,0
1749135425,18.88,18.88,18.88,18.88,0
1749135430,18.88,18.88,18.88,18.88,0
1749135435,18.88,18.88,18.88,18.88,0
1749135440,18.88,18.88,18.88,18.88,0
1749135445,18.8,18.8,18.79,18.79,60
1749135450,18.79,18.79,18.79,18.79,0
1749135455,18.79,18.79,18.79,18.79,0
1749135460,18.83,18.83,18.83,18.83,1
1749135465,18.83,18.83,18.83,18.83,0
1749135470,18.83,18.83,18.83,18.83,0
1749135475,18.83,18.83,18.83,18.83,0
1749135480,18.83,18.83,18.83,18.83,0
1749135485,18.83,18.83,18.83,18.83,0
1749135490,18.83,18.83,18.83,18.83,0
1749135495,18.83,18.83,18.83,18.83,0
1749135500,18.83,18.83,18.83,18.83,0
1749135505,18.83,18.83,18.83,18.83,0
1749135510,18.83,18.83,18.83,18.83,0
1749135515,18.83,18.83,18.83,18.83,0
1749135520,18.83,18.83,18.83,18.83,0
1749135525,18.83,18.83,18.83,18.83,0
1749135530,18.83,18.83,18.83,18.83,0
1749135535,18.83,18.83,18.83,18.83,0
1749135540,18.83,18.83,18.83,18.83,0
1749135545,18.83,18.83,18.83,18.83,0
1749135550,18.83,18.83,18.83,18.83,0
1749135555,18.83,18.83,18.83,18.83,0
1749135560,18.83,18.83,18.83,18.83,0
1749135565,18.83,18.83,18.83,18.83,0
1749135570,18.83,18.83,18.83,18.83,0
1749135575,18.83,18.83,18.83,18.83,0
1749135580,18.83,18.83,18.83,18.83,0
1749135585,18.82,18.82,18.82,18.82,1
1749135590,18.82,18.82,18.82,18.82,0
1749135595,18.82,18.82,18.82,18.82,0
1749135600,18.82,18.82,18.82,18.82,0
1749135605,18.8,18.8,18.8,18.8,1
1749135610,18.8,18.8,18.8,18.8,0
1749135615,18.78,18.78,18.78,18.78,1
1749135620,18.78,18.78,18.78,18.78,0
1749135625,18.78,18.78,18.78,18.78,0
1749135630,18.78,18.78,18.78,18.78,0
1749135635,18.78,18.78,18.77,18.77,2
1749135640,18.77,18.77,18.77,18.77,0
1749135645,18.77,18.77,18.77,18.77,0
1749135650,18.77,18.77,18.77,18.77,0
1749135655,18.77,18.77,18.77,18.77,0
1749135660,18.75,18.75,18.75,18.75,5
1749135665,18.75,18.75,18.75,18.75,0
1749135670,18.74,18.74,18.73,18.73,2
1749135675,18.73,18.73,18.73,18.73,2
1749135680,18.73,18.73,18.73,18.73,0
1749135685,18.73,18.73,18.73,18.73,0
1749135690,18.73,18.73,18.73,18.73,0
1749135695,18.73,18.73,18.73,18.73,0
1749135700,18.73,18.73,18.73,18.73,0
1749135705,18.73,18.73,18.73,18.73,0
1749135710,18.73,18.73,18.73,18.73,0
1749135715,18.73,18.73,18.73,18.73,0
1749135720,18.73,18.73,18.73,18.73,0
1749135725,18.72,18.72,18.72,18.72,1
1749135730,18.71,18.71,18.71,18.71,1
1749135735,18.71,18.71,18.71,18.71,0
1749135740,18.7,18.7,18.7,18.7,4
1749135745,18.7,18.7,18.7,18.7,0
1749135750,18.7,18.7,18.7,18.7,1
1749135755,18.7,18.7,18.7,18.7,0
1749135760,18.7,18.7,18.7,18.7,0
1749135765,18.7,18.7,18.7,18.7,0
1749135770,18.7,18.7,18.7,18.7,0
1749135775,18.7,18.7,18.7,18.7,0
1749135780,18.7,18.7,18.7,18.7,0
1749135785,18.66,18.69,18.66,18.69,15
1749135790,18.69,18.69,18.69,18.69,0
1749135795,18.69,18.69,18.69,18.69,0
1749135800,18.69,18.69,18.69,18.69,0
1749135805,18.66,18.66,18.65,18.65,3
1749135810,18.65,18.65,18.65,18.65,0
1749135815,18.65,18.65,18.65,18.65,0
1749135820,18.67,18.67,18.67,18.67,1
1749135825,18.67,18.67,18.67,18.67,0
1749135830,18.67,18.67,18.67,18.67,2
1749135835,18.67,18.67,18.67,18.67,0
1749135840,18.67,18.67,18.67,18.67,0
1749135845,18.67,18.67,18.67,18.67,0
1749135850,18.64,18.64,18.64,18.64,1
1749135855,18.64,18.64,18.64,18.64,0
1749135860,18.64,18.64,18.64,18.64,0
1749135865,18.64,18.64,18.64,18.64,0
1749135870,18.64,18.64,18.64,18.64,0
1749135875,18.64,18.64,18.64,18.64,0
1749135880,18.64,18.64,18.64,18.64,0
1749135885,18.64,18.64,18.64,18.64,0
1749135890,18.64,18.64,18.64,18.64,0
1749135895,18.62,18.62,18.62,18.62,2
1749135900,18.62,18.62,18.62,18.62,0
1749135905,18.62,18.62,18.62,18.62,0
1749135910,18.62,18.62,18.62,18.62,0
1749135915,18.62,18.62,18.62,18.62,0
1749135920,18.62,18.62,18.62,18.62,0
1749135925,18.62,18.62,18.62,18.62,0
1749135930,18.62,18.62,18.62,18.62,0
1749135935,18.62,18.62,18.62,18.62,0
1749135940,18.62,18.62,18.62,18.62,0
1749135945,18.62,18.62,18.62,18.62,0
1749135950,18.62,18.62,18.62,18.62,1
1749135955,18.62,18.62,18.62,18.62,0
1749135960,18.62,18.62,18.62,18.62,0
1749135965,18.62,18.62,18.62,18.62,0
1749135970,18.62,18.62,18.62,18.62,0
1749135975,18.62,18.62,18.62,18.62,0
1749135980,18.62,18.62,18.62,18.62,0
1749135985,18.62,18.62,18.62,18.62,0
1749135990,18.62,18.62,18.62,18.62,0
1749135995,18.62,18.62,18.62,18.62,0
1749136000,18.62,18.62,18.62,18.62,0
1749136005,18.68,18.68,18.68,18.68,1
1749136010,18.68,18.68,18.68,18.68,1
1749136015,18.68,18.68,18.68,18.68,0
1749136020,18.68,18.68,18.68,18.68,0
1749136025,18.68,18.68,18.68,18.68,1
1749136030,18.68,18.68,18.68,18.68,0
1749136035,18.68,18.68,18.68,18.68,1
1749136040,18.68,18.68,18.68,18.68,0
1749136045,18.68,18.68,18.68,18.68,0
1749136050,18.68,18.68,18.68,18.68,0
1749136055,18.68,18.68,18.68,18.68,0
1749136060,18.68,18.68,18.68,18.68,0
1749136065,18.68,18.68,18.68,18.68,0
1749136070,18.68,18.68,18.68,18.68,0
1749136075,18.68,18.68,18.68,18.68,0
1749136080,18.68,18.68,18.68,18.68,0
1749136085,18.68,18.68,18.68,18.68,0
1749136090,18.72,18.72,18.72,18.72,5
1749136095,18.72,18.72,18.72,18.72,0
1749136100,18.72,18.72,18.72,18.72,0
1749136105,18.72,18.72,18.72,18.72,0
1749136110,18.72,18.72,18.72,18.72,0
1749136115,18.72,18.72,18.72,18.72,0
1749136120,18.72,18.72,18.72,18.72,0
1749136125,18.72,18.72,18.72,18.72,0
1749136130,18.72,18.72,18.72,18.72,0
1749136135,18.72,18.72,18.72,18.72,0
1749136140,18.72,18.72,18.72,18.72,0
1749136145,18.72,18.72,18.72,18.72,0
1749136150,18.72,18.72,18.72,18.72,0
1749136155,18.7,18.7,18.7,18.7,1
1749136160,18.65,18.65,18.65,18.65,1
1749136165,18.65,18.65,18.65,18.65,0
1749136170,18.65,18.65,18.65,18.65,0
1749136175,18.65,18.65,18.65,18.65,0
1749136180,18.65,18.65,18.65,18.65,0
1749136185,18.66,18.66,18.66,18.66,2
1749136190,18.66,18.66,18.66,18.66,0
1749136195,18.66,18.66,18.66,18.66,0
1749136200,18.66,18.66,18.66,18.66,0
1749136205,18.66,18.66,18.66,18.66,0
1749136210,18.66,18.66,18.66,18.66,0
1749136215,18.66,18.66,18.66,18.66,0
1749136220,18.66,18.66,18.66,18.66,0
1749136225,18.66,18.66,18.66,18.66,0
1749136230,18.64,18.64,18.64,18.64,3
1749136235,18.64,18.64,18.64,18.64,0
1749136240,18.65,18.69,18.62,18.62,45
1749136245,18.64,18.64,18.64,18.64,2
1749136250,18.64,18.64,18.64,18.64,0
1749136255,18.64,18.64,18.64,18.64,0
1749136260,18.64,18.64,18.64,18.64,0
1749136265,18.64,18.64,18.64,18.64,0
1749136270,18.64,18.64,18.64,18.64,0
1749136275,18.64,18.64,18.64,18.64,0
1749136280,18.65,18.65,18.65,18.65,4
1749136285,18.65,18.65,18.65,18.65,0
1749136290,18.65,18.65,18.65,18.65,0
1749136295,18.65,18.65,18.65,18.65,0
1749136300,18.65,18.65,18.65,18.65,0
1749136305,18.65,18.65,18.65,18.65,0
1749136310,18.65,18.65,18.65,18.65,0
1749136315,18.65,18.65,18.65,18.65,0
1749136320,18.65,18.65,18.65,18.65,0
1749136325,18.65,18.65,18.65,18.65,0
1749136330,18.65,18.65,18.65,18.65,0
1749136335,18.65,18.65,18.65,18.65,0
1749136340,18.65,18.65,18.65,18.65,0
1749136345,18.65,18.65,18.65,18.65,0
1749136350,18.65,18.65,18.65,18.65,0
1749136355,18.65,18.65,18.65,18.65,0
1749136360,18.65,18.65,18.65,18.65,0
1749136365,18.65,18.65,18.65,18.65,0
1749136370,18.65,18.65,18.65,18.65,0
1749136375,18.65,18.65,18.65,18.65,3
1749136380,18.65,18.65,18.65,18.65,0
1749136385,18.61,18.61,18.61,18.61,4
1749136390,18.61,18.61,18.61,18.61,0
1749136395,18.61,18.61,18.61,18.61,0
1749136400,18.61,18.61,18.61,18.61,0
1749136405,18.61,18.61,18.61,18.61,0
1749136410,18.61,18.61,18.61,18.61,0
1749136415,18.61,18.61,18.61,18.61,0
1749136420,18.61,18.61,18.61,18.61,0
1749136425,18.64,18.64,18.64,18.64,1
1749136430,18.64,18.64,18.64,18.64,0
1749136435,18.64,18.64,18.64,18.64,0
1749136440,18.64,18.64,18.64,18.64,0
1749136445,18.66,18.66,18.66,18.66,3
1749136450,18.66,18.66,18.66,18.66,0
1749136455,18.66,18.66,18.66,18.66,0
1749136460,18.66,18.66,18.66,18.66,0
1749136465,18.66,18.66,18.66,18.66,0
1749136470,18.66,18.66,18.66,18.66,0
1749136475,18.66,18.66,18.66,18.66,0
1749136480,18.66,18.66,18.66,18.66,0
1749136485,18.66,18.66,18.66,18.66,0
1749136490,18.66,18.66,18.66,18.66,0
1749136495,18.66,18.66,18.66,18.66,0
1749136500,18.66,18.66,18.66,18.66,0
1749136505,18.66,18.66,18.66,18.66,1
1749136510,18.66,18.66,18.66,18.66,0
1749136515,18.66,18.66,18.66,18.66,0
1749136520,18.66,18.66,18.66,18.66,0
1749136525,18.66,18.66,18.66,18.66,0
1749136530,18.66,18.66,18.66,18.66,0
1749136535,18.66,18.66,18.66,18.66,0
1749136540,18.66,18.66,18.66,18.66,0
1749136545,18.66,18.66,18.66,18.66,0
1749136550,18.66,18.66,18.66,18.66,0
1749136555,18.66,18.66,18.66,18.66,0
1749136560,18.66,18.66,18.66,18.66,0
1749136565,18.66,18.66,18.66,18.66,0
1749136570,18.66,18.66,18.66,18.66,0
1749136575,18.66,18.66,18.66,18.66,0
1749136580,18.66,18.66,18.66,18.66,0
1749136585,18.7,18.7,18.7,18.7,1
1749136590,18.7,18.7,18.7,18.7,0
1749136595,18.7,18.7,18.7,18.7,0
1749136600,18.7,18.7,18.7,18.7,0
1749136605,18.7,18.7,18.7,18.7,0
1749136610,18.7,18.7,18.7,18.7,0
1749136615,18.7,18.7,18.7,18.7,0
1749136620,18.7,18.7,18.7,18.7,0
1749136625,18.7,18.7,18.7,18.7,0
1749136630,18.7,18.7,18.7,18.7,0
1749136635,18.7,18.7,18.7,18.7,0
1749136640,18.66,18.66,18.65,18.65,14
1749136645,18.65,18.65,18.65,18.65,0
1749136650,18.65,18.65,18.65,18.65,0
1749136655,18.65,18.65,18.65,18.65,0
1749136660,18.65,18.65,18.65,18.65,0
1749136665,18.65,18.65,18.65,18.65,0
1749136670,18.65,18.65,18.65,18.65,0
1749136675,18.65,18.65,18.65,18.65,0
1749136680,18.63,18.63,18.63,18.63,2
1749136685,18.63,18.63,18.63,18.63,0
1749136690,18.63,18.63,18.63,18.63,1
1749136695,18.63,18.63,18.63,18.63,0
1749136700,18.63,18.63,18.63,18.63,0
1749136705,18.63,18.63,18.63,18.63,0
1749136710,18.63,18.63,18.63,18.63,0
1749136715,18.63,18.63,18.63,18.63,0
1749136720,18.63,18.63,18.63,18.63,0
1749136725,18.63,18.63,18.63,18.63,0
1749136730,18.63,18.63,18.63,18.63,0
1749136735,18.63,18.63,18.63,18.63,0
1749136740,18.62,18.62,18.62,18.62,2
1749136745,18.62,18.62,18.62,18.62,0
1749136750,18.62,18.62,18.62,18.62,0
1749136755,18.62,18.62,18.62,18.62,0
1749136760,18.62,18.62,18.62,18.62,0
1749136765,18.62,18.62,18.62,18.62,0
1749136770,18.62,18.62,18.62,18.62,0
1749136775,18.62,18.62,18.62,18.62,0
1749136780,18.62,18.62,18.62,18.62,0
1749136785,18.62,18.62,18.62,18.62,0
1749136790,18.62,18.62,18.62,18.62,0
1749136795,18.62,18.62,18.62,18.62,0
1749136800,18.62,18.62,18.62,18.62,0
1749136805,18.62,18.62,18.62,18.62,0
1749136810,18.62,18.62,18.62,18.62,0
1749136815,18.62,18.62,18.62,18.62,0
1749136820,18.62,18.62,18.62,18.62,0
1749136825,18.62,18.62,18.62,18.62,0
1749136830,18.62,18.62,18.62,18.62,0
1749136835,18.62,18.62,18.62,18.62,0
1749136840,18.62,18.62,18.62,18.62,0
1749136845,18.62,18.62,18.62,18.62,0
1749136850,18.62,18.62,18.62,18.62,0
1749136855,18.62,18.62,18.62,18.62,0
1749136860,18.62,18.62,18.62,18.62,0
1749136865,18.62,18.62,18.62,18.62,0
1749136870,18.62,18.62,18.62,18.62,0
1749136875,18.62,18.62,18.62,18.62,0
1749136880,18.62,18.62,18.62,18.62,0
1749136885,18.62,18.62,18.62,18.62,0
1749136890,18.62,18.62,18.62,18.62,0
1749136895,18.62,18.62,18.62,18.62,0
1749136900,18.62,18.62,18.62,18.62,0
1749136905,18.62,18.62,18.62,18.62,0
1749136910,18.62,18.62,18.62,18.62,0
1749136915,18.62,18.62,18.62,18.62,0
1749136920,18.62,18.62,18.62,18.62,0
1749136925,18.62,18.62,18.62,18.62,0
1749136930,18.62,18.62,18.62,18.62,0
1749136935,18.62,18.62,18.62,18.62,0
1749136940,18.62,18.62,18.62,18.62,0
1749136945,18.62,18.62,18.62,18.62,0
1749136950,18.62,18.62,18.62,18.62,0
1749136955,18.62,18.62,18.62,18.62,0
1749136960,18.62,18.62,18.62,18.62,0
1749136965,18.62,18.62,18.62,18.62,0
1749136970,18.66,18.66,18.66,18.66,2
1749136975,18.66,18.66,18.66,18.66,0
1749136980,18.66,18.66,18.66,18.66,0
1749136985,18.66,18.66,18.66,18.66,0
1749136990,18.66,18.66,18.66,18.66,0
1749136995,18.66,18.66,18.66,18.66,0
1749137000,18.66,18.66,18.66,18.66,0
1749137005,18.66,18.66,18.66,18.66,0
1749137010,18.66,18.66,18.66,18.66,0
1749137015,18.64,18.64,18.64,18.64,3
1749137020,18.64,18.64,18.64,18.64,0
1749137025,18.64,18.64,18.64,18.64,0
1749137030,18.64,18.64,18.64,18.64,0
1749137035,18.64,18.64,18.64,18.64,0
1749137040,18.64,18.64,18.64,18.64,0
1749137045,18.64,18.64,18.64,18.64,0
1749137050,18.64,18.64,18.64,18.64,0
1749137055,18.64,18.64,18.64,18.64,0
1749137060,18.64,18.64,18.64,18.64,0
1749137065,18.64,18.64,18.64,18.64,0
1749137070,18.64,18.64,18.64,18.64,0
1749137075,18.67,18.67,18.67,18.67,1
1749137080,18.67,18.67,18.67,18.67,0
1749137085,18.67,18.67,18.67,18.67,0
1749137090,18.67,18.67,18.67,18.67,0
1749137095,18.67,18.67,18.67,18.67,0
1749137100,18.67,18.67,18.67,18.67,0
1749137105,18.67,18.67,18.67,18.67,0
1749137110,18.67,18.67,18.67,18.67,0
1749137115,18.67,18.67,18.67,18.67,0
1749137120,18.67,18.67,18.67,18.67,0
1749137125,18.67,18.67,18.67,18.67,0
1749137130,18.67,18.67,18.67,18.67,0
1749137135,18.68,18.68,18.68,18.68,1
1749137140,18.68,18.68,18.68,18.68,0
1749137145,18.68,18.68,18.68,18.68,0
1749137150,18.68,18.68,18.68,18.68,0
1749137155,18.68,18.68,18.68,18.68,0
1749137160,18.68,18.68,18.68,18.68,0
1749137165,18.68,18.68,18.68,18.68,0
1749137170,18.68,18.68,18.68,18.68,0
1749137175,18.68,18.68,18.68,18.68,0
1749137180,18.68,18.68,18.68,18.68,0
1749137185,18.7,18.7,18.7,18.7,3
1749137190,18.7,18.7,18.7,18.7,0
1749137195,18.7,18.7,18.7,18.7,0
1749137200,18.7,18.7,18.7,18.7,0
1749137205,18.7,18.7,18.7,18.7,0
1749137210,18.7,18.7,18.7,18.7,0
1749137215,18.7,18.7,18.7,18.7,0
1749137220,18.7,18.7,18.7,18.7,0
1749137225,18.71,18.71,18.71,18.71,1
1749137230,18.72,18.72,18.72,18.72,1
1749137235,18.72,18.72,18.72,18.72,0
1749137240,18.72,18.72,18.72,18.72,0
1749137245,18.72,18.72,18.72,18.72,0
1749137250,18.72,18.72,18.72,18.72,0
1749137255,18.72,18.72,18.72,18.72,0
1749137260,18.72,18.72,18.72,18.72,0
1749137265,18.72,18.72,18.72,18.72,0
1749137270,18.72,18.72,18.72,18.72,0
1749137275,18.72,18.72,18.72,18.72,0
1749137280,18.7,18.7,18.7,18.7,61
1749137285,18.7,18.7,18.7,18.7,0
1749137290,18.7,18.7,18.7,18.7,0
1749137295,18.7,18.7,18.7,18.7,0
1749137300,18.7,18.7,18.7,18.7,0
1749137305,18.7,18.7,18.7,18.7,0
1749137310,18.7,18.7,18.7,18.7,0
1749137315,18.7,18.7,18.7,18.7,0
1749137320,18.7,18.7,18.7,18.7,0
1749137325,18.7,18.7,18.7,18.7,0
1749137330,18.7,18.7,18.7,18.7,0
1749137335,18.7,18.7,18.7,18.7,0
1749137340,18.7,18.7,18.7,18.7,0
1749137345,18.7,18.7,18.7,18.7,0
1749137350,18.7,18.7,18.7,18.7,0
1749137355,18.7,18.7,18.7,18.7,0
1749137360,18.7,18.7,18.7,18.7,0
1749137365,18.7,18.7,18.7,18.7,0
1749137370,18.69,18.69,18.69,18.69,1
1749137375,18.69,18.69,18.69,18.69,1
1749137380,18.69,18.69,18.69,18.69,0
1749137385,18.69,18.69,18.69,18.69,0
1749137390,18.69,18.69,18.69,18.69,0
1749137395,18.69,18.69,18.69,18.69,0
1749137400,18.69,18.69,18.69,18.69,0
1749137405,18.69,18.69,18.69,18.69,0
1749137410,18.69,18.69,18.69,18.69,0
1749137415,18.69,18.69,18.69,18.69,0
1749137420,18.69,18.69,18.69,18.69,0
1749137425,18.69,18.69,18.69,18.69,0
1749137430,18.69,18.69,18.69,18.69,0
1749137435,18.69,18.69,18.69,18.69,0
1749137440,18.69,18.69,18.69,18.69,0
1749137445,18.69,18.69,18.69,18.69,0
1749137450,18.69,18.69,18.69,18.69,0
1749137455,18.69,18.69,18.69,18.69,0
1749137460,18.69,18.69,18.69,18.69,2
1749137465,18.69,18.69,18.69,18.69,0
1749137470,18.69,18.69,18.69,18.69,0
1749137475,18.69,18.69,18.69,18.69,0
1749137480,18.69,18.69,18.69,18.69,0
1749137485,18.69,18.69,18.69,18.69,0
1749137490,18.69,18.69,18.69,18.69,0
1749137495,18.69,18.69,18.69,18.69,0
1749137500,18.69,18.69,18.69,18.69,0
1749137505,18.69,18.69,18.69,18.69,0
1749137510,18.69,18.69,18.69,18.69,0
1749137515,18.69,18.69,18.69,18.69,0
1749137520,18.69,18.69,18.69,18.69,0
1749137525,18.69,18.69,18.69,18.69,0
1749137530,18.69,18.69,18.69,18.69,0
1749137535,18.69,18.69,18.69,18.69,0
1749137540,18.69,18.69,18.69,18.69,0
1749137545,18.69,18.69,18.69,18.69,0
1749137550,18.69,18.69,18.69,18.69,0
1749137555,18.69,18.69,18.69,18.69,0
1749137560,18.69,18.69,18.69,18.69,0
1749137565,18.69,18.69,18.69,18.69,0
1749137570,18.69,18.69,18.69,18.69,0
1749137575,18.69,18.69,18.69,18.69,0
1749137580,18.69,18.69,18.69,18.69,0
1749137585,18.69,18.69,18.69,18.69,0
1749137590,18.69,18.69,18.69,18.69,0
1749137595,18.69,18.69,18.69,18.69,0
1749137600,18.69,18.69,18.69,18.69,0
1749137605,18.69,18.69,18.69,18.69,0
1749137610,18.69,18.69,18.69,18.69,0
1749137615,18.69,18.69,18.69,18.69,0
1749137620,18.69,18.69,18.69,18.69,0
1749137625,18.69,18.69,18.69,18.69,0
1749137630,18.69,18.69,18.69,18.69,0
1749137635,18.69,18.69,18.69,18.69,0
1749137640,18.69,18.69,18.69,18.69,0
1749137645,18.69,18.69,18.69,18.69,0
1749137650,18.69,18.69,18.69,18.69,0
1749137655,18.69,18.69,18.69,18.69,0
1749137660,18.69,18.69,18.69,18.69,0
1749137665,18.69,18.69,18.69,18.69,0
1749137670,18.69,18.69,18.69,18.69,0
1749137675,18.69,18.69,18.69,18.69,0
1749137680,18.7,18.72,18.7,18.72,2
1749137685,18.72,18.72,18.72,18.72,0
1749137690,18.72,18.72,18.72,18.72,0
1749137695,18.73,18.73,18.73,18.73,1
1749137700,18.73,18.73,18.73,18.73,0
1749137705,18.73,18.73,18.73,18.73,6
1749137710,18.73,18.73,18.73,18.73,0
1749137715,18.73,18.73,18.73,18.73,0
1749137720,18.73,18.73,18.73,18.73,0
1749137725,18.73,18.73,18.73,18.73,0
1749137730,18.73,18.73,18.73,18.73,0
1749137735,18.73,18.73,18.73,18.73,0
1749137740,18.73,18.73,18.73,18.73,0
1749137745,18.73,18.73,18.73,18.73,0
1749137750,18.73,18.73,18.73,18.73,0
1749137755,18.73,18.73,18.73,18.73,0
1749137760,18.73,18.73,18.73,18.73,0
1749137765,18.73,18.73,18.73,18.73,0
1749137770,18.73,18.73,18.73,18.73,0
1749137775,18.71,18.71,18.71,18.71,6
1749137780,18.71,18.71,18.71,18.71,0
1749137785,18.71,18.71,18.71,18.71,0
1749137790,18.71,18.71,18.71,18.71,0
1749137795,18.71,18.71,18.71,18.71,0
1749137800,18.71,18.71,18.71,18.71,0
1749137805,18.71,18.71,18.71,18.71,0
1749137810,18.71,18.71,18.71,18.71,0
1749137815,18.71,18.71,18.71,18.71,0
1749137820,18.71,18.71,18.71,18.71,0
1749137825,18.71,18.71,18.71,18.71,0
1749137830,18.71,18.71,18.71,18.71,0
1749137835,18.71,18.71,18.71,18.71,0
1749137840,18.71,18.71,18.71,18.71,0
1749137845,18.71,18.71,18.71,18.71,0
1749137850,18.71,18.71,18.71,18.71,0
1749137855,18.71,18.71,18.71,18.71,0
1749137860,18.71,18.71,18.71,18.71,0
1749137865,18.71,18.71,18.71,18.71,0
1749137870,18.71,18.71,18.71,18.71,0
1749137875,18.71,18.71,18.71,18.71,0
1749137880,18.71,18.71,18.71,18.71,0
1749137885,18.71,18.71,18.71,18.71,0
1749137890,18.71,18.71,18.71,18.71,0
1749137895,18.71,18.71,18.71,18.71,0
1749137900,18.71,18.71,18.71,18.71,0
1749137905,18.71,18.71,18.71,18.71,0
1749137910,18.71,18.71,18.71,18.71,0
1749137915,18.71,18.71,18.71,18.71,0
1749137920,18.71,18.71,18.71,18.71,0
1749137925,18.71,18.71,18.71,18.71,0
1749137930,18.71,18.71,18.71,18.71,0
1749137935,18.71,18.71,18.71,18.71,0
1749137940,18.71,18.71,18.71,18.71,0
1749137945,18.71,18.71,18.71,18.71,0
1749137950,18.71,18.71,18.71,18.71,0
1749137955,18.71,18.71,18.71,18.71,0
1749137960,18.71,18.71,18.71,18.71,0
1749137965,18.71,18.71,18.71,18.71,0
1749137970,18.71,18.71,18.71,18.71,0
1749137975,18.71,18.71,18.71,18.71,0
1749137980,18.71,18.71,18.71,18.71,0
1749137985,18.71,18.71,18.71,18.71,0
1749137990,18.71,18.71,18.71,18.71,0
1749137995,18.71,18.71,18.71,18.71,0
1749138000,18.71,18.71,18.71,18.71,0
1749138005,18.71,18.71,18.71,18.71,0
1749138010,18.72,18.72,18.7,18.7,72
1749138015,18.7,18.7,18.7,18.7,0
1749138020,18.7,18.7,18.7,18.7,0
1749138025,18.7,18.7,18.7,18.7,0
1749138030,18.7,18.7,18.7,18.7,0
1749138035,18.7,18.7,18.7,18.7,16
1749138040,18.7,18.7,18.7,18.7,0
1749138045,18.7,18.7,18.7,18.7,0
1749138050,18.7,18.7,18.7,18.7,8
1749138055,18.7,18.7,18.7,18.7,0
1749138060,18.7,18.7,18.7,18.7,0
1749138065,18.7,18.7,18.7,18.7,0
1749138070,18.77,18.78,18.77,18.78,5
1749138075,18.78,18.78,18.78,18.78,0
1749138080,18.78,18.78,18.78,18.78,0
1749138085,18.78,18.78,18.78,18.78,0
1749138090,18.78,18.78,18.78,18.78,0
1749138095,18.78,18.78,18.78,18.78,0
1749138100,18.78,18.78,18.78,18.78,0
1749138105,18.78,18.78,18.78,18.78,0
1749138110,18.78,18.78,18.78,18.78,0
1749138115,18.78,18.78,18.78,18.78,0
1749138120,18.78,18.78,18.78,18.78,0
1749138125,18.78,18.78,18.78,18.78,0
1749138130,18.78,18.78,18.78,18.78,0
1749138135,18.78,18.78,18.78,18.78,0
1749138140,18.78,18.78,18.78,18.78,0
1749138145,18.78,18.78,18.78,18.78,0
1749138150,18.78,18.78,18.78,18.78,0
1749138155,18.78,18.78,18.78,18.78,0
1749138160,18.78,18.78,18.78,18.78,0
1749138165,18.78,18.78,18.78,18.78,0
1749138170,18.78,18.78,18.78,18.78,0
1749138175,18.78,18.78,18.78,18.78,0
1749138180,18.78,18.78,18.78,18.78,0
1749138185,18.78,18.78,18.78,18.78,0
1749138190,18.78,18.78,18.78,18.78,0
1749138195,18.78,18.78,18.78,18.78,0
1749138200,18.78,18.78,18.78,18.78,0
1749138205,18.78,18.78,18.78,18.78,0
1749138210,18.78,18.78,18.78,18.78,0
1749138215,18.78,18.78,18.78,18.78,0
1749138220,18.78,18.78,18.78,18.78,0
1749138225,18.78,18.78,18.78,18.78,0
1749138230,18.78,18.78,18.78,18.78,0
1749138235,18.78,18.78,18.78,18.78,0
1749138240,18.78,18.78,18.78,18.78,0
1749138245,18.78,18.78,18.78,18.78,0
1749138250,18.78,18.78,18.78,18.78,0
1749138255,18.78,18.78,18.78,18.78,0
1749138260,18.78,18.78,18.78,18.78,0
1749138265,18.78,18.78,18.78,18.78,0
1749138270,18.78,18.78,18.78,18.78,0
1749138275,18.78,18.78,18.78,18.78,0
1749138280,18.78,18.78,18.78,18.78,0
1749138285,18.78,18.78,18.78,18.78,0
1749138290,18.78,18.78,18.78,18.78,0
1749138295,18.78,18.78,18.78,18.78,0
1749138300,18.78,18.78,18.78,18.78,0
1749138305,18.78,18.78,18.78,18.78,0
1749138310,18.78,18.78,18.78,18.78,0
1749138315,18.78,18.78,18.78,18.78,0
1749138320,18.78,18.78,18.78,18.78,0
1749138325,18.78,18.78,18.78,18.78,0
1749138330,18.78,18.78,18.78,18.78,0
1749138335,18.78,18.78,18.78,18.78,0
1749138340,18.78,18.78,18.78,18.78,0
1749138345,18.78,18.78,18.78,18.78,0
1749138350,18.78,18.78,18.78,18.78,0
1749138355,18.78,18.78,18.78,18.78,0
1749138360,18.78,18.78,18.78,18.78,0
1749138365,18.78,18.78,18.78,18.78,0
1749138370,18.78,18.78,18.78,18.78,0
1749138375,18.78,18.78,18.78,18.78,0
1749138380,18.78,18.78,18.78,18.78,0
1749138385,18.78,18.78,18.78,18.78,0
1749138390,18.78,18.78,18.78,18.78,0
1749138395,18.78,18.78,18.78,18.78,0
1749138400,18.78,18.78,18.78,18.78,0
1749138405,18.78,18.78,18.78,18.78,0
1749138410,18.78,18.78,18.78,18.78,0
1749138415,18.78,18.78,18.78,18.78,0
1749138420,18.78,18.78,18.78,18.78,0
1749138425,18.78,18.78,18.78,18.78,0
1749138430,18.78,18.78,18.78,18.78,0
1749138435,18.78,18.78,18.78,18.78,0
1749138440,18.78,18.78,18.78,18.78,0
1749138445,18.78,18.78,18.78,18.78,0
1749138450,18.78,18.78,18.78,18.78,0
1749138455,18.78,18.78,18.78,18.78,0
1749138460,18.78,18.78,18.78,18.78,0
1749138465,18.78,18.78,18.78,18.78,0
1749138470,18.78,18.78,18.78,18.78,0
1749138475,18.78,18.78,18.78,18.78,0
1749138480,18.78,18.78,18.78,18.78,0
1749138485,18.78,18.78,18.78,18.78,0
1749138490,18.78,18.78,18.78,18.78,0
1749138495,18.78,18.78,18.78,18.78,0
1749138500,18.78,18.78,18.78,18.78,0
1749138505,18.78,18.78,18.78,18.78,0
1749138510,18.78,18.78,18.78,18.78,0
1749138515,18.78,18.78,18.78,18.78,0
1749138520,18.78,18.78,18.78,18.78,0
1749138525,18.78,18.78,18.78,18.78,0
1749138530,18.78,18.78,18.78,18.78,0
1749138535,18.78,18.78,18.78,18.78,0
1749138540,18.78,18.78,18.78,18.78,0
1749138545,18.78,18.78,18.78,18.78,0
1749138550,18.78,18.78,18.78,18.78,0
1749138555,18.78,18.78,18.78,18.78,0
1749138560,18.78,18.78,18.78,18.78,0
1749138565,18.78,18.78,18.78,18.78,0
1749138570,18.78,18.78,18.78,18.78,0
1749138575,18.78,18.78,18.78,18.78,0
1749138580,18.78,18.78,18.78,18.78,0
1749138585,18.78,18.78,18.78,18.78,0
1749138590,18.78,18.78,18.78,18.78,0
1749138595,18.78,18.78,18.78,18.78,0
1749138600,18.78,18.78,18.78,18.78,0
1749138605,18.78,18.78,18.78,18.78,0
1749138610,18.78,18.78,18.78,18.78,0
1749138615,18.78,18.78,18.78,18.78,0
1749138620,18.78,18.78,18.78,18.78,0
1749138625,18.78,18.78,18.78,18.78,0
1749138630,18.78,18.78,18.78,18.78,0
1749138635,18.78,18.78,18.78,18.78,0
1749138640,18.78,18.78,18.78,18.78,0
1749138645,18.78,18.78,18.78,18.78,0
1749138650,18.78,18.78,18.78,18.78,0
1749138655,18.78,18.78,18.78,18.78,0
1749138660,18.78,18.78,18.78,18.78,0
1749138665,18.78,18.78,18.78,18.78,0
1749138670,18.78,18.78,18.78,18.78,0
1749138675,18.78,18.78,18.78,18.78,0
1749138680,18.78,18.78,18.78,18.78,0
1749138685,18.78,18.78,18.78,18.78,0
1749138690,18.78,18.78,18.78,18.78,0
1749138695,18.78,18.78,18.78,18.78,0
1749138700,18.78,18.78,18.78,18.78,0
1749138705,18.78,18.78,18.78,18.78,0
1749138710,18.78,18.78,18.78,18.78,0
1749138715,18.78,18.78,18.78,18.78,0
1749138720,18.78,18.78,18.78,18.78,0
1749138725,18.78,18.78,18.78,18.78,0
1749138730,18.78,18.78,18.78,18.78,0
1749138735,18.78,18.78,18.78,18.78,0
1749138740,18.78,18.78,18.78,18.78,0
1749138745,18.78,18.78,18.78,18.78,0
1749138750,18.78,18.78,18.78,18.78,0
1749138755,18.78,18.78,18.78,18.78,0
1749138760,18.7,18.7,18.7,18.7,3
1749138765,18.7,18.7,18.7,18.7,0
1749138770,18.7,18.7,18.7,18.7,0
1749138775,18.7,18.7,18.7,18.7,0
1749138780,18.7,18.7,18.7,18.7,0
1749138785,18.7,18.7,18.7,18.7,0
1749138790,18.7,18.7,18.7,18.7,0
1749138795,18.7,18.7,18.7,18.7,0
1749138800,18.7,18.7,18.7,18.7,0
1749138805,18.7,18.7,18.7,18.7,0
1749138810,18.7,18.7,18.7,18.7,0
1749138815,18.7,18.7,18.7,18.7,0
1749138820,18.7,18.7,18.7,18.7,0
1749138825,18.7,18.7,18.7,18.7,0
1749138830,18.7,18.7,18.7,18.7,0
1749138835,18.7,18.7,18.7,18.7,1
1749138840,18.7,18.7,18.7,18.7,0
1749138845,18.7,18.7,18.7,18.7,0
1749138850,18.7,18.7,18.7,18.7,0
1749138855,18.7,18.7,18.7,18.7,0
1749138860,18.7,18.7,18.7,18.7,0
1749138865,18.7,18.7,18.7,18.7,0
1749138870,18.7,18.7,18.7,18.7,0
1749138875,18.7,18.7,18.7,18.7,0
1749138880,18.7,18.7,18.7,18.7,0
1749138885,18.7,18.7,18.7,18.7,0
1749138890,18.7,18.7,18.7,18.7,0
1749138895,18.7,18.7,18.7,18.7,0
1749138900,18.7,18.7,18.7,18.7,0
1749138905,18.7,18.7,18.7,18.7,0
1749138910,18.7,18.7,18.7,18.7,0
1749138915,18.7,18.7,18.7,18.7,0
1749138920,18.7,18.7,18.7,18.7,0
1749138925,18.7,18.7,18.7,18.7,0
1749138930,18.7,18.7,18.7,18.7,0
1749138935,18.7,18.7,18.7,18.7,0
1749138940,18.7,18.7,18.7,18.7,0
1749138945,18.7,18.7,18.7,18.7,0
1749138950,18.7,18.7,18.7,18.7,0
1749138955,18.7,18.7,18.7,18.7,0
1749138960,18.7,18.7,18.7,18.7,0
1749138965,18.7,18.7,18.7,18.7,0
1749138970,18.7,18.7,18.7,18.7,0
1749138975,18.7,18.7,18.7,18.7,0
1749138980,18.7,18.7,18.7,18.7,0
1749138985,18.7,18.7,18.7,18.7,0
1749138990,18.7,18.7,18.7,18.7,0
1749138995,18.63,18.63,18.62,18.62,7
1749139000,18.62,18.62,18.62,18.62,0
1749139005,18.62,18.62,18.62,18.62,0
1749139010,18.62,18.62,18.62,18.62,0
1749139015,18.62,18.62,18.62,18.62,0
1749139020,18.62,18.62,18.62,18.62,0
1749139025,18.62,18.62,18.62,18.62,0
1749139030,18.62,18.62,18.62,18.62,0
1749139035,18.62,18.62,18.62,18.62,0
1749139040,18.62,18.62,18.62,18.62,0
1749139045,18.62,18.62,18.62,18.62,0
1749139050,18.62,18.62,18.62,18.62,0
1749139055,18.62,18.62,18.62,18.62,0
1749139060,18.62,18.62,18.62,18.62,0
1749139065,18.62,18.62,18.62,18.62,0
1749139070,18.62,18.62,18.62,18.62,0
1749139075,18.62,18.62,18.62,18.62,0
1749139080,18.62,18.62,18.62,18.62,0
1749139085,18.62,18.62,18.62,18.62,0
1749139090,18.62,18.62,18.62,18.62,0
1749139095,18.62,18.62,18.62,18.62,0
1749139100,18.62,18.62,18.62,18.62,0
1749139105,18.62,18.62,18.62,18.62,0
1749139110,18.62,18.62,18.62,18.62,0
1749139115,18.62,18.62,18.62,18.62,0
1749139120,18.62,18.62,18.62,18.62,0
1749139125,18.62,18.62,18.62,18.62,0
1749139130,18.62,18.62,18.62,18.62,0
1749139135,18.62,18.62,18.62,18.62,0
1749139140,18.62,18.62,18.62,18.62,0
1749139145,18.62,18.62,18.62,18.62,0
1749139150,18.62,18.62,18.62,18.62,0
1749139155,18.62,18.62,18.62,18.62,0
1749139160,18.62,18.62,18.62,18.62,0
1749139165,18.62,18.62,18.62,18.62,0
1749139170,18.62,18.62,18.62,18.62,0
1749139175,18.62,18.62,18.62,18.62,0
1749139180,18.62,18.62,18.62,18.62,0
1749139185,18.62,18.62,18.62,18.62,0
1749139190,18.62,18.62,18.62,18.62,0
1749139195,18.62,18.62,18.62,18.62,0
1749139200,18.62,18.62,18.62,18.62,0
1749139205,18.62,18.62,18.62,18.62,0
1749139210,18.62,18.62,18.62,18.62,0
1749139215,18.62,18.62,18.62,18.62,0
1749139220,18.62,18.62,18.62,18.62,0
1749139225,18.62,18.62,18.62,18.62,0
1749139230,18.62,18.62,18.62,18.62,0
1749139235,18.62,18.62,18.62,18.62,0
1749139240,18.62,18.62,18.62,18.62,0
1749139245,18.62,18.62,18.62,18.62,0
1749139250,18.62,18.62,18.62,18.62,0
1749139255,18.62,18.62,18.62,18.62,0
1749139260,18.62,18.62,18.62,18.62,0
1749139265,18.62,18.62,18.62,18.62,0
1749139270,18.62,18.62,18.62,18.62,0
1749139275,18.62,18.62,18.62,18.62,0
1749139280,18.62,18.62,18.62,18.62,0
1749139285,18.62,18.62,18.62,18.62,0
1749139290,18.62,18.62,18.62,18.62,0
1749139295,18.62,18.62,18.62,18.62,0
1749139300,18.62,18.62,18.62,18.62,0
1749139305,18.62,18.62,18.62,18.62,0
1749139310,18.62,18.62,18.62,18.62,0
1749139315,18.62,18.62,18.62,18.62,0
1749139320,18.62,18.62,18.62,18.62,0
1749139325,18.62,18.62,18.62,18.62,0
1749139330,18.62,18.62,18.62,18.62,0
1749139335,18.62,18.62,18.62,18.62,0
1749139340,18.62,18.62,18.62,18.62,0
1749139345,18.62,18.62,18.62,18.62,0
1749139350,18.62,18.62,18.62,18.62,0
1749139355,18.62,18.62,18.62,18.62,0
1749139360,18.62,18.62,18.62,18.62,0
1749139365,18.62,18.62,18.62,18.62,0
1749139370,18.62,18.62,18.62,18.62,0
1749139375,18.62,18.62,18.62,18.62,0
1749139380,18.62,18.62,18.62,18.62,0
1749139385,18.62,18.62,18.62,18.62,0
1749139390,18.62,18.62,18.62,18.62,0
1749139395,18.62,18.62,18.62,18.62,0
1749139400,18.62,18.62,18.62,18.62,0
1749139405,18.62,18.62,18.62,18.62,0
1749139410,18.62,18.62,18.62,18.62,0
1749139415,18.62,18.62,18.62,18.62,0
1749139420,18.62,18.62,18.62,18.62,0
1749139425,18.62,18.62,18.62,18.62,0
1749139430,18.62,18.62,18.62,18.62,0
1749139435,18.62,18.62,18.62,18.62,0
1749139440,18.62,18.62,18.62,18.62,0
1749139445,18.62,18.62,18.62,18.62,0
1749139450,18.62,18.62,18.62,18.62,1
1749139455,18.62,18.62,18.62,18.62,0
1749139460,18.62,18.62,18.62,18.62,0
1749139465,18.62,18.62,18.62,18.62,0
1749139470,18.62,18.62,18.62,18.62,0
1749139475,18.62,18.62,18.62,18.62,0
1749139480,18.62,18.62,18.62,18.62,0
1749139485,18.62,18.62,18.62,18.62,0
1749139490,18.62,18.62,18.62,18.62,0
1749139495,18.62,18.62,18.62,18.62,0
1749139500,18.62,18.62,18.62,18.62,0
1749139505,18.62,18.62,18.62,18.62,0
1749139510,18.62,18.62,18.62,18.62,0
1749139515,18.62,18.62,18.62,18.62,0
1749139520,18.62,18.62,18.62,18.62,0
1749139525,18.62,18.62,18.62,18.62,0
1749139530,18.62,18.62,18.62,18.62,0
1749139535,18.62,18.62,18.62,18.62,0
1749139540,18.62,18.62,18.62,18.62,0
1749139545,18.62,18.62,18.62,18.62,0
1749139550,18.62,18.62,18.62,18.62,0
1749139555,18.62,18.62,18.62,18.62,0
1749139560,18.62,18.62,18.62,18.62,0
1749139565,18.62,18.62,18.62,18.62,0
1749139570,18.62,18.62,18.62,18.62,0
1749139575,18.62,18.62,18.62,18.62,0
1749139580,18.62,18.62,18.62,18.62,0
1749139585,18.62,18.62,18.62,18.62,0
1749139590,18.62,18.62,18.62,18.62,0
1749139595,18.62,18.62,18.62,18.62,0
1749139600,18.62,18.62,18.62,18.62,0
1749139605,18.62,18.62,18.62,18.62,0
1749139610,18.62,18.62,18.62,18.62,0
1749139615,18.62,18.62,18.62,18.62,0
1749139620,18.62,18.62,18.62,18.62,0
1749139625,18.62,18.62,18.62,18.62,0
1749139630,18.62,18.62,18.62,18.62,0
1749139635,18.62,18.62,18.62,18.62,0
1749139640,18.62,18.62,18.62,18.62,0
1749139645,18.62,18.62,18.62,18.62,0
1749139650,18.62,18.62,18.62,18.62,0
1749139655,18.62,18.62,18.62,18.62,0
1749139660,18.65,18.65,18.65,18.65,3
1749139665,18.65,18.65,18.65,18.65,0
1749139670,18.65,18.65,18.65,18.65,0
1749139675,18.65,18.65,18.65,18.65,0
1749139680,18.65,18.65,18.65,18.65,0
1749139685,18.65,18.65,18.65,18.65,0
1749139690,18.65,18.65,18.65,18.65,0
1749139695,18.65,18.65,18.65,18.65,0
1749139700,18.65,18.65,18.65,18.65,0
1749139705,18.65,18.65,18.65,18.65,0
1749139710,18.65,18.65,18.65,18.65,0
1749139715,18.65,18.65,18.65,18.65,0
1749139720,18.65,18.65,18.65,18.65,0
1749139725,18.65,18.65,18.65,18.65,0
1749139730,18.65,18.65,18.65,18.65,0
1749139735,18.65,18.65,18.65,18.65,0
1749139740,18.65,18.65,18.65,18.65,0
1749139745,18.65,18.65,18.65,18.65,0
1749139750,18.65,18.65,18.65,18.65,0
1749139755,18.65,18.65,18.65,18.65,0
1749139760,18.65,18.65,18.65,18.65,0
1749139765,18.65,18.65,18.65,18.65,0
1749139770,18.65,18.65,18.65,18.65,0
1749139775,18.65,18.65,18.65,18.65,0
1749139780,18.65,18.65,18.65,18.65,0
1749139785,18.65,18.65,18.65,18.65,0
1749139790,18.65,18.65,18.65,18.65,0
1749139795,18.65,18.65,18.65,18.65,0
1749139800,18.65,18.65,18.65,18.65,0
1749139805,18.65,18.65,18.65,18.65,0
1749139810,18.65,18.65,18.65,18.65,0
1749139815,18.65,18.65,18.65,18.65,0
1749139820,18.65,18.65,18.65,18.65,0
1749139825,18.65,18.65,18.65,18.65,0
1749139830,18.65,18.65,18.65,18.65,0
1749139835,18.65,18.65,18.65,18.65,0
1749139840,18.65,18.65,18.65,18.65,0
1749139845,18.65,18.65,18.65,18.65,0
1749139850,18.65,18.65,18.65,18.65,0
1749139855,18.65,18.65,18.65,18.65,0
1749139860,18.65,18.65,18.65,18.65,0
1749139865,18.65,18.65,18.65,18.65,0
1749139870,18.65,18.65,18.65,18.65,0
1749139875,18.65,18.65,18.65,18.65,0
1749139880,18.65,18.65,18.65,18.65,0
1749139885,18.65,18.65,18.65,18.65,0
1749139890,18.69,18.69,18.69,18.69,2
1749139895,18.69,18.69,18.69,18.69,0
1749139900,18.69,18.69,18.69,18.69,0
1749139905,18.69,18.69,18.69,18.69,0
1749139910,18.69,18.69,18.69,18.69,0
1749139915,18.69,18.69,18.69,18.69,0
1749139920,18.69,18.69,18.69,18.69,0
1749139925,18.69,18.69,18.69,18.69,0
1749139930,18.69,18.69,18.69,18.69,0
1749139935,18.69,18.69,18.69,18.69,0
1749139940,18.69,18.69,18.69,18.69,0
1749139945,18.69,18.69,18.69,18.69,0
1749139950,18.69,18.69,18.69,18.69,0
1749139955,18.69,18.69,18.69,18.69,0
1749139960,18.69,18.69,18.69,18.69,0
1749139965,18.69,18.69,18.69,18.69,0
1749139970,18.69,18.69,18.69,18.69,0
1749139975,18.69,18.69,18.69,18.69,0
1749139980,18.69,18.69,18.69,18.69,0
1749139985,18.69,18.69,18.69,18.69,0
1749139990,18.69,18.69,18.69,18.69,0
1749139995,18.69,18.69,18.69,18.69,0
1749140000,18.69,18.69,18.69,18.69,0
1749140005,18.69,18.69,18.69,18.69,0
1749140010,18.69,18.69,18.69,18.69,0
1749140015,18.69,18.69,18.69,18.69,0
1749140020,18.69,18.69,18.69,18.69,0
1749140025,18.69,18.69,18.69,18.69,0
1749140030,18.69,18.69,18.69,18.69,0
1749140035,18.69,18.69,18.69,18.69,0
1749140040,18.69,18.69,18.69,18.69,0
1749140045,18.69,18.69,18.69,18.69,0
1749140050,18.69,18.69,18.69,18.69,0
1749140055,18.69,18.69,18.69,18.69,0
1749140060,18.69,18.69,18.69,18.69,0
1749140065,18.69,18.69,18.69,18.69,0
1749140070,18.69,18.69,18.69,18.69,0
1749140075,18.69,18.69,18.69,18.69,0
1749140080,18.69,18.69,18.69,18.69,0
1749140085,18.69,18.69,18.69,18.69,0
1749140090,18.69,18.69,18.69,18.69,0
1749140095,18.69,18.69,18.69,18.69,0
1749140100,18.69,18.69,18.69,18.69,0
1749140105,18.69,18.69,18.69,18.69,0
1749140110,18.69,18.69,18.69,18.69,0
1749140115,18.69,18.69,18.69,18.69,0
1749140120,18.69,18.69,18.69,18.69,0
1749140125,18.69,18.69,18.69,18.69,0
1749140130,18.69,18.69,18.69,18.69,0
1749140135,18.69,18.69,18.69,18.69,0
1749140140,18.69,18.69,18.69,18.69,0
1749140145,18.69,18.69,18.69,18.69,0
1749140150,18.69,18.69,18.69,18.69,0
1749140155,18.69,18.69,18.69,18.69,0
1749140160,18.69,18.69,18.69,18.69,0
1749140165,18.69,18.69,18.69,18.69,0
1749140170,18.69,18.69,18.69,18.69,0
1749140175,18.69,18.69,18.69,18.69,0
1749140180,18.69,18.69,18.69,18.69,0
1749140185,18.72,18.72,18.72,18.72,1
1749140190,18.72,18.72,18.72,18.72,0
1749140195,18.72,18.72,18.72,18.72,0
1749140200,18.72,18.72,18.72,18.72,0
1749140205,18.72,18.72,18.72,18.72,0
1749140210,18.72,18.72,18.72,18.72,0
1749140215,18.72,18.72,18.72,18.72,0
1749140220,18.72,18.72,18.72,18.72,0
1749140225,18.72,18.72,18.72,18.72,0
1749140230,18.72,18.72,18.72,18.72,0
1749140235,18.77,18.77,18.77,18.77,3
1749140240,18.77,18.77,18.77,18.77,0
1749140245,18.77,18.77,18.77,18.77,0
1749140250,18.77,18.77,18.77,18.77,0
1749140255,18.77,18.77,18.77,18.77,0
1749140260,18.82,18.82,18.82,18.82,1
1749140265,18.82,18.82,18.82,18.82,0
1749140270,18.82,18.82,18.82,18.82,0
1749140275,18.82,18.82,18.82,18.82,0
1749140280,18.82,18.82,18.82,18.82,0
1749140285,18.82,18.82,18.82,18.82,0
1749140290,18.83,18.83,18.83,18.83,1
1749140295,18.83,18.83,18.83,18.83,0
1749140300,18.83,18.83,18.83,18.83,0
1749140305,18.83,18.83,18.83,18.83,0
1749140310,18.83,18.83,18.83,18.83,0
1749140315,18.83,18.83,18.83,18.83,0
1749140320,18.83,18.83,18.83,18.83,0
1749140325,18.83,18.83,18.83,18.83,0
1749140330,18.83,18.83,18.83,18.83,0
1749140335,18.83,18.83,18.83,18.83,0
1749140340,18.83,18.83,18.83,18.83,0
1749140345,18.83,18.83,18.83,18.83,0
1749140350,18.83,18.83,18.83,18.83,0
1749140355,18.83,18.83,18.83,18.83,0
1749140360,18.83,18.83,18.83,18.83,0
1749140365,18.8,18.8,18.8,18.8,1
1749140370,18.8,18.8,18.8,18.8,0
1749140375,18.8,18.8,18.8,18.8,0
1749140380,18.8,18.8,18.8,18.8,0
1749140385,18.82,18.82,18.82,18.82,1
1749140390,18.82,18.82,18.82,18.82,0
1749140395,18.82,18.82,18.82,18.82,0
1749140400,18.82,18.82,18.82,18.82,0
1749140405,18.77,18.77,18.77,18.77,1
1749140410,18.77,18.77,18.77,18.77,0
1749140415,18.77,18.77,18.77,18.77,0
1749140420,18.77,18.77,18.77,18.77,0
1749140425,18.77,18.77,18.77,18.77,0
1749140430,18.77,18.77,18.77,18.77,0
1749140435,18.77,18.77,18.77,18.77,0
1749140440,18.77,18.77,18.77,18.77,0
1749140445,18.72,18.72,18.72,18.72,1
1749140450,18.72,18.72,18.72,18.72,0
1749140455,18.72,18.72,18.72,18.72,0
1749140460,18.72,18.72,18.72,18.72,0
1749140465,18.72,18.72,18.72,18.72,0
1749140470,18.72,18.72,18.72,18.72,0
1749140475,18.72,18.72,18.72,18.72,0
1749140480,18.72,18.72,18.72,18.72,0
1749140485,18.72,18.72,18.72,18.72,0
1749140490,18.72,18.72,18.72,18.72,0
1749140495,18.72,18.72,18.72,18.72,0
1749140500,18.72,18.72,18.72,18.72,0
1749140505,18.72,18.72,18.72,18.72,0
1749140510,18.72,18.72,18.72,18.72,0
1749140515,18.72,18.72,18.72,18.72,0
1749140520,18.72,18.72,18.72,18.72,0
1749140525,18.72,18.72,18.72,18.72,0
1749140530,18.72,18.72,18.72,18.72,0
1749140535,18.72,18.72,18.72,18.72,0
1749140540,18.72,18.72,18.72,18.72,0
1749140545,18.72,18.72,18.72,18.72,0
1749140550,18.72,18.72,18.72,18.72,0
1749140555,18.72,18.72,18.72,18.72,0
1749140560,18.72,18.72,18.72,18.72,0
1749140565,18.72,18.72,18.72,18.72,0
1749140570,18.72,18.72,18.72,18.72,0
1749140575,18.72,18.72,18.72,18.72,0
1749140580,18.72,18.72,18.72,18.72,0
1749140585,18.72,18.72,18.72,18.72,0
1749140590,18.72,18.72,18.72,18.72,0
1749140595,18.72,18.72,18.72,18.72,0
1749140600,18.72,18.72,18.72,18.72,0
1749140605,18.72,18.72,18.72,18.72,0
1749140610,18.72,18.72,18.72,18.72,0
1749140615,18.72,18.72,18.72,18.72,0
1749140620,18.72,18.72,18.72,18.72,0
1749140625,18.72,18.72,18.72,18.72,0
1749140630,18.72,18.72,18.72,18.72,0
1749140635,18.72,18.72,18.72,18.72,0
1749140640,18.72,18.72,18.72,18.72,0
1749140645,18.72,18.72,18.72,18.72,0
1749140650,18.72,18.72,18.72,18.72,0
1749140655,18.72,18.72,18.72,18.72,0
1749140660,18.72,18.72,18.72,18.72,0
1749140665,18.74,18.74,18.74,18.74,1
1749140670,18.74,18.74,18.74,18.74,0
1749140675,18.74,18.74,18.74,18.74,0
1749140680,18.74,18.74,18.74,18.74,0
1749140685,18.74,18.74,18.74,18.74,0
1749140690,18.74,18.74,18.74,18.74,0
1749140695,18.74,18.74,18.74,18.74,0
1749140700,18.74,18.74,18.74,18.74,0
1749140705,18.74,18.74,18.74,18.74,0
1749140710,18.74,18.74,18.74,18.74,0
1749140715,18.74,18.74,18.74,18.74,0
1749140720,18.74,18.74,18.74,18.74,0
1749140725,18.74,18.74,18.74,18.74,0
1749140730,18.74,18.74,18.74,18.74,0
1749140735,18.74,18.74,18.74,18.74,0
1749140740,18.74,18.74,18.74,18.74,0
1749140745,18.74,18.74,18.74,18.74,0
1749140750,18.74,18.74,18.74,18.74,0
1749140755,18.74,18.74,18.74,18.74,0
1749140760,18.74,18.74,18.74,18.74,0
1749140765,18.74,18.74,18.74,18.74,0
1749140770,18.74,18.74,18.74,18.74,0
1749140775,18.74,18.74,18.74,18.74,0
1749140780,18.74,18.74,18.74,18.74,0
1749140785,18.74,18.74,18.74,18.74,0
1749140790,18.74,18.74,18.74,18.74,0
1749140795,18.74,18.74,18.74,18.74,0
1749140800,18.76,18.76,18.76,18.76,3
1749140805,18.76,18.76,18.76,18.76,0
1749140810,18.76,18.76,18.76,18.76,0
1749140815,18.76,18.76,18.76,18.76,0
1749140820,18.76,18.76,18.76,18.76,0
1749140825,18.78,18.78,18.78,18.78,1
1749140830,18.78,18.78,18.78,18.78,0
1749140835,18.78,18.78,18.78,18.78,0
1749140840,18.78,18.78,18.78,18.78,0
1749140845,18.78,18.78,18.78,18.78,0
1749140850,18.78,18.78,18.78,18.78,0
1749140855,18.78,18.78,18.78,18.78,0
1749140860,18.78,18.78,18.78,18.78,0
1749140865,18.78,18.78,18.78,18.78,0
1749140870,18.73,18.73,18.73,18.73,2
1749140875,18.73,18.73,18.73,18.73,0
1749140880,18.73,18.73,18.73,18.73,0
1749140885,18.73,18.73,18.73,18.73,0
1749140890,18.73,18.73,18.73,18.73,0
1749140895,18.73,18.73,18.73,18.73,0
1749140900,18.73,18.73,18.73,18.73,0
1749140905,18.73,18.73,18.73,18.73,0
1749140910,18.73,18.73,18.73,18.73,0
1749140915,18.73,18.73,18.73,18.73,0
1749140920,18.73,18.73,18.73,18.73,0
1749140925,18.73,18.73,18.73,18.73,0
1749140930,18.73,18.73,18.73,18.73,0
1749140935,18.73,18.73,18.73,18.73,0
1749140940,18.73,18.73,18.73,18.73,0
1749140945,18.73,18.73,18.73,18.73,0
1749140950,18.73,18.73,18.73,18.73,0
1749140955,18.73,18.73,18.73,18.73,0
1749140960,18.73,18.73,18.73,18.73,0
1749140965,18.73,18.73,18.73,18.73,0
1749140970,18.73,18.73,18.73,18.73,0
1749140975,18.73,18.73,18.73,18.73,0
1749140980,18.73,18.73,18.73,18.73,0
1749140985,18.73,18.73,18.73,18.73,0
1749140990,18.73,18.73,18.73,18.73,0
1749140995,18.73,18.73,18.73,18.73,0
1749141000,18.73,18.73,18.73,18.73,0
1749141005,18.73,18.73,18.73,18.73,0
1749141010,18.73,18.73,18.73,18.73,0
1749141015,18.73,18.73,18.73,18.73,0
1749141020,18.73,18.73,18.73,18.73,0
1749141025,18.73,18.73,18.73,18.73,0
1749141030,18.73,18.73,18.73,18.73,0
1749141035,18.73,18.73,18.73,18.73,0
1749141040,18.73,18.73,18.73,18.73,0
1749141045,18.73,18.73,18.73,18.73,0
1749141050,18.73,18.73,18.73,18.73,0
1749141055,18.73,18.73,18.73,18.73,0
1749141060,18.73,18.73,18.73,18.73,0
1749141065,18.73,18.73,18.73,18.73,0
1749141070,18.73,18.73,18.73,18.73,0
1749141075,18.73,18.73,18.73,18.73,0
1749141080,18.73,18.73,18.73,18.73,0
1749141085,18.73,18.73,18.73,18.73,0
1749141090,18.73,18.73,18.73,18.73,0
1749141095,18.73,18.73,18.73,18.73,0
1749141100,18.73,18.73,18.73,18.73,0
1749141105,18.73,18.73,18.73,18.73,0
1749141110,18.73,18.73,18.73,18.73,0
1749141115,18.73,18.73,18.73,18.73,0
1749141120,18.73,18.73,18.73,18.73,0
1749141125,18.73,18.73,18.73,18.73,0
1749141130,18.73,18.73,18.73,18.73,0
1749141135,18.73,18.73,18.73,18.73,0
1749141140,18.73,18.73,18.73,18.73,0
1749141145,18.73,18.73,18.73,18.73,0
1749141150,18.73,18.73,18.73,18.73,0
1749141155,18.73,18.73,18.73,18.73,0
1749141160,18.73,18.73,18.73,18.73,0
1749141165,18.73,18.73,18.73,18.73,0
1749141170,18.73,18.73,18.73,18.73,0
1749141175,18.73,18.73,18.73,18.73,0
1749141180,18.73,18.73,18.73,18.73,0
1749141185,18.73,18.73,18.73,18.73,0
1749141190,18.73,18.73,18.73,18.73,0
1749141195,18.73,18.73,18.73,18.73,0
1749141200,18.73,18.73,18.73,18.73,0
1749141205,18.73,18.73,18.73,18.73,0
1749141210,18.73,18.73,18.73,18.73,0
1749141215,18.73,18.73,18.73,18.73,0
1749141220,18.73,18.73,18.73,18.73,0
1749141225,18.73,18.73,18.73,18.73,0
1749141230,18.73,18.73,18.73,18.73,0
1749141235,18.73,18.73,18.73,18.73,0
1749141240,18.73,18.73,18.73,18.73,0
1749141245,18.73,18.73,18.73,18.73,0
1749141250,18.73,18.73,18.73,18.73,0
1749141255,18.77,18.77,18.77,18.77,1
1749141260,18.77,18.77,18.77,18.77,0
1749141265,18.77,18.77,18.77,18.77,0
1749141270,18.77,18.77,18.77,18.77,0
1749141275,18.77,18.77,18.77,18.77,0
1749141280,18.77,18.77,18.77,18.77,0
1749141285,18.77,18.77,18.77,18.77,0
1749141290,18.76,18.76,18.76,18.76,2
1749141295,18.76,18.76,18.76,18.76,0
1749141300,18.76,18.76,18.76,18.76,0
1749141305,18.76,18.76,18.76,18.76,1
1749141310,18.76,18.76,18.76,18.76,0
1749141315,18.78,18.78,18.76,18.76,2
1749141320,18.74,18.74,18.74,18.74,1
1749141325,18.74,18.74,18.74,18.74,0
1749141330,18.76,18.76,18.76,18.76,1
1749141335,18.76,18.76,18.76,18.76,0
1749141340,18.76,18.76,18.76,18.76,0
1749141345,18.76,18.76,18.76,18.76,0
1749141350,18.76,18.76,18.76,18.76,3
1749141355,18.76,18.76,18.76,18.76,1
1749141360,18.76,18.76,18.76,18.76,0
1749141365,18.76,18.76,18.76,18.76,0
1749141370,18.76,18.76,18.76,18.76,0
1749141375,18.76,18.76,18.76,18.76,0
1749141380,18.76,18.76,18.76,18.76,0
1749141385,18.76,18.76,18.76,18.76,0
1749141390,18.76,18.76,18.76,18.76,1
1749141395,18.76,18.76,18.76,18.76,1
1749141400,18.76,18.76,18.76,18.76,0
1749141405,18.76,18.76,18.76,18.76,0
1749141410,18.76,18.76,18.76,18.76,0
1749141415,18.76,18.76,18.76,18.76,0
1749141420,18.76,18.76,18.76,18.76,0
1749141425,18.76,18.76,18.76,18.76,0
1749141430,18.76,18.76,18.76,18.76,0
1749141435,18.76,18.76,18.76,18.76,0
1749141440,18.76,18.76,18.76,18.76,0
1749141445,18.76,18.76,18.76,18.76,0
1749141450,18.76,18.76,18.76,18.76,0
1749141455,18.76,18.76,18.76,18.76,0
1749141460,18.76,18.76,18.76,18.76,0
1749141465,18.76,18.76,18.76,18.76,0
1749141470,18.76,18.76,18.76,18.76,0
1749141475,18.76,18.76,18.76,18.76,0
1749141480,18.76,18.76,18.76,18.76,0
1749141485,18.76,18.76,18.76,18.76,0
1749141490,18.76,18.76,18.76,18.76,0
1749141495,18.76,18.76,18.76,18.76,0
1749141500,18.76,18.76,18.76,18.76,15
1749141505,18.76,18.76,18.76,18.76,0
1749141510,18.76,18.76,18.76,18.76,0
1749141515,18.76,18.76,18.76,18.76,0
1749141520,18.76,18.76,18.76,18.76,0
1749141525,18.76,18.76,18.76,18.76,0
1749141530,18.76,18.76,18.76,18.76,0
1749141535,18.76,18.76,18.76,18.76,0
1749141540,18.76,18.76,18.76,18.76,0
1749141545,18.78,18.78,18.78,18.78,1
1749141550,18.78,18.78,18.78,18.78,0
1749141555,18.78,18.78,18.78,18.78,0
1749141560,18.78,18.78,18.78,18.78,0
1749141565,18.78,18.78,18.78,18.78,0
1749141570,18.78,18.78,18.78,18.78,0
1749141575,18.78,18.78,18.78,18.78,0
1749141580,18.78,18.78,18.78,18.78,0
1749141585,18.78,18.78,18.78,18.78,0
1749141590,18.78,18.78,18.78,18.78,0
1749141595,18.78,18.78,18.78,18.78,0
1749141600,18.78,18.78,18.78,18.78,0
1749141605,18.78,18.78,18.78,18.78,0
1749141610,18.78,18.78,18.78,18.78,0
1749141615,18.78,18.78,18.78,18.78,0
1749141620,18.78,18.78,18.78,18.78,0
1749141625,18.78,18.78,18.78,18.78,0
1749141630,18.78,18.78,18.78,18.78,0
1749141635,18.78,18.78,18.78,18.78,0
1749141640,18.78,18.78,18.78,18.78,0
1749141645,18.78,18.78,18.78,18.78,0
1749141650,18.78,18.78,18.78,18.78,0
1749141655,18.78,18.78,18.78,18.78,0
1749141660,18.78,18.78,18.78,18.78,0
1749141665,18.78,18.78,18.78,18.78,0
1749141670,18.78,18.78,18.78,18.78,0
1749141675,18.82,18.82,18.82,18.82,3
1749141680,18.82,18.82,18.82,18.82,1
1749141685,18.82,18.82,18.82,18.82,0
1749141690,18.82,18.82,18.82,18.82,0
1749141695,18.82,18.82,18.82,18.82,0
1749141700,18.82,18.82,18.82,18.82,0
1749141705,18.82,18.82,18.82,18.82,0
1749141710,18.82,18.82,18.82,18.82,0
1749141715,18.82,18.82,18.82,18.82,0
1749141720,18.82,18.82,18.82,18.82,0
1749141725,18.82,18.82,18.82,18.82,0
1749141730,18.82,18.82,18.82,18.82,0
1749141735,18.82,18.82,18.82,18.82,0
1749141740,18.82,18.82,18.82,18.82,0
1749141745,18.82,18.82,18.82,18.82,0
1749141750,18.82,18.82,18.82,18.82,0
1749141755,18.82,18.82,18.82,18.82,0
1749141760,18.82,18.82,18.82,18.82,0
1749141765,18.84,18.84,18.82,18.82,2
1749141770,18.82,18.82,18.82,18.82,0
1749141775,18.82,18.82,18.82,18.82,0
1749141780,18.82,18.82,18.82,18.82,0
1749141785,18.82,18.82,18.82,18.82,0
1749141790,18.82,18.82,18.82,18.82,0
1749141795,18.82,18.82,18.82,18.82,0
1749141800,18.82,18.82,18.82,18.82,0
1749141805,18.82,18.82,18.82,18.82,0
1749141810,18.82,18.82,18.82,18.82,0
1749141815,18.82,18.82,18.82,18.82,0
1749141820,18.82,18.82,18.82,18.82,0
1749141825,18.82,18.82,18.82,18.82,0
1749141830,18.82,18.82,18.82,18.82,0
1749141835,18.82,18.82,18.82,18.82,0
1749141840,18.83,18.83,18.83,18.83,1
1749141845,18.83,18.83,18.83,18.83,0
1749141850,18.83,18.83,18.83,18.83,0
1749141855,18.83,18.83,18.83,18.83,0
1749141860,18.83,18.83,18.83,18.83,0
1749141865,18.83,18.83,18.83,18.83,0
1749141870,18.83,18.83,18.83,18.83,0
1749141875,18.83,18.83,18.83,18.83,0
1749141880,18.83,18.83,18.83,18.83,0
1749141885,18.84,18.84,18.84,18.84,1
1749141890,18.84,18.84,18.84,18.84,0
1749141895,18.83,18.83,18.83,18.83,1
1749141900,18.84,18.87,18.84,18.87,3
1749141905,18.87,18.87,18.87,18.87,0
1749141910,18.91,18.91,18.91,18.91,1
1749141915,18.91,18.91,18.91,18.91,0
1749141920,18.91,18.91,18.91,18.91,0
1749141925,18.91,18.91,18.91,18.91,0
1749141930,18.91,18.91,18.91,18.91,0
1749141935,18.91,18.91,18.91,18.91,0
1749141940,18.91,18.91,18.91,18.91,0
1749141945,18.91,18.91,18.91,18.91,0
1749141950,18.94,18.94,18.94,18.94,2
1749141955,18.94,18.94,18.94,18.94,0
1749141960,18.94,18.94,18.94,18.94,0
1749141965,18.95,18.95,18.95,18.95,4
1749141970,18.95,18.95,18.95,18.95,0
1749141975,18.97,18.97,18.96,18.97,3
1749141980,18.94,18.94,18.94,18.94,1
1749141985,18.94,18.94,18.94,18.94,0
1749141990,18.94,18.94,18.94,18.94,0
1749141995,18.94,18.94,18.94,18.94,0
1749142000,18.94,18.94,18.94,18.94,0
1749142005,18.94,18.94,18.94,18.94,0
1749142010,18.94,18.94,18.94,18.94,0
1749142015,18.94,18.94,18.94,18.94,0
1749142020,18.94,18.94,18.93,18.93,2
1749142025,18.93,18.93,18.93,18.93,0
1749142030,18.93,18.93,18.93,18.93,0
1749142035,18.93,18.93,18.93,18.93,0
1749142040,18.93,18.93,18.93,18.93,0
1749142045,18.93,18.93,18.93,18.93,0
1749142050,18.93,18.93,18.93,18.93,0
1749142055,18.93,18.93,18.93,18.93,0
1749142060,18.93,18.93,18.93,18.93,0
1749142065,18.93,18.93,18.93,18.93,0
1749142070,18.93,18.93,18.93,18.93,0
1749142075,18.93,18.93,18.93,18.93,0
1749142080,18.93,18.93,18.93,18.93,0
1749142085,18.93,18.93,18.93,18.93,0
1749142090,19.0,19.0,19.0,19.0,15
1749142095,19.0,19.0,19.0,19.0,0
1749142100,19.0,19.0,19.0,19.0,0
1749142105,19.0,19.0,19.0,19.0,0
1749142110,19.0,19.0,19.0,19.0,50
1749142115,19.0,19.0,19.0,19.0,0
1749142120,19.0,19.0,19.0,19.0,0
1749142125,19.0,19.0,19.0,19.0,0
1749142130,19.0,19.0,19.0,19.0,0
1749142135,18.97,18.97,18.97,18.97,9
1749142140,18.97,18.97,18.97,18.97,0
1749142145,18.97,18.97,18.97,18.97,0
1749142150,18.97,18.97,18.97,18.97,0
1749142155,18.97,18.97,18.97,18.97,0
1749142160,18.97,18.97,18.97,18.97,0
1749142165,18.97,18.97,18.97,18.97,0
1749142170,18.97,18.97,18.97,18.97,0
1749142175,18.97,18.97,18.97,18.97,0
1749142180,18.97,18.97,18.97,18.97,0
1749142185,18.97,18.97,18.97,18.97,0
1749142190,18.97,18.97,18.97,18.97,0
1749142195,19.03,19.03,19.03,19.03,1
1749142200,19.03,19.03,19.03,19.03,0
1749142205,19.03,19.03,19.03,19.03,0
1749142210,19.03,19.03,19.03,19.03,0
1749142215,19.03,19.03,19.03,19.03,0
1749142220,19.03,19.03,19.03,19.03,0
1749142225,19.01,19.01,19.01,19.01,1
1749142230,19.01,19.01,19.01,19.01,0
1749142235,19.01,19.01,19.01,19.01,0
1749142240,19.01,19.01,19.01,19.01,0
1749142245,19.01,19.01,19.01,19.01,0
1749142250,19.01,19.01,19.01,19.01,0
1749142255,19.01,19.01,19.01,19.01,0
1749142260,19.01,19.01,19.01,19.01,0
1749142265,19.01,19.01,19.01,19.01,0
1749142270,19.01,19.01,19.01,19.01,0
1749142275,19.01,19.01,19.01,19.01,0
1749142280,19.01,19.01,19.01,19.01,0
1749142285,19.01,19.01,19.01,19.01,0
1749142290,19.01,19.01,19.01,19.01,0
1749142295,19.01,19.01,19.01,19.01,0
1749142300,18.95,18.95,18.95,18.95,5
1749142305,18.95,18.95,18.95,18.95,0
1749142310,18.95,18.95,18.95,18.95,0
1749142315,18.95,18.95,18.95,18.95,0
1749142320,19.03,19.05,19.03,19.05,27
1749142325,19.05,19.05,19.05,19.05,0
1749142330,19.05,19.05,19.05,19.05,0
1749142335,19.05,19.05,19.05,19.05,0
1749142340,19.05,19.05,19.05,19.05,0
1749142345,19.05,19.05,19.05,19.05,0
1749142350,19.05,19.05,19.05,19.05,0
1749142355,19.05,19.05,19.05,19.05,0
1749142360,19.09,19.09,19.09,19.09,1
1749142365,19.09,19.09,19.09,19.09,0
1749142370,19.09,19.09,19.09,19.09,0
1749142375,19.09,19.09,19.09,19.09,0
1749142380,19.13,19.14,19.13,19.14,5
1749142385,19.14,19.14,19.14,19.14,0
1749142390,19.14,19.14,19.14,19.14,0
1749142395,19.14,19.14,19.14,19.14,0
1749142400,19.14,19.14,19.14,19.14,0
1749142405,19.14,19.14,19.14,19.14,0
1749142410,19.03,19.03,19.03,19.03,1
1749142415,19.03,19.03,19.03,19.03,0
1749142420,19.03,19.03,19.03,19.03,0
1749142425,19.03,19.03,19.03,19.03,0
1749142430,19.03,19.03,19.03,19.03,0
1749142435,19.03,19.03,19.03,19.03,0
1749142440,19.03,19.03,19.03,19.03,0
1749142445,19.03,19.03,19.03,19.03,0
1749142450,19.02,19.02,19.02,19.02,1
1749142455,19.02,19.02,19.02,19.02,0
1749142460,19.02,19.02,19.02,19.02,0
1749142465,19.02,19.02,19.02,19.02,0
1749142470,19.02,19.02,19.02,19.02,0
1749142475,19.02,19.02,19.02,19.02,0
1749142480,19.02,19.02,19.02,19.02,0
1749142485,19.02,19.02,19.02,19.02,0
1749142490,19.02,19.02,19.02,19.02,0
1749142495,19.02,19.02,19.02,19.02,0
1749142500,19.02,19.02,19.02,19.02,0
1749142505,19.02,19.02,19.02,19.02,0
1749142510,19.02,19.02,19.02,19.02,0
1749142515,19.02,19.02,19.02,19.02,0
1749142520,19.02,19.02,19.02,19.02,0
1749142525,19.02,19.02,19.02,19.02,0
1749142530,19.02,19.02,19.02,19.02,0
1749142535,19.02,19.02,19.02,19.02,0
1749142540,19.02,19.02,19.02,19.02,0
1749142545,19.02,19.02,19.02,19.02,0
1749142550,19.0,19.0,19.0,19.0,61
1749142555,19.0,19.0,19.0,19.0,0
1749142560,19.0,19.0,19.0,19.0,0
1749142565,19.02,19.02,19.02,19.02,1
1749142570,19.02,19.02,19.02,19.02,0
1749142575,19.02,19.02,19.02,19.02,0
1749142580,19.02,19.02,19.02,19.02,0
1749142585,19.02,19.02,19.02,19.02,0
1749142590,19.02,19.02,19.02,19.02,0
1749142595,19.02,19.02,19.02,19.02,0
1749142600,19.02,19.02,19.02,19.02,0
1749142605,19.02,19.02,19.02,19.02,0
1749142610,19.02,19.02,19.02,19.02,0
1749142615,19.0,19.0,19.0,19.0,50
1749142620,19.0,19.0,19.0,19.0,0
1749142625,19.0,19.0,19.0,19.0,0
1749142630,19.0,19.0,19.0,19.0,0
1749142635,19.0,19.0,19.0,19.0,0
1749142640,19.04,19.04,19.04,19.04,1
1749142645,19.05,19.05,19.05,19.05,1
1749142650,19.05,19.05,19.05,19.05,0
1749142655,19.05,19.05,19.05,19.05,0
1749142660,19.05,19.05,19.05,19.05,0
1749142665,19.05,19.05,19.05,19.05,0
1749142670,19.05,19.05,19.05,19.05,0
1749142675,19.05,19.05,19.05,19.05,0
1749142680,19.09,19.09,19.09,19.09,5
1749142685,19.09,19.09,19.09,19.09,0
1749142690,19.09,19.09,19.09,19.09,0
1749142695,19.09,19.09,19.09,19.09,0
1749142700,19.09,19.09,19.09,19.09,0
1749142705,19.09,19.09,19.09,19.09,0
1749142710,19.09,19.09,19.09,19.09,0
1749142715,19.09,19.09,19.09,19.09,0
1749142720,19.09,19.09,19.09,19.09,0
1749142725,19.09,19.09,19.09,19.09,0
1749142730,19.09,19.09,19.09,19.09,0
1749142735,19.09,19.09,19.09,19.09,0
1749142740,19.09,19.09,19.09,19.09,0
1749142745,19.09,19.09,19.09,19.09,0
1749142750,19.09,19.09,19.09,19.09,0
1749142755,19.09,19.09,19.09,19.09,0
1749142760,19.09,19.09,19.09,19.09,0
1749142765,19.09,19.09,19.09,19.09,0
1749142770,19.09,19.09,19.09,19.09,0
1749142775,19.09,19.09,19.09,19.09,0
1749142780,19.09,19.09,19.09,19.09,0
1749142785,19.09,19.09,19.09,19.09,0
1749142790,19.09,19.09,19.09,19.09,0
1749142795,19.09,19.09,19.09,19.09,0
1749142800,19.12,19.14,19.12,19.14,3
1749142805,19.14,19.14,19.14,19.14,0
1749142810,19.14,19.14,19.14,19.14,0
1749142815,19.14,19.14,19.14,19.14,0
1749142820,19.14,19.14,19.14,19.14,0
1749142825,19.15,19.15,19.15,19.15,4
1749142830,19.15,19.15,19.15,19.15,0
1749142835,19.15,19.15,19.15,19.15,0
1749142840,19.15,19.15,19.15,19.15,0
1749142845,19.15,19.15,19.15,19.15,0
1749142850,19.15,19.15,19.15,19.15,0
1749142855,19.15,19.15,19.15,19.15,0
1749142860,19.15,19.15,19.15,19.15,0
1749142865,19.15,19.15,19.15,19.15,0
1749142870,19.15,19.15,19.15,19.15,0
1749142875,19.15,19.15,19.15,19.15,0
1749142880,19.15,19.15,19.15,19.15,0
1749142885,19.15,19.15,19.15,19.15,0
1749142890,19.15,19.15,19.15,19.15,5
1749142895,19.15,19.15,19.15,19.15,0
1749142900,19.15,19.15,19.15,19.15,0
1749142905,19.13,19.13,19.13,19.13,3
1749142910,19.13,19.13,19.13,19.13,0
1749142915,19.13,19.13,19.13,19.13,0
1749142920,19.13,19.13,19.13,19.13,0
1749142925,19.13,19.13,19.13,19.13,0
1749142930,19.13,19.13,19.13,19.13,0
1749142935,19.13,19.13,19.13,19.13,0
1749142940,19.13,19.13,19.13,19.13,0
1749142945,19.13,19.13,19.13,19.13,0
1749142950,19.13,19.13,19.13,19.13,0
1749142955,19.13,19.13,19.13,19.13,0
1749142960,19.13,19.13,19.13,19.13,0
1749142965,19.13,19.13,19.13,19.13,0
1749142970,19.13,19.13,19.13,19.13,0
1749142975,19.13,19.13,19.13,19.13,0
1749142980,19.13,19.13,19.13,19.13,0
1749142985,19.13,19.13,19.13,19.13,0
1749142990,19.13,19.13,19.13,19.13,0
1749142995,19.13,19.13,19.13,19.13,0
1749143000,19.13,19.13,19.13,19.13,0
1749143005,19.06,19.06,19.06,19.06,8
1749143010,19.06,19.06,19.06,19.06,0
1749143015,19.06,19.06,19.06,19.06,0
1749143020,19.06,19.06,19.06,19.06,0
1749143025,19.06,19.06,19.06,19.06,0
1749143030,19.06,19.06,19.06,19.06,0
1749143035,19.06,19.06,19.06,19.06,0
1749143040,19.06,19.06,19.06,19.06,0
1749143045,19.06,19.06,19.06,19.06,0
1749143050,19.06,19.06,19.06,19.06,0
1749143055,19.06,19.06,19.06,19.06,0
1749143060,19.06,19.06,19.06,19.06,0
1749143065,19.06,19.06,19.06,19.06,0
1749143070,19.06,19.06,19.06,19.06,0
1749143075,19.06,19.06,19.06,19.06,0
1749143080,19.04,19.04,19.04,19.04,1
1749143085,19.04,19.04,19.04,19.04,0
1749143090,19.04,19.04,19.04,19.04,0
1749143095,19.04,19.04,19.04,19.04,0
1749143100,19.04,19.04,19.04,19.04,0
1749143105,19.04,19.04,19.04,19.04,0
1749143110,19.04,19.04,19.04,19.04,0
1749143115,19.04,19.04,19.04,19.04,0
1749143120,19.04,19.04,19.04,19.04,0
1749143125,19.04,19.04,19.04,19.04,0
1749143130,19.04,19.04,19.04,19.04,0
1749143135,19.04,19.04,19.04,19.04,0
1749143140,19.04,19.04,19.04,19.04,0
1749143145,19.04,19.04,19.04,19.04,0
1749143150,19.04,19.04,19.04,19.04,0
1749143155,19.04,19.04,19.04,19.04,0
1749143160,19.04,19.04,19.04,19.04,0
1749143165,19.04,19.04,19.04,19.04,0
1749143170,19.04,19.04,19.04,19.04,0
1749143175,19.04,19.04,19.04,19.04,0
1749143180,19.04,19.04,19.04,19.04,0
1749143185,19.04,19.04,19.04,19.04,0
1749143190,19.04,19.04,19.04,19.04,0
1749143195,19.04,19.04,19.04,19.04,0
1749143200,19.04,19.04,19.04,19.04,0
1749143205,19.04,19.04,19.04,19.04,0
1749143210,19.02,19.02,19.02,19.02,9
1749143215,19.02,19.02,19.02,19.02,0
1749143220,19.02,19.02,19.02,19.02,0
1749143225,19.02,19.02,19.02,19.02,0
1749143230,19.02,19.02,19.02,19.02,0
1749143235,19.02,19.02,19.02,19.02,0
1749143240,19.02,19.02,19.02,19.02,0
1749143245,19.02,19.02,19.02,19.02,0
1749143250,19.02,19.02,19.02,19.02,0
1749143255,19.02,19.02,19.02,19.02,0
1749143260,19.02,19.02,19.02,19.02,0
1749143265,19.02,19.02,19.02,19.02,0
1749143270,18.97,18.97,18.97,18.97,2
1749143275,18.97,18.97,18.97,18.97,0
1749143280,18.97,18.97,18.97,18.97,0
1749143285,18.97,18.97,18.97,18.97,0
1749143290,18.97,18.97,18.97,18.97,0
1749143295,18.97,18.97,18.97,18.97,0
1749143300,18.97,18.97,18.97,18.97,0
1749143305,18.97,18.97,18.97,18.97,0
1749143310,18.97,18.97,18.97,18.97,0
1749143315,18.97,18.97,18.97,18.97,0
1749143320,18.97,18.97,18.97,18.97,0
1749143325,18.97,18.97,18.97,18.97,0
1749143330,18.97,18.97,18.97,18.97,0
1749143335,18.97,18.97,18.97,18.97,0
1749143340,18.97,18.97,18.97,18.97,0
1749143345,18.97,18.97,18.97,18.97,0
1749143350,18.97,18.97,18.97,18.97,0
1749143355,18.97,18.97,18.97,18.97,0
1749143360,18.97,18.97,18.97,18.97,0
1749143365,18.97,18.97,18.97,18.97,0
1749143370,18.97,18.97,18.97,18.97,0
1749143375,18.97,18.97,18.97,18.97,0
1749143380,18.97,18.97,18.97,18.97,0
1749143385,18.97,18.97,18.97,18.97,0
1749143390,18.97,18.97,18.97,18.97,0
1749143395,18.97,18.97,18.97,18.97,0
1749143400,18.97,18.97,18.97,18.97,0
1749143405,18.97,18.97,18.97,18.97,0
1749143410,18.97,18.97,18.97,18.97,0
1749143415,18.97,18.97,18.97,18.97,0
1749143420,18.97,18.97,18.97,18.97,0
1749143425,18.97,18.97,18.97,18.97,0
1749143430,18.97,18.97,18.97,18.97,0
1749143435,18.97,18.97,18.97,18.97,0
1749143440,18.97,18.97,18.97,18.97,0
1749143445,18.97,18.97,18.97,18.97,0
1749143450,18.97,18.97,18.97,18.97,0
1749143455,18.97,18.97,18.97,18.97,0
1749143460,18.97,18.97,18.97,18.97,0
1749143465,18.97,18.97,18.97,18.97,0
1749143470,18.97,18.97,18.97,18.97,0
1749143475,18.97,18.97,18.97,18.97,0
1749143480,18.97,18.97,18.97,18.97,0
1749143485,18.97,18.97,18.97,18.97,0
1749143490,18.97,18.97,18.97,18.97,0
1749143495,18.97,18.97,18.97,18.97,0
1749143500,18.97,18.97,18.97,18.97,0
1749143505,18.97,18.97,18.97,18.97,0
1749143510,18.97,18.97,18.97,18.97,0
1749143515,18.97,18.97,18.97,18.97,0
1749143520,18.97,18.97,18.97,18.97,0
1749143525,18.97,18.97,18.97,18.97,0
1749143530,18.97,18.97,18.97,18.97,0
1749143535,18.97,18.97,18.97,18.97,0
1749143540,18.97,18.97,18.97,18.97,0
1749143545,18.97,18.97,18.97,18.97,0
1749143550,18.97,18.97,18.97,18.97,0
1749143555,18.97,18.97,18.97,18.97,0
1749143560,18.97,18.97,18.97,18.97,0
1749143565,18.97,18.97,18.97,18.97,0
1749143570,18.97,18.97,18.97,18.97,0
1749143575,18.97,18.97,18.97,18.97,0
1749143580,18.97,18.97,18.97,18.97,0
1749143585,18.97,18.97,18.97,18.97,0
1749143590,18.97,18.97,18.97,18.97,0
1749143595,18.97,18.97,18.97,18.97,0
1749143600,18.97,18.97,18.97,18.97,0
1749143605,18.97,18.97,18.97,18.97,0
1749143610,18.97,18.97,18.97,18.97,0
1749143615,18.97,18.97,18.97,18.97,0
1749143620,18.97,18.97,18.97,18.97,0
1749143625,18.97,18.97,18.97,18.97,0
1749143630,18.97,18.97,18.97,18.97,0
1749143635,18.97,18.97,18.97,18.97,0
1749143640,18.97,18.97,18.97,18.97,0
1749143645,18.97,18.97,18.97,18.97,0
1749143650,18.97,18.97,18.97,18.97,0
1749143655,18.97,18.97,18.97,18.97,2
1749143660,18.97,18.97,18.97,18.97,0
1749143665,18.97,18.97,18.97,18.97,0
1749143670,18.97,18.97,18.97,18.97,0
1749143675,18.97,18.97,18.97,18.97,0
1749143680,18.97,18.97,18.97,18.97,0
1749143685,18.97,18.97,18.97,18.97,0
1749143690,18.97,18.97,18.97,18.97,0
1749143695,18.97,18.97,18.97,18.97,0
1749143700,18.97,18.97,18.97,18.97,0
1749143705,18.97,18.97,18.97,18.97,0
1749143710,18.92,18.92,18.92,18.92,1
1749143715,18.92,18.92,18.92,18.92,0
1749143720,18.92,18.92,18.92,18.92,0
1749143725,18.92,18.92,18.92,18.92,0
1749143730,18.92,18.92,18.92,18.92,0
1749143735,18.92,18.92,18.92,18.92,0
1749143740,18.92,18.92,18.92,18.92,0
1749143745,18.92,18.92,18.92,18.92,0
1749143750,18.92,18.92,18.92,18.92,0
1749143755,18.92,18.92,18.92,18.92,0
1749143760,18.92,18.92,18.92,18.92,0
1749143765,18.92,18.92,18.92,18.92,0
1749143770,18.92,18.92,18.92,18.92,0
1749143775,18.92,18.92,18.92,18.92,0
1749143780,18.92,18.92,18.92,18.92,0
1749143785,18.92,18.92,18.92,18.92,0
1749143790,18.92,18.92,18.92,18.92,0
1749143795,18.92,18.92,18.92,18.92,0
1749143800,18.92,18.92,18.92,18.92,0
1749143805,18.92,18.92,18.92,18.92,0
1749143810,18.92,18.92,18.92,18.92,0
1749143815,18.92,18.92,18.92,18.92,0
1749143820,18.91,18.91,18.91,18.91,1
1749143825,18.9,18.9,18.9,18.9,2
1749143830,18.9,18.9,18.9,18.9,0
1749143835,18.9,18.9,18.9,18.9,0
1749143840,18.9,18.9,18.9,18.9,0
1749143845,18.9,18.9,18.9,18.9,0
1749143850,18.94,18.94,18.94,18.94,2
1749143855,18.94,18.94,18.94,18.94,0
1749143860,18.94,18.94,18.94,18.94,0
1749143865,18.94,18.94,18.94,18.94,0
1749143870,18.94,18.94,18.94,18.94,0
1749143875,18.94,18.94,18.94,18.94,0
1749143880,18.94,18.94,18.94,18.94,0
1749143885,18.94,18.94,18.94,18.94,0
1749143890,18.94,18.94,18.94,18.94,0
1749143895,18.94,18.94,18.94,18.94,0
1749143900,18.94,18.94,18.94,18.94,0
1749143905,18.94,18.94,18.94,18.94,0
1749143910,18.94,18.94,18.94,18.94,0
1749143915,18.94,18.94,18.94,18.94,0
1749143920,18.94,18.94,18.94,18.94,0
1749143925,18.94,18.94,18.94,18.94,0
1749143930,18.94,18.94,18.94,18.94,0
1749143935,18.94,18.94,18.94,18.94,0
1749143940,18.94,18.94,18.94,18.94,0
1749143945,18.94,18.94,18.94,18.94,0
1749143950,18.94,18.94,18.94,18.94,0
1749143955,18.94,18.94,18.94,18.94,0
1749143960,18.94,18.94,18.94,18.94,0
1749143965,18.94,18.94,18.94,18.94,0
1749143970,18.94,18.94,18.94,18.94,0
1749143975,18.94,18.94,18.94,18.94,0
1749143980,18.94,18.94,18.94,18.94,0
1749143985,18.94,18.94,18.94,18.94,0
1749143990,18.94,18.94,18.94,18.94,0
1749143995,18.94,18.94,18.94,18.94,0
1749144000,18.94,18.94,18.94,18.94,0
1749144005,18.94,18.94,18.94,18.94,0
1749144010,18.94,18.94,18.94,18.94,0
1749144015,18.94,18.94,18.94,18.94,0
1749144020,18.94,18.94,18.94,18.94,0
1749144025,18.94,18.94,18.94,18.94,0
1749144030,18.94,18.94,18.94,18.94,0
1749144035,18.94,18.94,18.94,18.94,0
1749144040,18.94,18.94,18.94,18.94,0
1749144045,18.94,18.94,18.94,18.94,0
1749144050,18.94,18.94,18.94,18.94,0
1749144055,18.89,18.89,18.89,18.89,1
1749144060,18.88,18.88,18.88,18.88,1
1749144065,18.88,18.88,18.88,18.88,0
1749144070,18.87,18.87,18.87,18.87,1
1749144075,18.87,18.87,18.87,18.87,0
1749144080,18.87,18.87,18.87,18.87,0
1749144085,18.87,18.87,18.87,18.87,0
1749144090,18.87,18.87,18.87,18.87,0
1749144095,18.87,18.87,18.87,18.87,0
1749144100,18.87,18.87,18.87,18.87,0
1749144105,18.87,18.87,18.87,18.87,0
1749144110,18.87,18.87,18.87,18.87,0
1749144115,18.87,18.87,18.87,18.87,0
1749144120,18.87,18.87,18.87,18.87,0
1749144125,18.87,18.87,18.87,18.87,0
1749144130,18.87,18.87,18.87,18.87,0
1749144135,18.87,18.87,18.87,18.87,0
1749144140,18.87,18.87,18.87,18.87,0
1749144145,18.87,18.87,18.87,18.87,0
1749144150,18.87,18.87,18.87,18.87,0
1749144155,18.87,18.87,18.87,18.87,0
1749144160,18.87,18.87,18.87,18.87,0
1749144165,18.87,18.87,18.87,18.87,0
1749144170,18.87,18.87,18.87,18.87,0
1749144175,18.87,18.87,18.87,18.87,0
1749144180,18.87,18.87,18.87,18.87,0
1749144185,18.87,18.87,18.87,18.87,0
1749144190,18.87,18.87,18.87,18.87,0
1749144195,18.87,18.87,18.87,18.87,0
1749144200,18.87,18.87,18.87,18.87,0
1749144205,18.87,18.87,18.87,18.87,0
1749144210,18.87,18.87,18.87,18.87,0
1749144215,18.87,18.87,18.87,18.87,0
1749144220,18.87,18.87,18.87,18.87,0
1749144225,18.87,18.87,18.87,18.87,0
1749144230,18.87,18.87,18.87,18.87,0
1749144235,18.87,18.87,18.87,18.87,0
1749144240,18.87,18.87,18.87,18.87,0
1749144245,18.87,18.87,18.87,18.87,0
1749144250,18.87,18.87,18.87,18.87,0
1749144255,18.87,18.87,18.87,18.87,0
1749144260,18.87,18.87,18.87,18.87,0
1749144265,18.87,18.87,18.87,18.87,0
1749144270,18.87,18.87,18.87,18.87,0
1749144275,18.87,18.87,18.87,18.87,0
1749144280,18.87,18.87,18.87,18.87,0
1749144285,18.87,18.87,18.87,18.87,0
1749144290,18.87,18.87,18.87,18.87,0
1749144295,18.87,18.87,18.87,18.87,0
1749144300,18.87,18.87,18.87,18.87,0
1749144305,18.87,18.87,18.87,18.87,0
1749144310,18.87,18.87,18.87,18.87,0
1749144315,18.87,18.87,18.87,18.87,0
1749144320,18.87,18.87,18.87,18.87,0
1749144325,18.87,18.87,18.87,18.87,0
1749144330,18.87,18.87,18.87,18.87,0
1749144335,18.89,18.89,18.89,18.89,3
1749144340,18.89,18.89,18.89,18.89,0
1749144345,18.89,18.89,18.89,18.89,0
1749144350,18.89,18.89,18.89,18.89,0
1749144355,18.89,18.89,18.89,18.89,0
1749144360,18.89,18.89,18.89,18.89,0
1749144365,18.89,18.89,18.89,18.89,0
1749144370,18.89,18.89,18.89,18.89,0
1749144375,18.89,18.89,18.89,18.89,0
1749144380,18.89,18.89,18.89,18.89,0
1749144385,18.89,18.89,18.89,18.89,0
1749144390,18.89,18.89,18.89,18.89,0
1749144395,18.89,18.89,18.89,18.89,0
1749144400,18.89,18.89,18.89,18.89,0
1749144405,18.89,18.89,18.89,18.89,0
1749144410,18.89,18.89,18.89,18.89,0
1749144415,18.89,18.89,18.89,18.89,0
1749144420,18.89,18.89,18.89,18.89,0
1749144425,18.89,18.89,18.89,18.89,0
1749144430,18.89,18.89,18.89,18.89,0
1749144435,18.89,18.89,18.89,18.89,0
1749144440,18.89,18.89,18.89,18.89,0
1749144445,18.89,18.89,18.89,18.89,0
1749144450,18.89,18.89,18.89,18.89,0
1749144455,18.89,18.89,18.89,18.89,0
1749144460,18.89,18.89,18.89,18.89,0
1749144465,18.89,18.89,18.89,18.89,0
1749144470,18.89,18.89,18.89,18.89,0
1749144475,18.89,18.89,18.89,18.89,0
1749144480,18.89,18.89,18.89,18.89,0
1749144485,18.89,18.89,18.89,18.89,0
1749144490,18.89,18.89,18.89,18.89,0
1749144495,18.89,18.89,18.89,18.89,0
1749144500,18.89,18.89,18.89,18.89,0
1749144505,18.89,18.89,18.89,18.89,0
1749144510,18.89,18.89,18.89,18.89,0
1749144515,18.89,18.89,18.89,18.89,0
1749144520,18.89,18.89,18.89,18.89,0
1749144525,18.89,18.89,18.89,18.89,0
1749144530,18.89,18.89,18.89,18.89,0
1749144535,18.89,18.89,18.89,18.89,0
1749144540,18.89,18.89,18.89,18.89,0
1749144545,18.89,18.89,18.89,18.89,0
1749144550,18.89,18.89,18.89,18.89,0
1749144555,18.89,18.89,18.89,18.89,0
1749144560,18.89,18.89,18.89,18.89,0
1749144565,18.89,18.89,18.89,18.89,0
1749144570,18.89,18.89,18.89,18.89,0
1749144575,18.89,18.89,18.89,18.89,0
1749144580,18.89,18.89,18.89,18.89,0
1749144585,18.89,18.89,18.89,18.89,0
1749144590,18.89,18.89,18.89,18.89,0
1749144595,18.89,18.89,18.89,18.89,0
1749144600,18.89,18.89,18.89,18.89,0
1749144605,18.89,18.89,18.89,18.89,0
1749144610,18.89,18.89,18.89,18.89,0
1749144615,18.89,18.89,18.89,18.89,0
1749144620,18.89,18.89,18.89,18.89,0
1749144625,18.89,18.89,18.89,18.89,0
1749144630,18.84,18.84,18.84,18.84,1
1749144635,18.84,18.84,18.84,18.84,0
1749144640,18.84,18.84,18.84,18.84,0
1749144645,18.84,18.84,18.84,18.84,0
1749144650,18.84,18.84,18.84,18.84,0
1749144655,18.84,18.84,18.84,18.84,0
1749144660,18.84,18.84,18.84,18.84,0
1749144665,18.84,18.84,18.84,18.84,0
1749144670,18.84,18.84,18.84,18.84,0
1749144675,18.84,18.84,18.84,18.84,0
1749144680,18.84,18.84,18.84,18.84,0
1749144685,18.84,18.84,18.84,18.84,0
1749144690,18.84,18.84,18.84,18.84,0
1749144695,18.84,18.84,18.84,18.84,0
1749144700,18.84,18.84,18.84,18.84,0
1749144705,18.84,18.84,18.84,18.84,0
1749144710,18.84,18.84,18.84,18.84,0
1749144715,18.84,18.84,18.84,18.84,0
1749144720,18.84,18.84,18.84,18.84,0
1749144725,18.84,18.84,18.84,18.84,0
1749144730,18.84,18.84,18.84,18.84,0
1749144735,18.84,18.84,18.84,18.84,0
1749144740,18.84,18.84,18.84,18.84,0
1749144745,18.84,18.84,18.84,18.84,0
1749144750,18.84,18.84,18.84,18.84,0
1749144755,18.84,18.84,18.84,18.84,0
1749144760,18.84,18.84,18.84,18.84,0
1749144765,18.84,18.84,18.84,18.84,0
1749144770,18.84,18.84,18.84,18.84,0
1749144775,18.84,18.84,18.84,18.84,0
1749144780,18.84,18.84,18.84,18.84,0
1749144785,18.84,18.84,18.84,18.84,0
1749144790,18.81,18.81,18.81,18.81,1
1749144795,18.81,18.81,18.81,18.81,0
1749144800,18.81,18.81,18.81,18.81,0
1749144805,18.81,18.81,18.81,18.81,0
1749144810,18.81,18.81,18.81,18.81,0
1749144815,18.81,18.81,18.81,18.81,0
1749144820,18.81,18.81,18.81,18.81,0
1749144825,18.81,18.81,18.81,18.81,0
1749144830,18.81,18.81,18.81,18.81,0
1749144835,18.81,18.81,18.81,18.81,0
1749144840,18.81,18.81,18.81,18.81,0
1749144845,18.8,18.8,18.8,18.8,2
1749144850,18.8,18.8,18.8,18.8,0
1749144855,18.8,18.8,18.8,18.8,0
1749144860,18.8,18.8,18.8,18.8,0
1749144865,18.8,18.8,18.8,18.8,0
1749144870,18.8,18.8,18.8,18.8,0
1749144875,18.8,18.8,18.8,18.8,0
1749144880,18.8,18.8,18.8,18.8,0
1749144885,18.8,18.8,18.8,18.8,0
1749144890,18.8,18.8,18.8,18.8,0
1749144895,18.8,18.8,18.8,18.8,0
1749144900,18.8,18.8,18.8,18.8,0
1749144905,18.8,18.8,18.8,18.8,0
1749144910,18.8,18.8,18.8,18.8,0
1749144915,18.8,18.8,18.8,18.8,0
1749144920,18.8,18.8,18.8,18.8,0
1749144925,18.8,18.8,18.8,18.8,0
1749144930,18.8,18.8,18.8,18.8,0
1749144935,18.8,18.8,18.8,18.8,0
1749144940,18.8,18.8,18.8,18.8,0
1749144945,18.8,18.8,18.8,18.8,0
1749144950,18.8,18.8,18.8,18.8,0
1749144955,18.8,18.8,18.8,18.8,0
1749144960,18.8,18.8,18.8,18.8,0
1749144965,18.8,18.8,18.8,18.8,0
1749144970,18.8,18.8,18.8,18.8,0
1749144975,18.8,18.8,18.8,18.8,0
1749144980,18.79,18.79,18.78,18.78,9
1749144985,18.78,18.78,18.78,18.78,0
1749144990,18.78,18.78,18.78,18.78,0
1749144995,18.78,18.78,18.78,18.78,0
1749145000,18.79,18.79,18.79,18.79,3
1749145005,18.79,18.79,18.79,18.79,0
1749145010,18.79,18.79,18.79,18.79,0
1749145015,18.79,18.79,18.79,18.79,0
1749145020,18.79,18.79,18.79,18.79,0
1749145025,18.78,18.78,18.78,18.78,1
1749145030,18.78,18.78,18.78,18.78,0
1749145035,18.78,18.78,18.78,18.78,0
1749145040,18.78,18.78,18.78,18.78,0
1749145045,18.78,18.78,18.78,18.78,0
1749145050,18.78,18.78,18.78,18.78,0
1749145055,18.78,18.78,18.78,18.78,0
1749145060,18.78,18.78,18.78,18.78,0
1749145065,18.78,18.78,18.78,18.78,0
1749145070,18.78,18.78,18.78,18.78,1
1749145075,18.78,18.78,18.78,18.78,0
1749145080,18.78,18.78,18.78,18.78,0
1749145085,18.78,18.78,18.78,18.78,0
1749145090,18.78,18.78,18.78,18.78,0
1749145095,18.78,18.78,18.78,18.78,1
1749145100,18.78,18.78,18.78,18.78,0
1749145105,18.78,18.78,18.78,18.78,0
1749145110,18.78,18.78,18.78,18.78,0
1749145115,18.78,18.78,18.78,18.78,0
1749145120,18.78,18.78,18.78,18.78,0
1749145125,18.78,18.78,18.78,18.78,0
1749145130,18.78,18.78,18.78,18.78,0
1749145135,18.78,18.78,18.78,18.78,0
1749145140,18.78,18.78,18.78,18.78,0
1749145145,18.78,18.78,18.78,18.78,0
1749145150,18.78,18.78,18.78,18.78,0
1749145155,18.78,18.78,18.78,18.78,0
1749145160,18.78,18.78,18.78,18.78,0
1749145165,18.78,18.78,18.78,18.78,0
1749145170,18.78,18.78,18.78,18.78,0
1749145175,18.78,18.78,18.78,18.78,0
1749145180,18.78,18.78,18.78,18.78,0
1749145185,18.78,18.78,18.78,18.78,0
1749145190,18.78,18.78,18.78,18.78,1
1749145195,18.78,18.78,18.78,18.78,0
1749145200,18.78,18.78,18.78,18.78,0
1749145205,18.78,18.78,18.78,18.78,0
1749145210,18.78,18.78,18.78,18.78,0
1749145215,18.78,18.78,18.78,18.78,2
1749145220,18.78,18.78,18.78,18.78,0
1749145225,18.78,18.78,18.78,18.78,0
1749145230,18.78,18.78,18.78,18.78,0
1749145235,18.78,18.78,18.78,18.78,0
1749145240,18.78,18.78,18.78,18.78,0
1749145245,18.78,18.78,18.78,18.78,0
1749145250,18.78,18.78,18.78,18.78,0
1749145255,18.78,18.78,18.78,18.78,0
1749145260,18.78,18.78,18.78,18.78,0
1749145265,18.78,18.78,18.78,18.78,0
1749145270,18.78,18.78,18.78,18.78,0
1749145275,18.78,18.78,18.78,18.78,0
1749145280,18.78,18.78,18.78,18.78,0
1749145285,18.78,18.78,18.78,18.78,0
1749145290,18.78,18.78,18.78,18.78,0
1749145295,18.78,18.78,18.78,18.78,0
1749145300,18.78,18.78,18.78,18.78,0
1749145305,18.78,18.78,18.78,18.78,0
1749145310,18.78,18.78,18.78,18.78,0
1749145315,18.78,18.78,18.78,18.78,0
1749145320,18.78,18.78,18.78,18.78,0
1749145325,18.78,18.78,18.78,18.78,0
1749145330,18.78,18.78,18.78,18.78,0
1749145335,18.78,18.78,18.78,18.78,0
1749145340,18.78,18.78,18.78,18.78,0
1749145345,18.78,18.78,18.78,18.78,0
1749145350,18.78,18.78,18.78,18.78,0
1749145355,18.78,18.78,18.78,18.78,0
1749145360,18.78,18.78,18.78,18.78,0
1749145365,18.78,18.78,18.78,18.78,0
1749145370,18.78,18.78,18.78,18.78,0
1749145375,18.78,18.78,18.78,18.78,0
1749145380,18.78,18.78,18.78,18.78,0
1749145385,18.78,18.78,18.78,18.78,0
1749145390,18.78,18.78,18.78,18.78,0
1749145395,18.78,18.78,18.78,18.78,0
1749145400,18.78,18.78,18.78,18.78,0
1749145405,18.78,18.78,18.78,18.78,0
1749145410,18.78,18.78,18.78,18.78,0
1749145415,18.78,18.78,18.78,18.78,0
1749145420,18.78,18.78,18.78,18.78,0
1749145425,18.78,18.78,18.78,18.78,0
1749145430,18.78,18.78,18.78,18.78,0
1749145435,18.78,18.78,18.78,18.78,0
1749145440,18.78,18.78,18.78,18.78,0
1749145445,18.78,18.78,18.78,18.78,0
1749145450,18.78,18.78,18.78,18.78,0
1749145455,18.78,18.78,18.78,18.78,0
1749145460,18.78,18.78,18.78,18.78,0
1749145465,18.78,18.78,18.78,18.78,0
1749145470,18.78,18.78,18.78,18.78,0
1749145475,18.78,18.78,18.78,18.78,0
1749145480,18.78,18.78,18.78,18.78,0
1749145485,18.78,18.78,18.78,18.78,0
1749145490,18.78,18.78,18.78,18.78,0
1749145495,18.78,18.78,18.78,18.78,0
1749145500,18.78,18.78,18.78,18.78,0
1749145505,18.78,18.78,18.78,18.78,0
1749145510,18.78,18.78,18.78,18.78,0
1749145515,18.78,18.78,18.78,18.78,0
1749145520,18.78,18.78,18.78,18.78,0
1749145525,18.78,18.78,18.78,18.78,0
1749145530,18.78,18.78,18.78,18.78,0
1749145535,18.78,18.78,18.78,18.78,0
1749145540,18.78,18.78,18.78,18.78,0
1749145545,18.78,18.78,18.78,18.78,0
1749145550,18.78,18.78,18.78,18.78,0
1749145555,18.78,18.78,18.78,18.78,0
1749145560,18.78,18.78,18.78,18.78,0
1749145565,18.78,18.78,18.78,18.78,0
1749145570,18.78,18.78,18.78,18.78,0
1749145575,18.78,18.78,18.78,18.78,0
1749145580,18.78,18.78,18.78,18.78,0
1749145585,18.78,18.78,18.78,18.78,0
1749145590,18.78,18.78,18.78,18.78,0
1749145595,18.78,18.78,18.78,18.78,0
1749145600,18.78,18.78,18.78,18.78,0
1749145605,18.78,18.78,18.78,18.78,0
1749145610,18.78,18.78,18.78,18.78,0
1749145615,18.78,18.78,18.78,18.78,0
1749145620,18.78,18.78,18.78,18.78,0
1749145625,18.78,18.78,18.78,18.78,0
1749145630,18.78,18.78,18.78,18.78,0
1749145635,18.78,18.78,18.78,18.78,0
1749145640,18.78,18.78,18.78,18.78,0
1749145645,18.78,18.78,18.78,18.78,0
1749145650,18.78,18.78,18.78,18.78,0
1749145655,18.78,18.78,18.78,18.78,0
1749145660,18.78,18.78,18.78,18.78,0
1749145665,18.78,18.78,18.78,18.78,0
1749145670,18.78,18.78,18.78,18.78,0
1749145675,18.78,18.78,18.78,18.78,0
1749145680,18.78,18.78,18.78,18.78,0
1749145685,18.78,18.78,18.78,18.78,0
1749145690,18.78,18.78,18.78,18.78,0
1749145695,18.78,18.78,18.78,18.78,0
1749145700,18.78,18.78,18.78,18.78,0
1749145705,18.78,18.78,18.78,18.78,0
1749145710,18.78,18.78,18.78,18.78,0
1749145715,18.78,18.78,18.78,18.78,0
1749145720,18.78,18.78,18.78,18.78,0
1749145725,18.78,18.78,18.78,18.78,0
1749145730,18.88,18.88,18.88,18.88,5
1749145735,18.88,18.88,18.88,18.88,0
1749145740,18.88,18.88,18.88,18.88,0
1749145745,18.88,18.88,18.88,18.88,0
1749145750,18.88,18.88,18.88,18.88,0
1749145755,18.88,18.88,18.88,18.88,0
1749145760,18.88,18.88,18.88,18.88,0
1749145765,18.88,18.88,18.88,18.88,0
1749145770,18.88,18.88,18.88,18.88,0
1749145775,18.88,18.88,18.88,18.88,0
1749145780,18.88,18.88,18.88,18.88,0
1749145785,18.88,18.88,18.88,18.88,0
1749145790,18.88,18.88,18.88,18.88,0
1749145795,18.88,18.88,18.88,18.88,0
1749145800,18.88,18.88,18.88,18.88,0
1749145805,18.88,18.88,18.88,18.88,0
1749145810,18.88,18.88,18.88,18.88,0
1749145815,18.88,18.88,18.88,18.88,0
1749145820,18.88,18.88,18.88,18.88,0
1749145825,18.88,18.88,18.88,18.88,0
1749145830,18.88,18.88,18.88,18.88,0
1749145835,18.88,18.88,18.88,18.88,0
1749145840,18.88,18.88,18.88,18.88,0
1749145845,18.88,18.88,18.88,18.88,0
1749145850,18.88,18.88,18.88,18.88,0
1749145855,18.88,18.88,18.88,18.88,0
1749145860,18.88,18.88,18.88,18.88,0
1749145865,18.88,18.88,18.88,18.88,0
1749145870,18.88,18.88,18.88,18.88,1
1749145875,18.86,18.86,18.86,18.86,1
1749145880,18.86,18.86,18.86,18.86,0
1749145885,18.86,18.86,18.86,18.86,0
1749145890,18.86,18.86,18.86,18.86,0
1749145895,18.86,18.86,18.86,18.86,0
1749145900,18.86,18.86,18.86,18.86,0
1749145905,18.86,18.86,18.86,18.86,0
1749145910,18.86,18.86,18.86,18.86,0
1749145915,18.86,18.86,18.86,18.86,0
1749145920,18.86,18.86,18.86,18.86,0
1749145925,18.86,18.86,18.86,18.86,0
1749145930,18.86,18.86,18.86,18.86,0
1749145935,18.86,18.86,18.86,18.86,0
1749145940,18.86,18.86,18.86,18.86,0
1749145945,18.86,18.86,18.86,18.86,0
1749145950,18.86,18.86,18.86,18.86,0
1749145955,18.86,18.86,18.86,18.86,0
1749145960,18.86,18.86,18.86,18.86,0
1749145965,18.86,18.86,18.86,18.86,0
1749145970,18.89,18.9,18.89,18.9,4
1749145975,18.9,18.9,18.9,18.9,0
1749145980,18.9,18.9,18.9,18.9,0
1749145985,18.9,18.9,18.9,18.9,0
1749145990,18.9,18.9,18.9,18.9,0
1749145995,18.9,18.9,18.9,18.9,0
1749146000,18.9,18.9,18.9,18.9,0
1749146005,18.9,18.9,18.9,18.9,0
1749146010,18.9,18.9,18.9,18.9,0
1749146015,18.9,18.9,18.9,18.9,0
1749146020,18.9,18.9,18.9,18.9,0
1749146025,18.9,18.9,18.9,18.9,0
1749146030,18.9,18.9,18.9,18.9,0
1749146035,18.9,18.9,18.9,18.9,0
1749146040,18.9,18.9,18.9,18.9,0
1749146045,18.9,18.9,18.9,18.9,0
1749146050,18.9,18.9,18.9,18.9,0
1749146055,18.9,18.9,18.9,18.9,0
1749146060,18.9,18.9,18.9,18.9,0
1749146065,18.9,18.9,18.9,18.9,0
1749146070,18.9,18.9,18.9,18.9,0
1749146075,18.9,18.9,18.9,18.9,0
1749146080,18.9,18.9,18.9,18.9,0
1749146085,18.9,18.9,18.9,18.9,0
1749146090,18.9,18.9,18.9,18.9,0
1749146095,18.9,18.9,18.9,18.9,0
1749146100,18.9,18.9,18.9,18.9,0
1749146105,18.9,18.9,18.9,18.9,0
1749146110,18.9,18.9,18.9,18.9,0
1749146115,18.9,18.9,18.9,18.9,0
1749146120,18.9,18.9,18.9,18.9,0
1749146125,18.9,18.9,18.9,18.9,0
1749146130,18.9,18.9,18.9,18.9,0
1749146135,18.9,18.9,18.9,18.9,0
1749146140,18.9,18.9,18.9,18.9,3
1749146145,18.9,18.9,18.9,18.9,0
1749146150,18.9,18.9,18.9,18.9,0
1749146155,18.9,18.9,18.9,18.9,0
1749146160,18.9,18.9,18.9,18.9,0
1749146165,18.9,18.9,18.9,18.9,0
1749146170,18.9,18.9,18.9,18.9,0
1749146175,18.9,18.9,18.9,18.9,0
1749146180,18.9,18.9,18.9,18.9,0
1749146185,18.9,18.9,18.9,18.9,0
1749146190,18.9,18.9,18.9,18.9,0
1749146195,18.9,18.9,18.9,18.9,0
1749146200,18.9,18.9,18.9,18.9,0
1749146205,18.9,18.9,18.9,18.9,0
1749146210,18.9,18.9,18.9,18.9,0
1749146215,18.9,18.9,18.9,18.9,0
1749146220,18.9,18.9,18.9,18.9,0
1749146225,18.9,18.9,18.9,18.9,0
1749146230,18.9,18.9,18.9,18.9,0
1749146235,18.9,18.9,18.9,18.9,0
1749146240,18.9,18.9,18.9,18.9,0
1749146245,18.9,18.9,18.9,18.9,0
1749146250,18.9,18.9,18.9,18.9,0
1749146255,18.9,18.9,18.9,18.9,0
1749146260,18.9,18.9,18.9,18.9,0
1749146265,18.9,18.9,18.9,18.9,0
1749146270,18.9,18.9,18.9,18.9,0
1749146275,18.9,18.9,18.9,18.9,0
1749146280,18.9,18.9,18.9,18.9,0
1749146285,18.9,18.9,18.9,18.9,0
1749146290,18.9,18.9,18.9,18.9,0
1749146295,18.9,18.9,18.9,18.9,0
1749146300,18.9,18.9,18.9,18.9,0
1749146305,18.9,18.9,18.9,18.9,0
1749146310,18.9,18.9,18.9,18.9,0
1749146315,18.9,18.9,18.9,18.9,0
1749146320,18.9,18.9,18.9,18.9,0
1749146325,18.9,18.9,18.9,18.9,0
1749146330,18.9,18.9,18.9,18.9,0
1749146335,18.9,18.9,18.9,18.9,0
1749146340,18.9,18.9,18.9,18.9,0
1749146345,18.9,18.9,18.9,18.9,0
1749146350,18.9,18.9,18.9,18.9,0
1749146355,18.9,18.9,18.9,18.9,0
1749146360,18.9,18.9,18.9,18.9,0
1749146365,18.9,18.9,18.9,18.9,0
1749146370,18.9,18.9,18.9,18.9,0
1749146375,18.9,18.9,18.9,18.9,0
1749146380,18.9,18.9,18.9,18.9,0
1749146385,18.9,18.9,18.9,18.9,0
1749146390,18.9,18.9,18.9,18.9,0
1749146395,18.9,18.9,18.9,18.9,0
1749146400,18.9,18.9,18.9,18.9,0
1749146405,18.9,18.9,18.9,18.9,0
1749146410,18.9,18.9,18.9,18.9,0
1749146415,18.9,18.9,18.9,18.9,0
1749146420,18.9,18.9,18.9,18.9,0
1749146425,18.9,18.9,18.9,18.9,0
1749146430,18.9,18.9,18.9,18.9,0
1749146435,18.9,18.9,18.9,18.9,0
1749146440,18.9,18.9,18.9,18.9,0
1749146445,18.9,18.9,18.9,18.9,0
1749146450,18.98,18.98,18.96,18.96,2
1749146455,18.96,18.96,18.96,18.96,0
1749146460,18.96,18.96,18.96,18.96,0
1749146465,18.96,18.96,18.96,18.96,0
1749146470,18.96,18.96,18.96,18.96,0
1749146475,18.96,18.96,18.96,18.96,0
1749146480,18.96,18.96,18.96,18.96,0
1749146485,18.96,18.96,18.96,18.96,0
1749146490,18.96,18.96,18.96,18.96,0
1749146495,18.96,18.96,18.96,18.96,0
1749146500,18.96,18.96,18.96,18.96,0
1749146505,18.96,18.96,18.96,18.96,0
1749146510,18.96,18.96,18.96,18.96,0
1749146515,18.96,18.96,18.96,18.96,0
1749146520,18.96,18.96,18.96,18.96,0
1749146525,18.96,18.96,18.96,18.96,0
1749146530,18.96,18.96,18.96,18.96,0
1749146535,18.96,18.96,18.96,18.96,0
1749146540,18.96,18.96,18.96,18.96,0
1749146545,18.96,18.96,18.96,18.96,0
1749146550,18.96,18.96,18.96,18.96,0
1749146555,18.96,18.96,18.96,18.96,0
1749146560,18.96,18.96,18.96,18.96,0
1749146565,18.96,18.96,18.96,18.96,0
1749146570,18.96,18.96,18.96,18.96,0
1749146575,18.96,18.96,18.96,18.96,0
1749146580,18.96,18.96,18.96,18.96,0
1749146585,18.96,18.96,18.96,18.96,0
1749146590,18.96,18.96,18.96,18.96,0
1749146595,18.96,18.96,18.96,18.96,0
1749146600,18.96,18.96,18.96,18.96,0
1749146605,18.96,18.96,18.96,18.96,0
1749146610,18.96,18.96,18.96,18.96,0
1749146615,18.96,18.96,18.96,18.96,0
1749146620,18.96,18.96,18.96,18.96,0
1749146625,18.96,18.96,18.96,18.96,0
1749146630,18.96,18.96,18.96,18.96,0
1749146635,18.96,18.96,18.96,18.96,0
1749146640,18.96,18.96,18.96,18.96,0
1749146645,18.96,18.96,18.96,18.96,0
1749146650,18.96,18.96,18.96,18.96,0
1749146655,18.96,18.96,18.96,18.96,0
1749146660,18.96,18.96,18.96,18.96,0
1749146665,18.96,18.96,18.96,18.96,0
1749146670,19.05,19.05,19.05,19.05,3
1749146675,19.05,19.05,19.05,19.05,0
1749146680,19.05,19.05,19.05,19.05,0
1749146685,19.05,19.05,19.05,19.05,0
1749146690,19.05,19.05,19.05,19.05,0
1749146695,19.05,19.05,19.05,19.05,0
1749146700,19.05,19.05,19.05,19.05,0
1749146705,19.05,19.05,19.05,19.05,0
1749146710,19.05,19.05,19.05,19.05,0
1749146715,19.05,19.05,19.05,19.05,0
1749146720,19.05,19.05,19.05,19.05,0
1749146725,19.05,19.05,19.05,19.05,0
1749146730,19.05,19.05,19.05,19.05,0
1749146735,19.05,19.05,19.05,19.05,0
1749146740,19.05,19.05,19.05,19.05,0
1749146745,19.05,19.05,19.05,19.05,0
1749146750,19.05,19.05,19.05,19.05,0
1749146755,19.05,19.05,19.05,19.05,0
1749146760,19.05,19.05,19.05,19.05,0
1749146765,19.05,19.05,19.05,19.05,0
1749146770,19.05,19.05,19.05,19.05,0
1749146775,19.05,19.05,19.05,19.05,0
1749146780,19.07,19.07,19.07,19.07,1
1749146785,19.11,19.11,19.11,19.11,3
1749146790,19.11,19.11,19.11,19.11,0
1749146795,19.11,19.11,19.11,19.11,0
1749146800,19.11,19.11,19.11,19.11,0
1749146805,19.11,19.11,19.11,19.11,0
1749146810,19.11,19.11,19.11,19.11,0
1749146815,19.11,19.11,19.11,19.11,0
1749146820,19.11,19.11,19.11,19.11,0
1749146825,19.11,19.11,19.11,19.11,0
1749146830,19.11,19.11,19.11,19.11,0
1749146835,19.11,19.11,19.11,19.11,0
1749146840,19.11,19.11,19.11,19.11,0
1749146845,19.11,19.11,19.11,19.11,0
1749146850,19.11,19.11,19.11,19.11,0
1749146855,19.11,19.11,19.11,19.11,0
1749146860,19.11,19.11,19.11,19.11,0
1749146865,19.11,19.11,19.11,19.11,0
1749146870,19.11,19.11,19.11,19.11,0
1749146875,19.11,19.11,19.11,19.11,0
1749146880,19.11,19.11,19.11,19.11,0
1749146885,19.11,19.11,19.11,19.11,0
1749146890,19.11,19.11,19.11,19.11,0
1749146895,19.11,19.11,19.11,19.11,0
1749146900,19.11,19.11,19.11,19.11,0
1749146905,19.11,19.11,19.11,19.11,0
1749146910,19.11,19.11,19.11,19.11,0
1749146915,19.16,19.16,19.16,19.16,1
1749146920,19.16,19.16,19.16,19.16,0
1749146925,19.16,19.16,19.16,19.16,0
1749146930,19.16,19.16,19.16,19.16,0
1749146935,19.16,19.16,19.16,19.16,0
1749146940,19.16,19.16,19.16,19.16,0
1749146945,19.16,19.16,19.16,19.16,0
1749146950,19.16,19.16,19.16,19.16,0
1749146955,19.16,19.16,19.16,19.16,0
1749146960,19.16,19.16,19.16,19.16,0
1749146965,19.16,19.16,19.16,19.16,0
1749146970,19.16,19.16,19.16,19.16,0
1749146975,19.16,19.16,19.16,19.16,0
1749146980,19.16,19.16,19.16,19.16,0
1749146985,19.16,19.16,19.16,19.16,0
1749146990,19.16,19.16,19.16,19.16,0
1749146995,19.16,19.16,19.16,19.16,0
1749147000,19.16,19.16,19.16,19.16,0
1749147005,19.16,19.16,19.16,19.16,0
1749147010,19.16,19.16,19.16,19.16,0
1749147015,19.16,19.16,19.16,19.16,0
1749147020,19.16,19.16,19.16,19.16,0
1749147025,19.16,19.16,19.16,19.16,0
1749147030,19.16,19.16,19.16,19.16,0
1749147035,19.16,19.16,19.16,19.16,0
1749147040,19.13,19.13,19.13,19.13,1
1749147045,19.13,19.13,19.13,19.13,0
1749147050,19.13,19.13,19.13,19.13,0
1749147055,19.13,19.13,19.13,19.13,0
1749147060,19.13,19.13,19.13,19.13,0
1749147065,19.13,19.13,19.13,19.13,0
1749147070,19.13,19.13,19.13,19.13,0
1749147075,19.13,19.13,19.13,19.13,0
1749147080,19.13,19.13,19.13,19.13,0
1749147085,19.13,19.13,19.13,19.13,0
1749147090,19.14,19.14,19.14,19.14,4
1749147095,19.12,19.12,19.12,19.12,1
1749147100,19.12,19.12,19.12,19.12,0
1749147105,19.12,19.12,19.12,19.12,0
1749147110,19.12,19.12,19.12,19.12,0
1749147115,19.12,19.12,19.12,19.12,0
1749147120,19.12,19.12,19.12,19.12,0
1749147125,19.12,19.12,19.12,19.12,0
1749147130,19.12,19.12,19.12,19.12,0
1749147135,19.12,19.12,19.12,19.12,0
1749147140,19.12,19.12,19.12,19.12,0
1749147145,19.12,19.12,19.12,19.12,0
1749147150,19.11,19.11,19.11,19.11,1
1749147155,19.11,19.11,19.11,19.11,0
1749147160,19.12,19.12,19.12,19.12,2
1749147165,19.12,19.12,19.12,19.12,0
1749147170,19.12,19.12,19.12,19.12,0
1749147175,19.12,19.12,19.12,19.12,0
1749147180,19.12,19.12,19.12,19.12,1
1749147185,19.12,19.12,19.12,19.12,0
1749147190,19.12,19.12,19.12,19.12,0
1749147195,19.12,19.12,19.12,19.12,0
1749147200,19.12,19.12,19.12,19.12,0
1749147205,19.12,19.12,19.12,19.12,0
1749147210,19.12,19.12,19.12,19.12,0
1749147215,19.12,19.12,19.12,19.12,0
1749147220,19.12,19.12,19.12,19.12,0
1749147225,19.12,19.12,19.12,19.12,0
1749147230,19.12,19.12,19.12,19.12,0
1749147235,19.12,19.12,19.12,19.12,0
1749147240,19.12,19.12,19.12,19.12,0
1749147245,19.12,19.12,19.12,19.12,0
1749147250,19.12,19.12,19.12,19.12,0
1749147255,19.12,19.12,19.12,19.12,0
1749147260,19.12,19.12,19.12,19.12,0
1749147265,19.12,19.12,19.12,19.12,0
1749147270,19.12,19.12,19.12,19.12,0
1749147275,19.12,19.12,19.12,19.12,0
1749147280,19.12,19.12,19.12,19.12,0
1749147285,19.12,19.12,19.12,19.12,0
1749147290,19.12,19.12,19.12,19.12,0
1749147295,19.12,19.12,19.12,19.12,0
1749147300,19.16,19.16,19.16,19.16,1
1749147305,19.16,19.16,19.16,19.16,0
1749147310,19.16,19.16,19.16,19.16,0
1749147315,19.16,19.16,19.16,19.16,0
1749147320,19.16,19.16,19.16,19.16,0
1749147325,19.18,19.18,19.18,19.18,1
1749147330,19.2,19.2,19.2,19.2,1
1749147335,19.2,19.2,19.2,19.2,0
1749147340,19.2,19.2,19.2,19.2,0
1749147345,19.2,19.2,19.2,19.2,0
1749147350,19.2,19.2,19.2,19.2,0
1749147355,19.2,19.2,19.2,19.2,0
1749147360,19.2,19.2,19.2,19.2,0
1749147365,19.2,19.2,19.2,19.2,0
1749147370,19.2,19.2,19.2,19.2,0
1749147375,19.2,19.2,19.2,19.2,0
1749147380,19.2,19.2,19.2,19.2,0
1749147385,19.2,19.2,19.2,19.2,0
1749147390,19.2,19.2,19.2,19.2,0
1749147395,19.2,19.2,19.2,19.2,0
1749147400,19.2,19.2,19.2,19.2,0
1749147405,19.2,19.2,19.2,19.2,0
1749147410,19.22,19.22,19.22,19.22,4
1749147415,19.22,19.22,19.22,19.22,0
1749147420,19.3,19.3,19.3,19.3,3
1749147425,19.3,19.3,19.3,19.3,0
1749147430,19.26,19.26,19.26,19.26,1
1749147435,19.26,19.26,19.26,19.26,0
1749147440,19.26,19.26,19.26,19.26,0
1749147445,19.26,19.26,19.26,19.26,0
1749147450,19.26,19.26,19.26,19.26,0
1749147455,19.26,19.26,19.26,19.26,0
1749147460,19.26,19.26,19.26,19.26,0
1749147465,19.26,19.26,19.26,19.26,0
1749147470,19.26,19.26,19.26,19.26,0
1749147475,19.26,19.26,19.26,19.26,0
1749147480,19.26,19.26,19.26,19.26,0
1749147485,19.26,19.26,19.26,19.26,0
1749147490,19.26,19.26,19.26,19.26,0
1749147495,19.26,19.26,19.26,19.26,0
1749147500,19.26,19.26,19.26,19.26,0
1749147505,19.26,19.26,19.26,19.26,0
1749147510,19.26,19.26,19.26,19.26,0
1749147515,19.26,19.26,19.26,19.26,0
1749147520,19.26,19.26,19.26,19.26,0
1749147525,19.26,19.26,19.26,19.26,0
1749147530,19.26,19.26,19.26,19.26,0
1749147535,19.26,19.26,19.26,19.26,0
1749147540,19.26,19.26,19.26,19.26,0
1749147545,19.26,19.26,19.26,19.26,0
1749147550,19.26,19.26,19.26,19.26,0
1749147555,19.26,19.26,19.26,19.26,0
1749147560,19.26,19.26,19.26,19.26,0
1749147565,19.2,19.2,19.2,19.2,1
1749147570,19.2,19.2,19.2,19.2,0
1749147575,19.2,19.2,19.2,19.2,0
1749147580,19.2,19.2,19.2,19.2,0
1749147585,19.2,19.2,19.2,19.2,0
1749147590,19.2,19.2,19.2,19.2,0
1749147595,19.2,19.2,19.2,19.2,0
1749147600,19.2,19.2,19.2,19.2,0
1749147605,19.2,19.2,19.2,19.2,0
1749147610,19.2,19.2,19.2,19.2,0
1749147615,19.2,19.2,19.2,19.2,0
1749147620,19.2,19.2,19.2,19.2,0
1749147625,19.2,19.2,19.2,19.2,0
1749147630,19.2,19.2,19.2,19.2,0
1749147635,19.2,19.2,19.2,19.2,0
1749147640,19.2,19.2,19.2,19.2,0
1749147645,19.2,19.2,19.2,19.2,0
1749147650,19.2,19.2,19.2,19.2,0
1749147655,19.2,19.2,19.2,19.2,0
1749147660,19.2,19.2,19.2,19.2,0
1749147665,19.2,19.2,19.2,19.2,0
1749147670,19.2,19.2,19.2,19.2,0
1749147675,19.2,19.2,19.2,19.2,0
1749147680,19.2,19.2,19.2,19.2,0
1749147685,19.2,19.2,19.2,19.2,0
1749147690,19.2,19.2,19.2,19.2,0
1749147695,19.2,19.2,19.2,19.2,0
1749147700,19.2,19.2,19.2,19.2,0
1749147705,19.2,19.2,19.2,19.2,0
1749147710,19.2,19.2,19.2,19.2,0
1749147715,19.2,19.2,19.2,19.2,0
1749147720,19.2,19.2,19.2,19.2,0
1749147725,19.2,19.2,19.2,19.2,0
1749147730,19.2,19.2,19.2,19.2,0
1749147735,19.14,19.14,19.14,19.14,1
1749147740,19.14,19.14,19.14,19.14,0
1749147745,19.14,19.14,19.14,19.14,0
1749147750,19.14,19.14,19.14,19.14,0
1749147755,19.14,19.14,19.14,19.14,0
1749147760,19.14,19.14,19.14,19.14,0
1749147765,19.14,19.14,19.14,19.14,0
1749147770,19.14,19.14,19.14,19.14,0
1749147775,19.14,19.14,19.14,19.14,0
1749147780,19.14,19.14,19.14,19.14,0
1749147785,19.14,19.14,19.14,19.14,0
1749147790,19.14,19.14,19.14,19.14,0
1749147795,19.12,19.12,19.12,19.12,1
1749147800,19.12,19.12,19.12,19.12,0
1749147805,19.12,19.12,19.12,19.12,0
1749147810,19.12,19.12,19.12,19.12,0
1749147815,19.12,19.12,19.12,19.12,0
1749147820,19.12,19.12,19.12,19.12,0
1749147825,19.12,19.12,19.12,19.12,0
1749147830,19.12,19.12,19.12,19.12,0
1749147835,19.12,19.12,19.12,19.12,0
1749147840,19.12,19.12,19.12,19.12,0
1749147845,19.12,19.12,19.12,19.12,0
1749147850,19.12,19.12,19.12,19.12,0
1749147855,19.12,19.12,19.12,19.12,0
1749147860,19.12,19.12,19.12,19.12,0
1749147865,19.12,19.12,19.12,19.12,0
1749147870,19.12,19.12,19.12,19.12,0
1749147875,19.12,19.12,19.12,19.12,0
1749147880,19.12,19.12,19.12,19.12,0
1749147885,19.12,19.12,19.12,19.12,0
1749147890,19.12,19.12,19.12,19.12,0
1749147895,19.12,19.12,19.12,19.12,0
1749147900,19.12,19.12,19.12,19.12,0
1749147905,19.12,19.12,19.12,19.12,0
1749147910,19.12,19.12,19.12,19.12,0
1749147915,19.12,19.12,19.12,19.12,0
1749147920,19.12,19.12,19.12,19.12,0
1749147925,19.12,19.12,19.12,19.12,0
1749147930,19.12,19.12,19.12,19.12,0
1749147935,19.12,19.12,19.12,19.12,0
1749147940,19.12,19.12,19.12,19.12,0
1749147945,19.12,19.12,19.12,19.12,0
1749147950,19.12,19.12,19.12,19.12,0
1749147955,19.12,19.12,19.12,19.12,0
1749147960,19.12,19.12,19.12,19.12,0
1749147965,19.12,19.12,19.12,19.12,0
1749147970,19.12,19.12,19.12,19.12,0
1749147975,19.12,19.12,19.12,19.12,0
1749147980,19.12,19.12,19.12,19.12,0
1749147985,19.12,19.12,19.12,19.12,0
1749147990,19.12,19.12,19.12,19.12,0
1749147995,19.12,19.12,19.12,19.12,0
1749148000,19.12,19.12,19.12,19.12,0
1749148005,19.12,19.12,19.12,19.12,0
1749148010,19.12,19.12,19.12,19.12,0
1749148015,19.12,19.12,19.12,19.12,0
1749148020,19.12,19.12,19.12,19.12,0
1749148025,19.12,19.12,19.12,19.12,0
1749148030,19.12,19.12,19.12,19.12,0
1749148035,19.12,19.12,19.12,19.12,0
1749148040,19.12,19.12,19.12,19.12,0
1749148045,19.12,19.12,19.12,19.12,0
1749148050,19.12,19.12,19.12,19.12,0
1749148055,19.12,19.12,19.12,19.12,0
1749148060,19.12,19.12,19.12,19.12,0
1749148065,19.12,19.12,19.12,19.12,0
1749148070,19.12,19.12,19.12,19.12,0
1749148075,19.12,19.12,19.12,19.12,0
1749148080,19.12,19.12,19.12,19.12,0
1749148085,19.12,19.12,19.12,19.12,0
1749148090,19.12,19.12,19.12,19.12,0
1749148095,19.12,19.12,19.12,19.12,0
1749148100,19.12,19.12,19.12,19.12,0
1749148105,19.12,19.12,19.12,19.12,0
1749148110,19.12,19.12,19.12,19.12,0
1749148115,19.12,19.12,19.12,19.12,0
1749148120,19.12,19.12,19.12,19.12,0
1749148125,19.12,19.12,19.12,19.12,0
1749148130,19.12,19.12,19.12,19.12,0
1749148135,19.12,19.12,19.12,19.12,0
1749148140,19.12,19.12,19.12,19.12,0
1749148145,19.12,19.12,19.12,19.12,0
1749148150,19.12,19.12,19.12,19.12,0
1749148155,19.12,19.12,19.12,19.12,0
1749148160,19.12,19.12,19.12,19.12,0
1749148165,19.12,19.12,19.12,19.12,0
1749148170,19.12,19.12,19.12,19.12,0
1749148175,19.12,19.12,19.12,19.12,0
1749148180,19.12,19.12,19.12,19.12,0
1749148185,19.12,19.12,19.12,19.12,0
1749148190,19.12,19.12,19.12,19.12,0
1749148195,19.12,19.12,19.12,19.12,0
1749148200,19.12,19.12,19.12,19.12,0
1749148205,19.12,19.12,19.12,19.12,0
1749148210,19.05,19.05,19.05,19.05,3
1749148215,19.05,19.05,19.05,19.05,0
1749148220,19.05,19.05,19.05,19.05,0
1749148225,19.05,19.05,19.05,19.05,0
1749148230,19.05,19.05,19.05,19.05,0
1749148235,19.05,19.05,19.05,19.05,0
1749148240,19.05,19.05,19.05,19.05,0
1749148245,19.05,19.05,19.05,19.05,0
1749148250,19.05,19.05,19.05,19.05,0
1749148255,19.05,19.05,19.05,19.05,0
1749148260,19.05,19.05,19.05,19.05,0
1749148265,19.05,19.05,19.05,19.05,0
1749148270,19.05,19.05,19.05,19.05,0
1749148275,19.05,19.05,19.05,19.05,0
1749148280,19.05,19.05,19.05,19.05,0
1749148285,19.05,19.05,19.05,19.05,0
1749148290,19.05,19.05,19.05,19.05,0
1749148295,19.05,19.05,19.05,19.05,0
1749148300,19.05,19.05,19.05,19.05,0
1749148305,19.05,19.05,19.05,19.05,0
1749148310,19.05,19.05,19.05,19.05,0
1749148315,19.05,19.05,19.05,19.05,0
1749148320,19.05,19.05,19.05,19.05,0
1749148325,19.05,19.05,19.05,19.05,0
1749148330,19.05,19.05,19.05,19.05,0
1749148335,19.05,19.05,19.05,19.05,0
1749148340,19.05,19.05,19.05,19.05,0
1749148345,19.05,19.05,19.05,19.05,0
1749148350,19.05,19.05,19.05,19.05,0
1749148355,19.05,19.05,19.05,19.05,0
1749148360,19.05,19.05,19.05,19.05,0
1749148365,19.05,19.05,19.05,19.05,0
1749148370,19.05,19.05,19.05,19.05,0
1749148375,19.05,19.05,19.05,19.05,0
1749148380,19.05,19.05,19.05,19.05,0
1749148385,19.05,19.05,19.05,19.05,0
1749148390,19.05,19.05,19.05,19.05,0
1749148395,19.05,19.05,19.05,19.05,0
1749148400,19.05,19.05,19.05,19.05,0
1749148405,19.05,19.05,19.05,19.05,0
1749148410,19.05,19.05,19.05,19.05,0
1749148415,19.05,19.05,19.05,19.05,0
1749148420,19.05,19.05,19.05,19.05,0
1749148425,19.05,19.05,19.05,19.05,0
1749148430,19.05,19.05,19.05,19.05,0
1749148435,19.05,19.05,19.05,19.05,0
1749148440,19.05,19.05,19.05,19.05,0
1749148445,19.05,19.05,19.05,19.05,0
1749148450,19.05,19.05,19.05,19.05,0
1749148455,19.05,19.05,19.05,19.05,0
1749148460,19.05,19.05,19.05,19.05,0
1749148465,19.05,19.05,19.05,19.05,0
1749148470,19.05,19.05,19.05,19.05,0
1749148475,19.05,19.05,19.05,19.05,0
1749148480,19.05,19.05,19.05,19.05,0
1749148485,19.05,19.05,19.05,19.05,0
1749148490,19.05,19.05,19.05,19.05,0
1749148495,19.05,19.05,19.05,19.05,0
1749148500,19.05,19.05,19.05,19.05,0
1749148505,19.05,19.05,19.05,19.05,0
1749148510,19.05,19.05,19.05,19.05,0
1749148515,19.05,19.05,19.05,19.05,0
1749148520,19.05,19.05,19.05,19.05,0
1749148525,19.05,19.05,19.05,19.05,0
1749148530,19.05,19.05,19.05,19.05,0
1749148535,19.05,19.05,19.05,19.05,0
1749148540,19.05,19.05,19.05,19.05,0
1749148545,19.05,19.05,19.05,19.05,0
1749148550,19.05,19.05,19.05,19.05,0
1749148555,19.05,19.05,19.05,19.05,0
1749148560,19.05,19.05,19.05,19.05,0
1749148565,19.05,19.05,19.05,19.05,0
1749148570,19.05,19.05,19.05,19.05,0
1749148575,19.05,19.05,19.05,19.05,0
1749148580,19.0,19.0,19.0,19.0,4
1749148585,19.0,19.0,19.0,19.0,0
1749148590,19.0,19.0,19.0,19.0,0
1749148595,19.0,19.0,19.0,19.0,0
1749148600,19.0,19.0,19.0,19.0,0
1749148605,19.0,19.0,19.0,19.0,0
1749148610,19.0,19.0,19.0,19.0,0
1749148615,19.0,19.0,19.0,19.0,0
1749148620,19.0,19.0,19.0,19.0,0
1749148625,19.0,19.0,19.0,19.0,0
1749148630,19.0,19.0,19.0,19.0,0
1749148635,19.0,19.0,19.0,19.0,0
1749148640,19.0,19.0,19.0,19.0,0
1749148645,19.0,19.0,19.0,19.0,0
1749148650,19.0,19.0,19.0,19.0,0
1749148655,19.0,19.0,19.0,19.0,0
1749148660,19.0,19.0,19.0,19.0,0
1749148665,19.0,19.0,19.0,19.0,0
1749148670,19.0,19.0,19.0,19.0,0
1749148675,19.0,19.0,19.0,19.0,0
1749148680,19.0,19.0,19.0,19.0,0
1749148685,19.0,19.0,19.0,19.0,0
1749148690,19.0,19.0,19.0,19.0,0
1749148695,19.0,19.0,19.0,19.0,0
1749148700,19.0,19.0,19.0,19.0,0
1749148705,19.0,19.0,19.0,19.0,0
1749148710,19.0,19.0,19.0,19.0,0
1749148715,19.0,19.0,19.0,19.0,0
1749148720,19.0,19.0,19.0,19.0,0
1749148725,19.0,19.0,19.0,19.0,0
1749148730,19.0,19.0,19.0,19.0,0
1749148735,19.0,19.0,19.0,19.0,0
1749148740,19.0,19.0,19.0,19.0,0
1749148745,19.0,19.0,19.0,19.0,0
1749148750,19.0,19.0,19.0,19.0,0
1749148755,19.0,19.0,19.0,19.0,0
1749148760,19.0,19.0,19.0,19.0,0
1749148765,19.0,19.0,19.0,19.0,0
1749148770,19.0,19.0,19.0,19.0,0
1749148775,19.0,19.0,19.0,19.0,0
1749148780,19.0,19.0,19.0,19.0,0
1749148785,19.0,19.0,19.0,19.0,0
1749148790,19.0,19.0,19.0,19.0,0
1749148795,19.0,19.0,19.0,19.0,0
1749148800,19.0,19.0,19.0,19.0,0
1749148805,19.0,19.0,19.0,19.0,0
1749148810,19.0,19.0,19.0,19.0,0
1749148815,19.0,19.0,19.0,19.0,0
1749148820,19.0,19.0,19.0,19.0,0
1749148825,19.0,19.0,19.0,19.0,0
1749148830,19.0,19.0,19.0,19.0,0
1749148835,19.0,19.0,19.0,19.0,0
1749148840,19.0,19.0,19.0,19.0,0
1749148845,19.0,19.0,19.0,19.0,0
1749148850,19.0,19.0,19.0,19.0,0
1749148855,19.0,19.0,19.0,19.0,0
1749148860,19.0,19.0,19.0,19.0,0
1749148865,19.0,19.0,19.0,19.0,0
1749148870,19.0,19.0,19.0,19.0,0
1749148875,19.0,19.0,19.0,19.0,0
1749148880,19.0,19.0,19.0,19.0,0
1749148885,19.0,19.0,19.0,19.0,0
1749148890,19.0,19.0,19.0,19.0,0
1749148895,19.0,19.0,19.0,19.0,0
1749148900,19.0,19.0,19.0,19.0,0
1749148905,19.0,19.0,19.0,19.0,0
1749148910,19.0,19.0,19.0,19.0,0
1749148915,19.0,19.0,19.0,19.0,0
1749148920,19.0,19.0,19.0,19.0,0
1749148925,19.0,19.0,19.0,19.0,0
1749148930,19.0,19.0,19.0,19.0,0
1749148935,19.0,19.0,19.0,19.0,0
1749148940,19.0,19.0,19.0,19.0,0
1749148945,19.0,19.0,19.0,19.0,0
1749148950,19.0,19.0,19.0,19.0,0
1749148955,19.0,19.0,19.0,19.0,0
1749148960,19.0,19.0,19.0,19.0,0
1749148965,19.0,19.0,19.0,19.0,0
1749148970,19.0,19.0,19.0,19.0,0
1749148975,19.0,19.0,19.0,19.0,0
1749148980,19.0,19.0,19.0,19.0,0
1749148985,19.0,19.0,19.0,19.0,0
1749148990,19.0,19.0,19.0,19.0,0
1749148995,19.0,19.0,19.0,19.0,0
1749149000,19.0,19.0,19.0,19.0,0
1749149005,19.0,19.0,19.0,19.0,0
1749149010,19.0,19.0,19.0,19.0,0
1749149015,19.0,19.0,19.0,19.0,0
1749149020,19.0,19.0,19.0,19.0,0
1749149025,19.0,19.0,19.0,19.0,0
1749149030,19.0,19.0,19.0,19.0,0
1749149035,19.0,19.0,19.0,19.0,0
1749149040,19.0,19.0,19.0,19.0,0
1749149045,19.0,19.0,19.0,19.0,0
1749149050,19.0,19.0,19.0,19.0,0
1749149055,19.06,19.06,19.06,19.06,1
1749149060,19.06,19.06,19.06,19.06,0
1749149065,19.06,19.06,19.06,19.06,0
1749149070,19.06,19.06,19.06,19.06,0
1749149075,19.06,19.06,19.06,19.06,0
1749149080,19.06,19.06,19.06,19.06,0
1749149085,19.06,19.06,19.06,19.06,0
1749149090,19.06,19.06,19.06,19.06,0
1749149095,19.06,19.06,19.06,19.06,1
1749149100,19.06,19.06,19.06,19.06,0
1749149105,19.06,19.06,19.06,19.06,0
1749149110,19.06,19.06,19.06,19.06,0
1749149115,19.06,19.06,19.06,19.06,0
1749149120,19.06,19.06,19.06,19.06,0
1749149125,19.06,19.06,19.06,19.06,0
1749149130,19.06,19.06,19.06,19.06,0
1749149135,19.06,19.06,19.06,19.06,0
1749149140,19.06,19.06,19.06,19.06,0
1749149145,19.06,19.06,19.06,19.06,0
1749149150,19.06,19.06,19.06,19.06,0
1749149155,19.06,19.06,19.06,19.06,0
1749149160,19.06,19.06,19.06,19.06,0
1749149165,19.06,19.06,19.06,19.06,0
1749149170,19.06,19.06,19.06,19.06,0
1749149175,19.06,19.06,19.06,19.06,0
1749149180,19.06,19.06,19.06,19.06,0
1749149185,19.06,19.06,19.06,19.06,0
1749149190,19.06,19.06,19.06,19.06,0
1749149195,19.06,19.06,19.06,19.06,0
1749149200,19.06,19.06,19.06,19.06,0
1749149205,19.06,19.06,19.06,19.06,0
1749149210,19.06,19.06,19.06,19.06,0
1749149215,19.06,19.06,19.06,19.06,0
1749149220,19.06,19.06,19.06,19.06,0
1749149225,19.06,19.06,19.06,19.06,0
1749149230,19.06,19.06,19.06,19.06,0
1749149235,19.06,19.06,19.06,19.06,0
1749149240,19.06,19.06,19.06,19.06,0
1749149245,19.06,19.06,19.06,19.06,0
1749149250,19.06,19.06,19.06,19.06,0
1749149255,19.06,19.06,19.06,19.06,0
1749149260,19.06,19.06,19.06,19.06,0
1749149265,19.06,19.06,19.06,19.06,0
1749149270,19.06,19.06,19.06,19.06,0
1749149275,19.06,19.06,19.06,19.06,0
1749149280,19.06,19.06,19.06,19.06,0
1749149285,19.06,19.06,19.06,19.06,0
1749149290,19.06,19.06,19.06,19.06,0
1749149295,19.06,19.06,19.06,19.06,0
1749149300,19.06,19.06,19.06,19.06,0
1749149305,19.06,19.06,19.06,19.06,0
1749149310,19.06,19.06,19.06,19.06,0
1749149315,19.06,19.06,19.06,19.06,0
1749149320,19.06,19.06,19.06,19.06,0
1749149325,19.06,19.06,19.06,19.06,0
1749149330,19.06,19.06,19.06,19.06,0
1749149335,19.06,19.06,19.06,19.06,0
1749149340,19.06,19.06,19.06,19.06,0
1749149345,19.06,19.06,19.06,19.06,0
1749149350,19.06,19.06,19.06,19.06,0
1749149355,19.06,19.06,19.06,19.06,0
1749149360,19.06,19.06,19.06,19.06,0
1749149365,19.12,19.12,19.12,19.12,3
1749149370,19.12,19.12,19.12,19.12,0
1749149375,19.12,19.12,19.12,19.12,0
1749149380,19.12,19.12,19.12,19.12,0
1749149385,19.12,19.12,19.12,19.12,0
1749149390,19.12,19.12,19.12,19.12,0
1749149395,19.12,19.12,19.12,19.12,0
1749149400,19.12,19.12,19.12,19.12,0
1749149405,19.12,19.12,19.12,19.12,0
1749149410,19.12,19.12,19.12,19.12,0
1749149415,19.12,19.12,19.12,19.12,0
1749149420,19.12,19.12,19.12,19.12,0
1749149425,19.12,19.12,19.12,19.12,0
1749149430,19.12,19.12,19.12,19.12,0
1749149435,19.12,19.12,19.12,19.12,0
1749149440,19.12,19.12,19.12,19.12,0
1749149445,19.12,19.12,19.12,19.12,0
1749149450,19.12,19.12,19.12,19.12,0
1749149455,19.12,19.12,19.12,19.12,0
1749149460,19.12,19.12,19.12,19.12,0
1749149465,19.12,19.12,19.12,19.12,0
1749149470,19.12,19.12,19.12,19.12,0
1749149475,19.12,19.12,19.12,19.12,0
1749149480,19.12,19.12,19.12,19.12,0
1749149485,19.12,19.12,19.12,19.12,0
1749149490,19.12,19.12,19.12,19.12,0
1749149495,19.12,19.12,19.12,19.12,0
1749149500,19.12,19.12,19.12,19.12,0
1749149505,19.17,19.17,19.17,19.17,1
1749149510,19.17,19.17,19.17,19.17,0
1749149515,19.17,19.17,19.17,19.17,0
1749149520,19.17,19.17,19.17,19.17,0
1749149525,19.17,19.17,19.17,19.17,0
1749149530,19.17,19.17,19.17,19.17,0
1749149535,19.17,19.17,19.17,19.17,0
1749149540,19.17,19.17,19.17,19.17,0
1749149545,19.17,19.17,19.17,19.17,0
1749149550,19.17,19.17,19.17,19.17,0
1749149555,19.17,19.17,19.17,19.17,0
1749149560,19.17,19.17,19.17,19.17,0
1749149565,19.17,19.17,19.17,19.17,0
1749149570,19.17,19.17,19.17,19.17,0
1749149575,19.17,19.17,19.17,19.17,0
1749149580,19.17,19.17,19.17,19.17,0
1749149585,19.17,19.17,19.17,19.17,0
1749149590,19.17,19.17,19.17,19.17,0
1749149595,19.17,19.17,19.17,19.17,0
1749149600,19.17,19.17,19.17,19.17,0
1749149605,19.17,19.17,19.17,19.17,0
1749149610,19.17,19.17,19.17,19.17,0
1749149615,19.17,19.17,19.17,19.17,0
1749149620,19.17,19.17,19.17,19.17,0
1749149625,19.17,19.17,19.17,19.17,0
1749149630,19.17,19.17,19.17,19.17,0
1749149635,19.17,19.17,19.17,19.17,0
1749149640,19.17,19.17,19.17,19.17,0
1749149645,19.17,19.17,19.17,19.17,0
1749149650,19.17,19.17,19.17,19.17,4
1749149655,19.2,19.2,19.2,19.2,1
1749149660,19.2,19.2,19.2,19.2,0
1749149665,19.2,19.2,19.2,19.2,15
1749149670,19.2,19.2,19.2,19.2,0
1749149675,19.2,19.2,19.2,19.2,0
1749149680,19.2,19.2,19.2,19.2,0
1749149685,19.2,19.2,19.2,19.2,0
1749149690,19.2,19.2,19.2,19.2,8
1749149695,19.2,19.2,19.2,19.2,0
1749149700,19.2,19.2,19.2,19.2,0
1749149705,19.2,19.2,19.2,19.2,0
1749149710,19.2,19.2,19.2,19.2,0
1749149715,19.2,19.2,19.2,19.2,0
1749149720,19.2,19.2,19.2,19.2,0
1749149725,19.2,19.2,19.2,19.2,0
1749149730,19.2,19.2,19.2,19.2,0
1749149735,19.2,19.2,19.2,19.2,0
1749149740,19.15,19.15,19.15,19.15,64
1749149745,19.15,19.15,19.15,19.15,0
1749149750,19.15,19.15,19.15,19.15,0
1749149755,19.15,19.15,19.15,19.15,0
1749149760,19.15,19.15,19.15,19.15,0
1749149765,19.15,19.15,19.15,19.15,0
1749149770,19.15,19.15,19.15,19.15,0
1749149775,19.15,19.15,19.15,19.15,0
1749149780,19.15,19.15,19.15,19.15,0
1749149785,19.15,19.15,19.15,19.15,0
1749149790,19.15,19.15,19.15,19.15,0
1749149795,19.15,19.15,19.15,19.15,0
1749149800,19.15,19.15,19.15,19.15,0
1749149805,19.15,19.15,19.15,19.15,0
1749149810,19.15,19.15,19.15,19.15,0
1749149815,19.15,19.15,19.15,19.15,0
1749149820,19.15,19.15,19.15,19.15,0
1749149825,19.15,19.15,19.15,19.15,0
1749149830,19.15,19.15,19.15,19.15,0
1749149835,19.16,19.16,19.15,19.15,121
1749149840,19.15,19.15,19.15,19.15,0
1749149845,19.15,19.15,19.15,19.15,0
1749149850,19.15,19.15,19.15,19.15,0
1749149855,19.15,19.15,19.15,19.15,0
1749149860,19.15,19.15,19.15,19.15,0
1749149865,19.15,19.15,19.15,19.15,0
1749149870,19.15,19.15,19.15,19.15,0
1749149875,19.15,19.15,19.15,19.15,0
1749149880,19.15,19.15,19.15,19.15,0
1749149885,19.15,19.15,19.15,19.15,0
1749149890,19.15,19.15,19.15,19.15,0
1749149895,19.15,19.15,19.15,19.15,0
1749149900,19.15,19.15,19.15,19.15,0
1749149905,19.15,19.15,19.15,19.15,0
1749149910,19.15,19.15,19.15,19.15,0
1749149915,19.15,19.15,19.15,19.15,0
1749149920,19.15,19.15,19.15,19.15,0
1749149925,19.15,19.15,19.15,19.15,0
1749149930,19.15,19.15,19.15,19.15,0
1749149935,19.15,19.15,19.15,19.15,0
1749149940,19.15,19.15,19.15,19.15,0
1749149945,19.15,19.15,19.15,19.15,0
1749149950,19.15,19.15,19.15,19.15,0
1749149955,19.15,19.15,19.15,19.15,0
1749149960,19.15,19.15,19.15,19.15,0
1749149965,19.15,19.15,19.15,19.15,0
1749149970,19.15,19.15,19.15,19.15,0
1749149975,19.15,19.15,19.15,19.15,0
1749149980,19.15,19.15,19.15,19.15,0
1749149985,19.15,19.15,19.15,19.15,0
1749149990,19.15,19.15,19.15,19.15,0
1749149995,19.15,19.15,19.15,19.15,0
1749150000,19.15,19.15,19.15,19.15,0
1749150005,19.15,19.15,19.15,19.15,0
1749150010,19.15,19.15,19.15,19.15,0
1749150015,19.15,19.15,19.15,19.15,0
1749150020,19.15,19.15,19.15,19.15,0
1749150025,19.21,19.21,19.2,19.2,6
1749150030,19.2,19.2,19.2,19.2,0
1749150035,19.2,19.2,19.2,19.2,0
1749150040,19.2,19.2,19.2,19.2,0
1749150045,19.2,19.2,19.2,19.2,0
1749150050,19.2,19.2,19.2,19.2,0
1749150055,19.2,19.2,19.2,19.2,0
1749150060,19.2,19.2,19.2,19.2,0
1749150065,19.2,19.2,19.2,19.2,0
1749150070,19.2,19.2,19.2,19.2,0
1749150075,19.2,19.2,19.2,19.2,0
1749150080,19.2,19.2,19.2,19.2,0
1749150085,19.2,19.2,19.2,19.2,0
1749150090,19.2,19.2,19.2,19.2,0
1749150095,19.2,19.2,19.2,19.2,0
1749150100,19.2,19.2,19.2,19.2,0
1749150105,19.2,19.2,19.2,19.2,0
1749150110,19.2,19.2,19.2,19.2,0
1749150115,19.2,19.2,19.2,19.2,0
1749150120,19.2,19.2,19.2,19.2,0
1749150125,19.2,19.2,19.2,19.2,0
1749150130,19.2,19.2,19.2,19.2,0
1749150135,19.2,19.2,19.2,19.2,0
1749150140,19.2,19.2,19.2,19.2,0
1749150145,19.18,19.18,19.18,19.18,1
1749150150,19.18,19.18,19.18,19.18,0
1749150155,19.18,19.18,19.18,19.18,0
1749150160,19.18,19.18,19.18,19.18,0
1749150165,19.18,19.18,19.18,19.18,0
1749150170,19.18,19.18,19.18,19.18,0
1749150175,19.18,19.18,19.18,19.18,0
1749150180,19.18,19.18,19.18,19.18,0
1749150185,19.18,19.18,19.18,19.18,0
1749150190,19.18,19.18,19.18,19.18,0
1749150195,19.18,19.18,19.18,19.18,0
1749150200,19.18,19.18,19.18,19.18,0
1749150205,19.18,19.18,19.18,19.18,0
1749150210,19.18,19.18,19.18,19.18,0
1749150215,19.18,19.18,19.18,19.18,0
1749150220,19.18,19.18,19.18,19.18,0
1749150225,19.18,19.18,19.18,19.18,0
1749150230,19.18,19.18,19.18,19.18,0
1749150235,19.18,19.18,19.18,19.18,0
1749150240,19.25,19.25,19.25,19.25,1
1749150245,19.25,19.25,19.25,19.25,0
1749150250,19.25,19.25,19.25,19.25,0
1749150255,19.25,19.25,19.25,19.25,0
1749150260,19.25,19.25,19.25,19.25,0
1749150265,19.25,19.25,19.25,19.25,0
1749150270,19.25,19.25,19.25,19.25,0
1749150275,19.25,19.25,19.25,19.25,0
1749150280,19.25,19.25,19.25,19.25,0
1749150285,19.25,19.25,19.25,19.25,0
1749150290,19.25,19.25,19.25,19.25,0
1749150295,19.25,19.25,19.25,19.25,0
1749150300,19.25,19.25,19.25,19.25,0
1749150305,19.25,19.25,19.25,19.25,0
1749150310,19.25,19.25,19.25,19.25,0
1749150315,19.25,19.25,19.25,19.25,0
1749150320,19.25,19.25,19.25,19.25,0
1749150325,19.25,19.25,19.25,19.25,0
1749150330,19.25,19.25,19.25,19.25,0
1749150335,19.25,19.25,19.25,19.25,0
1749150340,19.25,19.25,19.25,19.25,0
1749150345,19.25,19.25,19.25,19.25,0
1749150350,19.25,19.25,19.25,19.25,0
1749150355,19.25,19.25,19.25,19.25,0
1749150360,19.25,19.25,19.25,19.25,0
1749150365,19.25,19.25,19.25,19.25,0
1749150370,19.25,19.25,19.25,19.25,0
1749150375,19.25,19.25,19.25,19.25,0
1749150380,19.25,19.25,19.25,19.25,0
1749150385,19.25,19.25,19.25,19.25,0
1749150390,19.25,19.25,19.25,19.25,0
1749150395,19.25,19.25,19.25,19.25,0
1749150400,19.25,19.25,19.25,19.25,0
1749150405,19.25,19.25,19.25,19.25,0
1749150410,19.25,19.25,19.25,19.25,0
1749150415,19.25,19.25,19.25,19.25,0
1749150420,19.25,19.25,19.25,19.25,0
1749150425,19.24,19.24,19.24,19.24,1
1749150430,19.24,19.24,19.24,19.24,0
1749150435,19.24,19.24,19.24,19.24,0
1749150440,19.24,19.24,19.24,19.24,0
1749150445,19.24,19.24,19.24,19.24,0
1749150450,19.24,19.24,19.24,19.24,0
1749150455,19.24,19.24,19.24,19.24,0
1749150460,19.24,19.24,19.24,19.24,0
1749150465,19.24,19.24,19.24,19.24,0
1749150470,19.24,19.24,19.24,19.24,0
1749150475,19.27,19.27,19.27,19.27,10
1749150480,19.27,19.27,19.27,19.27,0
1749150485,19.27,19.27,19.27,19.27,0
1749150490,19.27,19.27,19.27,19.27,0
1749150495,19.27,19.27,19.27,19.27,0
1749150500,19.27,19.27,19.27,19.27,0
1749150505,19.27,19.27,19.27,19.27,0
1749150510,19.27,19.27,19.27,19.27,0
1749150515,19.27,19.27,19.27,19.27,0
1749150520,19.27,19.27,19.27,19.27,0
1749150525,19.16,19.16,19.16,19.16,1
1749150530,19.16,19.16,19.16,19.16,0
1749150535,19.16,19.16,19.16,19.16,0
1749150540,19.16,19.16,19.16,19.16,0
1749150545,19.16,19.16,19.16,19.16,0
1749150550,19.16,19.16,19.16,19.16,0
1749150555,19.16,19.16,19.16,19.16,0
1749150560,19.16,19.16,19.16,19.16,0
1749150565,19.16,19.16,19.16,19.16,0
1749150570,19.16,19.16,19.16,19.16,0
1749150575,19.16,19.16,19.16,19.16,0
1749150580,19.16,19.16,19.16,19.16,0
1749150585,19.16,19.16,19.16,19.16,0
1749150590,19.16,19.16,19.16,19.16,0
1749150595,19.16,19.16,19.16,19.16,0
1749150600,19.16,19.16,19.16,19.16,0
1749150605,19.16,19.16,19.16,19.16,0
1749150610,19.16,19.16,19.16,19.16,0
1749150615,19.16,19.16,19.16,19.16,0
1749150620,19.16,19.16,19.16,19.16,0
1749150625,19.16,19.16,19.16,19.16,0
1749150630,19.16,19.16,19.16,19.16,0
1749150635,19.16,19.16,19.16,19.16,0
1749150640,19.16,19.16,19.16,19.16,0
1749150645,19.16,19.16,19.16,19.16,0
1749150650,19.16,19.16,19.16,19.16,0
1749150655,19.19,19.19,19.19,19.19,1
1749150660,19.19,19.19,19.19,19.19,0
1749150665,19.19,19.19,19.19,19.19,0
1749150670,19.19,19.19,19.19,19.19,0
1749150675,19.19,19.19,19.19,19.19,0
1749150680,19.19,19.19,19.19,19.19,0
1749150685,19.19,19.19,19.19,19.19,0
1749150690,19.19,19.19,19.19,19.19,0
1749150695,19.19,19.19,19.19,19.19,0
1749150700,19.19,19.19,19.19,19.19,0
1749150705,19.19,19.19,19.19,19.19,0
1749150710,19.19,19.19,19.19,19.19,0
1749150715,19.19,19.19,19.19,19.19,0
1749150720,19.19,19.19,19.19,19.19,0
1749150725,19.19,19.19,19.19,19.19,0
1749150730,19.19,19.19,19.19,19.19,0
1749150735,19.19,19.19,19.19,19.19,0
1749150740,19.19,19.19,19.19,19.19,0
1749150745,19.19,19.19,19.19,19.19,0
1749150750,19.19,19.19,19.19,19.19,0
1749150755,19.19,19.19,19.19,19.19,0
1749150760,19.25,19.27,19.25,19.27,3
1749150765,19.27,19.27,19.27,19.27,0
1749150770,19.27,19.27,19.27,19.27,0
1749150775,19.27,19.27,19.27,19.27,0
1749150780,19.27,19.27,19.27,19.27,0
1749150785,19.27,19.27,19.27,19.27,0
1749150790,19.27,19.27,19.27,19.27,0
1749150795,19.27,19.27,19.27,19.27,0
1749150800,19.27,19.27,19.27,19.27,0
1749150805,19.3,19.3,19.3,19.3,3
1749150810,19.3,19.3,19.3,19.3,0
1749150815,19.3,19.3,19.3,19.3,0
1749150820,19.3,19.3,19.3,19.3,0
1749150825,19.35,19.35,19.35,19.35,3
1749150830,19.34,19.34,19.34,19.34,1
1749150835,19.34,19.34,19.34,19.34,0
1749150840,19.34,19.34,19.34,19.34,0
1749150845,19.34,19.34,19.34,19.34,0
1749150850,19.36,19.36,19.36,19.36,3
1749150855,19.36,19.36,19.36,19.36,0
1749150860,19.36,19.36,19.36,19.36,0
1749150865,19.36,19.36,19.36,19.36,0
1749150870,19.36,19.36,19.36,19.36,0
1749150875,19.36,19.36,19.36,19.36,0
1749150880,19.36,19.36,19.36,19.36,0
1749150885,19.36,19.36,19.36,19.36,0
1749150890,19.36,19.36,19.36,19.36,0
1749150895,19.36,19.36,19.36,19.36,0
1749150900,19.36,19.36,19.36,19.36,0
1749150905,19.36,19.36,19.36,19.36,0
1749150910,19.36,19.36,19.36,19.36,0
1749150915,19.36,19.36,19.36,19.36,0
1749150920,19.36,19.36,19.36,19.36,0
1749150925,19.36,19.36,19.36,19.36,0
1749150930,19.36,19.36,19.36,19.36,0
1749150935,19.36,19.36,19.36,19.36,0
1749150940,19.41,19.41,19.41,19.41,1
1749150945,19.41,19.41,19.41,19.41,0
1749150950,19.41,19.41,19.41,19.41,0
1749150955,19.41,19.41,19.41,19.41,0
1749150960,19.41,19.41,19.41,19.41,0
1749150965,19.46,19.5,19.46,19.5,6
1749150970,19.5,19.5,19.5,19.5,0
1749150975,19.5,19.5,19.5,19.5,0
1749150980,19.5,19.5,19.5,19.5,0
1749150985,19.5,19.5,19.5,19.5,0
1749150990,19.5,19.5,19.5,19.5,4
1749150995,19.5,19.5,19.5,19.5,0
1749151000,19.54,19.55,19.54,19.55,66
1749151005,19.55,19.55,19.55,19.55,0
1749151010,19.55,19.55,19.55,19.55,0
1749151015,19.55,19.55,19.55,19.55,0
1749151020,19.55,19.55,19.55,19.55,0
1749151025,19.55,19.55,19.55,19.55,0
1749151030,19.55,19.55,19.55,19.55,0
1749151035,19.55,19.55,19.55,19.55,0
1749151040,19.63,19.63,19.63,19.63,6
1749151045,19.63,19.63,19.63,19.63,0
1749151050,19.63,19.63,19.63,19.63,0
1749151055,19.63,19.63,19.63,19.63,0
1749151060,19.64,19.64,19.64,19.64,1
1749151065,19.64,19.64,19.64,19.64,0
1749151070,19.61,19.61,19.6,19.6,6
1749151075,19.6,19.6,19.6,19.6,0
1749151080,19.57,19.57,19.57,19.57,10
1749151085,19.57,19.57,19.57,19.57,0
1749151090,19.57,19.57,19.57,19.57,0
1749151095,19.57,19.57,19.57,19.57,0
1749151100,19.57,19.57,19.57,19.57,0
1749151105,19.57,19.57,19.57,19.57,0
1749151110,19.57,19.57,19.57,19.57,0
1749151115,19.57,19.57,19.57,19.57,0
1749151120,19.57,19.57,19.57,19.57,0
1749151125,19.57,19.57,19.57,19.57,0
1749151130,19.64,19.64,19.62,19.62,3
1749151135,19.64,19.64,19.64,19.64,1
1749151140,19.66,19.66,19.66,19.66,2
1749151145,19.66,19.66,19.66,19.66,0
1749151150,19.68,19.7,19.68,19.7,79
1749151155,19.72,19.74,19.72,19.74,4
1749151160,19.74,19.74,19.74,19.74,0
1749151165,19.74,19.74,19.74,19.74,0
1749151170,19.74,19.74,19.72,19.72,4
1749151175,19.72,19.72,19.72,19.72,0
1749151180,19.69,19.69,19.69,19.69,2
1749151185,19.69,19.69,19.69,19.69,0
1749151190,19.69,19.69,19.69,19.69,0
1749151195,19.62,19.62,19.62,19.62,1
1749151200,19.62,19.62,19.62,19.62,0
1749151205,19.62,19.62,19.62,19.62,10
1749151210,19.65,19.68,19.65,19.68,5
1749151215,19.7,19.7,19.67,19.67,8
1749151220,19.69,19.71,19.69,19.71,5
1749151225,19.73,19.73,19.73,19.73,5
1749151230,19.71,19.71,19.71,19.71,2
1749151235,19.69,19.7,19.69,19.7,15
1749151240,19.69,19.69,19.69,19.69,1
1749151245,19.71,19.71,19.71,19.71,2
1749151250,19.7,19.7,19.7,19.7,4
1749151255,19.67,19.69,19.67,19.69,4
1749151260,19.73,19.73,19.7,19.7,22
1749151265,19.7,19.7,19.7,19.7,0
1749151270,19.7,19.7,19.7,19.7,0
1749151275,19.75,19.76,19.75,19.75,9
1749151280,19.75,19.75,19.75,19.75,0
1749151285,19.75,19.75,19.75,19.75,0
1749151290,19.73,19.75,19.73,19.75,3
1749151295,19.75,19.75,19.75,19.75,1
1749151300,19.79,19.79,19.79,19.79,1
1749151305,19.8,19.8,19.8,19.8,2
1749151310,19.8,19.8,19.8,19.8,0
1749151315,19.8,19.8,19.8,19.8,0
1749151320,19.75,19.75,19.75,19.75,2
1749151325,19.75,19.75,19.75,19.75,0
1749151330,19.8,19.8,19.78,19.78,4
1749151335,19.78,19.78,19.78,19.78,0
1749151340,19.78,19.78,19.78,19.78,0
1749151345,19.78,19.78,19.78,19.78,0
1749151350,19.78,19.78,19.78,19.78,0
1749151355,19.78,19.78,19.78,19.78,0
1749151360,19.78,19.78,19.78,19.78,0
1749151365,19.78,19.78,19.78,19.78,0
1749151370,19.78,19.78,19.78,19.78,0
1749151375,19.78,19.78,19.78,19.78,3
1749151380,19.78,19.78,19.78,19.78,0
1749151385,19.78,19.78,19.78,19.78,0
1749151390,19.78,19.78,19.78,19.78,0
1749151395,19.78,19.78,19.78,19.78,0
1749151400,19.78,19.78,19.78,19.78,0
1749151405,19.78,19.78,19.78,19.78,0
1749151410,19.73,19.75,19.73,19.75,4
1749151415,19.75,19.75,19.75,19.75,2
1749151420,19.75,19.75,19.75,19.75,0
1749151425,19.75,19.75,19.75,19.75,0
1749151430,19.75,19.75,19.75,19.75,0
1749151435,19.73,19.73,19.73,19.73,21
1749151440,19.77,19.77,19.77,19.77,2
1749151445,19.77,19.77,19.77,19.77,0
1749151450,19.8,19.8,19.8,19.8,2
1749151455,19.8,19.8,19.8,19.8,0
1749151460,19.8,19.8,19.8,19.8,0
1749151465,19.8,19.8,19.8,19.8,0
1749151470,19.8,19.8,19.8,19.8,0
1749151475,19.77,19.77,19.77,19.77,1
1749151480,19.77,19.77,19.77,19.77,0
1749151485,19.77,19.77,19.77,19.77,0
1749151490,19.77,19.77,19.77,19.77,0
1749151495,19.77,19.77,19.77,19.77,0
1749151500,19.77,19.77,19.77,19.77,0
1749151505,19.77,19.77,19.77,19.77,0
1749151510,19.77,19.77,19.77,19.77,0
1749151515,19.77,19.77,19.77,19.77,0
1749151520,19.77,19.77,19.77,19.77,0
1749151525,19.8,19.8,19.8,19.8,1
1749151530,19.8,19.8,19.8,19.8,1
1749151535,19.74,19.74,19.74,19.74,1
1749151540,19.77,19.77,19.77,19.77,4
1749151545,19.77,19.77,19.77,19.77,0
1749151550,19.77,19.77,19.77,19.77,0
1749151555,19.77,19.77,19.77,19.77,0
1749151560,19.77,19.77,19.77,19.77,0
1749151565,19.77,19.77,19.77,19.77,0
1749151570,19.77,19.77,19.77,19.77,0
1749151575,19.77,19.77,19.77,19.77,0
1749151580,19.77,19.77,19.77,19.77,0
1749151585,19.77,19.77,19.77,19.77,0
1749151590,19.77,19.77,19.77,19.77,0
1749151595,19.66,19.66,19.66,19.66,1
1749151600,19.66,19.66,19.66,19.66,0
1749151605,19.66,19.66,19.66,19.66,0
1749151610,19.66,19.66,19.66,19.66,0
1749151615,19.66,19.66,19.66,19.66,0
1749151620,19.66,19.66,19.66,19.66,0
1749151625,19.66,19.66,19.66,19.66,0
1749151630,19.66,19.66,19.66,19.66,0
1749151635,19.66,19.66,19.66,19.66,0
1749151640,19.66,19.66,19.66,19.66,0
1749151645,19.66,19.66,19.66,19.66,0
1749151650,19.66,19.66,19.66,19.66,0
1749151655,19.66,19.66,19.66,19.66,0
1749151660,19.66,19.66,19.66,19.66,0
1749151665,19.66,19.66,19.66,19.66,0
1749151670,19.66,19.66,19.66,19.66,0
1749151675,19.66,19.66,19.66,19.66,0
1749151680,19.66,19.66,19.66,19.66,0
1749151685,19.64,19.64,19.64,19.64,2
1749151690,19.64,19.64,19.64,19.64,0
1749151695,19.64,19.64,19.64,19.64,0
1749151700,19.64,19.64,19.64,19.64,0
1749151705,19.64,19.64,19.64,19.64,0
1749151710,19.64,19.64,19.64,19.64,0
1749151715,19.64,19.64,19.64,19.64,0
1749151720,19.7,19.7,19.7,19.7,2
1749151725,19.7,19.7,19.7,19.7,0
1749151730,19.7,19.7,19.7,19.7,0
1749151735,19.7,19.7,19.7,19.7,0
1749151740,19.7,19.7,19.7,19.7,0
1749151745,19.7,19.7,19.7,19.7,0
1749151750,19.7,19.7,19.7,19.7,0
1749151755,19.7,19.7,19.7,19.7,0
1749151760,19.7,19.7,19.7,19.7,0
1749151765,19.7,19.7,19.7,19.7,0
1749151770,19.7,19.7,19.7,19.7,0
1749151775,19.7,19.7,19.7,19.7,0
1749151780,19.7,19.7,19.7,19.7,0
1749151785,19.7,19.7,19.7,19.7,0
1749151790,19.7,19.7,19.7,19.7,0
1749151795,19.7,19.7,19.7,19.7,0
1749151800,19.7,19.7,19.7,19.7,53
1749151805,19.7,19.7,19.7,19.7,0
1749151810,19.7,19.7,19.7,19.7,0
1749151815,19.7,19.7,19.7,19.7,0
1749151820,19.7,19.7,19.7,19.7,0
1749151825,19.7,19.7,19.7,19.7,0
1749151830,19.7,19.7,19.7,19.7,0
1749151835,19.7,19.7,19.7,19.7,0
1749151840,19.7,19.7,19.7,19.7,0
1749151845,19.7,19.7,19.7,19.7,0
1749151850,19.7,19.7,19.7,19.7,0
1749151855,19.7,19.7,19.7,19.7,0
1749151860,19.7,19.7,19.7,19.7,0
1749151865,19.7,19.7,19.7,19.7,0
1749151870,19.7,19.7,19.7,19.7,0
1749151875,19.7,19.7,19.7,19.7,0
1749151880,19.7,19.7,19.7,19.7,0
1749151885,19.7,19.7,19.7,19.7,0
1749151890,19.7,19.7,19.7,19.7,0
1749151895,19.7,19.7,19.7,19.7,0
1749151900,19.7,19.7,19.7,19.7,0
1749151905,19.7,19.7,19.7,19.7,0
1749151910,19.7,19.7,19.7,19.7,0
1749151915,19.7,19.7,19.7,19.7,0
1749151920,19.7,19.7,19.7,19.7,0
1749151925,19.7,19.7,19.7,19.7,0
1749151930,19.7,19.7,19.7,19.7,0
1749151935,19.7,19.7,19.7,19.7,0
1749151940,19.7,19.7,19.7,19.7,0
1749151945,19.7,19.7,19.7,19.7,0
1749151950,19.7,19.7,19.7,19.7,0
1749151955,19.7,19.7,19.7,19.7,0
1749151960,19.7,19.7,19.7,19.7,0
1749151965,19.7,19.7,19.7,19.7,0
1749151970,19.7,19.7,19.7,19.7,0
1749151975,19.7,19.7,19.7,19.7,0
1749151980,19.7,19.7,19.7,19.7,0
1749151985,19.7,19.7,19.7,19.7,0
1749151990,19.6,19.6,19.6,19.6,1
1749151995,19.6,19.6,19.6,19.6,0
1749152000,19.6,19.6,19.6,19.6,0
1749152005,19.6,19.6,19.6,19.6,0
1749152010,19.6,19.6,19.6,19.6,0
1749152015,19.6,19.6,19.6,19.6,0
1749152020,19.6,19.6,19.6,19.6,0
1749152025,19.6,19.6,19.6,19.6,0
1749152030,19.6,19.6,19.6,19.6,0
1749152035,19.6,19.6,19.6,19.6,0
1749152040,19.6,19.6,19.6,19.6,0
1749152045,19.6,19.6,19.6,19.6,0
1749152050,19.6,19.6,19.6,19.6,0
1749152055,19.6,19.6,19.6,19.6,0
1749152060,19.6,19.6,19.6,19.6,0
1749152065,19.6,19.6,19.6,19.6,0
1749152070,19.6,19.6,19.6,19.6,0
1749152075,19.6,19.6,19.6,19.6,0
1749152080,19.6,19.6,19.6,19.6,4
1749152085,19.6,19.6,19.6,19.6,0
1749152090,19.56,19.56,19.56,19.56,3
1749152095,19.56,19.56,19.56,19.56,0
1749152100,19.56,19.56,19.56,19.56,0
1749152105,19.56,19.56,19.56,19.56,0
1749152110,19.56,19.56,19.56,19.56,0
1749152115,19.56,19.56,19.56,19.56,0
1749152120,19.56,19.56,19.56,19.56,0
1749152125,19.56,19.56,19.56,19.56,0
1749152130,19.56,19.56,19.56,19.56,0
1749152135,19.56,19.56,19.56,19.56,0
1749152140,19.56,19.56,19.56,19.56,0
1749152145,19.51,19.51,19.51,19.51,3
1749152150,19.51,19.51,19.51,19.51,0
1749152155,19.51,19.51,19.51,19.51,0
1749152160,19.51,19.51,19.51,19.51,2
1749152165,19.51,19.51,19.51,19.51,0
1749152170,19.51,19.51,19.51,19.51,0
1749152175,19.51,19.51,19.51,19.51,0
1749152180,19.51,19.51,19.51,19.51,0
1749152185,19.51,19.51,19.51,19.51,0
1749152190,19.51,19.51,19.51,19.51,0
1749152195,19.51,19.51,19.51,19.51,0
1749152200,19.51,19.51,19.51,19.51,0
1749152205,19.51,19.51,19.51,19.51,0
1749152210,19.51,19.51,19.51,19.51,0
1749152215,19.51,19.51,19.51,19.51,0
1749152220,19.51,19.51,19.51,19.51,0
1749152225,19.51,19.51,19.51,19.51,0
1749152230,19.51,19.51,19.51,19.51,0
1749152235,19.51,19.51,19.51,19.51,0
1749152240,19.51,19.51,19.51,19.51,0
1749152245,19.51,19.51,19.51,19.51,0
1749152250,19.51,19.51,19.51,19.51,0
1749152255,19.4,19.4,19.4,19.4,2
1749152260,19.4,19.4,19.4,19.4,0
1749152265,19.4,19.4,19.4,19.4,0
1749152270,19.4,19.4,19.4,19.4,0
1749152275,19.4,19.4,19.4,19.4,0
1749152280,19.39,19.39,19.39,19.39,2
1749152285,19.39,19.39,19.39,19.39,0
1749152290,19.39,19.39,19.39,19.39,0
1749152295,19.39,19.39,19.39,19.39,0
1749152300,19.39,19.39,19.39,19.39,0
1749152305,19.39,19.39,19.39,19.39,0
1749152310,19.39,19.39,19.39,19.39,0
1749152315,19.39,19.39,19.39,19.39,0
1749152320,19.39,19.39,19.39,19.39,0
1749152325,19.39,19.39,19.39,19.39,0
1749152330,19.39,19.39,19.39,19.39,0
1749152335,19.39,19.39,19.39,19.39,0
1749152340,19.39,19.39,19.39,19.39,0
1749152345,19.39,19.39,19.39,19.39,0
1749152350,19.39,19.39,19.39,19.39,0
1749152355,19.39,19.39,19.39,19.39,0
1749152360,19.39,19.39,19.39,19.39,0
1749152365,19.39,19.39,19.39,19.39,0
1749152370,19.39,19.39,19.39,19.39,0
1749152375,19.39,19.39,19.39,19.39,0
1749152380,19.39,19.39,19.39,19.39,0
1749152385,19.39,19.39,19.39,19.39,0
1749152390,19.39,19.39,19.39,19.39,0
1749152395,19.39,19.39,19.39,19.39,0
1749152400,19.39,19.39,19.39,19.39,0
1749152405,19.39,19.39,19.39,19.39,0
1749152410,19.39,19.39,19.39,19.39,0
1749152415,19.39,19.39,19.39,19.39,0
1749152420,19.39,19.39,19.39,19.39,0
1749152425,19.39,19.39,19.39,19.39,0
1749152430,19.39,19.39,19.39,19.39,0
1749152435,19.39,19.39,19.39,19.39,0
1749152440,19.39,19.39,19.39,19.39,0
1749152445,19.39,19.39,19.39,19.39,0
1749152450,19.39,19.39,19.39,19.39,0
1749152455,19.39,19.39,19.39,19.39,0
1749152460,19.39,19.39,19.39,19.39,0
1749152465,19.39,19.39,19.39,19.39,0
1749152470,19.39,19.39,19.39,19.39,0
1749152475,19.39,19.39,19.39,19.39,0
1749152480,19.39,19.39,19.39,19.39,0
1749152485,19.38,19.38,19.38,19.38,1
1749152490,19.38,19.38,19.38,19.38,0
1749152495,19.38,19.38,19.38,19.38,0
1749152500,19.38,19.38,19.38,19.38,0
1749152505,19.38,19.38,19.38,19.38,0
1749152510,19.38,19.38,19.38,19.38,0
1749152515,19.38,19.38,19.38,19.38,0
1749152520,19.38,19.38,19.38,19.38,0
1749152525,19.38,19.38,19.38,19.38,0
1749152530,19.38,19.38,19.38,19.38,0
1749152535,19.39,19.39,19.39,19.39,1
1749152540,19.39,19.39,19.39,19.39,0
1749152545,19.39,19.39,19.39,19.39,0
1749152550,19.39,19.39,19.39,19.39,0
1749152555,19.39,19.39,19.39,19.39,0
1749152560,19.39,19.39,19.39,19.39,0
1749152565,19.43,19.43,19.43,19.43,1
1749152570,19.43,19.43,19.43,19.43,0
1749152575,19.43,19.43,19.43,19.43,0
1749152580,19.43,19.43,19.43,19.43,0
1749152585,19.43,19.43,19.43,19.43,0
1749152590,19.43,19.43,19.43,19.43,0
1749152595,19.43,19.43,19.43,19.43,0
1749152600,19.43,19.43,19.43,19.43,0
1749152605,19.43,19.43,19.43,19.43,0
1749152610,19.43,19.43,19.43,19.43,0
1749152615,19.43,19.43,19.43,19.43,0
1749152620,19.43,19.43,19.43,19.43,0
1749152625,19.43,19.43,19.43,19.43,0
1749152630,19.43,19.43,19.43,19.43,0
1749152635,19.43,19.43,19.43,19.43,0
1749152640,19.43,19.43,19.43,19.43,0
1749152645,19.43,19.43,19.43,19.43,0
1749152650,19.43,19.43,19.43,19.43,0
1749152655,19.43,19.43,19.43,19.43,0
1749152660,19.43,19.43,19.43,19.43,0
1749152665,19.43,19.43,19.43,19.43,0
1749152670,19.43,19.43,19.43,19.43,0
1749152675,19.43,19.43,19.43,19.43,0
1749152680,19.43,19.43,19.43,19.43,0
1749152685,19.43,19.43,19.43,19.43,0
1749152690,19.43,19.43,19.43,19.43,0
1749152695,19.43,19.43,19.43,19.43,0
1749152700,19.43,19.43,19.43,19.43,0
1749152705,19.43,19.43,19.43,19.43,0
1749152710,19.43,19.43,19.43,19.43,0
1749152715,19.43,19.43,19.43,19.43,0
1749152720,19.43,19.43,19.43,19.43,0
1749152725,19.43,19.43,19.43,19.43,0
1749152730,19.43,19.43,19.43,19.43,0
1749152735,19.43,19.43,19.43,19.43,0
1749152740,19.43,19.43,19.43,19.43,0
1749152745,19.43,19.43,19.43,19.43,0
1749152750,19.43,19.43,19.43,19.43,0
1749152755,19.43,19.43,19.43,19.43,0
1749152760,19.43,19.43,19.43,19.43,0
1749152765,19.43,19.43,19.43,19.43,0
1749152770,19.43,19.43,19.43,19.43,0
1749152775,19.43,19.43,19.43,19.43,0
1749152780,19.43,19.43,19.43,19.43,0
1749152785,19.36,19.36,19.36,19.36,3
1749152790,19.36,19.36,19.36,19.36,0
1749152795,19.36,19.36,19.36,19.36,0
1749152800,19.36,19.36,19.36,19.36,0
1749152805,19.36,19.36,19.36,19.36,0
1749152810,19.36,19.36,19.36,19.36,0
1749152815,19.36,19.36,19.36,19.36,0
1749152820,19.36,19.36,19.36,19.36,0
1749152825,19.36,19.36,19.36,19.36,0
1749152830,19.38,19.38,19.38,19.38,3
1749152835,19.31,19.31,19.3,19.3,8
1749152840,19.3,19.3,19.3,19.3,0
1749152845,19.3,19.3,19.3,19.3,0
1749152850,19.3,19.3,19.3,19.3,0
1749152855,19.3,19.3,19.3,19.3,0
1749152860,19.3,19.3,19.3,19.3,0
1749152865,19.3,19.3,19.3,19.3,0
1749152870,19.3,19.3,19.3,19.3,0
1749152875,19.3,19.3,19.3,19.3,0
1749152880,19.34,19.34,19.34,19.34,2
1749152885,19.34,19.34,19.34,19.34,0
1749152890,19.34,19.34,19.34,19.34,0
1749152895,19.34,19.34,19.34,19.34,0
1749152900,19.34,19.34,19.34,19.34,0
1749152905,19.34,19.34,19.34,19.34,0
1749152910,19.34,19.34,19.34,19.34,0
1749152915,19.34,19.34,19.34,19.34,0
1749152920,19.34,19.34,19.34,19.34,0
1749152925,19.34,19.34,19.34,19.34,0
1749152930,19.34,19.34,19.34,19.34,0
1749152935,19.33,19.33,19.33,19.33,1
1749152940,19.33,19.33,19.33,19.33,0
1749152945,19.33,19.33,19.33,19.33,0
1749152950,19.33,19.33,19.33,19.33,0
1749152955,19.33,19.33,19.33,19.33,0
1749152960,19.33,19.33,19.33,19.33,0
1749152965,19.33,19.33,19.33,19.33,0
1749152970,19.33,19.33,19.33,19.33,0
1749152975,19.33,19.33,19.33,19.33,0
1749152980,19.33,19.33,19.33,19.33,0
1749152985,19.33,19.33,19.33,19.33,0
1749152990,19.33,19.33,19.33,19.33,0
1749152995,19.33,19.33,19.33,19.33,0
1749153000,19.28,19.28,19.28,19.28,1
1749153005,19.28,19.28,19.28,19.28,0
1749153010,19.28,19.28,19.28,19.28,0
1749153015,19.28,19.28,19.28,19.28,0
1749153020,19.28,19.28,19.28,19.28,0
1749153025,19.28,19.28,19.28,19.28,0
1749153030,19.28,19.28,19.28,19.28,0
1749153035,19.28,19.28,19.28,19.28,0
1749153040,19.28,19.28,19.28,19.28,0
1749153045,19.28,19.28,19.28,19.28,0
1749153050,19.28,19.28,19.28,19.28,0
1749153055,19.28,19.28,19.28,19.28,0
1749153060,19.28,19.28,19.28,19.28,0
1749153065,19.28,19.28,19.28,19.28,0
1749153070,19.28,19.28,19.28,19.28,0
1749153075,19.28,19.28,19.28,19.28,0
1749153080,19.28,19.28,19.28,19.28,0
1749153085,19.28,19.28,19.28,19.28,0
1749153090,19.28,19.28,19.28,19.28,0
1749153095,19.28,19.28,19.28,19.28,0
1749153100,19.28,19.28,19.28,19.28,0
1749153105,19.28,19.28,19.28,19.28,0
1749153110,19.28,19.28,19.28,19.28,0
1749153115,19.28,19.28,19.28,19.28,0
1749153120,19.42,19.46,19.42,19.46,2
1749153125,19.46,19.46,19.46,19.46,0
1749153130,19.46,19.46,19.46,19.46,0
1749153135,19.46,19.46,19.46,19.46,0
1749153140,19.44,19.44,19.44,19.44,1
1749153145,19.44,19.44,19.44,19.44,0
1749153150,19.47,19.47,19.46,19.46,15
1749153155,19.46,19.46,19.46,19.46,0
1749153160,19.46,19.46,19.46,19.46,0
1749153165,19.46,19.46,19.46,19.46,0
1749153170,19.46,19.46,19.46,19.46,0
1749153175,19.46,19.46,19.46,19.46,0
1749153180,19.46,19.46,19.46,19.46,0
1749153185,19.42,19.42,19.42,19.42,6
1749153190,19.42,19.42,19.42,19.42,0
1749153195,19.42,19.42,19.42,19.42,0
1749153200,19.42,19.42,19.42,19.42,0
1749153205,19.42,19.42,19.42,19.42,0
1749153210,19.42,19.42,19.42,19.42,0
1749153215,19.5,19.5,19.5,19.5,1
1749153220,19.5,19.5,19.5,19.5,0
1749153225,19.5,19.5,19.5,19.5,0
1749153230,19.53,19.53,19.53,19.53,20
1749153235,19.53,19.53,19.53,19.53,0
1749153240,19.53,19.53,19.53,19.53,0
1749153245,19.53,19.53,19.53,19.53,0
1749153250,19.53,19.53,19.53,19.53,0
1749153255,19.53,19.53,19.53,19.53,0
1749153260,19.53,19.53,19.53,19.53,0
1749153265,19.53,19.53,19.53,19.53,0
1749153270,19.53,19.53,19.53,19.53,0
1749153275,19.53,19.53,19.53,19.53,0
1749153280,19.53,19.53,19.53,19.53,0
1749153285,19.53,19.53,19.53,19.53,0
1749153290,19.53,19.53,19.53,19.53,0
1749153295,19.53,19.53,19.53,19.53,0
1749153300,19.53,19.53,19.53,19.53,0
1749153305,19.53,19.53,19.53,19.53,0
1749153310,19.53,19.53,19.53,19.53,0
1749153315,19.53,19.53,19.53,19.53,0
1749153320,19.53,19.53,19.53,19.53,0
1749153325,19.53,19.53,19.53,19.53,0
1749153330,19.53,19.53,19.53,19.53,0
1749153335,19.53,19.53,19.53,19.53,0
1749153340,19.53,19.53,19.53,19.53,0
1749153345,19.53,19.53,19.53,19.53,0
1749153350,19.53,19.53,19.53,19.53,0
1749153355,19.53,19.53,19.53,19.53,0
1749153360,19.53,19.53,19.53,19.53,0
1749153365,19.53,19.53,19.53,19.53,0
1749153370,19.54,19.54,19.54,19.54,1
1749153375,19.52,19.52,19.52,19.52,1
1749153380,19.52,19.52,19.52,19.52,0
1749153385,19.54,19.58,19.54,19.58,33
1749153390,19.52,19.52,19.52,19.52,2
1749153395,19.52,19.52,19.52,19.52,0
1749153400,19.52,19.52,19.52,19.52,0
1749153405,19.52,19.52,19.52,19.52,0
1749153410,19.52,19.52,19.52,19.52,0
1749153415,19.62,19.62,19.62,19.62,4
1749153420,19.62,19.62,19.62,19.62,0
1749153425,19.62,19.62,19.62,19.62,0
1749153430,19.62,19.62,19.62,19.62,0
1749153435,19.62,19.62,19.62,19.62,0
1749153440,19.65,19.65,19.65,19.65,2
1749153445,19.65,19.65,19.65,19.65,0
1749153450,19.65,19.65,19.65,19.65,0
1749153455,19.65,19.65,19.65,19.65,0
1749153460,19.65,19.65,19.65,19.65,0
1749153465,19.65,19.65,19.65,19.65,0
1749153470,19.65,19.65,19.65,19.65,0
1749153475,19.65,19.65,19.65,19.65,0
1749153480,19.65,19.65,19.65,19.65,0
1749153485,19.65,19.65,19.65,19.65,0
1749153490,19.65,19.65,19.65,19.65,0
1749153495,19.65,19.65,19.65,19.65,0
1749153500,19.65,19.65,19.65,19.65,1
1749153505,19.65,19.65,19.65,19.65,0
1749153510,19.65,19.65,19.65,19.65,1
1749153515,19.65,19.65,19.65,19.65,0
1749153520,19.65,19.65,19.65,19.65,0
1749153525,19.65,19.65,19.65,19.65,0
1749153530,19.65,19.65,19.65,19.65,0
1749153535,19.65,19.65,19.65,19.65,0
1749153540,19.65,19.65,19.65,19.65,0
1749153545,19.65,19.65,19.65,19.65,0
1749153550,19.65,19.65,19.65,19.65,0
1749153555,19.65,19.65,19.65,19.65,0
1749153560,19.65,19.65,19.65,19.65,0
1749153565,19.59,19.59,19.59,19.59,2
1749153570,19.59,19.59,19.59,19.59,0
1749153575,19.59,19.59,19.59,19.59,0
1749153580,19.59,19.59,19.59,19.59,0
1749153585,19.58,19.58,19.58,19.58,2
1749153590,19.58,19.58,19.58,19.58,0
1749153595,19.52,19.52,19.52,19.52,1
