feature,family,lag,volume_normalized,target,horizon,target_kind,correlation,abs_correlation,n_samples
ES_pct_360,ES,360,False,ES_fwd_ret_360,360,signed,0.03515051956681736,0.03515051956681736,1026184
SPX_pct_360,SPX,360,False,ES_fwd_ret_360,360,signed,0.03490654442186131,0.03490654442186131,1026184
SPY_pct_360,SPY,360,False,ES_fwd_ret_360,360,signed,0.034896217050424366,0.034896217050424366,1026184
ES_pct_300,ES,300,False,ES_fwd_ret_360,360,signed,0.029953584769403827,0.029953584769403827,1041964
SPY_pct_300,SPY,300,False,ES_fwd_ret_360,360,signed,0.02973177574321867,0.02973177574321867,1041964
SPX_pct_300,SPX,300,False,ES_fwd_ret_360,360,signed,0.029468777076680296,0.029468777076680296,1041964
ES_pct_240,ES,240,False,ES_fwd_ret_360,360,signed,0.02602824895443299,0.02602824895443299,1057744
SPY_pct_240,SPY,240,False,ES_fwd_ret_360,360,signed,0.02583600832053719,0.02583600832053719,1057744
SPX_pct_240,SPX,240,False,ES_fwd_ret_360,360,signed,0.025526720801960202,0.025526720801960202,1057744
SPY_pct_360,SPY,360,False,ES_fwd_up_360,360,binary,0.02350217411147643,0.02350217411147643,995862
ES_pct_360,ES,360,False,ES_fwd_up_360,360,binary,0.02345733636778643,0.02345733636778643,995862
ES_pct_360,ES,360,False,ES_fwd_ret_240,240,signed,0.023438129768072257,0.023438129768072257,1057744
SPX_pct_360,SPX,360,False,ES_fwd_up_360,360,binary,0.02332646087012999,0.02332646087012999,995862
SPY_pct_360,SPY,360,False,ES_fwd_ret_240,240,signed,0.02329448412434821,0.02329448412434821,1057744
SPX_pct_360,SPX,360,False,ES_fwd_ret_240,240,signed,0.02313106104314807,0.02313106104314807,1057744
SPY_pct_300,SPY,300,False,ES_fwd_up_360,360,binary,0.02137598808839036,0.02137598808839036,1011251
ES_pct_300,ES,300,False,ES_fwd_up_360,360,binary,0.021321797924619544,0.021321797924619544,1011251
SPY_pct_240,SPY,240,False,ES_fwd_up_360,360,binary,0.02096856510976503,0.02096856510976503,1026674
SPX_pct_300,SPX,300,False,ES_fwd_up_360,360,binary,0.02096104572832505,0.02096104572832505,1011251
ES_pct_240,ES,240,False,ES_fwd_up_360,360,binary,0.02095653509145918,0.02095653509145918,1026674
SPX_pct_240,SPX,240,False,ES_fwd_up_360,360,binary,0.020634221311471235,0.020634221311471235,1026674
SPY_pct_360,SPY,360,False,ES_fwd_up_240,240,binary,0.01806615964288145,0.01806615964288145,1023411
ES_pct_360,ES,360,False,ES_fwd_up_240,240,binary,0.018024718827593933,0.018024718827593933,1023411
SPX_pct_360,SPX,360,False,ES_fwd_up_240,240,binary,0.01773967887567147,0.01773967887567147,1023411
SPX_pct_300_per_ESvol,SPX,300,True,ES_fwd_ret_360,360,signed,-0.01664677401208303,0.01664677401208303,1023662
SPX_pct_360_per_ESvol,SPX,360,True,ES_fwd_ret_360,360,signed,-0.016291481730618073,0.016291481730618073,1008122
SPY_pct_300_per_ESvol,SPY,300,True,ES_fwd_ret_360,360,signed,-0.01622521742476349,0.01622521742476349,1023662
ES_pct_180,ES,180,False,ES_fwd_ret_360,360,signed,0.016056560129442385,0.016056560129442385,1073524
ES_pct_180,ES,180,False,ES_fwd_up_360,360,binary,0.01604359932656671,0.01604359932656671,1042095
SPY_pct_180,SPY,180,False,ES_fwd_up_360,360,binary,0.016025971960889524,0.016025971960889524,1042095
SPY_pct_360_per_ESvol,SPY,360,True,ES_fwd_ret_360,360,signed,-0.016012324403473787,0.016012324403473787,1008122
SPX_pct_180,SPX,180,False,ES_fwd_up_360,360,binary,0.016002231698101867,0.016002231698101867,1042095
ES_pct_300_per_ESvol,ES,300,True,ES_fwd_ret_360,360,signed,-0.015976186567811496,0.015976186567811496,1023662
SPY_pct_180,SPY,180,False,ES_fwd_ret_360,360,signed,0.015879702332864547,0.015879702332864547,1073524
ES_pct_360_per_ESvol,ES,360,True,ES_fwd_ret_360,360,signed,-0.015787743951176207,0.015787743951176207,1008122
SPX_pct_180,SPX,180,False,ES_fwd_ret_360,360,signed,0.015763233215805146,0.015763233215805146,1073524
ES_pct_45,ES,45,False,ES_fwd_ret_60,60,signed,-0.015624799639718714,0.015624799639718714,1187929
SPY_pct_45,SPY,45,False,ES_fwd_ret_60,60,signed,-0.015385475905687677,0.015385475905687677,1187929
SPX_pct_45,SPX,45,False,ES_fwd_ret_60,60,signed,-0.014777873633385615,0.014777873633385615,1187929
ES_pct_60,ES,60,False,ES_fwd_ret_60,60,signed,-0.014646002930860201,0.014646002930860201,1183984
ES_pct_30,ES,30,False,ES_fwd_ret_60,60,signed,-0.014586244395457713,0.014586244395457713,1191874
SPX_pct_240_per_ESvol,SPX,240,True,ES_fwd_ret_360,360,signed,-0.01443168647904375,0.01443168647904375,1039202
SPY_pct_60,SPY,60,False,ES_fwd_ret_60,60,signed,-0.01438522934413679,0.01438522934413679,1183984
SPY_pct_30,SPY,30,False,ES_fwd_ret_60,60,signed,-0.014296476444288947,0.014296476444288947,1191874
ES_pct_300,ES,300,False,ES_fwd_ret_240,240,signed,0.014227036666219944,0.014227036666219944,1073524
SPY_pct_300,SPY,300,False,ES_fwd_ret_240,240,signed,0.014128011641014524,0.014128011641014524,1073524
SPY_pct_240_per_ESvol,SPY,240,True,ES_fwd_ret_360,360,signed,-0.014028193733698985,0.014028193733698985,1039202
SPX_pct_30,SPX,30,False,ES_fwd_ret_60,60,signed,-0.013902885905546586,0.013902885905546586,1191874
SPX_pct_60,SPX,60,False,ES_fwd_ret_60,60,signed,-0.013790736231050035,0.013790736231050035,1183984
ES_pct_240_per_ESvol,ES,240,True,ES_fwd_ret_360,360,signed,-0.013780803951359324,0.013780803951359324,1039202
SPX_pct_300,SPX,300,False,ES_fwd_ret_240,240,signed,0.013677304726556257,0.013677304726556257,1073524
ES_pct_360,ES,360,False,ES_fwd_ret_180,180,signed,0.0136331242836701,0.0136331242836701,1073524
SPY_pct_360,SPY,360,False,ES_fwd_ret_180,180,signed,0.013514850450239745,0.013514850450239745,1073524
SPX_pct_360,SPX,360,False,ES_fwd_ret_180,180,signed,0.01343527221434619,0.01343527221434619,1073524
SPX_pct_360_per_ESvol,SPX,360,True,ES_fwd_ret_240,240,signed,-0.012998437995913692,0.012998437995913692,1039170
SPX_pct_360_per_ESvol,SPX,360,True,ES_fwd_up_360,360,binary,-0.01278844678680012,0.01278844678680012,993696
ES_pct_45,ES,45,False,ES_fwd_ret_180,180,signed,-0.012735620256457265,0.012735620256457265,1156369
SPY_pct_45,SPY,45,False,ES_fwd_up_180,180,binary,-0.01270742859367541,0.01270742859367541,1116496
ES_pct_20,ES,20,False,ES_fwd_ret_60,60,signed,-0.012690934946118924,0.012690934946118924,1194504
SPY_pct_45,SPY,45,False,ES_fwd_ret_180,180,signed,-0.01266535045140725,0.01266535045140725,1156369
ES_pct_45,ES,45,False,ES_fwd_up_180,180,binary,-0.012645678437136076,0.012645678437136076,1116496
SPY_pct_360_per_ESvol,SPY,360,True,ES_fwd_ret_240,240,signed,-0.01259914596552864,0.01259914596552864,1039170
SPY_pct_20,SPY,20,False,ES_fwd_ret_60,60,signed,-0.012485370719812174,0.012485370719812174,1194504
ES_pct_30,ES,30,False,ES_fwd_ret_180,180,signed,-0.012430565174414787,0.012430565174414787,1160314
ES_pct_360_per_ESvol,ES,360,True,ES_fwd_ret_240,240,signed,-0.012388219753920205,0.012388219753920205,1039170
SPY_pct_360_per_ESvol,SPY,360,True,ES_fwd_up_360,360,binary,-0.012328685271964004,0.012328685271964004,993696
SPY_pct_30,SPY,30,False,ES_fwd_ret_180,180,signed,-0.012305527541368155,0.012305527541368155,1160314
SPX_pct_20,SPX,20,False,ES_fwd_ret_60,60,signed,-0.012242942912695811,0.012242942912695811,1194504
ES_pct_180,ES,180,False,ES_fwd_ret_60,60,signed,-0.01222554921855176,0.01222554921855176,1152424
SPY_pct_180,SPY,180,False,ES_fwd_ret_60,60,signed,-0.012193049909892966,0.012193049909892966,1152424
SPY_pct_60,SPY,60,False,ES_fwd_up_180,180,binary,-0.012138813514564766,0.012138813514564766,1112660
ES_pct_360_per_ESvol,ES,360,True,ES_fwd_up_360,360,binary,-0.012136514418604982,0.012136514418604982,993696
SPX_pct_45,SPX,45,False,ES_fwd_up_180,180,binary,-0.012101957322395482,0.012101957322395482,1116496
ES_pct_60,ES,60,False,ES_fwd_up_180,180,binary,-0.012098359975013982,0.012098359975013982,1112660
ES_pct_90,ES,90,False,ES_fwd_ret_120,120,signed,-0.011907014527821964,0.011907014527821964,1160314
SPY_pct_30,SPY,30,False,ES_fwd_up_180,180,binary,-0.011861418864056873,0.011861418864056873,1120329
SPY_pct_90,SPY,90,False,ES_fwd_ret_120,120,signed,-0.011841209900851619,0.011841209900851619,1160314
ES_pct_30,ES,30,False,ES_fwd_up_180,180,binary,-0.01182911158408316,0.01182911158408316,1120329
ES_pct_120,ES,120,False,ES_fwd_ret_60,60,signed,-0.011822973339129742,0.011822973339129742,1168204
SPX_pct_45,SPX,45,False,ES_fwd_ret_180,180,signed,-0.011749687508510402,0.011749687508510402,1156369
SPY_pct_120,SPY,120,False,ES_fwd_ret_60,60,signed,-0.011663919589547598,0.011663919589547598,1168204
SPX_pct_30,SPX,30,False,ES_fwd_ret_180,180,signed,-0.011630148292730869,0.011630148292730869,1160314
ES_pct_60,ES,60,False,ES_fwd_ret_120,120,signed,-0.011599102308005033,0.011599102308005033,1168204
SPX_pct_60,SPX,60,False,ES_fwd_up_180,180,binary,-0.011514930418900846,0.011514930418900846,1112660
SPX_pct_30,SPX,30,False,ES_fwd_up_180,180,binary,-0.011501815162221624,0.011501815162221624,1120329
SPY_pct_60,SPY,60,False,ES_fwd_ret_120,120,signed,-0.011464995102232237,0.011464995102232237,1168204
SPX_pct_300_per_ESvol,SPX,300,True,ES_fwd_up_360,360,binary,-0.01143668090954977,0.01143668090954977,1009085
SPX_pct_180_per_ESvol,SPX,180,True,ES_fwd_ret_360,360,signed,-0.011432069251220877,0.011432069251220877,1054741
ES_pct_60,ES,60,False,ES_fwd_ret_180,180,signed,-0.011362596917800545,0.011362596917800545,1152424
SPX_pct_180,SPX,180,False,ES_fwd_ret_60,60,signed,-0.011342027787122318,0.011342027787122318,1152424
ES_pct_20,ES,20,False,ES_fwd_ret_180,180,signed,-0.011319433084744188,0.011319433084744188,1162944
SPY_pct_60,SPY,60,False,ES_fwd_ret_180,180,signed,-0.011301059844695607,0.011301059844695607,1152424
SPY_pct_20,SPY,20,False,ES_fwd_ret_180,180,signed,-0.01121241624126337,0.01121241624126337,1162944
ES_pct_90,ES,90,False,ES_fwd_ret_60,60,signed,-0.0110438591397162,0.0110438591397162,1176094
SPY_pct_300,SPY,300,False,ES_fwd_up_240,240,binary,0.01099951969143632,0.01099951969143632,1038812
SPX_pct_90,SPX,90,False,ES_fwd_ret_120,120,signed,-0.010999418631768492,0.010999418631768492,1160314
ES_pct_60,ES,60,False,ES_fwd_ret_12,12,signed,-0.010995718422330124,0.010995718422330124,1196608
SPX_pct_120,SPX,120,False,ES_fwd_ret_60,60,signed,-0.010985523306521295,0.010985523306521295,1168204
ES_pct_300,ES,300,False,ES_fwd_up_240,240,binary,0.01098371991984348,0.01098371991984348,1038812
SPY_pct_180_per_ESvol,SPY,180,True,ES_fwd_ret_360,360,signed,-0.010962713193804114,0.010962713193804114,1054741
SPY_pct_90,SPY,90,False,ES_fwd_ret_60,60,signed,-0.01085269623917575,0.01085269623917575,1176094
SPY_pct_60,SPY,60,False,ES_fwd_ret_12,12,signed,-0.010828026195245729,0.010828026195245729,1196608
SPY_pct_300_per_ESvol,SPY,300,True,ES_fwd_up_360,360,binary,-0.010824178446412423,0.010824178446412423,1009085
SPY_pct_120,SPY,120,False,ES_fwd_ret_120,120,signed,-0.010822098529019216,0.010822098529019216,1152424
ES_pct_120,ES,120,False,ES_fwd_ret_120,120,signed,-0.010820590372834973,0.010820590372834973,1152424
ES_pct_45,ES,45,False,ES_fwd_ret_120,120,signed,-0.01073144300785786,0.01073144300785786,1172149
ES_pct_180_per_ESvol,ES,180,True,ES_fwd_ret_360,360,signed,-0.010731354363412268,0.010731354363412268,1054741
SPX_pct_60,SPX,60,False,ES_fwd_ret_120,120,signed,-0.010682901963212869,0.010682901963212869,1168204
SPY_pct_20,SPY,20,False,ES_fwd_up_180,180,binary,-0.010682699735574184,0.010682699735574184,1122883
SPX_pct_20,SPX,20,False,ES_fwd_ret_180,180,signed,-0.010678388904587319,0.010678388904587319,1162944
ES_pct_300_per_ESvol,ES,300,True,ES_fwd_up_360,360,binary,-0.010672390839838633,0.010672390839838633,1009085
ES_pct_20,ES,20,False,ES_fwd_up_180,180,binary,-0.01063848274756683,0.01063848274756683,1122883
SPX_pct_300_per_ESvol,SPX,300,True,ES_fwd_ret_240,240,signed,-0.010634846113841358,0.010634846113841358,1054710
SPY_pct_45,SPY,45,False,ES_fwd_ret_120,120,signed,-0.010602480561431569,0.010602480561431569,1172149
SPX_pct_60,SPX,60,False,ES_fwd_ret_12,12,signed,-0.010595142288677573,0.010595142288677573,1196608
SPY_minus_SPX_pct_120,SPY_minus_SPX,120,False,ES_fwd_ret_120,120,signed,-0.010537926306553187,0.010537926306553187,1152424
SPX_pct_300,SPX,300,False,ES_fwd_up_240,240,binary,0.010469588337366897,0.010469588337366897,1038812
SPX_pct_20,SPX,20,False,ES_fwd_up_180,180,binary,-0.010452756458381774,0.010452756458381774,1122883
ES_pct_12,ES,12,False,ES_fwd_ret_60,60,signed,-0.010433038519934023,0.010433038519934023,1196608
SPY_minus_SPX_pct_180,SPY_minus_SPX,180,False,ES_fwd_ret_60,60,signed,-0.010400629718857583,0.010400629718857583,1152424
SPX_pct_12,SPX,12,False,ES_fwd_ret_60,60,signed,-0.010312977920332441,0.010312977920332441,1196608
SPY_pct_12,SPY,12,False,ES_fwd_ret_60,60,signed,-0.010297201321806466,0.010297201321806466,1196608
SPX_pct_60,SPX,60,False,ES_fwd_ret_180,180,signed,-0.010229243204891223,0.010229243204891223,1152424
SPX_pct_90,SPX,90,False,ES_fwd_ret_60,60,signed,-0.010201537294829836,0.010201537294829836,1176094
SPY_pct_300_per_ESvol,SPY,300,True,ES_fwd_ret_240,240,signed,-0.01011243644628924,0.01011243644628924,1054710
SPX_pct_120,SPX,120,False,ES_fwd_up_360,360,binary,0.010035231274951007,0.010035231274951007,1057526
ES_pct_300_per_ESvol,ES,300,True,ES_fwd_ret_240,240,signed,-0.009907956587687566,0.009907956587687566,1054710
SPX_pct_45,SPX,45,False,ES_fwd_ret_120,120,signed,-0.009858548613202652,0.009858548613202652,1172149
ES_pct_120,ES,120,False,ES_fwd_up_360,360,binary,0.0098408534942997,0.0098408534942997,1057526
SPX_pct_120,SPX,120,False,ES_fwd_ret_120,120,signed,-0.009814684571832264,0.009814684571832264,1152424
ES_pct_180,ES,180,False,ES_fwd_ret_12,12,signed,-0.009813195094329067,0.009813195094329067,1165048
SPY_pct_120,SPY,120,False,ES_fwd_up_360,360,binary,0.009811635914356338,0.009811635914356338,1057526
SPY_pct_180,SPY,180,False,ES_fwd_ret_12,12,signed,-0.00975532189573697,0.00975532189573697,1165048
ES_pct_5,ES,5,False,ES_fwd_up_12,12,binary,-0.009750711135326537,0.009750711135326537,1104594
SPY_minus_SPX_pct_90,SPY_minus_SPX,90,False,ES_fwd_ret_180,180,signed,-0.00971610044700322,0.00971610044700322,1144534
ES_pct_240,ES,240,False,ES_fwd_ret_240,240,signed,0.00969314776826111,0.00969314776826111,1089304
SPY_pct_240,SPY,240,False,ES_fwd_ret_240,240,signed,0.00965827982173438,0.00965827982173438,1089304
ES_pct_30,ES,30,False,ES_fwd_ret_120,120,signed,-0.009650304818530138,0.009650304818530138,1176094
SPY_pct_5,SPY,5,False,ES_fwd_up_12,12,binary,-0.009599439428799861,0.009599439428799861,1104594
SPY_pct_30,SPY,30,False,ES_fwd_ret_120,120,signed,-0.009490748390908958,0.009490748390908958,1176094
SPX_pct_180,SPX,180,False,ES_fwd_ret_12,12,signed,-0.009383207790660165,0.009383207790660165,1165048
SPY_minus_SPX_pct_120,SPY_minus_SPX,120,False,ES_fwd_ret_180,180,signed,-0.009334918439184645,0.009334918439184645,1136644
ES_pct_2,ES,2,False,ES_fwd_up_12,12,binary,-0.009314885124226556,0.009314885124226556,1105354
SPX_pct_360_per_ESvol,SPX,360,True,ES_fwd_ret_180,180,signed,-0.009306594655487397,0.009306594655487397,1054700
SPX_pct_240,SPX,240,False,ES_fwd_ret_240,240,signed,0.009284075002076227,0.009284075002076227,1089304
ES_pct_360,ES,360,False,ES_fwd_up_180,180,binary,0.00925089259804512,0.00925089259804512,1035767
SPY_pct_360,SPY,360,False,ES_fwd_up_180,180,binary,0.009248565295661692,0.009248565295661692,1035767
ES_pct_90,ES,90,False,ES_fwd_ret_12,12,signed,-0.009239569470779804,0.009239569470779804,1188718
ES_pct_360,ES,360,False,ES_fwd_ret_60,60,signed,-0.009183292680039317,0.009183292680039317,1105084
ES_pct_3,ES,3,False,ES_fwd_up_12,12,binary,-0.009136373375271614,0.009136373375271614,1105099
SPY_pct_90,SPY,90,False,ES_fwd_ret_12,12,signed,-0.009117289367647354,0.009117289367647354,1188718
ES_pct_12,ES,12,False,ES_fwd_ret_180,180,signed,-0.009100308471978423,0.009100308471978423,1165048
SPY_pct_2,SPY,2,False,ES_fwd_up_12,12,binary,-0.009082762073242058,0.009082762073242058,1105354
SPY_pct_360,SPY,360,False,ES_fwd_ret_60,60,signed,-0.009079076445053819,0.009079076445053819,1105084
SPY_pct_12,SPY,12,False,ES_fwd_ret_180,180,signed,-0.009050087622520705,0.009050087622520705,1165048
SPX_pct_360,SPX,360,False,ES_fwd_up_180,180,binary,0.009049738378007462,0.009049738378007462,1035767
SPX_pct_360,SPX,360,False,ES_fwd_ret_60,60,signed,-0.0090296390689303,0.0090296390689303,1105084
ES_pct_8,ES,8,False,ES_fwd_up_12,12,binary,-0.009009035122005061,0.009009035122005061,1103842
SPY_pct_3,SPY,3,False,ES_fwd_up_12,12,binary,-0.008945183952139425,0.008945183952139425,1105099
SPY_pct_360_per_ESvol,SPY,360,True,ES_fwd_ret_180,180,signed,-0.008923307460720786,0.008923307460720786,1054700
SPX_pct_30,SPX,30,False,ES_fwd_ret_120,120,signed,-0.00888101465529947,0.00888101465529947,1176094
SPY_pct_8,SPY,8,False,ES_fwd_up_12,12,binary,-0.008880252220313047,0.008880252220313047,1103842
ES_pct_1,ES,1,False,ES_fwd_up_12,12,binary,-0.008841449199936412,0.008841449199936412,1105607
ES_pct_360_per_ESvol,ES,360,True,ES_fwd_ret_180,180,signed,-0.008758255036503218,0.008758255036503218,1054700
SPX_pct_12,SPX,12,False,ES_fwd_ret_180,180,signed,-0.008729704524392553,0.008729704524392553,1165048
SPY_pct_1,SPY,1,False,ES_fwd_up_12,12,binary,-0.00872070162199248,0.00872070162199248,1105607
SPX_pct_8,SPX,8,False,ES_fwd_ret_60,60,signed,-0.00871959004506137,0.00871959004506137,1197660
SPX_pct_90,SPX,90,False,ES_fwd_ret_12,12,signed,-0.008697028642852253,0.008697028642852253,1188718
SPY_pct_12,SPY,12,False,ES_fwd_up_180,180,binary,-0.00868889263512805,0.00868889263512805,1124940
SPX_pct_5,SPX,5,False,ES_fwd_up_12,12,binary,-0.00860158552965791,0.00860158552965791,1104594
ES_pct_12,ES,12,False,ES_fwd_up_180,180,binary,-0.008597315102365596,0.008597315102365596,1124940
ES_pct_8,ES,8,False,ES_fwd_ret_60,60,signed,-0.008571681216368645,0.008571681216368645,1197660
SPY_pct_8,SPY,8,False,ES_fwd_ret_60,60,signed,-0.008518384199746185,0.008518384199746185,1197660
SPX_pct_120_per_ESvol,SPX,120,True,ES_fwd_ret_360,360,signed,-0.008460815641526958,0.008460815641526958,1070281
SPX_pct_12,SPX,12,False,ES_fwd_up_180,180,binary,-0.00845135338612908,0.00845135338612908,1124940
SPY_minus_SPX_pct_60,SPY_minus_SPX,60,False,ES_fwd_ret_180,180,signed,-0.008396662326189323,0.008396662326189323,1152424
SPY_pct_90,SPY,90,False,ES_fwd_up_120,120,binary,-0.008392771936914543,0.008392771936914543,1115385
ES_minus_SPX_pct_360_per_ESvol,ES_minus_SPX,360,True,ES_fwd_up_240,240,binary,0.008388888434379014,0.008388888434379014,1021217
ES_pct_90,ES,90,False,ES_fwd_up_120,120,binary,-0.008304720890316903,0.008304720890316903,1115385
SPY_minus_SPX_pct_180,SPY_minus_SPX,180,False,ES_fwd_ret_120,120,signed,-0.008300002278568077,0.008300002278568077,1136644
SPX_pct_240_per_ESvol,SPX,240,True,ES_fwd_ret_240,240,signed,-0.00825281892758483,0.00825281892758483,1070250
SPX_pct_2,SPX,2,False,ES_fwd_up_12,12,binary,-0.0082149357457782,0.0082149357457782,1105354
SPX_pct_240_per_ESvol,SPX,240,True,ES_fwd_up_360,360,binary,-0.008204389895792582,0.008204389895792582,1024508
SPX_pct_1,SPX,1,False,ES_fwd_up_12,12,binary,-0.008198498714835523,0.008198498714835523,1105607
ES_pct_20,ES,20,False,ES_fwd_up_60,60,binary,-0.008196412870743125,0.008196412870743125,1138171
SPY_pct_60,SPY,60,False,ES_fwd_up_120,120,binary,-0.008181560863336136,0.008181560863336136,1123040
ES_pct_60,ES,60,False,ES_fwd_up_120,120,binary,-0.008147212928509118,0.008147212928509118,1123040
ES_pct_45,ES,45,False,ES_fwd_ret_12,12,signed,-0.008112713466122926,0.008112713466122926,1200553
SPY_pct_120_per_ESvol,SPY,120,True,ES_fwd_ret_360,360,signed,-0.008110237548664242,0.008110237548664242,1070281
SPY_minus_SPX_pct_240,SPY_minus_SPX,240,False,ES_fwd_up_12,12,binary,-0.008053766358786338,0.008053766358786338,1046204
SPY_pct_20,SPY,20,False,ES_fwd_up_60,60,binary,-0.00805252085126668,0.00805252085126668,1138171
SPY_pct_45,SPY,45,False,ES_fwd_ret_12,12,signed,-0.008046372307403519,0.008046372307403519,1200553
ES_minus_SPX_pct_300,ES_minus_SPX,300,False,ES_fwd_up_240,240,binary,0.008023247469640594,0.008023247469640594,1038812
ES_pct_12,ES,12,False,ES_fwd_up_60,60,binary,-0.008020316899209365,0.008020316899209365,1140208
ES_pct_120_per_ESvol,ES,120,True,ES_fwd_ret_360,360,signed,-0.007999421651006589,0.007999421651006589,1070281
ES_pct_20,ES,20,False,ES_fwd_ret_120,120,signed,-0.007977429761220572,0.007977429761220572,1178724
SPX_pct_60,SPX,60,False,ES_fwd_up_120,120,binary,-0.007927521521842494,0.007927521521842494,1123040
SPX_pct_90,SPX,90,False,ES_fwd_up_120,120,binary,-0.00789522586401806,0.00789522586401806,1115385
SPY_pct_20,SPY,20,False,ES_fwd_ret_120,120,signed,-0.007880587292406089,0.007880587292406089,1178724
SPY_pct_12,SPY,12,False,ES_fwd_up_60,60,binary,-0.007878049481339744,0.007878049481339744,1140208
SPX_pct_3,SPX,3,False,ES_fwd_up_12,12,binary,-0.007863235546219299,0.007863235546219299,1105099
SPX_pct_300_per_ESvol,SPX,300,True,ES_fwd_ret_180,180,signed,-0.007861247202292879,0.007861247202292879,1070240
SPY_minus_SPX_pct_300,SPY_minus_SPX,300,False,ES_fwd_up_240,240,binary,0.007857391489658938,0.007857391489658938,1038812
SPY_minus_SPX_pct_300_per_ESvol,SPY_minus_SPX,300,True,ES_fwd_up_360,360,binary,0.007853378273860527,0.007853378273860527,1009085
SPY_pct_240_per_ESvol,SPY,240,True,ES_fwd_ret_240,240,signed,-0.007833791162449326,0.007833791162449326,1070250
SPX_pct_12,SPX,12,False,ES_fwd_up_60,60,binary,-0.007785604010721314,0.007785604010721314,1140208
SPY_minus_SPX_pct_360_per_ESvol,SPY_minus_SPX,360,True,ES_fwd_up_240,240,binary,0.007741129357794919,0.007741129357794919,1021217
SPX_pct_20,SPX,20,False,ES_fwd_up_60,60,binary,-0.007675357963668468,0.007675357963668468,1138171
SPX_pct_45,SPX,45,False,ES_fwd_ret_12,12,signed,-0.00767191942631875,0.00767191942631875,1200553
ES_pct_240_per_ESvol,ES,240,True,ES_fwd_ret_240,240,signed,-0.007671277026518582,0.007671277026518582,1070250
SPY_pct_240_per_ESvol,SPY,240,True,ES_fwd_up_360,360,binary,-0.007649490680831146,0.007649490680831146,1024508
SPX_pct_300,SPX,300,False,ES_fwd_ret_60,60,signed,-0.0075812757803499905,0.0075812757803499905,1120864
SPY_minus_SPX_pct_90,SPY_minus_SPX,90,False,ES_fwd_ret_120,120,signed,-0.0075755345357503695,0.0075755345357503695,1160314
ES_pct_12,ES,12,False,ES_fwd_up_12,12,binary,-0.007561690147347666,0.007561690147347666,1102835
SPY_pct_8,SPY,8,False,ES_fwd_up_180,180,binary,-0.007552815638679261,0.007552815638679261,1125967
ES_pct_20,ES,20,False,ES_fwd_up_12,12,binary,-0.007528570744770781,0.007528570744770781,1100824
ES_pct_30,ES,30,False,ES_fwd_up_60,60,binary,-0.0075048659481011595,0.0075048659481011595,1135617
ES_pct_8,ES,8,False,ES_fwd_up_180,180,binary,-0.007487528205663578,0.007487528205663578,1125967
SPY_pct_12,SPY,12,False,ES_fwd_up_12,12,binary,-0.007483213672050215,0.007483213672050215,1102835
ES_minus_SPX_pct_240,ES_minus_SPX,240,False,ES_fwd_up_12,12,binary,-0.0074601164185354825,0.0074601164185354825,1046204
SPY_pct_300_per_ESvol,SPY,300,True,ES_fwd_ret_180,180,signed,-0.007448069584964976,0.007448069584964976,1070240
SPY_pct_20,SPY,20,False,ES_fwd_up_12,12,binary,-0.007437697682390211,0.007437697682390211,1100824
SPY_minus_SPX_pct_180,SPY_minus_SPX,180,False,ES_fwd_up_60,60,binary,-0.007435417849937384,0.007435417849937384,1097448
ES_pct_240_per_ESvol,ES,240,True,ES_fwd_up_360,360,binary,-0.0074239327162360265,0.0074239327162360265,1024508
SPX_pct_8,SPX,8,False,ES_fwd_up_180,180,binary,-0.007418841992811273,0.007418841992811273,1125967
SPY_minus_SPX_pct_240,SPY_minus_SPX,240,False,ES_fwd_up_240,240,binary,0.00740255757055483,0.00740255757055483,1054177
ES_minus_SPX_pct_300_per_ESvol,ES_minus_SPX,300,True,ES_fwd_up_360,360,binary,0.0073829349549956675,0.0073829349549956675,1009085
ES_pct_300,ES,300,False,ES_fwd_ret_60,60,signed,-0.007379434820469188,0.007379434820469188,1120864
ES_pct_8,ES,8,False,ES_fwd_up_60,60,binary,-0.00737509155452497,0.00737509155452497,1141239
SPY_pct_30,SPY,30,False,ES_fwd_up_60,60,binary,-0.0073735874948553624,0.0073735874948553624,1135617
ES_pct_8,ES,8,False,ES_fwd_ret_180,180,signed,-0.007372339635441242,0.007372339635441242,1166100
ES_pct_60,ES,60,False,ES_fwd_up_60,60,binary,-0.007366100345241742,0.007366100345241742,1127991
SPX_pct_20,SPX,20,False,ES_fwd_ret_120,120,signed,-0.007364544443665972,0.007364544443665972,1178724
SPY_pct_8,SPY,8,False,ES_fwd_ret_180,180,signed,-0.007349092030389586,0.007349092030389586,1166100
SPX_pct_8,SPX,8,False,ES_fwd_up_60,60,binary,-0.007310751059180668,0.007310751059180668,1141239
SPY_pct_300,SPY,300,False,ES_fwd_ret_60,60,signed,-0.007306347613238954,0.007306347613238954,1120864
SPY_pct_8,SPY,8,False,ES_fwd_up_60,60,binary,-0.007302644531589313,0.007302644531589313,1141239
ES_pct_300_per_ESvol,ES,300,True,ES_fwd_ret_180,180,signed,-0.007287976231166604,0.007287976231166604,1070240
SPY_pct_60,SPY,60,False,ES_fwd_up_60,60,binary,-0.00727605423581977,0.00727605423581977,1127991
SPX_pct_8,SPX,8,False,ES_fwd_up_12,12,binary,-0.007269652120869357,0.007269652120869357,1103842
ES_minus_SPX_pct_240,ES_minus_SPX,240,False,ES_fwd_up_240,240,binary,0.007267593949679901,0.007267593949679901,1054177
SPX_pct_5,SPX,5,False,ES_fwd_ret_60,60,signed,-0.007264256443918973,0.007264256443918973,1198449
ES_minus_SPX_pct_240_per_ESvol,ES_minus_SPX,240,True,ES_fwd_up_360,360,binary,0.0072214080998553995,0.0072214080998553995,1024508
ES_minus_SPX_pct_30,ES_minus_SPX,30,False,ES_fwd_up_12,12,binary,-0.007196578026319474,0.007196578026319474,1098319
ES_minus_SPX_pct_45,ES_minus_SPX,45,False,ES_fwd_up_12,12,binary,-0.007190238161217931,0.007190238161217931,1094611
SPY_minus_SPX_pct_180,SPY_minus_SPX,180,False,ES_fwd_up_120,120,binary,-0.007157647032151674,0.007157647032151674,1092367
SPX_pct_240,SPX,240,False,ES_fwd_up_12,12,binary,0.007145889140270592,0.007145889140270592,1046204
SPX_pct_8,SPX,8,False,ES_fwd_ret_180,180,signed,-0.007116111616118668,0.007116111616118668,1166100
SPY_minus_SPX_pct_120,SPY_minus_SPX,120,False,ES_fwd_up_120,120,binary,-0.007088508389151263,0.007088508389151263,1107713
ES_minus_SPX_pct_300_per_ESvol,ES_minus_SPX,300,True,ES_fwd_ret_240,240,signed,0.007054592792179471,0.007054592792179471,1054710
SPX_pct_60,SPX,60,False,ES_fwd_up_60,60,binary,-0.007007147026141486,0.007007147026141486,1127991
SPX_pct_30,SPX,30,False,ES_fwd_up_60,60,binary,-0.006999492940687075,0.006999492940687075,1135617
ES_pct_5,ES,5,False,ES_fwd_ret_60,60,signed,-0.0069993280036333315,0.0069993280036333315,1198449
SPY_minus_SPX_pct_90,SPY_minus_SPX,90,False,ES_fwd_up_180,180,binary,-0.006990562736591588,0.006990562736591588,1104953
SPY_pct_5,SPY,5,False,ES_fwd_ret_60,60,signed,-0.006958812581522917,0.006958812581522917,1198449
SPX_pct_300,SPX,300,False,ES_fwd_up_12,12,binary,0.00691782817679352,0.00691782817679352,1031310
SPX_pct_360,SPX,360,False,ES_fwd_ret_12,12,signed,-0.0069124816065126845,0.0069124816065126845,1117708
SPX_pct_5,SPX,5,False,ES_fwd_up_60,60,binary,-0.006889175229691877,0.006889175229691877,1142007
SPY_pct_90,SPY,90,False,ES_fwd_up_180,180,binary,-0.006885424471921477,0.006885424471921477,1104953
ES_pct_360,ES,360,False,ES_fwd_ret_12,12,signed,-0.006883026876886849,0.006883026876886849,1117708
ES_pct_90,ES,90,False,ES_fwd_up_180,180,binary,-0.006868175650685677,0.006868175650685677,1104953
ES_pct_30,ES,30,False,ES_fwd_ret_12,12,signed,-0.006866322861573513,0.006866322861573513,1204498
SPX_pct_360_per_ESvol,SPX,360,True,ES_fwd_ret_120,120,signed,-0.006860341219172714,0.006860341219172714,1070237
SPY_pct_360,SPY,360,False,ES_fwd_ret_12,12,signed,-0.006806298996439284,0.006806298996439284,1117708
SPX_pct_180_per_ESvol,SPX,180,True,ES_fwd_ret_240,240,signed,-0.006789032573619557,0.006789032573619557,1085789
SPY_pct_300,SPY,300,False,ES_fwd_up_12,12,binary,0.006782029061228412,0.006782029061228412,1031310
SPY_minus_SPX_pct_120,SPY_minus_SPX,120,False,ES_fwd_ret_60,60,signed,-0.006778448851743952,0.006778448851743952,1168204
ES_pct_12,ES,12,False,ES_fwd_ret_120,120,signed,-0.006773561376437524,0.006773561376437524,1180828
SPY_minus_SPX_pct_300_per_ESvol,SPY_minus_SPX,300,True,ES_fwd_ret_240,240,signed,0.006769193791227245,0.006769193791227245,1054710
ES_pct_5,ES,5,False,ES_fwd_up_60,60,binary,-0.006767420816506521,0.006767420816506521,1142007
ES_pct_300,ES,300,False,ES_fwd_up_12,12,binary,0.0067167447864542465,0.0067167447864542465,1031310
SPY_pct_12,SPY,12,False,ES_fwd_ret_120,120,signed,-0.006698009495511248,0.006698009495511248,1180828
ES_minus_SPX_pct_90,ES_minus_SPX,90,False,ES_fwd_up_180,180,binary,-0.006691934245690439,0.006691934245690439,1104953
ES_minus_SPX_pct_60,ES_minus_SPX,60,False,ES_fwd_up_12,12,binary,-0.0066889564060472395,0.0066889564060472395,1090858
SPY_minus_SPX_pct_45,SPY_minus_SPX,45,False,ES_fwd_up_12,12,binary,-0.006680898086043507,0.006680898086043507,1094611
SPY_pct_240,SPY,240,False,ES_fwd_up_12,12,binary,0.006673912928947992,0.006673912928947992,1046204
SPY_pct_30,SPY,30,False,ES_fwd_ret_12,12,signed,-0.006673356030098185,0.006673356030098185,1204498
SPY_pct_5,SPY,5,False,ES_fwd_up_60,60,binary,-0.006666029050141793,0.006666029050141793,1142007
SPY_minus_SPX_pct_360_per_ESvol,SPY_minus_SPX,360,True,ES_fwd_up_360,360,binary,0.006664640281596948,0.006664640281596948,993696
SPY_pct_240,SPY,240,False,ES_fwd_up_240,240,binary,0.006658259097769197,0.006658259097769197,1054177
ES_minus_SPX_pct_360_per_ESvol,ES_minus_SPX,360,True,ES_fwd_up_360,360,binary,0.00665307274958382,0.00665307274958382,993696
ES_pct_240,ES,240,False,ES_fwd_up_240,240,binary,0.006646665263205825,0.006646665263205825,1054177
ES_pct_240,ES,240,False,ES_fwd_up_12,12,binary,0.006644213489514555,0.006644213489514555,1046204
ES_pct_45,ES,45,False,ES_fwd_up_60,60,binary,-0.0066146110529096405,0.0066146110529096405,1131801
SPY_pct_360_per_ESvol,SPY,360,True,ES_fwd_ret_120,120,signed,-0.006608007223758634,0.006608007223758634,1070237
SPY_minus_SPX_pct_300,SPY_minus_SPX,300,False,ES_fwd_up_60,60,binary,0.006596287763452785,0.006596287763452785,1066925
ES_pct_30,ES,30,False,ES_fwd_ret_360,360,signed,-0.00656164854449547,0.00656164854449547,1112974
SPY_minus_SPX_pct_180,SPY_minus_SPX,180,False,ES_fwd_up_12,12,binary,-0.006553187539075296,0.006553187539075296,1061080
ES_pct_30,ES,30,False,ES_fwd_up_12,12,binary,-0.006510726700418246,0.006510726700418246,1098319
SPY_minus_SPX_pct_300,SPY_minus_SPX,300,False,ES_fwd_up_120,120,binary,0.0065079299006521076,0.0065079299006521076,1061711
SPX_pct_20,SPX,20,False,ES_fwd_up_12,12,binary,-0.006506075040917661,0.006506075040917661,1100824
SPY_pct_45,SPY,45,False,ES_fwd_up_60,60,binary,-0.006505703645019169,0.006505703645019169,1131801
ES_pct_360_per_ESvol,ES,360,True,ES_fwd_ret_120,120,signed,-0.0064907210006333906,0.0064907210006333906,1070237
ES_minus_SPX_pct_300_per_ESvol,ES_minus_SPX,300,True,ES_fwd_up_240,240,binary,0.006485743219968269,0.006485743219968269,1036618
SPY_pct_45,SPY,45,False,ES_fwd_up_120,120,binary,-0.006479854779675092,0.006479854779675092,1126880
SPY_minus_SPX_pct_240_per_ESvol,SPY_minus_SPX,240,True,ES_fwd_up_360,360,binary,0.006476400207273832,0.006476400207273832,1024508
SPX_pct_180_per_ESvol,SPX,180,True,ES_fwd_ret_180,180,signed,-0.006474730095461164,0.006474730095461164,1101319
SPY_pct_30,SPY,30,False,ES_fwd_ret_360,360,signed,-0.006470307119647004,0.006470307119647004,1112974
ES_pct_45,ES,45,False,ES_fwd_up_120,120,binary,-0.006467199093906546,0.006467199093906546,1126880
ES_minus_SPX_pct_8,ES_minus_SPX,8,False,ES_fwd_up_12,12,binary,-0.0064563355091542245,0.0064563355091542245,1103842
SPX_pct_300,SPX,300,False,ES_fwd_ret_120,120,signed,-0.0064547349476639215,0.0064547349476639215,1105084
SPX_pct_12,SPX,12,False,ES_fwd_up_12,12,binary,-0.006440105286094539,0.006440105286094539,1102835
SPX_pct_240_per_ESvol,SPX,240,True,ES_fwd_ret_180,180,signed,-0.0064090097517386525,0.0064090097517386525,1085780
SPX_pct_30,SPX,30,False,ES_fwd_ret_360,360,signed,-0.006404677542971739,0.006404677542971739,1112974
SPY_pct_180_per_ESvol,SPY,180,True,ES_fwd_ret_240,240,signed,-0.006402820175443346,0.006402820175443346,1085789
ES_pct_120,ES,120,False,ES_fwd_ret_12,12,signed,-0.006399148708306175,0.006399148708306175,1180828
SPX_pct_90_per_ESvol,SPX,90,True,ES_fwd_ret_360,360,signed,-0.006395915744212751,0.006395915744212751,1078051
SPX_pct_30,SPX,30,False,ES_fwd_ret_12,12,signed,-0.006387013061105133,0.006387013061105133,1204498
ES_minus_SPX_pct_120,ES_minus_SPX,120,False,ES_fwd_ret_120,120,signed,-0.00638643603094801,0.00638643603094801,1152424
SPY_minus_SPX_pct_45,SPY_minus_SPX,45,False,ES_fwd_ret_180,180,signed,-0.006381811259013029,0.006381811259013029,1156369
ES_minus_SPX_pct_90,ES_minus_SPX,90,False,ES_fwd_ret_180,180,signed,-0.006366148996436739,0.006366148996436739,1144534
ES_pct_45,ES,45,False,ES_fwd_ret_360,360,signed,-0.006359152081537954,0.006359152081537954,1109029
ES_minus_SPX_pct_180,ES_minus_SPX,180,False,ES_fwd_up_60,60,binary,-0.006310440449894503,0.006310440449894503,1097448
ES_pct_300,ES,300,False,ES_fwd_ret_120,120,signed,-0.0063079564498349375,0.0063079564498349375,1105084
SPY_pct_120,SPY,120,False,ES_fwd_ret_12,12,signed,-0.006298936588115719,0.006298936588115719,1180828
SPY_pct_45,SPY,45,False,ES_fwd_ret_360,360,signed,-0.006286146196435473,0.006286146196435473,1109029
SPY_pct_30,SPY,30,False,ES_fwd_up_12,12,binary,-0.006284141391110041,0.006284141391110041,1098319
SPX_pct_240_per_ESvol,SPX,240,True,ES_fwd_ret_120,120,signed,-0.006271886629191363,0.006271886629191363,1101317
SPX_pct_12,SPX,12,False,ES_fwd_ret_120,120,signed,-0.006267455081337327,0.006267455081337327,1180828
SPY_pct_300,SPY,300,False,ES_fwd_ret_120,120,signed,-0.006262345644694789,0.006262345644694789,1105084
ES_minus_SPX_pct_300_per_ESvol,ES_minus_SPX,300,True,ES_fwd_ret_360,360,signed,0.006230415445181497,0.006230415445181497,1023662
ES_minus_SPX_pct_180,ES_minus_SPX,180,False,ES_fwd_up_12,12,binary,-0.0062053672816938,0.0062053672816938,1061080
ES_minus_SPX_pct_360_per_ESvol,ES_minus_SPX,360,True,ES_fwd_ret_240,240,signed,0.006202757920721388,0.006202757920721388,1039170
ES_pct_180_per_ESvol,ES,180,True,ES_fwd_ret_240,240,signed,-0.006200376511691611,0.006200376511691611,1085789
SPY_pct_180_per_ESvol,SPY,180,True,ES_fwd_ret_180,180,signed,-0.006189356840221283,0.006189356840221283,1101319
ES_minus_SPX_pct_60,ES_minus_SPX,60,False,ES_fwd_ret_180,180,signed,-0.0061742298561139886,0.0061742298561139886,1152424
SPX_pct_45,SPX,45,False,ES_fwd_up_120,120,binary,-0.006143671627846058,0.006143671627846058,1126880
SPY_minus_SPX_pct_8,SPY_minus_SPX,8,False,ES_fwd_up_12,12,binary,-0.006136295557834073,0.006136295557834073,1103842
SPX_pct_90,SPX,90,False,ES_fwd_up_180,180,binary,-0.006134376040424777,0.006134376040424777,1104953
SPX_pct_240,SPX,240,False,ES_fwd_up_240,240,binary,0.006133249009164695,0.006133249009164695,1054177
ES_pct_5,ES,5,False,ES_fwd_ret_12,12,signed,-0.006131673498716915,0.006131673498716915,1211073
SPY_minus_SPX_pct_300,SPY_minus_SPX,300,False,ES_fwd_ret_240,240,signed,0.006130925968496504,0.006130925968496504,1073524
SPX_pct_45,SPX,45,False,ES_fwd_ret_360,360,signed,-0.006126602289917265,0.006126602289917265,1109029
SPX_pct_45,SPX,45,False,ES_fwd_up_60,60,binary,-0.006120009460509997,0.006120009460509997,1131801
SPY_pct_8,SPY,8,False,ES_fwd_up_120,120,binary,-0.006115555625661045,0.006115555625661045,1136313
ES_pct_8,ES,8,False,ES_fwd_up_120,120,binary,-0.006113984364183212,0.006113984364183212,1136313
SPX_pct_5,SPX,5,False,ES_fwd_up_180,180,binary,-0.006109338408568083,0.006109338408568083,1126737
SPY_pct_90_per_ESvol,SPY,90,True,ES_fwd_ret_360,360,signed,-0.006096688008528862,0.006096688008528862,1078051
SPY_pct_240_per_ESvol,SPY,240,True,ES_fwd_ret_180,180,signed,-0.00608221293436441,0.00608221293436441,1085780
SPY_minus_SPX_pct_30,SPY_minus_SPX,30,False,ES_fwd_up_12,12,binary,-0.006081323965536372,0.006081323965536372,1098319
ES_pct_1,ES,1,False,ES_fwd_ret_12,12,signed,-0.006067281231257441,0.006067281231257441,1212125
SPY_minus_SPX_pct_60,SPY_minus_SPX,60,False,ES_fwd_up_12,12,binary,-0.006058250348567228,0.006058250348567228,1090858
ES_minus_SPX_pct_120,ES_minus_SPX,120,False,ES_fwd_up_12,12,binary,-0.006050611645902474,0.006050611645902474,1075994
SPY_pct_240_per_ESvol,SPY,240,True,ES_fwd_ret_120,120,signed,-0.006047374502718538,0.006047374502718538,1101317
SPX_pct_120_per_ESvol,SPX,120,True,ES_fwd_ret_240,240,signed,-0.006046710885991648,0.006046710885991648,1101329
ES_pct_12,ES,12,False,ES_fwd_up_120,120,binary,-0.006042681357987278,0.006042681357987278,1135298
SPY_pct_5,SPY,5,False,ES_fwd_ret_12,12,signed,-0.006038218722101603,0.006038218722101603,1211073
SPY_minus_SPX_pct_60,SPY_minus_SPX,60,False,ES_fwd_ret_120,120,signed,-0.006018715212016301,0.006018715212016301,1168204
ES_minus_SPX_pct_90,ES_minus_SPX,90,False,ES_fwd_up_12,12,binary,-0.006008871769220638,0.006008871769220638,1083426
SPY_pct_1,SPY,1,False,ES_fwd_ret_12,12,signed,-0.006003492383479248,0.006003492383479248,1212125
ES_pct_90_per_ESvol,ES,90,True,ES_fwd_ret_360,360,signed,-0.0059944148240018815,0.0059944148240018815,1078051
ES_minus_SPX_pct_360_per_ESvol,ES_minus_SPX,360,True,ES_fwd_up_180,180,binary,0.005984575917370937,0.005984575917370937,1033579
ES_pct_180_per_ESvol,ES,180,True,ES_fwd_ret_180,180,signed,-0.005984536933214012,0.005984536933214012,1101319
SPY_pct_12,SPY,12,False,ES_fwd_up_120,120,binary,-0.00598328971403826,0.00598328971403826,1135298
SPY_minus_SPX_pct_300_per_ESvol,SPY_minus_SPX,300,True,ES_fwd_ret_360,360,signed,0.005980140038596068,0.005980140038596068,1023662
ES_pct_30,ES,30,False,ES_fwd_up_120,120,binary,-0.005977390744595149,0.005977390744595149,1130701
ES_pct_240_per_ESvol,ES,240,True,ES_fwd_ret_120,120,signed,-0.005953846472194681,0.005953846472194681,1101317
ES_pct_240_per_ESvol,ES,240,True,ES_fwd_ret_180,180,signed,-0.005947051000273946,0.005947051000273946,1085780
SPY_pct_30,SPY,30,False,ES_fwd_up_120,120,binary,-0.005925388734772147,0.005925388734772147,1130701
ES_pct_5,ES,5,False,ES_fwd_ret_180,180,signed,-0.005914323448920972,0.005914323448920972,1166889
SPY_pct_5,SPY,5,False,ES_fwd_ret_180,180,signed,-0.005907807467427355,0.005907807467427355,1166889
SPY_pct_5,SPY,5,False,ES_fwd_up_180,180,binary,-0.005891950055361338,0.005891950055361338,1126737
SPY_minus_SPX_pct_360_per_ESvol,SPY_minus_SPX,360,True,ES_fwd_ret_240,240,signed,0.0058822972980144455,0.0058822972980144455,1039170
ES_minus_SPX_pct_180,ES_minus_SPX,180,False,ES_fwd_ret_60,60,signed,-0.005861847847793455,0.005861847847793455,1152424
SPX_pct_120,SPX,120,False,ES_fwd_ret_12,12,signed,-0.005837302919777916,0.005837302919777916,1180828
SPX_pct_300_per_ESvol,SPX,300,True,ES_fwd_ret_120,120,signed,-0.005830313094039295,0.005830313094039295,1085777
SPY_minus_SPX_pct_240,SPY_minus_SPX,240,False,ES_fwd_ret_12,12,signed,-0.005826294304367654,0.005826294304367654,1149268
ES_minus_SPX_pct_120,ES_minus_SPX,120,False,ES_fwd_up_120,120,binary,-0.005822948598778848,0.005822948598778848,1107713
SPY_minus_SPX_pct_300_per_ESvol,SPY_minus_SPX,300,True,ES_fwd_up_240,240,binary,0.005811601205698308,0.005811601205698308,1036618
ES_pct_5,ES,5,False,ES_fwd_up_180,180,binary,-0.005805340531186682,0.005805340531186682,1126737
SPX_pct_5,SPX,5,False,ES_fwd_ret_180,180,signed,-0.005796162782147034,0.005796162782147034,1166889
ES_pct_2,ES,2,False,ES_fwd_ret_12,12,signed,-0.0057952411960978355,0.0057952411960978355,1211862
ES_pct_8,ES,8,False,ES_fwd_ret_120,120,signed,-0.005783723411988916,0.005783723411988916,1181880
SPY_pct_120_per_ESvol,SPY,120,True,ES_fwd_ret_240,240,signed,-0.005781202501896209,0.005781202501896209,1101329
SPY_minus_SPX_pct_90,SPY_minus_SPX,90,False,ES_fwd_ret_60,60,signed,-0.005772831988808925,0.005772831988808925,1176094
SPY_pct_8,SPY,8,False,ES_fwd_ret_120,120,signed,-0.0057428095583923295,0.0057428095583923295,1181880
ES_minus_SPX_pct_240_per_ESvol,ES_minus_SPX,240,True,ES_fwd_ret_360,360,signed,0.005739644924018795,0.005739644924018795,1039202
SPY_minus_SPX_pct_120,SPY_minus_SPX,120,False,ES_fwd_up_12,12,binary,-0.0057290383077242685,0.0057290383077242685,1075994
SPX_pct_240,SPX,240,False,ES_fwd_up_60,60,binary,0.005713848795724221,0.005713848795724221,1082175
SPX_pct_3,SPX,3,False,ES_fwd_up_60,60,binary,-0.005712602016547304,0.005712602016547304,1142518
ES_minus_SPX_pct_360_per_ESvol,ES_minus_SPX,360,True,ES_fwd_ret_180,180,signed,0.005709492059482603,0.005709492059482603,1054700
SPY_minus_SPX_pct_120,SPY_minus_SPX,120,False,ES_fwd_up_180,180,binary,-0.005705849242826765,0.005705849242826765,1097246
SPY_minus_SPX_pct_360_per_ESvol,SPY_minus_SPX,360,True,ES_fwd_up_180,180,binary,0.005696779305844767,0.005696779305844767,1033579
SPX_pct_8,SPX,8,False,ES_fwd_up_120,120,binary,-0.0056845812358012485,0.0056845812358012485,1136313
ES_minus_SPX_pct_360_per_ESvol,ES_minus_SPX,360,True,ES_fwd_up_60,60,binary,0.005667413787800751,0.005667413787800751,1049541
SPX_pct_5,SPX,5,False,ES_fwd_ret_12,12,signed,-0.005652294140401479,0.005652294140401479,1211073
SPY_pct_240,SPY,240,False,ES_fwd_up_60,60,binary,0.005629109643641333,0.005629109643641333,1082175
ES_pct_240,ES,240,False,ES_fwd_up_60,60,binary,0.005616679963429483,0.005616679963429483,1082175
ES_minus_SPX_pct_300_per_ESvol,ES_minus_SPX,300,True,ES_fwd_ret_180,180,signed,0.005603313294054628,0.005603313294054628,1070240
ES_pct_120_per_ESvol,ES,120,True,ES_fwd_ret_240,240,signed,-0.005599217727874119,0.005599217727874119,1101329
SPY_minus_SPX_pct_90,SPY_minus_SPX,90,False,ES_fwd_up_12,12,binary,-0.005593892688785793,0.005593892688785793,1083426
SPY_pct_300_per_ESvol,SPY,300,True,ES_fwd_ret_120,120,signed,-0.005590285825481342,0.005590285825481342,1085777
ES_minus_SPX_pct_300_per_ESvol,ES_minus_SPX,300,True,ES_fwd_up_180,180,binary,0.005574610689771971,0.005574610689771971,1048944
ES_pct_12,ES,12,False,ES_fwd_up_360,360,binary,-0.005573569406489489,0.005573569406489489,1085287
SPX_pct_180_per_ESvol,SPX,180,True,ES_fwd_ret_120,120,signed,-0.005570839600493925,0.005570839600493925,1116856
SPY_pct_12,SPY,12,False,ES_fwd_up_360,360,binary,-0.005564022472844568,0.005564022472844568,1085287
ES_pct_3,ES,3,False,ES_fwd_up_60,60,binary,-0.005560129284977045,0.005560129284977045,1142518
SPY_pct_2,SPY,2,False,ES_fwd_ret_12,12,signed,-0.005553472660808508,0.005553472660808508,1211862
SPX_pct_1,SPX,1,False,ES_fwd_ret_12,12,signed,-0.005551216120242553,0.005551216120242553,1212125
SPX_pct_30,SPX,30,False,ES_fwd_up_120,120,binary,-0.0055464696632663785,0.0055464696632663785,1130701
SPY_pct_3,SPY,3,False,ES_fwd_up_60,60,binary,-0.005515482256302204,0.005515482256302204,1142518
SPY_minus_SPX_pct_300,SPY_minus_SPX,300,False,ES_fwd_ret_60,60,signed,0.005511364899131705,0.005511364899131705,1120864
SPX_pct_120,SPX,120,False,ES_fwd_ret_360,360,signed,0.005501110212942709,0.005501110212942709,1089304
ES_minus_SPX_pct_120,ES_minus_SPX,120,False,ES_fwd_ret_180,180,signed,-0.00549903968189688,0.00549903968189688,1136644
SPX_pct_12,SPX,12,False,ES_fwd_up_360,360,binary,-0.005494332291907474,0.005494332291907474,1085287
ES_minus_SPX_pct_180_per_ESvol,ES_minus_SPX,180,True,ES_fwd_ret_360,360,signed,0.005485585001015715,0.005485585001015715,1054741
SPY_minus_SPX_pct_360_per_ESvol,SPY_minus_SPX,360,True,ES_fwd_ret_180,180,signed,0.005485549102397537,0.005485549102397537,1054700
ES_pct_120,ES,120,False,ES_fwd_ret_360,360,signed,0.005479384092375715,0.005479384092375715,1089304
SPX_pct_12,SPX,12,False,ES_fwd_up_120,120,binary,-0.0054759637593217725,0.0054759637593217725,1135298
ES_pct_300_per_ESvol,ES,300,True,ES_fwd_ret_120,120,signed,-0.005470841505464173,0.005470841505464173,1085777
SPY_pct_180_per_ESvol,SPY,180,True,ES_fwd_ret_120,120,signed,-0.005464273250699455,0.005464273250699455,1116856
SPX_pct_8,SPX,8,False,ES_fwd_ret_120,120,signed,-0.005461448284390805,0.005461448284390805,1181880
SPX_pct_3,SPX,3,False,ES_fwd_ret_60,60,signed,-0.005451342482315879,0.005451342482315879,1198975
ES_pct_20,ES,20,False,ES_fwd_up_120,120,binary,-0.005448330225025773,0.005448330225025773,1133255
SPX_pct_45_per_ESvol,SPX,45,True,ES_fwd_ret_360,360,signed,-0.005439070975574362,0.005439070975574362,1089706
ES_minus_SPX_pct_300,ES_minus_SPX,300,False,ES_fwd_up_60,60,binary,0.005420006406763725,0.005420006406763725,1066925
SPY_pct_20,SPY,20,False,ES_fwd_up_120,120,binary,-0.005411729021148209,0.005411729021148209,1133255
SPY_pct_120,SPY,120,False,ES_fwd_ret_360,360,signed,0.005404881414160301,0.005404881414160301,1089304
SPX_pct_60_per_ESvol,SPX,60,True,ES_fwd_ret_360,360,signed,-0.005401851768531717,0.005401851768531717,1085821
SPY_pct_45_per_ESvol,SPY,45,True,ES_fwd_ret_360,360,signed,-0.005392589957000362,0.005392589957000362,1089706
ES_minus_SPX_pct_180_per_ESvol,ES_minus_SPX,180,True,ES_fwd_up_360,360,binary,0.005348168667303797,0.005348168667303797,1039928
ES_minus_SPX_pct_240_per_ESvol,ES_minus_SPX,240,True,ES_fwd_up_240,240,binary,0.005347436158032146,0.005347436158032146,1051983
ES_pct_8_per_ESvol,ES,8,True,ES_fwd_up_12,12,binary,-0.005343316179559636,0.005343316179559636,1101869
SPY_pct_60_per_ESvol,SPY,60,True,ES_fwd_ret_360,360,signed,-0.0053404332862960185,0.0053404332862960185,1085821
ES_pct_20,ES,20,False,ES_fwd_up_360,360,binary,-0.0053398635576397055,0.0053398635576397055,1083232
ES_pct_180_per_ESvol,ES,180,True,ES_fwd_ret_120,120,signed,-0.005337528629830787,0.005337528629830787,1116856
SPY_minus_SPX_pct_60,SPY_minus_SPX,60,False,ES_fwd_ret_240,240,signed,-0.005336722988177504,0.005336722988177504,1136644
SPY_minus_SPX_pct_300_per_ESvol,SPY_minus_SPX,300,True,ES_fwd_ret_180,180,signed,0.0053351693500708775,0.0053351693500708775,1070240
SPY_pct_20,SPY,20,False,ES_fwd_up_360,360,binary,-0.005323698384653976,0.005323698384653976,1083232
ES_minus_SPX_pct_300,ES_minus_SPX,300,False,ES_fwd_up_360,360,binary,0.0053163210605251705,0.0053163210605251705,1011251
ES_minus_SPX_pct_240_per_ESvol,ES_minus_SPX,240,True,ES_fwd_ret_240,240,signed,0.005310907111286946,0.005310907111286946,1070250
SPY_minus_SPX_pct_300,SPY_minus_SPX,300,False,ES_fwd_up_180,180,binary,0.0053064278665457335,0.0053064278665457335,1051132
ES_pct_5,ES,5,False,ES_fwd_up_120,120,binary,-0.00530215069306963,0.00530215069306963,1137080
SPX_pct_5,SPX,5,False,ES_fwd_up_120,120,binary,-0.00530210057091615,0.00530210057091615,1137080
ES_minus_SPX_pct_240,ES_minus_SPX,240,False,ES_fwd_up_120,120,binary,0.005301169696087955,0.005301169696087955,1077039
ES_minus_SPX_pct_20,ES_minus_SPX,20,False,ES_fwd_up_12,12,binary,-0.005289069105728982,0.005289069105728982,1100824
SPX_pct_30,SPX,30,False,ES_fwd_up_12,12,binary,-0.005286979407693616,0.005286979407693616,1098319
ES_pct_20,ES,20,False,ES_fwd_ret_360,360,signed,-0.005274944603269611,0.005274944603269611,1115604
SPY_pct_5,SPY,5,False,ES_fwd_up_120,120,binary,-0.0052694931175162624,0.0052694931175162624,1137080
ES_minus_SPX_pct_90,ES_minus_SPX,90,False,ES_fwd_ret_120,120,signed,-0.0052427691689633064,0.0052427691689633064,1160314
ES_minus_SPX_pct_180,ES_minus_SPX,180,False,ES_fwd_up_120,120,binary,-0.005236040131664275,0.005236040131664275,1092367
SPX_pct_180_per_ESvol,SPX,180,True,ES_fwd_up_360,360,binary,-0.005229742243298797,0.005229742243298797,1039928
ES_pct_3,ES,3,False,ES_fwd_ret_60,60,signed,-0.005223472241952798,0.005223472241952798,1198975
SPY_pct_20,SPY,20,False,ES_fwd_ret_360,360,signed,-0.005203215984938235,0.005203215984938235,1115604
SPY_minus_SPX_pct_45,SPY_minus_SPX,45,False,ES_fwd_ret_120,120,signed,-0.005189163364036707,0.005189163364036707,1172149
SPX_pct_20,SPX,20,False,ES_fwd_ret_360,360,signed,-0.005186191846411349,0.005186191846411349,1115604
SPX_pct_20,SPX,20,False,ES_fwd_up_360,360,binary,-0.005185774934690578,0.005185774934690578,1083232
SPX_pct_90,SPX,90,False,ES_fwd_up_360,360,binary,0.0051857343028844215,0.0051857343028844215,1065251
SPY_pct_3,SPY,3,False,ES_fwd_ret_60,60,signed,-0.005183021863453564,0.005183021863453564,1198975
ES_minus_SPX_pct_300,ES_minus_SPX,300,False,ES_fwd_up_180,180,binary,0.0051801569549711265,0.0051801569549711265,1051132
SPY_minus_SPX_pct_240_per_ESvol,SPY_minus_SPX,240,True,ES_fwd_ret_360,360,signed,0.005165729006281087,0.005165729006281087,1039202
ES_pct_60_per_ESvol,ES,60,True,ES_fwd_ret_360,360,signed,-0.00516419846057102,0.00516419846057102,1085821
SPY_pct_8_per_ESvol,SPY,8,True,ES_fwd_up_12,12,binary,-0.00515814781575595,0.00515814781575595,1101869
ES_minus_SPX_pct_120,ES_minus_SPX,120,False,ES_fwd_ret_60,60,signed,-0.00514924925789323,0.00514924925789323,1168204
SPY_minus_SPX_pct_240,SPY_minus_SPX,240,False,ES_fwd_up_120,120,binary,0.005149147009316836,0.005149147009316836,1077039
ES_pct_8,ES,8,False,ES_fwd_ret_12,12,signed,-0.005149091127203251,0.005149091127203251,1210284
SPX_pct_300,SPX,300,False,ES_fwd_up_120,120,binary,-0.005144747939486599,0.005144747939486599,1061711
ES_pct_3,ES,3,False,ES_fwd_ret_12,12,signed,-0.005129351678897321,0.005129351678897321,1211599
ES_pct_45_per_ESvol,ES,45,True,ES_fwd_ret_360,360,signed,-0.005124249112982865,0.005124249112982865,1089706
ES_pct_12_per_ESvol,ES,12,True,ES_fwd_up_12,12,binary,-0.005121081851123207,0.005121081851123207,1100862
ES_pct_90,ES,90,False,ES_fwd_up_60,60,binary,-0.005114715082294723,0.005114715082294723,1120379
SPY_pct_8,SPY,8,False,ES_fwd_up_360,360,binary,-0.0050922021785083735,0.0050922021785083735,1086313
SPY_pct_8,SPY,8,False,ES_fwd_ret_12,12,signed,-0.0050846053428906385,0.0050846053428906385,1210284
ES_minus_SPX_pct_360_per_ESvol,ES_minus_SPX,360,True,ES_fwd_up_120,120,binary,0.0050711644190776835,0.0050711644190776835,1044234
ES_pct_8,ES,8,False,ES_fwd_up_360,360,binary,-0.0050671593885501,0.0050671593885501,1086313
SPY_minus_SPX_pct_45,SPY_minus_SPX,45,False,ES_fwd_ret_240,240,signed,-0.00504823404991518,0.00504823404991518,1140589
ES_pct_60,ES,60,False,ES_fwd_ret_360,360,signed,-0.005045808711536013,0.005045808711536013,1105084
SPX_pct_8,SPX,8,False,ES_fwd_up_360,360,binary,-0.00504221264246453,0.00504221264246453,1086313
SPY_pct_90,SPY,90,False,ES_fwd_up_60,60,binary,-0.005038909631349237,0.005038909631349237,1120379
SPX_pct_2,SPX,2,False,ES_fwd_up_60,60,binary,-0.005034844205446468,0.005034844205446468,1142774
SPY_pct_3,SPY,3,False,ES_fwd_ret_12,12,signed,-0.005003880394986513,0.005003880394986513,1211599
SPY_minus_SPX_pct_240_per_ESvol,SPY_minus_SPX,240,True,ES_fwd_ret_240,240,signed,0.005002068821605336,0.005002068821605336,1070250
ES_pct_20_per_ESvol,ES,20,True,ES_fwd_up_12,12,binary,-0.0049954732264286,0.0049954732264286,1098851
SPX_pct_20,SPX,20,False,ES_fwd_up_120,120,binary,-0.004986773404756019,0.004986773404756019,1133255
SPY_pct_60,SPY,60,False,ES_fwd_ret_360,360,signed,-0.0049842819304050405,0.0049842819304050405,1105084
ES_minus_SPX_pct_45,ES_minus_SPX,45,False,ES_fwd_ret_180,180,signed,-0.00497388458655765,0.00497388458655765,1156369
ES_pct_90,ES,90,False,ES_fwd_ret_180,180,signed,-0.004971921339757262,0.004971921339757262,1144534
SPY_pct_90,SPY,90,False,ES_fwd_ret_180,180,signed,-0.004969230726509839,0.004969230726509839,1144534
SPY_minus_SPX_pct_180_per_ESvol,SPY_minus_SPX,180,True,ES_fwd_ret_360,360,signed,0.004955422032667031,0.004955422032667031,1054741
SPY_minus_SPX_pct_20,SPY_minus_SPX,20,False,ES_fwd_up_12,12,binary,-0.004953822209758449,0.004953822209758449,1100824
SPY_pct_90,SPY,90,False,ES_fwd_up_360,360,binary,0.0049525524737990155,0.0049525524737990155,1065251
ES_pct_90,ES,90,False,ES_fwd_up_360,360,binary,0.004952381572503216,0.004952381572503216,1065251
ES_pct_2,ES,2,False,ES_fwd_up_60,60,binary,-0.004940092607230719,0.004940092607230719,1142774
SPX_pct_2,SPX,2,False,ES_fwd_ret_12,12,signed,-0.004934323822778545,0.004934323822778545,1211862
SPY_pct_12_per_ESvol,SPY,12,True,ES_fwd_up_12,12,binary,-0.004925124049267217,0.004925124049267217,1100862
SPX_pct_120,SPX,120,False,ES_fwd_up_12,12,binary,0.004895634742540616,0.004895634742540616,1075994
ES_pct_5,ES,5,False,ES_fwd_ret_120,120,signed,-0.004893002032825396,0.004893002032825396,1182669
ES_minus_SPX_pct_12,ES_minus_SPX,12,False,ES_fwd_up_12,12,binary,-0.0048925853891970544,0.0048925853891970544,1102835
ES_minus_SPX_pct_60,ES_minus_SPX,60,False,ES_fwd_ret_120,120,signed,-0.004891798018054507,0.004891798018054507,1168204
SPY_pct_5,SPY,5,False,ES_fwd_ret_120,120,signed,-0.0048851489432369544,0.0048851489432369544,1182669
SPX_pct_90,SPX,90,False,ES_fwd_up_60,60,binary,-0.00487573769531189,0.00487573769531189,1120379
ES_pct_30,ES,30,False,ES_fwd_up_360,360,binary,-0.004869537349683234,0.004869537349683234,1080665
ES_minus_SPX_pct_90,ES_minus_SPX,90,False,ES_fwd_ret_60,60,signed,-0.004869049489335602,0.004869049489335602,1176094
SPY_minus_SPX_pct_300_per_ESvol,SPY_minus_SPX,300,True,ES_fwd_up_180,180,binary,0.0048670166441064176,0.0048670166441064176,1048944
SPX_pct_3,SPX,3,False,ES_fwd_ret_12,12,signed,-0.0048646609127530535,0.0048646609127530535,1211599
SPY_pct_2,SPY,2,False,ES_fwd_up_60,60,binary,-0.0048578139198129444,0.0048578139198129444,1142774
ES_pct_300,ES,300,False,ES_fwd_up_120,120,binary,-0.004854647809305848,0.004854647809305848,1061711
SPY_pct_30,SPY,30,False,ES_fwd_up_360,360,binary,-0.004847707551216717,0.004847707551216717,1080665
SPX_pct_3,SPX,3,False,ES_fwd_up_180,180,binary,-0.004847444625394751,0.004847444625394751,1127248
ES_minus_SPX_pct_360_per_ESvol,ES_minus_SPX,360,True,ES_fwd_ret_360,360,signed,0.004844370061597865,0.004844370061597865,1008122
SPY_pct_20,SPY,20,False,ES_fwd_ret_12,12,signed,-0.004841600340522858,0.004841600340522858,1207128
ES_pct_20,ES,20,False,ES_fwd_ret_12,12,signed,-0.004810482262178106,0.004810482262178106,1207128
SPY_pct_180_per_ESvol,SPY,180,True,ES_fwd_up_360,360,binary,-0.004800971839305748,0.004800971839305748,1039928
SPY_pct_300,SPY,300,False,ES_fwd_up_120,120,binary,-0.004797081492865481,0.004797081492865481,1061711
SPX_pct_8_per_ESvol,SPX,8,True,ES_fwd_up_12,12,binary,-0.004795310180574218,0.004795310180574218,1101869
ES_minus_SPX_pct_360,ES_minus_SPX,360,False,ES_fwd_up_240,240,binary,0.004789395603585528,0.004789395603585528,1023411
SPY_pct_20_per_ESvol,SPY,20,True,ES_fwd_up_12,12,binary,-0.004761225236124148,0.004761225236124148,1098851
ES_minus_SPX_pct_180_per_ESvol,ES_minus_SPX,180,True,ES_fwd_up_240,240,binary,0.004758105984496859,0.004758105984496859,1067375
SPY_minus_SPX_pct_120,SPY_minus_SPX,120,False,ES_fwd_ret_12,12,signed,-0.004749289589392162,0.004749289589392162,1180828
ES_pct_2,ES,2,False,ES_fwd_ret_60,60,signed,-0.004747245548035717,0.004747245548035717,1199238
SPX_pct_60,SPX,60,False,ES_fwd_ret_360,360,signed,-0.004744071421601467,0.004744071421601467,1105084
ES_minus_SPX_pct_300,ES_minus_SPX,300,False,ES_fwd_up_120,120,binary,0.004739864793973476,0.004739864793973476,1061711
SPY_minus_SPX_pct_240,SPY_minus_SPX,240,False,ES_fwd_ret_240,240,signed,0.004730080745043564,0.004730080745043564,1089304
ES_minus_SPX_pct_180_per_ESvol,ES_minus_SPX,180,True,ES_fwd_ret_240,240,signed,0.004716517318284788,0.004716517318284788,1085789
SPX_pct_5,SPX,5,False,ES_fwd_ret_120,120,signed,-0.004710353172250101,0.004710353172250101,1182669
SPX_pct_2,SPX,2,False,ES_fwd_ret_60,60,signed,-0.004696339773685866,0.004696339773685866,1199238
SPY_minus_SPX_pct_60,SPY_minus_SPX,60,False,ES_fwd_up_180,180,binary,-0.0046825902192073054,0.0046825902192073054,1112660
SPY_pct_2,SPY,2,False,ES_fwd_ret_60,60,signed,-0.0046666245500964635,0.0046666245500964635,1199238
SPY_minus_SPX_pct_12,SPY_minus_SPX,12,False,ES_fwd_up_12,12,binary,-0.004658726209483989,0.004658726209483989,1102835
SPX_pct_30,SPX,30,False,ES_fwd_up_360,360,binary,-0.004647755197282552,0.004647755197282552,1080665
SPY_minus_SPX_pct_360_per_ESvol,SPY_minus_SPX,360,True,ES_fwd_up_60,60,binary,0.004646361856348888,0.004646361856348888,1049541
SPY_minus_SPX_pct_300,SPY_minus_SPX,300,False,ES_fwd_up_360,360,binary,0.004641613206911126,0.004641613206911126,1011251
SPY_pct_3,SPY,3,False,ES_fwd_up_180,180,binary,-0.004631407659423885,0.004631407659423885,1127248
SPX_pct_300_per_ESvol,SPX,300,True,ES_fwd_ret_60,60,signed,-0.004621748546917968,0.004621748546917968,1101317
ES_minus_SPX_pct_120,ES_minus_SPX,120,False,ES_fwd_up_180,180,binary,-0.0046203042939160655,0.0046203042939160655,1097246
ES_pct_60,ES,60,False,ES_fwd_up_240,240,binary,-0.0046133975452743135,0.0046133975452743135,1100397
SPY_minus_SPX_pct_240_per_ESvol,SPY_minus_SPX,240,True,ES_fwd_up_240,240,binary,0.004611425380610056,0.004611425380610056,1051983
SPY_pct_60,SPY,60,False,ES_fwd_up_240,240,binary,-0.004607434595201616,0.004607434595201616,1100397
SPY_pct_3,SPY,3,False,ES_fwd_ret_180,180,signed,-0.004588483992772942,0.004588483992772942,1167415
ES_pct_20,ES,20,False,ES_fwd_up_240,240,binary,-0.0045865955766150775,0.0045865955766150775,1110678
ES_pct_3,ES,3,False,ES_fwd_ret_180,180,signed,-0.0045837303976645144,0.0045837303976645144,1167415
ES_minus_SPX_pct_240_per_ESvol,ES_minus_SPX,240,True,ES_fwd_up_180,180,binary,0.004573368834647799,0.004573368834647799,1064312
SPY_pct_60_per_ESvol,SPY,60,True,ES_fwd_ret_240,240,signed,-0.0045706852205734646,0.0045706852205734646,1116869
ES_pct_180_per_ESvol,ES,180,True,ES_fwd_up_360,360,binary,-0.0045680109474438855,0.0045680109474438855,1039928
SPX_pct_5,SPX,5,False,ES_fwd_up_360,360,binary,-0.0045577709140289385,0.0045577709140289385,1087081
SPX_pct_3,SPX,3,False,ES_fwd_ret_180,180,signed,-0.004550840895369976,0.004550840895369976,1167415
SPY_pct_20,SPY,20,False,ES_fwd_up_240,240,binary,-0.004546336615961982,0.004546336615961982,1110678
SPY_minus_SPX_pct_360_per_ESvol,SPY_minus_SPX,360,True,ES_fwd_ret_360,360,signed,0.004521581385135291,0.004521581385135291,1008122
SPX_pct_360_per_ESvol,SPX,360,True,ES_fwd_ret_60,60,signed,-0.004518853733279042,0.004518853733279042,1085777
ES_minus_SPX_pct_300_per_ESvol,ES_minus_SPX,300,True,ES_fwd_up_60,60,binary,0.004514945864614826,0.004514945864614826,1064789
SPX_pct_12_per_ESvol,SPX,12,True,ES_fwd_up_12,12,binary,-0.004502976376710327,0.004502976376710327,1100862
SPY_pct_120,SPY,120,False,ES_fwd_up_120,120,binary,-0.004494599653758838,0.004494599653758838,1107713
ES_pct_5,ES,5,False,ES_fwd_up_360,360,binary,-0.00448045112602018,0.00448045112602018,1087081
ES_pct_3,ES,3,False,ES_fwd_up_180,180,binary,-0.004466677021417975,0.004466677021417975,1127248
ES_minus_SPX_pct_60,ES_minus_SPX,60,False,ES_fwd_up_180,180,binary,-0.004465038053871597,0.004465038053871597,1112660
SPY_pct_5,SPY,5,False,ES_fwd_up_360,360,binary,-0.004450023510775817,0.004450023510775817,1087081
SPX_pct_60_per_ESvol,SPX,60,True,ES_fwd_ret_240,240,signed,-0.0044446400932433095,0.0044446400932433095,1116869
SPY_pct_300_per_ESvol,SPY,300,True,ES_fwd_ret_60,60,signed,-0.004429727242789207,0.004429727242789207,1101317
ES_minus_SPX_pct_45,ES_minus_SPX,45,False,ES_fwd_ret_120,120,signed,-0.0044267567271183885,0.0044267567271183885,1172149
SPY_pct_120,SPY,120,False,ES_fwd_up_12,12,binary,0.004422755381378538,0.004422755381378538,1075994
SPX_pct_90_per_ESvol,SPX,90,True,ES_fwd_ret_240,240,signed,-0.00441988380253107,0.00441988380253107,1109099
SPY_minus_SPX_pct_30,SPY_minus_SPX,30,False,ES_fwd_ret_240,240,signed,-0.0044057991693212456,0.0044057991693212456,1144534
ES_minus_SPX_pct_60,ES_minus_SPX,60,False,ES_fwd_ret_60,60,signed,-0.004400873475244198,0.004400873475244198,1183984
SPY_minus_SPX_pct_90,SPY_minus_SPX,90,False,ES_fwd_up_120,120,binary,-0.004395916088730287,0.004395916088730287,1115385
ES_pct_120,ES,120,False,ES_fwd_up_120,120,binary,-0.004394901624946212,0.004394901624946212,1107713
SPY_pct_30_per_ESvol,SPY,30,True,ES_fwd_ret_360,360,signed,-0.004391295066225872,0.004391295066225872,1093591
SPY_minus_SPX_pct_60,SPY_minus_SPX,60,False,ES_fwd_ret_60,60,signed,-0.004389743475414726,0.004389743475414726,1183984
ES_pct_60_per_ESvol,ES,60,True,ES_fwd_ret_240,240,signed,-0.0043699515042137154,0.0043699515042137154,1116869
SPY_pct_45_per_ESvol,SPY,45,True,ES_fwd_up_120,120,binary,-0.004354265171929452,0.004354265171929452,1124709
ES_minus_SPX_pct_240_per_ESvol,ES_minus_SPX,240,True,ES_fwd_up_120,120,binary,0.0043474516268556885,0.0043474516268556885,1074869
ES_pct_300_per_ESvol,ES,300,True,ES_fwd_ret_60,60,signed,-0.004347028640320905,0.004347028640320905,1101317
SPY_minus_SPX_pct_240_per_ESvol,SPY_minus_SPX,240,True,ES_fwd_up_180,180,binary,0.004343471590185736,0.004343471590185736,1064312
ES_pct_120,ES,120,False,ES_fwd_up_12,12,binary,0.004341792048428658,0.004341792048428658,1075994
SPX_pct_3,SPX,3,False,ES_fwd_up_120,120,binary,-0.004339660600535691,0.004339660600535691,1137589
ES_minus_SPX_pct_5,ES_minus_SPX,5,False,ES_fwd_up_12,12,binary,-0.00433085019367777,0.00433085019367777,1104594
SPX_pct_30_per_ESvol,SPX,30,True,ES_fwd_ret_360,360,signed,-0.004329356618175518,0.004329356618175518,1093591
SPY_pct_360_per_ESvol,SPY,360,True,ES_fwd_ret_60,60,signed,-0.0043172006990607435,0.0043172006990607435,1085777
SPX_pct_2,SPX,2,False,ES_fwd_up_180,180,binary,-0.004316311877678315,0.004316311877678315,1127502
SPY_pct_90_per_ESvol,SPY,90,True,ES_fwd_ret_240,240,signed,-0.004313749851620983,0.004313749851620983,1109099
SPX_pct_20_per_ESvol,SPX,20,True,ES_fwd_up_12,12,binary,-0.00430125398723081,0.00430125398723081,1098851
SPX_pct_8,SPX,8,False,ES_fwd_ret_12,12,signed,-0.004293397846056505,0.004293397846056505,1210284
SPY_pct_2,SPY,2,False,ES_fwd_up_180,180,binary,-0.0042898383129032465,0.0042898383129032465,1127502
ES_pct_30,ES,30,False,ES_fwd_up_240,240,binary,-0.004284407539104273,0.004284407539104273,1108107
ES_pct_360_per_ESvol,ES,360,True,ES_fwd_ret_60,60,signed,-0.004279844887539597,0.004279844887539597,1085777
SPY_minus_SPX_pct_180_per_ESvol,SPY_minus_SPX,180,True,ES_fwd_up_360,360,binary,0.0042691609769863045,0.0042691609769863045,1039928
SPX_pct_60,SPX,60,False,ES_fwd_up_240,240,binary,-0.0042647520086794375,0.0042647520086794375,1100397
SPY_pct_30,SPY,30,False,ES_fwd_up_240,240,binary,-0.004260321694293712,0.004260321694293712,1108107
SPY_pct_12_per_ESvol,SPY,12,True,ES_fwd_up_60,60,binary,-0.004253557924160057,0.004253557924160057,1138071
SPX_pct_120_per_ESvol,SPX,120,True,ES_fwd_ret_180,180,signed,-0.004242979774184149,0.004242979774184149,1116859
ES_minus_SPX_pct_240_per_ESvol,ES_minus_SPX,240,True,ES_fwd_ret_180,180,signed,0.004238783149880479,0.004238783149880479,1085780
ES_pct_2,ES,2,False,ES_fwd_ret_180,180,signed,-0.004231358010218395,0.004231358010218395,1167678
ES_pct_30_per_ESvol,ES,30,True,ES_fwd_up_12,12,binary,-0.004218771864394977,0.004218771864394977,1096346
SPY_pct_2,SPY,2,False,ES_fwd_ret_180,180,signed,-0.004215458654683519,0.004215458654683519,1167678
ES_pct_45,ES,45,False,ES_fwd_up_240,240,binary,-0.004209929521301395,0.004209929521301395,1104249
SPY_pct_45,SPY,45,False,ES_fwd_up_240,240,binary,-0.004199384965375156,0.004199384965375156,1104249
ES_pct_45_per_ESvol,ES,45,True,ES_fwd_up_120,120,binary,-0.0041971795133092776,0.0041971795133092776,1124709
ES_pct_12,ES,12,False,ES_fwd_up_240,240,binary,-0.00419670202963988,0.00419670202963988,1112731
SPY_pct_12,SPY,12,False,ES_fwd_up_240,240,binary,-0.0041945775096629894,0.0041945775096629894,1112731
ES_pct_30_per_ESvol,ES,30,True,ES_fwd_ret_360,360,signed,-0.004192345242477469,0.004192345242477469,1093591
SPX_pct_20,SPX,20,False,ES_fwd_ret_12,12,signed,-0.004191904492199285,0.004191904492199285,1207128
SPY_minus_SPX_pct_30,SPY_minus_SPX,30,False,ES_fwd_ret_180,180,signed,-0.004188371088302561,0.004188371088302561,1160314
SPX_pct_1,SPX,1,False,ES_fwd_up_60,60,binary,-0.004186847061245671,0.004186847061245671,1143031
ES_minus_SPX_pct_240_per_ESvol,ES_minus_SPX,240,True,ES_fwd_up_60,60,binary,0.004180267324781921,0.004180267324781921,1080039
SPY_minus_SPX_pct_90,SPY_minus_SPX,90,False,ES_fwd_ret_240,240,signed,-0.00417141945916475,0.00417141945916475,1128754
ES_pct_2,ES,2,False,ES_fwd_up_180,180,binary,-0.004166085509182757,0.004166085509182757,1127502
ES_pct_90_per_ESvol,ES,90,True,ES_fwd_ret_240,240,signed,-0.004165937781569338,0.004165937781569338,1109099
ES_minus_SPY_pct_30,ES_minus_SPY,30,False,ES_fwd_up_12,12,binary,-0.004159220904788178,0.004159220904788178,1098319
ES_minus_SPX_pct_3,ES_minus_SPX,3,False,ES_fwd_up_12,12,binary,-0.004158191448151645,0.004158191448151645,1105099
SPY_pct_120_per_ESvol,SPY,120,True,ES_fwd_ret_180,180,signed,-0.004148306668488537,0.004148306668488537,1116859
SPX_pct_8_per_ESvol,SPX,8,True,ES_fwd_up_60,60,binary,-0.004146159724818787,0.004146159724818787,1139102
SPY_minus_SPX_pct_45,SPY_minus_SPX,45,False,ES_fwd_up_180,180,binary,-0.004143795310313819,0.004143795310313819,1116496
SPY_minus_SPX_pct_180,SPY_minus_SPX,180,False,ES_fwd_ret_12,12,signed,-0.004142039246725519,0.004142039246725519,1165048
SPY_minus_SPX_pct_45,SPY_minus_SPX,45,False,ES_fwd_ret_60,60,signed,-0.0041412430532826675,0.0041412430532826675,1187929
SPX_pct_1,SPX,1,False,ES_fwd_ret_60,60,signed,-0.004140236656915413,0.004140236656915413,1199501
ES_minus_SPX_pct_45,ES_minus_SPX,45,False,ES_fwd_ret_60,60,signed,-0.004136722226615463,0.004136722226615463,1187929
SPX_pct_45_per_ESvol,SPX,45,True,ES_fwd_up_120,120,binary,-0.004131735370565627,0.004131735370565627,1124709
SPY_minus_SPX_pct_240,SPY_minus_SPX,240,False,ES_fwd_up_180,180,binary,0.004122667875422611,0.004122667875422611,1066500
SPY_minus_SPX_pct_360,SPY_minus_SPX,360,False,ES_fwd_ret_360,360,signed,-0.004122145160620038,0.004122145160620038,1026184
SPX_pct_2,SPX,2,False,ES_fwd_ret_180,180,signed,-0.004119367196710742,0.004119367196710742,1167678
SPY_pct_8_per_ESvol,SPY,8,True,ES_fwd_up_60,60,binary,-0.004110248097318993,0.004110248097318993,1139102
SPY_pct_1,SPY,1,False,ES_fwd_ret_60,60,signed,-0.004103699328353226,0.004103699328353226,1199501
ES_pct_1,ES,1,False,ES_fwd_ret_60,60,signed,-0.004094075946096876,0.004094075946096876,1199501
ES_minus_SPY_pct_180,ES_minus_SPY,180,False,ES_fwd_up_120,120,binary,0.00408977675216073,0.00408977675216073,1092367
SPY_minus_SPX_pct_360,SPY_minus_SPX,360,False,ES_fwd_up_240,240,binary,0.00407727881116558,0.00407727881116558,1023411
ES_minus_SPX_pct_180,ES_minus_SPX,180,False,ES_fwd_ret_120,120,signed,-0.004067772168398595,0.004067772168398595,1136644
ES_minus_SPX_pct_240,ES_minus_SPX,240,False,ES_fwd_up_360,360,binary,0.0040645442744209155,0.0040645442744209155,1026674
SPY_pct_3,SPY,3,False,ES_fwd_up_120,120,binary,-0.004046651776608362,0.004046651776608362,1137589
ES_minus_SPX_pct_60,ES_minus_SPX,60,False,ES_fwd_ret_240,240,signed,-0.004030364500358983,0.004030364500358983,1136644
ES_pct_12,ES,12,False,ES_fwd_ret_360,360,signed,-0.004025788618467783,0.004025788618467783,1117708
SPY_pct_30_per_ESvol,SPY,30,True,ES_fwd_up_12,12,binary,-0.004012643545314314,0.004012643545314314,1096346
SPX_pct_12,SPX,12,False,ES_fwd_ret_360,360,signed,-0.004008381848093805,0.004008381848093805,1117708
SPY_pct_8,SPY,8,False,ES_fwd_up_240,240,binary,-0.003994417359150423,0.003994417359150423,1113761
SPY_minus_SPX_pct_300,SPY_minus_SPX,300,False,ES_fwd_ret_120,120,signed,0.003991848390231126,0.003991848390231126,1105084
ES_pct_8,ES,8,False,ES_fwd_up_240,240,binary,-0.003991325118514997,0.003991325118514997,1113761
SPY_pct_60_per_ESvol,SPY,60,True,ES_fwd_up_180,180,binary,-0.003981875613445124,0.003981875613445124,1110471
SPY_pct_12,SPY,12,False,ES_fwd_ret_360,360,signed,-0.00396869910800647,0.00396869910800647,1117708
SPY_minus_SPX_pct_180_per_ESvol,SPY_minus_SPX,180,True,ES_fwd_ret_240,240,signed,0.00396591357760321,0.00396591357760321,1085789
ES_pct_120_per_ESvol,ES,120,True,ES_fwd_ret_180,180,signed,-0.003965375017430825,0.003965375017430825,1116859
ES_pct_3,ES,3,False,ES_fwd_up_120,120,binary,-0.003963518726904473,0.003963518726904473,1137589
SPX_pct_20,SPX,20,False,ES_fwd_up_240,240,binary,-0.003961430981581645,0.003961430981581645,1110678
SPX_pct_90,SPX,90,False,ES_fwd_ret_180,180,signed,-0.003952782549523143,0.003952782549523143,1144534
ES_minus_SPX_pct_45,ES_minus_SPX,45,False,ES_fwd_ret_240,240,signed,-0.003930677640128186,0.003930677640128186,1140589
SPY_pct_45_per_ESvol,SPY,45,True,ES_fwd_ret_240,240,signed,-0.003926885910381141,0.003926885910381141,1120754
SPY_pct_8_per_ESvol,SPY,8,True,ES_fwd_up_180,180,binary,-0.003920639249652789,0.003920639249652789,1123778
SPY_minus_SPX_pct_240_per_ESvol,SPY_minus_SPX,240,True,ES_fwd_ret_180,180,signed,0.003910127100421571,0.003910127100421571,1085780
ES_minus_SPY_pct_240,ES_minus_SPY,240,False,ES_fwd_up_360,360,binary,0.003910011815101072,0.003910011815101072,1026674
SPX_pct_30_per_ESvol,SPX,30,True,ES_fwd_up_12,12,binary,-0.003909022725330272,0.003909022725330272,1096346
ES_minus_SPX_pct_180_per_ESvol,ES_minus_SPX,180,True,ES_fwd_ret_180,180,signed,0.0039041835322962655,0.0039041835322962655,1101319
ES_minus_SPY_pct_360,ES_minus_SPY,360,False,ES_fwd_up_360,360,binary,0.0039000420875507347,0.0039000420875507347,995862
SPY_pct_45_per_ESvol,SPY,45,True,ES_fwd_up_180,180,binary,-0.003897025626241018,0.003897025626241018,1114307
SPY_pct_12,SPY,12,False,ES_fwd_ret_12,12,signed,-0.003887713340910549,0.003887713340910549,1209232
SPY_pct_45_per_ESvol,SPY,45,True,ES_fwd_ret_180,180,signed,-0.003885997463260127,0.003885997463260127,1136284
SPX_pct_45_per_ESvol,SPX,45,True,ES_fwd_up_180,180,binary,-0.0038842394229539174,0.0038842394229539174,1114307
SPX_pct_45_per_ESvol,SPX,45,True,ES_fwd_ret_240,240,signed,-0.003880470389551444,0.003880470389551444,1120754
ES_pct_12,ES,12,False,ES_fwd_ret_12,12,signed,-0.0038638262310908282,0.0038638262310908282,1209232
SPY_minus_SPX_pct_5,SPY_minus_SPX,5,False,ES_fwd_up_12,12,binary,-0.0038633845851708897,0.0038633845851708897,1104594
SPX_pct_3,SPX,3,False,ES_fwd_up_360,360,binary,-0.0038576385665821645,0.0038576385665821645,1087592
ES_minus_SPX_pct_30,ES_minus_SPX,30,False,ES_fwd_ret_240,240,signed,-0.0038469079298575795,0.0038469079298575795,1144534
ES_minus_SPX_pct_300_per_ESvol,ES_minus_SPX,300,True,ES_fwd_up_120,120,binary,0.003842519390247629,0.003842519390247629,1059541
SPY_pct_1,SPY,1,False,ES_fwd_up_60,60,binary,-0.0038398632405014597,0.0038398632405014597,1143031
SPX_pct_120,SPX,120,False,ES_fwd_up_120,120,binary,-0.0038377129296077034,0.0038377129296077034,1107713
SPX_pct_12_per_ESvol,SPX,12,True,ES_fwd_up_60,60,binary,-0.00383270036106036,0.00383270036106036,1138071
ES_pct_1,ES,1,False,ES_fwd_up_60,60,binary,-0.003830613762070534,0.003830613762070534,1143031
ES_minus_SPX_pct_360_per_ESvol,ES_minus_SPX,360,True,ES_fwd_ret_120,120,signed,0.0038297581905264886,0.0038297581905264886,1070237
ES_pct_8_per_ESvol,ES,8,True,ES_fwd_up_60,60,binary,-0.0038251173672535503,0.0038251173672535503,1139102
ES_minus_SPX_pct_45,ES_minus_SPX,45,False,ES_fwd_up_180,180,binary,-0.0038147491715117463,0.0038147491715117463,1116496
SPX_pct_12,SPX,12,False,ES_fwd_up_240,240,binary,-0.0038125329080917155,0.0038125329080917155,1112731
SPY_pct_3,SPY,3,False,ES_fwd_ret_120,120,signed,-0.0037994387029541958,0.0037994387029541958,1183195
ES_pct_12_per_ESvol,ES,12,True,ES_fwd_up_60,60,binary,-0.003795429525859457,0.003795429525859457,1138071
ES_pct_45_per_ESvol,ES,45,True,ES_fwd_up_180,180,binary,-0.0037924631962058053,0.0037924631962058053,1114307
SPY_pct_20_per_ESvol,SPY,20,True,ES_fwd_up_180,180,binary,-0.0037901692217663947,0.0037901692217663947,1120694
ES_minus_SPX_pct_180_per_ESvol,ES_minus_SPX,180,True,ES_fwd_up_180,180,binary,0.0037873416131491804,0.0037873416131491804,1079711
SPX_pct_45,SPX,45,False,ES_fwd_up_240,240,binary,-0.003782083892629094,0.003782083892629094,1104249
ES_minus_SPX_pct_120_per_ESvol,ES_minus_SPX,120,True,ES_fwd_up_240,240,binary,0.003780176582359236,0.003780176582359236,1082804
ES_pct_60_per_ESvol,ES,60,True,ES_fwd_up_180,180,binary,-0.003779393411947255,0.003779393411947255,1110471
ES_pct_3,ES,3,False,ES_fwd_ret_120,120,signed,-0.003774522271253174,0.003774522271253174,1183195
ES_pct_180_per_ESvol,ES,180,True,ES_fwd_ret_60,60,signed,-0.003771056123053707,0.003771056123053707,1132396
SPY_minus_SPX_pct_30,SPY_minus_SPX,30,False,ES_fwd_ret_120,120,signed,-0.003767104827467015,0.003767104827467015,1176094
SPY_pct_180_per_ESvol,SPY,180,True,ES_fwd_ret_60,60,signed,-0.003761951099835537,0.003761951099835537,1132396
SPY_minus_SPX_pct_20,SPY_minus_SPX,20,False,ES_fwd_ret_240,240,signed,-0.003760886271461036,0.003760886271461036,1147164
SPY_pct_60_per_ESvol,SPY,60,True,ES_fwd_ret_180,180,signed,-0.003760659231702801,0.003760659231702801,1132399
ES_minus_SPX_pct_30,ES_minus_SPX,30,False,ES_fwd_ret_180,180,signed,-0.0037591592885237593,0.0037591592885237593,1160314
ES_pct_45_per_ESvol,ES,45,True,ES_fwd_ret_180,180,signed,-0.0037423886828641625,0.0037423886828641625,1136284
SPX_pct_30,SPX,30,False,ES_fwd_up_240,240,binary,-0.003741886842756332,0.003741886842756332,1108107
SPY_minus_SPX_pct_360_per_ESvol,SPY_minus_SPX,360,True,ES_fwd_up_120,120,binary,0.003716356046758511,0.003716356046758511,1044234
SPY_pct_5,SPY,5,False,ES_fwd_up_240,240,binary,-0.003711044387650029,0.003711044387650029,1114535
SPY_minus_SPX_pct_240_per_ESvol,SPY_minus_SPX,240,True,ES_fwd_up_120,120,binary,0.0036932020798188837,0.0036932020798188837,1074869
ES_minus_SPX_pct_2,ES_minus_SPX,2,False,ES_fwd_up_12,12,binary,-0.00369102943221277,0.00369102943221277,1105354
ES_pct_45_per_ESvol,ES,45,True,ES_fwd_ret_240,240,signed,-0.0036907959023353893,0.0036907959023353893,1120754
ES_pct_5,ES,5,False,ES_fwd_up_240,240,binary,-0.0036811514767528895,0.0036811514767528895,1114535
SPX_pct_240_per_ESvol,SPX,240,True,ES_fwd_ret_60,60,signed,-0.003677946283547075,0.003677946283547075,1116857
SPX_pct_180_per_ESvol,SPX,180,True,ES_fwd_ret_60,60,signed,-0.0036759537762436284,0.0036759537762436284,1132396
SPX_pct_3,SPX,3,False,ES_fwd_ret_120,120,signed,-0.003672453866488109,0.003672453866488109,1183195
SPY_pct_20_per_ESvol,SPY,20,True,ES_fwd_up_60,60,binary,-0.0036716762606464406,0.0036716762606464406,1136034
SPY_pct_90_per_ESvol,SPY,90,True,ES_fwd_ret_180,180,signed,-0.0036679571625234542,0.0036679571625234542,1124629
ES_pct_20_per_ESvol,ES,20,True,ES_fwd_up_180,180,binary,-0.003659325694426929,0.003659325694426929,1120694
SPY_minus_SPX_pct_360_per_ESvol,SPY_minus_SPX,360,True,ES_fwd_ret_120,120,signed,0.0036555159456928715,0.0036555159456928715,1070237
SPY_minus_SPX_pct_3,SPY_minus_SPX,3,False,ES_fwd_up_12,12,binary,-0.00365358877494223,0.00365358877494223,1105099
SPX_pct_45_per_ESvol,SPX,45,True,ES_fwd_ret_180,180,signed,-0.0036484861338685146,0.0036484861338685146,1136284
SPX_pct_8,SPX,8,False,ES_fwd_up_240,240,binary,-0.0036463464173914556,0.0036463464173914556,1113761
ES_minus_SPX_pct_90,ES_minus_SPX,90,False,ES_fwd_up_120,120,binary,-0.0036421934165683624,0.0036421934165683624,1115385
SPY_pct_3,SPY,3,False,ES_fwd_up_360,360,binary,-0.003637824658506838,0.003637824658506838,1087592
ES_minus_SPX_pct_30,ES_minus_SPX,30,False,ES_fwd_ret_120,120,signed,-0.003627186187975901,0.003627186187975901,1176094
SPY_minus_SPX_pct_240_per_ESvol,SPY_minus_SPX,240,True,ES_fwd_up_60,60,binary,0.003626369702194669,0.003626369702194669,1080039
SPY_pct_1,SPY,1,False,ES_fwd_up_180,180,binary,-0.0036228257065866703,0.0036228257065866703,1127757
SPY_minus_SPX_pct_120_per_ESvol,SPY_minus_SPX,120,True,ES_fwd_up_240,240,binary,0.0036215122042998742,0.0036215122042998742,1082804
SPX_pct_360,SPX,360,False,ES_fwd_up_12,12,binary,0.0036139365924194354,0.0036139365924194354,1016544
ES_pct_60_per_ESvol,ES,60,True,ES_fwd_ret_180,180,signed,-0.003608427641576666,0.003608427641576666,1132399
SPY_minus_SPX_pct_90,SPY_minus_SPX,90,False,ES_fwd_ret_12,12,signed,-0.003606680052579134,0.003606680052579134,1188718
ES_pct_3,ES,3,False,ES_fwd_up_360,360,binary,-0.00360585851295705,0.00360585851295705,1087592
SPX_pct_2,SPX,2,False,ES_fwd_up_360,360,binary,-0.0035930672555928027,0.0035930672555928027,1087847
ES_pct_20_per_ESvol,ES,20,True,ES_fwd_up_60,60,binary,-0.0035918300986394294,0.0035918300986394294,1136034
SPY_pct_1,SPY,1,False,ES_fwd_ret_180,180,signed,-0.0035858932126639487,0.0035858932126639487,1167941
SPY_pct_60_per_ESvol,SPY,60,True,ES_fwd_up_120,120,binary,-0.003585860707026844,0.003585860707026844,1120869
SPX_pct_1,SPX,1,False,ES_fwd_up_180,180,binary,-0.003584819137851902,0.003584819137851902,1127757
SPY_minus_SPX_pct_180_per_ESvol,SPY_minus_SPX,180,True,ES_fwd_up_240,240,binary,0.0035837127867853636,0.0035837127867853636,1067375
SPX_pct_1,SPX,1,False,ES_fwd_ret_180,180,signed,-0.0035702287124077365,0.0035702287124077365,1167941
SPY_pct_360,SPY,360,False,ES_fwd_up_12,12,binary,0.0035654490456763915,0.0035654490456763915,1016544
ES_pct_1,ES,1,False,ES_fwd_ret_180,180,signed,-0.003557505296058669,0.003557505296058669,1167941
ES_pct_90_per_ESvol,ES,90,True,ES_fwd_ret_180,180,signed,-0.0035531067125148213,0.0035531067125148213,1124629
SPY_pct_240_per_ESvol,SPY,240,True,ES_fwd_ret_60,60,signed,-0.0035464699137244572,0.0035464699137244572,1116857
SPY_pct_2,SPY,2,False,ES_fwd_ret_120,120,signed,-0.003529781919205187,0.003529781919205187,1183458
SPX_pct_2,SPX,2,False,ES_fwd_up_120,120,binary,-0.0035242574070201782,0.0035242574070201782,1137842
ES_minus_SPY_pct_300,ES_minus_SPY,300,False,ES_fwd_up_120,120,binary,-0.0035222853963970567,0.0035222853963970567,1061711
ES_pct_8_per_ESvol,ES,8,True,ES_fwd_up_180,180,binary,-0.0035195718405726987,0.0035195718405726987,1123778
SPX_pct_180,SPX,180,False,ES_fwd_up_12,12,binary,0.003518692766453093,0.003518692766453093,1061080
ES_minus_SPX_pct_120,ES_minus_SPX,120,False,ES_fwd_ret_12,12,signed,-0.0035169765467928144,0.0035169765467928144,1180828
ES_pct_2,ES,2,False,ES_fwd_ret_120,120,signed,-0.0035154709559247596,0.0035154709559247596,1183458
SPX_pct_60_per_ESvol,SPX,60,True,ES_fwd_up_180,180,binary,-0.0035133442930458834,0.0035133442930458834,1110471
ES_pct_240_per_ESvol,ES,240,True,ES_fwd_ret_60,60,signed,-0.003506352539607209,0.003506352539607209,1116857
SPY_minus_SPX_pct_300,SPY_minus_SPX,300,False,ES_fwd_ret_180,180,signed,0.003501981241784607,0.003501981241784607,1089304
ES_pct_360,ES,360,False,ES_fwd_up_12,12,binary,0.0035006912554705017,0.0035006912554705017,1016544
SPX_pct_90_per_ESvol,SPX,90,True,ES_fwd_ret_180,180,signed,-0.0034867319609667297,0.0034867319609667297,1124629
ES_pct_45_per_ESvol,ES,45,True,ES_fwd_ret_12,12,signed,-0.0034805790230129593,0.0034805790230129593,1179793
ES_minus_SPX_pct_300_per_ESvol,ES_minus_SPX,300,True,ES_fwd_ret_120,120,signed,0.003479959602246018,0.003479959602246018,1085777
SPY_minus_SPX_pct_360,SPY_minus_SPX,360,False,ES_fwd_up_60,60,binary,0.0034706130907561188,0.0034706130907561188,1051677
ES_minus_SPX_pct_300,ES_minus_SPX,300,False,ES_fwd_ret_240,240,signed,0.0034685719198600945,0.0034685719198600945,1073524
ES_minus_SPY_pct_180,ES_minus_SPY,180,False,ES_fwd_up_360,360,binary,0.003452430823399366,0.003452430823399366,1042095
ES_minus_SPX_pct_45,ES_minus_SPX,45,False,ES_fwd_up_60,60,binary,-0.003446542058319704,0.003446542058319704,1131801
ES_pct_300,ES,300,False,ES_fwd_ret_12,12,signed,-0.003444310789016959,0.003444310789016959,1133488
SPY_minus_SPX_pct_20,SPY_minus_SPX,20,False,ES_fwd_ret_12,12,signed,-0.0034260477326313286,0.0034260477326313286,1207128
SPX_pct_20_per_ESvol,SPX,20,True,ES_fwd_up_180,180,binary,-0.003425499347925331,0.003425499347925331,1120694
SPY_pct_3,SPY,3,False,ES_fwd_up_240,240,binary,-0.003422280136443735,0.003422280136443735,1115047
ES_minus_SPX_pct_360,ES_minus_SPX,360,False,ES_fwd_up_180,180,binary,0.0034109237817321857,0.0034109237817321857,1035767
ES_pct_60_per_ESvol,ES,60,True,ES_fwd_up_120,120,binary,-0.003405231950168147,0.003405231950168147,1120869
ES_pct_1,ES,1,False,ES_fwd_up_180,180,binary,-0.0034038911240602404,0.0034038911240602404,1127757
SPY_pct_45_per_ESvol,SPY,45,True,ES_fwd_ret_12,12,signed,-0.003402154902679001,0.003402154902679001,1179793
SPY_minus_SPX_pct_180,SPY_minus_SPX,180,False,ES_fwd_ret_180,180,signed,-0.0033896654253665927,0.0033896654253665927,1120864
SPY_pct_2,SPY,2,False,ES_fwd_up_120,120,binary,-0.0033848981664838253,0.0033848981664838253,1137842
SPX_pct_8,SPX,8,False,ES_fwd_ret_360,360,signed,-0.0033804814396265663,0.0033804814396265663,1118760
SPY_pct_300,SPY,300,False,ES_fwd_ret_12,12,signed,-0.0033760634665931126,0.0033760634665931126,1133488
ES_minus_SPX_pct_60_per_ESvol,ES_minus_SPX,60,True,ES_fwd_ret_120,120,signed,-0.003374336118681744,0.003374336118681744,1147936
SPX_pct_300,SPX,300,False,ES_fwd_ret_12,12,signed,-0.0033696284594652575,0.0033696284594652575,1133488
ES_minus_SPX_pct_300,ES_minus_SPX,300,False,ES_fwd_up_12,12,binary,-0.003363747492317624,0.003363747492317624,1031310
SPY_minus_SPX_pct_60_per_ESvol,SPY_minus_SPX,60,True,ES_fwd_ret_120,120,signed,-0.003363273005562589,0.003363273005562589,1147936
ES_pct_60_per_ESvol,ES,60,True,ES_fwd_ret_12,12,signed,-0.003362653031541474,0.003362653031541474,1175908
SPY_pct_8_per_ESvol,SPY,8,True,ES_fwd_up_120,120,binary,-0.003359136612765126,0.003359136612765126,1134142
ES_pct_3,ES,3,False,ES_fwd_up_240,240,binary,-0.0033590989842263606,0.0033590989842263606,1115047
SPX_pct_8_per_ESvol,SPX,8,True,ES_fwd_up_180,180,binary,-0.0033508473268179214,0.0033508473268179214,1123778
SPX_pct_60_per_ESvol,SPX,60,True,ES_fwd_ret_180,180,signed,-0.00334196988295187,0.00334196988295187,1132399
SPX_pct_5,SPX,5,False,ES_fwd_up_240,240,binary,-0.0033405746642454623,0.0033405746642454623,1114535
ES_pct_8,ES,8,False,ES_fwd_ret_360,360,signed,-0.003339445972163558,0.003339445972163558,1118760
ES_minus_SPX_pct_20,ES_minus_SPX,20,False,ES_fwd_ret_240,240,signed,-0.0033373327470542754,0.0033373327470542754,1147164
ES_minus_SPY_pct_360_per_ESvol,ES_minus_SPY,360,True,ES_fwd_up_120,120,binary,0.0033351472200761003,0.0033351472200761003,1044234
SPY_pct_12_per_ESvol,SPY,12,True,ES_fwd_ret_360,360,signed,-0.0033321642025518476,0.0033321642025518476,1098253
ES_pct_2,ES,2,False,ES_fwd_up_120,120,binary,-0.00332932983781355,0.00332932983781355,1137842
SPY_minus_SPX_pct_120,SPY_minus_SPX,120,False,ES_fwd_up_360,360,binary,-0.003319965144830013,0.003319965144830013,1057526
SPX_pct_2,SPX,2,False,ES_fwd_ret_120,120,signed,-0.003317721898531583,0.003317721898531583,1183458
SPY_pct_2,SPY,2,False,ES_fwd_up_360,360,binary,-0.0033166639568604083,0.0033166639568604083,1087847
SPX_pct_20_per_ESvol,SPX,20,True,ES_fwd_up_60,60,binary,-0.0033088478435579372,0.0033088478435579372,1136034
SPY_pct_8,SPY,8,False,ES_fwd_ret_360,360,signed,-0.0033071888635654778,0.0033071888635654778,1118760
ES_pct_2,ES,2,False,ES_fwd_up_360,360,binary,-0.0033054615467416172,0.0033054615467416172,1087847
SPX_pct_12,SPX,12,False,ES_fwd_ret_12,12,signed,-0.0032942768252236083,0.0032942768252236083,1209232
ES_minus_SPY_pct_360,ES_minus_SPY,360,False,ES_fwd_up_60,60,binary,-0.003287887567269364,0.003287887567269364,1051677
SPX_pct_20_per_ESvol,SPX,20,True,ES_fwd_ret_360,360,signed,-0.0032845186928313562,0.0032845186928313562,1096181
SPY_minus_SPX_pct_240,SPY_minus_SPX,240,False,ES_fwd_ret_60,60,signed,-0.00327857890359722,0.00327857890359722,1136644
ES_minus_SPX_pct_120,ES_minus_SPX,120,False,ES_fwd_up_60,60,binary,-0.0032714974648197447,0.0032714974648197447,1112751
ES_minus_SPX_pct_60_per_ESvol,ES_minus_SPX,60,True,ES_fwd_ret_60,60,signed,-0.0032548966606761047,0.0032548966606761047,1163476
SPX_pct_1,SPX,1,False,ES_fwd_up_120,120,binary,-0.0032477019292609416,0.0032477019292609416,1138098
SPX_pct_5_per_ESvol,SPX,5,True,ES_fwd_up_60,60,binary,-0.003243038569432685,0.003243038569432685,1139870
SPX_pct_12_per_ESvol,SPX,12,True,ES_fwd_ret_360,360,signed,-0.003220031667427973,0.003220031667427973,1098253
SPX_pct_45_per_ESvol,SPX,45,True,ES_fwd_ret_12,12,signed,-0.0032195109206705854,0.0032195109206705854,1179793
SPY_minus_SPX_pct_120_per_ESvol,SPY_minus_SPX,120,True,ES_fwd_ret_360,360,signed,0.0032154293466960283,0.0032154293466960283,1070281
SPY_pct_60_per_ESvol,SPY,60,True,ES_fwd_ret_12,12,signed,-0.0032152850641516254,0.0032152850641516254,1175908
SPY_pct_20_per_ESvol,SPY,20,True,ES_fwd_ret_360,360,signed,-0.003214492294620215,0.003214492294620215,1096181
ES_minus_SPX_pct_240,ES_minus_SPX,240,False,ES_fwd_up_180,180,binary,0.003206768896720189,0.003206768896720189,1066500
ES_minus_SPX_pct_30,ES_minus_SPX,30,False,ES_fwd_up_240,240,binary,-0.0032066730937486687,0.0032066730937486687,1108107
ES_minus_SPX_pct_20,ES_minus_SPX,20,False,ES_fwd_up_240,240,binary,-0.0032049594572345266,0.0032049594572345266,1110678
SPY_pct_30_per_ESvol,SPY,30,True,ES_fwd_ret_240,240,signed,-0.0031981589856713184,0.0031981589856713184,1124639
ES_minus_SPX_pct_30,ES_minus_SPX,30,False,ES_fwd_ret_60,60,signed,-0.0031928815548827993,0.0031928815548827993,1191874
SPX_pct_60_per_ESvol,SPX,60,True,ES_fwd_up_120,120,binary,-0.0031830428517797046,0.0031830428517797046,1120869
SPX_pct_8_per_ESvol,SPX,8,True,ES_fwd_ret_60,60,signed,-0.003179112048119261,0.003179112048119261,1176944
SPX_pct_45_per_ESvol,SPX,45,True,ES_fwd_up_360,360,binary,-0.0031783684926027086,0.0031783684926027086,1074658
SPY_minus_SPX_pct_300_per_ESvol,SPY_minus_SPX,300,True,ES_fwd_ret_120,120,signed,0.0031777112728465693,0.0031777112728465693,1085777
ES_minus_SPX_pct_180_per_ESvol,ES_minus_SPX,180,True,ES_fwd_up_120,120,binary,0.003175913517604119,0.003175913517604119,1090196
SPX_pct_240,SPX,240,False,ES_fwd_up_180,180,binary,-0.0031745312557437087,0.0031745312557437087,1066500
SPY_minus_SPX_pct_300_per_ESvol,SPY_minus_SPX,300,True,ES_fwd_up_60,60,binary,0.0031702814416028255,0.0031702814416028255,1064789
SPY_pct_12_per_ESvol,SPY,12,True,ES_fwd_ret_60,60,signed,-0.003169795450690625,0.003169795450690625,1175908
SPY_pct_12_per_ESvol,SPY,12,True,ES_fwd_up_180,180,binary,-0.0031604701741899796,0.0031604701741899796,1122751
ES_minus_SPX_pct_240,ES_minus_SPX,240,False,ES_fwd_ret_12,12,signed,-0.00316003209958901,0.00316003209958901,1149268
SPY_pct_1,SPY,1,False,ES_fwd_ret_120,120,signed,-0.0031440593900867904,0.0031440593900867904,1183721
SPY_minus_SPX_pct_30,SPY_minus_SPX,30,False,ES_fwd_up_240,240,binary,-0.0031414138983042756,0.0031414138983042756,1108107
SPX_pct_1,SPX,1,False,ES_fwd_ret_120,120,signed,-0.003140753722994155,0.003140753722994155,1183721
SPY_pct_45_per_ESvol,SPY,45,True,ES_fwd_up_60,60,binary,-0.003136327282255136,0.003136327282255136,1129664
ES_pct_45_per_ESvol,ES,45,True,ES_fwd_up_60,60,binary,-0.0031278931725258444,0.0031278931725258444,1129664
SPY_minus_SPX_pct_20,SPY_minus_SPX,20,False,ES_fwd_ret_180,180,signed,-0.0031262738796661205,0.0031262738796661205,1162944
ES_minus_SPX_pct_30,ES_minus_SPX,30,False,ES_fwd_up_60,60,binary,-0.0031253107166402255,0.0031253107166402255,1135617
SPX_pct_8_per_ESvol,SPX,8,True,ES_fwd_up_120,120,binary,-0.003122988831203429,0.003122988831203429,1134142
SPY_minus_SPX_pct_2,SPY_minus_SPX,2,False,ES_fwd_up_12,12,binary,-0.003121670858609697,0.003121670858609697,1105354
ES_minus_SPY_pct_360_per_ESvol,ES_minus_SPY,360,True,ES_fwd_up_240,240,binary,0.0031137065986526404,0.0031137065986526404,1021217
SPY_pct_45_per_ESvol,SPY,45,True,ES_fwd_up_360,360,binary,-0.0031124910418040435,0.0031124910418040435,1074658
ES_minus_SPX_pct_120_per_ESvol,ES_minus_SPX,120,True,ES_fwd_ret_360,360,signed,0.003105478043470247,0.003105478043470247,1070281
SPX_pct_1,SPX,1,False,ES_fwd_up_360,360,binary,-0.0031011454549321658,0.0031011454549321658,1088106
SPY_minus_SPX_pct_300,SPY_minus_SPX,300,False,ES_fwd_up_12,12,binary,-0.003094247362748991,0.003094247362748991,1031310
ES_minus_SPY_pct_300_per_ESvol,ES_minus_SPY,300,True,ES_fwd_up_60,60,binary,0.0030887892053561915,0.0030887892053561915,1064789
ES_pct_240,ES,240,False,ES_fwd_ret_12,12,signed,-0.0030870034979305484,0.0030870034979305484,1149268
ES_pct_1,ES,1,False,ES_fwd_ret_120,120,signed,-0.003086319961515771,0.003086319961515771,1183721
SPY_pct_120_per_ESvol,SPY,120,True,ES_fwd_ret_120,120,signed,-0.003086231911289343,0.003086231911289343,1132396
SPY_minus_SPX_pct_8,SPY_minus_SPX,8,False,ES_fwd_ret_12,12,signed,-0.0030845317565377475,0.0030845317565377475,1210284
SPY_pct_120,SPY,120,False,ES_fwd_up_180,180,binary,-0.003083309906725897,0.003083309906725897,1097246
ES_minus_SPX_pct_45_per_ESvol,ES_minus_SPX,45,True,ES_fwd_up_12,12,binary,-0.0030813341034774885,0.0030813341034774885,1092638
ES_pct_45_per_ESvol,ES,45,True,ES_fwd_up_12,12,binary,-0.003080385670808387,0.003080385670808387,1092638
SPY_minus_SPX_pct_20,SPY_minus_SPX,20,False,ES_fwd_up_240,240,binary,-0.0030776058984522017,0.0030776058984522017,1110678
SPX_pct_360_per_ESvol,SPX,360,True,ES_fwd_up_240,240,binary,-0.0030751939605109606,0.0030751939605109606,1021217
ES_pct_5_per_ESvol,ES,5,True,ES_fwd_up_12,12,binary,-0.0030744619854370255,0.0030744619854370255,1102621
SPY_pct_180,SPY,180,False,ES_fwd_up_12,12,binary,0.003061294594343409,0.003061294594343409,1061080
SPY_pct_8_per_ESvol,SPY,8,True,ES_fwd_ret_360,360,signed,-0.0030545163063001035,0.0030545163063001035,1099289
ES_minus_SPY_pct_180_per_ESvol,ES_minus_SPY,180,True,ES_fwd_up_120,120,binary,0.003050179651641735,0.003050179651641735,1090196
ES_pct_8_per_ESvol,ES,8,True,ES_fwd_up_120,120,binary,-0.0030495246518157286,0.0030495246518157286,1134142
SPY_pct_240,SPY,240,False,ES_fwd_ret_12,12,signed,-0.003047537400984616,0.003047537400984616,1149268
ES_pct_180,ES,180,False,ES_fwd_up_12,12,binary,0.00304126042112648,0.00304126042112648,1061080
SPX_pct_30_per_ESvol,SPX,30,True,ES_fwd_up_360,360,binary,-0.00303872074776909,0.00303872074776909,1078498
ES_pct_30_per_ESvol,ES,30,True,ES_fwd_ret_240,240,signed,-0.003035874234231375,0.003035874234231375,1124639
ES_minus_SPX_pct_120_per_ESvol,ES_minus_SPX,120,True,ES_fwd_ret_240,240,signed,0.0030335568477212163,0.0030335568477212163,1101329
SPX_pct_3,SPX,3,False,ES_fwd_up_240,240,binary,-0.0030325341545552977,0.0030325341545552977,1115047
ES_pct_12_per_ESvol,ES,12,True,ES_fwd_ret_360,360,signed,-0.0030211092720665647,0.0030211092720665647,1098253
SPY_pct_2,SPY,2,False,ES_fwd_up_240,240,binary,-0.003009663656146219,0.003009663656146219,1115303
SPX_pct_8_per_ESvol,SPX,8,True,ES_fwd_ret_360,360,signed,-0.003002396147751203,0.003002396147751203,1099289
ES_pct_120,ES,120,False,ES_fwd_up_180,180,binary,-0.002998943088801312,0.002998943088801312,1097246
ES_pct_20_per_ESvol,ES,20,True,ES_fwd_ret_360,360,signed,-0.0029973739685824033,0.0029973739685824033,1096181
SPY_minus_SPX_pct_180_per_ESvol,SPY_minus_SPX,180,True,ES_fwd_ret_180,180,signed,0.0029968134362331022,0.0029968134362331022,1101319
SPY_minus_SPX_pct_300_per_ESvol,SPY_minus_SPX,300,True,ES_fwd_up_120,120,binary,0.0029943179779976046,0.0029943179779976046,1059541
ES_pct_120_per_ESvol,ES,120,True,ES_fwd_ret_120,120,signed,-0.0029917296126339794,0.0029917296126339794,1132396
ES_pct_2,ES,2,False,ES_fwd_up_240,240,binary,-0.0029850720131983643,0.0029850720131983643,1115303
ES_minus_SPX_pct_90,ES_minus_SPX,90,False,ES_fwd_ret_12,12,signed,-0.002981500842158593,0.002981500842158593,1188718
ES_minus_SPY_pct_360_per_ESvol,ES_minus_SPY,360,True,ES_fwd_up_60,60,binary,0.00297938492379464,0.00297938492379464,1049541
SPY_pct_30_per_ESvol,SPY,30,True,ES_fwd_ret_180,180,signed,-0.0029755943371361977,0.0029755943371361977,1140169
ES_pct_300,ES,300,False,ES_fwd_ret_180,180,signed,0.002974099694274163,0.002974099694274163,1089304
SPY_minus_SPX_pct_180_per_ESvol,SPY_minus_SPX,180,True,ES_fwd_up_180,180,binary,0.0029690691359395577,0.0029690691359395577,1079711
ES_minus_SPX_pct_8,ES_minus_SPX,8,False,ES_fwd_ret_12,12,signed,-0.0029647128901829174,0.0029647128901829174,1210284
SPX_pct_60_per_ESvol,SPX,60,True,ES_fwd_ret_12,12,signed,-0.0029639637981612272,0.0029639637981612272,1175908
ES_pct_240,ES,240,False,ES_fwd_up_180,180,binary,-0.002958718099952294,0.002958718099952294,1066500
ES_minus_SPX_pct_20,ES_minus_SPX,20,False,ES_fwd_up_60,60,binary,-0.002958408350025988,0.002958408350025988,1138171
SPX_pct_120_per_ESvol,SPX,120,True,ES_fwd_ret_120,120,signed,-0.002958041490515972,0.002958041490515972,1132396
ES_minus_SPX_pct_45,ES_minus_SPX,45,False,ES_fwd_up_240,240,binary,-0.002949005431123178,0.002949005431123178,1104249
SPX_pct_12_per_ESvol,SPX,12,True,ES_fwd_ret_60,60,signed,-0.0029470966504020115,0.0029470966504020115,1175908
SPY_pct_300,SPY,300,False,ES_fwd_ret_180,180,signed,0.0029460130225433595,0.0029460130225433595,1089304
ES_minus_SPX_pct_20,ES_minus_SPX,20,False,ES_fwd_ret_180,180,signed,-0.002941452531597486,0.002941452531597486,1162944
SPY_minus_SPX_pct_90_per_ESvol,SPY_minus_SPX,90,True,ES_fwd_up_180,180,binary,-0.0029411486768919017,0.0029411486768919017,1102764
ES_minus_SPX_pct_45_per_ESvol,ES_minus_SPX,45,True,ES_fwd_ret_60,60,signed,-0.0029401116481840655,0.0029401116481840655,1167361
ES_pct_30_per_ESvol,ES,30,True,ES_fwd_up_60,60,binary,-0.002938884115846687,0.002938884115846687,1133480
SPY_pct_30_per_ESvol,SPY,30,True,ES_fwd_up_360,360,binary,-0.00293829263459696,0.00293829263459696,1078498
ES_pct_12_per_ESvol,ES,12,True,ES_fwd_ret_60,60,signed,-0.002935989195653025,0.002935989195653025,1175908
SPY_minus_SPX_pct_45,SPY_minus_SPX,45,False,ES_fwd_up_240,240,binary,-0.0029304434228195064,0.0029304434228195064,1104249
SPY_pct_240,SPY,240,False,ES_fwd_up_180,180,binary,-0.0029289009311061565,0.0029289009311061565,1066500
ES_pct_45_per_ESvol,ES,45,True,ES_fwd_up_360,360,binary,-0.0029285757894421467,0.0029285757894421467,1074658
SPX_pct_5,SPX,5,False,ES_fwd_ret_360,360,signed,-0.0029240875942269868,0.0029240875942269868,1119549
ES_minus_SPX_pct_90,ES_minus_SPX,90,False,ES_fwd_ret_240,240,signed,-0.0029134252164593794,0.0029134252164593794,1128754
SPX_pct_30_per_ESvol,SPX,30,True,ES_fwd_ret_240,240,signed,-0.0029128809938199613,0.0029128809938199613,1124639
ES_pct_30_per_ESvol,ES,30,True,ES_fwd_ret_180,180,signed,-0.002903642872906758,0.002903642872906758,1140169
SPY_pct_8_per_ESvol,SPY,8,True,ES_fwd_ret_60,60,signed,-0.0029031797704956977,0.0029031797704956977,1176944
ES_pct_12,ES,12,False,ES_fwd_ret_240,240,signed,-0.0028959250089611753,0.0028959250089611753,1149268
SPY_minus_SPX_pct_20,SPY_minus_SPX,20,False,ES_fwd_ret_120,120,signed,-0.002895807283570936,0.002895807283570936,1178724
SPX_pct_360_per_ESvol,SPX,360,True,ES_fwd_ret_12,12,signed,-0.0028881394276735178,0.0028881394276735178,1098209
ES_pct_45,ES,45,False,ES_fwd_up_360,360,binary,-0.0028878619823503463,0.0028878619823503463,1076825
SPY_pct_12_per_ESvol,SPY,12,True,ES_fwd_up_120,120,binary,-0.00288726447030478,0.00288726447030478,1133127
SPY_pct_180,SPY,180,False,ES_fwd_up_180,180,binary,-0.0028789197118304546,0.0028789197118304546,1081900
SPY_minus_SPX_pct_360_per_ESvol,SPY_minus_SPX,360,True,ES_fwd_ret_60,60,signed,0.002870527415888107,0.002870527415888107,1085777
ES_pct_12_per_ESvol,ES,12,True,ES_fwd_up_180,180,binary,-0.0028693294528389945,0.0028693294528389945,1122751
ES_pct_1_per_ESvol,ES,1,True,ES_fwd_up_12,12,binary,-0.0028651225323746738,0.0028651225323746738,1103634
SPY_pct_1_per_ESvol,SPY,1,True,ES_fwd_up_12,12,binary,-0.002862939171356793,0.002862939171356793,1103634
SPY_pct_12,SPY,12,False,ES_fwd_ret_240,240,signed,-0.002859939950208889,0.002859939950208889,1149268
SPY_pct_45,SPY,45,False,ES_fwd_up_360,360,binary,-0.0028572520627802352,0.0028572520627802352,1076825
ES_minus_SPX_pct_240_per_ESvol,ES_minus_SPX,240,True,ES_fwd_ret_120,120,signed,0.0028568369757366475,0.0028568369757366475,1101317
ES_pct_8,ES,8,False,ES_fwd_ret_240,240,signed,-0.0028506756244629896,0.0028506756244629896,1150320
ES_pct_180,ES,180,False,ES_fwd_up_180,180,binary,-0.0028505419526659824,0.0028505419526659824,1081900
SPY_pct_30_per_ESvol,SPY,30,True,ES_fwd_up_60,60,binary,-0.002849574715341981,0.002849574715341981,1133480
SPY_pct_8_per_ESvol,SPY,8,True,ES_fwd_up_240,240,binary,-0.002845995541258894,0.002845995541258894,1111566
SPY_pct_45_per_ESvol,SPY,45,True,ES_fwd_up_12,12,binary,-0.002842090107929953,0.002842090107929953,1092638
SPX_pct_90_per_ESvol,SPX,90,True,ES_fwd_up_120,120,binary,-0.0028386383423041617,0.0028386383423041617,1113214
SPY_pct_1,SPY,1,False,ES_fwd_up_120,120,binary,-0.002828599995805732,0.002828599995805732,1138098
SPX_pct_45_per_ESvol,SPX,45,True,ES_fwd_up_60,60,binary,-0.002822684699182275,0.002822684699182275,1129664
SPX_pct_5_per_ESvol,SPX,5,True,ES_fwd_up_12,12,binary,-0.002821488640111704,0.002821488640111704,1102621
SPY_pct_8,SPY,8,False,ES_fwd_ret_240,240,signed,-0.0028188710750963377,0.0028188710750963377,1150320
SPY_minus_SPX_pct_240,SPY_minus_SPX,240,False,ES_fwd_up_360,360,binary,0.0028185975721593186,0.0028185975721593186,1026674
ES_pct_5,ES,5,False,ES_fwd_ret_360,360,signed,-0.002817219922756961,0.002817219922756961,1119549
SPY_minus_SPX_pct_120,SPY_minus_SPX,120,False,ES_fwd_up_60,60,binary,-0.0028125684060884264,0.0028125684060884264,1112751
SPX_pct_5_per_ESvol,SPX,5,True,ES_fwd_up_180,180,binary,-0.0028063346190035873,0.0028063346190035873,1124548
SPY_pct_5,SPY,5,False,ES_fwd_ret_360,360,signed,-0.0028054603518131134,0.0028054603518131134,1119549
SPY_pct_1,SPY,1,False,ES_fwd_up_360,360,binary,-0.0027928467530432427,0.0027928467530432427,1088106
SPY_minus_SPX_pct_240_per_ESvol,SPY_minus_SPX,240,True,ES_fwd_ret_120,120,signed,0.0027927897916573173,0.0027927897916573173,1101317
ES_minus_SPY_pct_180_per_ESvol,ES_minus_SPY,180,True,ES_fwd_up_240,240,binary,0.002788590496308232,0.002788590496308232,1067375
ES_minus_SPY_pct_60,ES_minus_SPY,60,False,ES_fwd_up_12,12,binary,-0.0027858248263950935,0.0027858248263950935,1090858
ES_minus_SPY_pct_180_per_ESvol,ES_minus_SPY,180,True,ES_fwd_up_360,360,binary,0.002781805933143369,0.002781805933143369,1039928
SPY_minus_SPX_pct_12,SPY_minus_SPX,12,False,ES_fwd_ret_240,240,signed,-0.0027754901719984795,0.0027754901719984795,1149268
SPX_pct_30_per_ESvol,SPX,30,True,ES_fwd_ret_180,180,signed,-0.00276974371502669,0.00276974371502669,1140169
ES_minus_SPX_pct_60,ES_minus_SPX,60,False,ES_fwd_up_60,60,binary,-0.0027628355169604314,0.0027628355169604314,1127991
SPY_pct_360_per_ESvol,SPY,360,True,ES_fwd_ret_12,12,signed,-0.0027628338556224563,0.0027628338556224563,1098209
SPX_pct_20_per_ESvol,SPX,20,True,ES_fwd_up_360,360,binary,-0.002755682004698078,0.002755682004698078,1081065
SPY_pct_90_per_ESvol,SPY,90,True,ES_fwd_up_120,120,binary,-0.00275542022638047,0.00275542022638047,1113214
SPX_pct_120,SPX,120,False,ES_fwd_up_240,240,binary,-0.002754640937412611,0.002754640937412611,1084999
SPX_pct_90,SPX,90,False,ES_fwd_ret_240,240,signed,0.002753171213278927,0.002753171213278927,1128754
SPY_pct_30_per_ESvol,SPY,30,True,ES_fwd_up_120,120,binary,-0.002752841380747043,0.002752841380747043,1128530
ES_minus_SPX_pct_1,ES_minus_SPX,1,False,ES_fwd_up_12,12,binary,-0.0027436782319213184,0.0027436782319213184,1105607
ES_minus_SPX_pct_20,ES_minus_SPX,20,False,ES_fwd_ret_120,120,signed,-0.0027427473638367136,0.0027427473638367136,1178724
ES_pct_1,ES,1,False,ES_fwd_up_120,120,binary,-0.0027364580680933133,0.0027364580680933133,1138098
SPX_pct_180,SPX,180,False,ES_fwd_up_180,180,binary,-0.0027344283253699147,0.0027344283253699147,1081900
SPX_pct_30_per_ESvol,SPX,30,True,ES_fwd_up_60,60,binary,-0.0027339407024074315,0.0027339407024074315,1133480
SPY_minus_SPX_pct_12_per_ESvol,SPY_minus_SPX,12,True,ES_fwd_up_120,120,binary,-0.00273385237510037,0.00273385237510037,1133127
ES_pct_360_per_ESvol,ES,360,True,ES_fwd_ret_12,12,signed,-0.00273048592602677,0.00273048592602677,1098209
ES_pct_5,ES,5,False,ES_fwd_ret_240,240,signed,-0.002726041380763831,0.002726041380763831,1151109
ES_pct_8_per_ESvol,ES,8,True,ES_fwd_ret_360,360,signed,-0.0027244857896924326,0.0027244857896924326,1099289
SPX_pct_300,SPX,300,False,ES_fwd_ret_180,180,signed,0.002722512511360581,0.002722512511360581,1089304
ES_pct_8_per_ESvol,ES,8,True,ES_fwd_up_240,240,binary,-0.0027198653087600437,0.0027198653087600437,1111566
SPY_pct_5,SPY,5,False,ES_fwd_ret_240,240,signed,-0.0027194893945531344,0.0027194893945531344,1151109
ES_pct_30_per_ESvol,ES,30,True,ES_fwd_ret_12,12,signed,-0.0027180750321412163,0.0027180750321412163,1183678
SPY_minus_SPX_pct_45_per_ESvol,SPY_minus_SPX,45,True,ES_fwd_ret_120,120,signed,-0.0027145629528096734,0.0027145629528096734,1151821
SPY_minus_SPX_pct_360,SPY_minus_SPX,360,False,ES_fwd_ret_12,12,signed,0.0027143471296101223,0.0027143471296101223,1117708
SPY_pct_5_per_ESvol,SPY,5,True,ES_fwd_up_60,60,binary,-0.0027130132718334262,0.0027130132718334262,1139870
ES_pct_30_per_ESvol,ES,30,True,ES_fwd_up_120,120,binary,-0.002712014443203006,0.002712014443203006,1128530
SPY_pct_30_per_ESvol,SPY,30,True,ES_fwd_up_180,180,binary,-0.0027004888870612483,0.0027004888870612483,1118140
SPX_pct_5_per_ESvol,SPX,5,True,ES_fwd_up_360,360,binary,-0.0026966461264617764,0.0026966461264617764,1084914
ES_pct_8_per_ESvol,ES,8,True,ES_fwd_ret_60,60,signed,-0.002695822544648055,0.002695822544648055,1176944
ES_pct_1,ES,1,False,ES_fwd_up_360,360,binary,-0.0026904016772172573,0.0026904016772172573,1088106
SPY_minus_SPX_pct_360,SPY_minus_SPX,360,False,ES_fwd_up_180,180,binary,0.0026857605293290018,0.0026857605293290018,1035767
SPY_minus_SPX_pct_45,SPY_minus_SPX,45,False,ES_fwd_up_60,60,binary,-0.002684922783365185,0.002684922783365185,1131801
ES_minus_SPX_pct_12,ES_minus_SPX,12,False,ES_fwd_up_120,120,binary,-0.0026832376690999276,0.0026832376690999276,1135298
ES_minus_SPX_pct_60,ES_minus_SPX,60,False,ES_fwd_up_240,240,binary,-0.002678553592975472,0.002678553592975472,1100397
SPX_pct_45_per_ESvol,SPX,45,True,ES_fwd_up_240,240,binary,-0.0026773656172831752,0.0026773656172831752,1102054
SPY_minus_SPX_pct_60_per_ESvol,SPY_minus_SPX,60,True,ES_fwd_up_180,180,binary,-0.0026749985008781593,0.0026749985008781593,1110471
ES_minus_SPX_pct_20,ES_minus_SPX,20,False,ES_fwd_ret_12,12,signed,-0.002672175561589364,0.002672175561589364,1207128
SPX_pct_30_per_ESvol,SPX,30,True,ES_fwd_up_120,120,binary,-0.0026710059192295603,0.0026710059192295603,1128530
SPX_pct_2,SPX,2,False,ES_fwd_up_240,240,binary,-0.0026706627116842175,0.0026706627116842175,1115303
ES_pct_30_per_ESvol,ES,30,True,ES_fwd_ret_60,60,signed,-0.002667790072849004,0.002667790072849004,1171246
ES_pct_90_per_ESvol,ES,90,True,ES_fwd_up_120,120,binary,-0.0026595473315054376,0.0026595473315054376,1113214
SPX_pct_45,SPX,45,False,ES_fwd_up_360,360,binary,-0.0026561743478011623,0.0026561743478011623,1076825
ES_minus_SPX_pct_300_per_ESvol,ES_minus_SPX,300,True,ES_fwd_ret_60,60,signed,0.0026529588928588914,0.0026529588928588914,1101317
ES_minus_SPX_pct_20_per_ESvol,ES_minus_SPX,20,True,ES_fwd_up_12,12,binary,-0.0026525177781652506,0.0026525177781652506,1098851
SPX_pct_240,SPX,240,False,ES_fwd_ret_12,12,signed,-0.002649312524623946,0.002649312524623946,1149268
ES_minus_SPX_pct_30,ES_minus_SPX,30,False,ES_fwd_up_120,120,binary,-0.0026472730276435037,0.0026472730276435037,1130701
SPY_minus_SPX_pct_120,SPY_minus_SPX,120,False,ES_fwd_ret_240,240,signed,-0.002645725184198946,0.002645725184198946,1120864
ES_minus_SPY_pct_300,ES_minus_SPY,300,False,ES_fwd_up_360,360,binary,0.002644744296949641,0.002644744296949641,1011251
ES_minus_SPY_pct_240_per_ESvol,ES_minus_SPY,240,True,ES_fwd_up_360,360,binary,0.002642818656527738,0.002642818656527738,1024508
SPY_minus_SPX_pct_60,SPY_minus_SPX,60,False,ES_fwd_up_240,240,binary,-0.002641591144721821,0.002641591144721821,1100397
ES_minus_SPX_pct_45_per_ESvol,ES_minus_SPX,45,True,ES_fwd_ret_120,120,signed,-0.00263861522719144,0.00263861522719144,1151821
SPY_pct_120,SPY,120,False,ES_fwd_up_240,240,binary,-0.0026384130302094288,0.0026384130302094288,1084999
SPY_pct_8_per_ESvol,SPY,8,True,ES_fwd_up_360,360,binary,-0.002637892578023241,0.002637892578023241,1084146
ES_minus_SPY_pct_30,ES_minus_SPY,30,False,ES_fwd_up_60,60,binary,-0.0026351102300071995,0.0026351102300071995,1135617
SPY_minus_SPX_pct_90,SPY_minus_SPX,90,False,ES_fwd_up_360,360,binary,-0.002634513477307759,0.002634513477307759,1065251
SPY_pct_5_per_ESvol,SPY,5,True,ES_fwd_up_180,180,binary,-0.0026340275751502765,0.0026340275751502765,1124548
ES_pct_120,ES,120,False,ES_fwd_up_240,240,binary,-0.0026339139961049944,0.0026339139961049944,1084999
ES_pct_45_per_ESvol,ES,45,True,ES_fwd_ret_120,120,signed,-0.002633826217832256,0.002633826217832256,1151821
SPY_pct_45_per_ESvol,SPY,45,True,ES_fwd_up_240,240,binary,-0.0026333159678650388,0.0026333159678650388,1102054
ES_minus_SPY_pct_60,ES_minus_SPY,60,False,ES_fwd_up_60,60,binary,-0.0026271779039049115,0.0026271779039049115,1127991
ES_minus_SPY_pct_360,ES_minus_SPY,360,False,ES_fwd_up_240,240,binary,0.002620330662200732,0.002620330662200732,1023411
ES_minus_SPY_pct_45,ES_minus_SPY,45,False,ES_fwd_up_60,60,binary,-0.0026175417549468747,0.0026175417549468747,1131801
SPY_minus_SPX_pct_12,SPY_minus_SPX,12,False,ES_fwd_ret_12,12,signed,-0.0026158951014576886,0.0026158951014576886,1209232
ES_pct_30_per_ESvol,ES,30,True,ES_fwd_up_360,360,binary,-0.0026144428329716936,0.0026144428329716936,1078498
ES_pct_30_per_ESvol,ES,30,True,ES_fwd_up_180,180,binary,-0.002610698778020537,0.002610698778020537,1118140
SPY_pct_45_per_ESvol,SPY,45,True,ES_fwd_ret_120,120,signed,-0.0026105969044395824,0.0026105969044395824,1151821
ES_minus_SPX_pct_90_per_ESvol,ES_minus_SPX,90,True,ES_fwd_ret_60,60,signed,-0.0026064318056286426,0.0026064318056286426,1155706
SPX_pct_5_per_ESvol,SPX,5,True,ES_fwd_up_120,120,binary,-0.0026057080254471058,0.0026057080254471058,1134909
ES_pct_90_per_ESvol,ES,90,True,ES_fwd_ret_120,120,signed,-0.0026022594860340056,0.0026022594860340056,1140166
ES_pct_20_per_ESvol,ES,20,True,ES_fwd_ret_60,60,signed,-0.002598516605536049,0.002598516605536049,1173836
SPX_pct_8_per_ESvol,SPX,8,True,ES_fwd_up_360,360,binary,-0.0025958555590396676,0.0025958555590396676,1084146
SPY_pct_12_per_ESvol,SPY,12,True,ES_fwd_up_360,360,binary,-0.002592696398653567,0.002592696398653567,1083120
ES_pct_20,ES,20,False,ES_fwd_ret_240,240,signed,-0.002591623799483495,0.002591623799483495,1147164
SPX_pct_5_per_ESvol,SPX,5,True,ES_fwd_ret_360,360,signed,-0.002589325381098849,0.002589325381098849,1100066
SPX_pct_30_per_ESvol,SPX,30,True,ES_fwd_ret_12,12,signed,-0.0025833361574115993,0.0025833361574115993,1183678
SPY_pct_90_per_ESvol,SPY,90,True,ES_fwd_ret_120,120,signed,-0.002583238183850598,0.002583238183850598,1140166
ES_minus_SPX_pct_180,ES_minus_SPX,180,False,ES_fwd_ret_12,12,signed,-0.0025813749580357584,0.0025813749580357584,1165048
ES_pct_5_per_ESvol,ES,5,True,ES_fwd_up_60,60,binary,-0.002578269532140074,0.002578269532140074,1139870
SPY_minus_SPX_pct_45,SPY_minus_SPX,45,False,ES_fwd_ret_12,12,signed,-0.0025740801898073086,0.0025740801898073086,1200553
ES_minus_SPX_pct_240,ES_minus_SPX,240,False,ES_fwd_ret_240,240,signed,0.002569589922809658,0.002569589922809658,1089304
SPY_pct_60_per_ESvol,SPY,60,True,ES_fwd_up_240,240,binary,-0.0025678239460424895,0.0025678239460424895,1098202
SPY_pct_2_per_ESvol,SPY,2,True,ES_fwd_up_12,12,binary,-0.0025667966784490557,0.0025667966784490557,1103381
SPY_pct_5_per_ESvol,SPY,5,True,ES_fwd_up_360,360,binary,-0.002564183257360775,0.002564183257360775,1084914
ES_minus_SPY_pct_60_per_ESvol,ES_minus_SPY,60,True,ES_fwd_up_240,240,binary,0.002561450183120745,0.002561450183120745,1098202
ES_pct_45_per_ESvol,ES,45,True,ES_fwd_ret_60,60,signed,-0.0025599825921032086,0.0025599825921032086,1167361
SPX_pct_120,SPX,120,False,ES_fwd_up_180,180,binary,-0.0025574927967455764,0.0025574927967455764,1097246
ES_minus_SPY_pct_90,ES_minus_SPY,90,False,ES_fwd_up_60,60,binary,-0.0025489524229285647,0.0025489524229285647,1120379
ES_minus_SPX_pct_12,ES_minus_SPX,12,False,ES_fwd_ret_240,240,signed,-0.0025477544835660845,0.0025477544835660845,1149268
SPY_minus_SPX_pct_30,SPY_minus_SPX,30,False,ES_fwd_ret_60,60,signed,-0.002543100572849953,0.002543100572849953,1191874
SPY_pct_20,SPY,20,False,ES_fwd_ret_240,240,signed,-0.0025396798668016972,0.0025396798668016972,1147164
SPY_minus_SPX_pct_300_per_ESvol,SPY_minus_SPX,300,True,ES_fwd_ret_60,60,signed,0.0025394864372851843,0.0025394864372851843,1101317
SPY_pct_5_per_ESvol,SPY,5,True,ES_fwd_up_12,12,binary,-0.002533351740785573,0.002533351740785573,1102621
SPX_pct_12_per_ESvol,SPX,12,True,ES_fwd_up_180,180,binary,-0.0025282226966885125,0.0025282226966885125,1122751
ES_minus_SPY_pct_45,ES_minus_SPY,45,False,ES_fwd_up_12,12,binary,-0.002521670040149946,0.002521670040149946,1094611
SPX_pct_12_per_ESvol,SPX,12,True,ES_fwd_up_360,360,binary,-0.0025182964338788553,0.0025182964338788553,1083120
SPY_pct_20_per_ESvol,SPY,20,True,ES_fwd_ret_60,60,signed,-0.0025131122865782434,0.0025131122865782434,1173836
SPY_pct_30_per_ESvol,SPY,30,True,ES_fwd_ret_12,12,signed,-0.0025083898438018727,0.0025083898438018727,1183678
ES_minus_SPX_pct_20,ES_minus_SPX,20,False,ES_fwd_up_120,120,binary,-0.0025063441271642012,0.0025063441271642012,1133255
SPX_pct_30_per_ESvol,SPX,30,True,ES_fwd_up_180,180,binary,-0.002498192982873506,0.002498192982873506,1118140
SPY_pct_360_per_ESvol,SPY,360,True,ES_fwd_up_240,240,binary,-0.0024925162720831283,0.0024925162720831283,1021217
ES_minus_SPY_pct_300_per_ESvol,ES_minus_SPY,300,True,ES_fwd_up_240,240,binary,0.0024895436299255977,0.0024895436299255977,1036618
SPY_pct_3_per_ESvol,SPY,3,True,ES_fwd_up_12,12,binary,-0.002485635915395713,0.002485635915395713,1103126
SPY_pct_20_per_ESvol,SPY,20,True,ES_fwd_ret_180,180,signed,-0.0024842974955214697,0.0024842974955214697,1142759
ES_pct_20_per_ESvol,ES,20,True,ES_fwd_ret_12,12,signed,-0.002481419674596707,0.002481419674596707,1186268
ES_minus_SPX_pct_2,ES_minus_SPX,2,False,ES_fwd_ret_12,12,signed,-0.002476854971213037,0.002476854971213037,1211862
ES_minus_SPX_pct_360_per_ESvol,ES_minus_SPX,360,True,ES_fwd_ret_60,60,signed,0.0024755769426462884,0.0024755769426462884,1085777
SPY_pct_30_per_ESvol,SPY,30,True,ES_fwd_ret_60,60,signed,-0.002473250735140404,0.002473250735140404,1171246
SPY_minus_SPX_pct_60_per_ESvol,SPY_minus_SPX,60,True,ES_fwd_ret_60,60,signed,-0.0024554688478508045,0.0024554688478508045,1163476
ES_minus_SPY_pct_20,ES_minus_SPY,20,False,ES_fwd_up_60,60,binary,-0.002455278300793031,0.002455278300793031,1138171
SPY_minus_SPX_pct_12,SPY_minus_SPX,12,False,ES_fwd_up_120,120,binary,-0.002445518750030007,0.002445518750030007,1135298
SPY_pct_20_per_ESvol,SPY,20,True,ES_fwd_ret_12,12,signed,-0.0024423233185420054,0.0024423233185420054,1186268
SPY_pct_1,SPY,1,False,ES_fwd_up_240,240,binary,-0.0024381458843416226,0.0024381458843416226,1115560
SPY_pct_3_per_ESvol,SPY,3,True,ES_fwd_up_360,360,binary,-0.002437796615933528,0.002437796615933528,1085425
SPY_minus_SPX_pct_45_per_ESvol,SPY_minus_SPX,45,True,ES_fwd_ret_60,60,signed,-0.002434232782051138,0.002434232782051138,1167361
SPX_pct_5,SPX,5,False,ES_fwd_ret_240,240,signed,-0.002427624822618228,0.002427624822618228,1151109
SPX_pct_45_per_ESvol,SPX,45,True,ES_fwd_up_12,12,binary,-0.0024253517560649286,0.0024253517560649286,1092638
ES_pct_12_per_ESvol,ES,12,True,ES_fwd_up_120,120,binary,-0.00242382705346124,0.00242382705346124,1133127
ES_pct_20_per_ESvol,ES,20,True,ES_fwd_ret_180,180,signed,-0.002421563656315314,0.002421563656315314,1142759
SPY_minus_SPX_pct_120_per_ESvol,SPY_minus_SPX,120,True,ES_fwd_ret_240,240,signed,0.0024170185932030587,0.0024170185932030587,1101329
SPY_pct_45_per_ESvol,SPY,45,True,ES_fwd_ret_60,60,signed,-0.0024129599250776548,0.0024129599250776548,1167361
SPX_pct_60_per_ESvol,SPX,60,True,ES_fwd_up_240,240,binary,-0.0024060954296900865,0.0024060954296900865,1098202
ES_minus_SPY_pct_120,ES_minus_SPY,120,False,ES_fwd_up_120,120,binary,0.00240453098955041,0.00240453098955041,1107713
ES_pct_3_per_ESvol,ES,3,True,ES_fwd_up_12,12,binary,-0.002400144481332427,0.002400144481332427,1103126
SPX_pct_3,SPX,3,False,ES_fwd_ret_360,360,signed,-0.0023953232251531765,0.0023953232251531765,1120075
ES_minus_SPY_pct_360,ES_minus_SPY,360,False,ES_fwd_up_180,180,binary,0.0023881305739879163,0.0023881305739879163,1035767
ES_pct_45_per_ESvol,ES,45,True,ES_fwd_up_240,240,binary,-0.002387893936543139,0.002387893936543139,1102054
ES_minus_SPX_pct_90_per_ESvol,ES_minus_SPX,90,True,ES_fwd_up_180,180,binary,-0.0023851559229885948,0.0023851559229885948,1102764
SPY_minus_SPX_pct_60_per_ESvol,SPY_minus_SPX,60,True,ES_fwd_ret_180,180,signed,-0.0023697063278766153,0.0023697063278766153,1132399
SPX_pct_30_per_ESvol,SPX,30,True,ES_fwd_ret_60,60,signed,-0.00236591824104898,0.00236591824104898,1171246
SPY_minus_SPX_pct_1,SPY_minus_SPX,1,False,ES_fwd_up_12,12,binary,-0.0023636345060661923,0.0023636345060661923,1105607
SPX_pct_90_per_ESvol,SPX,90,True,ES_fwd_ret_120,120,signed,-0.0023615782680815496,0.0023615782680815496,1140166
ES_minus_SPY_pct_300_per_ESvol,ES_minus_SPY,300,True,ES_fwd_up_180,180,binary,0.0023574765110709046,0.0023574765110709046,1048944
ES_pct_60_per_ESvol,ES,60,True,ES_fwd_ret_120,120,signed,-0.0023559109667679423,0.0023559109667679423,1147936
ES_minus_SPX_pct_120,ES_minus_SPX,120,False,ES_fwd_up_360,360,binary,-0.0023553015369103814,0.0023553015369103814,1057526
SPX_pct_120_per_ESvol,SPX,120,True,ES_fwd_up_120,120,binary,-0.002346020206441095,0.002346020206441095,1105542
SPY_pct_90,SPY,90,False,ES_fwd_ret_240,240,signed,0.0023454503000678653,0.0023454503000678653,1128754
SPY_minus_SPX_pct_30,SPY_minus_SPX,30,False,ES_fwd_up_120,120,binary,-0.0023419371024705786,0.0023419371024705786,1130701
ES_minus_SPX_pct_90_per_ESvol,ES_minus_SPX,90,True,ES_fwd_ret_360,360,signed,0.0023381290727244367,0.0023381290727244367,1078051
SPY_minus_SPX_pct_20,SPY_minus_SPX,20,False,ES_fwd_up_120,120,binary,-0.0023375314681559223,0.0023375314681559223,1133255
SPY_minus_SPX_pct_30,SPY_minus_SPX,30,False,ES_fwd_up_60,60,binary,-0.0023356156868923877,0.0023356156868923877,1135617
ES_pct_90,ES,90,False,ES_fwd_ret_240,240,signed,0.002326584863778691,0.002326584863778691,1128754
SPX_pct_20_per_ESvol,SPX,20,True,ES_fwd_ret_180,180,signed,-0.0023253894049261857,0.0023253894049261857,1142759
ES_pct_5_per_ESvol,ES,5,True,ES_fwd_up_360,360,binary,-0.002324986157613199,0.002324986157613199,1084914
SPX_pct_2_per_ESvol,SPX,2,True,ES_fwd_ret_360,360,signed,-0.002322471049713905,0.002322471049713905,1100843
ES_minus_SPX_pct_90_per_ESvol,ES_minus_SPX,90,True,ES_fwd_up_240,240,binary,0.0023219479194531863,0.0023219479194531863,1090499
ES_pct_3,ES,3,False,ES_fwd_ret_360,360,signed,-0.002321842507823995,0.002321842507823995,1120075
SPY_minus_SPX_pct_45,SPY_minus_SPX,45,False,ES_fwd_up_120,120,binary,-0.0023176389209864094,0.0023176389209864094,1126880
ES_pct_360_per_ESvol,ES,360,True,ES_fwd_up_240,240,binary,-0.0023151662705887146,0.0023151662705887146,1021217
ES_pct_2_per_ESvol,ES,2,True,ES_fwd_up_12,12,binary,-0.0023144782094523236,0.0023144782094523236,1103381
SPY_pct_3,SPY,3,False,ES_fwd_ret_360,360,signed,-0.002313920948027184,0.002313920948027184,1120075
ES_pct_5_per_ESvol,ES,5,True,ES_fwd_up_180,180,binary,-0.0023101372327358227,0.0023101372327358227,1124548
ES_minus_SPX_pct_90,ES_minus_SPX,90,False,ES_fwd_up_360,360,binary,-0.002299293425998317,0.002299293425998317,1065251
SPY_minus_SPX_pct_8_per_ESvol,SPY_minus_SPX,8,True,ES_fwd_up_240,240,binary,-0.002298464031619084,0.002298464031619084,1111566
ES_pct_120,ES,120,False,ES_fwd_up_60,60,binary,-0.002298337183232315,0.002298337183232315,1112751
SPY_minus_SPX_pct_60_per_ESvol,SPY_minus_SPX,60,True,ES_fwd_up_120,120,binary,-0.0022965316522981258,0.0022965316522981258,1120869
SPY_pct_60_per_ESvol,SPY,60,True,ES_fwd_ret_120,120,signed,-0.0022945605168489696,0.0022945605168489696,1147936
SPY_minus_SPX_pct_30,SPY_minus_SPX,30,False,ES_fwd_up_180,180,binary,-0.0022934851028139267,0.0022934851028139267,1120329
ES_minus_SPX_pct_240,ES_minus_SPX,240,False,ES_fwd_ret_360,360,signed,0.0022846502369991144,0.0022846502369991144,1057744
SPY_pct_120_per_ESvol,SPY,120,True,ES_fwd_up_120,120,binary,-0.002284458737397446,0.002284458737397446,1105542
SPX_pct_5_per_ESvol,SPX,5,True,ES_fwd_ret_60,60,signed,-0.002283947592513279,0.002283947592513279,1177721
ES_pct_1,ES,1,False,ES_fwd_up_240,240,binary,-0.002283688264993258,0.002283688264993258,1115560
ES_pct_2,ES,2,False,ES_fwd_ret_360,360,signed,-0.0022801939892487465,0.0022801939892487465,1120338
SPX_pct_2_per_ESvol,SPX,2,True,ES_fwd_up_12,12,binary,-0.0022797592034521762,0.0022797592034521762,1103381
SPX_pct_8,SPX,8,False,ES_fwd_ret_240,240,signed,-0.0022787735286327695,0.0022787735286327695,1150320
SPY_minus_SPX_pct_240,SPY_minus_SPX,240,False,ES_fwd_ret_120,120,signed,0.0022689792253486308,0.0022689792253486308,1120864
ES_minus_SPX_pct_45,ES_minus_SPX,45,False,ES_fwd_up_120,120,binary,-0.0022682726379975623,0.0022682726379975623,1126880
SPY_pct_2,SPY,2,False,ES_fwd_ret_360,360,signed,-0.002262004119110722,0.002262004119110722,1120338
ES_minus_SPX_pct_30,ES_minus_SPX,30,False,ES_fwd_up_180,180,binary,-0.0022555754230512495,0.0022555754230512495,1120329
ES_pct_60_per_ESvol,ES,60,True,ES_fwd_up_240,240,binary,-0.0022527733898493416,0.0022527733898493416,1098202
SPY_pct_120,SPY,120,False,ES_fwd_up_60,60,binary,-0.0022492570085448052,0.0022492570085448052,1112751
SPY_pct_20_per_ESvol,SPY,20,True,ES_fwd_ret_240,240,signed,-0.0022479625406870017,0.0022479625406870017,1127229
SPX_pct_2,SPX,2,False,ES_fwd_ret_360,360,signed,-0.0022466878189875156,0.0022466878189875156,1120338
ES_minus_SPX_pct_30,ES_minus_SPX,30,False,ES_fwd_ret_12,12,signed,-0.0022426434246732014,0.0022426434246732014,1204498
SPY_pct_2_per_ESvol,SPY,2,True,ES_fwd_up_360,360,binary,-0.00224056747119102,0.00224056747119102,1085680
SPY_pct_20_per_ESvol,SPY,20,True,ES_fwd_up_360,360,binary,-0.0022400543797884286,0.0022400543797884286,1081065
ES_minus_SPX_pct_12_per_ESvol,ES_minus_SPX,12,True,ES_fwd_up_12,12,binary,-0.0022289652193537342,0.0022289652193537342,1100862
ES_minus_SPY_pct_240_per_ESvol,ES_minus_SPY,240,True,ES_fwd_up_240,240,binary,0.0022255799601227297,0.0022255799601227297,1051983
SPY_minus_SPX_pct_90_per_ESvol,SPY_minus_SPX,90,True,ES_fwd_ret_360,360,signed,0.002222959949639885,0.002222959949639885,1078051
SPY_minus_SPX_pct_20,SPY_minus_SPX,20,False,ES_fwd_up_60,60,binary,-0.002216930823072157,0.002216930823072157,1138171
ES_minus_SPY_pct_120,ES_minus_SPY,120,False,ES_fwd_up_360,360,binary,0.0022078654873551565,0.0022078654873551565,1057526
SPY_minus_SPX_pct_12,SPY_minus_SPX,12,False,ES_fwd_ret_120,120,signed,-0.002203170107848322,0.002203170107848322,1180828
SPX_pct_12,SPX,12,False,ES_fwd_ret_240,240,signed,-0.002202430651323891,0.002202430651323891,1149268
ES_minus_SPY_pct_180_per_ESvol,ES_minus_SPY,180,True,ES_fwd_ret_180,180,signed,0.002201450171831263,0.002201450171831263,1101319
SPX_pct_1,SPX,1,False,ES_fwd_up_240,240,binary,-0.002199199405613803,0.002199199405613803,1115560
SPX_pct_20_per_ESvol,SPX,20,True,ES_fwd_ret_60,60,signed,-0.002196385658474139,0.002196385658474139,1173836
ES_minus_SPX_pct_12,ES_minus_SPX,12,False,ES_fwd_ret_12,12,signed,-0.0021881776949237972,0.0021881776949237972,1209232
SPY_pct_5_per_ESvol,SPY,5,True,ES_fwd_ret_360,360,signed,-0.0021877882865082893,0.0021877882865082893,1100066
SPY_minus_SPX_pct_240,SPY_minus_SPX,240,False,ES_fwd_ret_180,180,signed,0.0021834988179325653,0.0021834988179325653,1105084
SPX_pct_20_per_ESvol,SPX,20,True,ES_fwd_ret_12,12,signed,-0.0021818358279839093,0.0021818358279839093,1186268
ES_pct_8_per_ESvol,ES,8,True,ES_fwd_up_360,360,binary,-0.0021782174519616934,0.0021782174519616934,1084146
ES_minus_SPX_pct_20,ES_minus_SPX,20,False,ES_fwd_ret_60,60,signed,-0.0021769122707779322,0.0021769122707779322,1194504
ES_minus_SPY_pct_300_per_ESvol,ES_minus_SPY,300,True,ES_fwd_up_120,120,binary,0.002176073749933101,0.002176073749933101,1059541
ES_pct_180_per_ESvol,ES,180,True,ES_fwd_ret_12,12,signed,-0.0021691957619374815,0.0021691957619374815,1144828
ES_minus_SPX_pct_12,ES_minus_SPX,12,False,ES_fwd_ret_120,120,signed,-0.002168615282004289,0.002168615282004289,1180828
SPX_pct_3_per_ESvol,SPX,3,True,ES_fwd_up_360,360,binary,-0.0021661996198301422,0.0021661996198301422,1085425
ES_pct_3,ES,3,False,ES_fwd_ret_240,240,signed,-0.002162658340641672,0.002162658340641672,1151635
SPY_pct_3_per_ESvol,SPY,3,True,ES_fwd_ret_360,360,signed,-0.0021530161687357994,0.0021530161687357994,1100584
SPY_pct_3,SPY,3,False,ES_fwd_ret_240,240,signed,-0.0021425594177287306,0.0021425594177287306,1151635
ES_minus_SPX_pct_8_per_ESvol,ES_minus_SPX,8,True,ES_fwd_up_12,12,binary,-0.002140535477458114,0.002140535477458114,1101869
SPY_pct_5_per_ESvol,SPY,5,True,ES_fwd_up_120,120,binary,-0.0021402680041684263,0.0021402680041684263,1134909
SPX_pct_180_per_ESvol,SPX,180,True,ES_fwd_ret_12,12,signed,-0.002138088337470362,0.002138088337470362,1144828
ES_minus_SPX_pct_45,ES_minus_SPX,45,False,ES_fwd_ret_12,12,signed,-0.002137747816866204,0.002137747816866204,1200553
SPY_pct_180_per_ESvol,SPY,180,True,ES_fwd_ret_12,12,signed,-0.0021356969644258294,0.0021356969644258294,1144828
ES_minus_SPY_pct_180_per_ESvol,ES_minus_SPY,180,True,ES_fwd_ret_240,240,signed,0.0021339840481239035,0.0021339840481239035,1085789
SPY_minus_SPX_pct_12_per_ESvol,SPY_minus_SPX,12,True,ES_fwd_up_240,240,binary,-0.0021337310819467,0.0021337310819467,1110536
ES_minus_SPY_pct_120,ES_minus_SPY,120,False,ES_fwd_up_180,180,binary,0.00213218963883869,0.00213218963883869,1097246
ES_minus_SPX_pct_60_per_ESvol,ES_minus_SPX,60,True,ES_fwd_ret_12,12,signed,-0.002125431748929911,0.002125431748929911,1175908
SPX_pct_5_per_ESvol,SPX,5,True,ES_fwd_up_240,240,binary,-0.002124728099077406,0.002124728099077406,1112340
ES_pct_120_per_ESvol,ES,120,True,ES_fwd_up_120,120,binary,-0.002124051768685451,0.002124051768685451,1105542
ES_minus_SPX_pct_90,ES_minus_SPX,90,False,ES_fwd_up_60,60,binary,-0.0021227808515545195,0.0021227808515545195,1120379
SPY_minus_SPX_pct_60_per_ESvol,SPY_minus_SPX,60,True,ES_fwd_up_60,60,binary,-0.0021161541585999867,0.0021161541585999867,1125854
ES_minus_SPY_pct_90,ES_minus_SPY,90,False,ES_fwd_up_12,12,binary,-0.002107928459158492,0.002107928459158492,1083426
SPY_minus_SPX_pct_45_per_ESvol,SPY_minus_SPX,45,True,ES_fwd_up_12,12,binary,-0.0020953288009482856,0.0020953288009482856,1092638
SPY_pct_5_per_ESvol,SPY,5,True,ES_fwd_up_240,240,binary,-0.0020937258601380886,0.0020937258601380886,1112340
ES_pct_90,ES,90,False,ES_fwd_up_240,240,binary,-0.0020855455315915037,0.0020855455315915037,1092694
ES_minus_SPX_pct_8,ES_minus_SPX,8,False,ES_fwd_up_120,120,binary,-0.002081555177966929,0.002081555177966929,1136313
ES_pct_20_per_ESvol,ES,20,True,ES_fwd_up_120,120,binary,-0.0020767560000617556,0.0020767560000617556,1131084
SPX_pct_1,SPX,1,False,ES_fwd_ret_360,360,signed,-0.0020763834061402774,0.0020763834061402774,1120601
ES_pct_20_per_ESvol,ES,20,True,ES_fwd_ret_240,240,signed,-0.0020742396800455215,0.0020742396800455215,1127229
ES_pct_2,ES,2,False,ES_fwd_ret_240,240,signed,-0.002072918588574931,0.002072918588574931,1151898
ES_minus_SPY_pct_240_per_ESvol,ES_minus_SPY,240,True,ES_fwd_ret_360,360,signed,0.002072139913412411,0.002072139913412411,1039202
SPX_pct_45_per_ESvol,SPX,45,True,ES_fwd_ret_120,120,signed,-0.002067768941303964,0.002067768941303964,1151821
SPY_pct_60_per_ESvol,SPY,60,True,ES_fwd_up_60,60,binary,-0.002066550642998716,0.002066550642998716,1125854
ES_minus_SPY_pct_360_per_ESvol,ES_minus_SPY,360,True,ES_fwd_ret_240,240,signed,0.0020657999930906615,0.0020657999930906615,1039170
SPY_pct_90,SPY,90,False,ES_fwd_up_240,240,binary,-0.0020620377330819984,0.0020620377330819984,1092694
SPY_pct_1,SPY,1,False,ES_fwd_ret_360,360,signed,-0.0020620364852483473,0.0020620364852483473,1120601
SPY_minus_SPX_pct_2,SPY_minus_SPX,2,False,ES_fwd_ret_12,12,signed,-0.002060162362456907,0.002060162362456907,1211862
ES_pct_20_per_ESvol,ES,20,True,ES_fwd_up_360,360,binary,-0.0020585271938826978,0.0020585271938826978,1081065
ES_minus_SPY_pct_360,ES_minus_SPY,360,False,ES_fwd_up_12,12,binary,-0.002056004172425602,0.002056004172425602,1016544
SPY_minus_SPX_pct_120_per_ESvol,SPY_minus_SPX,120,True,ES_fwd_up_360,360,binary,0.002053321978508643,0.002053321978508643,1055359
ES_pct_1,ES,1,False,ES_fwd_ret_360,360,signed,-0.002048368169808355,0.002048368169808355,1120601
ES_minus_SPY_pct_180_per_ESvol,ES_minus_SPY,180,True,ES_fwd_up_180,180,binary,0.002048065214473467,0.002048065214473467,1079711
ES_minus_SPX_pct_360,ES_minus_SPX,360,False,ES_fwd_up_360,360,binary,0.0020476559368043895,0.0020476559368043895,995862
SPY_pct_20_per_ESvol,SPY,20,True,ES_fwd_up_120,120,binary,-0.0020441810546578763,0.0020441810546578763,1131084
ES_minus_SPY_pct_300_per_ESvol,ES_minus_SPY,300,True,ES_fwd_ret_240,240,signed,0.0020426439887686327,0.0020426439887686327,1054710
ES_minus_SPX_pct_60,ES_minus_SPX,60,False,ES_fwd_up_360,360,binary,-0.002041057140237062,0.002041057140237062,1072973
SPY_minus_SPX_pct_2_per_ESvol,SPY_minus_SPX,2,True,ES_fwd_up_180,180,binary,-0.002040546844019336,0.002040546844019336,1125313
ES_minus_SPY_pct_45_per_ESvol,ES_minus_SPY,45,True,ES_fwd_up_12,12,binary,-0.002038386556207382,0.002038386556207382,1092638
SPY_minus_SPX_pct_8,SPY_minus_SPX,8,False,ES_fwd_up_120,120,binary,-0.0020383340337028896,0.0020383340337028896,1136313
SPY_pct_2,SPY,2,False,ES_fwd_ret_240,240,signed,-0.0020371537430706782,0.0020371537430706782,1151898
ES_minus_SPY_pct_12,ES_minus_SPY,12,False,ES_fwd_up_60,60,binary,-0.00203570194791704,0.00203570194791704,1140208
SPY_minus_SPX_pct_8,SPY_minus_SPX,8,False,ES_fwd_ret_240,240,signed,-0.002031576374655053,0.002031576374655053,1150320
ES_minus_SPX_pct_120_per_ESvol,ES_minus_SPX,120,True,ES_fwd_up_360,360,binary,0.0020300467600495487,0.0020300467600495487,1055359
ES_pct_12_per_ESvol,ES,12,True,ES_fwd_up_360,360,binary,-0.002028999174104669,0.002028999174104669,1083120
SPY_minus_SPX_pct_90_per_ESvol,SPY_minus_SPX,90,True,ES_fwd_up_240,240,binary,0.0020255771629726087,0.0020255771629726087,1090499
ES_minus_SPX_pct_300,ES_minus_SPX,300,False,ES_fwd_ret_360,360,signed,0.002021386442113961,0.002021386442113961,1041964
ES_pct_5_per_ESvol,ES,5,True,ES_fwd_up_120,120,binary,-0.0020175816397064194,0.0020175816397064194,1134909
SPY_minus_SPX_pct_2_per_ESvol,SPY_minus_SPX,2,True,ES_fwd_up_120,120,binary,-0.0020158989193482676,0.0020158989193482676,1135671
ES_minus_SPX_pct_300,ES_minus_SPX,300,False,ES_fwd_ret_60,60,signed,0.0020110912767393185,0.0020110912767393185,1120864
SPX_pct_20_per_ESvol,SPX,20,True,ES_fwd_ret_240,240,signed,-0.002010544250734989,0.002010544250734989,1127229
SPX_pct_3_per_ESvol,SPX,3,True,ES_fwd_ret_360,360,signed,-0.002008813870690753,0.002008813870690753,1100584
SPX_pct_360,SPX,360,False,ES_fwd_up_60,60,binary,-0.0020070971105533436,0.0020070971105533436,1051677
ES_pct_30,ES,30,False,ES_fwd_ret_240,240,signed,-0.002003548164012141,0.002003548164012141,1144534
ES_minus_SPX_pct_360,ES_minus_SPX,360,False,ES_fwd_up_12,12,binary,-0.0020012727683321263,0.0020012727683321263,1016544
ES_minus_SPX_pct_8_per_ESvol,ES_minus_SPX,8,True,ES_fwd_up_240,240,binary,-0.0019941442834037555,0.0019941442834037555,1111566
SPX_pct_3_per_ESvol,SPX,3,True,ES_fwd_up_12,12,binary,-0.0019883574499558266,0.0019883574499558266,1103126
SPX_pct_120,SPX,120,False,ES_fwd_up_60,60,binary,-0.001985874007064911,0.001985874007064911,1112751
SPX_pct_8_per_ESvol,SPX,8,True,ES_fwd_up_240,240,binary,-0.001979318773054199,0.001979318773054199,1111566
SPX_pct_90,SPX,90,False,ES_fwd_up_240,240,binary,-0.0019703251604767918,0.0019703251604767918,1092694
SPX_pct_1_per_ESvol,SPX,1,True,ES_fwd_ret_360,360,signed,-0.0019702214735579423,0.0019702214735579423,1101102
SPY_minus_SPX_pct_12_per_ESvol,SPY_minus_SPX,12,True,ES_fwd_up_180,180,binary,-0.0019663969348171417,0.0019663969348171417,1122751
ES_minus_SPY_pct_180_per_ESvol,ES_minus_SPY,180,True,ES_fwd_ret_360,360,signed,0.0019637330578669244,0.0019637330578669244,1054741
SPY_pct_2_per_ESvol,SPY,2,True,ES_fwd_up_180,180,binary,-0.001963671039454422,0.001963671039454422,1125313
SPX_pct_120_per_ESvol,SPX,120,True,ES_fwd_up_360,360,binary,-0.001959079401016567,0.001959079401016567,1055359
SPY_minus_SPX_pct_60,SPY_minus_SPX,60,False,ES_fwd_up_60,60,binary,-0.0019587833035872013,0.0019587833035872013,1127991
SPX_pct_12_per_ESvol,SPX,12,True,ES_fwd_up_120,120,binary,-0.001957676811010534,0.001957676811010534,1133127
SPY_minus_SPX_pct_12,SPY_minus_SPX,12,False,ES_fwd_ret_180,180,signed,-0.0019573095492333562,0.0019573095492333562,1165048
SPY_minus_SPX_pct_60,SPY_minus_SPX,60,False,ES_fwd_up_360,360,binary,-0.001955681464295291,0.001955681464295291,1072973
ES_minus_SPY_pct_360_per_ESvol,ES_minus_SPY,360,True,ES_fwd_up_180,180,binary,0.0019531491188429203,0.0019531491188429203,1033579
ES_pct_60_per_ESvol,ES,60,True,ES_fwd_up_60,60,binary,-0.0019525011155539411,0.0019525011155539411,1125854
ES_minus_SPX_pct_360,ES_minus_SPX,360,False,ES_fwd_up_60,60,binary,0.0019502388788890557,0.0019502388788890557,1051677
SPX_pct_120_per_ESvol,SPX,120,True,ES_fwd_up_240,240,binary,-0.00194265767216554,0.00194265767216554,1082804
ES_pct_60_per_ESvol,ES,60,True,ES_fwd_up_12,12,binary,-0.0019387958953389402,0.0019387958953389402,1088885
ES_minus_SPX_pct_5,ES_minus_SPX,5,False,ES_fwd_ret_12,12,signed,-0.001938497498097184,0.001938497498097184,1211073
SPX_pct_3,SPX,3,False,ES_fwd_ret_240,240,signed,-0.0019380197721692101,0.0019380197721692101,1151635
SPY_pct_2_per_ESvol,SPY,2,True,ES_fwd_ret_360,360,signed,-0.001932444059150786,0.001932444059150786,1100843
SPY_pct_30,SPY,30,False,ES_fwd_ret_240,240,signed,-0.0019278732814604611,0.0019278732814604611,1144534
SPX_pct_45_per_ESvol,SPX,45,True,ES_fwd_ret_60,60,signed,-0.001926597514675466,0.001926597514675466,1167361
ES_minus_SPX_pct_8,ES_minus_SPX,8,False,ES_fwd_ret_240,240,signed,-0.0019246083845134234,0.0019246083845134234,1150320
ES_pct_45,ES,45,False,ES_fwd_up_12,12,binary,-0.0019220931995038064,0.0019220931995038064,1094611
SPX_pct_1_per_ESvol,SPX,1,True,ES_fwd_up_12,12,binary,-0.0019181606849993892,0.0019181606849993892,1103634
SPY_minus_SPX_pct_240,SPY_minus_SPX,240,False,ES_fwd_up_60,60,binary,-0.0019169423576927548,0.0019169423576927548,1082175
SPX_pct_2_per_ESvol,SPX,2,True,ES_fwd_up_360,360,binary,-0.001914191005646309,0.001914191005646309,1085680
ES_minus_SPX_pct_1,ES_minus_SPX,1,False,ES_fwd_ret_12,12,signed,-0.0019130737794909266,0.0019130737794909266,1212125
ES_minus_SPY_pct_300,ES_minus_SPY,300,False,ES_fwd_up_60,60,binary,-0.0019100791751253527,0.0019100791751253527,1066925
ES_minus_SPX_pct_20_per_ESvol,ES_minus_SPX,20,True,ES_fwd_up_360,360,binary,0.0019097909146142296,0.0019097909146142296,1081065
SPY_pct_12_per_ESvol,SPY,12,True,ES_fwd_up_240,240,binary,-0.001905800323383758,0.001905800323383758,1110536
ES_minus_SPY_pct_90_per_ESvol,ES_minus_SPY,90,True,ES_fwd_up_360,360,binary,0.001904915921508931,0.001904915921508931,1063084
ES_minus_SPX_pct_60_per_ESvol,ES_minus_SPX,60,True,ES_fwd_up_12,12,binary,-0.0019042854993575541,0.0019042854993575541,1088885
ES_minus_SPY_pct_360,ES_minus_SPY,360,False,ES_fwd_ret_360,360,signed,0.0019042833066348667,0.0019042833066348667,1026184
ES_pct_5_per_ESvol,ES,5,True,ES_fwd_up_240,240,binary,-0.0019019163665717886,0.0019019163665717886,1112340
ES_minus_SPY_pct_12_per_ESvol,ES_minus_SPY,12,True,ES_fwd_up_360,360,binary,0.0019011520032526715,0.0019011520032526715,1083120
SPY_minus_SPX_pct_90_per_ESvol,SPY_minus_SPX,90,True,ES_fwd_ret_60,60,signed,-0.0019000558792894597,0.0019000558792894597,1155706
ES_pct_360,ES,360,False,ES_fwd_up_60,60,binary,-0.0018954732422901337,0.0018954732422901337,1051677
SPY_minus_SPX_pct_240,SPY_minus_SPX,240,False,ES_fwd_ret_360,360,signed,0.0018941307979684144,0.0018941307979684144,1057744
ES_minus_SPY_pct_240_per_ESvol,ES_minus_SPY,240,True,ES_fwd_up_120,120,binary,0.0018879286023924101,0.0018879286023924101,1074869
ES_minus_SPX_pct_120_per_ESvol,ES_minus_SPX,120,True,ES_fwd_ret_180,180,signed,0.0018820793649140302,0.0018820793649140302,1116859
SPX_pct_360_per_ESvol,SPX,360,True,ES_fwd_up_180,180,binary,-0.0018802544438780444,0.0018802544438780444,1033579
ES_minus_SPY_pct_120,ES_minus_SPY,120,False,ES_fwd_up_12,12,binary,-0.00187665989049773,0.00187665989049773,1075994
SPX_pct_1_per_ESvol,SPX,1,True,ES_fwd_up_360,360,binary,-0.0018761812647816517,0.0018761812647816517,1085939
SPX_pct_360,SPX,360,False,ES_fwd_ret_120,120,signed,0.001875449056612903,0.001875449056612903,1089304
ES_pct_360,ES,360,False,ES_fwd_ret_120,120,signed,0.0018692406910850719,0.0018692406910850719,1089304
SPY_pct_8_per_ESvol,SPY,8,True,ES_fwd_ret_240,240,signed,-0.001863995295528736,0.001863995295528736,1130337
ES_minus_SPY_pct_60_per_ESvol,ES_minus_SPY,60,True,ES_fwd_up_360,360,binary,0.0018632153356084263,0.0018632153356084263,1070806
ES_minus_SPY_pct_30,ES_minus_SPY,30,False,ES_fwd_ret_60,60,signed,-0.0018583703787351828,0.0018583703787351828,1191874
ES_minus_SPX_pct_60,ES_minus_SPX,60,False,ES_fwd_ret_12,12,signed,-0.0018572393768105547,0.0018572393768105547,1196608
ES_minus_SPX_pct_12,ES_minus_SPX,12,False,ES_fwd_ret_180,180,signed,-0.0018559005174222296,0.0018559005174222296,1165048
SPY_pct_8_per_ESvol,SPY,8,True,ES_fwd_ret_180,180,signed,-0.0018543024749724164,0.0018543024749724164,1145867
SPY_pct_1,SPY,1,False,ES_fwd_ret_240,240,signed,-0.0018522449551754327,0.0018522449551754327,1152161
SPY_pct_2_per_ESvol,SPY,2,True,ES_fwd_up_120,120,binary,-0.0018488468258993646,0.0018488468258993646,1135671
ES_minus_SPY_pct_300,ES_minus_SPY,300,False,ES_fwd_up_240,240,binary,0.0018467288255369155,0.0018467288255369155,1038812
SPY_pct_360,SPY,360,False,ES_fwd_ret_120,120,signed,0.001841255377243064,0.001841255377243064,1089304
ES_pct_1,ES,1,False,ES_fwd_ret_240,240,signed,-0.0018341711129122207,0.0018341711129122207,1152161
ES_minus_SPY_pct_2,ES_minus_SPY,2,False,ES_fwd_up_12,12,binary,-0.0018340692385509056,0.0018340692385509056,1105354
SPY_pct_360,SPY,360,False,ES_fwd_up_60,60,binary,-0.001831912799568029,0.001831912799568029,1051677
ES_minus_SPY_pct_60_per_ESvol,ES_minus_SPY,60,True,ES_fwd_ret_60,60,signed,-0.0018316313963566999,0.0018316313963566999,1163476
ES_pct_30_per_ESvol,ES,30,True,ES_fwd_ret_120,120,signed,-0.001826839415733406,0.001826839415733406,1155706
ES_minus_SPX_pct_12,ES_minus_SPX,12,False,ES_fwd_up_240,240,binary,-0.001821155284294109,0.001821155284294109,1112731
ES_minus_SPY_pct_180,ES_minus_SPY,180,False,ES_fwd_up_60,60,binary,0.001817272906795272,0.001817272906795272,1097448
ES_minus_SPX_pct_240,ES_minus_SPX,240,False,ES_fwd_ret_60,60,signed,-0.0018165312550673049,0.0018165312550673049,1136644
SPX_pct_2,SPX,2,False,ES_fwd_ret_240,240,signed,-0.0018139099237130907,0.0018139099237130907,1151898
SPY_minus_SPX_pct_12,SPY_minus_SPX,12,False,ES_fwd_up_240,240,binary,-0.0018098758629898767,0.0018098758629898767,1112731
SPY_minus_SPX_pct_5,SPY_minus_SPX,5,False,ES_fwd_ret_12,12,signed,-0.0018090410520859171,0.0018090410520859171,1211073
SPY_minus_SPX_pct_12_per_ESvol,SPY_minus_SPX,12,True,ES_fwd_ret_120,120,signed,-0.0018045753975366834,0.0018045753975366834,1160368
ES_minus_SPY_pct_300_per_ESvol,ES_minus_SPY,300,True,ES_fwd_ret_360,360,signed,0.0018043647161892975,0.0018043647161892975,1023662
SPY_pct_45,SPY,45,False,ES_fwd_up_12,12,binary,-0.001801788085076389,0.001801788085076389,1094611
ES_minus_SPY_pct_3,ES_minus_SPY,3,False,ES_fwd_up_12,12,binary,-0.0018007129612228254,0.0018007129612228254,1105099
SPY_minus_SPX_pct_30,SPY_minus_SPX,30,False,ES_fwd_ret_12,12,signed,-0.00179960959156583,0.00179960959156583,1204498
SPY_minus_SPX_pct_20_per_ESvol,SPY_minus_SPX,20,True,ES_fwd_up_12,12,binary,-0.0017989440664736677,0.0017989440664736677,1098851
SPX_pct_20,SPX,20,False,ES_fwd_ret_240,240,signed,-0.0017983035947065848,0.0017983035947065848,1147164
SPY_pct_60_per_ESvol,SPY,60,True,ES_fwd_up_12,12,binary,-0.001794014335882789,0.001794014335882789,1088885
ES_minus_SPX_pct_300,ES_minus_SPX,300,False,ES_fwd_ret_180,180,signed,0.0017928656442183285,0.0017928656442183285,1089304
ES_minus_SPY_pct_5,ES_minus_SPY,5,False,ES_fwd_up_12,12,binary,-0.001790204358456051,0.001790204358456051,1104594
ES_minus_SPY_pct_360_per_ESvol,ES_minus_SPY,360,True,ES_fwd_ret_180,180,signed,0.0017898294444620877,0.0017898294444620877,1054700
SPY_minus_SPX_pct_360_per_ESvol,SPY_minus_SPX,360,True,ES_fwd_ret_12,12,signed,0.0017881547859187625,0.0017881547859187625,1098209
SPY_minus_SPX_pct_60,SPY_minus_SPX,60,False,ES_fwd_up_120,120,binary,-0.001787898045559771,0.001787898045559771,1123040
ES_pct_2_per_ESvol,ES,2,True,ES_fwd_ret_360,360,signed,-0.0017845630756180171,0.0017845630756180171,1100843
ES_minus_SPY_pct_60,ES_minus_SPY,60,False,ES_fwd_ret_60,60,signed,-0.0017823237940689126,0.0017823237940689126,1183984
ES_minus_SPX_pct_180_per_ESvol,ES_minus_SPX,180,True,ES_fwd_ret_120,120,signed,0.0017817052265551182,0.0017817052265551182,1116856
SPY_minus_SPX_pct_60,SPY_minus_SPX,60,False,ES_fwd_ret_360,360,signed,-0.0017766115383485489,0.0017766115383485489,1105084
SPY_minus_SPX_pct_8_per_ESvol,SPY_minus_SPX,8,True,ES_fwd_up_180,180,binary,-0.0017750208556493445,0.0017750208556493445,1123778
ES_minus_SPY_pct_240,ES_minus_SPY,240,False,ES_fwd_up_180,180,binary,-0.0017727079172591754,0.0017727079172591754,1066500
ES_pct_12_per_ESvol,ES,12,True,ES_fwd_up_240,240,binary,-0.0017713511421439392,0.0017713511421439392,1110536
SPY_minus_SPX_pct_2_per_ESvol,SPY_minus_SPX,2,True,ES_fwd_ret_120,120,signed,-0.001769327579992962,0.001769327579992962,1162958
SPX_pct_20_per_ESvol,SPX,20,True,ES_fwd_up_120,120,binary,-0.0017670154883272057,0.0017670154883272057,1131084
ES_minus_SPY_pct_120_per_ESvol,ES_minus_SPY,120,True,ES_fwd_ret_180,180,signed,0.0017637211412711378,0.0017637211412711378,1116859
SPY_pct_20_per_ESvol,SPY,20,True,ES_fwd_up_240,240,binary,-0.0017628433041119143,0.0017628433041119143,1108483
ES_minus_SPY_pct_120,ES_minus_SPY,120,False,ES_fwd_up_60,60,binary,-0.0017626928940131974,0.0017626928940131974,1112751
SPX_pct_1,SPX,1,False,ES_fwd_ret_240,240,signed,-0.0017613535603007398,0.0017613535603007398,1152161
SPY_pct_30_per_ESvol,SPY,30,True,ES_fwd_ret_120,120,signed,-0.0017605544387154673,0.0017605544387154673,1155706
ES_minus_SPX_pct_120,ES_minus_SPX,120,False,ES_fwd_ret_240,240,signed,-0.0017600325500220712,0.0017600325500220712,1120864
ES_minus_SPY_pct_8,ES_minus_SPY,8,False,ES_fwd_up_12,12,binary,-0.0017566199912749634,0.0017566199912749634,1103842
SPY_minus_SPX_pct_1,SPY_minus_SPX,1,False,ES_fwd_ret_12,12,signed,-0.0017493973093615656,0.0017493973093615656,1212125
SPY_pct_1_per_ESvol,SPY,1,True,ES_fwd_up_180,180,binary,-0.0017486767006666226,0.0017486767006666226,1125568
SPX_pct_300_per_ESvol,SPX,300,True,ES_fwd_ret_12,12,signed,-0.001745232200332411,0.001745232200332411,1113749
SPY_minus_SPX_pct_20,SPY_minus_SPX,20,False,ES_fwd_ret_60,60,signed,-0.001744178076421158,0.001744178076421158,1194504
SPY_minus_SPX_pct_300_per_ESvol,SPY_minus_SPX,300,True,ES_fwd_up_12,12,binary,0.001729130557317518,0.001729130557317518,1029338
ES_minus_SPY_pct_360_per_ESvol,ES_minus_SPY,360,True,ES_fwd_ret_360,360,signed,0.0017254097077871514,0.0017254097077871514,1008122
ES_pct_20_per_ESvol,ES,20,True,ES_fwd_up_240,240,binary,-0.001725056567561559,0.001725056567561559,1108483
ES_minus_SPY_pct_30_per_ESvol,ES_minus_SPY,30,True,ES_fwd_up_360,360,binary,0.0017226289191625015,0.0017226289191625015,1078498
ES_minus_SPY_pct_300,ES_minus_SPY,300,False,ES_fwd_ret_360,360,signed,0.0017201570530224182,0.0017201570530224182,1041964
ES_pct_5_per_ESvol,ES,5,True,ES_fwd_ret_360,360,signed,-0.001719815743218784,0.001719815743218784,1100066
ES_minus_SPY_pct_240_per_ESvol,ES_minus_SPY,240,True,ES_fwd_up_60,60,binary,0.0017161924640546637,0.0017161924640546637,1080039
SPY_pct_120_per_ESvol,SPY,120,True,ES_fwd_up_360,360,binary,-0.0017091458483158685,0.0017091458483158685,1055359
ES_minus_SPY_pct_20,ES_minus_SPY,20,False,ES_fwd_up_12,12,binary,-0.0017055209455150485,0.0017055209455150485,1100824
SPX_pct_60_per_ESvol,SPX,60,True,ES_fwd_ret_120,120,signed,-0.0017037072522751208,0.0017037072522751208,1147936
SPX_pct_60_per_ESvol,SPX,60,True,ES_fwd_up_60,60,binary,-0.0016996830244432866,0.0016996830244432866,1125854
SPY_pct_180,SPY,180,False,ES_fwd_up_60,60,binary,-0.0016965185125025336,0.0016965185125025336,1097448
SPY_minus_SPX_pct_360,SPY_minus_SPX,360,False,ES_fwd_up_120,120,binary,0.001695605633761614,0.001695605633761614,1046404
ES_minus_SPY_pct_5_per_ESvol,ES_minus_SPY,5,True,ES_fwd_up_12,12,binary,-0.0016920907993662642,0.0016920907993662642,1102621
SPX_pct_12_per_ESvol,SPX,12,True,ES_fwd_ret_12,12,signed,-0.001691435635398947,0.001691435635398947,1188340
ES_minus_SPX_pct_12_per_ESvol,ES_minus_SPX,12,True,ES_fwd_up_240,240,binary,-0.0016890645755206722,0.0016890645755206722,1110536
ES_minus_SPY_pct_120_per_ESvol,ES_minus_SPY,120,True,ES_fwd_up_120,120,binary,0.0016883094311174922,0.0016883094311174922,1105542
SPY_minus_SPX_pct_180,SPY_minus_SPX,180,False,ES_fwd_up_180,180,binary,-0.0016866953505026185,0.0016866953505026185,1081900
ES_minus_SPY_pct_300_per_ESvol,ES_minus_SPY,300,True,ES_fwd_ret_180,180,signed,0.001684354127259884,0.001684354127259884,1070240
ES_minus_SPY_pct_360_per_ESvol,ES_minus_SPY,360,True,ES_fwd_up_360,360,binary,0.0016818772446992854,0.0016818772446992854,993696
ES_pct_300_per_ESvol,ES,300,True,ES_fwd_ret_12,12,signed,-0.0016762954959021541,0.0016762954959021541,1113749
SPY_pct_180,SPY,180,False,ES_fwd_ret_120,120,signed,-0.0016755973622844154,0.0016755973622844154,1136644
SPY_pct_5_per_ESvol,SPY,5,True,ES_fwd_ret_60,60,signed,-0.001674890549016218,0.001674890549016218,1177721
SPY_pct_300_per_ESvol,SPY,300,True,ES_fwd_ret_12,12,signed,-0.001664046679271411,0.001664046679271411,1113749
SPY_minus_SPX_pct_20_per_ESvol,SPY_minus_SPX,20,True,ES_fwd_up_360,360,binary,0.0016637323009582859,0.0016637323009582859,1081065
ES_minus_SPX_pct_60,ES_minus_SPX,60,False,ES_fwd_up_120,120,binary,-0.0016624313143783417,0.0016624313143783417,1123040
ES_minus_SPY_pct_30_per_ESvol,ES_minus_SPY,30,True,ES_fwd_up_12,12,binary,-0.0016615262654720618,0.0016615262654720618,1096346
ES_pct_120_per_ESvol,ES,120,True,ES_fwd_up_360,360,binary,-0.0016611017812631734,0.0016611017812631734,1055359
ES_minus_SPY_pct_45_per_ESvol,ES_minus_SPY,45,True,ES_fwd_up_240,240,binary,0.00165857967102593,0.00165857967102593,1102054
ES_minus_SPX_pct_12,ES_minus_SPX,12,False,ES_fwd_up_60,60,binary,-0.001641388396223103,0.001641388396223103,1140208
ES_minus_SPX_pct_360_per_ESvol,ES_minus_SPX,360,True,ES_fwd_ret_12,12,signed,0.0016372587848947112,0.0016372587848947112,1098209
ES_minus_SPY_pct_20_per_ESvol,ES_minus_SPY,20,True,ES_fwd_up_12,12,binary,-0.0016371377915396642,0.0016371377915396642,1098851
ES_pct_180,ES,180,False,ES_fwd_up_60,60,binary,-0.001636599599036566,0.001636599599036566,1097448
SPY_minus_SPX_pct_240_per_ESvol,SPY_minus_SPX,240,True,ES_fwd_ret_60,60,signed,0.0016360250121584014,0.0016360250121584014,1116857
SPY_pct_12_per_ESvol,SPY,12,True,ES_fwd_ret_180,180,signed,-0.0016323332068959608,0.0016323332068959608,1144831
ES_pct_2_per_ESvol,ES,2,True,ES_fwd_up_360,360,binary,-0.0016199835474893733,0.0016199835474893733,1085680
ES_minus_SPY_pct_45_per_ESvol,ES_minus_SPY,45,True,ES_fwd_ret_360,360,signed,0.001618703932311519,0.001618703932311519,1089706
SPY_minus_SPX_pct_180_per_ESvol,SPY_minus_SPX,180,True,ES_fwd_up_120,120,binary,0.001615083750487236,0.001615083750487236,1090196
ES_pct_180,ES,180,False,ES_fwd_ret_120,120,signed,-0.0016067738553892273,0.0016067738553892273,1136644
SPY_minus_SPX_pct_12,SPY_minus_SPX,12,False,ES_fwd_up_180,180,binary,-0.0016020098501671304,0.0016020098501671304,1124940
ES_minus_SPX_pct_1_per_ESvol,ES_minus_SPX,1,True,ES_fwd_up_12,12,binary,-0.0015990502344962597,0.0015990502344962597,1103634
ES_pct_12_per_ESvol,ES,12,True,ES_fwd_ret_12,12,signed,-0.0015983826941816225,0.0015983826941816225,1188340
SPY_minus_SPX_pct_20,SPY_minus_SPX,20,False,ES_fwd_up_180,180,binary,-0.0015977740068524216,0.0015977740068524216,1122883
ES_pct_90_per_ESvol,ES,90,True,ES_fwd_up_60,60,binary,-0.0015967242959617272,0.0015967242959617272,1118242
ES_minus_SPX_pct_45,ES_minus_SPX,45,False,ES_fwd_up_360,360,binary,-0.001596371674497242,0.001596371674497242,1076825
ES_minus_SPY_pct_90_per_ESvol,ES_minus_SPY,90,True,ES_fwd_ret_60,60,signed,-0.0015960061650020754,0.0015960061650020754,1155706
ES_minus_SPX_pct_90_per_ESvol,ES_minus_SPX,90,True,ES_fwd_up_360,360,binary,0.0015938410254222157,0.0015938410254222157,1063084
ES_minus_SPY_pct_120_per_ESvol,ES_minus_SPY,120,True,ES_fwd_ret_240,240,signed,0.0015844801336853834,0.0015844801336853834,1101329
SPX_pct_60_per_ESvol,SPX,60,True,ES_fwd_up_12,12,binary,-0.0015803731591539957,0.0015803731591539957,1088885
SPY_minus_SPX_pct_45_per_ESvol,SPY_minus_SPX,45,True,ES_fwd_up_60,60,binary,-0.0015780482355322956,0.0015780482355322956,1129664
ES_minus_SPY_pct_240_per_ESvol,ES_minus_SPY,240,True,ES_fwd_ret_240,240,signed,0.0015752035484583762,0.0015752035484583762,1070250
SPY_minus_SPX_pct_12_per_ESvol,SPY_minus_SPX,12,True,ES_fwd_up_12,12,binary,-0.00157387145563515,0.00157387145563515,1100862
ES_minus_SPX_pct_60,ES_minus_SPX,60,False,ES_fwd_ret_360,360,signed,-0.0015696130273735952,0.0015696130273735952,1105084
ES_minus_SPX_pct_180,ES_minus_SPX,180,False,ES_fwd_ret_180,180,signed,-0.001565408498323162,0.001565408498323162,1120864
ES_pct_90_per_ESvol,ES,90,True,ES_fwd_ret_12,12,signed,-0.0015556011075693735,0.0015556011075693735,1168138
ES_minus_SPX_pct_30_per_ESvol,ES_minus_SPX,30,True,ES_fwd_ret_120,120,signed,-0.001554006038335388,0.001554006038335388,1155706
ES_minus_SPX_pct_240,ES_minus_SPX,240,False,ES_fwd_up_60,60,binary,-0.0015534750057816168,0.0015534750057816168,1082175
SPY_minus_SPX_pct_360_per_ESvol,SPY_minus_SPX,360,True,ES_fwd_up_12,12,binary,0.0015519556104280426,0.0015519556104280426,1014572
ES_minus_SPX_pct_8,ES_minus_SPX,8,False,ES_fwd_up_240,240,binary,-0.001551952483574147,0.001551952483574147,1113761
SPX_pct_180,SPX,180,False,ES_fwd_ret_240,240,signed,0.001548908204799079,0.001548908204799079,1105084
SPY_minus_SPX_pct_8,SPY_minus_SPX,8,False,ES_fwd_up_240,240,binary,-0.0015414552546264995,0.0015414552546264995,1113761
SPY_pct_180,SPY,180,False,ES_fwd_ret_240,240,signed,0.0015405022992148979,0.0015405022992148979,1105084
ES_minus_SPY_pct_240,ES_minus_SPY,240,False,ES_fwd_ret_360,360,signed,0.0015388980528357966,0.0015388980528357966,1057744
SPY_minus_SPX_pct_8,SPY_minus_SPX,8,False,ES_fwd_ret_180,180,signed,-0.0015368338584704768,0.0015368338584704768,1166100
ES_minus_SPY_pct_180_per_ESvol,ES_minus_SPY,180,True,ES_fwd_up_60,60,binary,0.0015354264778999665,0.0015354264778999665,1095311
ES_minus_SPX_pct_20,ES_minus_SPX,20,False,ES_fwd_up_180,180,binary,-0.0015351626329505146,0.0015351626329505146,1122883
SPY_pct_30_per_ESvol,SPY,30,True,ES_fwd_up_240,240,binary,-0.0015350589200105289,0.0015350589200105289,1105912
ES_pct_180,ES,180,False,ES_fwd_ret_240,240,signed,0.0015335154686766076,0.0015335154686766076,1105084
ES_minus_SPX_pct_240_per_ESvol,ES_minus_SPX,240,True,ES_fwd_ret_60,60,signed,0.0015309244497081719,0.0015309244497081719,1116857
SPY_minus_SPX_pct_60,SPY_minus_SPX,60,False,ES_fwd_ret_12,12,signed,-0.0015303206835381008,0.0015303206835381008,1196608
SPX_pct_180_per_ESvol,SPX,180,True,ES_fwd_up_120,120,binary,-0.0015292681395306983,0.0015292681395306983,1090196
ES_pct_5_per_ESvol,ES,5,True,ES_fwd_ret_60,60,signed,-0.0015269898593029995,0.0015269898593029995,1177721
SPY_pct_90_per_ESvol,SPY,90,True,ES_fwd_up_60,60,binary,-0.0015267283951619435,0.0015267283951619435,1118242
ES_pct_3_per_ESvol,ES,3,True,ES_fwd_ret_360,360,signed,-0.0015250223168514062,0.0015250223168514062,1100584
SPY_minus_SPX_pct_120,SPY_minus_SPX,120,False,ES_fwd_up_240,240,binary,0.001523929971627717,0.001523929971627717,1084999
ES_minus_SPY_pct_30_per_ESvol,ES_minus_SPY,30,True,ES_fwd_ret_12,12,signed,-0.0015237559281330005,0.0015237559281330005,1183678
SPY_minus_SPX_pct_8,SPY_minus_SPX,8,False,ES_fwd_ret_120,120,signed,-0.0015212777770388527,0.0015212777770388527,1181880
ES_minus_SPY_pct_45,ES_minus_SPY,45,False,ES_fwd_ret_60,60,signed,-0.0015199669613685087,0.0015199669613685087,1187929
ES_pct_8_per_ESvol,ES,8,True,ES_fwd_ret_180,180,signed,-0.001518264075152362,0.001518264075152362,1145867
ES_minus_SPX_pct_20_per_ESvol,ES_minus_SPX,20,True,ES_fwd_ret_120,120,signed,-0.0015180570572568563,0.0015180570572568563,1158296
ES_minus_SPX_pct_360_per_ESvol,ES_minus_SPX,360,True,ES_fwd_up_12,12,binary,0.0015174233221626069,0.0015174233221626069,1014572
ES_minus_SPX_pct_90_per_ESvol,ES_minus_SPX,90,True,ES_fwd_ret_12,12,signed,-0.001516380559120632,0.001516380559120632,1168138
SPY_pct_2_per_ESvol,SPY,2,True,ES_fwd_ret_240,240,signed,-0.0015162053224985201,0.0015162053224985201,1131891
ES_minus_SPX_pct_300,ES_minus_SPX,300,False,ES_fwd_ret_120,120,signed,0.001515956841135816,0.001515956841135816,1105084
SPY_minus_SPX_pct_120,SPY_minus_SPX,120,False,ES_fwd_ret_360,360,signed,-0.0015148476679765267,0.0015148476679765267,1089304
ES_minus_SPX_pct_45_per_ESvol,ES_minus_SPX,45,True,ES_fwd_up_60,60,binary,-0.0015090138945564407,0.0015090138945564407,1129664
ES_minus_SPX_pct_120_per_ESvol,ES_minus_SPX,120,True,ES_fwd_up_120,120,binary,0.0015089572172271588,0.0015089572172271588,1105542
SPY_minus_SPX_pct_8_per_ESvol,SPY_minus_SPX,8,True,ES_fwd_up_12,12,binary,-0.0015080345254378622,0.0015080345254378622,1101869
ES_minus_SPX_pct_30_per_ESvol,ES_minus_SPX,30,True,ES_fwd_up_12,12,binary,-0.0015047937831610028,0.0015047937831610028,1096346
ES_minus_SPY_pct_3_per_ESvol,ES_minus_SPY,3,True,ES_fwd_ret_240,240,signed,0.0015014874301951143,0.0015014874301951143,1131632
SPY_pct_12_per_ESvol,SPY,12,True,ES_fwd_ret_240,240,signed,-0.001500552891048674,0.001500552891048674,1129301
ES_minus_SPY_pct_12_per_ESvol,ES_minus_SPY,12,True,ES_fwd_up_120,120,binary,0.0015004461174449358,0.0015004461174449358,1133127
SPX_pct_5_per_ESvol,SPX,5,True,ES_fwd_ret_240,240,signed,-0.00149987152430721,0.00149987152430721,1131114
ES_minus_SPY_pct_60_per_ESvol,ES_minus_SPY,60,True,ES_fwd_up_180,180,binary,0.0014987802917978612,0.0014987802917978612,1110471
ES_minus_SPX_pct_8,ES_minus_SPX,8,False,ES_fwd_ret_120,120,signed,-0.0014970944890414385,0.0014970944890414385,1181880
ES_pct_3_per_ESvol,ES,3,True,ES_fwd_up_360,360,binary,-0.0014948691728461623,0.0014948691728461623,1085425
SPY_pct_240,SPY,240,False,ES_fwd_ret_180,180,signed,0.0014942561718632962,0.0014942561718632962,1105084
SPY_pct_12_per_ESvol,SPY,12,True,ES_fwd_ret_12,12,signed,-0.001492945543662359,0.001492945543662359,1188340
SPY_pct_120_per_ESvol,SPY,120,True,ES_fwd_up_240,240,binary,-0.0014922552404953696,0.0014922552404953696,1082804
ES_minus_SPX_pct_20_per_ESvol,ES_minus_SPX,20,True,ES_fwd_ret_60,60,signed,-0.0014887377382593917,0.0014887377382593917,1173836
ES_minus_SPY_pct_120_per_ESvol,ES_minus_SPY,120,True,ES_fwd_up_180,180,binary,0.0014876432985703127,0.0014876432985703127,1095057
SPY_minus_SPX_pct_2_per_ESvol,SPY_minus_SPX,2,True,ES_fwd_ret_180,180,signed,-0.0014862656805026654,0.0014862656805026654,1147421
SPY_minus_SPX_pct_1_per_ESvol,SPY_minus_SPX,1,True,ES_fwd_ret_12,12,signed,-0.0014811609818332129,0.0014811609818332129,1191189
ES_pct_240,ES,240,False,ES_fwd_ret_180,180,signed,0.0014811355885100226,0.0014811355885100226,1105084
ES_minus_SPX_pct_60_per_ESvol,ES_minus_SPX,60,True,ES_fwd_up_180,180,binary,-0.0014808177682262922,0.0014808177682262922,1110471
ES_minus_SPY_pct_45_per_ESvol,ES_minus_SPY,45,True,ES_fwd_ret_240,240,signed,0.00148076492853934,0.00148076492853934,1120754
ES_pct_8_per_ESvol,ES,8,True,ES_fwd_ret_240,240,signed,-0.0014791686241520346,0.0014791686241520346,1130337
SPX_pct_20_per_ESvol,SPX,20,True,ES_fwd_up_240,240,binary,-0.0014783524076712282,0.0014783524076712282,1108483
SPX_pct_300,SPX,300,False,ES_fwd_up_180,180,binary,-0.001477841724181909,0.001477841724181909,1051132
ES_minus_SPY_pct_60_per_ESvol,ES_minus_SPY,60,True,ES_fwd_ret_12,12,signed,-0.0014772909456046942,0.0014772909456046942,1175908
ES_minus_SPX_pct_120_per_ESvol,ES_minus_SPX,120,True,ES_fwd_ret_60,60,signed,-0.0014738423625331428,0.0014738423625331428,1147936
ES_minus_SPY_pct_3_per_ESvol,ES_minus_SPY,3,True,ES_fwd_up_360,360,binary,0.001473348576329768,0.001473348576329768,1085425
ES_minus_SPX_pct_90_per_ESvol,ES_minus_SPX,90,True,ES_fwd_ret_120,120,signed,-0.0014703595662390978,0.0014703595662390978,1140166
SPY_minus_SPX_pct_12_per_ESvol,SPY_minus_SPX,12,True,ES_fwd_up_60,60,binary,-0.0014673775626773146,0.0014673775626773146,1138071
ES_minus_SPX_pct_90_per_ESvol,ES_minus_SPX,90,True,ES_fwd_ret_240,240,signed,0.0014670881450634418,0.0014670881450634418,1109099
ES_minus_SPX_pct_1_per_ESvol,ES_minus_SPX,1,True,ES_fwd_ret_12,12,signed,-0.0014657513187291862,0.0014657513187291862,1191189
SPX_pct_90_per_ESvol,SPX,90,True,ES_fwd_up_60,60,binary,-0.0014653675566102889,0.0014653675566102889,1118242
ES_minus_SPY_pct_180,ES_minus_SPY,180,False,ES_fwd_ret_360,360,signed,0.0014650315390509002,0.0014650315390509002,1073524
ES_minus_SPX_pct_60_per_ESvol,ES_minus_SPX,60,True,ES_fwd_ret_180,180,signed,-0.0014609747744375905,0.0014609747744375905,1132399
ES_minus_SPX_pct_8,ES_minus_SPX,8,False,ES_fwd_ret_180,180,signed,-0.0014606417111576607,0.0014606417111576607,1166100
ES_minus_SPY_pct_90_per_ESvol,ES_minus_SPY,90,True,ES_fwd_up_12,12,binary,-0.0014571146770682355,0.0014571146770682355,1081453
SPY_minus_SPX_pct_8_per_ESvol,SPY_minus_SPX,8,True,ES_fwd_ret_240,240,signed,-0.0014563047364849226,0.0014563047364849226,1130337
SPY_minus_SPX_pct_5,SPY_minus_SPX,5,False,ES_fwd_up_240,240,binary,-0.00145560805829277,0.00145560805829277,1114535
SPX_pct_120,SPX,120,False,ES_fwd_ret_240,240,signed,0.0014548911157195555,0.0014548911157195555,1120864
SPX_pct_8_per_ESvol,SPX,8,True,ES_fwd_ret_180,180,signed,-0.0014523577169536764,0.0014523577169536764,1145867
ES_minus_SPX_pct_12_per_ESvol,ES_minus_SPX,12,True,ES_fwd_up_120,120,binary,-0.0014512915520097885,0.0014512915520097885,1133127
SPY_pct_360_per_ESvol,SPY,360,True,ES_fwd_up_180,180,binary,-0.0014503665698152794,0.0014503665698152794,1033579
ES_pct_12_per_ESvol,ES,12,True,ES_fwd_ret_180,180,signed,-0.001443814096155914,0.001443814096155914,1144831
SPX_pct_30_per_ESvol,SPX,30,True,ES_fwd_ret_120,120,signed,-0.001442882623284285,0.001442882623284285,1155706
ES_minus_SPY_pct_60_per_ESvol,ES_minus_SPY,60,True,ES_fwd_ret_240,240,signed,0.0014407919517764088,0.0014407919517764088,1116869
ES_minus_SPY_pct_90,ES_minus_SPY,90,False,ES_fwd_up_120,120,binary,0.0014378294277951188,0.0014378294277951188,1115385
SPY_pct_90_per_ESvol,SPY,90,True,ES_fwd_ret_12,12,signed,-0.0014360755031833196,0.0014360755031833196,1168138
ES_pct_2_per_ESvol,ES,2,True,ES_fwd_up_180,180,binary,-0.0014351969904565255,0.0014351969904565255,1125313
SPY_pct_1_per_ESvol,SPY,1,True,ES_fwd_ret_360,360,signed,-0.0014336869661256903,0.0014336869661256903,1101102
SPX_pct_1_per_ESvol,SPX,1,True,ES_fwd_up_180,180,binary,-0.0014325597759611115,0.0014325597759611115,1125568
ES_pct_240,ES,240,False,ES_fwd_ret_120,120,signed,0.0014299755411355832,0.0014299755411355832,1120864
ES_minus_SPY_pct_30_per_ESvol,ES_minus_SPY,30,True,ES_fwd_ret_60,60,signed,-0.0014271134819096392,0.0014271134819096392,1171246
ES_pct_1_per_ESvol,ES,1,True,ES_fwd_up_180,180,binary,-0.0014234325079934807,0.0014234325079934807,1125568
SPY_minus_SPX_pct_20_per_ESvol,SPY_minus_SPX,20,True,ES_fwd_up_180,180,binary,-0.001418434315032931,0.001418434315032931,1120694
SPY_pct_8_per_ESvol,SPY,8,True,ES_fwd_ret_120,120,signed,-0.0014183511374103726,0.0014183511374103726,1161404
SPY_minus_SPX_pct_90_per_ESvol,SPY_minus_SPX,90,True,ES_fwd_ret_120,120,signed,-0.001417584212029904,0.001417584212029904,1140166
SPY_minus_SPX_pct_60_per_ESvol,SPY_minus_SPX,60,True,ES_fwd_ret_12,12,signed,-0.0014155383252813676,0.0014155383252813676,1175908
SPY_pct_240,SPY,240,False,ES_fwd_ret_120,120,signed,0.001413825645003872,0.001413825645003872,1120864
ES_pct_30_per_ESvol,ES,30,True,ES_fwd_up_240,240,binary,-0.0014132462184305934,0.0014132462184305934,1105912
ES_minus_SPX_pct_1_per_ESvol,ES_minus_SPX,1,True,ES_fwd_up_360,360,binary,0.0014102826527512674,0.0014102826527512674,1085939
SPX_pct_300_per_ESvol,SPX,300,True,ES_fwd_up_180,180,binary,-0.0014087120134760596,0.0014087120134760596,1048944
SPY_minus_SPX_pct_20_per_ESvol,SPY_minus_SPX,20,True,ES_fwd_up_60,60,binary,-0.0014074586797820023,0.0014074586797820023,1136034
ES_minus_SPX_pct_30,ES_minus_SPX,30,False,ES_fwd_up_360,360,binary,-0.0014071851699600083,0.0014071851699600083,1080665
ES_minus_SPX_pct_5,ES_minus_SPX,5,False,ES_fwd_up_240,240,binary,-0.0014070774693372976,0.0014070774693372976,1114535
ES_minus_SPY_pct_90,ES_minus_SPY,90,False,ES_fwd_ret_60,60,signed,-0.0014033025223219972,0.0014033025223219972,1176094
ES_minus_SPX_pct_180,ES_minus_SPX,180,False,ES_fwd_up_180,180,binary,-0.0014004868396451438,0.0014004868396451438,1081900
SPY_minus_SPX_pct_1_per_ESvol,SPY_minus_SPX,1,True,ES_fwd_up_12,12,binary,-0.0013988958565816084,0.0013988958565816084,1103634
ES_pct_60,ES,60,False,ES_fwd_up_12,12,binary,-0.0013965545607818337,0.0013965545607818337,1090858
ES_pct_120_per_ESvol,ES,120,True,ES_fwd_up_240,240,binary,-0.0013929280076228842,0.0013929280076228842,1082804
SPY_pct_1_per_ESvol,SPY,1,True,ES_fwd_ret_240,240,signed,-0.0013918234113895723,0.0013918234113895723,1132150
SPY_minus_SPX_pct_45,SPY_minus_SPX,45,False,ES_fwd_up_360,360,binary,-0.0013910372763247495,0.0013910372763247495,1076825
SPY_minus_SPX_pct_5_per_ESvol,SPY_minus_SPX,5,True,ES_fwd_ret_12,12,signed,0.0013868192329877132,0.0013868192329877132,1190153
ES_minus_SPY_pct_60_per_ESvol,ES_minus_SPY,60,True,ES_fwd_up_12,12,binary,-0.001383488803258733,0.001383488803258733,1088885
SPY_pct_360,SPY,360,False,ES_fwd_up_120,120,binary,0.0013818002725315655,0.0013818002725315655,1046404
ES_minus_SPY_pct_240_per_ESvol,ES_minus_SPY,240,True,ES_fwd_ret_180,180,signed,0.0013810935000069448,0.0013810935000069448,1085780
SPX_pct_180_per_ESvol,SPX,180,True,ES_fwd_up_60,60,binary,-0.0013792915798055585,0.0013792915798055585,1095311
SPY_pct_5_per_ESvol,SPY,5,True,ES_fwd_ret_240,240,signed,-0.001378671066236063,0.001378671066236063,1131114
SPX_pct_8_per_ESvol,SPX,8,True,ES_fwd_ret_12,12,signed,-0.0013739853267940084,0.0013739853267940084,1189376
ES_minus_SPX_pct_12,ES_minus_SPX,12,False,ES_fwd_up_180,180,binary,-0.0013720041014278592,0.0013720041014278592,1124940
SPY_pct_2_per_ESvol,SPY,2,True,ES_fwd_ret_120,120,signed,-0.001370453320862506,0.001370453320862506,1162958
ES_pct_60_per_ESvol,ES,60,True,ES_fwd_ret_60,60,signed,-0.0013681606109096293,0.0013681606109096293,1163476
ES_minus_SPX_pct_60_per_ESvol,ES_minus_SPX,60,True,ES_fwd_up_60,60,binary,-0.0013663217768298498,0.0013663217768298498,1125854
SPY_pct_180_per_ESvol,SPY,180,True,ES_fwd_up_120,120,binary,-0.0013663181550172894,0.0013663181550172894,1090196
SPY_pct_90_per_ESvol,SPY,90,True,ES_fwd_up_180,180,binary,-0.001365808637231369,0.001365808637231369,1102764
ES_pct_8_per_ESvol,ES,8,True,ES_fwd_ret_12,12,signed,-0.0013632054177233556,0.0013632054177233556,1189376
ES_minus_SPX_pct_120,ES_minus_SPX,120,False,ES_fwd_up_240,240,binary,0.0013594167432023053,0.0013594167432023053,1084999
ES_minus_SPX_pct_3,ES_minus_SPX,3,False,ES_fwd_ret_12,12,signed,-0.0013581126434046146,0.0013581126434046146,1211599
SPY_pct_2_per_ESvol,SPY,2,True,ES_fwd_ret_180,180,signed,-0.001357484308209353,0.001357484308209353,1147421
SPY_minus_SPX_pct_30_per_ESvol,SPY_minus_SPX,30,True,ES_fwd_ret_120,120,signed,-0.001357137656866072,0.001357137656866072,1155706
ES_pct_360,ES,360,False,ES_fwd_up_120,120,binary,0.0013557910030903755,0.0013557910030903755,1046404
SPY_minus_SPX_pct_3,SPY_minus_SPX,3,False,ES_fwd_up_240,240,binary,-0.001349687727779998,0.001349687727779998,1115047
SPX_pct_240,SPX,240,False,ES_fwd_ret_180,180,signed,0.0013423818492697187,0.0013423818492697187,1105084
ES_pct_360_per_ESvol,ES,360,True,ES_fwd_up_180,180,binary,-0.0013400790659734245,0.0013400790659734245,1033579
SPY_pct_180_per_ESvol,SPY,180,True,ES_fwd_up_60,60,binary,-0.0013388571160248977,0.0013388571160248977,1095311
ES_minus_SPY_pct_12_per_ESvol,ES_minus_SPY,12,True,ES_fwd_up_60,60,binary,0.001334880814133054,0.001334880814133054,1138071
ES_minus_SPY_pct_90_per_ESvol,ES_minus_SPY,90,True,ES_fwd_ret_12,12,signed,-0.0013345959659945767,0.0013345959659945767,1168138
ES_minus_SPY_pct_60_per_ESvol,ES_minus_SPY,60,True,ES_fwd_up_120,120,binary,0.0013335947473888533,0.0013335947473888533,1120869
ES_minus_SPY_pct_12,ES_minus_SPY,12,False,ES_fwd_up_12,12,binary,-0.001329847126033354,0.001329847126033354,1102835
ES_minus_SPX_pct_30_per_ESvol,ES_minus_SPX,30,True,ES_fwd_ret_60,60,signed,-0.001325467042745338,0.001325467042745338,1171246
ES_pct_90_per_ESvol,ES,90,True,ES_fwd_up_180,180,binary,-0.0013213714509994847,0.0013213714509994847,1102764
ES_minus_SPX_pct_30_per_ESvol,ES_minus_SPX,30,True,ES_fwd_up_360,360,binary,0.0013175065481947211,0.0013175065481947211,1078498
SPX_pct_8_per_ESvol,SPX,8,True,ES_fwd_ret_240,240,signed,-0.0013158621391221913,0.0013158621391221913,1130337
SPX_pct_5_per_ESvol,SPX,5,True,ES_fwd_ret_180,180,signed,-0.0013138318659912391,0.0013138318659912391,1146644
ES_minus_SPX_pct_2_per_ESvol,ES_minus_SPX,2,True,ES_fwd_up_180,180,binary,-0.0013121207640954024,0.0013121207640954024,1125313
ES_minus_SPX_pct_45_per_ESvol,ES_minus_SPX,45,True,ES_fwd_ret_12,12,signed,-0.0013109951483838863,0.0013109951483838863,1179793
ES_minus_SPY_pct_240,ES_minus_SPY,240,False,ES_fwd_up_120,120,binary,0.0013092118183573875,0.0013092118183573875,1077039
SPX_pct_90_per_ESvol,SPX,90,True,ES_fwd_ret_12,12,signed,-0.0013054249606437734,0.0013054249606437734,1168138
SPY_minus_SPX_pct_90,SPY_minus_SPX,90,False,ES_fwd_up_60,60,binary,-0.0013036268258984885,0.0013036268258984885,1120379
SPX_pct_12_per_ESvol,SPX,12,True,ES_fwd_ret_180,180,signed,-0.00129964757730063,0.00129964757730063,1144831
SPY_minus_SPX_pct_360,SPY_minus_SPX,360,False,ES_fwd_up_12,12,binary,-0.0012994152148429184,0.0012994152148429184,1016544
ES_minus_SPX_pct_300_per_ESvol,ES_minus_SPX,300,True,ES_fwd_up_12,12,binary,0.0012986623668363633,0.0012986623668363633,1029338
ES_minus_SPY_pct_240_per_ESvol,ES_minus_SPY,240,True,ES_fwd_up_180,180,binary,0.0012983549352161509,0.0012983549352161509,1064312
ES_minus_SPY_pct_45_per_ESvol,ES_minus_SPY,45,True,ES_fwd_ret_60,60,signed,-0.001293984886900965,0.001293984886900965,1167361
ES_minus_SPY_pct_30,ES_minus_SPY,30,False,ES_fwd_ret_12,12,signed,-0.0012895841987801346,0.0012895841987801346,1204498
SPX_pct_360,SPX,360,False,ES_fwd_up_120,120,binary,0.0012828253723669914,0.0012828253723669914,1046404
SPY_minus_SPX_pct_180,SPY_minus_SPX,180,False,ES_fwd_up_360,360,binary,-0.0012824428800660608,0.0012824428800660608,1042095
SPY_pct_240_per_ESvol,SPY,240,True,ES_fwd_ret_12,12,signed,-0.0012821876402395861,0.0012821876402395861,1129289
ES_minus_SPX_pct_2_per_ESvol,ES_minus_SPX,2,True,ES_fwd_ret_120,120,signed,-0.0012819976776500966,0.0012819976776500966,1162958
SPY_minus_SPX_pct_30_per_ESvol,SPY_minus_SPX,30,True,ES_fwd_up_240,240,binary,-0.0012799329221104383,0.0012799329221104383,1105912
SPX_pct_240_per_ESvol,SPX,240,True,ES_fwd_ret_12,12,signed,-0.0012787284707136788,0.0012787284707136788,1129289
SPY_pct_60,SPY,60,False,ES_fwd_up_12,12,binary,-0.0012779974501940532,0.0012779974501940532,1090858
ES_pct_240_per_ESvol,ES,240,True,ES_fwd_ret_12,12,signed,-0.001277780653830526,0.001277780653830526,1129289
ES_minus_SPY_pct_300,ES_minus_SPY,300,False,ES_fwd_up_12,12,binary,-0.0012776148839429122,0.0012776148839429122,1031310
ES_minus_SPX_pct_180_per_ESvol,ES_minus_SPX,180,True,ES_fwd_up_60,60,binary,0.0012769715159859994,0.0012769715159859994,1095311
SPY_minus_SPX_pct_180_per_ESvol,SPY_minus_SPX,180,True,ES_fwd_ret_120,120,signed,0.0012684490296621111,0.0012684490296621111,1116856
ES_minus_SPY_pct_3_per_ESvol,ES_minus_SPY,3,True,ES_fwd_up_240,240,binary,0.001265011256121783,0.001265011256121783,1112852
SPY_minus_SPX_pct_30_per_ESvol,SPY_minus_SPX,30,True,ES_fwd_ret_240,240,signed,-0.0012647402543383478,0.0012647402543383478,1124639
ES_pct_120_per_ESvol,ES,120,True,ES_fwd_ret_60,60,signed,-0.0012631065286009449,0.0012631065286009449,1147936
SPX_pct_90,SPX,90,False,ES_fwd_up_12,12,binary,0.0012590227901578173,0.0012590227901578173,1083426
SPX_pct_240,SPX,240,False,ES_fwd_ret_120,120,signed,0.0012570648236223821,0.0012570648236223821,1120864
ES_minus_SPX_pct_3,ES_minus_SPX,3,False,ES_fwd_up_240,240,binary,-0.0012561406904635177,0.0012561406904635177,1115047
ES_minus_SPX_pct_360,ES_minus_SPX,360,False,ES_fwd_up_120,120,binary,0.0012541566087469482,0.0012541566087469482,1046404
ES_minus_SPY_pct_300_per_ESvol,ES_minus_SPY,300,True,ES_fwd_ret_120,120,signed,0.001253145682572683,0.001253145682572683,1085777
SPY_pct_2_per_ESvol,SPY,2,True,ES_fwd_up_240,240,binary,-0.0012509344516743583,0.0012509344516743583,1113108
ES_minus_SPX_pct_120_per_ESvol,ES_minus_SPX,120,True,ES_fwd_up_180,180,binary,0.0012482012863968346,0.0012482012863968346,1095057
ES_minus_SPX_pct_240,ES_minus_SPX,240,False,ES_fwd_ret_120,120,signed,0.001248147981172927,0.001248147981172927,1120864
ES_minus_SPY_pct_3_per_ESvol,ES_minus_SPY,3,True,ES_fwd_up_180,180,binary,0.0012431831524972502,0.0012431831524972502,1125059
ES_minus_SPY_pct_30,ES_minus_SPY,30,False,ES_fwd_up_120,120,binary,-0.0012419913457887876,0.0012419913457887876,1130701
ES_minus_SPX_pct_60_per_ESvol,ES_minus_SPX,60,True,ES_fwd_up_120,120,binary,-0.0012415631770719138,0.0012415631770719138,1120869
SPY_minus_SPX_pct_30,SPY_minus_SPX,30,False,ES_fwd_up_360,360,binary,-0.0012404882231927979,0.0012404882231927979,1080665
SPY_minus_SPX_pct_90,SPY_minus_SPX,90,False,ES_fwd_ret_360,360,signed,-0.001239462932339318,0.001239462932339318,1097194
SPX_pct_60,SPX,60,False,ES_fwd_ret_240,240,signed,0.0012381361982755513,0.0012381361982755513,1136644
ES_minus_SPY_pct_20,ES_minus_SPY,20,False,ES_fwd_ret_60,60,signed,-0.0012378548466731405,0.0012378548466731405,1194504
SPY_minus_SPX_pct_8,SPY_minus_SPX,8,False,ES_fwd_up_180,180,binary,-0.001235232891438457,0.001235232891438457,1125967
ES_minus_SPY_pct_12_per_ESvol,ES_minus_SPY,12,True,ES_fwd_up_12,12,binary,-0.0012352117006656645,0.0012352117006656645,1100862
SPX_pct_30_per_ESvol,SPX,30,True,ES_fwd_up_240,240,binary,-0.0012345327940396715,0.0012345327940396715,1105912
ES_minus_SPY_pct_360_per_ESvol,ES_minus_SPY,360,True,ES_fwd_ret_120,120,signed,0.001233652840738567,0.001233652840738567,1070237
SPY_minus_SPX_pct_2_per_ESvol,SPY_minus_SPX,2,True,ES_fwd_ret_240,240,signed,-0.0012334875597729803,0.0012334875597729803,1131891
ES_minus_SPX_pct_20_per_ESvol,ES_minus_SPX,20,True,ES_fwd_up_60,60,binary,-0.0012329797057783177,0.0012329797057783177,1136034
ES_minus_SPY_pct_90_per_ESvol,ES_minus_SPY,90,True,ES_fwd_ret_240,240,signed,0.0012316732907076806,0.0012316732907076806,1109099
SPY_pct_120,SPY,120,False,ES_fwd_ret_240,240,signed,0.001228740739488394,0.001228740739488394,1120864
ES_pct_12_per_ESvol,ES,12,True,ES_fwd_ret_240,240,signed,-0.0012284603084204218,0.0012284603084204218,1129301
SPY_pct_3_per_ESvol,SPY,3,True,ES_fwd_up_240,240,binary,-0.0012269688972906963,0.0012269688972906963,1112852
SPY_minus_SPX_pct_60_per_ESvol,SPY_minus_SPX,60,True,ES_fwd_up_12,12,binary,-0.001224952136468461,0.001224952136468461,1088885
SPX_pct_180,SPX,180,False,ES_fwd_up_120,120,binary,0.001223925503548694,0.001223925503548694,1092367
ES_minus_SPX_pct_12_per_ESvol,ES_minus_SPX,12,True,ES_fwd_up_180,180,binary,-0.0012239176019259352,0.0012239176019259352,1122751
ES_minus_SPX_pct_180,ES_minus_SPX,180,False,ES_fwd_ret_360,360,signed,0.0012235691521074188,0.0012235691521074188,1073524
ES_pct_180_per_ESvol,ES,180,True,ES_fwd_up_60,60,binary,-0.001222794459918044,0.001222794459918044,1095311
SPX_pct_360_per_ESvol,SPX,360,True,ES_fwd_up_12,12,binary,-0.0012138213347367497,0.0012138213347367497,1014572
ES_pct_120,ES,120,False,ES_fwd_ret_240,240,signed,0.0012136578891045328,0.0012136578891045328,1120864
ES_minus_SPY_pct_5,ES_minus_SPY,5,False,ES_fwd_up_60,60,binary,-0.0012127911920989003,0.0012127911920989003,1142007
ES_minus_SPY_pct_120,ES_minus_SPY,120,False,ES_fwd_ret_60,60,signed,-0.0012113026602277323,0.0012113026602277323,1168204
ES_minus_SPY_pct_2,ES_minus_SPY,2,False,ES_fwd_ret_12,12,signed,-0.0012096755444646644,0.0012096755444646644,1211862
SPY_pct_120_per_ESvol,SPY,120,True,ES_fwd_up_12,12,binary,0.0012001883427636129,0.0012001883427636129,1074021
ES_minus_SPX_pct_45_per_ESvol,ES_minus_SPX,45,True,ES_fwd_up_240,240,binary,0.0011989094733432912,0.0011989094733432912,1102054
SPX_pct_12_per_ESvol,SPX,12,True,ES_fwd_ret_240,240,signed,-0.0011952753201328909,0.0011952753201328909,1129301
ES_minus_SPX_pct_45_per_ESvol,ES_minus_SPX,45,True,ES_fwd_ret_360,360,signed,0.0011934639390490925,0.0011934639390490925,1089706
SPY_pct_120_per_ESvol,SPY,120,True,ES_fwd_ret_60,60,signed,-0.0011933458501090452,0.0011933458501090452,1147936
SPY_minus_SPX_pct_20_per_ESvol,SPY_minus_SPX,20,True,ES_fwd_ret_60,60,signed,-0.0011928505074798484,0.0011928505074798484,1173836
SPX_pct_90_per_ESvol,SPX,90,True,ES_fwd_up_240,240,binary,-0.0011920386080127758,0.0011920386080127758,1090499
SPX_pct_30,SPX,30,False,ES_fwd_ret_240,240,signed,-0.0011920041905948164,0.0011920041905948164,1144534
ES_pct_8_per_ESvol,ES,8,True,ES_fwd_ret_120,120,signed,-0.0011902964082116598,0.0011902964082116598,1161404
SPX_pct_120_per_ESvol,SPX,120,True,ES_fwd_up_12,12,binary,0.0011859292227458362,0.0011859292227458362,1074021
SPY_pct_1_per_ESvol,SPY,1,True,ES_fwd_up_360,360,binary,-0.001184374795743188,0.001184374795743188,1085939
SPY_pct_5_per_ESvol,SPY,5,True,ES_fwd_ret_180,180,signed,-0.001180580636937829,0.001180580636937829,1146644
SPY_pct_60_per_ESvol,SPY,60,True,ES_fwd_up_360,360,binary,-0.0011801865127164977,0.0011801865127164977,1070806
SPY_pct_300,SPY,300,False,ES_fwd_up_180,180,binary,-0.0011766382593345636,0.0011766382593345636,1051132
ES_minus_SPY_pct_1,ES_minus_SPY,1,False,ES_fwd_up_12,12,binary,-0.0011756008997626682,0.0011756008997626682,1105607
ES_pct_1_per_ESvol,ES,1,True,ES_fwd_ret_12,12,signed,-0.0011755838754754118,0.0011755838754754118,1191189
ES_minus_SPY_pct_60_per_ESvol,ES_minus_SPY,60,True,ES_fwd_ret_360,360,signed,0.0011751606593404277,0.0011751606593404277,1085821
ES_minus_SPY_pct_1_per_ESvol,ES_minus_SPY,1,True,ES_fwd_up_360,360,binary,0.001173673358446645,0.001173673358446645,1085939
SPY_minus_SPX_pct_45_per_ESvol,SPY_minus_SPX,45,True,ES_fwd_ret_180,180,signed,-0.0011705749778681122,0.0011705749778681122,1136284
SPX_pct_12_per_ESvol,SPX,12,True,ES_fwd_up_240,240,binary,-0.0011705069665602014,0.0011705069665602014,1110536
SPY_pct_3_per_ESvol,SPY,3,True,ES_fwd_up_180,180,binary,-0.0011650824598547103,0.0011650824598547103,1125059
SPY_pct_60_per_ESvol,SPY,60,True,ES_fwd_ret_60,60,signed,-0.0011643905816544587,0.0011643905816544587,1163476
ES_minus_SPY_pct_8_per_ESvol,ES_minus_SPY,8,True,ES_fwd_up_360,360,binary,0.0011643840494463572,0.0011643840494463572,1084146
ES_minus_SPX_pct_20_per_ESvol,ES_minus_SPX,20,True,ES_fwd_ret_12,12,signed,-0.0011634915772061197,0.0011634915772061197,1186268
ES_minus_SPX_pct_20_per_ESvol,ES_minus_SPX,20,True,ES_fwd_up_120,120,binary,-0.0011611233459064986,0.0011611233459064986,1131084
ES_minus_SPX_pct_2_per_ESvol,ES_minus_SPX,2,True,ES_fwd_ret_180,180,signed,-0.0011595169522476566,0.0011595169522476566,1147421
SPY_pct_8_per_ESvol,SPY,8,True,ES_fwd_ret_12,12,signed,-0.0011587027591574122,0.0011587027591574122,1189376
ES_pct_300,ES,300,False,ES_fwd_up_180,180,binary,-0.0011559745630243248,0.0011559745630243248,1051132
ES_minus_SPY_pct_180_per_ESvol,ES_minus_SPY,180,True,ES_fwd_ret_120,120,signed,0.0011556196645778338,0.0011556196645778338,1116856
ES_minus_SPY_pct_45_per_ESvol,ES_minus_SPY,45,True,ES_fwd_up_360,360,binary,0.001154990036595232,0.001154990036595232,1074658
ES_minus_SPX_pct_8,ES_minus_SPX,8,False,ES_fwd_up_180,180,binary,-0.0011528340724664154,0.0011528340724664154,1125967
ES_minus_SPY_pct_8_per_ESvol,ES_minus_SPY,8,True,ES_fwd_up_12,12,binary,-0.0011502047794263402,0.0011502047794263402,1101869
SPX_pct_60_per_ESvol,SPX,60,True,ES_fwd_up_360,360,binary,-0.0011488655204264433,0.0011488655204264433,1070806
ES_pct_180_per_ESvol,ES,180,True,ES_fwd_up_120,120,binary,-0.0011468931356220574,0.0011468931356220574,1090196
ES_minus_SPX_pct_12_per_ESvol,ES_minus_SPX,12,True,ES_fwd_ret_120,120,signed,-0.0011466291783710863,0.0011466291783710863,1160368
ES_minus_SPY_pct_8,ES_minus_SPY,8,False,ES_fwd_up_60,60,binary,-0.0011429040275160065,0.0011429040275160065,1141239
ES_minus_SPX_pct_3_per_ESvol,ES_minus_SPX,3,True,ES_fwd_up_12,12,binary,-0.0011419710637640096,0.0011419710637640096,1103126
SPX_pct_180,SPX,180,False,ES_fwd_up_60,60,binary,-0.001138915247083357,0.001138915247083357,1097448
SPY_minus_SPX_pct_3_per_ESvol,SPY_minus_SPX,3,True,ES_fwd_up_12,12,binary,-0.0011369915331376334,0.0011369915331376334,1103126
ES_pct_2_per_ESvol,ES,2,True,ES_fwd_ret_180,180,signed,-0.001133461072896769,0.001133461072896769,1147421
ES_pct_120_per_ESvol,ES,120,True,ES_fwd_up_12,12,binary,0.001133252014954171,0.001133252014954171,1074021
ES_minus_SPY_pct_5_per_ESvol,ES_minus_SPY,5,True,ES_fwd_ret_12,12,signed,-0.0011310697781658182,0.0011310697781658182,1190153
SPY_minus_SPX_pct_8_per_ESvol,SPY_minus_SPX,8,True,ES_fwd_ret_180,180,signed,-0.0011306748840830443,0.0011306748840830443,1145867
ES_minus_SPX_pct_2,ES_minus_SPX,2,False,ES_fwd_up_240,240,binary,-0.0011237976921586543,0.0011237976921586543,1115303
SPY_minus_SPX_pct_2,SPY_minus_SPX,2,False,ES_fwd_up_240,240,binary,-0.0011232431660153329,0.0011232431660153329,1115303
SPY_minus_SPX_pct_5,SPY_minus_SPX,5,False,ES_fwd_ret_240,240,signed,-0.0011207443553433,0.0011207443553433,1151109
SPY_minus_SPX_pct_5,SPY_minus_SPX,5,False,ES_fwd_ret_120,120,signed,-0.0011191286531753164,0.0011191286531753164,1182669
SPY_pct_1_per_ESvol,SPY,1,True,ES_fwd_ret_12,12,signed,-0.0011187903969663183,0.0011187903969663183,1191189
ES_minus_SPX_pct_8,ES_minus_SPX,8,False,ES_fwd_up_60,60,binary,-0.001116763418850388,0.001116763418850388,1141239
SPY_minus_SPX_pct_8_per_ESvol,SPY_minus_SPX,8,True,ES_fwd_ret_120,120,signed,-0.0011142821399294984,0.0011142821399294984,1161404
ES_minus_SPX_pct_360,ES_minus_SPX,360,False,ES_fwd_ret_240,240,signed,0.001114083384722271,0.001114083384722271,1057744
SPY_minus_SPX_pct_90_per_ESvol,SPY_minus_SPX,90,True,ES_fwd_ret_180,180,signed,-0.0011093252192205599,0.0011093252192205599,1124629
SPY_minus_SPX_pct_45_per_ESvol,SPY_minus_SPX,45,True,ES_fwd_up_120,120,binary,-0.0011088297724968783,0.0011088297724968783,1124709
SPY_minus_SPX_pct_20_per_ESvol,SPY_minus_SPX,20,True,ES_fwd_ret_120,120,signed,-0.0011063056578540138,0.0011063056578540138,1158296
SPX_pct_3_per_ESvol,SPX,3,True,ES_fwd_up_60,60,binary,-0.0011061272451778975,0.0011061272451778975,1140381
SPY_pct_1_per_ESvol,SPY,1,True,ES_fwd_ret_180,180,signed,-0.0011035315699026184,0.0011035315699026184,1147680
SPY_pct_360_per_ESvol,SPY,360,True,ES_fwd_up_12,12,binary,-0.0010999587434503753,0.0010999587434503753,1014572
SPY_minus_SPX_pct_3,SPY_minus_SPX,3,False,ES_fwd_ret_12,12,signed,-0.00109783933375162,0.00109783933375162,1211599
SPY_minus_SPX_pct_5,SPY_minus_SPX,5,False,ES_fwd_ret_180,180,signed,-0.0010965207607436683,0.0010965207607436683,1166889
ES_minus_SPX_pct_5_per_ESvol,ES_minus_SPX,5,True,ES_fwd_up_12,12,binary,-0.0010949195111408182,0.0010949195111408182,1102621
SPX_pct_240,SPX,240,False,ES_fwd_ret_60,60,signed,0.0010890352702143673,0.0010890352702143673,1136644
ES_minus_SPX_pct_5,ES_minus_SPX,5,False,ES_fwd_ret_120,120,signed,-0.0010855629926712215,0.0010855629926712215,1182669
ES_minus_SPX_pct_20_per_ESvol,ES_minus_SPX,20,True,ES_fwd_up_180,180,binary,-0.0010836194408763114,0.0010836194408763114,1120694
ES_pct_2_per_ESvol,ES,2,True,ES_fwd_ret_240,240,signed,-0.0010835569377029225,0.0010835569377029225,1131891
SPY_pct_3_per_ESvol,SPY,3,True,ES_fwd_ret_240,240,signed,-0.0010826671450194006,0.0010826671450194006,1131632
SPY_minus_SPX_pct_300,SPY_minus_SPX,300,False,ES_fwd_ret_360,360,signed,0.0010822236181782905,0.0010822236181782905,1041964
ES_minus_SPX_pct_45,ES_minus_SPX,45,False,ES_fwd_ret_360,360,signed,-0.0010811903034213244,0.0010811903034213244,1109029
ES_minus_SPX_pct_12,ES_minus_SPX,12,False,ES_fwd_ret_60,60,signed,-0.0010796295730618542,0.0010796295730618542,1196608
SPY_minus_SPX_pct_180,SPY_minus_SPX,180,False,ES_fwd_up_240,240,binary,0.0010786272983224663,0.0010786272983224663,1069570
ES_minus_SPY_pct_60,ES_minus_SPY,60,False,ES_fwd_ret_12,12,signed,-0.0010757750079503313,0.0010757750079503313,1196608
ES_minus_SPX_pct_1_per_ESvol,ES_minus_SPX,1,True,ES_fwd_ret_120,120,signed,-0.0010750939870006943,0.0010750939870006943,1163217
ES_pct_2_per_ESvol,ES,2,True,ES_fwd_up_120,120,binary,-0.001074489368471301,0.001074489368471301,1135671
ES_pct_360_per_ESvol,ES,360,True,ES_fwd_up_12,12,binary,-0.0010740815724197869,0.0010740815724197869,1014572
ES_minus_SPY_pct_60_per_ESvol,ES_minus_SPY,60,True,ES_fwd_ret_180,180,signed,0.0010724284261021324,0.0010724284261021324,1132399
ES_minus_SPX_pct_5,ES_minus_SPX,5,False,ES_fwd_ret_180,180,signed,-0.0010695915858922732,0.0010695915858922732,1166889
ES_minus_SPX_pct_5,ES_minus_SPX,5,False,ES_fwd_ret_240,240,signed,-0.0010671022811093703,0.0010671022811093703,1151109
SPY_minus_SPX_pct_300_per_ESvol,SPY_minus_SPX,300,True,ES_fwd_ret_12,12,signed,0.0010601896444111674,0.0010601896444111674,1113749
SPY_minus_SPX_pct_3_per_ESvol,SPY_minus_SPX,3,True,ES_fwd_ret_240,240,signed,-0.0010561613569060892,0.0010561613569060892,1131632
SPY_minus_SPX_pct_120_per_ESvol,SPY_minus_SPX,120,True,ES_fwd_ret_60,60,signed,-0.0010559372468030392,0.0010559372468030392,1147936
ES_pct_3_per_ESvol,ES,3,True,ES_fwd_up_60,60,binary,-0.0010557117289962468,0.0010557117289962468,1140381
SPY_minus_SPX_pct_20_per_ESvol,SPY_minus_SPX,20,True,ES_fwd_up_240,240,binary,-0.0010533399134018755,0.0010533399134018755,1108483
ES_pct_2_per_ESvol,ES,2,True,ES_fwd_ret_120,120,signed,-0.0010524468241532624,0.0010524468241532624,1162958
SPX_pct_180,SPX,180,False,ES_fwd_ret_120,120,signed,-0.0010521161103704613,0.0010521161103704613,1136644
SPX_pct_120_per_ESvol,SPX,120,True,ES_fwd_ret_60,60,signed,-0.0010494615507305712,0.0010494615507305712,1147936
SPY_minus_SPX_pct_20_per_ESvol,SPY_minus_SPX,20,True,ES_fwd_up_120,120,binary,-0.001045325234629003,0.001045325234629003,1131084
ES_minus_SPX_pct_90_per_ESvol,ES_minus_SPX,90,True,ES_fwd_up_120,120,binary,0.0010427142653836098,0.0010427142653836098,1113214
ES_minus_SPX_pct_20,ES_minus_SPX,20,False,ES_fwd_up_360,360,binary,-0.0010424822166952273,0.0010424822166952273,1083232
ES_minus_SPY_pct_120_per_ESvol,ES_minus_SPY,120,True,ES_fwd_up_240,240,binary,0.0010421751896954794,0.0010421751896954794,1082804
ES_minus_SPX_pct_60_per_ESvol,ES_minus_SPX,60,True,ES_fwd_ret_360,360,signed,0.0010393192698653585,0.0010393192698653585,1085821
SPY_pct_120_per_ESvol,SPY,120,True,ES_fwd_up_60,60,binary,-0.0010355628126762927,0.0010355628126762927,1110614
SPY_minus_SPX_pct_45,SPY_minus_SPX,45,False,ES_fwd_ret_360,360,signed,-0.0010286795811883687,0.0010286795811883687,1109029
ES_minus_SPX_pct_90,ES_minus_SPX,90,False,ES_fwd_up_240,240,binary,-0.0010250451958315487,0.0010250451958315487,1092694
SPY_minus_SPX_pct_2_per_ESvol,SPY_minus_SPX,2,True,ES_fwd_up_240,240,binary,-0.0010247565704270434,0.0010247565704270434,1113108
SPY_minus_SPX_pct_12_per_ESvol,SPY_minus_SPX,12,True,ES_fwd_ret_180,180,signed,-0.0010247036803649621,0.0010247036803649621,1144831
ES_minus_SPY_pct_12,ES_minus_SPY,12,False,ES_fwd_up_120,120,binary,-0.0010232295721776849,0.0010232295721776849,1135298
ES_minus_SPY_pct_360,ES_minus_SPY,360,False,ES_fwd_ret_240,240,signed,0.0010203070329337393,0.0010203070329337393,1057744
ES_minus_SPX_pct_5_per_ESvol,ES_minus_SPX,5,True,ES_fwd_ret_360,360,signed,0.0010117877110433933,0.0010117877110433933,1100066
SPY_minus_SPX_pct_2,SPY_minus_SPX,2,False,ES_fwd_ret_120,120,signed,-0.0010116800396359725,0.0010116800396359725,1183458
ES_minus_SPX_pct_8_per_ESvol,ES_minus_SPX,8,True,ES_fwd_up_180,180,binary,-0.0010105431022594234,0.0010105431022594234,1123778
SPY_pct_12_per_ESvol,SPY,12,True,ES_fwd_ret_120,120,signed,-0.0010093557940290302,0.0010093557940290302,1160368
ES_minus_SPX_pct_30_per_ESvol,ES_minus_SPX,30,True,ES_fwd_up_60,60,binary,-0.0010093260566959262,0.0010093260566959262,1133480
ES_minus_SPY_pct_8_per_ESvol,ES_minus_SPY,8,True,ES_fwd_ret_240,240,signed,0.0010090913859094578,0.0010090913859094578,1130337
ES_pct_120_per_ESvol,ES,120,True,ES_fwd_up_60,60,binary,-0.0010041305618271983,0.0010041305618271983,1110614
SPY_pct_300_per_ESvol,SPY,300,True,ES_fwd_up_180,180,binary,-0.0010007822850280046,0.0010007822850280046,1048944
ES_minus_SPX_pct_2,ES_minus_SPX,2,False,ES_fwd_ret_180,180,signed,-0.0010005743261489188,0.0010005743261489188,1167678
ES_minus_SPX_pct_2,ES_minus_SPX,2,False,ES_fwd_ret_60,60,signed,-0.0009997760455805072,0.0009997760455805072,1199238
SPX_pct_8_per_ESvol,SPX,8,True,ES_fwd_ret_120,120,signed,-0.000998602069644329,0.000998602069644329,1161404
ES_minus_SPY_pct_30,ES_minus_SPY,30,False,ES_fwd_ret_120,120,signed,-0.000997911050401919,0.000997911050401919,1176094
SPY_minus_SPX_pct_20_per_ESvol,SPY_minus_SPX,20,True,ES_fwd_ret_12,12,signed,-0.0009970280274480433,0.0009970280274480433,1186268
ES_minus_SPX_pct_2,ES_minus_SPX,2,False,ES_fwd_ret_120,120,signed,-0.000996868001421294,0.000996868001421294,1183458
ES_minus_SPX_pct_45_per_ESvol,ES_minus_SPX,45,True,ES_fwd_up_360,360,binary,0.0009913105272399683,0.0009913105272399683,1074658
SPY_minus_SPX_pct_120_per_ESvol,SPY_minus_SPX,120,True,ES_fwd_ret_180,180,signed,0.000985727136320873,0.000985727136320873,1116859
SPX_pct_300_per_ESvol,SPX,300,True,ES_fwd_up_240,240,binary,-0.0009830541564150538,0.0009830541564150538,1036618
ES_minus_SPX_pct_240,ES_minus_SPX,240,False,ES_fwd_ret_180,180,signed,0.0009790065126491997,0.0009790065126491997,1105084
SPY_pct_3_per_ESvol,SPY,3,True,ES_fwd_up_60,60,binary,-0.0009779776740158439,0.0009779776740158439,1140381
ES_pct_1_per_ESvol,ES,1,True,ES_fwd_ret_120,120,signed,-0.000977976890421955,0.000977976890421955,1163217
SPY_minus_SPX_pct_1_per_ESvol,SPY_minus_SPX,1,True,ES_fwd_ret_120,120,signed,-0.0009733461623288752,0.0009733461623288752,1163217
SPY_minus_SPX_pct_12,SPY_minus_SPX,12,False,ES_fwd_up_60,60,binary,-0.0009696570693858641,0.0009696570693858641,1140208
ES_pct_5_per_ESvol,ES,5,True,ES_fwd_ret_240,240,signed,-0.0009627487093488583,0.0009627487093488583,1131114
ES_minus_SPY_pct_2_per_ESvol,ES_minus_SPY,2,True,ES_fwd_up_120,120,binary,0.0009584106172717633,0.0009584106172717633,1135671
ES_pct_300_per_ESvol,ES,300,True,ES_fwd_up_120,120,binary,0.0009579350108330403,0.0009579350108330403,1059541
ES_pct_60_per_ESvol,ES,60,True,ES_fwd_up_360,360,binary,-0.0009552968770904456,0.0009552968770904456,1070806
ES_minus_SPX_pct_2_per_ESvol,ES_minus_SPX,2,True,ES_fwd_up_120,120,binary,-0.0009546305401445529,0.0009546305401445529,1135671
SPY_minus_SPX_pct_8_per_ESvol,SPY_minus_SPX,8,True,ES_fwd_up_120,120,binary,-0.0009519033116617787,0.0009519033116617787,1134142
ES_minus_SPY_pct_120_per_ESvol,ES_minus_SPY,120,True,ES_fwd_ret_60,60,signed,-0.0009490464694334842,0.0009490464694334842,1147936
ES_minus_SPX_pct_60_per_ESvol,ES_minus_SPX,60,True,ES_fwd_up_360,360,binary,0.0009464576560089044,0.0009464576560089044,1070806
ES_pct_1_per_ESvol,ES,1,True,ES_fwd_ret_360,360,signed,-0.0009452010496823755,0.0009452010496823755,1101102
SPY_minus_SPX_pct_2,SPY_minus_SPX,2,False,ES_fwd_ret_180,180,signed,-0.0009449507577392345,0.0009449507577392345,1167678
SPX_pct_120_per_ESvol,SPX,120,True,ES_fwd_up_60,60,binary,-0.0009442189814553685,0.0009442189814553685,1110614
SPY_minus_SPX_pct_12_per_ESvol,SPY_minus_SPX,12,True,ES_fwd_ret_240,240,signed,-0.0009394719221000593,0.0009394719221000593,1129301
ES_pct_90_per_ESvol,ES,90,True,ES_fwd_ret_60,60,signed,-0.0009367978846397019,0.0009367978846397019,1155706
ES_minus_SPY_pct_90_per_ESvol,ES_minus_SPY,90,True,ES_fwd_ret_180,180,signed,0.0009357197143685737,0.0009357197143685737,1124629
SPY_minus_SPX_pct_30_per_ESvol,SPY_minus_SPX,30,True,ES_fwd_ret_180,180,signed,-0.0009352397775130113,0.0009352397775130113,1140169
SPX_pct_5_per_ESvol,SPX,5,True,ES_fwd_ret_120,120,signed,-0.0009345874698530812,0.0009345874698530812,1162181
ES_minus_SPY_pct_300_per_ESvol,ES_minus_SPY,300,True,ES_fwd_up_360,360,binary,0.000932018827802985,0.000932018827802985,1009085
SPX_pct_90_per_ESvol,SPX,90,True,ES_fwd_up_180,180,binary,-0.0009267565653134092,0.0009267565653134092,1102764
ES_minus_SPX_pct_20_per_ESvol,ES_minus_SPX,20,True,ES_fwd_up_240,240,binary,-0.0009267344868876417,0.0009267344868876417,1108483
SPY_minus_SPX_pct_30_per_ESvol,SPY_minus_SPX,30,True,ES_fwd_up_180,180,binary,-0.000923462966375833,0.000923462966375833,1118140
ES_minus_SPY_pct_90_per_ESvol,ES_minus_SPY,90,True,ES_fwd_up_240,240,binary,0.0009207229210646204,0.0009207229210646204,1090499
ES_minus_SPX_pct_90_per_ESvol,ES_minus_SPX,90,True,ES_fwd_up_12,12,binary,-0.0009188462122650945,0.0009188462122650945,1081453
ES_minus_SPY_pct_240,ES_minus_SPY,240,False,ES_fwd_up_240,240,binary,0.0009184821458535365,0.0009184821458535365,1054177
ES_minus_SPX_pct_180_per_ESvol,ES_minus_SPX,180,True,ES_fwd_ret_60,60,signed,-0.0009144702920253993,0.0009144702920253993,1132396
SPY_minus_SPX_pct_20_per_ESvol,SPY_minus_SPX,20,True,ES_fwd_ret_240,240,signed,-0.0009111724762068426,0.0009111724762068426,1127229
SPY_minus_SPX_pct_60_per_ESvol,SPY_minus_SPX,60,True,ES_fwd_up_240,240,binary,-0.0009103677703944159,0.0009103677703944159,1098202
ES_minus_SPY_pct_3_per_ESvol,ES_minus_SPY,3,True,ES_fwd_ret_360,360,signed,0.0009068467612201717,0.0009068467612201717,1100584
SPY_minus_SPX_pct_45_per_ESvol,SPY_minus_SPX,45,True,ES_fwd_ret_12,12,signed,-0.0009013903876552001,0.0009013903876552001,1179793
SPY_minus_SPX_pct_20,SPY_minus_SPX,20,False,ES_fwd_up_360,360,binary,-0.000899344382286394,0.000899344382286394,1083232
SPY_minus_SPX_pct_1_per_ESvol,SPY_minus_SPX,1,True,ES_fwd_ret_240,240,signed,-0.0008986255243148088,0.0008986255243148088,1132150
SPY_pct_90_per_ESvol,SPY,90,True,ES_fwd_up_240,240,binary,-0.0008976678581989015,0.0008976678581989015,1090499
ES_minus_SPY_pct_360,ES_minus_SPY,360,False,ES_fwd_ret_180,180,signed,0.0008907057156546939,0.0008907057156546939,1073524
ES_minus_SPY_pct_12_per_ESvol,ES_minus_SPY,12,True,ES_fwd_ret_240,240,signed,0.0008861040150377455,0.0008861040150377455,1129301
SPY_minus_SPX_pct_3,SPY_minus_SPX,3,False,ES_fwd_ret_120,120,signed,-0.0008853707742176261,0.0008853707742176261,1183195
ES_minus_SPY_pct_5_per_ESvol,ES_minus_SPY,5,True,ES_fwd_ret_360,360,signed,0.000883383621524092,0.000883383621524092,1100066
ES_pct_1_per_ESvol,ES,1,True,ES_fwd_ret_180,180,signed,-0.0008831696841449081,0.0008831696841449081,1147680
SPY_pct_240,SPY,240,False,ES_fwd_ret_60,60,signed,0.0008825600858926782,0.0008825600858926782,1136644
SPX_pct_45,SPX,45,False,ES_fwd_up_12,12,binary,-0.0008792658080767215,0.0008792658080767215,1094611
ES_minus_SPX_pct_12_per_ESvol,ES_minus_SPX,12,True,ES_fwd_up_360,360,binary,0.0008777003583268251,0.0008777003583268251,1083120
SPY_pct_120,SPY,120,False,ES_fwd_ret_180,180,signed,-0.0008769486494741419,0.0008769486494741419,1136644
ES_minus_SPX_pct_2,ES_minus_SPX,2,False,ES_fwd_up_60,60,binary,-0.000876743244679074,0.000876743244679074,1142774
ES_minus_SPX_pct_5_per_ESvol,ES_minus_SPX,5,True,ES_fwd_ret_60,60,signed,0.0008754506509394699,0.0008754506509394699,1177721
SPY_pct_5_per_ESvol,SPY,5,True,ES_fwd_ret_120,120,signed,-0.0008743216546608703,0.0008743216546608703,1162181
ES_pct_5_per_ESvol,ES,5,True,ES_fwd_ret_180,180,signed,-0.0008693047621679122,0.0008693047621679122,1146644
ES_pct_20_per_ESvol,ES,20,True,ES_fwd_ret_120,120,signed,-0.0008637003931959246,0.0008637003931959246,1158296
ES_pct_300_per_ESvol,ES,300,True,ES_fwd_up_180,180,binary,-0.0008628386816607446,0.0008628386816607446,1048944
ES_minus_SPX_pct_1_per_ESvol,ES_minus_SPX,1,True,ES_fwd_ret_60,60,signed,-0.0008616865317357833,0.0008616865317357833,1178757
ES_pct_240,ES,240,False,ES_fwd_ret_60,60,signed,0.0008606335330807103,0.0008606335330807103,1136644
SPY_minus_SPX_pct_5_per_ESvol,SPY_minus_SPX,5,True,ES_fwd_ret_60,60,signed,0.000859953802781464,0.000859953802781464,1177721
ES_minus_SPX_pct_1_per_ESvol,ES_minus_SPX,1,True,ES_fwd_up_240,240,binary,0.0008597716099042403,0.0008597716099042403,1113365
ES_minus_SPY_pct_12_per_ESvol,ES_minus_SPY,12,True,ES_fwd_ret_360,360,signed,0.0008594618349819332,0.0008594618349819332,1098253
SPX_pct_3_per_ESvol,SPX,3,True,ES_fwd_up_240,240,binary,-0.0008589531652469256,0.0008589531652469256,1112852
ES_minus_SPY_pct_8_per_ESvol,ES_minus_SPY,8,True,ES_fwd_ret_180,180,signed,0.0008582235063141129,0.0008582235063141129,1145867
ES_minus_SPY_pct_60_per_ESvol,ES_minus_SPY,60,True,ES_fwd_up_60,60,binary,0.0008572361669342715,0.0008572361669342715,1125854
ES_minus_SPY_pct_45_per_ESvol,ES_minus_SPY,45,True,ES_fwd_up_120,120,binary,0.000856295797066937,0.000856295797066937,1124709
SPY_minus_SPX_pct_90_per_ESvol,SPY_minus_SPX,90,True,ES_fwd_ret_240,240,signed,0.0008532158638673657,0.0008532158638673657,1109099
ES_minus_SPY_pct_90,ES_minus_SPY,90,False,ES_fwd_up_240,240,binary,-0.0008528298073394632,0.0008528298073394632,1092694
ES_minus_SPY_pct_5_per_ESvol,ES_minus_SPY,5,True,ES_fwd_ret_240,240,signed,0.0008521011686919296,0.0008521011686919296,1131114
SPY_pct_1_per_ESvol,SPY,1,True,ES_fwd_ret_120,120,signed,-0.0008511773118795499,0.0008511773118795499,1163217
ES_minus_SPY_pct_45_per_ESvol,ES_minus_SPY,45,True,ES_fwd_ret_12,12,signed,-0.0008509124043383209,0.0008509124043383209,1179793
SPY_minus_SPX_pct_12_per_ESvol,SPY_minus_SPX,12,True,ES_fwd_ret_60,60,signed,-0.000848130833252513,0.000848130833252513,1175908
SPY_pct_300_per_ESvol,SPY,300,True,ES_fwd_up_120,120,binary,0.0008472997375276789,0.0008472997375276789,1059541
SPX_pct_120_per_ESvol,SPX,120,True,ES_fwd_up_180,180,binary,-0.0008433700702034564,0.0008433700702034564,1095057
ES_pct_5_per_ESvol,ES,5,True,ES_fwd_ret_120,120,signed,-0.000840635862039312,0.000840635862039312,1162181
ES_minus_SPX_pct_3,ES_minus_SPX,3,False,ES_fwd_ret_180,180,signed,-0.0008396888375211279,0.0008396888375211279,1167415
SPY_minus_SPX_pct_90_per_ESvol,SPY_minus_SPX,90,True,ES_fwd_ret_12,12,signed,-0.0008390232058355331,0.0008390232058355331,1168138
ES_minus_SPX_pct_1,ES_minus_SPX,1,False,ES_fwd_ret_60,60,signed,-0.000838789128197071,0.000838789128197071,1199501
SPY_minus_SPX_pct_360,SPY_minus_SPX,360,False,ES_fwd_ret_120,120,signed,-0.0008373496984791793,0.0008373496984791793,1089304
ES_pct_120,ES,120,False,ES_fwd_ret_180,180,signed,-0.0008370531696800493,0.0008370531696800493,1136644
SPY_minus_SPX_pct_3,SPY_minus_SPX,3,False,ES_fwd_ret_180,180,signed,-0.0008353065324729843,0.0008353065324729843,1167415
ES_minus_SPY_pct_60,ES_minus_SPY,60,False,ES_fwd_ret_120,120,signed,-0.0008350606964089397,0.0008350606964089397,1168204
ES_minus_SPY_pct_8_per_ESvol,ES_minus_SPY,8,True,ES_fwd_up_180,180,binary,0.0008350509118965028,0.0008350509118965028,1123778
ES_minus_SPX_pct_5,ES_minus_SPX,5,False,ES_fwd_up_120,120,binary,-0.000834683811567716,0.000834683811567716,1137080
ES_minus_SPY_pct_20,ES_minus_SPY,20,False,ES_fwd_up_120,120,binary,-0.000834594141751259,0.000834594141751259,1133255
ES_minus_SPY_pct_360,ES_minus_SPY,360,False,ES_fwd_up_120,120,binary,-0.0008340907161072411,0.0008340907161072411,1046404
ES_minus_SPX_pct_3,ES_minus_SPX,3,False,ES_fwd_ret_120,120,signed,-0.0008332517101340005,0.0008332517101340005,1183195
ES_minus_SPY_pct_20_per_ESvol,ES_minus_SPY,20,True,ES_fwd_ret_120,120,signed,-0.0008316270006823014,0.0008316270006823014,1158296
SPY_minus_SPX_pct_2_per_ESvol,SPY_minus_SPX,2,True,ES_fwd_up_12,12,binary,-0.0008314992669842336,0.0008314992669842336,1103381
ES_minus_SPY_pct_20,ES_minus_SPY,20,False,ES_fwd_up_240,240,binary,-0.0008281159438693189,0.0008281159438693189,1110678
ES_minus_SPY_pct_90_per_ESvol,ES_minus_SPY,90,True,ES_fwd_up_60,60,binary,-0.0008279193681044207,0.0008279193681044207,1118242
SPY_minus_SPX_pct_3_per_ESvol,SPY_minus_SPX,3,True,ES_fwd_up_180,180,binary,-0.000825718116327292,0.000825718116327292,1125059
ES_minus_SPX_pct_90,ES_minus_SPX,90,False,ES_fwd_ret_360,360,signed,-0.0008251252964596835,0.0008251252964596835,1097194
ES_minus_SPX_pct_12,ES_minus_SPX,12,False,ES_fwd_up_360,360,binary,-0.0008247270211479701,0.0008247270211479701,1085287
ES_minus_SPY_pct_90,ES_minus_SPY,90,False,ES_fwd_ret_12,12,signed,-0.0008222494516984639,0.0008222494516984639,1188718
SPY_minus_SPX_pct_120_per_ESvol,SPY_minus_SPX,120,True,ES_fwd_ret_120,120,signed,-0.000821424040079171,0.000821424040079171,1132396
ES_minus_SPY_pct_30_per_ESvol,ES_minus_SPY,30,True,ES_fwd_up_60,60,binary,-0.000820391704431458,0.000820391704431458,1133480
ES_minus_SPY_pct_12,ES_minus_SPY,12,False,ES_fwd_ret_60,60,signed,-0.0008182330168360606,0.0008182330168360606,1196608
ES_minus_SPY_pct_45,ES_minus_SPY,45,False,ES_fwd_up_360,360,binary,-0.0008167728844793781,0.0008167728844793781,1076825
ES_pct_180,ES,180,False,ES_fwd_up_120,120,binary,0.0008158457979261581,0.0008158457979261581,1092367
ES_pct_240,ES,240,False,ES_fwd_up_120,120,binary,0.0008154823777952351,0.0008154823777952351,1077039
ES_minus_SPY_pct_120_per_ESvol,ES_minus_SPY,120,True,ES_fwd_ret_120,120,signed,0.0008146257171816566,0.0008146257171816566,1132396
SPY_minus_SPX_pct_2,SPY_minus_SPX,2,False,ES_fwd_ret_60,60,signed,-0.0008127087656030239,0.0008127087656030239,1199238
ES_minus_SPY_pct_30_per_ESvol,ES_minus_SPY,30,True,ES_fwd_ret_360,360,signed,0.0008121704284193235,0.0008121704284193235,1093591
SPX_pct_2_per_ESvol,SPX,2,True,ES_fwd_up_60,60,binary,-0.000811839402109614,0.000811839402109614,1140637
ES_minus_SPY_pct_360,ES_minus_SPY,360,False,ES_fwd_ret_60,60,signed,-0.0008114806138932064,0.0008114806138932064,1105084
ES_minus_SPX_pct_2,ES_minus_SPX,2,False,ES_fwd_ret_240,240,signed,-0.000810783851606724,0.000810783851606724,1151898
ES_minus_SPX_pct_90_per_ESvol,ES_minus_SPX,90,True,ES_fwd_up_60,60,binary,-0.0008092827782267283,0.0008092827782267283,1118242
SPY_minus_SPX_pct_2_per_ESvol,SPY_minus_SPX,2,True,ES_fwd_up_360,360,binary,-0.0008082132249722132,0.0008082132249722132,1085680
ES_pct_90_per_ESvol,ES,90,True,ES_fwd_up_240,240,binary,-0.0008032779735815451,0.0008032779735815451,1090499
ES_minus_SPY_pct_90_per_ESvol,ES_minus_SPY,90,True,ES_fwd_up_120,120,binary,0.0008008587641345918,0.0008008587641345918,1113214
ES_minus_SPX_pct_360,ES_minus_SPX,360,False,ES_fwd_ret_180,180,signed,0.0008005663615496927,0.0008005663615496927,1073524
ES_pct_12_per_ESvol,ES,12,True,ES_fwd_ret_120,120,signed,-0.0007998950950380661,0.0007998950950380661,1160368
SPY_minus_SPX_pct_3_per_ESvol,SPY_minus_SPX,3,True,ES_fwd_up_360,360,binary,-0.000799419916557935,0.000799419916557935,1085425
ES_pct_2_per_ESvol,ES,2,True,ES_fwd_up_240,240,binary,-0.0007983752520503767,0.0007983752520503767,1113108
ES_minus_SPY_pct_12_per_ESvol,ES_minus_SPY,12,True,ES_fwd_up_180,180,binary,0.0007973235016895786,0.0007973235016895786,1122751
SPY_pct_120_per_ESvol,SPY,120,True,ES_fwd_up_180,180,binary,-0.0007925969897828977,0.0007925969897828977,1095057
ES_minus_SPX_pct_3,ES_minus_SPX,3,False,ES_fwd_ret_240,240,signed,-0.0007895882165489714,0.0007895882165489714,1151635
SPY_pct_2_per_ESvol,SPY,2,True,ES_fwd_ret_60,60,signed,-0.0007890349591727167,0.0007890349591727167,1178498
SPY_pct_90_per_ESvol,SPY,90,True,ES_fwd_ret_60,60,signed,-0.000787632231381547,0.000787632231381547,1155706
ES_minus_SPY_pct_2,ES_minus_SPY,2,False,ES_fwd_up_60,60,binary,-0.0007862309585723995,0.0007862309585723995,1142774
SPY_pct_240,SPY,240,False,ES_fwd_up_120,120,binary,0.0007861442784532186,0.0007861442784532186,1077039
ES_minus_SPY_pct_45_per_ESvol,ES_minus_SPY,45,True,ES_fwd_ret_180,180,signed,0.0007861098145246258,0.0007861098145246258,1136284
SPY_minus_SPX_pct_3_per_ESvol,SPY_minus_SPX,3,True,ES_fwd_up_120,120,binary,-0.0007820282103758734,0.0007820282103758734,1135418
ES_minus_SPY_pct_3_per_ESvol,ES_minus_SPY,3,True,ES_fwd_ret_180,180,signed,0.0007814315395564956,0.0007814315395564956,1147162
SPY_minus_SPX_pct_1,SPY_minus_SPX,1,False,ES_fwd_ret_60,60,signed,-0.0007791630964565164,0.0007791630964565164,1199501
SPY_minus_SPX_pct_1,SPY_minus_SPX,1,False,ES_fwd_up_240,240,binary,-0.000777877776362809,0.000777877776362809,1115560
ES_minus_SPY_pct_45,ES_minus_SPY,45,False,ES_fwd_ret_120,120,signed,-0.0007770450199178156,0.0007770450199178156,1172149
ES_minus_SPY_pct_8_per_ESvol,ES_minus_SPY,8,True,ES_fwd_ret_12,12,signed,-0.0007765417362700089,0.0007765417362700089,1189376
ES_minus_SPY_pct_300_per_ESvol,ES_minus_SPY,300,True,ES_fwd_ret_60,60,signed,0.0007744801224028134,0.0007744801224028134,1101317
SPX_pct_180_per_ESvol,SPX,180,True,ES_fwd_up_180,180,binary,-0.0007732361011937694,0.0007732361011937694,1079711
SPY_minus_SPX_pct_1,SPY_minus_SPX,1,False,ES_fwd_up_180,180,binary,-0.0007721288556175155,0.0007721288556175155,1127757
SPY_minus_SPX_pct_90,SPY_minus_SPX,90,False,ES_fwd_up_240,240,binary,-0.0007720996326165043,0.0007720996326165043,1092694
ES_minus_SPX_pct_30_per_ESvol,ES_minus_SPX,30,True,ES_fwd_up_240,240,binary,-0.0007702802434806245,0.0007702802434806245,1105912
SPY_minus_SPX_pct_3,SPY_minus_SPX,3,False,ES_fwd_ret_240,240,signed,-0.0007668425856973656,0.0007668425856973656,1151635
ES_minus_SPY_pct_1_per_ESvol,ES_minus_SPY,1,True,ES_fwd_ret_240,240,signed,0.0007641665284925307,0.0007641665284925307,1132150
ES_minus_SPX_pct_1,ES_minus_SPX,1,False,ES_fwd_ret_180,180,signed,-0.0007631456294832792,0.0007631456294832792,1167941
ES_minus_SPX_pct_180,ES_minus_SPX,180,False,ES_fwd_up_240,240,binary,0.000761492945141264,0.000761492945141264,1069570
ES_minus_SPY_pct_120,ES_minus_SPY,120,False,ES_fwd_ret_12,12,signed,-0.0007597133374986735,0.0007597133374986735,1180828
ES_minus_SPY_pct_180_per_ESvol,ES_minus_SPY,180,True,ES_fwd_ret_12,12,signed,-0.0007589031677195571,0.0007589031677195571,1144828
ES_minus_SPX_pct_5,ES_minus_SPX,5,False,ES_fwd_up_60,60,binary,-0.0007531885745133737,0.0007531885745133737,1142007
ES_minus_SPY_pct_20_per_ESvol,ES_minus_SPY,20,True,ES_fwd_ret_360,360,signed,0.0007521272070160557,0.0007521272070160557,1096181
SPY_minus_SPX_pct_2,SPY_minus_SPX,2,False,ES_fwd_ret_240,240,signed,-0.0007515794758816161,0.0007515794758816161,1151898
ES_minus_SPY_pct_300,ES_minus_SPY,300,False,ES_fwd_ret_240,240,signed,0.0007511374644734894,0.0007511374644734894,1073524
SPX_pct_3_per_ESvol,SPX,3,True,ES_fwd_ret_60,60,signed,-0.0007507906089872842,0.0007507906089872842,1178239
SPY_pct_3_per_ESvol,SPY,3,True,ES_fwd_up_120,120,binary,-0.0007502311683197785,0.0007502311683197785,1135418
SPY_minus_SPX_pct_2,SPY_minus_SPX,2,False,ES_fwd_up_180,180,binary,-0.0007495810920034776,0.0007495810920034776,1127502
ES_minus_SPY_pct_3,ES_minus_SPY,3,False,ES_fwd_ret_12,12,signed,-0.0007427083319829296,0.0007427083319829296,1211599
SPY_minus_SPX_pct_8,SPY_minus_SPX,8,False,ES_fwd_up_60,60,binary,-0.0007426896267423932,0.0007426896267423932,1141239
SPY_minus_SPX_pct_1,SPY_minus_SPX,1,False,ES_fwd_ret_180,180,signed,-0.0007417698092845638,0.0007417698092845638,1167941
SPY_minus_SPX_pct_12,SPY_minus_SPX,12,False,ES_fwd_ret_60,60,signed,-0.0007400634636675097,0.0007400634636675097,1196608
ES_minus_SPX_pct_3,ES_minus_SPX,3,False,ES_fwd_up_60,60,binary,-0.0007397550396737222,0.0007397550396737222,1142518
SPX_pct_60_per_ESvol,SPX,60,True,ES_fwd_ret_60,60,signed,-0.0007339613148557181,0.0007339613148557181,1163476
ES_minus_SPX_pct_30_per_ESvol,ES_minus_SPX,30,True,ES_fwd_ret_180,180,signed,-0.0007316862158136244,0.0007316862158136244,1140169
SPY_minus_SPX_pct_3_per_ESvol,SPY_minus_SPX,3,True,ES_fwd_ret_120,120,signed,-0.0007307643214878378,0.0007307643214878378,1162699
ES_pct_2_per_ESvol,ES,2,True,ES_fwd_ret_60,60,signed,-0.0007303869155805256,0.0007303869155805256,1178498
SPY_minus_SPX_pct_3_per_ESvol,SPY_minus_SPX,3,True,ES_fwd_up_240,240,binary,-0.0007293718602118058,0.0007293718602118058,1112852
SPX_pct_3_per_ESvol,SPX,3,True,ES_fwd_up_180,180,binary,-0.0007224617260912782,0.0007224617260912782,1125059
SPX_pct_2_per_ESvol,SPX,2,True,ES_fwd_ret_60,60,signed,-0.0007214436644657539,0.0007214436644657539,1178498
ES_minus_SPY_pct_3_per_ESvol,ES_minus_SPY,3,True,ES_fwd_up_120,120,binary,0.0007204570217340541,0.0007204570217340541,1135418
ES_minus_SPX_pct_30_per_ESvol,ES_minus_SPX,30,True,ES_fwd_ret_12,12,signed,-0.0007186460674210009,0.0007186460674210009,1183678
ES_minus_SPX_pct_30,ES_minus_SPX,30,False,ES_fwd_ret_360,360,signed,-0.000718564911480872,0.000718564911480872,1112974
SPX_pct_2_per_ESvol,SPX,2,True,ES_fwd_ret_240,240,signed,-0.0007169254278806003,0.0007169254278806003,1131891
SPX_pct_300_per_ESvol,SPX,300,True,ES_fwd_up_12,12,binary,-0.0007147256357453277,0.0007147256357453277,1029338
ES_minus_SPX_pct_8,ES_minus_SPX,8,False,ES_fwd_up_360,360,binary,-0.0007097027342193046,0.0007097027342193046,1086313
SPY_pct_20_per_ESvol,SPY,20,True,ES_fwd_ret_120,120,signed,-0.0007092345405756797,0.0007092345405756797,1158296
SPY_minus_SPX_pct_1_per_ESvol,SPY_minus_SPX,1,True,ES_fwd_ret_180,180,signed,-0.0007092269154000779,0.0007092269154000779,1147680
ES_minus_SPX_pct_60_per_ESvol,ES_minus_SPX,60,True,ES_fwd_up_240,240,binary,0.0007061200982875538,0.0007061200982875538,1098202
ES_minus_SPY_pct_8_per_ESvol,ES_minus_SPY,8,True,ES_fwd_ret_360,360,signed,0.0007059127671885112,0.0007059127671885112,1099289
ES_minus_SPX_pct_360,ES_minus_SPX,360,False,ES_fwd_ret_60,60,signed,-0.0007037621457402799,0.0007037621457402799,1105084
SPY_pct_180,SPY,180,False,ES_fwd_up_120,120,binary,0.0007033020509266867,0.0007033020509266867,1092367
SPY_pct_90,SPY,90,False,ES_fwd_up_12,12,binary,0.0007026278029101951,0.0007026278029101951,1083426
ES_minus_SPX_pct_30_per_ESvol,ES_minus_SPX,30,True,ES_fwd_ret_240,240,signed,-0.0007015270692708111,0.0007015270692708111,1124639
ES_minus_SPX_pct_2_per_ESvol,ES_minus_SPX,2,True,ES_fwd_up_12,12,binary,-0.000699256398561632,0.000699256398561632,1103381
SPY_minus_SPX_pct_8,SPY_minus_SPX,8,False,ES_fwd_up_360,360,binary,-0.0006991975713051951,0.0006991975713051951,1086313
ES_minus_SPY_pct_12_per_ESvol,ES_minus_SPY,12,True,ES_fwd_ret_120,120,signed,0.0006990527840606331,0.0006990527840606331,1160368
ES_minus_SPY_pct_180,ES_minus_SPY,180,False,ES_fwd_up_240,240,binary,-0.0006988379645163958,0.0006988379645163958,1069570
ES_minus_SPY_pct_30_per_ESvol,ES_minus_SPY,30,True,ES_fwd_ret_240,240,signed,0.0006981057993897741,0.0006981057993897741,1124639
SPY_minus_SPX_pct_12,SPY_minus_SPX,12,False,ES_fwd_up_360,360,binary,-0.0006980841395799284,0.0006980841395799284,1085287
ES_minus_SPX_pct_45_per_ESvol,ES_minus_SPX,45,True,ES_fwd_ret_240,240,signed,0.000697478691760486,0.000697478691760486,1120754
ES_minus_SPY_pct_3,ES_minus_SPY,3,False,ES_fwd_up_60,60,binary,-0.0006967682836180799,0.0006967682836180799,1142518
ES_minus_SPY_pct_240_per_ESvol,ES_minus_SPY,240,True,ES_fwd_up_12,12,binary,0.0006953497768527994,0.0006953497768527994,1044232
ES_minus_SPY_pct_120_per_ESvol,ES_minus_SPY,120,True,ES_fwd_up_12,12,binary,-0.0006929750873446699,0.0006929750873446699,1074021
SPY_minus_SPX_pct_60_per_ESvol,SPY_minus_SPX,60,True,ES_fwd_ret_240,240,signed,-0.0006926225055147577,0.0006926225055147577,1116869
SPY_pct_1_per_ESvol,SPY,1,True,ES_fwd_up_120,120,binary,-0.0006899133889119822,0.0006899133889119822,1135927
ES_minus_SPY_pct_240_per_ESvol,ES_minus_SPY,240,True,ES_fwd_ret_120,120,signed,0.0006886653515614057,0.0006886653515614057,1101317
ES_minus_SPX_pct_2_per_ESvol,ES_minus_SPX,2,True,ES_fwd_ret_240,240,signed,-0.0006885619170123442,0.0006885619170123442,1131891
ES_minus_SPY_pct_1_per_ESvol,ES_minus_SPY,1,True,ES_fwd_up_240,240,binary,0.0006860293162273055,0.0006860293162273055,1113365
SPX_pct_180,SPX,180,False,ES_fwd_ret_180,180,signed,0.000680948699925538,0.000680948699925538,1120864
ES_minus_SPY_pct_20_per_ESvol,ES_minus_SPY,20,True,ES_fwd_up_360,360,binary,0.0006768453045422746,0.0006768453045422746,1081065
ES_minus_SPY_pct_30,ES_minus_SPY,30,False,ES_fwd_up_360,360,binary,-0.0006759782725453031,0.0006759782725453031,1080665
ES_minus_SPY_pct_60_per_ESvol,ES_minus_SPY,60,True,ES_fwd_ret_120,120,signed,-0.0006753681542328948,0.0006753681542328948,1147936
ES_minus_SPY_pct_30,ES_minus_SPY,30,False,ES_fwd_up_240,240,binary,-0.0006739807021465675,0.0006739807021465675,1108107
ES_minus_SPY_pct_30,ES_minus_SPY,30,False,ES_fwd_ret_180,180,signed,-0.0006736980082848343,0.0006736980082848343,1160314
SPX_pct_1_per_ESvol,SPX,1,True,ES_fwd_ret_240,240,signed,-0.0006715910370326331,0.0006715910370326331,1132150
SPX_pct_90,SPX,90,False,ES_fwd_ret_360,360,signed,0.0006651677230056363,0.0006651677230056363,1097194
ES_minus_SPY_pct_20_per_ESvol,ES_minus_SPY,20,True,ES_fwd_ret_60,60,signed,-0.0006651132446817034,0.0006651132446817034,1173836
SPX_pct_3_per_ESvol,SPX,3,True,ES_fwd_ret_12,12,signed,0.0006634714135387278,0.0006634714135387278,1190671
SPY_minus_SPX_pct_120_per_ESvol,SPY_minus_SPX,120,True,ES_fwd_up_60,60,binary,-0.0006620567218392616,0.0006620567218392616,1110614
ES_pct_120_per_ESvol,ES,120,True,ES_fwd_up_180,180,binary,-0.0006613179302421524,0.0006613179302421524,1095057
SPY_minus_SPX_pct_90_per_ESvol,SPY_minus_SPX,90,True,ES_fwd_up_120,120,binary,0.0006544654573523652,0.0006544654573523652,1113214
SPY_minus_SPX_pct_20_per_ESvol,SPY_minus_SPX,20,True,ES_fwd_ret_180,180,signed,-0.0006500220361703391,0.0006500220361703391,1142759
ES_minus_SPY_pct_2_per_ESvol,ES_minus_SPY,2,True,ES_fwd_up_360,360,binary,0.0006457261534836091,0.0006457261534836091,1085680
ES_minus_SPY_pct_90_per_ESvol,ES_minus_SPY,90,True,ES_fwd_ret_360,360,signed,0.0006444620622192667,0.0006444620622192667,1078051
ES_minus_SPX_pct_300_per_ESvol,ES_minus_SPX,300,True,ES_fwd_ret_12,12,signed,0.0006440402936746885,0.0006440402936746885,1113749
ES_minus_SPX_pct_5_per_ESvol,ES_minus_SPX,5,True,ES_fwd_ret_240,240,signed,0.0006440089605364965,0.0006440089605364965,1131114
ES_minus_SPY_pct_240,ES_minus_SPY,240,False,ES_fwd_up_60,60,binary,0.0006428518295357161,0.0006428518295357161,1082175
ES_pct_3_per_ESvol,ES,3,True,ES_fwd_ret_60,60,signed,-0.0006424211841173159,0.0006424211841173159,1178239
ES_minus_SPX_pct_30_per_ESvol,ES_minus_SPX,30,True,ES_fwd_up_180,180,binary,-0.0006421801655950582,0.0006421801655950582,1118140
SPX_pct_300,SPX,300,False,ES_fwd_up_60,60,binary,-0.0006415703054594499,0.0006415703054594499,1066925
SPY_minus_SPX_pct_180_per_ESvol,SPY_minus_SPX,180,True,ES_fwd_ret_60,60,signed,-0.0006403192344071041,0.0006403192344071041,1132396
SPY_minus_SPX_pct_1,SPY_minus_SPX,1,False,ES_fwd_ret_120,120,signed,-0.0006384296459980347,0.0006384296459980347,1183721
ES_minus_SPY_pct_20_per_ESvol,ES_minus_SPY,20,True,ES_fwd_ret_240,240,signed,0.0006374606650650977,0.0006374606650650977,1127229
SPY_minus_SPX_pct_5,SPY_minus_SPX,5,False,ES_fwd_up_120,120,binary,-0.0006363584798453215,0.0006363584798453215,1137080
ES_minus_SPX_pct_2,ES_minus_SPX,2,False,ES_fwd_up_180,180,binary,-0.0006323943594424171,0.0006323943594424171,1127502
ES_pct_180_per_ESvol,ES,180,True,ES_fwd_up_12,12,binary,-0.0006293348324380722,0.0006293348324380722,1059107
ES_minus_SPY_pct_180,ES_minus_SPY,180,False,ES_fwd_ret_120,120,signed,0.0006283793809843336,0.0006283793809843336,1136644
SPY_minus_SPX_pct_3_per_ESvol,SPY_minus_SPX,3,True,ES_fwd_ret_180,180,signed,-0.0006265144654058728,0.0006265144654058728,1147162
ES_minus_SPY_pct_5,ES_minus_SPY,5,False,ES_fwd_up_120,120,binary,-0.0006223180586508431,0.0006223180586508431,1137080
ES_minus_SPY_pct_8_per_ESvol,ES_minus_SPY,8,True,ES_fwd_up_120,120,binary,0.0006213506673367102,0.0006213506673367102,1134142
ES_pct_90,ES,90,False,ES_fwd_up_12,12,binary,0.0006209775058326825,0.0006209775058326825,1083426
ES_minus_SPY_pct_5_per_ESvol,ES_minus_SPY,5,True,ES_fwd_ret_180,180,signed,0.0006189179682710972,0.0006189179682710972,1146644
ES_minus_SPX_pct_1,ES_minus_SPX,1,False,ES_fwd_up_240,240,binary,-0.0006178109324750283,0.0006178109324750283,1115560
ES_pct_2_per_ESvol,ES,2,True,ES_fwd_up_60,60,binary,-0.0006178057869740398,0.0006178057869740398,1140637
SPY_minus_SPX_pct_360,SPY_minus_SPX,360,False,ES_fwd_up_360,360,binary,0.0006153311710345516,0.0006153311710345516,995862
SPX_pct_180_per_ESvol,SPX,180,True,ES_fwd_up_12,12,binary,-0.0006151516050599441,0.0006151516050599441,1059107
ES_minus_SPX_pct_1,ES_minus_SPX,1,False,ES_fwd_ret_120,120,signed,-0.0006131212451739279,0.0006131212451739279,1183721
ES_minus_SPY_pct_300,ES_minus_SPY,300,False,ES_fwd_up_180,180,binary,0.0006129556611651491,0.0006129556611651491,1051132
SPY_minus_SPX_pct_120_per_ESvol,SPY_minus_SPX,120,True,ES_fwd_up_120,120,binary,0.0006128097778036921,0.0006128097778036921,1105542
SPY_pct_180_per_ESvol,SPY,180,True,ES_fwd_up_12,12,binary,-0.0006122359201422057,0.0006122359201422057,1059107
ES_minus_SPX_pct_360,ES_minus_SPX,360,False,ES_fwd_ret_12,12,signed,0.0006117807845065061,0.0006117807845065061,1117708
SPY_minus_SPX_pct_1_per_ESvol,SPY_minus_SPX,1,True,ES_fwd_up_180,180,binary,-0.0006110493048502023,0.0006110493048502023,1125568
ES_minus_SPY_pct_180_per_ESvol,ES_minus_SPY,180,True,ES_fwd_ret_60,60,signed,-0.00060940074012122,0.00060940074012122,1132396
ES_minus_SPY_pct_30_per_ESvol,ES_minus_SPY,30,True,ES_fwd_up_240,240,binary,0.0006075152681010321,0.0006075152681010321,1105912
ES_minus_SPX_pct_8_per_ESvol,ES_minus_SPX,8,True,ES_fwd_ret_120,120,signed,-0.0006071328317718257,0.0006071328317718257,1161404
ES_minus_SPX_pct_8_per_ESvol,ES_minus_SPX,8,True,ES_fwd_ret_240,240,signed,-0.000605885886229304,0.000605885886229304,1130337
SPY_minus_SPX_pct_2,SPY_minus_SPX,2,False,ES_fwd_up_60,60,binary,-0.000595833424685811,0.000595833424685811,1142774
ES_minus_SPY_pct_5,ES_minus_SPY,5,False,ES_fwd_ret_12,12,signed,-0.0005949287855997393,0.0005949287855997393,1211073
ES_minus_SPY_pct_360,ES_minus_SPY,360,False,ES_fwd_ret_12,12,signed,-0.0005928350455980808,0.0005928350455980808,1117708
ES_minus_SPY_pct_120,ES_minus_SPY,120,False,ES_fwd_ret_360,360,signed,0.000592530104065884,0.000592530104065884,1089304
SPY_pct_60,SPY,60,False,ES_fwd_ret_240,240,signed,0.0005914947623069087,0.0005914947623069087,1136644
SPX_pct_300_per_ESvol,SPX,300,True,ES_fwd_up_120,120,binary,0.0005887509662285485,0.0005887509662285485,1059541
SPX_pct_2_per_ESvol,SPX,2,True,ES_fwd_up_240,240,binary,-0.0005868586046943305,0.0005868586046943305,1113108
ES_pct_300_per_ESvol,ES,300,True,ES_fwd_up_12,12,binary,-0.0005865313259478311,0.0005865313259478311,1029338
SPY_minus_SPX_pct_12_per_ESvol,SPY_minus_SPX,12,True,ES_fwd_ret_360,360,signed,-0.000582831010631829,0.000582831010631829,1098253
ES_minus_SPX_pct_240_per_ESvol,ES_minus_SPX,240,True,ES_fwd_up_12,12,binary,0.0005788531634581135,0.0005788531634581135,1044232
ES_minus_SPY_pct_12_per_ESvol,ES_minus_SPY,12,True,ES_fwd_ret_60,60,signed,0.0005772006839667542,0.0005772006839667542,1175908
ES_minus_SPY_pct_300,ES_minus_SPY,300,False,ES_fwd_ret_60,60,signed,-0.0005767302222291549,0.0005767302222291549,1120864
SPY_minus_SPX_pct_5_per_ESvol,SPY_minus_SPX,5,True,ES_fwd_up_60,60,binary,0.0005757287752729376,0.0005757287752729376,1139870
SPY_minus_SPX_pct_30_per_ESvol,SPY_minus_SPX,30,True,ES_fwd_up_60,60,binary,-0.0005739456785483777,0.0005739456785483777,1133480
SPY_minus_SPX_pct_3_per_ESvol,SPY_minus_SPX,3,True,ES_fwd_ret_360,360,signed,-0.0005721880561910855,0.0005721880561910855,1100584
ES_minus_SPX_pct_45_per_ESvol,ES_minus_SPX,45,True,ES_fwd_ret_180,180,signed,-0.0005717867034780495,0.0005717867034780495,1136284
SPY_pct_300_per_ESvol,SPY,300,True,ES_fwd_up_12,12,binary,-0.0005711779874435465,0.0005711779874435465,1029338
ES_minus_SPY_pct_30_per_ESvol,ES_minus_SPY,30,True,ES_fwd_ret_120,120,signed,-0.0005708933720693231,0.0005708933720693231,1155706
ES_minus_SPX_pct_1,ES_minus_SPX,1,False,ES_fwd_up_180,180,binary,-0.0005674440637079469,0.0005674440637079469,1127757
ES_minus_SPY_pct_300,ES_minus_SPY,300,False,ES_fwd_ret_12,12,signed,-0.0005661347979318359,0.0005661347979318359,1133488
ES_minus_SPY_pct_8_per_ESvol,ES_minus_SPY,8,True,ES_fwd_ret_120,120,signed,0.0005650100013704722,0.0005650100013704722,1161404
ES_minus_SPY_pct_20,ES_minus_SPY,20,False,ES_fwd_ret_180,180,signed,-0.0005642979729526622,0.0005642979729526622,1162944
ES_minus_SPX_pct_20_per_ESvol,ES_minus_SPX,20,True,ES_fwd_ret_360,360,signed,0.000563481404953112,0.000563481404953112,1096181
SPX_pct_2_per_ESvol,SPX,2,True,ES_fwd_up_180,180,binary,-0.0005612768858418476,0.0005612768858418476,1125313
SPY_minus_SPX_pct_30_per_ESvol,SPY_minus_SPX,30,True,ES_fwd_up_12,12,binary,-0.0005594391561085211,0.0005594391561085211,1096346
ES_minus_SPY_pct_30,ES_minus_SPY,30,False,ES_fwd_ret_360,360,signed,-0.0005587676714547108,0.0005587676714547108,1112974
ES_minus_SPY_pct_60,ES_minus_SPY,60,False,ES_fwd_up_360,360,binary,-0.0005587282947308212,0.0005587282947308212,1072973
ES_minus_SPY_pct_1,ES_minus_SPY,1,False,ES_fwd_ret_12,12,signed,-0.0005585920072150694,0.0005585920072150694,1212125
SPY_minus_SPX_pct_90_per_ESvol,SPY_minus_SPX,90,True,ES_fwd_up_360,360,binary,0.0005572918223192092,0.0005572918223192092,1063084
ES_pct_60,ES,60,False,ES_fwd_ret_240,240,signed,0.0005572754168448373,0.0005572754168448373,1136644
ES_minus_SPY_pct_12_per_ESvol,ES_minus_SPY,12,True,ES_fwd_ret_180,180,signed,0.000556113113568197,0.000556113113568197,1144831
SPX_pct_1_per_ESvol,SPX,1,True,ES_fwd_up_120,120,binary,-0.0005560082467130428,0.0005560082467130428,1135927
ES_minus_SPY_pct_20,ES_minus_SPY,20,False,ES_fwd_ret_120,120,signed,-0.0005535093691299409,0.0005535093691299409,1178724
ES_minus_SPY_pct_12_per_ESvol,ES_minus_SPY,12,True,ES_fwd_ret_12,12,signed,-0.0005525309410930146,0.0005525309410930146,1188340
SPX_pct_360_per_ESvol,SPX,360,True,ES_fwd_up_120,120,binary,-0.0005503268591431676,0.0005503268591431676,1044234
ES_pct_1_per_ESvol,ES,1,True,ES_fwd_up_60,60,binary,0.0005490171583141967,0.0005490171583141967,1140894
ES_minus_SPY_pct_20,ES_minus_SPY,20,False,ES_fwd_up_360,360,binary,-0.0005479785199405139,0.0005479785199405139,1083232
SPX_pct_3_per_ESvol,SPX,3,True,ES_fwd_ret_120,120,signed,0.0005470024839641156,0.0005470024839641156,1162699
ES_minus_SPX_pct_12_per_ESvol,ES_minus_SPX,12,True,ES_fwd_ret_180,180,signed,-0.0005443981373263553,0.0005443981373263553,1144831
ES_minus_SPY_pct_5,ES_minus_SPY,5,False,ES_fwd_up_360,360,binary,-0.0005443928928416346,0.0005443928928416346,1087081
ES_pct_90,ES,90,False,ES_fwd_ret_360,360,signed,0.0005442096736509262,0.0005442096736509262,1097194
SPX_pct_60,SPX,60,False,ES_fwd_up_12,12,binary,-0.0005432280704182998,0.0005432280704182998,1090858
SPY_pct_90,SPY,90,False,ES_fwd_ret_360,360,signed,0.0005429936517388856,0.0005429936517388856,1097194
ES_minus_SPX_pct_3_per_ESvol,ES_minus_SPX,3,True,ES_fwd_ret_120,120,signed,-0.000542466215902856,0.000542466215902856,1162699
ES_pct_1_per_ESvol,ES,1,True,ES_fwd_ret_60,60,signed,-0.0005421877852196782,0.0005421877852196782,1178757
ES_minus_SPY_pct_2_per_ESvol,ES_minus_SPY,2,True,ES_fwd_up_180,180,binary,0.00054118456477767,0.00054118456477767,1125313
ES_minus_SPY_pct_90,ES_minus_SPY,90,False,ES_fwd_up_360,360,binary,0.0005387766802742368,0.0005387766802742368,1065251
SPY_minus_SPX_pct_5_per_ESvol,SPY_minus_SPX,5,True,ES_fwd_up_120,120,binary,0.0005363786255883786,0.0005363786255883786,1134909
SPX_pct_1_per_ESvol,SPX,1,True,ES_fwd_ret_180,180,signed,-0.000535985402035894,0.000535985402035894,1147680
ES_minus_SPX_pct_20_per_ESvol,ES_minus_SPX,20,True,ES_fwd_ret_180,180,signed,-0.0005351132725398458,0.0005351132725398458,1142759
ES_minus_SPY_pct_3,ES_minus_SPY,3,False,ES_fwd_up_180,180,binary,0.0005337445312830734,0.0005337445312830734,1127248
ES_minus_SPY_pct_30,ES_minus_SPY,30,False,ES_fwd_ret_240,240,signed,-0.0005312790335612143,0.0005312790335612143,1144534
ES_minus_SPX_pct_1_per_ESvol,ES_minus_SPX,1,True,ES_fwd_ret_180,180,signed,-0.0005310977713518358,0.0005310977713518358,1147680
ES_minus_SPY_pct_2,ES_minus_SPY,2,False,ES_fwd_ret_60,60,signed,-0.000528170569955892,0.000528170569955892,1199238
ES_minus_SPY_pct_2_per_ESvol,ES_minus_SPY,2,True,ES_fwd_up_240,240,binary,0.0005265121613184823,0.0005265121613184823,1113108
ES_minus_SPY_pct_60,ES_minus_SPY,60,False,ES_fwd_up_240,240,binary,-0.0005258181290948878,0.0005258181290948878,1100397
SPY_minus_SPX_pct_8_per_ESvol,SPY_minus_SPX,8,True,ES_fwd_ret_360,360,signed,-0.0005192676288891387,0.0005192676288891387,1099289
ES_minus_SPX_pct_5_per_ESvol,ES_minus_SPX,5,True,ES_fwd_ret_180,180,signed,0.0005167016268811781,0.0005167016268811781,1146644
SPX_pct_1_per_ESvol,SPX,1,True,ES_fwd_up_240,240,binary,-0.000515959902878958,0.000515959902878958,1113365
SPY_minus_SPX_pct_30_per_ESvol,SPY_minus_SPX,30,True,ES_fwd_ret_60,60,signed,-0.0005158746738631528,0.0005158746738631528,1171246
ES_minus_SPY_pct_45,ES_minus_SPY,45,False,ES_fwd_up_240,240,binary,-0.0005136756275270179,0.0005136756275270179,1104249
ES_minus_SPX_pct_5_per_ESvol,ES_minus_SPX,5,True,ES_fwd_up_60,60,binary,0.0005124952503683194,0.0005124952503683194,1139870
ES_minus_SPX_pct_5,ES_minus_SPX,5,False,ES_fwd_up_360,360,binary,-0.0005112931042227284,0.0005112931042227284,1087081
ES_pct_1_per_ESvol,ES,1,True,ES_fwd_ret_240,240,signed,-0.0005082406072708876,0.0005082406072708876,1132150
ES_minus_SPY_pct_180,ES_minus_SPY,180,False,ES_fwd_up_180,180,binary,0.0005059402816666142,0.0005059402816666142,1081900
SPY_minus_SPX_pct_1_per_ESvol,SPY_minus_SPX,1,True,ES_fwd_ret_60,60,signed,-0.0005056970939783136,0.0005056970939783136,1178757
SPX_pct_90_per_ESvol,SPX,90,True,ES_fwd_ret_60,60,signed,-0.0005031833328239971,0.0005031833328239971,1155706
ES_minus_SPY_pct_300_per_ESvol,ES_minus_SPY,300,True,ES_fwd_ret_12,12,signed,-0.0004998400314897463,0.0004998400314897463,1113749
ES_minus_SPX_pct_20,ES_minus_SPX,20,False,ES_fwd_ret_360,360,signed,-0.0004998101956646137,0.0004998101956646137,1115604
SPY_minus_SPX_pct_3,SPY_minus_SPX,3,False,ES_fwd_up_60,60,binary,-0.000498565569548827,0.000498565569548827,1142518
ES_minus_SPX_pct_5_per_ESvol,ES_minus_SPX,5,True,ES_fwd_up_120,120,binary,0.0004970180373905193,0.0004970180373905193,1134909
ES_pct_60,ES,60,False,ES_fwd_up_360,360,binary,-0.0004967385418992741,0.0004967385418992741,1072973
ES_minus_SPX_pct_2,ES_minus_SPX,2,False,ES_fwd_ret_360,360,signed,-0.0004947208778075687,0.0004947208778075687,1120338
ES_minus_SPY_pct_45_per_ESvol,ES_minus_SPY,45,True,ES_fwd_up_180,180,binary,0.0004945829919517813,0.0004945829919517813,1114307
ES_minus_SPY_pct_120_per_ESvol,ES_minus_SPY,120,True,ES_fwd_ret_360,360,signed,0.000492546448534559,0.000492546448534559,1070281
SPY_pct_300_per_ESvol,SPY,300,True,ES_fwd_up_240,240,binary,-0.0004909437908840264,0.0004909437908840264,1036618
ES_minus_SPX_pct_1,ES_minus_SPX,1,False,ES_fwd_ret_240,240,signed,-0.00048421812855480625,0.00048421812855480625,1152161
ES_pct_3_per_ESvol,ES,3,True,ES_fwd_up_240,240,binary,-0.00048345229535769364,0.00048345229535769364,1112852
SPY_minus_SPX_pct_1,SPY_minus_SPX,1,False,ES_fwd_ret_240,240,signed,-0.0004831076315828895,0.0004831076315828895,1152161
SPX_pct_45,SPX,45,False,ES_fwd_ret_240,240,signed,0.00048080537570437126,0.00048080537570437126,1140589
ES_minus_SPX_pct_120,ES_minus_SPX,120,False,ES_fwd_ret_360,360,signed,-0.0004795835038682485,0.0004795835038682485,1089304
ES_minus_SPY_pct_1_per_ESvol,ES_minus_SPY,1,True,ES_fwd_ret_60,60,signed,-0.00047774703468371103,0.00047774703468371103,1178757
ES_minus_SPX_pct_45_per_ESvol,ES_minus_SPX,45,True,ES_fwd_up_120,120,binary,-0.0004769915467119868,0.0004769915467119868,1124709
ES_pct_180,ES,180,False,ES_fwd_ret_180,180,signed,0.00047604283668555583,0.00047604283668555583,1120864
SPY_pct_60,SPY,60,False,ES_fwd_up_360,360,binary,-0.0004738651454727933,0.0004738651454727933,1072973
ES_minus_SPY_pct_5_per_ESvol,ES_minus_SPY,5,True,ES_fwd_up_180,180,binary,0.000468480434302087,0.000468480434302087,1124548
ES_minus_SPY_pct_3_per_ESvol,ES_minus_SPY,3,True,ES_fwd_ret_60,60,signed,-0.0004682268660976821,0.0004682268660976821,1178239
ES_minus_SPY_pct_2_per_ESvol,ES_minus_SPY,2,True,ES_fwd_up_60,60,binary,-0.00046448671888245,0.00046448671888245,1140637
SPY_minus_SPX_pct_2_per_ESvol,SPY_minus_SPX,2,True,ES_fwd_up_60,60,binary,0.0004642886406572418,0.0004642886406572418,1140637
SPY_pct_180_per_ESvol,SPY,180,True,ES_fwd_up_180,180,binary,-0.0004640253919287091,0.0004640253919287091,1079711
ES_minus_SPY_pct_1_per_ESvol,ES_minus_SPY,1,True,ES_fwd_up_12,12,binary,-0.00046274831708455834,0.00046274831708455834,1103634
SPY_minus_SPX_pct_30,SPY_minus_SPX,30,False,ES_fwd_ret_360,360,signed,-0.0004627482120793194,0.0004627482120793194,1112974
SPX_pct_3_per_ESvol,SPX,3,True,ES_fwd_ret_240,240,signed,-0.0004615624648500872,0.0004615624648500872,1131632
ES_minus_SPY_pct_12,ES_minus_SPY,12,False,ES_fwd_up_360,360,binary,-0.000460541184654639,0.000460541184654639,1085287
ES_pct_1_per_ESvol,ES,1,True,ES_fwd_up_240,240,binary,0.00045898577173872693,0.00045898577173872693,1113365
ES_minus_SPY_pct_8_per_ESvol,ES_minus_SPY,8,True,ES_fwd_up_60,60,binary,0.00045874312470062326,0.00045874312470062326,1139102
ES_minus_SPX_pct_1_per_ESvol,ES_minus_SPX,1,True,ES_fwd_ret_360,360,signed,0.0004574920701429256,0.0004574920701429256,1101102
ES_minus_SPX_pct_1,ES_minus_SPX,1,False,ES_fwd_up_60,60,binary,-0.0004570557963087266,0.0004570557963087266,1143031
SPY_minus_SPX_pct_360,SPY_minus_SPX,360,False,ES_fwd_ret_240,240,signed,0.00045537415183854964,0.00045537415183854964,1057744
ES_minus_SPY_pct_2_per_ESvol,ES_minus_SPY,2,True,ES_fwd_ret_240,240,signed,0.0004535360096079154,0.0004535360096079154,1131891
ES_minus_SPY_pct_12,ES_minus_SPY,12,False,ES_fwd_ret_120,120,signed,-0.00045229845139752695,0.00045229845139752695,1180828
ES_minus_SPY_pct_45,ES_minus_SPY,45,False,ES_fwd_ret_360,360,signed,-0.00045048669152471596,0.00045048669152471596,1109029
ES_minus_SPX_pct_8_per_ESvol,ES_minus_SPX,8,True,ES_fwd_ret_60,60,signed,0.00045046210373821707,0.00045046210373821707,1176944
SPY_minus_SPX_pct_8_per_ESvol,SPY_minus_SPX,8,True,ES_fwd_up_60,60,binary,-0.00044879197447713357,0.00044879197447713357,1139102
ES_minus_SPX_pct_2_per_ESvol,ES_minus_SPX,2,True,ES_fwd_up_240,240,binary,-0.00044868485537317195,0.00044868485537317195,1113108
SPX_pct_240,SPX,240,False,ES_fwd_up_120,120,binary,0.0004482880082826471,0.0004482880082826471,1077039
ES_minus_SPX_pct_3,ES_minus_SPX,3,False,ES_fwd_ret_60,60,signed,-0.00044810396153938966,0.00044810396153938966,1198975
SPX_pct_2_per_ESvol,SPX,2,True,ES_fwd_up_120,120,binary,-0.00044634501876205914,0.00044634501876205914,1135671
SPY_minus_SPX_pct_180_per_ESvol,SPY_minus_SPX,180,True,ES_fwd_up_60,60,binary,0.00044607717145838814,0.00044607717145838814,1095311
SPY_minus_SPX_pct_120_per_ESvol,SPY_minus_SPX,120,True,ES_fwd_up_180,180,binary,0.0004458331955067184,0.0004458331955067184,1095057
ES_minus_SPY_pct_120_per_ESvol,ES_minus_SPY,120,True,ES_fwd_ret_12,12,signed,-0.0004452563772289931,0.0004452563772289931,1160368
SPY_minus_SPX_pct_2,SPY_minus_SPX,2,False,ES_fwd_ret_360,360,signed,-0.00044490586217052963,0.00044490586217052963,1120338
SPX_pct_240_per_ESvol,SPX,240,True,ES_fwd_up_60,60,binary,-0.00043854654927516094,0.00043854654927516094,1080039
ES_pct_3_per_ESvol,ES,3,True,ES_fwd_up_180,180,binary,-0.0004385225269487191,0.0004385225269487191,1125059
ES_minus_SPX_pct_1_per_ESvol,ES_minus_SPX,1,True,ES_fwd_up_180,180,binary,-0.0004384000921668639,0.0004384000921668639,1125568
ES_minus_SPX_pct_3_per_ESvol,ES_minus_SPX,3,True,ES_fwd_up_360,360,binary,0.0004383480006759876,0.0004383480006759876,1085425
SPY_minus_SPX_pct_8_per_ESvol,SPY_minus_SPX,8,True,ES_fwd_up_360,360,binary,-0.0004383305285971572,0.0004383305285971572,1084146
ES_minus_SPX_pct_90_per_ESvol,ES_minus_SPX,90,True,ES_fwd_ret_180,180,signed,-0.0004378680940381418,0.0004378680940381418,1124629
SPY_pct_180,SPY,180,False,ES_fwd_ret_180,180,signed,0.00043425183906449386,0.00043425183906449386,1120864
SPY_pct_3_per_ESvol,SPY,3,True,ES_fwd_ret_60,60,signed,-0.000432065634178958,0.000432065634178958,1178239
SPX_pct_5_per_ESvol,SPX,5,True,ES_fwd_ret_12,12,signed,-0.00043118512224089785,0.00043118512224089785,1190153
ES_minus_SPY_pct_20_per_ESvol,ES_minus_SPY,20,True,ES_fwd_ret_12,12,signed,-0.00042934112753775636,0.00042934112753775636,1186268
SPY_minus_SPX_pct_30_per_ESvol,SPY_minus_SPX,30,True,ES_fwd_up_120,120,binary,-0.0004256927908519384,0.0004256927908519384,1128530
ES_minus_SPX_pct_8_per_ESvol,ES_minus_SPX,8,True,ES_fwd_up_120,120,binary,-0.00042494802943045175,0.00042494802943045175,1134142
ES_minus_SPY_pct_20,ES_minus_SPY,20,False,ES_fwd_ret_360,360,signed,-0.0004242253071775428,0.0004242253071775428,1115604
ES_minus_SPX_pct_12_per_ESvol,ES_minus_SPX,12,True,ES_fwd_up_60,60,binary,-0.0004236989928885791,0.0004236989928885791,1138071
SPY_minus_SPX_pct_12_per_ESvol,SPY_minus_SPX,12,True,ES_fwd_up_360,360,binary,-0.0004233170785410567,0.0004233170785410567,1083120
ES_minus_SPX_pct_120_per_ESvol,ES_minus_SPX,120,True,ES_fwd_up_60,60,binary,-0.0004212275242451694,0.0004212275242451694,1110614
ES_minus_SPY_pct_1_per_ESvol,ES_minus_SPY,1,True,ES_fwd_up_60,60,binary,0.00042008691818673987,0.00042008691818673987,1140894
ES_minus_SPY_pct_12,ES_minus_SPY,12,False,ES_fwd_up_180,180,binary,0.0004197939916000662,0.0004197939916000662,1124940
ES_minus_SPX_pct_8_per_ESvol,ES_minus_SPX,8,True,ES_fwd_ret_180,180,signed,-0.000419639361347518,0.000419639361347518,1145867
SPY_minus_SPX_pct_12_per_ESvol,SPY_minus_SPX,12,True,ES_fwd_ret_12,12,signed,0.00041711144884789967,0.00041711144884789967,1188340
ES_minus_SPX_pct_1,ES_minus_SPX,1,False,ES_fwd_ret_360,360,signed,-0.0004124680953235742,0.0004124680953235742,1120601
ES_pct_300_per_ESvol,ES,300,True,ES_fwd_up_60,60,binary,0.0004092475770199388,0.0004092475770199388,1064789
SPY_minus_SPX_pct_5_per_ESvol,SPY_minus_SPX,5,True,ES_fwd_ret_360,360,signed,0.000408879653378956,0.000408879653378956,1100066
SPY_pct_3_per_ESvol,SPY,3,True,ES_fwd_ret_12,12,signed,0.0004088454490574596,0.0004088454490574596,1190671
ES_minus_SPY_pct_60,ES_minus_SPY,60,False,ES_fwd_ret_360,360,signed,-0.0004085324050641794,0.0004085324050641794,1105084
ES_minus_SPY_pct_8,ES_minus_SPY,8,False,ES_fwd_up_120,120,binary,-0.00040834747549064955,0.00040834747549064955,1136313
ES_minus_SPX_pct_8_per_ESvol,ES_minus_SPX,8,True,ES_fwd_up_360,360,binary,0.00040715965715611423,0.00040715965715611423,1084146
SPX_pct_360_per_ESvol,SPX,360,True,ES_fwd_up_60,60,binary,-0.00040621429685848046,0.00040621429685848046,1049541
ES_minus_SPX_pct_20_per_ESvol,ES_minus_SPX,20,True,ES_fwd_ret_240,240,signed,-0.0004039772812468804,0.0004039772812468804,1127229
ES_minus_SPX_pct_8,ES_minus_SPX,8,False,ES_fwd_ret_60,60,signed,-0.0004025816434332562,0.0004025816434332562,1197660
ES_minus_SPX_pct_5_per_ESvol,ES_minus_SPX,5,True,ES_fwd_ret_12,12,signed,0.000400859376499549,0.000400859376499549,1190153
ES_minus_SPY_pct_8,ES_minus_SPY,8,False,ES_fwd_ret_12,12,signed,-0.00039956256395922096,0.00039956256395922096,1210284
ES_minus_SPY_pct_1,ES_minus_SPY,1,False,ES_fwd_up_180,180,binary,0.0003989075119676249,0.0003989075119676249,1127757
SPX_pct_1_per_ESvol,SPX,1,True,ES_fwd_ret_60,60,signed,0.00039851051219406877,0.00039851051219406877,1178757
SPY_minus_SPX_pct_1,SPY_minus_SPX,1,False,ES_fwd_ret_360,360,signed,-0.0003959817361184127,0.0003959817361184127,1120601
SPX_pct_20_per_ESvol,SPX,20,True,ES_fwd_ret_120,120,signed,-0.0003952292273905033,0.0003952292273905033,1158296
SPY_minus_SPX_pct_2,SPY_minus_SPX,2,False,ES_fwd_up_120,120,binary,-0.00039521741622552037,0.00039521741622552037,1137842
ES_minus_SPX_pct_1_per_ESvol,ES_minus_SPX,1,True,ES_fwd_up_60,60,binary,0.00039429730918287933,0.00039429730918287933,1140894
SPY_minus_SPX_pct_60_per_ESvol,SPY_minus_SPX,60,True,ES_fwd_ret_360,360,signed,0.0003941918683321285,0.0003941918683321285,1085821
ES_minus_SPY_pct_120_per_ESvol,ES_minus_SPY,120,True,ES_fwd_up_360,360,binary,0.00039359361473942703,0.00039359361473942703,1055359
SPY_minus_SPX_pct_1_per_ESvol,SPY_minus_SPX,1,True,ES_fwd_up_360,360,binary,0.00039079809072375114,0.00039079809072375114,1085939
ES_pct_180_per_ESvol,ES,180,True,ES_fwd_up_240,240,binary,0.0003904605265028151,0.0003904605265028151,1067375
SPY_pct_3_per_ESvol,SPY,3,True,ES_fwd_ret_180,180,signed,-0.000389705699993988,0.000389705699993988,1147162
ES_minus_SPX_pct_2,ES_minus_SPX,2,False,ES_fwd_up_120,120,binary,-0.0003881125795140827,0.0003881125795140827,1137842
SPY_minus_SPX_pct_30_per_ESvol,SPY_minus_SPX,30,True,ES_fwd_ret_360,360,signed,-0.00038761958841835974,0.00038761958841835974,1093591
ES_minus_SPY_pct_180,ES_minus_SPY,180,False,ES_fwd_ret_12,12,signed,-0.00038427183841031377,0.00038427183841031377,1165048
ES_minus_SPX_pct_300,ES_minus_SPX,300,False,ES_fwd_ret_12,12,signed,-0.0003834828997033522,0.0003834828997033522,1133488
SPY_minus_SPX_pct_2_per_ESvol,SPY_minus_SPX,2,True,ES_fwd_ret_12,12,signed,-0.0003832517314381101,0.0003832517314381101,1190930
ES_minus_SPY_pct_300_per_ESvol,ES_minus_SPY,300,True,ES_fwd_up_12,12,binary,-0.0003805699567916557,0.0003805699567916557,1029338
ES_minus_SPX_pct_30_per_ESvol,ES_minus_SPX,30,True,ES_fwd_up_120,120,binary,-0.00037962337038754496,0.00037962337038754496,1128530
ES_minus_SPX_pct_12_per_ESvol,ES_minus_SPX,12,True,ES_fwd_ret_60,60,signed,-0.00037390453135625407,0.00037390453135625407,1175908
ES_minus_SPY_pct_90_per_ESvol,ES_minus_SPY,90,True,ES_fwd_ret_120,120,signed,-0.00037374315724152015,0.00037374315724152015,1140166
ES_minus_SPY_pct_45_per_ESvol,ES_minus_SPY,45,True,ES_fwd_ret_120,120,signed,-0.00037304001219347615,0.00037304001219347615,1151821
SPY_minus_SPX_pct_3_per_ESvol,SPY_minus_SPX,3,True,ES_fwd_ret_60,60,signed,0.00037303124388195734,0.00037303124388195734,1178239
SPY_minus_SPX_pct_90_per_ESvol,SPY_minus_SPX,90,True,ES_fwd_up_60,60,binary,-0.00037061168639496725,0.00037061168639496725,1118242
SPX_pct_12_per_ESvol,SPX,12,True,ES_fwd_ret_120,120,signed,-0.00036767688591987603,0.00036767688591987603,1160368
ES_minus_SPY_pct_180,ES_minus_SPY,180,False,ES_fwd_ret_180,180,signed,0.0003671701562505359,0.0003671701562505359,1120864
ES_minus_SPY_pct_90_per_ESvol,ES_minus_SPY,90,True,ES_fwd_up_180,180,binary,0.00036560793712941736,0.00036560793712941736,1102764
SPX_pct_240_per_ESvol,SPX,240,True,ES_fwd_up_180,180,binary,-0.0003643670865590319,0.0003643670865590319,1064312
SPX_pct_90_per_ESvol,SPX,90,True,ES_fwd_up_360,360,binary,-0.0003641010176233253,0.0003641010176233253,1063084
SPY_pct_2_per_ESvol,SPY,2,True,ES_fwd_up_60,60,binary,-0.0003629733842559668,0.0003629733842559668,1140637
ES_minus_SPY_pct_120,ES_minus_SPY,120,False,ES_fwd_ret_180,180,signed,0.00036110191355922345,0.00036110191355922345,1136644
SPX_pct_240_per_ESvol,SPX,240,True,ES_fwd_up_120,120,binary,-0.0003609337764883983,0.0003609337764883983,1074869
ES_minus_SPY_pct_3,ES_minus_SPY,3,False,ES_fwd_ret_60,60,signed,-0.000360217688233073,0.000360217688233073,1198975
ES_minus_SPY_pct_20_per_ESvol,ES_minus_SPY,20,True,ES_fwd_up_120,120,binary,-0.0003573811649220976,0.0003573811649220976,1131084
ES_minus_SPX_pct_120_per_ESvol,ES_minus_SPX,120,True,ES_fwd_up_12,12,binary,-0.0003560601072251219,0.0003560601072251219,1074021
ES_pct_3_per_ESvol,ES,3,True,ES_fwd_ret_12,12,signed,0.00035301516559948284,0.00035301516559948284,1190671
ES_pct_300_per_ESvol,ES,300,True,ES_fwd_up_240,240,binary,-0.0003509897985095613,0.0003509897985095613,1036618
ES_minus_SPY_pct_12,ES_minus_SPY,12,False,ES_fwd_ret_360,360,signed,-0.00034969824962146067,0.00034969824962146067,1117708
ES_pct_1_per_ESvol,ES,1,True,ES_fwd_up_120,120,binary,-0.00034795067123590825,0.00034795067123590825,1135927
ES_minus_SPY_pct_300,ES_minus_SPY,300,False,ES_fwd_ret_120,120,signed,-0.00034477018442226283,0.00034477018442226283,1105084
ES_minus_SPY_pct_8,ES_minus_SPY,8,False,ES_fwd_ret_60,60,signed,-0.00034438329696954485,0.00034438329696954485,1197660
SPY_minus_SPX_pct_1,SPY_minus_SPX,1,False,ES_fwd_up_60,60,binary,-0.00034242782491268804,0.00034242782491268804,1143031
SPY_minus_SPX_pct_45_per_ESvol,SPY_minus_SPX,45,True,ES_fwd_up_360,360,binary,0.0003408146878953214,0.0003408146878953214,1074658
ES_minus_SPX_pct_3_per_ESvol,ES_minus_SPX,3,True,ES_fwd_up_240,240,binary,0.00033854188578368667,0.00033854188578368667,1112852
ES_minus_SPY_pct_8_per_ESvol,ES_minus_SPY,8,True,ES_fwd_ret_60,60,signed,0.00033505255719604507,0.00033505255719604507,1176944
SPY_minus_SPX_pct_8_per_ESvol,SPY_minus_SPX,8,True,ES_fwd_ret_12,12,signed,0.00033252119982063,0.00033252119982063,1189376
ES_minus_SPY_pct_90,ES_minus_SPY,90,False,ES_fwd_ret_120,120,signed,-0.0003322011435087524,0.0003322011435087524,1160314
ES_minus_SPY_pct_180_per_ESvol,ES_minus_SPY,180,True,ES_fwd_up_12,12,binary,-0.00033134784197650616,0.00033134784197650616,1059107
ES_minus_SPY_pct_5,ES_minus_SPY,5,False,ES_fwd_ret_60,60,signed,-0.0003304310759687441,0.0003304310759687441,1198449
ES_minus_SPY_pct_360_per_ESvol,ES_minus_SPY,360,True,ES_fwd_up_12,12,binary,0.0003295146809566377,0.0003295146809566377,1014572
ES_minus_SPX_pct_180_per_ESvol,ES_minus_SPX,180,True,ES_fwd_ret_12,12,signed,-0.000328756650893997,0.000328756650893997,1144828
SPY_minus_SPX_pct_5,SPY_minus_SPX,5,False,ES_fwd_up_360,360,binary,-0.0003275821317393978,0.0003275821317393978,1087081
ES_minus_SPY_pct_20,ES_minus_SPY,20,False,ES_fwd_ret_240,240,signed,-0.00032710116483157645,0.00032710116483157645,1147164
ES_minus_SPY_pct_12_per_ESvol,ES_minus_SPY,12,True,ES_fwd_up_240,240,binary,0.0003267393368156658,0.0003267393368156658,1110536
SPY_minus_SPX_pct_3,SPY_minus_SPX,3,False,ES_fwd_up_180,180,binary,-0.00032559590345723315,0.00032559590345723315,1127248
ES_pct_3_per_ESvol,ES,3,True,ES_fwd_up_120,120,binary,-0.0003251892123901884,0.0003251892123901884,1135418
SPX_pct_2_per_ESvol,SPX,2,True,ES_fwd_ret_180,180,signed,-0.0003226364478907453,0.0003226364478907453,1147421
SPY_minus_SPX_pct_5,SPY_minus_SPX,5,False,ES_fwd_up_60,60,binary,-0.0003214845044568453,0.0003214845044568453,1142007
SPY_pct_2_per_ESvol,SPY,2,True,ES_fwd_ret_12,12,signed,-0.0003205339059719951,0.0003205339059719951,1190930
ES_pct_180_per_ESvol,ES,180,True,ES_fwd_up_180,180,binary,-0.00032000393088328286,0.00032000393088328286,1079711
ES_minus_SPX_pct_12,ES_minus_SPX,12,False,ES_fwd_ret_360,360,signed,-0.0003189710529910247,0.0003189710529910247,1117708
ES_minus_SPY_pct_45,ES_minus_SPY,45,False,ES_fwd_ret_12,12,signed,-0.00031749523454554303,0.00031749523454554303,1200553
SPX_pct_1_per_ESvol,SPX,1,True,ES_fwd_ret_12,12,signed,0.0003173080451931721,0.0003173080451931721,1191189
SPY_minus_SPX_pct_30_per_ESvol,SPY_minus_SPX,30,True,ES_fwd_up_360,360,binary,0.00031406136097162534,0.00031406136097162534,1078498
ES_minus_SPY_pct_240,ES_minus_SPY,240,False,ES_fwd_ret_12,12,signed,-0.00031308006934611845,0.00031308006934611845,1149268
SPY_pct_5_per_ESvol,SPY,5,True,ES_fwd_ret_12,12,signed,0.0003123794327600928,0.0003123794327600928,1190153
ES_minus_SPY_pct_20,ES_minus_SPY,20,False,ES_fwd_ret_12,12,signed,0.00031191558578167573,0.00031191558578167573,1207128
ES_minus_SPY_pct_1,ES_minus_SPY,1,False,ES_fwd_up_60,60,binary,-0.0003114646403962135,0.0003114646403962135,1143031
ES_minus_SPY_pct_1_per_ESvol,ES_minus_SPY,1,True,ES_fwd_ret_360,360,signed,0.00030992733980885086,0.00030992733980885086,1101102
SPY_minus_SPX_pct_3,SPY_minus_SPX,3,False,ES_fwd_ret_60,60,signed,-0.0003067556998476967,0.0003067556998476967,1198975
SPY_minus_SPX_pct_20,SPY_minus_SPX,20,False,ES_fwd_ret_360,360,signed,-0.00030430884433714197,0.00030430884433714197,1115604
ES_pct_300,ES,300,False,ES_fwd_up_60,60,binary,-0.00030342793701579785,0.00030342793701579785,1066925
ES_minus_SPY_pct_45,ES_minus_SPY,45,False,ES_fwd_up_180,180,binary,0.0003020050580190787,0.0003020050580190787,1116496
SPX_pct_240_per_ESvol,SPX,240,True,ES_fwd_up_240,240,binary,-0.00030075133835581644,0.00030075133835581644,1051983
ES_minus_SPX_pct_5,ES_minus_SPX,5,False,ES_fwd_ret_60,60,signed,-0.0002993204743140675,0.0002993204743140675,1198449
ES_minus_SPY_pct_2_per_ESvol,ES_minus_SPY,2,True,ES_fwd_ret_120,120,signed,0.0002968711115193795,0.0002968711115193795,1162958
ES_minus_SPY_pct_30_per_ESvol,ES_minus_SPY,30,True,ES_fwd_up_180,180,binary,0.0002956715824748201,0.0002956715824748201,1118140
ES_minus_SPY_pct_60,ES_minus_SPY,60,False,ES_fwd_ret_240,240,signed,-0.0002937178854012253,0.0002937178854012253,1136644
ES_minus_SPY_pct_1,ES_minus_SPY,1,False,ES_fwd_up_240,240,binary,0.0002928534485896488,0.0002928534485896488,1115560
ES_minus_SPY_pct_12,ES_minus_SPY,12,False,ES_fwd_up_240,240,binary,-0.0002921691612326463,0.0002921691612326463,1112731
ES_minus_SPX_pct_3_per_ESvol,ES_minus_SPX,3,True,ES_fwd_ret_12,12,signed,-0.0002921091253259353,0.0002921091253259353,1190671
ES_minus_SPY_pct_3_per_ESvol,ES_minus_SPY,3,True,ES_fwd_up_60,60,binary,-0.000288988359719682,0.000288988359719682,1140381
ES_minus_SPY_pct_1_per_ESvol,ES_minus_SPY,1,True,ES_fwd_ret_120,120,signed,-0.0002879753598209343,0.0002879753598209343,1163217
SPY_minus_SPX_pct_3_per_ESvol,SPY_minus_SPX,3,True,ES_fwd_ret_12,12,signed,-0.00028711979007174865,0.00028711979007174865,1190671
SPX_pct_3_per_ESvol,SPX,3,True,ES_fwd_up_120,120,binary,-0.00028655724840835487,0.00028655724840835487,1135418
ES_minus_SPY_pct_90,ES_minus_SPY,90,False,ES_fwd_up_180,180,binary,-0.0002845297219031796,0.0002845297219031796,1104953
ES_minus_SPY_pct_20_per_ESvol,ES_minus_SPY,20,True,ES_fwd_up_180,180,binary,0.0002833954338389976,0.0002833954338389976,1120694
SPY_pct_90_per_ESvol,SPY,90,True,ES_fwd_up_360,360,binary,-0.0002830415163282256,0.0002830415163282256,1063084
ES_minus_SPX_pct_5_per_ESvol,ES_minus_SPX,5,True,ES_fwd_up_180,180,binary,0.0002779941170400368,0.0002779941170400368,1124548
ES_minus_SPY_pct_120_per_ESvol,ES_minus_SPY,120,True,ES_fwd_up_60,60,binary,0.00027668163271377897,0.00027668163271377897,1110614
ES_minus_SPY_pct_1_per_ESvol,ES_minus_SPY,1,True,ES_fwd_up_120,120,binary,0.00027661208974771775,0.00027661208974771775,1135927
ES_minus_SPY_pct_5_per_ESvol,ES_minus_SPY,5,True,ES_fwd_up_360,360,binary,0.0002741508254486886,0.0002741508254486886,1084914
SPY_minus_SPX_pct_1_per_ESvol,SPY_minus_SPX,1,True,ES_fwd_up_240,240,binary,0.00026984865133516814,0.00026984865133516814,1113365
ES_minus_SPY_pct_12,ES_minus_SPY,12,False,ES_fwd_ret_180,180,signed,-0.0002674107645820571,0.0002674107645820571,1165048
SPY_pct_360_per_ESvol,SPY,360,True,ES_fwd_up_120,120,binary,-0.00026720604672165674,0.00026720604672165674,1044234
ES_minus_SPY_pct_2_per_ESvol,ES_minus_SPY,2,True,ES_fwd_ret_12,12,signed,0.0002645618064746468,0.0002645618064746468,1190930
ES_minus_SPY_pct_8,ES_minus_SPY,8,False,ES_fwd_ret_120,120,signed,-0.0002638162557883748,0.0002638162557883748,1181880
SPY_minus_SPX_pct_180,SPY_minus_SPX,180,False,ES_fwd_ret_240,240,signed,-0.00026332557341874924,0.00026332557341874924,1105084
ES_minus_SPY_pct_45,ES_minus_SPY,45,False,ES_fwd_ret_180,180,signed,-0.0002605012707338444,0.0002605012707338444,1156369
SPY_minus_SPX_pct_300,SPY_minus_SPX,300,False,ES_fwd_ret_12,12,signed,0.00026005429471702847,0.00026005429471702847,1133488
SPY_pct_300,SPY,300,False,ES_fwd_up_60,60,binary,-0.0002595232587656361,0.0002595232587656361,1066925
SPY_minus_SPX_pct_8,SPY_minus_SPX,8,False,ES_fwd_ret_60,60,signed,-0.00025801037937724325,0.00025801037937724325,1197660
SPY_minus_SPX_pct_45_per_ESvol,SPY_minus_SPX,45,True,ES_fwd_ret_360,360,signed,0.00025709236266374127,0.00025709236266374127,1089706
ES_minus_SPX_pct_3,ES_minus_SPX,3,False,ES_fwd_ret_360,360,signed,-0.00025379913226395383,0.00025379913226395383,1120075
ES_minus_SPY_pct_1_per_ESvol,ES_minus_SPY,1,True,ES_fwd_ret_12,12,signed,-0.0002534470562285191,0.0002534470562285191,1191189
SPY_minus_SPX_pct_5_per_ESvol,SPY_minus_SPX,5,True,ES_fwd_up_240,240,binary,-0.0002524362404967338,0.0002524362404967338,1112340
ES_pct_240_per_ESvol,ES,240,True,ES_fwd_up_240,240,binary,0.00025082638568226846,0.00025082638568226846,1051983
ES_minus_SPX_pct_120_per_ESvol,ES_minus_SPX,120,True,ES_fwd_ret_120,120,signed,-0.0002495534303582653,0.0002495534303582653,1132396
ES_minus_SPY_pct_2,ES_minus_SPY,2,False,ES_fwd_ret_180,180,signed,-0.00024934614462067753,0.00024934614462067753,1167678
ES_minus_SPX_pct_12_per_ESvol,ES_minus_SPX,12,True,ES_fwd_ret_240,240,signed,-0.00024911331303173066,0.00024911331303173066,1129301
SPX_pct_1_per_ESvol,SPX,1,True,ES_fwd_up_60,60,binary,0.00024847676489477585,0.00024847676489477585,1140894
ES_minus_SPY_pct_60,ES_minus_SPY,60,False,ES_fwd_ret_180,180,signed,-0.00024798340566364733,0.00024798340566364733,1152424
SPY_minus_SPX_pct_1_per_ESvol,SPY_minus_SPX,1,True,ES_fwd_up_120,120,binary,-0.0002479127482498645,0.0002479127482498645,1135927
ES_minus_SPY_pct_8,ES_minus_SPY,8,False,ES_fwd_up_240,240,binary,-0.00024724840928419675,0.00024724840928419675,1113761
SPY_minus_SPX_pct_8_per_ESvol,SPY_minus_SPX,8,True,ES_fwd_ret_60,60,signed,0.0002461542802828837,0.0002461542802828837,1176944
ES_pct_45,ES,45,False,ES_fwd_ret_240,240,signed,-0.0002455535802561525,0.0002455535802561525,1140589
SPY_minus_SPX_pct_5,SPY_minus_SPX,5,False,ES_fwd_up_180,180,binary,-0.0002453674067303461,0.0002453674067303461,1126737
ES_minus_SPY_pct_30,ES_minus_SPY,30,False,ES_fwd_up_180,180,binary,-0.0002448096674184002,0.0002448096674184002,1120329
SPY_pct_300_per_ESvol,SPY,300,True,ES_fwd_up_60,60,binary,0.00024340603217853874,0.00024340603217853874,1064789
ES_minus_SPX_pct_45_per_ESvol,ES_minus_SPX,45,True,ES_fwd_up_180,180,binary,0.00024029125031665676,0.00024029125031665676,1114307
ES_minus_SPX_pct_60_per_ESvol,ES_minus_SPX,60,True,ES_fwd_ret_240,240,signed,0.00023832609283342462,0.00023832609283342462,1116869
ES_minus_SPX_pct_3_per_ESvol,ES_minus_SPX,3,True,ES_fwd_up_180,180,binary,0.00023720468726647946,0.00023720468726647946,1125059
ES_minus_SPX_pct_8_per_ESvol,ES_minus_SPX,8,True,ES_fwd_ret_12,12,signed,-0.00023696414619592233,0.00023696414619592233,1189376
SPY_minus_SPX_pct_45_per_ESvol,SPY_minus_SPX,45,True,ES_fwd_up_240,240,binary,0.00023605284874930003,0.00023605284874930003,1102054
SPX_pct_60,SPX,60,False,ES_fwd_up_360,360,binary,-0.00023405267461792893,0.00023405267461792893,1072973
ES_minus_SPY_pct_240,ES_minus_SPY,240,False,ES_fwd_ret_240,240,signed,0.00023392295161828486,0.00023392295161828486,1089304
ES_minus_SPX_pct_3_per_ESvol,ES_minus_SPX,3,True,ES_fwd_ret_240,240,signed,0.00023315345903681406,0.00023315345903681406,1131632
ES_minus_SPY_pct_2,ES_minus_SPY,2,False,ES_fwd_ret_240,240,signed,-0.00023209744137593874,0.00023209744137593874,1151898
SPY_minus_SPX_pct_30_per_ESvol,SPY_minus_SPX,30,True,ES_fwd_ret_12,12,signed,0.00023182813338241452,0.00023182813338241452,1183678
ES_minus_SPX_pct_2,ES_minus_SPX,2,False,ES_fwd_up_360,360,binary,-0.00023115428602734505,0.00023115428602734505,1087847
SPY_minus_SPX_pct_2_per_ESvol,SPY_minus_SPX,2,True,ES_fwd_ret_60,60,signed,-0.0002293596480626543,0.0002293596480626543,1178498
ES_pct_3_per_ESvol,ES,3,True,ES_fwd_ret_240,240,signed,-0.00022506962714109347,0.00022506962714109347,1131632
ES_minus_SPY_pct_2,ES_minus_SPY,2,False,ES_fwd_up_360,360,binary,-0.00022458802957337132,0.00022458802957337132,1087847
ES_minus_SPY_pct_360,ES_minus_SPY,360,False,ES_fwd_ret_120,120,signed,0.00022372861458881755,0.00022372861458881755,1089304
SPY_pct_45,SPY,45,False,ES_fwd_ret_240,240,signed,-0.0002213876806085177,0.0002213876806085177,1140589
ES_minus_SPY_pct_45,ES_minus_SPY,45,False,ES_fwd_up_120,120,binary,-0.00022070040318479295,0.00022070040318479295,1126880
ES_minus_SPX_pct_2_per_ESvol,ES_minus_SPX,2,True,ES_fwd_ret_60,60,signed,-0.00022047628707310346,0.00022047628707310346,1178498
ES_minus_SPY_pct_300,ES_minus_SPY,300,False,ES_fwd_ret_180,180,signed,0.00022023275913249268,0.00022023275913249268,1089304
ES_minus_SPY_pct_1,ES_minus_SPY,1,False,ES_fwd_ret_60,60,signed,-0.00021900295668581609,0.00021900295668581609,1199501
SPY_minus_SPX_pct_3,SPY_minus_SPX,3,False,ES_fwd_ret_360,360,signed,-0.00021755523494228817,0.00021755523494228817,1120075
ES_minus_SPY_pct_12,ES_minus_SPY,12,False,ES_fwd_ret_240,240,signed,-0.00021739695917657285,0.00021739695917657285,1149268
ES_minus_SPY_pct_120,ES_minus_SPY,120,False,ES_fwd_up_240,240,binary,-0.0002157931855107215,0.0002157931855107215,1084999
ES_minus_SPX_pct_3_per_ESvol,ES_minus_SPX,3,True,ES_fwd_up_60,60,binary,-0.00021368945266841426,0.00021368945266841426,1140381
SPY_pct_1_per_ESvol,SPY,1,True,ES_fwd_up_60,60,binary,0.00021112615462107184,0.00021112615462107184,1140894
ES_minus_SPY_pct_5_per_ESvol,ES_minus_SPY,5,True,ES_fwd_up_240,240,binary,0.00021013928367492437,0.00021013928367492437,1112340
SPY_minus_SPX_pct_45_per_ESvol,SPY_minus_SPX,45,True,ES_fwd_ret_240,240,signed,-0.00020980860272795977,0.00020980860272795977,1120754
ES_minus_SPX_pct_180,ES_minus_SPX,180,False,ES_fwd_ret_240,240,signed,-0.00020956202920495835,0.00020956202920495835,1105084
ES_minus_SPX_pct_8,ES_minus_SPX,8,False,ES_fwd_ret_360,360,signed,-0.00020734956449733712,0.00020734956449733712,1118760
SPY_minus_SPX_pct_1_per_ESvol,SPY_minus_SPX,1,True,ES_fwd_ret_360,360,signed,0.00020590406631527358,0.00020590406631527358,1101102
ES_minus_SPY_pct_2,ES_minus_SPY,2,False,ES_fwd_up_180,180,binary,0.00020548831397443427,0.00020548831397443427,1127502
ES_minus_SPY_pct_8,ES_minus_SPY,8,False,ES_fwd_ret_360,360,signed,-0.00020358182261172384,0.00020358182261172384,1118760
ES_minus_SPY_pct_90,ES_minus_SPY,90,False,ES_fwd_ret_240,240,signed,-0.00020324100435525268,0.00020324100435525268,1128754
SPY_pct_180_per_ESvol,SPY,180,True,ES_fwd_up_240,240,binary,0.0002021739196179494,0.0002021739196179494,1067375
ES_minus_SPY_pct_240,ES_minus_SPY,240,False,ES_fwd_ret_60,60,signed,-0.0002013286888305035,0.0002013286888305035,1136644
ES_minus_SPY_pct_8,ES_minus_SPY,8,False,ES_fwd_ret_240,240,signed,-0.00019968084325370274,0.00019968084325370274,1150320
ES_minus_SPX_pct_3_per_ESvol,ES_minus_SPX,3,True,ES_fwd_ret_360,360,signed,0.00019852339249805273,0.00019852339249805273,1100584
SPY_minus_SPX_pct_240_per_ESvol,SPY_minus_SPX,240,True,ES_fwd_up_12,12,binary,0.00019821443702868665,0.00019821443702868665,1044232
ES_minus_SPY_pct_180,ES_minus_SPY,180,False,ES_fwd_up_12,12,binary,-0.00019725522275266394,0.00019725522275266394,1061080
ES_minus_SPX_pct_3,ES_minus_SPX,3,False,ES_fwd_up_360,360,binary,-0.00018990037740737508,0.00018990037740737508,1087592
ES_minus_SPY_pct_45,ES_minus_SPY,45,False,ES_fwd_ret_240,240,signed,-0.00018789315687097168,0.00018789315687097168,1140589
ES_minus_SPY_pct_12,ES_minus_SPY,12,False,ES_fwd_ret_12,12,signed,0.00018662141670569552,0.00018662141670569552,1209232
ES_minus_SPY_pct_360_per_ESvol,ES_minus_SPY,360,True,ES_fwd_ret_12,12,signed,0.00018597130903946988,0.00018597130903946988,1098209
SPY_minus_SPX_pct_1,SPY_minus_SPX,1,False,ES_fwd_up_360,360,binary,-0.00018335223357840942,0.00018335223357840942,1088106
SPY_minus_SPX_pct_120_per_ESvol,SPY_minus_SPX,120,True,ES_fwd_ret_12,12,signed,0.0001774495482188768,0.0001774495482188768,1160368
ES_minus_SPY_pct_45_per_ESvol,ES_minus_SPY,45,True,ES_fwd_up_60,60,binary,-0.00017691728637853781,0.00017691728637853781,1129664
SPX_pct_180_per_ESvol,SPX,180,True,ES_fwd_up_240,240,binary,-0.0001741415195787139,0.0001741415195787139,1067375
ES_minus_SPY_pct_3_per_ESvol,ES_minus_SPY,3,True,ES_fwd_up_12,12,binary,-0.00017315298645616985,0.00017315298645616985,1103126
SPY_pct_1_per_ESvol,SPY,1,True,ES_fwd_up_240,240,binary,-0.00017248195126983682,0.00017248195126983682,1113365
ES_minus_SPY_pct_5,ES_minus_SPY,5,False,ES_fwd_up_180,180,binary,0.0001712276785077607,0.0001712276785077607,1126737
ES_minus_SPY_pct_2,ES_minus_SPY,2,False,ES_fwd_ret_360,360,signed,-0.00017078506588082064,0.00017078506588082064,1120338
SPY_minus_SPX_pct_60_per_ESvol,SPY_minus_SPX,60,True,ES_fwd_up_360,360,binary,-0.00017046494724236807,0.00017046494724236807,1070806
ES_minus_SPX_pct_5,ES_minus_SPX,5,False,ES_fwd_up_180,180,binary,-0.00016998412945232945,0.00016998412945232945,1126737
ES_minus_SPY_pct_120,ES_minus_SPY,120,False,ES_fwd_ret_120,120,signed,0.00016757371632061157,0.00016757371632061157,1152424
ES_minus_SPY_pct_30_per_ESvol,ES_minus_SPY,30,True,ES_fwd_ret_180,180,signed,0.00016518429388634733,0.00016518429388634733,1140169
ES_minus_SPX_pct_2_per_ESvol,ES_minus_SPX,2,True,ES_fwd_up_360,360,binary,-0.000164365757959591,0.000164365757959591,1085680
ES_minus_SPY_pct_3,ES_minus_SPY,3,False,ES_fwd_ret_240,240,signed,-0.00016415464793753735,0.00016415464793753735,1151635
ES_minus_SPY_pct_8,ES_minus_SPY,8,False,ES_fwd_ret_180,180,signed,-0.00016167617972640355,0.00016167617972640355,1166100
ES_minus_SPY_pct_180,ES_minus_SPY,180,False,ES_fwd_ret_60,60,signed,-0.00015994037866519825,0.00015994037866519825,1152424
ES_pct_5_per_ESvol,ES,5,True,ES_fwd_ret_12,12,signed,-0.00015909212496095914,0.00015909212496095914,1190153
SPY_minus_SPX_pct_5,SPY_minus_SPX,5,False,ES_fwd_ret_60,60,signed,-0.00015728596985933356,0.00015728596985933356,1198449
ES_minus_SPY_pct_240_per_ESvol,ES_minus_SPY,240,True,ES_fwd_ret_60,60,signed,0.00015638620585550284,0.00015638620585550284,1116857
ES_minus_SPY_pct_240,ES_minus_SPY,240,False,ES_fwd_up_12,12,binary,0.00015554015281622107,0.00015554015281622107,1046204
SPY_minus_SPX_pct_5_per_ESvol,SPY_minus_SPX,5,True,ES_fwd_up_12,12,binary,0.0001548777459542228,0.0001548777459542228,1102621
SPY_minus_SPX_pct_12,SPY_minus_SPX,12,False,ES_fwd_ret_360,360,signed,-0.00015487672657633612,0.00015487672657633612,1117708
SPY_minus_SPX_pct_3,SPY_minus_SPX,3,False,ES_fwd_up_360,360,binary,-0.00015281510398823078,0.00015281510398823078,1087592
ES_minus_SPY_pct_5_per_ESvol,ES_minus_SPY,5,True,ES_fwd_ret_60,60,signed,0.00015271936533692925,0.00015271936533692925,1177721
ES_minus_SPX_pct_360,ES_minus_SPX,360,False,ES_fwd_ret_120,120,signed,-0.0001508415294594526,0.0001508415294594526,1089304
SPY_minus_SPX_pct_2,SPY_minus_SPX,2,False,ES_fwd_up_360,360,binary,-0.00015017895000182346,0.00015017895000182346,1087847
ES_minus_SPY_pct_120,ES_minus_SPY,120,False,ES_fwd_ret_240,240,signed,-0.00014900372060616324,0.00014900372060616324,1120864
ES_minus_SPY_pct_2_per_ESvol,ES_minus_SPY,2,True,ES_fwd_ret_180,180,signed,0.00014685831016164686,0.00014685831016164686,1147421
ES_pct_120_per_ESvol,ES,120,True,ES_fwd_ret_12,12,signed,-0.00014649204649115497,0.00014649204649115497,1160368
ES_minus_SPX_pct_30_per_ESvol,ES_minus_SPX,30,True,ES_fwd_ret_360,360,signed,0.0001460198701722958,0.0001460198701722958,1093591
ES_minus_SPX_pct_180_per_ESvol,ES_minus_SPX,180,True,ES_fwd_up_12,12,binary,-0.00014281302212724818,0.00014281302212724818,1059107
SPY_pct_1_per_ESvol,SPY,1,True,ES_fwd_ret_60,60,signed,-0.0001423781133137292,0.0001423781133137292,1178757
ES_minus_SPY_pct_2,ES_minus_SPY,2,False,ES_fwd_up_240,240,binary,-0.0001390208322879789,0.0001390208322879789,1115303
ES_minus_SPX_pct_1,ES_minus_SPX,1,False,ES_fwd_up_360,360,binary,-0.00013580136296947537,0.00013580136296947537,1088106
ES_minus_SPY_pct_5,ES_minus_SPY,5,False,ES_fwd_ret_180,180,signed,-0.00013354820917514887,0.00013354820917514887,1166889
ES_minus_SPY_pct_3,ES_minus_SPY,3,False,ES_fwd_ret_180,180,signed,-0.00013339665639639346,0.00013339665639639346,1167415
SPX_pct_240_per_ESvol,SPX,240,True,ES_fwd_up_12,12,binary,-0.00013328295634670422,0.00013328295634670422,1044232
ES_minus_SPX_pct_3_per_ESvol,ES_minus_SPX,3,True,ES_fwd_up_120,120,binary,-0.0001322381941332755,0.0001322381941332755,1135418
SPX_pct_120_per_ESvol,SPX,120,True,ES_fwd_ret_12,12,signed,-0.00013181434703891088,0.00013181434703891088,1160368
ES_minus_SPY_pct_240,ES_minus_SPY,240,False,ES_fwd_ret_120,120,signed,0.0001312702120239185,0.0001312702120239185,1120864
ES_minus_SPY_pct_3_per_ESvol,ES_minus_SPY,3,True,ES_fwd_ret_120,120,signed,0.000130933129728363,0.000130933129728363,1162699
ES_minus_SPY_pct_1,ES_minus_SPY,1,False,ES_fwd_ret_180,180,signed,-0.00012936134607319103,0.00012936134607319103,1167941
ES_minus_SPY_pct_3,ES_minus_SPY,3,False,ES_fwd_up_120,120,binary,0.0001290660615264186,0.0001290660615264186,1137589
ES_minus_SPY_pct_8,ES_minus_SPY,8,False,ES_fwd_up_360,360,binary,-0.00012819254291809732,0.00012819254291809732,1086313
SPY_minus_SPX_pct_5_per_ESvol,SPY_minus_SPX,5,True,ES_fwd_up_360,360,binary,-0.00012816933405066278,0.00012816933405066278,1084914
ES_minus_SPY_pct_240,ES_minus_SPY,240,False,ES_fwd_ret_180,180,signed,-0.00012789939853779947,0.00012789939853779947,1105084
ES_pct_2_per_ESvol,ES,2,True,ES_fwd_ret_12,12,signed,-0.00012434281691299845,0.00012434281691299845,1190930
ES_minus_SPY_pct_5,ES_minus_SPY,5,False,ES_fwd_ret_120,120,signed,-0.00012383421779652888,0.00012383421779652888,1182669
ES_minus_SPX_pct_5,ES_minus_SPX,5,False,ES_fwd_ret_360,360,signed,-0.00012367250898010426,0.00012367250898010426,1119549
SPY_minus_SPX_pct_180_per_ESvol,SPY_minus_SPX,180,True,ES_fwd_ret_12,12,signed,0.0001227087949303269,0.0001227087949303269,1144828
SPY_pct_240_per_ESvol,SPY,240,True,ES_fwd_up_240,240,binary,0.0001197344469513463,0.0001197344469513463,1051983
SPY_minus_SPX_pct_8,SPY_minus_SPX,8,False,ES_fwd_ret_360,360,signed,-0.0001190002721890509,0.0001190002721890509,1118760
ES_minus_SPY_pct_3,ES_minus_SPY,3,False,ES_fwd_up_360,360,binary,-0.00011729851221788237,0.00011729851221788237,1087592
SPY_pct_240_per_ESvol,SPY,240,True,ES_fwd_up_12,12,binary,-0.0001158830863999363,0.0001158830863999363,1044232
ES_minus_SPY_pct_3,ES_minus_SPY,3,False,ES_fwd_ret_360,360,signed,-0.00011321379345377892,0.00011321379345377892,1120075
ES_minus_SPX_pct_2_per_ESvol,ES_minus_SPX,2,True,ES_fwd_ret_12,12,signed,-0.00011299363259916506,0.00011299363259916506,1190930
ES_minus_SPY_pct_240_per_ESvol,ES_minus_SPY,240,True,ES_fwd_ret_12,12,signed,-0.0001126327041221209,0.0001126327041221209,1129289
ES_minus_SPY_pct_60,ES_minus_SPY,60,False,ES_fwd_up_180,180,binary,-0.00011220487920639443,0.00011220487920639443,1112660
SPY_pct_240_per_ESvol,SPY,240,True,ES_fwd_up_60,60,binary,-0.00011072416339264813,0.00011072416339264813,1080039
SPY_pct_120_per_ESvol,SPY,120,True,ES_fwd_ret_12,12,signed,-0.00010998065451602092,0.00010998065451602092,1160368
ES_pct_240_per_ESvol,ES,240,True,ES_fwd_up_180,180,binary,0.00010847155285607518,0.00010847155285607518,1064312
ES_minus_SPY_pct_5,ES_minus_SPY,5,False,ES_fwd_ret_360,360,signed,-0.0001084480469331537,0.0001084480469331537,1119549
ES_minus_SPX_pct_3,ES_minus_SPX,3,False,ES_fwd_up_180,180,binary,-0.00010615848253391306,0.00010615848253391306,1127248
ES_pct_90_per_ESvol,ES,90,True,ES_fwd_up_12,12,binary,-0.00010589233760813177,0.00010589233760813177,1081453
ES_minus_SPX_pct_120_per_ESvol,ES_minus_SPX,120,True,ES_fwd_ret_12,12,signed,-0.00010162633837460558,0.00010162633837460558,1160368
SPY_minus_SPX_pct_2_per_ESvol,SPY_minus_SPX,2,True,ES_fwd_ret_360,360,signed,9.976461178233791e-05,9.976461178233791e-05,1100843
SPX_pct_2_per_ESvol,SPX,2,True,ES_fwd_ret_120,120,signed,-9.964955732998936e-05,9.964955732998936e-05,1162958
ES_minus_SPY_pct_2,ES_minus_SPY,2,False,ES_fwd_ret_120,120,signed,-9.951321103325159e-05,9.951321103325159e-05,1183458
ES_pct_360_per_ESvol,ES,360,True,ES_fwd_up_120,120,binary,-9.78819897537992e-05,9.78819897537992e-05,1044234
ES_pct_90_per_ESvol,ES,90,True,ES_fwd_up_360,360,binary,-9.74110899134502e-05,9.74110899134502e-05,1063084
ES_pct_360_per_ESvol,ES,360,True,ES_fwd_up_60,60,binary,9.597034074626176e-05,9.597034074626176e-05,1049541
SPY_minus_SPX_pct_20_per_ESvol,SPY_minus_SPX,20,True,ES_fwd_ret_360,360,signed,9.516198032373845e-05,9.516198032373845e-05,1096181
ES_minus_SPY_pct_1,ES_minus_SPY,1,False,ES_fwd_up_360,360,binary,9.272722261098223e-05,9.272722261098223e-05,1088106
ES_pct_3_per_ESvol,ES,3,True,ES_fwd_ret_120,120,signed,8.942507388067284e-05,8.942507388067284e-05,1162699
ES_minus_SPX_pct_8_per_ESvol,ES_minus_SPX,8,True,ES_fwd_up_60,60,binary,-8.763138398357484e-05,8.763138398357484e-05,1139102
ES_minus_SPY_pct_8_per_ESvol,ES_minus_SPY,8,True,ES_fwd_up_240,240,binary,8.708299958549554e-05,8.708299958549554e-05,1111566
ES_minus_SPX_pct_5_per_ESvol,ES_minus_SPX,5,True,ES_fwd_up_360,360,binary,8.70530899835555e-05,8.70530899835555e-05,1084914
ES_pct_240_per_ESvol,ES,240,True,ES_fwd_up_120,120,binary,8.603815809383246e-05,8.603815809383246e-05,1074869
ES_minus_SPY_pct_1,ES_minus_SPY,1,False,ES_fwd_ret_360,360,signed,-8.018164969876425e-05,8.018164969876425e-05,1120601
ES_minus_SPY_pct_5,ES_minus_SPY,5,False,ES_fwd_ret_240,240,signed,-8.014066534908293e-05,8.014066534908293e-05,1151109
SPY_minus_SPX_pct_90_per_ESvol,SPY_minus_SPX,90,True,ES_fwd_up_12,12,binary,-7.976158204523507e-05,7.976158204523507e-05,1081453
SPY_minus_SPX_pct_5,SPY_minus_SPX,5,False,ES_fwd_ret_360,360,signed,-7.962292124676491e-05,7.962292124676491e-05,1119549
ES_minus_SPY_pct_60,ES_minus_SPY,60,False,ES_fwd_up_120,120,binary,7.926775689828527e-05,7.926775689828527e-05,1123040
ES_minus_SPY_pct_1_per_ESvol,ES_minus_SPY,1,True,ES_fwd_up_180,180,binary,7.702065728914574e-05,7.702065728914574e-05,1125568
ES_minus_SPY_pct_180,ES_minus_SPY,180,False,ES_fwd_ret_240,240,signed,-7.646701001901165e-05,7.646701001901165e-05,1105084
SPY_minus_SPX_pct_3,SPY_minus_SPX,3,False,ES_fwd_up_120,120,binary,-7.507408183482079e-05,7.507408183482079e-05,1137589
SPY_minus_SPX_pct_5_per_ESvol,SPY_minus_SPX,5,True,ES_fwd_up_180,180,binary,-7.423064642605903e-05,7.423064642605903e-05,1124548
ES_pct_240_per_ESvol,ES,240,True,ES_fwd_up_12,12,binary,-7.386840634707616e-05,7.386840634707616e-05,1044232
ES_minus_SPY_pct_3,ES_minus_SPY,3,False,ES_fwd_up_240,240,binary,7.227663630170533e-05,7.227663630170533e-05,1115047
SPY_minus_SPX_pct_5_per_ESvol,SPY_minus_SPX,5,True,ES_fwd_ret_180,180,signed,7.017612982122757e-05,7.017612982122757e-05,1146644
ES_minus_SPX_pct_5_per_ESvol,ES_minus_SPX,5,True,ES_fwd_up_240,240,binary,-6.970014752613149e-05,6.970014752613149e-05,1112340
SPY_minus_SPX_pct_360,SPY_minus_SPX,360,False,ES_fwd_ret_60,60,signed,6.911009613086047e-05,6.911009613086047e-05,1105084
ES_minus_SPY_pct_20_per_ESvol,ES_minus_SPY,20,True,ES_fwd_ret_180,180,signed,6.90727165197739e-05,6.90727165197739e-05,1142759
SPX_pct_1_per_ESvol,SPX,1,True,ES_fwd_ret_120,120,signed,6.901348716938094e-05,6.901348716938094e-05,1163217
ES_minus_SPY_pct_90,ES_minus_SPY,90,False,ES_fwd_ret_180,180,signed,6.878563781573847e-05,6.878563781573847e-05,1144534
ES_minus_SPY_pct_5,ES_minus_SPY,5,False,ES_fwd_up_240,240,binary,-6.443835742934613e-05,6.443835742934613e-05,1114535
ES_minus_SPY_pct_1_per_ESvol,ES_minus_SPY,1,True,ES_fwd_ret_180,180,signed,6.230239676701115e-05,6.230239676701115e-05,1147680
SPY_minus_SPX_pct_45_per_ESvol,SPY_minus_SPX,45,True,ES_fwd_up_180,180,binary,-6.175723272789876e-05,6.175723272789876e-05,1114307
SPX_pct_180,SPX,180,False,ES_fwd_up_240,240,binary,-6.107677777831205e-05,6.107677777831205e-05,1069570
SPY_minus_SPX_pct_1,SPY_minus_SPX,1,False,ES_fwd_up_120,120,binary,-6.0568375006837066e-05,6.0568375006837066e-05,1138098
ES_minus_SPY_pct_20,ES_minus_SPY,20,False,ES_fwd_up_180,180,binary,-6.033819203599057e-05,6.033819203599057e-05,1122883
ES_minus_SPY_pct_2_per_ESvol,ES_minus_SPY,2,True,ES_fwd_ret_360,360,signed,-5.9589106160774915e-05,5.9589106160774915e-05,1100843
ES_minus_SPY_pct_1,ES_minus_SPY,1,False,ES_fwd_ret_240,240,signed,-5.57293456813155e-05,5.57293456813155e-05,1152161
ES_minus_SPY_pct_8,ES_minus_SPY,8,False,ES_fwd_up_180,180,binary,5.414863996783399e-05,5.414863996783399e-05,1125967
SPY_minus_SPX_pct_180_per_ESvol,SPY_minus_SPX,180,True,ES_fwd_up_12,12,binary,5.4042599026385016e-05,5.4042599026385016e-05,1059107
ES_minus_SPX_pct_3_per_ESvol,ES_minus_SPX,3,True,ES_fwd_ret_180,180,signed,5.3797998233141716e-05,5.3797998233141716e-05,1147162
SPY_pct_360_per_ESvol,SPY,360,True,ES_fwd_up_60,60,binary,-5.337103373869852e-05,5.337103373869852e-05,1049541
ES_minus_SPY_pct_1,ES_minus_SPY,1,False,ES_fwd_up_120,120,binary,5.1929749164805404e-05,5.1929749164805404e-05,1138098
ES_minus_SPY_pct_3_per_ESvol,ES_minus_SPY,3,True,ES_fwd_ret_12,12,signed,-5.031685433321092e-05,5.031685433321092e-05,1190671
ES_minus_SPX_pct_12_per_ESvol,ES_minus_SPX,12,True,ES_fwd_ret_360,360,signed,4.9674439333480165e-05,4.9674439333480165e-05,1098253
SPY_minus_SPX_pct_120_per_ESvol,SPY_minus_SPX,120,True,ES_fwd_up_12,12,binary,4.957791016655808e-05,4.957791016655808e-05,1074021
SPX_pct_2_per_ESvol,SPX,2,True,ES_fwd_ret_12,12,signed,-4.9349602084012764e-05,4.9349602084012764e-05,1190930
ES_minus_SPX_pct_1_per_ESvol,ES_minus_SPX,1,True,ES_fwd_up_120,120,binary,4.765004218329303e-05,4.765004218329303e-05,1135927
SPX_pct_90_per_ESvol,SPX,90,True,ES_fwd_up_12,12,binary,4.4731858823975304e-05,4.4731858823975304e-05,1081453
ES_pct_3_per_ESvol,ES,3,True,ES_fwd_ret_180,180,signed,4.3417992858674746e-05,4.3417992858674746e-05,1147162
SPX_pct_120,SPX,120,False,ES_fwd_ret_180,180,signed,-4.293967984553475e-05,4.293967984553475e-05,1136644
ES_minus_SPX_pct_1_per_ESvol,ES_minus_SPX,1,True,ES_fwd_ret_240,240,signed,-3.919904627822265e-05,3.919904627822265e-05,1132150
ES_minus_SPX_pct_2_per_ESvol,ES_minus_SPX,2,True,ES_fwd_ret_360,360,signed,3.683735690827584e-05,3.683735690827584e-05,1100843
ES_minus_SPX_pct_240_per_ESvol,ES_minus_SPX,240,True,ES_fwd_ret_12,12,signed,-3.663264159420204e-05,3.663264159420204e-05,1129289
ES_minus_SPY_pct_20_per_ESvol,ES_minus_SPY,20,True,ES_fwd_up_60,60,binary,3.6408157037430004e-05,3.6408157037430004e-05,1136034
ES_minus_SPX_pct_1,ES_minus_SPX,1,False,ES_fwd_up_120,120,binary,-3.580716850965334e-05,3.580716850965334e-05,1138098
ES_minus_SPX_pct_5_per_ESvol,ES_minus_SPX,5,True,ES_fwd_ret_120,120,signed,-3.557663202499886e-05,3.557663202499886e-05,1162181
ES_minus_SPX_pct_3_per_ESvol,ES_minus_SPX,3,True,ES_fwd_ret_60,60,signed,-3.361923277088463e-05,3.361923277088463e-05,1178239
SPY_pct_90_per_ESvol,SPY,90,True,ES_fwd_up_12,12,binary,3.324809947988892e-05,3.324809947988892e-05,1081453
SPY_minus_SPX_pct_240_per_ESvol,SPY_minus_SPX,240,True,ES_fwd_ret_12,12,signed,3.23452929753193e-05,3.23452929753193e-05,1129289
SPY_pct_240_per_ESvol,SPY,240,True,ES_fwd_up_180,180,binary,3.145632786642473e-05,3.145632786642473e-05,1064312
ES_minus_SPY_pct_2,ES_minus_SPY,2,False,ES_fwd_up_120,120,binary,-3.0423895396485557e-05,3.0423895396485557e-05,1137842
ES_minus_SPX_pct_360,ES_minus_SPX,360,False,ES_fwd_ret_360,360,signed,-2.947676454756862e-05,2.947676454756862e-05,1026184
ES_minus_SPX_pct_180,ES_minus_SPX,180,False,ES_fwd_up_360,360,binary,2.9227616562753845e-05,2.9227616562753845e-05,1042095
ES_minus_SPY_pct_5_per_ESvol,ES_minus_SPY,5,True,ES_fwd_up_120,120,binary,2.9082444523234506e-05,2.9082444523234506e-05,1134909
ES_minus_SPY_pct_5_per_ESvol,ES_minus_SPY,5,True,ES_fwd_ret_120,120,signed,-2.879746607164366e-05,2.879746607164366e-05,1162181
ES_pct_1_per_ESvol,ES,1,True,ES_fwd_up_360,360,binary,2.8674084701016014e-05,2.8674084701016014e-05,1085939
ES_minus_SPY_pct_360_per_ESvol,ES_minus_SPY,360,True,ES_fwd_ret_60,60,signed,2.852023549401243e-05,2.852023549401243e-05,1085777
ES_minus_SPY_pct_2_per_ESvol,ES_minus_SPY,2,True,ES_fwd_ret_60,60,signed,-2.7371028854023808e-05,2.7371028854023808e-05,1178498
ES_minus_SPY_pct_2_per_ESvol,ES_minus_SPY,2,True,ES_fwd_up_12,12,binary,2.7024273166073573e-05,2.7024273166073573e-05,1103381
SPY_pct_240_per_ESvol,SPY,240,True,ES_fwd_up_120,120,binary,-2.5992403875975796e-05,2.5992403875975796e-05,1074869
SPX_pct_300_per_ESvol,SPX,300,True,ES_fwd_up_60,60,binary,-2.5851737426027892e-05,2.5851737426027892e-05,1064789
SPY_pct_3_per_ESvol,SPY,3,True,ES_fwd_ret_120,120,signed,2.344336240611636e-05,2.344336240611636e-05,1162699
ES_minus_SPX_pct_3,ES_minus_SPX,3,False,ES_fwd_up_120,120,binary,-2.2135758442695042e-05,2.2135758442695042e-05,1137589
ES_minus_SPX_pct_8_per_ESvol,ES_minus_SPX,8,True,ES_fwd_ret_360,360,signed,2.1320906120217883e-05,2.1320906120217883e-05,1099289
ES_minus_SPX_pct_2_per_ESvol,ES_minus_SPX,2,True,ES_fwd_up_60,60,binary,2.0812515439992212e-05,2.0812515439992212e-05,1140637
SPY_minus_SPX_pct_5_per_ESvol,SPY_minus_SPX,5,True,ES_fwd_ret_240,240,signed,2.035165258623735e-05,2.035165258623735e-05,1131114
ES_minus_SPY_pct_20_per_ESvol,ES_minus_SPY,20,True,ES_fwd_up_240,240,binary,1.9454331453058617e-05,1.9454331453058617e-05,1108483
SPY_pct_180,SPY,180,False,ES_fwd_up_240,240,binary,1.8303359235095044e-05,1.8303359235095044e-05,1069570
SPY_minus_SPX_pct_5_per_ESvol,SPY_minus_SPX,5,True,ES_fwd_ret_120,120,signed,-1.6272545277017487e-05,1.6272545277017487e-05,1162181
ES_minus_SPY_pct_3,ES_minus_SPY,3,False,ES_fwd_ret_120,120,signed,-1.5230870905720792e-05,1.5230870905720792e-05,1183195
ES_minus_SPY_pct_1,ES_minus_SPY,1,False,ES_fwd_ret_120,120,signed,-1.436861103249322e-05,1.436861103249322e-05,1183721
SPY_minus_SPX_pct_3_per_ESvol,SPY_minus_SPX,3,True,ES_fwd_up_60,60,binary,1.0593346273958536e-05,1.0593346273958536e-05,1140381
SPY_minus_SPX_pct_360,SPY_minus_SPX,360,False,ES_fwd_ret_180,180,signed,-1.0587674907211624e-05,1.0587674907211624e-05,1073524
SPX_pct_3_per_ESvol,SPX,3,True,ES_fwd_ret_180,180,signed,9.086381953205308e-06,9.086381953205308e-06,1147162
ES_pct_240_per_ESvol,ES,240,True,ES_fwd_up_60,60,binary,-8.409161315277122e-06,8.409161315277122e-06,1080039
SPY_minus_SPX_pct_1_per_ESvol,SPY_minus_SPX,1,True,ES_fwd_up_60,60,binary,7.3381195061350386e-06,7.3381195061350386e-06,1140894
ES_minus_SPX_pct_12_per_ESvol,ES_minus_SPX,12,True,ES_fwd_ret_12,12,signed,5.579911560731665e-06,5.579911560731665e-06,1188340
SPY_minus_SPX_pct_180,SPY_minus_SPX,180,False,ES_fwd_ret_360,360,signed,5.034919859229643e-06,5.034919859229643e-06,1073524
ES_pct_180,ES,180,False,ES_fwd_up_240,240,binary,-1.4772929777763227e-06,1.4772929777763227e-06,1069570
ES_minus_SPY_pct_90,ES_minus_SPY,90,False,ES_fwd_ret_360,360,signed,1.3222720071315766e-06,1.3222720071315766e-06,1097194
ES_minus_SPY_pct_5_per_ESvol,ES_minus_SPY,5,True,ES_fwd_up_60,60,binary,-1.1160493603321723e-06,1.1160493603321723e-06,1139870
ES_minus_SPY_pct_30_per_ESvol,ES_minus_SPY,30,True,ES_fwd_up_120,120,binary,-8.25608755462402e-07,8.25608755462402e-07,1128530
